# G_3, p = 0.1000 GPa (dir_1000.0_bar).
# Isolated-8MR (not in any D8R): 192 rings x 101 frames = 19392 samples.
# Column: per-isolated-8MR Delta [A]
0.006491
0.078086
0.057647
0.451254
0.048373
0.447287
0.078002
0.057500
0.006563
0.048415
0.451220
0.447309
0.056811
0.006931
0.078249
0.049309
0.451100
0.447526
0.078241
0.006885
0.057277
0.451100
0.049384
0.447470
0.077848
0.056903
0.007072
0.451224
0.049395
0.447338
0.077712
0.007172
0.057224
0.451213
0.049350
0.447429
0.007148
0.057623
0.077526
0.048052
0.451026
0.447438
0.006956
0.057369
0.077784
0.451076
0.048403
0.447367
0.006244
0.078141
0.058150
0.048419
0.438031
0.450088
0.078302
0.058070
0.006043
0.048383
0.438120
0.450069
0.006174
0.058010
0.078447
0.438028
0.048682
0.450173
0.078254
0.006355
0.057824
0.438005
0.048656
0.450277
0.077280
0.057901
0.007406
0.437952
0.048450
0.450197
0.077205
0.007370
0.057912
0.048568
0.437950
0.450130
0.057994
0.007220
0.077394
0.437883
0.048292
0.450156
0.077046
0.058066
0.007419
0.437833
0.047788
0.450177
0.078425
0.006673
0.057554
0.445816
0.048887
0.437311
0.078055
0.007072
0.057664
0.445699
0.048521
0.437477
0.007303
0.057458
0.078304
0.048671
0.445481
0.437794
0.006970
0.057211
0.078569
0.445625
0.049082
0.437687
0.077902
0.057464
0.007334
0.445737
0.049158
0.437370
0.077935
0.057333
0.007501
0.048846
0.445628
0.437478
0.057421
0.007854
0.077752
0.048230
0.445449
0.437772
0.078277
0.007331
0.057624
0.445549
0.048439
0.437653
0.116108
0.048146
0.048023
0.115864
0.047803
0.115517
0.115873
0.047696
0.048039
0.116443
0.116087
0.047919
0.115990
0.047913
0.116372
0.048050
0.116715
0.048849
0.048604
0.116612
0.116502
0.048076
0.116517
0.048468
0.047984
0.116017
0.115918
0.048369
0.048793
0.115943
0.048633
0.116428
0.116520
0.048387
0.116414
0.048111
0.116328
0.048355
0.116443
0.048447
0.115524
0.048207
0.048445
0.115279
0.048106
0.115190
0.115212
0.048009
0.123251
0.078618
0.214513
0.389728
0.038972
0.390853
0.187921
0.071330
0.076826
0.145249
0.375103
0.361760
0.061277
0.062536
0.125381
0.064354
0.306077
0.326661
0.126341
0.066720
0.012656
0.450056
0.040541
0.409027
0.095425
0.124848
0.157152
0.545487
0.115270
0.490112
0.146202
0.082184
0.082383
0.453928
0.082021
0.290385
0.104828
0.061850
0.048426
0.141452
0.530120
0.419404
0.058000
0.064570
0.070668
0.435896
0.058087
0.486785
0.021365
0.073171
0.131281
0.142704
0.327125
0.358490
0.143591
0.136912
0.095288
0.085546
0.378322
0.440671
0.044559
0.114820
0.185875
0.582538
0.017653
0.495878
0.138502
0.128014
0.100074
0.448131
0.125681
0.454961
0.097904
0.115686
0.065753
0.528564
0.083583
0.556375
0.079496
0.121840
0.149930
0.115602
0.448281
0.375042
0.180571
0.155140
0.098537
0.447652
0.229544
0.493483
0.094762
0.017425
0.095415
0.379286
0.184156
0.530877
0.142219
0.156268
0.130159
0.381978
0.135182
0.541924
0.107725
0.020146
0.045661
0.421106
0.302269
0.375001
0.073628
0.096958
0.174674
0.119410
0.483988
0.366230
0.017370
0.105751
0.120923
0.372503
0.036466
0.361642
0.218992
0.101586
0.055286
0.515018
0.126746
0.352479
0.066430
0.025458
0.096866
0.069605
0.453546
0.336693
0.073668
0.036018
0.043440
0.092586
0.525592
0.250843
0.134032
0.151638
0.088416
0.410021
0.034769
0.414217
0.118517
0.162088
0.128567
0.139724
0.021127
0.008039
0.254003
0.184925
0.056479
0.043621
0.154320
0.145322
0.221431
0.046488
0.158411
0.147863
0.088036
0.128371
0.046410
0.181282
0.027303
0.084009
0.202344
0.092755
0.162048
0.183785
0.109689
0.114529
0.035680
0.102951
0.111183
0.162159
0.103285
0.091085
0.109437
0.210874
0.139567
0.091853
0.259836
0.063646
0.056799
0.048192
0.088549
0.160409
0.057460
0.144659
0.045631
0.081665
0.179787
0.094048
0.204320
0.464477
0.054583
0.418687
0.253003
0.162863
0.234578
0.203252
0.177796
0.383034
0.168501
0.074663
0.179459
0.120203
0.343437
0.222740
0.106907
0.081442
0.063365
0.353940
0.124515
0.430088
0.162294
0.211627
0.248167
0.401891
0.144266
0.553199
0.245987
0.020160
0.098032
0.617128
0.100269
0.219286
0.115687
0.156748
0.160022
0.160840
0.619233
0.397005
0.045044
0.040537
0.147113
0.380836
0.069993
0.517680
0.222819
0.185261
0.212049
0.236700
0.324717
0.374688
0.132893
0.204902
0.015210
0.104205
0.390680
0.410015
0.090762
0.181081
0.247774
0.584418
0.027450
0.416882
0.181125
0.249009
0.103351
0.487179
0.242655
0.529235
0.085890
0.245301
0.122309
0.606186
0.356297
0.571671
0.172090
0.275572
0.224817
0.291339
0.438684
0.315414
0.145073
0.340319
0.187430
0.440499
0.240972
0.498652
0.313109
0.157996
0.037662
0.276289
0.227533
0.492543
0.222004
0.295338
0.173931
0.440693
0.270057
0.583397
0.158561
0.152047
0.117621
0.463456
0.567767
0.520760
0.014970
0.240291
0.256888
0.198842
0.591931
0.349058
0.055271
0.123831
0.100119
0.294539
0.077293
0.353090
0.198383
0.160724
0.136952
0.462068
0.224768
0.417806
0.194672
0.123365
0.160335
0.137425
0.489043
0.314602
0.147897
0.056775
0.053044
0.175775
0.580964
0.484957
0.150235
0.229726
0.132865
0.387088
0.105663
0.524947
0.098873
0.195514
0.227766
0.016175
0.098557
0.154494
0.506880
0.233381
0.223808
0.096112
0.339591
0.306779
0.344025
0.142393
0.150322
0.208082
0.196456
0.158119
0.102809
0.275125
0.123785
0.102057
0.198321
0.200577
0.238828
0.307504
0.047475
0.157907
0.047779
0.085933
0.219450
0.127277
0.241772
0.077232
0.085371
0.236099
0.234799
0.193323
0.362630
0.050739
0.173569
0.097747
0.042657
0.163344
0.119294
0.131012
0.045389
0.268992
0.144455
0.067421
0.272572
0.463764
0.152916
0.457110
0.237476
0.219812
0.328954
0.114408
0.180146
0.397054
0.348125
0.089003
0.161215
0.145176
0.374640
0.252106
0.112030
0.211830
0.064997
0.354252
0.183377
0.425381
0.226593
0.188587
0.234960
0.212514
0.196380
0.617948
0.224620
0.108081
0.113222
0.663223
0.140497
0.075856
0.055334
0.235586
0.348411
0.163266
0.656803
0.381581
0.048860
0.121843
0.128632
0.316384
0.087406
0.561896
0.331399
0.177769
0.355973
0.213311
0.303141
0.499357
0.115330
0.150357
0.157934
0.069498
0.481266
0.395897
0.167750
0.187619
0.295488
0.534661
0.129621
0.340083
0.195634
0.281709
0.083092
0.540666
0.314839
0.536843
0.097132
0.277083
0.176654
0.659133
0.673368
0.535499
0.256591
0.320461
0.171641
0.293073
0.451823
0.353722
0.050956
0.432711
0.207316
0.403505
0.217840
0.433939
0.550555
0.327113
0.098027
0.371518
0.347132
0.437284
0.366501
0.317732
0.254764
0.526135
0.397885
0.595798
0.157096
0.310664
0.125542
0.667477
0.741514
0.690693
0.106142
0.360074
0.382614
0.213106
0.614406
0.430858
0.041711
0.146211
0.138718
0.268321
0.139181
0.507524
0.097491
0.124907
0.171303
0.362808
0.202817
0.521512
0.344299
0.221779
0.172749
0.120659
0.430910
0.425761
0.189923
0.137105
0.158894
0.109286
0.587171
0.525615
0.092196
0.217197
0.119329
0.304045
0.189963
0.588619
0.116103
0.237222
0.272581
0.134465
0.103180
0.158816
0.621894
0.196464
0.280248
0.238588
0.608322
0.404426
0.313896
0.235120
0.155962
0.215105
0.083180
0.210276
0.003402
0.341744
0.351457
0.191094
0.096296
0.320044
0.150779
0.385444
0.135528
0.382031
0.134754
0.215741
0.363936
0.157029
0.342057
0.074743
0.103750
0.170729
0.318318
0.262390
0.414592
0.118127
0.292271
0.128934
0.088664
0.127153
0.254814
0.171643
0.115341
0.338875
0.141611
0.025125
0.431677
0.375693
0.244061
0.415101
0.174777
0.058065
0.286595
0.137590
0.305508
0.412100
0.492990
0.238040
0.224137
0.254747
0.361678
0.356128
0.196495
0.279225
0.128072
0.478520
0.224559
0.458450
0.267201
0.220388
0.200332
0.143954
0.281179
0.627814
0.163444
0.104653
0.180340
0.612853
0.131793
0.097970
0.029027
0.235427
0.387273
0.187004
0.636664
0.440307
0.167643
0.194394
0.067082
0.376658
0.153237
0.578937
0.350829
0.144948
0.404203
0.156694
0.300722
0.573085
0.216475
0.287520
0.259431
0.268489
0.537699
0.449091
0.181144
0.129498
0.287919
0.534980
0.141523
0.374227
0.245063
0.285044
0.090799
0.499177
0.315940
0.600474
0.161902
0.250813
0.141305
0.587849
0.678601
0.385397
0.317287
0.306388
0.182614
0.146914
0.592440
0.420895
0.150961
0.558546
0.275044
0.444390
0.310120
0.415193
0.536918
0.282642
0.100079
0.493784
0.417397
0.400490
0.520425
0.188859
0.269728
0.491597
0.438805
0.612100
0.206740
0.354798
0.134855
0.736582
0.727034
0.646191
0.091727
0.476129
0.482815
0.198904
0.555352
0.537737
0.052018
0.079250
0.167110
0.253384
0.105623
0.620975
0.131107
0.218705
0.121469
0.379853
0.210070
0.486560
0.345698
0.298937
0.131558
0.121573
0.440971
0.455583
0.114390
0.260162
0.257925
0.102228
0.511715
0.521107
0.089026
0.123967
0.302410
0.258220
0.191179
0.577663
0.118875
0.242727
0.399827
0.182152
0.117079
0.219686
0.506692
0.203165
0.262256
0.275643
0.701810
0.456644
0.191629
0.258629
0.147073
0.216640
0.104633
0.149279
0.078146
0.341040
0.501961
0.133318
0.029114
0.472763
0.192974
0.354659
0.198727
0.512365
0.098781
0.298711
0.455129
0.137496
0.277858
0.047219
0.233999
0.173320
0.268512
0.177727
0.411784
0.302764
0.292435
0.068039
0.121914
0.128505
0.376447
0.272111
0.197438
0.343113
0.221248
0.082271
0.455831
0.294177
0.226233
0.370817
0.240299
0.087669
0.247938
0.131481
0.276760
0.388799
0.503382
0.414571
0.115497
0.223808
0.328624
0.410106
0.288453
0.222985
0.102669
0.578145
0.292691
0.445522
0.280387
0.197448
0.216365
0.290673
0.355296
0.653148
0.226662
0.210817
0.268196
0.567973
0.164158
0.163319
0.069556
0.276993
0.351767
0.338847
0.513844
0.476228
0.214266
0.228213
0.134548
0.258428
0.250622
0.544944
0.338286
0.102722
0.312732
0.150490
0.307607
0.452895
0.186402
0.369285
0.164194
0.326478
0.458267
0.429078
0.228094
0.055426
0.360536
0.536439
0.166444
0.393070
0.275553
0.229470
0.136356
0.491113
0.257093
0.656467
0.242097
0.204242
0.165183
0.581934
0.511510
0.288222
0.322991
0.334657
0.233494
0.216927
0.658114
0.499806
0.098805
0.618542
0.267635
0.447068
0.434329
0.479472
0.370962
0.165549
0.085492
0.409826
0.394989
0.395707
0.572349
0.186113
0.310590
0.444783
0.511126
0.628691
0.146069
0.427866
0.141389
0.625561
0.630522
0.614863
0.100560
0.398906
0.526661
0.231535
0.519911
0.595921
0.054846
0.226321
0.178263
0.323543
0.101581
0.677263
0.143099
0.224725
0.050423
0.486826
0.312536
0.530910
0.249691
0.292494
0.220819
0.109506
0.471378
0.474886
0.097030
0.376393
0.247242
0.218658
0.472692
0.515575
0.006074
0.155946
0.298658
0.275847
0.061372
0.585898
0.161610
0.252726
0.447600
0.156825
0.104287
0.369259
0.384609
0.282014
0.219026
0.310535
0.673741
0.481599
0.178552
0.242217
0.236472
0.188302
0.195679
0.067846
0.219767
0.373078
0.408349
0.093256
0.046686
0.603639
0.246569
0.236838
0.161860
0.468536
0.108363
0.303864
0.545773
0.082316
0.285031
0.096358
0.364595
0.354299
0.226915
0.111302
0.295276
0.285146
0.266077
0.147079
0.178803
0.130838
0.444176
0.247299
0.238629
0.418626
0.279739
0.261059
0.335566
0.340191
0.189152
0.335675
0.263007
0.184832
0.246937
0.159570
0.208045
0.419933
0.417798
0.516049
0.013915
0.181392
0.328301
0.363629
0.313615
0.121640
0.242525
0.574740
0.283064
0.496286
0.351870
0.181418
0.218226
0.370809
0.410149
0.685286
0.321228
0.283773
0.250997
0.527410
0.111467
0.154863
0.058966
0.305983
0.282142
0.526406
0.478469
0.448978
0.196203
0.141573
0.191785
0.204765
0.207392
0.518800
0.343120
0.161105
0.219625
0.094494
0.282521
0.321930
0.071184
0.423838
0.091274
0.264849
0.397245
0.437909
0.287137
0.024058
0.422275
0.460689
0.227839
0.416422
0.204640
0.145962
0.163025
0.518222
0.231546
0.623011
0.250953
0.187574
0.079319
0.540846
0.398446
0.290583
0.334476
0.421068
0.313725
0.344942
0.629998
0.606231
0.043187
0.586089
0.219378
0.457854
0.469772
0.463807
0.349232
0.153087
0.092330
0.336329
0.323003
0.397804
0.400464
0.356467
0.360871
0.488184
0.545962
0.718566
0.254156
0.481729
0.098685
0.529487
0.695182
0.618913
0.097108
0.323346
0.568404
0.394802
0.524250
0.750918
0.093559
0.072165
0.145514
0.316240
0.155361
0.667151
0.150423
0.264741
0.028376
0.468046
0.304078
0.500772
0.109050
0.233876
0.329409
0.084213
0.446533
0.454707
0.226850
0.436223
0.181588
0.302001
0.444766
0.430412
0.083020
0.097463
0.109433
0.231194
0.119912
0.624185
0.128664
0.268657
0.402463
0.140957
0.094607
0.477967
0.245686
0.342793
0.173075
0.305098
0.684023
0.490711
0.230491
0.228312
0.292762
0.128247
0.244341
0.044733
0.297108
0.451500
0.502418
0.139904
0.157243
0.592983
0.311626
0.225576
0.176501
0.272132
0.210899
0.272784
0.648422
0.102225
0.289465
0.298173
0.301198
0.501700
0.281072
0.104766
0.197001
0.272479
0.276453
0.249456
0.214785
0.296021
0.536818
0.228285
0.140356
0.470572
0.314635
0.264933
0.231531
0.375037
0.209411
0.270088
0.289438
0.293513
0.260718
0.182760
0.285814
0.545848
0.364173
0.481378
0.163386
0.092025
0.289687
0.343495
0.223500
0.127144
0.413235
0.507493
0.313441
0.577072
0.469769
0.149065
0.194536
0.403957
0.386659
0.636874
0.388432
0.283678
0.236833
0.515316
0.170158
0.340196
0.091503
0.415679
0.276805
0.564962
0.578182
0.498396
0.130654
0.089208
0.223163
0.207740
0.134346
0.608849
0.275664
0.284172
0.130641
0.068819
0.227893
0.303819
0.139005
0.347304
0.149603
0.166742
0.278812
0.526344
0.298991
0.087674
0.442639
0.372309
0.214172
0.433572
0.174330
0.140989
0.179427
0.494813
0.366852
0.559078
0.193408
0.155130
0.044054
0.470748
0.379946
0.306321
0.375747
0.495647
0.521218
0.350754
0.597439
0.685434
0.191448
0.434237
0.195013
0.492598
0.353210
0.369783
0.453540
0.184085
0.059596
0.305019
0.274494
0.465257
0.174022
0.429866
0.392711
0.556317
0.510960
0.802619
0.306270
0.400624
0.015149
0.565172
0.711544
0.614793
0.057692
0.249902
0.627798
0.515657
0.482343
0.899512
0.098860
0.046095
0.198583
0.247694
0.078401
0.556283
0.047743
0.286062
0.110676
0.389979
0.204611
0.551923
0.076054
0.166579
0.380765
0.198862
0.401582
0.417650
0.379590
0.412727
0.191517
0.173396
0.398157
0.345105
0.127648
0.092698
0.102501
0.177851
0.227600
0.616454
0.153024
0.172801
0.359185
0.205934
0.068991
0.546084
0.209375
0.291394
0.107219
0.246066
0.722160
0.424148
0.247772
0.128154
0.327157
0.038314
0.337929
0.096848
0.302568
0.486788
0.438572
0.182311
0.276824
0.461373
0.351409
0.288127
0.173551
0.154861
0.272843
0.214661
0.647791
0.052157
0.355556
0.433350
0.091320
0.496820
0.360249
0.084808
0.128590
0.194972
0.237455
0.333021
0.123429
0.339204
0.639854
0.251326
0.141453
0.320682
0.316400
0.167847
0.272467
0.410403
0.249582
0.171689
0.417486
0.384604
0.280511
0.117579
0.433903
0.595583
0.353323
0.387920
0.251250
0.159413
0.303674
0.423258
0.311592
0.167385
0.549759
0.467136
0.409469
0.628605
0.478626
0.199438
0.144175
0.441898
0.277969
0.512215
0.426332
0.320437
0.115835
0.441423
0.297728
0.409386
0.124604
0.394604
0.291369
0.464504
0.502986
0.421253
0.132568
0.111951
0.105150
0.193974
0.119071
0.775849
0.164375
0.335327
0.024422
0.190531
0.372527
0.276179
0.137477
0.311993
0.119565
0.152691
0.275283
0.572679
0.179969
0.171540
0.481544
0.349282
0.224455
0.503694
0.206810
0.090662
0.136866
0.448291
0.509084
0.506458
0.102105
0.117556
0.143286
0.415204
0.373237
0.353321
0.431286
0.425692
0.582687
0.267389
0.547539
0.639089
0.244565
0.371364
0.163939
0.609389
0.213664
0.313894
0.523112
0.178264
0.117279
0.310883
0.286599
0.605384
0.081939
0.442531
0.360744
0.573113
0.375709
0.901117
0.333969
0.271282
0.107446
0.629268
0.592819
0.551822
0.185068
0.193658
0.634421
0.482981
0.609948
0.903225
0.033491
0.220131
0.293608
0.199511
0.042842
0.510641
0.087926
0.319338
0.147166
0.423221
0.122421
0.561936
0.067020
0.169133
0.394033
0.201405
0.389295
0.415680
0.433534
0.343126
0.189828
0.047726
0.432076
0.391739
0.178398
0.071059
0.108275
0.181583
0.181319
0.628194
0.115215
0.066142
0.327176
0.326809
0.091833
0.606437
0.158245
0.214132
0.198320
0.065879
0.715300
0.437116
0.175771
0.021093
0.320095
0.068246
0.269164
0.100906
0.225523
0.543733
0.387550
0.091638
0.413496
0.303035
0.373162
0.436948
0.131732
0.064842
0.231034
0.216167
0.641228
0.079106
0.369861
0.470945
0.017400
0.458437
0.244125
0.129869
0.072149
0.167235
0.182635
0.377131
0.113680
0.331531
0.671258
0.222294
0.153584
0.090695
0.327750
0.144366
0.153835
0.402445
0.151083
0.199812
0.530545
0.471794
0.242492
0.077693
0.416192
0.636653
0.290231
0.307185
0.099203
0.170553
0.493871
0.537382
0.370314
0.158388
0.460581
0.430178
0.511929
0.691006
0.370075
0.301522
0.124265
0.436688
0.294727
0.421820
0.407681
0.276461
0.087483
0.355840
0.448596
0.258483
0.090496
0.331590
0.298448
0.405372
0.290877
0.454530
0.162748
0.069542
0.164124
0.284138
0.080945
0.862291
0.178374
0.281277
0.164820
0.325204
0.554057
0.252033
0.103457
0.278368
0.199648
0.258105
0.250023
0.416438
0.194313
0.214595
0.488190
0.305381
0.281997
0.550530
0.240582
0.053634
0.151257
0.481686
0.511967
0.508065
0.178340
0.105793
0.266230
0.423298
0.338414
0.428067
0.476035
0.235083
0.483945
0.196040
0.555644
0.445221
0.325316
0.393999
0.173866
0.583625
0.061079
0.381250
0.491973
0.184319
0.077125
0.402065
0.270323
0.555023
0.070167
0.418270
0.300444
0.594300
0.300272
0.803782
0.459530
0.233512
0.208421
0.644249
0.499497
0.570117
0.224082
0.190992
0.585732
0.418460
0.535569
0.804393
0.091999
0.196970
0.328228
0.147908
0.148008
0.507897
0.086188
0.463080
0.095263
0.468917
0.153061
0.649777
0.025055
0.122811
0.331065
0.195503
0.446349
0.417134
0.400906
0.298426
0.265380
0.087050
0.383160
0.469448
0.259664
0.146210
0.199192
0.179377
0.122938
0.730629
0.227815
0.134758
0.279239
0.291268
0.027062
0.641611
0.066389
0.217161
0.259152
0.101391
0.767688
0.276762
0.135656
0.073024
0.349826
0.168524
0.133616
0.146841
0.143949
0.454236
0.319435
0.173214
0.607718
0.226097
0.366300
0.409461
0.022278
0.078776
0.235157
0.257998
0.621161
0.208344
0.263230
0.416130
0.147747
0.352318
0.108934
0.222855
0.012771
0.251775
0.131830
0.391170
0.088457
0.381234
0.613609
0.269966
0.051127
0.127466
0.274721
0.191918
0.033280
0.352561
0.139172
0.213669
0.619760
0.561865
0.199936
0.056704
0.342393
0.687308
0.187825
0.217810
0.157017
0.102791
0.626654
0.535794
0.312036
0.201260
0.337089
0.447958
0.484677
0.722564
0.318927
0.387635
0.143314
0.382612
0.304741
0.371575
0.287597
0.225541
0.155820
0.264757
0.511560
0.364260
0.020433
0.213333
0.272327
0.407168
0.241960
0.440947
0.189741
0.278224
0.218443
0.399422
0.056909
0.914763
0.168594
0.169580
0.132452
0.356093
0.613407
0.285269
0.181244
0.252493
0.107081
0.311452
0.264832
0.294681
0.238955
0.157545
0.467221
0.218871
0.342264
0.523788
0.202053
0.221059
0.232451
0.494141
0.435967
0.569274
0.349425
0.049344
0.344601
0.435911
0.252746
0.518368
0.492181
0.152255
0.371261
0.151034
0.563738
0.258322
0.382022
0.317869
0.181495
0.525630
0.209341
0.359546
0.447663
0.096800
0.062182
0.468419
0.188486
0.363813
0.067366
0.366930
0.365791
0.636691
0.185023
0.694165
0.632973
0.257863
0.136764
0.557576
0.502496
0.652354
0.219835
0.244756
0.495617
0.328362
0.323573
0.658055
0.161798
0.093463
0.320191
0.212588
0.188357
0.622644
0.128827
0.419151
0.074197
0.462208
0.138681
0.690401
0.140103
0.051628
0.247659
0.250675
0.479249
0.418008
0.397774
0.244420
0.338901
0.091400
0.243535
0.563434
0.225248
0.180747
0.124075
0.229285
0.081004
0.718832
0.137584
0.152741
0.163445
0.168719
0.028068
0.571986
0.060039
0.213947
0.322732
0.230850
0.790274
0.214538
0.171238
0.150746
0.252023
0.167651
0.156749
0.133296
0.232030
0.343285
0.281046
0.250248
0.644581
0.184045
0.334121
0.360518
0.293421
0.195064
0.268495
0.354853
0.517011
0.282567
0.269392
0.290752
0.212283
0.230633
0.240568
0.158011
0.047381
0.331612
0.119668
0.344371
0.130878
0.555143
0.409350
0.203532
0.121118
0.074696
0.285313
0.144614
0.035616
0.389668
0.171297
0.381950
0.572127
0.523342
0.223051
0.057567
0.465521
0.548763
0.200574
0.080193
0.115275
0.084859
0.634457
0.458093
0.400011
0.302405
0.316659
0.359283
0.361100
0.677099
0.388567
0.396704
0.101979
0.327554
0.285629
0.353902
0.243403
0.116676
0.234522
0.215481
0.484790
0.415972
0.111050
0.259003
0.225362
0.426941
0.228912
0.501552
0.143176
0.382071
0.221170
0.420518
0.113556
0.868529
0.141613
0.029124
0.030998
0.289265
0.556894
0.289841
0.232012
0.207899
0.037969
0.162688
0.205523
0.226009
0.231215
0.042623
0.407644
0.265311
0.281433
0.409900
0.190362
0.385733
0.230602
0.470336
0.313159
0.429417
0.255632
0.065569
0.232569
0.492151
0.197511
0.614908
0.409148
0.251519
0.264949
0.137549
0.666848
0.428340
0.338303
0.117444
0.112514
0.472161
0.364061
0.261247
0.377094
0.107149
0.070597
0.512076
0.084486
0.491343
0.074656
0.182472
0.423670
0.555639
0.114399
0.692654
0.663289
0.317221
0.042644
0.448017
0.548174
0.657498
0.221647
0.268064
0.372291
0.291109
0.295881
0.512452
0.175774
0.167064
0.264468
0.319051
0.158740
0.586881
0.205623
0.273184
0.108673
0.477306
0.133917
0.733558
0.119147
0.141862
0.179085
0.350515
0.542455
0.619293
0.479033
0.236642
0.356871
0.162806
0.305988
0.529769
0.257065
0.180471
0.123769
0.220194
0.173111
0.630390
0.055798
0.119328
0.232340
0.162893
0.047145
0.413743
0.138750
0.221619
0.231220
0.239515
0.677776
0.233241
0.218863
0.129423
0.194998
0.038593
0.210045
0.122142
0.254066
0.239462
0.339816
0.315858
0.435739
0.120272
0.188626
0.303155
0.359738
0.229866
0.250171
0.423421
0.480439
0.322692
0.218431
0.343853
0.082647
0.177922
0.212611
0.033418
0.140755
0.304875
0.191182
0.254572
0.179647
0.655123
0.212184
0.339399
0.128113
0.085813
0.302326
0.182708
0.006536
0.398649
0.204270
0.464252
0.516558
0.439898
0.221404
0.086933
0.593358
0.295701
0.202895
0.083165
0.137289
0.174269
0.594788
0.479185
0.298281
0.392149
0.342750
0.336763
0.324745
0.585266
0.479761
0.406652
0.192608
0.307039
0.291723
0.325244
0.215250
0.022020
0.160937
0.205882
0.327453
0.409094
0.144329
0.278549
0.173214
0.384456
0.307779
0.642758
0.031889
0.404615
0.262000
0.547114
0.085977
0.745243
0.154413
0.024386
0.154894
0.496239
0.601923
0.344692
0.089858
0.233065
0.044178
0.061299
0.297894
0.131940
0.180429
0.084740
0.367281
0.286439
0.269055
0.439420
0.179687
0.429154
0.287340
0.428732
0.366524
0.258463
0.095321
0.112830
0.138398
0.556538
0.222085
0.563042
0.305315
0.371519
0.130008
0.175996
0.656473
0.607872
0.349766
0.084336
0.102882
0.548157
0.424419
0.134963
0.300634
0.262344
0.110073
0.539914
0.019725
0.577150
0.152791
0.224192
0.306113
0.464112
0.078787
0.697482
0.521764
0.252650
0.175384
0.502027
0.458957
0.496213
0.219954
0.178583
0.282727
0.309191
0.198422
0.470631
0.201369
0.230620
0.210270
0.393351
0.122740
0.497917
0.143223
0.189647
0.053841
0.476204
0.218713
0.698475
0.052998
0.306664
0.108646
0.328389
0.580602
0.728877
0.486848
0.214461
0.361231
0.315853
0.341529
0.496680
0.223497
0.170981
0.130617
0.146663
0.289892
0.569910
0.269080
0.210967
0.229848
0.100310
0.115537
0.201950
0.062478
0.241464
0.119118
0.185502
0.425635
0.161483
0.277363
0.194981
0.087368
0.125979
0.221602
0.160447
0.147659
0.212808
0.393487
0.341591
0.279906
0.089340
0.228005
0.100483
0.280635
0.288683
0.145670
0.411678
0.491166
0.312269
0.140015
0.295500
0.137314
0.196357
0.228474
0.088882
0.246673
0.198089
0.361720
0.275634
0.185887
0.549711
0.068610
0.381320
0.177318
0.138729
0.225625
0.177076
0.085992
0.374262
0.164153
0.471216
0.476541
0.363056
0.229376
0.077498
0.395648
0.193046
0.060539
0.173659
0.280927
0.117824
0.577616
0.484354
0.159133
0.320660
0.269976
0.281601
0.235240
0.603359
0.466786
0.443556
0.355146
0.325810
0.241029
0.402713
0.210035
0.084215
0.171273
0.188869
0.167978
0.494374
0.168554
0.132516
0.247255
0.319757
0.417012
0.631191
0.096507
0.345248
0.314694
0.534409
0.155220
0.608230
0.200169
0.045148
0.090173
0.482037
0.642105
0.416032
0.109728
0.178846
0.103326
0.108684
0.454638
0.186277
0.144221
0.115031
0.314440
0.327230
0.352372
0.480178
0.096562
0.392989
0.317406
0.477476
0.214363
0.241315
0.068600
0.118843
0.099767
0.644421
0.297478
0.549167
0.219063
0.329731
0.062040
0.154103
0.518325
0.646862
0.402913
0.250699
0.129278
0.458420
0.346179
0.246823
0.188964
0.216789
0.220061
0.584828
0.064773
0.594226
0.129646
0.325509
0.179121
0.385369
0.051158
0.634418
0.331307
0.230367
0.220588
0.609816
0.297921
0.384484
0.171152
0.126213
0.201218
0.318479
0.263659
0.503784
0.249909
0.123384
0.231468
0.345072
0.067469
0.418566
0.125179
0.134574
0.017527
0.465780
0.371684
0.769003
0.045861
0.364975
0.084378
0.240054
0.562919
0.778024
0.337634
0.160699
0.287464
0.280542
0.355284
0.487633
0.184930
0.213594
0.135517
0.109601
0.328284
0.480383
0.385488
0.250799
0.236230
0.079395
0.165029
0.274758
0.143928
0.253452
0.039272
0.163630
0.140758
0.141089
0.277281
0.177175
0.194576
0.136588
0.278848
0.113439
0.171661
0.336425
0.381641
0.368019
0.250792
0.079273
0.253366
0.047636
0.292129
0.273199
0.082391
0.320657
0.423949
0.317600
0.207738
0.214244
0.234483
0.234743
0.317401
0.225005
0.273127
0.164471
0.306961
0.287410
0.195267
0.438335
0.169823
0.372653
0.187348
0.246438
0.112643
0.126787
0.078030
0.334658
0.121617
0.491204
0.334767
0.351444
0.234430
0.151548
0.507832
0.171533
0.063920
0.305138
0.341249
0.180551
0.483526
0.428572
0.060632
0.216404
0.202048
0.183089
0.170129
0.611646
0.368763
0.373691
0.391139
0.310192
0.136980
0.462898
0.288141
0.180143
0.289096
0.308705
0.178818
0.416929
0.219521
0.116948
0.336760
0.326855
0.309663
0.524082
0.109153
0.367546
0.420352
0.518103
0.304056
0.511596
0.186528
0.090216
0.128470
0.404001
0.636206
0.509312
0.247479
0.170532
0.067261
0.321864
0.554286
0.384504
0.112722
0.109809
0.201172
0.415463
0.439244
0.455686
0.039828
0.296340
0.302866
0.463011
0.082767
0.346939
0.122219
0.112237
0.196366
0.567326
0.333372
0.538220
0.141392
0.179729
0.030444
0.174271
0.421221
0.575896
0.444027
0.183033
0.117227
0.468358
0.212781
0.299828
0.177793
0.206435
0.302458
0.538136
0.146807
0.620425
0.055242
0.316152
0.124091
0.365182
0.170637
0.572573
0.255112
0.237912
0.202538
0.688779
0.231904
0.377988
0.165162
0.156362
0.225628
0.270766
0.344326
0.457834
0.340659
0.188045
0.274862
0.279080
0.188917
0.512463
0.137080
0.085623
0.056197
0.443975
0.535352
0.825059
0.091663
0.268572
0.158971
0.081534
0.466016
0.714078
0.209379
0.239297
0.156709
0.129679
0.367662
0.418586
0.210266
0.200933
0.165193
0.167680
0.269380
0.394243
0.416630
0.284997
0.416209
0.159612
0.254614
0.246526
0.283866
0.202525
0.074875
0.146026
0.089699
0.074838
0.293845
0.162704
0.315409
0.166815
0.293075
0.157347
0.333963
0.401205
0.368402
0.423520
0.319399
0.089617
0.251660
0.094691
0.260400
0.275384
0.132932
0.221865
0.287393
0.314242
0.258547
0.164587
0.273970
0.217658
0.450806
0.226685
0.194373
0.154338
0.098515
0.276499
0.136455
0.440530
0.288636
0.404104
0.218622
0.258833
0.274464
0.229925
0.098357
0.371371
0.142613
0.451584
0.202441
0.357868
0.196025
0.073325
0.464471
0.245003
0.100340
0.508572
0.255593
0.309986
0.347004
0.500585
0.105204
0.223601
0.196086
0.185114
0.146519
0.570201
0.269256
0.265016
0.320305
0.341947
0.135685
0.521347
0.277395
0.229147
0.337683
0.476291
0.191876
0.285590
0.292548
0.181472
0.384758
0.340033
0.352768
0.455782
0.053049
0.455898
0.486929
0.535505
0.271242
0.409923
0.212035
0.123613
0.282720
0.322170
0.468178
0.563985
0.269527
0.158222
0.176055
0.341692
0.493797
0.340396
0.087746
0.131744
0.058910
0.535820
0.390885
0.505806
0.074394
0.267627
0.232060
0.389848
0.248655
0.345038
0.063744
0.023222
0.265128
0.491780
0.181076
0.559917
0.167505
0.195886
0.070666
0.220328
0.467997
0.619306
0.415342
0.222425
0.013088
0.481501
0.277692
0.461854
0.183333
0.211456
0.402026
0.416312
0.102338
0.771842
0.029066
0.219653
0.141245
0.376302
0.197476
0.592986
0.228060
0.254928
0.203790
0.762962
0.210796
0.383453
0.215345
0.277250
0.257743
0.171660
0.372394
0.344029
0.285242
0.147223
0.335839
0.328571
0.317619
0.400902
0.131146
0.086146
0.010252
0.340487
0.636754
0.846247
0.101396
0.203804
0.198346
0.046698
0.425991
0.711932
0.270559
0.189926
0.156801
0.182967
0.419043
0.394828
0.248730
0.166455
0.122671
0.290227
0.251013
0.248735
0.406114
0.381231
0.436376
0.361743
0.180415
0.213015
0.212972
0.156356
0.092690
0.252000
0.133769
0.014312
0.271293
0.081667
0.502244
0.213170
0.298419
0.168003
0.461191
0.294490
0.384387
0.522417
0.258726
0.225274
0.163285
0.199444
0.268220
0.313144
0.240769
0.215983
0.151659
0.255302
0.225659
0.180586
0.390711
0.267047
0.372109
0.267140
0.160708
0.089349
0.063468
0.276661
0.199703
0.415181
0.490472
0.529632
0.264820
0.311812
0.376307
0.347544
0.083075
0.395391
0.132509
0.362292
0.147940
0.268648
0.179199
0.259180
0.289003
0.242982
0.031879
0.512866
0.269127
0.253719
0.200663
0.519818
0.180040
0.239848
0.162137
0.271462
0.096389
0.529141
0.182734
0.272994
0.249602
0.279264
0.108228
0.482143
0.201015
0.273524
0.263640
0.466007
0.183320
0.338369
0.269602
0.370537
0.410075
0.300846
0.315429
0.471018
0.046593
0.496685
0.425482
0.545810
0.155885
0.302149
0.322183
0.203849
0.225825
0.184012
0.403143
0.648937
0.231529
0.122536
0.260852
0.226931
0.550490
0.336634
0.094428
0.179126
0.047730
0.593816
0.257622
0.481815
0.150034
0.256943
0.144926
0.300061
0.233994
0.284704
0.080083
0.035287
0.172106
0.486687
0.141337
0.489604
0.181045
0.150303
0.058940
0.177994
0.492616
0.638787
0.377664
0.430939
0.113361
0.462488
0.357468
0.567821
0.139973
0.105168
0.434172
0.298625
0.083617
0.782654
0.050238
0.167541
0.126688
0.390025
0.121769
0.603944
0.152080
0.251586
0.222590
0.808512
0.159305
0.411606
0.264200
0.218521
0.272680
0.083478
0.383178
0.282589
0.292525
0.206425
0.331301
0.447515
0.328689
0.268188
0.128707
0.105701
0.072691
0.347277
0.622035
0.761522
0.185497
0.250540
0.187573
0.027673
0.376519
0.701432
0.256493
0.107094
0.351323
0.202375
0.407033
0.396410
0.170731
0.226581
0.113110
0.365274
0.205374
0.163893
0.390826
0.430975
0.435220
0.495160
0.105914
0.139932
0.064313
0.112740
0.154799
0.241268
0.035271
0.047311
0.224251
0.125075
0.614423
0.210068
0.276418
0.073214
0.427001
0.264774
0.377954
0.634630
0.270707
0.352448
0.118867
0.297479
0.274146
0.283280
0.152000
0.315737
0.125883
0.050029
0.152574
0.159054
0.510871
0.302608
0.326056
0.202686
0.137670
0.084929
0.036472
0.227622
0.316919
0.364909
0.631794
0.637699
0.274962
0.413675
0.334431
0.392833
0.101160
0.443188
0.055811
0.440700
0.255467
0.122754
0.200692
0.384332
0.266240
0.298432
0.131185
0.422926
0.298246
0.323578
0.202799
0.477065
0.181987
0.144267
0.161079
0.283890
0.122235
0.517836
0.116898
0.303369
0.171241
0.316212
0.181737
0.465571
0.222418
0.144650
0.216562
0.409656
0.160057
0.497543
0.263658
0.459833
0.444177
0.166466
0.364544
0.550674
0.163254
0.468296
0.336275
0.470783
0.128042
0.381495
0.338082
0.243615
0.278988
0.031532
0.326985
0.689490
0.173624
0.179880
0.211210
0.254393
0.611778
0.435197
0.142876
0.334779
0.060129
0.534279
0.240938
0.418244
0.110356
0.192233
0.186266
0.283925
0.192393
0.335165
0.139028
0.078035
0.116896
0.472164
0.053669
0.399287
0.135036
0.150372
0.040217
0.092301
0.524383
0.607885
0.301575
0.545943
0.124510
0.347874
0.315102
0.523340
0.064500
0.152815
0.331296
0.316742
0.116250
0.567266
0.158574
0.149767
0.152868
0.304671
0.139123
0.550268
0.071001
0.256897
0.182780
0.686915
0.389752
0.404653
0.219149
0.158180
0.269942
0.063844
0.403587
0.172274
0.279905
0.336465
0.276182
0.430853
0.342376
0.319099
0.220662
0.114120
0.188790
0.388114
0.499174
0.671335
0.272832
0.274870
0.158586
0.096270
0.311223
0.640944
0.203867
0.077412
0.434684
0.107001
0.329357
0.410419
0.285245
0.212721
0.232381
0.330187
0.193563
0.172723
0.401027
0.488545
0.449530
0.430252
0.057230
0.159890
0.070061
0.124119
0.236763
0.166415
0.051445
0.127018
0.259845
0.167634
0.609032
0.224592
0.283279
0.046615
0.389032
0.240305
0.275899
0.661275
0.396064
0.434148
0.038103
0.546593
0.318097
0.222304
0.158155
0.315435
0.197046
0.183933
0.133426
0.190169
0.530567
0.161818
0.271713
0.126153
0.171695
0.061021
0.085485
0.207889
0.255306
0.248073
0.653541
0.560106
0.331608
0.500324
0.206739
0.320594
0.043202
0.417683
0.082783
0.492356
0.389753
0.091147
0.207999
0.284362
0.371067
0.351721
0.172974
0.308205
0.316922
0.428497
0.137108
0.454296
0.214561
0.080103
0.178962
0.352972
0.128776
0.507061
0.086886
0.267207
0.171113
0.358365
0.205393
0.447586
0.219002
0.160149
0.164157
0.387757
0.060201
0.542886
0.268821
0.483424
0.440298
0.140040
0.501363
0.507311
0.329094
0.427648
0.219148
0.418292
0.084629
0.391502
0.316903
0.305324
0.395139
0.127035
0.301655
0.554369
0.063590
0.151428
0.138345
0.355911
0.632561
0.606903
0.199595
0.367204
0.081052
0.435189
0.319115
0.393293
0.066819
0.115943
0.141947
0.268425
0.181890
0.537598
0.043542
0.175985
0.043986
0.317906
0.179266
0.330923
0.134249
0.089557
0.063647
0.106771
0.441164
0.553873
0.216186
0.506490
0.128173
0.266016
0.172960
0.493925
0.081545
0.214822
0.184220
0.413567
0.161213
0.435540
0.250662
0.084832
0.204968
0.224681
0.168528
0.486702
0.117420
0.184682
0.304985
0.532358
0.509827
0.451975
0.053554
0.205023
0.169177
0.112459
0.409527
0.232656
0.169779
0.372010
0.255554
0.345379
0.471880
0.415948
0.358090
0.124642
0.258215
0.389686
0.374436
0.622393
0.341191
0.186972
0.170887
0.220432
0.241381
0.607414
0.171910
0.085138
0.353553
0.073456
0.345196
0.504922
0.368623
0.083461
0.187336
0.471849
0.201492
0.181860
0.435163
0.529543
0.467538
0.342433
0.074176
0.107337
0.056331
0.093726
0.219171
0.198653
0.110070
0.077302
0.292594
0.180890
0.569303
0.306556
0.342255
0.199205
0.387718
0.238129
0.175955
0.527122
0.485599
0.414627
0.064205
0.673323
0.288245
0.162425
0.262153
0.199336
0.239658
0.295336
0.193807
0.170301
0.414670
0.087222
0.142599
0.158649
0.168495
0.031067
0.109974
0.093758
0.082168
0.194996
0.617114
0.429903
0.518214
0.499248
0.053253
0.265166
0.034291
0.459213
0.174407
0.522358
0.323791
0.134180
0.200113
0.165418
0.500113
0.366695
0.209138
0.202451
0.339856
0.450887
0.160433
0.556219
0.375328
0.166780
0.198526
0.314237
0.117947
0.523470
0.034001
0.064370
0.207290
0.398142
0.134266
0.461237
0.220068
0.229267
0.239807
0.458525
0.065878
0.488157
0.262377
0.413513
0.275816
0.151917
0.574657
0.443558
0.420103
0.359406
0.178938
0.484961
0.141565
0.419554
0.397944
0.380235
0.358010
0.158815
0.305931
0.472413
0.126003
0.211394
0.165055
0.375378
0.501133
0.579101
0.172548
0.335663
0.075582
0.361765
0.377213
0.474938
0.149622
0.177568
0.150635
0.295537
0.141742
0.639762
0.017571
0.185333
0.158283
0.263041
0.176305
0.376515
0.308209
0.137374
0.087093
0.111257
0.518462
0.490151
0.196946
0.364543
0.262825
0.324934
0.132061
0.667721
0.221394
0.322105
0.195752
0.447347
0.145335
0.458334
0.177751
0.116183
0.248157
0.149037
0.091250
0.415199
0.192600
0.099104
0.254048
0.461770
0.477229
0.537940
0.111691
0.274553
0.237178
0.029388
0.382008
0.348605
0.050972
0.379151
0.211946
0.345152
0.584075
0.503247
0.447076
0.208507
0.281988
0.425383
0.282886
0.613321
0.298185
0.196127
0.131010
0.403787
0.270959
0.673356
0.106197
0.105671
0.283077
0.200132
0.422672
0.502632
0.205960
0.137182
0.174843
0.581656
0.239107
0.229219
0.413703
0.511017
0.451464
0.346642
0.118480
0.127793
0.031824
0.029251
0.160637
0.146122
0.154699
0.073898
0.233600
0.210408
0.603273
0.371490
0.352070
0.328774
0.282588
0.264290
0.156082
0.291810
0.441980
0.442351
0.066604
0.554361
0.211068
0.106702
0.346715
0.143016
0.264669
0.272400
0.302012
0.132224
0.350839
0.048916
0.376480
0.162749
0.107343
0.041529
0.206109
0.166091
0.022118
0.227970
0.557226
0.347130
0.562319
0.465700
0.028426
0.191881
0.107028
0.468419
0.213374
0.513085
0.249562
0.278377
0.143921
0.137660
0.533086
0.464721
0.259597
0.072006
0.383453
0.336851
0.176052
0.630915
0.565917
0.362355
0.101572
0.365443
0.234232
0.505999
0.085746
0.078908
0.175674
0.341750
0.038887
0.480922
0.095151
0.195787
0.324758
0.416950
0.068341
0.514272
0.235129
0.420753
0.121478
0.155442
0.533824
0.337457
0.367567
0.285669
0.304836
0.473061
0.259199
0.550628
0.519487
0.484152
0.237721
0.161745
0.453478
0.487204
0.177998
0.296557
0.244820
0.315534
0.411156
0.582373
0.096979
0.183113
0.059760
0.313506
0.353897
0.452234
0.186604
0.140252
0.146847
0.309404
0.206672
0.602465
0.103918
0.263761
0.197204
0.351869
0.177581
0.339759
0.348796
0.201774
0.149850
0.059471
0.538388
0.478642
0.296235
0.290442
0.384898
0.393652
0.120545
0.763773
0.323162
0.368596
0.278530
0.555640
0.138145
0.492763
0.031398
0.259915
0.312282
0.234022
0.067614
0.401994
0.186161
0.127334
0.149083
0.406718
0.458017
0.704751
0.153602
0.389793
0.217753
0.066723
0.276223
0.356116
0.028681
0.370217
0.214906
0.367211
0.525447
0.483259
0.419571
0.201625
0.312998
0.431969
0.265447
0.519042
0.250762
0.211667
0.100449
0.504539
0.327518
0.680311
0.200674
0.149957
0.222650
0.278333
0.373467
0.498422
0.045412
0.255399
0.355938
0.663675
0.191812
0.190060
0.335576
0.443819
0.331979
0.353649
0.107472
0.057810
0.076890
0.109836
0.133425
0.140329
0.139154
0.173063
0.115018
0.311008
0.606567
0.316014
0.331942
0.317379
0.133046
0.331604
0.087434
0.161850
0.261686
0.439527
0.052700
0.363717
0.199304
0.107342
0.443217
0.133510
0.351983
0.170854
0.371751
0.143371
0.277507
0.058386
0.509968
0.148560
0.077686
0.119338
0.187292
0.216797
0.102329
0.226517
0.484619
0.281816
0.442732
0.536051
0.163680
0.078909
0.075674
0.477750
0.209951
0.568465
0.153242
0.172029
0.118801
0.312353
0.505773
0.517523
0.336728
0.112590
0.466357
0.316239
0.341105
0.656190
0.646223
0.386442
0.271413
0.471531
0.357499
0.440865
0.147779
0.117543
0.182350
0.413720
0.054453
0.525658
0.109621
0.107117
0.229111
0.431550
0.077627
0.600242
0.254276
0.472434
0.061255
0.193098
0.536467
0.272056
0.178149
0.104866
0.254572
0.356060
0.247033
0.572691
0.478126
0.455110
0.243570
0.101379
0.415285
0.442230
0.199690
0.265805
0.264468
0.284477
0.270732
0.626674
0.109566
0.139683
0.021604
0.318790
0.321700
0.463234
0.192829
0.111715
0.159539
0.288750
0.177386
0.616227
0.201203
0.377006
0.216401
0.365409
0.181946
0.348888
0.222425
0.146214
0.198054
0.063422
0.447738
0.464371
0.227852
0.336096
0.369082
0.324191
0.224261
0.695400
0.234511
0.433887
0.223078
0.625872
0.053596
0.443243
0.142378
0.312931
0.261149
0.369888
0.156318
0.364414
0.175866
0.232727
0.086586
0.192164
0.376696
0.729858
0.201043
0.256226
0.179446
0.101567
0.164133
0.351161
0.162678
0.341431
0.322075
0.403043
0.381309
0.385263
0.357734
0.166631
0.333402
0.443702
0.209862
0.382628
0.360395
0.200625
0.243269
0.473397
0.336452
0.576167
0.153976
0.202867
0.205518
0.246113
0.305976
0.489158
0.084880
0.266473
0.456134
0.848013
0.163307
0.099186
0.270229
0.315978
0.222362
0.328019
0.123610
0.026896
0.084707
0.199666
0.122891
0.203326
0.048061
0.137579
0.060386
0.420017
0.441462
0.163402
0.303374
0.121944
0.075417
0.191824
0.046739
0.057109
0.154021
0.437524
0.233718
0.292720
0.113098
0.155794
0.571880
0.168219
0.294223
0.116262
0.339963
0.143076
0.163794
0.147377
0.506281
0.240346
0.144102
0.216746
0.179174
0.216444
0.135261
0.036895
0.350017
0.282412
0.338716
0.514057
0.209870
0.165014
0.120440
0.444208
0.235810
0.576720
0.148364
0.109062
0.211456
0.320151
0.498556
0.527236
0.363868
0.309854
0.522061
0.187248
0.357347
0.641773
0.515456
0.268786
0.429057
0.463476
0.361405
0.394843
0.170141
0.207943
0.130826
0.612170
0.036976
0.524106
0.168172
0.113008
0.130484
0.511836
0.033492
0.594444
0.277258
0.442943
0.157143
0.292843
0.547884
0.210497
0.092107
0.064245
0.180602
0.366805
0.143157
0.448167
0.371492
0.332001
0.411201
0.127065
0.330878
0.351884
0.143916
0.142151
0.268417
0.275724
0.333358
0.722466
0.070186
0.215380
0.025302
0.389058
0.332021
0.464990
0.124446
0.199500
0.215251
0.296682
0.197696
0.639794
0.193975
0.434181
0.227887
0.286940
0.054615
0.316617
0.096002
0.104945
0.168335
0.174390
0.383276
0.379859
0.128534
0.415362
0.377821
0.317135
0.339109
0.573699
0.200885
0.472621
0.142808
0.635038
0.141314
0.370723
0.227872
0.326057
0.255249
0.445507
0.200733
0.367964
0.147332
0.280646
0.101384
0.161663
0.239398
0.644802
0.196228
0.135452
0.212259
0.099659
0.122097
0.557541
0.240111
0.330478
0.362077
0.501689
0.272511
0.344897
0.278133
0.242484
0.348856
0.459612
0.276936
0.302276
0.375072
0.213485
0.348357
0.325335
0.371658
0.492016
0.154381
0.197530
0.142520
0.039704
0.325830
0.484053
0.205270
0.357611
0.344326
0.894507
0.147660
0.135759
0.280317
0.174575
0.187132
0.238518
0.146179
0.084954
0.089165
0.270652
0.191447
0.298480
0.060334
0.129784
0.107701
0.425591
0.428342
0.123373
0.290580
0.086755
0.074510
0.062987
0.073122
0.115943
0.255746
0.344142
0.282866
0.259427
0.138481
0.263017
0.670452
0.209760
0.248518
0.152526
0.123892
0.095726
0.075390
0.185245
0.545963
0.220523
0.213334
0.268052
0.192224
0.185783
0.038272
0.204978
0.222731
0.270683
0.281470
0.322220
0.223560
0.144518
0.155570
0.464059
0.309881
0.485973
0.116724
0.156790
0.307505
0.354729
0.506219
0.535037
0.310281
0.379958
0.498234
0.177801
0.391767
0.621008
0.397587
0.192913
0.395456
0.400183
0.265727
0.344573
0.122772
0.268017
0.060420
0.643699
0.144476
0.605386
0.187941
0.131788
0.219328
0.457750
0.114549
0.652487
0.265299
0.428159
0.139304
0.304801
0.464233
0.154858
0.114887
0.142601
0.145322
0.492623
0.193939
0.390876
0.254097
0.148968
0.472681
0.262901
0.351651
0.304013
0.176899
0.024369
0.323760
0.281887
0.399017
0.605418
0.075473
0.212819
0.064419
0.429601
0.174519
0.501560
0.170302
0.291825
0.159625
0.359162
0.307285
0.550154
0.104196
0.339067
0.179636
0.333588
0.064335
0.254399
0.040506
0.090870
0.136029
0.171620
0.378083
0.252862
0.070141
0.378524
0.421264
0.353631
0.324670
0.554008
0.192662
0.442992
0.122131
0.555130
0.170714
0.327392
0.264053
0.254537
0.280497
0.465893
0.198477
0.318683
0.137767
0.268805
0.056417
0.266940
0.143562
0.488249
0.221283
0.136489
0.222387
0.126496
0.164279
0.715550
0.198691
0.225478
0.227100
0.629079
0.283502
0.439555
0.239232
0.276055
0.320230
0.435330
0.244798
0.244178
0.283659
0.194224
0.345049
0.180462
0.417732
0.467876
0.264193
0.111234
0.106997
0.029388
0.346715
0.392855
0.421186
0.453456
0.179282
0.873157
0.247612
0.181420
0.331438
0.160096
0.096404
0.120124
0.217833
0.131180
0.164115
0.249412
0.238303
0.271589
0.169129
0.161778
0.208915
0.335073
0.390814
0.113643
0.299194
0.119677
0.107566
0.069727
0.060528
0.249468
0.217453
0.311205
0.188260
0.218745
0.194524
0.345963
0.692929
0.212175
0.298053
0.261389
0.041672
0.100131
0.056794
0.110370
0.520376
0.139865
0.286536
0.331234
0.234061
0.144761
0.014297
0.416688
0.168031
0.222711
0.252846
0.173429
0.288609
0.136924
0.215494
0.437242
0.422412
0.468418
0.116193
0.190672
0.302737
0.272644
0.467052
0.546430
0.287406
0.345672
0.373035
0.151173
0.499183
0.427939
0.336680
0.180269
0.360942
0.376918
0.188752
0.254226
0.036777
0.252328
0.068986
0.584932
0.197948
0.652121
0.300368
0.128638
0.482841
0.411834
0.119572
0.782869
0.231579
0.445404
0.155951
0.252135
0.357888
0.250321
0.152121
0.124646
0.093649
0.523103
0.291720
0.389293
0.129281
0.054868
0.368850
0.413954
0.393508
0.370319
0.272567
0.053513
0.386960
0.223089
0.422668
0.511107
0.062386
0.198151
0.099774
0.451750
0.101834
0.505655
0.206559
0.263071
0.022855
0.424345
0.223035
0.449878
0.199703
0.200899
0.193017
0.431408
0.083387
0.189562
0.081812
0.067011
0.318555
0.065339
0.467241
0.277128
0.021437
0.316501
0.503881
0.368437
0.346532
0.570121
0.166990
0.410475
0.068275
0.555690
0.104830
0.252646
0.253012
0.200990
0.243361
0.483503
0.204727
0.292605
0.186312
0.213215
0.170450
0.257595
0.137439
0.439586
0.299579
0.211985
0.184622
0.169067
0.235471
0.616752
0.178060
0.113648
0.214606
0.625106
0.265720
0.455112
0.211976
0.151032
0.153118
0.458998
0.189172
0.189989
0.180003
0.245363
0.217994
0.090769
0.454262
0.411524
0.224808
0.054929
0.209084
0.127373
0.320181
0.319009
0.538972
0.403424
0.154207
0.752923
0.226735
0.376815
0.349280
0.202816
0.086640
0.087985
0.290885
0.031130
0.207646
0.152079
0.213167
0.370070
0.180988
0.160227
0.254790
0.226263
0.166039
0.179447
0.249429
0.146410
0.110782
0.071806
0.113646
0.391563
0.068248
0.306911
0.096126
0.254467
0.228289
0.391819
0.607826
0.179180
0.320913
0.335167
0.116423
0.174145
0.035400
0.139989
0.407763
0.131949
0.330447
0.336379
0.283844
0.082428
0.158803
0.497624
0.037421
0.078222
0.209712
0.204202
0.308368
0.178324
0.223758
0.410877
0.455881
0.539657
0.127038
0.181604
0.267355
0.215919
0.424895
0.499490
0.237875
0.270867
0.273653
0.222708
0.619251
0.359368
0.174431
0.109302
0.404308
0.555149
0.182069
0.221629
0.026775
0.267505
0.201525
0.499401
0.360080
0.536921
0.363178
0.194252
0.668553
0.411608
0.112849
0.759288
0.179900
0.486704
0.151932
0.189491
0.407887
0.331043
0.067975
0.118774
0.035451
0.375102
0.346335
0.469705
0.178897
0.084817
0.255233
0.371316
0.442812
0.348629
0.300608
0.136917
0.340732
0.157197
0.409639
0.315654
0.101336
0.183987
0.244875
0.379778
0.291567
0.446731
0.213376
0.231743
0.094575
0.443206
0.110356
0.441532
0.267668
0.205660
0.361051
0.473052
0.040788
0.309050
0.090388
0.108875
0.393593
0.060833
0.462405
0.358644
0.135238
0.202525
0.531269
0.473350
0.296464
0.520783
0.094496
0.378371
0.097060
0.510158
0.107364
0.187581
0.232505
0.185614
0.046215
0.522687
0.177460
0.360634
0.160570
0.273880
0.210829
0.081721
0.055837
0.474734
0.311669
0.127207
0.045077
0.139772
0.288968
0.383907
0.166142
0.059325
0.148609
0.636192
0.226256
0.417674
0.083262
0.098614
0.097494
0.574570
0.129621
0.181579
0.146153
0.200249
0.090449
0.018281
0.508581
0.479587
0.117553
0.021605
0.169521
0.294605
0.292607
0.385497
0.549164
0.243007
0.169057
0.583266
0.083378
0.535176
0.364989
0.216234
0.096140
0.081652
0.256783
0.151934
0.217431
0.033027
0.175651
0.476676
0.110752
0.077082
0.221509
0.223128
0.148518
0.103720
0.200115
0.221193
0.178796
0.103563
0.168184
0.509000
0.097614
0.247040
0.274050
0.242804
0.288424
0.436451
0.544619
0.148406
0.211805
0.326195
0.196275
0.184752
0.105909
0.250296
0.298307
0.155869
0.352435
0.281838
0.377799
0.117816
0.208572
0.520629
0.302468
0.121399
0.181607
0.199602
0.259465
0.100862
0.144386
0.358248
0.323777
0.580105
0.265717
0.219488
0.195374
0.144291
0.483579
0.420333
0.175582
0.245935
0.260486
0.233838
0.716619
0.401352
0.027792
0.108466
0.525967
0.705572
0.291060
0.164090
0.090064
0.364236
0.343592
0.453380
0.367230
0.368034
0.332955
0.243261
0.547171
0.403718
0.142122
0.672568
0.105352
0.427605
0.128406
0.234939
0.432512
0.384021
0.126783
0.208115
0.042396
0.332726
0.347163
0.578120
0.286426
0.102047
0.205442
0.263366
0.478051
0.360600
0.310415
0.165965
0.223445
0.088150
0.479388
0.181511
0.286664
0.165154
0.309838
0.306397
0.252041
0.353758
0.134768
0.227504
0.137348
0.417265
0.068777
0.380415
0.334569
0.341243
0.362351
0.461010
0.089826
0.377814
0.023625
0.195005
0.290465
0.131829
0.382589
0.396460
0.145934
0.221157
0.407757
0.519957
0.354956
0.531308
0.024253
0.306967
0.288377
0.359712
0.055117
0.247635
0.299656
0.199714
0.011031
0.501729
0.040510
0.416005
0.157491
0.335185
0.214484
0.151319
0.126391
0.472447
0.167181
0.022159
0.156417
0.098066
0.273127
0.322838
0.078333
0.194235
0.082229
0.711308
0.166091
0.463195
0.222516
0.164909
0.185154
0.696301
0.081612
0.214353
0.253534
0.186566
0.081296
0.132115
0.541623
0.434047
0.117560
0.143656
0.065423
0.217541
0.382495
0.596756
0.457915
0.158291
0.147847
0.478656
0.128944
0.662414
0.380932
0.310162
0.049904
0.059171
0.196569
0.195497
0.128077
0.103194
0.235272
0.483506
0.050430
0.210349
0.189680
0.199943
0.176551
0.106500
0.185631
0.353803
0.298127
0.119943
0.188438
0.469829
0.111161
0.208966
0.272294
0.100136
0.359030
0.442868
0.460752
0.158433
0.095481
0.316349
0.226885
0.194002
0.209351
0.290735
0.298591
0.105011
0.343890
0.349397
0.389166
0.044400
0.110378
0.508459
0.405452
0.211276
0.111045
0.151080
0.163350
0.124973
0.122448
0.266634
0.163141
0.692438
0.366383
0.246408
0.095325
0.164264
0.408669
0.536427
0.092149
0.238561
0.196563
0.136409
0.781127
0.476637
0.105764
0.220015
0.517731
0.595335
0.368743
0.288710
0.140528
0.356258
0.451935
0.427519
0.272967
0.274143
0.300794
0.220374
0.432657
0.378651
0.064557
0.618890
0.057677
0.296857
0.053641
0.264940
0.448209
0.439743
0.220088
0.167571
0.124024
0.354310
0.366879
0.646835
0.432093
0.117692
0.191892
0.213412
0.530435
0.358759
0.229493
0.182094
0.153575
0.136931
0.502784
0.187250
0.235219
0.146203
0.169859
0.327710
0.039288
0.311879
0.194986
0.234562
0.143582
0.507783
0.210149
0.256648
0.315513
0.448609
0.254006
0.598029
0.095703
0.415699
0.122056
0.273897
0.201137
0.152391
0.358255
0.413413
0.164198
0.173972
0.331421
0.512589
0.550703
0.646026
0.004329
0.178824
0.392542
0.323948
0.074589
0.296618
0.455158
0.190042
0.031914
0.420623
0.140343
0.345051
0.172475
0.351793
0.294952
0.357871
0.301471
0.413383
0.211474
0.078655
0.186551
0.147852
0.366468
0.316651
0.084760
0.255618
0.026513
0.697509
0.224368
0.522631
0.386335
0.254352
0.240868
0.784464
0.103650
0.341099
0.355865
0.246684
0.147032
0.218368
0.521474
0.342043
0.117733
0.165236
0.147457
0.118723
0.538140
0.597938
0.452036
0.125384
0.105550
0.388059
0.090318
0.837112
0.368928
0.322901
0.042807
0.209991
0.133350
0.091195
0.105609
0.128567
0.321988
0.440656
0.123996
0.380561
0.200886
0.207031
0.129791
0.146571
0.130304
0.368402
0.262821
0.146417
0.110628
0.400637
0.028075
0.103323
0.268598
0.065545
0.371634
0.454130
0.333954
0.171893
0.126277
0.420354
0.189601
0.151362
0.312291
0.231144
0.167503
0.036918
0.327727
0.263692
0.404434
0.054835
0.092980
0.475160
0.304943
0.184731
0.019596
0.143909
0.176876
0.160242
0.196866
0.314573
0.117110
0.638865
0.253712
0.330600
0.090094
0.260952
0.235242
0.624927
0.078040
0.293632
0.260180
0.244204
0.684414
0.389749
0.117388
0.194100
0.430809
0.497607
0.342167
0.281264
0.141374
0.246796
0.503137
0.499996
0.246053
0.280907
0.384220
0.211241
0.445374
0.376089
0.118632
0.684609
0.167271
0.182409
0.152560
0.177211
0.465036
0.472589
0.224428
0.271013
0.148704
0.405555
0.471064
0.647876
0.469040
0.114228
0.194547
0.259530
0.463174
0.302925
0.214534
0.309994
0.211743
0.246983
0.548531
0.041794
0.133761
0.147454
0.171886
0.459799
0.114985
0.378619
0.217637
0.200376
0.156835
0.578017
0.337543
0.188111
0.302557
0.414120
0.308136
0.638257
0.152688
0.507608
0.116905
0.255637
0.248719
0.208095
0.340822
0.496064
0.194770
0.183073
0.339589
0.410850
0.654273
0.695468
0.095113
0.063861
0.371362
0.308266
0.123700
0.392642
0.477363
0.209728
0.129449
0.459834
0.277694
0.473213
0.212331
0.238557
0.437395
0.416047
0.352209
0.310851
0.205961
0.083499
0.224920
0.059972
0.481292
0.254456
0.135176
0.302309
0.074571
0.605007
0.277296
0.529988
0.365152
0.230779
0.283913
0.786998
0.190857
0.338251
0.341065
0.158985
0.176701
0.252269
0.514911
0.223197
0.117456
0.146479
0.181454
0.137339
0.553445
0.544404
0.562336
0.108137
0.154361
0.432976
0.129390
0.914481
0.322517
0.231796
0.122198
0.235903
0.042115
0.032826
0.211011
0.088999
0.297326
0.343651
0.286451
0.438984
0.173258
0.218071
0.085469
0.222624
0.142307
0.365753
0.095937
0.141918
0.084560
0.395614
0.096769
0.072055
0.209409
0.128907
0.347537
0.483097
0.116749
0.258820
0.222562
0.498658
0.107451
0.187357
0.240714
0.263160
0.021534
0.065742
0.318213
0.161624
0.432790
0.034978
0.231375
0.390672
0.308067
0.197627
0.143345
0.125755
0.155295
0.206642
0.243189
0.397876
0.073987
0.493928
0.166766
0.258519
0.082807
0.335432
0.184258
0.670287
0.209462
0.280800
0.342139
0.291488
0.502980
0.386134
0.141158
0.288832
0.354038
0.460586
0.369640
0.219066
0.146083
0.099206
0.388822
0.600417
0.314205
0.234331
0.454357
0.252786
0.455335
0.493704
0.178783
0.578953
0.225102
0.138513
0.182947
0.120792
0.448591
0.514550
0.145717
0.326999
0.170545
0.405007
0.481396
0.602535
0.512151
0.158419
0.211781
0.268958
0.238209
0.321404
0.251576
0.457344
0.281274
0.305593
0.561946
0.182338
0.078319
0.129483
0.038589
0.492794
0.192316
0.465709
0.269488
0.122285
0.224769
0.534867
0.296885
0.199351
0.358323
0.215622
0.292341
0.558399
0.196157
0.627589
0.068171
0.132135
0.267891
0.275991
0.332744
0.506918
0.221963
0.206385
0.358223
0.354587
0.521919
0.577486
0.144483
0.181756
0.366474
0.210125
0.119854
0.467523
0.329932
0.263400
0.159686
0.451701
0.405052
0.486226
0.274205
0.195926
0.410210
0.364321
0.369100
0.235617
0.111363
0.023791
0.267533
0.026729
0.602548
0.154419
0.086748
0.388555
0.041987
0.630280
0.201665
0.438710
0.373209
0.180762
0.370779
0.740279
0.219358
0.334105
0.313704
0.268215
0.125272
0.245674
0.502895
0.232771
0.166561
0.134163
0.208704
0.037076
0.537677
0.431472
0.574196
0.171121
0.145182
0.564555
0.244167
0.788243
0.191631
0.275426
0.134319
0.108233
0.009355
0.088631
0.361575
0.155406
0.245475
0.289633
0.282557
0.332601
0.109089
0.105793
0.109418
0.174267
0.134629
0.334562
0.024455
0.318427
0.117818
0.358838
0.149371
0.047736
0.174900
0.111868
0.226874
0.483821
0.115703
0.199798
0.106587
0.499243
0.094928
0.288055
0.042840
0.271380
0.103982
0.175164
0.297641
0.223794
0.415832
0.061407
0.331571
0.245406
0.487715
0.290164
0.108742
0.119614
0.096286
0.259042
0.240465
0.471301
0.218485
0.396975
0.213803
0.212696
0.149816
0.277039
0.333598
0.634902
0.284097
0.245629
0.347264
0.280941
0.419736
0.372367
0.337748
0.417344
0.293344
0.390236
0.399620
0.275083
0.199900
0.043499
0.182697
0.534751
0.419421
0.277658
0.344109
0.055877
0.308955
0.510079
0.161485
0.455148
0.209199
0.119779
0.147199
0.161729
0.462110
0.533135
0.113544
0.329941
0.176360
0.438983
0.400279
0.571899
0.473808
0.190763
0.249174
0.188880
0.143396
0.344452
0.311461
0.284552
0.340365
0.337610
0.595295
0.285553
0.117750
0.125922
0.079747
0.538149
0.257867
0.515926
0.309605
0.140998
0.131496
0.584925
0.250044
0.204201
0.306294
0.090607
0.230123
0.493241
0.265722
0.610276
0.112418
0.122223
0.210529
0.190379
0.299433
0.363030
0.209291
0.291520
0.278283
0.334531
0.348791
0.325722
0.177165
0.282750
0.394662
0.133516
0.172577
0.463337
0.166489
0.257808
0.031166
0.418089
0.410692
0.319588
0.245921
0.204842
0.263560
0.427376
0.400536
0.219956
0.159008
0.024907
0.339188
0.087184
0.622259
0.220476
0.058101
0.457045
0.142857
0.707904
0.108007
0.561282
0.309601
0.182397
0.327707
0.627439
0.207700
0.223726
0.279636
0.245477
0.103402
0.127850
0.449694
0.264460
0.125827
0.094400
0.368005
0.082681
0.684499
0.371070
0.444768
0.127264
0.090503
0.606304
0.270865
0.659345
0.017927
0.354607
0.203342
0.051449
0.051320
0.117241
0.351759
0.140003
0.258322
0.259647
0.290677
0.190465
0.135617
0.200632
0.155739
0.174647
0.116033
0.322460
0.052441
0.395425
0.109812
0.212169
0.312062
0.089085
0.195443
0.119818
0.063980
0.455140
0.225249
0.172975
0.152657
0.502558
0.171973
0.327681
0.052043
0.200978
0.039067
0.220808
0.209218
0.331978
0.339862
0.083392
0.193658
0.236201
0.578656
0.331547
0.058792
0.211262
0.060534
0.294463
0.226763
0.542878
0.222542
0.346912
0.237992
0.243403
0.313543
0.232524
0.349021
0.756638
0.323843
0.161426
0.221541
0.288947
0.539602
0.413929
0.445362
0.350897
0.215198
0.421474
0.298369
0.276898
0.211970
0.197524
0.083791
0.515586
0.396683
0.472368
0.270397
0.090572
0.208030
0.582304
0.173524
0.448777
0.304641
0.070833
0.122442
0.194539
0.489873
0.538967
0.248254
0.322272
0.214890
0.511967
0.243527
0.472108
0.370775
0.175955
0.238594
0.201209
0.219882
0.371136
0.214315
0.122172
0.426367
0.342415
0.479402
0.322569
0.210384
0.151953
0.127665
0.571947
0.297540
0.438208
0.384403
0.144285
0.046156
0.632914
0.244371
0.248294
0.217412
0.060394
0.182481
0.533585
0.365220
0.473901
0.117879
0.152355
0.114554
0.150881
0.366200
0.330978
0.223934
0.345381
0.168712
0.221174
0.302247
0.429982
0.154136
0.404430
0.429226
0.139281
0.177673
0.516448
0.120466
0.131677
0.179934
0.461040
0.252529
0.242399
0.085785
0.068565
0.189812
0.431837
0.382556
0.232907
0.092490
0.144554
0.362119
0.119793
0.646922
0.337531
0.156517
0.432862
0.192879
0.619536
0.006094
0.563693
0.299908
0.173158
0.269756
0.431520
0.220601
0.139712
0.263473
0.186550
0.112008
0.031511
0.336092
0.301090
0.024066
0.193876
0.450123
0.093677
0.803809
0.368090
0.295591
0.166440
0.118187
0.684585
0.169514
0.590191
0.180998
0.439916
0.340321
0.080112
0.069419
0.137287
0.243605
0.081857
0.326039
0.219585
0.270536
0.093786
0.088757
0.288574
0.301270
0.182398
0.117013
0.272207
0.168596
0.248908
0.044225
0.032601
0.364192
0.083040
0.218619
0.241261
0.021862
0.403519
0.240707
0.162987
0.259047
0.549842
0.108463
0.265773
0.130393
0.061199
0.015376
0.169136
0.220328
0.366606
0.204350
0.084669
0.014685
0.196306
0.496889
0.251296
0.132312
0.331417
0.055814
0.260308
0.232001
0.569722
0.278581
0.341340
0.133186
0.112556
0.353532
0.160115
0.338505
0.852581
0.432539
0.057952
0.160899
0.439282
0.567887
0.542329
0.283071
0.291312
0.164640
0.347154
0.360565
0.245501
0.294776
0.378754
0.214602
0.502267
0.281023
0.512824
0.246447
0.126068
0.199583
0.646981
0.216301
0.410629
0.421439
0.210459
0.157541
0.088681
0.464455
0.423019
0.357981
0.272978
0.115254
0.518405
0.187774
0.335563
0.247810
0.160592
0.177328
0.219232
0.286565
0.446367
0.193873
0.196753
0.367441
0.396456
0.455618
0.361433
0.209520
0.148442
0.176669
0.542802
0.393291
0.364927
0.469776
0.269977
0.103897
0.612051
0.224288
0.363322
0.218692
0.123136
0.105447
0.487121
0.351407
0.393973
0.130978
0.249753
0.164788
0.183611
0.354209
0.407325
0.180181
0.282555
0.093835
0.123121
0.257055
0.428150
0.193012
0.506111
0.388310
0.225524
0.129098
0.670898
0.200808
0.010832
0.127594
0.527790
0.205647
0.168152
0.135765
0.048107
0.119691
0.374605
0.335910
0.273081
0.101290
0.194573
0.372305
0.058201
0.751106
0.431360
0.196712
0.386621
0.152065
0.448340
0.170860
0.482293
0.253271
0.120784
0.182916
0.345800
0.200394
0.160866
0.235824
0.165317
0.096208
0.125090
0.249779
0.274347
0.019066
0.225850
0.375062
0.122831
0.853643
0.434342
0.238785
0.127953
0.251945
0.696802
0.161903
0.584584
0.258084
0.451115
0.317685
0.148568
0.062708
0.165224
0.253052
0.046408
0.278590
0.185058
0.126899
0.146376
0.074824
0.360675
0.259678
0.105874
0.164618
0.128936
0.178986
0.137148
0.066724
0.063786
0.268847
0.172997
0.217419
0.454058
0.037725
0.283817
0.247706
0.169828
0.284111
0.499821
0.077877
0.223787
0.209487
0.140926
0.104423
0.111186
0.369504
0.345793
0.104551
0.067945
0.030704
0.160231
0.327648
0.171619
0.282661
0.323226
0.197306
0.292611
0.254436
0.552400
0.416284
0.358631
0.067813
0.123847
0.355489
0.232565
0.527836
0.795470
0.476463
0.175447
0.301883
0.434829
0.414813
0.481920
0.130499
0.351860
0.075118
0.315603
0.367551
0.230837
0.373739
0.493407
0.270059
0.342236
0.118239
0.418986
0.157337
0.172287
0.201162
0.577793
0.244205
0.295849
0.486007
0.396094
0.163413
0.064827
0.444580
0.482909
0.361204
0.237467
0.117171
0.438041
0.209961
0.285378
0.244419
0.123684
0.247361
0.280822
0.288566
0.458660
0.177682
0.253437
0.289357
0.380840
0.389487
0.378587
0.093198
0.162491
0.121789
0.458034
0.501069
0.320613
0.505954
0.314207
0.068420
0.518329
0.217256
0.455180
0.271896
0.153166
0.159251
0.421532
0.214935
0.411464
0.206420
0.241769
0.204746
0.193312
0.287604
0.430461
0.246480
0.299208
0.151630
0.268804
0.284581
0.389651
0.120575
0.522201
0.328098
0.332846
0.179319
0.811041
0.238524
0.083325
0.112054
0.521315
0.264211
0.212654
0.211776
0.020364
0.091957
0.327344
0.239313
0.268783
0.084291
0.185958
0.245242
0.133911
0.794235
0.493815
0.278831
0.384122
0.265015
0.398386
0.202518
0.392133
0.218236
0.136489
0.234189
0.396076
0.391169
0.216759
0.148061
0.203094
0.061120
0.207257
0.316001
0.253231
0.104677
0.103095
0.302532
0.140783
0.817754
0.497608
0.209018
0.088762
0.244644
0.647482
0.102970
0.655477
0.269793
0.430279
0.196824
0.117570
0.040909
0.163790
0.338244
0.077378
0.195925
0.139087
0.130099
0.237354
0.059231
0.432769
0.186383
0.025993
0.208386
0.035278
0.168585
0.142225
0.132309
0.125142
0.247552
0.187377
0.267273
0.500206
0.100864
0.194697
0.284437
0.165059
0.229026
0.355537
0.030920
0.160314
0.233195
0.271751
0.248548
0.133377
0.337729
0.333856
0.117025
0.102543
0.171421
0.174252
0.210910
0.107024
0.319674
0.210095
0.268415
0.323443
0.278244
0.569525
0.459641
0.359078
0.092482
0.192777
0.416818
0.272865
0.704849
0.780025
0.529170
0.342670
0.442118
0.388717
0.303813
0.307988
0.246842
0.399838
0.040138
0.462072
0.288108
0.200577
0.445170
0.554262
0.324676
0.246754
0.031161
0.435077
0.094975
0.283066
0.216590
0.400423
0.253444
0.246614
0.413819
0.485853
0.102373
0.128981
0.479462
0.622844
0.343895
0.209545
0.032995
0.442684
0.165890
0.231811
0.295081
0.143310
0.315556
0.335549
0.416122
0.485717
0.101792
0.264284
0.254711
0.342002
0.349396
0.395026
0.152210
0.243100
0.161414
0.461087
0.465849
0.279841
0.481830
0.394478
0.105395
0.445168
0.319434
0.492378
0.199349
0.117569
0.239950
0.426852
0.125864
0.354642
0.205517
0.175134
0.260174
0.122877
0.211095
0.280972
0.344601
0.439117
0.342205
0.360423
0.324693
0.543785
0.169888
0.450109
0.252319
0.371526
0.303768
0.755508
0.128192
0.108990
0.306762
0.377006
0.281873
0.203741
0.177602
0.147163
0.168518
0.320832
0.312841
0.282905
0.048936
0.128779
0.260858
0.132778
0.695715
0.601877
0.348572
0.217763
0.284884
0.450174
0.147366
0.403613
0.137394
0.176702
0.176811
0.480177
0.382665
0.160922
0.118130
0.147353
0.054178
0.250888
0.474851
0.243548
0.124289
0.092315
0.297387
0.237290
0.903356
0.553646
0.216035
0.080872
0.095014
0.618813
0.055494
0.691625
0.235670
0.415315
0.184874
0.034463
0.060845
0.171951
0.412151
0.080396
0.195108
0.092004
0.247884
0.205715
0.027182
0.414394
0.189714
0.122821
0.137650
0.075474
0.205249
0.177678
0.126160
0.171019
0.310257
0.261214
0.371935
0.415418
0.260049
0.116081
0.297934
0.098704
0.289967
0.160863
0.164475
0.163647
0.284902
0.314457
0.265335
0.252496
0.232832
0.274420
0.180413
0.175067
0.228409
0.202066
0.231305
0.033819
0.230443
0.104773
0.143843
0.196323
0.283440
0.569921
0.420361
0.353681
0.161038
0.103476
0.404070
0.149012
0.668072
0.696382
0.520384
0.407076
0.508408
0.341001
0.378826
0.259696
0.354526
0.432738
0.045903
0.467792
0.195821
0.281774
0.458267
0.430393
0.337534
0.328034
0.074083
0.559051
0.112628
0.312407
0.195901
0.259045
0.238804
0.283123
0.351290
0.459718
0.087727
0.116872
0.506046
0.673561
0.340195
0.231108
0.101297
0.469129
0.122849
0.193983
0.289848
0.222827
0.407776
0.311957
0.647787
0.544490
0.062769
0.313777
0.231243
0.266654
0.356554
0.477790
0.308124
0.312862
0.264584
0.490704
0.335415
0.263386
0.483423
0.469782
0.160239
0.379828
0.396023
0.488186
0.207613
0.054299
0.266298
0.413454
0.117851
0.355046
0.114807
0.287637
0.282375
0.106617
0.241213
0.210983
0.363852
0.560444
0.382519
0.345005
0.339880
0.696044
0.179658
0.368025
0.262951
0.360331
0.282659
0.556717
0.040070
0.196405
0.439021
0.379078
0.155018
0.090958
0.159488
0.086144
0.083854
0.309596
0.341081
0.307826
0.083350
0.108436
0.342246
0.169876
0.720286
0.538242
0.391820
0.153716
0.345643
0.504740
0.138324
0.423480
0.092121
0.062565
0.250488
0.404536
0.208850
0.178392
0.082858
0.163544
0.051701
0.200334
0.531295
0.290546
0.104951
0.048555
0.256885
0.339745
0.931017
0.541208
0.133466
0.119611
0.056186
0.588363
0.126090
0.624016
0.299741
0.382668
0.215416
0.099566
0.086818
0.189947
0.439215
0.073613
0.189120
0.189842
0.255348
0.146335
0.087205
0.366975
0.161980
0.111554
0.202570
0.054369
0.325286
0.127916
0.222109
0.298460
0.267577
0.212814
0.433489
0.352952
0.293558
0.263218
0.348910
0.128879
0.292843
0.142534
0.226583
0.099209
0.363309
0.238225
0.220656
0.295437
0.174185
0.317619
0.159639
0.140547
0.173664
0.124384
0.249753
0.156606
0.189055
0.080598
0.010667
0.132474
0.257457
0.534805
0.347311
0.330645
0.253846
0.109033
0.307695
0.053830
0.535998
0.550427
0.376064
0.413982
0.458053
0.341876
0.448208
0.256021
0.344842
0.331198
0.108312
0.451810
0.121718
0.461328
0.384466
0.327809
0.338174
0.403962
0.161139
0.616153
0.264069
0.206265
0.280333
0.359912
0.252460
0.313490
0.313734
0.401896
0.099779
0.185622
0.543987
0.657872
0.211494
0.203937
0.149676
0.511723
0.141419
0.274726
0.229198
0.290019
0.504666
0.228563
0.791814
0.463440
0.072207
0.365841
0.207914
0.212297
0.270220
0.494023
0.314175
0.287939
0.316926
0.445371
0.291180
0.334014
0.436376
0.491815
0.247329
0.284846
0.336835
0.613535
0.188753
0.116220
0.176266
0.294412
0.130487
0.334341
0.073183
0.261251
0.117989
0.042561
0.344360
0.211112
0.322994
0.496416
0.380498
0.304026
0.236579
0.652268
0.227003
0.288125
0.291402
0.477927
0.274052
0.434190
0.080381
0.315963
0.353417
0.440770
0.175564
0.208535
0.190013
0.090108
0.059023
0.369061
0.211357
0.252230
0.123094
0.155208
0.216291
0.268448
0.756167
0.490036
0.317119
0.137200
0.411276
0.529477
0.201667
0.413641
0.058154
0.049104
0.364102
0.336615
0.148246
0.261957
0.045506
0.101494
0.053439
0.165788
0.557876
0.337681
0.225726
0.099179
0.214479
0.250477
0.879778
0.567858
0.171525
0.158385
0.082851
0.609507
0.265468
0.559241
0.329428
0.265318
0.161293
0.048930
0.183450
0.147250
0.483989
0.065719
0.081283
0.263008
0.163289
0.136316
0.139961
0.332543
0.166341
0.051249
0.205488
0.108435
0.258429
0.056990
0.416358
0.359981
0.234938
0.192359
0.423879
0.305912
0.340434
0.254652
0.347098
0.194850
0.243414
0.107477
0.083350
0.079845
0.392258
0.158510
0.136196
0.202612
0.207924
0.247498
0.085073
0.139175
0.290270
0.093506
0.346374
0.180413
0.261830
0.066982
0.025708
0.150157
0.257592
0.513537
0.366423
0.362970
0.265612
0.154251
0.278130
0.116915
0.485732
0.384190
0.231043
0.465057
0.354795
0.265512
0.339160
0.205715
0.259054
0.321341
0.163525
0.412001
0.218808
0.667089
0.237529
0.328407
0.295928
0.274980
0.194556
0.578780
0.364718
0.165654
0.391485
0.449672
0.239256
0.288487
0.280746
0.356246
0.011637
0.196250
0.467083
0.673685
0.052302
0.170152
0.253660
0.530032
0.237453
0.376432
0.210738
0.269442
0.473261
0.211713
0.713617
0.446996
0.054339
0.323880
0.208333
0.158083
0.257068
0.463003
0.287254
0.148316
0.244252
0.416230
0.210418
0.387180
0.388633
0.448179
0.235316
0.265604
0.217050
0.651815
0.085131
0.265010
0.087768
0.231397
0.184858
0.367253
0.223368
0.170672
0.030326
0.077004
0.466640
0.254754
0.337661
0.412016
0.444355
0.462916
0.115787
0.621073
0.311048
0.190922
0.265870
0.481359
0.325275
0.444202
0.115686
0.316690
0.246920
0.379894
0.062198
0.348923
0.129654
0.201686
0.175953
0.460824
0.200034
0.175735
0.161092
0.174026
0.286165
0.307650
0.668656
0.490411
0.140621
0.205508
0.391518
0.501360
0.359249
0.434463
0.147635
0.045207
0.390269
0.314368
0.214084
0.359044
0.045945
0.181310
0.132147
0.112713
0.631926
0.325132
0.296775
0.154422
0.057507
0.117307
0.804258
0.566658
0.251002
0.130105
0.100627
0.597524
0.340836
0.476463
0.293461
0.173255
0.110052
0.002485
0.161343
0.079284
0.417393
0.006894
0.311804
0.151504
0.077881
0.187338
0.076439
0.268321
0.192647
0.077628
0.170482
0.296853
0.140412
0.189069
0.522913
0.284638
0.236885
0.184890
0.388492
0.205270
0.199910
0.204699
0.306116
0.203099
0.258689
0.292685
0.072309
0.216281
0.376607
0.109089
0.104095
0.141148
0.132332
0.188352
0.042779
0.079555
0.286076
0.098918
0.352716
0.140512
0.284636
0.157651
0.101046
0.157249
0.147444
0.511237
0.359917
0.481290
0.109023
0.109188
0.254753
0.126697
0.552475
0.281182
0.159565
0.483217
0.294264
0.240626
0.296671
0.264000
0.233255
0.339109
0.264748
0.386458
0.358610
0.739622
0.126993
0.340302
0.193125
0.252941
0.233512
0.720240
0.461624
0.069081
0.509171
0.430028
0.314763
0.349141
0.146456
0.329304
0.148455
0.067662
0.394790
0.679793
0.013776
0.303852
0.275304
0.573897
0.392916
0.387593
0.252237
0.232266
0.352730
0.279866
0.616973
0.523887
0.036321
0.155948
0.128391
0.172768
0.306035
0.484806
0.277293
0.081068
0.200659
0.461329
0.186683
0.365695
0.345124
0.325162
0.270613
0.262318
0.264859
0.564664
0.137313
0.341277
0.170998
0.242396
0.266722
0.426930
0.345586
0.186576
0.019042
0.128731
0.550811
0.305066
0.320850
0.438372
0.611400
0.437067
0.195387
0.541022
0.264985
0.167283
0.253249
0.568365
0.385956
0.437676
0.186957
0.316985
0.168354
0.321143
0.024255
0.436050
0.127916
0.328293
0.242125
0.508425
0.200765
0.095142
0.146149
0.174257
0.313598
0.330841
0.622721
0.545064
0.221649
0.251502
0.380234
0.326936
0.468621
0.472723
0.293254
0.149509
0.350987
0.355952
0.120777
0.284065
0.017089
0.182408
0.099324
0.088115
0.662797
0.409643
0.177485
0.165212
0.124864
0.044611
0.803167
0.462132
0.324594
0.184514
0.212532
0.472959
0.352077
0.357791
0.274845
0.131486
0.176833
0.091854
0.225541
0.151091
0.252436
0.101936
0.532091
0.158047
0.122205
0.210812
0.154164
0.257559
0.156271
0.155245
0.167194
0.347707
0.073170
0.260202
0.413452
0.243111
0.189082
0.142987
0.244473
0.106212
0.176692
0.231100
0.275513
0.271682
0.140459
0.321926
0.057574
0.261193
0.369549
0.077257
0.108308
0.190566
0.101844
0.390262
0.232271
0.032730
0.181039
0.214379
0.302534
0.173299
0.140381
0.232215
0.164540
0.162896
0.062124
0.548723
0.314854
0.558768
0.083273
0.095967
0.221332
0.284274
0.436543
0.212901
0.182851
0.391576
0.285064
0.329225
0.457598
0.236741
0.198342
0.283051
0.257958
0.386358
0.294087
0.719939
0.168682
0.300236
0.097363
0.253719
0.227551
0.820224
0.483651
0.023588
0.577225
0.410800
0.391978
0.360839
0.015015
0.237087
0.128248
0.021897
0.379180
0.474066
0.097679
0.283060
0.244202
0.573449
0.545208
0.343784
0.215649
0.237548
0.259931
0.195071
0.536608
0.572622
0.105732
0.216366
0.070120
0.236753
0.334981
0.481262
0.350400
0.053471
0.124684
0.529739
0.181326
0.291359
0.197581
0.290886
0.294392
0.274693
0.381429
0.402379
0.201399
0.327258
0.166595
0.360525
0.265827
0.366485
0.301520
0.222698
0.075321
0.189280
0.542586
0.431660
0.229256
0.475556
0.613404
0.499175
0.228706
0.402342
0.246444
0.135022
0.183911
0.704776
0.288532
0.382405
0.165415
0.349915
0.076679
0.315210
0.141294
0.453918
0.117247
0.451438
0.247522
0.488498
0.131858
0.077659
0.082145
0.184296
0.266635
0.257432
0.698563
0.524923
0.288121
0.270619
0.341996
0.259140
0.487964
0.495300
0.274203
0.174617
0.242115
0.362154
0.146806
0.368421
0.041595
0.182542
0.111372
0.108112
0.595530
0.508291
0.073698
0.217322
0.135902
0.108358
0.638871
0.464785
0.390545
0.202651
0.397904
0.319756
0.308070
0.192116
0.274688
0.102446
0.234463
0.257770
0.389861
0.094237
0.105318
0.113025
0.531840
0.112933
0.070916
0.183366
0.141751
0.309996
0.112765
0.200606
0.138711
0.308239
0.134360
0.375264
0.232848
0.204097
0.129046
0.114210
0.122885
0.049915
0.216375
0.306342
0.287075
0.275474
0.141496
0.203454
0.078578
0.337635
0.327237
0.117937
0.139563
0.192251
0.202062
0.410341
0.326775
0.125679
0.276747
0.303641
0.262257
0.277763
0.170224
0.288757
0.190119
0.294990
0.038589
0.660177
0.278598
0.608684
0.111666
0.184190
0.247107
0.436215
0.336482
0.057201
0.117588
0.259043
0.239087
0.354983
0.515227
0.228192
0.141038
0.213300
0.171777
0.447116
0.162917
0.723642
0.189397
0.134380
0.065384
0.445321
0.241913
0.691131
0.432856
0.100756
0.500412
0.431531
0.321672
0.428109
0.109491
0.167427
0.089523
0.119228
0.390134
0.309465
0.245597
0.246301
0.116878
0.505338
0.641167
0.394685
0.074894
0.164219
0.243333
0.138226
0.597599
0.554657
0.223674
0.255416
0.216055
0.239125
0.302160
0.417743
0.375024
0.120736
0.062696
0.532913
0.029269
0.373288
0.198932
0.242188
0.392288
0.266138
0.327109
0.373727
0.278200
0.309790
0.101257
0.352433
0.279343
0.370278
0.158023
0.242498
0.170075
0.210472
0.490821
0.488278
0.122002
0.372984
0.451249
0.718069
0.381904
0.427032
0.263826
0.157104
0.172795
0.738386
0.125431
0.372979
0.106791
0.447136
0.191367
0.328344
0.236868
0.465149
0.050423
0.445000
0.289386
0.542333
0.056993
0.129127
0.142519
0.138170
0.269998
0.084977
0.753139
0.558361
0.162032
0.274386
0.308151
0.401864
0.414112
0.518042
0.193715
0.136213
0.190148
0.341191
0.198970
0.540891
0.051331
0.278478
0.102253
0.121376
0.648345
0.465295
0.131518
0.327794
0.082331
0.158953
0.429381
0.543993
0.448175
0.315940
0.394767
0.233068
0.209949
0.180565
0.254209
0.071862
0.130159
0.279189
0.506325
0.219986
0.085338
0.201760
0.503171
0.253483
0.101161
0.120428
0.082245
0.283821
0.145573
0.125135
0.198518
0.342408
0.102386
0.320348
0.128392
0.085137
0.136695
0.211304
0.090249
0.191075
0.085536
0.342377
0.214927
0.199493
0.032706
0.149051
0.181626
0.367610
0.315873
0.174591
0.076154
0.159920
0.241171
0.349273
0.250797
0.122599
0.240309
0.214124
0.295529
0.300605
0.164828
0.247952
0.178902
0.348002
0.100809
0.673522
0.180916
0.668418
0.088676
0.236925
0.183544
0.381697
0.298202
0.067693
0.069877
0.232505
0.172919
0.142942
0.428375
0.268043
0.358703
0.222639
0.342349
0.423160
0.117687
0.657419
0.116865
0.172065
0.199494
0.463539
0.426513
0.550746
0.325703
0.163723
0.470809
0.515337
0.279189
0.378369
0.127088
0.238802
0.114106
0.287936
0.324527
0.343972
0.317900
0.256160
0.126722
0.393815
0.642993
0.457766
0.161644
0.141970
0.255123
0.079598
0.561843
0.592634
0.203523
0.160974
0.401758
0.246621
0.256974
0.357733
0.286795
0.129857
0.181157
0.489542
0.146897
0.460875
0.144940
0.164267
0.508438
0.355441
0.207434
0.307643
0.361813
0.317576
0.117463
0.320331
0.331089
0.353034
0.227611
0.157312
0.175419
0.248312
0.551287
0.494659
0.112770
0.229695
0.334455
0.899994
0.644384
0.535500
0.275733
0.086591
0.217093
0.667854
0.193867
0.386379
0.143843
0.527361
0.204826
0.441289
0.282020
0.520008
0.084281
0.259052
0.361453
0.582416
0.238251
0.272633
0.275204
0.055350
0.253726
0.097285
0.688503
0.553234
0.196038
0.252831
0.300966
0.524047
0.357679
0.475393
0.185713
0.138322
0.145901
0.297626
0.216774
0.604860
0.079693
0.265533
0.094249
0.047604
0.754204
0.308458
0.185339
0.334664
0.095664
0.115225
0.339109
0.518092
0.454379
0.437318
0.343917
0.162601
0.187537
0.243291
0.243334
0.174738
0.173927
0.234592
0.330203
0.123713
0.043779
0.240701
0.585789
0.409849
0.110043
0.065170
0.129486
0.145787
0.159633
0.148552
0.208261
0.443737
0.105541
0.268367
0.198856
0.020620
0.130202
0.206451
0.098082
0.365919
0.113556
0.360688
0.137939
0.141532
0.178108
0.184986
0.167992
0.357549
0.257993
0.243951
0.162125
0.165904
0.204900
0.310010
0.188648
0.167248
0.191044
0.178734
0.286457
0.225376
0.066378
0.196378
0.105417
0.258900
0.271890
0.627518
0.223468
0.653897
0.153432
0.234923
0.120716
0.256178
0.333164
0.121454
0.122148
0.326762
0.166576
0.058371
0.308233
0.334238
0.446789
0.258064
0.433573
0.377765
0.168132
0.538559
0.169574
0.294398
0.316989
0.517459
0.359064
0.490963
0.245719
0.216136
0.476948
0.551332
0.322196
0.332641
0.167140
0.229024
0.168485
0.357645
0.275893
0.351134
0.223126
0.332531
0.099980
0.461767
0.667884
0.538622
0.138712
0.125621
0.234221
0.151371
0.435831
0.712913
0.190734
0.264250
0.521067
0.322347
0.322991
0.430798
0.163700
0.169272
0.196498
0.533716
0.104608
0.449751
0.205795
0.205175
0.350674
0.462966
0.220525
0.276410
0.409990
0.338799
0.041630
0.378361
0.388344
0.427782
0.178189
0.194891
0.185767
0.235079
0.680409
0.645314
0.074786
0.175938
0.372363
0.814851
0.907726
0.569062
0.230003
0.156260
0.150046
0.699766
0.278528
0.363742
0.189226
0.441102
0.166868
0.489969
0.342673
0.500887
0.126953
0.200698
0.241693
0.610092
0.346594
0.516172
0.275652
0.161944
0.248925
0.155188
0.617170
0.548759
0.098682
0.242865
0.263252
0.410758
0.393462
0.457219
0.178482
0.245991
0.105458
0.247773
0.230576
0.515390
0.138686
0.176633
0.032128
0.139336
0.741560
0.204222
0.229234
0.191345
0.012668
0.102244
0.361105
0.362455
0.446059
0.456260
0.315425
0.216946
0.146913
0.232843
0.177056
0.140276
0.233451
0.379879
0.149606
0.087280
0.104795
0.209248
0.723677
0.520583
0.191361
0.057897
0.169311
0.037736
0.114327
0.144169
0.196420
0.469483
0.250127
0.235596
0.250586
0.018108
0.144647
0.075483
0.140075
0.449739
0.120719
0.381377
0.228097
0.176360
0.183037
0.359164
0.094273
0.242160
0.177534
0.378197
0.360096
0.158046
0.267893
0.337158
0.291500
0.236435
0.284856
0.239485
0.271957
0.102607
0.079724
0.113952
0.092303
0.194195
0.358882
0.550705
0.114086
0.599036
0.215741
0.238835
0.041443
0.233751
0.434239
0.205802
0.106799
0.230872
0.217692
0.192709
0.432451
0.401256
0.346053
0.338654
0.540878
0.382778
0.183317
0.495801
0.273740
0.297432
0.400221
0.650642
0.218750
0.446993
0.146083
0.192835
0.399797
0.561280
0.352534
0.215057
0.208846
0.175411
0.195616
0.277540
0.410916
0.252829
0.157196
0.334014
0.138645
0.649727
0.678947
0.632593
0.198709
0.106352
0.141017
0.298192
0.556237
0.777196
0.255036
0.374408
0.553051
0.234217
0.431477
0.359067
0.110227
0.264574
0.194200
0.545388
0.181238
0.525150
0.289228
0.191257
0.146925
0.437078
0.079511
0.251865
0.423737
0.409705
0.041219
0.441634
0.414959
0.457572
0.118832
0.153665
0.330309
0.231135
0.752899
0.744685
0.031592
0.043563
0.445254
0.706614
0.864508
0.497757
0.174657
0.144991
0.177654
0.755990
0.132374
0.232349
0.190546
0.338986
0.181813
0.467017
0.496074
0.482055
0.122294
0.125740
0.129065
0.643544
0.296783
0.691322
0.097756
0.117872
0.202911
0.172349
0.649698
0.476281
0.067534
0.231336
0.176762
0.357855
0.465509
0.392607
0.100335
0.254974
0.087865
0.270542
0.280384
0.400762
0.152438
0.153634
0.135940
0.231900
0.664465
0.205988
0.164224
0.024115
0.089271
0.095913
0.262914
0.290680
0.428493
0.307250
0.367913
0.292076
0.155104
0.165214
0.111352
0.032602
0.348655
0.361072
0.200493
0.167385
0.221539
0.158043
0.794822
0.577868
0.137524
0.158088
0.136552
0.088591
0.081830
0.130922
0.258354
0.373212
0.185802
0.205354
0.179698
0.026478
0.221323
0.051907
0.133899
0.431554
0.110869
0.489095
0.204754
0.254082
0.152975
0.548643
0.081133
0.265286
0.210700
0.584525
0.473005
0.107726
0.226760
0.375733
0.365387
0.374967
0.321033
0.262164
0.196485
0.170337
0.095239
0.021372
0.242400
0.240663
0.382081
0.475198
0.034211
0.477278
0.136372
0.166104
0.090710
0.366489
0.521072
0.306915
0.176398
0.170961
0.095799
0.316407
0.497205
0.574927
0.206839
0.390481
0.627303
0.500707
0.118628
0.505799
0.321285
0.276131
0.461505
0.608942
0.297820
0.372926
0.067905
0.144803
0.231920
0.543928
0.257686
0.193121
0.222218
0.190601
0.139203
0.137293
0.449954
0.235207
0.204746
0.252121
0.151498
0.820579
0.549263
0.577374
0.146008
0.077336
0.228878
0.266445
0.615926
0.606173
0.366172
0.178625
0.552704
0.129263
0.436745
0.237344
0.124603
0.354445
0.271941
0.504112
0.339461
0.611367
0.436628
0.238247
0.125880
0.411671
0.093923
0.139454
0.376069
0.404758
0.150160
0.510805
0.415357
0.364058
0.176062
0.051701
0.402427
0.244009
0.667839
0.600592
0.162819
0.114538
0.400310
0.638301
0.693623
0.462317
0.157593
0.173435
0.153052
0.518101
0.110108
0.254646
0.180635
0.352123
0.261265
0.462237
0.547036
0.471997
0.090503
0.128361
0.146721
0.647574
0.201593
0.756820
0.132066
0.092129
0.111537
0.196305
0.554700
0.480773
0.137978
0.127788
0.232780
0.397813
0.469041
0.350841
0.072586
0.115867
0.115478
0.310246
0.243624
0.370307
0.228485
0.050706
0.242557
0.362227
0.585759
0.351934
0.117569
0.148311
0.083763
0.219283
0.218086
0.294437
0.462974
0.158969
0.343375
0.339857
0.197290
0.157260
0.188892
0.097805
0.393223
0.238597
0.321479
0.158612
0.372484
0.173521
0.723864
0.466493
0.184129
0.282299
0.081769
0.172276
0.082138
0.143426
0.302846
0.251356
0.110730
0.188688
0.332302
0.030214
0.169912
0.146020
0.062001
0.373729
0.086789
0.621343
0.122023
0.222534
0.201011
0.526851
0.072017
0.343325
0.215409
0.571471
0.488175
0.071668
0.146520
0.334757
0.285483
0.606916
0.245983
0.210160
0.128648
0.184099
0.187970
0.107669
0.389004
0.342485
0.477055
0.604043
0.087814
0.390996
0.132454
0.060379
0.102109
0.522469
0.465034
0.384334
0.219716
0.179735
0.095959
0.378152
0.545712
0.543129
0.170101
0.329583
0.626048
0.630769
0.106824
0.474994
0.379320
0.271239
0.411452
0.454718
0.454458
0.318374
0.020097
0.103925
0.207903
0.494309
0.088136
0.211618
0.115393
0.171551
0.156236
0.095633
0.394123
0.202870
0.171037
0.138121
0.195488
0.886668
0.376560
0.472040
0.114477
0.114374
0.146768
0.266567
0.577172
0.479264
0.365134
0.125125
0.491882
0.169328
0.431961
0.401696
0.173009
0.496014
0.379777
0.458462
0.374609
0.616100
0.549790
0.438381
0.262567
0.450587
0.246025
0.106747
0.342805
0.348968
0.293407
0.518578
0.261897
0.348510
0.200776
0.048037
0.347940
0.326869
0.519038
0.456892
0.158869
0.161704
0.263637
0.560413
0.554195
0.503295
0.092068
0.146207
0.083008
0.307877
0.135112
0.312179
0.125369
0.362950
0.327636
0.475923
0.560121
0.460331
0.143034
0.157215
0.271306
0.513841
0.127725
0.733742
0.201115
0.249024
0.246417
0.127927
0.405814
0.409079
0.165791
0.083854
0.081520
0.326693
0.371752
0.461067
0.043535
0.082607
0.101320
0.315263
0.147804
0.428037
0.298574
0.121175
0.297636
0.455179
0.583665
0.461690
0.118462
0.129142
0.080837
0.184672
0.212327
0.237659
0.511990
0.142935
0.236912
0.346520
0.178422
0.221978
0.136608
0.122126
0.251188
0.229789
0.272328
0.070696
0.418504
0.265367
0.605272
0.287315
0.174356
0.262399
0.049381
0.197012
0.188165
0.179491
0.334700
0.238391
0.099185
0.290270
0.494954
0.079125
0.076982
0.185657
0.062188
0.275466
0.048303
0.645880
0.071684
0.102413
0.294921
0.337299
0.127316
0.351887
0.223765
0.424980
0.463408
0.080055
0.132196
0.273458
0.196044
0.657444
0.186408
0.154070
0.224704
0.261628
0.125499
0.152112
0.450684
0.386764
0.571312
0.473450
0.110411
0.352257
0.117719
0.196688
0.134577
0.563466
0.392950
0.351909
0.169752
0.281394
0.203734
0.448408
0.468589
0.525257
0.163262
0.296081
0.551654
0.687017
0.074328
0.377191
0.465409
0.392345
0.331719
0.358713
0.408320
0.354993
0.120811
0.084566
0.241251
0.546551
0.016122
0.347904
0.083070
0.190842
0.166738
0.108874
0.403892
0.253899
0.202681
0.068619
0.288673
0.739085
0.286586
0.511667
0.148281
0.141233
0.047405
0.228970
0.493570
0.379251
0.359207
0.091415
0.462148
0.230594
0.471056
0.563215
0.276525
0.608796
0.311521
0.373527
0.132652
0.540975
0.520530
0.605997
0.319901
0.440895
0.354024
0.217206
0.360376
0.253163
0.428558
0.491030
0.159356
0.382590
0.148312
0.175326
0.212773
0.345821
0.494146
0.473339
0.078267
0.071539
0.129824
0.398106
0.552000
0.590181
0.110473
0.107868
0.124918
0.327075
0.150419
0.296608
0.165995
0.216308
0.337514
0.517793
0.573252
0.455001
0.238503
0.199255
0.346468
0.475829
0.156973
0.774459
0.293479
0.264530
0.377253
0.085801
0.320349
0.344241
0.104555
0.072598
0.247304
0.225984
0.209810
0.515243
0.071689
0.111762
0.015219
0.397668
0.162861
0.404431
0.384374
0.295242
0.394865
0.392427
0.605071
0.488877
0.150513
0.127868
0.091326
0.177407
0.277087
0.204452
0.524787
0.237566
0.130329
0.357088
0.150187
0.197223
0.091826
0.112802
0.144815
0.231889
0.122857
0.051016
0.494514
0.307417
0.482615
0.163202
0.109957
0.200663
0.033313
0.276784
0.227712
0.222471
0.236179
0.281237
0.114408
0.240309
0.497939
0.058425
0.109060
0.172305
0.109210
0.196368
0.043526
0.582464
0.085266
0.105098
0.316561
0.185715
0.089061
0.275714
0.238440
0.370298
0.426045
0.137379
0.204912
0.190420
0.250325
0.472822
0.236849
0.117811
0.270558
0.337711
0.141260
0.155805
0.433259
0.310521
0.526493
0.303757
0.132199
0.370993
0.213545
0.320401
0.260566
0.532503
0.404278
0.377059
0.089518
0.106664
0.273544
0.607317
0.437419
0.647106
0.162298
0.213368
0.436657
0.629380
0.092746
0.330271
0.520824
0.424499
0.300635
0.356338
0.214898
0.468950
0.118148
0.024419
0.262861
0.561216
0.120951
0.446226
0.115727
0.224860
0.119478
0.078895
0.522445
0.278486
0.297108
0.087847
0.336319
0.548875
0.186899
0.638217
0.285036
0.134727
0.062061
0.250796
0.379044
0.397389
0.338327
0.072552
0.425818
0.112597
0.542608
0.524707
0.265309
0.613190
0.182112
0.332411
0.134277
0.523223
0.520554
0.647369
0.335882
0.481983
0.401968
0.456564
0.385409
0.204681
0.495943
0.489992
0.116397
0.407722
0.105799
0.231548
0.147713
0.372522
0.494492
0.536757
0.076638
0.033993
0.031259
0.347015
0.564193
0.629989
0.051957
0.060836
0.105486
0.425793
0.296578
0.430158
0.214706
0.140643
0.336374
0.496916
0.583708
0.571072
0.195579
0.145247
0.326831
0.500745
0.205442
0.754432
0.428258
0.333122
0.397056
0.057936
0.270812
0.292796
0.244113
0.069422
0.424035
0.289233
0.191916
0.491856
0.142782
0.188050
0.056930
0.529933
0.157031
0.431306
0.377078
0.469481
0.469653
0.306985
0.563346
0.532273
0.279025
0.218539
0.148791
0.256347
0.289913
0.291342
0.523060
0.247373
0.225483
0.400755
0.199098
0.200250
0.033324
0.050567
0.161086
0.229404
0.071137
0.110197
0.607902
0.253446
0.285114
0.227474
0.045591
0.241723
0.168619
0.242233
0.223836
0.218308
0.201687
0.299027
0.157171
0.101150
0.417039
0.175463
0.141277
0.248616
0.014797
0.145097
0.101928
0.498953
0.116562
0.198169
0.203296
0.177376
0.068014
0.175737
0.300377
0.391973
0.344804
0.242967
0.260880
0.107472
0.304749
0.296121
0.283945
0.056429
0.312509
0.279076
0.197200
0.202019
0.543507
0.287934
0.363508
0.386892
0.147711
0.410796
0.234883
0.354284
0.372369
0.491192
0.501443
0.471191
0.086865
0.201091
0.223168
0.667180
0.409985
0.679433
0.108436
0.047625
0.371826
0.506973
0.053441
0.325135
0.478582
0.377060
0.385147
0.426282
0.181699
0.521056
0.085614
0.150946
0.198690
0.462940
0.219869
0.493088
0.145319
0.151390
0.098002
0.110137
0.548761
0.256972
0.368439
0.181640
0.299690
0.417695
0.110794
0.668850
0.250037
0.131294
0.112100
0.429238
0.339167
0.365209
0.255522
0.014171
0.325324
0.306457
0.533552
0.400675
0.283941
0.556763
0.055741
0.312082
0.149990
0.511592
0.505014
0.580698
0.226745
0.488981
0.432112
0.601515
0.389086
0.201897
0.484170
0.525871
0.119279
0.362245
0.042348
0.222698
0.199604
0.345595
0.426913
0.406949
0.140008
0.085039
0.145912
0.209712
0.550597
0.600570
0.106361
0.102195
0.045262
0.367139
0.229869
0.603422
0.300669
0.203134
0.276283
0.540246
0.504703
0.549656
0.099456
0.076540
0.221986
0.569455
0.259504
0.609613
0.455343
0.420225
0.281292
0.040336
0.524693
0.332899
0.394120
0.101923
0.479151
0.482719
0.211683
0.469222
0.119393
0.249101
0.078564
0.646354
0.135585
0.486774
0.358022
0.456594
0.415414
0.320033
0.446750
0.628361
0.339199
0.358677
0.239138
0.315366
0.280168
0.314422
0.459370
0.213262
0.120424
0.412834
0.310546
0.264515
0.044241
0.107722
0.177659
0.337320
0.122642
0.057769
0.651839
0.249230
0.048585
0.302257
0.175204
0.387491
0.210438
0.188580
0.193926
0.066110
0.198575
0.225976
0.219325
0.225908
0.326496
0.256701
0.083262
0.293295
0.093599
0.163735
0.177113
0.454726
0.147316
0.151381
0.130050
0.230906
0.171890
0.108904
0.402535
0.307757
0.226503
0.309057
0.258770
0.086262
0.224595
0.284528
0.286103
0.113873
0.408790
0.291746
0.249961
0.389020
0.638968
0.362266
0.259772
0.417376
0.178598
0.388697
0.245472
0.398700
0.391368
0.389416
0.490275
0.481890
0.200647
0.245519
0.116319
0.679922
0.520691
0.610794
0.077982
0.171951
0.338313
0.364614
0.056246
0.345995
0.334300
0.328731
0.381347
0.467627
0.260894
0.541905
0.200585
0.194192
0.190284
0.362813
0.276496
0.449827
0.105738
0.164180
0.127164
0.114487
0.541399
0.196631
0.345483
0.403467
0.209732
0.355000
0.077280
0.543816
0.272308
0.166253
0.194470
0.587405
0.284953
0.506653
0.183527
0.035663
0.228010
0.342707
0.529557
0.432064
0.419132
0.515038
0.062428
0.406817
0.086985
0.494157
0.536614
0.596895
0.198528
0.574721
0.561194
0.591803
0.292651
0.119580
0.461174
0.594944
0.190542
0.376346
0.129647
0.235990
0.257864
0.314378
0.371272
0.385657
0.062933
0.081743
0.097301
0.069784
0.367323
0.473496
0.146923
0.120014
0.151608
0.308855
0.040041
0.624308
0.507834
0.136034
0.276194
0.710047
0.360904
0.528930
0.101306
0.111144
0.182258
0.485550
0.268234
0.512381
0.479966
0.436618
0.290525
0.139198
0.645290
0.358029
0.322029
0.077676
0.419364
0.376773
0.100730
0.435807
0.128575
0.341245
0.072479
0.550662
0.090007
0.568425
0.415230
0.375488
0.369598
0.384150
0.266592
0.660366
0.299728
0.462065
0.309181
0.365796
0.301774
0.213723
0.406435
0.203354
0.101601
0.451052
0.380372
0.241724
0.046328
0.177320
0.230980
0.352905
0.220842
0.074081
0.534988
0.182892
0.082376
0.280303
0.257963
0.430161
0.119082
0.128188
0.226500
0.058297
0.077489
0.123445
0.276458
0.313836
0.307687
0.301804
0.021934
0.303416
0.118169
0.303014
0.190458
0.428952
0.098328
0.073336
0.155721
0.195146
0.159371
0.117311
0.470721
0.154811
0.062003
0.233521
0.346210
0.145226
0.114491
0.312716
0.221927
0.201349
0.505684
0.420564
0.255426
0.482360
0.627168
0.360555
0.374753
0.419416
0.190480
0.371351
0.154686
0.353396
0.359401
0.305386
0.461654
0.389752
0.209263
0.263443
0.131396
0.629419
0.594126
0.533991
0.211221
0.261292
0.210232
0.353703
0.122099
0.457726
0.149186
0.254543
0.255355
0.495961
0.325976
0.532015
0.252012
0.232370
0.112031
0.372620
0.224858
0.443831
0.152266
0.169799
0.196123
0.095591
0.562263
0.239618
0.282345
0.531149
0.149285
0.293444
0.017820
0.424854
0.289925
0.068299
0.191338
0.654822
0.162698
0.566516
0.206206
0.096571
0.268824
0.301650
0.547004
0.525018
0.374657
0.471225
0.074349
0.476976
0.119585
0.478345
0.663042
0.715758
0.173570
0.732666
0.729423
0.598542
0.218987
0.083965
0.459319
0.565622
0.343775
0.382214
0.253796
0.115164
0.191512
0.223509
0.345324
0.461479
0.178491
0.065382
0.016687
0.080298
0.268399
0.379697
0.046626
0.169667
0.165252
0.375246
0.128206
0.526006
0.498722
0.125862
0.151397
0.818501
0.291234
0.524365
0.111792
0.222307
0.235072
0.407589
0.218531
0.577149
0.469411
0.379058
0.394149
0.244151
0.625438
0.455494
0.132529
0.175461
0.314538
0.268601
0.125209
0.428168
0.163143
0.292914
0.172142
0.570800
0.042225
0.683030
0.577585
0.296681
0.519670
0.368232
0.209103
0.740493
0.238838
0.521043
0.376749
0.371072
0.298584
0.226207
0.379390
0.253681
0.059558
0.509470
0.329413
0.323431
0.060973
0.253568
0.443568
0.340233
0.301469
0.096759
0.360176
0.117207
0.097485
0.240343
0.334437
0.321305
0.107846
0.011272
0.285805
0.111031
0.122091
0.208632
0.323704
0.447839
0.247555
0.354400
0.148065
0.147269
0.214080
0.334703
0.138293
0.301410
0.130584
0.141282
0.213388
0.136531
0.153569
0.133051
0.479974
0.027102
0.117943
0.141941
0.390731
0.242851
0.105516
0.203064
0.158433
0.264403
0.626424
0.564073
0.167576
0.462448
0.522727
0.309582
0.500442
0.394932
0.205909
0.316843
0.317111
0.257915
0.281399
0.262616
0.430755
0.353512
0.194403
0.385275
0.273937
0.654736
0.527637
0.581831
0.207019
0.272536
0.098196
0.355213
0.139594
0.504801
0.226113
0.237357
0.109619
0.426750
0.336447
0.487590
0.273463
0.269161
0.091269
0.315052
0.273442
0.475606
0.189255
0.167090
0.237319
0.066604
0.672567
0.355450
0.380161
0.624514
0.201600
0.214267
0.054671
0.386003
0.205886
0.163374
0.136276
0.668191
0.136789
0.579402
0.226649
0.300826
0.288980
0.331659
0.501377
0.421498
0.333210
0.351599
0.092444
0.458344
0.047059
0.542491
0.730373
0.751205
0.132538
0.792862
0.817859
0.524931
0.201890
0.168923
0.385404
0.535440
0.318222
0.427122
0.205343
0.164782
0.139195
0.105601
0.400740
0.548812
0.121383
0.169093
0.123175
0.280343
0.290130
0.357543
0.211771
0.241557
0.133219
0.340533
0.166867
0.447533
0.392264
0.155843
0.112037
0.844094
0.256911
0.576435
0.095445
0.242315
0.262843
0.342439
0.136447
0.671513
0.492096
0.338013
0.491441
0.233678
0.502211
0.586919
0.130421
0.118808
0.186986
0.447979
0.221987
0.380764
0.274656
0.235478
0.124943
0.636820
0.101679
0.801028
0.594267
0.271202
0.642964
0.352269
0.257540
0.776363
0.216865
0.531420
0.379766
0.356411
0.295601
0.306678
0.329725
0.343946
0.087500
0.485032
0.233861
0.443534
0.069681
0.271133
0.595688
0.401152
0.324511
0.247341
0.225173
0.154654
0.118847
0.137995
0.428705
0.201783
0.196058
0.046648
0.283805
0.088623
0.137603
0.321683
0.366275
0.467056
0.196570
0.386501
0.176017
0.056330
0.313722
0.321265
0.145884
0.150861
0.191720
0.136917
0.100617
0.078633
0.053050
0.291782
0.448806
0.113138
0.233686
0.117451
0.447409
0.323891
0.133454
0.102040
0.051694
0.273159
0.686579
0.560095
0.119266
0.285160
0.426510
0.287163
0.494096
0.462218
0.192159
0.252909
0.361902
0.163219
0.261631
0.238155
0.438205
0.364206
0.289405
0.292921
0.218440
0.584310
0.453969
0.497150
0.258272
0.153889
0.083680
0.341137
0.112257
0.452610
0.351081
0.368537
0.097315
0.390392
0.382488
0.408589
0.285083
0.227471
0.199173
0.254224
0.291738
0.683245
0.165696
0.070590
0.275003
0.047942
0.649399
0.491605
0.632813
0.664405
0.321301
0.229009
0.087926
0.384067
0.218011
0.243634
0.105318
0.688342
0.299105
0.606708
0.167240
0.429252
0.295789
0.327640
0.430776
0.386369
0.351300
0.199810
0.106895
0.413989
0.230857
0.541996
0.651942
0.626931
0.084898
0.673425
0.822783
0.542137
0.128312
0.146998
0.334174
0.624612
0.238162
0.455955
0.139315
0.170008
0.179359
0.157332
0.448936
0.455611
0.224852
0.284017
0.222178
0.361909
0.137964
0.470287
0.240635
0.227554
0.206768
0.208089
0.159955
0.470702
0.377151
0.254980
0.101828
0.805132
0.130039
0.563203
0.083873
0.213305
0.187031
0.208950
0.076673
0.736799
0.571683
0.350388
0.433581
0.196591
0.404753
0.675902
0.171682
0.078588
0.108517
0.500711
0.105979
0.376144
0.189789
0.254928
0.067269
0.640877
0.213517
0.818258
0.545029
0.278072
0.658176
0.419506
0.272813
0.754831
0.180948
0.551927
0.385348
0.283808
0.316249
0.439943
0.264557
0.400406
0.102343
0.448477
0.244517
0.589636
0.212004
0.101377
0.594183
0.426146
0.295102
0.295199
0.130672
0.100328
0.154388
0.053740
0.448900
0.234173
0.297190
0.184739
0.238521
0.130421
0.209501
0.293642
0.333466
0.343906
0.283966
0.362885
0.123268
0.144635
0.294743
0.292335
0.229700
0.162907
0.125881
0.161368
0.115146
0.183297
0.119088
0.383572
0.395950
0.138616
0.283100
0.063974
0.320008
0.283974
0.146516
0.107769
0.065197
0.236848
0.742832
0.459295
0.113943
0.098697
0.315297
0.270957
0.442652
0.431056
0.228058
0.159352
0.294276
0.016056
0.182676
0.147100
0.351006
0.425309
0.300641
0.248298
0.086363
0.414981
0.358646
0.360488
0.357458
0.146222
0.207086
0.271208
0.141391
0.424771
0.403423
0.516788
0.322174
0.383623
0.423766
0.338788
0.333639
0.266419
0.223307
0.293958
0.236039
0.850013
0.138537
0.080300
0.312093
0.101427
0.575044
0.638480
0.752069
0.646696
0.397990
0.209865
0.017303
0.429620
0.198124
0.275773
0.179727
0.716932
0.409204
0.643684
0.161533
0.409642
0.330573
0.299472
0.435268
0.448352
0.305887
0.143349
0.079705
0.398414
0.232983
0.512313
0.631049
0.514326
0.064287
0.538324
0.832678
0.578175
0.147979
0.089639
0.321635
0.679750
0.368525
0.573844
0.146041
0.314547
0.267726
0.135681
0.453471
0.486321
0.160192
0.297092
0.273982
0.528154
0.076702
0.481843
0.245346
0.243258
0.279255
0.322428
0.231355
0.512598
0.485925
0.400606
0.107214
0.790003
0.113278
0.530358
0.108934
0.269482
0.098011
0.272406
0.170949
0.762391
0.666899
0.320105
0.403393
0.281215
0.467311
0.714117
0.201285
0.052651
0.184895
0.355894
0.057841
0.399318
0.101416
0.307978
0.130251
0.548024
0.201830
0.770790
0.503713
0.281503
0.555020
0.490989
0.278428
0.727908
0.208764
0.568373
0.350807
0.145955
0.400468
0.511033
0.204969
0.505623
0.088740
0.428298
0.252243
0.657168
0.248888
0.046132
0.579543
0.407906
0.245415
0.340852
0.112890
0.025038
0.167177
0.101819
0.385367
0.207649
0.365632
0.304136
0.197805
0.153330
0.181814
0.225988
0.254173
0.216276
0.392109
0.327489
0.234013
0.240360
0.244023
0.281742
0.345229
0.170233
0.045735
0.224133
0.163903
0.230616
0.160547
0.484407
0.369903
0.198841
0.236832
0.068005
0.247545
0.135394
0.180139
0.195714
0.074022
0.270006
0.664494
0.421757
0.075269
0.130447
0.195350
0.205551
0.392343
0.338866
0.258315
0.195872
0.218290
0.106719
0.163434
0.135682
0.341243
0.527351
0.302817
0.245025
0.022217
0.257960
0.295206
0.443930
0.369207
0.145278
0.284726
0.319631
0.219752
0.509690
0.424401
0.622624
0.322280
0.357630
0.467987
0.241060
0.288584
0.486248
0.045317
0.351882
0.235009
0.866209
0.121539
0.235973
0.372704
0.139097
0.506878
0.704268
0.625459
0.555748
0.366904
0.162558
0.127968
0.501782
0.144655
0.291052
0.126501
0.677599
0.363793
0.572903
0.207126
0.446985
0.296251
0.367653
0.458871
0.402301
0.252503
0.275501
0.137820
0.403339
0.140645
0.424970
0.549580
0.530157
0.074755
0.471983
0.838789
0.612147
0.217036
0.062865
0.294657
0.625724
0.410116
0.634050
0.188189
0.382939
0.210036
0.212867
0.453650
0.494305
0.136851
0.360755
0.088774
0.500248
0.129162
0.481520
0.324018
0.329098
0.373989
0.508992
0.168804
0.498026
0.486143
0.415966
0.070957
0.649429
0.106572
0.501180
0.064857
0.316906
0.148453
0.275033
0.308139
0.749037
0.609160
0.245635
0.371012
0.435681
0.560784
0.645803
0.131688
0.139469
0.179491
0.299490
0.161530
0.503230
0.393899
0.344081
0.290093
0.549749
0.098318
0.698789
0.557911
0.219807
0.493498
0.453860
0.386489
0.766525
0.158685
0.584667
0.330844
0.133738
0.551845
0.491532
0.250960
0.550495
0.209074
0.390974
0.208889
0.768814
0.179366
0.139350
0.555662
0.345278
0.208004
0.390224
0.133187
0.075413
0.189178
0.164213
0.431473
0.121110
0.376727
0.370692
0.160460
0.145279
0.127506
0.141230
0.129980
0.251743
0.363602
0.294810
0.304494
0.209671
0.073615
0.272246
0.405183
0.184048
0.118624
0.301342
0.149519
0.214784
0.202625
0.406137
0.352738
0.262117
0.179236
0.163911
0.297463
0.106153
0.193758
0.367015
0.090473
0.366733
0.536514
0.430311
0.160444
0.284183
0.255595
0.192643
0.336901
0.357370
0.299771
0.244544
0.267319
0.042666
0.271372
0.176566
0.322612
0.663229
0.241291
0.340645
0.097410
0.221934
0.306783
0.611305
0.335980
0.108961
0.291730
0.319698
0.279963
0.603273
0.401412
0.648124
0.185989
0.221842
0.480949
0.209444
0.310859
0.766949
0.125407
0.374353
0.182236
0.864201
0.185566
0.419178
0.359548
0.155450
0.405102
0.693307
0.406832
0.514266
0.336888
0.114195
0.044092
0.507266
0.138115
0.208026
0.198798
0.501747
0.414568
0.460904
0.291126
0.427181
0.324853
0.412992
0.469550
0.219135
0.202294
0.341890
0.084856
0.497247
0.160657
0.346424
0.395158
0.515174
0.147996
0.527187
0.703377
0.690180
0.190437
0.024602
0.312420
0.597707
0.351527
0.532610
0.270324
0.278559
0.181579
0.193198
0.438736
0.437120
0.338500
0.441331
0.132881
0.616027
0.126771
0.555136
0.377768
0.314030
0.385689
0.577207
0.131224
0.393338
0.348245
0.331031
0.033958
0.455829
0.239533
0.468171
0.056563
0.336785
0.183615
0.177434
0.365069
0.652503
0.488122
0.168187
0.352370
0.506684
0.591968
0.613765
0.063104
0.287014
0.133382
0.422506
0.166078
0.543767
0.490738
0.249492
0.329701
0.612490
0.095023
0.613311
0.553854
0.063979
0.468631
0.378055
0.473802
0.777632
0.169741
0.546001
0.363746
0.236249
0.568016
0.544876
0.249484
0.408670
0.181288
0.289523
0.230906
0.826350
0.109607
0.174761
0.463488
0.275783
0.222920
0.314594
0.159214
0.150052
0.239079
0.162773
0.395964
0.135261
0.330737
0.348095
0.192700
0.176386
0.196864
0.108075
0.186990
0.255519
0.196489
0.332262
0.226365
0.129871
0.140645
0.270459
0.375742
0.313341
0.255600
0.271312
0.074609
0.265732
0.286201
0.334762
0.299513
0.230947
0.177096
0.265103
0.305477
0.121216
0.112835
0.354587
0.103676
0.390877
0.479854
0.362073
0.232982
0.349733
0.313403
0.170256
0.282103
0.309665
0.179698
0.315295
0.384060
0.007649
0.328270
0.132161
0.313127
0.823068
0.200773
0.408514
0.215462
0.254388
0.415444
0.650788
0.246629
0.184785
0.321461
0.343904
0.283166
0.513559
0.313253
0.482306
0.219777
0.218117
0.447290
0.241561
0.286237
0.859114
0.241810
0.420164
0.106885
0.879973
0.362353
0.408297
0.332016
0.148665
0.348754
0.654039
0.355144
0.474054
0.305687
0.212234
0.168148
0.454526
0.144593
0.182270
0.172085
0.220010
0.561127
0.363979
0.425605
0.428852
0.311216
0.389469
0.534492
0.326305
0.165142
0.272326
0.075730
0.563714
0.215108
0.333526
0.264752
0.393611
0.106937
0.548653
0.515087
0.618069
0.181152
0.048946
0.343773
0.622470
0.302732
0.475090
0.279500
0.142249
0.203487
0.168033
0.313734
0.427496
0.309903
0.473991
0.244729
0.543984
0.044024
0.650970
0.197922
0.183568
0.326628
0.529711
0.243775
0.319213
0.246545
0.232603
0.173981
0.413175
0.326837
0.455953
0.167773
0.208293
0.174602
0.217218
0.320585
0.597173
0.382541
0.127866
0.298516
0.504174
0.518055
0.620527
0.051390
0.253482
0.088334
0.480179
0.206392
0.485725
0.356851
0.192155
0.189869
0.641290
0.052554
0.429287
0.423384
0.124440
0.392544
0.373368
0.435378
0.658950
0.107899
0.410214
0.240686
0.282041
0.387258
0.560670
0.263204
0.265556
0.245612
0.213736
0.276008
0.790186
0.102054
0.168820
0.309037
0.277154
0.179184
0.316375
0.186819
0.160306
0.297369
0.111281
0.420899
0.082673
0.310281
0.258200
0.277944
0.238246
0.258240
0.136354
0.159136
0.161375
0.090064
0.322513
0.263739
0.210938
0.301412
0.228070
0.318776
0.405220
0.374328
0.212201
0.160343
0.369716
0.335843
0.360148
0.223457
0.073384
0.155602
0.170379
0.212016
0.057482
0.118999
0.311043
0.150960
0.371035
0.415473
0.287744
0.261246
0.317431
0.176895
0.142996
0.230354
0.286434
0.123811
0.456283
0.488564
0.093086
0.301906
0.079692
0.295430
0.873109
0.256341
0.338192
0.200501
0.292766
0.540199
0.630717
0.204105
0.299261
0.248686
0.366116
0.304142
0.385000
0.175803
0.229343
0.212209
0.264762
0.326371
0.281785
0.300060
0.669639
0.348213
0.491404
0.182043
0.758178
0.415646
0.307371
0.354588
0.249168
0.488375
0.650620
0.348279
0.356478
0.148331
0.183840
0.241474
0.489120
0.198397
0.256813
0.053601
0.057680
0.580672
0.284100
0.520324
0.531129
0.194470
0.341997
0.537184
0.418705
0.161608
0.255140
0.156102
0.637487
0.195581
0.377901
0.194067
0.295344
0.107809
0.406463
0.505866
0.510793
0.175183
0.104030
0.306415
0.582353
0.258590
0.440828
0.235969
0.041538
0.192054
0.229957
0.338035
0.412192
0.269359
0.454216
0.193260
0.540721
0.089776
0.591448
0.061303
0.203185
0.259143
0.597149
0.371845
0.283082
0.228998
0.234190
0.397540
0.487967
0.322641
0.451634
0.202729
0.222633
0.181652
0.324548
0.267991
0.651678
0.489141
0.156819
0.353064
0.481867
0.432353
0.509659
0.077115
0.180286
0.131396
0.454866
0.179372
0.445633
0.261721
0.212198
0.172359
0.594162
0.020818
0.325495
0.261676
0.140867
0.254607
0.384392
0.280040
0.586336
0.072162
0.275789
0.222756
0.301668
0.321470
0.523694
0.444046
0.223607
0.146630
0.216045
0.222521
0.735901
0.085149
0.233974
0.201134
0.333583
0.114855
0.349231
0.160522
0.132426
0.310999
0.026036
0.504402
0.089606
0.326566
0.149872
0.259737
0.314744
0.137258
0.201083
0.095813
0.067173
0.237940
0.263408
0.394811
0.192091
0.357850
0.118029
0.325383
0.428513
0.433180
0.164973
0.341802
0.366331
0.219371
0.342061
0.200782
0.094292
0.109935
0.053369
0.153824
0.101251
0.206040
0.244681
0.192277
0.450393
0.343087
0.050641
0.195483
0.286232
0.084236
0.066030
0.153199
0.346090
0.124357
0.395339
0.462082
0.166482
0.317923
0.087099
0.353571
0.823532
0.368865
0.264906
0.161950
0.143092
0.581691
0.666528
0.230411
0.381582
0.205142
0.432801
0.371179
0.438470
0.080194
0.200341
0.216890
0.267972
0.169283
0.295865
0.368852
0.439814
0.359620
0.491307
0.184028
0.519664
0.327124
0.240601
0.290698
0.316647
0.600914
0.700265
0.185698
0.213929
0.081120
0.241633
0.156505
0.535111
0.371149
0.429086
0.048291
0.054868
0.468960
0.220155
0.593026
0.483444
0.120994
0.358370
0.394147
0.509862
0.294806
0.246153
0.139882
0.610143
0.175515
0.316787
0.200901
0.263725
0.117516
0.411005
0.449709
0.359969
0.148094
0.044565
0.148569
0.415354
0.225611
0.408013
0.107626
0.030553
0.177787
0.242815
0.411756
0.343325
0.315589
0.414301
0.152829
0.602686
0.107853
0.496467
0.137678
0.359062
0.272771
0.686454
0.466447
0.324437
0.167597
0.203198
0.366965
0.550985
0.333852
0.527887
0.276099
0.251254
0.152880
0.476141
0.306492
0.698144
0.588808
0.241064
0.404067
0.430521
0.345004
0.506810
0.015154
0.131869
0.050655
0.537029
0.128705
0.496043
0.273247
0.211043
0.345364
0.586858
0.076479
0.343048
0.170922
0.104911
0.212789
0.406449
0.356686
0.574139
0.139887
0.282487
0.286147
0.281060
0.386766
0.671276
0.493337
0.142929
0.119394
0.290425
0.262070
0.758363
0.208866
0.318233
0.211645
0.263237
0.185217
0.227293
0.113575
0.046252
0.205494
0.059324
0.539073
0.126502
0.362934
0.152910
0.296037
0.428042
0.070049
0.147362
0.159418
0.082400
0.247375
0.137711
0.396387
0.159880
0.342979
0.113999
0.342632
0.346686
0.430390
0.167592
0.409267
0.258116
0.069651
0.232167
0.157025
0.186549
0.092035
0.094633
0.149245
0.152524
0.243071
0.185355
0.133720
0.546727
0.326675
0.119987
0.158379
0.220205
0.156639
0.104043
0.139451
0.373488
0.090755
0.298437
0.361085
0.190055
0.221536
0.054113
0.318930
0.779412
0.338806
0.295730
0.207168
0.039133
0.567442
0.648515
0.322030
0.408998
0.239468
0.492061
0.418410
0.509429
0.136625
0.164425
0.250452
0.366460
0.069272
0.273166
0.468017
0.397909
0.253834
0.359741
0.299384
0.354546
0.257225
0.239927
0.143079
0.367614
0.615293
0.658265
0.046671
0.131577
0.096936
0.317918
0.184466
0.500687
0.547789
0.416134
0.053031
0.114228
0.449926
0.350800
0.413673
0.314049
0.099466
0.323637
0.435779
0.567857
0.363681
0.135679
0.153723
0.522137
0.188958
0.222214
0.119795
0.239441
0.118826
0.537432
0.282288
0.338306
0.158598
0.027247
0.107295
0.322855
0.290367
0.429879
0.014860
0.099876
0.182467
0.159166
0.474250
0.274811
0.440458
0.352030
0.271978
0.615112
0.172851
0.405373
0.311945
0.444320
0.411925
0.730291
0.508542
0.317995
0.132997
0.187095
0.253408
0.480779
0.417144
0.572959
0.217507
0.176143
0.140549
0.524588
0.330501
0.625393
0.559344
0.214814
0.391987
0.369273
0.246624
0.632010
0.053160
0.108915
0.086707
0.563779
0.102048
0.510001
0.381090
0.089316
0.442431
0.495056
0.116955
0.253232
0.102504
0.103239
0.243992
0.396729
0.439360
0.447848
0.113346
0.230207
0.215319
0.259481
0.380883
0.710157
0.323539
0.147017
0.070934
0.370953
0.205236
0.724121
0.352944
0.327482
0.242605
0.215738
0.188952
0.223161
0.187181
0.067371
0.168638
0.143377
0.410137
0.159496
0.346871
0.179387
0.363181
0.433023
0.119942
0.135995
0.287445
0.172278
0.151146
0.049786
0.256513
0.236210
0.379770
0.159953
0.360482
0.160979
0.362984
0.173523
0.328451
0.230429
0.049802
0.187645
0.107672
0.177159
0.143198
0.070930
0.149036
0.166147
0.124362
0.186240
0.024352
0.456471
0.214650
0.093791
0.094681
0.167101
0.150089
0.204430
0.111718
0.378005
0.254579
0.375712
0.267094
0.217462
0.205693
0.029202
0.257996
0.667294
0.268383
0.412071
0.273952
0.116616
0.505155
0.579343
0.335551
0.401755
0.237143
0.484072
0.440392
0.593068
0.196287
0.086797
0.229356
0.341471
0.104788
0.325731
0.519545
0.356058
0.198891
0.346618
0.366936
0.378659
0.300844
0.235041
0.108753
0.384454
0.542040
0.532415
0.108327
0.140606
0.152226
0.420161
0.110861
0.443875
0.624163
0.262370
0.152569
0.099633
0.493916
0.623912
0.229798
0.250218
0.089499
0.262588
0.501302
0.550547
0.290604
0.182277
0.177870
0.458929
0.130346
0.208309
0.049003
0.122954
0.139146
0.521282
0.060690
0.336510
0.300906
0.045103
0.209273
0.265413
0.344741
0.532453
0.033452
0.265523
0.161305
0.173311
0.439068
0.187671
0.446629
0.315762
0.330443
0.446574
0.116113
0.364118
0.389428
0.336085
0.483508
0.709935
0.502810
0.435226
0.164210
0.209544
0.160400
0.356663
0.402674
0.589690
0.166730
0.112499
0.143881
0.575156
0.339664
0.538958
0.481930
0.165055
0.360473
0.369215
0.251190
0.621090
0.075419
0.166566
0.218686
0.351552
0.095629
0.483892
0.418478
0.061812
0.375414
0.462442
0.153261
0.326961
0.022510
0.139589
0.237511
0.332562
0.381192
0.452047
0.188647
0.211555
0.097196
0.326150
0.280498
0.599843
0.149950
0.083650
0.042532
0.350918
0.105697
0.478436
0.404607
0.233996
0.261904
0.273468
0.201838
0.195343
0.257025
0.091029
0.068675
0.202616
0.338684
0.222201
0.251865
0.123370
0.385685
0.309454
0.180666
0.138015
0.322704
0.181948
0.098240
0.148272
0.065906
0.289618
0.403217
0.171304
0.435413
0.221830
0.241374
0.272293
0.298017
0.163370
0.100576
0.201966
0.176715
0.165388
0.321280
0.048302
0.149450
0.182430
0.052660
0.176254
0.102955
0.303178
0.160004
0.224327
0.096894
0.097666
0.092854
0.291095
0.073595
0.293545
0.298170
0.547668
0.278829
0.172528
0.240458
0.024248
0.272013
0.408368
0.297794
0.530209
0.243518
0.180035
0.418102
0.530516
0.247651
0.411360
0.219242
0.521924
0.430211
0.606454
0.235095
0.155180
0.196768
0.393479
0.186939
0.372506
0.575524
0.197105
0.245721
0.355909
0.424890
0.370152
0.345833
0.193550
0.159180
0.400657
0.492088
0.456305
0.064848
0.114312
0.081096
0.407839
0.109029
0.485836
0.633837
0.293699
0.224431
0.074196
0.472872
0.761625
0.175989
0.108464
0.113286
0.271463
0.424218
0.568616
0.286736
0.224802
0.271113
0.536752
0.172626
0.405077
0.114541
0.074655
0.080651
0.479312
0.108950
0.272997
0.254459
0.057441
0.164076
0.147513
0.378574
0.495157
0.206850
0.326945
0.110978
0.320127
0.422679
0.208540
0.388669
0.253038
0.365660
0.439634
0.072703
0.308533
0.439027
0.332274
0.435951
0.704557
0.444556
0.501722
0.104303
0.249116
0.233112
0.374680
0.331475
0.655119
0.179365
0.207049
0.227443
0.676294
0.322142
0.481369
0.406053
0.184221
0.321851
0.344118
0.364422
0.446356
0.095016
0.188203
0.278630
0.314607
0.186197
0.432921
0.403302
0.124370
0.257682
0.463877
0.148509
0.327009
0.239917
0.208100
0.156224
0.263187
0.491490
0.506626
0.277298
0.089165
0.131293
0.399840
0.293407
0.643232
0.050413
0.150762
0.079994
0.330375
0.305318
0.199219
0.305511
0.188587
0.224217
0.269335
0.163673
0.188525
0.213856
0.026010
0.125022
0.229863
0.273450
0.204881
0.234034
0.089585
0.391343
0.080309
0.137019
0.100216
0.272591
0.129271
0.066803
0.201545
0.036917
0.194664
0.399372
0.131521
0.416145
0.197492
0.206156
0.302641
0.332641
0.049733
0.159579
0.165492
0.268636
0.251878
0.356139
0.197395
0.123266
0.169129
0.169233
0.143960
0.222782
0.242912
0.117530
0.289718
0.062207
0.277252
0.094564
0.239405
0.144740
0.362891
0.324409
0.637791
0.210075
0.225139
0.300681
0.208832
0.311438
0.242739
0.318569
0.509601
0.221022
0.283593
0.363652
0.577211
0.228522
0.385809
0.185620
0.568106
0.307522
0.584018
0.167519
0.214913
0.184392
0.400937
0.244869
0.459410
0.538467
0.055114
0.258405
0.318680
0.524066
0.301282
0.297058
0.162925
0.124894
0.425286
0.400825
0.380324
0.128436
0.086180
0.208220
0.538268
0.130549
0.538788
0.632300
0.455212
0.295960
0.054193
0.409362
0.780249
0.118133
0.166054
0.201377
0.256100
0.246414
0.499339
0.209761
0.163947
0.289696
0.637429
0.096791
0.466632
0.091106
0.187679
0.082510
0.495031
0.105685
0.214561
0.208892
0.039233
0.144795
0.058303
0.389521
0.402448
0.250535
0.342562
0.201113
0.456231
0.450530
0.200437
0.375111
0.238482
0.420104
0.441162
0.058092
0.376981
0.480892
0.424548
0.332832
0.647841
0.463452
0.536424
0.095587
0.223311
0.248000
0.350966
0.225853
0.685568
0.304624
0.333058
0.316246
0.606274
0.303554
0.368006
0.319253
0.135128
0.224482
0.244506
0.498510
0.436423
0.151405
0.200222
0.298622
0.383216
0.142121
0.457418
0.438893
0.135895
0.228367
0.439957
0.225666
0.317885
0.299924
0.185869
0.139485
0.194616
0.572508
0.484405
0.221430
0.033888
0.186238
0.466771
0.346817
0.672832
0.069906
0.121468
0.078788
0.289818
0.334761
0.348803
0.275954
0.155498
0.197244
0.185785
0.122333
0.170075
0.056836
0.157631
0.330737
0.252777
0.252336
0.102075
0.265675
0.080639
0.308613
0.090278
0.187710
0.038080
0.268908
0.114221
0.148634
0.223734
0.052714
0.111279
0.413953
0.152724
0.286833
0.257957
0.218079
0.293666
0.241937
0.091043
0.159803
0.142527
0.268542
0.315113
0.299917
0.309380
0.076736
0.135316
0.213545
0.264538
0.169048
0.142322
0.192566
0.209498
0.010746
0.335071
0.081397
0.224803
0.239527
0.432274
0.331805
0.640391
0.126226
0.415180
0.278723
0.348645
0.386155
0.266081
0.365672
0.379334
0.235475
0.294207
0.304298
0.491942
0.314438
0.365002
0.044025
0.553511
0.201828
0.619366
0.125050
0.239900
0.175431
0.410192
0.291912
0.643709
0.416570
0.006152
0.207784
0.415993
0.630097
0.281519
0.148997
0.089237
0.067626
0.485709
0.353224
0.285030
0.094098
0.040642
0.298461
0.682507
0.111652
0.573279
0.528661
0.485574
0.379972
0.079847
0.518502
0.838730
0.242903
0.362478
0.226542
0.100217
0.249697
0.541511
0.094946
0.049998
0.240087
0.598846
0.180938
0.437447
0.069438
0.236851
0.155778
0.551964
0.103963
0.234091
0.186335
0.173601
0.160177
0.149558
0.321977
0.405495
0.203773
0.388515
0.228651
0.531003
0.500774
0.183454
0.348438
0.233896
0.376857
0.492088
0.154888
0.477088
0.494137
0.439234
0.243815
0.597406
0.498310
0.497909
0.073902
0.242356
0.085986
0.347641
0.230378
0.543257
0.320385
0.293944
0.302517
0.531324
0.252032
0.285373
0.225628
0.042072
0.134993
0.117540
0.548775
0.467160
0.152727
0.175583
0.377248
0.343763
0.154287
0.368092
0.514343
0.062638
0.297672
0.307644
0.345001
0.405016
0.286277
0.120830
0.145436
0.071366
0.526361
0.528570
0.106540
0.107093
0.287645
0.486992
0.336083
0.563458
0.087072
0.238459
0.084473
0.275692
0.264343
0.463224
0.258121
0.157144
0.129346
0.074553
0.179152
0.139518
0.120572
0.219524
0.385712
0.216793
0.129949
0.032537
0.184139
0.115726
0.253045
0.094214
0.265897
0.095656
0.328314
0.103648
0.217734
0.178220
0.095852
0.067180
0.420037
0.173428
0.104759
0.203683
0.248417
0.252393
0.179872
0.071383
0.161880
0.146274
0.203601
0.252489
0.372947
0.313410
0.120755
0.167518
0.208794
0.333771
0.207594
0.084194
0.301579
0.147285
0.074381
0.274864
0.155177
0.114526
0.330246
0.445464
0.365823
0.653471
0.129707
0.576345
0.290260
0.358343
0.434387
0.321195
0.284193
0.175369
0.254700
0.209388
0.284778
0.449725
0.377175
0.360326
0.212230
0.488177
0.150110
0.556728
0.055553
0.258167
0.156607
0.405211
0.237261
0.723694
0.272005
0.030895
0.318236
0.533385
0.612824
0.229693
0.098164
0.041634
0.129011
0.401530
0.325233
0.329745
0.103678
0.050276
0.177262
0.782333
0.127482
0.554829
0.403185
0.380073
0.298004
0.208579
0.593383
0.826300
0.172083
0.408380
0.192023
0.102142
0.317557
0.580209
0.109339
0.115429
0.317912
0.493784
0.295291
0.475460
0.133132
0.278767
0.161105
0.444716
0.222617
0.353401
0.215004
0.208289
0.152740
0.347891
0.324989
0.408276
0.183538
0.498680
0.196405
0.437413
0.500311
0.229806
0.188444
0.230738
0.201897
0.484240
0.225744
0.484667
0.513112
0.286119
0.208166
0.657787
0.535746
0.470889
0.027526
0.226137
0.097562
0.308384
0.219310
0.438462
0.276007
0.176762
0.294226
0.486069
0.195361
0.267339
0.189701
0.089884
0.187060
0.122007
0.627600
0.538701
0.220000
0.235905
0.431538
0.282121
0.191534
0.298202
0.533627
0.120723
0.255332
0.280798
0.452514
0.535593
0.342268
0.159927
0.129704
0.048641
0.499659
0.648599
0.167220
0.121403
0.279628
0.436846
0.311705
0.421455
0.037051
0.361422
0.143552
0.304862
0.188904
0.521651
0.138466
0.205893
0.139827
0.037375
0.233168
0.047802
0.172540
0.226912
0.337269
0.090747
0.068595
0.162453
0.060521
0.183162
0.294769
0.116024
0.298552
0.139373
0.203340
0.031594
0.216448
0.111843
0.136505
0.064700
0.401588
0.075090
0.154955
0.184746
0.223864
0.256063
0.142972
0.051018
0.070368
0.198495
0.160060
0.226367
0.533905
0.258418
0.188469
0.181585
0.174793
0.226781
0.331170
0.173857
0.285939
0.130411
0.125068
0.166341
0.223368
0.067674
0.366369
0.334501
0.332822
0.816704
0.192624
0.544940
0.246311
0.335617
0.438720
0.211971
0.225968
0.176898
0.302122
0.205687
0.191713
0.510031
0.476895
0.338818
0.312988
0.461630
0.103275
0.565418
0.081327
0.210354
0.169610
0.390699
0.228315
0.691363
0.153002
0.083563
0.274779
0.431829
0.543330
0.207388
0.181596
0.059425
0.252787
0.246318
0.312643
0.335076
0.038176
0.090359
0.018012
0.680843
0.190215
0.437471
0.300258
0.180720
0.309895
0.264820
0.497843
0.697318
0.056166
0.366720
0.105723
0.045882
0.412975
0.475685
0.140010
0.206121
0.264142
0.468535
0.434330
0.679413
0.259984
0.284843
0.120610
0.282597
0.319482
0.393167
0.254274
0.157411
0.176614
0.330237
0.347025
0.409656
0.302250
0.552533
0.184359
0.266372
0.509305
0.425244
0.035433
0.156252
0.102975
0.390054
0.126672
0.356997
0.563175
0.252539
0.195226
0.600477
0.418592
0.576051
0.013314
0.097678
0.131331
0.272917
0.256485
0.424613
0.296530
0.212753
0.152910
0.416651
0.304731
0.228372
0.163649
0.117192
0.128171
0.146723
0.722303
0.604305
0.252589
0.284786
0.342913
0.363290
0.138625
0.280008
0.540529
0.268312
0.209080
0.320484
0.444491
0.627288
0.354919
0.050056
0.122163
0.180696
0.575173
0.718819
0.214761
0.222008
0.287281
0.336313
0.319542
0.461102
0.219440
0.425976
0.147103
0.380043
0.203535
0.559703
0.112868
0.304650
0.182161
0.108719
0.223877
0.019385
0.113725
0.273915
0.337298
0.128332
0.077712
0.225896
0.066555
0.339061
0.304809
0.178746
0.246908
0.227988
0.225427
0.042353
0.239137
0.030470
0.161031
0.024101
0.301438
0.102326
0.236025
0.178887
0.149935
0.165881
0.090425
0.116586
0.090444
0.243782
0.196336
0.235572
0.578484
0.297295
0.222001
0.254204
0.094594
0.178453
0.372847
0.225978
0.190569
0.189412
0.128502
0.286631
0.295021
0.203596
0.472227
0.428365
0.313209
0.809915
0.226005
0.321645
0.170998
0.274400
0.370662
0.252834
0.321587
0.180279
0.257703
0.245697
0.225641
0.546392
0.559251
0.341282
0.269640
0.633670
0.018523
0.660522
0.174293
0.045763
0.073254
0.442547
0.286113
0.791987
0.141525
0.121881
0.249609
0.318785
0.520572
0.277719
0.247387
0.045646
0.253664
0.246284
0.277106
0.372965
0.007649
0.216920
0.065748
0.707401
0.275789
0.397030
0.268589
0.139766
0.386507
0.137155
0.323838
0.568903
0.053931
0.370092
0.132707
0.066339
0.455870
0.420423
0.192004
0.277451
0.178663
0.484310
0.608594
0.863856
0.183444
0.203480
0.137206
0.295074
0.371450
0.344975
0.273311
0.185127
0.115044
0.250947
0.363586
0.431304
0.382374
0.446992
0.311957
0.269139
0.479513
0.468574
0.117958
0.163384
0.122836
0.369717
0.157779
0.402959
0.555214
0.263147
0.223030
0.394802
0.245355
0.750515
0.051901
0.084954
0.116060
0.284703
0.283441
0.399454
0.403169
0.427498
0.037919
0.286320
0.271201
0.237728
0.304094
0.231445
0.082080
0.145277
0.710374
0.785348
0.263543
0.294442
0.294770
0.424680
0.149035
0.406328
0.385073
0.208735
0.259592
0.323285
0.354968
0.514680
0.270581
0.135893
0.173990
0.193437
0.648145
0.613732
0.263132
0.334787
0.331091
0.235819
0.479110
0.421266
0.367620
0.352560
0.118005
0.382732
0.279199
0.603429
0.227721
0.158754
0.159203
0.156379
0.173564
0.120811
0.034230
0.315078
0.527347
0.115410
0.114167
0.233158
0.214570
0.486633
0.217548
0.143805
0.244127
0.208381
0.179853
0.124794
0.295684
0.076704
0.310019
0.107870
0.221421
0.206324
0.252346
0.183012
0.157478
0.071400
0.090731
0.276170
0.085470
0.240850
0.224061
0.177023
0.472003
0.425435
0.152276
0.255848
0.033798
0.146228
0.334190
0.264113
0.125380
0.133652
0.167901
0.301821
0.296345
0.244788
0.552312
0.475442
0.289670
0.804182
0.200234
0.123203
0.129895
0.206009
0.454270
0.280338
0.357259
0.210693
0.255379
0.240969
0.240392
0.405124
0.582702
0.351992
0.276644
0.760916
0.109315
0.570141
0.202719
0.106161
0.028776
0.393439
0.168649
0.905954
0.182620
0.144908
0.129155
0.187235
0.584874
0.463684
0.299083
0.032536
0.191564
0.246179
0.282149
0.421919
0.016525
0.261753
0.157513
0.744699
0.333931
0.432056
0.223144
0.177696
0.349017
0.174554
0.296856
0.641607
0.225272
0.346809
0.149702
0.038855
0.476791
0.478175
0.263126
0.306084
0.188211
0.386129
0.638911
0.821368
0.128716
0.103119
0.227654
0.331356
0.325271
0.540976
0.258520
0.215540
0.177400
0.306828
0.302906
0.461506
0.357635
0.323538
0.416695
0.409626
0.501886
0.497028
0.205183
0.169149
0.199410
0.432919
0.066845
0.444784
0.396518
0.179403
0.187701
0.173371
0.109198
0.768808
0.139041
0.061534
0.181821
0.322290
0.293208
0.384467
0.389892
0.475226
0.188346
0.310907
0.096441
0.379160
0.380247
0.231010
0.151901
0.233610
0.622081
0.771052
0.353273
0.236044
0.224300
0.362809
0.170346
0.495223
0.216106
0.116994
0.266390
0.196686
0.338470
0.512294
0.223055
0.191431
0.225281
0.111495
0.684369
0.465614
0.367630
0.335532
0.268869
0.169068
0.576894
0.349154
0.372397
0.258902
0.185302
0.321435
0.395259
0.673600
0.224034
0.098415
0.093927
0.202780
0.158440
0.204781
0.082013
0.388495
0.676443
0.092750
0.221484
0.163934
0.330683
0.466039
0.130565
0.113928
0.261219
0.146609
0.154023
0.149644
0.225753
0.096004
0.516846
0.156030
0.162346
0.216646
0.251892
0.206433
0.135040
0.034002
0.175167
0.237594
0.085990
0.231712
0.206485
0.110057
0.297531
0.458361
0.064200
0.208474
0.098854
0.073286
0.240495
0.250877
0.174540
0.084163
0.312541
0.266547
0.216274
0.172935
0.537738
0.428506
0.291258
0.760752
0.244054
0.187768
0.159395
0.205789
0.491179
0.351595
0.325161
0.328161
0.249190
0.273718
0.241418
0.327941
0.519580
0.340877
0.430385
0.764475
0.179532
0.530858
0.137130
0.158426
0.114236
0.244375
0.152075
0.818226
0.195540
0.168538
0.096649
0.119044
0.508842
0.584998
0.297398
0.056812
0.173966
0.137178
0.405909
0.479260
0.042497
0.292657
0.224185
0.609813
0.290407
0.413664
0.114293
0.050606
0.241793
0.212913
0.260901
0.569239
0.329203
0.099802
0.175037
0.147929
0.486567
0.466853
0.302619
0.298390
0.255997
0.298285
0.541091
0.665184
0.175667
0.118929
0.285110
0.415567
0.212482
0.737595
0.171044
0.245715
0.332890
0.404806
0.162591
0.451865
0.264777
0.257806
0.305495
0.382951
0.530969
0.632552
0.222455
0.175062
0.102895
0.456884
0.158673
0.533440
0.182221
0.149543
0.146696
0.214074
0.127556
0.663102
0.308877
0.116075
0.174278
0.245320
0.326786
0.367079
0.381071
0.362954
0.240078
0.383850
0.139229
0.426591
0.410647
0.151836
0.268975
0.314172
0.532484
0.705214
0.453128
0.186993
0.351246
0.331633
0.201354
0.504690
0.184455
0.085276
0.260947
0.241251
0.418528
0.566427
0.202324
0.173126
0.214869
0.085657
0.731119
0.287370
0.375923
0.270578
0.254303
0.064264
0.571509
0.357070
0.312664
0.249485
0.119687
0.303479
0.556810
0.707018
0.164797
0.127789
0.213084
0.273501
0.252145
0.346028
0.129934
0.398092
0.636391
0.187269
0.247849
0.135659
0.380475
0.383971
0.148693
0.059588
0.248666
0.111627
0.252039
0.040765
0.165363
0.135283
0.570424
0.183982
0.030289
0.167064
0.269660
0.298493
0.103857
0.069008
0.212492
0.169322
0.143061
0.247967
0.133925
0.062513
0.184810
0.393451
0.111718
0.177164
0.172950
0.047587
0.232597
0.228464
0.188497
0.187465
0.422176
0.269079
0.180130
0.119613
0.520882
0.411856
0.254076
0.774922
0.380019
0.161980
0.133844
0.234882
0.457389
0.413805
0.278001
0.416923
0.235674
0.290310
0.292272
0.284651
0.445712
0.284914
0.501719
0.701172
0.115632
0.531314
0.119589
0.109135
0.132919
0.216073
0.255901
0.638434
0.209469
0.169230
0.188436
0.137781
0.348820
0.563691
0.327536
0.096606
0.158695
0.037713
0.529925
0.457450
0.150615
0.373659
0.219162
0.476716
0.247232
0.332707
0.073724
0.022066
0.301406
0.172096
0.345334
0.458793
0.277873
0.086085
0.127698
0.213655
0.394943
0.376664
0.292719
0.292683
0.281748
0.356074
0.440826
0.448897
0.184293
0.087768
0.288836
0.402711
0.190032
0.709016
0.159792
0.194457
0.404724
0.395990
0.173416
0.377557
0.197794
0.236198
0.131917
0.264018
0.578075
0.761060
0.167889
0.171118
0.089506
0.449484
0.285402
0.578186
0.038187
0.227662
0.157294
0.221486
0.184090
0.586471
0.313501
0.076078
0.107922
0.228924
0.458216
0.320187
0.329414
0.231853
0.251283
0.422107
0.102163
0.224219
0.346106
0.035361
0.271685
0.346446
0.589505
0.638313
0.453644
0.110419
0.427087
0.499269
0.268475
0.460882
0.077386
0.083267
0.281603
0.386992
0.525421
0.580469
0.158343
0.260858
0.256683
0.054055
0.798054
0.223935
0.342702
0.280834
0.278573
0.105302
0.566504
0.492143
0.252312
0.281792
0.070192
0.308115
0.717886
0.610812
0.142001
0.117522
0.240617
0.387335
0.288430
0.355336
0.173387
0.322075
0.462263
0.210411
0.198601
0.180527
0.404533
0.274174
0.092983
0.022907
0.357677
0.135547
0.320317
0.122983
0.255128
0.152266
0.421797
0.373018
0.138332
0.240687
0.358772
0.376716
0.121437
0.211614
0.148320
0.155769
0.174119
0.214599
0.064407
0.131616
0.149396
0.267387
0.160557
0.205629
0.171576
0.059749
0.320789
0.233031
0.219498
0.235431
0.310751
0.320523
0.216198
0.155565
0.472343
0.481887
0.317511
0.710472
0.410174
0.091357
0.185629
0.114975
0.425122
0.533523
0.198799
0.331185
0.196119
0.380358
0.357370
0.294913
0.334790
0.323259
0.459732
0.636256
0.016801
0.519733
0.071032
0.063432
0.099878
0.401026
0.376354
0.607316
0.171897
0.106071
0.222612
0.262345
0.183526
0.463385
0.367121
0.204341
0.142198
0.018806
0.614569
0.379421
0.133340
0.345036
0.163347
0.521731
0.273430
0.296108
0.135852
0.091405
0.368522
0.258297
0.553972
0.323739
0.324931
0.156273
0.110596
0.264723
0.390878
0.286572
0.275210
0.289352
0.254393
0.356999
0.470101
0.434481
0.243564
0.038611
0.231390
0.502978
0.267673
0.503063
0.164956
0.218763
0.292254
0.448262
0.189238
0.426383
0.201842
0.153022
0.132128
0.300954
0.662299
0.699267
0.162741
0.237074
0.095231
0.546061
0.335492
0.611203
0.107651
0.274042
0.184710
0.174392
0.134561
0.570297
0.238875
0.152754
0.129826
0.253669
0.490894
0.264492
0.240943
0.186250
0.295489
0.343129
0.194866
0.153330
0.257023
0.053518
0.249409
0.256130
0.601825
0.639512
0.353615
0.095462
0.297796
0.496007
0.323750
0.431527
0.062234
0.091300
0.266306
0.336296
0.541158
0.542327
0.068079
0.382070
0.271833
0.088428
0.771541
0.243579
0.396983
0.235784
0.298986
0.167989
0.683299
0.426797
0.196487
0.159703
0.079350
0.322343
0.657597
0.495137
0.183215
0.109369
0.207233
0.485371
0.158862
0.273132
0.170887
0.274199
0.312173
0.254150
0.233899
0.169411
0.414362
0.225641
0.087367
0.064285
0.394963
0.180175
0.318208
0.164813
0.307985
0.204033
0.230352
0.472419
0.209147
0.267448
0.404042
0.249913
0.263996
0.371649
0.058229
0.333868
0.114022
0.225116
0.093042
0.213050
0.144688
0.174732
0.162602
0.230261
0.232442
0.141339
0.341601
0.279050
0.273764
0.213680
0.120107
0.433549
0.175794
0.119728
0.316607
0.391685
0.372691
0.548513
0.313302
0.081054
0.218346
0.158262
0.522127
0.607183
0.219606
0.162843
0.136912
0.600152
0.420648
0.334294
0.294202
0.257319
0.395724
0.553203
0.175508
0.482426
0.079908
0.064569
0.051411
0.501492
0.451859
0.683647
0.114665
0.082175
0.091758
0.401450
0.054883
0.564514
0.315282
0.252643
0.173870
0.054760
0.601713
0.388974
0.151143
0.151986
0.160515
0.448317
0.308686
0.396375
0.081610
0.131858
0.300313
0.198610
0.566939
0.271924
0.264678
0.081165
0.131362
0.228529
0.410837
0.375696
0.318729
0.246467
0.280430
0.338856
0.514208
0.477868
0.270120
0.085479
0.226789
0.583399
0.296576
0.427122
0.075852
0.257097
0.177191
0.576291
0.115916
0.505855
0.228131
0.060883
0.175308
0.264375
0.635482
0.595875
0.161586
0.205132
0.197990
0.416953
0.322510
0.485583
0.191329
0.374350
0.272247
0.224707
0.063565
0.447064
0.185773
0.180110
0.146694
0.229808
0.434506
0.249679
0.150039
0.235312
0.267747
0.402259
0.206631
0.391244
0.256745
0.188512
0.220746
0.208596
0.505452
0.488029
0.230870
0.026195
0.059411
0.405941
0.331837
0.383566
0.120966
0.154126
0.177723
0.341918
0.426575
0.425084
0.076442
0.382065
0.262244
0.205922
0.734378
0.235195
0.400947
0.133909
0.196543
0.188937
0.794776
0.340938
0.200181
0.047224
0.132042
0.467751
0.400904
0.526462
0.172707
0.076673
0.203021
0.445533
0.093186
0.258508
0.217507
0.219338
0.247849
0.228348
0.209171
0.155482
0.451380
0.223309
0.128503
0.153318
0.385450
0.137647
0.251922
0.139071
0.256333
0.314613
0.270555
0.452611
0.275947
0.163811
0.344914
0.206795
0.370994
0.427511
0.049073
0.387851
0.042996
0.216644
0.140881
0.209438
0.126809
0.183754
0.214395
0.155470
0.353260
0.058035
0.227485
0.178633
0.283466
0.152295
0.041396
0.431038
0.033868
0.071747
0.140634
0.347960
0.357838
0.408597
0.249608
0.096712
0.238603
0.293556
0.606363
0.584790
0.200875
0.090072
0.153844
0.668816
0.350060
0.288422
0.276767
0.158437
0.311548
0.524620
0.275939
0.517174
0.063727
0.097137
0.044638
0.502927
0.376932
0.544593
0.178902
0.081602
0.030903
0.445644
0.165944
0.615592
0.267139
0.211603
0.248908
0.048155
0.629454
0.393078
0.130651
0.090126
0.237273
0.304455
0.320606
0.388664
0.099529
0.155898
0.227777
0.082420
0.423461
0.219278
0.067563
0.133321
0.220938
0.222791
0.390989
0.361853
0.450690
0.300947
0.361623
0.418760
0.518230
0.529362
0.325826
0.157695
0.251937
0.481868
0.267481
0.429494
0.098000
0.224967
0.149226
0.586033
0.075525
0.469926
0.251031
0.043509
0.251170
0.191564
0.538574
0.613871
0.114938
0.195854
0.179158
0.402256
0.324777
0.406005
0.218097
0.508454
0.252659
0.339028
0.039002
0.332456
0.183681
0.189726
0.031469
0.229785
0.405281
0.253500
0.144129
0.259422
0.251339
0.501401
0.133894
0.452706
0.320425
0.208909
0.196560
0.161155
0.398608
0.291039
0.216438
0.036208
0.135702
0.391455
0.278016
0.424156
0.145172
0.043353
0.087612
0.420723
0.289661
0.320775
0.142127
0.203346
0.187973
0.311680
0.631461
0.159593
0.352549
0.199844
0.237777
0.316446
0.731231
0.335146
0.201457
0.123608
0.147709
0.546255
0.095831
0.612881
0.182849
0.085271
0.287323
0.253666
0.068822
0.278973
0.144528
0.149385
0.282557
0.199175
0.171139
0.159591
0.418299
0.291059
0.084559
0.156565
0.425715
0.135399
0.145804
0.155286
0.184246
0.360339
0.332102
0.436389
0.313379
0.290967
0.239876
0.310269
0.362851
0.308268
0.043567
0.301692
0.138262
0.294873
0.218255
0.123770
0.096372
0.205379
0.373316
0.245858
0.397996
0.023244
0.117418
0.191345
0.187722
0.094259
0.041567
0.294933
0.026251
0.124321
0.102003
0.354010
0.292183
0.370640
0.300670
0.130247
0.194192
0.138064
0.567316
0.576275
0.252508
0.158075
0.168896
0.479415
0.327121
0.120592
0.276891
0.099899
0.279362
0.394500
0.237351
0.496821
0.095784
0.059009
0.094389
0.547717
0.358770
0.510889
0.318483
0.133858
0.055697
0.508265
0.275939
0.696478
0.237687
0.204561
0.287112
0.112996
0.679040
0.372584
0.185003
0.118884
0.281289
0.261625
0.374632
0.341594
0.151625
0.233150
0.184456
0.114639
0.489668
0.241188
0.141667
0.133774
0.223788
0.208296
0.386004
0.335262
0.343362
0.321799
0.299055
0.528677
0.433663
0.534532
0.366002
0.146540
0.198759
0.435699
0.177193
0.357286
0.133190
0.150775
0.138214
0.471704
0.151932
0.371721
0.251177
0.128067
0.259288
0.143179
0.450757
0.676407
0.154609
0.217511
0.115143
0.482603
0.294504
0.422200
0.182808
0.458619
0.154084
0.380758
0.075668
0.400240
0.163020
0.164019
0.118803
0.347962
0.302701
0.292326
0.105053
0.231815
0.168506
0.473653
0.160169
0.494985
0.412982
0.231975
0.128621
0.143620
0.365972
0.180213
0.238324
0.088822
0.214436
0.457065
0.284157
0.540595
0.159235
0.059358
0.145627
0.497626
0.235527
0.309705
0.140510
0.066175
0.104135
0.309053
0.502282
0.240519
0.244249
0.226960
0.281810
0.436186
0.686309
0.415994
0.178638
0.117355
0.100792
0.575136
0.085737
0.668804
0.141935
0.203454
0.279313
0.148473
0.047693
0.140408
0.076618
0.153834
0.235152
0.143344
0.343753
0.147936
0.373826
0.390240
0.057083
0.060022
0.403815
0.138700
0.139533
0.217611
0.167398
0.339142
0.382443
0.461163
0.244581
0.401431
0.223356
0.385633
0.264271
0.245096
0.070252
0.215477
0.279652
0.257976
0.243775
0.110351
0.257026
0.191171
0.445204
0.228644
0.355481
0.107655
0.158966
0.284023
0.217436
0.094504
0.011268
0.158355
0.075372
0.090032
0.193024
0.492433
0.223575
0.291581
0.277420
0.213730
0.149418
0.092886
0.512791
0.657168
0.363687
0.175013
0.179122
0.504153
0.526711
0.292339
0.117818
0.058867
0.185475
0.234002
0.125970
0.408033
0.148724
0.220587
0.113036
0.602019
0.362106
0.473685
0.417798
0.135765
0.050223
0.684400
0.216640
0.777667
0.197082
0.221084
0.244943
0.223879
0.729983
0.338584
0.289608
0.099757
0.190702
0.291369
0.400422
0.387038
0.193923
0.250731
0.060036
0.142502
0.599639
0.275600
0.174453
0.104512
0.184290
0.215829
0.355152
0.483924
0.208991
0.332233
0.147849
0.498859
0.417030
0.514935
0.428964
0.151834
0.212379
0.588900
0.073408
0.215404
0.173294
0.124506
0.099975
0.501036
0.162187
0.375620
0.190223
0.216247
0.219313
0.288663
0.395393
0.695551
0.189739
0.158284
0.119100
0.442453
0.256094
0.498027
0.147534
0.464208
0.081913
0.382709
0.159501
0.475585
0.273132
0.200118
0.145725
0.466933
0.134390
0.324196
0.202382
0.177719
0.255350
0.393357
0.189283
0.492218
0.468600
0.273768
0.133698
0.076475
0.350503
0.240323
0.235001
0.171589
0.173996
0.473350
0.197938
0.652707
0.229382
0.020246
0.072636
0.501463
0.143230
0.389880
0.216462
0.124139
0.093135
0.340036
0.382597
0.258643
0.132247
0.229629
0.238350
0.488513
0.682244
0.427156
0.125836
0.199446
0.191163
0.662536
0.087742
0.736872
0.081786
0.260364
0.370478
0.195227
0.111515
0.118363
0.123455
0.174207
0.212661
0.133820
0.320544
0.092077
0.303858
0.324424
0.165885
0.113554
0.354339
0.213726
0.132696
0.239851
0.132606
0.328289
0.326973
0.336663
0.225863
0.238232
0.242548
0.247841
0.190087
0.220706
0.072937
0.142295
0.253794
0.085274
0.163607
0.164005
0.240316
0.212767
0.422562
0.194089
0.229359
0.081212
0.236181
0.378673
0.182050
0.061766
0.111338
0.112662
0.093583
0.037360
0.183450
0.430722
0.156856
0.297438
0.163318
0.200392
0.073490
0.068781
0.511467
0.648621
0.360070
0.137044
0.238623
0.437383
0.532145
0.447842
0.091230
0.133357
0.145512
0.203684
0.083622
0.351390
0.213051
0.323163
0.071348
0.564324
0.291503
0.353793
0.372572
0.085104
0.087032
0.772609
0.187732
0.671806
0.132391
0.132782
0.227610
0.226677
0.666021
0.388091
0.287580
0.200072
0.095742
0.319703
0.370837
0.514874
0.217750
0.214229
0.025000
0.183228
0.507923
0.285611
0.169559
0.220236
0.105384
0.235739
0.274712
0.531155
0.207297
0.332461
0.011366
0.359690
0.267718
0.484925
0.444630
0.195326
0.184749
0.555070
0.091817
0.191763
0.246804
0.184787
0.140623
0.514241
0.141153
0.394653
0.070789
0.233950
0.179690
0.389711
0.300565
0.650178
0.075563
0.119718
0.215857
0.319343
0.190252
0.473204
0.133057
0.424777
0.024716
0.369955
0.232807
0.428572
0.290647
0.300860
0.169290
0.445789
0.016622
0.266504
0.228810
0.098391
0.250219
0.536057
0.206070
0.524093
0.360896
0.265330
0.188565
0.041355
0.397591
0.263884
0.224125
0.286309
0.147416
0.436854
0.138568
0.679754
0.239557
0.103802
0.112496
0.526626
0.066599
0.378121
0.281513
0.130301
0.072036
0.486482
0.425969
0.156595
0.092112
0.265872
0.234490
0.403159
0.724847
0.410618
0.105226
0.266778
0.116696
0.830440
0.135439
0.643631
0.082519
0.265281
0.397579
0.173459
0.275750
0.193518
0.111711
0.109223
0.316391
0.097349
0.188252
0.198432
0.219749
0.236903
0.014273
0.094758
0.426181
0.223825
0.191538
0.211583
0.012265
0.274704
0.187829
0.151187
0.187264
0.255915
0.240651
0.060692
0.218060
0.151715
0.088722
0.050046
0.081487
0.017404
0.080322
0.111821
0.180819
0.142315
0.357293
0.166936
0.171661
0.037942
0.305964
0.309677
0.096448
0.120048
0.182249
0.125365
0.160836
0.064070
0.116171
0.464441
0.083925
0.308018
0.132853
0.234706
0.092745
0.207099
0.598207
0.604929
0.331665
0.054217
0.244935
0.381735
0.511223
0.486373
0.294461
0.122741
0.224127
0.167784
0.165262
0.292972
0.193627
0.377831
0.226079
0.418067
0.232490
0.185780
0.350216
0.107693
0.161723
0.705949
0.286547
0.563370
0.104822
0.058635
0.279732
0.223612
0.441362
0.355782
0.204690
0.241370
0.091874
0.235171
0.389118
0.556494
0.262865
0.155425
0.144494
0.243358
0.451794
0.227412
0.156747
0.298054
0.159775
0.114149
0.292946
0.387636
0.319431
0.353603
0.131055
0.455178
0.190761
0.483782
0.436914
0.227881
0.180834
0.392225
0.213696
0.214166
0.386199
0.102416
0.059061
0.482535
0.060556
0.344502
0.101356
0.138940
0.089405
0.387679
0.197950
0.508476
0.047373
0.191139
0.306474
0.319785
0.175336
0.381067
0.122207
0.297041
0.173368
0.402001
0.266222
0.397224
0.182871
0.334906
0.148615
0.319823
0.092721
0.203908
0.175020
0.114332
0.130340
0.631161
0.204449
0.476023
0.163701
0.222356
0.199892
0.142332
0.484449
0.196129
0.169297
0.360898
0.069142
0.448213
0.133214
0.717994
0.113910
0.139875
0.169544
0.615605
0.107733
0.292157
0.294583
0.139965
0.074337
0.451114
0.417582
0.118574
0.143574
0.270942
0.287239
0.313649
0.688372
0.477529
0.181250
0.190970
0.173745
0.869271
0.310969
0.561034
0.189146
0.173947
0.355079
0.099450
0.372611
0.199138
0.255111
0.052856
0.297849
0.071948
0.224505
0.169958
0.333120
0.239939
0.141246
0.121862
0.335787
0.171432
0.187904
0.204848
0.169187
0.285617
0.220909
0.086100
0.295015
0.170356
0.195486
0.056700
0.230106
0.082583
0.151859
0.166355
0.038561
0.034007
0.038064
0.051759
0.220490
0.111396
0.376748
0.027957
0.186229
0.102800
0.342282
0.253257
0.120043
0.161348
0.241901
0.122986
0.235479
0.144266
0.063662
0.623417
0.076092
0.438954
0.147172
0.176562
0.105025
0.189057
0.634307
0.563938
0.352192
0.128572
0.231077
0.306427
0.607703
0.533843
0.360858
0.237027
0.157787
0.209698
0.282795
0.288556
0.114216
0.346548
0.346588
0.357855
0.158287
0.228904
0.403460
0.152221
0.258000
0.634898
0.314092
0.568510
0.054651
0.049262
0.226409
0.271837
0.341505
0.233764
0.141118
0.227142
0.144948
0.263122
0.353357
0.419190
0.217466
0.158131
0.165576
0.249552
0.615998
0.301232
0.140259
0.328233
0.124090
0.126909
0.374444
0.280194
0.315907
0.243011
0.265723
0.527580
0.210893
0.520885
0.415444
0.287836
0.311050
0.274142
0.234125
0.296758
0.432456
0.212878
0.095562
0.391082
0.135442
0.348543
0.073833
0.082760
0.107404
0.283809
0.187312
0.422098
0.107585
0.269825
0.318999
0.406258
0.122259
0.338102
0.226050
0.109630
0.183510
0.438288
0.215945
0.410951
0.143138
0.251583
0.169480
0.354608
0.078000
0.264552
0.122568
0.114845
0.053390
0.604756
0.226670
0.412313
0.258709
0.203004
0.117563
0.127230
0.662349
0.155897
0.219309
0.321878
0.127153
0.485011
0.113880
0.716475
0.117737
0.144849
0.124870
0.668124
0.103056
0.202781
0.281630
0.096820
0.161291
0.319822
0.260828
0.077645
0.085149
0.130532
0.257574
0.279506
0.594862
0.547422
0.270057
0.167217
0.217420
0.828102
0.423294
0.504421
0.207034
0.027731
0.406634
0.040917
0.293023
0.258875
0.293961
0.087686
0.326788
0.166862
0.287943
0.068823
0.392233
0.259859
0.246965
0.203072
0.295735
0.127237
0.188516
0.165161
0.224613
0.314760
0.248116
0.175604
0.348450
0.181845
0.201322
0.034100
0.228213
0.111471
0.191015
0.182376
0.112451
0.068915
0.064260
0.055101
0.274899
0.023390
0.326354
0.087369
0.156541
0.023827
0.304262
0.260917
0.112434
0.133504
0.323158
0.138296
0.139492
0.098788
0.021878
0.667672
0.166320
0.477354
0.049039
0.205281
0.114735
0.033749
0.645788
0.584861
0.394708
0.126499
0.335269
0.179423
0.721500
0.633946
0.372304
0.258377
0.144700
0.301640
0.318881
0.324654
0.126680
0.342316
0.365342
0.387612
0.194859
0.314045
0.493020
0.115451
0.349297
0.634218
0.179393
0.473201
0.063024
0.169107
0.226063
0.236141
0.423878
0.312597
0.214460
0.186176
0.243734
0.374094
0.228946
0.321648
0.187005
0.202226
0.110444
0.204613
0.624926
0.327013
0.077319
0.276740
0.134637
0.250107
0.534289
0.341565
0.117495
0.131651
0.340406
0.567156
0.202744
0.497451
0.341147
0.211135
0.363270
0.262555
0.171754
0.410408
0.357616
0.300027
0.309253
0.305782
0.207568
0.380597
0.123705
0.045094
0.082429
0.203122
0.262645
0.336975
0.172565
0.299778
0.279165
0.483600
0.117952
0.375709
0.300434
0.045587
0.075141
0.450539
0.169461
0.483032
0.110016
0.118687
0.158146
0.497331
0.079575
0.310247
0.228583
0.134502
0.060622
0.455868
0.322204
0.272365
0.190284
0.278568
0.173221
0.044342
0.770103
0.234419
0.221614
0.208807
0.218188
0.488016
0.049301
0.692867
0.236981
0.178654
0.031871
0.606433
0.202917
0.318676
0.246788
0.041594
0.169190
0.322894
0.168698
0.149077
0.095888
0.050003
0.200057
0.269946
0.541309
0.418140
0.252863
0.116653
0.186827
0.748712
0.365560
0.537595
0.293576
0.050427
0.430160
0.042250
0.206942
0.259327
0.288994
0.075306
0.504941
0.125156
0.147495
0.134203
0.284931
0.246555
0.260107
0.279390
0.332366
0.188145
0.222891
0.191092
0.212719
0.282593
0.242677
0.175625
0.257388
0.174103
0.196646
0.056565
0.179570
0.057722
0.206496
0.124933
0.027292
0.094507
0.103942
0.048907
0.315585
0.222360
0.230598
0.086345
0.165212
0.120664
0.263567
0.312901
0.136698
0.145019
0.403670
0.214479
0.079908
0.078847
0.108423
0.605952
0.222848
0.451724
0.054398
0.182784
0.054720
0.022754
0.576687
0.447417
0.391682
0.066317
0.342548
0.255991
0.596435
0.556022
0.263476
0.200516
0.179270
0.321465
0.291806
0.321018
0.140553
0.301269
0.457562
0.256916
0.172873
0.267780
0.526946
0.132505
0.424861
0.644176
0.311439
0.353381
0.141805
0.309407
0.227232
0.145901
0.491430
0.451222
0.241691
0.101907
0.255996
0.329225
0.094617
0.374337
0.193447
0.221536
0.126613
0.223860
0.542923
0.287290
0.005913
0.193803
0.030058
0.261902
0.537210
0.407136
0.139673
0.123107
0.314755
0.569536
0.458485
0.492801
0.180256
0.082104
0.213436
0.355119
0.153817
0.520516
0.277760
0.414165
0.517062
0.243487
0.208505
0.296628
0.229258
0.114520
0.074614
0.222474
0.367257
0.404497
0.183141
0.264161
0.194786
0.455005
0.115050
0.280016
0.349789
0.179099
0.147522
0.533861
0.248319
0.389217
0.138129
0.009002
0.122643
0.522378
0.271074
0.323068
0.306086
0.198621
0.094140
0.326151
0.203038
0.294347
0.115553
0.238460
0.284896
0.048519
0.812624
0.326006
0.193226
0.162598
0.216547
0.582911
0.049419
0.655557
0.328251
0.229082
0.095176
0.591313
0.290586
0.403629
0.158783
0.106805
0.264950
0.290984
0.356655
0.186625
0.140640
0.159717
0.248464
0.212437
0.583897
0.479100
0.155693
0.142723
0.053094
0.765213
0.167675
0.564195
0.244936
0.067509
0.314411
0.082461
0.260809
0.102277
0.362574
0.084029
0.573713
0.045310
0.086104
0.117001
0.386726
0.322144
0.183754
0.219148
0.285395
0.203409
0.225144
0.187220
0.282835
0.219728
0.222576
0.391676
0.120133
0.119308
0.212428
0.069225
0.086306
0.075486
0.212954
0.275778
0.206199
0.182861
0.144913
0.101066
0.255366
0.286701
0.155033
0.135298
0.143575
0.101999
0.216766
0.236731
0.197445
0.150258
0.421211
0.207603
0.153732
0.055330
0.109730
0.599594
0.274594
0.584207
0.113346
0.071967
0.070201
0.048350
0.522350
0.420706
0.308314
0.083562
0.256223
0.303780
0.482324
0.399393
0.173131
0.134693
0.225858
0.300869
0.266485
0.263620
0.119469
0.158789
0.519263
0.233066
0.157883
0.193402
0.436096
0.087077
0.455924
0.542588
0.320951
0.287202
0.231980
0.358828
0.349578
0.119454
0.507464
0.400194
0.176467
0.049928
0.097262
0.359692
0.080561
0.431327
0.155804
0.196791
0.254187
0.206177
0.491584
0.255485
0.086289
0.093852
0.099877
0.312200
0.525473
0.399719
0.213302
0.103273
0.177154
0.515261
0.542271
0.552445
0.132945
0.133322
0.195249
0.323509
0.174324
0.540579
0.233053
0.429952
0.363959
0.222923
0.159557
0.324050
0.261220
0.119918
0.202551
0.272151
0.410853
0.448150
0.221931
0.199789
0.161843
0.342952
0.092897
0.307682
0.391914
0.412163
0.084978
0.586374
0.303040
0.378976
0.054124
0.205677
0.067811
0.435212
0.474108
0.299390
0.276573
0.351042
0.099892
0.260426
0.217381
0.265161
0.215953
0.201064
0.305622
0.125297
0.773660
0.446756
0.146744
0.256865
0.190801
0.682061
0.042431
0.693541
0.256876
0.206791
0.123174
0.598481
0.311491
0.391910
0.065440
0.221767
0.271373
0.200290
0.428619
0.224369
0.144069
0.106974
0.286126
0.094702
0.579088
0.583079
0.176006
0.165806
0.084588
0.689229
0.165370
0.615811
0.247699
0.193675
0.190805
0.104345
0.229149
0.078373
0.471821
0.134305
0.519617
0.135769
0.035374
0.033899
0.434025
0.369705
0.164626
0.234476
0.274783
0.249252
0.188837
0.157261
0.363700
0.177571
0.294349
0.488754
0.071800
0.129480
0.097377
0.090422
0.036245
0.145640
0.284466
0.363110
0.322445
0.107848
0.149593
0.110518
0.299249
0.253051
0.109746
0.241690
0.100022
0.006925
0.236896
0.078676
0.138749
0.150107
0.384190
0.272857
0.155656
0.080367
0.026449
0.579943
0.276335
0.523651
0.144746
0.025629
0.194749
0.034372
0.546569
0.334301
0.159376
0.112656
0.312741
0.261749
0.433276
0.270552
0.239315
0.257334
0.256680
0.194752
0.296246
0.240459
0.055239
0.126116
0.446188
0.320890
0.134122
0.288952
0.361636
0.063379
0.438003
0.531919
0.285008
0.409630
0.413351
0.285183
0.536459
0.132461
0.465163
0.328326
0.157484
0.160647
0.186344
0.453405
0.186155
0.446506
0.127178
0.114415
0.380451
0.202014
0.546420
0.428052
0.128171
0.033193
0.112696
0.280201
0.562017
0.450161
0.220166
0.193246
0.134891
0.453811
0.513876
0.544701
0.234421
0.139774
0.181487
0.410270
0.236108
0.571443
0.121090
0.340025
0.233187
0.117955
0.163049
0.407662
0.245114
0.173601
0.209605
0.229840
0.372675
0.377130
0.151692
0.151214
0.137269
0.363046
0.107838
0.384540
0.406280
0.478537
0.027750
0.600931
0.289297
0.317328
0.051525
0.312252
0.059449
0.501132
0.489819
0.184463
0.226147
0.248789
0.144860
0.255268
0.204426
0.228874
0.314658
0.085385
0.220655
0.133737
0.673797
0.534732
0.140450
0.255376
0.338574
0.678810
0.063333
0.600464
0.092449
0.114141
0.144961
0.513598
0.273080
0.323948
0.043724
0.192347
0.215295
0.057455
0.382028
0.325603
0.174698
0.074057
0.242668
0.168962
0.551586
0.527985
0.236515
0.148274
0.181599
0.563924
0.324739
0.615086
0.339972
0.334516
0.082214
0.173265
0.117529
0.042473
0.452134
0.196210
0.418328
0.231467
0.031859
0.101651
0.391385
0.415801
0.245186
0.283367
0.224466
0.161010
0.223136
0.179150
0.288892
0.249142
0.369079
0.446866
0.098934
0.267519
0.034204
0.124206
0.146695
0.189038
0.276811
0.274974
0.318768
0.003506
0.201478
0.014391
0.351068
0.228179
0.105972
0.333760
0.026442
0.042919
0.215858
0.143192
0.088143
0.129733
0.362353
0.322068
0.174591
0.142904
0.057988
0.528977
0.452534
0.425603
0.250151
0.078302
0.213542
0.097309
0.538402
0.306316
0.100157
0.104915
0.301248
0.228690
0.333936
0.233395
0.315472
0.386131
0.334102
0.111080
0.287608
0.307451
0.045417
0.138800
0.275743
0.330974
0.014985
0.275604
0.317725
0.064244
0.375511
0.496860
0.262294
0.432596
0.429926
0.217151
0.568450
0.243248
0.361181
0.377171
0.177940
0.246678
0.175348
0.397317
0.247798
0.416313
0.089364
0.044858
0.372103
0.183468
0.455064
0.471445
0.176159
0.040546
0.138843
0.278508
0.510531
0.437857
0.297884
0.320745
0.095427
0.507502
0.499502
0.465391
0.307661
0.264042
0.258194
0.508264
0.181745
0.547657
0.052583
0.226820
0.249275
0.296426
0.193458
0.427026
0.212081
0.215245
0.228681
0.170057
0.340641
0.243877
0.174136
0.135705
0.116727
0.440490
0.126508
0.478817
0.396584
0.488267
0.082621
0.632978
0.204086
0.255537
0.054166
0.241777
0.155347
0.667071
0.354184
0.148584
0.221645
0.206416
0.156710
0.359233
0.069697
0.264792
0.290308
0.159136
0.138365
0.113447
0.524759
0.605352
0.026575
0.179265
0.354763
0.685455
0.061204
0.530913
0.084054
0.024103
0.150633
0.434540
0.289248
0.303480
0.025625
0.088845
0.251743
0.013064
0.388524
0.379580
0.276210
0.097685
0.167059
0.259563
0.475849
0.362593
0.345284
0.100449
0.239426
0.438238
0.425875
0.559976
0.400153
0.396531
0.005300
0.218651
0.123258
0.057243
0.346061
0.384180
0.342746
0.173962
0.068217
0.159218
0.435545
0.390309
0.347751
0.266879
0.136636
0.102102
0.239765
0.119447
0.205579
0.277097
0.405359
0.430964
0.102431
0.340083
0.098702
0.067936
0.196388
0.183045
0.208546
0.190045
0.293043
0.046301
0.265758
0.070285
0.321347
0.261661
0.056597
0.374041
0.047471
0.117063
0.152182
0.254374
0.088062
0.151651
0.388421
0.228204
0.235361
0.259563
0.090299
0.481423
0.393824
0.509745
0.430981
0.121496
0.092766
0.074037
0.482195
0.319225
0.085887
0.256792
0.237997
0.201710
0.185952
0.212149
0.345963
0.291873
0.294830
0.216050
0.226578
0.452044
0.092973
0.141008
0.173943
0.288059
0.181312
0.192870
0.414034
0.095282
0.348363
0.478882
0.184835
0.445426
0.316256
0.206206
0.441689
0.306384
0.229572
0.487072
0.078911
0.227307
0.164578
0.315929
0.253661
0.407308
0.105074
0.136460
0.261516
0.118986
0.412095
0.419897
0.162862
0.036696
0.159998
0.191592
0.483593
0.406279
0.337388
0.354832
0.016261
0.537803
0.491647
0.446586
0.342305
0.357688
0.320082
0.462881
0.114500
0.568189
0.128477
0.157556
0.325015
0.370708
0.175250
0.457675
0.184179
0.211014
0.395256
0.088546
0.360790
0.204037
0.292511
0.126192
0.136336
0.514977
0.078809
0.487028
0.317738
0.386312
0.029386
0.597542
0.160112
0.219315
0.089321
0.245818
0.232638
0.746652
0.205593
0.221042
0.205332
0.142561
0.306345
0.428667
0.141860
0.347367
0.366360
0.305129
0.047198
0.233008
0.434407
0.541209
0.182608
0.120100
0.233369
0.752500
0.269505
0.450056
0.064715
0.086472
0.156948
0.444284
0.370503
0.403663
0.068146
0.075844
0.293220
0.101728
0.486150
0.399020
0.297091
0.211165
0.140007
0.237123
0.429463
0.386988
0.396652
0.062615
0.341850
0.357417
0.411702
0.409164
0.344957
0.275666
0.117122
0.190356
0.195728
0.107422
0.252102
0.497221
0.300943
0.192220
0.031358
0.250672
0.284718
0.254829
0.359054
0.185902
0.060830
0.038663
0.185883
0.127934
0.193543
0.390560
0.345266
0.570302
0.221682
0.338323
0.136884
0.303240
0.241439
0.102818
0.188377
0.206311
0.371673
0.028294
0.231914
0.222221
0.257840
0.239998
0.203042
0.380042
0.075597
0.151928
0.140696
0.342782
0.092461
0.205352
0.409332
0.156801
0.276184
0.279270
0.080613
0.503415
0.372133
0.516131
0.458765
0.131537
0.115047
0.105438
0.467914
0.394767
0.161849
0.369537
0.145415
0.234912
0.277044
0.277003
0.338063
0.113722
0.174093
0.497659
0.099731
0.628521
0.179860
0.148751
0.090886
0.352184
0.236990
0.216349
0.471474
0.032226
0.273200
0.427716
0.223226
0.506507
0.261124
0.198786
0.395760
0.306008
0.119456
0.447208
0.042841
0.233674
0.206148
0.501343
0.184463
0.431687
0.164489
0.278606
0.150415
0.095694
0.538730
0.497587
0.172060
0.205062
0.257795
0.076527
0.505924
0.340889
0.265892
0.311844
0.114816
0.526284
0.430238
0.410153
0.353138
0.313777
0.307271
0.552928
0.251199
0.554874
0.106691
0.168700
0.313274
0.461807
0.210932
0.492283
0.219797
0.241132
0.519732
0.087303
0.389327
0.217132
0.375113
0.087404
0.055249
0.547844
0.061844
0.567616
0.244415
0.323896
0.139465
0.482074
0.166584
0.259044
0.246558
0.321125
0.277091
0.638879
0.168281
0.318926
0.160685
0.193886
0.370080
0.454510
0.079632
0.270822
0.383617
0.326088
0.122535
0.272895
0.361175
0.514402
0.394116
0.094009
0.384376
0.799373
0.202385
0.450705
0.195727
0.229092
0.094452
0.441112
0.427642
0.496530
0.123318
0.124771
0.208503
0.182689
0.507676
0.519281
0.269917
0.249326
0.136201
0.153408
0.472019
0.399537
0.389122
0.112269
0.377428
0.286984
0.335799
0.370733
0.273030
0.250291
0.165882
0.118257
0.306492
0.250160
0.281889
0.463898
0.273476
0.284371
0.119969
0.253853
0.170993
0.076612
0.201329
0.183091
0.046237
0.144277
0.252391
0.160139
0.309421
0.454508
0.266036
0.644612
0.280176
0.316337
0.085806
0.423476
0.239638
0.094735
0.171812
0.083489
0.448358
0.064182
0.158103
0.228064
0.213319
0.149372
0.245416
0.338730
0.172185
0.183536
0.157581
0.334383
0.037221
0.249631
0.328272
0.240148
0.304416
0.144416
0.190611
0.374099
0.349246
0.549902
0.315946
0.147341
0.143386
0.234497
0.549175
0.367168
0.162056
0.282758
0.065910
0.377748
0.459425
0.384274
0.333607
0.037788
0.269615
0.662427
0.039016
0.661125
0.189770
0.165335
0.045959
0.420929
0.267328
0.265261
0.347690
0.159235
0.223326
0.449372
0.270606
0.442042
0.298683
0.114065
0.500125
0.288011
0.213820
0.362233
0.163845
0.270039
0.320271
0.629244
0.209849
0.402676
0.091335
0.352650
0.171887
0.078089
0.605013
0.554854
0.048559
0.334288
0.294580
0.028592
0.536321
0.294811
0.278663
0.319849
0.223019
0.526185
0.324873
0.310358
0.404618
0.183629
0.260160
0.683818
0.381940
0.549171
0.066453
0.201639
0.388779
0.533037
0.121293
0.475053
0.338278
0.292812
0.494643
0.116489
0.382654
0.270456
0.262240
0.206265
0.148966
0.471185
0.191064
0.651383
0.193147
0.109638
0.344337
0.332600
0.129718
0.218686
0.274697
0.351667
0.248250
0.561577
0.100268
0.340009
0.107533
0.172168
0.273469
0.445058
0.060275
0.227226
0.317657
0.243279
0.181839
0.227537
0.393765
0.523759
0.374145
0.064425
0.411153
0.801049
0.187020
0.389243
0.304517
0.267245
0.110247
0.395314
0.457460
0.518824
0.159320
0.229843
0.162387
0.175777
0.448488
0.618731
0.190606
0.179835
0.084913
0.190888
0.507677
0.393891
0.349086
0.162012
0.255474
0.286614
0.325766
0.318275
0.391802
0.248260
0.148778
0.204727
0.390245
0.348646
0.429866
0.433974
0.225304
0.282569
0.292137
0.173655
0.056952
0.071704
0.151383
0.103098
0.044685
0.174886
0.184915
0.227237
0.330428
0.499707
0.303728
0.595959
0.232012
0.280274
0.111114
0.326017
0.312288
0.094659
0.126036
0.018941
0.424639
0.077225
0.181297
0.203597
0.234834
0.139250
0.221730
0.288533
0.202003
0.178778
0.161342
0.330623
0.122166
0.239799
0.217562
0.410007
0.242350
0.174722
0.286099
0.270987
0.399814
0.488589
0.259219
0.119132
0.169281
0.217034
0.578139
0.281707
0.123128
0.211860
0.046322
0.379131
0.521083
0.409904
0.293363
0.014311
0.340758
0.661331
0.046640
0.632752
0.085835
0.214622
0.261515
0.454763
0.275723
0.287449
0.232971
0.273674
0.314995
0.485292
0.322431
0.356549
0.347693
0.062196
0.489739
0.220831
0.357623
0.458839
0.238572
0.167395
0.446197
0.607408
0.263572
0.367811
0.046093
0.276853
0.261086
0.012474
0.438872
0.480191
0.152937
0.335869
0.166543
0.105295
0.408369
0.202109
0.392973
0.256142
0.247645
0.495585
0.269931
0.319284
0.400711
0.126775
0.226533
0.662888
0.420259
0.541197
0.105965
0.196122
0.343658
0.626721
0.086002
0.419198
0.407727
0.260721
0.424775
0.180393
0.391816
0.331529
0.266673
0.184883
0.323782
0.433585
0.221473
0.577584
0.166062
0.051243
0.469158
0.205418
0.087335
0.218466
0.254606
0.322199
0.267006
0.612940
0.070378
0.401758
0.246832
0.129809
0.334040
0.482505
0.122557
0.456382
0.256561
0.391066
0.111171
0.186317
0.445250
0.615200
0.227064
0.107081
0.327806
0.683206
0.308241
0.432131
0.325802
0.229090
0.158086
0.386879
0.490586
0.492889
0.171354
0.259668
0.141349
0.162468
0.451464
0.726138
0.136318
0.170059
0.071539
0.189842
0.467974
0.372887
0.296592
0.140196
0.154902
0.381349
0.386956
0.301744
0.497200
0.252119
0.170213
0.229722
0.388910
0.354327
0.381211
0.434680
0.101783
0.145760
0.397734
0.156869
0.129528
0.210393
0.203549
0.105350
0.052482
0.169821
0.126807
0.261764
0.343455
0.519419
0.420607
0.502846
0.235192
0.235741
0.194391
0.236712
0.271615
0.090928
0.160770
0.098963
0.363692
0.046322
0.242530
0.300174
0.294937
0.189844
0.207952
0.235647
0.132783
0.107232
0.133257
0.322986
0.065333
0.220525
0.200822
0.401178
0.120968
0.221433
0.188825
0.293168
0.425661
0.468818
0.356236
0.080483
0.165696
0.093630
0.549817
0.213268
0.202353
0.192234
0.153377
0.274022
0.367770
0.446784
0.207454
0.087597
0.324273
0.697496
0.070340
0.598732
0.188220
0.255181
0.238271
0.495146
0.269931
0.275327
0.332886
0.282028
0.330045
0.447896
0.333362
0.245289
0.341828
0.160621
0.310189
0.182473
0.337179
0.558752
0.165272
0.054553
0.404879
0.407979
0.241323
0.373903
0.148705
0.245816
0.307448
0.039568
0.394139
0.448623
0.321695
0.258923
0.118978
0.178286
0.315002
0.262571
0.377384
0.204687
0.344131
0.496655
0.176399
0.387394
0.311792
0.159649
0.251028
0.506309
0.299285
0.457175
0.001447
0.189031
0.168512
0.639119
0.118720
0.543538
0.499998
0.192658
0.399157
0.221579
0.503422
0.511967
0.389782
0.183948
0.396432
0.474890
0.157494
0.408524
0.090279
0.107456
0.356093
0.193896
0.118535
0.356737
0.097561
0.199438
0.356389
0.626438
0.072495
0.492947
0.259554
0.168740
0.368562
0.547055
0.205185
0.512080
0.148167
0.369920
0.106463
0.184563
0.393769
0.645843
0.261833
0.131137
0.353317
0.614768
0.309233
0.503134
0.253899
0.192689
0.172667
0.430881
0.452016
0.405908
0.116054
0.279550
0.196878
0.250080
0.496399
0.712296
0.147849
0.255857
0.060220
0.195382
0.351972
0.404301
0.204791
0.107890
0.167861
0.419198
0.299432
0.261029
0.398594
0.320526
0.173728
0.144313
0.333337
0.296748
0.238072
0.454747
0.197315
0.147120
0.325590
0.267051
0.164983
0.301703
0.312104
0.205776
0.053489
0.229447
0.183886
0.314636
0.367043
0.581089
0.378382
0.389206
0.283973
0.252988
0.195192
0.209552
0.055862
0.091603
0.281244
0.153575
0.245962
0.061686
0.206937
0.312859
0.279781
0.196272
0.304585
0.274707
0.106307
0.058198
0.124111
0.384565
0.060393
0.207511
0.315687
0.230039
0.037119
0.206147
0.059172
0.432685
0.441912
0.490046
0.369951
0.135341
0.216179
0.166914
0.525198
0.240819
0.131492
0.274085
0.151085
0.229842
0.280482
0.520724
0.162589
0.134536
0.331786
0.689989
0.146476
0.587150
0.245285
0.256965
0.202445
0.602800
0.251685
0.304018
0.316778
0.207624
0.180820
0.360326
0.304804
0.222468
0.277215
0.070915
0.209956
0.213193
0.268807
0.529298
0.045959
0.259751
0.309824
0.494617
0.166448
0.405736
0.269686
0.216921
0.273493
0.099717
0.432592
0.439526
0.247097
0.226424
0.195024
0.176608
0.334188
0.339907
0.289949
0.208325
0.475105
0.572140
0.122564
0.450295
0.208488
0.191422
0.305584
0.431997
0.191301
0.411164
0.011124
0.212015
0.143211
0.648746
0.206640
0.643526
0.534342
0.186908
0.402389
0.201296
0.505174
0.580240
0.361143
0.207042
0.350978
0.508583
0.183799
0.347199
0.047748
0.140248
0.206287
0.207055
0.192039
0.511395
0.030799
0.094120
0.454753
0.545321
0.114174
0.513243
0.274707
0.136617
0.342269
0.560887
0.242255
0.429092
0.067407
0.335256
0.197223
0.247935
0.356129
0.578399
0.459278
0.196685
0.468093
0.563677
0.331384
0.569887
0.180047
0.129848
0.156991
0.499003
0.367684
0.455289
0.143541
0.208740
0.129458
0.343483
0.513388
0.627218
0.116823
0.199764
0.056121
0.199597
0.206563
0.347368
0.190676
0.095622
0.204317
0.382868
0.173117
0.268799
0.285613
0.351420
0.146849
0.057790
0.279436
0.285647
0.159886
0.483843
0.143554
0.215106
0.221895
0.413230
0.071284
0.225836
0.278472
0.170521
0.087976
0.117747
0.224215
0.428514
0.406371
0.589978
0.242780
0.264304
0.229630
0.359789
0.219251
0.202669
0.181444
0.166309
0.417902
0.144918
0.214611
0.044138
0.138359
0.185682
0.261621
0.111045
0.306274
0.095258
0.147504
0.100248
0.152367
0.375859
0.076278
0.234105
0.416756
0.140509
0.124456
0.177925
0.100347
0.442809
0.443146
0.480420
0.238677
0.198127
0.313631
0.203691
0.431660
0.285474
0.120817
0.212158
0.118372
0.187956
0.228721
0.574708
0.213404
0.107168
0.242963
0.602919
0.244389
0.545055
0.187557
0.329177
0.265928
0.569824
0.240476
0.353511
0.270672
0.201146
0.179351
0.461391
0.331851
0.149979
0.161529
0.077834
0.165479
0.335467
0.347878
0.523684
0.084255
0.518564
0.249420
0.614328
0.280963
0.439885
0.279040
0.141871
0.193358
0.255327
0.422561
0.406427
0.078190
0.270363
0.254482
0.158211
0.333817
0.346522
0.249416
0.181882
0.478435
0.574483
0.055029
0.410392
0.192326
0.246973
0.241606
0.420341
0.162395
0.479735
0.176180
0.179320
0.273382
0.574716
0.237813
0.665701
0.469200
0.198741
0.316573
0.231941
0.572412
0.614437
0.258673
0.173659
0.283906
0.542942
0.195368
0.282347
0.030789
0.028242
0.126288
0.310515
0.321226
0.572586
0.062542
0.093348
0.440805
0.520859
0.022120
0.533746
0.324626
0.119265
0.322100
0.497754
0.331512
0.439312
0.219259
0.363837
0.198355
0.358396
0.340771
0.473141
0.575101
0.249847
0.517753
0.377448
0.424090
0.582521
0.161523
0.043843
0.196890
0.487417
0.244687
0.429617
0.187367
0.147023
0.129088
0.294461
0.544816
0.598328
0.116733
0.213334
0.049472
0.140017
0.145237
0.344887
0.176483
0.125484
0.149718
0.481513
0.170849
0.301208
0.267990
0.313632
0.179162
0.083203
0.260498
0.379020
0.112868
0.410132
0.155847
0.429609
0.218991
0.387149
0.011876
0.064565
0.220449
0.117584
0.085779
0.092355
0.153997
0.518376
0.361095
0.506764
0.131936
0.150746
0.263443
0.325643
0.238990
0.174729
0.170275
0.217291
0.498865
0.150893
0.154723
0.130243
0.134110
0.089565
0.235691
0.012212
0.240234
0.108610
0.212650
0.241641
0.176494
0.353581
0.122951
0.199212
0.389064
0.224439
0.138097
0.279057
0.172476
0.403362
0.413439
0.366227
0.176818
0.279914
0.366403
0.216585
0.465555
0.371841
0.210351
0.242473
0.102226
0.245477
0.312389
0.631546
0.211999
0.114168
0.209932
0.522200
0.349015
0.564043
0.323719
0.460003
0.377805
0.546937
0.248744
0.413977
0.232735
0.197594
0.265935
0.551343
0.369504
0.201291
0.056553
0.218300
0.161232
0.467822
0.479149
0.630128
0.142845
0.575753
0.256896
0.676529
0.213849
0.404886
0.313227
0.062920
0.252704
0.334666
0.313713
0.283777
0.005151
0.157098
0.218145
0.197999
0.233182
0.348103
0.299160
0.134593
0.416319
0.646997
0.243326
0.392014
0.153836
0.148009
0.146899
0.467021
0.076329
0.509088
0.435569
0.154683
0.437537
0.603031
0.288373
0.676000
0.354662
0.138295
0.191411
0.261033
0.594603
0.616910
0.233237
0.174983
0.234022
0.579475
0.346446
0.266176
0.095247
0.174477
0.150182
0.447236
0.375701
0.521505
0.104719
0.121097
0.272042
0.467650
0.101520
0.613101
0.195069
0.039523
0.185767
0.445672
0.352387
0.544573
0.269420
0.356936
0.023430
0.281530
0.402503
0.434537
0.502421
0.158003
0.500706
0.344873
0.416506
0.593564
0.156405
0.048244
0.174971
0.520735
0.148651
0.362508
0.139851
0.183962
0.128985
0.131886
0.609855
0.647541
0.160018
0.330881
0.062594
0.061143
0.214590
0.453310
0.150873
0.180363
0.069208
0.585826
0.317756
0.322441
0.302057
0.358623
0.204130
0.140105
0.243792
0.459285
0.073788
0.119238
0.206098
0.574826
0.229469
0.288071
0.002579
0.068195
0.362990
0.127879
0.082022
0.074795
0.085865
0.607998
0.260098
0.452272
0.249755
0.035379
0.311636
0.321908
0.200626
0.176644
0.110978
0.210772
0.454259
0.207822
0.124185
0.171606
0.123043
0.162147
0.163195
0.043207
0.243374
0.169551
0.268332
0.390082
0.328233
0.398463
0.022624
0.087529
0.265950
0.288811
0.196906
0.414822
0.053842
0.387496
0.372295
0.239720
0.245917
0.377736
0.245282
0.331043
0.456124
0.432518
0.336625
0.269924
0.054028
0.184936
0.464792
0.618566
0.134049
0.181094
0.237995
0.549380
0.395654
0.586165
0.422864
0.536069
0.494406
0.599554
0.204170
0.528371
0.187126
0.114743
0.392016
0.576512
0.305238
0.170581
0.018565
0.118665
0.126492
0.514124
0.448992
0.645778
0.165901
0.489646
0.323860
0.726155
0.145782
0.442618
0.300842
0.185290
0.323369
0.300956
0.155304
0.343967
0.064939
0.098593
0.249881
0.233958
0.245114
0.479933
0.187701
0.098097
0.460816
0.637752
0.404252
0.322880
0.052746
0.230046
0.032996
0.431672
0.028702
0.422719
0.525872
0.169282
0.448795
0.610223
0.358118
0.674412
0.338632
0.072029
0.128657
0.163083
0.671653
0.535944
0.210300
0.165217
0.224518
0.563930
0.450614
0.307982
0.169188
0.186436
0.240988
0.479874
0.212499
0.541877
0.141359
0.062969
0.111250
0.427061
0.146232
0.602587
0.071141
0.127269
0.132025
0.475340
0.221318
0.514995
0.175052
0.328603
0.127868
0.150483
0.460789
0.394069
0.487995
0.079780
0.486056
0.255788
0.302379
0.518851
0.261276
0.041299
0.174007
0.493462
0.124754
0.336141
0.294813
0.220780
0.174952
0.145982
0.573285
0.692562
0.137008
0.284938
0.069899
0.069643
0.205806
0.571147
0.160106
0.183627
0.046235
0.558436
0.385948
0.401941
0.288068
0.435292
0.159838
0.157367
0.166573
0.436257
0.096508
0.151845
0.091170
0.569979
0.233691
0.351189
0.037153
0.073931
0.473019
0.225960
0.166379
0.193169
0.094406
0.624850
0.124015
0.364083
0.291275
0.060646
0.252615
0.376955
0.255781
0.219991
0.066774
0.100337
0.431003
0.242982
0.101775
0.086523
0.165848
0.302476
0.162491
0.160511
0.276465
0.266312
0.314492
0.442003
0.472361
0.439697
0.164609
0.065997
0.210461
0.244194
0.194424
0.421174
0.092855
0.381790
0.325643
0.159924
0.309090
0.441472
0.147339
0.319563
0.471567
0.458139
0.290391
0.203179
0.031839
0.068502
0.565914
0.579445
0.125282
0.146747
0.335108
0.524297
0.385928
0.610886
0.511521
0.561814
0.581109
0.665451
0.152701
0.552238
0.198325
0.056939
0.464463
0.465997
0.223925
0.141415
0.148180
0.024576
0.179991
0.444817
0.415233
0.521624
0.177885
0.500929
0.228559
0.710229
0.281706
0.497993
0.320082
0.194626
0.294719
0.243359
0.103344
0.475560
0.092160
0.143467
0.255127
0.406722
0.417843
0.640471
0.083837
0.149602
0.377531
0.589568
0.429242
0.209713
0.096150
0.298745
0.081064
0.444820
0.100514
0.318639
0.423529
0.171049
0.432398
0.493140
0.410248
0.718491
0.349741
0.031393
0.184588
0.073936
0.686958
0.441532
0.153420
0.223938
0.204101
0.513846
0.375484
0.306282
0.062514
0.079739
0.262795
0.473491
0.123053
0.563218
0.225365
0.011209
0.058568
0.367768
0.098317
0.590313
0.203704
0.123769
0.169475
0.614151
0.096052
0.519373
0.166046
0.253289
0.172930
0.215031
0.394924
0.428077
0.519769
0.201838
0.483223
0.233507
0.232247
0.402869
0.343187
0.072608
0.234237
0.457577
0.055467
0.383525
0.475027
0.213235
0.232593
0.163081
0.415399
0.686407
0.157657
0.141331
0.046076
0.124977
0.129040
0.532384
0.201156
0.185614
0.124500
0.453993
0.415452
0.400026
0.282489
0.442698
0.101495
0.072850
0.068321
0.364451
0.152558
0.241956
0.065006
0.510900
0.153424
0.421735
0.094286
0.082377
0.421273
0.339951
0.172980
0.248813
0.080463
0.525660
0.026617
0.174610
0.283144
0.193171
0.204877
0.281142
0.180768
0.162219
0.159322
0.102522
0.403366
0.230720
0.156462
0.067103
0.267120
0.333363
0.177647
0.194914
0.232518
0.240534
0.378646
0.400120
0.475894
0.380442
0.159851
0.199670
0.209514
0.163255
0.175885
0.323581
0.175181
0.310209
0.242392
0.202296
0.307119
0.362330
0.269181
0.377945
0.557897
0.440747
0.256163
0.037666
0.085546
0.137368
0.465830
0.545739
0.144920
0.106179
0.309230
0.462247
0.274876
0.602582
0.562406
0.553593
0.625287
0.631943
0.134625
0.525731
0.250933
0.092068
0.437577
0.431802
0.159326
0.165886
0.103180
0.051933
0.205567
0.311214
0.515592
0.430441
0.096999
0.619691
0.058907
0.648300
0.312945
0.532810
0.324176
0.136586
0.234175
0.125091
0.065457
0.545184
0.112360
0.263605
0.244658
0.316211
0.496301
0.658490
0.156104
0.174359
0.311512
0.467702
0.397666
0.232287
0.106864
0.214103
0.021117
0.398579
0.244446
0.340917
0.394296
0.147458
0.523322
0.377442
0.400452
0.779786
0.352151
0.062427
0.222085
0.095101
0.572726
0.486167
0.215816
0.302613
0.140175
0.457779
0.287455
0.186035
0.017513
0.085504
0.140121
0.555658
0.160389
0.529572
0.219388
0.013891
0.205488
0.468461
0.145549
0.480563
0.301819
0.056578
0.121301
0.676898
0.160085
0.546269
0.233911
0.205275
0.173487
0.282655
0.297946
0.490048
0.430613
0.270676
0.424802
0.200499
0.335698
0.284301
0.354759
0.119157
0.274751
0.424125
0.092211
0.431474
0.533214
0.268511
0.203500
0.170389
0.346175
0.697809
0.238592
0.216937
0.071308
0.143766
0.153191
0.533638
0.124822
0.175150
0.294411
0.451566
0.362618
0.388032
0.261813
0.385674
0.142300
0.126452
0.142971
0.336737
0.174359
0.319956
0.089574
0.438917
0.202123
0.350501
0.149220
0.117349
0.324150
0.382263
0.132023
0.258287
0.024978
0.385126
0.050854
0.038447
0.373928
0.416506
0.303946
0.220856
0.157619
0.108420
0.201116
0.139727
0.379535
0.297263
0.222730
0.167409
0.491123
0.295119
0.227140
0.120607
0.127395
0.178649
0.419466
0.365113
0.363256
0.298980
0.148961
0.375498
0.089641
0.280428
0.249391
0.315133
0.267179
0.327140
0.065612
0.101546
0.417818
0.325803
0.355234
0.395892
0.604330
0.403589
0.242177
0.113556
0.089220
0.315014
0.395178
0.540668
0.150241
0.079865
0.219535
0.408107
0.390344
0.600057
0.547021
0.460901
0.607034
0.645287
0.037241
0.488118
0.293142
0.114009
0.358588
0.412757
0.075259
0.251019
0.172423
0.177039
0.208692
0.168670
0.575411
0.474744
0.143928
0.617212
0.072793
0.601061
0.257554
0.613654
0.223544
0.123342
0.221668
0.179322
0.029374
0.602877
0.195146
0.364634
0.236505
0.175279
0.415279
0.543632
0.186958
0.117963
0.302661
0.420513
0.425081
0.377829
0.086822
0.171298
0.136134
0.325382
0.287391
0.434187
0.528202
0.120812
0.597529
0.412519
0.370691
0.811862
0.412774
0.084616
0.292327
0.186476
0.493555
0.520802
0.146805
0.316255
0.198258
0.499197
0.259221
0.236874
0.109985
0.160695
0.055853
0.558851
0.144295
0.525432
0.139990
0.043935
0.228444
0.599683
0.092746
0.615270
0.221809
0.092795
0.046636
0.622154
0.293502
0.570163
0.299740
0.239376
0.116873
0.233579
0.302362
0.460824
0.322373
0.292272
0.414864
0.223742
0.447515
0.292918
0.270205
0.129383
0.305932
0.502695
0.071632
0.355556
0.510840
0.262409
0.153044
0.155543
0.400717
0.672875
0.300453
0.151204
0.166492
0.109931
0.255258
0.537793
0.109907
0.279264
0.260515
0.430503
0.259306
0.383908
0.167927
0.336609
0.109748
0.200377
0.288769
0.334216
0.086027
0.269440
0.061538
0.429246
0.240520
0.214960
0.184054
0.251712
0.299897
0.328574
0.197587
0.150573
0.041877
0.313991
0.185789
0.030925
0.337004
0.600406
0.469821
0.207064
0.074048
0.166808
0.100727
0.256330
0.299172
0.339573
0.251262
0.340282
0.655698
0.310215
0.226727
0.066525
0.224577
0.073520
0.408615
0.386551
0.372982
0.275605
0.287699
0.318301
0.090740
0.304007
0.311958
0.325227
0.241815
0.375196
0.112143
0.056030
0.438386
0.304994
0.349845
0.370013
0.558973
0.375328
0.263616
0.186145
0.236680
0.431775
0.470779
0.495420
0.167325
0.041068
0.158828
0.471499
0.421036
0.564125
0.459240
0.320845
0.503280
0.666530
0.132475
0.480021
0.195127
0.124302
0.295882
0.457742
0.135082
0.251281
0.312003
0.141963
0.235555
0.156712
0.443679
0.440292
0.183043
0.502323
0.134682
0.720916
0.210581
0.697562
0.118383
0.139379
0.212704
0.244813
0.108424
0.705459
0.258458
0.441825
0.177564
0.154934
0.478709
0.559475
0.151809
0.057738
0.274279
0.414669
0.511434
0.449143
0.082593
0.236212
0.179653
0.316833
0.304313
0.385665
0.643395
0.092551
0.680519
0.522317
0.246092
0.746924
0.310792
0.060433
0.289140
0.171629
0.565223
0.451858
0.191566
0.261253
0.261835
0.541158
0.238914
0.262915
0.291727
0.280945
0.238554
0.517061
0.099389
0.480562
0.125227
0.007610
0.304201
0.509130
0.080663
0.653056
0.176092
0.082749
0.034998
0.599084
0.350294
0.447836
0.275774
0.270298
0.167274
0.256370
0.225093
0.338183
0.190900
0.183301
0.430230
0.208247
0.343283
0.323459
0.178727
0.217317
0.239191
0.442491
0.103156
0.430056
0.453599
0.298564
0.134443
0.032122
0.366711
0.551082
0.295543
0.278340
0.231521
0.094975
0.332648
0.442933
0.013386
0.247793
0.232272
0.233327
0.137387
0.335593
0.071222
0.212973
0.050594
0.242884
0.215592
0.361076
0.103499
0.158249
0.095953
0.400144
0.234638
0.162809
0.140635
0.384418
0.165674
0.213390
0.130164
0.087617
0.105478
0.305068
0.302297
0.029034
0.180365
0.596314
0.485426
0.149658
0.046814
0.169541
0.066400
0.412520
0.193232
0.301971
0.253251
0.402445
0.619815
0.311142
0.110585
0.208962
0.347479
0.019468
0.409253
0.395076
0.343278
0.278275
0.371544
0.154220
0.169615
0.228119
0.293433
0.277312
0.223175
0.466770
0.068324
0.136897
0.397079
0.351263
0.298341
0.217792
0.489494
0.449092
0.233078
0.143618
0.273110
0.459386
0.505881
0.415279
0.138507
0.095918
0.186236
0.406617
0.431462
0.599633
0.359064
0.225988
0.384803
0.636658
0.273483
0.512399
0.128296
0.150830
0.285937
0.434139
0.321457
0.292656
0.327878
0.116321
0.165882
0.206276
0.452128
0.384271
0.131227
0.295189
0.197073
0.749032
0.252369
0.704859
0.126377
0.245186
0.137340
0.295244
0.187222
0.626517
0.223437
0.494934
0.160625
0.243352
0.603524
0.593414
0.119234
0.062368
0.216995
0.396675
0.491940
0.390560
0.149791
0.254135
0.169153
0.333604
0.246684
0.337081
0.560159
0.089799
0.606409
0.591576
0.216580
0.553504
0.222778
0.056722
0.178659
0.156583
0.557949
0.400225
0.213664
0.251056
0.260651
0.518612
0.207301
0.362270
0.411871
0.365825
0.316938
0.458203
0.291983
0.467678
0.178991
0.164695
0.231556
0.486148
0.057925
0.575267
0.220389
0.229441
0.112278
0.676745
0.277550
0.391105
0.158878
0.229752
0.092275
0.110112
0.259734
0.258294
0.077056
0.181384
0.436418
0.168812
0.123585
0.256075
0.116971
0.271828
0.233202
0.374478
0.161551
0.564306
0.394606
0.313874
0.175183
0.119150
0.269069
0.490838
0.257908
0.386905
0.270003
0.057597
0.321574
0.299772
0.063887
0.100058
0.302174
0.184382
0.090779
0.348133
0.081293
0.108853
0.251078
0.230863
0.183617
0.318707
0.253155
0.188955
0.034370
0.344346
0.190265
0.054300
0.132174
0.447977
0.054846
0.181398
0.116712
0.054986
0.228884
0.443528
0.289008
0.022444
0.138462
0.442433
0.458030
0.227159
0.078628
0.241875
0.090104
0.492812
0.163462
0.208919
0.241805
0.346515
0.573669
0.264184
0.188022
0.219308
0.336351
0.082515
0.390822
0.354125
0.266764
0.245539
0.239505
0.120025
0.233034
0.155944
0.248333
0.134946
0.285299
0.554166
0.111586
0.198430
0.356635
0.327490
0.314620
0.242851
0.508408
0.492875
0.353496
0.143354
0.229915
0.428775
0.457852
0.447708
0.026840
0.195895
0.252427
0.346970
0.413276
0.623202
0.316279
0.178049
0.302138
0.454822
0.345038
0.490190
0.147325
0.140471
0.293854
0.477247
0.276767
0.408436
0.250746
0.080531
0.057103
0.218096
0.533067
0.439446
0.068270
0.130584
0.174984
0.618186
0.257268
0.715324
0.165519
0.247821
0.133497
0.304499
0.251333
0.469050
0.239565
0.485099
0.142450
0.268864
0.507932
0.493716
0.062309
0.045019
0.221851
0.273550
0.327709
0.278319
0.239553
0.188306
0.134124
0.307465
0.271059
0.386713
0.477932
0.034743
0.485340
0.554251
0.203455
0.298167
0.131278
0.088064
0.076555
0.156679
0.483204
0.439370
0.122858
0.235293
0.149527
0.518687
0.231835
0.363956
0.511971
0.411616
0.375500
0.433060
0.408024
0.466123
0.232157
0.231329
0.103534
0.536490
0.107239
0.464993
0.204528
0.334684
0.187753
0.679541
0.277808
0.510911
0.028530
0.207197
0.112133
0.066123
0.327481
0.315858
0.057123
0.282916
0.421251
0.287954
0.342833
0.295357
0.111534
0.346016
0.259569
0.405619
0.064820
0.566539
0.310558
0.320746
0.197778
0.208753
0.286535
0.520119
0.315217
0.451246
0.281209
0.163329
0.459076
0.209837
0.109599
0.090339
0.210720
0.208518
0.066148
0.284903
0.076228
0.127530
0.396351
0.237283
0.110750
0.369607
0.306536
0.196641
0.098155
0.293579
0.282579
0.110206
0.144224
0.386058
0.066476
0.293317
0.313249
0.066004
0.239681
0.497031
0.315111
0.090344
0.065627
0.299986
0.441363
0.314257
0.152263
0.324419
0.074951
0.484040
0.193485
0.163044
0.193534
0.366956
0.587031
0.185383
0.242208
0.256552
0.319592
0.153815
0.357340
0.295063
0.179285
0.174357
0.096645
0.171599
0.238926
0.178194
0.289717
0.093306
0.225694
0.696546
0.166834
0.375913
0.315863
0.370575
0.298342
0.235929
0.429408
0.573478
0.402912
0.275496
0.246733
0.503810
0.458577
0.571839
0.233140
0.223363
0.291496
0.377441
0.434941
0.581839
0.369741
0.040274
0.197590
0.358319
0.295298
0.463924
0.203687
0.181709
0.416836
0.482507
0.227122
0.524920
0.203408
0.054114
0.114596
0.181365
0.562633
0.400097
0.050127
0.034266
0.167462
0.526586
0.362319
0.578333
0.069696
0.233443
0.188608
0.246098
0.325498
0.442628
0.282151
0.410147
0.080600
0.193769
0.428843
0.378010
0.043010
0.175540
0.244178
0.164940
0.205774
0.289619
0.382430
0.097041
0.105676
0.425852
0.386251
0.412973
0.454016
0.066274
0.377679
0.486834
0.219549
0.285556
0.089933
0.141825
0.091580
0.250353
0.392253
0.474355
0.104689
0.143884
0.123660
0.621306
0.253127
0.441432
0.527797
0.405199
0.372477
0.471896
0.452916
0.457618
0.239873
0.191751
0.116939
0.511783
0.216783
0.485420
0.176495
0.330239
0.192144
0.500427
0.345150
0.639495
0.075218
0.212210
0.177759
0.192229
0.384412
0.319782
0.104284
0.212049
0.256047
0.393601
0.373746
0.371549
0.056939
0.299682
0.233294
0.486765
0.143983
0.573663
0.212080
0.302687
0.169518
0.262755
0.281727
0.562876
0.386445
0.506657
0.281200
0.231957
0.490955
0.190052
0.212367
0.212667
0.072280
0.253932
0.202878
0.249526
0.110118
0.187345
0.400003
0.320249
0.100736
0.366158
0.386563
0.132578
0.060259
0.355852
0.393415
0.300793
0.188628
0.265430
0.127659
0.355763
0.343883
0.146409
0.193486
0.482600
0.450645
0.177569
0.127540
0.214416
0.472119
0.308162
0.265424
0.334143
0.143681
0.479443
0.277010
0.210744
0.212402
0.353368
0.628907
0.118760
0.283101
0.278760
0.326690
0.162731
0.337436
0.297909
0.185752
0.076709
0.092575
0.204803
0.145216
0.115465
0.327321
0.004429
0.160499
0.676706
0.107441
0.515707
0.323642
0.444139
0.337877
0.107616
0.300239
0.595640
0.322568
0.427025
0.316853
0.618360
0.435270
0.589377
0.286693
0.137194
0.284369
0.350547
0.350613
0.525200
0.334930
0.041927
0.077334
0.319816
0.212007
0.469887
0.333788
0.196759
0.419146
0.459523
0.228078
0.544595
0.212060
0.246230
0.069292
0.123057
0.484438
0.365545
0.101379
0.204270
0.111230
0.366765
0.415840
0.432710
0.115839
0.223365
0.181011
0.215976
0.457219
0.461573
0.321518
0.339591
0.116893
0.144958
0.427278
0.286157
0.027183
0.188178
0.324344
0.218775
0.251668
0.401162
0.566721
0.067503
0.055864
0.560448
0.425735
0.398920
0.381379
0.159963
0.379012
0.409677
0.244704
0.240074
0.139774
0.152533
0.078248
0.274926
0.438510
0.370726
0.136712
0.051800
0.094863
0.679399
0.211442
0.376750
0.445243
0.351432
0.294065
0.428218
0.476835
0.537410
0.160357
0.178215
0.175922
0.424707
0.293224
0.494188
0.123923
0.210658
0.178208
0.377880
0.353806
0.663676
0.125712
0.276815
0.279758
0.343973
0.384151
0.256710
0.088931
0.212132
0.078693
0.363458
0.274424
0.366541
0.079545
0.263859
0.270942
0.576377
0.101755
0.717917
0.247288
0.217004
0.081317
0.299466
0.331368
0.473598
0.514759
0.548931
0.405727
0.260206
0.452249
0.332942
0.131744
0.287774
0.216105
0.272524
0.252189
0.317094
0.252270
0.263722
0.383662
0.394024
0.194842
0.280481
0.441719
0.086410
0.136905
0.450242
0.414744
0.293129
0.257770
0.237049
0.249238
0.317462
0.355273
0.185387
0.143478
0.417477
0.512622
0.103361
0.173925
0.173027
0.496211
0.290011
0.255439
0.230261
0.163447
0.478000
0.213756
0.238253
0.265597
0.275806
0.593934
0.125991
0.273262
0.330893
0.338233
0.174227
0.293404
0.277986
0.158401
0.105589
0.107103
0.259966
0.064113
0.080053
0.225556
0.185148
0.239533
0.576311
0.133838
0.585880
0.322373
0.403667
0.344457
0.055413
0.135539
0.578808
0.182975
0.409466
0.283567
0.605410
0.384355
0.440133
0.266616
0.020637
0.234651
0.543466
0.286854
0.472081
0.351878
0.129441
0.160190
0.318467
0.229576
0.494128
0.418328
0.261723
0.355945
0.380190
0.211768
0.598044
0.226847
0.364646
0.010530
0.106631
0.440999
0.496476
0.160050
0.239691
0.081559
0.204640
0.351493
0.399217
0.214102
0.223350
0.109571
0.284778
0.549329
0.381261
0.373438
0.320836
0.252999
0.074952
0.425140
0.365845
0.110502
0.125986
0.478551
0.248395
0.295220
0.542604
0.660800
0.117481
0.017140
0.487142
0.422592
0.522314
0.243512
0.309920
0.290846
0.414629
0.253614
0.136102
0.166082
0.048735
0.102972
0.135305
0.443038
0.329113
0.220936
0.044212
0.223145
0.611453
0.112250
0.348172
0.308334
0.377597
0.263790
0.347254
0.431933
0.529546
0.052444
0.180912
0.214086
0.427087
0.236758
0.447452
0.197780
0.110668
0.223018
0.369543
0.318200
0.709450
0.113776
0.202439
0.326456
0.281314
0.375195
0.368153
0.152570
0.244249
0.106652
0.393953
0.244800
0.446987
0.142586
0.329575
0.173513
0.600170
0.184815
0.849249
0.288830
0.110390
0.063200
0.328613
0.376107
0.415927
0.564611
0.508530
0.624940
0.406018
0.330631
0.560899
0.151545
0.351829
0.315084
0.253496
0.291052
0.450202
0.162407
0.252588
0.381768
0.406927
0.277712
0.166175
0.409264
0.139339
0.170054
0.287713
0.330209
0.224973
0.333467
0.201511
0.145706
0.180639
0.372163
0.263368
0.138565
0.274230
0.430821
0.277971
0.152520
0.093298
0.463159
0.399327
0.123708
0.176564
0.188263
0.451193
0.161699
0.266812
0.239967
0.243407
0.370210
0.059495
0.242143
0.302495
0.346014
0.212458
0.279789
0.094743
0.054237
0.280635
0.125703
0.224064
0.170756
0.068092
