# G_2, p = 0.0000 GPa (dir_0.0_bar).
# 4MR distortion Lambda = (1/2)|d_02 - d_13|.
# 180 rings x 101 frames = 18180 samples.
# Column: per-4MR Lambda [A]
0.220369
0.270068
0.058344
0.290778
0.270065
0.058340
0.220372
0.290770
0.270067
0.058344
0.220351
0.290788
0.058340
0.220351
0.270065
0.290779
0.220364
0.270068
0.058345
0.290766
0.220368
0.270065
0.058340
0.290768
0.220380
0.058332
0.270057
0.290765
0.058328
0.220380
0.270056
0.290764
0.270266
0.219382
0.058282
0.291010
0.219379
0.058273
0.270271
0.291002
0.219390
0.058282
0.270272
0.291007
0.058285
0.219388
0.270267
0.291001
0.270275
0.219390
0.058282
0.291005
0.219379
0.058285
0.270280
0.291001
0.058282
0.219397
0.270268
0.291009
0.058285
0.219397
0.270271
0.291006
0.270983
0.219612
0.058202
0.291922
0.219607
0.058208
0.270981
0.291922
0.219595
0.058204
0.270986
0.291918
0.058208
0.219594
0.270981
0.291922
0.219610
0.270985
0.058203
0.291918
0.270981
0.219607
0.058208
0.291922
0.058203
0.219606
0.270985
0.291920
0.058208
0.219606
0.270981
0.291922
0.219389
0.058192
0.291914
0.219388
0.058194
0.291918
0.058179
0.219397
0.291909
0.058194
0.219397
0.291919
0.219382
0.058180
0.291925
0.219379
0.058181
0.291927
0.058192
0.219390
0.291903
0.058194
0.219379
0.291929
0.220378
0.058312
0.291022
0.220380
0.058312
0.291025
0.058311
0.220358
0.291025
0.058312
0.220359
0.291024
0.220351
0.058311
0.291037
0.220351
0.058312
0.291035
0.058314
0.220362
0.291033
0.058312
0.220363
0.291025
0.219599
0.058313
0.290756
0.219594
0.058315
0.290752
0.058302
0.219610
0.290746
0.058315
0.219594
0.290750
0.219608
0.058313
0.290750
0.219607
0.058315
0.290750
0.058314
0.219594
0.290753
0.058315
0.219594
0.290748
0.000279
0.000277
0.000046
0.000045
0.000216
0.000216
0.000280
0.000257
0.000207
0.000206
0.000053
0.000053
0.147457
0.283506
0.116205
0.164086
0.282786
0.020486
0.186406
0.125205
0.282338
0.223274
0.281003
0.204255
0.043004
0.148983
0.167019
0.313059
0.334444
0.305715
0.036804
0.155615
0.131453
0.450284
0.131667
0.364430
0.250757
0.031068
0.291820
0.354114
0.130973
0.152122
0.326307
0.218931
0.326190
0.263394
0.076553
0.136998
0.147281
0.006345
0.185344
0.331454
0.145767
0.058489
0.458055
0.439115
0.130161
0.276323
0.354475
0.362668
0.198793
0.140749
0.108761
0.476108
0.149301
0.136985
0.299042
0.259682
0.060119
0.174694
0.397740
0.272325
0.151187
0.203630
0.113110
0.207127
0.458632
0.261060
0.129057
0.234143
0.243080
0.028550
0.284518
0.271620
0.294458
0.122568
0.309275
0.407938
0.226050
0.086352
0.411898
0.393738
0.286772
0.134732
0.053723
0.199958
0.325026
0.159007
0.042979
0.163641
0.065243
0.294265
0.282338
0.233038
0.017817
0.210949
0.162628
0.495122
0.174060
0.167011
0.405530
0.186618
0.080527
0.571591
0.119585
0.212956
0.268902
0.164191
0.143819
0.258724
0.138223
0.227952
0.547239
0.123555
0.270035
0.452331
0.220197
0.268687
0.499566
0.228584
0.003114
0.425890
0.240466
0.235022
0.368295
0.315377
0.055605
0.180403
0.148665
0.172208
0.399716
0.017692
0.277003
0.413594
0.410269
0.016391
0.216527
0.195879
0.134298
0.255412
0.052234
0.344864
0.369079
0.035309
0.086462
0.389356
0.278576
0.028810
0.320502
0.077819
0.138570
0.227121
0.185721
0.260068
0.248781
0.171157
0.186504
0.365795
0.105027
0.098550
0.313763
0.093774
0.056517
0.140686
0.005732
0.310266
0.247857
0.087110
0.180258
0.325410
0.059378
0.029760
0.003123
0.070858
0.192928
0.088728
0.258451
0.148449
0.020727
0.053171
0.036617
0.190281
0.086892
0.381782
0.150073
0.014146
0.364802
0.142437
0.193838
0.047086
0.298081
0.298210
0.279808
0.158225
0.015367
0.093729
0.087282
0.329653
0.516486
0.433576
0.187230
0.013865
0.047162
0.659258
0.201448
0.451385
0.247927
0.146990
0.301022
0.412496
0.201358
0.015995
0.404753
0.141368
0.426538
0.287316
0.138462
0.011409
0.112518
0.032716
0.071612
0.402289
0.014310
0.054507
0.603390
0.625425
0.248278
0.332615
0.409371
0.458215
0.152844
0.045589
0.136524
0.650782
0.056421
0.210224
0.361466
0.214371
0.052860
0.129433
0.574334
0.275709
0.273157
0.260488
0.004523
0.139907
0.639399
0.307375
0.307044
0.145894
0.258012
0.044527
0.287053
0.255889
0.375303
0.287048
0.306421
0.514633
0.458076
0.003627
0.540039
0.471889
0.330703
0.055608
0.072015
0.037187
0.388070
0.130908
0.127584
0.004093
0.063582
0.367670
0.310473
0.148454
0.069798
0.206533
0.010681
0.722087
0.131718
0.351630
0.484366
0.151650
0.171829
0.797101
0.178780
0.239903
0.227110
0.296459
0.081495
0.217293
0.067306
0.429388
0.744084
0.017092
0.483313
0.593298
0.429013
0.309659
0.677830
0.429756
0.258032
0.574588
0.202420
0.327144
0.434701
0.415250
0.045749
0.056813
0.222965
0.046968
0.488810
0.042737
0.328067
0.532051
0.581116
0.070323
0.135200
0.168589
0.121714
0.192158
0.020339
0.442618
0.462502
0.033939
0.040038
0.497509
0.327662
0.115999
0.328490
0.106229
0.295118
0.190197
0.259175
0.257112
0.225417
0.302012
0.182722
0.460503
0.031005
0.081929
0.391014
0.044842
0.030392
0.050189
0.123827
0.411085
0.204468
0.151331
0.183238
0.414883
0.085615
0.059218
0.002118
0.158244
0.396960
0.233287
0.525274
0.368548
0.016390
0.078631
0.088725
0.397182
0.088768
0.416945
0.223212
0.088051
0.434674
0.216304
0.300537
0.215103
0.364725
0.356571
0.335997
0.126842
0.014623
0.125119
0.025232
0.351824
0.626636
0.451119
0.287403
0.125767
0.039532
0.778553
0.254105
0.443048
0.241476
0.164116
0.230296
0.390486
0.291951
0.067969
0.502844
0.092390
0.519370
0.237226
0.181767
0.038952
0.059706
0.066878
0.012926
0.458038
0.091451
0.046202
0.614594
0.696541
0.353785
0.353094
0.434431
0.499759
0.161508
0.030628
0.126692
0.636882
0.040122
0.235265
0.372142
0.129941
0.000762
0.051256
0.645060
0.251464
0.375258
0.275079
0.056509
0.162965
0.750065
0.341617
0.424923
0.144395
0.284572
0.042673
0.310316
0.344619
0.370386
0.425650
0.361004
0.575200
0.560694
0.058355
0.625256
0.578546
0.345736
0.124483
0.052761
0.083975
0.467066
0.148095
0.179665
0.095247
0.033328
0.425918
0.391131
0.160398
0.131471
0.231774
0.075034
0.843356
0.092011
0.443339
0.503083
0.105591
0.199663
0.813495
0.201079
0.273750
0.271018
0.321250
0.032318
0.242509
0.011407
0.487172
0.805167
0.079671
0.524927
0.667737
0.550744
0.285897
0.784296
0.478634
0.420707
0.671298
0.208666
0.363269
0.467562
0.584882
0.092406
0.017000
0.326190
0.065425
0.526954
0.007441
0.329071
0.601887
0.695800
0.088778
0.043924
0.230867
0.112084
0.134002
0.009385
0.545204
0.515298
0.077459
0.020056
0.555278
0.307028
0.162775
0.244300
0.221636
0.380236
0.157700
0.284678
0.247507
0.161672
0.400304
0.178799
0.509133
0.128587
0.022852
0.377750
0.175218
0.012523
0.029323
0.193387
0.464586
0.148874
0.167292
0.219908
0.451302
0.152857
0.096569
0.003826
0.245805
0.449876
0.291925
0.668894
0.461447
0.054529
0.085585
0.152689
0.513458
0.123766
0.421386
0.218185
0.112450
0.525150
0.283033
0.364373
0.350893
0.427058
0.333975
0.304427
0.164211
0.049857
0.146957
0.005369
0.343790
0.537184
0.424261
0.418535
0.212456
0.020065
0.776040
0.268870
0.368546
0.214341
0.193681
0.149089
0.331986
0.252789
0.114585
0.572050
0.062825
0.608041
0.165974
0.195843
0.041828
0.033136
0.120449
0.004853
0.506080
0.080032
0.065672
0.559499
0.664748
0.414215
0.377730
0.414476
0.557138
0.202559
0.004642
0.136163
0.572689
0.119430
0.183427
0.381296
0.117372
0.108031
0.028764
0.603326
0.233021
0.380627
0.321537
0.020120
0.253836
0.724641
0.362019
0.445681
0.150446
0.346222
0.085535
0.371748
0.381114
0.285060
0.456996
0.374013
0.548292
0.549772
0.069986
0.578650
0.578329
0.409055
0.115375
0.030543
0.198998
0.480766
0.169031
0.185301
0.152921
0.013268
0.496932
0.467382
0.207266
0.188893
0.287528
0.174789
0.751381
0.126646
0.446173
0.405716
0.052962
0.177263
0.606453
0.271248
0.346436
0.302631
0.340802
0.046695
0.253732
0.032565
0.443849
0.661772
0.104863
0.524671
0.607213
0.596045
0.248235
0.698578
0.452839
0.441945
0.638855
0.118967
0.332253
0.451417
0.630493
0.125108
0.038371
0.358561
0.206130
0.537943
0.021444
0.258827
0.563695
0.632190
0.088685
0.003697
0.267838
0.099280
0.078303
0.006659
0.517035
0.518720
0.103596
0.037046
0.567326
0.292959
0.149815
0.189937
0.227583
0.335905
0.183942
0.287359
0.226701
0.126695
0.405278
0.166675
0.515891
0.115972
0.005562
0.411012
0.234471
0.013551
0.109789
0.135233
0.460498
0.106025
0.133541
0.249465
0.480920
0.169160
0.224258
0.012453
0.305632
0.431833
0.296871
0.771466
0.471045
0.083519
0.031301
0.141517
0.492792
0.186040
0.391825
0.166221
0.049766
0.548907
0.277557
0.415016
0.434452
0.481697
0.228243
0.252085
0.206109
0.009613
0.183378
0.004904
0.401981
0.359105
0.338223
0.486292
0.250738
0.041337
0.603811
0.246611
0.276348
0.263660
0.139466
0.046690
0.280506
0.148442
0.117598
0.499055
0.064236
0.711871
0.163816
0.203176
0.153671
0.036748
0.102515
0.027517
0.503282
0.022700
0.055371
0.406412
0.560833
0.430451
0.385905
0.301805
0.558869
0.228244
0.048483
0.104230
0.467990
0.131813
0.123374
0.392631
0.097804
0.189767
0.059837
0.452668
0.242408
0.329018
0.338884
0.144459
0.370726
0.586733
0.364022
0.387618
0.128435
0.437604
0.132632
0.445604
0.417871
0.167882
0.385607
0.341965
0.548446
0.463077
0.045471
0.466375
0.549597
0.474185
0.012629
0.039866
0.206873
0.463748
0.220799
0.170672
0.181060
0.026276
0.534255
0.496076
0.296512
0.202465
0.384066
0.229543
0.543748
0.171813
0.331073
0.321088
0.035770
0.161677
0.335056
0.282127
0.439880
0.367141
0.306584
0.053620
0.317512
0.039789
0.275048
0.472843
0.051600
0.480892
0.452659
0.568518
0.210404
0.561225
0.350542
0.306047
0.550445
0.032411
0.237227
0.399697
0.579395
0.172950
0.007387
0.426868
0.241713
0.554634
0.016123
0.183139
0.522141
0.491962
0.030932
0.092603
0.280122
0.089508
0.006927
0.018284
0.393998
0.459573
0.119438
0.174403
0.558020
0.217255
0.091366
0.170219
0.166342
0.251453
0.183365
0.208033
0.163154
0.098599
0.329477
0.124201
0.450887
0.058603
0.047405
0.415158
0.233603
0.011556
0.210923
0.048893
0.353778
0.128060
0.127863
0.262038
0.459260
0.171540
0.278033
0.007076
0.317586
0.299970
0.264622
0.723281
0.430046
0.091987
0.016049
0.079043
0.413087
0.292946
0.357737
0.082058
0.058030
0.480711
0.187234
0.455561
0.424377
0.538111
0.024885
0.133151
0.245928
0.003101
0.249880
0.023990
0.392952
0.211555
0.292225
0.469988
0.316216
0.155670
0.353229
0.183738
0.160600
0.321820
0.007421
0.016234
0.233394
0.034591
0.062071
0.293326
0.037662
0.699815
0.150916
0.187671
0.289234
0.087531
0.048444
0.050354
0.458113
0.020903
0.045633
0.246535
0.425060
0.311707
0.364192
0.163482
0.489628
0.194460
0.105769
0.058906
0.411681
0.092556
0.034295
0.373696
0.153480
0.227085
0.104671
0.318892
0.244626
0.243927
0.337121
0.306841
0.417739
0.371040
0.294094
0.331466
0.111714
0.487663
0.126117
0.486436
0.403895
0.059416
0.282788
0.346411
0.537840
0.323772
0.045079
0.326426
0.510695
0.515799
0.161224
0.177694
0.146896
0.421852
0.258637
0.206891
0.116480
0.077196
0.560257
0.428933
0.423894
0.223566
0.449436
0.187290
0.351998
0.223778
0.158809
0.289559
0.058608
0.132651
0.145086
0.225678
0.446186
0.401123
0.255067
0.027584
0.401574
0.001985
0.009324
0.266968
0.066068
0.367642
0.332058
0.402842
0.167301
0.447192
0.194961
0.136770
0.431243
0.001962
0.110217
0.344156
0.472188
0.211884
0.046285
0.527262
0.188862
0.590877
0.008070
0.171678
0.416205
0.336913
0.006378
0.119475
0.276374
0.076798
0.045752
0.107263
0.297805
0.350472
0.189803
0.343182
0.490406
0.127938
0.070737
0.143204
0.096634
0.188977
0.174930
0.076025
0.073117
0.046281
0.243181
0.131053
0.333334
0.046145
0.135588
0.409583
0.155423
0.002992
0.307811
0.089327
0.226213
0.197743
0.165763
0.300948
0.386328
0.144154
0.203569
0.023317
0.313068
0.129644
0.199215
0.475311
0.305165
0.080149
0.074716
0.016813
0.302740
0.352124
0.242303
0.023613
0.204551
0.369003
0.121209
0.450591
0.333282
0.525651
0.143456
0.004203
0.293374
0.007690
0.276456
0.107519
0.478326
0.093455
0.215090
0.421750
0.268921
0.241710
0.218399
0.062856
0.101282
0.339362
0.125421
0.085378
0.256694
0.074012
0.006016
0.161010
0.120674
0.611465
0.240692
0.163384
0.403709
0.151507
0.042934
0.116311
0.380510
0.100536
0.100533
0.127602
0.364183
0.190630
0.366148
0.061904
0.401798
0.149850
0.163532
0.057457
0.331381
0.079470
0.021479
0.344128
0.195855
0.204844
0.043366
0.116487
0.287389
0.152791
0.324031
0.503278
0.466679
0.136136
0.231158
0.181503
0.021906
0.491533
0.116685
0.444605
0.422386
0.012311
0.081020
0.317252
0.501723
0.112598
0.174610
0.215430
0.384300
0.534055
0.356024
0.229164
0.109591
0.341736
0.322751
0.197368
0.087737
0.060769
0.635967
0.307764
0.386596
0.170089
0.470607
0.078003
0.124071
0.230887
0.027330
0.221014
0.103325
0.124181
0.021252
0.210755
0.525150
0.372867
0.182388
0.033577
0.454860
0.069765
0.215805
0.035218
0.249744
0.238081
0.169419
0.221491
0.139485
0.326008
0.063551
0.123767
0.274943
0.000629
0.041768
0.301998
0.355073
0.219267
0.129876
0.517103
0.121113
0.525767
0.021755
0.120476
0.287400
0.151885
0.030618
0.161276
0.267358
0.092991
0.062123
0.162028
0.186492
0.205953
0.128798
0.471175
0.390758
0.039515
0.213065
0.180128
0.038270
0.018807
0.273705
0.066783
0.017561
0.044743
0.133498
0.204321
0.257989
0.105510
0.265762
0.399467
0.029867
0.011494
0.451541
0.245742
0.154643
0.356378
0.176952
0.388130
0.365773
0.084690
0.183377
0.071234
0.267294
0.038684
0.114839
0.241324
0.181804
0.010566
0.165497
0.126685
0.184458
0.374548
0.110617
0.009889
0.306275
0.204521
0.068794
0.440107
0.201708
0.411412
0.298973
0.061138
0.338599
0.083143
0.353876
0.187472
0.528828
0.044610
0.205412
0.275906
0.200445
0.343066
0.054217
0.056424
0.025023
0.364968
0.165454
0.164892
0.313738
0.112388
0.176120
0.061146
0.205226
0.480960
0.277100
0.089595
0.489323
0.203481
0.034158
0.214899
0.268654
0.201347
0.123914
0.114736
0.350642
0.001274
0.400358
0.049428
0.310338
0.119551
0.190049
0.074530
0.293913
0.298036
0.114822
0.322304
0.278441
0.191382
0.028657
0.009852
0.295295
0.051261
0.286357
0.641367
0.450602
0.001229
0.173030
0.084715
0.017146
0.407699
0.085525
0.368835
0.442569
0.016975
0.076919
0.330837
0.430448
0.086191
0.326884
0.094264
0.333923
0.531132
0.523592
0.225550
0.041740
0.314725
0.338916
0.211551
0.042014
0.036652
0.688387
0.202955
0.309618
0.138302
0.419099
0.110150
0.031817
0.226622
0.192280
0.114872
0.141272
0.007189
0.070149
0.176117
0.522010
0.304340
0.077250
0.039685
0.518293
0.152484
0.461509
0.201919
0.350931
0.083002
0.061957
0.005052
0.142573
0.195597
0.116181
0.343900
0.154299
0.019024
0.151773
0.269781
0.272067
0.231358
0.214885
0.497278
0.015573
0.441792
0.017417
0.086946
0.137699
0.059971
0.112651
0.022576
0.262204
0.132543
0.004800
0.233511
0.138088
0.065751
0.072715
0.592082
0.296403
0.052732
0.321930
0.168527
0.224696
0.098789
0.346716
0.194072
0.022571
0.008665
0.070639
0.256415
0.147641
0.201337
0.400901
0.370596
0.188079
0.066979
0.497211
0.385945
0.115896
0.399251
0.197982
0.444052
0.323660
0.029825
0.131989
0.097686
0.186465
0.172035
0.019258
0.001422
0.008614
0.091602
0.214797
0.233873
0.027194
0.314924
0.061011
0.011365
0.386632
0.070360
0.029027
0.391691
0.036682
0.258261
0.410816
0.012597
0.419621
0.041882
0.414099
0.325410
0.588623
0.126675
0.194777
0.042148
0.019431
0.345739
0.006803
0.172437
0.031251
0.355165
0.148245
0.228954
0.396564
0.078564
0.314020
0.048661
0.369615
0.347060
0.330249
0.031996
0.513933
0.265863
0.018745
0.291852
0.138664
0.289128
0.114571
0.061320
0.357201
0.082152
0.462378
0.010275
0.174465
0.128722
0.196643
0.067834
0.252824
0.515722
0.129216
0.284016
0.267568
0.162221
0.190749
0.107503
0.284309
0.027089
0.230577
0.662196
0.409087
0.092709
0.163446
0.329144
0.041870
0.309387
0.026406
0.255351
0.485781
0.056983
0.280678
0.365357
0.331197
0.187754
0.480387
0.001000
0.313352
0.506160
0.648635
0.187705
0.037722
0.224748
0.345414
0.141854
0.195132
0.026653
0.550971
0.078553
0.131713
0.045590
0.319236
0.253781
0.160300
0.187918
0.264023
0.001070
0.171465
0.113625
0.100096
0.138750
0.466183
0.262104
0.052223
0.073925
0.499245
0.265287
0.544219
0.382169
0.453322
0.035263
0.040347
0.066705
0.210800
0.090354
0.261559
0.550872
0.059453
0.018468
0.257344
0.208616
0.231192
0.232816
0.286418
0.410269
0.230456
0.300872
0.004160
0.102498
0.000326
0.027278
0.152241
0.140378
0.248859
0.122277
0.149362
0.220260
0.080873
0.043154
0.016462
0.690149
0.197267
0.109251
0.354714
0.185382
0.438865
0.182403
0.373767
0.337732
0.054241
0.027467
0.015991
0.280991
0.100321
0.258807
0.477981
0.288394
0.402121
0.123018
0.488390
0.374851
0.053987
0.427321
0.153784
0.412743
0.320463
0.000172
0.069545
0.183781
0.098437
0.317064
0.056661
0.202765
0.144491
0.134938
0.246825
0.282185
0.136599
0.307059
0.170605
0.056135
0.382383
0.004882
0.054754
0.315280
0.168452
0.110893
0.445542
0.107832
0.506294
0.000775
0.476618
0.406928
0.493697
0.132983
0.288723
0.207853
0.156877
0.354871
0.066132
0.211234
0.104985
0.358343
0.129154
0.192116
0.500740
0.019913
0.470850
0.122400
0.501323
0.225552
0.345167
0.012098
0.481875
0.391158
0.050026
0.385400
0.002328
0.362546
0.099136
0.036726
0.341827
0.188446
0.487948
0.007395
0.016410
0.184178
0.204176
0.108477
0.262826
0.596369
0.133733
0.246111
0.271248
0.065540
0.278360
0.107259
0.259271
0.098817
0.175580
0.521617
0.299606
0.052699
0.177028
0.428129
0.170550
0.139062
0.050784
0.195708
0.453262
0.106743
0.404537
0.376064
0.207084
0.230033
0.624411
0.085930
0.330254
0.410629
0.689400
0.116304
0.190206
0.130997
0.298928
0.053398
0.414367
0.096765
0.308210
0.066945
0.018709
0.036464
0.213298
0.384379
0.148027
0.175802
0.268791
0.070123
0.167568
0.213375
0.039041
0.076456
0.331267
0.249750
0.150112
0.117042
0.433983
0.336163
0.473861
0.471851
0.490675
0.178381
0.062932
0.152143
0.271156
0.033813
0.315664
0.584007
0.002574
0.092833
0.300478
0.132299
0.253194
0.228268
0.302362
0.267527
0.510502
0.268685
0.026183
0.167571
0.120580
0.034418
0.165335
0.345416
0.221146
0.072344
0.285122
0.175631
0.052552
0.068558
0.066004
0.671397
0.083703
0.237025
0.340598
0.158812
0.552250
0.202278
0.313973
0.375085
0.072289
0.055209
0.015901
0.332990
0.029337
0.325160
0.455003
0.228136
0.589112
0.164937
0.373311
0.316429
0.066638
0.332332
0.115904
0.329222
0.311474
0.016119
0.046432
0.265303
0.005639
0.353107
0.119262
0.422443
0.287932
0.112489
0.234037
0.272020
0.289782
0.266610
0.288789
0.098167
0.358034
0.008307
0.083418
0.209820
0.400387
0.032109
0.345682
0.235885
0.516890
0.096788
0.442581
0.441210
0.385689
0.090512
0.290723
0.368189
0.344742
0.292036
0.042112
0.227704
0.270746
0.395574
0.139122
0.098635
0.545620
0.053780
0.508478
0.151495
0.586928
0.156521
0.384467
0.052117
0.463218
0.427801
0.012711
0.390428
0.055287
0.435910
0.110388
0.105228
0.310817
0.221269
0.470542
0.045262
0.141380
0.300984
0.245832
0.135755
0.263883
0.625002
0.081299
0.230756
0.256538
0.024266
0.392928
0.007343
0.280028
0.180257
0.134513
0.288432
0.201860
0.005834
0.179961
0.406390
0.233220
0.030236
0.080686
0.174447
0.341103
0.186718
0.527787
0.338434
0.123937
0.183414
0.690287
0.096449
0.355638
0.322663
0.706798
0.001321
0.314941
0.021676
0.284275
0.133959
0.528455
0.240726
0.050318
0.124651
0.075743
0.149585
0.148938
0.475405
0.088124
0.167847
0.233208
0.083201
0.144542
0.263745
0.007213
0.007274
0.243443
0.193282
0.194447
0.213305
0.297537
0.420166
0.321300
0.481200
0.497143
0.241526
0.108824
0.219556
0.349826
0.026065
0.274617
0.493268
0.093684
0.221562
0.333232
0.085888
0.253579
0.157058
0.334476
0.060923
0.713377
0.232222
0.048252
0.200965
0.166454
0.032237
0.180076
0.426918
0.258056
0.055198
0.443394
0.049463
0.004919
0.045589
0.147842
0.443793
0.008451
0.302264
0.228860
0.191991
0.572750
0.296317
0.242145
0.309146
0.036700
0.204342
0.067415
0.414225
0.016803
0.369116
0.378865
0.150222
0.669823
0.235896
0.219842
0.201695
0.151954
0.269482
0.006388
0.280058
0.314812
0.046715
0.121172
0.299952
0.076415
0.311149
0.109693
0.564177
0.362378
0.060183
0.227538
0.182379
0.389361
0.228770
0.255234
0.084807
0.334018
0.037337
0.106148
0.110469
0.647251
0.050595
0.241550
0.342070
0.534590
0.177703
0.403649
0.437159
0.229037
0.036803
0.410116
0.457962
0.478131
0.280552
0.001120
0.201449
0.434366
0.478531
0.133492
0.084396
0.555623
0.077687
0.536411
0.098585
0.602479
0.081761
0.342747
0.133535
0.367368
0.473084
0.051147
0.376606
0.106389
0.511440
0.118671
0.231557
0.239552
0.272337
0.435501
0.138205
0.218640
0.408537
0.321427
0.179919
0.248739
0.560437
0.010217
0.189452
0.335646
0.102576
0.522249
0.192999
0.269964
0.201675
0.227514
0.023174
0.098345
0.050022
0.147312
0.294910
0.367112
0.058567
0.102654
0.151247
0.128607
0.273004
0.470094
0.306485
0.027480
0.093511
0.614419
0.016662
0.378984
0.182043
0.609987
0.091749
0.477015
0.019826
0.207870
0.255130
0.590338
0.300933
0.133770
0.302541
0.016660
0.163400
0.088913
0.581848
0.043773
0.251675
0.148720
0.081068
0.226691
0.297353
0.040590
0.039565
0.129353
0.128856
0.182639
0.292827
0.177616
0.479258
0.145525
0.483118
0.490193
0.262406
0.060731
0.252490
0.410357
0.053034
0.167162
0.341934
0.152872
0.339505
0.262939
0.016011
0.276188
0.074597
0.376687
0.090353
0.776171
0.228550
0.109789
0.214255
0.164158
0.001376
0.169821
0.460015
0.293748
0.101854
0.518239
0.025583
0.075674
0.008825
0.120846
0.203578
0.049670
0.397064
0.056423
0.196457
0.579629
0.269059
0.157989
0.212587
0.210767
0.369333
0.085295
0.472111
0.013286
0.468703
0.228258
0.155015
0.636935
0.283967
0.064302
0.079479
0.251345
0.189322
0.103833
0.178331
0.226054
0.075071
0.226289
0.301198
0.139844
0.204567
0.085436
0.626459
0.381060
0.026559
0.162638
0.093407
0.359168
0.235058
0.178893
0.081924
0.362062
0.119779
0.206102
0.044926
0.735642
0.084491
0.047554
0.434772
0.468368
0.288574
0.299203
0.410909
0.090898
0.252332
0.452032
0.512054
0.578728
0.289698
0.086343
0.095451
0.508197
0.561186
0.129808
0.230476
0.423060
0.165237
0.477827
0.015392
0.531949
0.081159
0.277266
0.169592
0.276403
0.446574
0.082532
0.361535
0.063421
0.469715
0.068090
0.369254
0.150102
0.229095
0.375792
0.257165
0.226953
0.460748
0.263989
0.086613
0.197471
0.379099
0.072732
0.175243
0.395248
0.122146
0.566025
0.370202
0.312694
0.229802
0.283415
0.160338
0.072683
0.103644
0.144084
0.153438
0.443899
0.065960
0.083822
0.151870
0.047235
0.342517
0.406831
0.220832
0.068668
0.035113
0.507954
0.207612
0.436690
0.088193
0.490625
0.183715
0.613648
0.024864
0.193434
0.341961
0.547941
0.255145
0.260845
0.406697
0.087469
0.210580
0.036958
0.551222
0.216482
0.250089
0.142227
0.011803
0.298858
0.248084
0.059128
0.109727
0.011011
0.065954
0.136522
0.291310
0.055916
0.495004
0.041298
0.408820
0.410397
0.231352
0.006349
0.181013
0.402652
0.085129
0.046978
0.135764
0.194723
0.413471
0.140882
0.019314
0.303117
0.029057
0.491475
0.207232
0.650822
0.208850
0.122201
0.263340
0.062990
0.000350
0.085361
0.415022
0.333177
0.115941
0.545927
0.142439
0.186240
0.067860
0.119273
0.011318
0.025312
0.512337
0.122162
0.188144
0.538618
0.130167
0.084183
0.086144
0.418939
0.517526
0.050964
0.495242
0.011554
0.588340
0.120203
0.133749
0.573991
0.372582
0.057105
0.081422
0.306236
0.149293
0.187560
0.124398
0.094334
0.093898
0.253913
0.213609
0.131025
0.031134
0.010714
0.537086
0.359107
0.109832
0.116028
0.099219
0.326609
0.298207
0.075072
0.075823
0.492881
0.258015
0.282291
0.065225
0.699857
0.141827
0.156695
0.489402
0.425890
0.329621
0.174695
0.320299
0.009529
0.448543
0.467249
0.416495
0.672492
0.336973
0.184872
0.021733
0.448281
0.533679
0.136527
0.446289
0.273491
0.194906
0.431690
0.140669
0.468942
0.031399
0.175212
0.236162
0.176388
0.425719
0.133509
0.373793
0.013433
0.469645
0.080613
0.452228
0.053007
0.145395
0.321431
0.354081
0.129734
0.447608
0.260449
0.074630
0.138337
0.190315
0.143560
0.159034
0.470687
0.152986
0.446927
0.376981
0.287332
0.134548
0.319274
0.293683
0.108776
0.215243
0.153369
0.048025
0.539250
0.082053
0.047475
0.131538
0.174384
0.337257
0.242866
0.098302
0.074080
0.115477
0.272580
0.344732
0.476989
0.012647
0.327707
0.262142
0.698581
0.074471
0.144169
0.325468
0.436942
0.130740
0.286823
0.473375
0.285831
0.210095
0.028394
0.507931
0.405005
0.236210
0.128254
0.088965
0.377645
0.151069
0.103525
0.101357
0.115658
0.038241
0.003533
0.261849
0.050653
0.452009
0.217465
0.290876
0.230659
0.215596
0.090410
0.151079
0.403738
0.132943
0.099152
0.029381
0.164400
0.525972
0.046176
0.007811
0.302430
0.131438
0.578513
0.252801
0.409354
0.191256
0.141166
0.320760
0.060374
0.023090
0.054104
0.388057
0.334163
0.125473
0.391065
0.195725
0.325556
0.127606
0.104044
0.131208
0.041667
0.671092
0.260258
0.146182
0.340709
0.015645
0.028503
0.093452
0.582191
0.551451
0.016961
0.472260
0.044135
0.640246
0.010416
0.194215
0.466100
0.362114
0.049629
0.178746
0.331027
0.135877
0.178926
0.118739
0.003943
0.040961
0.209461
0.099676
0.149808
0.166450
0.040036
0.331255
0.238524
0.188764
0.046621
0.214668
0.256865
0.309840
0.276786
0.095295
0.657943
0.344924
0.292884
0.088135
0.550604
0.213499
0.397176
0.552813
0.312333
0.293929
0.008878
0.200958
0.016059
0.573020
0.333272
0.244505
0.690889
0.348521
0.318097
0.106486
0.353693
0.401635
0.192417
0.619951
0.094805
0.210258
0.323349
0.278249
0.407131
0.019957
0.166501
0.248749
0.138804
0.312411
0.150573
0.362667
0.162798
0.427209
0.079814
0.485251
0.017156
0.016360
0.274164
0.419888
0.014162
0.431311
0.253432
0.066820
0.079659
0.027368
0.213138
0.150434
0.450758
0.159529
0.303773
0.263837
0.259291
0.045951
0.251697
0.316378
0.203952
0.330253
0.184475
0.235727
0.547547
0.064446
0.010188
0.149628
0.176368
0.291320
0.079854
0.001199
0.167056
0.169200
0.034260
0.487043
0.467198
0.000800
0.230650
0.297142
0.655316
0.153683
0.124410
0.319652
0.308150
0.063704
0.283747
0.457517
0.445220
0.205492
0.055685
0.435185
0.504544
0.207316
0.130303
0.220405
0.422994
0.021755
0.106114
0.064126
0.118760
0.081724
0.121140
0.239361
0.113321
0.431486
0.351833
0.109168
0.069008
0.170360
0.156782
0.122752
0.367445
0.217609
0.174509
0.027426
0.103733
0.608595
0.188802
0.089368
0.272845
0.226454
0.526799
0.239763
0.082834
0.123717
0.167140
0.343575
0.208757
0.040723
0.016250
0.300740
0.337276
0.146377
0.177530
0.234302
0.415790
0.164746
0.080458
0.233367
0.024086
0.664903
0.346741
0.129354
0.069776
0.099047
0.013772
0.237819
0.615616
0.530063
0.023004
0.455800
0.162518
0.549576
0.070642
0.196917
0.363958
0.295045
0.045416
0.244829
0.361139
0.207316
0.128724
0.195783
0.008076
0.002544
0.103450
0.028280
0.127515
0.229416
0.086244
0.044823
0.095549
0.196453
0.008904
0.308679
0.164108
0.315953
0.515269
0.093248
0.690206
0.393065
0.279891
0.136299
0.296895
0.306241
0.534236
0.528370
0.244377
0.195001
0.173565
0.061606
0.022816
0.597664
0.298765
0.041259
0.555904
0.353369
0.366109
0.166247
0.275394
0.211851
0.217618
0.660156
0.049191
0.142848
0.254104
0.401133
0.324448
0.055364
0.163323
0.186531
0.142769
0.273030
0.193461
0.391697
0.338395
0.278814
0.033683
0.472360
0.029127
0.126424
0.174401
0.467978
0.171455
0.376835
0.262890
0.047728
0.128512
0.114245
0.178141
0.195359
0.482375
0.190608
0.165683
0.209860
0.181649
0.174771
0.211328
0.163261
0.339324
0.438339
0.258747
0.451740
0.553601
0.015093
0.067888
0.193845
0.160712
0.356959
0.097950
0.081904
0.254016
0.244749
0.134966
0.561487
0.401696
0.011790
0.120685
0.293213
0.576083
0.277088
0.126727
0.213415
0.156956
0.000668
0.156674
0.377796
0.637623
0.138603
0.037238
0.368122
0.522819
0.244897
0.057327
0.336113
0.521269
0.139423
0.133625
0.013504
0.034270
0.158836
0.273899
0.227179
0.190119
0.334037
0.395593
0.126304
0.067449
0.081270
0.263028
0.051097
0.298764
0.295002
0.281146
0.079508
0.037472
0.561779
0.290720
0.203702
0.192331
0.265596
0.450605
0.191705
0.177419
0.103016
0.116801
0.295876
0.382986
0.129583
0.001520
0.320412
0.290986
0.127863
0.048531
0.189916
0.425190
0.204730
0.014218
0.266973
0.041020
0.561949
0.330556
0.105323
0.146156
0.281890
0.022624
0.384657
0.519684
0.456366
0.117230
0.430478
0.188757
0.456163
0.062483
0.228427
0.276825
0.153331
0.172583
0.266425
0.381784
0.235908
0.003237
0.275237
0.061231
0.060202
0.024470
0.168293
0.028626
0.278120
0.096837
0.229104
0.044013
0.133666
0.010666
0.341887
0.050626
0.293558
0.620747
0.096490
0.636937
0.398007
0.269085
0.152468
0.086810
0.367548
0.603047
0.466983
0.187851
0.084448
0.181402
0.010963
0.026853
0.531686
0.229408
0.124306
0.409293
0.354083
0.419436
0.206101
0.297215
0.060292
0.180989
0.601378
0.166919
0.101743
0.195434
0.509458
0.224947
0.150231
0.193312
0.099693
0.153945
0.206682
0.253218
0.312964
0.491029
0.152762
0.015756
0.345347
0.106991
0.294928
0.058910
0.478474
0.348360
0.294833
0.271067
0.026119
0.122202
0.205972
0.190870
0.282260
0.421076
0.229627
0.073592
0.146244
0.148562
0.222706
0.135623
0.016210
0.405841
0.469815
0.259505
0.528388
0.519375
0.166261
0.072187
0.314683
0.052071
0.399968
0.213119
0.068362
0.409595
0.243959
0.206213
0.618571
0.295898
0.015212
0.118856
0.230134
0.412867
0.434541
0.137133
0.056669
0.087298
0.078974
0.019243
0.287241
0.718528
0.062610
0.029247
0.285984
0.426848
0.262457
0.049703
0.512521
0.553122
0.298316
0.199740
0.081356
0.104704
0.289220
0.351353
0.261733
0.152044
0.219618
0.378773
0.421152
0.138939
0.033356
0.361517
0.064380
0.228511
0.351202
0.392854
0.210961
0.256602
0.457423
0.354694
0.337324
0.091985
0.224302
0.234296
0.078426
0.334723
0.038146
0.113314
0.306358
0.511613
0.211562
0.018859
0.277560
0.260502
0.161946
0.190840
0.104739
0.358008
0.219313
0.119611
0.191470
0.172893
0.306328
0.245338
0.137959
0.252600
0.392605
0.120250
0.450955
0.330762
0.377814
0.127581
0.279749
0.272422
0.250206
0.031627
0.233225
0.122318
0.030934
0.297852
0.306537
0.305963
0.298261
0.145832
0.337288
0.145100
0.096583
0.113706
0.304156
0.048502
0.278321
0.071412
0.423140
0.119963
0.089424
0.000734
0.328749
0.082206
0.256899
0.625898
0.049389
0.508183
0.398197
0.236448
0.195015
0.036250
0.384249
0.590371
0.394641
0.186716
0.039520
0.092765
0.021715
0.064380
0.344000
0.232663
0.214169
0.228283
0.316071
0.394289
0.204744
0.355527
0.028434
0.074311
0.510589
0.227132
0.022415
0.192978
0.591569
0.146472
0.243038
0.197384
0.012104
0.165514
0.195092
0.259823
0.278072
0.597555
0.093314
0.004699
0.235435
0.194076
0.366632
0.041009
0.472607
0.527972
0.202960
0.326264
0.039858
0.148608
0.227583
0.194729
0.381106
0.439218
0.251209
0.003476
0.162790
0.136384
0.199846
0.095492
0.240448
0.420085
0.452610
0.219924
0.531086
0.503132
0.304067
0.063912
0.436653
0.061881
0.405855
0.317836
0.020503
0.480266
0.229577
0.179051
0.604638
0.209672
0.047757
0.105772
0.148641
0.268260
0.555889
0.185756
0.116603
0.081855
0.155656
0.189489
0.265939
0.689263
0.016224
0.142693
0.272063
0.353973
0.282762
0.013217
0.645847
0.540773
0.355512
0.269035
0.145884
0.238124
0.415530
0.376956
0.347340
0.068909
0.098263
0.333696
0.646172
0.180246
0.097495
0.472115
0.135915
0.155355
0.369720
0.420171
0.386664
0.519085
0.361462
0.405521
0.461551
0.006598
0.133889
0.096082
0.044888
0.349969
0.052691
0.097129
0.347038
0.588716
0.363117
0.000853
0.313074
0.242502
0.232857
0.233351
0.032834
0.275019
0.286256
0.183962
0.014171
0.300921
0.070452
0.090391
0.185184
0.280775
0.453122
0.266403
0.480178
0.201865
0.261005
0.115451
0.160837
0.293620
0.077737
0.010094
0.266729
0.061875
0.080738
0.406772
0.216179
0.220482
0.316551
0.230049
0.355134
0.187582
0.081865
0.215282
0.411851
0.066723
0.309928
0.019393
0.507331
0.171208
0.028512
0.007961
0.242963
0.219380
0.151985
0.513930
0.040837
0.366276
0.415159
0.110401
0.229711
0.124430
0.410483
0.553197
0.321997
0.185513
0.170084
0.005772
0.120343
0.127366
0.109222
0.172464
0.226365
0.103256
0.212886
0.311496
0.203562
0.459133
0.111592
0.058508
0.410337
0.256330
0.053727
0.133067
0.544895
0.099440
0.361525
0.259871
0.125021
0.196785
0.131395
0.222737
0.250520
0.628564
0.043354
0.031858
0.143842
0.256432
0.412785
0.119352
0.399145
0.625546
0.143768
0.336528
0.090325
0.123447
0.173417
0.160467
0.441146
0.342761
0.216760
0.041106
0.204983
0.235931
0.136543
0.045209
0.461761
0.410594
0.370238
0.175068
0.426641
0.431219
0.495068
0.076349
0.507332
0.211495
0.350737
0.292847
0.038955
0.555998
0.193328
0.073325
0.498908
0.104423
0.108729
0.167716
0.053177
0.049939
0.602056
0.241144
0.233442
0.119850
0.191947
0.364712
0.213985
0.485181
0.014793
0.334102
0.218805
0.283301
0.289547
0.124811
0.668107
0.429159
0.391372
0.302045
0.161244
0.353054
0.457606
0.283170
0.460770
0.132403
0.042972
0.264284
0.772350
0.153216
0.184544
0.527779
0.184193
0.108321
0.342754
0.366932
0.532362
0.666250
0.199272
0.391949
0.557016
0.098435
0.022206
0.073244
0.109445
0.316837
0.109359
0.092724
0.429758
0.580026
0.466265
0.031960
0.270497
0.237325
0.224478
0.207937
0.159501
0.096932
0.381593
0.153441
0.209601
0.462991
0.167807
0.019695
0.289310
0.246888
0.448286
0.496660
0.465629
0.105286
0.178520
0.089595
0.017444
0.380333
0.128933
0.045569
0.247248
0.032749
0.177335
0.486514
0.111820
0.165266
0.384584
0.235480
0.362523
0.238067
0.009741
0.325121
0.415783
0.017413
0.267949
0.012038
0.574796
0.202829
0.043864
0.030350
0.143104
0.315145
0.109490
0.462805
0.165599
0.207774
0.371894
0.018770
0.289732
0.165276
0.392189
0.442586
0.254726
0.241509
0.282907
0.133433
0.284511
0.143551
0.035451
0.201936
0.163353
0.017394
0.131483
0.195477
0.167552
0.524809
0.167383
0.210271
0.337674
0.213082
0.123355
0.135612
0.462821
0.077999
0.367052
0.275525
0.213832
0.221068
0.134934
0.198657
0.306615
0.574105
0.009844
0.082750
0.065562
0.285259
0.287616
0.199388
0.281504
0.656477
0.069851
0.358210
0.122040
0.152141
0.094559
0.132319
0.409441
0.303760
0.209965
0.027042
0.311034
0.263880
0.065449
0.025606
0.724123
0.336824
0.302240
0.189700
0.288707
0.388190
0.611072
0.109392
0.445446
0.380779
0.307682
0.226592
0.143773
0.561355
0.119156
0.062023
0.319807
0.079576
0.120248
0.198295
0.057360
0.096386
0.622111
0.312381
0.332990
0.161849
0.194630
0.478462
0.185846
0.317743
0.021505
0.492345
0.175346
0.304280
0.309314
0.243757
0.521179
0.359675
0.346647
0.349895
0.121877
0.376315
0.514177
0.141599
0.551756
0.323570
0.077573
0.139791
0.719411
0.103352
0.258022
0.608214
0.174028
0.074365
0.330187
0.250297
0.615453
0.772566
0.073760
0.433661
0.572418
0.094813
0.112763
0.135658
0.183422
0.153084
0.158152
0.083815
0.475584
0.500923
0.579749
0.001031
0.305179
0.160078
0.155979
0.132338
0.282849
0.043284
0.500280
0.125291
0.485723
0.527778
0.311973
0.090307
0.334380
0.174296
0.455004
0.642547
0.428214
0.087263
0.121849
0.076582
0.082185
0.431104
0.213641
0.089196
0.237295
0.048399
0.292207
0.476971
0.017026
0.128506
0.388534
0.246049
0.307689
0.280914
0.022624
0.352151
0.334806
0.071662
0.237225
0.051652
0.524128
0.231371
0.104808
0.057545
0.007206
0.353022
0.101802
0.379616
0.221696
0.098322
0.295445
0.062610
0.272619
0.199231
0.287462
0.288738
0.211474
0.312557
0.384897
0.262371
0.433732
0.210872
0.112372
0.189153
0.083825
0.000897
0.092772
0.136798
0.127630
0.472225
0.165099
0.363321
0.269201
0.086343
0.145994
0.162078
0.352378
0.066146
0.339360
0.290389
0.266999
0.265849
0.119379
0.120933
0.326742
0.419175
0.030451
0.077176
0.013171
0.280686
0.165934
0.238372
0.252039
0.644450
0.029592
0.319586
0.152185
0.191686
0.010220
0.187125
0.325384
0.172381
0.144809
0.072855
0.369217
0.329941
0.018552
0.000590
0.852855
0.200681
0.265817
0.240120
0.096771
0.352370
0.604534
0.101480
0.380050
0.581821
0.188283
0.054128
0.298921
0.544044
0.063978
0.193664
0.153418
0.116641
0.133171
0.281654
0.109786
0.207871
0.605925
0.390613
0.379140
0.225801
0.176406
0.488966
0.220009
0.111610
0.019874
0.549287
0.157950
0.359565
0.214082
0.233546
0.328344
0.260636
0.229692
0.377237
0.060569
0.379053
0.483178
0.060164
0.655153
0.540249
0.137914
0.021482
0.517244
0.071957
0.300329
0.607008
0.160970
0.073290
0.293615
0.092875
0.578714
0.665060
0.017986
0.522402
0.522106
0.042112
0.203579
0.229358
0.230630
0.041038
0.131067
0.114541
0.535036
0.350483
0.627934
0.047401
0.297607
0.122280
0.072376
0.027373
0.328743
0.124421
0.481289
0.076114
0.686184
0.544176
0.331113
0.184546
0.420394
0.038136
0.314189
0.660475
0.313666
0.105528
0.087965
0.008446
0.207336
0.507480
0.289664
0.113402
0.206014
0.039061
0.291112
0.448470
0.154037
0.138361
0.434618
0.199280
0.213322
0.382644
0.042651
0.373529
0.246282
0.157254
0.152515
0.087188
0.364363
0.229891
0.111288
0.093387
0.104902
0.346945
0.147553
0.392461
0.290750
0.036277
0.187569
0.137440
0.251747
0.133180
0.131059
0.081989
0.149334
0.367823
0.433649
0.379919
0.534026
0.208379
0.107462
0.207130
0.025449
0.023948
0.020963
0.124026
0.130677
0.333770
0.075175
0.451620
0.260216
0.114579
0.161543
0.247581
0.270303
0.076925
0.283196
0.233769
0.294340
0.292983
0.174891
0.000667
0.402426
0.257336
0.061129
0.062050
0.033769
0.307509
0.016056
0.189705
0.264633
0.616191
0.094559
0.334503
0.089949
0.295860
0.158799
0.238789
0.243904
0.176954
0.082825
0.255986
0.425436
0.372973
0.003624
0.042908
0.796607
0.100808
0.243704
0.392631
0.065175
0.293238
0.464844
0.218908
0.300636
0.627510
0.082809
0.143182
0.404069
0.411000
0.223948
0.332467
0.039325
0.185343
0.148462
0.300849
0.114089
0.191369
0.516826
0.510389
0.381790
0.216960
0.073672
0.541448
0.246603
0.057238
0.005656
0.560214
0.234038
0.399860
0.123731
0.274459
0.120633
0.221113
0.083072
0.433605
0.038562
0.313399
0.396278
0.182976
0.673728
0.642549
0.171249
0.134313
0.254294
0.310760
0.266436
0.588428
0.100111
0.121554
0.215301
0.015414
0.497511
0.504986
0.032798
0.539556
0.432866
0.037821
0.180105
0.174565
0.186711
0.292415
0.135107
0.041513
0.501430
0.233893
0.628048
0.133361
0.340404
0.066182
0.067139
0.120222
0.382945
0.137476
0.447542
0.038885
0.696647
0.420240
0.298984
0.236102
0.479483
0.154198
0.186791
0.555155
0.222558
0.163450
0.116549
0.034619
0.209181
0.533875
0.235488
0.090269
0.247835
0.100969
0.205229
0.360256
0.319555
0.214443
0.431619
0.134099
0.098703
0.501678
0.030422
0.303196
0.094395
0.211491
0.101797
0.099392
0.122143
0.239210
0.116703
0.081865
0.187816
0.294580
0.176933
0.379069
0.325748
0.134296
0.062587
0.164280
0.237221
0.072763
0.002221
0.115044
0.143967
0.363838
0.450515
0.507093
0.556843
0.200243
0.005796
0.152644
0.155596
0.001746
0.018218
0.163740
0.193689
0.182975
0.100034
0.378509
0.316020
0.311708
0.054425
0.321003
0.152940
0.087981
0.257821
0.209806
0.244423
0.319034
0.209756
0.076856
0.368469
0.107645
0.161588
0.053033
0.156466
0.285963
0.114690
0.079244
0.250505
0.461273
0.168198
0.359379
0.060644
0.328880
0.305256
0.270035
0.148435
0.141481
0.013075
0.461637
0.462930
0.432748
0.011601
0.104878
0.598732
0.001284
0.262652
0.526794
0.218835
0.180979
0.305712
0.304364
0.277049
0.614194
0.000883
0.344880
0.489643
0.286490
0.309830
0.404096
0.014232
0.221032
0.258926
0.325954
0.130334
0.112107
0.450938
0.535568
0.336752
0.243135
0.016697
0.467093
0.262923
0.229846
0.028054
0.445510
0.302436
0.417205
0.089850
0.312394
0.021899
0.152791
0.017366
0.502130
0.002273
0.160925
0.264260
0.306066
0.583895
0.744653
0.098530
0.227816
0.075430
0.513825
0.177617
0.527188
0.007990
0.163191
0.209854
0.124683
0.368904
0.358479
0.060410
0.391517
0.338553
0.207723
0.162974
0.106773
0.139573
0.473474
0.122266
0.013404
0.445710
0.127073
0.503400
0.164138
0.277656
0.110730
0.220770
0.312128
0.411081
0.076843
0.332249
0.068920
0.558957
0.267187
0.241015
0.217083
0.528589
0.348686
0.048329
0.341370
0.125668
0.153157
0.177684
0.042963
0.182741
0.510849
0.153428
0.064686
0.263789
0.168516
0.088434
0.263905
0.428306
0.279996
0.416611
0.001922
0.074614
0.531676
0.083523
0.173471
0.077304
0.247610
0.042400
0.145765
0.110956
0.194927
0.086421
0.041891
0.212931
0.221912
0.287221
0.400744
0.413790
0.203118
0.002732
0.149034
0.267403
0.120994
0.107113
0.342367
0.128674
0.356900
0.394766
0.557856
0.520490
0.149064
0.140442
0.199813
0.193923
0.108770
0.064266
0.250456
0.185437
0.114595
0.258670
0.215631
0.390344
0.473356
0.009939
0.396624
0.124752
0.140036
0.210033
0.193932
0.119809
0.317315
0.282030
0.077905
0.332381
0.018297
0.282017
0.005524
0.310369
0.267930
0.223249
0.032205
0.185228
0.322052
0.208981
0.362035
0.006120
0.334418
0.435002
0.243125
0.050065
0.199698
0.012020
0.610971
0.458152
0.413625
0.008149
0.178910
0.398346
0.018209
0.234619
0.619362
0.232914
0.042473
0.173686
0.370018
0.229778
0.512061
0.045571
0.403577
0.496331
0.116432
0.302687
0.375989
0.098712
0.234543
0.335222
0.273340
0.164986
0.019288
0.323311
0.494353
0.237630
0.226382
0.111955
0.441758
0.283111
0.303556
0.076225
0.256765
0.320720
0.421824
0.138194
0.274917
0.093970
0.171449
0.091256
0.548029
0.008759
0.030948
0.144249
0.258118
0.435903
0.719891
0.019390
0.206839
0.027837
0.604804
0.116191
0.490727
0.093120
0.171508
0.261935
0.152353
0.274648
0.275714
0.224214
0.238390
0.221659
0.403139
0.171286
0.081518
0.084040
0.588248
0.145535
0.082020
0.285005
0.127515
0.364331
0.200533
0.224749
0.146358
0.391752
0.493216
0.392918
0.028743
0.245893
0.137473
0.379247
0.107456
0.116686
0.191427
0.565350
0.529807
0.055027
0.131765
0.066563
0.131405
0.251669
0.025587
0.076094
0.426915
0.029271
0.027382
0.311537
0.238842
0.018312
0.199932
0.464478
0.381458
0.312314
0.127658
0.137862
0.502660
0.112800
0.033754
0.269062
0.278185
0.131963
0.180137
0.285848
0.093362
0.051055
0.029711
0.224570
0.135076
0.398327
0.366286
0.376205
0.175028
0.002722
0.137083
0.243927
0.264816
0.157331
0.447416
0.165058
0.321208
0.368825
0.533607
0.330501
0.131108
0.269193
0.227506
0.210402
0.306014
0.190271
0.344644
0.206232
0.082124
0.398475
0.005610
0.442307
0.522418
0.058472
0.401679
0.122894
0.142044
0.217462
0.230729
0.010034
0.371282
0.276682
0.118847
0.217015
0.102294
0.382442
0.084874
0.479181
0.177502
0.275733
0.135876
0.196939
0.112786
0.284282
0.311054
0.071689
0.327330
0.518997
0.168108
0.023201
0.244864
0.082695
0.579168
0.412108
0.357591
0.012903
0.223564
0.175906
0.010789
0.232002
0.553631
0.273457
0.061099
0.095605
0.291967
0.246055
0.429240
0.001082
0.416358
0.499275
0.066210
0.263911
0.287948
0.192048
0.214789
0.462130
0.282889
0.172363
0.116554
0.171671
0.373627
0.034032
0.253110
0.216550
0.352089
0.343928
0.290271
0.124090
0.058519
0.287626
0.362186
0.158774
0.188945
0.107841
0.135381
0.174465
0.530874
0.056340
0.027882
0.016053
0.197938
0.249540
0.638652
0.232801
0.102647
0.061378
0.563881
0.061682
0.357736
0.116683
0.178942
0.291087
0.210252
0.123935
0.171614
0.348259
0.060577
0.145080
0.561551
0.172450
0.297159
0.017383
0.568170
0.158531
0.105341
0.165024
0.160656
0.183889
0.163718
0.176917
0.280846
0.477482
0.605945
0.323628
0.166575
0.112432
0.192841
0.223425
0.037730
0.017572
0.183306
0.539989
0.633602
0.173711
0.021779
0.001267
0.120934
0.324519
0.019869
0.085292
0.351452
0.103549
0.079296
0.361200
0.259414
0.074372
0.181289
0.396637
0.438912
0.236211
0.175759
0.214386
0.415793
0.141691
0.183942
0.386641
0.279674
0.196412
0.157880
0.419315
0.051339
0.023410
0.066328
0.179441
0.004345
0.432166
0.392141
0.259169
0.106054
0.039269
0.105462
0.240636
0.496819
0.122848
0.458322
0.255678
0.304380
0.312504
0.448687
0.128593
0.114322
0.431369
0.311295
0.259268
0.482324
0.337847
0.409471
0.210752
0.105981
0.466387
0.204770
0.423909
0.513760
0.110046
0.405828
0.223308
0.156857
0.221383
0.223809
0.109144
0.297202
0.250116
0.152266
0.149819
0.179553
0.436733
0.097475
0.589704
0.066657
0.302124
0.310078
0.213496
0.041088
0.380404
0.248393
0.190163
0.343438
0.538578
0.053804
0.006689
0.298268
0.121334
0.486291
0.370466
0.241320
0.061844
0.347005
0.037403
0.041028
0.250691
0.421926
0.280036
0.111770
0.037018
0.178842
0.251230
0.335721
0.096169
0.273387
0.459429
0.078635
0.137211
0.179442
0.188854
0.257157
0.463967
0.233501
0.164320
0.259540
0.062464
0.232026
0.170204
0.270374
0.306295
0.313097
0.439969
0.130991
0.137846
0.116553
0.234528
0.324804
0.200225
0.119911
0.045609
0.170599
0.258819
0.499149
0.108607
0.029615
0.005648
0.042389
0.104189
0.448075
0.358700
0.035563
0.011878
0.495902
0.012264
0.285982
0.103353
0.224649
0.335503
0.226020
0.017448
0.169413
0.440222
0.093807
0.017546
0.667734
0.164481
0.532281
0.065378
0.551584
0.213391
0.039197
0.034267
0.275477
0.072826
0.131512
0.186785
0.351843
0.434691
0.553917
0.199043
0.310381
0.021984
0.274254
0.127098
0.013802
0.148872
0.167862
0.438130
0.702656
0.244288
0.104810
0.041943
0.143582
0.347053
0.091758
0.229869
0.269883
0.304019
0.152289
0.426035
0.256805
0.125878
0.175999
0.280283
0.426097
0.182406
0.177339
0.223397
0.319454
0.178501
0.319737
0.488347
0.256591
0.238974
0.181642
0.509912
0.165065
0.103205
0.057426
0.149239
0.119542
0.346627
0.365917
0.059642
0.066500
0.110507
0.082589
0.192097
0.577235
0.058127
0.393943
0.357105
0.287058
0.188970
0.368476
0.029393
0.178694
0.563709
0.374731
0.297665
0.576201
0.446091
0.418476
0.186473
0.116192
0.480691
0.374618
0.382956
0.427607
0.159513
0.370201
0.312788
0.156487
0.239753
0.250422
0.175721
0.252332
0.192693
0.116743
0.008519
0.211904
0.414476
0.117643
0.588330
0.043883
0.192662
0.429636
0.270022
0.192078
0.477282
0.165606
0.256693
0.381048
0.504451
0.065698
0.092013
0.295045
0.170845
0.400617
0.347970
0.154017
0.064999
0.462738
0.114057
0.097390
0.249518
0.262812
0.212222
0.136191
0.022908
0.106707
0.240376
0.211130
0.279099
0.159671
0.374526
0.150087
0.092986
0.167136
0.118947
0.274633
0.481708
0.199533
0.092782
0.338087
0.021993
0.112501
0.395506
0.311257
0.315335
0.175780
0.525769
0.033645
0.151135
0.223351
0.122036
0.227443
0.226933
0.091122
0.109201
0.200330
0.233547
0.405847
0.139478
0.048811
0.035370
0.038060
0.002043
0.233762
0.457308
0.042112
0.048532
0.443238
0.016997
0.140390
0.006737
0.323480
0.306655
0.205234
0.084736
0.094279
0.428990
0.264654
0.026854
0.695503
0.178931
0.615567
0.113544
0.471749
0.286193
0.021696
0.016896
0.337089
0.122084
0.010264
0.212795
0.406069
0.335566
0.436623
0.001937
0.382289
0.052034
0.298233
0.024610
0.019598
0.287398
0.148635
0.318580
0.654279
0.218319
0.166603
0.107152
0.203287
0.368197
0.132112
0.370662
0.210273
0.523464
0.203021
0.483721
0.231521
0.142266
0.226702
0.091070
0.363094
0.220241
0.154160
0.268421
0.226799
0.143632
0.332613
0.463797
0.187448
0.236110
0.202799
0.490261
0.247837
0.108443
0.069234
0.112368
0.249132
0.318908
0.324862
0.169857
0.235014
0.211925
0.054183
0.205910
0.640819
0.233105
0.221018
0.416498
0.276201
0.076553
0.309481
0.094679
0.302288
0.686353
0.389157
0.303981
0.525545
0.452673
0.452534
0.155449
0.130968
0.508193
0.486938
0.282853
0.308682
0.170013
0.358001
0.461857
0.215422
0.214430
0.242212
0.214417
0.138511
0.183029
0.063793
0.042440
0.203719
0.385818
0.139574
0.496417
0.105618
0.106518
0.502482
0.262307
0.251706
0.483287
0.116587
0.309936
0.387690
0.423289
0.155993
0.242582
0.309006
0.164253
0.202171
0.279214
0.078623
0.040128
0.470748
0.123662
0.206213
0.191170
0.047406
0.036631
0.091112
0.056908
0.043127
0.218451
0.124639
0.405806
0.018591
0.301807
0.207724
0.288031
0.180177
0.045047
0.341054
0.423497
0.168794
0.000859
0.432919
0.057965
0.056353
0.560325
0.366928
0.299586
0.067271
0.526119
0.249522
0.138142
0.234512
0.047216
0.156443
0.283468
0.032147
0.341826
0.227829
0.161893
0.325919
0.118108
0.157485
0.044164
0.147431
0.091499
0.014047
0.424686
0.084280
0.178566
0.431434
0.042334
0.101903
0.127173
0.353224
0.299269
0.097377
0.088351
0.059351
0.387140
0.336408
0.080342
0.676042
0.211651
0.639094
0.044508
0.370913
0.409371
0.050192
0.044227
0.392053
0.265925
0.037230
0.248483
0.448330
0.183990
0.253920
0.189550
0.459428
0.020673
0.287274
0.099817
0.000991
0.445384
0.081202
0.171091
0.529737
0.202958
0.208864
0.115903
0.238077
0.332142
0.140085
0.477658
0.153936
0.672119
0.180884
0.535825
0.215346
0.098520
0.281044
0.104785
0.276660
0.200950
0.129286
0.338710
0.144983
0.067491
0.271681
0.343854
0.061615
0.186808
0.172393
0.416090
0.302481
0.074309
0.065734
0.085185
0.369200
0.285877
0.179927
0.443099
0.468873
0.301012
0.021369
0.213564
0.578041
0.420950
0.024000
0.426898
0.248924
0.032883
0.215495
0.106646
0.469830
0.698262
0.262539
0.256716
0.468398
0.408758
0.410740
0.145881
0.118303
0.542278
0.530637
0.200275
0.185105
0.171707
0.289414
0.497262
0.257033
0.275543
0.272004
0.231520
0.124780
0.120099
0.056074
0.098061
0.164751
0.328272
0.185275
0.370158
0.102598
0.019541
0.536603
0.235985
0.340824
0.419831
0.123602
0.354582
0.385119
0.346049
0.145690
0.379804
0.259430
0.121878
0.013905
0.196278
0.066020
0.081508
0.438533
0.081100
0.310978
0.149912
0.184450
0.072813
0.016906
0.143311
0.048006
0.254940
0.114890
0.520728
0.126807
0.194758
0.353770
0.391157
0.187354
0.227446
0.385830
0.347017
0.201423
0.126279
0.459163
0.129920
0.016300
0.616835
0.477890
0.241747
0.031518
0.457615
0.411380
0.086304
0.188459
0.019129
0.068263
0.361183
0.000652
0.558498
0.236550
0.053454
0.230433
0.042773
0.274346
0.122251
0.174756
0.116493
0.147308
0.444771
0.151647
0.309207
0.428303
0.066573
0.102689
0.281777
0.347512
0.290430
0.005145
0.050238
0.021916
0.296061
0.388033
0.060228
0.582932
0.230761
0.506112
0.060072
0.213472
0.492054
0.038449
0.024743
0.377662
0.348197
0.128088
0.234025
0.543950
0.000958
0.152159
0.322863
0.518589
0.000300
0.214350
0.194410
0.092133
0.537491
0.011661
0.038651
0.320709
0.172725
0.240409
0.117175
0.243932
0.328395
0.146211
0.557186
0.139174
0.646391
0.180594
0.483296
0.242748
0.080816
0.326376
0.277399
0.144832
0.260485
0.102438
0.366098
0.104583
0.006272
0.078796
0.135416
0.084581
0.124497
0.093015
0.237726
0.299787
0.047762
0.047410
0.057685
0.414951
0.278017
0.129536
0.611832
0.554905
0.417539
0.084868
0.284233
0.528122
0.548598
0.287707
0.382051
0.197575
0.019873
0.104270
0.083674
0.598473
0.682875
0.177818
0.195742
0.337651
0.281039
0.292522
0.138194
0.091804
0.497611
0.473011
0.015518
0.062963
0.192349
0.277634
0.475604
0.321326
0.344914
0.215326
0.218399
0.119894
0.096463
0.032603
0.024328
0.053439
0.212629
0.162667
0.196874
0.030634
0.130340
0.590911
0.169678
0.342595
0.354053
0.091090
0.363108
0.406060
0.297711
0.096061
0.504370
0.235488
0.024841
0.183853
0.167048
0.077167
0.179422
0.399708
0.036780
0.404028
0.093696
0.322398
0.176705
0.105318
0.242199
0.096272
0.272625
0.181901
0.568995
0.203663
0.088699
0.507297
0.460843
0.200822
0.431485
0.466016
0.196060
0.188700
0.228476
0.503705
0.246773
0.058175
0.531417
0.553876
0.204178
0.071623
0.355995
0.543486
0.028254
0.098969
0.000021
0.062973
0.443763
0.028404
0.711390
0.271547
0.084464
0.193567
0.102594
0.370814
0.278887
0.159551
0.073280
0.233854
0.370031
0.177781
0.436393
0.381195
0.079770
0.137352
0.328434
0.279026
0.358983
0.095044
0.035573
0.027121
0.178526
0.393069
0.002987
0.481330
0.213522
0.385293
0.155553
0.068162
0.578344
0.004833
0.100824
0.353124
0.231484
0.141434
0.278863
0.491963
0.150046
0.191384
0.406318
0.522939
0.072334
0.153646
0.216507
0.246236
0.534312
0.059900
0.070191
0.201436
0.095712
0.170071
0.109853
0.286732
0.273403
0.192216
0.596786
0.134751
0.574030
0.187527
0.342419
0.358150
0.025966
0.352857
0.382348
0.029314
0.227966
0.015211
0.354557
0.071149
0.016633
0.076926
0.054977
0.200662
0.074976
0.007272
0.085968
0.243491
0.049271
0.035431
0.021064
0.384983
0.220564
0.067067
0.687624
0.596431
0.552947
0.201339
0.334775
0.409323
0.646650
0.489141
0.302848
0.170857
0.073095
0.006639
0.014886
0.680226
0.560347
0.166391
0.125437
0.250987
0.119710
0.169805
0.114407
0.091412
0.408191
0.346817
0.098688
0.039617
0.219599
0.313487
0.398769
0.355473
0.410630
0.207990
0.193893
0.186149
0.104209
0.027666
0.061548
0.088227
0.149279
0.130008
0.009497
0.067895
0.277590
0.598268
0.143456
0.319841
0.289549
0.108294
0.314835
0.387388
0.293237
0.008121
0.568937
0.172174
0.102902
0.203864
0.156274
0.214273
0.259485
0.339867
0.202144
0.506207
0.106311
0.347760
0.226310
0.269555
0.340465
0.092272
0.271519
0.245908
0.527964
0.169334
0.013041
0.612356
0.403492
0.262756
0.528830
0.457531
0.114604
0.276843
0.305454
0.486800
0.385733
0.099782
0.358543
0.535564
0.071757
0.110297
0.203971
0.556092
0.003513
0.079837
0.116607
0.122024
0.472623
0.042917
0.721537
0.266051
0.222273
0.154132
0.178385
0.423400
0.396801
0.067023
0.023712
0.210661
0.366524
0.219827
0.482082
0.267462
0.093693
0.119053
0.364810
0.244901
0.464175
0.162527
0.106216
0.043263
0.054766
0.370428
0.097344
0.374833
0.180475
0.158850
0.230845
0.068690
0.603282
0.093286
0.214361
0.311346
0.128723
0.177807
0.292336
0.398508
0.210892
0.253093
0.433204
0.466500
0.098422
0.015713
0.155686
0.421943
0.479391
0.132895
0.095566
0.075042
0.039406
0.039525
0.100696
0.321144
0.313300
0.207876
0.571147
0.174164
0.463791
0.226160
0.181265
0.427617
0.032938
0.343333
0.446912
0.049783
0.213497
0.057943
0.374668
0.080975
0.000738
0.266926
0.237351
0.260546
0.067449
0.097095
0.111912
0.142765
0.044848
0.038748
0.002362
0.272129
0.199990
0.052270
0.668404
0.534951
0.663743
0.269502
0.411906
0.304838
0.612352
0.657330
0.164349
0.161157
0.114052
0.050073
0.100052
0.566243
0.379617
0.161961
0.092736
0.142466
0.016831
0.082883
0.080472
0.093884
0.309097
0.167964
0.223812
0.116484
0.248705
0.350551
0.362368
0.417533
0.377787
0.149741
0.152602
0.201778
0.179326
0.044753
0.222393
0.274210
0.159429
0.070941
0.152768
0.147234
0.325121
0.546621
0.129010
0.179502
0.143319
0.082927
0.228130
0.426793
0.325210
0.077603
0.501120
0.155121
0.186848
0.165354
0.212219
0.330740
0.340877
0.254380
0.363796
0.553856
0.172957
0.274041
0.302804
0.480270
0.331487
0.090920
0.270813
0.356562
0.396548
0.144916
0.073944
0.578080
0.248626
0.338051
0.566528
0.473847
0.016106
0.339798
0.354441
0.452788
0.425000
0.185264
0.153591
0.454864
0.047317
0.075181
0.064011
0.523637
0.032905
0.276139
0.342842
0.283189
0.470628
0.063873
0.642855
0.263051
0.268457
0.163501
0.225810
0.431028
0.545093
0.015779
0.097473
0.141880
0.319543
0.237096
0.511401
0.140301
0.091412
0.135770
0.283417
0.205531
0.570216
0.174616
0.205967
0.027986
0.017437
0.297894
0.177141
0.252192
0.120443
0.004154
0.285504
0.168135
0.533969
0.136584
0.305104
0.296833
0.077082
0.101020
0.344018
0.235737
0.291447
0.257617
0.421632
0.410031
0.143059
0.105806
0.044992
0.486749
0.412755
0.177501
0.066391
0.028223
0.056077
0.127625
0.001236
0.312712
0.337807
0.196178
0.515554
0.224798
0.288785
0.211867
0.064914
0.506234
0.068679
0.272802
0.363458
0.064192
0.119151
0.108848
0.385227
0.112539
0.001996
0.372003
0.325467
0.302509
0.077494
0.181102
0.218746
0.033481
0.131371
0.012837
0.045081
0.114197
0.166381
0.045924
0.518677
0.421120
0.647812
0.259885
0.419802
0.093488
0.511046
0.626177
0.081787
0.200826
0.083412
0.072106
0.241118
0.374644
0.150575
0.168622
0.075060
0.087933
0.077957
0.019369
0.006871
0.087398
0.250416
0.029333
0.183219
0.261239
0.242639
0.335595
0.208192
0.419364
0.395145
0.189305
0.145822
0.278285
0.244695
0.039727
0.359956
0.460595
0.160116
0.016872
0.231503
0.261520
0.339410
0.405206
0.147314
0.025558
0.062256
0.106491
0.154394
0.450895
0.333413
0.139519
0.404447
0.138415
0.217113
0.062548
0.269427
0.452630
0.411896
0.174685
0.547501
0.543990
0.303982
0.085131
0.284413
0.636247
0.287271
0.079127
0.301893
0.444320
0.233209
0.088360
0.116644
0.436789
0.113305
0.331133
0.534075
0.435229
0.017962
0.428693
0.333478
0.375762
0.363035
0.205641
0.053716
0.366140
0.133273
0.016414
0.005126
0.454929
0.053662
0.412015
0.509084
0.399661
0.428576
0.045072
0.478771
0.218283
0.265614
0.131036
0.186936
0.431496
0.580286
0.067827
0.183283
0.015064
0.352044
0.245526
0.450146
0.016905
0.081718
0.109386
0.160929
0.207889
0.607461
0.089486
0.328173
0.084244
0.077029
0.241394
0.245467
0.082201
0.004536
0.150164
0.250371
0.186723
0.365333
0.137371
0.393924
0.329209
0.221064
0.075341
0.312715
0.167900
0.353088
0.213391
0.354562
0.372655
0.172570
0.168468
0.058340
0.531153
0.331804
0.157104
0.021239
0.100289
0.027206
0.228837
0.065259
0.278818
0.400912
0.154800
0.410333
0.258166
0.092223
0.166244
0.026178
0.551533
0.050129
0.205462
0.203519
0.021152
0.095767
0.185230
0.378821
0.225546
0.034193
0.465522
0.330907
0.309332
0.083999
0.269299
0.332164
0.026465
0.236746
0.094836
0.087904
0.029333
0.145277
0.126593
0.259223
0.232624
0.550599
0.236355
0.465608
0.085006
0.367697
0.421281
0.004122
0.235797
0.006767
0.028336
0.399812
0.155585
0.038513
0.240754
0.025372
0.014223
0.071043
0.003544
0.043514
0.077734
0.250621
0.175064
0.140431
0.358484
0.221171
0.289170
0.117421
0.407624
0.381263
0.168924
0.158055
0.290044
0.335355
0.074304
0.508629
0.638048
0.182495
0.067090
0.236722
0.375056
0.225527
0.285022
0.163800
0.234792
0.024204
0.120291
0.054685
0.460252
0.292007
0.133346
0.318492
0.170622
0.214661
0.030303
0.329723
0.481333
0.453047
0.128385
0.702790
0.493843
0.421148
0.118361
0.246103
0.636451
0.213733
0.014637
0.326783
0.497957
0.086652
0.002175
0.071451
0.239373
0.041664
0.288795
0.455829
0.407233
0.012445
0.445188
0.291639
0.358658
0.257237
0.253920
0.266526
0.224165
0.143235
0.159812
0.018585
0.466843
0.046159
0.431876
0.560160
0.458104
0.383248
0.040654
0.364595
0.202104
0.186614
0.142748
0.132561
0.363423
0.568420
0.124304
0.252944
0.180803
0.319459
0.161610
0.376602
0.076024
0.069148
0.181853
0.017547
0.223156
0.570316
0.039612
0.418053
0.186622
0.044085
0.072775
0.277067
0.061668
0.117735
0.184583
0.210619
0.164072
0.223516
0.072602
0.433102
0.381565
0.386309
0.025172
0.271879
0.100131
0.350670
0.151295
0.184415
0.293734
0.256161
0.100740
0.181433
0.518768
0.241743
0.131708
0.131944
0.089015
0.023928
0.364366
0.101088
0.267347
0.423477
0.087074
0.239921
0.289950
0.076515
0.039311
0.063195
0.501349
0.050251
0.142699
0.057998
0.080713
0.043781
0.248477
0.331311
0.362984
0.061072
0.386968
0.257722
0.232267
0.062221
0.315547
0.369673
0.036612
0.259477
0.175133
0.086717
0.171724
0.171884
0.186559
0.035046
0.067216
0.459342
0.189173
0.453338
0.248045
0.232282
0.134911
0.009710
0.304615
0.054932
0.054953
0.500280
0.031100
0.154706
0.343880
0.052609
0.052650
0.000799
0.069773
0.097876
0.106835
0.293354
0.192756
0.014422
0.444252
0.139440
0.224777
0.030637
0.329627
0.390830
0.169974
0.182160
0.361656
0.410235
0.112714
0.544614
0.685642
0.193706
0.100009
0.136214
0.480018
0.090196
0.127979
0.244840
0.433741
0.059483
0.156322
0.032475
0.423449
0.176151
0.073583
0.236124
0.192517
0.187493
0.130480
0.360647
0.467936
0.378811
0.104179
0.703262
0.420845
0.518482
0.333306
0.153467
0.527732
0.196300
0.050262
0.338680
0.479580
0.032522
0.096629
0.038813
0.090732
0.023093
0.261410
0.320773
0.331679
0.102209
0.554580
0.173607
0.345845
0.153270
0.258264
0.406087
0.098222
0.139186
0.289364
0.057951
0.447314
0.004536
0.383676
0.559813
0.424301
0.227295
0.033586
0.265966
0.141360
0.065771
0.183530
0.040965
0.348510
0.397105
0.154129
0.298114
0.404923
0.355885
0.056071
0.374012
0.121589
0.028504
0.272369
0.130746
0.245261
0.493920
0.020866
0.402206
0.280392
0.035320
0.165009
0.299934
0.120345
0.226206
0.185692
0.181247
0.072625
0.128184
0.008520
0.460936
0.427924
0.447873
0.013369
0.172003
0.094796
0.266626
0.129376
0.029008
0.233769
0.326389
0.070394
0.357385
0.509180
0.208420
0.061799
0.248024
0.079854
0.047728
0.456371
0.062028
0.232787
0.420569
0.004315
0.108008
0.301796
0.171704
0.039602
0.084420
0.301460
0.046172
0.119492
0.087319
0.203339
0.110112
0.247285
0.302375
0.482330
0.070566
0.264434
0.177473
0.178141
0.020439
0.307280
0.396566
0.005662
0.178231
0.206844
0.070945
0.268640
0.210007
0.333946
0.222064
0.069750
0.342711
0.092843
0.411470
0.292921
0.107954
0.156348
0.005683
0.366959
0.091631
0.197479
0.509436
0.002915
0.168222
0.437750
0.121125
0.093884
0.084876
0.218928
0.174868
0.235959
0.343511
0.223364
0.060039
0.491509
0.039118
0.147080
0.111809
0.292194
0.383301
0.135979
0.210262
0.379923
0.424707
0.111235
0.586988
0.638690
0.258252
0.094836
0.000028
0.550228
0.032504
0.133125
0.339704
0.627641
0.095705
0.182721
0.113322
0.332424
0.109635
0.017069
0.168520
0.218781
0.170331
0.204563
0.386210
0.425213
0.225133
0.100307
0.475461
0.376054
0.523197
0.463565
0.084276
0.383774
0.163909
0.100894
0.290931
0.432022
0.121288
0.164303
0.187449
0.066947
0.094748
0.246918
0.209422
0.248384
0.183719
0.568309
0.072664
0.289045
0.072746
0.254805
0.472709
0.027168
0.057449
0.432894
0.129900
0.359174
0.055385
0.285769
0.523528
0.341989
0.101626
0.004020
0.201712
0.135861
0.060485
0.305980
0.072900
0.341754
0.272012
0.085139
0.296126
0.571237
0.332774
0.023084
0.430689
0.127497
0.030928
0.420156
0.245742
0.247966
0.350312
0.049775
0.377534
0.430445
0.144408
0.365749
0.312366
0.092955
0.309132
0.182293
0.175894
0.019752
0.090257
0.146424
0.407898
0.450805
0.439960
0.147825
0.108748
0.071867
0.183881
0.107553
0.222673
0.178695
0.370953
0.035188
0.488925
0.390647
0.192971
0.000829
0.388669
0.021377
0.003812
0.574473
0.012202
0.171318
0.362367
0.076682
0.014531
0.367103
0.214880
0.126505
0.192297
0.052628
0.028590
0.179060
0.259920
0.321826
0.221496
0.171414
0.242395
0.572616
0.081785
0.086460
0.034930
0.062325
0.074562
0.295429
0.299665
0.009106
0.113981
0.191130
0.055616
0.351395
0.262995
0.325774
0.376665
0.136493
0.100928
0.028583
0.331250
0.358630
0.034331
0.414289
0.129769
0.398542
0.107265
0.302876
0.438088
0.093116
0.110206
0.497693
0.205404
0.076609
0.203763
0.383046
0.204517
0.382776
0.350401
0.213401
0.182109
0.458837
0.017971
0.091290
0.163805
0.206651
0.379522
0.139744
0.174846
0.499461
0.351339
0.084865
0.548490
0.522205
0.233266
0.049093
0.160983
0.590751
0.056150
0.121471
0.375024
0.683537
0.149614
0.216019
0.169369
0.243032
0.008296
0.063688
0.143849
0.235032
0.139905
0.278979
0.367353
0.402779
0.005437
0.120784
0.208527
0.329619
0.534125
0.544049
0.024878
0.299899
0.149280
0.139783
0.242665
0.339631
0.122901
0.260771
0.296773
0.078402
0.115359
0.292958
0.094037
0.149416
0.295777
0.568683
0.064532
0.247138
0.086693
0.252434
0.461131
0.084001
0.017574
0.592561
0.176360
0.274396
0.139854
0.224822
0.424138
0.290997
0.040201
0.055279
0.151505
0.117602
0.116292
0.400367
0.177098
0.301232
0.141532
0.029361
0.265470
0.658139
0.299734
0.075413
0.475891
0.095166
0.022434
0.509477
0.281875
0.226862
0.210491
0.048595
0.306840
0.530027
0.266764
0.405140
0.343029
0.028552
0.346416
0.166138
0.142932
0.164917
0.099722
0.278464
0.352744
0.488521
0.372604
0.208988
0.119254
0.145151
0.015463
0.165467
0.354181
0.119320
0.386037
0.114059
0.553071
0.291781
0.175405
0.082874
0.459853
0.088142
0.032944
0.569878
0.018406
0.105942
0.286913
0.071064
0.064170
0.413091
0.125885
0.108085
0.251631
0.141299
0.038821
0.248942
0.365872
0.384139
0.412993
0.103262
0.176689
0.602873
0.094585
0.054905
0.069548
0.025703
0.075592
0.256044
0.227870
0.047915
0.085713
0.142438
0.053715
0.390782
0.320876
0.349943
0.456128
0.159280
0.154088
0.088506
0.247911
0.330130
0.002118
0.581560
0.307757
0.360170
0.093561
0.482154
0.378284
0.169938
0.005273
0.506089
0.202967
0.029524
0.314084
0.536512
0.152357
0.527917
0.302443
0.129369
0.250668
0.347221
0.073335
0.056827
0.273258
0.157007
0.363988
0.143718
0.088524
0.510362
0.319217
0.102780
0.479479
0.387482
0.233838
0.010261
0.290221
0.541775
0.080195
0.091081
0.409435
0.715506
0.207385
0.204064
0.201300
0.152523
0.034507
0.119175
0.154298
0.237217
0.100115
0.320360
0.308682
0.311200
0.254779
0.164513
0.070721
0.268026
0.510352
0.520382
0.022239
0.234986
0.100783
0.153500
0.169149
0.236540
0.070971
0.303213
0.518519
0.025993
0.096681
0.410654
0.003932
0.068830
0.373033
0.421511
0.162807
0.214062
0.132862
0.299230
0.384571
0.052112
0.058852
0.684657
0.167792
0.258708
0.242533
0.192122
0.311978
0.265852
0.052909
0.118799
0.136349
0.113811
0.088647
0.455499
0.258619
0.223717
0.153341
0.077002
0.241815
0.607785
0.228514
0.111599
0.465175
0.030389
0.001818
0.572126
0.264071
0.194364
0.076581
0.112030
0.211186
0.644372
0.422501
0.397481
0.358895
0.102339
0.294482
0.167252
0.064002
0.340683
0.187562
0.410506
0.254901
0.503794
0.279694
0.285501
0.253399
0.167892
0.137532
0.238950
0.390647
0.044520
0.374866
0.175498
0.551989
0.141804
0.175318
0.191623
0.471845
0.157879
0.079817
0.570138
0.005814
0.015902
0.176608
0.035814
0.127566
0.437639
0.000239
0.073186
0.327339
0.252584
0.074662
0.284283
0.376257
0.413608
0.537750
0.022528
0.092437
0.556908
0.089990
0.177258
0.184941
0.166193
0.072835
0.140132
0.104118
0.057295
0.059612
0.046782
0.035740
0.402746
0.391384
0.314579
0.432677
0.102105
0.301759
0.087223
0.151443
0.235125
0.031641
0.564399
0.513543
0.360751
0.033548
0.602738
0.328715
0.287748
0.117556
0.450525
0.137252
0.136373
0.410634
0.661248
0.073220
0.609554
0.260731
0.024981
0.404785
0.247669
0.122525
0.079945
0.310735
0.152355
0.322634
0.206806
0.031885
0.527082
0.346392
0.117433
0.372307
0.220694
0.204427
0.091459
0.482406
0.507816
0.063108
0.074891
0.471036
0.605598
0.287200
0.246320
0.179018
0.102660
0.049589
0.104872
0.153716
0.254717
0.063891
0.378033
0.202948
0.163226
0.392704
0.237928
0.248827
0.160881
0.485452
0.410147
0.014639
0.191950
0.107934
0.100879
0.151149
0.115332
0.011642
0.265359
0.696629
0.063181
0.090516
0.491614
0.015076
0.007407
0.440540
0.316962
0.256492
0.203533
0.207696
0.313786
0.183797
0.006116
0.088922
0.639062
0.264638
0.270540
0.332828
0.222498
0.282726
0.271569
0.004827
0.195142
0.138012
0.117757
0.010047
0.461424
0.315502
0.179235
0.142448
0.166498
0.225486
0.503133
0.257780
0.177183
0.412899
0.223170
0.018997
0.549395
0.084370
0.180197
0.001699
0.187262
0.116893
0.656224
0.499731
0.334348
0.340050
0.228431
0.192962
0.139655
0.030767
0.473596
0.252830
0.450995
0.189485
0.459010
0.151217
0.306600
0.386322
0.227801
0.249565
0.287697
0.430505
0.050037
0.337792
0.155365
0.533930
0.084212
0.210682
0.296186
0.393169
0.131491
0.141707
0.500137
0.036566
0.047045
0.120365
0.064745
0.143611
0.417617
0.137079
0.041478
0.330635
0.310839
0.135937
0.303106
0.311881
0.394388
0.619528
0.021587
0.035581
0.455503
0.111110
0.186291
0.263413
0.265423
0.096007
0.015594
0.014040
0.013704
0.008054
0.046887
0.011278
0.360574
0.379566
0.336887
0.364407
0.026099
0.363653
0.021535
0.132663
0.006463
0.136252
0.363186
0.557482
0.313114
0.005200
0.611095
0.233326
0.295677
0.241470
0.353931
0.033857
0.265140
0.453671
0.616841
0.046199
0.633746
0.206921
0.066886
0.510824
0.167129
0.111181
0.109943
0.412721
0.207831
0.266433
0.212887
0.014376
0.431062
0.304154
0.094636
0.320159
0.106867
0.226917
0.158944
0.583393
0.412297
0.071104
0.164469
0.512834
0.488665
0.373457
0.269303
0.144124
0.039863
0.010130
0.031774
0.125778
0.266132
0.011181
0.413426
0.146487
0.019905
0.473611
0.299411
0.348573
0.108207
0.412170
0.287410
0.028895
0.125245
0.181449
0.065069
0.156485
0.023628
0.110028
0.151467
0.691945
0.158928
0.079548
0.537106
0.066491
0.012442
0.439952
0.138737
0.251542
0.146170
0.282585
0.346207
0.009204
0.065591
0.158705
0.528403
0.356991
0.293618
0.387681
0.270160
0.233416
0.312073
0.139764
0.253723
0.191591
0.185992
0.062663
0.464804
0.316190
0.103880
0.173279
0.278559
0.191351
0.359359
0.207729
0.195313
0.327861
0.393749
0.020703
0.489256
0.053234
0.152632
0.054182
0.206412
0.033919
0.654392
0.529152
0.231934
0.282606
0.337419
0.069371
0.079022
0.080094
0.490710
0.325674
0.428918
0.163312
0.338222
0.104600
0.334057
0.534208
0.305977
0.230583
0.262526
0.429819
0.077666
0.364325
0.151558
0.424708
0.056408
0.189720
0.359354
0.304370
0.177247
0.237157
0.404956
0.130874
0.079537
0.066040
0.119645
0.116292
0.367620
0.244665
0.162385
0.385300
0.319451
0.231576
0.294314
0.227830
0.383974
0.588669
0.020719
0.025760
0.301371
0.113918
0.200072
0.316665
0.344777
0.109345
0.060057
0.082881
0.046291
0.044789
0.096212
0.058180
0.251445
0.333990
0.304032
0.266068
0.061504
0.348046
0.002379
0.120357
0.238844
0.341378
0.145736
0.490762
0.256988
0.052189
0.438041
0.211343
0.315945
0.376231
0.269783
0.015280
0.386997
0.518887
0.522197
0.137855
0.623312
0.113988
0.139257
0.648311
0.164422
0.081594
0.155351
0.473260
0.279021
0.223209
0.246551
0.061364
0.343717
0.278485
0.082432
0.259080
0.060159
0.121347
0.169244
0.610209
0.311731
0.036451
0.298862
0.554621
0.293407
0.410337
0.279445
0.068734
0.002348
0.024686
0.030174
0.118118
0.304739
0.039835
0.395549
0.118972
0.155580
0.479504
0.398893
0.253591
0.104900
0.311071
0.216501
0.047525
0.106048
0.300730
0.065073
0.165443
0.001856
0.235191
0.001239
0.546706
0.237688
0.023937
0.491030
0.181539
0.004784
0.394577
0.015891
0.200568
0.110117
0.412331
0.328883
0.180406
0.127489
0.144103
0.347891
0.466905
0.262186
0.381992
0.340332
0.225971
0.344158
0.243272
0.274613
0.139711
0.254238
0.168345
0.456297
0.277803
0.064730
0.163685
0.366263
0.204389
0.259311
0.186074
0.107985
0.198874
0.564398
0.098003
0.383642
0.220635
0.164571
0.054465
0.190270
0.004361
0.569463
0.473079
0.105960
0.232343
0.463458
0.068885
0.056819
0.102138
0.504487
0.321658
0.309161
0.134112
0.263082
0.049628
0.255707
0.584399
0.387400
0.175025
0.227741
0.324435
0.151205
0.419697
0.127715
0.359918
0.124004
0.134167
0.384354
0.271079
0.190740
0.333039
0.240896
0.214690
0.070845
0.059679
0.141063
0.054103
0.297868
0.374660
0.326600
0.372353
0.275617
0.279229
0.308915
0.132861
0.290936
0.622989
0.023451
0.047185
0.151920
0.111995
0.132610
0.278245
0.320220
0.131169
0.160054
0.092000
0.122743
0.171078
0.145951
0.113452
0.152947
0.281095
0.319770
0.149088
0.116774
0.260301
0.119383
0.190529
0.458483
0.426616
0.036880
0.344887
0.194965
0.088197
0.294737
0.207040
0.282786
0.457919
0.164347
0.070563
0.402233
0.564440
0.400631
0.216863
0.536660
0.065592
0.182548
0.648084
0.190658
0.038745
0.173664
0.449796
0.343691
0.151382
0.164096
0.053573
0.178239
0.260196
0.098708
0.176371
0.072136
0.105748
0.135803
0.503135
0.166251
0.077423
0.380458
0.581585
0.090445
0.405201
0.276891
0.038166
0.040783
0.065801
0.095523
0.126974
0.323979
0.082795
0.357642
0.092538
0.274232
0.404637
0.409533
0.125626
0.128814
0.202976
0.174050
0.081431
0.125762
0.356690
0.078464
0.184010
0.052940
0.326749
0.178255
0.342741
0.337597
0.041268
0.426571
0.293686
0.066295
0.318435
0.129378
0.101050
0.075622
0.557150
0.268637
0.288327
0.234401
0.124105
0.139558
0.488738
0.258851
0.295193
0.406007
0.265401
0.341459
0.320453
0.170047
0.067774
0.279992
0.257490
0.462153
0.211998
0.039178
0.252118
0.356320
0.199561
0.135083
0.130657
0.010975
0.087417
0.647337
0.156394
0.352275
0.325810
0.178400
0.028253
0.188825
0.025698
0.499477
0.430949
0.072485
0.224860
0.535551
0.183485
0.215815
0.099485
0.474975
0.311246
0.198550
0.107327
0.197494
0.071790
0.257961
0.559398
0.419650
0.034251
0.186756
0.177928
0.206625
0.484727
0.062617
0.244894
0.153813
0.051915
0.376477
0.309523
0.256180
0.301014
0.059447
0.279052
0.032272
0.052396
0.172419
0.078606
0.233644
0.457108
0.398036
0.419888
0.099962
0.230429
0.294120
0.033093
0.195150
0.584525
0.042790
0.040213
0.038423
0.044047
0.133431
0.170882
0.303726
0.174147
0.296261
0.146734
0.177361
0.277344
0.163726
0.148148
0.075807
0.218138
0.317470
0.000654
0.183328
0.097690
0.167797
0.198437
0.578819
0.456071
0.210243
0.192227
0.188089
0.082676
0.176296
0.233232
0.273216
0.462387
0.066304
0.090339
0.416298
0.507407
0.231218
0.229127
0.421775
0.034330
0.121855
0.658368
0.286082
0.010239
0.155625
0.346732
0.377576
0.102913
0.148696
0.003595
0.126340
0.300886
0.068142
0.117636
0.103258
0.137696
0.066848
0.409163
0.077243
0.081883
0.409716
0.520652
0.123075
0.394465
0.313535
0.028955
0.006875
0.102192
0.167880
0.162054
0.326693
0.125460
0.347474
0.024725
0.287773
0.173590
0.386139
0.065583
0.209157
0.120095
0.158342
0.115493
0.200841
0.395763
0.027086
0.255677
0.132821
0.413515
0.329332
0.117016
0.451577
0.048753
0.368670
0.421190
0.106421
0.244438
0.111722
0.020447
0.097157
0.698527
0.204606
0.314578
0.376477
0.054061
0.059257
0.490633
0.263300
0.193330
0.497997
0.314198
0.318458
0.280324
0.098369
0.029963
0.328096
0.295261
0.443010
0.157918
0.053771
0.309942
0.319137
0.254386
0.050820
0.098261
0.120418
0.018292
0.655784
0.168137
0.337893
0.385695
0.242338
0.058535
0.181930
0.013420
0.380394
0.367959
0.056443
0.215274
0.534153
0.231482
0.426616
0.054837
0.453227
0.213643
0.126734
0.120392
0.208581
0.119961
0.287808
0.485716
0.396437
0.134998
0.181112
0.076644
0.307207
0.462983
0.031945
0.170570
0.219049
0.044753
0.316807
0.305921
0.222035
0.232432
0.132323
0.280160
0.048950
0.120230
0.153815
0.228198
0.226005
0.486733
0.427770
0.345942
0.138140
0.168338
0.277439
0.017577
0.098875
0.514828
0.050324
0.017282
0.021754
0.033822
0.075141
0.030175
0.250739
0.181190
0.323755
0.150056
0.213936
0.340501
0.155500
0.145092
0.027088
0.129763
0.390294
0.109122
0.268885
0.135756
0.171252
0.210143
0.641825
0.473085
0.350462
0.036464
0.233295
0.036761
0.148509
0.278550
0.226640
0.393394
0.039177
0.105918
0.440926
0.406501
0.082897
0.192440
0.286757
0.072351
0.016673
0.555218
0.376266
0.109378
0.078029
0.220506
0.404588
0.094179
0.161763
0.023849
0.095461
0.342265
0.079655
0.117160
0.173876
0.239115
0.038701
0.236927
0.018882
0.077624
0.423206
0.421156
0.264940
0.347999
0.305389
0.073259
0.044666
0.167014
0.241330
0.193269
0.324037
0.165730
0.399489
0.017924
0.231128
0.129217
0.328871
0.268021
0.285134
0.064816
0.178656
0.196976
0.280172
0.343973
0.052956
0.305122
0.182933
0.473802
0.384871
0.072124
0.456646
0.067720
0.344445
0.515538
0.134154
0.136440
0.095772
0.144230
0.142612
0.759621
0.199315
0.255727
0.521430
0.028754
0.182886
0.378792
0.253422
0.059141
0.508224
0.248201
0.314921
0.265269
0.011722
0.038484
0.441317
0.325264
0.410578
0.071709
0.077788
0.415950
0.272298
0.313936
0.046492
0.037266
0.244534
0.090916
0.526727
0.158325
0.331433
0.304046
0.345591
0.160955
0.176347
0.100049
0.313688
0.266194
0.060491
0.189302
0.401572
0.216111
0.579919
0.046604
0.386427
0.107372
0.090290
0.142401
0.191566
0.215040
0.334541
0.413403
0.317258
0.275357
0.178494
0.018488
0.370936
0.334800
0.078766
0.058613
0.193535
0.055110
0.184224
0.351536
0.303453
0.146065
0.220721
0.304831
0.234202
0.218859
0.077924
0.342152
0.232739
0.468607
0.352306
0.351468
0.379901
0.091119
0.277281
0.047020
0.100913
0.361496
0.031552
0.024784
0.102589
0.148255
0.049044
0.062305
0.185509
0.137080
0.254683
0.163205
0.212035
0.301734
0.128012
0.105926
0.014435
0.093195
0.386248
0.192736
0.338775
0.347168
0.114466
0.210530
0.578026
0.423649
0.436678
0.096818
0.356951
0.020936
0.118367
0.332017
0.214029
0.330334
0.048626
0.059811
0.485518
0.349785
0.014429
0.107974
0.195154
0.171178
0.052788
0.412639
0.379955
0.202289
0.070492
0.082720
0.389968
0.049542
0.296586
0.010533
0.161299
0.413580
0.083110
0.113425
0.246488
0.301752
0.128852
0.082733
0.040192
0.033538
0.434631
0.280048
0.377958
0.269659
0.326103
0.105511
0.079558
0.256343
0.250824
0.211739
0.403713
0.163540
0.433316
0.031031
0.041644
0.381337
0.234276
0.515773
0.360966
0.084689
0.179895
0.218511
0.349896
0.283548
0.108645
0.334412
0.242781
0.483673
0.336468
0.227290
0.402861
0.065731
0.292010
0.520519
0.201895
0.035423
0.025309
0.156663
0.236663
0.712229
0.178986
0.175161
0.587736
0.078902
0.241224
0.255735
0.241658
0.071921
0.479415
0.204829
0.309172
0.207429
0.041103
0.008159
0.566112
0.279061
0.371395
0.048403
0.098917
0.404042
0.201575
0.385284
0.041494
0.014782
0.305989
0.097963
0.367087
0.107660
0.274175
0.208211
0.497092
0.260109
0.173399
0.230730
0.197477
0.163123
0.083669
0.153795
0.233021
0.147871
0.684082
0.114259
0.292222
0.004377
0.053096
0.159353
0.222291
0.298966
0.292389
0.300569
0.246092
0.298292
0.191235
0.076497
0.400530
0.174737
0.111001
0.039762
0.224246
0.146054
0.059038
0.337269
0.320823
0.048492
0.262211
0.279646
0.440879
0.334942
0.089173
0.384617
0.247026
0.452385
0.258313
0.245592
0.547978
0.037219
0.302672
0.032751
0.143904
0.156936
0.055991
0.082667
0.185543
0.201200
0.015912
0.183105
0.050993
0.086097
0.194690
0.141948
0.157763
0.222361
0.101838
0.035009
0.055999
0.074330
0.318587
0.217366
0.415853
0.510216
0.127582
0.190936
0.473476
0.303144
0.423524
0.173297
0.441665
0.011651
0.133175
0.332503
0.205489
0.231290
0.092015
0.035369
0.461930
0.289013
0.032302
0.033208
0.112289
0.279524
0.056450
0.192889
0.324860
0.245362
0.078654
0.037947
0.358924
0.004878
0.447670
0.044323
0.192488
0.429376
0.107104
0.089664
0.353629
0.427906
0.160972
0.084108
0.060306
0.026773
0.369906
0.137877
0.441307
0.177839
0.364488
0.097487
0.090848
0.367566
0.204770
0.278866
0.472505
0.089604
0.463355
0.085589
0.154297
0.506217
0.071562
0.574010
0.392499
0.138718
0.135390
0.198994
0.397438
0.185821
0.165515
0.352618
0.280111
0.450335
0.195280
0.256282
0.317745
0.059767
0.276133
0.430029
0.298738
0.049685
0.158590
0.181999
0.307238
0.512845
0.156718
0.086620
0.546871
0.155027
0.248945
0.086650
0.241129
0.231998
0.380857
0.163786
0.311428
0.137693
0.105945
0.081437
0.560790
0.187159
0.273940
0.164418
0.146291
0.410755
0.093807
0.469089
0.034073
0.018620
0.301155
0.060371
0.238201
0.044962
0.214397
0.079416
0.586446
0.296983
0.140784
0.315725
0.124575
0.122183
0.083439
0.137696
0.049919
0.025313
0.602233
0.111915
0.186620
0.000435
0.047905
0.200539
0.223755
0.376498
0.313969
0.230577
0.158784
0.323495
0.180727
0.185754
0.384977
0.041883
0.139419
0.072812
0.225477
0.231656
0.064781
0.348591
0.356953
0.090454
0.205272
0.182845
0.575106
0.403686
0.220145
0.401214
0.247971
0.382248
0.081036
0.224591
0.626962
0.015450
0.332071
0.014622
0.227414
0.054137
0.122242
0.155637
0.208985
0.238759
0.035019
0.291483
0.033437
0.070172
0.086090
0.127000
0.056010
0.111008
0.058670
0.049942
0.173087
0.127455
0.146131
0.264469
0.452240
0.624213
0.135058
0.178240
0.322573
0.173460
0.382110
0.151830
0.470732
0.084848
0.142553
0.314239
0.235327
0.156093
0.123326
0.025430
0.435188
0.194737
0.024606
0.022588
0.064244
0.349364
0.027032
0.008748
0.254886
0.204800
0.151667
0.142711
0.329221
0.007110
0.561299
0.079678
0.255221
0.372924
0.064256
0.115796
0.400543
0.475988
0.148658
0.178459
0.123869
0.022641
0.286806
0.001732
0.428491
0.130775
0.398903
0.026675
0.152301
0.373502
0.153556
0.295327
0.505472
0.001079
0.473391
0.114436
0.384722
0.535487
0.046237
0.537328
0.367623
0.174169
0.071786
0.144009
0.445136
0.141921
0.206590
0.405792
0.346976
0.352979
0.073212
0.199524
0.287860
0.000543
0.198246
0.297847
0.434760
0.123371
0.380398
0.174295
0.406056
0.243394
0.154180
0.014018
0.447530
0.205208
0.181572
0.029342
0.245113
0.344987
0.252336
0.219789
0.294886
0.069255
0.109991
0.182040
0.488762
0.037826
0.206006
0.232567
0.211768
0.321357
0.005609
0.583516
0.034615
0.069054
0.160537
0.058781
0.184501
0.050285
0.109535
0.042394
0.508926
0.354993
0.098176
0.395390
0.018920
0.104696
0.046262
0.125559
0.078532
0.069652
0.484839
0.088201
0.148318
0.022952
0.063069
0.271587
0.233305
0.419385
0.250204
0.117574
0.116504
0.315789
0.187062
0.253763
0.381062
0.037394
0.075292
0.162233
0.288521
0.402132
0.140496
0.266282
0.342617
0.225912
0.120756
0.076528
0.592641
0.443215
0.352104
0.398313
0.240831
0.288227
0.110263
0.126276
0.608400
0.020968
0.346668
0.045664
0.292793
0.218269
0.166448
0.265353
0.228781
0.261217
0.104077
0.354486
0.135664
0.021254
0.062604
0.053831
0.075900
0.019707
0.003882
0.151395
0.290145
0.139569
0.116832
0.219339
0.499717
0.712959
0.134509
0.186215
0.250752
0.127827
0.248909
0.068530
0.432761
0.057127
0.162933
0.304929
0.283171
0.088449
0.232021
0.001674
0.396629
0.063771
0.048537
0.098771
0.045997
0.333894
0.007297
0.118434
0.225460
0.149024
0.208281
0.101035
0.292772
0.108299
0.615816
0.157399
0.306719
0.195417
0.048742
0.142323
0.456046
0.483478
0.099209
0.238383
0.186654
0.069527
0.241986
0.139206
0.285219
0.142826
0.421386
0.060632
0.330713
0.299806
0.095033
0.271194
0.420989
0.124065
0.502936
0.205533
0.506919
0.501868
0.116218
0.435431
0.288575
0.222223
0.070956
0.102989
0.442998
0.089588
0.171726
0.382300
0.357847
0.235128
0.089438
0.052942
0.308812
0.021123
0.148607
0.136651
0.478357
0.134185
0.524350
0.160312
0.423103
0.027427
0.185624
0.096289
0.357641
0.110825
0.015195
0.042762
0.240507
0.392375
0.043383
0.184293
0.305891
0.136567
0.111308
0.306748
0.411591
0.063700
0.118152
0.214207
0.286074
0.321739
0.092965
0.577208
0.053460
0.145876
0.023217
0.188900
0.099605
0.088776
0.038991
0.159037
0.366462
0.368259
0.060985
0.426279
0.009388
0.137644
0.029665
0.175863
0.196142
0.105772
0.233215
0.053125
0.116174
0.108023
0.008855
0.281648
0.175726
0.388408
0.100791
0.067570
0.043270
0.182627
0.199966
0.282026
0.324374
0.057810
0.052843
0.152030
0.252568
0.489666
0.182257
0.225437
0.391965
0.354308
0.070145
0.030229
0.553436
0.455439
0.409980
0.395421
0.244254
0.250384
0.314009
0.184733
0.559656
0.060340
0.352864
0.024097
0.361417
0.273995
0.114139
0.353683
0.273060
0.224929
0.147141
0.297498
0.200937
0.039818
0.204551
0.016512
0.221130
0.097255
0.005378
0.195200
0.308690
0.210673
0.068377
0.201591
0.526299
0.658150
0.036253
0.220944
0.167626
0.110889
0.046373
0.050497
0.375280
0.005482
0.174977
0.275217
0.383060
0.022674
0.289635
0.023793
0.339366
0.034456
0.144528
0.117316
0.055806
0.346964
0.100599
0.139385
0.231604
0.051778
0.310009
0.041847
0.300549
0.228127
0.659684
0.235378
0.389264
0.016416
0.002433
0.189311
0.439261
0.404700
0.006858
0.154652
0.269082
0.113876
0.170452
0.204837
0.038899
0.234192
0.431413
0.186478
0.547770
0.183022
0.005846
0.223636
0.283431
0.267780
0.481647
0.282309
0.593213
0.414045
0.090482
0.391139
0.211059
0.349085
0.109355
0.041820
0.465577
0.065831
0.063427
0.363027
0.370043
0.124034
0.241382
0.142578
0.388042
0.052351
0.066355
0.036189
0.515281
0.042400
0.694050
0.150253
0.451711
0.241856
0.247600
0.138335
0.273590
0.052621
0.197837
0.009604
0.251582
0.345574
0.064333
0.228494
0.353027
0.226089
0.109916
0.459832
0.284139
0.176627
0.089795
0.152694
0.394193
0.259086
0.169285
0.485302
0.110270
0.302194
0.156641
0.330036
0.108009
0.085593
0.005435
0.234967
0.154833
0.366796
0.053938
0.443487
0.059431
0.185757
0.083992
0.264905
0.138370
0.026308
0.024010
0.036286
0.143807
0.203853
0.051320
0.240296
0.115211
0.369640
0.042708
0.009828
0.037487
0.047607
0.217310
0.269067
0.284071
0.046822
0.156884
0.155389
0.258024
0.506199
0.130570
0.101242
0.300171
0.382436
0.308037
0.014862
0.453761
0.453745
0.417441
0.316187
0.233351
0.229289
0.406625
0.174343
0.419069
0.135870
0.325388
0.008797
0.372563
0.289859
0.041501
0.460521
0.311186
0.114640
0.184310
0.213389
0.279019
0.102482
0.239955
0.088974
0.327286
0.197915
0.032164
0.201183
0.331802
0.286422
0.077857
0.211991
0.602611
0.527165
0.063285
0.275941
0.110026
0.109840
0.131196
0.178787
0.314007
0.003505
0.257355
0.224123
0.463367
0.009131
0.309917
0.029617
0.290400
0.111422
0.275526
0.125254
0.105169
0.426341
0.193992
0.095111
0.286367
0.052334
0.444435
0.265441
0.284880
0.364387
0.612016
0.314877
0.363560
0.111568
0.034531
0.203977
0.387841
0.360408
0.062659
0.009804
0.318917
0.103232
0.099375
0.185828
0.264822
0.313752
0.367624
0.260284
0.731367
0.083288
0.071019
0.198704
0.128503
0.387398
0.357619
0.365636
0.540040
0.248144
0.061462
0.286540
0.128121
0.431395
0.118274
0.004923
0.472175
0.027498
0.063147
0.363960
0.340460
0.052443
0.376383
0.401329
0.483802
0.066392
0.004924
0.016686
0.527154
0.080768
0.738376
0.139336
0.455000
0.351317
0.320111
0.122030
0.255022
0.068531
0.382321
0.069968
0.275501
0.300576
0.139620
0.302092
0.419726
0.326162
0.115926
0.613127
0.109720
0.213955
0.093813
0.102672
0.452242
0.302645
0.235217
0.290515
0.175364
0.451862
0.335457
0.413607
0.155122
0.012728
0.024191
0.268346
0.002203
0.352579
0.009765
0.400862
0.006710
0.257057
0.118370
0.397297
0.005697
0.034222
0.221969
0.032846
0.153291
0.327444
0.085508
0.167958
0.041603
0.393915
0.056261
0.033689
0.052379
0.026190
0.261609
0.238783
0.279357
0.000839
0.249421
0.132525
0.260600
0.386882
0.137299
0.042236
0.235075
0.338744
0.523795
0.048355
0.321654
0.437453
0.323390
0.272672
0.247864
0.154013
0.426626
0.208138
0.267961
0.192797
0.236761
0.059192
0.370675
0.242200
0.046442
0.477139
0.306155
0.005441
0.130384
0.090477
0.282512
0.172994
0.244411
0.113793
0.394022
0.310011
0.050126
0.204255
0.265353
0.377169
0.062917
0.197332
0.599878
0.372562
0.252109
0.295668
0.057303
0.107587
0.299948
0.272503
0.289846
0.068090
0.297047
0.175043
0.509739
0.025414
0.363826
0.086079
0.278256
0.149520
0.360083
0.082609
0.200295
0.410820
0.167704
0.026824
0.358411
0.128080
0.562948
0.467394
0.291297
0.469228
0.472203
0.306684
0.348397
0.111839
0.087353
0.247105
0.312906
0.211755
0.118742
0.177918
0.371671
0.089566
0.095795
0.069641
0.576399
0.394044
0.294567
0.344562
0.750264
0.026673
0.107946
0.259075
0.054274
0.408144
0.181575
0.392130
0.539590
0.087013
0.086324
0.232716
0.119350
0.445553
0.121865
0.021165
0.391185
0.089922
0.248728
0.378842
0.279867
0.043748
0.481317
0.594684
0.490796
0.030694
0.129180
0.044992
0.501703
0.260975
0.643759
0.143020
0.422480
0.342783
0.399138
0.081890
0.214826
0.200440
0.532481
0.133947
0.259968
0.164811
0.101989
0.384322
0.402985
0.365400
0.011202
0.649689
0.006421
0.168485
0.124670
0.005501
0.419722
0.190060
0.192544
0.132041
0.271071
0.541022
0.429416
0.430119
0.233254
0.091234
0.074292
0.175837
0.145302
0.283516
0.053123
0.381940
0.010104
0.246161
0.113116
0.489200
0.167489
0.064880
0.365243
0.040639
0.166086
0.358839
0.110114
0.133763
0.047257
0.345248
0.154198
0.048731
0.127586
0.118831
0.306887
0.128920
0.270179
0.096101
0.275803
0.154991
0.364813
0.296156
0.167978
0.014778
0.194614
0.220946
0.678411
0.080892
0.162356
0.446104
0.229880
0.236386
0.312837
0.112997
0.361158
0.155431
0.122217
0.259197
0.206223
0.085008
0.327729
0.167558
0.131349
0.464249
0.301074
0.174670
0.146518
0.059443
0.287708
0.190918
0.246839
0.158677
0.358948
0.384344
0.070307
0.216354
0.131738
0.419403
0.098734
0.152632
0.586815
0.186303
0.365812
0.315847
0.050569
0.127522
0.415490
0.336674
0.207746
0.130380
0.353178
0.127545
0.519364
0.154549
0.425567
0.182729
0.305175
0.207702
0.392350
0.020594
0.333331
0.381582
0.158412
0.173108
0.413166
0.116311
0.641916
0.584739
0.246404
0.508240
0.287550
0.285049
0.295051
0.129576
0.037697
0.238366
0.253224
0.044053
0.132771
0.268023
0.395964
0.015737
0.122982
0.046700
0.786859
0.380769
0.213776
0.343187
0.627473
0.028639
0.139654
0.344403
0.004266
0.320940
0.006650
0.416181
0.430268
0.086009
0.238085
0.219810
0.147473
0.427102
0.150641
0.045457
0.334095
0.191070
0.406027
0.432431
0.247107
0.065618
0.521817
0.754744
0.475737
0.020392
0.217161
0.134699
0.442160
0.458720
0.461348
0.130254
0.400992
0.212849
0.466628
0.036006
0.231132
0.290983
0.585154
0.208599
0.317546
0.047046
0.059401
0.363354
0.384538
0.393558
0.024930
0.614235
0.107169
0.114150
0.270384
0.062291
0.303667
0.224018
0.160129
0.025891
0.379998
0.536686
0.410828
0.451389
0.229689
0.180854
0.189821
0.093098
0.238705
0.223308
0.125027
0.361001
0.108516
0.269067
0.053001
0.531388
0.355938
0.177160
0.421830
0.093695
0.229726
0.402337
0.112274
0.188505
0.083737
0.315111
0.210167
0.085463
0.221429
0.166347
0.346880
0.014251
0.270144
0.218401
0.240490
0.240962
0.400493
0.207535
0.154280
0.073754
0.169096
0.061950
0.647472
0.077276
0.055685
0.429790
0.078988
0.173650
0.384877
0.056731
0.267311
0.151657
0.001518
0.238114
0.166065
0.122749
0.236663
0.068644
0.189357
0.392769
0.239490
0.266558
0.063221
0.227074
0.250340
0.217053
0.258570
0.142321
0.329623
0.475576
0.075912
0.138678
0.049574
0.429916
0.124609
0.099413
0.441662
0.062111
0.497020
0.304878
0.030646
0.169247
0.422713
0.408388
0.136524
0.233383
0.411944
0.099055
0.513883
0.295608
0.371200
0.239161
0.384616
0.238819
0.358617
0.086984
0.460358
0.269726
0.108322
0.352747
0.438835
0.114688
0.710054
0.618264
0.262565
0.441616
0.047406
0.200336
0.288503
0.039904
0.004568
0.214245
0.217986
0.113386
0.203252
0.392576
0.362969
0.062953
0.173676
0.220836
0.851563
0.334361
0.219922
0.388628
0.434550
0.037228
0.118853
0.352184
0.004983
0.171897
0.148833
0.386725
0.321525
0.175322
0.399478
0.243338
0.191885
0.351457
0.156651
0.093537
0.284768
0.303548
0.509214
0.489498
0.283673
0.078968
0.458847
0.734954
0.366625
0.025422
0.303333
0.288645
0.365974
0.583568
0.253372
0.114290
0.390996
0.034966
0.448815
0.021221
0.229802
0.303916
0.551759
0.344046
0.354179
0.083470
0.034676
0.406868
0.284210
0.382024
0.094348
0.460681
0.149143
0.057973
0.445395
0.140579
0.254637
0.205905
0.048462
0.060495
0.518468
0.529281
0.308504
0.483913
0.288527
0.254087
0.284098
0.056995
0.284195
0.177551
0.093317
0.362705
0.191452
0.295998
0.040933
0.490993
0.582484
0.308630
0.307719
0.090983
0.252264
0.362632
0.078724
0.217965
0.142304
0.243979
0.219546
0.083483
0.305305
0.187621
0.348220
0.186980
0.298828
0.284078
0.142691
0.354944
0.405628
0.185113
0.063147
0.164441
0.057224
0.134402
0.513078
0.063899
0.011515
0.397851
0.093643
0.112945
0.435432
0.012695
0.083208
0.151234
0.114982
0.148467
0.190971
0.117267
0.131009
0.067268
0.164534
0.350889
0.199846
0.330607
0.024141
0.427508
0.220447
0.229547
0.207487
0.152453
0.251016
0.447669
0.032748
0.000042
0.185808
0.392330
0.233256
0.033272
0.217218
0.022775
0.542797
0.292307
0.044901
0.253488
0.303296
0.473970
0.023075
0.399867
0.473924
0.127344
0.449286
0.401977
0.316122
0.315392
0.455556
0.203464
0.336910
0.166458
0.511086
0.153763
0.031550
0.474521
0.396931
0.121797
0.641253
0.599245
0.263194
0.400079
0.172074
0.126844
0.240228
0.070149
0.014452
0.212584
0.186368
0.137870
0.207975
0.484686
0.353610
0.159543
0.240376
0.319022
0.792033
0.361917
0.243309
0.347149
0.274724
0.024456
0.045666
0.363982
0.011665
0.001622
0.229741
0.401350
0.221685
0.251107
0.477050
0.257654
0.260622
0.263731
0.197650
0.057268
0.204692
0.397181
0.516706
0.524597
0.316009
0.172687
0.342203
0.541950
0.260036
0.064445
0.222718
0.458396
0.266417
0.561210
0.096261
0.110829
0.387952
0.197398
0.401923
0.097145
0.220652
0.369556
0.511595
0.433274
0.393475
0.208082
0.142778
0.329939
0.215194
0.344175
0.114918
0.279938
0.156940
0.048192
0.533457
0.184381
0.198450
0.286796
0.128294
0.062841
0.560991
0.456801
0.134708
0.515388
0.284756
0.283717
0.392145
0.218232
0.234397
0.172125
0.055350
0.343860
0.275920
0.298029
0.084410
0.390530
0.687149
0.301407
0.112459
0.040322
0.288895
0.381104
0.077717
0.284952
0.256770
0.154555
0.185013
0.102398
0.374006
0.186896
0.318602
0.314719
0.269148
0.360957
0.028870
0.338478
0.326968
0.177803
0.012991
0.347355
0.047840
0.338928
0.315382
0.025413
0.012267
0.358937
0.247404
0.075333
0.404080
0.014647
0.154080
0.277491
0.143019
0.004372
0.202340
0.140040
0.066402
0.219148
0.024299
0.271316
0.160272
0.278801
0.014556
0.547532
0.222210
0.199542
0.207059
0.095014
0.184982
0.301887
0.025479
0.121505
0.295617
0.356396
0.282553
0.022877
0.033593
0.031222
0.485076
0.253306
0.092780
0.364935
0.147934
0.503640
0.032563
0.551076
0.442230
0.221384
0.362622
0.485825
0.237022
0.367217
0.505556
0.160055
0.323949
0.240363
0.530560
0.013952
0.062601
0.493479
0.285257
0.090466
0.530836
0.514841
0.337053
0.317452
0.361180
0.027161
0.237464
0.213641
0.014143
0.248849
0.150472
0.107085
0.221167
0.498017
0.295272
0.176385
0.278074
0.393254
0.557826
0.338657
0.232097
0.353946
0.130927
0.040140
0.053515
0.323161
0.112229
0.128696
0.179322
0.460771
0.172991
0.266840
0.581775
0.289924
0.279399
0.225502
0.185878
0.002348
0.127980
0.468651
0.444007
0.506092
0.383838
0.250853
0.118254
0.281589
0.154608
0.089860
0.036644
0.603870
0.232660
0.463212
0.001769
0.040408
0.451816
0.415536
0.346015
0.138597
0.241997
0.362447
0.409936
0.536533
0.315200
0.291221
0.265854
0.322224
0.159079
0.295679
0.137346
0.136046
0.082145
0.161857
0.562140
0.235142
0.178155
0.284447
0.304204
0.018780
0.611266
0.364852
0.064144
0.468061
0.268492
0.172297
0.548197
0.326318
0.148450
0.255950
0.062301
0.343197
0.255117
0.230966
0.121542
0.232936
0.712169
0.301993
0.123776
0.021826
0.313162
0.334834
0.036506
0.322280
0.383521
0.060091
0.175724
0.125271
0.464398
0.157662
0.254480
0.403517
0.229987
0.368001
0.008260
0.322878
0.207483
0.128990
0.145158
0.452910
0.036985
0.489766
0.121754
0.133031
0.065583
0.337326
0.285080
0.063513
0.321610
0.026791
0.356714
0.304901
0.138993
0.145178
0.236020
0.115937
0.025074
0.342870
0.134697
0.170052
0.203658
0.136634
0.007767
0.548912
0.211626
0.130014
0.133418
0.044747
0.075744
0.167204
0.008004
0.298383
0.321749
0.257358
0.354481
0.127625
0.208317
0.004596
0.299681
0.272763
0.192463
0.436295
0.013821
0.494407
0.044775
0.523193
0.387391
0.321814
0.294793
0.494683
0.205231
0.393988
0.457068
0.109821
0.398001
0.309011
0.502487
0.068588
0.090853
0.392539
0.165417
0.074513
0.403441
0.381726
0.384338
0.255813
0.417357
0.009697
0.216575
0.270364
0.029853
0.239851
0.157315
0.016587
0.217386
0.457660
0.270744
0.133897
0.303147
0.396816
0.263751
0.348361
0.184235
0.291597
0.090968
0.215885
0.150837
0.333702
0.249349
0.190730
0.032550
0.506322
0.099292
0.301588
0.546488
0.314236
0.339898
0.184970
0.247708
0.033348
0.042966
0.487546
0.302579
0.351759
0.420747
0.316599
0.071464
0.087925
0.062266
0.163432
0.220363
0.581495
0.178852
0.352401
0.021414
0.021204
0.473738
0.539565
0.307127
0.239298
0.249615
0.314446
0.228574
0.557659
0.202714
0.296525
0.363482
0.265944
0.155913
0.297265
0.111394
0.081625
0.028337
0.261132
0.472309
0.185290
0.174027
0.314028
0.390443
0.003489
0.545597
0.257880
0.212827
0.374307
0.207271
0.125590
0.634478
0.394515
0.065952
0.333878
0.166251
0.326698
0.245612
0.141158
0.130040
0.099781
0.616098
0.283300
0.359744
0.026855
0.293089
0.333281
0.016527
0.314059
0.507911
0.023081
0.150458
0.188155
0.467497
0.143945
0.234925
0.420830
0.179312
0.367357
0.001603
0.225299
0.064287
0.069802
0.273703
0.574041
0.096805
0.502384
0.002683
0.206462
0.116258
0.286778
0.292759
0.101813
0.230077
0.005060
0.426122
0.345923
0.047407
0.276819
0.317410
0.080190
0.014828
0.427305
0.228771
0.144757
0.282709
0.036861
0.045651
0.409101
0.141022
0.041091
0.067304
0.002316
0.045921
0.049174
0.019627
0.423115
0.276108
0.225958
0.324674
0.144826
0.328862
0.064685
0.113511
0.339043
0.277783
0.399145
0.220990
0.441280
0.018890
0.523813
0.268735
0.366650
0.255170
0.449743
0.160256
0.365993
0.351150
0.126467
0.402379
0.392901
0.504747
0.065591
0.111930
0.270316
0.071765
0.075648
0.335202
0.278949
0.396846
0.203546
0.411662
0.088881
0.176845
0.336250
0.041333
0.311397
0.161212
0.062092
0.246556
0.475356
0.200219
0.055429
0.274311
0.380138
0.072330
0.308116
0.169167
0.269977
0.022584
0.409059
0.176607
0.323582
0.361303
0.236957
0.097151
0.443439
0.074063
0.240735
0.406759
0.303447
0.401675
0.220809
0.243057
0.002708
0.012102
0.459874
0.061523
0.252574
0.521402
0.336624
0.303626
0.051464
0.039719
0.161846
0.393771
0.514906
0.204704
0.217384
0.049371
0.059905
0.450636
0.611858
0.264859
0.291748
0.298530
0.168675
0.057859
0.531391
0.076608
0.213081
0.402889
0.316063
0.176269
0.222022
0.063977
0.110037
0.041977
0.263482
0.404031
0.122882
0.203270
0.219539
0.396226
0.057993
0.504181
0.148808
0.259340
0.300356
0.153308
0.034300
0.666951
0.361267
0.215733
0.413430
0.244099
0.235499
0.240515
0.097272
0.155592
0.016713
0.530018
0.313918
0.584369
0.077007
0.264618
0.272830
0.041453
0.340251
0.538072
0.047724
0.048152
0.209788
0.494262
0.064190
0.243882
0.472320
0.207013
0.348807
0.067007
0.248813
0.025650
0.033800
0.382860
0.534643
0.166017
0.461812
0.078211
0.212394
0.115589
0.215097
0.225165
0.125772
0.164275
0.040783
0.456191
0.229563
0.049364
0.290950
0.373728
0.016045
0.006446
0.440817
0.258163
0.156742
0.341842
0.209468
0.074166
0.238325
0.072825
0.024421
0.076489
0.043064
0.161897
0.054464
0.107210
0.438860
0.150180
0.171970
0.373702
0.138097
0.335082
0.179494
0.122938
0.407484
0.360569
0.389863
0.335052
0.326043
0.119816
0.441508
0.163054
0.426115
0.305160
0.325531
0.181806
0.249925
0.198740
0.112966
0.422409
0.395897
0.468175
0.001201
0.123911
0.237672
0.070562
0.108564
0.151734
0.250102
0.385121
0.212665
0.224262
0.121849
0.140799
0.374078
0.040023
0.377040
0.186723
0.187130
0.202269
0.444316
0.199535
0.037111
0.259139
0.271088
0.355554
0.255566
0.155799
0.144772
0.073114
0.550087
0.192023
0.313595
0.438556
0.256362
0.279722
0.370835
0.007834
0.139537
0.274953
0.242101
0.425723
0.216443
0.295632
0.021229
0.012184
0.373520
0.148549
0.132744
0.557253
0.447679
0.437253
0.124572
0.018160
0.187355
0.543859
0.325439
0.132708
0.090406
0.095420
0.062889
0.324279
0.568403
0.245827
0.337740
0.322172
0.055943
0.038877
0.422762
0.002678
0.131035
0.366420
0.192341
0.157241
0.164096
0.031232
0.133692
0.120307
0.281432
0.288033
0.036326
0.279747
0.211427
0.396308
0.155650
0.358733
0.038361
0.271015
0.284084
0.095459
0.012549
0.512125
0.288764
0.458057
0.426158
0.243834
0.109818
0.310103
0.131238
0.100018
0.006986
0.349147
0.290817
0.722522
0.131494
0.243597
0.257838
0.036708
0.339387
0.499803
0.053099
0.022864
0.211076
0.424484
0.007042
0.303900
0.437224
0.250166
0.330114
0.100012
0.308640
0.097993
0.040784
0.370890
0.511791
0.287582
0.338418
0.076300
0.176636
0.145638
0.114529
0.121275
0.174736
0.194564
0.184640
0.456094
0.246836
0.234508
0.273047
0.461175
0.096260
0.001589
0.490498
0.184800
0.155609
0.369539
0.315776
0.119841
0.047501
0.013692
0.121057
0.173935
0.031928
0.225447
0.163707
0.166837
0.348356
0.026568
0.179455
0.377831
0.129114
0.318909
0.340370
0.324163
0.376853
0.352220
0.409101
0.313813
0.172635
0.227858
0.319621
0.011814
0.425740
0.311933
0.207419
0.194235
0.040204
0.067664
0.115242
0.440101
0.374196
0.389023
0.097583
0.132621
0.263070
0.119890
0.057060
0.005142
0.173549
0.383452
0.213939
0.021036
0.173743
0.095943
0.398131
0.001433
0.397666
0.213414
0.282539
0.134758
0.354060
0.225790
0.086468
0.266080
0.188771
0.541905
0.177898
0.160034
0.051154
0.069350
0.603307
0.183712
0.300902
0.470840
0.271529
0.422782
0.289392
0.025742
0.042650
0.190209
0.198038
0.346446
0.264865
0.334144
0.000660
0.089708
0.280400
0.290129
0.012671
0.580512
0.430749
0.507078
0.170333
0.062648
0.135009
0.577261
0.125836
0.116922
0.002699
0.163586
0.064901
0.221295
0.482866
0.194494
0.267714
0.358453
0.084304
0.034329
0.279837
0.025839
0.007024
0.270076
0.105838
0.111904
0.086779
0.011002
0.191908
0.245961
0.240736
0.242693
0.011565
0.362913
0.157092
0.311865
0.252652
0.274401
0.023707
0.238797
0.268958
0.044818
0.075843
0.349471
0.109597
0.644411
0.404776
0.217197
0.008296
0.405809
0.220092
0.102766
0.028137
0.159216
0.275650
0.699855
0.198178
0.218058
0.210330
0.018512
0.311883
0.441583
0.006642
0.098608
0.231681
0.316838
0.037679
0.311734
0.325452
0.308457
0.303565
0.144321
0.373887
0.059907
0.122013
0.370951
0.351099
0.355458
0.148877
0.040937
0.121797
0.149507
0.050039
0.009990
0.210659
0.262407
0.400598
0.436374
0.203047
0.360887
0.173123
0.484268
0.199683
0.077528
0.538682
0.118978
0.184384
0.389667
0.359822
0.157536
0.104284
0.048229
0.172303
0.311731
0.014957
0.240084
0.237783
0.251317
0.241862
0.082974
0.185950
0.381768
0.138967
0.290788
0.440707
0.497834
0.288622
0.302155
0.357218
0.255904
0.071064
0.288850
0.108819
0.054998
0.349666
0.295603
0.123042
0.219945
0.115351
0.040737
0.135494
0.426296
0.374666
0.226408
0.226286
0.049161
0.259171
0.134983
0.014171
0.124613
0.103542
0.305631
0.202064
0.211292
0.182229
0.099724
0.367895
0.002432
0.302100
0.224919
0.437444
0.006337
0.285657
0.300710
0.092115
0.303169
0.138108
0.636983
0.206046
0.112709
0.142601
0.104211
0.640488
0.166490
0.344943
0.424989
0.232310
0.544646
0.219760
0.011696
0.188005
0.061929
0.165958
0.249533
0.299035
0.425236
0.007203
0.245806
0.203090
0.344038
0.096850
0.484022
0.378035
0.447718
0.190024
0.160629
0.096717
0.602238
0.080645
0.042946
0.021061
0.229625
0.008947
0.133362
0.322866
0.179301
0.171066
0.365837
0.246112
0.005249
0.134384
0.047826
0.132504
0.200703
0.031675
0.094736
0.038813
0.036956
0.263733
0.334854
0.139836
0.152963
0.104355
0.415628
0.223711
0.156695
0.262024
0.196647
0.042428
0.200853
0.269328
0.004604
0.086500
0.129972
0.018769
0.784084
0.320207
0.134833
0.067564
0.588028
0.366019
0.130154
0.085137
0.016723
0.218288
0.566225
0.233982
0.209067
0.213812
0.029713
0.254128
0.419101
0.110062
0.188058
0.325950
0.190518
0.030413
0.314299
0.153746
0.375891
0.290634
0.117124
0.465048
0.038699
0.192200
0.295415
0.209955
0.376951
0.086387
0.024057
0.081554
0.211819
0.017055
0.141946
0.270771
0.385730
0.575158
0.342609
0.277518
0.403665
0.005926
0.469316
0.245949
0.149152
0.519939
0.070807
0.196221
0.406231
0.376866
0.248979
0.259355
0.140043
0.129100
0.355529
0.000755
0.188693
0.284981
0.259680
0.081347
0.147601
0.219090
0.364264
0.163463
0.203325
0.501460
0.528909
0.147851
0.242219
0.289155
0.138038
0.043867
0.381456
0.090613
0.137155
0.180964
0.258149
0.076755
0.258398
0.257512
0.019362
0.142769
0.294862
0.354819
0.085564
0.319511
0.000590
0.315968
0.161406
0.056731
0.158951
0.052965
0.237930
0.155281
0.425454
0.179771
0.171319
0.377488
0.018436
0.261769
0.269500
0.516383
0.068679
0.257536
0.319017
0.073933
0.320302
0.191575
0.581152
0.205098
0.084520
0.235900
0.095731
0.611613
0.147081
0.332444
0.349967
0.151679
0.584368
0.139690
0.095702
0.352969
0.020057
0.112774
0.149225
0.339513
0.465144
0.023083
0.350037
0.133803
0.324258
0.136787
0.345042
0.233397
0.295481
0.185183
0.257535
0.007879
0.552570
0.200365
0.014412
0.053317
0.234383
0.091411
0.012712
0.157313
0.207808
0.013367
0.322052
0.391622
0.102422
0.011223
0.105280
0.183537
0.156521
0.071884
0.088719
0.002700
0.006434
0.325586
0.480043
0.027230
0.054601
0.111755
0.481689
0.209261
0.031038
0.348855
0.215231
0.041163
0.188401
0.214445
0.063987
0.055395
0.025689
0.123603
0.802793
0.181491
0.100308
0.082373
0.660972
0.440973
0.137570
0.169762
0.087050
0.088189
0.385048
0.241781
0.159063
0.204997
0.047376
0.220973
0.370660
0.257292
0.307707
0.454808
0.136074
0.057841
0.268408
0.037399
0.409799
0.234572
0.109836
0.476617
0.162763
0.229245
0.142563
0.075144
0.357953
0.266221
0.164368
0.048452
0.245448
0.081488
0.229790
0.292755
0.494633
0.659507
0.211562
0.317132
0.379222
0.212036
0.442706
0.284366
0.233800
0.494559
0.017881
0.169301
0.426433
0.300395
0.261100
0.339950
0.214763
0.053044
0.343076
0.051972
0.130215
0.283817
0.276803
0.102396
0.211083
0.237027
0.368523
0.186775
0.057463
0.438321
0.558076
0.114257
0.186013
0.215979
0.013896
0.053970
0.445052
0.194533
0.053854
0.094847
0.202480
0.142679
0.325528
0.304497
0.050442
0.158091
0.154636
0.296697
0.008144
0.392576
0.106655
0.341347
0.183687
0.089487
0.178771
0.030033
0.175293
0.144894
0.608985
0.107771
0.252426
0.310274
0.081230
0.222879
0.310966
0.504728
0.130935
0.161444
0.278094
0.006147
0.360824
0.213179
0.472875
0.245043
0.061334
0.310092
0.089846
0.498325
0.181312
0.283103
0.286379
0.025170
0.585563
0.084825
0.122077
0.419260
0.015096
0.081970
0.089895
0.361559
0.477805
0.092245
0.400097
0.095667
0.244604
0.105621
0.219506
0.138638
0.049365
0.048658
0.323383
0.039387
0.470046
0.219636
0.022863
0.095463
0.250527
0.152872
0.073185
0.058272
0.268688
0.162857
0.265530
0.495617
0.198387
0.003818
0.183904
0.193475
0.155106
0.072275
0.183211
0.061697
0.005554
0.399475
0.605770
0.029865
0.038711
0.150863
0.413112
0.287972
0.215453
0.428943
0.202290
0.090569
0.095404
0.220550
0.120835
0.018529
0.164594
0.180329
0.784192
0.076334
0.028567
0.023220
0.723974
0.534488
0.137305
0.245116
0.099945
0.063947
0.243884
0.218538
0.139388
0.230830
0.036214
0.265267
0.328805
0.394511
0.353461
0.558440
0.137845
0.120233
0.225049
0.161970
0.418854
0.240477
0.103030
0.457383
0.263127
0.230365
0.080888
0.073087
0.380072
0.364286
0.323578
0.060676
0.253593
0.162181
0.273242
0.265148
0.519621
0.651422
0.029906
0.408668
0.328572
0.347431
0.410564
0.268698
0.325065
0.426650
0.039075
0.100518
0.396671
0.170937
0.324385
0.389655
0.209981
0.004489
0.353507
0.065449
0.005304
0.192622
0.198991
0.309577
0.241509
0.246479
0.323841
0.209198
0.082446
0.333289
0.454803
0.065679
0.099636
0.119817
0.119593
0.035707
0.487231
0.267143
0.038630
0.031265
0.141246
0.182034
0.364423
0.296689
0.152945
0.151098
0.008822
0.122558
0.031472
0.417156
0.147471
0.351675
0.290146
0.133978
0.132415
0.065113
0.132305
0.167973
0.693291
0.034183
0.347644
0.270109
0.149784
0.287884
0.361374
0.397811
0.109603
0.126324
0.187285
0.123656
0.373383
0.360404
0.325600
0.286068
0.090267
0.308845
0.096744
0.354960
0.157017
0.224712
0.235096
0.208812
0.514175
0.072056
0.239769
0.358793
0.106268
0.093627
0.122303
0.388347
0.377464
0.148130
0.380604
0.086529
0.037558
0.008429
0.125921
0.015852
0.211221
0.129534
0.366523
0.109832
0.405791
0.143116
0.025267
0.192371
0.308337
0.194692
0.132760
0.011205
0.321338
0.270547
0.207333
0.436045
0.295975
0.044963
0.242360
0.195165
0.239747
0.168059
0.292532
0.154761
0.042616
0.384495
0.711513
0.080963
0.057973
0.083839
0.330905
0.225246
0.362695
0.507730
0.242184
0.199903
0.024142
0.258990
0.212898
0.009932
0.225636
0.264324
0.568496
0.011444
0.025141
0.093634
0.629715
0.513896
0.156285
0.376929
0.022005
0.173630
0.147062
0.129758
0.146389
0.306421
0.039126
0.280714
0.249251
0.490202
0.292318
0.611387
0.194188
0.135685
0.218833
0.280865
0.309879
0.296854
0.075739
0.366016
0.308956
0.227730
0.211288
0.080539
0.362217
0.378755
0.447795
0.062024
0.307034
0.323003
0.278753
0.253010
0.469731
0.589192
0.080293
0.380189
0.182022
0.400767
0.322915
0.233798
0.445187
0.355410
0.071051
0.063584
0.367117
0.005474
0.328617
0.384539
0.167536
0.035733
0.380625
0.064502
0.104408
0.104092
0.123855
0.482509
0.261726
0.243519
0.324913
0.176250
0.224031
0.195405
0.348060
0.095595
0.061937
0.047802
0.154832
0.107279
0.476779
0.286728
0.089147
0.031925
0.116714
0.246599
0.351400
0.188325
0.235070
0.211891
0.091063
0.098762
0.023585
0.448107
0.241722
0.362951
0.460088
0.142860
0.051588
0.089424
0.131925
0.189773
0.630507
0.081435
0.357403
0.242274
0.270283
0.298674
0.350004
0.360804
0.093628
0.109506
0.123546
0.170060
0.396212
0.487389
0.221999
0.353503
0.095699
0.296362
0.122201
0.198103
0.155541
0.207824
0.191149
0.428978
0.342671
0.081114
0.261204
0.182948
0.232309
0.125890
0.177282
0.342353
0.289581
0.145372
0.348770
0.009882
0.109624
0.095042
0.035309
0.066728
0.425503
0.360643
0.412477
0.139043
0.329418
0.036158
0.084736
0.254956
0.320777
0.181860
0.075617
0.039235
0.279319
0.285125
0.171964
0.314871
0.311806
0.224246
0.359463
0.188261
0.316358
0.280186
0.452053
0.241143
0.055138
0.368268
0.653759
0.103595
0.035128
0.028522
0.252747
0.284442
0.420527
0.491974
0.258035
0.341396
0.061291
0.364631
0.336914
0.002485
0.229768
0.246047
0.363924
0.053510
0.118828
0.231001
0.546822
0.485278
0.175748
0.458833
0.121262
0.221556
0.032487
0.012890
0.249123
0.375006
0.031559
0.341559
0.165460
0.531061
0.238857
0.549927
0.303445
0.228561
0.236809
0.312833
0.207878
0.343225
0.003999
0.314354
0.310532
0.200385
0.317147
0.191089
0.358909
0.327617
0.529758
0.100256
0.336968
0.415565
0.209367
0.267953
0.379004
0.449816
0.217017
0.333255
0.004695
0.330355
0.232484
0.137114
0.511767
0.302428
0.099940
0.044342
0.305174
0.105577
0.354575
0.365377
0.138396
0.094865
0.328441
0.024229
0.202908
0.002016
0.057947
0.539794
0.187679
0.234575
0.285803
0.116324
0.396861
0.099095
0.160242
0.061141
0.084613
0.003473
0.171575
0.234802
0.467412
0.266667
0.146785
0.096201
0.095250
0.276666
0.378778
0.114131
0.328101
0.288869
0.116492
0.331435
0.041783
0.381588
0.223866
0.407233
0.640736
0.134596
0.085397
0.173875
0.167247
0.194318
0.490811
0.180023
0.340908
0.279115
0.344697
0.384036
0.359127
0.282990
0.010562
0.139814
0.057983
0.179117
0.365909
0.574869
0.028512
0.394326
0.173101
0.169139
0.156955
0.066298
0.119509
0.140903
0.180306
0.537104
0.140473
0.103980
0.337046
0.001749
0.396014
0.197283
0.227464
0.218250
0.151830
0.184383
0.307430
0.065131
0.244252
0.182277
0.049375
0.142778
0.590321
0.561541
0.374407
0.073822
0.189481
0.269679
0.170188
0.296157
0.238462
0.169672
0.064019
0.126830
0.279182
0.263510
0.112799
0.091479
0.362241
0.398410
0.438963
0.099944
0.418504
0.377266
0.513316
0.332441
0.130708
0.301581
0.591191
0.070160
0.161398
0.092822
0.120321
0.283302
0.350476
0.416459
0.263828
0.424825
0.087773
0.382100
0.421860
0.028770
0.131368
0.185127
0.122263
0.075625
0.131130
0.381248
0.365117
0.327092
0.121226
0.518150
0.279416
0.332291
0.074744
0.135334
0.346394
0.407754
0.118489
0.392849
0.082532
0.445339
0.184142
0.420215
0.343514
0.292157
0.290558
0.289473
0.049531
0.373798
0.145121
0.196958
0.280563
0.213052
0.373144
0.264797
0.353419
0.197571
0.567057
0.110534
0.418295
0.582399
0.071907
0.291246
0.264976
0.335175
0.307450
0.225461
0.121777
0.229824
0.135982
0.063551
0.575776
0.345146
0.092994
0.067951
0.313953
0.261524
0.260209
0.282403
0.084371
0.113287
0.230958
0.010732
0.242848
0.111761
0.051243
0.469327
0.067403
0.220259
0.291305
0.000220
0.501235
0.024721
0.071074
0.095933
0.139548
0.035738
0.071516
0.379455
0.425806
0.214575
0.279101
0.302599
0.100354
0.271089
0.411322
0.008051
0.353145
0.377355
0.025413
0.447449
0.107733
0.319075
0.236911
0.405313
0.653624
0.151493
0.190884
0.203820
0.266413
0.205429
0.390268
0.265419
0.301934
0.307307
0.387565
0.437964
0.405625
0.184521
0.086064
0.113471
0.093636
0.133935
0.278681
0.569402
0.203980
0.395066
0.196421
0.062524
0.204491
0.008622
0.114649
0.101515
0.199562
0.586884
0.000412
0.118141
0.333988
0.202408
0.453173
0.235593
0.277819
0.088395
0.065843
0.238902
0.230909
0.073329
0.354920
0.294212
0.159214
0.086566
0.678219
0.698051
0.288558
0.041834
0.097526
0.431246
0.224976
0.396936
0.169573
0.167315
0.203033
0.273745
0.251905
0.168463
0.106876
0.110876
0.277980
0.482639
0.561494
0.035920
0.506705
0.358821
0.573246
0.373440
0.162056
0.278196
0.418440
0.004131
0.315951
0.147449
0.042969
0.316559
0.194399
0.303777
0.186927
0.390697
0.085949
0.406982
0.412406
0.035501
0.005313
0.084105
0.075617
0.047461
0.119906
0.495062
0.173023
0.122930
0.036740
0.519584
0.406343
0.378918
0.111328
0.257142
0.428916
0.437646
0.185051
0.455520
0.054481
0.369411
0.104692
0.276030
0.353460
0.304145
0.359272
0.168093
0.081356
0.415438
0.295809
0.131582
0.257477
0.213534
0.379045
0.380633
0.317015
0.050214
0.538536
0.155545
0.444799
0.613516
0.001421
0.315206
0.161437
0.180446
0.367483
0.216984
0.086709
0.138857
0.079116
0.034658
0.568065
0.337623
0.096132
0.132763
0.305814
0.389088
0.156007
0.194904
0.030535
0.058227
0.071586
0.065380
0.228516
0.236812
0.019601
0.334664
0.024686
0.238741
0.235045
0.184591
0.600092
0.023223
0.007586
0.153782
0.249318
0.039542
0.117886
0.518944
0.372301
0.146554
0.365599
0.409735
0.141176
0.290391
0.401096
0.135417
0.367582
0.476996
0.064527
0.494316
0.226613
0.268937
0.238620
0.411288
0.549146
0.251545
0.346828
0.246913
0.457882
0.196689
0.288711
0.341478
0.246682
0.365278
0.418115
0.494931
0.424259
0.049411
0.178818
0.147876
0.134511
0.053490
0.174621
0.517140
0.425015
0.335509
0.265051
0.084316
0.203182
0.002530
0.089669
0.071976
0.204328
0.560331
0.039151
0.176971
0.344054
0.340078
0.383907
0.231196
0.264656
0.004667
0.088082
0.224029
0.200886
0.021544
0.334272
0.461352
0.139360
0.079411
0.570737
0.687380
0.199654
0.072973
0.011287
0.550338
0.329872
0.443387
0.154100
0.149375
0.362810
0.434484
0.125183
0.029381
0.212426
0.329047
0.189692
0.508943
0.618642
0.161092
0.528804
0.435417
0.555396
0.375203
0.176576
0.292903
0.219299
0.049773
0.448935
0.209382
0.173741
0.352322
0.077320
0.181973
0.198850
0.359200
0.084834
0.370799
0.414671
0.061732
0.170720
0.004398
0.224029
0.073140
0.109261
0.534508
0.013284
0.080762
0.008208
0.460247
0.511479
0.310661
0.151845
0.276469
0.489198
0.432064
0.303409
0.417479
0.054111
0.312930
0.080596
0.139638
0.358111
0.245568
0.387600
0.035470
0.105253
0.398030
0.361083
0.116892
0.233017
0.241033
0.347308
0.436529
0.185778
0.125267
0.441406
0.108892
0.373996
0.620087
0.098070
0.312070
0.079888
0.025544
0.300293
0.171724
0.008786
0.052590
0.049689
0.075718
0.495121
0.296609
0.089799
0.200150
0.312151
0.502338
0.007031
0.014926
0.001637
0.037422
0.043459
0.116429
0.146668
0.368332
0.039447
0.170659
0.073004
0.223335
0.223565
0.347327
0.632757
0.102509
0.059939
0.270609
0.401722
0.063735
0.311776
0.651662
0.310842
0.073520
0.423364
0.498881
0.222200
0.257757
0.362660
0.249709
0.332008
0.524070
0.210206
0.432087
0.371738
0.226279
0.245336
0.404208
0.398635
0.276883
0.461010
0.279991
0.594104
0.242540
0.207749
0.387870
0.226732
0.396943
0.436687
0.527119
0.434707
0.008536
0.212237
0.229477
0.290128
0.091261
0.101220
0.479641
0.623130
0.306374
0.315825
0.162764
0.269810
0.044786
0.066871
0.135454
0.240385
0.439641
0.020429
0.350205
0.325387
0.371050
0.244679
0.253498
0.259594
0.037489
0.113880
0.214518
0.160586
0.088880
0.226771
0.540458
0.127980
0.000845
0.492485
0.561380
0.192182
0.157055
0.002990
0.566219
0.351336
0.410927
0.112243
0.166295
0.411854
0.518179
0.024095
0.170788
0.287426
0.498947
0.092584
0.380450
0.560654
0.307448
0.501418
0.382726
0.464462
0.381386
0.154686
0.298355
0.018127
0.130593
0.478379
0.230111
0.227201
0.419903
0.076934
0.090651
0.176644
0.252707
0.065091
0.343548
0.398520
0.001243
0.260365
0.168302
0.209828
0.163233
0.066882
0.492071
0.124714
0.248703
0.076099
0.374531
0.456916
0.231251
0.178903
0.285875
0.523116
0.385094
0.425677
0.364707
0.105812
0.222091
0.030558
0.036866
0.316728
0.184245
0.407382
0.093699
0.077560
0.408662
0.441672
0.177497
0.293868
0.345042
0.298015
0.491707
0.111900
0.285168
0.371328
0.037360
0.273191
0.461867
0.194401
0.250337
0.108575
0.034460
0.214018
0.224560
0.204279
0.046233
0.087527
0.084844
0.376857
0.205277
0.027461
0.234118
0.336133
0.510016
0.144694
0.133554
0.022659
0.020643
0.186700
0.127928
0.033601
0.349515
0.125069
0.013555
0.095617
0.214472
0.194915
0.475083
0.628178
0.236026
0.076660
0.330720
0.530683
0.267682
0.420590
0.636820
0.289522
0.009662
0.391997
0.522664
0.304992
0.172639
0.341563
0.282413
0.320669
0.494163
0.315423
0.295803
0.501030
0.175736
0.206504
0.347729
0.303434
0.289086
0.551675
0.346558
0.591196
0.262653
0.185029
0.414595
0.221131
0.359277
0.401827
0.566268
0.393497
0.106706
0.244473
0.346480
0.386664
0.246688
0.040446
0.426641
0.717067
0.241028
0.348888
0.262326
0.352108
0.094869
0.015330
0.174441
0.216558
0.213829
0.070444
0.451502
0.347410
0.295627
0.147731
0.257554
0.190554
0.095842
0.153859
0.191911
0.166481
0.210954
0.052064
0.501477
0.000776
0.049596
0.302974
0.459321
0.245220
0.223167
0.016726
0.503289
0.409032
0.298312
0.184888
0.154695
0.470962
0.517987
0.108038
0.298122
0.406356
0.556611
0.065206
0.226995
0.443654
0.397590
0.459128
0.377881
0.292775
0.338921
0.126082
0.301145
0.102397
0.158466
0.471320
0.184974
0.178858
0.454698
0.224842
0.078373
0.235204
0.161328
0.025593
0.314588
0.293597
0.020956
0.382314
0.249950
0.129396
0.284062
0.084679
0.414957
0.209809
0.326284
0.073852
0.294155
0.361900
0.169471
0.227492
0.195315
0.519671
0.277742
0.500253
0.261376
0.170061
0.128287
0.021107
0.042029
0.271411
0.074773
0.385785
0.230485
0.002543
0.378889
0.423454
0.267498
0.342203
0.446061
0.191689
0.405282
0.072412
0.365286
0.287345
0.046384
0.165251
0.304006
0.241638
0.139396
0.145678
0.010622
0.102433
0.226242
0.376938
0.087745
0.104351
0.050921
0.297774
0.124594
0.049332
0.238900
0.326105
0.478877
0.273660
0.241338
0.052099
0.064522
0.230311
0.148987
0.060370
0.312901
0.118875
0.148300
0.068158
0.200791
0.172129
0.513879
0.571408
0.347399
0.033819
0.382090
0.629438
0.463975
0.480317
0.559654
0.271269
0.035474
0.376850
0.613822
0.357838
0.054625
0.321673
0.267113
0.306258
0.368399
0.489892
0.089426
0.552916
0.125446
0.265556
0.280058
0.249716
0.220660
0.584901
0.353018
0.478726
0.311242
0.186138
0.415088
0.221911
0.232433
0.313321
0.434614
0.319727
0.057357
0.237619
0.417786
0.483016
0.387425
0.020948
0.345123
0.697430
0.150119
0.374594
0.335480
0.444589
0.137128
0.027485
0.238907
0.163639
0.035495
0.136948
0.470006
0.289001
0.169844
0.031061
0.279182
0.128819
0.262957
0.086619
0.105047
0.186674
0.341149
0.111961
0.385847
0.098088
0.144866
0.047720
0.337261
0.342025
0.295784
0.091886
0.395068
0.407732
0.179341
0.282762
0.097480
0.496121
0.454990
0.169926
0.354819
0.459589
0.430152
0.015425
0.101834
0.307647
0.396334
0.413846
0.374569
0.199269
0.305048
0.028980
0.319619
0.178959
0.157422
0.474543
0.128464
0.030276
0.523992
0.327358
0.062165
0.275438
0.086659
0.050226
0.300940
0.203158
0.055190
0.506949
0.312570
0.013051
0.401280
0.121950
0.394348
0.194124
0.297969
0.060992
0.227196
0.203439
0.089305
0.243659
0.053062
0.410431
0.162460
0.484884
0.173139
0.202076
0.080325
0.012990
0.119977
0.244950
0.042998
0.370983
0.342119
0.094562
0.358313
0.284602
0.309713
0.379962
0.462455
0.062106
0.285884
0.032334
0.316006
0.221777
0.107968
0.088534
0.118744
0.261208
0.013085
0.221508
0.013652
0.013573
0.277709
0.497830
0.105960
0.131632
0.035178
0.210158
0.098804
0.113589
0.261923
0.276355
0.333014
0.299558
0.272879
0.069112
0.129520
0.251589
0.145379
0.149085
0.253755
0.137184
0.305962
0.052693
0.201626
0.136586
0.472330
0.464162
0.465664
0.130487
0.329353
0.641679
0.512714
0.441156
0.404344
0.242597
0.056728
0.258435
0.507091
0.356282
0.053644
0.297575
0.238073
0.292088
0.197116
0.523730
0.090694
0.526400
0.104207
0.264438
0.205721
0.219151
0.185555
0.545830
0.359181
0.318938
0.385248
0.215714
0.364607
0.253940
0.124353
0.148177
0.237902
0.259923
0.030878
0.211478
0.555686
0.521720
0.436285
0.017797
0.240618
0.669721
0.092986
0.349359
0.341125
0.538760
0.186995
0.022690
0.250340
0.112694
0.133394
0.226230
0.387876
0.253266
0.001200
0.040839
0.326653
0.073957
0.383634
0.019911
0.046633
0.212788
0.492227
0.216088
0.317169
0.242230
0.202093
0.211025
0.186379
0.421061
0.241680
0.204929
0.281328
0.393426
0.031420
0.401716
0.054171
0.518456
0.291669
0.107096
0.342504
0.483999
0.261830
0.026576
0.037691
0.189834
0.372088
0.381159
0.429978
0.120188
0.214592
0.051220
0.302297
0.186769
0.090034
0.424371
0.074613
0.124227
0.512085
0.325809
0.049713
0.346994
0.078991
0.108962
0.244216
0.142241
0.082291
0.562833
0.249416
0.123525
0.530705
0.128708
0.330026
0.136972
0.202972
0.066415
0.217369
0.088748
0.038639
0.139031
0.120826
0.262228
0.068776
0.366260
0.034775
0.276731
0.099826
0.015439
0.123264
0.218403
0.121067
0.352285
0.353823
0.196339
0.317172
0.060766
0.208213
0.355827
0.407065
0.111811
0.098177
0.024221
0.248205
0.145285
0.134233
0.154341
0.070871
0.223880
0.030455
0.229560
0.034186
0.156077
0.298977
0.496729
0.064053
0.154383
0.041168
0.173060
0.164220
0.239265
0.273852
0.213086
0.166357
0.262994
0.310293
0.091813
0.144056
0.242607
0.127778
0.205179
0.158328
0.081765
0.369814
0.044076
0.183300
0.185931
0.318172
0.308621
0.520985
0.187281
0.276343
0.606209
0.626460
0.322411
0.267747
0.214869
0.107161
0.166030
0.443613
0.342672
0.106446
0.342580
0.194271
0.302492
0.068429
0.499687
0.288894
0.460587
0.142760
0.169331
0.158101
0.179220
0.088582
0.403098
0.378361
0.152365
0.509838
0.257486
0.287399
0.303472
0.064661
0.047372
0.050017
0.227576
0.201483
0.136137
0.573331
0.540016
0.428837
0.009671
0.163746
0.587816
0.068418
0.331683
0.324774
0.513087
0.169455
0.044593
0.301501
0.080383
0.240657
0.281346
0.306236
0.137210
0.205723
0.070817
0.371476
0.120649
0.423268
0.233443
0.160336
0.204979
0.593526
0.267369
0.285553
0.323306
0.303369
0.372164
0.065477
0.418154
0.157985
0.278793
0.166885
0.331502
0.127081
0.424626
0.004314
0.483984
0.104882
0.013368
0.283835
0.499582
0.040797
0.083376
0.015608
0.058703
0.289971
0.305445
0.381858
0.099795
0.137053
0.183358
0.283114
0.118709
0.055982
0.345978
0.030631
0.288097
0.473196
0.322349
0.071572
0.381937
0.046608
0.158315
0.167436
0.096848
0.144904
0.542336
0.172719
0.266759
0.618257
0.085445
0.305880
0.031350
0.092440
0.092402
0.136817
0.004751
0.011705
0.056255
0.255461
0.153537
0.019138
0.227796
0.018558
0.343209
0.201665
0.033157
0.068265
0.183143
0.040341
0.315324
0.329372
0.282743
0.302258
0.142008
0.047563
0.330721
0.314026
0.225615
0.008496
0.041592
0.152729
0.111791
0.100048
0.218068
0.067628
0.127925
0.083828
0.287028
0.065942
0.236777
0.401946
0.422703
0.040608
0.224081
0.075892
0.112745
0.244564
0.281532
0.265264
0.196828
0.044452
0.160931
0.350841
0.127196
0.153837
0.205248
0.024423
0.227670
0.022925
0.053208
0.402780
0.074733
0.174808
0.209938
0.177242
0.200752
0.482593
0.222651
0.189639
0.434833
0.704673
0.128943
0.088495
0.218593
0.146105
0.054866
0.327657
0.336749
0.066007
0.432888
0.199365
0.348974
0.008813
0.466384
0.413875
0.406338
0.218141
0.052911
0.157786
0.100388
0.080543
0.271453
0.356842
0.003480
0.527207
0.303137
0.198479
0.378013
0.053203
0.030586
0.068671
0.266020
0.264761
0.016297
0.484350
0.492573
0.322980
0.088911
0.097965
0.434553
0.072886
0.348696
0.284306
0.377932
0.153456
0.107190
0.317326
0.107826
0.322616
0.363784
0.175608
0.090058
0.345864
0.023136
0.399084
0.183526
0.413648
0.404821
0.152547
0.210781
0.584942
0.237132
0.237303
0.404144
0.381585
0.430019
0.016736
0.334432
0.048330
0.318979
0.089638
0.356129
0.193195
0.479553
0.050760
0.480890
0.016523
0.154710
0.149915
0.517705
0.192271
0.270433
0.045898
0.065142
0.203427
0.222459
0.330544
0.049512
0.081734
0.281821
0.258547
0.016212
0.039959
0.224625
0.043037
0.363550
0.342601
0.281550
0.141208
0.423275
0.037837
0.135286
0.131379
0.082570
0.165175
0.466036
0.040380
0.357456
0.653718
0.054673
0.239938
0.024089
0.059823
0.076076
0.044665
0.001721
0.029861
0.282425
0.389583
0.129892
0.009362
0.035455
0.025849
0.442303
0.356273
0.033992
0.089826
0.157762
0.080773
0.263367
0.218193
0.361977
0.244539
0.332182
0.093182
0.290608
0.249506
0.306682
0.050345
0.013428
0.071826
0.107265
0.023940
0.287194
0.164746
0.032844
0.024363
0.288689
0.157011
0.270570
0.428019
0.355742
0.005803
0.254238
0.138905
0.120718
0.330403
0.320994
0.290133
0.223059
0.169178
0.072182
0.372423
0.099142
0.131232
0.140295
0.082810
0.149191
0.080112
0.027793
0.381929
0.038512
0.142121
0.249200
0.031983
0.081444
0.313633
0.232901
0.088420
0.253681
0.606777
0.055004
0.035832
0.213239
0.206504
0.097375
0.287278
0.378707
0.015680
0.411070
0.205481
0.435496
0.015214
0.426149
0.461629
0.373407
0.318376
0.004663
0.166643
0.035531
0.040869
0.130449
0.321036
0.141200
0.505906
0.299605
0.095903
0.437928
0.075979
0.042552
0.192029
0.339962
0.354483
0.103051
0.324853
0.420136
0.189241
0.240079
0.110884
0.252903
0.041036
0.397817
0.233762
0.194610
0.139718
0.121757
0.371802
0.167267
0.301398
0.384940
0.057756
0.020222
0.393270
0.038014
0.330486
0.266503
0.313298
0.503703
0.133861
0.270653
0.480295
0.181817
0.196490
0.469375
0.449287
0.340841
0.035510
0.240322
0.069042
0.351523
0.114529
0.379421
0.168314
0.464547
0.070533
0.398177
0.084944
0.288751
0.041185
0.464337
0.396700
0.378096
0.114688
0.163003
0.083649
0.121158
0.347691
0.058823
0.066296
0.358559
0.221765
0.181190
0.013690
0.176033
0.067812
0.441095
0.243905
0.155459
0.224689
0.427729
0.074392
0.057159
0.101184
0.149647
0.185837
0.411773
0.027218
0.416309
0.626361
0.003914
0.204318
0.136357
0.236736
0.026423
0.080557
0.050512
0.155641
0.486323
0.469113
0.165663
0.060720
0.120228
0.039760
0.473790
0.476464
0.037646
0.260989
0.135667
0.230311
0.215293
0.102951
0.438176
0.209824
0.455838
0.094010
0.226397
0.157106
0.263052
0.014882
0.092039
0.042056
0.106079
0.055280
0.317970
0.166161
0.161470
0.012680
0.325121
0.213060
0.218638
0.517689
0.243307
0.024891
0.310443
0.116261
0.079387
0.331547
0.324477
0.335177
0.297564
0.313178
0.080316
0.331089
0.003480
0.062936
0.007492
0.196621
0.077868
0.165873
0.045189
0.322490
0.028007
0.146816
0.273465
0.106155
0.054736
0.142981
0.130341
0.050386
0.083919
0.320087
0.265305
0.149441
0.225337
0.247341
0.146505
0.171900
0.426661
0.110213
0.360402
0.166300
0.509630
0.018439
0.266240
0.360705
0.440071
0.395249
0.135489
0.223565
0.007371
0.000254
0.055145
0.258003
0.246159
0.407273
0.267020
0.026184
0.462689
0.150541
0.079330
0.200612
0.393657
0.399759
0.189554
0.271868
0.344486
0.021594
0.411086
0.126297
0.055431
0.086601
0.391926
0.134697
0.069011
0.172427
0.115710
0.349479
0.233955
0.259639
0.415123
0.058554
0.051240
0.397146
0.176959
0.228297
0.292301
0.189783
0.505517
0.072542
0.331951
0.317321
0.096648
0.190996
0.470857
0.503386
0.191563
0.054202
0.149407
0.189579
0.391389
0.165737
0.429344
0.091892
0.425779
0.017316
0.236359
0.147952
0.403147
0.186743
0.336820
0.421271
0.535115
0.230008
0.181225
0.016931
0.019224
0.338162
0.053922
0.085792
0.291415
0.182233
0.399171
0.005333
0.130810
0.079211
0.499317
0.151931
0.022426
0.367161
0.410303
0.218297
0.070351
0.123802
0.260125
0.207857
0.343337
0.081831
0.396688
0.514621
0.061499
0.222110
0.185616
0.406185
0.046613
0.133206
0.117501
0.208712
0.593533
0.448917
0.213059
0.180992
0.250445
0.110194
0.467831
0.509300
0.001089
0.420834
0.114034
0.324343
0.160479
0.023388
0.487948
0.118528
0.481778
0.065686
0.193391
0.093859
0.180271
0.157850
0.194907
0.154683
0.145308
0.105661
0.353813
0.241591
0.278775
0.132447
0.357402
0.224631
0.153375
0.548612
0.099609
0.019638
0.407673
0.098680
0.061572
0.373780
0.273982
0.336158
0.423226
0.325030
0.143090
0.286800
0.114132
0.037054
0.132699
0.289800
0.058163
0.249515
0.032582
0.219185
0.047241
0.157433
0.230379
0.213839
0.014979
0.036238
0.031056
0.033076
0.036843
0.013711
0.409078
0.096574
0.187428
0.336173
0.299567
0.061856
0.412472
0.196118
0.238647
0.121293
0.493091
0.073528
0.111160
0.241946
0.383121
0.406766
0.226018
0.229798
0.015593
0.039174
0.029023
0.143372
0.289799
0.296946
0.112443
0.078255
0.451696
0.160452
0.174523
0.120120
0.381996
0.382886
0.192468
0.202705
0.274529
0.143332
0.543213
0.193588
0.096505
0.158261
0.323901
0.016681
0.021529
0.112544
0.061179
0.342992
0.337280
0.195395
0.334220
0.066400
0.060803
0.305622
0.270357
0.150128
0.336696
0.098050
0.514670
0.029556
0.438119
0.141294
0.019887
0.235957
0.488594
0.527620
0.055957
0.180611
0.118582
0.205311
0.408619
0.285359
0.445585
0.055497
0.327127
0.038113
0.094329
0.163360
0.491369
0.321015
0.193424
0.378366
0.587240
0.346063
0.149899
0.162876
0.079786
0.270417
0.183047
0.108042
0.213714
0.158454
0.494386
0.061686
0.177427
0.054364
0.530285
0.163491
0.221696
0.502839
0.381779
0.295370
0.188488
0.136171
0.276396
0.148431
0.307720
0.092098
0.310123
0.383810
0.107907
0.268722
0.290379
0.575922
0.100538
0.074243
0.269162
0.295298
0.665522
0.338401
0.230104
0.347324
0.277697
0.236006
0.392696
0.473163
0.012946
0.543059
0.120519
0.385457
0.203957
0.084635
0.547301
0.126781
0.389663
0.074403
0.227998
0.075487
0.115591
0.315241
0.275560
0.236224
0.177188
0.210435
0.334622
0.176328
0.384016
0.239824
0.351425
0.251843
0.092840
0.491440
0.042726
0.026296
0.488104
0.149786
0.053177
0.310889
0.167079
0.337822
0.459948
0.413188
0.257224
0.151209
0.237905
0.123689
0.278932
0.259241
0.014236
0.265363
0.037388
0.033085
0.075804
0.200975
0.196295
0.307843
0.034418
0.060019
0.031860
0.025722
0.055615
0.198344
0.554848
0.031208
0.211466
0.278272
0.340413
0.033764
0.410419
0.291790
0.149782
0.036729
0.445192
0.161453
0.018738
0.036044
0.365363
0.329846
0.262261
0.234410
0.077546
0.060121
0.101597
0.109215
0.215870
0.165448
0.030251
0.078979
0.341218
0.207815
0.225365
0.014276
0.281618
0.309661
0.073030
0.186865
0.180138
0.251979
0.700012
0.215153
0.216477
0.287038
0.310080
0.098732
0.053683
0.159331
0.005680
0.298143
0.373124
0.082548
0.326317
0.030806
0.137328
0.200014
0.411785
0.030786
0.325490
0.092652
0.392307
0.036493
0.479366
0.003199
0.222733
0.242169
0.489947
0.434497
0.035006
0.299547
0.085211
0.156068
0.368955
0.376415
0.435726
0.217967
0.304141
0.090648
0.051555
0.155328
0.575581
0.386391
0.047415
0.282092
0.543993
0.457692
0.092840
0.304774
0.095993
0.264563
0.244551
0.174329
0.009837
0.184125
0.537671
0.054974
0.221891
0.038849
0.515618
0.147287
0.346274
0.622647
0.339600
0.414127
0.219291
0.183631
0.292605
0.100098
0.226532
0.045172
0.302876
0.207711
0.181828
0.341982
0.337311
0.649985
0.170159
0.011864
0.509451
0.334840
0.657122
0.226744
0.257905
0.451072
0.272666
0.258245
0.334838
0.298271
0.029813
0.572493
0.129761
0.290341
0.286721
0.122285
0.525212
0.124912
0.272846
0.241324
0.267402
0.110617
0.076165
0.398728
0.325736
0.306123
0.259144
0.254581
0.283381
0.254804
0.480967
0.417940
0.349249
0.264480
0.050852
0.318893
0.008923
0.028428
0.558659
0.215565
0.108892
0.299836
0.060053
0.346459
0.513391
0.373877
0.291499
0.017254
0.327353
0.137902
0.343690
0.205922
0.069828
0.217550
0.023838
0.134748
0.083986
0.221406
0.236113
0.396167
0.080754
0.232246
0.103227
0.040926
0.023849
0.270708
0.489622
0.077542
0.216784
0.189910
0.348191
0.000106
0.373409
0.334199
0.080406
0.064326
0.332316
0.266801
0.046064
0.133404
0.290393
0.202816
0.207238
0.218107
0.142609
0.185325
0.192944
0.155534
0.082017
0.107734
0.004803
0.041091
0.239956
0.298633
0.215423
0.169470
0.194879
0.286791
0.037435
0.179096
0.075799
0.292126
0.742465
0.275269
0.247201
0.369045
0.300234
0.212812
0.085989
0.254117
0.038452
0.322707
0.398449
0.039075
0.244417
0.098629
0.169522
0.086425
0.474184
0.048626
0.358204
0.165312
0.282992
0.058414
0.447075
0.124544
0.372357
0.287608
0.434419
0.379134
0.118850
0.377906
0.056026
0.070613
0.362954
0.428211
0.387035
0.399701
0.262473
0.117939
0.179997
0.101391
0.651322
0.314716
0.073428
0.180052
0.396637
0.451638
0.044836
0.376004
0.037237
0.295128
0.318501
0.284382
0.220314
0.234527
0.463785
0.052554
0.294002
0.208821
0.520143
0.132061
0.351287
0.610563
0.233546
0.482564
0.150383
0.185766
0.346973
0.090226
0.176395
0.064623
0.341937
0.010049
0.251853
0.386851
0.362345
0.576798
0.199696
0.113464
0.669561
0.337461
0.608263
0.081208
0.263248
0.530686
0.203536
0.306552
0.350619
0.097734
0.011836
0.504273
0.155515
0.139368
0.379137
0.138588
0.415615
0.190134
0.134667
0.415431
0.318146
0.136404
0.014068
0.415402
0.370866
0.293171
0.296751
0.286692
0.245044
0.270333
0.516183
0.512662
0.379507
0.257495
0.037376
0.156791
0.047735
0.058577
0.595706
0.279299
0.140335
0.196969
0.021576
0.338540
0.484045
0.345900
0.266249
0.116056
0.391121
0.123000
0.256437
0.157654
0.060628
0.172723
0.045360
0.250524
0.089621
0.301935
0.256304
0.355257
0.154778
0.390894
0.164940
0.117616
0.135932
0.276882
0.352788
0.236222
0.215370
0.121806
0.344752
0.007240
0.353888
0.451390
0.006552
0.122586
0.156492
0.375164
0.038086
0.231072
0.281353
0.150139
0.106379
0.165626
0.186293
0.218657
0.317491
0.165362
0.028011
0.119163
0.009498
0.009614
0.118634
0.348801
0.191154
0.374387
0.091618
0.179216
0.084301
0.177549
0.044226
0.279538
0.637130
0.228027
0.287485
0.390403
0.235456
0.351693
0.114087
0.335378
0.051673
0.237767
0.334952
0.109105
0.128725
0.236054
0.222137
0.009372
0.532549
0.081127
0.305660
0.289647
0.171055
0.026410
0.452725
0.206962
0.449108
0.295203
0.459837
0.282529
0.091590
0.483519
0.051914
0.027803
0.299364
0.529427
0.396846
0.456564
0.297896
0.148185
0.174517
0.036270
0.619673
0.245749
0.033570
0.078736
0.281919
0.508489
0.106456
0.319408
0.011934
0.351867
0.376138
0.368966
0.383853
0.339106
0.322005
0.085466
0.360516
0.267303
0.407427
0.197116
0.308241
0.496237
0.177478
0.422552
0.121230
0.233709
0.332280
0.064679
0.120356
0.059430
0.369398
0.037458
0.212535
0.339020
0.454906
0.512226
0.267289
0.263255
0.799929
0.318997
0.484812
0.038179
0.252167
0.580852
0.111427
0.404816
0.393167
0.055123
0.071284
0.394876
0.269309
0.032328
0.398754
0.086587
0.371238
0.224067
0.062174
0.602582
0.335022
0.183161
0.019804
0.330099
0.428228
0.188391
0.267212
0.264916
0.223255
0.328791
0.465543
0.592053
0.310736
0.290072
0.101836
0.070837
0.119256
0.102238
0.550340
0.320467
0.209023
0.073999
0.056309
0.302907
0.429497
0.273509
0.220070
0.195095
0.390834
0.133626
0.104979
0.063830
0.096504
0.069696
0.019498
0.284537
0.045874
0.371930
0.327120
0.261333
0.232747
0.483248
0.227595
0.262763
0.289184
0.185531
0.193043
0.305504
0.192289
0.057203
0.304198
0.124961
0.368652
0.468874
0.006726
0.197797
0.030004
0.391194
0.118471
0.277174
0.232811
0.078999
0.033614
0.112088
0.258569
0.249729
0.324880
0.192578
0.196937
0.183570
0.059752
0.001874
0.075830
0.332391
0.107742
0.522910
0.054372
0.116168
0.134143
0.092427
0.090440
0.172504
0.509552
0.187816
0.224579
0.317957
0.208215
0.328694
0.123865
0.369626
0.038528
0.192327
0.286913
0.191178
0.018525
0.367856
0.211729
0.055120
0.535222
0.014967
0.326128
0.368000
0.108657
0.037679
0.366032
0.238995
0.447699
0.258422
0.449302
0.233308
0.070070
0.476358
0.081394
0.091102
0.237480
0.528463
0.362026
0.503740
0.326030
0.191914
0.142998
0.223199
0.505948
0.173392
0.014616
0.040162
0.162049
0.447924
0.260451
0.199793
0.083789
0.318371
0.422737
0.419229
0.528803
0.436260
0.106327
0.046785
0.413623
0.349001
0.331792
0.272551
0.146317
0.356761
0.103020
0.257620
0.008948
0.272279
0.289649
0.081379
0.091652
0.079426
0.346021
0.042729
0.170442
0.308379
0.522929
0.341875
0.306325
0.414902
0.766589
0.301801
0.259697
0.178297
0.208320
0.566249
0.010201
0.514836
0.420202
0.172129
0.110861
0.242411
0.379847
0.090855
0.381947
0.004093
0.241391
0.314807
0.002936
0.755386
0.312848
0.242051
0.022058
0.296646
0.418074
0.029434
0.243995
0.237057
0.204981
0.267516
0.316384
0.501482
0.263937
0.375418
0.128430
0.143982
0.224375
0.102592
0.471184
0.269901
0.275041
0.037184
0.087118
0.289958
0.332492
0.176477
0.120470
0.240696
0.264775
0.107835
0.023765
0.051809
0.077911
0.000563
0.014689
0.245778
0.014061
0.430495
0.320801
0.117376
0.359965
0.497816
0.215986
0.341126
0.389040
0.052785
0.017579
0.277734
0.224281
0.037113
0.189960
0.232019
0.357187
0.448942
0.063872
0.192210
0.018286
0.312445
0.155225
0.245667
0.233002
0.050556
0.167899
0.077756
0.347704
0.184608
0.351655
0.212104
0.385980
0.193379
0.135876
0.008537
0.077480
0.313379
0.012535
0.540806
0.044047
0.063180
0.127187
0.097277
0.080978
0.096573
0.342252
0.097507
0.130366
0.281995
0.159503
0.286995
0.193733
0.441743
0.004504
0.145155
0.223763
0.223694
0.110609
0.450335
0.293446
0.074534
0.484778
0.132120
0.324257
0.389894
0.006146
0.081983
0.293722
0.201783
0.374709
0.215832
0.428165
0.206292
0.049148
0.369659
0.113732
0.197698
0.158649
0.449617
0.297944
0.580623
0.350963
0.163659
0.053463
0.374718
0.322251
0.069967
0.068706
0.164060
0.116774
0.427991
0.472139
0.045609
0.148692
0.288388
0.377699
0.431286
0.592060
0.491488
0.114172
0.038483
0.386925
0.352159
0.260612
0.312591
0.073470
0.176703
0.053063
0.172629
0.156211
0.313786
0.281569
0.075518
0.008866
0.077209
0.260393
0.009216
0.086551
0.234543
0.529095
0.204398
0.336142
0.592864
0.626268
0.235845
0.041002
0.232831
0.224406
0.499254
0.093511
0.546035
0.461304
0.213236
0.177927
0.104738
0.381674
0.277446
0.361748
0.079396
0.123951
0.347214
0.002630
0.726616
0.266144
0.277868
0.068684
0.252146
0.387932
0.122476
0.251031
0.195931
0.185598
0.269326
0.167779
0.427856
0.215515
0.413581
0.079596
0.156035
0.309725
0.123823
0.321174
0.139194
0.356178
0.032502
0.071846
0.274549
0.248763
0.006179
0.007110
0.249894
0.101527
0.048454
0.141764
0.142046
0.064764
0.023067
0.013015
0.198361
0.036774
0.458938
0.316622
0.030429
0.472749
0.443595
0.193846
0.374207
0.438596
0.153458
0.209275
0.308367
0.227071
0.002602
0.147508
0.340857
0.275780
0.373897
0.177614
0.118765
0.015623
0.206583
0.179817
0.126396
0.188639
0.085892
0.297089
0.114392
0.435611
0.092341
0.389975
0.216893
0.541783
0.218365
0.151596
0.041187
0.101385
0.324276
0.145145
0.498313
0.033020
0.091866
0.110995
0.127680
0.009719
0.018387
0.192817
0.042461
0.050985
0.244576
0.136147
0.158469
0.240830
0.444464
0.022804
0.162689
0.177703
0.234775
0.192035
0.491225
0.305289
0.037053
0.368167
0.255974
0.381683
0.355432
0.043925
0.116722
0.222575
0.068849
0.197797
0.269615
0.434187
0.226767
0.020177
0.241636
0.204239
0.271986
0.125162
0.401157
0.204174
0.534179
0.315756
0.139858
0.134591
0.482613
0.123625
0.067325
0.167338
0.269165
0.079559
0.360858
0.622585
0.041818
0.233028
0.228914
0.334154
0.409639
0.515217
0.501646
0.296443
0.101542
0.356774
0.350496
0.222321
0.316412
0.277826
0.014352
0.081312
0.157559
0.325054
0.347358
0.269539
0.068887
0.018893
0.088588
0.174038
0.027690
0.040706
0.138735
0.509150
0.101115
0.351784
0.618646
0.318541
0.157546
0.109672
0.248409
0.294344
0.378187
0.173428
0.545104
0.459893
0.145550
0.286356
0.009650
0.348002
0.324602
0.302650
0.184992
0.061297
0.371791
0.057634
0.571233
0.213305
0.293616
0.051093
0.241810
0.319193
0.257612
0.262570
0.158291
0.164672
0.186716
0.014996
0.305110
0.183368
0.425501
0.007976
0.083864
0.380505
0.101840
0.141341
0.027050
0.377283
0.015084
0.045098
0.280093
0.075475
0.115078
0.065843
0.239716
0.060994
0.081311
0.175557
0.248616
0.007594
0.005734
0.013515
0.159263
0.058969
0.449469
0.323581
0.184257
0.529734
0.305182
0.125976
0.307988
0.413820
0.394676
0.398534
0.366823
0.261168
0.056165
0.133328
0.364722
0.193131
0.311931
0.322577
0.008602
0.080973
0.092962
0.155746
0.032035
0.185125
0.192943
0.320876
0.176725
0.492579
0.096181
0.404796
0.185265
0.582380
0.222496
0.186912
0.079823
0.167099
0.305545
0.228350
0.472219
0.057821
0.118942
0.041532
0.212759
0.064430
0.057591
0.025694
0.011860
0.245795
0.291050
0.070827
0.014971
0.323832
0.427365
0.025514
0.158308
0.202895
0.192879
0.171094
0.557273
0.371477
0.030531
0.286547
0.417672
0.401560
0.340952
0.038713
0.165447
0.191561
0.105518
0.053004
0.285150
0.433569
0.258097
0.005713
0.165221
0.316216
0.309675
0.131874
0.289247
0.154081
0.436650
0.248118
0.052360
0.369536
0.592519
0.037333
0.186935
0.332815
0.315015
0.101820
0.358420
0.693103
0.150706
0.316930
0.181747
0.298758
0.349767
0.281557
0.491492
0.372423
0.180028
0.287899
0.246742
0.132418
0.284366
0.463311
0.119338
0.172350
0.209359
0.425701
0.422858
0.196318
0.070212
0.039104
0.036751
0.090655
0.041687
0.009435
0.058310
0.462438
0.078899
0.283746
0.604673
0.078980
0.025651
0.129530
0.193483
0.352004
0.241934
0.212292
0.491956
0.416158
0.062444
0.361005
0.036639
0.377493
0.277733
0.268729
0.266223
0.022319
0.344976
0.124738
0.306988
0.166767
0.278592
0.054714
0.229950
0.272186
0.376605
0.250780
0.090310
0.175486
0.208273
0.127121
0.203737
0.153245
0.421231
0.055598
0.012323
0.424028
0.082914
0.018958
0.169852
0.387083
0.037125
0.003669
0.196268
0.079463
0.258457
0.088557
0.203659
0.188643
0.077518
0.187633
0.356017
0.010333
0.000630
0.027401
0.155169
0.035234
0.328128
0.288529
0.274900
0.562180
0.165767
0.063317
0.230843
0.369262
0.628342
0.545419
0.448877
0.274508
0.083944
0.137129
0.417662
0.113984
0.219806
0.458880
0.112004
0.197170
0.000430
0.252201
0.149533
0.173494
0.237385
0.289804
0.314854
0.532860
0.212021
0.329013
0.218799
0.537618
0.188937
0.239376
0.093812
0.248981
0.252619
0.316802
0.384638
0.184563
0.170279
0.007692
0.230835
0.202468
0.129415
0.073427
0.078174
0.464638
0.369117
0.075143
0.172337
0.328639
0.407965
0.005433
0.213978
0.289917
0.245656
0.085026
0.553672
0.366061
0.065719
0.168573
0.543481
0.447825
0.321000
0.057297
0.210887
0.144454
0.277060
0.114251
0.262501
0.381193
0.312995
0.025478
0.122080
0.376430
0.284578
0.170460
0.168239
0.050054
0.351359
0.114438
0.061943
0.550411
0.589512
0.121918
0.284419
0.465937
0.247620
0.129755
0.285429
0.590877
0.189906
0.419252
0.184886
0.249130
0.323158
0.032346
0.389344
0.309718
0.253960
0.207407
0.155755
0.106395
0.248369
0.586283
0.152409
0.308343
0.269038
0.509041
0.442045
0.143596
0.053849
0.123325
0.029971
0.033948
0.036408
0.044440
0.076449
0.398279
0.057885
0.163604
0.479760
0.142092
0.030737
0.124033
0.138203
0.289454
0.057428
0.253018
0.370270
0.278170
0.280803
0.287785
0.047949
0.375982
0.174009
0.234884
0.293607
0.069437
0.319383
0.160708
0.038247
0.099799
0.238789
0.028319
0.304534
0.217576
0.427103
0.272896
0.022146
0.134594
0.254844
0.188121
0.066905
0.162141
0.342287
0.163448
0.150811
0.460691
0.071779
0.086920
0.272780
0.318325
0.086467
0.060711
0.163925
0.252998
0.326277
0.052142
0.111486
0.330409
0.071729
0.160762
0.390981
0.047606
0.003392
0.002056
0.125655
0.026831
0.195669
0.201656
0.373792
0.527102
0.064748
0.050237
0.141129
0.262914
0.682270
0.579003
0.494923
0.305316
0.049499
0.096849
0.318084
0.091724
0.140414
0.520391
0.291270
0.306096
0.066999
0.280969
0.277391
0.207613
0.294327
0.220469
0.420211
0.556077
0.271999
0.251143
0.265354
0.412310
0.145797
0.302869
0.068152
0.295423
0.194437
0.346938
0.292807
0.369363
0.177258
0.059872
0.300817
0.342132
0.177653
0.185077
0.197130
0.592225
0.475366
0.057826
0.257803
0.380794
0.407561
0.078552
0.258980
0.389182
0.267344
0.049996
0.532353
0.488240
0.069878
0.085366
0.592726
0.419933
0.306912
0.136361
0.216051
0.182807
0.417409
0.286568
0.243019
0.293685
0.327920
0.056598
0.152296
0.489966
0.165768
0.158091
0.105329
0.003326
0.249553
0.066781
0.209543
0.557686
0.492374
0.157788
0.311876
0.591074
0.120798
0.184554
0.281009
0.464815
0.202762
0.429019
0.250569
0.252379
0.246324
0.220276
0.299302
0.163423
0.264260
0.163294
0.011294
0.075748
0.170008
0.489311
0.118272
0.386732
0.373441
0.391499
0.442849
0.106754
0.033763
0.219768
0.022692
0.015945
0.118967
0.059532
0.068017
0.322173
0.040040
0.051112
0.375429
0.282122
0.067011
0.096490
0.095385
0.220857
0.158325
0.290806
0.246379
0.150007
0.493819
0.177100
0.032434
0.387437
0.067387
0.230473
0.314646
0.157869
0.298348
0.167596
0.194771
0.052400
0.193253
0.025145
0.331920
0.218576
0.414850
0.328747
0.052245
0.109560
0.411291
0.207738
0.010683
0.135148
0.185516
0.216612
0.285406
0.413495
0.094010
0.109350
0.370926
0.269056
0.151216
0.156426
0.111018
0.313045
0.410494
0.025199
0.008580
0.411502
0.052559
0.142355
0.324704
0.044567
0.001642
0.015429
0.108699
0.084503
0.082660
0.200910
0.378138
0.456600
0.024307
0.117213
0.122862
0.191254
0.604942
0.601391
0.525441
0.288518
0.051348
0.115627
0.237237
0.053545
0.038170
0.533014
0.412112
0.419052
0.090241
0.361196
0.394909
0.237025
0.322726
0.124893
0.553104
0.591917
0.210115
0.119125
0.334784
0.346614
0.132417
0.335379
0.056267
0.306558
0.142782
0.319399
0.254555
0.515409
0.206793
0.101573
0.339655
0.506139
0.188899
0.196967
0.369875
0.644516
0.507158
0.067654
0.295851
0.426746
0.349660
0.223224
0.332105
0.454063
0.328200
0.164387
0.510471
0.608697
0.052249
0.017016
0.648439
0.359110
0.313476
0.254601
0.160862
0.270069
0.569276
0.443634
0.271805
0.189623
0.345066
0.115019
0.178447
0.615841
0.019834
0.157106
0.108622
0.035226
0.160611
0.041266
0.293986
0.497479
0.356459
0.094849
0.299319
0.594146
0.003075
0.214066
0.211700
0.297387
0.201681
0.424379
0.224306
0.274127
0.221955
0.383574
0.152814
0.064985
0.207858
0.161325
0.118843
0.105024
0.142517
0.320664
0.001448
0.412395
0.379870
0.231093
0.426111
0.057205
0.090932
0.363241
0.043786
0.031929
0.235727
0.108693
0.120929
0.252390
0.003247
0.008795
0.243635
0.419514
0.143454
0.077799
0.153930
0.138781
0.370900
0.296723
0.114020
0.002009
0.584131
0.036977
0.027774
0.352882
0.141265
0.238717
0.294796
0.204747
0.349576
0.114921
0.326900
0.024545
0.182239
0.006613
0.335110
0.230193
0.346091
0.413232
0.075904
0.135453
0.495979
0.265790
0.106076
0.167404
0.124841
0.207066
0.408936
0.362617
0.094789
0.092765
0.399428
0.226314
0.213869
0.196945
0.117696
0.302807
0.382075
0.003469
0.185047
0.463230
0.092795
0.050155
0.216475
0.101253
0.033857
0.021590
0.067801
0.182575
0.057304
0.245896
0.337773
0.332663
0.019703
0.218255
0.187691
0.117746
0.417695
0.560553
0.577883
0.288922
0.004980
0.156615
0.143602
0.055075
0.011069
0.469110
0.538147
0.436212
0.023575
0.421223
0.482266
0.275401
0.429453
0.056559
0.620764
0.608799
0.195587
0.109359
0.353407
0.283532
0.115590
0.334285
0.054302
0.307526
0.058239
0.204474
0.245227
0.588105
0.183682
0.085817
0.359937
0.586264
0.137748
0.155283
0.512254
0.560048
0.492846
0.048226
0.262981
0.434380
0.256386
0.397625
0.337055
0.449730
0.303526
0.315660
0.445336
0.708676
0.069242
0.019943
0.601861
0.245939
0.343854
0.347293
0.082915
0.387974
0.654487
0.505495
0.311747
0.110511
0.285406
0.141217
0.285118
0.730555
0.134197
0.136604
0.141282
0.030238
0.070177
0.110505
0.365418
0.433620
0.261101
0.026846
0.206593
0.622854
0.094149
0.208317
0.213669
0.237345
0.215264
0.353934
0.209829
0.347665
0.202657
0.525370
0.077459
0.248347
0.103136
0.195946
0.276510
0.111737
0.159838
0.069285
0.119539
0.397318
0.363200
0.036442
0.437328
0.012409
0.188068
0.506856
0.107147
0.102338
0.444631
0.088924
0.162154
0.215392
0.037864
0.016667
0.159943
0.398997
0.166881
0.037860
0.172948
0.129231
0.485701
0.238068
0.017125
0.101488
0.641016
0.232811
0.096056
0.326080
0.308152
0.326358
0.256976
0.145793
0.354133
0.099977
0.376067
0.038575
0.140567
0.016293
0.269748
0.254907
0.249007
0.425055
0.098520
0.181460
0.540876
0.258289
0.153501
0.168801
0.036933
0.119991
0.420900
0.245170
0.070461
0.060633
0.395991
0.252234
0.247409
0.128367
0.132164
0.168801
0.327281
0.024182
0.281941
0.396507
0.071344
0.074222
0.070200
0.057290
0.008459
0.019469
0.017262
0.240598
0.034143
0.360378
0.116474
0.202202
0.100408
0.193647
0.250988
0.144500
0.245185
0.446492
0.542889
0.230988
0.154931
0.231041
0.160129
0.046751
0.000035
0.350024
0.547989
0.389585
0.021878
0.479892
0.427226
0.299745
0.436398
0.016734
0.688566
0.577953
0.115930
0.128835
0.408119
0.277525
0.140817
0.355934
0.058034
0.401596
0.030920
0.096389
0.218420
0.593914
0.233906
0.010745
0.381765
0.659997
0.101536
0.040394
0.687293
0.501288
0.444769
0.111420
0.221779
0.443627
0.207456
0.464816
0.370015
0.466606
0.321941
0.464005
0.401908
0.590325
0.023526
0.040910
0.469225
0.178759
0.279099
0.381776
0.046023
0.423048
0.632335
0.397450
0.332486
0.032939
0.246197
0.193286
0.326009
0.637158
0.224875
0.175796
0.124597
0.042338
0.047535
0.151974
0.385192
0.339600
0.127677
0.128718
0.127237
0.512643
0.131778
0.121724
0.172574
0.211448
0.278078
0.380710
0.189694
0.379020
0.227956
0.416865
0.051435
0.434258
0.066121
0.206620
0.298094
0.126376
0.205397
0.140979
0.264836
0.310160
0.344321
0.199227
0.322917
0.021583
0.249765
0.568285
0.040666
0.239743
0.567819
0.138692
0.259400
0.121004
0.099133
0.009736
0.043111
0.332129
0.100584
0.107837
0.196413
0.083828
0.507145
0.088824
0.107936
0.152598
0.510299
0.459918
0.143379
0.195977
0.335986
0.427838
0.191039
0.106284
0.371358
0.099560
0.386357
0.027236
0.113439
0.033568
0.312781
0.261961
0.125420
0.429357
0.064979
0.263598
0.510920
0.167780
0.094564
0.259364
0.004745
0.043319
0.422949
0.201941
0.068183
0.051303
0.298282
0.264978
0.296504
0.010858
0.255869
0.049974
0.199404
0.010368
0.343095
0.284740
0.040201
0.212180
0.082939
0.048527
0.022970
0.008981
0.053847
0.246028
0.059200
0.429861
0.091799
0.077276
0.231507
0.272971
0.359733
0.225991
0.034754
0.298058
0.542148
0.243603
0.257536
0.351130
0.180004
0.129929
0.120612
0.249473
0.514183
0.322811
0.158717
0.455470
0.421790
0.338271
0.427055
0.105691
0.626010
0.458641
0.061802
0.212659
0.443910
0.278633
0.163853
0.343239
0.008234
0.432942
0.040727
0.011540
0.211822
0.500955
0.315178
0.088210
0.372020
0.594333
0.073974
0.211529
0.686313
0.386765
0.341734
0.163128
0.099772
0.395980
0.220275
0.478111
0.301347
0.457310
0.310123
0.607866
0.362182
0.423280
0.002695
0.119522
0.266988
0.100428
0.199580
0.301932
0.009700
0.456027
0.468923
0.212596
0.385548
0.007616
0.142707
0.198112
0.364354
0.481986
0.314042
0.155091
0.136174
0.082652
0.041717
0.186079
0.350546
0.264095
0.074556
0.233346
0.007925
0.465356
0.121709
0.024898
0.235638
0.246823
0.299353
0.351612
0.256020
0.436554
0.206206
0.232368
0.017563
0.570045
0.020914
0.195569
0.272360
0.123323
0.294383
0.361435
0.373753
0.252982
0.388278
0.302513
0.237142
0.044419
0.262149
0.553296
0.023343
0.351837
0.618924
0.157137
0.305216
0.116037
0.189864
0.038177
0.013743
0.099858
0.043108
0.302930
0.191807
0.120252
0.448441
0.043173
0.125860
0.114297
0.415144
0.514817
0.138527
0.104322
0.292216
0.474254
0.177733
0.030245
0.324840
0.126757
0.316150
0.074472
0.092414
0.049197
0.309941
0.301873
0.024487
0.376560
0.035778
0.315410
0.450969
0.040354
0.042319
0.329937
0.056335
0.039660
0.344061
0.107299
0.029510
0.177014
0.226542
0.282356
0.327676
0.118202
0.324321
0.314218
0.095894
0.019095
0.352258
0.134547
0.170579
0.293404
0.158209
0.013691
0.042341
0.026308
0.105932
0.221520
0.127397
0.517438
0.248185
0.042379
0.393916
0.341300
0.510624
0.277077
0.110631
0.205184
0.566773
0.245589
0.211068
0.495830
0.195987
0.226423
0.270240
0.158728
0.394067
0.278874
0.309233
0.410478
0.402218
0.323077
0.338275
0.179505
0.535639
0.290929
0.000376
0.297704
0.393735
0.316101
0.241827
0.202316
0.058860
0.442063
0.115671
0.117018
0.283130
0.328382
0.328322
0.106932
0.319339
0.477189
0.027300
0.340136
0.582073
0.290548
0.271923
0.167460
0.033520
0.283082
0.200366
0.385816
0.258055
0.399673
0.265530
0.600012
0.330109
0.204552
0.048014
0.180162
0.142292
0.045650
0.150678
0.274030
0.000918
0.469944
0.234788
0.003398
0.472424
0.022458
0.052566
0.145773
0.372518
0.313078
0.289226
0.167033
0.199131
0.185545
0.072714
0.270728
0.225092
0.231105
0.072882
0.346243
0.106560
0.372151
0.038882
0.072756
0.226631
0.327027
0.278530
0.323025
0.250229
0.523260
0.158221
0.029050
0.050357
0.598385
0.012647
0.212635
0.161918
0.118009
0.368297
0.496776
0.499634
0.219845
0.277014
0.314465
0.180303
0.033741
0.207691
0.530569
0.100268
0.439970
0.529872
0.153572
0.340349
0.101681
0.305574
0.111571
0.058007
0.137795
0.206917
0.508324
0.214096
0.213693
0.307473
0.114704
0.050781
0.026393
0.288129
0.496118
0.189242
0.087070
0.237683
0.438092
0.112298
0.068353
0.328157
0.125932
0.159713
0.106155
0.102293
0.058338
0.348930
0.340346
0.105385
0.320194
0.025451
0.317656
0.238161
0.102114
0.201011
0.393846
0.042858
0.111051
0.248222
0.087061
0.013376
0.275505
0.061340
0.259379
0.285370
0.199748
0.376658
0.474028
0.092481
0.026600
0.268670
0.020120
0.214240
0.344490
0.125145
0.053420
0.048505
0.081393
0.102568
0.128038
0.124650
0.539550
0.376856
0.075036
0.532095
0.352128
0.500719
0.318972
0.155680
0.008076
0.520164
0.325680
0.158539
0.525021
0.225005
0.358904
0.398415
0.134724
0.191874
0.341337
0.456754
0.281006
0.258704
0.402534
0.205846
0.288024
0.406296
0.097105
0.103800
0.298680
0.309845
0.298215
0.316245
0.078825
0.158890
0.456387
0.163147
0.213047
0.379455
0.187558
0.322615
0.147915
0.243181
0.289715
0.004796
0.416050
0.401337
0.181927
0.235659
0.210592
0.120361
0.168381
0.267621
0.317094
0.201000
0.351691
0.173969
0.543961
0.267549
0.115993
0.056303
0.309004
0.047869
0.007461
0.051608
0.211518
0.042141
0.428499
0.036864
0.315293
0.424292
0.025448
0.050656
0.122960
0.386473
0.098353
0.145755
0.189426
0.204270
0.308625
0.117341
0.335980
0.188289
0.113755
0.094596
0.342186
0.150399
0.268011
0.107645
0.158132
0.228699
0.361133
0.272377
0.217470
0.276440
0.582548
0.118638
0.153851
0.155178
0.575516
0.037671
0.197886
0.033914
0.156286
0.359074
0.495068
0.577368
0.179152
0.160450
0.227679
0.121085
0.071650
0.083353
0.452650
0.176536
0.473441
0.354610
0.106446
0.328103
0.091020
0.366851
0.137805
0.016130
0.350434
0.330065
0.610564
0.169156
0.330997
0.089039
0.109682
0.045845
0.116888
0.210078
0.361680
0.278686
0.087752
0.065712
0.381961
0.003876
0.199912
0.306118
0.091903
0.005564
0.163409
0.114903
0.082703
0.361420
0.347239
0.195714
0.257618
0.052497
0.341968
0.118066
0.229637
0.349370
0.445544
0.180308
0.115149
0.203192
0.028881
0.086867
0.364370
0.050532
0.307937
0.328089
0.240505
0.360375
0.661057
0.190775
0.041583
0.095327
0.154048
0.273417
0.263303
0.146693
0.099519
0.022034
0.099435
0.078833
0.035625
0.186368
0.560333
0.428449
0.083667
0.540400
0.321226
0.450691
0.319230
0.120583
0.071311
0.377423
0.393476
0.008955
0.498205
0.237221
0.443601
0.485263
0.087143
0.001182
0.382069
0.578221
0.208602
0.066760
0.452956
0.096064
0.262516
0.292113
0.038091
0.164985
0.277647
0.222657
0.263750
0.344166
0.010097
0.228046
0.477441
0.237375
0.180736
0.424833
0.057065
0.307229
0.211510
0.230060
0.159337
0.001804
0.434943
0.248205
0.138780
0.197251
0.274291
0.216130
0.009876
0.311699
0.146543
0.202120
0.235062
0.115503
0.416746
0.206424
0.056483
0.090633
0.384687
0.016820
0.023052
0.067810
0.136082
0.055223
0.335831
0.263835
0.555256
0.356204
0.118969
0.052633
0.083584
0.360650
0.033361
0.033323
0.281548
0.255249
0.473991
0.149518
0.379555
0.067254
0.090024
0.166910
0.301878
0.108255
0.107548
0.208143
0.167102
0.242198
0.397963
0.195525
0.183590
0.305396
0.582174
0.066501
0.326024
0.279859
0.519729
0.063015
0.250404
0.134964
0.226058
0.356756
0.385630
0.562795
0.200912
0.028871
0.095120
0.124171
0.192386
0.012480
0.403666
0.169747
0.428355
0.174056
0.024027
0.286169
0.091292
0.415776
0.146238
0.007797
0.484780
0.426989
0.618615
0.082954
0.463690
0.132771
0.045500
0.164574
0.252880
0.128145
0.160550
0.393486
0.168788
0.078081
0.259814
0.081434
0.340085
0.294396
0.059684
0.181799
0.179704
0.112817
0.109928
0.411541
0.285419
0.233850
0.248391
0.124055
0.384699
0.049363
0.304027
0.421447
0.446211
0.344485
0.094543
0.242569
0.019211
0.114824
0.417989
0.190853
0.245857
0.348727
0.179707
0.354684
0.641587
0.349959
0.091405
0.108970
0.245601
0.218631
0.199517
0.103153
0.119239
0.002947
0.148158
0.071953
0.103245
0.212561
0.483850
0.395112
0.059547
0.523558
0.269324
0.345331
0.368228
0.020048
0.182588
0.222883
0.452338
0.209410
0.417831
0.315961
0.468489
0.485170
0.134061
0.163024
0.419800
0.605771
0.095994
0.055826
0.481887
0.019480
0.206804
0.210363
0.109823
0.187765
0.237793
0.167763
0.184202
0.354574
0.019590
0.296017
0.444683
0.297376
0.146669
0.467308
0.021285
0.323837
0.221650
0.296863
0.006828
0.033049
0.368852
0.094414
0.163829
0.104892
0.366708
0.276418
0.081561
0.381744
0.018342
0.168065
0.171020
0.034084
0.292961
0.142015
0.177389
0.106919
0.509058
0.051887
0.035127
0.090523
0.073801
0.103803
0.169406
0.430346
0.639891
0.238380
0.186145
0.018610
0.044345
0.316080
0.110418
0.108004
0.350305
0.313096
0.601283
0.201645
0.343373
0.019657
0.047430
0.258017
0.250306
0.004562
0.017222
0.302569
0.071397
0.282483
0.372326
0.090991
0.100074
0.297135
0.505329
0.047019
0.398418
0.421170
0.400021
0.152366
0.285167
0.291870
0.305839
0.289942
0.195154
0.475659
0.233672
0.009059
0.064383
0.138993
0.346460
0.153731
0.302502
0.111604
0.418357
0.019960
0.013736
0.259991
0.147302
0.375972
0.087856
0.069864
0.570877
0.422785
0.535381
0.006658
0.538353
0.325152
0.010125
0.327756
0.422267
0.081048
0.094209
0.471146
0.296626
0.182003
0.133973
0.101799
0.458535
0.249987
0.023191
0.298640
0.261822
0.173892
0.126037
0.381173
0.217473
0.271976
0.242185
0.194849
0.419761
0.093909
0.334850
0.473233
0.392260
0.482225
0.077648
0.311086
0.003891
0.141511
0.446610
0.246450
0.207748
0.436035
0.111228
0.277979
0.603851
0.364156
0.043968
0.313618
0.312368
0.101033
0.062289
0.105242
0.077827
0.022958
0.143499
0.069970
0.198184
0.273135
0.404493
0.280231
0.006451
0.448033
0.140010
0.242149
0.369392
0.225604
0.200985
0.064719
0.394166
0.413983
0.346690
0.430562
0.405600
0.490581
0.198027
0.296915
0.411374
0.529121
0.034085
0.171035
0.402948
0.005922
0.069976
0.184171
0.121216
0.146212
0.219447
0.150410
0.120443
0.341362
0.084244
0.273381
0.350361
0.368141
0.055899
0.445521
0.040371
0.291946
0.180895
0.345257
0.068090
0.101666
0.277501
0.024522
0.228587
0.022838
0.412531
0.201192
0.138107
0.349463
0.101285
0.193788
0.089634
0.031981
0.155380
0.069228
0.353440
0.088968
0.588959
0.011361
0.024425
0.159438
0.052923
0.110514
0.034334
0.440989
0.578567
0.190896
0.369603
0.123278
0.044092
0.316228
0.081115
0.260199
0.368983
0.387252
0.632496
0.224613
0.342063
0.195989
0.111762
0.336399
0.262211
0.106406
0.019224
0.263172
0.048591
0.278096
0.352358
0.012062
0.120540
0.238489
0.380926
0.059716
0.433757
0.494690
0.266985
0.190411
0.384622
0.349714
0.354454
0.284667
0.027832
0.384744
0.350034
0.063076
0.211154
0.169026
0.445636
0.230441
0.216383
0.002878
0.433395
0.135035
0.047638
0.268451
0.283777
0.380237
0.037882
0.102592
0.618734
0.415870
0.398565
0.110450
0.559438
0.475421
0.010118
0.501317
0.543319
0.037435
0.310050
0.482326
0.475537
0.152529
0.010219
0.074096
0.542066
0.259671
0.128502
0.453075
0.325771
0.236505
0.106120
0.372787
0.141504
0.228306
0.227594
0.264721
0.435855
0.108290
0.322239
0.437736
0.342600
0.637186
0.102429
0.380546
0.134723
0.114604
0.397084
0.303759
0.156004
0.462779
0.035206
0.186931
0.461773
0.406095
0.013435
0.456882
0.297650
0.093875
0.030822
0.034215
0.021901
0.027119
0.138972
0.074460
0.246846
0.313996
0.293847
0.102445
0.045958
0.282876
0.022277
0.126289
0.383897
0.351331
0.237324
0.100353
0.320623
0.500286
0.263510
0.484505
0.307859
0.445184
0.271338
0.338294
0.377107
0.331040
0.022078
0.179957
0.269823
0.053576
0.063961
0.085683
0.086777
0.054270
0.176314
0.110204
0.045254
0.290384
0.195960
0.247601
0.228053
0.368305
0.000473
0.351631
0.009904
0.242874
0.081144
0.359846
0.170576
0.126065
0.139756
0.125012
0.298852
0.020005
0.409826
0.064544
0.131447
0.310194
0.179017
0.221150
0.081106
0.073667
0.078527
0.029311
0.431877
0.032865
0.597983
0.064825
0.049184
0.163938
0.056361
0.106477
0.049469
0.329251
0.437051
0.144060
0.536061
0.223883
0.079432
0.270939
0.020653
0.365383
0.308283
0.415482
0.565393
0.240121
0.300652
0.302446
0.154011
0.361691
0.276308
0.172803
0.053905
0.198521
0.212059
0.286410
0.281929
0.083270
0.127538
0.230387
0.204428
0.080377
0.372794
0.523049
0.182582
0.218979
0.488352
0.309109
0.409913
0.260663
0.241917
0.271700
0.440352
0.080438
0.371446
0.149377
0.490955
0.284970
0.096252
0.112114
0.474593
0.157313
0.065012
0.237863
0.493215
0.324202
0.022046
0.195032
0.598718
0.375792
0.242294
0.255211
0.536268
0.582091
0.001369
0.597347
0.592987
0.098241
0.458630
0.418429
0.629710
0.163215
0.005223
0.007730
0.547740
0.262853
0.194054
0.553165
0.458945
0.246311
0.074907
0.302929
0.075187
0.132703
0.192927
0.293461
0.445122
0.018139
0.291181
0.321680
0.287748
0.619040
0.156401
0.407736
0.268560
0.035946
0.356539
0.256730
0.180293
0.446054
0.054362
0.111159
0.365605
0.378505
0.023911
0.532499
0.228577
0.191167
0.055433
0.013442
0.005436
0.086000
0.094182
0.071863
0.270626
0.333009
0.212712
0.037207
0.159912
0.104949
0.236539
0.054592
0.407010
0.495086
0.229129
0.286681
0.189056
0.448246
0.209458
0.480740
0.225816
0.324556
0.294728
0.325742
0.328358
0.050461
0.039803
0.174998
0.166815
0.047037
0.182399
0.039671
0.016548
0.046537
0.111024
0.117215
0.035860
0.270340
0.330343
0.142121
0.142232
0.375009
0.110054
0.256248
0.003697
0.226040
0.007923
0.393194
0.206423
0.140373
0.084333
0.132507
0.338677
0.006575
0.397858
0.047482
0.088136
0.293152
0.252763
0.262378
0.060617
0.124497
0.021128
0.053101
0.449440
0.044871
0.496341
0.179441
0.151080
0.188831
0.083175
0.093591
0.081806
0.129909
0.196060
0.105904
0.618454
0.369096
0.070222
0.171980
0.012653
0.427030
0.274876
0.407814
0.349839
0.231884
0.261348
0.371159
0.195901
0.278875
0.322434
0.201628
0.057109
0.138649
0.405336
0.275523
0.161106
0.113159
0.162868
0.180324
0.032320
0.174507
0.339198
0.444044
0.170865
0.241063
0.508414
0.281435
0.440583
0.263437
0.417711
0.149212
0.531063
0.126433
0.497646
0.112389
0.517009
0.379470
0.014394
0.151665
0.525865
0.099712
0.100620
0.294037
0.589197
0.278042
0.090533
0.267561
0.429195
0.251298
0.119322
0.358564
0.424057
0.608794
0.027407
0.521801
0.488128
0.164390
0.485301
0.331556
0.690103
0.126927
0.039103
0.033645
0.491167
0.281406
0.188434
0.496208
0.490762
0.237709
0.006433
0.286563
0.015476
0.021495
0.213910
0.263454
0.437216
0.235133
0.275372
0.210435
0.331300
0.593060
0.213063
0.447361
0.404016
0.074307
0.361465
0.228115
0.161495
0.432577
0.139412
0.078610
0.305747
0.331136
0.039789
0.503386
0.143411
0.284977
0.103461
0.106299
0.042964
0.033859
0.013962
0.040981
0.222288
0.333509
0.079928
0.228910
0.263390
0.010650
0.368645
0.069801
0.395081
0.551724
0.178577
0.335842
0.068115
0.326986
0.255051
0.404161
0.177197
0.215555
0.354239
0.269180
0.274353
0.099831
0.091884
0.020597
0.121212
0.089024
0.281750
0.024129
0.172529
0.239944
0.086718
0.096765
0.048026
0.281788
0.489550
0.069205
0.016078
0.277081
0.108326
0.140386
0.047166
0.216514
0.090074
0.346650
0.327770
0.129246
0.021365
0.104172
0.254794
0.037626
0.329220
0.123742
0.038049
0.274735
0.210032
0.220213
0.024773
0.184257
0.013101
0.037153
0.387555
0.130055
0.356262
0.214802
0.192967
0.241297
0.143492
0.045382
0.004570
0.079417
0.072298
0.060795
0.603445
0.447400
0.079434
0.134363
0.119548
0.418041
0.239358
0.339496
0.184356
0.195517
0.275866
0.334809
0.229918
0.298790
0.315734
0.180627
0.163482
0.051715
0.552715
0.303171
0.059714
0.149477
0.122253
0.193074
0.119102
0.270186
0.188540
0.422104
0.144421
0.252434
0.487508
0.190347
0.426422
0.269818
0.495362
0.051343
0.566828
0.071885
0.458261
0.137504
0.495417
0.406077
0.016467
0.107901
0.462158
0.078014
0.061896
0.327857
0.669335
0.247099
0.089755
0.383177
0.344625
0.136224
0.047027
0.492389
0.330701
0.595608
0.021752
0.450240
0.369428
0.341537
0.482458
0.222385
0.685743
0.024226
0.132064
0.157831
0.463276
0.247121
0.123955
0.412464
0.533636
0.259312
0.077777
0.196096
0.116089
0.064488
0.197163
0.135730
0.341972
0.439313
0.170138
0.110171
0.366535
0.487209
0.245096
0.431611
0.443783
0.121099
0.384450
0.121202
0.166938
0.315666
0.166660
0.038671
0.272255
0.198141
0.006216
0.392766
0.079571
0.378827
0.190245
0.170026
0.043504
0.040305
0.004675
0.027252
0.085869
0.345166
0.015953
0.366834
0.345370
0.092156
0.387478
0.154981
0.320376
0.585486
0.070288
0.264690
0.085479
0.159653
0.296561
0.311700
0.130022
0.106121
0.326925
0.210857
0.163063
0.218690
0.156275
0.044084
0.100258
0.156720
0.382230
0.005243
0.285422
0.409084
0.136227
0.152832
0.126019
0.350497
0.598950
0.041005
0.041597
0.232259
0.147375
0.069278
0.084391
0.231205
0.170289
0.306726
0.297368
0.110884
0.054865
0.025130
0.145257
0.167712
0.280678
0.146663
0.083180
0.196222
0.210288
0.267365
0.047415
0.251769
0.018668
0.111272
0.258581
0.229378
0.177015
0.266072
0.234481
0.364133
0.253257
0.038256
0.099895
0.303362
0.263201
0.055743
0.502251
0.476518
0.071865
0.137320
0.266149
0.353542
0.288581
0.216860
0.020636
0.229319
0.320008
0.249646
0.322481
0.318012
0.325539
0.131959
0.205762
0.049145
0.655581
0.271884
0.021399
0.135362
0.195272
0.193955
0.141929
0.363951
0.034831
0.325700
0.111830
0.188645
0.412070
0.126864
0.397055
0.313949
0.486811
0.029265
0.547029
0.006748
0.336388
0.224338
0.419099
0.310052
0.053880
0.043069
0.352344
0.240067
0.003656
0.397264
0.584880
0.246988
0.075931
0.487864
0.292941
0.024138
0.033359
0.478345
0.198170
0.503870
0.042195
0.345431
0.282567
0.439520
0.288753
0.175418
0.559830
0.193316
0.255789
0.222622
0.421167
0.217419
0.067069
0.283543
0.551778
0.307236
0.115919
0.127912
0.169594
0.161636
0.236939
0.027520
0.226856
0.530078
0.069929
0.088837
0.429536
0.364702
0.277778
0.419039
0.470871
0.169184
0.415282
0.083280
0.128013
0.174580
0.194363
0.064962
0.222402
0.087736
0.066588
0.219284
0.015347
0.428162
0.216981
0.189084
0.059714
0.042872
0.032905
0.100738
0.029563
0.235993
0.103131
0.462323
0.363270
0.083999
0.281077
0.209976
0.273170
0.498716
0.066121
0.094178
0.143339
0.042648
0.281662
0.219706
0.150343
0.014607
0.348021
0.103437
0.086882
0.243599
0.228625
0.099511
0.159844
0.202009
0.399023
0.010186
0.373509
0.501482
0.218192
0.300453
0.241619
0.380732
0.651125
0.047624
0.048522
0.200352
0.113145
0.030225
0.206467
0.285534
0.214747
0.301194
0.209248
0.090280
0.161824
0.171953
0.047414
0.327929
0.257500
0.171082
0.267077
0.107480
0.140975
0.283665
0.055372
0.296240
0.121862
0.245265
0.051814
0.307861
0.013846
0.266105
0.297044
0.381441
0.332002
0.111492
0.150826
0.502445
0.377229
0.094386
0.314891
0.453108
0.000060
0.138125
0.432732
0.218973
0.341880
0.106523
0.051214
0.269761
0.328015
0.074159
0.342401
0.273461
0.320800
0.134531
0.279373
0.085228
0.619470
0.259885
0.000219
0.102881
0.254483
0.233889
0.061171
0.406214
0.094560
0.215868
0.132310
0.118472
0.347567
0.058670
0.372038
0.318198
0.377836
0.073572
0.413210
0.255895
0.206385
0.323681
0.393195
0.179742
0.118529
0.099005
0.257897
0.375330
0.090481
0.421819
0.436292
0.223312
0.074980
0.571683
0.260027
0.160847
0.055601
0.418796
0.047978
0.359860
0.091645
0.231609
0.252745
0.473863
0.073964
0.149298
0.343791
0.267851
0.392989
0.235207
0.360411
0.144434
0.006787
0.133654
0.567861
0.303174
0.076017
0.099875
0.161109
0.179881
0.298294
0.109257
0.125678
0.550616
0.004138
0.093673
0.493040
0.084115
0.250880
0.378067
0.400943
0.182431
0.473246
0.011778
0.144531
0.060140
0.181835
0.114317
0.290026
0.104490
0.117427
0.013768
0.007265
0.345815
0.228392
0.071469
0.050058
0.047195
0.063903
0.117972
0.147232
0.165003
0.122099
0.491484
0.396522
0.059725
0.054403
0.287025
0.199847
0.417881
0.046375
0.151134
0.209496
0.184126
0.257797
0.152886
0.223061
0.007974
0.330997
0.047668
0.012034
0.175433
0.382441
0.130627
0.242310
0.283371
0.390851
0.082133
0.403898
0.552686
0.342751
0.516806
0.376220
0.355146
0.623336
0.088973
0.020006
0.252674
0.078231
0.043752
0.247218
0.301978
0.201912
0.248399
0.036599
0.073425
0.272812
0.317459
0.003837
0.459661
0.197759
0.218160
0.425254
0.026213
0.111470
0.291491
0.091080
0.301972
0.190145
0.414496
0.147253
0.373770
0.156997
0.222109
0.395239
0.438372
0.363311
0.175399
0.176333
0.640915
0.445662
0.174671
0.166758
0.439186
0.042333
0.200149
0.541968
0.043022
0.409356
0.054311
0.086533
0.253732
0.333375
0.047621
0.391214
0.248904
0.274244
0.099323
0.340330
0.091366
0.531971
0.226690
0.051092
0.067540
0.316882
0.221940
0.027383
0.395351
0.189702
0.107709
0.168329
0.013517
0.302271
0.024981
0.338961
0.363709
0.175924
0.120065
0.344405
0.464148
0.040297
0.466480
0.342034
0.072379
0.245926
0.178186
0.115813
0.496500
0.156442
0.409684
0.253538
0.256177
0.070623
0.561265
0.264286
0.374713
0.088342
0.359805
0.067401
0.201270
0.169592
0.112162
0.209572
0.403758
0.093263
0.134698
0.158222
0.333766
0.474419
0.196653
0.299480
0.093151
0.087636
0.030862
0.473609
0.309967
0.003537
0.107220
0.041594
0.186295
0.365383
0.199533
0.049845
0.429567
0.034725
0.140760
0.510854
0.168325
0.198448
0.337362
0.285654
0.161589
0.482243
0.017636
0.146754
0.026977
0.193880
0.182236
0.327902
0.231939
0.109361
0.302585
0.008729
0.227081
0.112158
0.003052
0.030628
0.009089
0.060517
0.125371
0.251519
