# G_2, p = 2.0000 GPa (dir_20000.0_bar).
# 4MR distortion Lambda = (1/2)|d_02 - d_13|.
# 180 rings x 101 frames = 18180 samples.
# Column: per-4MR Lambda [A]
0.180456
0.272525
0.165630
0.322473
0.272521
0.165626
0.180456
0.322469
0.272530
0.165640
0.180436
0.322476
0.165637
0.180438
0.272529
0.322474
0.180427
0.272536
0.165624
0.322469
0.180429
0.272533
0.165623
0.322474
0.180456
0.165628
0.272523
0.322466
0.165626
0.180456
0.272525
0.322465
0.273075
0.177409
0.164153
0.321796
0.177400
0.164157
0.273072
0.321798
0.177411
0.164153
0.273075
0.321797
0.164157
0.177406
0.273075
0.321798
0.273080
0.177416
0.164170
0.321811
0.177413
0.164174
0.273077
0.321810
0.164175
0.177413
0.273089
0.321791
0.164173
0.177413
0.273089
0.321790
0.276377
0.177834
0.166278
0.326044
0.177828
0.166282
0.276377
0.326041
0.177828
0.166278
0.276370
0.326059
0.166279
0.177828
0.276373
0.326062
0.177830
0.276374
0.166293
0.326045
0.276373
0.177828
0.166293
0.326041
0.166285
0.177832
0.276368
0.326059
0.166282
0.177832
0.276369
0.326062
0.305958
0.166027
0.325890
0.305958
0.166026
0.325895
0.166022
0.305981
0.325879
0.166026
0.305981
0.325882
0.305969
0.166025
0.325894
0.305965
0.166026
0.325897
0.166036
0.305968
0.325874
0.166041
0.305967
0.325874
0.308663
0.166074
0.323146
0.308665
0.166076
0.323146
0.166077
0.308696
0.323147
0.166079
0.308700
0.323144
0.308700
0.166092
0.323138
0.308700
0.166091
0.323137
0.166079
0.308674
0.323147
0.166076
0.308673
0.323146
0.306329
0.163960
0.321291
0.306328
0.163960
0.321293
0.163959
0.306328
0.321281
0.163960
0.306328
0.321284
0.306332
0.163980
0.321304
0.306332
0.163976
0.321301
0.163979
0.306344
0.321301
0.163976
0.306344
0.321299
0.000979
0.000979
0.000220
0.000241
0.000743
0.000745
0.000979
0.000979
0.000745
0.000743
0.000236
0.000217
0.097192
0.301743
0.193882
0.235998
0.294851
0.121626
0.165088
0.249109
0.295275
0.304361
0.217888
0.227273
0.155413
0.138314
0.248572
0.372566
0.292586
0.316307
0.080882
0.151771
0.101647
0.434968
0.236014
0.403776
0.257931
0.064797
0.314382
0.405527
0.219160
0.122086
0.302720
0.266086
0.291241
0.234491
0.188204
0.213595
0.095516
0.125062
0.191733
0.384572
0.150803
0.183854
0.473007
0.491203
0.249227
0.212776
0.316603
0.381428
0.202517
0.087905
0.191919
0.501005
0.122908
0.216742
0.328893
0.343084
0.188172
0.070388
0.383173
0.309644
0.264315
0.140035
0.176745
0.254739
0.394100
0.188323
0.270508
0.238478
0.235567
0.147527
0.253361
0.283563
0.223307
0.013166
0.343526
0.440991
0.337634
0.040197
0.432545
0.389944
0.197474
0.092492
0.153170
0.235698
0.334210
0.099802
0.092232
0.236428
0.151405
0.230171
0.270368
0.243678
0.090722
0.152017
0.168075
0.517618
0.321983
0.303254
0.429220
0.273109
0.240554
0.549721
0.255169
0.329451
0.321654
0.323115
0.256830
0.230951
0.238886
0.363791
0.601271
0.215075
0.374192
0.451927
0.352652
0.366379
0.500461
0.340493
0.032280
0.478496
0.359129
0.316653
0.356027
0.395357
0.164775
0.165910
0.256237
0.265685
0.423680
0.117585
0.322435
0.434966
0.495142
0.128015
0.202808
0.281070
0.193833
0.324904
0.125959
0.413856
0.356806
0.161922
0.199533
0.447546
0.352503
0.052775
0.353743
0.217833
0.226891
0.286168
0.259144
0.330102
0.252833
0.237738
0.311593
0.347805
0.224374
0.211429
0.318598
0.161736
0.155517
0.184892
0.068394
0.348770
0.281233
0.199331
0.239183
0.359873
0.035199
0.029244
0.033215
0.061880
0.210496
0.101716
0.270613
0.132245
0.032769
0.071676
0.019246
0.176218
0.059225
0.394734
0.204520
0.086678
0.315337
0.055645
0.196838
0.104802
0.293505
0.385940
0.240837
0.182502
0.136818
0.125428
0.205149
0.378910
0.477924
0.414529
0.025462
0.040270
0.025657
0.573082
0.306811
0.490927
0.327206
0.053313
0.286953
0.461439
0.313325
0.034799
0.358476
0.172474
0.338608
0.247907
0.217649
0.130602
0.037545
0.125827
0.116215
0.484056
0.078493
0.189394
0.600994
0.677935
0.362798
0.258122
0.357070
0.475199
0.114631
0.024944
0.152803
0.667483
0.064490
0.203733
0.397086
0.335640
0.247610
0.047687
0.538617
0.334528
0.339736
0.132457
0.078414
0.171442
0.589469
0.186916
0.501070
0.165949
0.252642
0.136475
0.245386
0.298439
0.333621
0.140590
0.379866
0.582336
0.542769
0.042959
0.559411
0.450200
0.204666
0.114692
0.128465
0.145779
0.408658
0.045832
0.046647
0.149600
0.130305
0.285192
0.329373
0.184630
0.030816
0.127434
0.024932
0.755356
0.264994
0.475498
0.504039
0.226048
0.372522
0.757955
0.323917
0.336004
0.317181
0.453070
0.172681
0.182156
0.129862
0.594208
0.819850
0.097897
0.533595
0.584861
0.581541
0.390554
0.641184
0.509067
0.266746
0.631613
0.363200
0.376760
0.434510
0.517379
0.189131
0.059968
0.360254
0.181518
0.507057
0.068667
0.336607
0.575745
0.667514
0.042917
0.128985
0.255456
0.127029
0.283362
0.092575
0.509227
0.470810
0.199115
0.113775
0.542880
0.358373
0.065673
0.333723
0.100827
0.355158
0.192346
0.345847
0.329668
0.227705
0.336588
0.335783
0.412946
0.131865
0.218763
0.312173
0.051420
0.146411
0.043815
0.068182
0.428909
0.232593
0.320424
0.221395
0.401162
0.085823
0.016534
0.079851
0.180008
0.448826
0.244907
0.497762
0.264968
0.096919
0.144866
0.074089
0.348177
0.066200
0.460072
0.199975
0.016102
0.358639
0.044856
0.215771
0.041468
0.357708
0.395907
0.273615
0.192772
0.105284
0.182496
0.140009
0.379359
0.579123
0.461513
0.001377
0.127623
0.000892
0.685980
0.286612
0.516446
0.341207
0.123951
0.191548
0.467563
0.404591
0.058110
0.458342
0.176717
0.374921
0.248557
0.276544
0.157114
0.035469
0.150209
0.091855
0.556519
0.058425
0.222640
0.575005
0.694073
0.521500
0.294274
0.376737
0.545360
0.041297
0.038502
0.080022
0.691981
0.063295
0.184015
0.355448
0.304484
0.301437
0.096140
0.576302
0.371752
0.315069
0.131542
0.033759
0.157825
0.652812
0.159201
0.715527
0.183858
0.253772
0.137078
0.270642
0.373556
0.383656
0.285042
0.400684
0.611347
0.698249
0.097527
0.598000
0.472569
0.240358
0.199418
0.057870
0.101313
0.454660
0.030757
0.059060
0.115599
0.160847
0.336814
0.447603
0.147454
0.000515
0.103491
0.106244
0.824420
0.216506
0.592054
0.480443
0.186370
0.479662
0.820816
0.441331
0.379935
0.313873
0.511117
0.137089
0.224928
0.070418
0.744771
0.797840
0.081960
0.551949
0.569387
0.760600
0.400249
0.714105
0.589377
0.386080
0.695944
0.370003
0.371519
0.509475
0.663941
0.241433
0.027813
0.441237
0.090086
0.529906
0.090411
0.296462
0.630926
0.736413
0.025020
0.119949
0.282617
0.061264
0.231251
0.104785
0.606047
0.516332
0.278245
0.104742
0.578142
0.296433
0.155251
0.318784
0.048823
0.424716
0.143760
0.412940
0.345987
0.316294
0.444957
0.369322
0.487858
0.084316
0.117465
0.299974
0.004595
0.097755
0.028668
0.199355
0.495553
0.180731
0.327120
0.256466
0.453770
0.123746
0.003264
0.086560
0.287144
0.596218
0.341744
0.616236
0.349880
0.221250
0.191610
0.119397
0.468640
0.121791
0.375715
0.192288
0.026194
0.365737
0.132090
0.237428
0.129447
0.423936
0.373849
0.284861
0.262396
0.137715
0.240086
0.029962
0.319826
0.605607
0.457951
0.009459
0.165305
0.000865
0.678726
0.265718
0.453201
0.316704
0.214297
0.053038
0.416532
0.421738
0.130202
0.528471
0.123609
0.443655
0.224945
0.280185
0.243602
0.039662
0.115800
0.091095
0.635949
0.110148
0.225470
0.448562
0.613217
0.601637
0.292997
0.411669
0.594914
0.022010
0.019239
0.032765
0.611578
0.053921
0.120567
0.316254
0.316231
0.323111
0.131367
0.539923
0.405672
0.202887
0.140966
0.076383
0.252652
0.659304
0.128161
0.802652
0.276057
0.292588
0.173146
0.340402
0.380569
0.356176
0.375220
0.400957
0.646419
0.684555
0.072201
0.484937
0.506073
0.335461
0.156589
0.042898
0.122263
0.476547
0.035766
0.098637
0.089067
0.226196
0.383954
0.567430
0.173322
0.041627
0.107482
0.210839
0.734906
0.208984
0.607921
0.336246
0.145316
0.490233
0.682848
0.542439
0.424637
0.363225
0.512779
0.165253
0.344618
0.048055
0.742881
0.612153
0.138025
0.481534
0.449462
0.828022
0.368749
0.632901
0.583913
0.380676
0.639011
0.325899
0.351192
0.603347
0.714155
0.254896
0.102285
0.462479
0.029510
0.537740
0.143827
0.213314
0.624192
0.607934
0.028501
0.182104
0.330459
0.040236
0.217347
0.107576
0.631355
0.543731
0.391301
0.180049
0.551121
0.238686
0.171470
0.288272
0.084090
0.411928
0.187521
0.442330
0.394944
0.469113
0.459506
0.396977
0.454036
0.165818
0.034799
0.318567
0.017276
0.093164
0.083420
0.183220
0.527417
0.098799
0.294824
0.326243
0.526577
0.151862
0.032842
0.080384
0.354268
0.660143
0.428711
0.627774
0.367498
0.350625
0.175983
0.148581
0.491289
0.130217
0.224442
0.189141
0.097290
0.348638
0.164339
0.240812
0.152901
0.477810
0.308507
0.257594
0.291713
0.105813
0.286243
0.025908
0.260954
0.570469
0.429959
0.037558
0.188708
0.043203
0.573530
0.250096
0.311335
0.313322
0.217609
0.101072
0.297969
0.343020
0.206274
0.475644
0.095917
0.595154
0.265963
0.216330
0.321750
0.059182
0.092377
0.085594
0.671770
0.135353
0.141169
0.263271
0.461900
0.622589
0.248201
0.390205
0.550837
0.078131
0.066224
0.058009
0.494840
0.056534
0.103234
0.282000
0.209881
0.295233
0.150932
0.464003
0.426299
0.229519
0.097359
0.174523
0.410677
0.580338
0.180185
0.699328
0.397758
0.382279
0.285355
0.414288
0.386660
0.298218
0.354389
0.386727
0.614153
0.587595
0.018971
0.314816
0.486479
0.476122
0.016662
0.138128
0.300732
0.436478
0.098543
0.153036
0.094428
0.284974
0.359997
0.579196
0.256324
0.019013
0.146549
0.301419
0.494842
0.250425
0.519624
0.247466
0.174396
0.475883
0.488524
0.528409
0.460021
0.393975
0.497990
0.199066
0.438983
0.081688
0.590513
0.371374
0.272242
0.316760
0.255174
0.729948
0.354525
0.520638
0.515786
0.259425
0.505899
0.249874
0.342956
0.652288
0.623362
0.251842
0.220237
0.458521
0.040433
0.559749
0.210147
0.099269
0.677972
0.421485
0.034379
0.272603
0.321259
0.055321
0.161772
0.107302
0.580416
0.450502
0.416260
0.339870
0.547240
0.232365
0.117780
0.276539
0.202170
0.391975
0.278859
0.365987
0.415557
0.592051
0.387108
0.422356
0.354350
0.328040
0.048803
0.290039
0.064302
0.133912
0.252248
0.055248
0.556110
0.040622
0.265288
0.433995
0.607212
0.170188
0.063549
0.016525
0.365860
0.609677
0.554805
0.562826
0.337489
0.387042
0.103195
0.140639
0.474922
0.149317
0.113631
0.243446
0.233235
0.323393
0.137384
0.327866
0.073744
0.539910
0.165432
0.182653
0.362646
0.183213
0.336077
0.030628
0.250643
0.470150
0.430036
0.023054
0.129675
0.127259
0.393545
0.219281
0.168661
0.308018
0.181986
0.204151
0.240487
0.276422
0.219561
0.387323
0.081245
0.597355
0.263490
0.165782
0.337433
0.117986
0.122544
0.082500
0.673736
0.156091
0.073466
0.090530
0.322501
0.529243
0.230087
0.372295
0.429776
0.138823
0.034260
0.030017
0.402790
0.071886
0.147710
0.192493
0.122871
0.320088
0.193741
0.362672
0.415283
0.367160
0.048999
0.277796
0.529564
0.502905
0.224422
0.501511
0.454314
0.336139
0.318542
0.437277
0.377643
0.216430
0.278396
0.412882
0.610643
0.431715
0.134171
0.210195
0.446264
0.507612
0.152032
0.255075
0.451769
0.341346
0.124338
0.138107
0.129104
0.295401
0.330184
0.518605
0.389681
0.003433
0.146741
0.250225
0.275703
0.311821
0.381592
0.236858
0.314359
0.471473
0.286000
0.491937
0.457083
0.496684
0.424913
0.232175
0.523719
0.207758
0.407637
0.221446
0.463149
0.100510
0.223094
0.611434
0.337781
0.424487
0.436242
0.087940
0.356892
0.192783
0.340302
0.682561
0.529049
0.255848
0.334583
0.503468
0.077154
0.558306
0.302459
0.040830
0.650517
0.270307
0.104018
0.309429
0.285321
0.115547
0.044848
0.130707
0.534943
0.342160
0.458263
0.489775
0.442923
0.206629
0.062079
0.233724
0.301189
0.326595
0.394480
0.184390
0.368680
0.637724
0.270002
0.429799
0.310418
0.506964
0.161071
0.246163
0.159296
0.162412
0.441181
0.126225
0.586337
0.066991
0.180135
0.502717
0.591219
0.130843
0.148630
0.124884
0.337328
0.477802
0.574531
0.376133
0.284313
0.365457
0.043695
0.079879
0.484012
0.174216
0.019154
0.305391
0.360347
0.285207
0.104612
0.365157
0.009300
0.438143
0.088280
0.059178
0.330782
0.357810
0.361005
0.122789
0.352696
0.286400
0.347102
0.017126
0.020664
0.244282
0.241784
0.190125
0.022165
0.340233
0.044196
0.347082
0.162595
0.238424
0.214071
0.324297
0.157111
0.543182
0.249663
0.095657
0.370314
0.106064
0.085781
0.149646
0.631875
0.157106
0.049588
0.052128
0.207656
0.342790
0.182417
0.374741
0.257961
0.231281
0.008984
0.030151
0.385788
0.113272
0.136553
0.152362
0.011580
0.291050
0.220098
0.213389
0.387622
0.431933
0.085164
0.412296
0.586734
0.420259
0.261493
0.255820
0.459346
0.281524
0.358829
0.457569
0.448159
0.166246
0.124555
0.393507
0.609864
0.295769
0.266488
0.162185
0.309066
0.547982
0.367694
0.261603
0.576326
0.244736
0.206181
0.100299
0.240032
0.297524
0.339429
0.427988
0.480228
0.106510
0.179314
0.142253
0.073592
0.300774
0.194521
0.259263
0.419878
0.394269
0.198234
0.475191
0.508231
0.508269
0.299480
0.200641
0.477614
0.387803
0.133059
0.128678
0.596621
0.134575
0.199914
0.449956
0.293302
0.343782
0.253991
0.124815
0.215717
0.174996
0.324006
0.605240
0.466179
0.223024
0.423306
0.561413
0.081589
0.504223
0.314388
0.011188
0.571722
0.196783
0.143859
0.376998
0.246201
0.220607
0.031424
0.150251
0.488895
0.226119
0.405300
0.583092
0.431037
0.219042
0.002474
0.179528
0.466067
0.258502
0.475617
0.055369
0.329968
0.532540
0.207505
0.487490
0.245078
0.569216
0.159947
0.131121
0.281801
0.196257
0.605762
0.361999
0.575420
0.111117
0.077269
0.591438
0.510498
0.087330
0.207193
0.226337
0.367087
0.344436
0.491264
0.174473
0.219320
0.266550
0.022767
0.085891
0.398431
0.191481
0.100556
0.331571
0.519905
0.258911
0.098286
0.441611
0.097950
0.320528
0.046022
0.006927
0.329945
0.552739
0.352586
0.204024
0.508819
0.008507
0.292421
0.010520
0.155690
0.356972
0.075890
0.098982
0.053925
0.333119
0.045194
0.451126
0.154587
0.248988
0.084049
0.294129
0.259246
0.474566
0.234346
0.051491
0.448274
0.107474
0.085333
0.266190
0.598165
0.161041
0.052959
0.073121
0.171257
0.120619
0.186034
0.408063
0.176293
0.297326
0.070698
0.048248
0.408338
0.198957
0.114876
0.119323
0.019284
0.252166
0.161916
0.189699
0.308181
0.420076
0.131854
0.466962
0.572474
0.346482
0.290447
0.041782
0.381218
0.200517
0.324722
0.374593
0.451350
0.204980
0.021042
0.388533
0.623265
0.111660
0.376460
0.088502
0.235463
0.496918
0.552830
0.262696
0.637102
0.193798
0.222777
0.053358
0.338144
0.255660
0.347617
0.289799
0.536031
0.146174
0.206259
0.037178
0.066636
0.358273
0.124511
0.224766
0.483433
0.261056
0.103222
0.504065
0.549124
0.575651
0.126215
0.190343
0.415866
0.579063
0.184219
0.145443
0.579960
0.238328
0.230871
0.305340
0.252897
0.274376
0.085955
0.378699
0.081937
0.135957
0.223681
0.487602
0.389950
0.128358
0.469418
0.648116
0.024641
0.423663
0.317214
0.018173
0.376084
0.179537
0.207815
0.400142
0.260110
0.312800
0.021908
0.207872
0.425784
0.139958
0.406639
0.639609
0.397847
0.215685
0.008242
0.163465
0.561114
0.148253
0.494198
0.037891
0.247149
0.281595
0.193415
0.478849
0.179399
0.558295
0.144513
0.073397
0.433808
0.182409
0.655554
0.519107
0.497777
0.155726
0.024044
0.615313
0.347675
0.012485
0.145610
0.287176
0.344570
0.202764
0.320483
0.043242
0.186491
0.161244
0.043180
0.088714
0.262390
0.160538
0.147252
0.328746
0.603246
0.234314
0.056719
0.492368
0.209271
0.193200
0.157374
0.026520
0.255461
0.588140
0.284576
0.306853
0.607659
0.199333
0.204888
0.128298
0.356739
0.380181
0.026491
0.043149
0.053086
0.302896
0.183450
0.429772
0.124043
0.296145
0.010216
0.213393
0.401151
0.434053
0.260328
0.008760
0.530037
0.058478
0.124093
0.331062
0.494548
0.121989
0.072336
0.105733
0.198486
0.012808
0.203172
0.378145
0.114990
0.350757
0.039646
0.075400
0.435616
0.292541
0.108772
0.169589
0.004295
0.112015
0.008669
0.187110
0.257140
0.299570
0.155419
0.439735
0.411603
0.251885
0.275316
0.197102
0.284759
0.151793
0.238312
0.256697
0.485424
0.205652
0.177041
0.477489
0.595347
0.029121
0.486332
0.074096
0.126374
0.464020
0.754550
0.242175
0.659065
0.145953
0.217931
0.081675
0.505626
0.137226
0.286840
0.148735
0.511407
0.143970
0.225751
0.167927
0.137664
0.435666
0.062857
0.304468
0.493331
0.060971
0.123485
0.457874
0.489157
0.556286
0.040522
0.175124
0.304824
0.697059
0.460146
0.216247
0.468900
0.238825
0.239055
0.098342
0.264610
0.294106
0.088719
0.612868
0.016826
0.134617
0.107535
0.361170
0.318521
0.097564
0.433394
0.674358
0.206682
0.307400
0.304360
0.081923
0.177832
0.201711
0.229442
0.394324
0.290509
0.396120
0.087804
0.249835
0.413604
0.074929
0.280911
0.638976
0.397121
0.277386
0.056352
0.172561
0.616904
0.055612
0.383832
0.070339
0.155657
0.003608
0.169580
0.451888
0.205124
0.418429
0.116186
0.005229
0.552187
0.138792
0.591387
0.599583
0.382109
0.222182
0.124975
0.546219
0.123830
0.036960
0.019529
0.307470
0.245485
0.030237
0.195229
0.243426
0.135531
0.100177
0.074409
0.093954
0.002251
0.110337
0.141248
0.305424
0.575756
0.242611
0.014447
0.483965
0.338266
0.137856
0.239338
0.099608
0.191802
0.510472
0.219932
0.363929
0.644761
0.333489
0.142259
0.228786
0.538988
0.321277
0.015642
0.007172
0.066913
0.216161
0.265136
0.295848
0.213399
0.381830
0.151792
0.189556
0.551871
0.384938
0.317779
0.050037
0.530413
0.068461
0.193553
0.364814
0.450536
0.115987
0.161240
0.132758
0.279674
0.149373
0.283989
0.326884
0.117276
0.375237
0.039736
0.196873
0.488505
0.371406
0.131085
0.250671
0.127797
0.035546
0.198757
0.252372
0.256125
0.104024
0.088956
0.328216
0.255336
0.202742
0.241521
0.301824
0.142443
0.100167
0.080145
0.105949
0.450380
0.225513
0.327823
0.531087
0.530950
0.174393
0.568885
0.068837
0.048189
0.388639
0.783621
0.190689
0.538289
0.090198
0.188302
0.150016
0.573374
0.094043
0.251300
0.056251
0.432401
0.137357
0.279476
0.344172
0.137374
0.466694
0.044963
0.308482
0.444311
0.071441
0.085527
0.411269
0.386030
0.486607
0.187684
0.170023
0.194683
0.731027
0.630001
0.294432
0.316706
0.190625
0.275048
0.133308
0.273698
0.295340
0.187137
0.689898
0.066101
0.162744
0.019251
0.263871
0.259748
0.110072
0.397773
0.561078
0.463154
0.221048
0.260161
0.165190
0.043987
0.188551
0.201505
0.307421
0.324166
0.452167
0.235279
0.265252
0.383352
0.162071
0.126948
0.510329
0.383426
0.361745
0.088191
0.215359
0.578740
0.022852
0.218643
0.055245
0.151514
0.204168
0.153472
0.418022
0.306373
0.333265
0.110129
0.011947
0.629694
0.078600
0.424845
0.599114
0.314446
0.368590
0.219897
0.462275
0.084270
0.080376
0.164773
0.311139
0.091648
0.067962
0.092310
0.406432
0.074606
0.040972
0.122428
0.006478
0.264442
0.114041
0.094345
0.249250
0.468931
0.255952
0.044887
0.375609
0.451429
0.074816
0.216327
0.160309
0.070376
0.298797
0.137194
0.382037
0.601002
0.305651
0.125460
0.281318
0.608197
0.231282
0.046780
0.001616
0.162910
0.196653
0.280700
0.120844
0.311803
0.455785
0.251474
0.180522
0.649830
0.365962
0.422076
0.024958
0.538442
0.036124
0.162412
0.309536
0.413785
0.049256
0.289268
0.238632
0.353590
0.210202
0.360359
0.306037
0.106444
0.356129
0.078539
0.275157
0.502577
0.453526
0.151372
0.317642
0.227775
0.197350
0.400442
0.348729
0.261291
0.068541
0.058738
0.243493
0.101913
0.204798
0.205494
0.386510
0.081886
0.083074
0.001420
0.034381
0.382037
0.205068
0.455778
0.552767
0.456992
0.185467
0.578854
0.134947
0.028040
0.332747
0.678471
0.103845
0.325699
0.100421
0.190995
0.233505
0.589302
0.089237
0.226782
0.067779
0.350812
0.207087
0.347994
0.485430
0.074775
0.432359
0.030901
0.282844
0.264896
0.224310
0.192664
0.294066
0.306041
0.343248
0.281009
0.159691
0.088835
0.631339
0.611432
0.324553
0.165867
0.121301
0.285586
0.300664
0.284330
0.312947
0.227065
0.633855
0.104923
0.248125
0.013912
0.141197
0.188058
0.169278
0.350938
0.352341
0.663100
0.116765
0.179789
0.313870
0.004161
0.283656
0.149581
0.305102
0.327545
0.471512
0.482410
0.287492
0.384234
0.300054
0.067959
0.335566
0.409063
0.405808
0.078595
0.266894
0.520866
0.048516
0.021986
0.029573
0.255233
0.274238
0.175291
0.428164
0.366956
0.274645
0.091143
0.002242
0.597780
0.106318
0.260560
0.573950
0.269779
0.477326
0.309357
0.381937
0.217677
0.051969
0.323399
0.296393
0.083284
0.125361
0.025991
0.537412
0.014648
0.035267
0.188655
0.175739
0.453076
0.084239
0.026158
0.163473
0.344072
0.275307
0.138534
0.238032
0.528070
0.100857
0.152985
0.243920
0.005021
0.112290
0.056877
0.391198
0.503292
0.173899
0.164236
0.283744
0.581082
0.179972
0.094715
0.040774
0.280387
0.145803
0.187775
0.084038
0.458530
0.447481
0.411304
0.222014
0.664353
0.296912
0.405080
0.019899
0.516931
0.077819
0.145171
0.332370
0.400644
0.033315
0.451983
0.312670
0.434471
0.209111
0.464652
0.255630
0.141060
0.316576
0.233694
0.322166
0.395345
0.506884
0.210446
0.338230
0.375101
0.268256
0.599424
0.428362
0.286036
0.188419
0.036862
0.159819
0.049431
0.206328
0.241751
0.322885
0.076078
0.034115
0.034908
0.051089
0.228814
0.246416
0.532560
0.441767
0.388198
0.116926
0.519302
0.292494
0.022860
0.192064
0.426506
0.024078
0.117488
0.123096
0.169697
0.227975
0.505219
0.035557
0.184206
0.197517
0.261912
0.201097
0.359087
0.520845
0.063222
0.394359
0.044199
0.115042
0.105547
0.213377
0.241982
0.202682
0.228579
0.258957
0.308286
0.144400
0.009709
0.451358
0.462790
0.295552
0.057863
0.039202
0.314659
0.338298
0.307460
0.322007
0.113314
0.556599
0.143068
0.304936
0.025536
0.070566
0.194651
0.226132
0.334311
0.135218
0.737539
0.031164
0.119808
0.436933
0.064879
0.367260
0.113807
0.244564
0.278062
0.429108
0.590754
0.353814
0.405983
0.463865
0.129435
0.132865
0.446013
0.414462
0.009509
0.300066
0.485839
0.040364
0.125191
0.052022
0.386312
0.245923
0.250186
0.417088
0.352525
0.248094
0.069601
0.072111
0.538410
0.200785
0.130977
0.521375
0.240347
0.583884
0.377202
0.230971
0.251847
0.003680
0.423808
0.311618
0.212000
0.181168
0.035329
0.582591
0.070184
0.129419
0.169043
0.349343
0.453839
0.146372
0.217377
0.131764
0.221126
0.327414
0.231154
0.127429
0.547389
0.138563
0.020078
0.253607
0.027575
0.043899
0.000130
0.319449
0.312638
0.003594
0.250942
0.282167
0.484418
0.157263
0.181958
0.054480
0.333241
0.180733
0.095254
0.266705
0.558100
0.457189
0.570292
0.273741
0.542492
0.285525
0.296788
0.040918
0.434511
0.130170
0.096270
0.312192
0.359787
0.029201
0.520965
0.412129
0.558934
0.071186
0.479501
0.221741
0.207091
0.300371
0.423306
0.287934
0.316949
0.501668
0.282242
0.364988
0.409606
0.243800
0.636714
0.415046
0.351913
0.235104
0.079257
0.093552
0.022415
0.234768
0.297361
0.202531
0.108367
0.014294
0.006258
0.036935
0.152217
0.256678
0.532725
0.285768
0.343469
0.055908
0.437387
0.418520
0.149297
0.062657
0.193430
0.124324
0.018390
0.220198
0.163097
0.125885
0.421134
0.050378
0.173414
0.330296
0.230088
0.170871
0.369390
0.412305
0.313059
0.317964
0.102263
0.006628
0.048544
0.162967
0.417120
0.130118
0.179105
0.229974
0.255450
0.139027
0.055108
0.279655
0.209394
0.246127
0.059654
0.051281
0.348089
0.248822
0.249528
0.320131
0.014903
0.397483
0.115689
0.352939
0.020377
0.059142
0.199190
0.297330
0.359911
0.001090
0.700657
0.064910
0.132414
0.544743
0.197184
0.457034
0.074453
0.308794
0.260050
0.377978
0.564994
0.401123
0.420835
0.560207
0.150396
0.025976
0.478512
0.402256
0.069743
0.326660
0.427839
0.031627
0.216292
0.037061
0.496632
0.140042
0.280240
0.402138
0.317145
0.198676
0.074685
0.218720
0.389937
0.328273
0.081193
0.447478
0.243017
0.618371
0.388647
0.124509
0.188035
0.141419
0.475770
0.295245
0.351283
0.270989
0.060288
0.458057
0.107106
0.214307
0.094831
0.427496
0.381477
0.221961
0.375015
0.151875
0.082720
0.354533
0.279547
0.037123
0.528908
0.275548
0.117982
0.200808
0.164632
0.141325
0.001477
0.176878
0.179927
0.092568
0.276018
0.288157
0.429069
0.122175
0.272196
0.058245
0.434328
0.226512
0.007614
0.445611
0.609229
0.397408
0.655710
0.286826
0.458072
0.241289
0.110779
0.097474
0.311171
0.228451
0.097323
0.362072
0.296607
0.009958
0.566560
0.527339
0.629976
0.041749
0.440502
0.133046
0.295922
0.287896
0.592046
0.334941
0.267599
0.364259
0.352096
0.313083
0.466618
0.100886
0.495659
0.334891
0.420203
0.231358
0.169078
0.091940
0.137998
0.250647
0.402787
0.038453
0.180307
0.077152
0.037381
0.044047
0.149184
0.260581
0.459691
0.157557
0.235933
0.245695
0.297309
0.460031
0.318038
0.055738
0.008766
0.295381
0.043335
0.273258
0.172459
0.015320
0.284527
0.114241
0.271637
0.454817
0.226163
0.109361
0.353399
0.282728
0.557529
0.226036
0.123250
0.104295
0.059687
0.046739
0.548051
0.132768
0.148349
0.274547
0.177700
0.169839
0.047916
0.168031
0.019508
0.254703
0.155563
0.140337
0.377785
0.153133
0.249314
0.299855
0.127300
0.324523
0.065342
0.439089
0.034534
0.174549
0.268433
0.321016
0.388924
0.041639
0.595998
0.160841
0.129382
0.532688
0.405412
0.449419
0.080114
0.331260
0.284793
0.328311
0.470469
0.425990
0.416483
0.630556
0.106011
0.154036
0.420689
0.340333
0.061043
0.324642
0.335422
0.087006
0.234586
0.010313
0.592364
0.017806
0.279383
0.417099
0.339954
0.172449
0.270037
0.380791
0.266107
0.368747
0.146130
0.376957
0.279748
0.622716
0.320636
0.059910
0.022074
0.230271
0.476568
0.219634
0.430552
0.291886
0.105030
0.320273
0.094945
0.235970
0.049885
0.351449
0.287882
0.301311
0.526888
0.154295
0.033600
0.356097
0.286737
0.060985
0.468480
0.445891
0.207942
0.147123
0.314211
0.291706
0.063472
0.098281
0.075936
0.189416
0.352518
0.265760
0.364291
0.134894
0.306204
0.000942
0.474909
0.274884
0.087985
0.621697
0.583968
0.288516
0.558409
0.238334
0.411318
0.245569
0.015289
0.244467
0.220376
0.338848
0.123189
0.384487
0.187066
0.025026
0.527181
0.621996
0.650310
0.153549
0.357994
0.059792
0.373482
0.299782
0.615558
0.376184
0.243988
0.158865
0.393324
0.294524
0.415906
0.062325
0.304742
0.147187
0.433261
0.114649
0.203471
0.089595
0.302183
0.261255
0.458183
0.253349
0.303722
0.089740
0.139517
0.209031
0.188573
0.261816
0.338076
0.058816
0.155233
0.427904
0.144831
0.431264
0.368128
0.124961
0.072630
0.418578
0.042654
0.331454
0.148496
0.080081
0.274863
0.185902
0.292867
0.513322
0.224155
0.102565
0.303805
0.114014
0.764535
0.173683
0.087910
0.103680
0.042745
0.044672
0.621043
0.142710
0.130148
0.308057
0.068919
0.266129
0.044013
0.119026
0.176260
0.259810
0.127916
0.272596
0.433288
0.012721
0.233773
0.285256
0.234936
0.310529
0.106145
0.550903
0.084023
0.330153
0.275485
0.358772
0.454109
0.073316
0.418837
0.290627
0.153718
0.509876
0.513276
0.436143
0.056302
0.378954
0.310502
0.247083
0.395142
0.378698
0.435922
0.618087
0.117130
0.148190
0.327817
0.334535
0.011922
0.331802
0.236175
0.125211
0.175012
0.021704
0.552807
0.183105
0.253132
0.439872
0.354888
0.133020
0.406766
0.533081
0.126273
0.392894
0.259822
0.319059
0.333643
0.553816
0.164322
0.015153
0.206173
0.234629
0.432341
0.160359
0.451330
0.260593
0.099093
0.151705
0.047705
0.242413
0.143399
0.264586
0.159694
0.374895
0.548386
0.188772
0.032784
0.310138
0.315948
0.090538
0.328669
0.601032
0.295776
0.167919
0.424705
0.331841
0.212294
0.064270
0.113027
0.219064
0.385323
0.150807
0.357479
0.163723
0.356407
0.047997
0.526882
0.347268
0.091137
0.668848
0.432171
0.129188
0.457379
0.192951
0.431200
0.263073
0.046019
0.392082
0.182141
0.461428
0.202589
0.374139
0.104253
0.079735
0.434151
0.620253
0.553332
0.183443
0.241311
0.007222
0.457516
0.255033
0.501639
0.420116
0.222558
0.036066
0.405679
0.282388
0.390073
0.212325
0.160623
0.009827
0.421696
0.063074
0.325230
0.114320
0.503563
0.271150
0.440165
0.488016
0.451162
0.033935
0.226450
0.422129
0.236346
0.286852
0.187001
0.040187
0.122823
0.482807
0.019997
0.387223
0.421975
0.162247
0.002974
0.437473
0.247100
0.351399
0.141640
0.133747
0.285597
0.199779
0.225865
0.474488
0.300164
0.076190
0.221237
0.008188
0.798002
0.075436
0.009710
0.039816
0.285256
0.121896
0.531378
0.085456
0.212716
0.378356
0.034602
0.368498
0.218254
0.030867
0.307106
0.333856
0.004959
0.414864
0.523099
0.191857
0.232117
0.259368
0.368662
0.249217
0.307887
0.592693
0.139616
0.517923
0.272741
0.386903
0.479562
0.105406
0.321745
0.353663
0.167205
0.478033
0.604864
0.410079
0.054235
0.395230
0.334237
0.181899
0.311434
0.366208
0.371881
0.545828
0.018658
0.084262
0.205170
0.312024
0.090087
0.363761
0.145313
0.199218
0.089660
0.100985
0.447098
0.311716
0.204048
0.426255
0.339452
0.173549
0.464450
0.594408
0.011104
0.392660
0.373086
0.237288
0.409762
0.429882
0.100697
0.013641
0.415786
0.105446
0.295464
0.096047
0.383938
0.170711
0.112182
0.057644
0.026649
0.155375
0.244537
0.149877
0.070024
0.415123
0.482092
0.207041
0.075748
0.233523
0.282159
0.075623
0.243201
0.617449
0.333374
0.213413
0.512405
0.298968
0.394316
0.143177
0.076791
0.282926
0.352223
0.011745
0.309432
0.218074
0.419597
0.132913
0.449387
0.366464
0.001711
0.603167
0.270303
0.048635
0.343571
0.220332
0.352567
0.277753
0.069199
0.566808
0.180479
0.474474
0.217573
0.292183
0.130378
0.119982
0.390122
0.592491
0.403331
0.198754
0.164283
0.078420
0.565283
0.285754
0.382474
0.411230
0.254161
0.183145
0.374195
0.330289
0.351564
0.297843
0.030903
0.122926
0.458660
0.216807
0.368054
0.143431
0.598146
0.266697
0.325657
0.592825
0.470937
0.039438
0.275366
0.541585
0.276056
0.273101
0.007757
0.093496
0.160305
0.511093
0.028936
0.292838
0.397344
0.134202
0.161594
0.452993
0.428787
0.375986
0.172610
0.159499
0.324520
0.172551
0.145899
0.410527
0.296024
0.106051
0.161653
0.054202
0.686134
0.054234
0.041389
0.179769
0.507164
0.169357
0.392188
0.045053
0.327870
0.418450
0.163708
0.472303
0.403321
0.084197
0.467772
0.319557
0.154040
0.518192
0.544336
0.372198
0.267429
0.241243
0.384817
0.156010
0.519120
0.616718
0.178558
0.640633
0.233362
0.360752
0.498518
0.093165
0.260472
0.428569
0.222744
0.417751
0.576514
0.340752
0.036736
0.486959
0.333536
0.157337
0.233565
0.305033
0.267458
0.474914
0.063492
0.041229
0.109300
0.327020
0.211657
0.328260
0.127869
0.242808
0.059730
0.248818
0.297243
0.421646
0.084158
0.438922
0.318076
0.189271
0.474076
0.599245
0.126266
0.381266
0.375560
0.130605
0.452469
0.314665
0.364310
0.106158
0.569735
0.046379
0.070796
0.001454
0.313090
0.067146
0.068884
0.070210
0.025347
0.068308
0.256392
0.081070
0.055196
0.373165
0.381290
0.214949
0.118959
0.183481
0.235100
0.020951
0.183364
0.563470
0.320064
0.256303
0.534336
0.217513
0.496468
0.283634
0.151754
0.335126
0.317617
0.129477
0.301453
0.225712
0.472749
0.195311
0.344536
0.322700
0.118251
0.522157
0.176020
0.042876
0.163877
0.252035
0.272804
0.271703
0.000696
0.640020
0.174888
0.468780
0.228365
0.240195
0.227376
0.210683
0.394925
0.509751
0.217755
0.167515
0.128821
0.111924
0.623878
0.282903
0.225907
0.379694
0.312717
0.244732
0.388497
0.334332
0.390894
0.365314
0.009803
0.093393
0.518358
0.371934
0.417188
0.239613
0.585802
0.242240
0.176482
0.582095
0.503865
0.095209
0.243275
0.567745
0.308700
0.222367
0.194042
0.063518
0.207312
0.516085
0.011330
0.305959
0.353931
0.087804
0.296476
0.422522
0.520239
0.336863
0.206749
0.123264
0.334345
0.089116
0.069660
0.364822
0.257644
0.192680
0.092143
0.011343
0.505211
0.079915
0.115764
0.400017
0.764640
0.191948
0.203074
0.018823
0.444330
0.401810
0.298418
0.545089
0.549976
0.172049
0.499953
0.329679
0.292581
0.578642
0.530205
0.476018
0.411244
0.243540
0.471483
0.040795
0.616060
0.569852
0.142495
0.681727
0.249352
0.266637
0.425728
0.028387
0.230257
0.481530
0.174653
0.289967
0.517879
0.214425
0.086509
0.498573
0.319721
0.111340
0.180900
0.248600
0.101624
0.415202
0.202757
0.194434
0.093248
0.287916
0.280699
0.290389
0.151003
0.265780
0.224218
0.401112
0.238269
0.534291
0.051597
0.494239
0.320633
0.285606
0.367939
0.518203
0.126047
0.300556
0.375852
0.049327
0.492593
0.241457
0.556877
0.253839
0.637409
0.213252
0.166096
0.129549
0.195341
0.043145
0.065593
0.246585
0.090575
0.000002
0.222305
0.001445
0.214504
0.355252
0.322027
0.213639
0.151194
0.126948
0.233058
0.132303
0.123155
0.346380
0.292644
0.292030
0.550700
0.112905
0.541868
0.435097
0.180509
0.381965
0.299900
0.095797
0.222435
0.271886
0.381272
0.285503
0.224769
0.291642
0.219192
0.391233
0.135857
0.051536
0.013781
0.203326
0.170573
0.225023
0.098493
0.536808
0.185772
0.413383
0.216140
0.198432
0.300073
0.221983
0.304321
0.344408
0.120423
0.111613
0.112883
0.211477
0.648426
0.269300
0.046494
0.261488
0.330379
0.274546
0.398511
0.369568
0.396106
0.383441
0.041127
0.002753
0.475604
0.544778
0.370923
0.328052
0.421661
0.299015
0.002397
0.474877
0.508209
0.216396
0.201665
0.544010
0.317484
0.186060
0.288961
0.036469
0.336435
0.425964
0.039704
0.315492
0.334074
0.029021
0.445024
0.387678
0.528068
0.336388
0.210081
0.058443
0.339971
0.008591
0.027221
0.219173
0.247537
0.260755
0.082664
0.180629
0.420440
0.146554
0.172856
0.611275
0.875268
0.164125
0.065484
0.082245
0.441292
0.323827
0.391376
0.576819
0.589727
0.141328
0.482551
0.339206
0.384385
0.537681
0.469414
0.455484
0.513556
0.312133
0.491039
0.048228
0.627952
0.449961
0.050050
0.643593
0.250120
0.208591
0.360117
0.121244
0.247554
0.549233
0.195705
0.229500
0.379758
0.153240
0.141017
0.491097
0.302864
0.045891
0.143720
0.147332
0.022926
0.280022
0.323925
0.453585
0.173012
0.283170
0.327284
0.190493
0.221800
0.232346
0.430523
0.546668
0.144349
0.591714
0.197003
0.495409
0.275466
0.368754
0.260550
0.385913
0.056207
0.247305
0.330013
0.000993
0.478219
0.146419
0.710850
0.433329
0.647064
0.256325
0.293261
0.275498
0.055100
0.071223
0.096373
0.402727
0.111105
0.037289
0.174557
0.085986
0.321815
0.295054
0.247476
0.192349
0.248397
0.090178
0.183633
0.231969
0.119395
0.147312
0.217659
0.343132
0.464834
0.004838
0.546648
0.551234
0.302018
0.342137
0.306636
0.058448
0.229107
0.320439
0.249355
0.246924
0.132831
0.233459
0.218908
0.292725
0.123187
0.125040
0.161846
0.179890
0.133447
0.144318
0.225352
0.360575
0.258934
0.337914
0.246295
0.200941
0.400322
0.270737
0.121034
0.160455
0.079282
0.044351
0.122730
0.300222
0.610214
0.239368
0.095886
0.180025
0.313185
0.185844
0.440671
0.378651
0.456899
0.348009
0.006913
0.171776
0.370219
0.679637
0.360425
0.510836
0.282024
0.346054
0.100397
0.359745
0.536143
0.326396
0.125216
0.460440
0.310222
0.172169
0.298909
0.174397
0.397491
0.323309
0.073103
0.337457
0.287351
0.043941
0.487159
0.377964
0.488888
0.349325
0.206442
0.021963
0.324189
0.198599
0.102178
0.111672
0.272031
0.236460
0.057284
0.390028
0.303515
0.210556
0.224356
0.647936
0.879965
0.168031
0.015837
0.093182
0.391522
0.243012
0.448582
0.554839
0.487296
0.042222
0.358248
0.336547
0.515549
0.460814
0.439617
0.330658
0.614747
0.419820
0.548388
0.068659
0.546336
0.284015
0.111884
0.530854
0.293532
0.179691
0.283485
0.284528
0.302910
0.503074
0.164714
0.185748
0.235010
0.080094
0.203293
0.431272
0.292398
0.041440
0.110793
0.050584
0.090150
0.170318
0.400031
0.661322
0.273590
0.243031
0.265774
0.197117
0.310661
0.187653
0.631431
0.579443
0.145652
0.664977
0.313367
0.489247
0.316507
0.551542
0.171033
0.312263
0.078146
0.163515
0.363138
0.064444
0.430653
0.073463
0.703075
0.573490
0.600450
0.266325
0.369482
0.349318
0.104112
0.109751
0.152478
0.469296
0.100233
0.066551
0.168069
0.210163
0.368304
0.237256
0.212168
0.063086
0.361891
0.096309
0.143519
0.252447
0.155926
0.040344
0.133615
0.311213
0.396694
0.054310
0.469635
0.563527
0.325815
0.302493
0.309508
0.030374
0.225173
0.290837
0.152292
0.155292
0.052027
0.156527
0.147810
0.184201
0.143790
0.188024
0.200983
0.183272
0.092464
0.082463
0.336332
0.180375
0.322795
0.246426
0.235205
0.261552
0.489808
0.301501
0.109860
0.015757
0.062606
0.050384
0.131932
0.480638
0.527806
0.276961
0.164352
0.091030
0.329087
0.060838
0.381755
0.395463
0.490934
0.270941
0.041581
0.285533
0.224364
0.675785
0.282187
0.630307
0.239607
0.385020
0.163170
0.258781
0.454947
0.439277
0.054352
0.387511
0.277469
0.185748
0.203737
0.287060
0.424769
0.228186
0.077367
0.325495
0.217072
0.148291
0.479588
0.389527
0.342787
0.364437
0.224902
0.119943
0.240937
0.405479
0.107747
0.010773
0.237231
0.226437
0.078920
0.527206
0.218687
0.280845
0.303213
0.537110
0.669457
0.195871
0.031980
0.104639
0.335991
0.129154
0.502550
0.559871
0.319899
0.153494
0.264184
0.280770
0.622986
0.275143
0.303906
0.273314
0.613575
0.452227
0.480169
0.017094
0.468446
0.096275
0.240982
0.355759
0.335970
0.120300
0.247129
0.410034
0.327053
0.438245
0.145308
0.160224
0.062347
0.083511
0.217965
0.391147
0.345633
0.089062
0.094804
0.053919
0.068290
0.092841
0.403939
0.770724
0.350493
0.267528
0.170117
0.291229
0.387193
0.090858
0.801055
0.530161
0.166459
0.678334
0.375648
0.458566
0.369764
0.720147
0.181488
0.247909
0.254533
0.109818
0.379691
0.099906
0.359350
0.005930
0.631077
0.716315
0.468991
0.222412
0.450015
0.335723
0.242726
0.118627
0.186805
0.492214
0.088374
0.055333
0.149534
0.268580
0.330866
0.183326
0.232853
0.100414
0.476139
0.129092
0.160306
0.238482
0.244448
0.013943
0.108506
0.248593
0.303134
0.121793
0.300198
0.461232
0.369553
0.258426
0.290032
0.016808
0.310919
0.256644
0.097043
0.118537
0.018891
0.075972
0.118635
0.140365
0.148031
0.180607
0.162509
0.241691
0.053650
0.055447
0.382863
0.014813
0.352601
0.230576
0.258827
0.353739
0.527145
0.407532
0.293273
0.120513
0.048347
0.105232
0.150504
0.571540
0.331193
0.279517
0.139118
0.034861
0.244582
0.138825
0.325513
0.312324
0.500296
0.188312
0.103914
0.422297
0.108548
0.614388
0.236853
0.619190
0.214574
0.414510
0.145460
0.139406
0.312526
0.472274
0.016477
0.347407
0.221270
0.218064
0.105591
0.381311
0.403585
0.124306
0.055891
0.295027
0.181999
0.198004
0.398820
0.355210
0.237182
0.345754
0.267949
0.180353
0.172116
0.481534
0.054621
0.002831
0.221003
0.162651
0.102474
0.609395
0.057469
0.385499
0.356468
0.480247
0.407043
0.234926
0.074322
0.146020
0.244031
0.062579
0.531859
0.522054
0.247409
0.372147
0.127924
0.269912
0.654261
0.060731
0.230044
0.231006
0.635797
0.429315
0.388102
0.037989
0.401318
0.080769
0.382345
0.130636
0.400611
0.108794
0.189167
0.494691
0.352461
0.288889
0.026614
0.126950
0.006193
0.143849
0.258194
0.317451
0.474039
0.141227
0.099451
0.056280
0.001786
0.111484
0.416174
0.757103
0.411686
0.286133
0.027072
0.474960
0.421847
0.064622
0.758925
0.468343
0.286695
0.640657
0.316956
0.385344
0.461649
0.845430
0.114669
0.250261
0.410029
0.015422
0.430625
0.151564
0.259477
0.009576
0.526302
0.813887
0.365528
0.128203
0.460448
0.278602
0.364276
0.103688
0.263891
0.346228
0.091608
0.123012
0.141693
0.281193
0.262996
0.112601
0.299599
0.210230
0.523903
0.187472
0.211321
0.135817
0.367871
0.004060
0.142210
0.195376
0.291869
0.226096
0.097156
0.353735
0.310974
0.221071
0.309113
0.036072
0.290490
0.178612
0.082731
0.083218
0.038040
0.044847
0.133089
0.155400
0.212927
0.094318
0.115658
0.326781
0.053845
0.042651
0.380675
0.157263
0.432141
0.226458
0.309465
0.429016
0.509218
0.426799
0.358576
0.176143
0.059848
0.243209
0.111290
0.626899
0.115428
0.307617
0.042535
0.078830
0.208356
0.258638
0.239245
0.261883
0.526207
0.127016
0.129112
0.576292
0.058032
0.528915
0.162382
0.558805
0.267121
0.315512
0.094151
0.040476
0.151506
0.422182
0.047677
0.271320
0.170769
0.276985
0.094214
0.379322
0.303143
0.048037
0.073912
0.243571
0.140854
0.248603
0.270754
0.284363
0.161350
0.298234
0.333292
0.257560
0.082800
0.376937
0.046194
0.037023
0.117934
0.111281
0.136256
0.508282
0.063710
0.497744
0.335056
0.342641
0.103095
0.269119
0.207599
0.127285
0.188864
0.022486
0.500557
0.506257
0.226662
0.651094
0.097344
0.235048
0.591143
0.119362
0.158914
0.207075
0.542327
0.348671
0.182699
0.152390
0.291002
0.142488
0.460995
0.019751
0.451668
0.055765
0.194655
0.556390
0.318112
0.156326
0.019792
0.108876
0.034450
0.201238
0.262289
0.212465
0.566363
0.191542
0.142422
0.079204
0.178424
0.105566
0.401511
0.715871
0.480263
0.342191
0.024093
0.639233
0.426529
0.027404
0.597669
0.436144
0.379185
0.549744
0.126200
0.345015
0.484326
0.781368
0.091814
0.297583
0.575520
0.028413
0.399612
0.165008
0.176732
0.021138
0.417076
0.847098
0.377133
0.026700
0.397893
0.173694
0.404204
0.071932
0.285902
0.139809
0.094724
0.141121
0.074993
0.229668
0.136520
0.084199
0.353395
0.255070
0.523343
0.267870
0.155657
0.022072
0.468853
0.023708
0.177069
0.170026
0.239255
0.364452
0.078111
0.248058
0.328372
0.159406
0.312231
0.131294
0.329653
0.100246
0.121404
0.050999
0.120740
0.094503
0.201736
0.263233
0.300176
0.035846
0.077234
0.350109
0.056536
0.123857
0.378499
0.280325
0.451698
0.225290
0.366787
0.479351
0.461253
0.464372
0.353351
0.165286
0.098156
0.312100
0.049652
0.486218
0.040965
0.309585
0.250717
0.174744
0.132930
0.368053
0.179814
0.194706
0.498533
0.086864
0.185301
0.667970
0.136617
0.457768
0.170653
0.460479
0.316557
0.210306
0.005465
0.100740
0.025223
0.356148
0.056386
0.256279
0.145655
0.265659
0.261827
0.340624
0.199164
0.208103
0.108109
0.228804
0.149542
0.311989
0.197773
0.219663
0.172218
0.226317
0.340833
0.352952
0.105784
0.265028
0.189289
0.157183
0.090377
0.080583
0.136436
0.371801
0.167516
0.572260
0.295297
0.257179
0.104208
0.223112
0.366993
0.010370
0.230420
0.017922
0.407418
0.473329
0.245427
0.790391
0.077459
0.246105
0.502314
0.218646
0.213481
0.163593
0.385894
0.296732
0.011183
0.340231
0.150681
0.079165
0.518681
0.090989
0.461603
0.013551
0.216572
0.517430
0.314944
0.137423
0.078291
0.151466
0.193134
0.261341
0.218856
0.160256
0.650988
0.215827
0.230899
0.133754
0.357627
0.161581
0.373520
0.515973
0.522572
0.331776
0.049222
0.732319
0.408672
0.064733
0.418785
0.337975
0.501634
0.433850
0.158599
0.267691
0.477552
0.575219
0.040969
0.412338
0.660332
0.038795
0.346185
0.127680
0.167775
0.035575
0.256735
0.790008
0.381598
0.151787
0.302214
0.061891
0.366932
0.073276
0.304676
0.091514
0.042567
0.100096
0.043648
0.206015
0.034216
0.059432
0.405168
0.181953
0.494661
0.315869
0.113168
0.015518
0.552836
0.037531
0.206798
0.181306
0.264521
0.521079
0.146680
0.246825
0.355046
0.176416
0.314219
0.328925
0.316561
0.070835
0.169634
0.077979
0.289879
0.090971
0.248295
0.344161
0.397883
0.197900
0.023790
0.333943
0.165617
0.184648
0.351997
0.293952
0.437102
0.200466
0.426681
0.507175
0.359731
0.410744
0.277086
0.108340
0.104436
0.343206
0.019771
0.304002
0.145399
0.272153
0.481458
0.215701
0.129391
0.431246
0.094374
0.154169
0.434911
0.037592
0.248722
0.654480
0.189042
0.286741
0.145654
0.326346
0.440377
0.160650
0.077839
0.234766
0.050626
0.229787
0.062514
0.287939
0.207272
0.202414
0.402466
0.329338
0.163725
0.376023
0.174503
0.208162
0.262236
0.393697
0.164942
0.088328
0.212981
0.234474
0.307318
0.364736
0.119645
0.137344
0.252116
0.200713
0.136954
0.057228
0.101255
0.226611
0.170742
0.654280
0.277139
0.135938
0.230505
0.157763
0.509932
0.123708
0.296660
0.081247
0.327431
0.470393
0.293848
0.829087
0.056618
0.300445
0.455951
0.266511
0.254676
0.127083
0.241563
0.293152
0.210760
0.543395
0.088730
0.110170
0.417503
0.067104
0.448553
0.055073
0.274059
0.415199
0.270836
0.204706
0.098390
0.336041
0.384683
0.367704
0.162246
0.136072
0.664294
0.154147
0.354963
0.165839
0.556824
0.181827
0.355989
0.381267
0.477827
0.330874
0.074488
0.652656
0.327162
0.062783
0.295598
0.134258
0.495790
0.299935
0.408894
0.183192
0.462229
0.279050
0.036617
0.514291
0.694195
0.031039
0.246873
0.042767
0.185855
0.118751
0.067190
0.595949
0.327110
0.310840
0.178404
0.051225
0.292332
0.056962
0.286441
0.305691
0.020018
0.029384
0.188506
0.140844
0.050527
0.045851
0.458333
0.016278
0.480813
0.396376
0.106114
0.015682
0.580907
0.072071
0.191332
0.194149
0.256060
0.664666
0.228877
0.280548
0.412652
0.154664
0.344076
0.428562
0.341252
0.113993
0.207565
0.147808
0.436958
0.028469
0.318373
0.444401
0.467327
0.289537
0.082381
0.324829
0.341515
0.268147
0.264651
0.197073
0.412214
0.211127
0.443199
0.507749
0.273031
0.347597
0.167924
0.005286
0.134864
0.332549
0.045488
0.139804
0.096482
0.212234
0.620202
0.235621
0.131531
0.459284
0.008618
0.149683
0.369265
0.055405
0.291901
0.606729
0.084815
0.163651
0.153918
0.134059
0.480886
0.088311
0.232642
0.253321
0.036355
0.116282
0.019024
0.272204
0.198987
0.156759
0.504916
0.350963
0.193904
0.447797
0.284300
0.241932
0.361280
0.418877
0.102037
0.061964
0.258065
0.229238
0.267781
0.346057
0.179256
0.084210
0.265367
0.206117
0.259870
0.069070
0.095209
0.138304
0.137698
0.627262
0.246774
0.083413
0.223621
0.159870
0.579442
0.229756
0.388484
0.224038
0.253475
0.441619
0.322174
0.654385
0.065872
0.354190
0.531106
0.249238
0.280679
0.082684
0.199653
0.292976
0.324749
0.674545
0.083273
0.401525
0.301783
0.039780
0.446904
0.091658
0.368594
0.190914
0.186595
0.322060
0.214062
0.526227
0.555853
0.420811
0.112696
0.174526
0.587165
0.049968
0.499665
0.169409
0.646757
0.278732
0.277312
0.247498
0.449327
0.371704
0.065974
0.515569
0.270020
0.098081
0.226862
0.075676
0.559693
0.159982
0.620785
0.126708
0.460174
0.006618
0.049997
0.603934
0.657949
0.059770
0.297810
0.010292
0.255099
0.248491
0.058397
0.427858
0.193579
0.440160
0.064633
0.124421
0.183764
0.063731
0.217756
0.443731
0.103069
0.008569
0.317103
0.150244
0.109525
0.052172
0.465980
0.172094
0.459853
0.453397
0.147769
0.064987
0.560031
0.098971
0.207411
0.195387
0.290060
0.703783
0.252349
0.316146
0.408470
0.150168
0.341032
0.473028
0.352007
0.179134
0.304278
0.201865
0.575434
0.081201
0.372074
0.533637
0.568398
0.320348
0.216433
0.403715
0.537793
0.309322
0.113006
0.007921
0.442422
0.197176
0.386915
0.461551
0.129269
0.207778
0.007037
0.128700
0.166633
0.292621
0.071773
0.027884
0.028289
0.198127
0.712363
0.190837
0.205744
0.399353
0.116407
0.193704
0.314602
0.122891
0.335206
0.451812
0.051789
0.064898
0.198960
0.013380
0.508047
0.126814
0.344293
0.187245
0.081514
0.032045
0.110868
0.230086
0.201299
0.103679
0.536365
0.347576
0.214666
0.421477
0.380285
0.228576
0.488329
0.369217
0.079810
0.210944
0.258472
0.242521
0.245699
0.287853
0.271762
0.007664
0.281453
0.231584
0.358413
0.016711
0.153408
0.111901
0.021687
0.518018
0.126380
0.045621
0.156267
0.271844
0.528723
0.302774
0.446358
0.332591
0.244559
0.514329
0.399728
0.461463
0.150416
0.403792
0.595791
0.224045
0.242260
0.007386
0.194460
0.286781
0.413834
0.697177
0.175735
0.635337
0.211851
0.242214
0.399257
0.076045
0.423889
0.049832
0.095308
0.490293
0.262940
0.657849
0.593954
0.490832
0.096751
0.162286
0.479753
0.153625
0.577527
0.109204
0.663537
0.306748
0.218134
0.178330
0.406060
0.445337
0.000847
0.358299
0.241816
0.045261
0.222171
0.270020
0.536879
0.070837
0.742596
0.055570
0.454259
0.149023
0.106720
0.589659
0.540041
0.107764
0.358261
0.094740
0.317632
0.405964
0.179265
0.252110
0.139611
0.497134
0.080303
0.146084
0.087152
0.006004
0.145588
0.436599
0.185997
0.028653
0.348228
0.089945
0.165661
0.114446
0.424095
0.351131
0.448549
0.523583
0.138395
0.150869
0.524739
0.129725
0.196489
0.186132
0.295577
0.689660
0.262673
0.314225
0.400384
0.127033
0.311958
0.442538
0.438835
0.224453
0.397233
0.288201
0.557062
0.232485
0.396614
0.555894
0.616408
0.299949
0.314626
0.382341
0.646325
0.345812
0.033255
0.202015
0.434576
0.187556
0.249213
0.364168
0.053501
0.075139
0.163628
0.272021
0.194523
0.238774
0.120959
0.047654
0.205855
0.151420
0.632808
0.084525
0.304391
0.367429
0.208384
0.225640
0.265001
0.149785
0.317603
0.310691
0.294623
0.014479
0.277335
0.115342
0.411367
0.142886
0.478532
0.140094
0.270368
0.024013
0.204040
0.167646
0.208935
0.063761
0.483601
0.354654
0.224240
0.323924
0.418726
0.209291
0.522419
0.306171
0.085313
0.284531
0.224384
0.201915
0.192289
0.292950
0.391161
0.009934
0.314726
0.218987
0.434127
0.053898
0.252048
0.139586
0.233470
0.485928
0.026013
0.124864
0.089184
0.384319
0.429975
0.407826
0.478791
0.412581
0.194422
0.508302
0.487262
0.222033
0.281038
0.473565
0.568750
0.151547
0.223090
0.041160
0.256082
0.268302
0.399572
0.659307
0.271254
0.755606
0.164805
0.413927
0.312649
0.091611
0.484779
0.063279
0.061191
0.586227
0.290597
0.674782
0.532809
0.511765
0.101259
0.230831
0.371812
0.336328
0.591932
0.044697
0.486999
0.389767
0.199763
0.087688
0.331257
0.490756
0.110998
0.207011
0.287732
0.024965
0.270217
0.402635
0.478365
0.031266
0.755588
0.044516
0.490098
0.214179
0.139934
0.559916
0.396708
0.153168
0.431795
0.188601
0.398778
0.506340
0.224269
0.126636
0.069859
0.456675
0.182573
0.093437
0.002995
0.060971
0.075319
0.436161
0.266499
0.077968
0.339107
0.013236
0.205391
0.140469
0.377356
0.504311
0.441944
0.596868
0.164343
0.297744
0.448372
0.173192
0.112232
0.173969
0.348761
0.547228
0.181497
0.308025
0.368146
0.124048
0.310080
0.384964
0.425542
0.215991
0.473771
0.395693
0.486280
0.337470
0.287382
0.504819
0.647950
0.318534
0.367482
0.343674
0.654013
0.401605
0.206861
0.414663
0.352232
0.205870
0.133073
0.220386
0.018076
0.096844
0.348167
0.392196
0.205706
0.180878
0.176126
0.077067
0.385617
0.199630
0.429702
0.105037
0.420135
0.314372
0.323733
0.318713
0.218717
0.105643
0.253199
0.163779
0.527671
0.071306
0.363476
0.099224
0.354717
0.187829
0.569186
0.054440
0.495795
0.004398
0.310819
0.108916
0.343264
0.027351
0.400871
0.357511
0.251920
0.191935
0.465728
0.214187
0.542020
0.228342
0.133612
0.282163
0.217386
0.181837
0.160514
0.338101
0.529868
0.044740
0.338676
0.199512
0.372946
0.050745
0.286241
0.151498
0.483722
0.493592
0.053459
0.227522
0.008945
0.430627
0.276810
0.488238
0.451798
0.504312
0.164814
0.527906
0.524361
0.019836
0.404166
0.436870
0.500242
0.038460
0.134650
0.085791
0.279162
0.205047
0.332045
0.550244
0.373752
0.702460
0.083072
0.534614
0.214522
0.105278
0.436696
0.094901
0.036600
0.600116
0.164863
0.701365
0.441002
0.530998
0.090062
0.274947
0.287755
0.459805
0.501483
0.153028
0.284608
0.441594
0.214703
0.085277
0.272840
0.557071
0.247304
0.105504
0.326069
0.038978
0.334037
0.461664
0.349724
0.107751
0.664684
0.057445
0.498175
0.184423
0.200731
0.424792
0.335479
0.094571
0.399483
0.273738
0.478797
0.610611
0.196625
0.048886
0.094288
0.289327
0.247238
0.049186
0.080650
0.113703
0.027939
0.387270
0.313422
0.168176
0.291104
0.087305
0.256183
0.192248
0.352041
0.578359
0.397713
0.644033
0.120762
0.467377
0.329346
0.252759
0.092761
0.213961
0.425113
0.330055
0.024826
0.275207
0.303920
0.137391
0.258427
0.265668
0.426503
0.243573
0.481134
0.538319
0.341980
0.443835
0.268651
0.401085
0.556383
0.303248
0.349680
0.325858
0.565365
0.401654
0.292930
0.512329
0.169676
0.314232
0.033709
0.026292
0.037347
0.151823
0.486270
0.449653
0.255440
0.165524
0.156209
0.063564
0.526244
0.226033
0.175208
0.291062
0.454739
0.303009
0.337915
0.397574
0.146326
0.051696
0.215166
0.013767
0.652058
0.133014
0.450877
0.050169
0.229530
0.213398
0.594007
0.242683
0.662218
0.129267
0.345201
0.100818
0.395539
0.079272
0.280082
0.349603
0.326790
0.072657
0.514360
0.256763
0.484581
0.185934
0.227049
0.176564
0.233742
0.193274
0.146800
0.405370
0.642536
0.118251
0.325883
0.202942
0.313551
0.029754
0.288741
0.231349
0.632767
0.499949
0.060950
0.363858
0.036924
0.476574
0.208944
0.514118
0.387084
0.573363
0.108491
0.482757
0.520905
0.180036
0.447506
0.437068
0.467648
0.051813
0.130367
0.095614
0.267159
0.187440
0.168098
0.437144
0.452677
0.594895
0.091021
0.531576
0.143788
0.064503
0.363395
0.056884
0.083313
0.432792
0.065583
0.714003
0.273688
0.500214
0.112016
0.288342
0.228169
0.494156
0.420186
0.234640
0.068485
0.501915
0.202902
0.120770
0.194737
0.547979
0.375738
0.042589
0.309454
0.013228
0.362456
0.413287
0.285807
0.126513
0.485971
0.059424
0.455464
0.174826
0.173609
0.283782
0.252299
0.019789
0.400468
0.250708
0.484795
0.589754
0.093655
0.030953
0.074487
0.078616
0.223277
0.004656
0.189315
0.168424
0.093256
0.269888
0.335942
0.170521
0.201369
0.243614
0.268652
0.166239
0.294318
0.565684
0.342828
0.617674
0.072559
0.498134
0.254153
0.330093
0.147402
0.198258
0.515961
0.065407
0.128396
0.239270
0.224977
0.188999
0.235161
0.139228
0.326651
0.216254
0.465226
0.600686
0.297223
0.481437
0.229799
0.239073
0.486294
0.223432
0.320820
0.294564
0.419601
0.425489
0.336844
0.539829
0.044028
0.378263
0.000156
0.074744
0.067942
0.131100
0.563656
0.493919
0.388291
0.231738
0.079373
0.040442
0.583597
0.262346
0.041573
0.438516
0.498008
0.271878
0.226373
0.513076
0.153182
0.229740
0.185025
0.005686
0.608080
0.202645
0.480885
0.069352
0.211695
0.323129
0.516555
0.402256
0.748964
0.316196
0.365526
0.170202
0.439514
0.082778
0.179983
0.325743
0.338441
0.057047
0.484957
0.285112
0.450252
0.166012
0.279796
0.018123
0.276388
0.238424
0.188200
0.429044
0.674446
0.213142
0.373690
0.280254
0.274582
0.084444
0.308123
0.337230
0.645421
0.498987
0.064446
0.389578
0.115529
0.507647
0.212621
0.436192
0.245113
0.570191
0.063319
0.492284
0.439307
0.266060
0.414828
0.440283
0.416374
0.097089
0.143062
0.001843
0.259928
0.154206
0.058787
0.386763
0.492985
0.419527
0.124159
0.544339
0.086927
0.000022
0.268279
0.012674
0.154977
0.238723
0.298978
0.642217
0.130933
0.476155
0.164748
0.292525
0.217470
0.469210
0.317261
0.271304
0.076617
0.461281
0.181043
0.227217
0.146897
0.462203
0.446182
0.099656
0.297135
0.029111
0.381202
0.224651
0.217536
0.035933
0.361530
0.072913
0.392317
0.060677
0.186933
0.164581
0.234531
0.191006
0.324524
0.167314
0.433925
0.426526
0.038519
0.114667
0.179733
0.150432
0.176226
0.052178
0.230014
0.167334
0.179342
0.072945
0.246164
0.161988
0.126973
0.400477
0.267450
0.121813
0.263481
0.483953
0.346146
0.566631
0.048389
0.492186
0.185743
0.375327
0.201703
0.142791
0.547958
0.171002
0.243395
0.150658
0.256790
0.206250
0.224971
0.081656
0.288217
0.185142
0.364026
0.556396
0.248263
0.449762
0.189622
0.077226
0.389258
0.120335
0.251199
0.248012
0.281975
0.429456
0.271800
0.492454
0.021712
0.373039
0.012407
0.075294
0.114027
0.002106
0.520932
0.494453
0.467766
0.301894
0.049998
0.180840
0.566293
0.239006
0.171492
0.498945
0.426919
0.244717
0.005129
0.542442
0.174764
0.377152
0.201902
0.040206
0.535275
0.164394
0.435821
0.148797
0.225108
0.425698
0.307095
0.481263
0.706304
0.428624
0.341792
0.234469
0.437810
0.013174
0.054447
0.316204
0.315103
0.174753
0.353573
0.356492
0.425137
0.134543
0.379559
0.130237
0.288547
0.255156
0.197449
0.442582
0.648480
0.256975
0.329439
0.334318
0.260795
0.103995
0.311956
0.481571
0.499519
0.524280
0.002253
0.416954
0.196819
0.502340
0.278392
0.316845
0.111956
0.526341
0.061061
0.432004
0.310814
0.257100
0.358830
0.475945
0.338341
0.123207
0.193731
0.173607
0.298430
0.219027
0.078793
0.356601
0.527511
0.278187
0.206575
0.482438
0.126877
0.043496
0.216418
0.053932
0.225228
0.048688
0.487028
0.510741
0.043480
0.438089
0.302109
0.349680
0.239355
0.365403
0.197947
0.303205
0.171528
0.442356
0.158843
0.312421
0.123982
0.374664
0.470796
0.195887
0.279039
0.061759
0.395489
0.014524
0.182581
0.096591
0.223164
0.085653
0.327356
0.043891
0.146944
0.088515
0.217894
0.339826
0.297791
0.059345
0.343216
0.218928
0.057729
0.265506
0.196619
0.319666
0.119367
0.093640
0.250210
0.115287
0.245077
0.077746
0.121695
0.113115
0.039366
0.460829
0.234423
0.077415
0.276599
0.435560
0.361220
0.298618
0.100640
0.466285
0.138765
0.354702
0.315234
0.060365
0.447704
0.374528
0.371557
0.112051
0.344773
0.216754
0.259643
0.094358
0.216285
0.156023
0.225071
0.457099
0.236890
0.364666
0.038440
0.088125
0.285539
0.050253
0.179263
0.248053
0.205540
0.453070
0.190673
0.458357
0.010644
0.317185
0.023767
0.029527
0.091495
0.129709
0.342356
0.471613
0.475383
0.383009
0.105953
0.327562
0.462352
0.255856
0.215150
0.518502
0.346022
0.153121
0.179783
0.545855
0.260854
0.438181
0.194289
0.093068
0.392729
0.086748
0.390745
0.302494
0.257320
0.591929
0.145004
0.548766
0.587227
0.390934
0.321774
0.292947
0.495421
0.107862
0.050307
0.267589
0.287484
0.270575
0.228413
0.442223
0.425293
0.146725
0.447745
0.222334
0.420642
0.307888
0.266682
0.436799
0.576592
0.232192
0.350964
0.416945
0.292937
0.067150
0.313406
0.515536
0.373026
0.466035
0.031246
0.490747
0.293583
0.424405
0.362666
0.176926
0.019440
0.500858
0.095093
0.397809
0.160830
0.171231
0.254653
0.438572
0.229773
0.162678
0.267942
0.350494
0.322074
0.231131
0.187759
0.267637
0.531998
0.128030
0.286748
0.461038
0.207613
0.103413
0.227965
0.122633
0.299134
0.055396
0.684303
0.366268
0.058374
0.406804
0.429048
0.390425
0.266767
0.251926
0.048231
0.338661
0.111795
0.408286
0.179715
0.392212
0.140309
0.241387
0.486578
0.324008
0.248561
0.019063
0.312836
0.205032
0.127018
0.225570
0.061193
0.122955
0.223244
0.194656
0.181998
0.063916
0.214263
0.459952
0.200644
0.040349
0.264270
0.099043
0.128657
0.417464
0.209384
0.405865
0.093126
0.099480
0.180554
0.105209
0.311290
0.171301
0.027926
0.060413
0.015782
0.425568
0.238343
0.051551
0.347648
0.392157
0.377287
0.035980
0.136873
0.370353
0.123517
0.359833
0.379729
0.019055
0.333809
0.486535
0.498315
0.151751
0.439481
0.189536
0.266221
0.130144
0.203873
0.157486
0.115173
0.332042
0.227573
0.273886
0.062104
0.084090
0.110086
0.069749
0.048717
0.289116
0.169061
0.447108
0.063823
0.404256
0.128046
0.243462
0.098923
0.057564
0.087418
0.290175
0.102022
0.464643
0.380645
0.345155
0.193143
0.425271
0.353438
0.268003
0.166908
0.428407
0.292977
0.086934
0.345209
0.515803
0.328342
0.466596
0.188568
0.146173
0.254275
0.004060
0.325746
0.460491
0.325228
0.642802
0.009248
0.576179
0.385054
0.294101
0.282025
0.380755
0.467808
0.235201
0.092864
0.225197
0.233841
0.344532
0.104673
0.449149
0.375640
0.211298
0.494699
0.320154
0.568919
0.338944
0.244873
0.445754
0.483553
0.234637
0.348904
0.398400
0.289283
0.032204
0.186324
0.487799
0.238778
0.416089
0.178300
0.585181
0.400851
0.308761
0.436507
0.071180
0.027363
0.364021
0.126467
0.244759
0.067908
0.051290
0.178954
0.381766
0.186996
0.204853
0.350073
0.512904
0.364016
0.301373
0.305315
0.204529
0.468868
0.111273
0.379003
0.445649
0.314640
0.160157
0.314297
0.115582
0.346613
0.094073
0.747409
0.255290
0.134476
0.356298
0.420713
0.381995
0.220906
0.121048
0.106863
0.330696
0.014983
0.366547
0.141919
0.395320
0.196854
0.164649
0.510870
0.406117
0.250783
0.097944
0.257453
0.302240
0.157169
0.328371
0.094137
0.191080
0.137373
0.279858
0.210597
0.108230
0.226005
0.483380
0.234151
0.192610
0.225284
0.105214
0.199820
0.524535
0.193433
0.460855
0.003276
0.096340
0.099802
0.055378
0.380095
0.260619
0.132419
0.050712
0.041775
0.262688
0.192089
0.031429
0.456295
0.355299
0.424514
0.134076
0.166915
0.219508
0.165917
0.348024
0.393705
0.021913
0.161444
0.517620
0.573416
0.232523
0.485329
0.180298
0.264198
0.198384
0.148580
0.146061
0.056651
0.255183
0.343306
0.160756
0.117588
0.054824
0.007342
0.166501
0.024058
0.357051
0.161792
0.404987
0.075133
0.361207
0.257765
0.183126
0.099689
0.124560
0.095271
0.421137
0.089568
0.391561
0.297299
0.290723
0.268925
0.433893
0.186082
0.258948
0.073993
0.324021
0.297894
0.038734
0.461446
0.445407
0.418375
0.418987
0.161919
0.206995
0.117612
0.092643
0.262904
0.546527
0.303715
0.692681
0.144819
0.520974
0.289995
0.192539
0.264938
0.540806
0.462919
0.317349
0.132614
0.224316
0.262927
0.347757
0.042394
0.448106
0.312846
0.290642
0.497053
0.332194
0.740738
0.401584
0.228464
0.386139
0.400982
0.188861
0.336986
0.428340
0.388520
0.073571
0.026541
0.407298
0.186341
0.331987
0.284257
0.623783
0.511087
0.164292
0.445284
0.033203
0.082070
0.246956
0.139415
0.118068
0.068644
0.129146
0.164558
0.320453
0.191128
0.275102
0.495629
0.660011
0.374763
0.333223
0.432221
0.173057
0.443178
0.192938
0.425490
0.438612
0.358394
0.204303
0.360997
0.124118
0.437525
0.004129
0.682533
0.190221
0.218884
0.365331
0.334100
0.319035
0.182319
0.114412
0.252788
0.312312
0.172707
0.248525
0.096010
0.456076
0.243533
0.050652
0.498899
0.453009
0.263268
0.176015
0.186558
0.355438
0.147563
0.428052
0.223562
0.283752
0.073309
0.453277
0.251420
0.225439
0.252520
0.492807
0.201607
0.300957
0.186057
0.157911
0.224644
0.523148
0.292838
0.415390
0.080210
0.036323
0.032637
0.065964
0.384966
0.344037
0.231444
0.022461
0.108306
0.122618
0.074849
0.067547
0.475899
0.284583
0.424468
0.158423
0.225490
0.108525
0.182478
0.320881
0.345067
0.014220
0.060868
0.380938
0.527406
0.338584
0.420509
0.146668
0.203283
0.255319
0.089161
0.166247
0.071000
0.222442
0.442982
0.103413
0.120196
0.256768
0.072121
0.241312
0.014053
0.406133
0.107535
0.405169
0.199184
0.206401
0.389782
0.101654
0.093381
0.223596
0.176628
0.490638
0.261446
0.313532
0.232013
0.181637
0.363004
0.442154
0.097816
0.255836
0.069989
0.151710
0.282104
0.030872
0.494152
0.331693
0.483762
0.285398
0.081024
0.298226
0.116937
0.135190
0.195254
0.582685
0.337050
0.540421
0.263660
0.432348
0.247262
0.139533
0.254945
0.591685
0.521642
0.414455
0.015190
0.245334
0.330057
0.329063
0.112497
0.451506
0.297231
0.374922
0.513774
0.232550
0.685857
0.447182
0.155024
0.351573
0.353309
0.164429
0.290146
0.417485
0.447794
0.076686
0.071294
0.294058
0.128326
0.252885
0.397757
0.609117
0.510579
0.026180
0.449185
0.112385
0.136459
0.150196
0.136199
0.126458
0.126540
0.315188
0.205689
0.275313
0.190991
0.293016
0.595226
0.668453
0.361770
0.370535
0.489815
0.130708
0.365022
0.344063
0.430994
0.406553
0.389528
0.201685
0.382375
0.087488
0.508471
0.166981
0.505809
0.175536
0.345554
0.379502
0.229130
0.321595
0.184754
0.111580
0.257594
0.283805
0.360408
0.234873
0.050053
0.514254
0.298880
0.084327
0.421716
0.422652
0.332654
0.251181
0.240480
0.323417
0.225047
0.424038
0.257635
0.402999
0.055295
0.578568
0.302452
0.363754
0.298146
0.468254
0.214471
0.266472
0.176757
0.170094
0.333364
0.480323
0.313418
0.307452
0.121138
0.031865
0.165133
0.000701
0.411125
0.374281
0.253975
0.039354
0.199475
0.083024
0.033747
0.164398
0.386402
0.244976
0.400228
0.070557
0.200434
0.005629
0.262735
0.336483
0.284421
0.061279
0.021397
0.223069
0.425243
0.454931
0.300479
0.154798
0.183190
0.244496
0.066257
0.163046
0.095009
0.151571
0.511174
0.032812
0.134087
0.392237
0.061409
0.219775
0.136519
0.416833
0.104760
0.400764
0.315549
0.101324
0.408637
0.052426
0.001019
0.269000
0.233326
0.503863
0.380918
0.249569
0.225397
0.125911
0.393305
0.417165
0.055400
0.278482
0.260391
0.022410
0.235568
0.051489
0.438795
0.169958
0.416655
0.123638
0.033499
0.468068
0.130209
0.137652
0.161468
0.540745
0.260441
0.346477
0.331535
0.303343
0.251999
0.048709
0.321945
0.554924
0.534403
0.424696
0.122551
0.267838
0.461943
0.330602
0.210185
0.391367
0.258932
0.360111
0.475038
0.094576
0.560083
0.523750
0.054211
0.273824
0.285659
0.126843
0.295884
0.513394
0.551022
0.023964
0.111227
0.142448
0.138790
0.188139
0.403644
0.568954
0.522725
0.042242
0.429544
0.101044
0.266320
0.140822
0.150800
0.239119
0.262610
0.506567
0.182284
0.263767
0.236905
0.327812
0.643277
0.564591
0.400212
0.370103
0.468033
0.157646
0.337592
0.524445
0.419913
0.285865
0.395756
0.209669
0.339901
0.098732
0.610811
0.354529
0.356381
0.211210
0.423646
0.376871
0.130322
0.275784
0.247258
0.123890
0.196897
0.261519
0.581068
0.198374
0.017197
0.524272
0.311751
0.153631
0.248148
0.362824
0.440571
0.349785
0.301592
0.290394
0.235026
0.420135
0.206224
0.528023
0.097801
0.712556
0.306439
0.519199
0.309214
0.352056
0.160794
0.170125
0.187048
0.222334
0.345618
0.383988
0.402409
0.167758
0.113321
0.134408
0.276227
0.036811
0.347847
0.361291
0.294894
0.159399
0.276786
0.200363
0.228647
0.285594
0.318376
0.143508
0.316513
0.028445
0.122543
0.059242
0.281341
0.293766
0.173620
0.196609
0.025614
0.045459
0.350611
0.502145
0.219396
0.241993
0.188862
0.224886
0.110561
0.218503
0.133995
0.039898
0.472612
0.010295
0.008458
0.488889
0.015400
0.153895
0.283964
0.412309
0.164311
0.349076
0.424388
0.026513
0.464606
0.021243
0.098582
0.314328
0.281580
0.435102
0.498220
0.131145
0.215583
0.075249
0.367288
0.384222
0.105207
0.321899
0.453975
0.129358
0.205014
0.122692
0.262400
0.014574
0.287232
0.041537
0.122002
0.534248
0.183991
0.041223
0.107266
0.454961
0.236024
0.141784
0.369486
0.174427
0.275070
0.007681
0.327231
0.460137
0.543476
0.397181
0.263241
0.374836
0.519202
0.328623
0.241552
0.366431
0.231196
0.345086
0.483501
0.021992
0.333594
0.577564
0.101640
0.252073
0.212759
0.096434
0.192990
0.550151
0.599282
0.037149
0.125960
0.036554
0.167717
0.172676
0.418993
0.474468
0.432454
0.117236
0.442638
0.033660
0.421789
0.198846
0.141550
0.293616
0.460107
0.663103
0.125489
0.320841
0.294197
0.320818
0.618753
0.416545
0.449814
0.467218
0.420281
0.212075
0.342936
0.622941
0.304068
0.189011
0.428306
0.200190
0.315609
0.121140
0.706747
0.443865
0.182575
0.348085
0.421743
0.326253
0.055238
0.254129
0.306936
0.120158
0.005767
0.221985
0.756317
0.220038
0.002671
0.454813
0.338417
0.269313
0.043831
0.270483
0.526557
0.404021
0.441363
0.203994
0.301450
0.376984
0.094939
0.639853
0.136179
0.749778
0.285520
0.578413
0.315147
0.180944
0.204660
0.011434
0.225771
0.270096
0.345716
0.284003
0.447315
0.021815
0.096085
0.187376
0.320263
0.129324
0.262628
0.227678
0.251420
0.287178
0.296868
0.307896
0.362228
0.415611
0.167974
0.064290
0.200981
0.104627
0.038779
0.041776
0.287180
0.289856
0.028972
0.313411
0.086111
0.060817
0.265457
0.464108
0.111406
0.344427
0.169059
0.165506
0.181962
0.257290
0.156733
0.043703
0.385454
0.039828
0.147989
0.444965
0.089968
0.080933
0.416657
0.370273
0.258320
0.276083
0.486496
0.081613
0.481456
0.060293
0.160398
0.363136
0.346992
0.340390
0.528807
0.015480
0.289205
0.081726
0.311083
0.340545
0.231838
0.368005
0.508125
0.222872
0.256113
0.192630
0.080937
0.114593
0.189806
0.017490
0.182652
0.540215
0.258385
0.012353
0.091294
0.353187
0.160383
0.003274
0.276979
0.091437
0.359300
0.037537
0.369883
0.298308
0.412332
0.348653
0.327730
0.471273
0.514411
0.378412
0.240942
0.310514
0.208300
0.276574
0.445141
0.040873
0.168473
0.587780
0.158352
0.199838
0.157024
0.069471
0.135614
0.524398
0.676781
0.056738
0.054947
0.054957
0.284436
0.172942
0.368242
0.418217
0.360806
0.162620
0.402327
0.005863
0.580001
0.221024
0.107812
0.147511
0.616324
0.619922
0.045474
0.405928
0.332723
0.275291
0.549937
0.296798
0.560917
0.565718
0.339871
0.234397
0.400194
0.501211
0.151492
0.089213
0.384907
0.283288
0.315765
0.158887
0.653747
0.527590
0.014385
0.438375
0.372062
0.315230
0.010667
0.247915
0.333555
0.147775
0.255868
0.220668
0.713447
0.226666
0.014662
0.354460
0.434641
0.378889
0.152678
0.167993
0.535659
0.417898
0.426776
0.199637
0.293996
0.288305
0.023108
0.630318
0.223229
0.803020
0.288345
0.523768
0.353902
0.096130
0.150116
0.227904
0.259308
0.288961
0.380733
0.209737
0.500365
0.249473
0.004606
0.198899
0.273354
0.140060
0.169459
0.027998
0.204540
0.391676
0.201035
0.298468
0.365056
0.470024
0.051918
0.043410
0.151201
0.211914
0.023478
0.040827
0.292636
0.314918
0.136929
0.456617
0.288609
0.122828
0.194658
0.350401
0.105005
0.388085
0.186297
0.031617
0.325483
0.276169
0.302884
0.155835
0.372526
0.095013
0.332195
0.440246
0.182067
0.054596
0.455678
0.332337
0.326803
0.192924
0.516694
0.118683
0.501935
0.011554
0.188608
0.363354
0.473594
0.236697
0.490280
0.106089
0.322845
0.096092
0.307073
0.333087
0.421714
0.365658
0.472144
0.237334
0.318367
0.262976
0.085681
0.155898
0.177325
0.010709
0.133614
0.464256
0.307227
0.003112
0.061571
0.158771
0.187501
0.035081
0.105643
0.019209
0.435060
0.099540
0.300761
0.106898
0.353939
0.261378
0.297795
0.563444
0.380802
0.428592
0.150525
0.306203
0.219994
0.153573
0.405069
0.025809
0.013777
0.533878
0.102947
0.065021
0.094673
0.092795
0.038343
0.495021
0.610992
0.109210
0.016025
0.103804
0.315913
0.254526
0.272664
0.408316
0.313082
0.145323
0.397424
0.006847
0.653936
0.290745
0.134374
0.070201
0.690124
0.518507
0.034004
0.479328
0.404273
0.191160
0.416072
0.249682
0.683595
0.629327
0.256761
0.235245
0.413936
0.296203
0.046277
0.025254
0.361449
0.466501
0.297538
0.155292
0.562833
0.534594
0.115958
0.487623
0.272940
0.230300
0.004544
0.330452
0.328357
0.194283
0.534732
0.236935
0.548712
0.271493
0.037449
0.298035
0.499047
0.498662
0.311546
0.078071
0.422234
0.313245
0.423893
0.131786
0.282870
0.217702
0.023025
0.603833
0.342688
0.727817
0.270847
0.400015
0.425522
0.062283
0.198018
0.406045
0.212414
0.293813
0.415357
0.228574
0.406463
0.401119
0.039350
0.228707
0.124659
0.199966
0.061596
0.127177
0.146974
0.448795
0.074046
0.203019
0.320878
0.501183
0.093535
0.024794
0.093028
0.370538
0.042839
0.125951
0.396972
0.282135
0.186462
0.511803
0.384107
0.236670
0.158313
0.229963
0.102488
0.415733
0.246493
0.066378
0.412551
0.235878
0.418027
0.202391
0.376244
0.171660
0.472834
0.295659
0.246970
0.067749
0.475914
0.220769
0.381306
0.103058
0.453420
0.090021
0.487583
0.150016
0.181895
0.415979
0.553710
0.122422
0.270005
0.099015
0.463812
0.101335
0.225065
0.322489
0.569608
0.345937
0.291937
0.155433
0.343651
0.271881
0.146977
0.176906
0.219567
0.007607
0.007995
0.384429
0.276409
0.075954
0.027427
0.023505
0.169674
0.044423
0.155113
0.062438
0.496563
0.135961
0.234965
0.007988
0.280389
0.181012
0.181527
0.582874
0.314792
0.452074
0.076081
0.256402
0.212651
0.049904
0.325693
0.020480
0.002938
0.388240
0.077786
0.181356
0.104942
0.165939
0.051619
0.522561
0.532696
0.139199
0.100494
0.072754
0.413922
0.302336
0.104577
0.417550
0.314730
0.057502
0.392418
0.007047
0.603019
0.319902
0.115849
0.319952
0.633643
0.372988
0.030480
0.484802
0.465104
0.096652
0.301972
0.153679
0.732344
0.614449
0.197243
0.199758
0.362596
0.079692
0.009708
0.001805
0.315707
0.622698
0.352959
0.196104
0.544222
0.563037
0.174010
0.423496
0.200471
0.190572
0.070883
0.435172
0.336278
0.313406
0.745206
0.204579
0.318898
0.295073
0.113924
0.270803
0.540992
0.574992
0.346561
0.022778
0.260375
0.182308
0.222724
0.131259
0.290151
0.119323
0.118961
0.513837
0.431866
0.655869
0.276534
0.258482
0.436971
0.131469
0.174160
0.544134
0.212764
0.247708
0.373340
0.265330
0.265274
0.551360
0.119245
0.215055
0.009836
0.179154
0.095404
0.236003
0.125916
0.419481
0.057960
0.029702
0.250852
0.462646
0.082150
0.017538
0.128177
0.475608
0.150606
0.243062
0.453139
0.265402
0.156966
0.432234
0.523522
0.371252
0.110917
0.169013
0.237180
0.441035
0.373160
0.079602
0.509317
0.225971
0.490833
0.223372
0.430426
0.220265
0.557248
0.222011
0.342733
0.090404
0.409273
0.098551
0.412506
0.108158
0.324946
0.020538
0.521740
0.238126
0.155710
0.432015
0.565340
0.013589
0.005938
0.033461
0.577469
0.084786
0.182960
0.319499
0.620900
0.321520
0.113872
0.011309
0.323657
0.251449
0.144463
0.099998
0.239759
0.046949
0.187730
0.241407
0.257050
0.164206
0.006999
0.074040
0.272572
0.162514
0.424345
0.067614
0.450578
0.076981
0.165602
0.064177
0.249771
0.134495
0.080162
0.497625
0.280667
0.519990
0.059092
0.199045
0.316775
0.013051
0.305350
0.080461
0.048413
0.220859
0.235507
0.348923
0.180510
0.202531
0.031009
0.431418
0.354043
0.214990
0.199326
0.017935
0.444448
0.377586
0.024615
0.451182
0.296569
0.071168
0.409473
0.059475
0.464242
0.363844
0.097641
0.433072
0.452596
0.348063
0.099814
0.435104
0.477256
0.011852
0.184189
0.062456
0.681500
0.507658
0.098165
0.188196
0.302160
0.087371
0.001936
0.134833
0.355639
0.694893
0.384936
0.197976
0.457741
0.536369
0.141985
0.350960
0.197410
0.202396
0.207094
0.501056
0.342490
0.376703
0.768799
0.149789
0.110727
0.381295
0.203798
0.268913
0.520883
0.544628
0.319017
0.016270
0.106148
0.068072
0.109423
0.073219
0.328575
0.051865
0.278195
0.354360
0.473435
0.463589
0.264979
0.112051
0.478320
0.114103
0.251436
0.614449
0.274992
0.256074
0.348073
0.363922
0.106076
0.587744
0.152939
0.161057
0.121988
0.226361
0.254936
0.240791
0.106413
0.320405
0.120705
0.096021
0.190546
0.393186
0.003647
0.031371
0.224366
0.491946
0.266500
0.348772
0.500742
0.264478
0.055064
0.234353
0.574410
0.475239
0.075840
0.180205
0.384637
0.376093
0.482779
0.059014
0.543070
0.198636
0.478395
0.200052
0.433910
0.211622
0.526750
0.153550
0.458159
0.091667
0.272211
0.013657
0.451525
0.117028
0.175131
0.099425
0.582802
0.335069
0.151421
0.414634
0.479673
0.040252
0.351429
0.146957
0.620254
0.064255
0.155433
0.298553
0.563780
0.266620
0.041867
0.179633
0.317879
0.227246
0.099335
0.019370
0.278282
0.084485
0.357068
0.038293
0.218518
0.265406
0.079599
0.101232
0.373294
0.241365
0.589358
0.013807
0.395810
0.049180
0.225886
0.101492
0.141768
0.110458
0.006835
0.346537
0.276966
0.489323
0.168788
0.186749
0.474163
0.020176
0.256884
0.176644
0.213059
0.053863
0.356937
0.392750
0.329954
0.207500
0.017533
0.278053
0.231195
0.342062
0.272930
0.146243
0.529724
0.414106
0.122947
0.409469
0.351992
0.202307
0.404255
0.182819
0.342922
0.385392
0.080208
0.531596
0.301887
0.353330
0.132094
0.312500
0.455361
0.002281
0.106160
0.022831
0.558736
0.381317
0.050816
0.199590
0.225195
0.158229
0.002722
0.331642
0.346652
0.649158
0.438667
0.169457
0.334627
0.410496
0.032869
0.312148
0.265461
0.239758
0.259639
0.518896
0.359696
0.404711
0.693293
0.115057
0.025428
0.419771
0.260558
0.296280
0.414018
0.431911
0.216666
0.130033
0.001086
0.023116
0.001267
0.044687
0.373993
0.079737
0.387732
0.202916
0.545200
0.303621
0.170470
0.046200
0.468339
0.001034
0.313053
0.534792
0.353433
0.274313
0.279983
0.407999
0.071992
0.526192
0.187902
0.155523
0.280415
0.203848
0.374051
0.198480
0.116952
0.225321
0.125094
0.246377
0.160983
0.391127
0.150357
0.048182
0.335962
0.406801
0.395884
0.403598
0.444651
0.190237
0.086232
0.088198
0.549938
0.549191
0.087096
0.211331
0.521612
0.227408
0.448692
0.017314
0.546761
0.225622
0.417148
0.110906
0.426365
0.253600
0.511515
0.199422
0.578896
0.144668
0.142850
0.115394
0.368907
0.205072
0.021139
0.152555
0.599190
0.371822
0.095343
0.398774
0.345280
0.097194
0.521518
0.313796
0.419097
0.009827
0.172864
0.285131
0.461511
0.233414
0.135452
0.314245
0.262841
0.164869
0.084626
0.146253
0.311950
0.126845
0.490047
0.093827
0.228475
0.322307
0.121737
0.075299
0.483230
0.318702
0.622792
0.077619
0.351485
0.107880
0.191726
0.013041
0.114979
0.108761
0.026164
0.146885
0.304158
0.469025
0.326494
0.199181
0.729249
0.172426
0.217660
0.237077
0.398655
0.026378
0.383439
0.296876
0.521716
0.213210
0.028177
0.122577
0.210014
0.556984
0.306668
0.321655
0.515410
0.336358
0.146690
0.316968
0.379079
0.251129
0.326917
0.285870
0.184253
0.447761
0.064343
0.494381
0.157740
0.382360
0.080470
0.149331
0.387603
0.071851
0.041508
0.097487
0.385988
0.193177
0.030046
0.133061
0.180344
0.117852
0.037207
0.545053
0.333905
0.481334
0.403621
0.130209
0.241552
0.331616
0.076834
0.331845
0.341658
0.255705
0.260052
0.469489
0.395686
0.400506
0.562761
0.124005
0.011689
0.505155
0.307311
0.299747
0.334380
0.359279
0.030696
0.278461
0.031100
0.017416
0.004582
0.041578
0.491299
0.157221
0.459090
0.168177
0.525904
0.131999
0.070366
0.029598
0.453096
0.134146
0.405633
0.425639
0.388775
0.306386
0.195961
0.456986
0.042992
0.357740
0.199667
0.099517
0.384509
0.200015
0.366467
0.186532
0.023415
0.125535
0.033703
0.285473
0.076657
0.314854
0.271004
0.124538
0.435068
0.356963
0.431978
0.341745
0.453188
0.200970
0.168236
0.024314
0.425427
0.528634
0.142960
0.258925
0.595583
0.088593
0.328439
0.152117
0.515211
0.233664
0.365084
0.030543
0.316894
0.294795
0.392271
0.285290
0.649228
0.172280
0.050018
0.125794
0.341957
0.225655
0.100911
0.216457
0.560358
0.417351
0.097523
0.438671
0.229336
0.057290
0.647131
0.489759
0.222379
0.020297
0.228076
0.242643
0.330548
0.198466
0.174532
0.410949
0.210109
0.184246
0.100241
0.298690
0.321565
0.155389
0.573077
0.141224
0.247626
0.378571
0.220235
0.032230
0.506223
0.401610
0.555211
0.180918
0.270571
0.091152
0.080532
0.238245
0.103057
0.061784
0.076614
0.032671
0.379735
0.336999
0.426313
0.212400
0.841031
0.314847
0.201477
0.329063
0.549564
0.007239
0.363340
0.224465
0.632046
0.191776
0.070146
0.067370
0.278077
0.650277
0.296978
0.488786
0.517946
0.296690
0.150951
0.164132
0.480563
0.265583
0.295914
0.419843
0.133517
0.497581
0.075455
0.426701
0.104680
0.413725
0.023359
0.043893
0.355777
0.101664
0.036215
0.166082
0.274946
0.078786
0.003114
0.144530
0.136924
0.000315
0.124242
0.654021
0.263511
0.298058
0.349243
0.171341
0.220287
0.282672
0.115595
0.362474
0.423114
0.304497
0.210422
0.392527
0.440009
0.413977
0.417443
0.185577
0.068344
0.516917
0.330866
0.332494
0.228237
0.307548
0.114598
0.444430
0.007636
0.016734
0.040848
0.050390
0.527068
0.272954
0.356914
0.192328
0.506262
0.012877
0.079024
0.080473
0.366996
0.183562
0.436315
0.261910
0.384699
0.367774
0.062437
0.370695
0.175098
0.190718
0.214561
0.108260
0.443444
0.113715
0.340482
0.207499
0.080765
0.085545
0.083886
0.370441
0.011716
0.189437
0.391607
0.191007
0.538787
0.293693
0.493192
0.223192
0.398097
0.168614
0.232436
0.080596
0.287113
0.465292
0.090092
0.271278
0.569930
0.012317
0.236226
0.243494
0.461095
0.239459
0.317465
0.169287
0.211059
0.354394
0.250488
0.376053
0.652675
0.225209
0.052489
0.030471
0.335362
0.279309
0.154649
0.205290
0.515939
0.370115
0.056756
0.439778
0.179393
0.089249
0.664150
0.635723
0.050128
0.051409
0.321602
0.244408
0.215513
0.171725
0.153773
0.461133
0.173669
0.176612
0.261722
0.399147
0.342864
0.189078
0.538785
0.114050
0.329344
0.401712
0.209435
0.138237
0.545776
0.464064
0.431839
0.255749
0.190312
0.014407
0.024846
0.494942
0.251623
0.023119
0.100448
0.147764
0.435265
0.248751
0.490944
0.235637
0.728390
0.391808
0.182052
0.422104
0.622693
0.070301
0.295845
0.133753
0.620770
0.169388
0.111068
0.072130
0.378143
0.674584
0.297546
0.608280
0.407596
0.156513
0.127258
0.010261
0.500577
0.248175
0.245149
0.487177
0.081350
0.533689
0.112203
0.320371
0.071962
0.478800
0.018865
0.048763
0.335465
0.119743
0.042609
0.127804
0.165589
0.045840
0.016149
0.189215
0.116733
0.205704
0.230078
0.699234
0.249641
0.155211
0.263633
0.198596
0.216143
0.328556
0.144601
0.370189
0.519439
0.393447
0.230769
0.308055
0.456057
0.369805
0.260950
0.314208
0.201180
0.524714
0.290612
0.382511
0.199658
0.277506
0.259070
0.525395
0.102586
0.023198
0.137034
0.086324
0.534895
0.337555
0.244296
0.275094
0.430272
0.022249
0.154456
0.188693
0.291785
0.190618
0.478739
0.148163
0.393278
0.433260
0.005533
0.317266
0.241906
0.054158
0.186946
0.084694
0.397721
0.065821
0.338700
0.177680
0.205324
0.016524
0.194078
0.356790
0.054485
0.012726
0.456716
0.326331
0.582945
0.249718
0.455126
0.062455
0.353210
0.234708
0.229907
0.204035
0.196592
0.337249
0.003801
0.348843
0.448803
0.104952
0.235546
0.248331
0.354196
0.236039
0.295628
0.301881
0.021521
0.394829
0.089609
0.394262
0.529387
0.256863
0.145377
0.157411
0.373749
0.368909
0.126508
0.204659
0.489102
0.358963
0.062960
0.457300
0.263650
0.083997
0.682565
0.722058
0.032270
0.097903
0.316254
0.260723
0.187860
0.241281
0.049502
0.407272
0.240273
0.163202
0.460085
0.419878
0.431342
0.167056
0.428238
0.025039
0.413619
0.426468
0.260880
0.312518
0.581598
0.423327
0.322872
0.313463
0.095951
0.042324
0.033212
0.639566
0.315503
0.055315
0.097631
0.199761
0.416146
0.132089
0.470750
0.280207
0.475110
0.376231
0.169895
0.546309
0.585297
0.131103
0.233538
0.030198
0.528028
0.211497
0.242161
0.117300
0.359304
0.653890
0.340329
0.614644
0.276574
0.052582
0.011897
0.181065
0.484795
0.262003
0.147916
0.558886
0.136063
0.434437
0.202903
0.259968
0.109644
0.556207
0.000928
0.048734
0.264506
0.008683
0.010633
0.046031
0.064371
0.101860
0.027990
0.304852
0.054418
0.395425
0.296350
0.604241
0.229871
0.002684
0.228798
0.216375
0.209021
0.405256
0.157852
0.326401
0.573838
0.462632
0.165335
0.262378
0.429508
0.285696
0.169074
0.339913
0.325858
0.453769
0.263804
0.361041
0.190524
0.254050
0.406420
0.618137
0.234501
0.000711
0.193889
0.186514
0.484284
0.365980
0.190649
0.384996
0.393151
0.066736
0.187231
0.331577
0.169553
0.220288
0.448838
0.073427
0.455926
0.497833
0.067507
0.232487
0.400483
0.086651
0.113877
0.029407
0.295672
0.033175
0.260370
0.004850
0.215781
0.144870
0.175506
0.318496
0.100141
0.058011
0.506667
0.438220
0.552626
0.187152
0.394788
0.041699
0.332349
0.307881
0.244269
0.203547
0.126615
0.239930
0.025404
0.350916
0.314268
0.183967
0.257158
0.176227
0.310727
0.213042
0.323031
0.336052
0.024384
0.372228
0.002867
0.401630
0.368477
0.299427
0.182246
0.381063
0.444407
0.455372
0.038386
0.306317
0.351578
0.314551
0.131319
0.394977
0.322007
0.056566
0.610810
0.582571
0.029965
0.173248
0.360259
0.278600
0.127651
0.246468
0.137777
0.297509
0.303586
0.157171
0.603486
0.376548
0.424254
0.217695
0.266846
0.143043
0.424083
0.469098
0.208649
0.423429
0.489486
0.359883
0.250678
0.205879
0.100286
0.004558
0.030415
0.710191
0.409416
0.146179
0.098897
0.111439
0.383590
0.052907
0.399412
0.324150
0.153018
0.317313
0.231302
0.536879
0.510830
0.239007
0.159343
0.054637
0.408154
0.211437
0.321323
0.221508
0.310546
0.604176
0.351539
0.587098
0.148610
0.009340
0.184021
0.248901
0.409929
0.206493
0.089969
0.544796
0.170310
0.382590
0.257007
0.197098
0.168096
0.641275
0.007999
0.125580
0.170330
0.079655
0.198889
0.066563
0.010216
0.015807
0.063155
0.470724
0.086828
0.564471
0.373539
0.396898
0.300173
0.087938
0.185028
0.339543
0.284011
0.406834
0.224156
0.272890
0.484024
0.497334
0.218048
0.154374
0.466375
0.268422
0.114313
0.373272
0.471778
0.313984
0.318582
0.315888
0.251993
0.208353
0.495802
0.588961
0.263495
0.080719
0.231620
0.298912
0.417725
0.381863
0.175739
0.514349
0.320493
0.232299
0.114169
0.449484
0.112210
0.254371
0.386704
0.030706
0.492249
0.459848
0.089305
0.145156
0.443821
0.154993
0.029399
0.072631
0.234878
0.008744
0.228869
0.216248
0.221000
0.293119
0.143707
0.184041
0.076145
0.160038
0.561344
0.518272
0.449671
0.174577
0.238010
0.059037
0.290707
0.436905
0.202087
0.169781
0.107022
0.066491
0.017009
0.318690
0.152723
0.214141
0.274952
0.144569
0.190478
0.138071
0.351465
0.380051
0.021830
0.298576
0.090993
0.299306
0.222199
0.316783
0.144478
0.546077
0.525125
0.494206
0.071031
0.387493
0.243869
0.255813
0.202554
0.351108
0.456123
0.058353
0.516188
0.422398
0.191785
0.203673
0.339358
0.316887
0.148388
0.260630
0.339006
0.112143
0.392388
0.180115
0.722434
0.353452
0.409699
0.239404
0.122479
0.343872
0.459973
0.427371
0.170483
0.514351
0.419211
0.224115
0.159669
0.149189
0.168015
0.020951
0.054988
0.641945
0.398885
0.276485
0.043063
0.066292
0.336851
0.020470
0.370732
0.425079
0.114613
0.206726
0.273593
0.495785
0.332045
0.313707
0.175856
0.042424
0.267053
0.200033
0.360538
0.247674
0.190725
0.468736
0.396852
0.507225
0.141327
0.014815
0.250027
0.216379
0.326272
0.115256
0.088960
0.518953
0.316889
0.327695
0.321132
0.173203
0.259870
0.679839
0.052245
0.194121
0.039792
0.155687
0.341735
0.185636
0.010843
0.213206
0.084677
0.581543
0.112469
0.629824
0.317904
0.235159
0.343257
0.175441
0.188067
0.431658
0.328543
0.384156
0.189916
0.183232
0.422635
0.464877
0.234818
0.074919
0.490410
0.235945
0.199475
0.303363
0.592952
0.165228
0.374879
0.224342
0.327284
0.197124
0.506164
0.503378
0.336952
0.208924
0.217425
0.416897
0.395530
0.388434
0.221403
0.591781
0.240624
0.386492
0.005088
0.485496
0.104031
0.241626
0.324424
0.036449
0.543207
0.363840
0.103274
0.116909
0.580693
0.172225
0.064188
0.128216
0.155663
0.058559
0.079068
0.397483
0.226658
0.408795
0.040728
0.046243
0.128377
0.172887
0.533673
0.527559
0.380636
0.210142
0.108310
0.019709
0.216022
0.575228
0.175498
0.010452
0.088715
0.104471
0.002613
0.183153
0.076055
0.154907
0.325596
0.079775
0.140589
0.041275
0.304429
0.366702
0.167956
0.256401
0.111284
0.128022
0.131198
0.358817
0.000668
0.660854
0.581149
0.538628
0.234600
0.392581
0.122822
0.153976
0.314014
0.222666
0.542841
0.193603
0.406576
0.233525
0.435083
0.223339
0.361832
0.396040
0.224080
0.283341
0.439473
0.039566
0.370797
0.199165
0.758546
0.354769
0.340392
0.220416
0.010698
0.579945
0.518749
0.359986
0.104795
0.465777
0.278805
0.139424
0.090643
0.133427
0.242074
0.116431
0.003897
0.443327
0.371207
0.378803
0.029091
0.250484
0.321790
0.014808
0.334379
0.491591
0.305512
0.084870
0.290796
0.329677
0.155133
0.332762
0.229825
0.010149
0.133559
0.128671
0.359179
0.259349
0.100990
0.319984
0.439269
0.361595
0.150071
0.030947
0.321770
0.106606
0.281437
0.007546
0.156871
0.391834
0.402728
0.360390
0.365378
0.161976
0.339943
0.698859
0.055317
0.361950
0.014297
0.174549
0.497330
0.312277
0.068052
0.480272
0.137017
0.680922
0.248424
0.602659
0.254727
0.102860
0.370443
0.160973
0.188856
0.472079
0.310168
0.336906
0.163161
0.106909
0.353923
0.386471
0.273012
0.003784
0.422840
0.139744
0.264194
0.251012
0.611457
0.028106
0.325439
0.128935
0.508252
0.222429
0.408726
0.362060
0.377180
0.335971
0.255417
0.547729
0.340262
0.410835
0.242000
0.556749
0.133104
0.468659
0.140163
0.488113
0.098003
0.204091
0.359233
0.095902
0.503530
0.283997
0.083512
0.183256
0.607523
0.215489
0.155953
0.204129
0.052336
0.119684
0.046684
0.404937
0.260390
0.454012
0.037215
0.152817
0.206581
0.132246
0.423389
0.487068
0.350073
0.240654
0.058814
0.100221
0.160271
0.671711
0.173985
0.169185
0.164478
0.204258
0.094174
0.049065
0.114633
0.020994
0.417643
0.148735
0.122329
0.046217
0.251036
0.401119
0.296702
0.247844
0.112135
0.020665
0.167432
0.381779
0.205650
0.672659
0.510357
0.475212
0.422580
0.359677
0.000965
0.106773
0.441473
0.099161
0.632741
0.345104
0.352649
0.068223
0.625711
0.201094
0.283193
0.436973
0.301284
0.292027
0.442794
0.094854
0.365345
0.270985
0.721843
0.320725
0.278866
0.202252
0.052030
0.700588
0.457149
0.310079
0.065641
0.382782
0.117941
0.148551
0.057106
0.148480
0.347861
0.237217
0.049953
0.214697
0.361624
0.421397
0.130448
0.457452
0.310391
0.055954
0.286629
0.503562
0.304052
0.056931
0.328546
0.182742
0.021370
0.359520
0.202667
0.017802
0.030314
0.014239
0.327596
0.249693
0.031738
0.170146
0.417733
0.267494
0.274033
0.064540
0.374011
0.131560
0.268684
0.057346
0.260429
0.275789
0.510271
0.337038
0.336867
0.238846
0.466856
0.635008
0.113650
0.519347
0.012841
0.217974
0.576951
0.289567
0.133135
0.631657
0.224295
0.669477
0.394749
0.559957
0.220824
0.043273
0.389656
0.101374
0.212899
0.591493
0.330696
0.266756
0.150397
0.109344
0.253135
0.312615
0.281126
0.037268
0.320430
0.036737
0.341760
0.123071
0.567905
0.030187
0.264441
0.041022
0.557572
0.217795
0.183501
0.202128
0.422117
0.367692
0.284489
0.615062
0.311491
0.457580
0.225580
0.467425
0.059742
0.392171
0.269218
0.431692
0.126817
0.127838
0.454060
0.191417
0.385300
0.244409
0.092753
0.187568
0.645084
0.251185
0.212906
0.193571
0.046228
0.252502
0.139150
0.257465
0.239839
0.387322
0.119470
0.312782
0.292614
0.078114
0.347133
0.293843
0.314031
0.232846
0.246217
0.161135
0.086909
0.568507
0.163474
0.363739
0.192561
0.186951
0.187994
0.127375
0.185519
0.116437
0.464139
0.205834
0.133243
0.135283
0.195069
0.354716
0.436405
0.259084
0.104349
0.092160
0.209633
0.326088
0.348012
0.578356
0.408693
0.405506
0.611646
0.257593
0.055848
0.092276
0.508167
0.047529
0.562770
0.441928
0.332305
0.107164
0.731595
0.144244
0.289845
0.441704
0.368490
0.342031
0.324381
0.086847
0.439362
0.319144
0.541596
0.368621
0.279852
0.151664
0.009739
0.629649
0.430755
0.261876
0.000579
0.293261
0.011448
0.185857
0.110751
0.217866
0.418284
0.333172
0.105998
0.016902
0.345891
0.375670
0.279937
0.545910
0.320570
0.028862
0.275581
0.404883
0.236155
0.130721
0.282544
0.078504
0.078947
0.371092
0.137585
0.117353
0.015351
0.008414
0.269145
0.166554
0.010075
0.175540
0.361077
0.238301
0.325561
0.182871
0.418104
0.353304
0.284791
0.017437
0.386658
0.257799
0.528001
0.256837
0.344207
0.305275
0.452027
0.454488
0.116043
0.588821
0.041425
0.233199
0.550810
0.313566
0.197034
0.610606
0.369475
0.585871
0.491025
0.343491
0.193422
0.022757
0.421471
0.076660
0.273549
0.577495
0.295760
0.280503
0.065878
0.097629
0.189849
0.234941
0.279556
0.128531
0.204493
0.134029
0.414865
0.081930
0.388164
0.042185
0.132807
0.004930
0.615626
0.260608
0.034121
0.158664
0.490941
0.417635
0.406945
0.620934
0.274656
0.521595
0.225685
0.367241
0.040004
0.314825
0.400445
0.363091
0.194549
0.149627
0.586293
0.300945
0.343126
0.327994
0.023800
0.277719
0.524468
0.285328
0.264178
0.239887
0.128297
0.279511
0.186157
0.058837
0.100137
0.366893
0.293543
0.508149
0.288607
0.013724
0.260702
0.161489
0.322041
0.176482
0.300847
0.317904
0.045746
0.464600
0.121202
0.546222
0.247224
0.032144
0.329946
0.208311
0.252367
0.277731
0.448713
0.305376
0.141038
0.129411
0.172515
0.399102
0.420539
0.351701
0.007430
0.083363
0.313141
0.242747
0.399275
0.384037
0.280261
0.274331
0.707868
0.147622
0.082285
0.076599
0.476160
0.064250
0.470050
0.469325
0.370323
0.164264
0.672212
0.024488
0.215367
0.354173
0.372540
0.378351
0.186435
0.007900
0.529935
0.388652
0.334272
0.391159
0.262352
0.106395
0.017433
0.445672
0.342447
0.218393
0.041702
0.229355
0.066226
0.262482
0.144753
0.273380
0.467570
0.365105
0.067963
0.145150
0.373350
0.210936
0.366257
0.582514
0.355160
0.088365
0.320359
0.275469
0.050404
0.152737
0.310371
0.021875
0.053975
0.389411
0.032465
0.275682
0.060375
0.051282
0.179589
0.126290
0.105987
0.127589
0.272756
0.210163
0.483845
0.339571
0.275117
0.570840
0.283529
0.025606
0.545186
0.246858
0.537726
0.205638
0.295311
0.446451
0.451506
0.292805
0.126608
0.569710
0.055787
0.234956
0.432622
0.289751
0.253601
0.579367
0.423186
0.416965
0.567155
0.140282
0.272908
0.115824
0.469517
0.014919
0.339201
0.481614
0.283936
0.324733
0.013261
0.203440
0.198345
0.159004
0.296027
0.264736
0.186179
0.249952
0.507781
0.232095
0.233864
0.139500
0.131909
0.118686
0.518499
0.297787
0.277800
0.180829
0.563329
0.457742
0.405979
0.531039
0.263606
0.516709
0.170290
0.272906
0.095745
0.219214
0.465773
0.266202
0.261815
0.186216
0.582955
0.364753
0.294198
0.456215
0.094047
0.292500
0.355885
0.241106
0.278740
0.251402
0.172570
0.321578
0.153201
0.188336
0.022164
0.307717
0.372060
0.575886
0.212155
0.047534
0.218807
0.036247
0.307555
0.200292
0.322138
0.374219
0.063469
0.269954
0.069854
0.657683
0.298145
0.127294
0.427756
0.194013
0.299708
0.400366
0.362103
0.207524
0.243587
0.057026
0.245025
0.259409
0.437054
0.328281
0.115267
0.026821
0.407517
0.149792
0.412574
0.256730
0.222516
0.176323
0.675942
0.084327
0.036065
0.106711
0.415823
0.122723
0.307652
0.416614
0.466963
0.100567
0.542660
0.053908
0.205715
0.284302
0.376870
0.303563
0.067032
0.077629
0.582559
0.423436
0.145729
0.402148
0.270573
0.068606
0.099776
0.333834
0.349335
0.182310
0.023585
0.148260
0.022552
0.310657
0.086103
0.299743
0.358052
0.332681
0.013507
0.122562
0.362975
0.000522
0.471767
0.503616
0.393877
0.113229
0.337474
0.086681
0.111004
0.049810
0.289201
0.142179
0.041505
0.462866
0.066590
0.468982
0.166993
0.053378
0.054039
0.107677
0.241351
0.045955
0.139921
0.144047
0.591329
0.442725
0.191974
0.623764
0.268319
0.091551
0.645349
0.216139
0.440807
0.177656
0.261264
0.523663
0.370512
0.189538
0.074217
0.562406
0.149367
0.257782
0.349197
0.303245
0.389189
0.476894
0.515575
0.327025
0.565587
0.041487
0.337797
0.217177
0.460101
0.070948
0.391152
0.330475
0.282646
0.340844
0.002449
0.385641
0.242856
0.067043
0.269209
0.438173
0.131250
0.302544
0.536253
0.276212
0.072607
0.265759
0.125154
0.305232
0.389130
0.416915
0.478392
0.287535
0.634574
0.482501
0.451237
0.410473
0.293013
0.522331
0.048760
0.217429
0.213245
0.191625
0.503553
0.259138
0.341751
0.197347
0.598187
0.335798
0.275628
0.642678
0.166396
0.367713
0.136451
0.217056
0.301588
0.269477
0.156822
0.289821
0.051561
0.300217
0.137822
0.232293
0.348258
0.559226
0.051599
0.046110
0.184551
0.058605
0.273676
0.203821
0.317950
0.450571
0.130011
0.112089
0.022558
0.586846
0.358614
0.275421
0.532470
0.044935
0.376674
0.487688
0.317534
0.142085
0.436896
0.134529
0.297529
0.135385
0.347936
0.246329
0.209994
0.005506
0.524454
0.065378
0.386168
0.173987
0.124586
0.064115
0.546024
0.091524
0.020956
0.124758
0.336290
0.207632
0.242895
0.326489
0.446223
0.060538
0.415008
0.075459
0.098208
0.236365
0.388708
0.222632
0.044182
0.142326
0.558884
0.365090
0.075588
0.361269
0.245846
0.087618
0.169433
0.221768
0.295669
0.082807
0.053490
0.114130
0.143772
0.325916
0.023558
0.274577
0.283442
0.336042
0.120860
0.043757
0.349799
0.134707
0.558381
0.483374
0.381034
0.107935
0.395451
0.078395
0.308065
0.143734
0.278729
0.174917
0.161886
0.494315
0.076908
0.559029
0.298062
0.004440
0.000633
0.128062
0.387105
0.063693
0.123030
0.126385
0.594762
0.587346
0.141661
0.592093
0.222306
0.174105
0.553518
0.140220
0.338597
0.207942
0.197137
0.615018
0.342543
0.138184
0.069818
0.463122
0.299586
0.272219
0.254059
0.217886
0.419337
0.317952
0.553993
0.211943
0.457563
0.116447
0.278847
0.378965
0.435318
0.136859
0.458729
0.251572
0.344749
0.333832
0.043196
0.530491
0.364609
0.054889
0.230689
0.599086
0.135258
0.262209
0.535956
0.216837
0.054888
0.362662
0.134546
0.497909
0.246155
0.500759
0.516586
0.383045
0.740683
0.454953
0.436724
0.246665
0.374122
0.480925
0.039773
0.209719
0.315491
0.255230
0.443245
0.276438
0.417254
0.166909
0.482182
0.363113
0.238360
0.666376
0.151306
0.404558
0.015772
0.162889
0.260032
0.220849
0.208075
0.312334
0.011152
0.377808
0.137922
0.081637
0.203589
0.451110
0.036370
0.118604
0.142435
0.090381
0.265319
0.208541
0.204861
0.414563
0.244330
0.052565
0.007478
0.456303
0.388993
0.357264
0.534183
0.134889
0.495354
0.463646
0.280914
0.127393
0.605410
0.299805
0.274636
0.019316
0.348697
0.153359
0.280389
0.059818
0.506627
0.037629
0.296111
0.176139
0.097416
0.031971
0.386464
0.075876
0.178099
0.111702
0.260535
0.249008
0.162299
0.232931
0.302019
0.200956
0.270749
0.012011
0.067394
0.238413
0.328983
0.151041
0.100090
0.174607
0.425848
0.258193
0.252736
0.314605
0.212088
0.114147
0.160911
0.146897
0.282810
0.011958
0.123672
0.106491
0.366545
0.327897
0.056861
0.258977
0.236978
0.279486
0.176753
0.262223
0.341312
0.156178
0.552301
0.417435
0.339303
0.086803
0.413729
0.180024
0.477472
0.312114
0.258870
0.185314
0.273538
0.512670
0.005565
0.495731
0.446574
0.090476
0.037380
0.176397
0.487637
0.133498
0.109847
0.105845
0.498082
0.628149
0.127612
0.543841
0.237960
0.226677
0.491062
0.073074
0.200756
0.269258
0.156925
0.611262
0.311871
0.053373
0.018420
0.395692
0.444096
0.260896
0.197078
0.121395
0.456555
0.178073
0.509881
0.253423
0.329687
0.129062
0.145344
0.486958
0.438076
0.256758
0.521700
0.156890
0.376752
0.312150
0.008628
0.641452
0.456937
0.098062
0.252282
0.700898
0.190426
0.169917
0.463180
0.057154
0.108761
0.421219
0.161353
0.646010
0.169631
0.493942
0.414184
0.467620
0.722813
0.323876
0.463881
0.074775
0.408002
0.456416
0.101616
0.221532
0.389706
0.374831
0.345203
0.302488
0.492706
0.129692
0.391935
0.321868
0.218119
0.572247
0.166357
0.444512
0.039748
0.080647
0.181832
0.133859
0.252316
0.305764
0.067542
0.417240
0.067862
0.074131
0.031979
0.315734
0.085689
0.204420
0.171162
0.064836
0.317823
0.200369
0.074226
0.379544
0.430119
0.052993
0.022904
0.204455
0.418369
0.361580
0.460549
0.429719
0.581897
0.350515
0.208046
0.200094
0.666205
0.425847
0.279011
0.144574
0.369430
0.079762
0.284189
0.158246
0.455060
0.117262
0.157017
0.209029
0.113417
0.081208
0.193417
0.095851
0.338510
0.116933
0.204856
0.268817
0.138614
0.198993
0.120595
0.321440
0.125829
0.034922
0.026584
0.249965
0.272971
0.164920
0.035819
0.237280
0.248560
0.156172
0.394956
0.273380
0.143342
0.207031
0.098654
0.042294
0.220847
0.002483
0.242966
0.145984
0.568184
0.309195
0.134532
0.225590
0.215049
0.196554
0.249131
0.427995
0.324958
0.069917
0.527523
0.342598
0.257930
0.042817
0.397828
0.220870
0.580973
0.396838
0.231520
0.169072
0.297304
0.421004
0.071352
0.400870
0.532917
0.240813
0.026087
0.268350
0.531481
0.177121
0.117735
0.149577
0.398331
0.628401
0.078559
0.375851
0.294228
0.241062
0.356439
0.082039
0.166801
0.363002
0.109545
0.634763
0.263665
0.023575
0.132350
0.312090
0.577863
0.247770
0.112675
0.014211
0.456697
0.124766
0.352813
0.305781
0.220882
0.021654
0.079301
0.484649
0.454984
0.369625
0.488741
0.046147
0.418520
0.270867
0.048913
0.644951
0.527973
0.164522
0.276749
0.636839
0.249509
0.079923
0.340477
0.072012
0.066153
0.411270
0.182819
0.707665
0.078225
0.466802
0.165454
0.565451
0.587068
0.207150
0.443482
0.082315
0.408750
0.405393
0.072314
0.222376
0.460023
0.470544
0.206122
0.335516
0.527398
0.101264
0.238238
0.214052
0.235481
0.459247
0.143952
0.413098
0.090443
0.026585
0.098015
0.015926
0.285379
0.316924
0.059564
0.441026
0.031480
0.241559
0.094078
0.071978
0.097698
0.352621
0.194811
0.016475
0.331114
0.231290
0.128350
0.214427
0.624987
0.065629
0.045987
0.011280
0.402489
0.389957
0.348068
0.606365
0.581329
0.197450
0.160400
0.287044
0.527803
0.475262
0.344038
0.211549
0.414188
0.080130
0.306963
0.242941
0.343760
0.065229
0.123539
0.248055
0.167172
0.239332
0.024264
0.134878
0.505212
0.144844
0.150123
0.297590
0.109451
0.146913
0.021261
0.406606
0.004108
0.110313
0.089571
0.255588
0.222963
0.207467
0.114751
0.229144
0.103714
0.073842
0.356509
0.208012
0.133911
0.283869
0.034402
0.043225
0.220954
0.017478
0.322525
0.201395
0.693365
0.354111
0.204639
0.210121
0.168961
0.130331
0.211451
0.609253
0.322130
0.040692
0.434011
0.222857
0.210964
0.003047
0.364072
0.116370
0.660293
0.407237
0.207574
0.109176
0.291845
0.273831
0.162497
0.327309
0.593852
0.406349
0.024172
0.382654
0.502236
0.212441
0.087420
0.224694
0.334171
0.520367
0.003720
0.181756
0.386730
0.178431
0.332839
0.072768
0.095182
0.496910
0.036428
0.488785
0.205393
0.005906
0.271056
0.278975
0.613749
0.200762
0.138744
0.061343
0.485888
0.165559
0.138413
0.414764
0.186401
0.118053
0.024053
0.465690
0.517581
0.376591
0.427206
0.016444
0.460037
0.227937
0.199448
0.601129
0.507505
0.248758
0.234229
0.492976
0.346670
0.057292
0.217092
0.238081
0.037981
0.390635
0.198581
0.637223
0.040028
0.417505
0.147055
0.658748
0.420661
0.137729
0.439046
0.173054
0.389534
0.330606
0.028406
0.279743
0.455339
0.488173
0.085088
0.294518
0.499719
0.122373
0.125837
0.123071
0.287794
0.352498
0.158603
0.375866
0.210706
0.118101
0.032186
0.037908
0.308761
0.281928
0.085222
0.430991
0.001098
0.341321
0.190945
0.123534
0.119257
0.450668
0.283027
0.052435
0.356200
0.314937
0.281477
0.125963
0.764611
0.122986
0.160741
0.202715
0.372618
0.399394
0.199135
0.677564
0.505009
0.079554
0.132737
0.385293
0.426250
0.427364
0.375628
0.087282
0.410258
0.062293
0.303364
0.352435
0.301478
0.015767
0.107752
0.336595
0.253070
0.399512
0.167914
0.277497
0.554128
0.168898
0.077744
0.327821
0.138711
0.094504
0.065611
0.469126
0.041991
0.220352
0.118412
0.239101
0.241257
0.307550
0.261783
0.208203
0.006952
0.064838
0.267161
0.169086
0.120642
0.318231
0.000220
0.036568
0.167037
0.098964
0.391951
0.295347
0.647377
0.354727
0.213128
0.153930
0.145129
0.128659
0.153913
0.656284
0.301761
0.189109
0.380445
0.113785
0.252087
0.132614
0.289258
0.079729
0.710656
0.348882
0.194681
0.011379
0.238950
0.133452
0.254969
0.300256
0.512051
0.516437
0.077377
0.447367
0.435905
0.165929
0.083981
0.311659
0.295119
0.492048
0.029123
0.054389
0.462624
0.162556
0.252818
0.090153
0.115554
0.556639
0.034042
0.384516
0.154240
0.021287
0.367908
0.263285
0.546733
0.115011
0.189042
0.086326
0.493389
0.260999
0.074468
0.492006
0.147242
0.309172
0.035847
0.392117
0.531101
0.379079
0.330904
0.015876
0.481234
0.181492
0.300458
0.477559
0.495647
0.395213
0.175916
0.305386
0.425988
0.161049
0.145147
0.433014
0.188601
0.329449
0.178820
0.444513
0.068928
0.371689
0.441736
0.637133
0.268960
0.094822
0.367644
0.247799
0.349417
0.235300
0.005783
0.348553
0.448483
0.426584
0.013576
0.244920
0.499988
0.147412
0.024551
0.079020
0.322395
0.264583
0.156257
0.313245
0.411141
0.159683
0.140982
0.107233
0.233106
0.197378
0.051329
0.336227
0.006131
0.406838
0.282299
0.387102
0.153067
0.599490
0.335538
0.072515
0.393555
0.433195
0.456025
0.062315
0.739319
0.220575
0.328208
0.282379
0.369488
0.398477
0.002158
0.586059
0.363222
0.012847
0.108986
0.412250
0.371549
0.351119
0.330352
0.034699
0.377806
0.059548
0.254578
0.461849
0.239865
0.089991
0.157971
0.385582
0.377162
0.543237
0.273907
0.388830
0.551509
0.175436
0.004155
0.324806
0.169445
0.070378
0.080305
0.437050
0.028772
0.346046
0.059872
0.253593
0.247002
0.387086
0.393105
0.079726
0.009814
0.142357
0.130047
0.155492
0.149586
0.270474
0.028519
0.095482
0.194541
0.196430
0.386557
0.361282
0.512850
0.389845
0.173765
0.100516
0.193004
0.097130
0.072345
0.552776
0.261440
0.274805
0.284687
0.027268
0.317363
0.211671
0.155148
0.386446
0.688077
0.225534
0.190582
0.172141
0.205803
0.026023
0.345164
0.212294
0.419256
0.576636
0.158068
0.464771
0.283491
0.012327
0.013388
0.330734
0.251285
0.357226
0.062225
0.011830
0.510759
0.111263
0.221454
0.129365
0.145779
0.498142
0.022284
0.290809
0.154662
0.048592
0.447075
0.263653
0.395443
0.028055
0.258122
0.018568
0.520182
0.364623
0.226633
0.550259
0.153926
0.477648
0.081197
0.316573
0.473950
0.328438
0.228020
0.115445
0.424822
0.198786
0.354130
0.399292
0.392209
0.504152
0.087932
0.149229
0.493284
0.282840
0.174152
0.562708
0.364503
0.301712
0.142894
0.266347
0.165953
0.302874
0.632983
0.568801
0.132119
0.021244
0.340119
0.218842
0.311949
0.134204
0.069081
0.371568
0.386528
0.358378
0.066821
0.205699
0.511981
0.145496
0.034356
0.065693
0.331219
0.206194
0.199718
0.312979
0.527039
0.165185
0.210664
0.154144
0.158718
0.006000
0.066987
0.143995
0.007825
0.391202
0.364059
0.563617
0.187597
0.678049
0.323099
0.068320
0.452659
0.510667
0.542116
0.064891
0.606307
0.246753
0.526494
0.314926
0.341326
0.460944
0.147671
0.396691
0.255543
0.006776
0.154028
0.425286
0.296644
0.275681
0.257497
0.194485
0.321598
0.075053
0.202083
0.534855
0.190838
0.161581
0.231027
0.319624
0.513053
0.529584
0.313206
0.451599
0.409875
0.169540
0.066909
0.279211
0.201163
0.026584
0.086719
0.380884
0.036787
0.408019
0.063327
0.213070
0.330385
0.433527
0.437968
0.016023
0.061121
0.194018
0.010543
0.133276
0.284280
0.202461
0.111527
0.158226
0.219872
0.278356
0.314889
0.379518
0.319892
0.385266
0.150661
0.012314
0.344544
0.103565
0.091361
0.356955
0.202434
0.350399
0.199982
0.053856
0.447557
0.278604
0.018663
0.636156
0.582440
0.117666
0.273491
0.297853
0.196871
0.055788
0.429597
0.070767
0.348030
0.528116
0.290335
0.480579
0.264536
0.163601
0.022852
0.423043
0.275750
0.218308
0.048105
0.089846
0.487488
0.115468
0.135400
0.145516
0.257261
0.355056
0.025146
0.222637
0.257295
0.119842
0.456205
0.271842
0.313834
0.027918
0.319544
0.060159
0.436683
0.483137
0.317962
0.554756
0.160046
0.585203
0.196470
0.229106
0.332949
0.252790
0.207046
0.191141
0.365946
0.259334
0.332819
0.343003
0.312030
0.537170
0.039569
0.030779
0.558137
0.349633
0.250769
0.560554
0.479438
0.320096
0.101487
0.121612
0.310374
0.248182
0.793319
0.455089
0.001166
0.129228
0.248513
0.110963
0.255011
0.009702
0.239036
0.359924
0.366696
0.326488
0.020904
0.179171
0.514732
0.133368
0.085209
0.073903
0.299036
0.110224
0.234948
0.356677
0.590645
0.204051
0.262605
0.168429
0.130610
0.172883
0.048962
0.023416
0.050004
0.410946
0.417355
0.702727
0.158557
0.555027
0.266440
0.082258
0.462556
0.560986
0.498864
0.033336
0.445275
0.283224
0.625028
0.232936
0.335396
0.509619
0.234901
0.185778
0.215614
0.063180
0.214750
0.421959
0.211611
0.202343
0.207155
0.255472
0.274013
0.105166
0.093998
0.573862
0.176458
0.206054
0.351407
0.209588
0.579670
0.407595
0.273221
0.463491
0.250255
0.180241
0.064947
0.277827
0.184042
0.037860
0.005118
0.273877
0.082951
0.496519
0.016965
0.165026
0.416733
0.462300
0.468786
0.130193
0.145915
0.219941
0.167009
0.143077
0.422896
0.167763
0.209123
0.210606
0.306381
0.282226
0.184824
0.438536
0.161800
0.440036
0.166656
0.000992
0.513526
0.074020
0.128693
0.203808
0.161891
0.349652
0.088652
0.100114
0.526970
0.319309
0.205951
0.805530
0.488974
0.046780
0.351065
0.386495
0.209111
0.057599
0.423933
0.076384
0.277546
0.428235
0.343692
0.490517
0.266761
0.316260
0.010354
0.490415
0.229082
0.134893
0.013903
0.153408
0.468662
0.128698
0.142720
0.133872
0.366582
0.246408
0.006883
0.159192
0.391659
0.218541
0.527590
0.278935
0.228463
0.016855
0.385497
0.235158
0.426686
0.444947
0.323097
0.562175
0.245101
0.546450
0.269731
0.177558
0.205939
0.162945
0.198589
0.176624
0.288302
0.367105
0.340031
0.348051
0.165559
0.503105
0.045506
0.037851
0.568404
0.433838
0.352514
0.449467
0.568812
0.449772
0.082212
0.022920
0.380540
0.209488
0.813356
0.347090
0.028144
0.241711
0.230618
0.022961
0.221471
0.094869
0.398950
0.328482
0.300428
0.259512
0.028108
0.169152
0.507213
0.042691
0.035230
0.001717
0.267894
0.071204
0.269792
0.442304
0.574267
0.214923
0.286342
0.157152
0.127209
0.353902
0.036761
0.195578
0.099690
0.369738
0.395307
0.712990
0.049604
0.338995
0.302200
0.123800
0.423503
0.540675
0.427752
0.058704
0.317152
0.297810
0.581675
0.174406
0.374462
0.469734
0.242351
0.118125
0.197558
0.124527
0.270658
0.377090
0.212233
0.200378
0.149680
0.320105
0.194304
0.131194
0.054939
0.638418
0.230420
0.188224
0.401224
0.109927
0.597932
0.255855
0.099422
0.399826
0.074679
0.210359
0.042919
0.244179
0.218886
0.105351
0.030322
0.280303
0.212460
0.565831
0.092821
0.158469
0.552119
0.427995
0.424519
0.143638
0.209684
0.223470
0.263804
0.241374
0.547266
0.151347
0.276280
0.249408
0.359049
0.278103
0.142347
0.454158
0.007173
0.472581
0.153573
0.009822
0.601901
0.093389
0.261585
0.078448
0.158050
0.310624
0.002485
0.211200
0.583992
0.358758
0.332667
0.810870
0.337073
0.004300
0.474895
0.408242
0.247440
0.031915
0.412919
0.134399
0.178924
0.246469
0.427420
0.477499
0.390918
0.318584
0.173425
0.506153
0.177158
0.162785
0.066769
0.286274
0.423048
0.186200
0.110133
0.160873
0.528878
0.221488
0.118558
0.170752
0.513688
0.441285
0.574231
0.333367
0.219728
0.083573
0.422074
0.417997
0.380429
0.361253
0.278394
0.502827
0.310677
0.481698
0.379411
0.121993
0.007885
0.157093
0.204456
0.114288
0.255756
0.466498
0.356828
0.288278
0.104707
0.511083
0.084535
0.001678
0.489556
0.464974
0.426515
0.338308
0.689394
0.543205
0.009320
0.010596
0.400984
0.170745
0.703475
0.264894
0.005294
0.279298
0.238539
0.075846
0.173143
0.147994
0.456868
0.315708
0.328484
0.258007
0.081895
0.206906
0.438698
0.130948
0.026465
0.043911
0.224023
0.050496
0.243357
0.433584
0.491834
0.186095
0.241760
0.176492
0.047341
0.426695
0.035531
0.290790
0.176480
0.243876
0.283307
0.664812
0.057260
0.152182
0.239699
0.261381
0.318172
0.430833
0.416663
0.058803
0.155565
0.251794
0.480528
0.000055
0.397672
0.414675
0.160747
0.018436
0.162854
0.201307
0.253809
0.253947
0.235622
0.224911
0.077044
0.402082
0.086480
0.177355
0.120536
0.559699
0.233411
0.180545
0.460871
0.009041
0.491154
0.121510
0.076043
0.184570
0.008581
0.207841
0.036116
0.235383
0.278300
0.218680
0.014830
0.378738
0.315841
0.527607
0.123018
0.206430
0.565926
0.399140
0.311972
0.156258
0.297096
0.180784
0.328553
0.395841
0.569200
0.113842
0.315834
0.335019
0.460396
0.172030
0.019171
0.435738
0.024350
0.462913
0.225853
0.038413
0.724160
0.154484
0.351143
0.078542
0.249612
0.208006
0.048445
0.262444
0.555226
0.316165
0.325138
0.708057
0.250652
0.010380
0.590195
0.383324
0.370453
0.066825
0.375557
0.113033
0.127189
0.067963
0.417770
0.482625
0.498027
0.278089
0.348718
0.404259
0.144932
0.172357
0.146352
0.408821
0.371365
0.139345
0.197220
0.174924
0.645648
0.256074
0.211590
0.128132
0.597291
0.636562
0.542252
0.350705
0.129805
0.137486
0.444949
0.483688
0.315196
0.222717
0.191620
0.365283
0.397749
0.380042
0.455145
0.166809
0.101258
0.214388
0.238354
0.099282
0.252041
0.572377
0.385676
0.274926
0.060616
0.492149
0.118862
0.096201
0.427785
0.494819
0.475689
0.293626
0.798281
0.591505
0.009912
0.128698
0.400568
0.140076
0.562561
0.162684
0.091829
0.140074
0.242770
0.220956
0.153142
0.138284
0.463559
0.263710
0.254499
0.265546
0.153074
0.248563
0.420275
0.272753
0.197783
0.012527
0.225371
0.043437
0.260660
0.427281
0.256802
0.160537
0.182047
0.127366
0.026375
0.455458
0.094380
0.307229
0.250493
0.062931
0.116083
0.501002
0.133779
0.002793
0.208929
0.316654
0.265923
0.364720
0.352161
0.055514
0.091170
0.201015
0.300818
0.168345
0.431465
0.316236
0.023922
0.035736
0.198541
0.314007
0.281797
0.105727
0.319807
0.242625
0.092705
0.389264
0.078345
0.201595
0.140566
0.476153
0.216305
0.107566
0.459170
0.029458
0.348984
0.001063
0.276191
0.029196
0.034479
0.265794
0.021884
0.254734
0.309849
0.321538
0.044481
0.475037
0.385270
0.452667
0.183032
0.236566
0.440613
0.328659
0.195720
0.037160
0.328146
0.124293
0.350502
0.498250
0.559677
0.138907
0.358130
0.360695
0.462531
0.111309
0.025982
0.346277
0.013473
0.365478
0.273547
0.021482
0.704450
0.194418
0.420084
0.141690
0.391481
0.047807
0.066957
0.351674
0.498588
0.278884
0.276444
0.502822
0.224471
0.008986
0.654147
0.350609
0.575170
0.226012
0.320316
0.074808
0.120725
0.063823
0.406749
0.408190
0.580101
0.166759
0.451529
0.319723
0.205762
0.309961
0.201264
0.645365
0.317402
0.129646
0.271879
0.233222
0.722356
0.351726
0.329877
0.137701
0.621983
0.776379
0.440472
0.416987
0.221527
0.108180
0.462730
0.433310
0.228391
0.207746
0.062237
0.231980
0.436297
0.361402
0.496594
0.156356
0.173092
0.313586
0.270462
0.002438
0.279239
0.491820
0.380059
0.290469
0.091002
0.517106
0.172183
0.223186
0.394676
0.505196
0.397728
0.314803
0.756074
0.504764
0.067455
0.257972
0.364253
0.123852
0.336959
0.090855
0.193816
0.005295
0.256597
0.272903
0.071624
0.027406
0.414278
0.226710
0.244156
0.259617
0.197201
0.327866
0.349017
0.382876
0.338903
0.080951
0.222776
0.004151
0.208405
0.368817
0.111587
0.103818
0.060347
0.115360
0.088942
0.367397
0.175582
0.311930
0.223374
0.030519
0.064954
0.330965
0.148575
0.173670
0.182885
0.367259
0.188580
0.331343
0.389214
0.062680
0.044694
0.204179
0.089166
0.338843
0.418860
0.150791
0.111100
0.060546
0.227737
0.393690
0.348580
0.046774
0.358242
0.221065
0.111822
0.251896
0.168980
0.211644
0.116695
0.338808
0.194166
0.018098
0.382799
0.118506
0.213732
0.003711
0.434086
0.101270
0.026035
0.336500
0.031133
0.286643
0.333349
0.326889
0.092935
0.483119
0.396769
0.304089
0.230774
0.234253
0.251175
0.274579
0.143387
0.119518
0.378488
0.054529
0.409230
0.552787
0.464575
0.213934
0.403658
0.386328
0.442528
0.091956
0.072764
0.347094
0.087724
0.232449
0.342318
0.048011
0.553021
0.204288
0.458662
0.216522
0.539258
0.084570
0.052888
0.384592
0.342013
0.219262
0.182186
0.233407
0.245631
0.023563
0.577669
0.313868
0.794283
0.376705
0.240921
0.011678
0.134652
0.088463
0.292582
0.351767
0.516174
0.159913
0.467103
0.207478
0.193809
0.400317
0.226638
0.738682
0.276239
0.132869
0.340183
0.277911
0.672401
0.441141
0.468882
0.193282
0.577699
0.752286
0.359631
0.434992
0.307765
0.154705
0.487282
0.390254
0.221333
0.220925
0.109425
0.100374
0.509663
0.337335
0.359719
0.171151
0.142569
0.317155
0.301093
0.037606
0.277723
0.338707
0.375677
0.374114
0.154443
0.563875
0.214789
0.339901
0.449185
0.493634
0.308162
0.344283
0.613384
0.385123
0.164513
0.364832
0.247417
0.157001
0.124784
0.034213
0.340112
0.105984
0.289587
0.235986
0.072554
0.144346
0.397507
0.146581
0.176092
0.290438
0.226288
0.459577
0.280737
0.420707
0.481332
0.169925
0.241494
0.015684
0.183690
0.343481
0.029037
0.019228
0.083095
0.084562
0.158322
0.232647
0.215886
0.309041
0.064797
0.184812
0.247035
0.044229
0.091046
0.220295
0.131203
0.467339
0.129960
0.258593
0.451935
0.151270
0.072395
0.198957
0.054445
0.432205
0.327967
0.030506
0.278288
0.136573
0.201848
0.380692
0.369984
0.107720
0.300419
0.188847
0.134871
0.170703
0.257456
0.206489
0.058555
0.240661
0.153901
0.014093
0.226397
0.201688
0.050485
0.056341
0.467619
0.199247
0.168011
0.312993
0.085329
0.353239
0.371461
0.256132
0.237268
0.593466
0.429943
0.064973
0.253899
0.271302
0.144147
0.224945
0.055274
0.256085
0.416941
0.035995
0.365829
0.545834
0.359829
0.237013
0.331881
0.413834
0.398718
0.045009
0.149047
0.335256
0.193565
0.048227
0.378864
0.037253
0.365194
0.208115
0.498867
0.318324
0.681568
0.112134
0.055923
0.457925
0.239563
0.128160
0.049715
0.002309
0.304895
0.124940
0.430419
0.189507
0.985771
0.498864
0.171362
0.122491
0.268253
0.096228
0.265553
0.285296
0.480051
0.119193
0.398012
0.191283
0.300345
0.424244
0.162994
0.761037
0.255944
0.136851
0.390224
0.255085
0.418641
0.504833
0.487788
0.243581
0.545700
0.638974
0.233412
0.465603
0.462809
0.153768
0.494728
0.235051
0.170193
0.378576
0.250580
0.021945
0.598565
0.464470
0.306728
0.190429
0.083626
0.282142
0.418695
0.121049
0.347153
0.230263
0.418304
0.490675
0.354814
0.585500
0.221472
0.502461
0.519499
0.383421
0.253710
0.430970
0.525926
0.291376
0.219556
0.491866
0.177739
0.271251
0.017253
0.039856
0.448680
0.229270
0.268302
0.165263
0.146236
0.305375
0.366709
0.105710
0.192016
0.350882
0.323657
0.502859
0.203049
0.343145
0.464679
0.262774
0.261759
0.018434
0.172788
0.381733
0.024909
0.010114
0.191511
0.058710
0.188449
0.062650
0.219530
0.232115
0.009699
0.260293
0.396837
0.284698
0.108756
0.237291
0.160182
0.513947
0.168088
0.237143
0.402566
0.255051
0.180737
0.220121
0.155514
0.430883
0.285240
0.079218
0.376222
0.206637
0.217222
0.260735
0.366833
0.187587
0.217581
0.117830
0.236842
0.009138
0.449774
0.122469
0.080699
0.140378
0.196357
0.033937
0.091252
0.168401
0.007025
0.128056
0.371038
0.191127
0.355641
0.347402
0.182800
0.434745
0.336170
0.251853
0.281564
0.591757
0.419387
0.121775
0.284394
0.339759
0.062945
0.171862
0.075012
0.366867
0.442694
0.019519
0.349725
0.366737
0.236702
0.358534
0.329545
0.422129
0.411258
0.017033
0.290052
0.296124
0.333518
0.058771
0.334281
0.025014
0.200645
0.209577
0.506866
0.376845
0.703643
0.086846
0.016951
0.528317
0.116664
0.084049
0.104964
0.159853
0.351309
0.264472
0.233125
0.040421
0.900593
0.558812
0.096781
0.238393
0.398148
0.089406
0.213149
0.242970
0.399277
0.140504
0.193198
0.117780
0.383463
0.479667
0.187375
0.585947
0.293248
0.135677
0.460863
0.222571
0.123082
0.528012
0.458300
0.316837
0.456829
0.533518
0.184634
0.458600
0.612340
0.240961
0.523064
0.168840
0.188669
0.420249
0.378912
0.093454
0.619560
0.563782
0.207200
0.239081
0.014876
0.159915
0.469850
0.157948
0.386307
0.161747
0.444388
0.521632
0.432262
0.469078
0.273978
0.502299
0.584124
0.297616
0.229364
0.488836
0.445378
0.162173
0.328874
0.536388
0.118365
0.365954
0.137626
0.023300
0.514596
0.249441
0.355923
0.003085
0.254097
0.471760
0.213319
0.053268
0.194183
0.334113
0.282370
0.545792
0.175482
0.247705
0.510291
0.234409
0.238329
0.086164
0.147405
0.480907
0.005133
0.128465
0.263939
0.060731
0.238568
0.068770
0.137311
0.231380
0.156545
0.357787
0.428972
0.464033
0.081079
0.131519
0.205610
0.435015
0.231547
0.189723
0.276660
0.421671
0.264773
0.194227
0.177335
0.370717
0.221611
0.112642
0.485726
0.295636
0.200028
0.162778
0.333603
0.110883
0.070256
0.099452
0.301942
0.008859
0.501754
0.000799
0.043936
0.038505
0.254862
0.021006
0.019360
0.044017
0.001653
0.232774
0.257351
0.131522
0.572857
0.311824
0.158495
0.467354
0.309840
0.172793
0.288544
0.532965
0.387720
0.195213
0.293973
0.325350
0.050379
0.186891
0.065870
0.394115
0.455669
0.017777
0.225792
0.268281
0.191638
0.352915
0.223567
0.439706
0.382412
0.107929
0.469148
0.250539
0.468852
0.094169
0.231822
0.018278
0.120890
0.215851
0.481478
0.372337
0.660934
0.001224
0.099590
0.630117
0.061665
0.030333
0.270934
0.201552
0.454108
0.448353
0.105443
0.110479
0.649354
0.592380
0.124620
0.393246
0.577917
0.052942
0.217352
0.234131
0.388442
0.103240
0.034468
0.135971
0.492324
0.521583
0.223074
0.440994
0.228554
0.125881
0.480917
0.117069
0.154007
0.468985
0.345336
0.367232
0.421367
0.373556
0.181811
0.415089
0.692493
0.269038
0.495281
0.063593
0.205944
0.477151
0.343631
0.156908
0.556337
0.620993
0.174510
0.301221
0.182140
0.038923
0.524862
0.268626
0.437366
0.101507
0.423314
0.499619
0.467794
0.395845
0.322959
0.539558
0.535736
0.235990
0.202269
0.516510
0.397323
0.123697
0.371599
0.562635
0.168657
0.421898
0.180623
0.141454
0.580860
0.240252
0.439975
0.065501
0.384667
0.550339
0.038738
0.056786
0.201143
0.364630
0.207168
0.466334
0.146737
0.102540
0.357419
0.222547
0.202076
0.123726
0.073134
0.514860
0.014524
0.180485
0.223504
0.033664
0.263968
0.171259
0.075179
0.141432
0.182508
0.318756
0.409582
0.578257
0.158930
0.005770
0.252361
0.329803
0.323172
0.169383
0.140947
0.570117
0.302617
0.194028
0.200286
0.285237
0.153533
0.189292
0.437069
0.332044
0.168589
0.061429
0.287783
0.010090
0.020836
0.047276
0.334930
0.034324
0.608924
0.123489
0.068560
0.085561
0.342181
0.026675
0.027381
0.120720
0.099772
0.385229
0.160481
0.092880
0.753764
0.200477
0.161696
0.487920
0.288323
0.119693
0.203829
0.401697
0.344609
0.250206
0.292574
0.410318
0.073867
0.323225
0.146887
0.426867
0.393357
0.051269
0.157107
0.162009
0.158967
0.317180
0.139170
0.465698
0.334873
0.148465
0.524253
0.240815
0.592460
0.051770
0.143984
0.021454
0.148892
0.223001
0.374481
0.274494
0.441440
0.103307
0.167226
0.540648
0.069335
0.004228
0.371735
0.131486
0.548440
0.559682
0.027849
0.206136
0.311497
0.507884
0.105884
0.501743
0.677652
0.041885
0.164942
0.235336
0.346541
0.131213
0.212892
0.113424
0.472931
0.528384
0.308788
0.295957
0.188752
0.125622
0.477587
0.035687
0.340927
0.309537
0.252599
0.408468
0.358071
0.197697
0.204291
0.339775
0.579183
0.328099
0.446394
0.085950
0.337410
0.381389
0.257944
0.111613
0.403253
0.532394
0.163961
0.368113
0.431426
0.043938
0.492317
0.322110
0.419079
0.119758
0.387979
0.445164
0.428471
0.424228
0.419710
0.487097
0.444151
0.181390
0.184107
0.436939
0.378471
0.129303
0.385477
0.559389
0.291628
0.430908
0.147548
0.239906
0.581382
0.222067
0.522921
0.058047
0.463439
0.535799
0.068003
0.089912
0.171139
0.434384
0.102444
0.414943
0.231085
0.060685
0.219410
0.123772
0.206898
0.340301
0.044174
0.517424
0.040967
0.281737
0.170589
0.019286
0.265571
0.207298
0.021963
0.073102
0.308259
0.262102
0.339466
0.606316
0.198286
0.195150
0.341971
0.295449
0.373082
0.162229
0.024100
0.611721
0.310146
0.205533
0.161867
0.190616
0.157920
0.220142
0.394051
0.382450
0.182623
0.021915
0.270684
0.164343
0.069029
0.006133
0.366945
0.205949
0.605070
0.191015
0.287192
0.111754
0.384632
0.041810
0.026188
0.287100
0.166454
0.483196
0.060616
0.035800
0.733762
0.056107
0.172995
0.358214
0.280883
0.094876
0.103987
0.315603
0.290070
0.193219
0.257858
0.464048
0.130187
0.401614
0.187193
0.361947
0.314114
0.120625
0.089574
0.087150
0.072207
0.201300
0.032377
0.517051
0.252594
0.085784
0.530602
0.212116
0.573589
0.035195
0.087068
0.088041
0.219296
0.168434
0.213282
0.170352
0.291947
0.233005
0.201231
0.377224
0.148262
0.070972
0.364732
0.005408
0.581960
0.575207
0.086471
0.278493
0.013574
0.379003
0.044286
0.619462
0.705710
0.143365
0.133787
0.186163
0.343879
0.081825
0.296731
0.190798
0.467623
0.486953
0.377084
0.292303
0.143620
0.077270
0.485221
0.163538
0.375829
0.083651
0.130801
0.365884
0.344261
0.134277
0.163722
0.314565
0.475035
0.326811
0.362466
0.057724
0.453461
0.368610
0.152141
0.023934
0.275960
0.449021
0.263071
0.375966
0.704126
0.001001
0.406278
0.459852
0.480241
0.138094
0.404334
0.370402
0.334805
0.534563
0.439463
0.457749
0.305301
0.141347
0.186244
0.380718
0.468763
0.183847
0.447524
0.570874
0.390597
0.363802
0.094253
0.261469
0.496282
0.188358
0.501784
0.008715
0.394424
0.428741
0.185739
0.177710
0.251326
0.518462
0.043413
0.329311
0.318852
0.200768
0.041023
0.007271
0.273779
0.524489
0.174752
0.406474
0.090104
0.275387
0.087242
0.007479
0.311406
0.245144
0.033804
0.015981
0.376757
0.063789
0.209736
0.481812
0.184115
0.284815
0.406229
0.211576
0.393336
0.140930
0.090252
0.468788
0.290623
0.243884
0.093287
0.149146
0.121426
0.285680
0.276865
0.394086
0.174447
0.087074
0.277660
0.293884
0.004967
0.024186
0.350617
0.353660
0.605862
0.222059
0.502018
0.113780
0.334245
0.071634
0.064687
0.435735
0.270066
0.622477
0.005467
0.030376
0.607219
0.041949
0.218357
0.254038
0.294838
0.167790
0.001489
0.201418
0.291249
0.151636
0.218237
0.478021
0.172677
0.446022
0.228205
0.269668
0.290696
0.215309
0.026286
0.054686
0.012322
0.134663
0.151342
0.521813
0.236474
0.033918
0.405594
0.283728
0.547472
0.117836
0.090591
0.099752
0.306044
0.224254
0.045583
0.099222
0.105808
0.379082
0.241939
0.230218
0.256537
0.031374
0.329091
0.140999
0.586193
0.520799
0.153654
0.269878
0.217210
0.256339
0.009228
0.684090
0.579840
0.221694
0.117506
0.200591
0.322181
0.075014
0.206668
0.275441
0.430815
0.485911
0.474859
0.339352
0.185602
0.072356
0.430127
0.201647
0.357662
0.103409
0.059193
0.264708
0.293250
0.105824
0.138337
0.312146
0.393098
0.293158
0.285722
0.041204
0.544669
0.317411
0.083717
0.136751
0.150750
0.296773
0.265473
0.421795
0.833163
0.057935
0.327444
0.514653
0.455823
0.247742
0.427945
0.250534
0.219841
0.574371
0.414679
0.381496
0.170498
0.054302
0.246029
0.223287
0.471096
0.259885
0.453599
0.519461
0.515834
0.357596
0.006562
0.298075
0.417047
0.257610
0.464901
0.085216
0.355577
0.323598
0.239646
0.263669
0.334743
0.531216
0.059234
0.288712
0.464742
0.328038
0.002452
0.075596
0.390705
0.730888
0.234362
0.340377
0.067649
0.199932
0.019611
0.053347
0.303948
0.219534
0.066417
0.072211
0.482725
0.020585
0.072457
0.331582
0.098323
0.383065
0.463258
0.104424
0.374365
0.121333
0.207004
0.258232
0.283830
0.373343
0.083307
0.144000
0.139146
0.244150
0.173830
0.415296
0.256223
0.108489
0.359301
0.422097
0.120584
0.017481
0.320585
0.543196
0.449334
0.172372
0.610265
0.000759
0.296115
0.141537
0.087161
0.613161
0.353222
0.685351
0.028367
0.030645
0.365224
0.077800
0.197691
0.126028
0.338992
0.262563
0.159555
0.162046
0.330617
0.022939
0.204827
0.413884
0.232485
0.488366
0.259303
0.216675
0.341881
0.315893
0.093145
0.076770
0.001881
0.074187
0.228292
0.487885
0.227488
0.195621
0.282397
0.335231
0.439162
0.227831
0.141534
0.068190
0.341927
0.268201
0.070992
0.085883
0.025631
0.456952
0.263993
0.111784
0.337687
0.016762
0.266916
0.297992
0.537316
0.410661
0.237475
0.177888
0.344806
0.191038
0.050870
0.656975
0.389902
0.258484
0.138107
0.183164
0.346788
0.056814
0.103618
0.309015
0.373928
0.574865
0.517559
0.414314
0.219454
0.098510
0.358286
0.152427
0.197384
0.241709
0.039024
0.227554
0.240724
0.186592
0.147206
0.348829
0.338392
0.169733
0.214546
0.011395
0.655502
0.282778
0.014777
0.377577
0.116851
0.212006
0.266416
0.429516
0.748182
0.156536
0.255602
0.553147
0.394958
0.295521
0.357228
0.155390
0.127907
0.600027
0.389300
0.386469
0.035690
0.015696
0.343161
0.075046
0.433300
0.315557
0.410063
0.394508
0.519851
0.350583
0.078493
0.370754
0.370842
0.275315
0.412792
0.102263
0.328819
0.251000
0.257781
0.408497
0.482340
0.476038
0.147798
0.268955
0.519780
0.437042
0.012911
0.061078
0.515749
0.813137
0.226453
0.251721
0.106101
0.042043
0.104528
0.189269
0.270922
0.211233
0.092567
0.072763
0.417445
0.126376
0.019483
0.121153
0.033026
0.395058
0.436863
0.030520
0.364473
0.073409
0.282481
0.067562
0.247334
0.461471
0.033499
0.170797
0.115261
0.108857
0.090496
0.353516
0.296310
0.077698
0.372421
0.528656
0.379906
0.065071
0.285562
0.632370
0.322483
0.022962
0.625279
0.092254
0.270706
0.270275
0.043488
0.696437
0.436307
0.628838
0.061659
0.054527
0.139336
0.015767
0.221154
0.072148
0.351135
0.345403
0.348685
0.083630
0.352664
0.129426
0.128397
0.401224
0.253683
0.506144
0.293574
0.140994
0.331593
0.417414
0.175353
0.089535
0.039001
0.087522
0.198391
0.443823
0.196954
0.307070
0.120804
0.362203
0.348220
0.390020
0.221810
0.042863
0.405114
0.320613
0.105335
0.133742
0.091212
0.451672
0.261982
0.055803
0.413873
0.009877
0.180794
0.448765
0.503660
0.277307
0.403454
0.120096
0.293710
0.240128
0.109899
0.394586
0.276289
0.238531
0.129342
0.267021
0.399270
0.118470
0.004649
0.305358
0.326511
0.623449
0.444644
0.540430
0.296075
0.081258
0.306241
0.098798
0.028387
0.220797
0.028466
0.208620
0.197251
0.183505
0.138654
0.468798
0.263210
0.007215
0.208356
0.069959
0.628073
0.152301
0.027014
0.562187
0.096016
0.198645
0.292409
0.431927
0.590612
0.281067
0.220816
0.517156
0.303220
0.402052
0.173891
0.113536
0.115906
0.629001
0.429146
0.343833
0.035344
0.007213
0.384611
0.082948
0.421154
0.364407
0.353792
0.297974
0.498877
0.318671
0.133295
0.414418
0.329476
0.295138
0.335536
0.072467
0.313043
0.116119
0.164881
0.512358
0.552411
0.352912
0.229520
0.247031
0.589965
0.541793
0.127150
0.036880
0.537688
0.789377
0.161841
0.231959
0.143956
0.116573
0.227014
0.284125
0.208891
0.218231
0.183559
0.106515
0.299081
0.217629
0.140118
0.021143
0.083414
0.378510
0.405616
0.004170
0.332629
0.074066
0.347323
0.088193
0.265033
0.518642
0.036927
0.154283
0.243993
0.039175
0.100532
0.343194
0.372247
0.020213
0.395982
0.462466
0.564130
0.151019
0.289890
0.601800
0.113788
0.203051
0.577701
0.258241
0.312580
0.382302
0.051547
0.685052
0.401875
0.467888
0.135945
0.065212
0.011896
0.099293
0.230196
0.068775
0.451724
0.412878
0.429765
0.052633
0.377708
0.292904
0.060062
0.386008
0.394561
0.428239
0.258550
0.005540
0.392585
0.439626
0.219037
0.176710
0.148002
0.073537
0.058290
0.402353
0.225197
0.416631
0.000715
0.304091
0.249756
0.468926
0.300737
0.206461
0.412488
0.334343
0.044481
0.217797
0.105311
0.401800
0.253788
0.079052
0.389531
0.001076
0.148421
0.488059
0.325003
0.194324
0.498994
0.061743
0.224100
0.274465
0.180812
0.110177
0.203177
0.265380
0.129001
0.256849
0.449173
0.192410
0.092402
0.289272
0.285464
0.659291
0.308007
0.482135
0.340512
0.116058
0.284124
0.077420
0.346008
0.182104
0.071159
0.223079
0.136509
0.201864
0.221947
0.558585
0.255051
0.092520
0.183377
0.149549
0.504559
0.070494
0.009810
0.661768
0.106591
0.240513
0.341802
0.442629
0.352758
0.328343
0.248935
0.471202
0.279960
0.438706
0.041885
0.125982
0.181555
0.494603
0.350228
0.308632
0.085928
0.002230
0.429834
0.210074
0.368328
0.420447
0.252365
0.223374
0.429988
0.373188
0.149567
0.454586
0.311980
0.299603
0.268121
0.050059
0.314290
0.020666
0.085742
0.574719
0.575424
0.222933
0.320828
0.223715
0.551023
0.659365
0.278381
0.079382
0.626332
0.670299
0.076057
0.262043
0.286863
0.229078
0.275505
0.363200
0.144924
0.139231
0.224138
0.155208
0.097164
0.309248
0.223321
0.093919
0.109458
0.237976
0.349555
0.027578
0.395831
0.113859
0.294353
0.117590
0.259720
0.535151
0.007757
0.212092
0.345973
0.161911
0.101459
0.321367
0.451807
0.110979
0.379245
0.316255
0.711490
0.266308
0.279031
0.482911
0.096824
0.492685
0.510022
0.414707
0.320102
0.412937
0.129788
0.548706
0.377248
0.318456
0.193203
0.022902
0.000220
0.236706
0.286695
0.100596
0.510007
0.428421
0.503497
0.031240
0.365377
0.376739
0.016529
0.321718
0.446456
0.277107
0.246487
0.060955
0.330924
0.459534
0.176558
0.201759
0.265725
0.103916
0.165336
0.246844
0.224169
0.535877
0.119482
0.226175
0.175179
0.571275
0.265370
0.388902
0.441897
0.231069
0.015326
0.322470
0.030806
0.236058
0.155226
0.154804
0.372466
0.014117
0.039639
0.450625
0.160556
0.086528
0.530688
0.051885
0.091689
0.338694
0.147878
0.203012
0.202765
0.222194
0.069306
0.287754
0.480536
0.242504
0.217432
0.310224
0.294432
0.677432
0.149375
0.440709
0.420189
0.147000
0.289396
0.135365
0.614518
0.038396
0.166983
0.262047
0.105748
0.170625
0.285053
0.603034
0.240140
0.162137
0.211063
0.239188
0.306202
0.047503
0.064599
0.648928
0.091654
0.368245
0.380954
0.496989
0.154023
0.437651
0.296553
0.401435
0.229533
0.438330
0.168167
0.208548
0.235386
0.320801
0.323419
0.196042
0.012509
0.011383
0.410793
0.272271
0.280776
0.434738
0.180561
0.199295
0.391317
0.412020
0.170384
0.462945
0.323969
0.310769
0.233164
0.051985
0.372895
0.035041
0.032281
0.617592
0.504334
0.086475
0.331935
0.216770
0.454589
0.647512
0.455917
0.157703
0.611020
0.440036
0.026238
0.243601
0.403965
0.323686
0.311754
0.354537
0.111564
0.078478
0.279468
0.263380
0.114626
0.356536
0.343380
0.138647
0.197921
0.161226
0.315381
0.053465
0.416780
0.154642
0.157308
0.040342
0.226261
0.523139
0.035733
0.233477
0.410341
0.276529
0.162079
0.300703
0.486141
0.263769
0.350298
0.196351
0.640142
0.354168
0.235224
0.354213
0.098870
0.728881
0.411173
0.562469
0.335235
0.425204
0.233945
0.377477
0.257752
0.270435
0.251638
0.025935
0.075693
0.320053
0.255373
0.128799
0.546070
0.431315
0.461059
0.012946
0.416006
0.392311
0.039136
0.202153
0.576414
0.141930
0.213558
0.146981
0.331766
0.461602
0.123718
0.259973
0.388500
0.053058
0.308226
0.140624
0.305457
0.616043
0.165249
0.207936
0.163361
0.616203
0.253745
0.602574
0.405281
0.154045
0.123857
0.386967
0.103040
0.058464
0.051566
0.214029
0.359145
0.045685
0.028332
0.361134
0.014261
0.048516
0.441937
0.028228
0.077021
0.361075
0.131659
0.406453
0.193341
0.194416
0.066197
0.343557
0.474575
0.299998
0.351384
0.344830
0.299542
0.649285
0.057061
0.271247
0.483133
0.160693
0.277724
0.178547
0.764082
0.034637
0.246375
0.266242
0.108732
0.197069
0.295670
0.511209
0.191518
0.166423
0.226636
0.208897
0.159346
0.154287
0.137250
0.569181
0.116271
0.508024
0.384830
0.566499
0.010419
0.497615
0.395430
0.337855
0.240701
0.377810
0.248847
0.311071
0.356567
0.134088
0.241102
0.192981
0.122350
0.060002
0.398169
0.306912
0.260485
0.490793
0.110783
0.185939
0.325870
0.458884
0.197771
0.382697
0.397125
0.271985
0.159703
0.131894
0.409106
0.023299
0.111009
0.593663
0.415852
0.010022
0.321778
0.203778
0.304958
0.567628
0.540767
0.331155
0.549874
0.141721
0.197283
0.252071
0.514132
0.395680
0.311261
0.271027
0.055081
0.027338
0.327122
0.305395
0.353491
0.355698
0.384937
0.133203
0.200622
0.111757
0.239383
0.048730
0.485643
0.199413
0.011285
0.053930
0.188917
0.427013
0.059722
0.229019
0.333514
0.330527
0.149799
0.313191
0.447383
0.346928
0.301239
0.082967
0.567936
0.366453
0.284036
0.096095
0.245372
0.789119
0.292567
0.622443
0.365713
0.371810
0.300238
0.249283
0.218748
0.234793
0.315342
0.022898
0.197918
0.431820
0.268488
0.234603
0.522761
0.404348
0.406768
0.091401
0.516638
0.293566
0.139572
0.164286
0.630204
0.003979
0.220283
0.134324
0.276382
0.440704
0.005710
0.286806
0.467317
0.036141
0.428291
0.024086
0.354568
0.648524
0.169197
0.225200
0.221033
0.492381
0.187270
0.744872
0.330078
0.135642
0.228991
0.412050
0.267910
0.152291
0.022502
0.268163
0.325741
0.161133
0.052810
0.301943
0.111213
0.028886
0.280030
0.208862
0.241872
0.367581
0.170239
0.539107
0.166606
0.141089
0.078779
0.404959
0.332913
0.407812
0.477273
0.400909
0.301695
0.554118
0.066564
0.141223
0.629239
0.190016
0.245498
0.132636
0.735290
0.143783
0.314573
0.281133
0.119331
0.256710
0.287312
0.417782
0.220234
0.131397
0.231459
0.186964
0.017141
0.206246
0.179547
0.476345
0.081632
0.584048
0.284511
0.571391
0.069207
0.391456
0.463307
0.211758
0.199251
0.307685
0.320761
0.437679
0.414618
0.007133
0.107334
0.243223
0.292813
0.089059
0.296709
0.293382
0.224276
0.525560
0.059869
0.166928
0.293067
0.490988
0.271668
0.329951
0.499865
0.160117
0.155609
0.192728
0.440190
0.092038
0.191658
0.515631
0.345098
0.033455
0.298169
0.259016
0.184168
0.477715
0.625125
0.458459
0.414035
0.006421
0.338757
0.297467
0.554738
0.399283
0.238423
0.090256
0.048591
0.069165
0.257070
0.278481
0.463542
0.272263
0.415726
0.106856
0.295143
0.118467
0.203717
0.027606
0.552699
0.242281
0.209720
0.285227
0.195631
0.343133
0.090779
0.238115
0.320087
0.423246
0.182671
0.314968
0.457141
0.414828
0.301467
0.016750
0.351693
0.368104
0.356905
0.124734
0.369349
0.659567
0.270553
0.608168
0.416489
0.260243
0.404756
0.190157
0.169943
0.190080
0.362357
0.063206
0.210824
0.491946
0.265489
0.294626
0.489852
0.319012
0.317450
0.135644
0.573373
0.293047
0.272678
0.110203
0.615178
0.078431
0.160052
0.080255
0.298586
0.365767
0.156521
0.286368
0.474333
0.066700
0.458135
0.021797
0.345080
0.599899
0.163984
0.198868
0.295894
0.301731
0.099596
0.681754
0.280617
0.105459
0.262726
0.398202
0.437858
0.312681
0.036592
0.368504
0.336680
0.230277
0.158079
0.246544
0.149722
0.082463
0.126550
0.373926
0.433766
0.387249
0.217806
0.536269
0.170669
0.069606
0.101896
0.399200
0.242700
0.416239
0.502756
0.434548
0.332809
0.395470
0.078000
0.040036
0.606118
0.210982
0.308229
0.043683
0.611781
0.305722
0.318342
0.244363
0.238332
0.375456
0.196714
0.405072
0.211818
0.066341
0.282932
0.097098
0.073058
0.364392
0.165738
0.395774
0.176364
0.623772
0.244890
0.530979
0.029620
0.291336
0.465957
0.200339
0.239379
0.247955
0.294460
0.588147
0.444694
0.105513
0.054927
0.307865
0.490688
0.047208
0.203972
0.140369
0.240119
0.482028
0.092440
0.173508
0.279974
0.467743
0.318834
0.289749
0.558686
0.001105
0.132691
0.204223
0.424084
0.185673
0.213115
0.325023
0.278543
0.070910
0.227182
0.268156
0.083255
0.454930
0.614349
0.540986
0.307130
0.047447
0.452717
0.313524
0.582486
0.430117
0.149125
0.070824
0.017773
0.078316
0.221002
0.289330
0.608630
0.271997
0.423110
0.098780
0.337885
0.089851
0.154446
0.040562
0.560833
0.306122
0.379349
0.461971
0.229979
0.236901
0.063936
0.250107
0.310512
0.401509
0.045466
0.330445
0.449121
0.343671
0.320041
0.135218
0.256898
0.265365
0.423151
0.305735
0.497352
0.394731
0.224013
0.484691
0.413013
0.028362
0.350049
0.110972
0.211406
0.207585
0.401451
0.130445
0.254665
0.483349
0.323891
0.388540
0.500625
0.200001
0.213625
0.224545
0.606645
0.191065
0.442117
0.161980
0.449554
0.088873
0.192386
0.050315
0.317212
0.256658
0.341809
0.329583
0.469505
0.127664
0.474583
0.001862
0.341500
0.542298
0.123558
0.243604
0.501614
0.136095
0.090372
0.601509
0.212773
0.111701
0.281880
0.346844
0.510655
0.363546
0.070114
0.370645
0.311511
0.265697
0.266238
0.182377
0.111926
0.071370
0.055585
0.518244
0.508970
0.319458
0.273977
0.297175
0.110668
0.109095
0.091995
0.384756
0.097928
0.470851
0.521402
0.423628
0.333923
0.186782
0.086928
0.005568
0.523600
0.270259
0.315714
0.082606
0.486049
0.481709
0.324900
0.232305
0.259878
0.482796
0.126761
0.341797
0.226048
0.047549
0.313108
0.083715
0.086652
0.414317
0.229985
0.345577
0.191575
0.507426
0.145025
0.447589
0.017535
0.170545
0.412809
0.111091
0.197213
0.297302
0.217509
0.617640
0.436236
0.140582
0.227369
0.346081
0.602363
0.001616
0.097308
0.026750
0.223135
0.451423
0.119788
0.176831
0.350313
0.361595
0.326639
0.365314
0.502551
0.068134
0.240099
0.169617
0.408261
0.302970
0.239837
0.176644
0.256356
0.002792
0.149188
0.324460
0.052078
0.385523
0.545944
0.477797
0.175614
0.039497
0.572680
0.299249
0.529451
0.343153
0.006397
0.268722
0.040744
0.092637
0.125855
0.228872
0.579272
0.134394
0.382703
0.062900
0.413693
0.075699
0.197499
0.107079
0.500660
0.366459
0.443356
0.552212
0.315701
0.210569
0.057203
0.270210
0.330810
0.393280
0.014700
0.330854
0.485486
0.326361
0.351662
0.181836
0.157798
0.176562
0.431152
0.400935
0.504459
0.168027
0.206705
0.364386
0.413412
0.086628
0.364583
0.107243
0.277114
0.167745
0.392956
0.179526
0.256153
0.374652
0.354467
0.415866
0.458608
0.061471
0.167532
0.338479
0.572291
0.130802
0.511767
0.233881
0.352123
0.107149
0.188861
0.165249
0.367547
0.135215
0.461424
0.315617
0.440002
0.145821
0.403555
0.097421
0.343426
0.469624
0.043191
0.275940
0.591632
0.000566
0.150266
0.396692
0.220949
0.135782
0.240406
0.309090
0.519371
0.373697
0.154892
0.331148
0.319013
0.257267
0.353757
0.157712
0.093104
0.004635
0.143705
0.528213
0.532517
0.246809
0.201752
0.010483
0.124129
0.160135
0.048775
0.305695
0.014663
0.458767
0.447943
0.416431
0.306945
0.022736
0.044755
0.027626
0.359821
0.277642
0.340640
0.203761
0.345856
0.620518
0.212451
0.219040
0.357513
0.589313
0.025279
0.280800
0.213541
0.179355
0.364145
0.030901
0.049720
0.532100
0.293697
0.383969
0.357437
0.298171
0.116943
0.355137
0.110227
0.099103
0.324121
0.084227
0.241827
0.356649
0.085994
0.597895
0.456916
0.077049
0.376829
0.367954
0.649849
0.129278
0.097535
0.253287
0.244394
0.345149
0.127886
0.235139
0.409126
0.259569
0.292830
0.414711
0.370610
0.082753
0.352776
0.168414
0.345813
0.432883
0.278771
0.010152
0.216454
0.127603
0.097206
0.344313
0.039247
0.256975
0.405123
0.362772
0.134643
0.203839
0.607871
0.249875
0.436659
0.231839
0.107064
0.379310
0.119028
0.068088
0.108777
0.171717
0.471015
0.018160
0.330734
0.025883
0.387704
0.053424
0.254061
0.156204
0.460901
0.386337
0.423473
0.514431
0.414763
0.244062
0.068495
0.342193
0.321246
0.383252
0.074805
0.323282
0.514491
0.251482
0.379740
0.169948
0.190593
0.140620
0.439359
0.440549
0.508806
0.054130
0.114689
0.294148
0.413253
0.109773
0.343614
0.144634
0.398584
0.121110
0.349270
0.319369
0.309728
0.254264
0.364129
0.405639
0.367688
0.009754
0.223892
0.440623
0.435363
0.065829
0.537538
0.273090
0.196248
0.087368
0.254810
0.262641
0.339061
0.030865
0.522235
0.265073
0.433088
0.116245
0.330909
0.121781
0.380255
0.356806
0.120723
0.366016
0.504905
0.109166
0.200404
0.086415
0.242133
0.151984
0.075029
0.302713
0.476081
0.327979
0.297080
0.289373
0.294217
0.200109
0.387549
0.230094
0.004678
0.078431
0.119361
0.520430
0.402461
0.181950
0.178760
0.199751
0.151290
0.243116
0.010587
0.282852
0.085251
0.430867
0.368226
0.436667
0.286623
0.125955
0.055793
0.020146
0.288949
0.253578
0.337983
0.340788
0.181051
0.643146
0.096174
0.234402
0.383702
0.630673
0.025655
0.206709
0.322917
0.247338
0.343557
0.013646
0.000516
0.582179
0.334812
0.425798
0.518541
0.161720
0.075332
0.218070
0.224615
0.032930
0.253239
0.054779
0.256634
0.416778
0.030084
0.552213
0.386049
0.099694
0.468577
0.402756
0.589331
0.298770
0.167124
0.371246
0.269099
0.195377
0.116808
0.280955
0.462028
0.161516
0.293914
0.478918
0.286735
0.074234
0.501516
0.222201
0.291840
0.550226
0.356872
0.088889
0.177693
0.318309
0.071710
0.415794
0.108610
0.115092
0.283248
0.191870
0.130741
0.334659
0.601386
0.238754
0.311935
0.044384
0.218988
0.446089
0.156421
0.036003
0.055114
0.062133
0.300041
0.224243
0.296137
0.122208
0.334850
0.081796
0.342526
0.222397
0.415895
0.388095
0.379574
0.414200
0.500375
0.345461
0.101084
0.368980
0.318370
0.358034
0.033736
0.312183
0.513145
0.250438
0.439477
0.067558
0.159073
0.131065
0.370084
0.360321
0.396290
0.210275
0.030759
0.221043
0.366047
0.059078
0.361831
0.270378
0.481526
0.131272
0.311727
0.418031
0.338619
0.130988
0.251977
0.375354
0.276114
0.033888
0.332227
0.455745
0.242672
0.061460
0.463943
0.261298
0.131523
0.048105
0.235896
0.350051
0.362905
0.194990
0.514209
0.254861
0.475649
0.106195
0.272015
0.187738
0.400540
0.189186
0.253394
0.380472
0.343163
0.183234
0.234943
0.227545
0.278198
0.180535
0.092343
0.280052
0.439592
0.186670
0.401941
0.223588
0.310751
0.170975
0.401269
0.348267
0.049965
0.181426
0.076935
0.471285
0.331195
0.181713
0.159210
0.358052
0.234290
0.311028
0.010374
0.256471
0.112784
0.374847
0.253925
0.441844
0.314328
0.171504
0.141227
0.070626
0.181204
0.164233
0.316849
0.441217
0.057486
0.620698
0.001409
0.312778
0.475118
0.636459
0.090108
0.144045
0.399875
0.272960
0.336150
0.012026
0.077057
0.616810
0.306010
0.446932
0.626040
0.057724
0.039956
0.162177
0.385062
0.032889
0.258626
0.068719
0.328070
0.447247
0.130533
0.410332
0.337620
0.311482
0.442370
0.448508
0.448103
0.476452
0.320946
0.430985
0.281465
0.049740
0.054361
0.324750
0.458981
0.125036
0.297645
0.464206
0.181040
0.007527
0.530244
0.346101
0.252564
0.647239
0.371056
0.080771
0.129314
0.522900
0.008127
0.438057
0.192068
0.033289
0.209564
0.046955
0.261927
0.410918
0.547583
0.249096
0.234321
0.150517
0.258934
0.473498
0.192174
0.085358
0.016428
0.068681
0.098245
0.408194
0.185292
0.283828
0.151661
0.111494
0.381551
0.289369
0.363329
0.407380
0.378130
0.273729
0.515212
0.439842
0.155964
0.365597
0.313691
0.304205
0.004300
0.267991
0.391169
0.190784
0.453814
0.064480
0.150918
0.147964
0.268108
0.159670
0.228340
0.269203
0.011748
0.195829
0.340695
0.022309
0.300387
0.314815
0.509576
0.153789
0.297673
0.468835
0.427744
0.013744
0.134711
0.353212
0.244936
0.005381
0.404521
0.456513
0.062021
0.024658
0.291658
0.293436
0.031084
0.058020
0.250498
0.399614
0.333711
0.344639
0.510074
0.238820
0.525012
0.075411
0.235334
0.274427
0.428127
0.055439
0.304873
0.401587
0.256934
0.212493
0.285662
0.348705
0.273796
0.187754
0.217619
0.240139
0.346004
0.072540
0.377121
0.124426
0.315357
0.187849
0.372208
0.435117
0.201805
0.253487
0.329739
0.374455
0.288032
0.216387
0.184499
0.473892
0.333803
0.313829
0.047302
0.255677
0.097332
0.323572
0.163314
0.399170
0.370008
0.148527
0.210412
0.171528
0.204175
0.123813
0.251676
0.515301
0.017810
0.487570
0.028136
0.428988
0.505072
0.504944
0.075300
0.062588
0.504309
0.296875
0.332793
0.013341
0.183119
0.529858
0.298879
0.377109
0.557654
0.000108
0.013630
0.133240
0.504773
0.024470
0.313772
0.031119
0.289087
0.451792
0.152646
0.245969
0.246062
0.452843
0.305477
0.507859
0.251683
0.547469
0.479814
0.366702
0.285429
0.058310
0.006046
0.384743
0.430711
0.118938
0.231342
0.512108
0.131730
0.133139
0.438797
0.500033
0.302571
0.704690
0.372225
0.047014
0.140289
0.670017
0.024848
0.486735
0.299289
0.007219
0.199702
0.020468
0.398768
0.412838
0.461369
0.342057
0.167355
0.335405
0.322546
0.477468
0.219128
0.138982
0.026346
0.229121
0.108031
0.544917
0.029744
0.359295
0.027733
0.102683
0.401796
0.359052
0.320375
0.464396
0.303697
0.072305
0.462085
0.427450
0.250510
0.311293
0.364559
0.296448
0.134967
0.195313
0.232089
0.171524
0.466996
0.174676
0.149698
0.166082
0.241108
0.066039
0.057117
0.213594
0.019993
0.163280
0.363707
0.085772
0.307322
0.393855
0.511950
0.147420
0.254511
0.395637
0.414070
0.047810
0.029962
0.271303
0.198823
0.056947
0.471753
0.384956
0.085022
0.039549
0.098882
0.282509
0.022285
0.135977
0.221862
0.409056
0.260716
0.360177
0.433561
0.175513
0.481788
0.073410
0.238535
0.371835
0.368382
0.002989
0.272898
0.337519
0.216423
0.139200
0.261781
0.449695
0.242912
0.200102
0.267972
0.208889
0.225630
0.375920
0.263863
0.022168
0.411215
0.180530
0.296317
0.451214
0.326548
0.269657
0.515056
0.251013
0.294492
0.265162
0.178681
0.463264
0.462386
0.233345
0.060758
0.214491
0.006721
0.216918
0.026888
0.266572
0.478540
0.076197
0.157050
0.301733
0.258149
0.127457
0.237231
0.572994
0.060445
0.361309
0.066160
0.521877
0.599654
0.342546
0.076461
0.039917
0.481897
0.333891
0.400522
0.050930
0.333232
0.441455
0.285684
0.308676
0.436600
0.015841
0.011679
0.145648
0.647418
0.061888
0.383246
0.034068
0.329967
0.425519
0.165704
0.035680
0.214143
0.516770
0.084312
0.459544
0.110977
0.538055
0.572803
0.273347
0.344606
0.101169
0.039474
0.470045
0.327731
0.186348
0.093205
0.484209
0.069910
0.306748
0.273324
0.567614
0.327117
0.667771
0.287855
0.290404
0.198071
0.694085
0.045195
0.476170
0.369592
0.029881
0.279755
0.035745
0.521165
0.470629
0.320482
0.332411
0.228703
0.482311
0.348530
0.338587
0.250670
0.192953
0.030833
0.301465
0.285262
0.540230
0.114688
0.374933
0.100613
0.084577
0.348211
0.439002
0.277759
0.462160
0.260987
0.142847
0.378756
0.326181
0.348568
0.226411
0.400903
0.261930
0.322510
0.163225
0.048904
0.146942
0.433464
0.297443
0.210532
0.191090
0.260240
0.284324
0.065970
0.031295
0.046465
0.150587
0.418510
0.150005
0.235571
0.404394
0.474858
0.201131
0.280222
0.368217
0.399623
0.094284
0.030343
0.247219
0.204932
0.186177
0.455144
0.327737
0.112835
0.074833
0.003517
0.261121
0.116771
0.215453
0.275570
0.311549
0.162001
0.296615
0.330299
0.149781
0.364961
0.056522
0.236881
0.397190
0.330704
0.044967
0.169896
0.283801
0.209378
0.068337
0.229272
0.444216
0.197282
0.182373
0.270734
0.241780
0.096796
0.614209
0.150022
0.053491
0.466853
0.159388
0.244463
0.413557
0.505832
0.259376
0.692162
0.139102
0.226238
0.285231
0.195592
0.419351
0.505718
0.184481
0.081643
0.290729
0.195493
0.115170
0.046924
0.183600
0.549412
0.027151
0.075719
0.433989
0.403668
0.098602
0.238864
0.547840
0.176984
0.260697
0.074498
0.589532
0.589704
0.192472
0.131622
0.066957
0.463152
0.320101
0.418198
0.102293
0.445987
0.343235
0.281633
0.257037
0.320971
0.109293
0.080652
0.181402
0.675396
0.093268
0.401646
0.042168
0.336770
0.337902
0.187047
0.084350
0.257421
0.543741
0.138030
0.407855
0.062549
0.456770
0.642729
0.183918
0.393113
0.049337
0.078304
0.502787
0.228632
0.316162
0.013584
0.497620
0.084177
0.400416
0.210590
0.566307
0.338770
0.525990
0.143003
0.510800
0.279158
0.619419
0.041058
0.443928
0.397420
0.039159
0.325835
0.028959
0.495374
0.411966
0.182913
0.369628
0.352253
0.519088
0.363990
0.142600
0.290518
0.247528
0.049152
0.262744
0.378172
0.465594
0.214639
0.327408
0.228621
0.072719
0.344481
0.490536
0.259638
0.429076
0.205834
0.266592
0.249846
0.230338
0.414264
0.090358
0.377549
0.156298
0.514753
0.175352
0.006321
0.140451
0.377049
0.365278
0.243136
0.149550
0.273700
0.424114
0.099674
0.177420
0.050741
0.151774
0.441518
0.167867
0.161730
0.360328
0.492384
0.227675
0.335952
0.258012
0.342618
0.033785
0.049506
0.239704
0.280699
0.254316
0.340669
0.229907
0.013601
0.070153
0.071780
0.237382
0.078864
0.284314
0.287649
0.188848
0.125229
0.098434
0.223148
0.119480
0.266931
0.085113
0.267146
0.433152
0.276769
0.073238
0.084575
0.245697
0.259867
0.258608
0.205119
0.323257
0.145572
0.189280
0.211469
0.292723
0.046126
0.653465
0.057322
0.076888
0.448823
0.152099
0.208853
0.365046
0.545237
0.177888
0.732702
0.023707
0.162053
0.294932
0.242449
0.330011
0.424647
0.191829
0.101885
0.339154
0.406944
0.001488
0.020644
0.114744
0.514462
0.115481
0.077806
0.473819
0.516745
0.038838
0.234319
0.548317
0.297286
0.281513
0.002658
0.659553
0.526599
0.173472
0.163648
0.191503
0.457568
0.313886
0.413698
0.087427
0.554713
0.287025
0.327384
0.318555
0.212025
0.218853
0.133824
0.263760
0.567212
0.173477
0.380959
0.093221
0.396553
0.249329
0.171239
0.136841
0.408288
0.483200
0.343664
0.343058
0.053560
0.339287
0.639966
0.125115
0.445265
0.085528
0.119489
0.480475
0.082490
0.493286
0.004712
0.479814
0.153129
0.325153
0.220477
0.518847
0.375084
0.360368
0.006355
0.716145
0.396403
0.495670
0.157877
0.403393
0.383300
0.057839
0.385645
0.156677
0.446233
0.352373
0.095762
0.346925
0.554535
0.473684
0.272706
0.044449
0.268301
0.230697
0.093957
0.139793
0.418808
0.277289
0.303711
0.322248
0.312543
0.107912
0.333604
0.470529
0.251543
0.359569
0.253632
0.258217
0.167842
0.102437
0.494691
0.037071
0.320409
0.111772
0.665185
0.219964
0.024036
0.064966
0.225729
0.438458
0.312063
0.169803
0.301263
0.533422
0.006652
0.348500
0.061370
0.188203
0.515217
0.196440
0.094238
0.273898
0.487334
0.231248
0.319768
0.202027
0.343946
0.061059
0.012089
0.266761
0.362374
0.302777
0.155994
0.137179
0.148495
0.100238
0.011915
0.254921
0.023987
0.337973
0.281454
0.063961
0.122549
0.126055
0.166847
0.173704
0.105284
0.056550
0.262227
0.393711
0.247657
0.099958
0.021543
0.246461
0.292770
0.496004
0.209791
0.180704
0.170884
0.165770
0.146348
0.353146
0.025075
0.625874
0.028440
0.232999
0.357566
0.218314
0.145215
0.319238
0.575662
0.080542
0.642456
0.093021
0.117631
0.361505
0.347356
0.212620
0.260115
0.200921
0.118659
0.442395
0.618424
0.079894
0.083568
0.136398
0.431235
0.166203
0.211593
0.486431
0.628805
0.011968
0.223320
0.468694
0.402509
0.330258
0.082453
0.621111
0.396009
0.143988
0.121039
0.294346
0.482183
0.268842
0.441585
0.009996
0.617273
0.304044
0.344670
0.338071
0.153438
0.347395
0.208508
0.306974
0.432883
0.251898
0.294433
0.200333
0.491942
0.161787
0.199256
0.063043
0.522500
0.393131
0.468679
0.289277
0.155476
0.147440
0.640048
0.065557
0.497979
0.243776
0.055941
0.472632
0.007901
0.566031
0.005102
0.470626
0.248829
0.233763
0.225740
0.446700
0.400566
0.222406
0.142257
0.779177
0.548414
0.394103
0.282494
0.367694
0.312666
0.085324
0.421924
0.281031
0.323070
0.300053
0.058644
0.350839
0.635682
0.329875
0.149213
0.088040
0.210183
0.204187
0.081777
0.045412
0.364191
0.005053
0.310570
0.220970
0.335403
0.142394
0.341806
0.324564
0.307941
0.315825
0.243314
0.219991
0.089494
0.040981
0.504987
0.138649
0.260559
0.068851
0.692070
0.282862
0.090263
0.022236
0.211337
0.478678
0.408220
0.149327
0.379417
0.500560
0.163820
0.365399
0.073685
0.183965
0.591918
0.240410
0.045427
0.291474
0.480751
0.214282
0.309005
0.140408
0.365605
0.150116
0.070957
0.311524
0.393440
0.288786
0.023590
0.004529
0.357265
0.028952
0.016904
0.262069
0.274871
0.374925
0.207183
0.014538
0.155430
0.348703
0.125675
0.236847
0.027357
0.063154
0.299330
0.332200
0.216404
0.045296
0.026509
0.220576
0.298895
0.604100
0.234612
0.039959
0.198964
0.231513
0.008736
0.361915
0.089302
0.532243
0.031428
0.406811
0.250547
0.321752
0.105089
0.247052
0.491523
0.016360
0.285234
0.088080
0.091585
0.380995
0.432632
0.098197
0.153612
0.237860
0.197981
0.435737
0.657037
0.094534
0.193424
0.065815
0.316264
0.179502
0.406575
0.378133
0.631606
0.005722
0.209091
0.460276
0.484143
0.356973
0.179998
0.588421
0.304128
0.176022
0.007232
0.381139
0.447311
0.239889
0.468109
0.096957
0.651191
0.309753
0.381010
0.369994
0.115312
0.351762
0.270284
0.324721
0.312697
0.313965
0.223502
0.301219
0.608089
0.161523
0.265377
0.024816
0.572604
0.267779
0.484925
0.203844
0.225268
0.040684
0.579148
0.120706
0.440390
0.374021
0.028969
0.330150
0.002428
0.611869
0.011836
0.391896
0.363037
0.208302
0.271431
0.328657
0.384165
0.101811
0.205342
0.778144
0.689115
0.312740
0.324421
0.376514
0.236718
0.157269
0.424845
0.424500
0.244254
0.331160
0.071829
0.318280
0.623088
0.183277
0.021531
0.133173
0.115201
0.112127
0.073603
0.021681
0.288454
0.287051
0.320521
0.077748
0.272773
0.203964
0.341723
0.189555
0.432185
0.282676
0.343156
0.097688
0.129730
0.077329
0.431414
0.141187
0.232418
0.116028
0.563407
0.369466
0.195627
0.082250
0.283508
0.570889
0.457740
0.167781
0.392612
0.397786
0.376492
0.324080
0.071530
0.194083
0.603346
0.301577
0.022585
0.251580
0.402188
0.185607
0.297544
0.153134
0.448229
0.162525
0.181977
0.315609
0.407384
0.298811
0.088679
0.018040
0.510421
0.082904
0.085878
0.238419
0.478271
0.388335
0.104697
0.012438
0.181947
0.455001
0.106014
0.329055
0.027033
0.106043
0.252181
0.178344
0.263676
0.017966
0.025453
0.204351
0.239890
0.704203
0.204599
0.050076
0.176647
0.280533
0.112282
0.380692
0.192896
0.353608
0.027392
0.613092
0.199592
0.456233
0.075449
0.221864
0.398338
0.080715
0.013990
0.055930
0.088092
0.402265
0.380283
0.009986
0.118451
0.209461
0.298856
0.413511
0.654762
0.053792
0.313013
0.076150
0.194340
0.157806
0.502474
0.378578
0.605000
0.018400
0.285730
0.382411
0.520939
0.362806
0.250179
0.571411
0.179053
0.155575
0.105970
0.460356
0.422818
0.154262
0.468851
0.134864
0.697028
0.391840
0.346710
0.389371
0.170445
0.353003
0.327669
0.287059
0.182563
0.355621
0.164406
0.391373
0.652437
0.256199
0.351426
0.070106
0.524324
0.244929
0.508988
0.135086
0.330118
0.137155
0.507109
0.235486
0.370270
0.465521
0.163011
0.212949
0.104031
0.598507
0.025979
0.329069
0.436637
0.219512
0.310686
0.250805
0.349051
0.047975
0.198673
0.621064
0.704072
0.263994
0.341736
0.357297
0.185298
0.169863
0.405205
0.487774
0.130407
0.261219
0.061814
0.308834
0.486189
0.041093
0.092300
0.149293
0.024693
0.014825
0.004879
0.000083
0.154239
0.536005
0.287859
0.121379
0.244331
0.250199
0.331170
0.107000
0.532541
0.293597
0.446402
0.046882
0.172758
0.130816
0.414858
0.093511
0.321874
0.200169
0.439315
0.471099
0.336770
0.046228
0.317704
0.539975
0.514664
0.169482
0.327338
0.243995
0.482589
0.228539
0.080318
0.209760
0.549355
0.389188
0.081933
0.191368
0.366698
0.154808
0.290344
0.116651
0.460952
0.177958
0.294562
0.321159
0.393651
0.316209
0.172229
0.039363
0.577745
0.235993
0.091077
0.238485
0.644913
0.380703
0.009145
0.012125
0.220533
0.519834
0.072810
0.318580
0.044857
0.182663
0.168423
0.082360
0.280046
0.033459
0.089882
0.203204
0.178132
0.600055
0.157702
0.125472
0.142204
0.361650
0.236761
0.455365
0.333480
0.156583
0.088495
0.676188
0.225039
0.445490
0.104534
0.236395
0.261231
0.038257
0.147869
0.007336
0.124679
0.345368
0.281641
0.142231
0.185240
0.166229
0.343702
0.315699
0.575226
0.019493
0.352255
0.091636
0.126879
0.147193
0.629540
0.418773
0.480854
0.052844
0.373445
0.283605
0.504576
0.360404
0.254211
0.511399
0.119462
0.199950
0.199402
0.502945
0.366962
0.108539
0.443049
0.185184
0.674801
0.430429
0.328212
0.430016
0.226083
0.356586
0.294732
0.298378
0.167667
0.384709
0.225429
0.399882
0.704373
0.370593
0.392820
0.176884
0.463426
0.270049
0.472279
0.171479
0.387309
0.205362
0.359215
0.441999
0.329540
0.541501
0.233839
0.099112
0.222900
0.456081
0.096212
0.221340
0.457831
0.192361
0.388946
0.220015
0.331056
0.109025
0.116912
0.437612
0.543673
0.175014
0.324717
0.344790
0.136273
0.213061
0.340892
0.529715
0.057114
0.223565
0.059462
0.255112
0.329067
0.104599
0.202204
0.197574
0.023916
0.056370
0.024575
0.097823
0.045826
0.641899
0.227154
0.283118
0.292978
0.272120
0.219665
0.022277
0.525756
0.247448
0.477995
0.211351
0.331202
0.233459
0.366464
0.013357
0.409866
0.290638
0.278125
0.522005
0.502199
0.012562
0.346172
0.424716
0.521891
0.267181
0.256678
0.134314
0.440073
0.145168
0.113166
0.226586
0.443374
0.469414
0.150267
0.153614
0.310904
0.165192
0.318951
0.133662
0.450557
0.181200
0.428663
0.359146
0.332892
0.289565
0.241541
0.182794
0.535094
0.374416
0.103299
0.237195
0.703108
0.360676
0.073656
0.069165
0.274710
0.464342
0.076339
0.332414
0.116602
0.258923
0.052341
0.034761
0.306670
0.044676
0.140375
0.231046
0.184657
0.486657
0.089760
0.171460
0.144134
0.401056
0.294031
0.504920
0.403404
0.005417
0.158211
0.764695
0.292453
0.399192
0.169903
0.234972
0.220958
0.018547
0.146444
0.052841
0.226260
0.309657
0.140160
0.238699
0.271811
0.101178
0.354852
0.245906
0.518267
0.155422
0.377679
0.175541
0.090219
0.212442
0.654295
0.460073
0.388401
0.001431
0.466647
0.069830
0.471046
0.351746
0.202639
0.412177
0.104659
0.200606
0.225704
0.412557
0.338604
0.072867
0.373965
0.197214
0.529447
0.453301
0.273293
0.467684
0.358932
0.434877
0.256631
0.333439
0.158857
0.345716
0.237264
0.368963
0.614067
0.460460
0.457675
0.392743
0.390391
0.325951
0.432811
0.233743
0.465047
0.239327
0.252440
0.538290
0.247288
0.570566
0.251892
0.087737
0.356403
0.292980
0.142304
0.186964
0.461098
0.142997
0.393548
0.187755
0.270420
0.215127
0.009590
0.167664
0.319058
0.085815
0.296803
0.277433
0.137818
0.245996
0.276135
0.480040
0.047538
0.270176
0.021082
0.309297
0.168208
0.236332
0.250258
0.229671
0.057909
0.081172
0.037260
0.181464
0.061783
0.624091
0.133776
0.452602
0.309163
0.224767
0.097697
0.000295
0.506326
0.226981
0.407380
0.344204
0.454967
0.340646
0.273232
0.106567
0.491451
0.323078
0.109587
0.437290
0.631384
0.117560
0.374383
0.359378
0.569343
0.336545
0.164428
0.087954
0.290351
0.056680
0.158844
0.235514
0.255277
0.501653
0.236433
0.183465
0.262962
0.254715
0.348227
0.077014
0.381980
0.156594
0.509567
0.338884
0.234419
0.224026
0.215394
0.335091
0.420319
0.504062
0.115460
0.264782
0.622485
0.359761
0.081274
0.075564
0.342031
0.355937
0.097162
0.350524
0.272210
0.315169
0.011940
0.046767
0.348441
0.058198
0.223374
0.301316
0.242275
0.310969
0.060649
0.224382
0.262101
0.390691
0.331620
0.534435
0.443684
0.080203
0.247577
0.599259
0.395056
0.308172
0.246054
0.237046
0.227493
0.131110
0.110354
0.081434
0.332584
0.273792
0.068347
0.235505
0.349555
0.076804
0.338819
0.174549
0.448596
0.279998
0.203611
0.204494
0.154251
0.313392
0.575848
0.439103
0.246068
0.109350
0.525694
0.061739
0.482300
0.292558
0.142475
0.280503
0.129077
0.211244
0.236033
0.335339
0.238882
0.042945
0.245476
0.218860
0.375542
0.388445
0.221945
0.544141
0.514413
0.425726
0.199613
0.420400
0.220405
0.283009
0.281747
0.298257
0.428604
0.466861
0.476779
0.560697
0.303765
0.421126
0.350359
0.350164
0.485478
0.247743
0.179640
0.500857
0.236421
0.563368
0.212675
0.066042
0.528719
0.143105
0.200710
0.142770
0.499064
0.103770
0.421454
0.095709
0.221617
0.319102
0.122508
0.005809
0.155384
0.041482
0.236472
0.227500
0.176119
0.275355
0.206779
0.297551
0.129665
0.386132
0.031833
0.358499
0.097594
0.326404
0.253391
0.283313
0.065925
0.117745
0.020700
0.267557
0.060724
0.547435
0.148730
0.496305
0.301566
0.186570
0.020241
0.023935
0.468163
0.225308
0.334241
0.387416
0.633191
0.467098
0.194159
0.224433
0.547245
0.340527
0.033961
0.263366
0.682284
0.228471
0.324921
0.351457
0.537611
0.409918
0.046089
0.147338
0.217131
0.012762
0.232783
0.230401
0.070703
0.470882
0.271048
0.211875
0.198682
0.304251
0.327859
0.082929
0.278337
0.171248
0.522767
0.329720
0.121894
0.155332
0.194561
0.501667
0.226815
0.555028
0.136936
0.271387
0.482079
0.345644
0.074104
0.078683
0.401091
0.208461
0.173810
0.397499
0.403312
0.361317
0.047459
0.020834
0.407638
0.031006
0.259915
0.333400
0.294330
0.163214
0.038157
0.205704
0.397930
0.272883
0.314090
0.496921
0.497281
0.069280
0.251115
0.426676
0.492336
0.264119
0.274081
0.275744
0.333787
0.263894
0.056547
0.104950
0.477118
0.240948
0.027241
0.127057
0.400285
0.069996
0.330121
0.139246
0.449152
0.351014
0.067890
0.335540
0.241431
0.428362
0.356026
0.384391
0.176484
0.235967
0.582050
0.176305
0.492392
0.287756
0.074096
0.131247
0.140618
0.218120
0.199471
0.282989
0.172056
0.015672
0.151868
0.229359
0.234893
0.367027
0.209051
0.565353
0.685048
0.332841
0.174810
0.468406
0.261612
0.151136
0.280954
0.199835
0.187229
0.424801
0.432268
0.684809
0.233877
0.516147
0.292804
0.412032
0.519620
0.148028
0.108145
0.396639
0.269331
0.507879
0.232806
0.150081
0.630341
0.037889
0.180684
0.173059
0.529438
0.075271
0.429631
0.064327
0.191126
0.373473
0.258056
0.120005
0.004812
0.009612
0.221803
0.174818
0.255663
0.219602
0.136889
0.031927
0.196622
0.421417
0.063399
0.372675
0.062135
0.375853
0.318436
0.257344
0.034262
0.122002
0.003677
0.243460
0.058718
0.368414
0.109422
0.466861
0.233527
0.196671
0.042104
0.049391
0.426766
0.240659
0.173547
0.339984
0.660620
0.525037
0.130973
0.343796
0.533053
0.268555
0.096618
0.150751
0.620874
0.315045
0.305875
0.287310
0.518199
0.426630
0.044826
0.147895
0.213863
0.036036
0.269792
0.247069
0.022466
0.399260
0.316059
0.312866
0.175856
0.370163
0.243557
0.072976
0.165073
0.162167
0.442612
0.256923
0.094031
0.144170
0.098675
0.603044
0.067739
0.525687
0.150590
0.247491
0.359546
0.340396
0.039465
0.031421
0.393229
0.122966
0.254771
0.402826
0.485203
0.375377
0.069590
0.091192
0.499092
0.086886
0.323136
0.374830
0.372601
0.038086
0.132912
0.229701
0.500298
0.143150
0.343000
0.426041
0.528326
0.018027
0.249377
0.212955
0.573608
0.198625
0.278197
0.280663
0.418985
0.357205
0.293928
0.153553
0.581246
0.184906
0.072683
0.029411
0.369576
0.133919
0.272332
0.180556
0.387325
0.333045
0.069505
0.395380
0.397605
0.532144
0.215385
0.293820
0.132337
0.362734
0.570751
0.129958
0.565759
0.285258
0.021941
0.030881
0.179712
0.347874
0.123753
0.329623
0.041920
0.090193
0.072955
0.231593
0.162467
0.281637
0.206301
0.556002
0.721014
0.237911
0.136538
0.471172
0.379461
0.027629
0.326303
0.024962
0.007953
0.320780
0.372884
0.723015
0.158739
0.504537
0.162612
0.472812
0.480902
0.034819
0.046061
0.275322
0.336435
0.395239
0.212472
0.149523
0.564038
0.012941
0.183309
0.203960
0.568616
0.054457
0.430647
0.230278
0.178353
0.442212
0.402454
0.129137
0.067391
0.016449
0.252346
0.176976
0.327786
0.137085
0.094521
0.110484
0.300235
0.452033
0.046083
0.283029
0.112683
0.381126
0.294639
0.240578
0.058306
0.144021
0.005808
0.133133
0.020489
0.185228
0.098257
0.373401
0.140051
0.197551
0.049383
0.030002
0.345497
0.281879
0.034575
0.203701
0.639868
0.479161
0.051151
0.410680
0.410332
0.263827
0.082404
0.102442
0.434176
0.414899
0.235291
0.175014
0.421591
0.451602
0.045609
0.192489
0.254353
0.103690
0.275882
0.288808
0.009353
0.254422
0.269424
0.372705
0.191152
0.428500
0.143733
0.125604
0.090107
0.190116
0.318984
0.175480
0.162126
0.105906
0.006276
0.557765
0.055811
0.441951
0.170982
0.200695
0.209475
0.341516
0.158029
0.033323
0.372639
0.050655
0.235674
0.401196
0.515977
0.393838
0.028087
0.205278
0.543549
0.148948
0.302329
0.371516
0.466980
0.067329
0.216491
0.265556
0.503745
0.009257
0.372272
0.274441
0.543502
0.078678
0.274762
0.091431
0.586195
0.087440
0.220404
0.263285
0.476092
0.422800
0.545706
0.245093
0.611217
0.147147
0.077552
0.223359
0.335494
0.210864
0.229321
0.274040
0.300190
0.252207
0.046517
0.475292
0.526814
0.672118
0.063604
0.178106
0.158933
0.388355
0.537657
0.034571
0.582739
0.321194
0.001791
0.029135
0.247808
0.467662
0.123188
0.292550
0.021570
0.200944
0.083530
0.290606
0.129704
0.312456
0.187591
0.461447
0.630554
0.259581
0.117110
0.505602
0.423349
0.021087
0.315166
0.112132
0.126590
0.183743
0.359013
0.798814
0.081631
0.530026
0.118334
0.511770
0.455838
0.133895
0.000746
0.133710
0.408868
0.285922
0.254930
0.206529
0.393743
0.041929
0.165014
0.244033
0.524523
0.062850
0.382798
0.297310
0.162790
0.455602
0.508647
0.102163
0.077216
0.017492
0.252342
0.210495
0.406139
0.050751
0.140197
0.182961
0.348635
0.422484
0.035813
0.177287
0.161682
0.345917
0.167630
0.193149
0.094846
0.173427
0.006509
0.031522
0.028586
0.053815
0.014251
0.289102
0.011112
0.280924
0.013920
0.053430
0.220531
0.305189
0.133066
0.160663
0.495764
0.367317
0.061220
0.469895
0.291017
0.240803
0.003445
0.099936
0.236251
0.519205
0.162535
0.112029
0.387797
0.460287
0.002676
0.241981
0.288956
0.268859
0.288798
0.341565
0.046376
0.132249
0.259769
0.361221
0.269766
0.450494
0.049701
0.089859
0.065741
0.188622
0.150481
0.075747
0.304188
0.071773
0.141498
0.463301
0.102535
0.367522
0.205180
0.190186
0.093101
0.335560
0.241027
0.087431
0.337005
0.000292
0.158657
0.393042
0.441709
0.377113
0.034183
0.395992
0.613911
0.136430
0.374686
0.344758
0.495693
0.166971
0.275341
0.352600
0.525647
0.077849
0.390704
0.149904
0.612225
0.146760
0.199445
0.015742
0.535607
0.097408
0.149166
0.282324
0.513979
0.444826
0.744856
0.232751
0.594643
0.132707
0.046534
0.411090
0.272865
0.303331
0.198670
0.439046
0.205600
0.104537
0.020156
0.519175
0.662134
0.705482
0.048056
0.126220
0.144335
0.378850
0.429837
0.133064
0.560733
0.343576
0.097656
0.016892
0.389663
0.519606
0.127865
0.349929
0.009339
0.282980
0.106644
0.370895
0.156457
0.391561
0.100694
0.331228
0.496440
0.304019
0.137477
0.436987
0.446024
0.008894
0.277681
0.269068
0.111845
0.056279
0.319253
0.732064
0.032115
0.579243
0.059463
0.497873
0.334099
0.319009
0.029352
0.048882
0.447249
0.189028
0.251331
0.320630
0.247681
0.087523
0.162641
0.200531
0.415411
0.140950
0.308431
0.249952
0.151228
0.462463
0.490519
0.031376
0.018632
0.087942
0.168176
0.271927
0.445200
0.003358
0.223685
0.157271
0.336721
0.307015
0.071037
0.089365
0.287482
0.344344
0.030647
0.151141
0.126683
0.199803
0.016335
0.125173
0.071568
0.226435
0.041973
0.155130
0.102150
0.289045
0.051741
0.112350
0.151671
0.234476
0.311042
0.165900
0.419412
0.314958
0.155637
0.488008
0.190179
0.237969
0.047445
0.107174
0.056964
0.493918
0.081055
0.004968
0.305190
0.397825
0.125942
0.278772
0.370998
0.407231
0.245083
0.338332
0.137510
0.007245
0.207892
0.325615
0.340574
0.343456
0.029873
0.093797
0.093751
0.217309
0.028710
0.056876
0.443684
0.035215
0.263170
0.345471
0.076408
0.252584
0.290236
0.238467
0.060501
0.271631
0.236230
0.115636
0.335292
0.003226
0.036565
0.309741
0.411874
0.382525
0.147401
0.524604
0.565828
0.164093
0.305326
0.230707
0.410856
0.318395
0.226771
0.346618
0.487353
0.164612
0.373668
0.038885
0.636232
0.247649
0.109603
0.068806
0.384928
0.195275
0.070269
0.289092
0.519376
0.401244
0.745146
0.173919
0.538474
0.210577
0.031713
0.502753
0.260273
0.325047
0.204806
0.483417
0.175982
0.016203
0.074909
0.533825
0.655168
0.780639
0.215876
0.218795
0.166937
0.378165
0.314812
0.302480
0.423252
0.395689
0.237822
0.077953
0.510711
0.437638
0.158391
0.343692
0.126101
0.345991
0.155004
0.433359
0.230579
0.498218
0.024527
0.297007
0.327243
0.336307
0.206064
0.319768
0.352489
0.003665
0.146356
0.334969
0.052289
0.013630
0.249911
0.579038
0.064642
0.552143
0.080748
0.433907
0.250895
0.575023
0.073876
0.056737
0.385036
0.152410
0.242465
0.510057
0.064850
0.176409
0.071107
0.175863
0.309256
0.176479
0.293208
0.225031
0.158713
0.467525
0.355526
0.137456
0.104104
0.208538
0.082232
0.344017
0.441417
0.018804
0.279973
0.096780
0.345312
0.195871
0.180570
0.032959
0.418552
0.279412
0.015337
0.006049
0.163709
0.194039
0.067489
0.226207
0.094467
0.372717
0.111136
0.016661
0.208233
0.283072
0.152701
0.210568
0.058222
0.157757
0.442840
0.242814
0.310648
0.239624
0.140625
0.453637
0.123013
0.216281
0.118866
0.112917
0.056056
0.437509
0.003156
0.061850
0.241943
0.282965
0.270803
0.258272
0.396703
0.468194
0.209710
0.276919
0.252943
0.026409
0.212249
0.266720
0.402084
0.256174
0.088756
0.062783
0.161927
0.225239
0.099301
0.037290
0.589993
0.023519
0.387284
0.224470
0.054833
0.112972
0.372416
0.337379
0.120650
0.183263
0.221239
0.140791
0.336103
0.005884
0.086859
0.294187
0.288381
0.349112
0.223169
0.573809
0.460726
0.133262
0.235141
0.210345
0.225764
0.394654
0.188955
0.294473
0.473728
0.208901
0.402067
0.002621
0.617620
0.320707
0.000359
0.186154
0.302310
0.274817
0.095698
0.308981
0.504693
0.362054
0.541423
0.037201
0.504496
0.333540
0.002732
0.551096
0.258796
0.279017
0.204999
0.501808
0.220091
0.017830
0.095822
0.407125
0.609791
0.819611
0.313195
0.321236
0.113847
0.353209
0.122464
0.376588
0.242357
0.484167
0.292030
0.219154
0.651739
0.298535
0.164059
0.422202
0.211672
0.331916
0.174862
0.412595
0.280355
0.513652
0.101280
0.217757
0.165633
0.364853
0.243825
0.172968
0.355661
0.000089
0.145058
0.349245
0.299633
0.000587
0.180098
0.398224
0.143278
0.411892
0.048260
0.345556
0.133154
0.688604
0.217362
0.069715
0.324590
0.172289
0.202086
0.599807
0.002540
0.253799
0.003058
0.118377
0.234827
0.260952
0.261503
0.115556
0.174779
0.440930
0.311483
0.277340
0.230838
0.376520
0.059238
0.423629
0.456701
0.015630
0.289964
0.037120
0.345278
0.090354
0.331746
0.037201
0.545279
0.242464
0.025209
0.094466
0.210682
0.160278
0.163925
0.244186
0.058230
0.422140
0.164546
0.245254
0.188585
0.303785
0.245980
0.251452
0.066968
0.093561
0.424171
0.325171
0.321059
0.244852
0.102403
0.367455
0.084614
0.172559
0.208979
0.159153
0.142445
0.356170
0.042873
0.083220
0.176045
0.148249
0.354582
0.262205
0.393765
0.481931
0.211865
0.199797
0.423865
0.039229
0.190082
0.211371
0.372759
0.179085
0.083685
0.082150
0.234127
0.294301
0.132584
0.057304
0.635262
0.026173
0.451620
0.108756
0.208512
0.018185
0.439276
0.360671
0.163601
0.174212
0.244014
0.234870
0.339289
0.088051
0.143295
0.285760
0.200521
0.332592
0.327924
0.482966
0.246895
0.161312
0.072702
0.128497
0.098237
0.424032
0.130869
0.155869
0.444600
0.263228
0.470266
0.008939
0.538752
0.342565
0.039915
0.325065
0.219781
0.281241
0.097596
0.329859
0.407504
0.329355
0.334703
0.125733
0.467130
0.445484
0.030291
0.518351
0.349503
0.180405
0.213750
0.480581
0.277293
0.067964
0.152057
0.308706
0.498686
0.826153
0.325285
0.392413
0.075256
0.333044
0.066116
0.330727
0.057746
0.563229
0.340557
0.388090
0.620284
0.150915
0.249458
0.378442
0.354037
0.321501
0.269002
0.346216
0.327245
0.526539
0.206983
0.216728
0.025318
0.402669
0.308529
0.059433
0.304678
0.023076
0.144657
0.240534
0.577231
0.003064
0.167699
0.275715
0.193746
0.327997
0.110430
0.247727
0.108904
0.680153
0.311526
0.122718
0.269240
0.266964
0.185968
0.669794
0.002491
0.342106
0.030781
0.169004
0.176617
0.397624
0.291230
0.007404
0.252436
0.372865
0.350748
0.353528
0.355418
0.495441
0.140945
0.475295
0.468827
0.085248
0.320683
0.184059
0.370024
0.078953
0.317735
0.103365
0.623434
0.176768
0.084049
0.149915
0.243256
0.060505
0.225840
0.252993
0.042698
0.438870
0.251991
0.414541
0.193818
