# G_5, p = 0.2000 GPa (dir_2000.0_bar).
# 4MR distortion Lambda = (1/2)|d_02 - d_13|.
# 1980 rings x 51 frames = 100980 samples.
# Column: per-4MR Lambda [A]
0.341761
0.142687
0.130443
0.292411
0.198380
0.069154
0.278778
0.261692
0.006739
0.341823
0.013098
0.208431
0.208368
0.073472
0.257586
0.301856
0.138087
0.146962
0.272714
0.011930
0.292811
0.069883
0.207146
0.268991
0.013607
0.252058
0.208609
0.272739
0.240591
0.013592
0.274394
0.014094
0.250671
0.168241
0.072998
0.267046
0.191930
0.146910
0.335659
0.013595
0.197738
0.233984
0.198004
0.068480
0.258364
0.266864
0.001574
0.277034
0.250358
0.194668
0.005901
0.258838
0.294140
0.220535
0.260385
0.058070
0.155985
0.220352
0.252025
0.001024
0.258706
0.142673
0.341756
0.130443
0.198368
0.292440
0.069189
0.261692
0.006766
0.278754
0.208380
0.013084
0.341814
0.208382
0.073420
0.257579
0.138058
0.146927
0.301874
0.272738
0.011903
0.292807
0.069930
0.207147
0.269000
0.252060
0.013607
0.208597
0.272762
0.013541
0.240552
0.014091
0.274409
0.250647
0.168233
0.072983
0.267074
0.146913
0.335642
0.191925
0.197752
0.013537
0.198002
0.068522
0.234011
0.001592
0.258326
0.266925
0.250339
0.277045
0.194668
0.005842
0.258890
0.294203
0.220491
0.058075
0.155971
0.260444
0.220364
0.258642
0.252037
0.001079
0.130524
0.341843
0.292473
0.198419
0.069150
0.006764
0.261723
0.278661
0.208523
0.013132
0.341819
0.073477
0.257629
0.208494
0.138144
0.146909
0.301892
0.011957
0.272616
0.292801
0.069912
0.207166
0.269016
0.252123
0.208618
0.013609
0.272600
0.013568
0.240556
0.274506
0.014091
0.250693
0.267020
0.072981
0.168150
0.192079
0.146964
0.335636
0.197789
0.013483
0.233907
0.198050
0.068511
0.001546
0.258379
0.267041
0.250375
0.276913
0.258827
0.005870
0.194648
0.220393
0.294311
0.155854
0.058099
0.260432
0.220428
0.252053
0.001077
0.258734
0.130543
0.341838
0.198467
0.069149
0.292537
0.278688
0.261750
0.006710
0.208526
0.013086
0.341860
0.073478
0.257614
0.208465
0.138153
0.301880
0.146954
0.272642
0.011923
0.292791
0.207146
0.069907
0.269001
0.013585
0.252113
0.208633
0.013577
0.272606
0.240524
0.014091
0.274559
0.250685
0.072981
0.267044
0.168147
0.192117
0.146979
0.335642
0.197756
0.013506
0.068510
0.198066
0.233915
0.258411
0.001549
0.266983
0.250362
0.276918
0.194662
0.005880
0.258713
0.294286
0.220444
0.155866
0.058076
0.260456
0.220484
0.252059
0.258731
0.001072
0.130390
0.142577
0.069090
0.198333
0.292484
0.261806
0.006737
0.278823
0.013042
0.208443
0.208447
0.073426
0.257445
0.301882
0.138166
0.272600
0.011903
0.292845
0.069857
0.207142
0.268983
0.252098
0.208578
0.013579
0.240543
0.013594
0.272641
0.274343
0.014092
0.250750
0.168243
0.073036
0.335606
0.192138
0.013565
0.197711
0.233961
0.068455
0.197926
0.001521
0.258263
0.250275
0.276958
0.194699
0.258877
0.005902
0.294245
0.155943
0.260510
0.058140
0.258691
0.251982
0.001106
0.142619
0.130352
0.198375
0.069097
0.292479
0.278788
0.261787
0.006764
0.208412
0.013011
0.257453
0.073476
0.208439
0.138117
0.301836
0.011881
0.272575
0.292860
0.069844
0.207177
0.268984
0.208553
0.013580
0.252125
0.272653
0.013623
0.240619
0.250756
0.274372
0.014105
0.072983
0.168241
0.335611
0.192076
0.013546
0.197731
0.068431
0.197929
0.233964
0.258263
0.001548
0.276973
0.250249
0.258851
0.005916
0.194660
0.294215
0.058128
0.155979
0.260508
0.251997
0.001079
0.258704
0.130530
0.198515
0.069094
0.292440
0.278703
0.261824
0.006738
0.013025
0.208496
0.257493
0.073422
0.208490
0.138133
0.301781
0.011958
0.272707
0.292837
0.207195
0.069886
0.268974
0.252160
0.208599
0.013582
0.240513
0.013623
0.272699
0.274459
0.014093
0.250753
0.168212
0.073009
0.335555
0.191976
0.013467
0.197712
0.233951
0.068455
0.198052
0.258276
0.001547
0.277032
0.250278
0.258859
0.005917
0.194536
0.294238
0.260368
0.058166
0.156004
0.001079
0.258715
0.252047
0.130547
0.292463
0.198465
0.069097
0.278729
0.006738
0.261787
0.208435
0.013018
0.073475
0.257528
0.208516
0.301777
0.138142
0.272721
0.011934
0.292833
0.207155
0.069903
0.268962
0.252149
0.208601
0.013632
0.013609
0.240486
0.272692
0.250754
0.274465
0.014126
0.168279
0.072965
0.192001
0.335569
0.197737
0.013532
0.233969
0.198013
0.068456
0.258259
0.001546
0.250282
0.277039
0.194536
0.005933
0.258833
0.294280
0.260416
0.058103
0.155979
0.258742
0.001084
0.252034
0.343808
0.129032
0.142230
0.294106
0.197088
0.068560
0.277381
0.261436
0.006551
0.343856
0.014069
0.206706
0.073007
0.256597
0.206606
0.301768
0.147467
0.140088
0.274531
0.012653
0.292703
0.070187
0.208820
0.268669
0.013906
0.208267
0.239319
0.249890
0.013904
0.272983
0.169984
0.073448
0.266626
0.147440
0.335500
0.193747
0.200119
0.200164
0.069145
0.232731
0.266523
0.002272
0.250272
0.278772
0.196627
0.005057
0.292707
0.222427
0.259184
0.058761
0.157610
0.222379
0.260516
0.002124
0.142234
0.343818
0.129016
0.294146
0.068549
0.197094
0.261438
0.006550
0.277370
0.206712
0.014060
0.343826
0.256646
0.073015
0.206580
0.140069
0.147487
0.301809
0.274574
0.012690
0.292721
0.070183
0.208820
0.268627
0.013878
0.208286
0.239318
0.013876
0.273000
0.249854
0.169990
0.073465
0.266628
0.193791
0.147486
0.335563
0.200141
0.200155
0.232768
0.069159
0.002258
0.266508
0.278823
0.250251
0.005005
0.196658
0.292643
0.222486
0.259148
0.058808
0.157627
0.222329
0.260524
0.002124
0.129137
0.343919
0.294245
0.197220
0.068570
0.261446
0.006523
0.277297
0.206889
0.014099
0.343849
0.206729
0.073060
0.256663
0.140226
0.147494
0.301786
0.012707
0.274418
0.292642
0.070161
0.208904
0.268577
0.208307
0.013852
0.239262
0.249929
0.013902
0.273145
0.169904
0.266651
0.073385
0.147495
0.335553
0.193878
0.200087
0.232591
0.069134
0.200149
0.266644
0.002188
0.250293
0.278716
0.005000
0.196640
0.222408
0.292828
0.157520
0.058785
0.259166
0.222483
0.260590
0.002097
0.129132
0.343943
0.197193
0.068573
0.294243
0.006522
0.277297
0.261420
0.206881
0.014042
0.343860
0.206728
0.073074
0.256679
0.147502
0.301761
0.140181
0.012669
0.274459
0.292630
0.208865
0.070166
0.268650
0.013873
0.208267
0.239309
0.273144
0.013902
0.249902
0.073385
0.266596
0.169839
0.193861
0.147501
0.335520
0.200113
0.069133
0.200210
0.232631
0.266588
0.002227
0.278684
0.250273
0.005015
0.196626
0.292819
0.222443
0.058779
0.259196
0.157539
0.222488
0.002135
0.260558
0.142204
0.128938
0.294224
0.068505
0.197051
0.006523
0.277419
0.261531
0.014019
0.206801
0.256577
0.073050
0.206638
0.301736
0.140196
0.274383
0.012707
0.292717
0.070134
0.208839
0.268614
0.208219
0.013850
0.239346
0.013902
0.272992
0.249893
0.073466
0.169952
0.193878
0.335534
0.200080
0.200137
0.232765
0.069133
0.002243
0.250189
0.278758
0.005048
0.196695
0.292810
0.058802
0.157560
0.259265
0.260517
0.002126
0.142185
0.128976
0.294250
0.197048
0.068517
0.277416
0.006521
0.261458
0.206761
0.014031
0.073062
0.256548
0.206602
0.140166
0.301772
0.012646
0.274444
0.292697
0.070170
0.208873
0.268646
0.013877
0.208248
0.239299
0.249910
0.272995
0.013902
0.169930
0.073466
0.335545
0.193859
0.200079
0.200091
0.069125
0.232721
0.002243
0.250201
0.278694
0.005041
0.196689
0.292764
0.157574
0.058807
0.259212
0.260517
0.002152
0.129164
0.197212
0.068516
0.294224
0.006524
0.277297
0.261504
0.206885
0.014046
0.206750
0.073033
0.256655
0.140141
0.301688
0.012679
0.274511
0.292701
0.070162
0.208841
0.268580
0.013907
0.208295
0.239212
0.273095
0.013930
0.249947
0.169947
0.073429
0.193774
0.335434
0.200136
0.232681
0.200210
0.069130
0.002243
0.278817
0.250273
0.005072
0.196520
0.292805
0.259114
0.058807
0.157629
0.002206
0.260500
0.129170
0.197176
0.068530
0.294180
0.277348
0.006577
0.261483
0.014025
0.206861
0.206709
0.073033
0.256650
0.140124
0.301711
0.274564
0.012704
0.292694
0.070202
0.208829
0.268582
0.013897
0.208322
0.239251
0.249922
0.013922
0.273114
0.169988
0.073387
0.193792
0.335464
0.200152
0.200230
0.069131
0.232708
0.002271
0.250333
0.278851
0.005068
0.196542
0.292807
0.157651
0.259148
0.058781
0.260531
0.002190
0.341736
0.142314
0.128691
0.292833
0.196774
0.068647
0.262835
0.277037
0.006216
0.341793
0.206147
0.206266
0.072843
0.146909
0.303890
0.138507
0.273135
0.011553
0.294672
0.207500
0.069713
0.270367
0.209849
0.014160
0.238950
0.168594
0.072905
0.268338
0.146907
0.337638
0.192350
0.198536
0.231796
0.068716
0.198218
0.268218
0.001222
0.277374
0.194917
0.005239
0.292431
0.220729
0.156351
0.058384
0.220594
0.258651
0.001729
0.142289
0.341724
0.128656
0.196786
0.068646
0.292845
0.277055
0.006216
0.262901
0.341781
0.206157
0.206274
0.072823
0.303951
0.146951
0.138521
0.011567
0.273134
0.294710
0.207471
0.069698
0.270395
0.209847
0.014107
0.238977
0.168634
0.072939
0.268401
0.192280
0.146927
0.337639
0.198550
0.231830
0.198271
0.068716
0.001198
0.268238
0.277383
0.194928
0.005207
0.220706
0.292457
0.156346
0.058393
0.220574
0.001755
0.258646
0.128739
0.341846
0.196848
0.068640
0.292976
0.276949
0.262884
0.006188
0.206296
0.341790
0.206423
0.072877
0.138631
0.146963
0.303935
0.011553
0.273001
0.294616
0.207517
0.069686
0.270375
0.209845
0.014131
0.238932
0.168478
0.268337
0.072886
0.146962
0.337672
0.192499
0.198540
0.068716
0.231654
0.198226
0.268331
0.001167
0.277257
0.005234
0.194963
0.220645
0.292572
0.156201
0.058393
0.220651
0.001755
0.258725
0.128711
0.341827
0.292950
0.068666
0.196848
0.006188
0.262883
0.276962
0.206270
0.341821
0.072910
0.206384
0.146958
0.303935
0.138620
0.273003
0.011557
0.294626
0.207496
0.069674
0.270389
0.209866
0.014086
0.238966
0.072913
0.268347
0.168500
0.192461
0.146958
0.337687
0.198527
0.198204
0.068745
0.231658
0.268331
0.001124
0.277293
0.194983
0.005203
0.292549
0.220606
0.058418
0.156216
0.220670
0.001738
0.258718
0.128645
0.142225
0.196732
0.068625
0.292939
0.277072
0.262919
0.006161
0.206179
0.206330
0.072891
0.303921
0.138585
0.272911
0.011499
0.294692
0.069657
0.207534
0.270424
0.014104
0.209799
0.238996
0.072938
0.168569
0.192454
0.337634
0.198430
0.231705
0.068743
0.198095
0.001167
0.277344
0.195025
0.005265
0.292493
0.058468
0.156277
0.001755
0.258737
0.128624
0.142257
0.196740
0.068585
0.292956
0.277074
0.006161
0.262921
0.206175
0.072851
0.206311
0.138569
0.303932
0.272932
0.011551
0.294692
0.069660
0.207572
0.270399
0.014159
0.209799
0.238992
0.168571
0.072919
0.337657
0.192505
0.198453
0.068706
0.198156
0.231740
0.001140
0.277372
0.005264
0.195018
0.292500
0.156291
0.058447
0.258735
0.001728
0.128736
0.196831
0.068610
0.292906
0.277011
0.006161
0.262940
0.206264
0.072768
0.206379
0.138552
0.303837
0.011608
0.273063
0.294698
0.069685
0.207473
0.270352
0.209866
0.014133
0.238929
0.168594
0.072896
0.192328
0.337645
0.198530
0.231769
0.198219
0.068686
0.001141
0.277456
0.005284
0.194872
0.292524
0.156333
0.058449
0.001783
0.258691
0.128757
0.292892
0.068614
0.196829
0.262902
0.006216
0.276976
0.206250
0.072798
0.206419
0.138542
0.303858
0.273060
0.011589
0.294702
0.207502
0.069702
0.270367
0.014084
0.209849
0.238911
0.168559
0.072894
0.192330
0.337622
0.198564
0.198242
0.068716
0.231778
0.001194
0.277430
0.194852
0.005257
0.292527
0.058419
0.156327
0.258694
0.001790
0.343684
0.142108
0.262194
0.201967
0.343726
0.014063
0.302308
0.147553
0.012588
0.272500
0.293194
0.070144
0.273151
0.006400
0.274227
0.266307
0.272432
0.179919
0.006118
0.270278
0.006426
0.274594
0.147527
0.336019
0.013240
0.267696
0.001361
0.274721
0.264308
0.196652
0.004939
0.257088
0.222327
0.265968
0.058821
0.222439
0.274308
0.001478
0.267808
0.142132
0.343741
0.262168
0.202007
0.014057
0.343736
0.147521
0.302320
0.272499
0.012591
0.293174
0.070163
0.273178
0.274211
0.006373
0.266333
0.179919
0.272455
0.006145
0.006493
0.270321
0.274598
0.147506
0.336064
0.013218
0.001361
0.267731
0.274682
0.264346
0.196714
0.004977
0.257069
0.222310
0.265933
0.058826
0.222406
0.267807
0.274289
0.001451
0.343740
0.262229
0.202057
0.014057
0.343678
0.147527
0.302321
0.272529
0.012589
0.293103
0.273070
0.070172
0.274193
0.266306
0.006402
0.272414
0.006145
0.180010
0.270335
0.006480
0.274625
0.147555
0.336070
0.013168
0.001361
0.267611
0.274722
0.264363
0.004959
0.196523
0.222427
0.257132
0.058804
0.266096
0.222371
0.274229
0.001451
0.267749
0.343715
0.202038
0.262263
0.014079
0.343680
0.147546
0.302310
0.272532
0.012604
0.293157
0.273053
0.070166
0.274236
0.006377
0.266286
0.006105
0.272416
0.180043
0.270254
0.006451
0.274623
0.147567
0.336039
0.013183
0.267629
0.001361
0.274686
0.264326
0.004951
0.196531
0.257084
0.222424
0.058799
0.266060
0.222416
0.274264
0.267751
0.001495
0.142179
0.262176
0.202096
0.014079
0.302261
0.272565
0.012561
0.293183
0.070145
0.273113
0.274256
0.266221
0.006427
0.180014
0.006173
0.272451
0.270347
0.006480
0.274681
0.336008
0.013196
0.001362
0.267683
0.274602
0.264321
0.196589
0.004898
0.257124
0.058753
0.265951
0.274317
0.267713
0.001425
0.142190
0.262165
0.202072
0.014089
0.302288
0.012535
0.272573
0.293214
0.070169
0.273067
0.006430
0.266249
0.274294
0.272486
0.006172
0.179995
0.274707
0.270357
0.006481
0.336067
0.013224
0.267674
0.001379
0.264368
0.274661
0.196585
0.004889
0.257107
0.058770
0.265953
0.274357
0.001397
0.267725
0.262177
0.202074
0.014111
0.302198
0.012644
0.272531
0.293236
0.070198
0.273175
0.274182
0.266250
0.006401
0.180031
0.006173
0.272422
0.270356
0.006451
0.274662
0.335970
0.013170
0.001360
0.267770
0.264290
0.274665
0.196617
0.004887
0.256984
0.265998
0.058732
0.267791
0.274306
0.001423
0.202070
0.262167
0.014091
0.302180
0.272533
0.012597
0.293200
0.273135
0.070172
0.274166
0.266202
0.006420
0.180029
0.006113
0.272393
0.274667
0.270380
0.006451
0.335953
0.013162
0.267803
0.001339
0.274687
0.264339
0.196638
0.004896
0.256988
0.266025
0.058770
0.267853
0.001442
0.274296
0.341353
0.142351
0.263060
0.203285
0.341331
0.013382
0.303784
0.146906
0.270751
0.011493
0.294642
0.069705
0.271697
0.267338
0.006157
0.180381
0.276174
0.006692
0.271121
0.146878
0.337495
0.000283
0.276137
0.262530
0.194488
0.005367
0.256982
0.220240
0.266506
0.058293
0.220242
0.266129
0.000719
0.341347
0.142343
0.203281
0.263035
0.341281
0.013342
0.146892
0.303759
0.270698
0.011505
0.294634
0.271729
0.069697
0.267318
0.006189
0.180346
0.006638
0.271142
0.276155
0.146875
0.337486
0.000271
0.276099
0.262554
0.005385
0.194492
0.256944
0.220199
0.266489
0.058340
0.220241
0.266152
0.000750
0.341246
0.203283
0.262947
0.341313
0.013367
0.146851
0.303782
0.270746
0.011412
0.294642
0.271634
0.069675
0.267337
0.006158
0.180314
0.276136
0.006720
0.271201
0.146797
0.337566
0.000284
0.276073
0.262542
0.005353
0.194471
0.220251
0.257111
0.266410
0.058315
0.220188
0.000747
0.266012
0.341263
0.203302
0.262970
0.013355
0.341352
0.146841
0.303783
0.270744
0.011407
0.294667
0.069661
0.271631
0.006211
0.267381
0.180295
0.271164
0.006693
0.276136
0.146824
0.337560
0.000265
0.262570
0.276066
0.194495
0.005351
0.257071
0.220238
0.266466
0.058339
0.220171
0.000747
0.265969
0.142250
0.203313
0.263070
0.013303
0.303819
0.270695
0.011465
0.294602
0.069702
0.271616
0.267356
0.006185
0.180381
0.006694
0.271151
0.276149
0.337530
0.000257
0.276142
0.262603
0.194436
0.005403
0.257017
0.266523
0.058365
0.000749
0.266004
0.142241
0.263046
0.203332
0.013306
0.303843
0.011463
0.270681
0.294614
0.069685
0.271618
0.006156
0.267400
0.180368
0.276089
0.006683
0.271100
0.337594
0.000229
0.276209
0.262601
0.194416
0.005412
0.257063
0.058342
0.266502
0.266053
0.000799
0.263001
0.203239
0.013312
0.303787
0.011465
0.270679
0.294660
0.069676
0.271769
0.006129
0.267402
0.180222
0.271165
0.006692
0.276085
0.337569
0.000312
0.262591
0.276162
0.005409
0.194554
0.257069
0.266371
0.058362
0.000774
0.266078
0.203266
0.263000
0.013378
0.303826
0.270700
0.011459
0.294625
0.069665
0.271760
0.006130
0.267448
0.180234
0.276099
0.006675
0.271165
0.337599
0.000284
0.276203
0.262616
0.194509
0.005400
0.257066
0.266336
0.058368
0.266081
0.000774
0.342267
0.142696
0.201794
0.264233
0.342291
0.146987
0.301402
0.270793
0.012083
0.292384
0.069882
0.271889
0.266010
0.006706
0.181533
0.147015
0.335116
0.000931
0.262583
0.195061
0.005828
0.259003
0.220899
0.058158
0.220821
0.266215
0.000349
0.142686
0.342242
0.264222
0.201736
0.342304
0.147014
0.301397
0.012126
0.270741
0.292399
0.271917
0.069912
0.265983
0.006732
0.181558
0.147003
0.335155
0.000941
0.262584
0.005852
0.195034
0.258983
0.220902
0.058136
0.220810
0.266230
0.000350
0.342407
0.201750
0.264254
0.342319
0.147044
0.301294
0.012190
0.270680
0.292386
0.272046
0.069965
0.265929
0.006733
0.181573
0.147017
0.335111
0.000901
0.262551
0.195144
0.005856
0.220855
0.258888
0.058159
0.220902
0.000377
0.266405
0.342347
0.264279
0.201786
0.342364
0.147047
0.301277
0.270713
0.012157
0.292403
0.272007
0.069971
0.265919
0.006704
0.181579
0.147024
0.335102
0.000934
0.262547
0.005842
0.195118
0.258884
0.220851
0.058137
0.220924
0.000382
0.266402
0.142666
0.264244
0.201678
0.301318
0.270687
0.012192
0.292352
0.069936
0.272020
0.006677
0.266030
0.181437
0.335155
0.000929
0.262575
0.195141
0.005915
0.258966
0.058215
0.000404
0.266372
0.142668
0.264267
0.201683
0.301365
0.012138
0.270670
0.292396
0.069946
0.272043
0.006705
0.266010
0.181435
0.335132
0.000956
0.262566
0.005885
0.195081
0.258941
0.058217
0.266358
0.000404
0.264312
0.201777
0.301408
0.012110
0.270680
0.292356
0.271920
0.069937
0.265983
0.006733
0.181596
0.335135
0.000902
0.262596
0.005885
0.194955
0.258961
0.058189
0.000430
0.266309
0.264272
0.201752
0.301402
0.270680
0.012097
0.292382
0.271908
0.069950
0.006721
0.266030
0.181581
0.335166
0.000875
0.262631
0.194994
0.005897
0.258991
0.058165
0.266304
0.000404
0.006228
0.232165
0.268360
0.232159
0.006228
0.232157
0.268369
0.232183
0.006173
0.232218
0.268373
0.232083
0.006228
0.232241
0.268351
0.232060
0.006147
0.268442
0.006201
0.268382
0.006202
0.268366
0.006174
0.268288
0.006498
0.232229
0.266971
0.232219
0.006499
0.232255
0.266983
0.232219
0.006442
0.232264
0.266953
0.232108
0.006470
0.232264
0.266938
0.232135
0.006471
0.266975
0.006442
0.266994
0.006445
0.266854
0.006445
0.266794
0.006804
0.234072
0.266627
0.234033
0.006778
0.234097
0.266577
0.234041
0.006750
0.234148
0.266634
0.234033
0.006777
0.234133
0.266623
0.234028
0.006805
0.266695
0.006749
0.266644
0.006805
0.266510
0.006778
0.266547
0.000266
0.000289
0.000005
0.000035
0.000289
0.000222
0.000031
0.000012
0.000318
0.000212
0.000283
0.000256
0.598975
0.112664
0.425287
0.137709
0.227782
0.478250
0.656660
0.435147
0.149898
0.122777
0.130531
0.386066
0.068851
0.134258
0.042230
0.528507
0.160395
0.234342
0.191901
0.253405
0.147563
0.010409
0.417540
0.018912
0.121155
0.135622
0.299990
0.154595
0.109220
0.410761
0.108480
0.382518
0.557781
0.276707
0.145698
0.273503
0.301277
0.068636
0.337718
0.133588
0.303188
0.159427
0.409854
0.098409
0.033780
0.036809
0.218474
0.544849
0.217205
0.123945
0.153538
0.309465
0.150661
0.010569
0.230986
0.357532
0.149893
0.032267
0.319805
0.084677
0.032121
0.191478
0.191230
0.124962
0.305335
0.388916
0.298680
0.156884
0.000745
0.072882
0.213625
0.088728
0.286258
0.358646
0.113103
0.235247
0.404492
0.412973
0.599019
0.091914
0.319454
0.173721
0.142797
0.075191
0.327910
0.157451
0.079340
0.208759
0.125404
0.340194
0.150660
0.021230
0.705743
0.055720
0.199251
0.269969
0.134367
0.315685
0.323002
0.181211
0.325411
0.360781
0.010174
0.038090
0.585146
0.464672
0.279360
0.014354
0.575459
0.116438
0.019905
0.267949
0.033770
0.141943
0.261609
0.471068
0.105012
0.675093
0.471131
0.140103
0.007284
0.228823
0.040388
0.356414
0.492419
0.116796
0.247323
0.111338
0.016755
0.100917
0.443257
0.053346
0.213697
0.199579
0.114012
0.313386
0.302402
0.178349
0.325546
0.027705
0.330198
0.336294
0.222361
0.404578
0.268011
0.352753
0.441587
0.127723
0.603233
0.080845
0.225513
0.513240
0.040566
0.125058
0.200073
0.191930
0.228030
0.082964
0.052203
0.744431
0.176232
0.237148
0.278042
0.004213
0.057059
0.157133
0.561402
0.082259
0.549295
0.495307
0.509541
0.198179
0.000905
0.014845
0.246898
0.009318
0.087378
0.131546
0.019096
0.562551
0.076104
0.431849
0.266037
0.520256
0.196581
0.133504
0.251349
0.350970
0.509515
0.245064
0.068838
0.141293
0.559676
0.052193
0.087218
0.042210
0.265343
0.102839
0.115406
0.397304
0.385993
0.030502
0.148316
0.136199
0.421376
0.112456
0.324731
0.603903
0.202642
0.183386
0.450961
0.064213
0.173599
0.338072
0.014752
0.043917
0.009432
0.086182
0.315041
0.168718
0.325941
0.285817
0.430055
0.160862
0.365538
0.043533
0.195659
0.481829
0.229300
0.310859
0.148401
0.412348
0.565719
0.451497
0.300931
0.079389
0.486976
0.266895
0.422832
0.229720
0.009215
0.077063
0.087827
0.386845
0.182483
0.438636
0.550062
0.185781
0.011490
0.414205
0.103371
0.276337
0.311870
0.105510
0.214163
0.054313
0.289391
0.443269
0.291278
0.057944
0.000413
0.046134
0.493808
0.413569
0.151442
0.223566
0.159004
0.073455
0.301565
0.367918
0.195072
0.196117
0.243255
0.158655
0.149671
0.146912
0.162316
0.242452
0.356667
0.424439
0.365552
0.002270
0.010492
0.468943
0.030880
0.027610
0.120169
0.247037
0.526570
0.419919
0.065749
0.587495
0.190682
0.061856
0.353646
0.342213
0.017759
0.232341
0.217576
0.126634
0.532640
0.468230
0.205605
0.124054
0.144776
0.146747
0.028268
0.171223
0.186755
0.376304
0.434851
0.429639
0.060012
0.240840
0.450552
0.055804
0.146727
0.340882
0.345496
0.097081
0.433161
0.134865
0.329288
0.254188
0.403556
0.204448
0.404773
0.377878
0.263489
0.186893
0.154780
0.263898
0.679328
0.393917
0.454204
0.219883
0.044640
0.128034
0.322083
0.017995
0.388846
0.358864
0.411177
0.202997
0.097418
0.369432
0.147401
0.450402
0.094682
0.201344
0.081081
0.020112
0.374990
0.421743
0.192299
0.216267
0.501257
0.244700
0.079710
0.438338
0.239713
0.242475
0.216268
0.065545
0.167333
0.229593
0.252734
0.220778
0.392711
0.085922
0.138026
0.767560
0.191092
0.119901
0.349655
0.254010
0.153932
0.070511
0.000291
0.576579
0.036870
0.300321
0.185896
0.080440
0.039267
0.098388
0.272742
0.027173
0.057639
0.422544
0.022905
0.163060
0.406579
0.155937
0.226012
0.041149
0.406310
0.054974
0.306056
0.222878
0.010196
0.506859
0.326504
0.013946
0.243188
0.318875
0.181959
0.340600
0.053569
0.218864
0.622240
0.001539
0.532302
0.429746
0.539676
0.082782
0.250530
0.470932
0.048369
0.443924
0.164150
0.465355
0.177010
0.206225
0.467286
0.214377
0.386289
0.239791
0.307339
0.120394
0.217019
0.162925
0.066954
0.138819
0.277761
0.311422
0.043266
0.203455
0.266535
0.030048
0.265652
0.063642
0.116471
0.136625
0.533284
0.072737
0.496330
0.349091
0.371001
0.726467
0.272764
0.357042
0.655766
0.017465
0.185810
0.431581
0.307874
0.082828
0.696533
0.079863
0.121794
0.252511
0.257981
0.235613
0.086540
0.143296
0.395381
0.300562
0.269225
0.065434
0.192701
0.151128
0.346769
0.101021
0.054004
0.130921
0.024240
0.210436
0.636648
0.338727
0.115685
0.391245
0.077176
0.361199
0.443696
0.495802
0.254879
0.375524
0.606657
0.106773
0.147910
0.467316
0.308894
0.479199
0.033895
0.104274
0.324417
0.040807
0.223891
0.277737
0.169231
0.103820
0.122375
0.422777
0.291622
0.078666
0.315145
0.311599
0.116094
0.371742
0.391992
0.417273
0.021752
0.014336
0.337231
0.424728
0.027214
0.298850
0.139285
0.208402
0.048785
0.129602
0.031720
0.113324
0.575514
0.141476
0.240607
0.255967
0.388021
0.433687
0.121371
0.461770
0.223344
0.242284
0.243555
0.091496
0.295671
0.198287
0.342843
0.271178
0.435212
0.505742
0.111414
0.025541
0.522728
0.189783
0.271475
0.138287
0.023782
0.349710
0.286447
0.180414
0.265684
0.239349
0.528150
0.482282
0.069610
0.136144
0.442550
0.216621
0.004082
0.286459
0.282368
0.082717
0.225751
0.500720
0.152816
0.442974
0.228932
0.062580
0.517090
0.027625
0.119925
0.309315
0.297574
0.213683
0.443769
0.013706
0.131595
0.406714
0.155627
0.066737
0.276902
0.109612
0.082455
0.227022
0.461636
0.141233
0.051372
0.426062
0.130111
0.196120
0.299935
0.085873
0.059109
0.011239
0.040458
0.459734
0.149466
0.690451
0.104539
0.130223
0.296174
0.000020
0.068095
0.094278
0.375366
0.039210
0.210918
0.024831
0.573076
0.393800
0.065467
0.066453
0.168844
0.193663
0.303633
0.485676
0.324108
0.091854
0.429570
0.497780
0.044268
0.079116
0.218066
0.464761
0.251489
0.053728
0.549086
0.127508
0.283202
0.219352
0.079531
0.037238
0.300129
0.320467
0.316580
0.365780
0.063261
0.333375
0.083139
0.125877
0.111111
0.300859
0.164174
0.106574
0.327758
0.685528
0.384449
0.434459
0.055255
0.191357
0.263063
0.169225
0.102785
0.597501
0.135642
0.020459
0.356377
0.142746
0.205100
0.126674
0.476184
0.236586
0.424755
0.388959
0.434296
0.083072
0.296464
0.070224
0.085616
0.115943
0.159050
0.303910
0.281434
0.124179
0.492147
0.117449
0.027497
0.091712
0.029718
0.206136
0.014561
0.578843
0.046871
0.218393
0.022286
0.150883
0.035977
0.094575
0.502661
0.200328
0.167881
0.173608
0.120343
0.502660
0.263368
0.158142
0.110542
0.544447
0.037882
0.275837
0.168228
0.217473
0.012928
0.565144
0.193289
0.296595
0.147462
0.322643
0.430136
0.052353
0.048694
0.192846
0.210948
0.123820
0.090550
0.084402
0.071453
0.011011
0.084860
0.024123
0.064979
0.277417
0.080368
0.020146
0.013724
0.049839
0.480578
0.511297
0.029408
0.241590
0.454999
0.247616
0.002549
0.194604
0.628776
0.028983
0.143405
0.250573
0.010287
0.477434
0.231148
0.093225
0.145510
0.023801
0.454866
0.293460
0.159281
0.364710
0.265601
0.516943
0.236972
0.319009
0.284565
0.073108
0.208738
0.015644
0.077700
0.216149
0.227032
0.349868
0.240674
0.477555
0.340149
0.393432
0.052143
0.103166
0.209773
0.111928
0.227205
0.155890
0.079153
0.127213
0.482342
0.018677
0.138977
0.413307
0.155741
0.121406
0.203337
0.273039
0.168435
0.272394
0.132747
0.076385
0.371322
0.329652
0.054477
0.044402
0.167412
0.161316
0.110113
0.138282
0.512623
0.163145
0.133219
0.387387
0.610036
0.150943
0.435264
0.095319
0.281941
0.198492
0.084455
0.315790
0.129685
0.354352
0.218800
0.183881
0.033284
0.342350
0.126621
0.038199
0.120848
0.262883
0.459778
0.418006
0.349373
0.136913
0.243598
0.222280
0.356035
0.026637
0.030779
0.321010
0.367561
0.239369
0.009674
0.008112
0.415546
0.402915
0.312926
0.403424
0.402127
0.094111
0.214328
0.328174
0.321233
0.287721
0.135062
0.075105
0.527731
0.073072
0.228598
0.006770
0.376065
0.228868
0.499955
0.359046
0.144211
0.077920
0.080266
0.147430
0.070575
0.305944
0.120917
0.297843
0.169388
0.125639
0.120692
0.298694
0.489192
0.022098
0.216887
0.241349
0.205548
0.426912
0.152560
0.058457
0.191739
0.127970
0.157428
0.146861
0.342109
0.192297
0.408870
0.123840
0.311222
0.415049
0.403862
0.110447
0.307166
0.258354
0.243037
0.382808
0.576015
0.048762
0.000250
0.175897
0.076179
0.367165
0.381253
0.305715
0.024093
0.102945
0.375781
0.109144
0.347417
0.027290
0.043796
0.273102
0.305656
0.388522
0.447770
0.017639
0.056434
0.278034
0.443141
0.044469
0.527606
0.045726
0.002830
0.310448
0.087299
0.020980
0.317858
0.256512
0.119705
0.110486
0.054513
0.429304
0.395072
0.034062
0.410246
0.764398
0.057778
0.163714
0.035054
0.010446
0.091189
0.134534
0.225499
0.502586
0.019486
0.024757
0.130370
0.618689
0.403855
0.406723
0.290514
0.058729
0.257174
0.631486
0.335439
0.034084
0.460418
0.065445
0.300020
0.019970
0.317756
0.442876
0.074989
0.501361
0.011758
0.364621
0.448309
0.096758
0.359944
0.381441
0.107624
0.162117
0.660876
0.089071
0.369524
0.449315
0.249229
0.221385
0.296847
0.274627
0.339235
0.002909
0.430757
0.164981
0.394844
0.352425
0.159239
0.104594
0.159887
0.299331
0.268499
0.452278
0.109233
0.369121
0.130305
0.046084
0.200865
0.220766
0.159077
0.509120
0.087744
0.328189
0.763042
0.380398
0.491936
0.206026
0.342259
0.073414
0.026807
0.387114
0.190794
0.258844
0.060816
0.066480
0.022947
0.243397
0.190710
0.063204
0.184986
0.058916
0.467580
0.512374
0.362725
0.124490
0.161308
0.404041
0.069613
0.369718
0.052752
0.341015
0.514443
0.086896
0.010279
0.027578
0.023819
0.319606
0.241767
0.072390
0.398901
0.438188
0.165366
0.049095
0.139392
0.366483
0.729829
0.010163
0.267657
0.031077
0.071252
0.353841
0.439613
0.112224
0.142382
0.115075
0.043493
0.276351
0.089689
0.076533
0.290140
0.032389
0.235518
0.202046
0.126979
0.002344
0.246367
0.301527
0.186982
0.211396
0.365762
0.164715
0.047709
0.390551
0.219196
0.583729
0.026835
0.098190
0.014587
0.086010
0.120529
0.477190
0.086318
0.111717
0.313987
0.604727
0.357165
0.062992
0.287617
0.189624
0.070244
0.004002
0.231601
0.410488
0.101556
0.028327
0.038418
0.335138
0.338257
0.025248
0.097075
0.039774
0.075656
0.036917
0.085497
0.456301
0.223875
0.474509
0.092397
0.545841
0.012021
0.308025
0.139866
0.062403
0.088319
0.061743
0.635145
0.027483
0.022300
0.144655
0.191453
0.199414
0.252725
0.073621
0.366615
0.616421
0.155045
0.436653
0.097390
0.356551
0.307118
0.172734
0.297746
0.348147
0.182839
0.347839
0.026576
0.371059
0.393366
0.283021
0.394205
0.652869
0.529513
0.021024
0.341466
0.366664
0.080641
0.571610
0.365014
0.061768
0.041926
0.583480
0.003199
0.019121
0.376785
0.232702
0.051027
0.498191
0.043444
0.300308
0.372114
0.461949
0.590038
0.547114
0.138822
0.331746
0.266900
0.296626
0.504539
0.409360
0.242445
0.053486
0.205454
0.463799
0.379265
0.254074
0.262572
0.158970
0.205400
0.365687
0.077196
0.214815
0.599467
0.142072
0.051171
0.647898
0.470667
0.292697
0.438507
0.359825
0.386774
0.007415
0.466151
0.195700
0.379638
0.313974
0.333061
0.268758
0.376752
0.186137
0.269708
0.015757
0.388276
0.380314
0.587440
0.275532
0.261729
0.226970
0.179990
0.399001
0.412247
0.321195
0.139217
0.107059
0.133497
0.463204
0.176805
0.207122
0.200669
0.364813
0.061570
0.303495
0.447053
0.141009
0.041662
0.781730
0.208398
0.500462
0.387670
0.115540
0.178341
0.307894
0.488798
0.375362
0.085979
0.134995
0.310387
0.051238
0.060446
0.297242
0.267747
0.252184
0.071200
0.022154
0.077364
0.321554
0.466025
0.559254
0.212629
0.167263
0.206269
0.003731
0.385800
0.172286
0.269618
0.175519
0.036962
0.016596
0.061922
0.389472
0.064550
0.278894
0.319563
0.173183
0.260215
0.415786
0.135822
0.043234
0.168543
0.339203
0.267936
0.007103
0.022256
0.000291
0.061723
0.177963
0.628892
0.165872
0.292585
0.222085
0.116568
0.226953
0.081027
0.164193
0.277914
0.087297
0.085744
0.577752
0.163524
0.076848
0.656592
0.140961
0.246716
0.330184
0.010880
0.535000
0.115410
0.310358
0.442767
0.137640
0.323575
0.099085
0.065343
0.381537
0.461801
0.183862
0.257013
0.371802
0.249076
0.333495
0.359958
0.392982
0.136772
0.138587
0.163097
0.590707
0.113451
0.450836
0.127046
0.016495
0.354847
0.096480
0.450224
0.320788
0.018245
0.148403
0.637784
0.108917
0.329984
0.089371
0.111004
0.134909
0.318554
0.143451
0.398122
0.120400
0.450066
0.154750
0.232131
0.392847
0.308430
0.167233
0.420884
0.352166
0.003921
0.541871
0.285108
0.111342
0.334824
0.233035
0.102813
0.329487
0.255777
0.199257
0.073519
0.720075
0.264065
0.208584
0.533687
0.225052
0.160761
0.137299
0.230096
0.398906
0.268198
0.203179
0.015386
0.194815
0.227732
0.266485
0.302389
0.288523
0.242361
0.318713
0.159786
0.087096
0.239871
0.392548
0.009714
0.677232
0.087156
0.392046
0.369275
0.518146
0.615901
0.232832
0.349851
0.017222
0.656110
0.326265
0.045243
0.007845
0.376777
0.485531
0.314343
0.001921
0.324582
0.228636
0.039973
0.599260
0.252422
0.229845
0.586917
0.234311
0.222000
0.010163
0.059947
0.095370
0.318211
0.167366
0.345334
0.066265
0.245534
0.330410
0.008834
0.144530
0.375448
0.268366
0.190331
0.107648
0.144859
0.329069
0.139526
0.465715
0.050945
0.335711
0.431288
0.314639
0.281711
0.425597
0.321463
0.266208
0.169555
0.137242
0.551974
0.460769
0.495792
0.056577
0.352680
0.224960
0.287136
0.238615
0.409684
0.163878
0.310705
0.215751
0.545957
0.314732
0.118734
0.302035
0.027412
0.135585
0.035116
0.455308
0.258256
0.395037
0.132338
0.133960
0.145276
0.326687
0.144965
0.186542
0.808483
0.231406
0.555194
0.021502
0.502995
0.159305
0.107263
0.400626
0.212970
0.017379
0.277104
0.170648
0.321417
0.206632
0.392500
0.058760
0.331769
0.142027
0.245495
0.216334
0.027058
0.352171
0.160165
0.038716
0.009921
0.218843
0.580420
0.345855
0.332493
0.404700
0.362069
0.051672
0.060795
0.267832
0.350529
0.251034
0.419452
0.347668
0.051615
0.057290
0.355343
0.025675
0.066012
0.016978
0.201269
0.214966
0.075992
0.066961
0.011366
0.169042
0.125861
0.002504
0.129140
0.335083
0.583929
0.356614
0.122064
0.110623
0.436430
0.645369
0.293052
0.124281
0.398004
0.530367
0.116310
0.440098
0.700652
0.139836
0.263379
0.178817
0.293232
0.199262
0.370712
0.398066
0.086878
0.132591
0.347982
0.039267
0.626913
0.299399
0.169692
0.530009
0.062111
0.375785
0.224557
0.161571
0.203444
0.087439
0.410389
0.044097
0.069369
0.275109
0.238075
0.227465
0.346145
0.281451
0.069735
0.083343
0.413773
0.189408
0.584336
0.147974
0.083279
0.034219
0.084289
0.474094
0.333998
0.304757
0.193130
0.166634
0.220255
0.031126
0.198465
0.428593
0.172311
0.193323
0.146677
0.208310
0.346120
0.252843
0.358952
0.330766
0.560812
0.221426
0.065506
0.164244
0.259677
0.097863
0.251876
0.357092
0.089582
0.046978
0.367003
0.125797
0.207551
0.152115
0.140570
0.494513
0.213661
0.396112
0.032404
0.289309
0.005354
0.335193
0.514295
0.523031
0.541048
0.110399
0.141194
0.109797
0.010523
0.290116
0.192288
0.262141
0.199413
0.068948
0.185379
0.190810
0.007498
0.522826
0.002560
0.360186
0.403091
0.341731
0.036079
0.098164
0.311047
0.410428
0.327224
0.369034
0.042944
0.526989
0.248737
0.418714
0.295344
0.492773
0.265731
0.411808
0.486696
0.120141
0.167752
0.244152
0.120428
0.061045
0.105025
0.246165
0.260729
0.070491
0.099278
0.294334
0.384278
0.034659
0.383583
0.106237
0.225573
0.225193
0.133616
0.339770
0.518438
0.513833
0.073826
0.204081
0.268505
0.483243
0.304199
0.234317
0.414927
0.190735
0.067238
0.204673
0.202455
0.391893
0.432431
0.014707
0.326526
0.124324
0.058849
0.562034
0.306065
0.088182
0.156026
0.013551
0.081020
0.727553
0.060704
0.224885
0.411885
0.514181
0.304371
0.136188
0.237065
0.231862
0.503517
0.326661
0.344276
0.037748
0.358766
0.210247
0.353293
0.321129
0.091352
0.203853
0.371558
0.222876
0.039299
0.341105
0.328707
0.366934
0.075805
0.215032
0.286166
0.094124
0.028813
0.074106
0.253239
0.057640
0.495482
0.024077
0.207955
0.130809
0.060020
0.760895
0.338271
0.073435
0.576826
0.235961
0.196979
0.430663
0.209302
0.222669
0.359729
0.070445
0.114212
0.356180
0.578723
0.141663
0.438375
0.280004
0.514088
0.369999
0.230707
0.275055
0.303449
0.106850
0.183652
0.075737
0.608070
0.058247
0.219145
0.488085
0.150402
0.328324
0.185544
0.359999
0.259435
0.133838
0.316416
0.327697
0.067643
0.117575
0.197834
0.604604
0.068920
0.220540
0.014207
0.170716
0.044504
0.148267
0.076425
0.453578
0.033742
0.005773
0.383333
0.212206
0.306669
0.348332
0.388874
0.465379
0.083357
0.156412
0.382415
0.172656
0.217732
0.334362
0.198142
0.217466
0.203897
0.305038
0.039144
0.038904
0.452246
0.313688
0.423975
0.158296
0.256295
0.048211
0.017846
0.383370
0.491032
0.084481
0.267097
0.328229
0.151130
0.417655
0.239332
0.015275
0.482926
0.175260
0.086972
0.639144
0.471096
0.220133
0.110979
0.594977
0.598050
0.472648
0.461622
0.022536
0.369786
0.229949
0.372486
0.414201
0.061211
0.387352
0.041856
0.363259
0.042435
0.028630
0.199628
0.002030
0.206162
0.339046
0.318925
0.050640
0.272899
0.028886
0.238176
0.100722
0.382882
0.342802
0.083030
0.503666
0.057317
0.173813
0.323408
0.184645
0.625458
0.311010
0.033424
0.098694
0.339383
0.162416
0.156023
0.445605
0.076868
0.344934
0.329690
0.226314
0.019989
0.321813
0.224381
0.051696
0.079925
0.218814
0.161225
0.180430
0.401219
0.222985
0.390541
0.109444
0.483074
0.176733
0.339969
0.120580
0.433618
0.053603
0.309161
0.554077
0.093280
0.464241
0.419164
0.261366
0.044225
0.075026
0.214495
0.202418
0.216070
0.225433
0.114656
0.833774
0.032085
0.054519
0.547241
0.031832
0.212669
0.519363
0.003283
0.107787
0.412944
0.310650
0.002050
0.150799
0.068108
0.023502
0.445459
0.263799
0.072225
0.276520
0.501583
0.014148
0.228778
0.178199
0.347021
0.156577
0.026834
0.207374
0.093692
0.188075
0.070257
0.186468
0.026450
0.609487
0.178230
0.332403
0.118676
0.210067
0.475488
0.275072
0.209993
0.303365
0.062157
0.310693
0.347623
0.151031
0.058903
0.293896
0.180759
0.252906
0.297313
0.294758
0.070046
0.143379
0.353066
0.229567
0.015960
0.300159
0.285046
0.062596
0.117256
0.256209
0.159885
0.034623
0.023002
0.207413
0.335117
0.543694
0.163033
0.029136
0.172068
0.490290
0.070075
0.335070
0.105851
0.411755
0.276922
0.202915
0.053125
0.370768
0.249653
0.091578
0.435975
0.273819
0.025499
0.065233
0.176966
0.123913
0.060939
0.056505
0.330257
0.165335
0.039882
0.042671
0.020154
0.431402
0.238950
0.120532
0.255240
0.130400
0.244584
0.157381
0.555261
0.313696
0.477977
0.331823
0.306728
0.629959
0.731136
0.343694
0.281451
0.220096
0.156268
0.511751
0.226805
0.098481
0.220914
0.607920
0.161017
0.270402
0.226814
0.347306
0.149709
0.029975
0.462765
0.015180
0.368000
0.239594
0.255852
0.109457
0.099667
0.472587
0.031520
0.668602
0.605735
0.352749
0.292607
0.244917
0.462472
0.240143
0.266773
0.264863
0.514207
0.215868
0.448761
0.215668
0.041687
0.027228
0.142777
0.645931
0.200950
0.211691
0.276513
0.404481
0.162995
0.055112
0.220240
0.443790
0.257346
0.023254
0.370153
0.086211
0.139357
0.314122
0.124351
0.008517
0.387201
0.579944
0.364056
0.148654
0.044309
0.018489
0.124296
0.071496
0.324538
0.553433
0.032294
0.480994
0.595516
0.424597
0.483107
0.413949
0.399383
0.030594
0.245224
0.013770
0.382221
0.206050
0.117673
0.229933
0.142234
0.580005
0.249890
0.026554
0.670350
0.371904
0.272626
0.419911
0.029606
0.586708
0.158703
0.076922
0.327693
0.397410
0.050882
0.021713
0.872309
0.565807
0.255286
0.260972
0.747000
0.020746
0.011054
0.210301
0.256592
0.022164
0.379520
0.591020
0.179963
0.849882
0.474923
0.134340
0.026113
0.300921
0.041898
0.300508
0.584741
0.120771
0.229926
0.207206
0.134225
0.073285
0.579912
0.011022
0.089026
0.160069
0.314371
0.397237
0.303385
0.111407
0.351510
0.007022
0.437207
0.299489
0.323586
0.555608
0.223164
0.551900
0.484895
0.203541
0.709255
0.146716
0.065806
0.741480
0.192168
0.170543
0.244060
0.197973
0.285302
0.146687
0.075502
0.822583
0.217929
0.424981
0.236305
0.298560
0.007155
0.157221
0.466563
0.168156
0.418167
0.649390
0.589773
0.239126
0.098234
0.209553
0.294901
0.051114
0.232456
0.182733
0.073395
0.632525
0.012161
0.535276
0.290254
0.530296
0.091068
0.179050
0.227126
0.390202
0.596863
0.233977
0.102743
0.176564
0.515851
0.047909
0.147836
0.256416
0.471301
0.422903
0.235941
0.370052
0.658714
0.039000
0.018621
0.178439
0.627271
0.168876
0.638856
0.711950
0.255082
0.215087
0.514276
0.098700
0.181757
0.414997
0.164870
0.106912
0.167867
0.238618
0.313013
0.185084
0.392952
0.468323
0.496541
0.188096
0.394708
0.030449
0.268346
0.603408
0.191489
0.270234
0.294162
0.499245
0.823462
0.571695
0.204008
0.122777
0.662967
0.272195
0.506425
0.607301
0.178784
0.212783
0.276249
0.353317
0.297852
0.572440
0.566602
0.183764
0.008279
0.497303
0.231635
0.502091
0.364525
0.273928
0.185679
0.240435
0.388893
0.508212
0.383387
0.358504
0.114133
0.073463
0.456451
0.425350
0.111216
0.365557
0.160392
0.096484
0.512153
0.322677
0.288428
0.171543
0.416836
0.298078
0.001146
0.409650
0.328437
0.309576
0.629047
0.541884
0.313852
0.054330
0.283329
0.605189
0.301095
0.224969
0.048149
0.342454
0.551213
0.637963
0.055693
0.629863
0.326238
0.172860
0.608606
0.413756
0.074428
0.371878
0.246717
0.049291
0.596658
0.454461
0.280252
0.143108
0.137201
0.229125
0.030716
0.194730
0.319153
0.510726
0.586289
0.488242
0.100791
0.181485
0.634156
0.142502
0.264327
0.308067
0.310937
0.142618
0.463115
0.088535
0.353357
0.185279
0.580857
0.363292
0.571367
0.323535
0.235155
0.265569
0.031255
0.373317
0.705903
0.320571
0.676113
0.279167
0.273712
0.376523
0.293375
0.110816
0.507128
0.309950
0.641613
0.305338
0.058001
0.359492
0.267291
0.660968
0.013843
0.169485
0.268742
0.279882
0.324528
0.446436
0.260406
0.455808
0.647251
0.171318
0.191227
0.684745
0.301453
0.212005
0.376231
0.127465
0.074553
0.237921
0.295847
0.294537
0.492284
0.087919
0.396932
0.860925
0.211393
0.365757
0.485143
0.387730
0.050217
0.210887
0.008241
0.644596
0.114407
0.470473
0.300683
0.258802
0.129517
0.054032
0.206706
0.066646
0.039015
0.448999
0.033517
0.220406
0.588830
0.037665
0.326700
0.033964
0.454857
0.122949
0.309958
0.373040
0.085905
0.613184
0.352916
0.159628
0.215658
0.420004
0.089482
0.477303
0.132343
0.313425
0.792462
0.217057
0.475977
0.440373
0.555945
0.207296
0.245011
0.606407
0.001852
0.522996
0.148817
0.572158
0.260163
0.366343
0.579558
0.004322
0.477135
0.216408
0.471898
0.075743
0.352638
0.461018
0.244932
0.060609
0.232042
0.393983
0.030202
0.468251
0.241214
0.051633
0.275002
0.134746
0.187495
0.179209
0.647014
0.020189
0.458778
0.567210
0.337127
0.626197
0.476364
0.281149
0.703434
0.150032
0.334006
0.519571
0.358591
0.082893
0.743830
0.004160
0.091705
0.298441
0.446283
0.244590
0.217024
0.092766
0.491353
0.134617
0.463072
0.052568
0.139665
0.118613
0.434848
0.085357
0.083037
0.043141
0.020026
0.217759
0.755317
0.309178
0.256432
0.427121
0.028899
0.526023
0.506569
0.557416
0.275852
0.495516
0.699292
0.017358
0.143868
0.557514
0.366924
0.491855
0.041911
0.023098
0.403749
0.149281
0.226658
0.396033
0.032814
0.065766
0.136000
0.581787
0.139829
0.256962
0.385817
0.325267
0.207391
0.406473
0.573878
0.469981
0.095082
0.032945
0.386181
0.448864
0.079457
0.483615
0.119054
0.188771
0.179115
0.255462
0.017535
0.036256
0.616982
0.227281
0.266111
0.190192
0.457448
0.518052
0.269901
0.649090
0.297243
0.265970
0.263804
0.439815
0.420770
0.354911
0.288109
0.318086
0.496041
0.426970
0.095804
0.045409
0.595381
0.437956
0.443113
0.256372
0.098394
0.554169
0.375111
0.234164
0.465183
0.503443
0.584144
0.711759
0.099812
0.259303
0.445703
0.306865
0.126331
0.114013
0.284739
0.184053
0.312477
0.567980
0.191915
0.493584
0.222272
0.005924
0.524395
0.218556
0.210409
0.372981
0.269916
0.429546
0.420755
0.165213
0.040088
0.467529
0.271922
0.107248
0.147139
0.022690
0.175792
0.241105
0.762516
0.179012
0.296098
0.586841
0.292237
0.353542
0.326699
0.005900
0.047511
0.174412
0.040387
0.575583
0.191198
0.826998
0.262821
0.124704
0.705312
0.013115
0.053037
0.018383
0.415763
0.125770
0.421666
0.031700
0.670712
0.442324
0.180599
0.068377
0.113031
0.238646
0.400940
0.516451
0.489119
0.023856
0.461535
0.536260
0.109029
0.345551
0.177436
0.648171
0.165315
0.272261
0.494033
0.104443
0.304538
0.036507
0.280755
0.071077
0.413731
0.399004
0.489017
0.390454
0.153312
0.607536
0.330585
0.371111
0.102193
0.459132
0.245869
0.145796
0.537168
0.723238
0.191902
0.589008
0.009712
0.215658
0.479561
0.222365
0.443329
0.602701
0.278427
0.331148
0.320212
0.177274
0.254327
0.445105
0.522599
0.191683
0.500249
0.368533
0.488508
0.113841
0.437841
0.180091
0.025207
0.264944
0.027453
0.334467
0.478145
0.009139
0.619530
0.127044
0.009311
0.056792
0.020519
0.042730
0.003253
0.619324
0.084240
0.172710
0.046036
0.186577
0.025972
0.132165
0.593523
0.181655
0.065341
0.152675
0.177566
0.726273
0.222316
0.151835
0.122277
0.735802
0.046821
0.481692
0.075872
0.088661
0.029396
0.720298
0.263082
0.541397
0.276379
0.584827
0.510739
0.001843
0.104065
0.365265
0.282281
0.338509
0.204690
0.066367
0.144598
0.245738
0.091824
0.051638
0.086411
0.391228
0.083165
0.101949
0.222612
0.142923
0.519023
0.553921
0.070315
0.235390
0.611146
0.342715
0.013216
0.260768
0.918247
0.053305
0.201466
0.430800
0.181088
0.513374
0.302224
0.107009
0.087977
0.163532
0.577631
0.379566
0.195301
0.283508
0.413976
0.660542
0.206417
0.594472
0.575696
0.114501
0.187636
0.087570
0.054035
0.251220
0.302397
0.357006
0.320788
0.385251
0.282840
0.397291
0.043003
0.260428
0.049867
0.135845
0.431404
0.148261
0.095972
0.090514
0.536283
0.030873
0.045188
0.411816
0.237141
0.018059
0.175048
0.340105
0.272839
0.225924
0.132709
0.038702
0.424269
0.290730
0.016895
0.066427
0.136938
0.178575
0.154292
0.040132
0.517453
0.150342
0.330291
0.472696
0.585772
0.183367
0.603466
0.093922
0.232829
0.308461
0.048209
0.453113
0.003651
0.363904
0.341379
0.083470
0.004153
0.439015
0.012839
0.065394
0.174204
0.278683
0.514281
0.449085
0.430882
0.006092
0.359066
0.168463
0.483122
0.051702
0.134418
0.284780
0.352397
0.470154
0.041792
0.005715
0.662817
0.480799
0.406038
0.380794
0.500191
0.044275
0.427411
0.450054
0.485172
0.209523
0.128439
0.037036
0.539468
0.115383
0.201813
0.116686
0.253279
0.225065
0.457006
0.435054
0.146807
0.049946
0.199828
0.345832
0.183711
0.345205
0.314200
0.178684
0.126075
0.310466
0.121097
0.376604
0.532200
0.039519
0.090593
0.233759
0.233488
0.566161
0.186482
0.094580
0.155688
0.201121
0.118009
0.144092
0.321016
0.229921
0.553918
0.203024
0.223344
0.415323
0.404445
0.258133
0.407089
0.425794
0.207995
0.441668
0.650233
0.122062
0.328368
0.128285
0.287173
0.474658
0.426632
0.330387
0.082500
0.195357
0.403431
0.175850
0.384732
0.075329
0.294138
0.350531
0.326339
0.539975
0.566557
0.302411
0.192633
0.403278
0.545494
0.055813
0.649697
0.052516
0.191717
0.253902
0.253705
0.015708
0.353448
0.380450
0.111834
0.037753
0.138263
0.648691
0.392632
0.031183
0.513393
0.711163
0.028010
0.239045
0.167112
0.063313
0.041340
0.013962
0.298520
0.530627
0.038317
0.247472
0.064382
0.582336
0.622242
0.443019
0.405274
0.074369
0.282274
0.658389
0.489482
0.005560
0.632297
0.056603
0.330867
0.038885
0.400066
0.359889
0.173533
0.651247
0.016749
0.416278
0.566266
0.111963
0.337987
0.301788
0.135224
0.211747
0.788223
0.044600
0.551205
0.456924
0.382267
0.477665
0.313483
0.228437
0.514158
0.222866
0.657148
0.123487
0.378668
0.384259
0.143948
0.087377
0.169869
0.545977
0.264248
0.575101
0.071329
0.537741
0.342501
0.088436
0.385320
0.184470
0.304102
0.565218
0.152802
0.520510
0.819200
0.680020
0.500867
0.276013
0.501076
0.253879
0.096311
0.343070
0.273329
0.231005
0.042375
0.049772
0.028035
0.161645
0.330695
0.061892
0.331529
0.048281
0.583985
0.517722
0.668215
0.010070
0.312009
0.467041
0.061338
0.477386
0.049597
0.434784
0.518696
0.018889
0.079914
0.039049
0.030957
0.480389
0.339986
0.104224
0.328541
0.415598
0.166510
0.051408
0.221678
0.480926
0.807885
0.093524
0.363464
0.250492
0.053490
0.364692
0.296366
0.070520
0.132620
0.021695
0.074399
0.084158
0.103385
0.242176
0.397646
0.019728
0.268914
0.221333
0.129556
0.143040
0.214360
0.249840
0.190560
0.189801
0.282625
0.091560
0.122668
0.515671
0.322150
0.762269
0.160184
0.088976
0.234753
0.046760
0.011067
0.702206
0.313984
0.114079
0.332023
0.727395
0.514159
0.043694
0.279747
0.245895
0.268846
0.139934
0.510602
0.391162
0.140916
0.103113
0.070283
0.371612
0.418060
0.092705
0.097773
0.055011
0.102646
0.132396
0.132581
0.526539
0.150046
0.674150
0.229235
0.393124
0.135175
0.301329
0.362320
0.034940
0.258306
0.076565
0.588773
0.262904
0.013718
0.057046
0.174634
0.399405
0.358404
0.082057
0.487897
0.602867
0.297482
0.382579
0.003755
0.563635
0.391974
0.152030
0.485999
0.374815
0.313384
0.306762
0.063242
0.452859
0.494192
0.449521
0.452649
0.709607
0.579241
0.000251
0.446948
0.490993
0.035935
0.722396
0.496971
0.009265
0.008093
0.752430
0.073132
0.184921
0.676737
0.263623
0.113579
0.520723
0.047361
0.355013
0.555309
0.395799
0.781476
0.678845
0.235807
0.319543
0.331594
0.297512
0.514098
0.497594
0.496173
0.093533
0.268177
0.485214
0.325960
0.577062
0.401855
0.017208
0.152826
0.336177
0.079300
0.472950
0.702315
0.122067
0.142274
0.681138
0.672933
0.128623
0.607585
0.366699
0.295818
0.034619
0.441105
0.212486
0.408128
0.352937
0.614300
0.317513
0.309849
0.376815
0.088542
0.033154
0.626061
0.508124
0.734138
0.303491
0.282991
0.242489
0.272855
0.407353
0.513123
0.300967
0.150313
0.016547
0.184940
0.582696
0.133219
0.282734
0.208707
0.427134
0.122707
0.284394
0.578547
0.162602
0.104669
0.784158
0.325439
0.387479
0.348024
0.127680
0.304174
0.188804
0.404103
0.475448
0.198930
0.084714
0.324371
0.063113
0.128228
0.355169
0.128152
0.231157
0.206227
0.015570
0.187422
0.600578
0.668240
0.602463
0.396816
0.280642
0.153711
0.150822
0.468811
0.289850
0.108509
0.330522
0.133567
0.044960
0.133320
0.555659
0.179173
0.190111
0.277086
0.379221
0.410828
0.447741
0.133560
0.082047
0.427063
0.499391
0.423203
0.010629
0.066082
0.066160
0.197604
0.157924
0.539642
0.146644
0.338590
0.145192
0.100803
0.227556
0.007857
0.255111
0.208751
0.033236
0.132753
0.609905
0.074832
0.006118
0.770953
0.197134
0.394149
0.351160
0.071993
0.507773
0.114072
0.545403
0.558609
0.263600
0.419254
0.183877
0.082623
0.491697
0.466279
0.130331
0.438809
0.515673
0.051347
0.150921
0.452129
0.285397
0.029277
0.103280
0.274401
0.644106
0.154989
0.369029
0.079004
0.113042
0.377503
0.023682
0.420447
0.456315
0.024872
0.442266
0.746123
0.072368
0.297037
0.096598
0.130472
0.269739
0.409008
0.089983
0.442720
0.178656
0.540024
0.333587
0.246565
0.378722
0.271346
0.310190
0.533348
0.250569
0.102870
0.889938
0.112922
0.132249
0.522276
0.318258
0.016387
0.233644
0.276680
0.409679
0.064091
0.673983
0.207729
0.372768
0.480820
0.147804
0.233143
0.035796
0.262096
0.499399
0.312298
0.112355
0.038085
0.401362
0.242955
0.208441
0.446806
0.346480
0.250050
0.334080
0.324595
0.105181
0.242282
0.401743
0.085252
0.794229
0.074346
0.389692
0.560738
0.668090
0.588753
0.147711
0.400973
0.069505
0.684382
0.316150
0.143158
0.196311
0.574766
0.504322
0.461843
0.059609
0.351809
0.316100
0.086795
0.544286
0.337491
0.361286
0.577751
0.262675
0.551903
0.060273
0.044180
0.253468
0.197615
0.258842
0.319532
0.075599
0.269231
0.478263
0.149250
0.189790
0.438694
0.274274
0.403789
0.166468
0.272253
0.424953
0.216677
0.451748
0.093721
0.154588
0.515756
0.367424
0.113929
0.466460
0.257062
0.354101
0.181192
0.126970
0.666802
0.368563
0.496069
0.150373
0.409715
0.353401
0.371815
0.192013
0.482663
0.220696
0.215180
0.252633
0.593803
0.353912
0.120571
0.295156
0.216106
0.243139
0.019116
0.456515
0.274163
0.466912
0.108888
0.210230
0.043898
0.519789
0.355505
0.079390
0.900835
0.325448
0.608810
0.018159
0.544600
0.065706
0.177546
0.572522
0.100192
0.227912
0.442243
0.337124
0.283232
0.051998
0.481025
0.146458
0.248406
0.008332
0.254678
0.522003
0.107421
0.449702
0.283909
0.074316
0.118721
0.106414
0.641961
0.546002
0.403380
0.563579
0.474020
0.169446
0.312284
0.285980
0.436649
0.090105
0.658309
0.496563
0.091673
0.166260
0.365173
0.125415
0.293125
0.187897
0.130255
0.108727
0.136308
0.008680
0.034018
0.005203
0.030482
0.004025
0.258256
0.491727
0.849085
0.442934
0.070712
0.090298
0.436321
0.609885
0.388866
0.261943
0.349485
0.445223
0.340066
0.465429
0.733442
0.233849
0.153842
0.399492
0.279361
0.293988
0.528659
0.567605
0.213884
0.444760
0.619196
0.050301
0.503913
0.563679
0.028973
0.523498
0.124677
0.399674
0.287823
0.060147
0.088683
0.220663
0.388194
0.093476
0.134165
0.234685
0.399817
0.214728
0.316430
0.223427
0.094144
0.083861
0.388394
0.134144
0.594335
0.305007
0.052020
0.007889
0.234596
0.551750
0.435935
0.189535
0.333885
0.206380
0.173969
0.063648
0.213759
0.687141
0.160730
0.430728
0.152571
0.166094
0.425253
0.439026
0.277111
0.289806
0.612220
0.325387
0.119925
0.335833
0.151476
0.096856
0.601731
0.402946
0.263252
0.005938
0.564352
0.049771
0.378343
0.052918
0.056616
0.679117
0.189125
0.616711
0.073296
0.286614
0.185316
0.509447
0.827627
0.467991
0.369867
0.198966
0.171347
0.031124
0.063936
0.365859
0.413902
0.418430
0.234684
0.110059
0.084065
0.138409
0.103164
0.647878
0.101020
0.385189
0.452944
0.402929
0.002071
0.204988
0.361209
0.635115
0.530401
0.443075
0.253495
0.674514
0.089925
0.578547
0.257039
0.559286
0.372356
0.412423
0.667299
0.222056
0.010425
0.112930
0.300943
0.017891
0.034365
0.147039
0.210289
0.078923
0.093537
0.440365
0.460511
0.095334
0.309809
0.129601
0.171932
0.006770
0.279939
0.465315
0.606597
0.675305
0.222779
0.215093
0.448908
0.555023
0.241469
0.353939
0.343964
0.204004
0.073454
0.241783
0.277580
0.348074
0.338928
0.021721
0.286601
0.241479
0.205922
0.662641
0.441598
0.132908
0.049774
0.054519
0.117717
0.665238
0.041941
0.440662
0.479905
0.641710
0.412344
0.060110
0.455614
0.188512
0.603020
0.368162
0.554864
0.203132
0.520546
0.383211
0.530768
0.486671
0.001323
0.304791
0.384181
0.260110
0.230959
0.320636
0.406794
0.500099
0.058107
0.166575
0.397837
0.019882
0.157493
0.070104
0.273042
0.249287
0.460964
0.090648
0.285679
0.191704
0.105779
0.755495
0.232528
0.181058
0.626223
0.334635
0.240362
0.403279
0.341725
0.204677
0.384352
0.080218
0.209654
0.399748
0.624281
0.153534
0.608306
0.446110
0.766987
0.327468
0.190558
0.408623
0.323772
0.109387
0.144507
0.072943
0.608856
0.069277
0.256346
0.385799
0.382782
0.549799
0.241595
0.544810
0.551616
0.238216
0.406237
0.397493
0.135356
0.234012
0.233181
0.609377
0.150606
0.288457
0.069062
0.184468
0.030279
0.089850
0.157458
0.472398
0.164050
0.057037
0.377324
0.237421
0.340410
0.241498
0.615208
0.485500
0.210029
0.448101
0.413326
0.254169
0.225931
0.304590
0.224571
0.126356
0.213880
0.530743
0.109127
0.164402
0.497240
0.343585
0.687557
0.168688
0.376597
0.072196
0.043624
0.574594
0.528505
0.043724
0.357259
0.257033
0.196491
0.531590
0.423967
0.095833
0.532874
0.212573
0.240224
0.863095
0.624421
0.283576
0.025535
0.631773
0.852649
0.470322
0.589336
0.040319
0.403187
0.180431
0.531116
0.562659
0.128353
0.331745
0.067123
0.358674
0.091533
0.078000
0.261253
0.066509
0.251684
0.539549
0.220057
0.084913
0.256780
0.063710
0.032485
0.101898
0.533239
0.389861
0.172568
0.419940
0.061342
0.304045
0.356307
0.081343
0.599303
0.248946
0.014673
0.053465
0.328344
0.190988
0.212628
0.512019
0.026022
0.327520
0.507536
0.000004
0.003520
0.372003
0.370914
0.138154
0.006492
0.339264
0.422826
0.081811
0.351107
0.244647
0.369570
0.142372
0.453977
0.117368
0.261565
0.096903
0.434905
0.077983
0.365143
0.624306
0.252384
0.689054
0.717116
0.380558
0.049097
0.102561
0.401065
0.234099
0.499406
0.449079
0.107724
0.816501
0.048559
0.083618
0.607742
0.084106
0.213627
0.555500
0.097009
0.013593
0.586059
0.379262
0.063074
0.168982
0.039958
0.181265
0.512894
0.259523
0.102592
0.272509
0.761399
0.206776
0.237585
0.146723
0.551752
0.196337
0.056216
0.158730
0.031933
0.444589
0.138814
0.233918
0.001434
0.627324
0.305806
0.410048
0.014340
0.061300
0.594257
0.436709
0.249023
0.422690
0.034634
0.340955
0.420417
0.039973
0.046736
0.281216
0.203512
0.403916
0.346456
0.255894
0.130390
0.071412
0.419721
0.253689
0.302287
0.246925
0.450989
0.093102
0.080274
0.235810
0.038458
0.056126
0.050665
0.288064
0.430743
0.692162
0.320544
0.118132
0.252421
0.656788
0.105952
0.417062
0.132533
0.352620
0.257681
0.076206
0.027261
0.307776
0.354784
0.369784
0.675271
0.303224
0.012273
0.033753
0.235219
0.445171
0.009928
0.208229
0.467195
0.190282
0.081401
0.005443
0.100235
0.558319
0.390084
0.228286
0.391683
0.024659
0.354906
0.397457
0.401556
0.119298
0.490729
0.198682
0.477438
0.277848
0.198121
0.058551
0.154328
0.202847
0.058046
0.469980
0.212332
0.039005
0.209863
0.356598
0.180076
0.141031
0.245323
0.262126
0.240833
0.085860
0.344337
0.138666
0.419907
0.505186
0.294964
0.092312
0.229351
0.216697
0.015746
0.466356
0.273834
0.317740
0.352999
0.352759
0.545138
0.184385
0.195196
0.339817
0.527843
0.334977
0.466465
0.149152
0.258603
0.069907
0.050550
0.497038
0.194108
0.472705
0.340122
0.625751
0.345705
0.399271
0.288768
0.126490
0.352937
0.124921
0.314480
0.026403
0.006232
0.150096
0.244475
0.057884
0.395826
0.592069
0.310166
0.209968
0.007834
0.055842
0.078064
0.086579
0.495077
0.545401
0.162668
0.320338
0.524145
0.366692
0.212904
0.396315
0.193538
0.095882
0.231799
0.069824
0.243627
0.364176
0.113200
0.246864
0.289751
0.552750
0.282711
0.019081
0.338447
0.503397
0.426073
0.300527
0.009017
0.562709
0.054029
0.104223
0.366608
0.086848
0.188076
0.104140
0.794176
0.242189
0.161008
0.445330
0.563289
0.004136
0.132554
0.053052
0.164255
0.151672
0.377885
0.404587
0.068619
0.537451
0.433875
0.265623
0.303617
0.188894
0.105361
0.227807
0.393700
0.183220
0.213144
0.157634
0.106547
0.166635
0.301666
0.019825
0.150354
0.035861
0.052997
0.037626
0.216235
0.077520
0.272815
0.037765
0.466183
0.270531
0.103465
0.438477
0.191662
0.541163
0.222173
0.032572
0.513588
0.051276
0.063214
0.407918
0.433724
0.411528
0.174428
0.004990
0.323902
0.291437
0.177868
0.406624
0.235167
0.440845
0.111465
0.332633
0.038818
0.044568
0.281700
0.312134
0.033622
0.510397
0.470015
0.157658
0.011375
0.125371
0.318393
0.142851
0.242083
0.454916
0.045892
0.500068
0.226452
0.368534
0.228032
0.549598
0.069353
0.146114
0.222913
0.218090
0.489484
0.043485
0.172917
0.042697
0.244853
0.220254
0.254485
0.255016
0.629510
0.361123
0.199444
0.327148
0.529561
0.149403
0.026482
0.131487
0.605852
0.250947
0.675624
0.634168
0.237583
0.348255
0.399696
0.009418
0.281472
0.297557
0.209304
0.030172
0.040012
0.279650
0.166689
0.289025
0.464378
0.299652
0.332901
0.193300
0.207108
0.203886
0.068387
0.521333
0.148711
0.227264
0.150892
0.208299
0.680156
0.477102
0.098327
0.094201
0.357880
0.321139
0.334805
0.604206
0.051110
0.296938
0.011784
0.118736
0.341017
0.407529
0.413063
0.225570
0.041702
0.371499
0.217381
0.280169
0.459718
0.240896
0.139912
0.310048
0.468965
0.415096
0.198094
0.386103
0.134810
0.118704
0.345980
0.235149
0.133263
0.365704
0.208052
0.067153
0.549488
0.159148
0.112873
0.215816
0.428586
0.144524
0.133146
0.400267
0.322530
0.361306
0.342378
0.185032
0.349939
0.030439
0.298527
0.467480
0.264539
0.161936
0.061830
0.339131
0.471203
0.366957
0.212847
0.357482
0.302418
0.432784
0.542036
0.264055
0.011862
0.024079
0.215704
0.220299
0.408032
0.477404
0.176930
0.215934
0.039490
0.237763
0.034101
0.198752
0.487439
0.476916
0.536021
0.487484
0.189099
0.131319
0.505397
0.042146
0.326565
0.104984
0.171502
0.243754
0.039818
0.155652
0.400639
0.204183
0.419784
0.292760
0.498508
0.179743
0.148749
0.230968
0.070998
0.178164
0.258546
0.243056
0.664475
0.157309
0.207944
0.253660
0.396531
0.259695
0.515562
0.089133
0.451073
0.308470
0.130380
0.373205
0.178768
0.374704
0.007179
0.145505
0.403217
0.284340
0.221713
0.457282
0.148352
0.296786
0.395271
0.258517
0.306488
0.490297
0.516621
0.434405
0.257225
0.127582
0.097058
0.353317
0.170312
0.441601
0.294665
0.218426
0.388289
0.458154
0.071499
0.284041
0.385678
0.294439
0.087092
0.046944
0.031654
0.320603
0.017701
0.261410
0.063527
0.089335
0.276197
0.165870
0.271394
0.199042
0.327717
0.297921
0.201366
0.060751
0.435721
0.040365
0.307196
0.054252
0.483601
0.142303
0.299416
0.457165
0.145899
0.498365
0.464384
0.355347
0.187285
0.177957
0.118364
0.355435
0.021604
0.191943
0.400999
0.278605
0.265512
0.274217
0.341922
0.258153
0.238979
0.357696
0.077003
0.418207
0.083082
0.383113
0.109798
0.234509
0.468179
0.029774
0.584016
0.235712
0.320556
0.128182
0.322541
0.572454
0.004152
0.043454
0.028475
0.348281
0.016824
0.179558
0.181965
0.001990
0.238963
0.029798
0.013540
0.182004
0.576328
0.033444
0.310978
0.307691
0.123500
0.252395
0.281936
0.148647
0.460623
0.192960
0.408318
0.332353
0.243535
0.147793
0.334621
0.220029
0.015566
0.270503
0.311246
0.225879
0.133092
0.019604
0.468164
0.042357
0.289487
0.251021
0.179930
0.071483
0.424804
0.070091
0.222413
0.057466
0.004301
0.300293
0.530737
0.076317
0.341726
0.384011
0.195520
0.400154
0.399592
0.292760
0.236191
0.541336
0.145944
0.025023
0.003378
0.557294
0.314720
0.086649
0.013951
0.069069
0.347543
0.095534
0.194633
0.522548
0.113698
0.061542
0.290249
0.428196
0.118009
0.342301
0.207701
0.395330
0.274406
0.282684
0.367866
0.330670
0.135821
0.095396
0.411577
0.376832
0.130666
0.679225
0.287217
0.099727
0.056401
0.153055
0.050509
0.012910
0.665370
0.226828
0.259045
0.113389
0.128017
0.475589
0.158494
0.577593
0.259872
0.180325
0.280368
0.386894
0.488507
0.290146
0.389100
0.541060
0.266474
0.340643
0.338802
0.190750
0.445837
0.464410
0.455181
0.519019
0.010577
0.699712
0.253962
0.332998
0.578932
0.607979
0.335611
0.474488
0.316480
0.382716
0.250711
0.350103
0.403019
0.101389
0.446521
0.331340
0.175854
0.599957
0.100359
0.506515
0.127046
0.051848
0.270644
0.316089
0.224003
0.383032
0.366267
0.334000
0.265050
0.220749
0.166143
0.341613
0.202417
0.149447
0.075389
0.055536
0.180130
0.159581
0.590261
0.180870
0.130174
0.385339
0.199168
0.345226
0.230943
0.193934
0.174296
0.249545
0.157280
0.384064
0.333125
0.551958
0.456162
0.307621
0.491905
0.089943
0.025446
0.085837
0.371836
0.293125
0.348940
0.072648
0.556746
0.455189
0.162509
0.233388
0.161427
0.246805
0.163127
0.408698
0.354366
0.038960
0.368986
0.390898
0.160747
0.327273
0.125190
0.281502
0.173329
0.168279
0.244929
0.010127
0.197640
0.037038
0.536600
0.196653
0.251396
0.439697
0.234608
0.325084
0.238327
0.646399
0.377377
0.631138
0.038609
0.390698
0.182064
0.296349
0.457598
0.367305
0.011531
0.442244
0.149944
0.370478
0.471552
0.131455
0.497489
0.389584
0.465142
0.431894
0.320272
0.308082
0.071240
0.550381
0.516955
0.167406
0.408380
0.341855
0.294719
0.150100
0.565048
0.159547
0.317473
0.236094
0.051781
0.371873
0.359278
0.026962
0.482483
0.016426
0.325527
0.081104
0.055225
0.160394
0.035071
0.348400
0.004154
0.127472
0.036713
0.126619
0.082571
0.302614
0.346350
0.267547
0.208403
0.013036
0.042032
0.568017
0.287534
0.218125
0.225887
0.561981
0.063693
0.528966
0.155931
0.021511
0.017991
0.422669
0.452136
0.416288
0.587653
0.476491
0.396266
0.106734
0.147222
0.348407
0.491270
0.256133
0.259462
0.301211
0.148498
0.184321
0.263483
0.116217
0.131424
0.480186
0.102465
0.128392
0.147908
0.176321
0.425633
0.589869
0.063488
0.104690
0.606081
0.144435
0.301261
0.453221
0.519497
0.116664
0.145655
0.351694
0.305555
0.362039
0.327319
0.142612
0.013794
0.205790
0.589328
0.227091
0.418980
0.250818
0.270812
0.471457
0.224246
0.428994
0.551975
0.234227
0.133944
0.239289
0.081924
0.255452
0.263099
0.261003
0.238018
0.221289
0.137256
0.103795
0.090494
0.099932
0.217235
0.319167
0.249907
0.244139
0.068847
0.155830
0.446493
0.160172
0.032655
0.335105
0.231865
0.113643
0.238872
0.425952
0.269113
0.222264
0.163055
0.031408
0.336448
0.319063
0.043811
0.069463
0.023093
0.051928
0.036718
0.025743
0.420592
0.106355
0.206822
0.372650
0.329663
0.149957
0.391226
0.092522
0.249250
0.308717
0.017452
0.293567
0.039104
0.270888
0.388653
0.216120
0.132461
0.443601
0.008597
0.137929
0.313629
0.074174
0.463641
0.207754
0.043461
0.070080
0.333614
0.242549
0.533099
0.045906
0.102799
0.036008
0.211377
0.406030
0.003671
0.101945
0.351579
0.322008
0.348657
0.265415
0.281821
0.167470
0.309652
0.159088
0.137682
0.254290
0.004096
0.154349
0.402621
0.130020
0.161525
0.166768
0.201857
0.105203
0.450194
0.343552
0.195350
0.131851
0.112930
0.132906
0.056312
0.458555
0.377925
0.048011
0.048619
0.158862
0.024547
0.324980
0.435388
0.193610
0.147091
0.042152
0.299588
0.418718
0.003326
0.108234
0.155791
0.099681
0.113117
0.167455
0.031645
0.380339
0.571767
0.332197
0.390152
0.308243
0.203960
0.262051
0.482664
0.574884
0.038885
0.256169
0.499987
0.068206
0.405578
0.120167
0.315563
0.211836
0.221744
0.241601
0.074955
0.338934
0.347094
0.120573
0.219894
0.139476
0.244768
0.245612
0.132413
0.436766
0.605853
0.439051
0.091013
0.385729
0.374583
0.250539
0.492731
0.053679
0.086295
0.213784
0.103302
0.067906
0.386823
0.361442
0.045358
0.186922
0.366495
0.325972
0.209162
0.245461
0.431002
0.348684
0.200169
0.294738
0.078738
0.000261
0.019057
0.157592
0.337610
0.337549
0.004688
0.328809
0.158119
0.029635
0.364352
0.271875
0.313559
0.025634
0.198042
0.345062
0.461452
0.006611
0.516422
0.072967
0.270164
0.072106
0.230941
0.095865
0.210697
0.569771
0.020430
0.374209
0.366172
0.045097
0.364181
0.054060
0.015169
0.014414
0.378534
0.221095
0.470850
0.539483
0.552924
0.497497
0.134657
0.284946
0.647086
0.110862
0.289187
0.035368
0.150914
0.356742
0.215776
0.096243
0.084058
0.435082
0.230735
0.398872
0.120533
0.399505
0.329411
0.191490
0.383190
0.116984
0.212322
0.288022
0.302852
0.541544
0.370652
0.396875
0.113395
0.406402
0.475221
0.380756
0.139825
0.249059
0.318992
0.364626
0.165087
0.296747
0.097028
0.184075
0.096888
0.001185
0.483732
0.073304
0.252507
0.364638
0.533569
0.026000
0.363594
0.190622
0.023472
0.456801
0.092510
0.389988
0.133174
0.249367
0.061066
0.021636
0.132388
0.564666
0.239400
0.084370
0.251837
0.219905
0.215250
0.020475
0.205218
0.489374
0.384843
0.089800
0.406680
0.357716
0.026072
0.431909
0.236355
0.043432
0.128911
0.014917
0.278926
0.099456
0.200925
0.132252
0.105560
0.116739
0.217173
0.028480
0.200937
0.278080
0.150871
0.311429
0.077564
0.108423
0.015733
0.039879
0.240980
0.471583
0.257346
0.501396
0.350814
0.090927
0.361724
0.099946
0.022735
0.397633
0.136470
0.100483
0.301474
0.506298
0.217068
0.184573
0.215956
0.288565
0.035335
0.241058
0.373363
0.276003
0.062632
0.028232
0.065063
0.356438
0.409417
0.138191
0.119296
0.068887
0.262173
0.016806
0.202397
0.348412
0.297731
0.640065
0.176305
0.178288
0.076751
0.263382
0.346417
0.281580
0.247263
0.043181
0.303230
0.254358
0.026917
0.091958
0.000233
0.255334
0.434635
0.060727
0.303274
0.271141
0.239814
0.162478
0.161999
0.371470
0.378927
0.183808
0.359883
0.289316
0.030792
0.404754
0.073433
0.267853
0.480608
0.218365
0.190724
0.401957
0.325435
0.067138
0.448484
0.328119
0.092067
0.431233
0.359356
0.077801
0.008194
0.715133
0.026647
0.021645
0.499225
0.168035
0.088991
0.383362
0.201082
0.190238
0.269237
0.211374
0.405474
0.353103
0.221460
0.096556
0.354620
0.011837
0.442244
0.365681
0.455900
0.163192
0.163300
0.314122
0.285367
0.395864
0.480833
0.033617
0.058703
0.249995
0.207544
0.382175
0.445367
0.125321
0.093967
0.347460
0.656274
0.078877
0.559541
0.139726
0.007969
0.093592
0.400813
0.313362
0.224896
0.455291
0.428626
0.222987
0.075596
0.314666
0.080810
0.027107
0.534779
0.365595
0.449683
0.066279
0.501007
0.111721
0.211653
0.346462
0.339155
0.057020
0.329814
0.081861
0.319604
0.433139
0.360631
0.011233
0.095649
0.450283
0.165807
0.125799
0.451792
0.261335
0.137274
0.145666
0.261476
0.228052
0.125302
0.146387
0.443323
0.103180
0.198449
0.378003
0.218570
0.157010
0.320052
0.214161
0.329603
0.395054
0.097723
0.255187
0.011111
0.063593
0.338005
0.590006
0.724930
0.402204
0.486754
0.405848
0.150933
0.058719
0.468108
0.202829
0.094096
0.382882
0.035864
0.085881
0.154277
0.642222
0.080128
0.006661
0.386824
0.377070
0.287421
0.526126
0.233408
0.034507
0.282560
0.374755
0.392277
0.227525
0.409807
0.137141
0.114097
0.168617
0.166537
0.058746
0.323979
0.045944
0.008010
0.117153
0.240718
0.410873
0.040931
0.068834
0.124757
0.435486
0.002228
0.122877
0.310531
0.371244
0.219259
0.348144
0.204134
0.326544
0.055476
0.395613
0.467196
0.470572
0.655638
0.158456
0.077316
0.406202
0.359634
0.123277
0.416774
0.647730
0.195204
0.035040
0.123557
0.266046
0.057488
0.164145
0.185165
0.332166
0.412559
0.199902
0.142221
0.172200
0.491514
0.185124
0.382655
0.464562
0.120521
0.408054
0.623896
0.056721
0.154145
0.074612
0.188985
0.316632
0.350816
0.145750
0.196932
0.196057
0.411523
0.264576
0.311539
0.146526
0.310962
0.348565
0.447249
0.173581
0.171041
0.539944
0.077240
0.281741
0.546174
0.375428
0.009402
0.270064
0.346876
0.169031
0.162835
0.328980
0.062285
0.162348
0.286546
0.128796
0.186896
0.030075
0.197263
0.508849
0.190136
0.015389
0.207257
0.237596
0.174455
0.166305
0.354896
0.163008
0.278249
0.186100
0.429925
0.153145
0.328575
0.338667
0.044556
0.271035
0.075138
0.277156
0.464110
0.493172
0.540631
0.169694
0.215440
0.016717
0.411561
0.215561
0.221717
0.024073
0.494556
0.452723
0.431566
0.129745
0.370133
0.105493
0.173441
0.173653
0.364935
0.231703
0.268474
0.221163
0.459381
0.089330
0.037367
0.175540
0.007239
0.054456
0.174093
0.224814
0.233657
0.140957
0.031136
0.036479
0.449510
0.496883
0.383733
0.389757
0.333030
0.535417
0.086008
0.250814
0.186495
0.016691
0.351735
0.037848
0.094773
0.259166
0.124787
0.168304
0.314480
0.031839
0.503875
0.263390
0.099792
0.370192
0.486776
0.237507
0.288413
0.212620
0.312612
0.252023
0.126218
0.122687
0.349335
0.154881
0.111212
0.169484
0.240950
0.228292
0.297499
0.386500
0.094890
0.500985
0.251903
0.100618
0.062638
0.565469
0.434878
0.016865
0.550591
0.237933
0.293535
0.007305
0.266346
0.270378
0.233778
0.372128
0.011582
0.358668
0.491140
0.286098
0.215560
0.029373
0.372367
0.014737
0.131913
0.044406
0.026193
0.366515
0.032801
0.442293
0.370373
0.116218
0.053188
0.068011
0.510240
0.331972
0.598982
0.628401
0.545840
0.116662
0.233212
0.073198
0.414951
0.064579
0.596050
0.503257
0.123217
0.144206
0.395203
0.236412
0.260081
0.228613
0.046463
0.055653
0.024765
0.032933
0.186466
0.134915
0.144544
0.087999
0.432190
0.541102
0.605405
0.500124
0.100629
0.248973
0.359694
0.438433
0.052443
0.207076
0.387543
0.086051
0.293368
0.345678
0.403658
0.291166
0.103568
0.339160
0.164216
0.088430
0.422991
0.561328
0.177838
0.406887
0.552593
0.090035
0.073251
0.510442
0.079040
0.256103
0.296041
0.249696
0.093627
0.000356
0.116935
0.214632
0.456382
0.364831
0.114520
0.289310
0.420008
0.185275
0.318174
0.104100
0.033313
0.268637
0.364660
0.114390
0.541211
0.363806
0.139364
0.198721
0.274038
0.393329
0.202896
0.267986
0.358138
0.434781
0.190899
0.081379
0.294977
0.600537
0.343091
0.322434
0.084242
0.136879
0.315882
0.470741
0.218896
0.144363
0.479886
0.322715
0.340297
0.196524
0.099067
0.180687
0.652530
0.537215
0.097020
0.071295
0.274622
0.126412
0.573203
0.078262
0.102211
0.453293
0.017366
0.491997
0.045136
0.242097
0.175036
0.481713
0.499718
0.503881
0.154009
0.440731
0.065611
0.175273
0.027153
0.370380
0.346173
0.435632
0.411432
0.070040
0.175568
0.214215
0.089585
0.527005
0.066003
0.320169
0.301012
0.265957
0.153937
0.230916
0.485224
0.538741
0.583492
0.160646
0.249904
0.432446
0.099505
0.327997
0.160831
0.508791
0.077732
0.067787
0.463952
0.017395
0.063838
0.025699
0.456346
0.234912
0.187461
0.229590
0.060693
0.148753
0.152429
0.218337
0.472105
0.143330
0.272695
0.060540
0.249032
0.166648
0.303099
0.532048
0.370709
0.533182
0.350896
0.400729
0.332383
0.266824
0.414878
0.245950
0.173812
0.335679
0.025618
0.238057
0.109191
0.141993
0.287967
0.016164
0.176993
0.114793
0.112323
0.363904
0.387547
0.288590
0.097968
0.282046
0.085874
0.299257
0.005723
0.308832
0.340316
0.400733
0.458838
0.003255
0.311394
0.225500
0.204005
0.355772
0.397513
0.085917
0.503886
0.381725
0.619556
0.432586
0.001571
0.190452
0.441902
0.306598
0.231719
0.079871
0.260009
0.686399
0.005777
0.213431
0.350973
0.067977
0.089592
0.001162
0.309971
0.176536
0.298987
0.004833
0.579614
0.350509
0.165416
0.443288
0.265841
0.295112
0.424169
0.277733
0.101658
0.145644
0.217566
0.220031
0.360138
0.002247
0.342661
0.341565
0.698257
0.026132
0.415567
0.415320
0.370270
0.174701
0.101780
0.331325
0.358658
0.243861
0.019748
0.119574
0.450712
0.156732
0.354718
0.315107
0.207729
0.547174
0.088926
0.538901
0.333867
0.462368
0.220681
0.316617
0.037777
0.035072
0.203889
0.418417
0.223456
0.291442
0.167545
0.330798
0.075710
0.126082
0.131369
0.371849
0.083499
0.173838
0.229465
0.299078
0.397294
0.119359
0.389353
0.682022
0.160671
0.354051
0.301629
0.266608
0.019411
0.378707
0.032434
0.002101
0.122222
0.228778
0.050114
0.150919
0.296759
0.183340
0.500466
0.130612
0.315472
0.109526
0.012017
0.601870
0.470443
0.209530
0.293806
0.114575
0.110084
0.520150
0.264307
0.215359
0.402211
0.242399
0.145522
0.677436
0.295462
0.462622
0.146801
0.587734
0.336882
0.402254
0.276996
0.068560
0.362010
0.216369
0.469466
0.580297
0.124806
0.142800
0.111028
0.406412
0.170857
0.150414
0.239296
0.011017
0.342980
0.325042
0.211609
0.005259
0.201864
0.273561
0.186866
0.034308
0.414009
0.404002
0.183228
0.247270
0.007668
0.223542
0.329661
0.043809
0.195700
0.170134
0.174239
0.045330
0.268358
0.411686
0.025561
0.532334
0.094506
0.131075
0.513614
0.032763
0.098910
0.385789
0.294523
0.197402
0.114160
0.284505
0.415739
0.008859
0.310003
0.261858
0.399453
0.109550
0.263283
0.147142
0.175847
0.176140
0.269978
0.000350
0.202631
0.611584
0.167918
0.704811
0.322694
0.446458
0.006558
0.211747
0.367245
0.290341
0.447869
0.674021
0.188559
0.336963
0.047157
0.138379
0.370385
0.006325
0.133107
0.317802
0.000941
0.139736
0.316718
0.396116
0.028366
0.085221
0.019108
0.227861
0.380048
0.055607
0.129841
0.324202
0.589474
0.151611
0.104221
0.008878
0.543028
0.230859
0.174734
0.293539
0.099907
0.309978
0.254188
0.259157
0.161917
0.449486
0.164085
0.587213
0.179170
0.048890
0.399241
0.584705
0.175373
0.360125
0.025796
0.336871
0.352170
0.220976
0.030635
0.199655
0.139717
0.381298
0.172785
0.254044
0.276046
0.096664
0.236513
0.328839
0.392016
0.001562
0.435794
0.223459
0.014894
0.108733
0.258398
0.072597
0.112629
0.321401
0.161386
0.564084
0.208774
0.041552
0.054663
0.556960
0.060182
0.431572
0.071760
0.189923
0.169046
0.049252
0.121511
0.126738
0.546829
0.409288
0.383259
0.289498
0.000509
0.085700
0.236744
0.303206
0.012698
0.014932
0.296497
0.064541
0.091251
0.069377
0.053295
0.384083
0.306313
0.115744
0.324272
0.091600
0.179745
0.239082
0.254463
0.261716
0.350276
0.081727
0.475118
0.189461
0.314412
0.199366
0.117683
0.128812
0.043075
0.256393
0.150225
0.076186
0.011268
0.069759
0.225785
0.007668
0.385003
0.059454
0.310964
0.206377
0.211229
0.465337
0.237594
0.627352
0.310142
0.183760
0.354533
0.091862
0.068598
0.106603
0.059940
0.177609
0.177043
0.412757
0.309515
0.104044
0.164815
0.321081
0.265359
0.386994
0.365296
0.029511
0.405595
0.034282
0.050241
0.320869
0.166085
0.424848
0.288531
0.517501
0.401728
0.592319
0.438135
0.236685
0.215276
0.222745
0.288265
0.007214
0.217267
0.157904
0.044936
0.307225
0.232153
0.455300
0.219874
0.234151
0.181842
0.139931
0.086710
0.117101
0.544768
0.424540
0.107522
0.160691
0.306101
0.348818
0.052769
0.127198
0.139502
0.007635
0.263997
0.193532
0.243753
0.345627
0.281637
0.283330
0.324304
0.318507
0.245104
0.061136
0.037046
0.337894
0.309015
0.168870
0.224807
0.262792
0.139317
0.189231
0.377446
0.194756
0.382753
0.067082
0.260106
0.260459
0.176409
0.348744
0.379090
0.056456
0.199880
0.290122
0.093071
0.039737
0.347160
0.033630
0.120848
0.331533
0.374257
0.440273
0.514059
0.033120
0.128096
0.268895
0.242563
0.296639
0.140102
0.023983
0.140870
0.302891
0.120552
0.117870
0.348519
0.155480
0.292537
0.425319
0.116224
0.091697
0.224902
0.125046
0.407249
0.243673
0.113450
0.110801
0.310888
0.207602
0.047599
0.334399
0.172180
0.020641
0.253765
0.164672
0.342536
0.238682
0.082667
0.203128
0.369911
0.300561
0.247524
0.032602
0.169600
0.222322
0.075526
0.068122
0.097411
0.125293
0.245005
0.175014
0.148529
0.204614
0.331546
0.018163
0.229475
0.175120
0.253215
0.390410
0.222711
0.686143
0.149859
0.108802
0.404544
0.237125
0.147811
0.511566
0.203327
0.202654
0.201534
0.043730
0.390984
0.181716
0.063883
0.205216
0.174557
0.268474
0.259036
0.075735
0.452778
0.123571
0.048721
0.400274
0.060218
0.431199
0.098684
0.026153
0.507215
0.250414
0.338684
0.274137
0.158664
0.362472
0.170476
0.148339
0.327050
0.081250
0.051421
0.218265
0.249846
0.277798
0.106552
0.431516
0.403742
0.038540
0.166205
0.172416
0.071903
0.443233
0.325046
0.343287
0.232338
0.242145
0.156791
0.169167
0.197537
0.270086
0.087716
0.384189
0.020368
0.372561
0.001632
0.119219
0.129198
0.227736
0.362671
0.207853
0.307354
0.145148
0.234993
0.234320
0.101614
0.132347
0.037126
0.113472
0.408734
0.021411
0.019849
0.132419
0.507189
0.317041
0.078175
0.094635
0.081231
0.410110
0.243885
0.123354
0.303877
0.197447
0.308589
0.036761
0.361816
0.229890
0.130936
0.228426
0.372479
0.026702
0.125308
0.200273
0.195767
0.255578
0.213827
0.279544
0.357009
0.189786
0.048445
0.152422
0.022137
0.009114
0.135432
0.154561
0.274668
0.237808
0.403575
0.048813
0.043030
0.376926
0.116100
0.020788
0.136039
0.521835
0.166248
0.381552
0.097227
0.466112
0.080537
0.287004
0.131075
0.177768
0.077999
0.095464
0.686253
0.323378
0.168342
0.481675
0.304583
0.297249
0.394999
0.253994
0.403259
0.401452
0.104345
0.154430
0.236395
0.151715
0.447986
0.255446
0.037627
0.090235
0.289140
0.156324
0.005128
0.153452
0.090020
0.121842
0.035186
0.397782
0.338951
0.017449
0.099123
0.138940
0.544399
0.229757
0.388479
0.038466
0.004307
0.107190
0.167504
0.356065
0.080945
0.058057
0.096876
0.181966
0.342575
0.101872
0.280500
0.458794
0.073902
0.022524
0.085016
0.404963
0.438119
0.267905
0.661527
0.691740
0.005611
0.045328
0.230885
0.350609
0.053334
0.431923
0.206077
0.279037
0.108643
0.038461
0.041353
0.006607
0.134285
0.026129
0.168984
0.405660
0.010195
0.073128
0.167241
0.288781
0.260527
0.181978
0.188505
0.204928
0.412131
0.212318
0.602675
0.199780
0.398630
0.031686
0.170140
0.146800
0.211972
0.243492
0.356136
0.006728
0.376062
0.405634
0.077470
0.142362
0.376475
0.385304
0.300467
0.198576
0.227559
0.066010
0.063383
0.162130
0.089121
0.092015
0.120755
0.197355
0.128423
0.169462
0.349789
0.089200
0.171968
0.307451
0.115090
0.030298
0.095775
0.064564
0.343138
0.122495
0.543568
0.286549
0.020997
0.309789
0.222913
0.476651
0.347527
0.171752
0.146103
0.237261
0.248307
0.224236
0.125346
0.014510
0.150942
0.280601
0.242555
0.153537
0.243054
0.009554
0.165266
0.100376
0.073511
0.068889
0.019776
0.221456
0.377202
0.030233
0.349261
0.230844
0.135397
0.279628
0.143783
0.426616
0.173442
0.267520
0.031618
0.236838
0.106327
0.078412
0.369883
0.078100
0.075006
0.334533
0.289136
0.030524
0.380430
0.208297
0.499896
0.198703
0.012908
0.219008
0.236759
0.058816
0.251824
0.306678
0.591522
0.061677
0.318396
0.021240
0.244943
0.347696
0.220185
0.137243
0.153358
0.523281
0.279416
0.251497
0.113803
0.021064
0.316864
0.017824
0.203060
0.552042
0.242180
0.159721
0.399944
0.112144
0.337469
0.286059
0.021891
0.417759
0.199536
0.238828
0.059944
0.020136
0.474957
0.117517
0.275018
0.319497
0.161866
0.571174
0.386139
0.016310
0.332255
0.277478
0.136439
0.061782
0.506421
0.198098
0.426643
0.093188
0.274542
0.348269
0.169709
0.427642
0.305951
0.010745
0.385800
0.016311
0.526961
0.029761
0.407208
0.586567
0.000202
0.240444
0.325492
0.285690
0.203495
0.168109
0.270841
0.649822
0.112012
0.245932
0.017757
0.267982
0.415765
0.371605
0.079729
0.143943
0.534962
0.401144
0.049495
0.288532
0.594427
0.289344
0.559517
0.414790
0.000944
0.521560
0.046812
0.401948
0.113050
0.093296
0.050257
0.208478
0.155386
0.380708
0.406233
0.061358
0.137956
0.152045
0.070439
0.286341
0.132447
0.125752
0.129846
0.275635
0.123120
0.264953
0.271749
0.175753
0.348567
0.086504
0.005329
0.199156
0.151607
0.404328
0.312721
0.009327
0.372413
0.131770
0.392597
0.217954
0.484015
0.501121
0.092208
0.152228
0.057636
0.007921
0.260306
0.314225
0.082531
0.297004
0.297750
0.312140
0.110961
0.284195
0.313042
0.311507
0.103555
0.315124
0.072192
0.087537
0.025735
0.309419
0.120657
0.050253
0.168358
0.232177
0.198049
0.169018
0.018424
0.044305
0.101272
0.021431
0.561126
0.297875
0.037193
0.200003
0.273335
0.256631
0.061384
0.318727
0.159153
0.497170
0.097773
0.116154
0.212909
0.330413
0.204066
0.009273
0.034712
0.157023
0.494421
0.535244
0.294370
0.052891
0.210171
0.223450
0.381246
0.285682
0.329880
0.378413
0.095807
0.409524
0.255643
0.167583
0.203178
0.321059
0.130804
0.108437
0.459542
0.068533
0.462870
0.037827
0.059604
0.354931
0.016855
0.151702
0.310511
0.166583
0.627061
0.046340
0.011384
0.091108
0.097310
0.068802
0.082193
0.091856
0.234228
0.451676
0.159712
0.445119
0.100712
0.308249
0.215844
0.129903
0.357523
0.235499
0.406834
0.266256
0.146898
0.280835
0.126639
0.371289
0.272752
0.050492
0.015655
0.020879
0.388200
0.136525
0.589084
0.305474
0.229467
0.205219
0.164549
0.002227
0.439875
0.117840
0.128221
0.454254
0.133617
0.158090
0.333695
0.081658
0.093264
0.460389
0.308721
0.020602
0.067141
0.189958
0.447672
0.576690
0.050411
0.099353
0.494415
0.091315
0.608094
0.572835
0.004698
0.383707
0.001876
0.211425
0.233383
0.324864
0.123347
0.187107
0.021009
0.021819
0.430720
0.029456
0.396866
0.317212
0.056836
0.173748
0.130131
0.104613
0.161649
0.080959
0.033636
0.265601
0.245061
0.248546
0.143295
0.162766
0.063845
0.107577
0.156224
0.038271
0.041971
0.220176
0.237341
0.451112
0.124386
0.187912
0.005419
0.217290
0.346856
0.350611
0.053116
0.347428
0.123325
0.068549
0.418768
0.397140
0.177187
0.178605
0.251305
0.075992
0.133497
0.359889
0.032070
0.201507
0.089365
0.219718
0.273356
0.114520
0.430260
0.067243
0.087329
0.290573
0.218969
0.090225
0.220974
0.204319
0.206684
0.238276
0.151771
0.000204
0.212738
0.196975
0.196846
0.403309
0.159063
0.268601
0.075790
0.102988
0.489079
0.131425
0.351843
0.026509
0.413517
0.005383
0.168743
0.437270
0.354236
0.068876
0.070564
0.060553
0.168709
0.074912
0.002431
0.233888
0.150449
0.117833
0.184442
0.228004
0.082155
0.387816
0.113356
0.073469
0.265645
0.373361
0.179414
0.198491
0.396725
0.201675
0.234570
0.069493
0.417678
0.154869
0.452461
0.128598
0.217806
0.240179
0.280918
0.246054
0.271186
0.294579
0.211427
0.123106
0.039273
0.122435
0.086391
0.220550
0.140349
0.383968
0.262239
0.298726
0.231968
0.297295
0.031937
0.465535
0.273619
0.019224
0.100195
0.156230
0.251866
0.392574
0.486586
0.298831
0.578854
0.132229
0.079759
0.199031
0.447655
0.522528
0.066520
0.164558
0.094115
0.165003
0.216676
0.106394
0.068927
0.113655
0.194937
0.248670
0.034812
0.259159
0.337888
0.158247
0.023783
0.149990
0.015998
0.148135
0.078178
0.391971
0.487553
0.343845
0.065141
0.305019
0.082244
0.452844
0.162525
0.073968
0.142240
0.128172
0.170846
0.084305
0.408918
0.134856
0.255646
0.349283
0.474639
0.012559
0.003286
0.412676
0.188460
0.186008
0.333222
0.319437
0.042613
0.102451
0.103643
0.154218
0.411903
0.224312
0.020265
0.173497
0.360889
0.366450
0.145335
0.179249
0.100495
0.317893
0.005456
0.031028
0.247693
0.051139
0.098749
0.141279
0.121900
0.006355
0.208861
0.079743
0.150894
0.444032
0.099340
0.368629
0.142751
0.031660
0.388434
0.084833
0.196753
0.248747
0.001786
0.593792
0.209577
0.553644
0.467964
0.254306
0.092967
0.272239
0.651462
0.132556
0.357468
0.003392
0.132887
0.192005
0.283260
0.261432
0.093802
0.048038
0.309348
0.193648
0.000334
0.274214
0.255124
0.285689
0.242305
0.282424
0.123426
0.088853
0.229498
0.158802
0.077245
0.056101
0.065794
0.469771
0.348600
0.231650
0.197967
0.292478
0.327681
0.529868
0.276939
0.569466
0.109545
0.421261
0.321268
0.044295
0.347666
0.372722
0.254891
0.028318
0.179499
0.181903
0.362428
0.085054
0.175105
0.337554
0.096571
0.277970
0.200611
0.484231
0.385640
0.111315
0.301000
0.362916
0.159033
0.052313
0.196112
0.074962
0.175163
0.111069
0.118922
0.397203
0.098541
0.235774
0.397750
0.053362
0.033491
0.406427
0.203844
0.113656
0.234229
0.076729
0.316539
0.137718
0.398780
0.138058
0.300330
0.177775
0.088264
0.366336
0.342364
0.187732
0.135982
0.488541
0.117163
0.151872
0.050354
0.032130
0.298500
0.398110
0.162672
0.190742
0.303209
0.105785
0.309436
0.235438
0.141030
0.050003
0.243088
0.076795
0.175551
0.122818
0.128523
0.311081
0.117152
0.428874
0.403670
0.174699
0.114803
0.282120
0.451612
0.241771
0.338747
0.300546
0.328128
0.189870
0.049286
0.067617
0.423641
0.247895
0.106906
0.161458
0.397439
0.396606
0.023068
0.014050
0.048603
0.274678
0.000487
0.478260
0.029578
0.028730
0.180608
0.103307
0.095785
0.260978
0.186453
0.002275
0.370345
0.030118
0.018044
0.144507
0.019014
0.079964
0.427047
0.001673
0.210919
0.293883
0.157011
0.117917
0.265914
0.430267
0.091226
0.112741
0.326447
0.260836
0.102074
0.114481
0.023294
0.200066
0.357431
0.089763
0.115852
0.147082
0.165369
0.164739
0.013004
0.423519
0.186139
0.255310
0.077097
0.020010
0.029068
0.359672
0.449128
0.046426
0.133840
0.012450
0.204268
0.044411
0.099803
0.085741
0.277857
0.227160
0.211191
0.108059
0.273329
0.027330
0.127893
0.124283
0.287666
0.139500
0.294212
0.081295
0.017623
0.066128
0.249429
0.126096
0.081367
0.165278
0.020176
0.070402
0.466340
0.077832
0.204638
0.105519
0.180685
0.229237
0.397017
0.368987
0.045477
0.438568
0.042861
0.069531
0.004668
0.068445
0.280540
0.081346
0.194229
0.069677
0.058365
0.277656
0.658891
0.008104
0.147080
0.259881
0.028177
0.177246
0.276934
0.162008
0.326408
0.222746
0.519041
0.384495
0.017796
0.411587
0.204400
0.042536
0.153863
0.300830
0.054237
0.250733
0.074524
0.147610
0.027202
0.377701
0.433237
0.128197
0.091476
0.114202
0.148423
0.270002
0.284623
0.200648
0.353429
0.356737
0.284377
0.256894
0.366810
0.021542
0.400164
0.281808
0.356105
0.186150
0.451003
0.446024
0.273689
0.228854
0.338725
0.076683
0.076705
0.257281
0.169904
0.020256
0.086771
0.260338
0.111900
0.069023
0.475522
0.166538
0.007334
0.319574
0.307703
0.411501
0.045007
0.031787
0.206253
0.432610
0.589739
0.229900
0.171121
0.368397
0.113911
0.072191
0.319216
0.080859
0.057315
0.023257
0.624834
0.347340
0.071878
0.286800
0.042771
0.395985
0.031108
0.084442
0.123538
0.338884
0.092064
0.350078
0.211711
0.036268
0.018845
0.057477
0.286517
0.590885
0.623147
0.139316
0.140275
0.200126
0.282736
0.145267
0.180149
0.412609
0.049487
0.115361
0.412198
0.275966
0.030161
0.016457
0.017813
0.096080
0.450547
0.106790
0.307400
0.046790
0.595397
0.144054
0.236794
0.392834
0.243772
0.006964
0.323577
0.008731
0.077968
0.005687
0.225179
0.113086
0.290478
0.257127
0.057287
0.168223
0.171261
0.019532
0.293530
0.068025
0.253421
0.178156
0.296773
0.230647
0.188156
0.012198
0.105023
0.397806
0.338554
0.285104
0.097507
0.266456
0.334545
0.256504
0.116776
0.080305
0.010547
0.094868
0.221887
0.188342
0.008361
0.013353
0.165448
0.279038
0.077862
0.075013
0.182628
0.105870
0.016882
0.191714
0.147917
0.132343
0.260619
0.010790
0.444464
0.137012
0.414727
0.298318
0.305498
0.366902
0.182515
0.165888
0.265326
0.255549
0.370515
0.376958
0.029162
0.239604
0.035431
0.183014
0.094777
0.231212
0.192910
0.318424
0.177860
0.224508
0.469838
0.113253
0.547920
0.075213
0.414065
0.038300
0.147427
0.186898
0.107340
0.034662
0.281522
0.042664
0.023786
0.204365
0.082730
0.399917
0.189700
0.268238
0.140787
0.118235
0.375890
0.653880
0.204024
0.546242
0.125593
0.421986
0.186097
0.166269
0.194543
0.004270
0.179586
0.379258
0.079157
0.129922
0.121400
0.069622
0.449675
0.153825
0.146733
0.256360
0.301942
0.254897
0.546254
0.085666
0.082397
0.306888
0.138241
0.169285
0.321916
0.010141
0.296560
0.051029
0.110212
0.228611
0.023960
0.088604
0.299386
0.250799
0.130362
0.292184
0.256598
0.108817
0.340511
0.561308
0.445513
0.022800
0.093325
0.050045
0.088540
0.054810
0.106775
0.285552
0.305702
0.067573
0.004993
0.323466
0.344491
0.206123
0.200991
0.186283
0.127671
0.159729
0.140140
0.172817
0.189634
0.153439
0.168286
0.377249
0.429833
0.157891
0.170757
0.091654
0.334892
0.051260
0.528570
0.536525
0.504715
0.024136
0.028982
0.192192
0.346634
0.149878
0.164241
0.291024
0.040650
0.058129
0.396492
0.054497
0.044110
0.023162
0.090689
0.225748
0.270784
0.114585
0.361279
0.134800
0.149042
0.209669
0.383701
0.432825
0.113568
0.293296
0.183544
0.461301
0.221963
0.405500
0.481923
0.063217
0.561053
0.040815
0.104227
0.164104
0.191343
0.334031
0.106542
0.024617
0.174931
0.111183
0.285804
0.376617
0.020421
0.099595
0.179836
0.409162
0.060990
0.235170
0.152375
0.034087
0.514197
0.146335
0.084068
0.009076
0.256635
0.099861
0.412025
0.441320
0.116626
0.426082
0.154412
0.215795
0.338900
0.014464
0.061347
0.332642
0.297353
0.282348
0.363570
0.087402
0.061248
0.326552
0.206175
0.304254
0.098690
0.395069
0.292125
0.495390
0.213288
0.088469
0.392832
0.306654
0.618815
0.028580
0.065423
0.166489
0.041272
0.237080
0.369857
0.090731
0.216619
0.161369
0.409734
0.109149
0.077000
0.212344
0.245564
0.425368
0.225811
0.282354
0.143326
0.407119
0.540870
0.252771
0.134033
0.105162
0.004201
0.224023
0.019283
0.173762
0.016611
0.192055
0.075640
0.520857
0.055383
0.582986
0.063983
0.368836
0.149740
0.204923
0.016333
0.358368
0.544356
0.032783
0.364954
0.337758
0.005848
0.376728
0.304424
0.166631
0.064461
0.025165
0.273087
0.102931
0.370820
0.253594
0.466958
0.194307
0.114433
0.061784
0.217308
0.069966
0.047667
0.334188
0.317922
0.268354
0.346614
0.333578
0.146345
0.017405
0.415667
0.498034
0.268964
0.330168
0.098570
0.195582
0.248371
0.164232
0.371430
0.110235
0.373626
0.233933
0.421034
0.279194
0.136600
0.326289
0.059932
0.130819
0.373424
0.488216
0.178140
0.006804
0.646435
0.014059
0.061969
0.420351
0.054150
0.232570
0.145567
0.042778
0.393714
0.053423
0.178742
0.146903
0.128508
0.056727
0.281868
0.165113
0.227299
0.565104
0.060080
0.041319
0.117505
0.108872
0.063348
0.124791
0.457948
0.098971
0.003315
0.411184
0.158620
0.258438
0.014438
0.136310
0.343656
0.250628
0.444570
0.288056
0.064201
0.035087
0.311939
0.383936
0.035704
0.156051
0.046142
0.494008
0.046783
0.285881
0.292845
0.255785
0.046397
0.348733
0.320000
0.033798
0.279417
0.118827
0.546877
0.438017
0.437816
0.185348
0.390063
0.277728
0.240307
0.144036
0.079944
0.116217
0.010497
0.135193
0.265839
0.221246
0.361367
0.092858
0.396681
0.244476
0.160526
0.189553
0.295501
0.035257
0.110016
0.136101
0.398196
0.313217
0.126922
0.286182
0.232933
0.283519
0.472501
0.201880
0.191985
0.304805
0.117762
0.390590
0.290932
0.673138
0.155257
0.161733
0.059536
0.200733
0.197186
0.247824
0.163573
0.351887
0.160129
0.430189
0.223219
0.193211
0.050247
0.212573
0.189340
0.140092
0.080602
0.366727
0.360343
0.230714
0.003473
0.603244
0.090785
0.119912
0.219997
0.126676
0.181446
0.360162
0.225491
0.006614
0.021913
0.216088
0.049556
0.006556
0.082692
0.041819
0.151955
0.165551
0.253864
0.428570
0.115002
0.454407
0.360314
0.356748
0.262889
0.134989
0.073090
0.484142
0.024652
0.220499
0.194257
0.105678
0.040855
0.329012
0.110907
0.510700
0.205257
0.599915
0.395747
0.146262
0.297970
0.231369
0.292057
0.340976
0.175194
0.334809
0.043934
0.148451
0.035892
0.286801
0.435037
0.477316
0.140683
0.123817
0.461584
0.112651
0.313290
0.005925
0.136223
0.388766
0.059062
0.081551
0.142462
0.311806
0.096312
0.106603
0.037880
0.022868
0.184315
0.123242
0.095831
0.007354
0.350947
0.066754
0.317103
0.630168
0.332000
0.363584
0.164707
0.116525
0.285234
0.123409
0.224898
0.247998
0.071960
0.077496
0.249682
0.251450
0.115412
0.073872
0.347740
0.434282
0.335070
0.050974
0.214733
0.361010
0.220287
0.280520
0.175847
0.121892
0.112788
0.577364
0.059793
0.524266
0.224912
0.349598
0.220093
0.252578
0.220846
0.412856
0.199718
0.638773
0.048303
0.008242
0.168175
0.006194
0.055591
0.162223
0.064754
0.220646
0.185403
0.342329
0.234203
0.356402
0.133466
0.074583
0.139513
0.069437
0.275456
0.097796
0.218816
0.428225
0.337693
0.002929
0.054880
0.003547
0.140428
0.213802
0.122407
0.412325
0.381827
0.190636
0.213547
0.191846
0.293108
0.098897
0.101622
0.422824
0.180105
0.012512
0.017394
0.590008
0.138922
0.354265
0.026054
0.329856
0.318401
0.249426
0.168829
0.117437
0.202755
0.142251
0.087785
0.217719
0.303367
0.180916
0.027386
0.299369
0.277934
0.125612
0.163841
0.195674
0.087210
0.048148
0.399578
0.340559
0.193190
0.266277
0.182889
0.315319
0.107493
0.226525
0.136275
0.333127
0.119800
0.515678
0.134241
0.062536
0.165660
0.159011
0.140059
0.078512
0.532285
0.072408
0.070464
0.211448
0.002037
0.009387
0.057607
0.114091
0.041216
0.372156
0.001809
0.102597
0.044221
0.023609
0.089006
0.028304
0.133185
0.127417
0.115124
0.175283
0.007111
0.148980
0.154049
0.517695
0.195177
0.395403
0.368861
0.247244
0.264094
0.123722
0.331419
0.604595
0.021271
0.242070
0.164377
0.039415
0.222532
0.141894
0.313485
0.048836
0.534584
0.151175
0.442111
0.281365
0.123206
0.463463
0.026736
0.413207
0.218088
0.351990
0.528946
0.180675
0.261099
0.246646
0.013122
0.059671
0.128804
0.248308
0.174552
0.304808
0.210580
0.009921
0.082237
0.393557
0.107417
0.137944
0.386018
0.186157
0.062052
0.078646
0.169231
0.182610
0.003939
0.163444
0.213911
0.333891
0.469441
0.404841
0.004374
0.240632
0.275060
0.178190
0.354987
0.308587
0.244676
0.467097
0.042914
0.218480
0.095973
0.181229
0.224023
0.303489
0.126767
0.033775
0.451140
0.287963
0.061035
0.667120
0.015423
0.129593
0.119645
0.052948
0.435193
0.220428
0.078005
0.188160
0.312644
0.188732
0.240600
0.344864
0.308221
0.116543
0.221556
0.152174
0.006592
0.026945
0.072927
0.013898
0.436486
0.003257
0.288717
0.236103
0.292098
0.319398
0.354254
0.032650
0.220003
0.609175
0.342342
0.106004
0.339288
0.097993
0.308288
0.305932
0.353295
0.169316
0.493018
0.386234
0.339066
0.367917
0.222545
0.535267
0.515808
0.222375
0.070245
0.241983
0.305744
0.400849
0.041820
0.088916
0.431864
0.447356
0.008722
0.132662
0.409935
0.274368
0.450715
0.561938
0.159431
0.004422
0.210624
0.150220
0.317922
0.165243
0.248899
0.110179
0.402919
0.010741
0.041630
0.172651
0.023119
0.035342
0.374142
0.341834
0.007187
0.234311
0.110458
0.265030
0.421231
0.330582
0.279513
0.214615
0.174747
0.122514
0.079978
0.367293
0.230730
0.300408
0.157235
0.064669
0.099336
0.005835
0.140592
0.190357
0.479032
0.386253
0.267092
0.532653
0.111344
0.602687
0.221899
0.184500
0.299876
0.145933
0.094655
0.300154
0.326817
0.116172
0.146641
0.042368
0.267320
0.335591
0.139819
0.268719
0.125728
0.359056
0.253388
0.187853
0.050869
0.573554
0.418583
0.367381
0.417008
0.489026
0.264377
0.093740
0.347349
0.149179
0.027207
0.165401
0.127186
0.224231
0.050137
0.156462
0.308131
0.000983
0.142792
0.532464
0.335225
0.014195
0.216451
0.787740
0.210792
0.125656
0.075576
0.237262
0.249015
0.503144
0.534944
0.090946
0.332646
0.343725
0.582708
0.439285
0.187424
0.064297
0.127926
0.414904
0.231756
0.421215
0.274424
0.378499
0.093284
0.081766
0.354693
0.253856
0.159274
0.009518
0.138508
0.281665
0.158229
0.018507
0.182869
0.380337
0.248525
0.116591
0.070867
0.103749
0.320100
0.374738
0.280316
0.310183
0.378381
0.488093
0.159076
0.111495
0.350508
0.039463
0.154054
0.138073
0.050337
0.417861
0.277077
0.138266
0.227010
0.121334
0.012482
0.144487
0.065451
0.076087
0.525470
0.422832
0.181583
0.232058
0.232011
0.060213
0.316493
0.224180
0.366158
0.155596
0.012216
0.647484
0.465866
0.120550
0.310240
0.207671
0.459072
0.162447
0.184811
0.661206
0.083890
0.341689
0.028050
0.323220
0.099157
0.343066
0.315031
0.106556
0.136978
0.003743
0.458556
0.126723
0.272341
0.329170
0.319684
0.253491
0.173180
0.455587
0.465978
0.341134
0.110637
0.165158
0.425879
0.226743
0.391735
0.397707
0.235295
0.117090
0.087858
0.349665
0.058906
0.033493
0.412739
0.501041
0.156508
0.509020
0.086556
0.060319
0.438504
0.558443
0.434368
0.184132
0.304162
0.097733
0.563086
0.036129
0.148985
0.330723
0.093260
0.161797
0.340992
0.277973
0.036745
0.193925
0.365656
0.384744
0.235435
0.202663
0.109471
0.465271
0.479852
0.191914
0.565250
0.524932
0.099321
0.350370
0.442088
0.212636
0.026355
0.316611
0.214177
0.313946
0.050976
0.026950
0.202679
0.363429
0.006567
0.483173
0.036798
0.663131
0.039168
0.197978
0.289382
0.521767
0.512290
0.457629
0.079903
0.167190
0.399692
0.061740
0.585903
0.065706
0.470762
0.039105
0.004139
0.225362
0.199839
0.364496
0.114141
0.020628
0.409782
0.375561
0.041107
0.184484
0.104548
0.309750
0.380152
0.398700
0.426232
0.091217
0.084893
0.071812
0.276695
0.226950
0.130963
0.176868
0.052348
0.058691
0.437599
0.115101
0.127817
0.227430
0.341517
0.172730
0.153751
0.208357
0.201740
0.286209
0.455809
0.365180
0.335518
0.338163
0.033756
0.190142
0.468676
0.338355
0.224504
0.097331
0.494128
0.365282
0.117893
0.072727
0.009228
0.513228
0.559583
0.065510
0.105416
0.131064
0.217254
0.343254
0.081105
0.024785
0.225842
0.363786
0.237855
0.171737
0.224652
0.351207
0.108751
0.254582
0.339392
0.519142
0.342925
0.353029
0.139076
0.315959
0.252954
0.467224
0.137080
0.246983
0.455345
0.170571
0.382853
0.102782
0.385770
0.329634
0.530249
0.436262
0.024785
0.161815
0.147706
0.041771
0.001955
0.183584
0.564882
0.190402
0.177782
0.139430
0.269355
0.080163
0.351873
0.369779
0.209252
0.281250
0.180048
0.484727
0.303754
0.164261
0.282677
0.100036
0.224981
0.350031
0.363879
0.204302
0.380834
0.091427
0.548656
0.083634
0.112445
0.345083
0.187829
0.238367
0.507913
0.206189
0.600080
0.082424
0.093443
0.179354
0.186372
0.299015
0.357020
0.069158
0.487720
0.649065
0.139542
0.147076
0.235168
0.236948
0.535575
0.139170
0.492709
0.087898
0.320166
0.179859
0.458922
0.154708
0.500564
0.463914
0.248594
0.130386
0.212809
0.564414
0.080635
0.166127
0.058451
0.247062
0.009282
0.204263
0.060709
0.437655
0.159783
0.287209
0.149251
0.114888
0.265223
0.033885
0.077986
0.162785
0.436514
0.364163
0.010511
0.002859
0.499646
0.369547
0.458868
0.430517
0.091348
0.408012
0.183064
0.257753
0.025622
0.081406
0.040446
0.034555
0.250201
0.306916
0.405225
0.458269
0.046049
0.159865
0.177335
0.457611
0.027502
0.524358
0.128292
0.517664
0.066234
0.353401
0.084279
0.106975
0.661774
0.094950
0.296245
0.073929
0.017494
0.537168
0.432659
0.391090
0.491676
0.125425
0.319649
0.051200
0.200300
0.426876
0.375936
0.027151
0.010438
0.168149
0.168569
0.200434
0.156904
0.578804
0.074607
0.175336
0.002184
0.239976
0.446292
0.246896
0.204626
0.255504
0.202078
0.264087
0.061752
0.328244
0.099294
0.391132
0.360423
0.448956
0.135449
0.507361
0.115627
0.148928
0.063538
0.108570
0.424696
0.382299
0.191818
0.192098
0.597185
0.177900
0.291501
0.034710
0.113218
0.203013
0.156358
0.011087
0.416135
0.378637
0.026521
0.094577
0.129559
0.212718
0.672470
0.497409
0.210480
0.068289
0.251437
0.125922
0.027820
0.018754
0.233354
0.277631
0.035177
0.044566
0.142943
0.284201
0.210279
0.245871
0.003951
0.157566
0.245280
0.130700
0.335971
0.052563
0.389921
0.199040
0.297791
0.365905
0.030183
0.429039
0.597752
0.265430
0.234558
0.248867
0.176445
0.097942
0.157813
0.031003
0.485982
0.540118
0.100125
0.433733
0.003304
0.249602
0.174847
0.138735
0.413712
0.122680
0.394932
0.376886
0.144227
0.022796
0.289220
0.065862
0.390462
0.257107
0.064260
0.436559
0.254013
0.170593
0.468761
0.003424
0.163505
0.137313
0.076495
0.332101
0.244333
0.626773
0.088372
0.446017
0.011569
0.609803
0.129244
0.005551
0.019495
0.344547
0.492189
0.201717
0.325128
0.050407
0.399316
0.357289
0.039920
0.172885
0.189587
0.135232
0.535339
0.521829
0.220153
0.581295
0.203827
0.080765
0.132712
0.482486
0.094447
0.258980
0.173008
0.209044
0.199581
0.335974
0.259867
0.401560
0.337881
0.027700
0.163995
0.249862
0.290808
0.164760
0.053680
0.247005
0.409528
0.314181
0.084099
0.254136
0.361092
0.084874
0.366679
0.045018
0.004583
0.490411
0.273318
0.404962
0.543520
0.002685
0.124938
0.267115
0.182776
0.359955
0.167880
0.405036
0.059838
0.270705
0.544894
0.222849
0.010239
0.319628
0.359762
0.029502
0.022060
0.391250
0.217869
0.344978
0.000666
0.263887
0.246186
0.374588
0.361624
0.028659
0.467169
0.323950
0.277118
0.172666
0.332015
0.034542
0.086981
0.077438
0.371959
0.232831
0.408100
0.235763
0.057775
0.502958
0.054612
0.016300
0.245501
0.013132
0.430603
0.206601
0.241633
0.084292
0.487427
0.390481
0.177259
0.464804
0.074533
0.120470
0.356888
0.003123
0.229387
0.241202
0.078584
0.368303
0.543855
0.026311
0.113775
0.207136
0.039117
0.367185
0.499914
0.305367
0.511525
0.475085
0.083302
0.082786
0.488467
0.227097
0.420932
0.116151
0.549665
0.413789
0.399670
0.037323
0.201552
0.439525
0.181686
0.432493
0.362069
0.262963
0.117925
0.360748
0.353038
0.541142
0.109288
0.267699
0.225662
0.377888
0.278652
0.364102
0.120460
0.112087
0.018069
0.544843
0.440256
0.175878
0.098231
0.180668
0.341425
0.145705
0.204558
0.197211
0.607198
0.011156
0.086656
0.052869
0.238867
0.471196
0.188905
0.311318
0.209556
0.225002
0.247087
0.203636
0.224510
0.244304
0.321690
0.249473
0.025705
0.019587
0.323245
0.359156
0.073758
0.108276
0.307264
0.214007
0.215491
0.374718
0.426796
0.064344
0.233496
0.266096
0.100049
0.389525
0.104930
0.043157
0.312637
0.043244
0.400448
0.061616
0.263310
0.165127
0.293672
0.367291
0.449266
0.065049
0.136621
0.356408
0.043187
0.163855
0.294977
0.386608
0.232169
0.147991
0.161155
0.041767
0.392314
0.140365
0.016895
0.249666
0.502628
0.373665
0.554036
0.230364
0.102547
0.590810
0.081196
0.035111
0.020389
0.015681
0.167560
0.292199
0.064864
0.144038
0.197323
0.079083
0.162464
0.233839
0.335999
0.231581
0.131248
0.161688
0.424430
0.062358
0.434465
0.180394
0.099504
0.690499
0.074551
0.471909
0.227599
0.209272
0.303541
0.137595
0.544992
0.382818
0.733212
0.060781
0.296400
0.113138
0.375494
0.371525
0.010448
0.253227
0.439742
0.006752
0.230896
0.350314
0.193762
0.387426
0.073160
0.593266
0.511704
0.090890
0.027387
0.250806
0.275732
0.348224
0.018829
0.420565
0.293848
0.071659
0.121232
0.433038
0.258065
0.564360
0.201451
0.456382
0.041616
0.620503
0.551042
0.084369
0.094399
0.586995
0.627377
0.157598
0.257025
0.398393
0.196730
0.049026
0.212318
0.211423
0.092505
0.135067
0.267340
0.489092
0.675992
0.210888
0.432103
0.199232
0.158732
0.332974
0.283909
0.370034
0.159616
0.108669
0.012290
0.327144
0.370812
0.188869
0.126944
0.228069
0.266480
0.183410
0.242395
0.140677
0.379094
0.231382
0.229782
0.008152
0.603630
0.394555
0.513780
0.281402
0.055221
0.519998
0.410356
0.007796
0.236351
0.379379
0.147619
0.233532
0.027493
0.024800
0.416434
0.488883
0.023077
0.004574
0.119416
0.226657
0.031583
0.283152
0.395018
0.367740
0.404911
0.014856
0.030058
0.224942
0.433648
0.410394
0.063600
0.385820
0.583877
0.004132
0.520439
0.258238
0.445145
0.509182
0.529194
0.205620
0.205809
0.271658
0.137626
0.156464
0.464625
0.387207
0.035421
0.107886
0.353765
0.125447
0.154301
0.057741
0.181052
0.251631
0.286095
0.318275
0.421055
0.019852
0.142176
0.016331
0.273682
0.567754
0.131298
0.121095
0.289377
0.004792
0.115874
0.368242
0.344064
0.049383
0.535745
0.394220
0.052971
0.379743
0.016488
0.024456
0.428705
0.448077
0.127273
0.191934
0.242760
0.516323
0.193589
0.090867
0.004839
0.275817
0.319198
0.128875
0.062149
0.051722
0.068204
0.332201
0.127047
0.028744
0.239840
0.287224
0.017059
0.151662
0.337858
0.381301
0.488235
0.302008
0.284381
0.138317
0.640025
0.052606
0.092755
0.282964
0.236613
0.260389
0.088369
0.230673
0.104171
0.392954
0.214246
0.227497
0.422688
0.411719
0.017154
0.333764
0.027840
0.069886
0.082786
0.604996
0.193354
0.190236
0.072299
0.035333
0.345159
0.153634
0.233667
0.326649
0.029665
0.242569
0.365980
0.270798
0.143206
0.247089
0.491415
0.000834
0.149237
0.139721
0.574621
0.091648
0.042222
0.036820
0.067254
0.446188
0.590365
0.121438
0.021723
0.231495
0.051280
0.247496
0.324614
0.152988
0.120780
0.098509
0.574549
0.587088
0.172666
0.270613
0.090534
0.024007
0.111061
0.193300
0.120002
0.254762
0.171974
0.148946
0.054278
0.457863
0.047817
0.264735
0.163362
0.051978
0.179393
0.230393
0.155077
0.078728
0.220867
0.109919
0.576580
0.371203
0.446384
0.113044
0.421756
0.117433
0.239579
0.137842
0.279205
0.410876
0.119230
0.487075
0.119796
0.234728
0.189525
0.233004
0.479188
0.073613
0.199182
0.108231
0.304702
0.120604
0.357019
0.170649
0.302759
0.054639
0.272066
0.641163
0.451011
0.356800
0.085369
0.385982
0.372625
0.146039
0.601726
0.486372
0.227649
0.037324
0.315487
0.252778
0.203917
0.117095
0.798341
0.179379
0.040226
0.485876
0.136342
0.300222
0.107020
0.082285
0.157589
0.236789
0.292779
0.388235
0.304404
0.026804
0.170881
0.349280
0.112851
0.382112
0.158800
0.058222
0.123455
0.125124
0.212123
0.166929
0.174273
0.079681
0.196764
0.062333
0.727747
0.329841
0.233250
0.354985
0.188207
0.114497
0.359238
0.066751
0.507729
0.273859
0.469884
0.025310
0.144833
0.372967
0.060429
0.538358
0.077105
0.367866
0.195848
0.104380
0.254996
0.159272
0.172279
0.144195
0.073351
0.043534
0.083357
0.280019
0.259371
0.301839
0.201043
0.049775
0.263341
0.373975
0.138582
0.364341
0.223044
0.346534
0.089398
0.143038
0.168003
0.214835
0.288485
0.386257
0.030502
0.130645
0.174158
0.318676
0.254222
0.303412
0.113971
0.230808
0.076705
0.181786
0.263714
0.379827
0.046040
0.482158
0.282590
0.402261
0.011849
0.230829
0.311334
0.150609
0.058185
0.095206
0.388896
0.285653
0.557161
0.575916
0.143645
0.104633
0.011965
0.152347
0.137625
0.645442
0.280366
0.381646
0.166138
0.168769
0.006776
0.335460
0.101243
0.244621
0.025559
0.325519
0.452241
0.359902
0.675298
0.120083
0.478179
0.243038
0.322336
0.257159
0.380982
0.113505
0.453694
0.136639
0.156558
0.264988
0.151628
0.574148
0.186529
0.470018
0.343294
0.190402
0.194478
0.506326
0.011893
0.507894
0.041579
0.203886
0.316014
0.202822
0.039589
0.147705
0.125105
0.389473
0.204494
0.034985
0.327825
0.066235
0.410679
0.174115
0.122528
0.158142
0.358753
0.147621
0.497145
0.095323
0.147507
0.512026
0.146750
0.184655
0.189992
0.155038
0.377804
0.168327
0.094585
0.420899
0.336263
0.023704
0.171364
0.219242
0.202181
0.004998
0.154982
0.195958
0.656874
0.375137
0.237496
0.228125
0.085704
0.244414
0.159655
0.076804
0.122546
0.007542
0.424314
0.424589
0.152245
0.115966
0.161295
0.107910
0.176762
0.370362
0.014181
0.088107
0.273051
0.295950
0.136487
0.679967
0.197009
0.289155
0.665400
0.062332
0.516257
0.028518
0.093203
0.128349
0.303235
0.288900
0.313259
0.015910
0.420675
0.284280
0.248741
0.275068
0.359411
0.025056
0.168709
0.000091
0.416196
0.193038
0.290857
0.230060
0.271206
0.426733
0.506049
0.156584
0.545339
0.038702
0.028449
0.313495
0.140991
0.282177
0.346442
0.087286
0.234866
0.444146
0.129792
0.334331
0.540588
0.094028
0.579691
0.237932
0.048638
0.080500
0.070840
0.111559
0.041239
0.300422
0.271116
0.220575
0.401270
0.146368
0.210439
0.404998
0.179288
0.722560
0.091652
0.056310
0.201303
0.136734
0.628270
0.128198
0.215223
0.075767
0.380352
0.038313
0.411355
0.295037
0.368967
0.417324
0.216913
0.269932
0.371423
0.028958
0.123311
0.312549
0.349713
0.096291
0.182419
0.258304
0.084773
0.367330
0.004621
0.254036
0.242566
0.529408
0.072205
0.334487
0.172275
0.138638
0.417708
0.004165
0.580504
0.514916
0.072652
0.258268
0.417894
0.054369
0.397303
0.196084
0.027862
0.110513
0.364995
0.392659
0.045220
0.140253
0.191052
0.154062
0.424584
0.537193
0.267446
0.568654
0.182472
0.527638
0.037227
0.024381
0.114636
0.159128
0.045497
0.263708
0.346591
0.088447
0.290605
0.381771
0.034645
0.562708
0.031297
0.314850
0.168283
0.023802
0.443023
0.197359
0.416624
0.048244
0.409852
0.247073
0.078790
0.157539
0.309617
0.077040
0.227994
0.319854
0.262656
0.067462
0.215836
0.058137
0.335216
0.194426
0.090231
0.169883
0.287300
0.251064
0.161376
0.017199
0.613186
0.397739
0.291099
0.343176
0.489382
0.279297
0.202226
0.513260
0.242752
0.331475
0.278702
0.209850
0.343369
0.381666
0.337195
0.078836
0.507290
0.245575
0.376235
0.164354
0.064670
0.007920
0.201003
0.199898
0.242410
0.213293
0.066267
0.154316
0.792804
0.286975
0.025280
0.342155
0.021510
0.256904
0.305910
0.088360
0.387490
0.196392
0.198877
0.261857
0.345632
0.140388
0.321776
0.141552
0.394121
0.581938
0.043073
0.101698
0.302571
0.417988
0.086218
0.074032
0.387731
0.068038
0.139788
0.592255
0.241442
0.133642
0.262273
0.450543
0.251860
0.086283
0.311768
0.073629
0.201696
0.250664
0.148409
0.278751
0.309036
0.195173
0.043046
0.197111
0.099108
0.204698
0.322623
0.444268
0.020918
0.583445
0.313607
0.145867
0.126188
0.286823
0.204383
0.461880
0.552507
0.067056
0.417210
0.143324
0.222587
0.033467
0.275999
0.371854
0.179854
0.059161
0.151922
0.311838
0.364890
0.214453
0.052551
0.331923
0.015868
0.135014
0.591172
0.036133
0.244856
0.132604
0.389875
0.263194
0.072923
0.382863
0.035261
0.332470
0.331547
0.019970
0.496023
0.038610
0.238844
0.339830
0.772337
0.601345
0.295108
0.111052
0.094803
0.290887
0.268349
0.227355
0.140926
0.473390
0.030969
0.380515
0.210571
0.228082
0.429281
0.137231
0.469883
0.029833
0.189538
0.251529
0.362730
0.401914
0.276000
0.139600
0.164450
0.203708
0.280756
0.018662
0.297389
0.250643
0.421268
0.136162
0.058444
0.530748
0.020836
0.297581
0.024554
0.032542
0.011612
0.293733
0.239884
0.540351
0.100081
0.199876
0.301648
0.294132
0.195682
0.339391
0.030610
0.362659
0.433189
0.125902
0.119847
0.008676
0.116849
0.101513
0.471717
0.498060
0.219245
0.442893
0.716094
0.017997
0.615338
0.395639
0.233069
0.443723
0.246714
0.019261
0.037107
0.417421
0.135742
0.004614
0.456544
0.650126
0.129347
0.092818
0.513108
0.467211
0.302010
0.007675
0.290491
0.276421
0.210912
0.110155
0.072268
0.189717
0.047827
0.112927
0.070997
0.171267
0.111456
0.120376
0.125954
0.007024
0.462227
0.062766
0.557878
0.538145
0.356234
0.177140
0.155931
0.171940
0.018015
0.153376
0.004663
0.056921
0.228434
0.158709
0.345015
0.027749
0.380520
0.173992
0.313234
0.244094
0.199294
0.044611
0.276188
0.527355
0.270487
0.131712
0.319681
0.165577
0.122187
0.414501
0.167232
0.167803
0.409468
0.086494
0.472521
0.285812
0.175396
0.502767
0.218541
0.282661
0.327678
0.086842
0.166766
0.308114
0.070647
0.264092
0.080251
0.200816
0.461227
0.440897
0.629727
0.499598
0.413255
0.081495
0.417292
0.110672
0.068186
0.050012
0.063838
0.510489
0.238794
0.146475
0.296275
0.195026
0.259897
0.266451
0.068977
0.412201
0.424881
0.729229
0.062628
0.179243
0.289346
0.147110
0.222316
0.134949
0.112425
0.337416
0.349138
0.251647
0.160541
0.550094
0.020398
0.326348
0.401461
0.090950
0.362898
0.052553
0.499613
0.007320
0.329429
0.220183
0.267068
0.279097
0.194348
0.043947
0.053205
0.035603
0.224453
0.110680
0.010557
0.034666
0.363119
0.436118
0.105781
0.254367
0.435759
0.004063
0.458634
0.338121
0.196584
0.172324
0.277966
0.454100
0.225066
0.136456
0.334593
0.238946
0.048131
0.131520
0.365321
0.421947
0.339942
0.265831
0.027481
0.300657
0.078329
0.499825
0.117346
0.559540
0.161381
0.185315
0.241715
0.002458
0.041582
0.377246
0.086025
0.182020
0.099194
0.191802
0.290282
0.305132
0.199616
0.426556
0.100353
0.568543
0.138573
0.030412
0.058057
0.545619
0.412103
0.691018
0.073593
0.266692
0.048727
0.211225
0.334001
0.318276
0.401106
0.063069
0.338986
0.236753
0.479128
0.219979
0.171974
0.301522
0.287547
0.147163
0.184425
0.414700
0.508607
0.066165
0.288078
0.403385
0.092622
0.079286
0.409507
0.046271
0.418303
0.569875
0.300648
0.296935
0.169124
0.247493
0.086149
0.110948
0.288655
0.595090
0.104086
0.131236
0.132151
0.014472
0.289042
0.030844
0.095699
0.110657
0.328236
0.251147
0.039468
0.184732
0.225142
0.288719
0.323456
0.361776
0.500915
0.493881
0.106189
0.023362
0.045595
0.185938
0.120864
0.447377
0.310296
0.069294
0.426792
0.184492
0.040285
0.685668
0.141680
0.068300
0.430194
0.192481
0.373205
0.482320
0.180244
0.106865
0.356331
0.051324
0.060548
0.289525
0.275271
0.087846
0.124709
0.249754
0.190667
0.402254
0.021919
0.164372
0.507120
0.060543
0.363822
0.211959
0.300390
0.189982
0.279465
0.220756
0.393231
0.409132
0.591715
0.343440
0.414819
0.389835
0.408105
0.183175
0.488785
0.394779
0.506239
0.534184
0.394163
0.310629
0.080256
0.504137
0.325959
0.322355
0.096912
0.313643
0.320124
0.223522
0.057669
0.102116
0.567178
0.411106
0.106019
0.052603
0.409786
0.234786
0.428089
0.390226
0.315739
0.025800
0.270831
0.127371
0.127360
0.047291
0.395572
0.000045
0.280956
0.160021
0.297835
0.101407
0.152289
0.094785
0.355655
0.260651
0.325162
0.580613
0.150729
0.165078
0.297501
0.275079
0.232873
0.218589
0.316863
0.346880
0.142946
0.604285
0.220044
0.149483
0.153674
0.301966
0.389777
0.157123
0.034556
0.315005
0.397015
0.470963
0.352509
0.465133
0.129572
0.240168
0.365457
0.114446
0.102223
0.011945
0.146623
0.213119
0.466918
0.016724
0.084163
0.156812
0.178472
0.282247
0.228254
0.039695
0.096871
0.262069
0.194946
0.418623
0.301461
0.629888
0.677569
0.274707
0.580197
0.281714
0.430891
0.077885
0.027861
0.117562
0.205315
0.322528
0.057674
0.081920
0.015452
0.026647
0.278712
0.048520
0.251552
0.626424
0.357678
0.424636
0.297005
0.512121
0.014069
0.226902
0.144352
0.424910
0.358829
0.332134
0.498571
0.101402
0.307094
0.402646
0.714983
0.475048
0.284848
0.057041
0.216744
0.231136
0.159030
0.420689
0.289623
0.558402
0.070354
0.164597
0.218168
0.029737
0.119764
0.058224
0.191859
0.319464
0.219895
0.139391
0.438234
0.562090
0.226120
0.225876
0.022612
0.427406
0.210261
0.281218
0.304806
0.609517
0.451434
0.367424
0.177063
0.117046
0.238942
0.204683
0.015386
0.096701
0.156696
0.476537
0.201217
0.061770
0.100289
0.162513
0.158087
0.386760
0.018546
0.134489
0.487277
0.293760
0.047795
0.121568
0.448946
0.127458
0.562439
0.443326
0.441546
0.411225
0.226001
0.456049
0.390582
0.091828
0.464941
0.055824
0.719417
0.161658
0.239291
0.298990
0.196449
0.329065
0.145332
0.165986
0.086086
0.315757
0.268344
0.107132
0.179168
0.029145
0.075581
0.022540
0.427580
0.203567
0.105133
0.066252
0.134335
0.318657
0.393579
0.164938
0.062639
0.587056
0.300662
0.274222
0.236141
0.550698
0.267786
0.299576
0.081123
0.395145
0.314599
0.201806
0.482169
0.723512
0.108291
0.356103
0.020611
0.050048
0.560540
0.642456
0.160127
0.091936
0.356367
0.520125
0.689393
0.036123
0.226821
0.356267
0.072887
0.101538
0.324655
0.350385
0.404815
0.473015
0.330800
0.216235
0.094212
0.259368
0.178309
0.428620
0.333792
0.048443
0.230826
0.221809
0.111396
0.481229
0.415129
0.184323
0.019854
0.173517
0.121972
0.286695
0.073024
0.161993
0.232398
0.552312
0.003430
0.467449
0.322456
0.633196
0.061020
0.055059
0.417368
0.456937
0.525989
0.611834
0.311552
0.164208
0.380478
0.370999
0.313890
0.098495
0.380994
0.116857
0.061146
0.316578
0.131265
0.107912
0.112715
0.044650
0.300918
0.100201
0.237667
0.211461
0.149435
0.056831
0.348166
0.365773
0.441093
0.065886
0.002205
0.033999
0.227373
0.562462
0.236755
0.005662
0.042144
0.120148
0.515561
0.230441
0.044585
0.176634
0.458463
0.023469
0.144318
0.359917
0.181758
0.480575
0.256435
0.404851
0.469033
0.267896
0.031264
0.096876
0.419429
0.419807
0.115371
0.043844
0.554920
0.325030
0.217546
0.029252
0.043910
0.470062
0.584983
0.284786
0.194505
0.220673
0.333923
0.351972
0.043368
0.025116
0.260131
0.381840
0.033039
0.213022
0.120738
0.459092
0.211857
0.051036
0.243077
0.482913
0.327797
0.302839
0.339477
0.496117
0.282524
0.772021
0.046371
0.437360
0.603661
0.171739
0.432553
0.198923
0.321031
0.339367
0.368893
0.472063
0.047652
0.202601
0.242390
0.125259
0.258628
0.218043
0.147538
0.278844
0.039891
0.085041
0.427975
0.036335
0.273791
0.513758
0.169384
0.021448
0.041561
0.300502
0.446078
0.292576
0.202022
0.081167
0.322729
0.109673
0.389101
0.187116
0.301188
0.222339
0.559243
0.384454
0.009010
0.201936
0.117056
0.281860
0.585437
0.159367
0.401392
0.287062
0.011001
0.043278
0.194047
0.073243
0.262173
0.027770
0.437923
0.458352
0.187960
0.261891
0.116362
0.304431
0.414197
0.152260
0.270359
0.120082
0.228971
0.111115
0.541243
0.200043
0.527305
0.698320
0.027273
0.065380
0.019920
0.353269
0.230855
0.143917
0.263453
0.166549
0.112323
0.461007
0.276667
0.217494
0.233660
0.571894
0.246291
0.124056
0.202795
0.276724
0.219066
0.188649
0.277626
0.235054
0.144000
0.118599
0.184141
0.349880
0.227111
0.314015
0.085339
0.115767
0.151402
0.155729
0.001689
0.042513
0.003225
0.190125
0.460251
0.145344
0.185382
0.534433
0.106683
0.161737
0.409618
0.543981
0.039077
0.618666
0.271193
0.562769
0.161526
0.349206
0.014977
0.079632
0.583509
0.083209
0.493916
0.290906
0.187990
0.433637
0.436949
0.496607
0.430762
0.260886
0.190980
0.054715
0.214695
0.200149
0.616419
0.011312
0.155843
0.509925
0.196631
0.003620
0.275895
0.437618
0.084888
0.025630
0.146162
0.102016
0.443520
0.054286
0.145687
0.159076
0.352295
0.391666
0.136877
0.276697
0.004777
0.654551
0.460355
0.379165
0.133070
0.432134
0.464674
0.427659
0.115294
0.368606
0.157334
0.337674
0.184393
0.436126
0.421484
0.165720
0.523650
0.317457
0.305266
0.058162
0.164703
0.077487
0.471849
0.470801
0.085096
0.058100
0.165922
0.404664
0.390931
0.344587
0.090730
0.102700
0.568844
0.144702
0.370402
0.262577
0.170721
0.193827
0.079831
0.448870
0.265871
0.414359
0.402869
0.133918
0.055193
0.210123
0.070357
0.135752
0.154283
0.090308
0.593246
0.142415
0.351119
0.432241
0.122119
0.427881
0.376686
0.483106
0.417144
0.622552
0.200313
0.121898
0.161719
0.032052
0.503412
0.280012
0.013295
0.187868
0.070870
0.227593
0.091505
0.056392
0.236111
0.266808
0.298953
0.353290
0.379806
0.117561
0.287495
0.368719
0.474200
0.512234
0.043213
0.593241
0.264191
0.356457
0.297887
0.426677
0.248086
0.015799
0.025755
0.450721
0.182533
0.693788
0.245311
0.405308
0.143766
0.753183
0.239753
0.117184
0.015284
0.205722
0.350961
0.381853
0.545160
0.186099
0.363962
0.055751
0.026614
0.244182
0.005455
0.054701
0.069169
0.247562
0.185559
0.481884
0.290880
0.066121
0.031884
0.570454
0.149444
0.226195
0.426363
0.438608
0.019643
0.297737
0.123305
0.426105
0.351965
0.086506
0.338323
0.337485
0.406112
0.401611
0.037160
0.080468
0.301305
0.227247
0.213989
0.351751
0.314890
0.186258
0.515277
0.033974
0.064970
0.586545
0.197145
0.192260
0.733763
0.075812
0.130192
0.248881
0.058492
0.084426
0.252036
0.201587
0.209256
0.641441
0.378720
0.095132
0.172506
0.434665
0.353502
0.098481
0.129807
0.466404
0.562061
0.498672
0.153857
0.113905
0.039504
0.551713
0.172074
0.204913
0.733258
0.344272
0.407163
0.377500
0.298053
0.162977
0.239500
0.073193
0.294153
0.260529
0.538810
0.317884
0.235035
0.328260
0.031746
0.209801
0.361412
0.143207
0.294172
0.135154
0.003831
0.313990
0.126874
0.777278
0.377193
0.243994
0.004834
0.101556
0.578301
0.109973
0.272420
0.351534
0.195198
0.394483
0.353420
0.043435
0.087705
0.268424
0.143252
0.010103
0.525251
0.496558
0.479921
0.499997
0.173381
0.479830
0.434091
0.113770
0.475624
0.309158
0.313615
0.451514
0.344270
0.123833
0.160482
0.485553
0.090231
0.425754
0.496505
0.308614
0.283626
0.557570
0.447987
0.708609
0.059860
0.487364
0.310327
0.370087
0.361871
0.146295
0.089553
0.021485
0.101407
0.406401
0.501370
0.083514
0.345432
0.229471
0.155145
0.056550
0.065786
0.044796
0.349999
0.007082
0.164097
0.374103
0.115143
0.321278
0.156323
0.268210
0.263810
0.092241
0.595664
0.332534
0.411315
0.269084
0.274423
0.179754
0.062967
0.246459
0.240485
0.479524
0.063934
0.077197
0.583609
0.286320
0.222092
0.639089
0.428717
0.243947
0.396345
0.053828
0.033895
0.020617
0.051288
0.081055
0.394871
0.147907
0.436060
0.072008
0.063453
0.256751
0.090564
0.454001
0.396347
0.013301
0.047596
0.205572
0.221997
0.236223
0.150168
0.316292
0.492593
0.109378
0.142380
0.307625
0.258105
0.115953
0.073429
0.559152
0.358406
0.053779
0.666183
0.206615
0.246809
0.578194
0.032984
0.042905
0.147437
0.120242
0.245099
0.307587
0.291986
0.273756
0.070978
0.183360
0.185073
0.054349
0.486176
0.112565
0.106928
0.216813
0.385193
0.186630
0.376092
0.143812
0.145638
0.431049
0.248084
0.274717
0.026786
0.611321
0.420644
0.021000
0.199986
0.363252
0.482118
0.002906
0.179510
0.163236
0.437574
0.225361
0.242740
0.313890
0.432844
0.089269
0.509712
0.438472
0.029266
0.226854
0.104786
0.636244
0.632666
0.188845
0.375756
0.380578
0.223391
0.371591
0.162429
0.261332
0.308483
0.459175
0.054821
0.311147
0.124827
0.387687
0.146745
0.112629
0.044684
0.572899
0.583867
0.148246
0.038308
0.419143
0.559314
0.142343
0.578036
0.394287
0.045289
0.186441
0.174082
0.143253
0.116734
0.073145
0.074885
0.297874
0.565873
0.305008
0.419646
0.136021
0.180588
0.667280
0.416820
0.197224
0.313446
0.132857
0.051402
0.294475
0.191852
0.239264
0.091511
0.393374
0.531747
0.116393
0.184071
0.012040
0.291415
0.433836
0.040120
0.110897
0.554585
0.436847
0.284549
0.225267
0.155013
0.371943
0.268559
0.153331
0.308126
0.171954
0.109482
0.334825
0.333181
0.357875
0.323824
0.520191
0.151128
0.031396
0.102243
0.362571
0.247385
0.266138
0.656267
0.357188
0.391871
0.069947
0.064533
0.293870
0.480068
0.397013
0.052091
0.149418
0.515515
0.089666
0.521741
0.268694
0.209087
0.441391
0.441438
0.200776
0.223311
0.050424
0.323051
0.196658
0.260192
0.306487
0.171805
0.158844
0.217712
0.050313
0.268420
0.168869
0.260373
0.277552
0.346760
0.026827
0.537285
0.042776
0.332001
0.203762
0.192480
0.549797
0.159747
0.211044
0.243228
0.080537
0.030242
0.369628
0.500213
0.302163
0.410212
0.449731
0.000433
0.360246
0.031263
0.003367
0.423155
0.365429
0.008059
0.248205
0.133143
0.423082
0.005302
0.015560
0.200708
0.173118
0.148294
0.012118
0.001997
0.027710
0.138598
0.568325
0.244573
0.339682
0.199551
0.000169
0.151100
0.127075
0.603273
0.307822
0.323818
0.426902
0.274230
0.129106
0.559763
0.081276
0.214513
0.350230
0.154468
0.095636
0.125842
0.368939
0.411467
0.516435
0.206884
0.422904
0.519080
0.452740
0.143718
0.562953
0.005264
0.257606
0.209869
0.697392
0.129513
0.230304
0.109708
0.055187
0.314550
0.467475
0.449156
0.196579
0.216091
0.173942
0.205324
0.086682
0.246007
0.097610
0.656850
0.042972
0.381469
0.341871
0.579216
0.106967
0.110422
0.108991
0.036006
0.225993
0.314215
0.037442
0.124718
0.381582
0.046361
0.169344
0.324495
0.133421
0.104659
0.004885
0.428835
0.502412
0.143151
0.166081
0.071919
0.269020
0.203279
0.154675
0.189417
0.033613
0.247761
0.357870
0.162337
0.338843
0.215511
0.555282
0.403859
0.017417
0.108167
0.130550
0.008257
0.081763
0.107543
0.049991
0.691450
0.506455
0.321520
0.154693
0.248084
0.245815
0.596751
0.084813
0.006130
0.122661
0.100155
0.560465
0.000094
0.517593
0.459521
0.231975
0.642274
0.133665
0.247690
0.239917
0.406432
0.327658
0.149514
0.379714
0.491116
0.261222
0.171457
0.513332
0.694283
0.531212
0.032187
0.275340
0.187695
0.054647
0.677392
0.417154
0.058936
0.073327
0.269900
0.403570
0.318699
0.000221
0.397191
0.005025
0.289548
0.483330
0.305457
0.024959
0.339627
0.075266
0.005845
0.180660
0.083655
0.367442
0.215535
0.032975
0.431148
0.248412
0.134540
0.038254
0.234911
0.115155
0.005418
0.075538
0.249188
0.326223
0.429046
0.157153
0.624948
0.289437
0.462442
0.559462
0.478265
0.709604
0.281847
0.236589
0.172484
0.179662
0.602653
0.383927
0.268981
0.033927
0.202565
0.302817
0.238519
0.713477
0.044220
0.461927
0.320172
0.164065
0.315354
0.186029
0.052711
0.183759
0.200410
0.177220
0.050217
0.323903
0.334100
0.419015
0.164005
0.314632
0.185579
0.413512
0.003613
0.452466
0.407817
0.006218
0.401101
0.022142
0.235491
0.345109
0.336874
0.132884
0.040901
0.266810
0.420276
0.418305
0.265568
0.382209
0.206137
0.339018
0.015605
0.173944
0.385240
0.509823
0.105157
0.494159
0.254499
0.626608
0.053655
0.229425
0.441156
0.070540
0.500856
0.069586
0.289988
0.317509
0.458941
0.317377
0.157495
0.191699
0.247888
0.065615
0.011211
0.611364
0.361416
0.394818
0.063833
0.343095
0.098499
0.345344
0.282938
0.335973
0.129922
0.278025
0.225504
0.349348
0.381089
0.082098
0.489700
0.339290
0.232056
0.281007
0.672622
0.201094
0.432380
0.061012
0.199094
0.090777
0.310887
0.451020
0.063734
0.352079
0.564936
0.175464
0.107144
0.203547
0.268171
0.286705
0.010976
0.080499
0.291682
0.249862
0.339082
0.344866
0.047228
0.128987
0.474704
0.007800
0.477941
0.020265
0.350502
0.106468
0.137991
0.104984
0.099952
0.569069
0.358567
0.122141
0.402149
0.573915
0.264980
0.371026
0.085308
0.196451
0.413659
0.323116
0.072531
0.451773
0.565859
0.016694
0.098303
0.436762
0.111504
0.140996
0.194217
0.177020
0.574470
0.178706
0.017229
0.502248
0.037281
0.286993
0.044002
0.049528
0.205430
0.564514
0.458879
0.416903
0.284996
0.243293
0.188492
0.065450
0.242595
0.462855
0.058279
0.071890
0.397639
0.415588
0.051057
0.698396
0.031089
0.166826
0.670960
0.032982
0.638788
0.235160
0.047742
0.097242
0.092658
0.069946
0.173912
0.073906
0.700947
0.071241
0.355675
0.322520
0.623155
0.143954
0.462215
0.030465
0.265600
0.353615
0.568090
0.383681
0.429620
0.394326
0.664161
0.060987
0.442239
0.188687
0.292434
0.327846
0.015239
0.215729
0.483124
0.115781
0.215063
0.307502
0.027213
0.238844
0.165785
0.209341
0.364487
0.422673
0.212868
0.224489
0.021701
0.199834
0.049217
0.308346
0.268915
0.284503
0.536667
0.097716
0.214619
0.717634
0.355448
0.509226
0.310699
0.237239
0.227048
0.146736
0.485439
0.275171
0.249899
0.252352
0.586810
0.110471
0.265859
0.113279
0.616245
0.477621
0.374330
0.266737
0.330342
0.054825
0.078972
0.238261
0.199639
0.195053
0.099652
0.383057
0.088719
0.249146
0.261304
0.110340
0.072771
0.530314
0.299661
0.092470
0.143138
0.201338
0.172022
0.153062
0.272356
0.673799
0.114172
0.340617
0.544817
0.205859
0.241388
0.102077
0.015453
0.180937
0.256075
0.382838
0.146807
0.086305
0.455750
0.084074
0.351611
0.588695
0.223019
0.449193
0.190732
0.560048
0.019932
0.028890
0.240224
0.157033
0.034982
0.433560
0.643223
0.219676
0.369350
0.326286
0.026407
0.240741
0.033191
0.199000
0.240642
0.017689
0.705650
0.052018
0.135957
0.027465
0.400835
0.130438
0.046591
0.113851
0.058714
0.168573
0.152876
0.487495
0.288349
0.185428
0.233454
0.022141
0.277416
0.059044
0.364140
0.229483
0.216596
0.223086
0.043619
0.057202
0.501642
0.134396
0.162292
0.182810
0.617648
0.436713
0.153182
0.270184
0.036459
0.381090
0.464934
0.276375
0.365625
0.442505
0.282595
0.170933
0.395405
0.212628
0.189817
0.202998
0.036255
0.223116
0.355550
0.277018
0.033733
0.046494
0.186705
0.114697
0.695925
0.584365
0.128632
0.252396
0.063271
0.341424
0.266196
0.198049
0.305059
0.241232
0.224519
0.223581
0.455080
0.105769
0.270368
0.368539
0.326529
0.280449
0.002755
0.008570
0.359730
0.405172
0.109085
0.113801
0.291491
0.062407
0.299774
0.270451
0.035085
0.029226
0.306802
0.722751
0.131727
0.073660
0.246999
0.345231
0.359385
0.236547
0.049363
0.114237
0.490365
0.133295
0.191573
0.098810
0.112370
0.220216
0.227909
0.498728
0.078112
0.424864
0.375056
0.354478
0.076643
0.347640
0.023702
0.354694
0.582921
0.050648
0.432660
0.233053
0.307468
0.035887
0.292571
0.701890
0.103328
0.107643
0.174777
0.102686
0.367310
0.299247
0.058428
0.226097
0.041730
0.244860
0.502289
0.009623
0.337589
0.291818
0.297093
0.261627
0.084083
0.280601
0.030815
0.275420
0.186631
0.055844
0.477102
0.022082
0.117906
0.418748
0.516904
0.340177
0.237118
0.319305
0.038427
0.300526
0.307408
0.260879
0.038625
0.453978
0.163628
0.324693
0.095995
0.272075
0.559144
0.144432
0.466646
0.307133
0.440758
0.148648
0.393044
0.428210
0.292598
0.189779
0.265969
0.532024
0.265893
0.059605
0.166353
0.084519
0.347922
0.322735
0.288877
0.677059
0.007943
0.585649
0.140226
0.112033
0.018834
0.369013
0.151084
0.518269
0.135186
0.047660
0.407423
0.138177
0.197527
0.525772
0.001368
0.146294
0.538018
0.144374
0.301580
0.099722
0.167319
0.059640
0.480333
0.379500
0.221690
0.020498
0.558556
0.032353
0.444754
0.453603
0.119736
0.323561
0.573708
0.163184
0.041530
0.516824
0.262522
0.124477
0.300894
0.737273
0.205764
0.079492
0.390864
0.458232
0.376489
0.024978
0.438098
0.039637
0.441609
0.097509
0.115199
0.251598
0.033591
0.067326
0.063348
0.144302
0.266317
0.115294
0.063450
0.196734
0.621134
0.214791
0.630342
0.309468
0.098396
0.090200
0.040607
0.325803
0.111835
0.339183
0.213088
0.018923
0.349467
0.269197
0.400033
0.232005
0.707921
0.052162
0.244256
0.119354
0.296170
0.232714
0.368542
0.577793
0.262578
0.052604
0.535567
0.021780
0.071362
0.097974
0.258785
0.130037
0.365111
0.085594
0.508241
0.106015
0.453194
0.429056
0.644272
0.151108
0.575319
0.375419
0.006566
0.644076
0.080614
0.036754
0.148161
0.266663
0.501777
0.393210
0.531662
0.366192
0.445327
0.144698
0.552502
0.310464
0.047319
0.118597
0.115014
0.344128
0.130706
0.353129
0.383398
0.461114
0.350174
0.250674
0.294860
0.306498
0.242650
0.672486
0.326882
0.120395
0.290579
0.065383
0.194839
0.048485
0.030337
0.588034
0.447023
0.091361
0.225036
0.550827
0.022529
0.239398
0.461967
0.286645
0.422778
0.008355
0.690080
0.095523
0.406152
0.280238
0.167766
0.347334
0.229635
0.067883
0.330424
0.253500
0.429494
0.487069
0.117320
0.381115
0.153934
0.343304
0.020206
0.200141
0.373424
0.188297
0.621206
0.309545
0.238388
0.142218
0.292431
0.226324
0.012901
0.184724
0.452737
0.347650
0.101348
0.283008
0.208195
0.734013
0.367350
0.375125
0.028100
0.566550
0.167696
0.643247
0.303581
0.503890
0.289593
0.218690
0.255887
0.030093
0.149792
0.374193
0.056829
0.041620
0.196693
0.176053
0.501761
0.321034
0.320755
0.075222
0.102533
0.620690
0.017493
0.275213
0.100571
0.739275
0.149844
0.345859
0.253664
0.209918
0.113346
0.422404
0.596516
0.365950
0.243634
0.086452
0.095810
0.149279
0.226134
0.118453
0.154227
0.082550
0.446814
0.043589
0.152612
0.286517
0.315822
0.079879
0.265423
0.280383
0.185406
0.118667
0.396504
0.020187
0.313942
0.408639
0.342885
0.395996
0.353282
0.054868
0.220470
0.190333
0.161025
0.580243
0.318248
0.164116
0.193034
0.043856
0.345093
0.026713
0.244824
0.101145
0.167250
0.000428
0.038197
0.133591
0.194027
0.253493
0.208425
0.336978
0.547752
0.538389
0.003788
0.123167
0.016095
0.291445
0.087493
0.379492
0.413231
0.055213
0.349037
0.098849
0.129470
0.470014
0.155061
0.070040
0.508216
0.428279
0.005496
0.523612
0.324250
0.075313
0.365013
0.012969
0.183847
0.184344
0.301525
0.177504
0.171660
0.191778
0.237331
0.698208
0.040103
0.189105
0.159938
0.000350
0.304251
0.235551
0.348831
0.018393
0.178762
0.116694
0.234653
0.039323
0.469505
0.749451
0.329366
0.451843
0.438965
0.002352
0.523778
0.655257
0.286954
0.311530
0.349878
0.132894
0.084600
0.285242
0.137136
0.238837
0.015774
0.441719
0.134160
0.093469
0.104118
0.074278
0.363651
0.176435
0.058833
0.012662
0.308640
0.024713
0.154615
0.281398
0.399467
0.096085
0.399722
0.025111
0.016096
0.004325
0.320890
0.366481
0.179530
0.209281
0.649366
0.211624
0.412282
0.021720
0.184975
0.038108
0.314552
0.455266
0.234286
0.015494
0.145559
0.133042
0.134644
0.176814
0.428723
0.286659
0.411639
0.485995
0.127355
0.252626
0.229861
0.433608
0.385695
0.267211
0.188315
0.263629
0.104437
0.373869
0.317912
0.226059
0.341976
0.034498
0.461055
0.122073
0.234847
0.040527
0.027673
0.240786
0.435947
0.108817
0.077132
0.232730
0.199054
0.037799
0.207943
0.252081
0.307212
0.112677
0.277625
0.416105
0.378402
0.427801
0.484266
0.251367
0.521292
0.052526
0.491232
0.010586
0.185811
0.298509
0.162640
0.008123
0.256676
0.154926
0.279793
0.111584
0.190053
0.033560
0.126770
0.434242
0.260138
0.531418
0.279223
0.006552
0.097747
0.244402
0.171045
0.448076
0.417946
0.016633
0.206645
0.076319
0.326078
0.441218
0.481052
0.205654
0.094189
0.069989
0.198227
0.040588
0.008637
0.279705
0.034608
0.495611
0.088033
0.419374
0.035668
0.375548
0.219431
0.200769
0.228488
0.364156
0.002212
0.232968
0.268662
0.446583
0.235183
0.359504
0.163820
0.531207
0.103653
0.143370
0.127700
0.620382
0.251774
0.259414
0.184509
0.282684
0.184169
0.243528
0.122740
0.003139
0.043019
0.434029
0.043529
0.051378
0.097153
0.213664
0.316973
0.377759
0.145641
0.295659
0.365879
0.008018
0.113920
0.037627
0.411211
0.022805
0.661168
0.362482
0.312293
0.461903
0.253359
0.079800
0.255782
0.039380
0.478322
0.112257
0.302495
0.015155
0.218195
0.095256
0.272713
0.408680
0.296049
0.019888
0.020955
0.229565
0.089151
0.245750
0.060335
0.166031
0.149355
0.007755
0.254310
0.260091
0.104280
0.373945
0.245802
0.099107
0.265744
0.001426
0.074136
0.699086
0.042421
0.238872
0.086504
0.404924
0.068543
0.194880
0.114096
0.284601
0.435162
0.291097
0.313912
0.355211
0.062516
0.135205
0.021921
0.195768
0.403343
0.245429
0.096290
0.027458
0.199406
0.570936
0.203312
0.090962
0.401722
0.352077
0.128785
0.122939
0.183653
0.266632
0.475316
0.728179
0.249664
0.031473
0.087033
0.116640
0.117238
0.305329
0.172954
0.058351
0.042575
0.084936
0.192879
0.378761
0.122445
0.167503
0.071505
0.098222
0.064043
0.097571
0.073773
0.327113
0.151814
0.650191
0.013576
0.087926
0.684581
0.306323
0.020671
0.321395
0.421275
0.160961
0.327988
0.536197
0.427308
0.218154
0.302684
0.387566
0.003887
0.215985
0.313517
0.116765
0.014090
0.562326
0.081372
0.081664
0.076703
0.036092
0.271007
0.033337
0.403439
0.086013
0.184676
0.209325
0.178538
0.240739
0.256375
0.084003
0.012349
0.000169
0.198576
0.543914
0.461416
0.107537
0.018978
0.251632
0.470969
0.250233
0.255053
0.162471
0.324987
0.304067
0.133466
0.276724
0.099385
0.487400
0.019197
0.333856
0.292750
0.160517
0.051998
0.114238
0.359320
0.358641
0.033034
0.023109
0.555893
0.190621
0.339391
0.219129
0.150988
0.344931
0.349478
0.297093
0.059913
0.380836
0.352793
0.208144
0.219017
0.171956
0.046771
0.396811
0.110271
0.294724
0.018611
0.454203
0.220475
0.094611
0.018663
0.444158
0.114121
0.291300
0.314492
0.411919
0.173637
0.658231
0.123874
0.406047
0.425536
0.190226
0.504526
0.138873
0.233412
0.104662
0.052440
0.400870
0.121633
0.189949
0.283678
0.512680
0.229725
0.320453
0.164881
0.150908
0.036395
0.218867
0.438139
0.015198
0.024209
0.574039
0.038499
0.109465
0.144381
0.016019
0.359750
0.404394
0.095293
0.014805
0.448701
0.005854
0.300262
0.134461
0.075511
0.279196
0.258966
0.562429
0.130621
0.271434
0.271148
0.333194
0.340688
0.083801
0.259839
0.359726
0.001855
0.064384
0.168900
0.101615
0.241643
0.137834
0.245881
0.052863
0.307681
0.327615
0.128345
0.058204
0.169371
0.320715
0.100420
0.098458
0.106916
0.217973
0.373102
0.194450
0.398230
0.373858
0.072547
0.033247
0.110020
0.059383
0.316736
0.184536
0.601768
0.136031
0.040708
0.475945
0.317579
0.204968
0.256042
0.443092
0.156975
0.261232
0.085992
0.328848
0.429075
0.007189
0.038284
0.184162
0.172390
0.055622
0.028308
0.296558
0.095505
0.042948
0.155507
0.041298
0.043491
0.073359
0.080812
0.061519
0.012462
0.157956
0.399290
0.153306
0.056093
0.419675
0.249156
0.018424
0.424089
0.373243
0.158925
0.227513
0.459149
0.331956
0.165528
0.172779
0.021455
0.251548
0.158088
0.118959
0.423582
0.294964
0.129956
0.113688
0.258190
0.385462
0.242933
0.238015
0.175785
0.094988
0.448763
0.043711
0.522282
0.002890
0.294285
0.693203
0.193742
0.018866
0.253127
0.210530
0.158287
0.044087
0.295321
0.018674
0.382034
0.033602
0.038426
0.059295
0.323526
0.484759
0.467905
0.041266
0.071316
0.664845
0.185799
0.068617
0.229929
0.210691
0.711027
0.615059
0.028585
0.475413
0.101164
0.323200
0.147161
0.533898
0.119565
0.133054
0.358115
0.364488
0.261980
0.066700
0.013730
0.141854
0.195175
0.504529
0.212713
0.395098
0.255578
0.250529
0.038853
0.289805
0.108775
0.088567
0.395916
0.177538
0.592973
0.368927
0.242376
0.129770
0.133267
0.658875
0.282130
0.344556
0.383616
0.042788
0.026164
0.366777
0.111384
0.064572
0.139633
0.092621
0.481950
0.121787
0.170504
0.320319
0.085296
0.110933
0.088264
0.486294
0.377358
0.572793
0.078769
0.375954
0.048313
0.143101
0.413232
0.197948
0.033428
0.021794
0.215978
0.049798
0.475572
0.353090
0.155995
0.010515
0.295597
0.185171
0.449173
0.079933
0.059206
0.576536
0.443687
0.592151
0.000930
0.245039
0.218616
0.354192
0.218425
0.640911
0.386367
0.306724
0.045764
0.496879
0.221151
0.371977
0.240895
0.338626
0.163957
0.511644
0.578103
0.194399
0.131489
0.130450
0.227802
0.381106
0.589459
0.296574
0.426425
0.159712
0.084258
0.371975
0.024895
0.072624
0.130156
0.017836
0.008950
0.227290
0.116945
0.029856
0.300866
0.477244
0.112266
0.133513
0.608970
0.411656
0.081584
0.049864
0.067964
0.322343
0.295096
0.068950
0.511984
0.005403
0.336923
0.483790
0.148278
0.350202
0.051409
0.124047
0.091011
0.408780
0.092943
0.392537
0.407985
0.165840
0.195610
0.453523
0.014637
0.034099
0.457990
0.030189
0.012922
0.295109
0.118780
0.109343
0.436038
0.090254
0.240383
0.786174
0.190536
0.117911
0.224370
0.427936
0.239326
0.055581
0.244996
0.445564
0.679127
0.451840
0.399185
0.113393
0.186220
0.522988
0.029154
0.148104
0.531163
0.408413
0.330323
0.337638
0.185018
0.204667
0.488806
0.028639
0.176853
0.161486
0.434048
0.339680
0.390666
0.085856
0.094001
0.187567
0.312823
0.040742
0.246403
0.159455
0.094338
0.588369
0.290036
0.670326
0.249969
0.130099
0.130986
0.149932
0.345856
0.372572
0.326114
0.219843
0.290908
0.349824
0.071996
0.120615
0.126669
0.308131
0.314073
0.280321
0.287887
0.375528
0.394800
0.442880
0.486576
0.638770
0.204022
0.002377
0.551481
0.314344
0.090585
0.240911
0.209755
0.035039
0.201318
0.371166
0.169641
0.236296
0.468732
0.228575
0.204005
0.605551
0.319452
0.485620
0.216043
0.143744
0.095265
0.179989
0.381469
0.111979
0.263454
0.055131
0.050732
0.238349
0.351331
0.099733
0.566394
0.138899
0.037781
0.045812
0.178297
0.126393
0.028843
0.072260
0.257698
0.470138
0.087736
0.204278
0.113984
0.184388
0.172541
0.111578
0.589426
0.359399
0.421931
0.228249
0.151110
0.026856
0.125593
0.308078
0.295431
0.498668
0.271946
0.282991
0.669953
0.237629
0.088255
0.454161
0.386210
0.545063
0.590295
0.160345
0.288387
0.362520
0.110907
0.206977
0.451526
0.317160
0.345982
0.031564
0.149439
0.157516
0.262547
0.463052
0.276281
0.008502
0.407164
0.090550
0.255434
0.355854
0.022983
0.056657
0.486081
0.015564
0.015689
0.504955
0.154850
0.099480
0.187534
0.601755
0.153120
0.569476
0.221736
0.166903
0.232659
0.539586
0.293476
0.009886
0.068796
0.016258
0.243999
0.368919
0.477293
0.227226
0.042525
0.533394
0.208946
0.304607
0.312229
0.015026
0.081472
0.189995
0.271793
0.390255
0.042597
0.401212
0.398991
0.050779
0.367787
0.100569
0.073472
0.567506
0.253760
0.072913
0.229931
0.207110
0.099973
0.002876
0.114625
0.187035
0.260709
0.033976
0.429774
0.311942
0.328238
0.048268
0.697982
0.272501
0.105962
0.077656
0.216986
0.379719
0.372514
0.407353
0.528078
0.190288
0.042522
0.256594
0.301916
0.147453
0.237120
0.597129
0.258517
0.025664
0.080132
0.073808
0.041684
0.183054
0.095861
0.234937
0.255020
0.240011
0.023759
0.038524
0.176694
0.041550
0.585156
0.221096
0.008572
0.446129
0.330629
0.121925
0.306631
0.034846
0.220030
0.117532
0.095022
0.187574
0.404929
0.130001
0.127321
0.684877
0.426640
0.094681
0.360386
0.105264
0.052870
0.332827
0.214870
0.215773
0.178116
0.445060
0.492772
0.098542
0.189026
0.206761
0.198006
0.427226
0.303240
0.108156
0.293755
0.317604
0.140407
0.176650
0.025669
0.076100
0.208632
0.247516
0.227488
0.108231
0.061384
0.190660
0.550304
0.540584
0.215001
0.290782
0.190613
0.003208
0.307604
0.650505
0.415188
0.021033
0.653550
0.076325
0.185246
0.149459
0.134933
0.043314
0.329379
0.367282
0.031978
0.101265
0.355000
0.175109
0.440804
0.225745
0.139799
0.181139
0.240092
0.318250
0.278367
0.235544
0.460711
0.176635
0.149270
0.126382
0.102861
0.279768
0.133933
0.184340
0.295710
0.415363
0.176059
0.309887
0.155851
0.149229
0.505438
0.061199
0.474726
0.349389
0.149029
0.243892
0.451753
0.162975
0.230987
0.060875
0.103379
0.169304
0.403221
0.773193
0.308910
0.120604
0.131778
0.250174
0.055420
0.057798
0.192752
0.193521
0.265794
0.301042
0.164686
0.127169
0.316511
0.211148
0.466691
0.043039
0.118727
0.281133
0.081236
0.130611
0.218045
0.571986
0.469990
0.502189
0.139831
0.171687
0.186685
0.022333
0.483146
0.250245
0.100671
0.290627
0.068108
0.019150
0.069834
0.066869
0.296805
0.244963
0.252037
0.146410
0.130143
0.199446
0.403228
0.376301
0.218144
0.491796
0.304751
0.282619
0.146415
0.589043
0.007171
0.429494
0.430260
0.607308
0.100059
0.179500
0.155952
0.055171
0.250487
0.633059
0.377220
0.298030
0.506951
0.100717
0.012909
0.006824
0.131063
0.199350
0.313352
0.100799
0.385107
0.342624
0.339404
0.184926
0.064649
0.182604
0.189069
0.107517
0.012322
0.279290
0.163912
0.506475
0.257462
0.021690
0.258699
0.031064
0.048629
0.004460
0.163599
0.285115
0.012190
0.156699
0.237789
0.492510
0.197975
0.220375
0.243042
0.311481
0.177194
0.494766
0.184515
0.116473
0.329299
0.699708
0.495267
0.205985
0.106058
0.145449
0.003886
0.238660
0.067202
0.186707
0.493888
0.328375
0.123727
0.088954
0.157363
0.250391
0.265489
0.167289
0.227343
0.057034
0.176185
0.369743
0.060740
0.413181
0.471285
0.299359
0.582328
0.096806
0.120831
0.109948
0.491941
0.489753
0.030662
0.377969
0.371279
0.125848
0.203149
0.206513
0.557508
0.284928
0.050265
0.231652
0.091860
0.183071
0.261612
0.367038
0.234694
0.100922
0.323056
0.366075
0.259797
0.290231
0.049036
0.074526
0.547401
0.373030
0.320486
0.217318
0.514884
0.040119
0.220320
0.098051
0.143783
0.184838
0.135161
0.248595
0.428472
0.084034
0.125232
0.335260
0.427417
0.302205
0.067351
0.144997
0.346748
0.496921
0.419256
0.171043
0.691620
0.538539
0.153180
0.621691
0.562205
0.691185
0.217245
0.355680
0.012720
0.354928
0.445253
0.234228
0.256800
0.060820
0.219373
0.338221
0.322208
0.409170
0.201223
0.283447
0.494294
0.164635
0.426215
0.194225
0.160193
0.270700
0.328475
0.307895
0.147360
0.319608
0.478521
0.333828
0.165570
0.477060
0.208875
0.373052
0.143246
0.094459
0.450156
0.152201
0.398644
0.158994
0.328645
0.439077
0.389489
0.148133
0.009260
0.342541
0.505247
0.246141
0.200829
0.394311
0.202736
0.399656
0.001825
0.120650
0.368007
0.366990
0.145747
0.189198
0.109155
0.606284
0.034057
0.112617
0.355746
0.174895
0.511039
0.057797
0.137374
0.285200
0.197019
0.148296
0.082438
0.480583
0.369748
0.235259
0.003540
0.330025
0.262166
0.360131
0.201749
0.378044
0.059325
0.272596
0.212235
0.461324
0.030787
0.108281
0.258101
0.065462
0.092103
0.349383
0.362409
0.086693
0.073429
0.187642
0.561673
0.141712
0.335026
0.063960
0.070056
0.043814
0.344521
0.332010
0.073693
0.051610
0.525145
0.177178
0.102680
0.090861
0.434628
0.205773
0.220839
0.217361
0.001591
0.280031
0.337208
0.405214
0.215627
0.241931
0.547690
0.183290
0.409173
0.090703
0.112782
0.005619
0.047847
0.114785
0.089026
0.760023
0.129403
0.099203
0.288053
0.359792
0.342151
0.566915
0.339363
0.098837
0.352382
0.430475
0.086076
0.337474
0.556949
0.054771
0.134523
0.563323
0.104430
0.498702
0.281338
0.047263
0.259787
0.052498
0.065776
0.497171
0.261232
0.250475
0.327667
0.027019
0.290210
0.918185
0.412152
0.126406
0.330970
0.451868
0.239227
0.106237
0.444007
0.243221
0.216891
0.168267
0.452030
0.401886
0.264208
0.304997
0.062564
0.046136
0.433808
0.010791
0.524805
0.368921
0.076188
0.166275
0.098335
0.164780
0.144516
0.153744
0.642812
0.199047
0.408274
0.147999
0.269058
0.042872
0.697778
0.025230
0.112887
0.367764
0.679620
0.276659
0.523883
0.237798
0.450647
0.085625
0.246871
0.350772
0.516311
0.147456
0.002565
0.206952
0.297927
0.297273
0.205659
0.022027
0.070817
0.304658
0.312491
0.118246
0.265891
0.406818
0.290689
0.350221
0.048537
0.378610
0.177411
0.227117
0.252812
0.161763
0.347051
0.193320
0.107441
0.764267
0.300441
0.081897
0.463159
0.263000
0.153259
0.013868
0.170270
0.490572
0.118146
0.536235
0.606291
0.081712
0.088989
0.079744
0.688941
0.577848
0.391113
0.257946
0.321057
0.351090
0.214165
0.258830
0.043302
0.339279
0.050601
0.275022
0.394534
0.086005
0.304887
0.118999
0.217891
0.374074
0.370607
0.029011
0.112646
0.091410
0.143434
0.140531
0.023680
0.303014
0.201659
0.333120
0.368528
0.231816
0.257254
0.146276
0.120259
0.025721
0.213864
0.309751
0.346707
0.180687
0.364305
0.119321
0.036206
0.493546
0.094590
0.113419
0.335093
0.434795
0.074178
0.148601
0.191713
0.165031
0.050554
0.448761
0.557256
0.145837
0.159820
0.316417
0.071778
0.062593
0.096392
0.081831
0.236411
0.096235
0.537423
0.151602
0.036927
0.018399
0.348598
0.192245
0.060999
0.162491
0.202064
0.304417
0.150991
0.408756
0.387293
0.183924
0.332424
0.079657
0.318113
0.085007
0.480726
0.075924
0.013201
0.010350
0.185675
0.104935
0.071751
0.146757
0.131132
0.026407
0.300192
0.397282
0.453751
0.027149
0.243197
0.238155
0.635356
0.230230
0.348267
0.229369
0.207755
0.504047
0.256268
0.098058
0.073155
0.606956
0.137163
0.149106
0.180748
0.164070
0.172635
0.073725
0.063683
0.079836
0.459399
0.597680
0.307868
0.011488
0.044022
0.395736
0.090057
0.365983
0.324046
0.101226
0.162265
0.052368
0.259118
0.038107
0.250405
0.296311
0.153821
0.048157
0.098235
0.314166
0.443986
0.240391
0.358720
0.120994
0.474324
0.197127
0.400773
0.079578
0.250613
0.002577
0.150150
0.587427
0.029546
0.172123
0.334065
0.371684
0.439978
0.014248
0.004476
0.081619
0.549666
0.056197
0.273400
0.222780
0.169931
0.320583
0.084114
0.230033
0.104839
0.226715
0.409700
0.329874
0.097106
0.197219
0.192771
0.183993
0.319037
0.139839
0.420660
0.459784
0.472623
0.158231
0.186152
0.666768
0.061888
0.138103
0.212220
0.111067
0.330381
0.158773
0.019733
0.115101
0.054778
0.275389
0.153711
0.152838
0.444237
0.313688
0.102953
0.304803
0.273445
0.079672
0.041874
0.337603
0.093558
0.043907
0.171383
0.214670
0.115067
0.439704
0.184797
0.040600
0.021245
0.392469
0.096860
0.312965
0.231642
0.351895
0.040680
0.176660
0.240733
0.268759
0.021330
0.295268
0.452794
0.167961
0.332575
0.342281
0.618777
0.029000
0.336098
0.353065
0.140376
0.255846
0.187993
0.525797
0.122637
0.174644
0.051435
0.100681
0.054746
0.397961
0.441822
0.431260
0.104765
0.629496
0.299069
0.010472
0.021390
0.446448
0.034634
0.561870
0.111797
0.016393
0.508970
0.238667
0.170461
0.496800
0.089318
0.067132
0.401676
0.311920
0.484902
0.187679
0.154319
0.048898
0.180649
0.135863
0.227879
0.280816
0.056984
0.144041
0.040500
0.423477
0.047442
0.170384
0.283269
0.108046
0.063873
0.385784
0.174541
0.053471
0.153994
0.513118
0.325475
0.080383
0.317265
0.009211
0.491754
0.013615
0.421223
0.088470
0.699915
0.011413
0.094630
0.299942
0.107210
0.234460
0.008164
0.032428
0.404381
0.115073
0.427778
0.464028
0.605075
0.237112
0.325049
0.232483
0.143624
0.145520
0.102149
0.421671
0.063482
0.513085
0.132165
0.125853
0.316055
0.373410
0.342983
0.227186
0.487893
0.120225
0.215518
0.011474
0.469911
0.300350
0.359310
0.413081
0.199503
0.183957
0.447629
0.155042
0.006606
0.089122
0.240487
0.214526
0.108322
0.122880
0.386544
0.112216
0.401850
0.241991
0.592541
0.290664
0.516268
0.468393
0.194204
0.554728
0.374715
0.187558
0.040449
0.418254
0.305475
0.311025
0.157312
0.027904
0.225479
0.153389
0.509493
0.331254
0.098948
0.236987
0.154563
0.138923
0.051471
0.362945
0.254694
0.497755
0.221861
0.325287
0.306373
0.064026
0.152743
0.365184
0.423809
0.099727
0.342594
0.098279
0.055123
0.153738
0.210721
0.624446
0.260093
0.265074
0.191702
0.233832
0.034039
0.015442
0.218106
0.591300
0.005201
0.045334
0.488971
0.025655
0.114088
0.289082
0.102989
0.413274
0.080736
0.094131
0.468951
0.527482
0.338577
0.664585
0.176732
0.657963
0.576196
0.277630
0.177797
0.265663
0.169607
0.121357
0.522758
0.224865
0.294512
0.148007
0.263670
0.004758
0.264664
0.435480
0.318480
0.486474
0.150778
0.299966
0.131041
0.470361
0.252944
0.400105
0.139123
0.587728
0.100256
0.512644
0.291411
0.311610
0.338824
0.194366
0.135713
0.058855
0.154950
0.202048
0.208618
0.087280
0.149181
0.003278
0.329879
0.174430
0.425193
0.258780
0.100458
0.461968
0.085948
0.406160
0.301060
0.417868
0.160882
0.043656
0.221951
0.104530
0.319194
0.273417
0.649845
0.411933
0.066163
0.213864
0.033336
0.079574
0.027690
0.051524
0.205714
0.025915
0.285922
0.081915
0.122346
0.155354
0.173831
0.062524
0.334335
0.054979
0.157945
0.135739
0.090474
0.026241
0.099277
0.038821
0.273043
0.307141
0.367898
0.133164
0.167366
0.269496
0.109585
0.318161
0.422379
0.066113
0.335132
0.071886
0.249563
0.178889
0.408799
0.127995
0.117356
0.069761
0.235941
0.099179
0.176915
0.020796
0.135267
0.225381
0.379261
0.432495
0.231210
0.036486
0.047200
0.298230
0.210767
0.279696
0.436684
0.042171
0.349265
0.077926
0.170261
0.406461
0.002757
0.006435
0.314594
0.591449
0.333739
0.274847
0.400363
0.299653
0.321564
0.141748
0.335714
0.267781
0.260892
0.137259
0.419589
0.142857
0.140812
0.633281
0.212351
0.171753
0.160382
0.036018
0.230427
0.215448
0.325072
0.116610
0.258207
0.107250
0.083344
0.263748
0.077385
0.768778
0.171378
0.346596
0.217560
0.126369
0.421512
0.617695
0.059607
0.032620
0.156781
0.027245
0.176756
0.036128
0.007772
0.051704
0.146994
0.469106
0.096961
0.046451
0.207789
0.038413
0.181972
0.077635
0.043040
0.097759
0.326816
0.322850
0.002304
0.221579
0.316417
0.295463
0.292148
0.107413
0.048675
0.192597
0.110051
0.519382
0.120371
0.043263
0.500012
0.177612
0.455868
0.146081
0.024217
0.358692
0.114643
0.089709
0.441246
0.021388
0.151037
0.061715
0.049893
0.035045
0.409820
0.045233
0.643353
0.218433
0.040907
0.489503
0.335148
0.379586
0.253983
0.030811
0.071352
0.088403
0.045281
0.164402
0.445912
0.049511
0.384114
0.097405
0.451209
0.298669
0.379755
0.184203
0.090346
0.283945
0.356800
0.150533
0.085856
0.281180
0.262036
0.209307
0.290470
0.286526
0.256051
0.058312
0.383494
0.335867
0.187805
0.362120
0.132132
0.296073
0.201464
0.015733
0.439884
0.040993
0.038059
0.191592
0.166551
0.536188
0.327679
0.369803
0.458583
0.124608
0.123324
0.180772
0.039854
0.156570
0.194532
0.370098
0.107694
0.109799
0.039279
0.140826
0.126074
0.285047
0.443600
0.216113
0.182902
0.066055
0.303021
0.412759
0.141498
0.117908
0.168819
0.115408
0.147187
0.087398
0.140644
0.074053
0.349419
0.258113
0.204883
0.498445
0.190286
0.611827
0.222966
0.292589
0.219052
0.213576
0.157517
0.287692
0.050809
0.390102
0.265943
0.409530
0.361747
0.287371
0.060428
0.042956
0.086729
0.217309
0.124103
0.178621
0.241917
0.515810
0.118256
0.173312
0.384148
0.098355
0.263615
0.263714
0.251937
0.181876
0.122553
0.210678
0.512795
0.185595
0.175248
0.290609
0.348590
0.280242
0.104482
0.198260
0.224924
0.182842
0.406381
0.278716
0.098173
0.264106
0.064435
0.251184
0.105453
0.073198
0.269753
0.423153
0.246334
0.091670
0.281828
0.221982
0.213829
0.411541
0.380760
0.014584
0.021742
0.004947
0.055528
0.418972
0.126124
0.477617
0.018797
0.209410
0.016247
0.407875
0.003980
0.320946
0.472129
0.039592
0.157558
0.241088
0.079826
0.538109
0.394059
0.145147
0.034748
0.121530
0.219609
0.008466
0.088635
0.131139
0.180960
0.268631
0.199106
0.203386
0.221836
0.071084
0.077020
0.127571
0.204534
0.080181
0.275037
0.131899
0.051568
0.376188
0.273828
0.273729
0.350642
0.250536
0.149369
0.345486
0.096313
0.183582
0.316662
0.520620
0.238074
0.023562
0.257321
0.047582
0.011696
0.115663
0.088873
0.214005
0.040258
0.035742
0.224739
0.250457
0.086215
0.178448
0.017861
0.160891
0.223905
0.027417
0.005488
0.286147
0.044820
0.631124
0.103726
0.387030
0.631640
0.027108
0.235113
0.669925
0.277156
0.217780
0.138573
0.337609
0.320664
0.374962
0.180309
0.181068
0.065549
0.328805
0.269068
0.096811
0.212671
0.725755
0.245485
0.261334
0.161445
0.137962
0.487254
0.004510
0.383044
0.076448
0.044450
0.293146
0.072857
0.030837
0.066710
0.261528
0.028926
0.082683
0.079245
0.373446
0.515782
0.007212
0.106866
0.242537
0.378211
0.163037
0.325124
0.177184
0.201083
0.546516
0.056480
0.007022
0.015659
0.242028
0.231769
0.249024
0.162021
0.079245
0.077746
0.024269
0.300974
0.256084
0.190918
0.027204
0.399395
0.067300
0.342839
0.215536
0.346639
0.320900
0.181971
0.267967
0.178937
0.552140
0.340087
0.003794
0.342160
0.316465
0.284655
0.460991
0.077632
0.407575
0.114869
0.435525
0.212275
0.152842
0.128007
0.308925
0.256154
0.454799
0.065628
0.194068
0.005508
0.293020
0.009117
0.279058
0.085725
0.266827
0.343694
0.056316
0.150622
0.046196
0.248629
0.321348
0.070647
0.218469
0.217565
0.601542
0.089918
0.354766
0.168092
0.066874
0.153061
0.504496
0.247025
0.166754
0.464285
0.526216
0.168629
0.046198
0.385779
0.199912
0.307552
0.557015
0.124196
0.067125
0.373400
0.185445
0.256061
0.139849
0.033011
0.091241
0.051354
0.336744
0.280427
0.490988
0.296236
0.247345
0.036885
0.409726
0.174781
0.243331
0.150087
0.088535
0.023658
0.097062
0.234302
0.253820
0.041026
0.271774
0.323469
0.223367
0.161972
0.310180
0.007457
0.309296
0.146593
0.211574
0.043788
0.086014
0.171188
0.166806
0.195361
0.027878
0.046566
0.069130
0.080143
0.136615
0.128894
0.360225
0.578718
0.157028
0.213435
0.139479
0.282473
0.414364
0.367067
0.048998
0.035723
0.187433
0.071178
0.035933
0.408730
0.081144
0.096034
0.169751
0.236479
0.120330
0.048328
0.288337
0.301380
0.082353
0.244806
0.053649
0.208353
0.152982
0.335024
0.178164
0.190008
0.105139
0.184552
0.266954
0.101162
0.125649
0.350138
0.206715
0.271945
0.144163
0.234185
0.110971
0.480358
0.146963
0.037069
0.000137
0.224591
0.313388
0.070722
0.288758
0.245513
0.051712
0.112427
0.048414
0.075660
0.141442
0.003524
0.229193
0.302955
0.064846
0.302282
0.034868
0.397604
0.052804
0.376792
0.384752
0.280473
0.052703
0.113360
0.076371
0.032956
0.038033
0.289963
0.088357
0.357017
0.030031
0.040901
0.025754
0.125847
0.465776
0.614945
0.112341
0.063197
0.361584
0.129023
0.217379
0.371305
0.031497
0.643796
0.576984
0.015612
0.452745
0.194245
0.305746
0.025906
0.355307
0.536298
0.095773
0.005935
0.100061
0.112658
0.139282
0.065392
0.507321
0.074556
0.456809
0.070570
0.520495
0.297036
0.011324
0.253286
0.290004
0.388264
0.039144
0.153177
0.241350
0.469535
0.405142
0.352807
0.124416
0.010186
0.461137
0.142937
0.249794
0.091541
0.068430
0.134943
0.617453
0.183047
0.099086
0.265482
0.113678
0.173089
0.247650
0.036097
0.159597
0.404093
0.061727
0.065898
0.296198
0.135668
0.436232
0.132226
0.559976
0.105325
0.273445
0.375166
0.379812
0.068996
0.008550
0.291346
0.063085
0.681824
0.439152
0.175742
0.361295
0.139309
0.088886
0.363840
0.001995
0.186154
0.481700
0.427506
0.392309
0.038226
0.190933
0.060525
0.176354
0.143479
0.556051
0.338859
0.317185
0.091720
0.321959
0.214362
0.038068
0.084060
0.352932
0.068194
0.093102
0.479865
0.134331
0.211803
0.088544
0.242324
0.163833
0.518282
0.225465
0.387524
0.213248
0.096906
0.484723
0.231483
0.122927
0.053174
0.224866
0.308968
0.176131
0.029345
0.185893
0.354721
0.231547
0.063994
0.082372
0.610963
0.263099
0.026257
0.194360
0.146742
0.264293
0.109112
0.098150
0.455870
0.359278
0.055989
0.472566
0.414261
0.379056
0.124086
0.248692
0.063259
0.399508
0.431172
0.550932
0.241219
0.478735
0.211599
0.106598
0.222101
0.039970
0.048127
0.255692
0.055079
0.379030
0.297718
0.181202
0.463746
0.136693
0.223414
0.506588
0.050476
0.258067
0.078378
0.492579
0.142713
0.015143
0.266316
0.367043
0.315669
0.226696
0.466894
0.259344
0.369986
0.283356
0.031186
0.052054
0.070206
0.357366
0.156367
0.099649
0.217700
0.061842
0.433246
0.002082
0.043485
0.076209
0.327853
0.271107
0.425616
0.017072
0.165508
0.036549
0.391344
0.136227
0.245677
0.370735
0.119596
0.655039
0.507229
0.231286
0.043956
0.186284
0.357404
0.038997
0.070551
0.612754
0.364625
0.105613
0.337590
0.258570
0.381318
0.171936
0.200540
0.394260
0.401124
0.405897
0.055850
0.112613
0.272077
0.317548
0.381586
0.460569
0.055835
0.054882
0.368803
0.235207
0.061791
0.003879
0.094812
0.127680
0.234654
0.273325
0.335151
0.125670
0.361510
0.160189
0.009589
0.448781
0.155904
0.204431
0.303070
0.304138
0.262751
0.022112
0.172404
0.276173
0.490689
0.036029
0.010361
0.103904
0.015880
0.093771
0.520260
0.158574
0.076483
0.295562
0.110797
0.230108
0.168011
0.278946
0.398879
0.302312
0.229486
0.109387
0.168990
0.273847
0.074489
0.151437
0.506252
0.278195
0.155175
0.060934
0.016504
0.059777
0.003886
0.049675
0.322402
0.260921
0.411030
0.243309
0.400646
0.249167
0.013059
0.234860
0.262294
0.680107
0.546717
0.220088
0.451417
0.251374
0.218785
0.262102
0.363834
0.495342
0.240782
0.099667
0.146491
0.174747
0.444231
0.514183
0.132479
0.051800
0.698701
0.027937
0.148293
0.371716
0.006920
0.196183
0.305820
0.049017
0.063390
0.528037
0.234583
0.017438
0.223815
0.462001
0.081340
0.780836
0.271058
0.129435
0.104493
0.372082
0.491688
0.156422
0.273696
0.046123
0.054987
0.431268
0.413547
0.027253
0.135496
0.675158
0.242615
0.274684
0.111716
0.037740
0.216347
0.171912
0.205283
0.516115
0.199221
0.429447
0.420202
0.162377
0.234051
0.037229
0.072069
0.283947
0.097244
0.126485
0.403852
0.000171
0.174560
0.100963
0.407097
0.075832
0.028466
0.248474
0.546817
0.099625
0.210808
0.143138
0.473669
0.084847
0.107286
0.217668
0.322405
0.013484
0.166942
0.580208
0.416794
0.013805
0.322219
0.023965
0.487183
0.137896
0.006287
0.439682
0.129477
0.139007
0.162153
0.043661
0.022136
0.210179
0.061579
0.092564
0.088027
0.333413
0.180914
0.361525
0.237910
0.377572
0.294609
0.099360
0.223586
0.489161
0.504973
0.153942
0.581258
0.008732
0.354610
0.084338
0.304160
0.131855
0.409701
0.123841
0.052140
0.472147
0.425194
0.212262
0.212231
0.132885
0.016383
0.374755
0.637409
0.050481
0.002767
0.326364
0.338355
0.094882
0.341297
0.291296
0.131434
0.242613
0.501684
0.077740
0.002302
0.280729
0.427665
0.206430
0.310223
0.089650
0.220171
0.182377
0.132334
0.247585
0.119515
0.049000
0.490181
0.384798
0.262249
0.081554
0.089232
0.094036
0.283138
0.689918
0.413209
0.345816
0.380117
0.044469
0.037717
0.135576
0.311699
0.270518
0.121621
0.277994
0.110397
0.328970
0.270502
0.199167
0.203777
0.182279
0.448994
0.022630
0.064651
0.492421
0.302641
0.413451
0.437043
0.229555
0.261885
0.021450
0.110655
0.431683
0.162282
0.314357
0.150484
0.555630
0.151212
0.189761
0.048518
0.081370
0.297897
0.023406
0.384794
0.226659
0.384416
0.017891
0.409817
0.153711
0.193886
0.016998
0.169871
0.184616
0.032447
0.725546
0.141597
0.237247
0.476889
0.292603
0.082734
0.065587
0.129587
0.069538
0.288093
0.280395
0.213247
0.189034
0.578007
0.280395
0.402789
0.230576
0.179754
0.454959
0.152372
0.201964
0.389693
0.435477
0.466547
0.338708
0.138560
0.287668
0.019012
0.047338
0.280004
0.276175
0.018995
0.001121
0.276048
0.236877
0.438150
0.238345
0.202963
0.283569
0.316337
0.216314
0.389345
0.070362
0.123607
0.177971
0.160666
0.370151
0.043835
0.090148
0.036789
0.416904
0.043113
0.447345
0.306836
0.413298
0.399701
0.004523
0.175994
0.277943
0.197269
0.580365
0.003594
0.499156
0.635652
0.003439
0.090113
0.104138
0.000731
0.345780
0.257170
0.289231
0.186206
0.030070
0.169559
0.238465
0.114251
0.269027
0.558317
0.306966
0.180232
0.421797
0.145947
0.505697
0.506768
0.114784
0.166325
0.235613
0.336331
0.170355
0.011852
0.073334
0.126864
0.114044
0.193029
0.443839
0.123158
0.412861
0.079298
0.588407
0.103418
0.311388
0.243553
0.040222
0.267646
0.552628
0.288814
0.419550
0.309752
0.237846
0.154574
0.242949
0.173685
0.279797
0.313802
0.098836
0.107035
0.016343
0.282937
0.143091
0.434580
0.328239
0.290542
0.053278
0.083684
0.120368
0.217588
0.005986
0.259548
0.251169
0.427936
0.050786
0.045408
0.296645
0.511877
0.326194
0.060013
0.328185
0.192217
0.136758
0.346682
0.101320
0.375963
0.093394
0.135102
0.093353
0.005004
0.239626
0.185104
0.337181
0.530392
0.059862
0.556678
0.329201
0.188322
0.312754
0.072798
0.093834
0.626112
0.138730
0.194706
0.128919
0.535891
0.027738
0.433177
0.199980
0.111150
0.029043
0.475776
0.386113
0.211044
0.076144
0.139089
0.354695
0.367281
0.205426
0.112621
0.035878
0.401244
0.300558
0.137413
0.116305
0.291284
0.365851
0.591727
0.294505
0.450044
0.259530
0.190100
0.424881
0.000286
0.324036
0.198009
0.084258
0.353488
0.066649
0.161110
0.274897
0.166534
0.097509
0.346491
0.075235
0.408890
0.084733
0.481662
0.015437
0.217107
0.324806
0.250729
0.280816
0.117384
0.178918
0.645328
0.107742
0.219231
0.219644
0.166594
0.335723
0.131046
0.268444
0.394441
0.024397
0.215755
0.044477
0.370092
0.305254
0.345207
0.487981
0.114815
0.342561
0.475773
0.049001
0.171836
0.348272
0.030369
0.434426
0.128301
0.109085
0.465243
0.225253
0.157267
0.015143
0.061991
0.280971
0.201807
0.123004
0.118832
0.510425
0.177373
0.257468
0.054458
0.282846
0.069471
0.481635
0.139937
0.675262
0.233436
0.100390
0.089509
0.100385
0.032775
0.126455
0.474806
0.197555
0.013697
0.316218
0.113521
0.393756
0.164732
0.114805
0.358385
0.251812
0.032053
0.614470
0.258956
0.209989
0.445406
0.278208
0.273339
0.065837
0.399118
0.106737
0.088815
0.107383
0.191477
0.116952
0.137859
0.186216
0.253599
0.153150
0.129019
0.188525
0.244708
0.235832
0.513822
0.134289
0.207465
0.358273
0.071117
0.308554
0.389000
0.322085
0.433295
0.446874
0.360544
0.129526
0.066826
0.163860
0.301163
0.352790
0.232128
0.565659
0.020295
0.182340
0.001940
0.019054
0.235861
0.504950
0.549823
0.073905
0.249335
0.312606
0.152434
0.297244
0.323213
0.008023
0.259749
0.487918
0.084990
0.625600
0.411741
0.030250
0.048301
0.207964
0.019668
0.302165
0.429720
0.139284
0.518030
0.040327
0.439106
0.499436
0.310676
0.180348
0.464244
0.353943
0.204177
0.167250
0.610794
0.081996
0.354978
0.201639
0.416625
0.353381
0.340675
0.037023
0.221378
0.044302
0.305743
0.207335
0.271579
0.337637
0.416743
0.030205
0.143589
0.250076
0.150784
0.094507
0.228134
0.301276
0.385786
0.036777
0.100167
0.212369
0.505927
0.068478
0.056718
0.316126
0.702547
0.029622
0.561950
0.098394
0.068585
0.320070
0.095837
0.480651
0.448318
0.114771
0.218409
0.163614
0.037406
0.428766
0.119142
0.044274
0.034126
0.346449
0.660251
0.103973
0.307543
0.134351
0.150751
0.449882
0.131727
0.241275
0.468498
0.072067
0.215560
0.169390
0.128852
0.004586
0.045562
0.496454
0.083163
0.194231
0.480025
0.234779
0.067080
0.240987
0.076444
0.521240
0.085539
0.658189
0.340166
0.004523
0.059265
0.078281
0.327602
0.488956
0.278515
0.097490
0.286380
0.540381
0.227790
0.282967
0.096276
0.256416
0.199932
0.052742
0.308262
0.219875
0.149593
0.223427
0.380463
0.257823
0.200227
0.103741
0.179076
0.057080
0.133892
0.025572
0.039896
0.145225
0.096642
0.255771
0.138000
0.161782
0.491015
0.399815
0.134709
0.147153
0.265617
0.178341
0.475213
0.306895
0.042367
0.037809
0.142728
0.313051
0.051799
0.120005
0.009037
0.335849
0.143578
0.257627
0.128937
0.298215
0.015563
0.392491
0.318147
0.045893
0.063335
0.197765
0.106281
0.106636
0.214556
0.033334
0.134780
0.390963
0.021450
0.257294
0.004805
0.052044
0.325108
0.309813
0.164931
0.256485
0.293436
0.406355
0.502569
0.077026
0.341107
0.050151
0.298739
0.242611
0.397075
0.131848
0.726830
0.238168
0.092975
0.049780
0.218301
0.282615
0.338033
0.284038
0.209685
0.060582
0.045949
0.340830
0.501800
0.164674
0.343375
0.169158
0.581833
0.138212
0.318428
0.066109
0.142113
0.631125
0.165967
0.133670
0.000143
0.733541
0.141885
0.097270
0.291303
0.064890
0.352672
0.135174
0.166777
0.278567
0.113078
0.272795
0.386103
0.127863
0.049506
0.416738
0.100504
0.414938
0.380611
0.067177
0.176986
0.300722
0.056957
0.188116
0.303029
0.037253
0.111408
0.112541
0.137960
0.549153
0.453569
0.015179
0.346976
0.132374
0.439687
0.290542
0.183072
0.106833
0.464823
0.086794
0.089564
0.339680
0.050782
0.194710
0.468682
0.207196
0.362633
0.364206
0.203362
0.209789
0.476115
0.260750
0.289041
0.319303
0.122056
0.310359
0.060816
0.050359
0.082829
0.038708
0.397674
0.197415
0.034412
0.040762
0.454894
0.023773
0.066035
0.264439
0.409971
0.468439
0.642058
0.299769
0.048163
0.312376
0.079654
0.307098
0.113638
0.271641
0.240675
0.090065
0.215591
0.029198
0.373822
0.208134
0.200707
0.428129
0.414804
0.070579
0.037332
0.469705
0.274746
0.415412
0.203368
0.490125
0.147444
0.220445
0.033485
0.490036
0.242210
0.365261
0.010986
0.242048
0.224450
0.412401
0.054290
0.327010
0.000296
0.356450
0.073009
0.048812
0.127070
0.161025
0.096024
0.307436
0.060945
0.178898
0.251166
0.067879
0.558706
0.244514
0.206423
0.512182
0.048653
0.130968
0.091456
0.354739
0.085077
0.387209
0.209938
0.042341
0.381516
0.385297
0.367385
0.229952
0.103437
0.266583
0.440909
0.084506
0.099907
0.491833
0.125756
0.503181
0.059718
0.073657
0.331607
0.431393
0.226504
0.468253
0.252572
0.060303
0.233067
0.334497
0.553467
0.303680
0.200511
0.290433
0.240540
0.033883
0.011124
0.425328
0.385012
0.346494
0.407227
0.232441
0.108476
0.085136
0.333510
0.091365
0.013788
0.216922
0.128006
0.333479
0.043168
0.089138
0.407647
0.076769
0.333178
0.344268
0.455940
0.158814
0.173188
0.019419
0.628318
0.217616
0.037192
0.182718
0.110243
0.428266
0.072171
0.153415
0.423243
0.372711
0.698607
0.478643
0.508516
0.169850
0.049397
0.245449
0.158865
0.267517
0.034735
0.409796
0.316542
0.587520
0.029720
0.209365
0.060095
0.406058
0.296110
0.051964
0.215034
0.136040
0.130826
0.076938
0.525684
0.206393
0.355993
0.236198
0.217676
0.184159
0.146633
0.215114
0.150265
0.008846
0.136591
0.049470
0.146212
0.020636
0.155646
0.190280
0.119726
0.065184
0.299182
0.036084
0.212508
0.451947
0.303918
0.136911
0.559775
0.178616
0.118256
0.516627
0.028831
0.330296
0.182822
0.171776
0.052833
0.012163
0.290031
0.161429
0.099318
0.092529
0.041202
0.099988
0.056031
0.279768
0.067586
0.253902
0.011574
0.462315
0.170859
0.005529
0.150605
0.061665
0.403149
0.299353
0.459644
0.152404
0.257751
0.096252
0.177083
0.400450
0.123692
0.162463
0.050514
0.012194
0.089853
0.035806
0.021054
0.616373
0.455397
0.084891
0.197444
0.350453
0.162246
0.227674
0.127324
0.454058
0.022266
0.433740
0.349863
0.595164
0.122461
0.576666
0.155046
0.563280
0.435693
0.124248
0.200741
0.431122
0.199585
0.107288
0.336137
0.214393
0.253467
0.041018
0.343635
0.122083
0.293513
0.393959
0.199362
0.543331
0.097482
0.226340
0.091852
0.004895
0.033644
0.393110
0.213590
0.469482
0.052728
0.236863
0.003120
0.152894
0.280206
0.263733
0.114348
0.068141
0.072626
0.076813
0.217070
0.293960
0.064431
0.019539
0.026800
0.051682
0.419320
0.284573
0.032803
0.147251
0.012522
0.285261
0.480822
0.016881
0.316597
0.059808
0.039435
0.011406
0.544135
0.103537
0.335422
0.429491
0.031512
0.300361
0.041085
0.058691
0.007307
0.208705
0.351008
0.122924
0.049732
0.144238
0.272937
0.142261
0.185814
0.184310
0.315687
0.225415
0.140813
0.165588
0.188542
0.120798
0.537114
0.241996
0.201917
0.036128
0.183155
0.230126
0.094581
0.233303
0.183921
0.074762
0.341021
0.424146
0.293032
0.132826
0.005668
0.376342
0.396636
0.198749
0.098309
0.068852
0.367774
0.136319
0.225770
0.401398
0.220716
0.067226
0.263861
0.228526
0.405314
0.181803
0.077177
0.365950
0.250954
0.320258
0.480162
0.157262
0.496796
0.129070
0.080873
0.355230
0.225681
0.081780
0.196257
0.557926
0.516778
0.028264
0.273576
0.450421
0.196306
0.262879
0.282930
0.319022
0.147220
0.087568
0.527807
0.076659
0.204453
0.410372
0.374265
0.236661
0.180119
0.047514
0.304654
0.167480
0.271943
0.050948
0.329913
0.223637
0.432358
0.240523
0.188729
0.571918
0.046249
0.290777
0.059475
0.009081
0.294265
0.331808
0.219474
0.282052
0.032445
0.052967
0.331422
0.256804
0.010098
0.190952
0.347342
0.494331
0.307403
0.035806
0.092258
0.018042
0.049346
0.096188
0.210400
0.138071
0.577622
0.524003
0.084019
0.150852
0.167102
0.483838
0.167333
0.197453
0.209359
0.422908
0.113394
0.328697
0.165260
0.177311
0.093320
0.036672
0.293904
0.137960
0.019083
0.625404
0.121080
0.011672
0.379015
0.036921
0.225071
0.170442
0.108122
0.376852
0.312532
0.075442
0.648317
0.157289
0.130993
0.394488
0.470145
0.426374
0.092610
0.425542
0.346447
0.159582
0.140883
0.144593
0.599165
0.033776
0.141817
0.196558
0.257799
0.300761
0.087485
0.384627
0.012526
0.349402
0.253042
0.145082
0.275055
0.255260
0.242403
0.344179
0.485324
0.207695
0.047944
0.216804
0.378196
0.133191
0.129274
0.399777
0.081821
0.465080
0.163030
0.007672
0.110838
0.036066
0.377400
0.006184
0.552700
0.654313
0.130243
0.505589
0.232203
0.099479
0.169848
0.476693
0.072276
0.038495
0.263627
0.039487
0.211727
0.003530
0.193039
0.008601
0.018662
0.031161
0.370033
0.218953
0.441801
0.416053
0.328015
0.293817
0.163103
0.376270
0.400058
0.326118
0.246081
0.059446
0.184929
0.105794
0.613009
0.042212
0.377141
0.307864
0.142942
0.426148
0.135307
0.325776
0.145175
0.093549
0.158738
0.460769
0.282072
0.349150
0.306575
0.135494
0.641287
0.029296
0.031615
0.048242
0.211639
0.100058
0.244670
0.193097
0.380062
0.696262
0.064307
0.074796
0.486276
0.215256
0.532978
0.165314
0.409574
0.412668
0.264684
0.115067
0.675037
0.065897
0.084376
0.236065
0.319475
0.281861
0.006798
0.175145
0.197775
0.290131
0.107027
0.292981
0.117128
0.043404
0.296553
0.402771
0.014845
0.122701
0.101160
0.707483
0.554001
0.096138
0.361088
0.004145
0.140339
0.403703
0.469374
0.303122
0.091927
0.136485
0.036933
0.503050
0.235071
0.508777
0.265621
0.407815
0.169155
0.433840
0.442108
0.139325
0.574334
0.189324
0.100840
0.297860
0.173387
0.331717
0.346204
0.146236
0.076568
0.058455
0.307143
0.116430
0.411894
0.195719
0.055244
0.194835
0.089818
0.596941
0.409860
0.240012
0.410214
0.114974
0.295230
0.075494
0.235645
0.056907
0.192267
0.369329
0.541050
0.464915
0.227040
0.127785
0.000145
0.630985
0.196080
0.142155
0.281968
0.122139
0.266067
0.017528
0.152415
0.216546
0.064864
0.068315
0.272878
0.283372
0.145207
0.034655
0.115705
0.206104
0.358712
0.319692
0.070803
0.275371
0.386214
0.019814
0.016582
0.125347
0.016531
0.454279
0.380223
0.525803
0.318082
0.037030
0.344212
0.690414
0.089695
0.463366
0.118519
0.123236
0.049822
0.293456
0.039272
0.165719
0.042204
0.376892
0.117791
0.041899
0.241040
0.565683
0.478834
0.385654
0.423675
0.111606
0.548131
0.072188
0.308141
0.287329
0.479964
0.117672
0.110339
0.163869
0.066411
0.241428
0.074857
0.156062
0.567922
0.211576
0.321015
0.120034
0.203827
0.201161
0.249652
0.101331
0.430657
0.144849
0.145517
0.440047
0.126672
0.247111
0.098826
0.013690
0.148226
0.254169
0.445264
0.063801
0.138692
0.311838
0.309300
0.273307
0.195819
0.017034
0.250302
0.133509
0.222766
0.096506
0.456396
0.274954
0.068669
0.222121
0.557365
0.522593
0.351867
0.186544
0.329002
0.312132
0.413850
0.391945
0.332570
0.440628
0.071031
0.360944
0.214063
0.014374
0.289305
0.299596
0.493745
0.304973
0.033972
0.093648
0.088368
0.096838
0.248579
0.203580
0.091135
0.424766
0.111194
0.034995
0.114713
0.074230
0.248674
0.245005
0.061090
0.359220
0.007531
0.236623
0.003387
0.324856
0.060349
0.254846
0.308087
0.359222
0.172749
0.258443
0.623241
0.340173
0.314295
0.307693
0.545261
0.249909
0.275290
0.498778
0.222328
0.047449
0.241040
0.419431
0.179139
0.010971
0.223976
0.199604
0.103501
0.101632
0.314876
0.360225
0.258287
0.152972
0.293282
0.561200
0.189161
0.023795
0.210351
0.156357
0.172992
0.102254
0.387814
0.092001
0.005662
0.258072
0.164313
0.211886
0.265134
0.466360
0.139725
0.101492
0.237097
0.558339
0.262602
0.519855
0.021502
0.024135
0.058135
0.132189
0.218212
0.200161
0.070862
0.124608
0.033260
0.470865
0.257656
0.098848
0.471784
0.299552
0.104502
0.376873
0.484101
0.383358
0.253794
0.123482
0.104131
0.249800
0.245658
0.151212
0.107778
0.182174
0.298301
0.109474
0.022561
0.230715
0.084948
0.061056
0.065334
0.190473
0.133782
0.283230
0.503909
0.118003
0.466686
0.252810
0.048012
0.365950
0.008316
0.085477
0.472132
0.229914
0.247735
0.063027
0.184993
0.246950
0.493711
0.039076
0.132860
0.057697
0.480199
0.157445
0.091137
0.359820
0.223350
0.218104
0.268406
0.151063
0.032240
0.024835
0.125321
0.202152
0.363228
0.045894
0.018763
0.141250
0.277125
0.079487
0.418283
0.033984
0.491237
0.212929
0.041963
0.131295
0.359457
0.045009
0.008756
0.128227
0.297996
0.291007
0.121340
0.182342
0.166728
0.285310
0.476473
0.074350
0.108110
0.232635
0.229341
0.350204
0.494184
0.067542
0.215579
0.374191
0.037689
0.332039
0.277620
0.070398
0.158763
0.149609
0.589197
0.236604
0.191921
0.323829
0.029996
0.440432
0.120495
0.478172
0.030144
0.110747
0.207221
0.485169
0.289457
0.116584
0.238293
0.265903
0.507815
0.052835
0.128901
0.368196
0.039262
0.384114
0.550118
0.155961
0.201817
0.298070
0.095382
0.293559
0.231876
0.077126
0.265213
0.517606
0.171805
0.066077
0.305095
0.074681
0.048858
0.423654
0.093430
0.016725
0.639419
0.222869
0.131756
0.164283
0.064568
0.200361
0.330440
0.545212
0.101260
0.498610
0.333009
0.401226
0.053146
0.176216
0.191512
0.389565
0.487678
0.245598
0.190338
0.528250
0.050014
0.183979
0.223586
0.183965
0.284106
0.095699
0.367859
0.053951
0.064869
0.588550
0.037464
0.182691
0.078414
0.438649
0.156921
0.121053
0.232954
0.184871
0.445744
0.100509
0.175176
0.413486
0.304114
0.096266
0.142501
0.071364
0.189503
0.082232
0.257646
0.035274
0.294792
0.035165
0.237519
0.055783
0.032975
0.486019
0.439410
0.012060
0.153553
0.158321
0.572723
0.229192
0.048355
0.314705
0.218544
0.010082
0.360835
0.044093
0.447047
0.119675
0.126444
0.187695
0.281597
0.289957
0.146645
0.019490
0.196955
0.512964
0.256213
0.250210
0.492699
0.139878
0.156715
0.435845
0.161843
0.269927
0.373198
0.471411
0.105856
0.521467
0.086861
0.118023
0.300128
0.182443
0.094935
0.593290
0.040072
0.340880
0.376591
0.076909
0.273060
0.181881
0.246325
0.206981
0.016075
0.231442
0.097339
0.461928
0.113126
0.064771
0.227600
0.370186
0.024289
0.148783
0.414341
0.426292
0.374795
0.045837
0.063707
0.026132
0.314201
0.223739
0.135126
0.137396
0.265945
0.156434
0.205329
0.006196
0.037081
0.302654
0.244486
0.269230
0.273499
0.074971
0.072283
0.211659
0.425797
0.274760
0.307493
0.328400
0.062688
0.519999
0.334666
0.053387
0.437414
0.189576
0.417999
0.190850
0.214801
0.564937
0.367108
0.322546
0.211893
0.086003
0.531101
0.243141
0.257887
0.566568
0.407881
0.368484
0.050074
0.035719
0.010506
0.145272
0.062033
0.136923
0.173858
0.244453
0.045796
0.012689
0.194792
0.126675
0.109784
0.188446
0.275378
0.219521
0.371094
0.232705
0.261797
0.285923
0.158617
0.096360
0.083406
0.002261
0.247995
0.641104
0.571671
0.076281
0.061829
0.293284
0.519006
0.343273
0.039640
0.126447
0.203883
0.034189
0.524722
0.324913
0.151466
0.445414
0.134488
0.231901
0.116924
0.559339
0.371454
0.011273
0.390866
0.044426
0.191540
0.375787
0.226807
0.075696
0.381958
0.236663
0.030922
0.042706
0.052860
0.341836
0.121616
0.416981
0.282405
0.090860
0.459353
0.137910
0.052505
0.185679
0.176266
0.011603
0.175757
0.583290
0.327032
0.184079
0.483715
0.213106
0.216356
0.130276
0.170920
0.481845
0.338959
0.072958
0.024886
0.465805
0.369028
0.388287
0.036096
0.135750
0.564935
0.058702
0.149310
0.370713
0.068263
0.127340
0.256685
0.024633
0.052111
0.358954
0.383891
0.012148
0.200745
0.207898
0.070003
0.502704
0.604700
0.207038
0.013022
0.089987
0.406082
0.450603
0.632874
0.101686
0.294711
0.316637
0.128973
0.260369
0.244401
0.465693
0.311387
0.177163
0.053585
0.113622
0.451149
0.186039
0.320001
0.395064
0.035093
0.212894
0.292847
0.149633
0.110899
0.173635
0.179643
0.202276
0.030143
0.103219
0.134575
0.027087
0.195425
0.176126
0.579004
0.049797
0.039364
0.336840
0.480965
0.047746
0.183527
0.199066
0.074006
0.176494
0.166543
0.348005
0.346969
0.188571
0.044916
0.492913
0.330623
0.186002
0.479335
0.169812
0.416877
0.193103
0.247611
0.280658
0.097450
0.203308
0.062875
0.086778
0.402209
0.094640
0.079933
0.060505
0.145438
0.166350
0.370621
0.353760
0.476615
0.687590
0.232401
0.145609
0.447972
0.276724
0.500580
0.202623
0.537132
0.037423
0.135133
0.189663
0.290625
0.344906
0.367909
0.189386
0.178767
0.293053
0.393726
0.209102
0.036333
0.244058
0.087351
0.341226
0.730322
0.026252
0.349682
0.100550
0.263477
0.262274
0.423876
0.116876
0.067166
0.158102
0.498018
0.429086
0.152681
0.380554
0.353567
0.211524
0.414145
0.202191
0.295689
0.006800
0.167610
0.359752
0.028184
0.053885
0.273480
0.224449
0.178479
0.004131
0.221286
0.150853
0.149639
0.379311
0.399237
0.523470
0.109101
0.104767
0.043998
0.025382
0.485117
0.441059
0.112663
0.206979
0.219859
0.443630
0.288569
0.073653
0.020069
0.236345
0.616901
0.116552
0.011345
0.457247
0.479088
0.360575
0.267301
0.110317
0.458079
0.108456
0.122442
0.511829
0.320330
0.284181
0.006686
0.636008
0.247228
0.079374
0.107934
0.236412
0.037204
0.001481
0.177039
0.017376
0.453504
0.010517
0.305842
0.053593
0.209714
0.058669
0.186548
0.437097
0.367629
0.266196
0.047186
0.245363
0.541643
0.303389
0.210184
0.126796
0.198472
0.167124
0.063863
0.205239
0.296182
0.373301
0.584159
0.297179
0.121950
0.340884
0.156080
0.296176
0.107639
0.269595
0.457074
0.336161
0.165806
0.146943
0.114921
0.169716
0.402067
0.110848
0.178108
0.243392
0.158306
0.147243
0.401045
0.538842
0.590498
0.419613
0.052847
0.206621
0.205485
0.205414
0.415091
0.344690
0.224049
0.018463
0.170506
0.305184
0.072540
0.445336
0.381202
0.143832
0.008029
0.402885
0.048887
0.158698
0.433727
0.057289
0.219315
0.401045
0.111703
0.326840
0.479210
0.295828
0.417150
0.194604
0.025117
0.323180
0.001233
0.358379
0.677894
0.285584
0.006672
0.347270
0.046735
0.306914
0.376843
0.366364
0.706207
0.257107
0.066377
0.253969
0.109742
0.341060
0.506087
0.225229
0.105826
0.328327
0.657081
0.392593
0.007096
0.069716
0.086581
0.073132
0.002411
0.264501
0.081266
0.639434
0.088560
0.502935
0.098684
0.110429
0.341392
0.012640
0.068390
0.344904
0.171719
0.539297
0.310298
0.304003
0.361108
0.116673
0.325842
0.180582
0.027113
0.004318
0.140748
0.011320
0.402886
0.117783
0.909217
0.390566
0.256144
0.234153
0.078214
0.002218
0.415591
0.325902
0.059644
0.070504
0.389580
0.098903
0.153641
0.657709
0.312543
0.150711
0.282745
0.152063
0.118083
0.369702
0.394967
0.093532
0.206391
0.343266
0.383313
0.032482
0.105645
0.151777
0.321904
0.134698
0.532897
0.183097
0.696764
0.349081
0.110155
0.165510
0.094319
0.003155
0.432621
0.111315
0.053611
0.299572
0.396038
0.101249
0.505472
0.264158
0.064774
0.055321
0.474803
0.355031
0.263598
0.261414
0.342200
0.003722
0.088419
0.041561
0.083544
0.262788
0.436445
0.014399
0.252810
0.123349
0.019747
0.194718
0.430300
0.114123
0.194970
0.192016
0.095446
0.385553
0.146809
0.060876
0.013278
0.271424
0.683342
0.062133
0.169922
0.096472
0.064127
0.160783
0.378114
0.299629
0.184318
0.188149
0.437640
0.093965
0.197222
0.351978
0.063858
0.108920
0.108788
0.050025
0.570280
0.150699
0.391944
0.195123
0.087910
0.244522
0.112985
0.423445
0.317852
0.175801
0.198946
0.221509
0.407501
0.190240
0.104212
0.435713
0.133047
0.264006
0.379537
0.306205
0.162999
0.206751
0.205099
0.497982
0.303563
0.220452
0.275604
0.092857
0.078968
0.039545
0.335419
0.004343
0.425799
0.300480
0.003920
0.654873
0.223080
0.179447
0.079020
0.345216
0.103526
0.513424
0.328406
0.431897
0.016841
0.211496
0.377784
0.009946
0.256818
0.091755
0.580647
0.171275
0.015957
0.382689
0.021342
0.225870
0.439965
0.289269
0.409226
0.319142
0.007034
0.540047
0.125195
0.261044
0.466797
0.342411
0.012287
0.317382
0.527048
0.109363
0.201062
0.217280
0.141537
0.014897
0.218165
0.232787
0.155121
0.073843
0.269377
0.065942
0.066464
0.357254
0.568735
0.118003
0.252246
0.487078
0.288027
0.304690
0.460124
0.033524
0.124732
0.467350
0.342146
0.074349
0.085542
0.223823
0.612904
0.634328
0.268802
0.374638
0.067474
0.223403
0.229882
0.221935
0.181471
0.188713
0.616220
0.141166
0.097489
0.063208
0.210691
0.243265
0.116705
0.134916
0.266342
0.291841
0.015452
0.420422
0.370775
0.032935
0.005421
0.269323
0.031066
0.001544
0.436209
0.101006
0.426184
0.029827
0.555894
0.178581
0.084234
0.312287
0.490914
0.081079
0.102388
0.154030
0.466852
0.076563
0.549082
0.044254
0.326855
0.231269
0.190010
0.065893
0.135853
0.004992
0.266849
0.391142
0.063472
0.401767
0.600705
0.086803
0.047293
0.135387
0.261208
0.061317
0.155932
0.372775
0.354612
0.143641
0.338894
0.519720
0.018062
0.131163
0.038866
0.146141
0.407681
0.280423
0.541444
0.138613
0.182338
0.304631
0.034091
0.508648
0.238021
0.183070
0.503100
0.233930
0.375754
0.532143
0.037467
0.050494
0.194730
0.436843
0.439359
0.229598
0.255834
0.035446
0.011722
0.583886
0.220448
0.035987
0.639575
0.266698
0.166461
0.419406
0.039197
0.384059
0.019924
0.303114
0.197045
0.110568
0.417507
0.071628
0.273916
0.470283
0.194507
0.208878
0.279905
0.418613
0.004299
0.104315
0.282858
0.183630
0.051436
0.249451
0.030944
0.148743
0.325739
0.468954
0.077121
0.236487
0.076596
0.066186
0.398835
0.324394
0.153599
0.324559
0.034478
0.315386
0.282442
0.323434
0.038703
0.289286
0.445575
0.013310
0.134158
0.458219
0.180715
0.175142
0.024583
0.229758
0.217496
0.059784
0.660052
0.503905
0.156311
0.117975
0.299947
0.085029
0.562448
0.482854
0.432119
0.142203
0.135595
0.223565
0.072296
0.058383
0.519714
0.194488
0.036200
0.352349
0.165567
0.449536
0.205594
0.438748
0.223116
0.318936
0.239805
0.153996
0.255126
0.019432
0.202629
0.062571
0.029500
0.762615
0.458639
0.380607
0.192903
0.081455
0.452462
0.348666
0.184760
0.345146
0.181426
0.365440
0.636079
0.182912
0.245441
0.086332
0.162302
0.337478
0.475742
0.073280
0.734306
0.478203
0.093069
0.075936
0.240724
0.596661
0.472595
0.285195
0.205958
0.004944
0.088425
0.248143
0.277237
0.183266
0.287684
0.566995
0.274171
0.023046
0.380826
0.104102
0.031299
0.415593
0.113966
0.320059
0.000750
0.661067
0.126916
0.399899
0.598838
0.361838
0.272139
0.212034
0.251580
0.388143
0.104375
0.083305
0.368596
0.063768
0.083024
0.324758
0.150925
0.360128
0.341062
0.102938
0.246589
0.298656
0.176301
0.387476
0.248855
0.204744
0.254756
0.067211
0.155576
0.543372
0.350491
0.189731
0.292546
0.197605
0.110238
0.266586
0.152408
0.161788
0.467755
0.419897
0.201468
0.191752
0.080658
0.081805
0.294192
0.040744
0.271011
0.508749
0.494967
0.249944
0.480897
0.276039
0.291325
0.439329
0.070982
0.390250
0.119747
0.157374
0.060240
0.132527
0.277203
0.128910
0.195419
0.175718
0.410039
0.006106
0.037824
0.399843
0.397942
0.439844
0.420383
0.324069
0.094573
0.051703
0.139077
0.394090
0.093496
0.242327
0.068417
0.276221
0.571967
0.133441
0.579067
0.215003
0.431236
0.735948
0.315496
0.200934
0.026284
0.568313
0.034671
0.336982
0.318412
0.504259
0.228248
0.629880
0.053693
0.534262
0.169477
0.202683
0.033412
0.086472
0.308038
0.328195
0.260842
0.138584
0.186134
0.422027
0.156990
0.006256
0.100228
0.075790
0.034085
0.313568
0.263270
0.251739
0.108815
0.397902
0.384356
0.485152
0.079592
0.626521
0.182471
0.152532
0.330580
0.198779
0.163401
0.385437
0.195138
0.373824
0.235678
0.303130
0.022077
0.132901
0.086398
0.082239
0.494112
0.113798
0.303804
0.349949
0.057497
0.283936
0.174047
0.273031
0.158313
0.381345
0.148121
0.471796
0.286325
0.116234
0.064822
0.072011
0.377480
0.413946
0.134483
0.480410
0.389035
0.020604
0.202536
0.305011
0.403422
0.479330
0.374057
0.032787
0.232935
0.136598
0.610027
0.320478
0.014727
0.119398
0.243477
0.539352
0.146197
0.145347
0.404439
0.192542
0.332188
0.341915
0.405296
0.120319
0.083613
0.289000
0.346893
0.286963
0.356260
0.047965
0.070182
0.476048
0.093171
0.088110
0.408419
0.516553
0.541038
0.339855
0.338099
0.052930
0.126404
0.259099
0.030089
0.411838
0.013885
0.234662
0.485942
0.439463
0.210488
0.164848
0.267297
0.265532
0.340747
0.179839
0.202918
0.104049
0.173781
0.188798
0.419098
0.003587
0.356430
0.043910
0.304468
0.020056
0.175147
0.128856
0.265115
0.201427
0.000099
0.257171
0.133340
0.242014
0.045907
0.176982
0.054552
0.086160
0.094886
0.486206
0.006454
0.341175
0.205317
0.201784
0.493711
0.009020
0.205261
0.391044
0.099954
0.476996
0.395572
0.164768
0.003052
0.208637
0.046280
0.050047
0.105864
0.181115
0.190680
0.179088
0.184809
0.229714
0.305054
0.165265
0.385590
0.341650
0.029747
0.239709
0.293686
0.048945
0.184452
0.448647
0.557664
0.316881
0.143167
0.274706
0.001014
0.180895
0.365208
0.178212
0.242037
0.253637
0.043200
0.056796
0.060552
0.405070
0.527577
0.324568
0.074580
0.470721
0.257780
0.158504
0.127066
0.480228
0.050072
0.660215
0.354328
0.543776
0.227849
0.268193
0.098799
0.187798
0.048761
0.162332
0.043622
0.496914
0.403614
0.349074
0.293129
0.335779
0.095389
0.076821
0.444159
0.055924
0.125816
0.323462
0.171112
0.331263
0.022615
0.180466
0.099468
0.364848
0.331879
0.256042
0.147542
0.281355
0.181660
0.047755
0.306069
0.012683
0.008424
0.254888
0.414414
0.106511
0.133553
0.111537
0.124690
0.311248
0.071872
0.075026
0.342196
0.036383
0.411578
0.011601
0.025419
0.026687
0.201088
0.011199
0.606940
0.069586
0.336900
0.009726
0.337837
0.014750
0.480487
0.474986
0.027017
0.386125
0.076821
0.334654
0.248713
0.032195
0.128042
0.307884
0.327586
0.231171
0.239619
0.213729
0.372068
0.231051
0.159752
0.141059
0.236885
0.199553
0.318359
0.229725
0.332838
0.197608
0.541806
0.276463
0.262940
0.299993
0.216774
0.364428
0.390245
0.188214
0.369797
0.100639
0.159857
0.483505
0.183146
0.239698
0.234430
0.344667
0.295978
0.229139
0.127382
0.049765
0.306458
0.180149
0.375325
0.485381
0.388080
0.060740
0.240381
0.097419
0.399858
0.352646
0.059801
0.495469
0.259155
0.262626
0.434901
0.142768
0.539688
0.216438
0.001127
0.180905
0.344082
0.213201
0.108518
0.333839
0.311434
0.133132
0.148301
0.448091
0.165310
0.294041
0.103829
0.308052
0.050773
0.119135
0.402564
0.100745
0.409732
0.191271
0.498247
0.272158
0.078774
0.024156
0.320241
0.242059
0.141631
0.031342
0.276360
0.099267
0.598584
0.021749
0.265837
0.158352
0.033649
0.147788
0.058327
0.107775
0.207376
0.037691
0.053567
0.479105
0.009089
0.027264
0.373762
0.195574
0.189764
0.310928
0.369824
0.426293
0.479410
0.232558
0.029087
0.040592
0.059549
0.221743
0.572939
0.053606
0.604295
0.482016
0.235389
0.005248
0.098750
0.361496
0.129934
0.190649
0.271338
0.453817
0.116472
0.125731
0.164784
0.368094
0.233678
0.077357
0.021678
0.072863
0.122618
0.723308
0.266151
0.026473
0.175535
0.165094
0.252336
0.001823
0.208263
0.717023
0.129003
0.037862
0.380741
0.162731
0.079705
0.117768
0.538576
0.510065
0.008862
0.653848
0.660226
0.327913
0.222535
0.093926
0.321203
0.076348
0.273953
0.194688
0.050918
0.183266
0.077450
0.567417
0.206970
0.408280
0.152375
0.015928
0.487112
0.332833
0.189110
0.271354
0.639329
0.167792
0.388338
0.271591
0.322463
0.074419
0.490531
0.296660
0.147145
0.433570
0.429012
0.152436
0.067443
0.015041
0.587900
0.107556
0.558527
0.305025
0.066194
0.396696
0.025659
0.060029
0.294055
0.590714
0.007093
0.201584
0.223638
0.246298
0.378968
0.164085
0.423177
0.182551
0.154206
0.154732
0.321949
0.079671
0.557658
0.661708
0.352509
0.144133
0.295412
0.345646
0.530112
0.629114
0.394807
0.176388
0.213640
0.121721
0.693501
0.156664
0.517077
0.009876
0.015712
0.135915
0.119622
0.425262
0.093444
0.023284
0.082717
0.503297
0.370060
0.294901
0.321450
0.165159
0.748837
0.161571
0.027244
0.082929
0.277085
0.244312
0.092934
0.271406
0.419254
0.593613
0.086229
0.267685
0.247141
0.139453
0.618641
0.211332
0.392596
0.445660
0.400430
0.029152
0.480187
0.224581
0.012991
0.217126
0.244660
0.068506
0.317483
0.031779
0.237844
0.432896
0.140842
0.254948
0.254097
0.442940
0.558354
0.157701
0.019681
0.175374
0.187327
0.453402
0.445159
0.137886
0.299880
0.384223
0.052400
0.326449
0.301610
0.581813
0.151405
0.037201
0.206251
0.500692
0.204181
0.419629
0.386356
0.481341
0.207114
0.141648
0.674181
0.012810
0.465535
0.490818
0.133821
0.106000
0.312110
0.278543
0.098502
0.195019
0.341900
0.269012
0.180687
0.187811
0.526687
0.503622
0.005995
0.016254
0.017782
0.489569
0.630076
0.423490
0.571568
0.387310
0.470744
0.040738
0.024880
0.132090
0.182283
0.412435
0.344432
0.399178
0.315633
0.018212
0.167193
0.770014
0.201438
0.131897
0.148541
0.055230
0.189711
0.091868
0.025192
0.196244
0.137982
0.252495
0.218298
0.209263
0.317435
0.281832
0.024769
0.314404
0.424528
0.469259
0.148325
0.380252
0.402260
0.199909
0.044892
0.025659
0.040882
0.157141
0.631017
0.298570
0.043267
0.085771
0.290521
0.344911
0.057680
0.297856
0.090131
0.137947
0.134274
0.052944
0.063940
0.386392
0.019113
0.321153
0.048612
0.257115
0.175381
0.060417
0.460218
0.237585
0.437753
0.052187
0.263441
0.266563
0.132259
0.450586
0.619847
0.155038
0.361316
0.205517
0.089971
0.157042
0.181782
0.118833
0.661200
0.041278
0.060149
0.196330
0.373905
0.083191
0.095833
0.066465
0.253198
0.234958
0.143531
0.104841
0.166033
0.304291
0.414526
0.216629
0.086303
0.174966
0.297032
0.159492
0.094710
0.503596
0.368654
0.326055
0.116788
0.122842
0.065190
0.051214
0.163780
0.014533
0.564165
0.173914
0.042947
0.323717
0.586616
0.341521
0.405361
0.152171
0.118711
0.314602
0.272256
0.287091
0.702028
0.355800
0.051823
0.199194
0.174343
0.161031
0.446082
0.311191
0.225919
0.016870
0.074420
0.096527
0.202767
0.116060
0.475891
0.093647
0.172779
0.462662
0.118891
0.160827
0.259189
0.070520
0.053378
0.265992
0.148627
0.517682
0.012354
0.059037
0.005833
0.375643
0.179016
0.349248
0.489762
0.079481
0.325708
0.222683
0.598304
0.043931
0.219347
0.535039
0.582159
0.116899
0.294455
0.265406
0.308506
0.210789
0.322958
0.468670
0.085006
0.177491
0.442392
0.533986
0.081801
0.451824
0.110986
0.105399
0.257656
0.192470
0.385549
0.712261
0.168248
0.260341
0.032915
0.295299
0.287096
0.474874
0.375771
0.083780
0.095030
0.031054
0.037991
0.385714
0.220281
0.399796
0.288951
0.275743
0.405082
0.618662
0.210993
0.700848
0.076250
0.151910
0.092853
0.092060
0.408020
0.193669
0.250419
0.089122
0.009702
0.401189
0.105131
0.069911
0.503790
0.439807
0.048936
0.125573
0.393638
0.687195
0.320436
0.073271
0.065114
0.478322
0.199307
0.166704
0.017727
0.215362
0.269564
0.011464
0.024904
0.215598
0.303404
0.176162
0.258892
0.390056
0.089013
0.395552
0.448619
0.054703
0.589682
0.395762
0.181067
0.418866
0.253562
0.020167
0.680601
0.261156
0.356987
0.090823
0.067278
0.247516
0.456777
0.045025
0.065335
0.146881
0.480862
0.159552
0.108352
0.475888
0.348530
0.236027
0.345210
0.421441
0.041457
0.108350
0.015586
0.085848
0.332959
0.100158
0.206493
0.467555
0.093995
0.096153
0.389555
0.143314
0.531620
0.347466
0.024121
0.336675
0.671844
0.160163
0.297822
0.022735
0.255916
0.574219
0.078872
0.444152
0.333544
0.063238
0.144214
0.352116
0.046569
0.294585
0.131984
0.345365
0.549176
0.113182
0.133359
0.057889
0.034104
0.179912
0.321909
0.080874
0.160045
0.132896
0.152346
0.451683
0.059228
0.537811
0.065164
0.682648
0.209658
0.290332
0.071816
0.333502
0.444845
0.417289
0.358522
0.002152
0.072839
0.143278
0.249584
0.139274
0.205693
0.486635
0.304208
0.360165
0.672018
0.180368
0.343779
0.119639
0.084100
0.254856
0.367358
0.362850
0.424635
0.366777
0.055663
0.114368
0.346283
0.071511
0.155301
0.505580
0.021440
0.088032
0.691295
0.395966
0.125829
0.155055
0.029869
0.008681
0.403428
0.458334
0.109286
0.423790
0.342740
0.275521
0.164514
0.342106
0.004705
0.740668
0.240281
0.117059
0.243280
0.275923
0.114639
0.343583
0.084512
0.416560
0.300085
0.334469
0.343914
0.210388
0.109506
0.714310
0.080252
0.436992
0.013550
0.340012
0.094436
0.182936
0.201111
0.206555
0.638694
0.035483
0.282855
0.336532
0.234226
0.090346
0.028907
0.037662
0.052437
0.108711
0.266414
0.109251
0.046561
0.227173
0.096797
0.278274
0.016546
0.330330
0.306442
0.189520
0.488112
0.209180
0.578722
0.317449
0.076551
0.331465
0.086296
0.045699
0.594973
0.119050
0.159571
0.015412
0.285275
0.050323
0.542448
0.278745
0.329543
0.215125
0.054569
0.558159
0.424872
0.019977
0.362442
0.167762
0.013522
0.555237
0.312404
0.181780
0.017484
0.343529
0.003949
0.501655
0.004906
0.035281
0.295067
0.335370
0.064880
0.663941
0.042887
0.296225
0.407092
0.054843
0.085674
0.340070
0.179397
0.130324
0.073842
0.095770
0.106085
0.373689
0.220199
0.140612
0.199786
0.315061
0.185885
0.095148
0.311414
0.432481
0.046746
0.002907
0.289601
0.221834
0.384689
0.217863
0.169881
0.142745
0.261528
0.310297
0.015757
0.029324
0.243496
0.333797
0.181757
0.369185
0.129467
0.314735
0.036260
0.313131
0.310951
0.394083
0.297057
0.308887
0.281257
0.289098
0.131026
0.111979
0.422171
0.201217
0.231786
0.245160
0.086730
0.424354
0.500609
0.290823
0.023126
0.049561
0.316281
0.192733
0.356991
0.464910
0.374230
0.261535
0.182648
0.216706
0.171478
0.048414
0.317556
0.160889
0.059600
0.378127
0.350892
0.128496
0.185679
0.183817
0.139141
0.221784
0.190335
0.079650
0.230168
0.056844
0.164776
0.350691
0.184237
0.167876
0.173760
0.045176
0.030756
0.551749
0.498852
0.004734
0.229214
0.008308
0.291065
0.407297
0.037020
0.296283
0.035759
0.041898
0.460462
0.508146
0.294576
0.320402
0.382210
0.292200
0.022044
0.663394
0.395584
0.261457
0.314061
0.175237
0.077831
0.356570
0.485870
0.040317
0.193719
0.193896
0.123918
0.107938
0.173141
0.460242
0.187057
0.697101
0.342883
0.268183
0.345906
0.073791
0.174768
0.113127
0.278369
0.002580
0.113090
0.271255
0.124912
0.196083
0.274787
0.629735
0.079012
0.068326
0.132594
0.236007
0.357423
0.088608
0.233164
0.669860
0.182965
0.137669
0.042326
0.081090
0.181531
0.078051
0.452926
0.438299
0.185786
0.224395
0.210312
0.098204
0.066533
0.182509
0.364305
0.037408
0.083514
0.005831
0.064219
0.207564
0.520677
0.395493
0.061205
0.178969
0.042105
0.616603
0.485832
0.146678
0.715785
0.254590
0.183759
0.277931
0.283229
0.205731
0.316407
0.012564
0.148967
0.275812
0.559439
0.098123
0.360493
0.122709
0.322373
0.024705
0.102926
0.029690
0.337482
0.496107
0.486674
0.185365
0.231736
0.060357
0.212142
0.238109
0.049066
0.106962
0.528863
0.129403
0.056174
0.403321
0.347548
0.107703
0.198220
0.297199
0.054755
0.246140
0.121362
0.460029
0.257533
0.119559
0.202538
0.314033
0.249960
0.027750
0.495768
0.223889
0.236324
0.326535
0.377451
0.083198
0.045135
0.196042
0.112004
0.255994
0.637606
0.419505
0.136230
0.190617
0.093194
0.034036
0.544646
0.007993
0.399078
0.599647
0.492896
0.355388
0.554119
0.125037
0.260682
0.246865
0.199680
0.201375
0.075394
0.246994
0.051946
0.372019
0.337532
0.195734
0.385633
0.093993
0.159178
0.196447
0.163193
0.297158
0.140088
0.204181
0.661386
0.001296
0.542093
0.042119
0.065887
0.302909
0.374667
0.074550
0.100842
0.199777
0.196992
0.583337
0.028998
0.302874
0.033155
0.284916
0.183300
0.248096
0.317261
0.134868
0.248869
0.450049
0.062837
0.073757
0.153909
0.007648
0.046312
0.062408
0.367123
0.156566
0.031371
0.011387
0.348622
0.620373
0.016804
0.059963
0.083073
0.079919
0.485058
0.553298
0.140263
0.059968
0.113312
0.396714
0.077635
0.060027
0.006933
0.439837
0.267702
0.238434
0.081160
0.243858
0.599014
0.093222
0.045281
0.094252
0.476847
0.404623
0.027535
0.169197
0.396637
0.103006
0.101382
0.441563
0.223643
0.073831
0.019387
0.463882
0.011278
0.026644
0.017717
0.238975
0.410520
0.060288
0.252623
0.045041
0.318091
0.065827
0.199762
0.513106
0.520262
0.174393
0.051507
0.010726
0.323547
0.117676
0.129515
0.141827
0.003520
0.323513
0.117295
0.182263
0.390544
0.277082
0.243738
0.243881
0.017513
0.253940
0.614820
0.047377
0.062049
0.273056
0.434725
0.135780
0.050464
0.678873
0.102063
0.037828
0.612686
0.344427
0.140093
0.202966
0.354689
0.045246
0.346463
0.507836
0.419099
0.564264
0.122044
0.100060
0.099621
0.007810
0.299750
0.555795
0.435300
0.095227
0.236161
0.312569
0.006025
0.555831
0.644385
0.059119
0.117080
0.372142
0.290045
0.010332
0.296121
0.320997
0.186231
0.307081
0.011114
0.003714
0.637501
0.041251
0.147431
0.263396
0.261296
0.398295
0.061613
0.280888
0.381205
0.202044
0.004978
0.479943
0.125243
0.442147
0.662883
0.358844
0.603333
0.026583
0.261482
0.054720
0.019909
0.069949
0.188904
0.220327
0.073942
0.208020
0.496821
0.355589
0.126184
0.130187
0.061061
0.141137
0.179922
0.127044
0.282091
0.585130
0.138337
0.163956
0.167809
0.083938
0.397657
0.234633
0.051899
0.111761
0.199354
0.310478
0.085414
0.281813
0.446570
0.014084
0.382473
0.169873
0.026304
0.098489
0.219782
0.044440
0.468543
0.394383
0.583154
0.317171
0.048043
0.292462
0.048399
0.007239
0.503865
0.363391
0.057966
0.077936
0.248078
0.098702
0.204238
0.744292
0.165885
0.020935
0.444804
0.110682
0.431649
0.510519
0.376468
0.204324
0.009005
0.328807
0.493486
0.056808
0.419417
0.065408
0.061524
0.011402
0.402676
0.214618
0.440075
0.470045
0.102990
0.137371
0.366343
0.104640
0.275826
0.147481
0.361719
0.662347
0.183534
0.231521
0.453711
0.249570
0.242878
0.272757
0.027040
0.177374
0.332252
0.333563
0.448749
0.447866
0.230227
0.320169
0.089728
0.462021
0.267860
0.169936
0.547996
0.479426
0.218520
0.106324
0.044501
0.256971
0.016375
0.344729
0.069628
0.302172
0.472765
0.009537
0.066514
0.275959
0.648793
0.059696
0.273294
0.006197
0.326898
0.205435
0.294776
0.357630
0.066476
0.272651
0.133033
0.000886
0.186220
0.256435
0.128522
0.211292
0.367202
0.059166
0.403006
0.400955
0.529837
0.440062
0.052115
0.068756
0.106580
0.390398
0.133233
0.378875
0.467190
0.355850
0.289015
0.169216
0.129881
0.109821
0.296161
0.074641
0.283150
0.469896
0.191071
0.079571
0.289202
0.418783
0.195884
0.469453
0.075049
0.001200
0.061153
0.170367
0.273916
0.038614
0.717955
0.339685
0.049638
0.560053
0.467459
0.064236
0.133306
0.299300
0.291545
0.332290
0.434674
0.085696
0.123680
0.566525
0.601607
0.008731
0.377042
0.175784
0.381887
0.187048
0.005284
0.384614
0.150956
0.010723
0.662727
0.304162
0.420897
0.057204
0.138704
0.183963
0.057448
0.178176
0.372335
0.278344
0.081681
0.385325
0.568161
0.086860
0.347104
0.248873
0.196075
0.045478
0.322830
0.049634
0.104293
0.169079
0.344106
0.285245
0.261489
0.475925
0.521283
0.257015
0.172753
0.466945
0.580318
0.316954
0.499544
0.364212
0.124083
0.323316
0.135894
0.022991
0.240233
0.105273
0.592039
0.607837
0.108874
0.216146
0.014247
0.201947
0.453811
0.096045
0.126426
0.139791
0.397531
0.051268
0.056527
0.034762
0.055808
0.215138
0.000145
0.199512
0.189746
0.067465
0.102012
0.186948
0.305443
0.038102
0.000004
0.254277
0.084559
0.152055
0.133094
0.332397
0.089850
0.097202
0.373827
0.568000
0.008687
0.238533
0.360530
0.112588
0.038606
0.093332
0.246179
0.155627
0.653895
0.251405
0.210190
0.196620
0.098704
0.008982
0.214503
0.133702
0.223576
0.481545
0.071066
0.469344
0.612687
0.117023
0.375119
0.083827
0.396249
0.084420
0.315069
0.227710
0.199260
0.361510
0.189857
0.651006
0.275467
0.036644
0.202734
0.034679
0.182131
0.307409
0.356084
0.219929
0.177863
0.102986
0.155983
0.247490
0.000241
0.156276
0.558568
0.385186
0.461041
0.621655
0.007710
0.251736
0.448496
0.513571
0.158950
0.340208
0.254486
0.000221
0.058306
0.525099
0.448524
0.199800
0.324076
0.158508
0.122693
0.343816
0.045485
0.635418
0.116078
0.339030
0.293086
0.263095
0.323314
0.092635
0.535437
0.611992
0.074109
0.164978
0.426595
0.065017
0.325401
0.131259
0.547779
0.358662
0.201711
0.054564
0.261131
0.202171
0.396644
0.404838
0.068563
0.230228
0.474749
0.053142
0.392207
0.372279
0.059970
0.336881
0.230673
0.403779
0.045484
0.495135
0.231255
0.430207
0.489449
0.210056
0.377710
0.641135
0.221697
0.117057
0.010757
0.178628
0.463070
0.435994
0.478648
0.444495
0.209557
0.048858
0.353173
0.021869
0.441439
0.596034
0.520616
0.440327
0.017624
0.172945
0.105795
0.366361
0.652407
0.117463
0.222762
0.350409
0.160933
0.529890
0.300240
0.499401
0.220721
0.467453
0.338368
0.137870
0.434169
0.188622
0.009027
0.100494
0.039532
0.580439
0.437940
0.329749
0.427941
0.025870
0.550551
0.400256
0.129385
0.368631
0.122517
0.203217
0.430444
0.237816
0.077357
0.182322
0.059726
0.333949
0.426826
0.107524
0.235448
0.507172
0.382582
0.245706
0.327822
0.726852
0.278352
0.225612
0.255641
0.179074
0.075876
0.261456
0.077773
0.096761
0.079799
0.872681
0.059265
0.009893
0.432827
0.305036
0.109185
0.054716
0.238913
0.208357
0.119938
0.671416
0.049780
0.566590
0.555444
0.479954
0.123520
0.397945
0.177656
0.325057
0.213054
0.385549
0.321838
0.333604
0.160953
0.263604
0.065000
0.288950
0.173453
0.001754
0.266898
0.147135
0.046907
0.477547
0.178054
0.145434
0.400296
0.389298
0.081224
0.328261
0.268194
0.141155
0.310364
0.293113
0.242721
0.044307
0.373737
0.530338
0.306558
0.674346
0.051630
0.089945
0.242410
0.078509
0.100431
0.256905
0.255327
0.347029
0.600207
0.311154
0.445791
0.177200
0.284636
0.484672
0.219513
0.445620
0.050284
0.175681
0.091521
0.133882
0.167518
0.250649
0.405733
0.205127
0.140015
0.013454
0.118004
0.510375
0.265738
0.233918
0.029437
0.464241
0.206345
0.030620
0.194821
0.411188
0.138110
0.037556
0.112294
0.330791
0.761022
0.253627
0.523531
0.128833
0.235932
0.728553
0.277413
0.356255
0.131086
0.395986
0.247414
0.051266
0.333859
0.419639
0.429201
0.735721
0.047258
0.225482
0.021785
0.023688
0.119158
0.302907
0.278202
0.157146
0.326561
0.046228
0.155558
0.390201
0.118052
0.186909
0.184236
0.115226
0.286337
0.326550
0.313108
0.327730
0.142524
0.575469
0.262317
0.523369
0.068974
0.499328
0.264666
0.443931
0.270271
0.069244
0.312496
0.366186
0.068465
0.692910
0.054096
0.222533
0.286653
0.187058
0.168257
0.288290
0.231739
0.127884
0.437142
0.187141
0.139264
0.020929
0.099762
0.368374
0.149510
0.298506
0.092207
0.374018
0.008661
0.252355
0.079698
0.165134
0.174258
0.454599
0.038347
0.476113
0.145099
0.172306
0.166859
0.089317
0.353696
0.391545
0.090924
0.159056
0.287399
0.263214
0.406612
0.514350
0.102453
0.288602
0.191278
0.355531
0.063823
0.065001
0.321739
0.117389
0.204786
0.091376
0.240062
0.058036
0.201300
0.547050
0.125755
0.141176
0.589592
0.079314
0.051526
0.365476
0.062406
0.041787
0.223788
0.515565
0.183612
0.249308
0.092359
0.257076
0.166039
0.218816
0.141509
0.345337
0.133567
0.088850
0.466174
0.065565
0.233946
0.206689
0.396466
0.113750
0.266250
0.392372
0.468941
0.121049
0.221794
0.431864
0.363115
0.164669
0.275458
0.042004
0.360889
0.171953
0.346198
0.006843
0.195467
0.393896
0.155386
0.548129
0.120385
0.428016
0.141349
0.069209
0.352527
0.286840
0.059388
0.680398
0.050894
0.205359
0.073706
0.312217
0.342365
0.132657
0.123047
0.157329
0.082092
0.659035
0.315655
0.013283
0.092201
0.326299
0.048145
0.064970
0.449390
0.338697
0.303362
0.014629
0.324785
0.043054
0.486205
0.193545
0.644303
0.132036
0.193761
0.448924
0.411704
0.145917
0.149935
0.467146
0.481962
0.445921
0.134077
0.611279
0.109112
0.192180
0.234560
0.414616
0.331984
0.287992
0.009229
0.190460
0.024050
0.146354
0.339522
0.431553
0.120941
0.402838
0.164757
0.123712
0.175792
0.331924
0.054182
0.736303
0.442016
0.314238
0.291284
0.089197
0.057269
0.066606
0.501967
0.409515
0.150054
0.373603
0.343273
0.452686
0.169595
0.385682
0.171324
0.023454
0.499483
0.331300
0.106159
0.107360
0.354535
0.131301
0.087898
0.182865
0.168912
0.416780
0.346864
0.044643
0.007683
0.121485
0.290475
0.034663
0.309304
0.006008
0.200956
0.174745
0.415553
0.014108
0.372095
0.040329
0.005239
0.101102
0.088567
0.013205
0.489796
0.016982
0.432137
0.419172
0.114570
0.150722
0.369124
0.235267
0.564297
0.053286
0.200836
0.033352
0.508105
0.250181
0.364822
0.666228
0.255474
0.329593
0.087305
0.368186
0.544735
0.011992
0.393496
0.180863
0.314334
0.501338
0.230788
0.263088
0.371599
0.341415
0.150230
0.001357
0.254666
0.087647
0.457643
0.329485
0.442625
0.305326
0.228276
0.051254
0.291521
0.343261
0.482969
0.336941
0.436008
0.023820
0.595732
0.142273
0.120242
0.461154
0.294308
0.390228
0.350785
0.256351
0.265189
0.180442
0.194026
0.033162
0.197883
0.208493
0.360536
0.084899
0.504255
0.039959
0.393409
0.280088
0.353909
0.525999
0.184462
0.526820
0.101871
0.187293
0.216928
0.156579
0.331871
0.397058
0.013237
0.139473
0.478968
0.371261
0.065460
0.028482
0.088046
0.022320
0.012052
0.335159
0.171715
0.281162
0.151475
0.222337
0.128745
0.053512
0.248280
0.270076
0.551438
0.056501
0.369932
0.223874
0.392142
0.015945
0.301241
0.161220
0.038227
0.036878
0.343939
0.141205
0.606387
0.171019
0.186770
0.181700
0.077198
0.047236
0.093247
0.159961
0.214842
0.151156
0.318169
0.446310
0.118924
0.179140
0.249268
0.060350
0.388879
0.224403
0.301180
0.554756
0.404231
0.234085
0.029957
0.138659
0.127102
0.381046
0.738111
0.004156
0.456787
0.089105
0.415613
0.077961
0.191223
0.018644
0.174550
0.186506
0.224910
0.323289
0.057415
0.107466
0.302676
0.597722
0.273943
0.284715
0.058853
0.030886
0.327732
0.504671
0.251526
0.128716
0.164552
0.123210
0.196295
0.184652
0.183339
0.743174
0.050116
0.168836
0.047756
0.114910
0.023688
0.269865
0.365012
0.441538
0.153289
0.579311
0.710411
0.281287
0.064085
0.018739
0.009094
0.289035
0.364223
0.229537
0.041222
0.188689
0.045334
0.627850
0.425048
0.389530
0.006165
0.162080
0.626571
0.516702
0.174654
0.048620
0.621189
0.054750
0.636078
0.226300
0.303478
0.189999
0.598429
0.027393
0.038840
0.161290
0.412100
0.271963
0.054455
0.154367
0.599782
0.007922
0.374917
0.024978
0.264227
0.245024
0.023064
0.147007
0.509013
0.461370
0.141505
0.260226
0.190224
0.048691
0.164899
0.401313
0.548840
0.308559
0.254995
0.075438
0.295295
0.544024
0.511641
0.532086
0.317652
0.026537
0.195037
0.049611
0.399545
0.718579
0.347296
0.394095
0.170575
0.134429
0.418305
0.152761
0.626199
0.283895
0.226303
0.489373
0.368288
0.549621
0.144753
0.206095
0.057722
0.417866
0.188565
0.233810
0.300603
0.399255
0.475657
0.224948
0.063773
0.223233
0.261749
0.175123
0.142192
0.459744
0.312403
0.199372
0.149544
0.373860
0.068089
0.158515
0.395027
0.177525
0.029664
0.348653
0.325819
0.040652
0.230044
0.022715
0.064739
0.345697
0.079176
0.152623
0.575019
0.160090
0.244490
0.622714
0.036367
0.117548
0.302418
0.510587
0.602503
0.269257
0.142214
0.012587
0.361291
0.156985
0.032159
0.318623
0.244416
0.642201
0.229515
0.159709
0.014488
0.484040
0.117458
0.043595
0.430103
0.490959
0.175656
0.361680
0.273046
0.390031
0.129234
0.148914
0.453942
0.029221
0.246584
0.526728
0.231537
0.035413
0.423704
0.186622
0.153770
0.285935
0.493724
0.556019
0.121786
0.202863
0.469094
0.601749
0.067123
0.230323
0.114011
0.063166
0.628789
0.402739
0.499096
0.339758
0.431457
0.150687
0.426412
0.203402
0.057806
0.332907
0.019903
0.045794
0.377542
0.041873
0.252264
0.489078
0.059679
0.197488
0.057031
0.015237
0.176615
0.337487
0.150856
0.083888
0.290677
0.445792
0.062555
0.104831
0.343834
0.476398
0.139964
0.402636
0.244479
0.572445
0.186119
0.441391
0.372285
0.287830
0.015126
0.033885
0.120401
0.103082
0.607563
0.049248
0.112299
0.179511
0.149053
0.002772
0.036201
0.085272
0.178677
0.300855
0.131099
0.024471
0.033612
0.315707
0.182358
0.157607
0.171307
0.365757
0.179174
0.242821
0.271295
0.068201
0.287265
0.073924
0.015635
0.410292
0.016824
0.396792
0.356049
0.330081
0.470968
0.162965
0.161963
0.137475
0.242457
0.011930
0.470311
0.087766
0.113431
0.251109
0.501834
0.029232
0.058301
0.027993
0.084466
0.305438
0.172646
0.009461
0.129653
0.255062
0.660104
0.280435
0.324430
0.122517
0.004333
0.324713
0.075431
0.487553
0.473935
0.305248
0.028575
0.454072
0.040295
0.013571
0.280324
0.105599
0.548111
0.104539
0.115846
0.350715
0.295760
0.156205
0.382820
0.011337
0.148114
0.302076
0.082634
0.236453
0.637328
0.228856
0.177056
0.116248
0.152332
0.235391
0.327019
0.065806
0.280636
0.026938
0.115925
0.320646
0.116350
0.132503
0.536889
0.098809
0.059462
0.226123
0.202018
0.338858
0.420509
0.104308
0.489600
0.420093
0.217042
0.351267
0.085668
0.022495
0.060263
0.431313
0.494190
0.192678
0.524989
0.093724
0.403661
0.250142
0.284205
0.189819
0.022460
0.443073
0.310091
0.006910
0.413341
0.118724
0.274507
0.167603
0.322302
0.351890
0.104391
0.266610
0.352835
0.637839
0.112774
0.558916
0.000260
0.068843
0.238087
0.254257
0.143926
0.387496
0.229109
0.262177
0.022261
0.330782
0.218893
0.627591
0.234287
0.006757
0.244400
0.267633
0.044529
0.558126
0.122143
0.090352
0.250560
0.449458
0.454524
0.433041
0.095966
0.376442
0.013505
0.102554
0.447017
0.121827
0.515452
0.055485
0.311435
0.067428
0.074124
0.252792
0.304824
0.201032
0.372430
0.324492
0.208571
0.144038
0.358746
0.589620
0.108286
0.072639
0.152376
0.590925
0.153048
0.035505
0.194200
0.214167
0.193274
0.113575
0.189041
0.282323
0.637397
0.477092
0.275061
0.432836
0.129214
0.277861
0.348102
0.150743
0.472299
0.552861
0.033807
0.330230
0.376165
0.180320
0.505607
0.200709
0.410634
0.253818
0.015327
0.004227
0.374071
0.156635
0.056798
0.284014
0.285845
0.314284
0.066944
0.254480
0.388302
0.009269
0.336289
0.557426
0.133279
0.179528
0.156915
0.028096
0.260533
0.397985
0.336109
0.582647
0.019429
0.144573
0.318155
0.095737
0.513590
0.394554
0.067752
0.498331
0.600517
0.376664
0.505670
0.250505
0.275852
0.571921
0.140012
0.600903
0.242794
0.043531
0.038991
0.408878
0.126160
0.278004
0.236115
0.058277
0.422043
0.069556
0.262444
0.078342
0.002845
0.095066
0.310792
0.049588
0.182302
0.179449
0.296671
0.449894
0.280283
0.475492
0.110917
0.399860
0.340872
0.300492
0.220102
0.498877
0.646268
0.385105
0.473465
0.193018
0.100387
0.006882
0.086746
0.224047
0.269314
0.517626
0.329807
0.137063
0.376234
0.270320
0.252123
0.082377
0.306379
0.259664
0.254486
0.538534
0.439820
0.191029
0.100794
0.211784
0.294851
0.040306
0.279030
0.363412
0.231064
0.312165
0.469524
0.221905
0.221219
0.275197
0.194586
0.067004
0.255404
0.252886
0.195127
0.073852
0.337452
0.160866
0.164243
0.333303
0.205057
0.725261
0.003890
0.388870
0.181628
0.085972
0.273357
0.454422
0.004567
0.467793
0.093147
0.626369
0.417292
0.224453
0.154860
0.519540
0.346661
0.405917
0.019897
0.135753
0.060485
0.305940
0.112880
0.109036
0.456609
0.282078
0.222482
0.095656
0.001218
0.094639
0.075379
0.000586
0.238375
0.220845
0.286847
0.068223
0.034273
0.218426
0.094454
0.564567
0.004734
0.288885
0.088945
0.323825
0.507988
0.485058
0.372123
0.370531
0.002082
0.167191
0.037944
0.068443
0.517492
0.258076
0.117270
0.127509
0.360345
0.117425
0.602647
0.133128
0.357397
0.539843
0.075978
0.270979
0.281813
0.162482
0.276938
0.370581
0.189591
0.540674
0.245018
0.173128
0.289621
0.315862
0.143308
0.417993
0.020476
0.185937
0.187715
0.337324
0.062402
0.389964
0.033307
0.203747
0.310285
0.120712
0.029081
0.439182
0.064492
0.030595
0.203141
0.104431
0.026465
0.234570
0.291509
0.390090
0.242921
0.132424
0.137034
0.029594
0.214702
0.284616
0.109292
0.219464
0.558576
0.267612
0.225361
0.227798
0.244785
0.123188
0.238714
0.269023
0.081270
0.135119
0.462362
0.091499
0.171327
0.342512
0.397567
0.441638
0.090006
0.415276
0.180789
0.286028
0.110174
0.412712
0.598649
0.005374
0.218462
0.152592
0.197396
0.278702
0.045170
0.204502
0.200565
0.209573
0.422593
0.119407
0.027149
0.141758
0.113162
0.118101
0.489422
0.042061
0.258587
0.163206
0.284571
0.314017
0.146524
0.039674
0.426220
0.296360
0.408448
0.235714
0.332737
0.162401
0.139971
0.107072
0.295800
0.198203
0.123526
0.026467
0.074930
0.104156
0.162438
0.352999
0.017511
0.276130
0.036253
0.164037
0.198988
0.226538
0.190013
0.301152
0.182014
0.222525
0.219018
0.304209
0.146076
0.464746
0.268001
0.119773
0.313017
0.476668
0.352412
0.152564
0.476310
0.444701
0.106020
0.447623
0.370608
0.410386
0.050730
0.251396
0.041729
0.260047
0.497328
0.057436
0.061122
0.202132
0.357957
0.211776
0.291411
0.386407
0.248146
0.470752
0.395239
0.109035
0.158554
0.060269
0.257285
0.100039
0.097226
0.252191
0.102405
0.072283
0.046386
0.047524
0.171769
0.601638
0.110744
0.118001
0.208450
0.021659
0.290554
0.289337
0.576035
0.501206
0.122008
0.127759
0.128035
0.001734
0.025112
0.184504
0.531949
0.336454
0.233694
0.542036
0.143305
0.313458
0.169206
0.045607
0.251126
0.030976
0.171496
0.061864
0.167656
0.066676
0.099226
0.471353
0.124363
0.345770
0.211761
0.539656
0.096239
0.140535
0.711384
0.387858
0.101207
0.105534
0.235219
0.120645
0.132788
0.183990
0.258081
0.389592
0.453077
0.105625
0.272837
0.097661
0.622981
0.209598
0.025752
0.275321
0.289890
0.489575
0.515252
0.163872
0.231013
0.046422
0.544593
0.332259
0.325935
0.053053
0.308981
0.279312
0.114989
0.239596
0.283644
0.105179
0.197358
0.248809
0.081034
0.605976
0.092109
0.478936
0.009321
0.018709
0.270937
0.324231
0.149167
0.318654
0.290309
0.158905
0.090862
0.438871
0.276648
0.046963
0.041622
0.030353
0.384791
0.343156
0.557763
0.502303
0.014776
0.421970
0.454228
0.252498
0.467683
0.413025
0.058064
0.102045
0.359531
0.462939
0.330566
0.078216
0.077557
0.447809
0.073973
0.367084
0.240844
0.110710
0.305248
0.194866
0.350437
0.118206
0.235956
0.064572
0.126402
0.087234
0.020682
0.380998
0.135825
0.061930
0.354916
0.009440
0.528693
0.152498
0.133035
0.239241
0.265682
0.210343
0.181531
0.187538
0.324660
0.572488
0.254583
0.155665
0.340802
0.351921
0.101883
0.215005
0.339373
0.124136
0.272405
0.534338
0.092434
0.123843
0.105697
0.004525
0.229291
0.390982
0.189472
0.200488
0.013809
0.265868
0.203529
0.276432
0.037025
0.013033
0.055847
0.067378
0.386658
0.433513
0.036973
0.030204
0.032906
0.241882
0.072731
0.081501
0.208542
0.518872
0.110706
0.200095
0.220778
0.161381
0.518793
0.175464
0.117106
0.213933
0.320712
0.625011
0.059906
0.145888
0.376423
0.089136
0.037926
0.297730
0.316108
0.080863
0.069031
0.481206
0.148678
0.042356
0.063260
0.177087
0.157189
0.223400
0.194507
0.133883
0.534571
0.060585
0.249333
0.329264
0.370608
0.488810
0.029581
0.236450
0.158062
0.063685
0.106229
0.046349
0.322152
0.461774
0.270178
0.207668
0.418123
0.026788
0.248742
0.307500
0.163624
0.053719
0.752846
0.127203
0.095196
0.235692
0.294897
0.021401
0.017702
0.865295
0.041702
0.093795
0.488213
0.365166
0.209481
0.228254
0.397306
0.053012
0.190765
0.355909
0.185838
0.428341
0.224106
0.007112
0.158122
0.297056
0.070765
0.580632
0.454849
0.095868
0.194249
0.255610
0.213232
0.232619
0.584714
0.024786
0.229809
0.136928
0.188397
0.096725
0.215470
0.649201
0.060441
0.110342
0.136506
0.138152
0.510499
0.312881
0.072839
0.204975
0.425277
0.153993
0.056947
0.156325
0.385285
0.180020
0.265584
0.263939
0.280946
0.305684
0.661634
0.271086
0.348517
0.340773
0.599643
0.273131
0.134821
0.188144
0.052883
0.104556
0.153086
0.171442
0.143963
0.215526
0.299874
0.020725
0.169484
0.335792
0.243655
0.101600
0.397202
0.333444
0.038382
0.115466
0.096491
0.046841
0.615490
0.602462
0.033401
0.093147
0.314687
0.059410
0.226574
0.285302
0.284193
0.186243
0.238357
0.210918
0.182358
0.279428
0.269727
0.126718
0.567281
0.531307
0.058610
0.199291
0.219068
0.394326
0.123868
0.220414
0.504822
0.324002
0.142695
0.303948
0.095192
0.081043
0.158409
0.488188
0.008479
0.077971
0.462809
0.284860
0.509352
0.457092
0.393427
0.288602
0.182568
0.008247
0.338380
0.017428
0.643399
0.414028
0.259153
0.147603
0.325571
0.125525
0.293159
0.581484
0.242207
0.323614
0.471283
0.260864
0.219253
0.005427
0.456517
0.615448
0.111979
0.357588
0.434842
0.209468
0.347525
0.367183
0.459919
0.041006
0.314343
0.174189
0.511975
0.689536
0.562728
0.493174
0.219797
0.641895
0.026199
0.037107
0.490866
0.626249
0.068564
0.046399
0.443455
0.284648
0.064758
0.163953
0.030419
0.223676
0.730880
0.160258
0.151210
0.080557
0.291457
0.113098
0.317949
0.023473
0.236045
0.031415
0.315458
0.292732
0.189165
0.196252
0.029254
0.258719
0.188647
0.265910
0.420092
0.469236
0.545426
0.074670
0.340355
0.393312
0.501182
0.362623
0.096712
0.070208
0.018078
0.277431
0.001278
0.407327
0.390166
0.371864
0.115005
0.140045
0.175493
0.286181
0.364080
0.037201
0.143300
0.393688
0.239070
0.057572
0.181545
0.245262
0.168773
0.550612
0.116440
0.074673
0.191106
0.407386
0.064166
0.052332
0.651259
0.210975
0.017321
0.436658
0.391740
0.126073
0.166805
0.241194
0.372860
0.280074
0.361440
0.187778
0.244734
0.520395
0.699089
0.103516
0.268717
0.035424
0.105234
0.301493
0.018072
0.339158
0.157363
0.205354
0.490957
0.078519
0.151711
0.213755
0.261871
0.092191
0.075504
0.097162
0.203083
0.305594
0.075299
0.270723
0.474064
0.027490
0.525519
0.259089
0.248731
0.209600
0.368906
0.182837
0.107124
0.298883
0.377525
0.372018
0.393793
0.414481
0.330683
0.477240
0.009937
0.378849
0.537327
0.230248
0.380984
0.560297
0.141132
0.172541
0.114484
0.015378
0.435386
0.083307
0.322499
0.207324
0.132046
0.069217
0.207117
0.166962
0.249126
0.287095
0.185901
0.055159
0.125415
0.159158
0.190694
0.064988
0.073793
0.137532
0.134915
0.224906
0.025720
0.087583
0.249339
0.148257
0.351442
0.018651
0.163603
0.208465
0.187983
0.175678
0.110480
0.356926
0.111625
0.173228
0.201158
0.467944
0.101848
0.109255
0.277343
0.203736
0.013279
0.042254
0.052131
0.395459
0.563480
0.185237
0.014162
0.195889
0.247411
0.083546
0.353234
0.261085
0.229472
0.394587
0.208740
0.361895
0.451895
0.010835
0.674742
0.317629
0.556956
0.002123
0.026179
0.004832
0.062041
0.514138
0.002148
0.474615
0.220692
0.036500
0.369531
0.026547
0.071289
0.053679
0.013526
0.162773
0.119077
0.087083
0.388260
0.004052
0.118155
0.098418
0.322885
0.423713
0.179643
0.524219
0.075527
0.522859
0.367107
0.388348
0.605142
0.224862
0.340915
0.170556
0.008124
0.403210
0.640868
0.262649
0.006957
0.055288
0.274386
0.139153
0.094974
0.517353
0.334001
0.422337
0.149005
0.421313
0.341550
0.234210
0.467464
0.461749
0.223667
0.266369
0.354421
0.132670
0.341465
0.042217
0.776142
0.442773
0.239774
0.039536
0.435332
0.018407
0.485257
0.215315
0.135135
0.325127
0.697994
0.013547
0.117304
0.142893
0.142283
0.373615
0.296877
0.243222
0.116800
0.499202
0.404735
0.400593
0.239027
0.319667
0.373147
0.502403
0.213505
0.441162
0.064339
0.189844
0.487876
0.605937
0.326094
0.385380
0.319537
0.213458
0.406677
0.003766
0.175929
0.475892
0.406884
0.480229
0.127187
0.100646
0.179877
0.574190
0.405313
0.120816
0.303184
0.406920
0.217129
0.430251
0.249636
0.385581
0.112187
0.602943
0.306429
0.001853
0.503355
0.379525
0.264689
0.491911
0.074778
0.220908
0.135901
0.168684
0.398105
0.050025
0.259376
0.409794
0.085681
0.386596
0.385593
0.034217
0.249214
0.045001
0.076328
0.165509
0.227188
0.252654
0.332482
0.214510
0.347308
0.316776
0.590507
0.250786
0.521159
0.423426
0.067339
0.105160
0.301367
0.364176
0.189366
0.179918
0.406251
0.410661
0.238151
0.589351
0.021485
0.005538
0.224844
0.381005
0.305723
0.299730
0.376380
0.036119
0.331652
0.613577
0.173616
0.546160
0.424942
0.414953
0.136595
0.598478
0.038774
0.276350
0.078699
0.311043
0.333987
0.435020
0.097548
0.291247
0.011766
0.294994
0.060955
0.057961
0.259721
0.117421
0.249807
0.401248
0.096753
0.052618
0.452513
0.606062
0.029302
0.181903
0.277082
0.005941
0.193919
0.469161
0.309911
0.187852
0.344925
0.590665
0.157172
0.524865
0.218570
0.277731
0.580145
0.263360
0.237549
0.180737
0.282124
0.042297
0.431257
0.472814
0.143208
0.090868
0.341774
0.344287
0.212093
0.450474
0.383242
0.157444
0.070946
0.457563
0.152140
0.075419
0.414108
0.076672
0.009634
0.049111
0.261140
0.451077
0.075837
0.051434
0.013720
0.447781
0.271249
0.040560
0.095202
0.340885
0.243183
0.204707
0.073064
0.161927
0.570419
0.209427
0.140391
0.059299
0.249778
0.139346
0.136066
0.430505
0.144529
0.101455
0.343264
0.303336
0.557395
0.082738
0.475739
0.529256
0.225850
0.150057
0.200181
0.080005
0.341039
0.569611
0.012992
0.075159
0.310085
0.145975
0.034091
0.203148
0.083032
0.351658
0.168525
0.126009
0.598653
0.306205
0.239079
0.349114
0.366340
0.284027
0.295543
0.337735
0.195121
0.436801
0.234622
0.680255
0.117449
0.202118
0.426887
0.243201
0.352763
0.639349
0.008150
0.190944
0.338528
0.335862
0.111745
0.277337
0.007322
0.113347
0.284456
0.096668
0.193108
0.219676
0.079667
0.285166
0.291225
0.319802
0.282067
0.183662
0.460293
0.414287
0.165581
0.258520
0.152518
0.376699
0.123293
0.200771
0.137218
0.297775
0.038046
0.554919
0.194173
0.325172
0.374665
0.039450
0.285453
0.386729
0.101717
0.616379
0.185303
0.166574
0.133923
0.086714
0.259735
0.246083
0.210266
0.061963
0.129250
0.414929
0.171168
0.025617
0.104010
0.559860
0.040377
0.084139
0.502979
0.256771
0.117285
0.220280
0.000064
0.125375
0.107947
0.412132
0.127030
0.093303
0.000616
0.310378
0.046131
0.179407
0.159002
0.079985
0.204702
0.097871
0.236059
0.205584
0.104599
0.438204
0.171622
0.144473
0.292019
0.392836
0.620206
0.046498
0.223916
0.384764
0.218686
0.219696
0.160385
0.023848
0.418538
0.201563
0.180292
0.074163
0.191043
0.521310
0.357911
0.522751
0.138416
0.460776
0.134453
0.179429
0.368303
0.484813
0.043994
0.497263
0.310031
0.072630
0.339556
0.257881
0.238734
0.205761
0.016223
0.086813
0.169782
0.619814
0.085136
0.310729
0.171737
0.075712
0.029706
0.024932
0.549019
0.264871
0.181195
0.276082
0.404454
0.042174
0.276884
0.251124
0.634877
0.010130
0.321331
0.551837
0.472528
0.364653
0.437109
0.339827
0.306476
0.448823
0.213839
0.648957
0.085215
0.234151
0.068734
0.401521
0.133819
0.019693
0.016279
0.363588
0.181668
0.120809
0.078088
0.370933
0.036464
0.214168
0.025275
0.220115
0.301094
0.085154
0.112813
0.405157
0.430824
0.051437
0.092860
0.062712
0.097811
0.037206
0.475797
0.422693
0.278099
0.261469
0.128025
0.384012
0.103900
0.237545
0.355627
0.226991
0.459929
0.485469
0.317059
0.029449
0.387210
0.039453
0.220879
0.175980
0.209091
0.181310
0.109364
0.053297
0.135164
0.016348
0.205701
0.108876
0.052150
0.275435
0.176815
0.063910
0.162491
0.172420
0.375291
0.062227
0.118319
0.063911
0.126205
0.046066
0.378570
0.172436
0.435643
0.641547
0.198213
0.275042
0.357725
0.252189
0.254018
0.278890
0.035241
0.264453
0.485335
0.616958
0.266572
0.275030
0.258281
0.243287
0.018031
0.306217
0.632507
0.074118
0.389344
0.062262
0.327418
0.571679
0.001025
0.301336
0.292918
0.389503
0.043290
0.097362
0.341227
0.120799
0.515858
0.429398
0.371487
0.448880
0.019218
0.148353
0.287329
0.217429
0.407591
0.217981
0.391713
0.183887
0.536922
0.054776
0.275311
0.294067
0.311756
0.332210
0.287082
0.240633
0.321521
0.376575
0.188860
0.106032
0.081048
0.211033
0.321898
0.418013
0.373400
0.172639
0.526425
0.263679
0.065198
0.642422
0.171750
0.490472
0.156649
0.150015
0.080207
0.431871
0.172446
0.706343
0.095218
0.184472
0.457794
0.386721
0.126110
0.049110
0.485823
0.250790
0.015515
0.114541
0.082234
0.212180
0.305406
0.148603
0.263894
0.024826
0.092640
0.301887
0.435762
0.030693
0.210938
0.182750
0.478532
0.124957
0.286747
0.109213
0.034134
0.012333
0.374273
0.226444
0.336960
0.102525
0.090199
0.269916
0.198224
0.098444
0.200724
0.175413
0.162266
0.124361
0.562568
0.286247
0.455586
0.471491
0.235717
0.338068
0.377698
0.012889
0.171867
0.549708
0.288939
0.280814
0.075215
0.142134
0.091299
0.377151
0.435973
0.064233
0.170073
0.142024
0.467805
0.028848
0.096718
0.362108
0.363904
0.033126
0.116448
0.160830
0.200163
0.172429
0.361053
0.755216
0.060213
0.446925
0.187457
0.038865
0.568775
0.106119
0.090823
0.248500
0.170014
0.000222
0.073839
0.359655
0.184462
0.518082
0.190943
0.161453
0.085828
0.020806
0.069574
0.441799
0.127708
0.093807
0.385964
0.243800
0.436829
0.045247
0.154616
0.200515
0.124548
0.525599
0.150429
0.488241
0.119642
0.374406
0.031736
0.523702
0.514881
0.310400
0.092769
0.168461
0.463675
0.602545
0.167250
0.121400
0.314890
0.049119
0.460884
0.093050
0.260999
0.255348
0.381652
0.085960
0.173916
0.010696
0.225527
0.366042
0.136000
0.262845
0.367637
0.043973
0.243961
0.161484
0.401131
0.232766
0.190066
0.055096
0.653816
0.229591
0.150556
0.004661
0.153154
0.309055
0.166323
0.520311
0.331891
0.243659
0.227146
0.104864
0.277414
0.717335
0.229324
0.210376
0.151763
0.174421
0.203228
0.274508
0.130883
0.512996
0.220187
0.561571
0.073520
0.641427
0.049596
0.009484
0.578631
0.410852
0.443413
0.269759
0.421159
0.544442
0.299115
0.452569
0.081673
0.230403
0.073903
0.152437
0.245782
0.477101
0.184506
0.057707
0.156448
0.460977
0.090863
0.048865
0.245911
0.509299
0.092458
0.178831
0.297434
0.279525
0.138459
0.370448
0.182608
0.188277
0.297633
0.074683
0.141184
0.228220
0.140163
0.244098
0.102497
0.525117
0.008239
0.240048
0.617197
0.101182
0.323638
0.565073
0.258906
0.009288
0.197438
0.179352
0.443110
0.569401
0.353896
0.155940
0.387330
0.080088
0.385984
0.386755
0.145928
0.517741
0.361638
0.133422
0.054366
0.386331
0.054264
0.161844
0.395380
0.371040
0.143966
0.238950
0.114519
0.288091
0.048317
0.243766
0.157471
0.100853
0.138523
0.369265
0.371416
0.001156
0.510575
0.056886
0.214000
0.388789
0.337487
0.541084
0.387200
0.042836
0.301614
0.490653
0.088278
0.356296
0.251267
0.480242
0.340141
0.272377
0.392902
0.016115
0.311237
0.232658
0.770573
0.087356
0.210311
0.353299
0.222423
0.241169
0.309866
0.048554
0.373541
0.164804
0.094066
0.330042
0.185754
0.242386
0.184458
0.487949
0.236663
0.090882
0.433239
0.404546
0.130536
0.054175
0.106806
0.414773
0.289092
0.378432
0.159350
0.450713
0.108989
0.210459
0.271140
0.268263
0.081796
0.188490
0.147332
0.130034
0.287279
0.314489
0.043737
0.121751
0.066892
0.276008
0.187882
0.052285
0.351644
0.453915
0.005007
0.142554
0.071697
0.056917
0.453284
0.124845
0.338785
0.266761
0.204329
0.142465
0.150753
0.243595
0.090604
0.156660
0.310257
0.424877
0.102668
0.377306
0.047910
0.354450
0.389088
0.156633
0.317059
0.280006
0.150738
0.185374
0.318917
0.147289
0.066080
0.330678
0.391500
0.065374
0.047311
0.215950
0.251196
0.372869
0.183035
0.165504
0.065346
0.081020
0.456292
0.157545
0.305843
0.212680
0.124767
0.258849
0.111901
0.199340
0.397711
0.249625
0.213833
0.540384
0.053858
0.022994
0.330460
0.144729
0.250727
0.115561
0.127803
0.056329
0.151824
0.016598
0.219212
0.104672
0.165523
0.250265
0.247895
0.355492
0.313500
0.014382
0.236149
0.052058
0.196018
0.179545
0.287932
0.092925
0.523240
0.024363
0.064644
0.438048
0.014580
0.075187
0.286647
0.255923
0.095220
0.115681
0.094879
0.304974
0.459338
0.139405
0.618024
0.557552
0.159090
0.214587
0.195044
0.187406
0.023795
0.315124
0.557574
0.002031
0.393216
0.133304
0.339413
0.248719
0.102786
0.238760
0.147873
0.261488
0.013112
0.183171
0.398810
0.040588
0.107505
0.040180
0.234432
0.180172
0.151696
0.178499
0.045257
0.457250
0.392326
0.293350
0.001999
0.026974
0.205800
0.323394
0.176744
0.041865
0.232665
0.072095
0.147750
0.391814
0.037489
0.536293
0.157238
0.139336
0.378448
0.336114
0.189713
0.683523
0.242341
0.264002
0.034034
0.331532
0.206952
0.188027
0.328853
0.124516
0.245909
0.077954
0.617145
0.339123
0.436333
0.039455
0.240056
0.359009
0.235122
0.324139
0.126054
0.356928
0.254234
0.017798
0.230828
0.280885
0.385015
0.255646
0.054431
0.163067
0.365291
0.464916
0.078884
0.313144
0.328828
0.151056
0.180207
0.141602
0.210563
0.399207
0.598159
0.372288
0.077994
0.418415
0.026600
0.130598
0.242501
0.107369
0.412154
0.517828
0.104891
0.164407
0.380691
0.244302
0.192930
0.044590
0.413592
0.429955
0.022911
0.366097
0.227746
0.486329
0.035383
0.200984
0.062157
0.186551
0.047932
0.036717
0.314463
0.401151
0.179600
0.482599
0.252337
0.328057
0.301654
0.184377
0.160832
0.511350
0.198501
0.330384
0.212610
0.195944
0.272384
0.139098
0.309067
0.208580
0.075553
0.493706
0.268129
0.470836
0.357937
0.590370
0.241298
0.215051
0.316020
0.472685
0.029502
0.101730
0.018871
0.239415
0.263912
0.131570
0.576888
0.159105
0.237371
0.248954
0.063303
0.023235
0.150061
0.129465
0.285677
0.162511
0.231049
0.228044
0.504421
0.362232
0.552096
0.165228
0.002094
0.121460
0.332541
0.374664
0.303634
0.157631
0.562340
0.158969
0.393753
0.229231
0.192652
0.096652
0.364755
0.175628
0.348155
0.402652
0.235246
0.071116
0.127994
0.362115
0.127629
0.321190
0.459725
0.234382
0.020245
0.431589
0.224705
0.028968
0.049246
0.194526
0.220364
0.165141
0.311178
0.199434
0.142505
0.364701
0.280538
0.081400
0.344760
0.484020
0.411651
0.002002
0.189291
0.050580
0.167335
0.130369
0.313803
0.104085
0.114453
0.191779
0.318483
0.367682
0.228061
0.414127
0.274375
0.092605
0.414469
0.365530
0.010811
0.369546
0.231192
0.473102
0.347830
0.017807
0.169484
0.253912
0.515512
0.107577
0.125052
0.037960
0.072832
0.309800
0.015462
0.023951
0.099969
0.415538
0.180059
0.153060
0.151965
0.247398
0.039022
0.032729
0.233161
0.288694
0.238619
0.471000
0.170848
0.049797
0.249418
0.615873
0.123951
0.195551
0.031846
0.406502
0.239394
0.530773
0.200578
0.406150
0.025040
0.118869
0.034584
0.268256
0.273292
0.429838
0.224636
0.162918
0.405440
0.324195
0.375787
0.020882
0.232712
0.644300
0.196289
0.153442
0.178372
0.087381
0.340061
0.255490
0.274541
0.341325
0.113882
0.228890
0.177202
0.393716
0.247622
0.162796
0.074651
0.327861
0.087901
0.188255
0.221376
0.130801
0.074818
0.202474
0.174329
0.164921
0.122689
0.488697
0.070194
0.069795
0.203241
0.297427
0.098944
0.084028
0.239505
0.450982
0.335560
0.185056
0.090059
0.028598
0.117680
0.035387
0.179779
0.356895
0.648249
0.141035
0.155970
0.064862
0.276942
0.028379
0.068693
0.044570
0.284476
0.256331
0.588393
0.036506
0.223858
0.275089
0.423338
0.561678
0.071651
0.395325
0.007896
0.061253
0.025344
0.472808
0.430996
0.298924
0.324550
0.545543
0.201741
0.414925
0.060535
0.062640
0.359450
0.007052
0.090423
0.069556
0.260809
0.249773
0.313205
0.154545
0.561874
0.407516
0.247040
0.202632
0.320518
0.125868
0.063890
0.082148
0.303646
0.243215
0.512723
0.033291
0.072667
0.073080
0.276640
0.047298
0.440897
0.204876
0.220303
0.009117
0.004931
0.139182
0.244266
0.264055
0.202827
0.094964
0.197043
0.373843
0.280499
0.199726
0.134518
0.559329
0.129200
0.420993
0.325094
0.127371
0.082484
0.354544
0.393088
0.184395
0.144680
0.240353
0.268959
0.145679
0.181382
0.520860
0.403058
0.142808
0.383104
0.213749
0.117436
0.197741
0.222371
0.039759
0.296867
0.030634
0.050634
0.368401
0.403412
0.149470
0.209378
0.393702
0.190140
0.004271
0.269255
0.228161
0.202942
0.030722
0.141643
0.130522
0.052226
0.319038
0.324250
0.251587
0.120682
0.255844
0.178991
0.098829
0.247845
0.100914
0.352751
0.014940
0.195575
0.258722
0.544628
0.089195
0.318907
0.222926
0.285923
0.004914
0.037718
0.426464
0.403942
0.147571
0.243863
0.545836
0.085593
0.472353
0.175485
0.125171
0.127813
0.040457
0.258807
0.006773
0.395969
0.148264
0.268171
0.179090
0.050649
0.140710
0.107542
0.290202
0.160788
0.178988
0.257561
0.431471
0.060628
0.083934
0.109302
0.157327
0.085101
0.366980
0.371645
0.411556
0.280423
0.348972
0.199551
0.131865
0.450381
0.302850
0.034896
0.515294
0.083831
0.322847
0.411555
0.332553
0.104473
0.115528
0.694146
0.214355
0.378304
0.133477
0.149341
0.372702
0.326869
0.048358
0.270984
0.293083
0.004181
0.068471
0.112203
0.474506
0.222919
0.233948
0.144315
0.262124
0.159928
0.300505
0.164662
0.409262
0.003370
0.036345
0.045490
0.435583
0.102560
0.240505
0.009552
0.285330
0.538062
0.294697
0.124225
0.503037
0.175491
0.487078
0.533689
0.264338
0.349552
0.624951
0.192909
0.359230
0.049499
0.336191
0.072313
0.096348
0.258465
0.548882
0.049766
0.330766
0.190177
0.051013
0.506959
0.178117
0.337712
0.115531
0.037440
0.191680
0.267113
0.040197
0.425091
0.510152
0.075103
0.065561
0.080017
0.103243
0.291468
0.124485
0.179188
0.336410
0.346194
0.246388
0.139583
0.218365
0.634409
0.437634
0.334785
0.124123
0.330668
0.290960
0.287104
0.174070
0.214468
0.149389
0.171950
0.432421
0.209599
0.378183
0.219844
0.228813
0.218154
0.641228
0.002006
0.269338
0.024186
0.200009
0.091118
0.236100
0.279998
0.018921
0.081077
0.087303
0.303292
0.220264
0.178163
0.187236
0.075255
0.055611
0.007968
0.028217
0.547711
0.398325
0.357259
0.083054
0.376974
0.067495
0.355038
0.425027
0.087713
0.177199
0.067660
0.515919
0.057482
0.105897
0.233060
0.054008
0.012142
0.209021
0.480116
0.097991
0.048945
0.409263
0.267145
0.052354
0.232246
0.008983
0.150101
0.396655
0.114867
0.180075
0.550414
0.062723
0.374878
0.213110
0.160118
0.502633
0.186929
0.371666
0.024632
0.160825
0.312372
0.011545
0.593257
0.520632
0.356640
0.113665
0.311793
0.426500
0.449884
0.471869
0.402234
0.150523
0.430841
0.056088
0.169533
0.148839
0.267148
0.128177
0.214409
0.510624
0.006862
0.151695
0.118096
0.046912
0.275212
0.296116
0.237162
0.027717
0.012139
0.282178
0.008125
0.146334
0.198184
0.092451
0.359287
0.417262
0.078380
0.316451
0.210628
0.191373
0.085425
0.166447
0.421837
0.141423
0.299205
0.166520
0.164412
0.001615
0.067662
0.133114
0.312691
0.392766
0.024169
0.003756
0.248231
0.069701
0.388684
0.535817
0.154660
0.020099
0.358619
0.166916
0.085784
0.135244
0.781696
0.118513
0.471380
0.227942
0.419408
0.040156
0.367687
0.027362
0.196976
0.277271
0.624294
0.214592
0.146632
0.010524
0.110746
0.005010
0.351118
0.429482
0.049077
0.157315
0.428064
0.303993
0.213544
0.515239
0.158024
0.092910
0.410526
0.145109
0.068008
0.160825
0.007844
0.488907
0.651137
0.618889
0.087712
0.169038
0.376272
0.092826
0.436460
0.351565
0.082615
0.269066
0.130208
0.196354
0.593014
0.490110
0.163035
0.055124
0.425161
0.323830
0.200408
0.172924
0.373348
0.485818
0.237648
0.412779
0.436823
0.041918
0.245442
0.563686
0.019510
0.025737
0.009421
0.183462
0.052237
0.001394
0.440305
0.417392
0.362168
0.228656
0.356630
0.312399
0.198033
0.359943
0.050962
0.220869
0.659085
0.511807
0.448423
0.310723
0.346845
0.037008
0.340313
0.345766
0.322841
0.336684
0.459972
0.429568
0.196424
0.193716
0.285061
0.302365
0.134817
0.322638
0.283455
0.208974
0.170931
0.418815
0.641797
0.000068
0.307995
0.026984
0.533028
0.502600
0.818967
0.307846
0.128766
0.576657
0.108350
0.255243
0.075159
0.444205
0.216886
0.049496
0.397204
0.218789
0.052873
0.132854
0.076478
0.198576
0.684162
0.490767
0.560568
0.226776
0.150815
0.269590
0.339079
0.114386
0.013109
0.263467
0.418035
0.047302
0.358714
0.013777
0.052410
0.358652
0.382309
0.385636
0.610072
0.392871
0.484835
0.015234
0.270174
0.179988
0.441591
0.045489
0.276812
0.267385
0.084005
0.069302
0.116123
0.406597
0.193758
0.375669
0.081065
0.217633
0.002065
0.529003
0.267342
0.007553
0.002639
0.096989
0.325042
0.152523
0.095737
0.049661
0.046198
0.401004
0.226925
0.255836
0.292685
0.352642
0.312032
0.058508
0.157607
0.063215
0.248423
0.317618
0.104156
0.296591
0.302724
0.329020
0.326407
0.325289
0.105238
0.137651
0.233494
0.118165
0.632117
0.322913
0.082808
0.271785
0.325403
0.387205
0.073862
0.225957
0.056732
0.342360
0.231196
0.183355
0.156569
0.351814
0.357631
0.064372
0.061467
0.012938
0.049101
0.427012
0.174552
0.128668
0.304716
0.053262
0.465679
0.267676
0.295759
0.302749
0.441625
0.296264
0.155880
0.073232
0.376953
0.398282
0.450265
0.261409
0.070480
0.514038
0.256688
0.378956
0.318662
0.122589
0.059633
0.273693
0.065434
0.202435
0.132039
0.080991
0.406576
0.077185
0.041760
0.076751
0.209929
0.085162
0.524697
0.056510
0.149164
0.466457
0.302087
0.248232
0.099139
0.190425
0.259917
0.193537
0.081048
0.110647
0.163507
0.141955
0.083127
0.055442
0.206244
0.201615
0.271092
0.048462
0.449648
0.151100
0.106507
0.081497
0.126781
0.108157
0.126547
0.129942
0.000608
0.097630
0.328454
0.040237
0.323607
0.099583
0.199920
0.203323
0.165817
0.573486
0.337312
0.090257
0.114493
0.236423
0.159411
0.231824
0.334716
0.293590
0.268096
0.055326
0.479256
0.279210
0.349878
0.136609
0.544961
0.249543
0.483250
0.068531
0.456688
0.182898
0.011354
0.578000
0.034083
0.089417
0.044030
0.058122
0.480205
0.021372
0.070431
0.326207
0.251975
0.104985
0.466316
0.107618
0.527900
0.018363
0.062984
0.137648
0.008622
0.274255
0.146141
0.484164
0.094203
0.500868
0.185436
0.202632
0.430761
0.064633
0.329422
0.351328
0.044619
0.311049
0.630917
0.196476
0.113680
0.122008
0.379898
0.102222
0.260813
0.325177
0.359652
0.300448
0.064272
0.261305
0.337374
0.296671
0.415487
0.265930
0.497828
0.016513
0.014768
0.084305
0.006303
0.194035
0.834482
0.483962
0.176944
0.162362
0.468408
0.355347
0.534303
0.235674
0.000396
0.399802
0.437616
0.110842
0.011744
0.126612
0.424236
0.301151
0.243330
0.019868
0.111518
0.317737
0.300242
0.255900
0.109673
0.158451
0.225258
0.306833
0.371251
0.564074
0.032086
0.191331
0.178522
0.504633
0.168933
0.241079
0.432757
0.086957
0.482624
0.199856
0.014353
0.306800
0.107601
0.296735
0.250623
0.056638
0.044616
0.488167
0.000646
0.089877
0.124206
0.445634
0.251530
0.235831
0.074616
0.227588
0.077145
0.599775
0.049713
0.067894
0.367076
0.580567
0.410958
0.680874
0.126327
0.101088
0.153677
0.114595
0.265116
0.122518
0.165868
0.337100
0.106489
0.362539
0.414400
0.014983
0.029771
0.190007
0.238099
0.099400
0.516006
0.166916
0.344420
0.121895
0.525169
0.469972
0.462431
0.082128
0.531040
0.071010
0.345983
0.022106
0.252829
0.402149
0.170199
0.153166
0.497873
0.497852
0.576397
0.030857
0.083103
0.087603
0.124698
0.314989
0.590707
0.174985
0.351630
0.250111
0.335741
0.370134
0.400898
0.298723
0.249415
0.281411
0.342085
0.665678
0.263099
0.206947
0.111463
0.073012
0.496078
0.456111
0.026487
0.243282
0.011987
0.210734
0.126016
0.128383
0.222933
0.325874
0.482598
0.328072
0.040517
0.097809
0.254561
0.554654
0.172268
0.145954
0.291006
0.104415
0.092719
0.554177
0.022460
0.162163
0.091623
0.333531
0.010783
0.272211
0.448649
0.474483
0.700364
0.292431
0.070279
0.069842
0.316864
0.223516
0.036441
0.552780
0.184352
0.331031
0.337807
0.346222
0.062782
0.342023
0.578782
0.108153
0.155022
0.441099
0.191178
0.356669
0.242203
0.362129
0.076060
0.010293
0.370256
0.364371
0.101889
0.232068
0.154169
0.255571
0.338059
0.145785
0.082764
0.252809
0.449106
0.344819
0.154817
0.006774
0.177691
0.194082
0.210962
0.055422
0.387881
0.294422
0.107560
0.298770
0.024727
0.091945
0.180380
0.515740
0.728426
0.185545
0.257760
0.322595
0.097545
0.224593
0.274550
0.139349
0.544306
0.539307
0.170392
0.245837
0.027870
0.320496
0.073475
0.151072
0.248276
0.394246
0.101717
0.081862
0.646110
0.093735
0.032273
0.083374
0.480012
0.222790
0.403126
0.093231
0.437400
0.334125
0.168711
0.669054
0.028045
0.051525
0.512341
0.085916
0.411861
0.192271
0.104047
0.058805
0.064276
0.444103
0.019719
0.075848
0.058673
0.002672
0.058835
0.014347
0.122104
0.216164
0.202715
0.226873
0.374607
0.430071
0.306403
0.111406
0.688948
0.608537
0.252784
0.237984
0.267096
0.053496
0.239651
0.037705
0.271502
0.355455
0.133858
0.596877
0.074865
0.347404
0.272245
0.189359
0.232763
0.453425
0.185871
0.413545
0.146503
0.044638
0.145969
0.062224
0.496145
0.503144
0.142071
0.121833
0.146591
0.308438
0.045175
0.072908
0.127241
0.341264
0.013718
0.332486
0.286088
0.466392
0.019008
0.148101
0.146577
0.003915
0.023368
0.055639
0.202428
0.076035
0.167798
0.108393
0.322846
0.245391
0.018605
0.108430
0.119284
0.061396
0.087263
0.096881
0.153981
0.631763
0.127838
0.348230
0.331060
0.057882
0.333257
0.157725
0.354080
0.170411
0.095729
0.089356
0.129488
0.171866
0.372202
0.133246
0.093624
0.072016
0.334525
0.486126
0.305873
0.362746
0.058876
0.474934
0.020656
0.343820
0.179974
0.376242
0.060711
0.079677
0.579379
0.133221
0.404794
0.059290
0.163734
0.017520
0.153967
0.196748
0.362941
0.425779
0.050173
0.489063
0.198843
0.274352
0.202428
0.012623
0.439765
0.074641
0.001985
0.447949
0.363618
0.129125
0.052405
0.163609
0.375294
0.059475
0.297122
0.448852
0.337092
0.412118
0.391366
0.090798
0.121459
0.273728
0.084410
0.455295
0.099508
0.187943
0.353509
0.369445
0.150789
0.370853
0.019001
0.533261
0.384006
0.163264
0.470843
0.409591
0.184451
0.045212
0.223941
0.362968
0.293912
0.025922
0.250934
0.054518
0.273256
0.021975
0.262550
0.006854
0.109998
0.289382
0.144358
0.311260
0.172875
0.088982
0.029182
0.247810
0.155236
0.113631
0.380739
0.550314
0.300621
0.365044
0.267062
0.059322
0.271141
0.069159
0.245061
0.222672
0.280196
0.181846
0.203713
0.086238
0.123516
0.036185
0.053411
0.237386
0.175678
0.345666
0.014635
0.312505
0.049117
0.271864
0.175939
0.026070
0.237538
0.154227
0.150930
0.094264
0.141827
0.362098
0.390683
0.456810
0.268792
0.356629
0.054772
0.078511
0.155281
0.430253
0.161194
0.401766
0.304235
0.668913
0.208766
0.155914
0.010435
0.206441
0.260472
0.030753
0.515601
0.191299
0.218221
0.226961
0.208452
0.339074
0.069776
0.246766
0.247845
0.342115
0.025315
0.136054
0.441895
0.297310
0.481437
0.435048
0.145915
0.376164
0.043906
0.333489
0.300571
0.016762
0.281224
0.173957
0.233263
0.198968
0.286768
0.132971
0.279222
0.047089
0.116957
0.109753
0.227766
0.278254
0.331329
0.597220
0.298953
0.143422
0.051329
0.255751
0.202828
0.646008
0.178863
0.312794
0.437943
0.074730
0.236049
0.443703
0.018436
0.232964
0.228699
0.184879
0.005658
0.396556
0.047060
0.622656
0.255204
0.245727
0.289450
0.150161
0.273595
0.032858
0.454642
0.466213
0.046147
0.039559
0.125374
0.122298
0.175354
0.069352
0.380984
0.051941
0.031140
0.225129
0.114953
0.064984
0.078903
0.102272
0.504896
0.436187
0.316749
0.179358
0.211853
0.054307
0.310478
0.158566
0.070946
0.033980
0.343705
0.016000
0.283076
0.021827
0.362805
0.106400
0.216477
0.077149
0.569906
0.005232
0.498412
0.555537
0.233419
0.509162
0.290273
0.204385
0.063142
0.335689
0.201619
0.404132
0.055412
0.087291
0.111929
0.298429
0.075117
0.161155
0.076596
0.098364
0.302413
0.217141
0.057439
0.503841
0.501429
0.077739
0.051764
0.058074
0.279213
0.387048
0.418162
0.606188
0.333809
0.383833
0.415782
0.108229
0.518040
0.250926
0.106055
0.403840
0.227083
0.106903
0.092171
0.333070
0.168794
0.278534
0.167912
0.086142
0.043697
0.078943
0.085555
0.284761
0.000797
0.154935
0.394665
0.033209
0.119218
0.244273
0.269109
0.472115
0.174840
0.378149
0.299160
0.663760
0.188085
0.391244
0.132052
0.400030
0.380291
0.213515
0.077352
0.247900
0.266065
0.464498
0.187969
0.138694
0.074598
0.010069
0.238413
0.020147
0.174337
0.282147
0.082159
0.035543
0.334463
0.206047
0.008767
0.477504
0.375015
0.351036
0.106731
0.072134
0.041424
0.049576
0.219116
0.319813
0.406734
0.108422
0.378144
0.141145
0.121563
0.225967
0.049229
0.464993
0.454246
0.563462
0.182313
0.115637
0.065936
0.221668
0.250588
0.520871
0.134666
0.017164
0.173632
0.115927
0.512771
0.264931
0.020271
0.141387
0.078346
0.546732
0.041282
0.675291
0.149574
0.298693
0.325614
0.151944
0.409877
0.092146
0.199952
0.388811
0.439579
0.514596
0.052247
0.002269
0.403060
0.036036
0.133037
0.354282
0.049324
0.393404
0.344658
0.553012
0.073708
0.392498
0.218878
0.493187
0.040836
0.281138
0.419322
0.042609
0.301719
0.374137
0.152724
0.207147
0.363001
0.016711
0.140060
0.179615
0.113293
0.483260
0.044625
0.500294
0.213423
0.117483
0.373027
0.005443
0.352407
0.276359
0.379346
0.011769
0.161193
0.286137
0.272791
0.562034
0.601668
0.224370
0.359749
0.058252
0.462000
0.354288
0.136900
0.143402
0.348012
0.100619
0.033987
0.233324
0.107067
0.240710
0.144653
0.232058
0.106050
0.140141
0.141896
0.331876
0.052901
0.002190
0.091185
0.197176
0.073335
0.100034
0.364116
0.107369
0.403337
0.216515
0.005060
0.404993
0.185686
0.096845
0.360131
0.026420
0.194553
0.250248
0.086508
0.329052
0.415896
0.473555
0.079399
0.002110
0.167087
0.380948
0.189250
0.382398
0.458998
0.059255
0.493002
0.378051
0.316273
0.248213
0.140398
0.250283
0.387557
0.071371
0.094582
0.335954
0.321010
0.433731
0.176181
0.486699
0.224442
0.347070
0.429879
0.360632
0.306006
0.141240
0.243577
0.198800
0.203173
0.173783
0.168554
0.157299
0.097831
0.055324
0.098698
0.245524
0.113808
0.338421
0.170243
0.179136
0.046971
0.356269
0.311458
0.097001
0.170287
0.393619
0.459878
0.236740
0.512439
0.440611
0.114309
0.252890
0.350210
0.092178
0.532970
0.153441
0.342409
0.001659
0.182503
0.075286
0.088914
0.307477
0.135290
0.081514
0.380585
0.393979
0.055421
0.357072
0.101993
0.270301
0.250105
0.017472
0.425990
0.586286
0.032750
0.354120
0.165889
0.065821
0.183431
0.321929
0.326646
0.007145
0.191640
0.441929
0.192489
0.342309
0.205055
0.435168
0.035299
0.059570
0.225378
0.105658
0.243971
0.334419
0.163807
0.159224
0.066455
0.124471
0.336175
0.226377
0.379541
0.547697
0.133090
0.088761
0.228848
0.076004
0.074504
0.262958
0.125455
0.418203
0.211616
0.048236
0.074930
0.203113
0.157961
0.147661
0.443506
0.330448
0.003891
0.077348
0.166951
0.154526
0.231179
0.073289
0.309099
0.164685
0.239789
0.241509
0.076979
0.305647
0.150355
0.064163
0.024101
0.469646
0.283971
0.315738
0.055980
0.113705
0.423199
0.159056
0.525399
0.548903
0.072548
0.145647
0.462947
0.390371
0.021633
0.092701
0.209640
0.142103
0.117256
0.064930
0.322547
0.260764
0.103063
0.140422
0.132018
0.138255
0.071090
0.265054
0.319315
0.138486
0.113303
0.017783
0.239886
0.011459
0.294041
0.001807
0.300275
0.104381
0.493717
0.126575
0.103251
0.366190
0.149533
0.387581
0.325993
0.453624
0.226102
0.137539
0.432366
0.334711
0.134519
0.409283
0.245625
0.177979
0.405181
0.376347
0.225955
0.571581
0.377418
0.430276
0.486373
0.032965
0.081871
0.037858
0.416527
0.076133
0.553866
0.019467
0.280532
0.337193
0.421107
0.010240
0.123985
0.502079
0.270012
0.310467
0.140417
0.405434
0.362872
0.277643
0.115015
0.178263
0.330598
0.088523
0.149284
0.131495
0.495617
0.302856
0.117998
0.311145
0.428302
0.133530
0.225636
0.080207
0.299519
0.454680
0.353529
0.113257
0.249523
0.307444
0.144747
0.207258
0.208474
0.144809
0.268165
0.321492
0.234154
0.236364
0.348042
0.128736
0.199799
0.259746
0.221696
0.455799
0.062712
0.526927
0.163515
0.620158
0.045300
0.074364
0.054730
0.083530
0.075596
0.018208
0.149494
0.560833
0.103463
0.239830
0.372141
0.444024
0.391005
0.329525
0.141017
0.259358
0.107781
0.029627
0.460803
0.183475
0.332998
0.226207
0.158970
0.016154
0.070055
0.378661
0.058046
0.418484
0.108131
0.653311
0.335140
0.108635
0.418318
0.179808
0.260318
0.112022
0.086657
0.029999
0.213447
0.060609
0.439678
0.208439
0.175557
0.177266
0.224961
0.053262
0.185990
0.290137
0.314312
0.338795
0.115637
0.324609
0.365516
0.382630
0.500800
0.088345
0.094300
0.173471
0.259342
0.517270
0.446809
0.435449
0.190577
0.021923
0.302529
0.016555
0.268416
0.326126
0.306656
0.030798
0.419267
0.133586
0.008551
0.048717
0.284819
0.357840
0.075393
0.447945
0.369869
0.147974
0.259577
0.258226
0.052039
0.307956
0.500796
0.243513
0.118974
0.147752
0.218072
0.124804
0.176218
0.291770
0.209036
0.441937
0.387618
0.554608
0.457246
0.057227
0.114049
0.026491
0.091659
0.002403
0.159751
0.108507
0.023979
0.132429
0.242571
0.048150
0.340793
0.138676
0.360588
0.107358
0.458884
0.153136
0.075134
0.163183
0.440253
0.058007
0.289348
0.376520
0.048239
0.044073
0.381058
0.356629
0.208996
0.025467
0.088595
0.249615
0.033384
0.020801
0.214961
0.431389
0.149282
0.101693
0.260713
0.248712
0.046265
0.073205
0.044616
0.283212
0.319511
0.673860
0.405197
0.178669
0.332670
0.425851
0.237488
0.139696
0.156395
0.254794
0.006470
0.385530
0.042693
0.322368
0.025840
0.195926
0.053704
0.367552
0.109245
0.498719
0.195822
0.059812
0.375025
0.237077
0.073992
0.037606
0.098167
0.369402
0.274324
0.331527
0.103713
0.165373
0.480242
0.084209
0.261452
0.151898
0.063699
0.353828
0.175365
0.391278
0.251479
0.045420
0.147738
0.295182
0.032774
0.176496
0.315678
0.023227
0.189831
0.308244
0.079586
0.078786
0.299116
0.329912
0.226984
0.258640
0.105391
0.164313
0.061846
0.069915
0.259190
0.297945
0.238379
0.249701
0.322686
0.155751
0.154471
0.209633
0.158318
0.281106
0.536114
0.007963
0.111886
0.076558
0.103205
0.092559
0.187782
0.202325
0.562023
0.234636
0.422608
0.025028
0.334321
0.281959
0.120557
0.438056
0.023363
0.273342
0.003674
0.004555
0.074107
0.495945
0.264465
0.378548
0.158358
0.553045
0.339295
0.421642
0.248301
0.064693
0.514277
0.009829
0.100737
0.065870
0.593241
0.322811
0.387219
0.076277
0.666999
0.489067
0.282923
0.161583
0.349992
0.080761
0.442022
0.188970
0.122153
0.136349
0.378218
0.038678
0.637357
0.061360
0.472459
0.138316
0.504171
0.199759
0.006070
0.099134
0.016464
0.080517
0.341040
0.122292
0.263683
0.115104
0.422455
0.351426
0.217472
0.309316
0.178223
0.556836
0.447891
0.457175
0.386432
0.119774
0.011387
0.161017
0.344340
0.116914
0.014079
0.058266
0.074983
0.152837
0.152199
0.532558
0.648682
0.102848
0.371655
0.193728
0.196040
0.282466
0.268096
0.106725
0.018989
0.017467
0.051295
0.376949
0.230336
0.022201
0.022994
0.279475
0.120921
0.287035
0.276989
0.480380
0.209081
0.012244
0.069546
0.152708
0.194335
0.375983
0.519222
0.202765
0.052178
0.377695
0.114545
0.380787
0.230982
0.014140
0.416314
0.121655
0.152031
0.006057
0.357975
0.223886
0.278999
0.041819
0.371772
0.162114
0.132919
0.772656
0.256735
0.063128
0.314499
0.318748
0.015876
0.327506
0.022199
0.278992
0.157131
0.180880
0.215789
0.197147
0.680759
0.076435
0.499595
0.001963
0.015553
0.205367
0.066498
0.079851
0.172043
0.215673
0.041173
0.280003
0.239536
0.092270
0.048827
0.310268
0.156898
0.448789
0.347666
0.359163
0.202582
0.418110
0.252601
0.015944
0.289193
0.268295
0.220949
0.479551
0.021134
0.156239
0.090805
0.495079
0.091809
0.174894
0.410800
0.020761
0.412780
0.089221
0.067864
0.307522
0.448366
0.042776
0.220104
0.333692
0.045052
0.052572
0.015129
0.139629
0.235673
0.034705
0.178122
0.503122
0.137942
0.301603
0.217336
0.277571
0.214072
0.116545
0.134116
0.230645
0.501500
0.553632
0.122954
0.489801
0.504114
0.201412
0.177153
0.434185
0.316212
0.459791
0.331350
0.075543
0.302345
0.462476
0.219075
0.360979
0.285287
0.174233
0.252784
0.144176
0.128761
0.443228
0.370964
0.183836
0.128643
0.114734
0.373420
0.546773
0.291601
0.152946
0.123313
0.158979
0.215145
0.029391
0.633454
0.483312
0.022328
0.200230
0.383638
0.110963
0.172872
0.046276
0.074266
0.538473
0.320850
0.230108
0.097526
0.190333
0.590527
0.283376
0.128745
0.237733
0.137489
0.416302
0.288002
0.136174
0.120307
0.151843
0.211804
0.126293
0.155911
0.597028
0.421342
0.473565
0.044418
0.559137
0.126213
0.311866
0.004561
0.025363
0.315393
0.607248
0.482986
0.014061
0.137912
0.120748
0.305047
0.145203
0.323356
0.352680
0.013384
0.029669
0.111655
0.040713
0.593590
0.090129
0.397422
0.382581
0.348558
0.011651
0.200470
0.379676
0.132745
0.091345
0.102360
0.346701
0.147093
0.126291
0.159219
0.139115
0.042002
0.072574
0.487411
0.202165
0.117380
0.329192
0.515228
0.057615
0.209960
0.052159
0.145486
0.473845
0.169307
0.160946
0.314459
0.191065
0.316971
0.141305
0.063793
0.163265
0.494005
0.210592
0.199732
0.108922
0.421057
0.011879
0.415230
0.280623
0.204018
0.025814
0.366960
0.449202
0.180870
0.544594
0.585278
0.201619
0.021448
0.087548
0.322587
0.120121
0.355654
0.219287
0.405579
0.089544
0.026685
0.052107
0.045198
0.300772
0.378388
0.424723
0.015327
0.150847
0.355829
0.267204
0.178126
0.090403
0.029161
0.156398
0.463292
0.293455
0.066867
0.015945
0.002003
0.506532
0.110812
0.143493
0.529280
0.535646
0.024423
0.402006
0.087232
0.187583
0.171090
0.365058
0.359921
0.085599
0.076990
0.078080
0.372279
0.169648
0.307784
0.504972
0.053297
0.227046
0.380431
0.292181
0.149895
0.221251
0.639438
0.194460
0.486414
0.551361
0.602037
0.165510
0.075089
0.011050
0.083259
0.040020
0.371007
0.023166
0.021354
0.218755
0.026908
0.022696
0.522944
0.433291
0.176861
0.234898
0.402255
0.489209
0.079200
0.595523
0.075791
0.026113
0.272089
0.114260
0.077224
0.083335
0.194135
0.791079
0.322859
0.353822
0.151422
0.215738
0.296728
0.190236
0.275090
0.373334
0.156462
0.119653
0.340156
0.065094
0.759833
0.496678
0.217235
0.038131
0.242120
0.000775
0.184338
0.244623
0.295384
0.475022
0.328794
0.415340
0.265638
0.260329
0.301161
0.592101
0.085451
0.065003
0.010178
0.067199
0.116717
0.040844
0.226585
0.347832
0.036855
0.065433
0.277508
0.386561
0.063594
0.397502
0.014467
0.557327
0.467262
0.450340
0.650955
0.421032
0.378371
0.089442
0.492875
0.015696
0.427729
0.113549
0.518881
0.314024
0.151466
0.346229
0.068050
0.016647
0.361914
0.162485
0.197869
0.226242
0.150678
0.373723
0.153888
0.164172
0.274583
0.264391
0.408883
0.135929
0.669499
0.040815
0.088798
0.386871
0.010397
0.558754
0.402074
0.064706
0.504551
0.203135
0.095497
0.119119
0.037948
0.404483
0.109008
0.228707
0.568542
0.527907
0.862676
0.386995
0.206309
0.434030
0.268262
0.260528
0.221383
0.623699
0.390226
0.131830
0.348948
0.082997
0.264964
0.259266
0.596115
0.379072
0.628630
0.171272
0.284816
0.008772
0.218801
0.254620
0.321183
0.187033
0.365935
0.392457
0.146080
0.012305
0.227942
0.447358
0.062858
0.279327
0.149067
0.382742
0.374235
0.431811
0.058045
0.184746
0.053117
0.035149
0.379155
0.310994
0.240278
0.062404
0.122292
0.088270
0.472187
0.531784
0.328874
0.218485
0.322969
0.064966
0.258139
0.265115
0.377067
0.248708
0.000912
0.328362
0.578024
0.354160
0.346186
0.346451
0.142249
0.157762
0.182961
0.000778
0.315924
0.429487
0.206656
0.458839
0.255247
0.363240
0.133112
0.110517
0.001753
0.265122
0.197899
0.225134
0.227865
0.258251
0.423873
0.143744
0.069572
0.032544
0.096697
0.461638
0.492993
0.171655
0.143947
0.019872
0.323248
0.162037
0.306312
0.369892
0.387490
0.210573
0.161522
0.278249
0.258149
0.344050
0.214199
0.204113
0.343707
0.346996
0.381309
0.281945
0.012265
0.152118
0.032797
0.167043
0.382604
0.340351
0.240348
0.242649
0.128917
0.039745
0.007778
0.072395
0.185350
0.069405
0.570828
0.078472
0.271890
0.514082
0.292955
0.388967
0.329903
0.039675
0.296798
0.320467
0.001641
0.222209
0.043810
0.140209
0.196306
0.182340
0.211080
0.204255
0.195762
0.019883
0.504610
0.099897
0.194164
0.440987
0.178311
0.095007
0.105559
0.025994
0.064893
0.600454
0.478879
0.038100
0.418635
0.060281
0.392019
0.144716
0.012171
0.417404
0.042436
0.065177
0.056722
0.237196
0.100682
0.371122
0.141935
0.370682
0.264143
0.104829
0.610654
0.296978
0.314808
0.329270
0.252197
0.183863
0.206984
0.061018
0.699796
0.133010
0.091486
0.375792
0.036105
0.180149
0.272053
0.058724
0.390176
0.172467
0.231817
0.398873
0.206783
0.175697
0.449235
0.064507
0.523305
0.193601
0.116598
0.086496
0.175896
0.192098
0.448739
0.396945
0.035942
0.261313
0.162314
0.268113
0.148543
0.013191
0.329705
0.466398
0.121323
0.230712
0.412843
0.125476
0.041728
0.160889
0.273725
0.173636
0.410445
0.018756
0.318013
0.253508
0.230952
0.177878
0.195963
0.302278
0.235569
0.063047
0.588989
0.428114
0.200646
0.087167
0.466762
0.248999
0.578720
0.328822
0.012257
0.441487
0.317079
0.661907
0.476604
0.243183
0.084394
0.399399
0.078831
0.227191
0.112175
0.276976
0.331703
0.205642
0.184546
0.073377
0.009180
0.164574
0.100571
0.166433
0.067227
0.098494
0.033036
0.104114
0.459365
0.422768
0.222085
0.043630
0.236816
0.205232
0.012588
0.065019
0.486659
0.084458
0.546227
0.318879
0.052559
0.290260
0.270283
0.317752
0.221088
0.076982
0.092115
0.391347
0.218381
0.059924
0.165253
0.246802
0.190585
0.247227
0.233830
0.112973
0.294168
0.528814
0.172893
0.042188
0.075833
0.558685
0.399618
0.502581
0.243214
0.424667
0.400718
0.161915
0.233557
0.228170
0.202175
0.280736
0.218023
0.278266
0.165715
0.058268
0.103079
0.220089
0.313428
0.021407
0.566836
0.186004
0.324066
0.036717
0.281130
0.668027
0.068059
0.286885
0.412953
0.062520
0.372084
0.159605
0.257159
0.272116
0.161179
0.146002
0.293507
0.440716
0.388798
0.508287
0.078580
0.247400
0.190646
0.029502
0.638322
0.091412
0.139161
0.274200
0.192070
0.050415
0.287916
0.163254
0.308978
0.139334
0.265884
0.250219
0.252770
0.210721
0.147553
0.160030
0.520422
0.426582
0.057435
0.200401
0.132744
0.140774
0.220859
0.216539
0.296963
0.298734
0.590846
0.265101
0.251499
0.024613
0.029169
0.544210
0.169762
0.100736
0.224577
0.141279
0.039594
0.398008
0.370454
0.040994
0.207196
0.139090
0.070676
0.037919
0.283415
0.383927
0.412715
0.150099
0.235544
0.161445
0.181931
0.314127
0.172942
0.400454
0.137027
0.265527
0.259234
0.401763
0.082379
0.236764
0.504710
0.210328
0.163653
0.362659
0.205667
0.383541
0.072299
0.384303
0.305819
0.106288
0.317248
0.343458
0.266213
0.141242
0.282109
0.243229
0.369795
0.246414
0.056599
0.101708
0.466608
0.189402
0.475375
0.050914
0.196561
0.047579
0.282990
0.162917
0.275402
0.257758
0.243685
0.057494
0.196803
0.124556
0.055549
0.368596
0.571442
0.169532
0.075206
0.210526
0.200561
0.037177
0.023592
0.043656
0.499906
0.268136
0.132937
0.344396
0.351051
0.247216
0.249864
0.267418
0.253522
0.427269
0.087357
0.060801
0.486916
0.083203
0.298786
0.061958
0.353815
0.549334
0.577838
0.091781
0.495484
0.231703
0.206741
0.251574
0.035104
0.308350
0.388645
0.050637
0.297445
0.071004
0.174582
0.002070
0.296048
0.467350
0.176640
0.287387
0.205486
0.101751
0.051197
0.108156
0.007832
0.074628
0.168008
0.215447
0.357072
0.201210
0.326618
0.192402
0.471057
0.300596
0.387148
0.093326
0.298836
0.120030
0.112699
0.026970
0.249438
0.318798
0.287353
0.365229
0.182093
0.337313
0.036353
0.389900
0.085640
0.355312
0.231093
0.119452
0.043674
0.142562
0.178472
0.136351
0.658097
0.487001
0.033323
0.211098
0.228948
0.120743
0.072897
0.033422
0.389533
0.016475
0.180739
0.425319
0.151136
0.467618
0.156824
0.106338
0.183529
0.274168
0.162630
0.277871
0.044333
0.112305
0.321858
0.226544
0.369077
0.358131
0.030576
0.052310
0.198892
0.164225
0.234804
0.166674
0.133099
0.528298
0.357083
0.480245
0.279688
0.305533
0.046748
0.080227
0.261535
0.077259
0.052089
0.110596
0.111637
0.389999
0.392451
0.203044
0.440637
0.143094
0.468161
0.269500
0.120082
0.437200
0.083880
0.430165
0.369390
0.380508
0.045120
0.035575
0.269914
0.202457
0.538798
0.362723
0.219121
0.202772
0.315907
0.406842
0.249352
0.368339
0.316320
0.237343
0.054355
0.594990
0.377101
0.384560
0.362459
0.149116
0.376016
0.398374
0.244157
0.532884
0.227217
0.193231
0.268816
0.106594
0.129082
0.112380
0.053193
0.074531
0.043913
0.417720
0.073902
0.093090
0.028421
0.158540
0.060507
0.060293
0.001134
0.027914
0.332163
0.466783
0.291605
0.536454
0.030048
0.541017
0.653044
0.171042
0.559123
0.346959
0.324176
0.092603
0.250426
0.509286
0.337023
0.161225
0.222762
0.371703
0.053106
0.189580
0.466538
0.016557
0.039117
0.437194
0.260004
0.238139
0.095627
0.033712
0.094212
0.150279
0.199865
0.077061
0.119526
0.642888
0.140388
0.154705
0.219255
0.193231
0.239275
0.106517
0.124079
0.423645
0.357654
0.624621
0.348727
0.390770
0.012132
0.108586
0.332815
0.456344
0.320602
0.183408
0.148937
0.452622
0.052939
0.307498
0.031880
0.010206
0.146235
0.262147
0.058357
0.042610
0.240764
0.318019
0.312417
0.056159
0.341145
0.297434
0.104181
0.146183
0.181434
0.433396
0.253947
0.438624
0.006991
0.386388
0.159813
0.569814
0.380583
0.266971
0.494654
0.225281
0.308456
0.212859
0.175612
0.238285
0.106029
0.020996
0.040159
0.182701
0.280621
0.388345
0.033920
0.103095
0.487372
0.401338
0.118368
0.194405
0.151339
0.207544
0.060603
0.466011
0.381755
0.151385
0.147184
0.179756
0.091142
0.027970
0.084330
0.333821
0.135001
0.170379
0.130606
0.092032
0.065148
0.357511
0.244923
0.430077
0.518577
0.175871
0.228540
0.408037
0.081922
0.566501
0.208452
0.391395
0.216128
0.210136
0.115565
0.140454
0.162891
0.076750
0.118275
0.423159
0.189721
0.014571
0.152533
0.259438
0.173638
0.212905
0.004363
0.128856
0.493841
0.005907
0.166605
0.527401
0.163056
0.150414
0.180181
0.051198
0.108898
0.100289
0.427719
0.131284
0.065845
0.207216
0.121035
0.028379
0.095376
0.013866
0.558707
0.604621
0.460802
0.449296
0.406123
0.063167
0.328631
0.004580
0.108294
0.196152
0.498765
0.324952
0.546781
0.210500
0.291822
0.091330
0.363346
0.314782
0.301672
0.256162
0.316266
0.415114
0.221151
0.480527
0.188686
0.265948
0.042649
0.003412
0.255663
0.494714
0.193370
0.010486
0.226023
0.308605
0.123072
0.238341
0.078204
0.024829
0.102757
0.303544
0.033617
0.211454
0.336461
0.125702
0.150116
0.147861
0.192323
0.486341
0.452407
0.353385
0.579448
0.021066
0.451726
0.117001
0.293932
0.320606
0.214642
0.559311
0.312209
0.113942
0.291168
0.252785
0.077031
0.248323
0.063400
0.224338
0.113646
0.007303
0.088648
0.059473
0.040440
0.224140
0.328088
0.028740
0.023836
0.418111
0.309058
0.475949
0.010482
0.031668
0.584067
0.464151
0.308728
0.456273
0.203665
0.130894
0.178544
0.238114
0.100196
0.197852
0.089441
0.329712
0.175844
0.005441
0.287182
0.053975
0.234348
0.240118
0.339415
0.273333
0.048558
0.195959
0.244494
0.394940
0.256535
0.385880
0.586767
0.315331
0.045859
0.204432
0.032923
0.198779
0.029674
0.320489
0.572157
0.269922
0.041835
0.227927
0.097157
0.320271
0.032597
0.518739
0.743720
0.472044
0.219666
0.151673
0.080640
0.327129
0.179995
0.271544
0.333749
0.119489
0.289323
0.150104
0.487010
0.264739
0.044705
0.063286
0.021871
0.345350
0.048670
0.456576
0.124296
0.501614
0.133641
0.223791
0.400567
0.497413
0.079410
0.133997
0.462443
0.427746
0.077641
0.065770
0.416796
0.026525
0.105362
0.013018
0.007259
0.653008
0.457614
0.302084
0.319935
0.509250
0.067416
0.346904
0.069458
0.091601
0.298438
0.391979
0.248925
0.008885
0.230267
0.181852
0.187027
0.188576
0.191413
0.053057
0.050517
0.645214
0.022135
0.225657
0.433186
0.055602
0.055030
0.074405
0.400218
0.025147
0.440529
0.175160
0.164882
0.528749
0.206503
0.241818
0.660559
0.130691
0.355972
0.179188
0.266937
0.174981
0.214321
0.270466
0.044652
0.191746
0.034243
0.194247
0.183343
0.235565
0.245934
0.025907
0.116786
0.004004
0.308347
0.390916
0.057341
0.472943
0.210432
0.128425
0.071558
0.007087
0.281685
0.121811
0.025573
0.592761
0.304398
0.269209
0.176581
0.181377
0.179596
0.084758
0.126590
0.097102
0.072259
0.273658
0.460554
0.103844
0.414331
0.021254
0.021755
0.566248
0.004487
0.515184
0.104435
0.165165
0.521697
0.223439
0.229519
0.004222
0.007612
0.502839
0.020736
0.074081
0.042783
0.191548
0.145818
0.488372
0.292562
0.224457
0.125365
0.532036
0.344335
0.421661
0.320571
0.251254
0.342807
0.257670
0.134194
0.122186
0.283576
0.109278
0.019603
0.132485
0.105789
0.382432
0.096062
0.413296
0.134386
0.404443
0.107690
0.198234
0.447947
0.222311
0.082708
0.364780
0.534238
0.290567
0.450441
0.401420
0.124239
0.285987
0.425479
0.041105
0.555452
0.071554
0.278371
0.235208
0.143979
0.301631
0.024172
0.127901
0.271410
0.133829
0.037001
0.181932
0.224708
0.234500
0.106882
0.135381
0.105867
0.207006
0.426711
0.560903
0.078839
0.304303
0.150404
0.209096
0.524532
0.285587
0.342280
0.015868
0.384536
0.358454
0.080269
0.184018
0.156851
0.638895
0.154191
0.087027
0.048298
0.419433
0.311825
0.419100
0.125365
0.150410
0.008351
0.044488
0.249218
0.223472
0.287710
0.333925
0.254816
0.119322
0.167043
0.028479
0.215035
0.503666
0.407081
0.531766
0.409156
0.228246
0.016781
0.141367
0.144596
0.068443
0.304780
0.100237
0.059233
0.037151
0.040035
0.471211
0.286969
0.141870
0.277096
0.022865
0.237525
0.474112
0.083029
0.093120
0.259270
0.189957
0.143605
0.654349
0.413852
0.179427
0.219366
0.158777
0.283583
0.099405
0.237777
0.333734
0.230156
0.167214
0.568628
0.531774
0.023359
0.030401
0.273419
0.083041
0.120529
0.153837
0.259911
0.225182
0.110177
0.046602
0.111820
0.077247
0.137474
0.086841
0.206977
0.415070
0.232764
0.073222
0.361575
0.007803
0.495731
0.329555
0.301510
0.247340
0.297900
0.395782
0.305888
0.613273
0.033918
0.356840
0.376787
0.413176
0.351222
0.265226
0.591774
0.288013
0.311208
0.290603
0.381390
0.163023
0.347303
0.324983
0.097534
0.314119
0.477651
0.217578
0.708620
0.347529
0.174884
0.095455
0.239311
0.099016
0.542413
0.028566
0.072334
0.272418
0.107983
0.136236
0.144894
0.469283
0.232349
0.228396
0.457151
0.268315
0.432300
0.537419
0.062706
0.020024
0.290744
0.226090
0.179243
0.125348
0.503632
0.112612
0.240337
0.145708
0.394579
0.161285
0.424551
0.034079
0.346991
0.485350
0.137160
0.119642
0.334486
0.160367
0.059631
0.249191
0.112867
0.332108
0.171193
0.051313
0.366470
0.376178
0.233919
0.030929
0.275734
0.296273
0.080437
0.406091
0.057462
0.541283
0.147047
0.487095
0.160556
0.151322
0.050104
0.191318
0.343240
0.022720
0.015817
0.378480
0.207204
0.096811
0.374580
0.386949
0.430648
0.400444
0.095635
0.040430
0.284125
0.087336
0.543958
0.085306
0.294202
0.211950
0.214761
0.013825
0.029106
0.204057
0.117438
0.335371
0.172252
0.461363
0.504627
0.282346
0.240190
0.028558
0.321426
0.182224
0.239948
0.102967
0.154746
0.095705
0.038173
0.063181
0.203878
0.114424
0.386421
0.123615
0.081044
0.459465
0.258367
0.428537
0.000629
0.450821
0.012833
0.407866
0.393530
0.027694
0.007115
0.264160
0.051969
0.383817
0.500538
0.748800
0.285857
0.017983
0.165009
0.156998
0.492360
0.497181
0.066671
0.103725
0.224137
0.221067
0.239047
0.071629
0.232530
0.401851
0.159378
0.483111
0.252604
0.212868
0.385057
0.221305
0.110889
0.301303
0.782199
0.166678
0.203334
0.074792
0.200429
0.134089
0.380603
0.188910
0.139114
0.693425
0.368528
0.447616
0.232040
0.103703
0.058392
0.112096
0.001798
0.267150
0.079715
0.160549
0.157691
0.096314
0.098305
0.229601
0.169498
0.239571
0.159889
0.191247
0.406849
0.158360
0.339721
0.017753
0.481857
0.410523
0.263944
0.666376
0.131443
0.231024
0.224291
0.463692
0.332387
0.192283
0.101430
0.138380
0.035846
0.006283
0.376317
0.367460
0.120153
0.129422
0.156042
0.332220
0.194827
0.256661
0.178312
0.325500
0.355872
0.575472
0.482349
0.267755
0.234541
0.313609
0.172634
0.074909
0.211397
0.004440
0.044394
0.358196
0.001616
0.323104
0.048125
0.218578
0.036189
0.310429
0.330019
0.524209
0.017512
0.219802
0.334175
0.033160
0.119990
0.213239
0.089959
0.126104
0.328846
0.258106
0.294929
0.344570
0.403988
0.371094
0.312147
0.024569
0.069216
0.333269
0.405257
0.212283
0.195534
0.134816
0.242594
0.296285
0.155000
0.428040
0.315339
0.036468
0.175475
0.263963
0.088682
0.002238
0.524870
0.232010
0.264439
0.322830
0.100455
0.367738
0.117402
0.037888
0.206198
0.064616
0.161500
0.324887
0.349991
0.431243
0.208729
0.391825
0.032409
0.235849
0.319239
0.119928
0.138409
0.096716
0.011521
0.134035
0.169173
0.307253
0.625781
0.167974
0.112496
0.055606
0.288734
0.241966
0.217415
0.152314
0.053556
0.128519
0.281227
0.007415
0.349789
0.310157
0.272974
0.022022
0.020708
0.341363
0.230885
0.275885
0.473217
0.121618
0.525190
0.151595
0.185244
0.107174
0.591608
0.329456
0.176234
0.095164
0.787313
0.129368
0.233430
0.050165
0.258855
0.050645
0.564998
0.387878
0.049908
0.016262
0.231423
0.064089
0.814251
0.154163
0.444165
0.121822
0.558903
0.177214
0.298785
0.305537
0.071623
0.030495
0.360934
0.160287
0.060446
0.342051
0.497940
0.270473
0.079902
0.103352
0.258493
0.187349
0.593070
0.262002
0.287613
0.188775
0.020077
0.089158
0.371898
0.043189
0.114235
0.016307
0.114538
0.123596
0.217586
0.434963
0.583395
0.157388
0.272301
0.435896
0.017606
0.513005
0.047610
0.034894
0.055075
0.151344
0.273760
0.172579
0.143014
0.200955
0.052739
0.186443
0.037135
0.310285
0.418140
0.507682
0.220280
0.015170
0.374812
0.230735
0.208562
0.332943
0.493747
0.067416
0.188586
0.330554
0.235146
0.458050
0.083617
0.074388
0.142800
0.293814
0.263445
0.149285
0.269857
0.077303
0.001781
0.313640
0.272240
0.296450
0.273782
0.760244
0.113849
0.180899
0.473566
0.144399
0.054776
0.053149
0.209839
0.444017
0.279232
0.215091
0.196291
0.359804
0.553443
0.099195
0.309364
0.088361
0.049269
0.571932
0.243662
0.017882
0.053395
0.232330
0.183793
0.267466
0.378596
0.040165
0.177313
0.493569
0.050349
0.326944
0.228628
0.153295
0.111940
0.238558
0.445369
0.342441
0.143714
0.011380
0.495720
0.261873
0.062544
0.012182
0.017780
0.400126
0.323504
0.251191
0.202866
0.013420
0.363511
0.026513
0.158854
0.311990
0.393898
0.013454
0.252502
0.053617
0.048511
0.123681
0.248909
0.233394
0.107671
0.061492
0.140809
0.687856
0.471826
0.380588
0.257421
0.095176
0.180194
0.067497
0.292620
0.118485
0.702726
0.653302
0.202783
0.375418
0.262414
0.268489
0.201825
0.157220
0.320349
0.227254
0.045574
0.207793
0.203531
0.238694
0.164912
0.069422
0.488338
0.097601
0.148760
0.184721
0.045577
0.455341
0.478587
0.019704
0.012206
0.225974
0.226697
0.374416
0.255430
0.214542
0.155674
0.108657
0.012365
0.026784
0.316409
0.384927
0.025709
0.236197
0.323290
0.126709
0.135183
0.103971
0.246625
0.592837
0.202625
0.046379
0.090077
0.217484
0.215308
0.073395
0.126448
0.330186
0.057189
0.565146
0.139437
0.092410
0.223495
0.013021
0.181556
0.129113
0.116599
0.533556
0.372682
0.651908
0.272745
0.268579
0.116409
0.332575
0.056628
0.154284
0.352153
0.689143
0.489803
0.042099
0.306399
0.118138
0.278434
0.340322
0.284326
0.393390
0.159403
0.103500
0.261035
0.020616
0.357084
0.130842
0.057325
0.562798
0.299143
0.062766
0.028074
0.026395
0.421203
0.126058
0.155849
0.291083
0.244732
0.348303
0.172963
0.207923
0.002024
0.023435
0.401826
0.331550
0.213682
0.275725
0.572004
0.191057
0.150606
0.007615
0.061363
0.482995
0.156048
0.073211
0.212160
0.153952
0.098889
0.222353
0.263038
0.291344
0.518799
0.023705
0.378117
0.092328
0.214545
0.011644
0.108884
0.101786
0.001329
0.201503
0.425766
0.096878
0.286226
0.303731
0.491847
0.304075
0.252455
0.199950
0.303761
0.167568
0.389510
0.002617
0.518598
0.503370
0.119803
0.053460
0.011828
0.596180
0.286751
0.568553
0.137331
0.168642
0.400029
0.229776
0.287793
0.188150
0.164576
0.092893
0.383675
0.015214
0.193998
0.148797
0.135106
0.402579
0.237342
0.167130
0.411752
0.506382
0.132251
0.388336
0.315798
0.441502
0.042910
0.422018
0.244901
0.237214
0.020310
0.279825
0.586417
0.473500
0.122427
0.142164
0.133628
0.298613
0.276114
0.147593
0.223509
0.360665
0.113581
0.380348
0.372746
0.348091
0.600998
0.053177
0.049745
0.142822
0.155927
0.057418
0.149059
0.301326
0.128449
0.259219
0.249003
0.019388
0.499878
0.164103
0.366441
0.358463
0.245402
0.480911
0.265487
0.475827
0.004507
0.090760
0.106108
0.111324
0.092925
0.302222
0.196670
0.619335
0.005731
0.060738
0.041351
0.276948
0.185753
0.282550
0.017658
0.301484
0.387019
0.109105
0.624101
0.064548
0.538900
0.298459
0.284663
0.071028
0.369854
0.243735
0.091370
0.262825
0.211252
0.468370
0.279880
0.163303
0.005579
0.476822
0.188339
0.436868
0.066432
0.082779
0.065204
0.097050
0.256924
0.163241
0.098780
0.144471
0.288909
0.005990
0.178055
0.414447
0.166835
0.208620
0.206033
0.665700
0.147167
0.251030
0.696128
0.378769
0.313688
0.079229
0.610507
0.097029
0.426467
0.169175
0.476518
0.037039
0.061711
0.617441
0.370857
0.071388
0.530379
0.045052
0.271367
0.341118
0.315341
0.216504
0.400659
0.421143
0.217374
0.402640
0.328342
0.141376
0.377201
0.005779
0.280785
0.105682
0.191756
0.479323
0.540692
0.259595
0.534131
0.422483
0.000232
0.086615
0.192754
0.626672
0.040644
0.242661
0.413692
0.232229
0.651638
0.285641
0.342698
0.511331
0.253549
0.349120
0.175319
0.546189
0.191662
0.263043
0.172640
0.094648
0.354653
0.067656
0.398359
0.146289
0.404657
0.196946
0.087158
0.128024
0.249046
0.605644
0.173914
0.187458
0.321926
0.337364
0.279199
0.080554
0.302618
0.417627
0.110907
0.210864
0.291881
0.555547
0.640085
0.133834
0.032525
0.337801
0.224716
0.066765
0.331076
0.396827
0.168162
0.129556
0.195414
0.014425
0.539133
0.616007
0.068003
0.166280
0.112639
0.127322
0.388504
0.309063
0.382616
0.225875
0.007895
0.161389
0.594849
0.361504
0.405439
0.175808
0.343437
0.427253
0.000009
0.296092
0.041104
0.412806
0.320731
0.222987
0.147076
0.160355
0.165997
0.175858
0.101639
0.043136
0.315315
0.104211
0.018028
0.006838
0.407543
0.329572
0.271883
0.032579
0.301793
0.231414
0.619580
0.438377
0.048464
0.010755
0.254179
0.002524
0.133005
0.360138
0.240954
0.059172
0.215892
0.505722
0.143961
0.301901
0.198804
0.099268
0.250460
0.176837
0.201487
0.108440
0.234699
0.358207
0.180997
0.367628
0.578163
0.288976
0.472144
0.140247
0.047579
0.130689
0.145555
0.113898
0.069445
0.170211
0.518807
0.034026
0.087147
0.388014
0.173227
0.333559
0.386656
0.103790
0.382020
0.408376
0.118194
0.385141
0.219351
0.312657
0.424844
0.411963
0.157134
0.154269
0.235955
0.060180
0.330850
0.136719
0.477086
0.504336
0.619277
0.261208
0.496250
0.024616
0.060051
0.538401
0.369466
0.028790
0.404563
0.185071
0.549190
0.029553
0.095019
0.131946
0.228686
0.074666
0.096719
0.277808
0.057508
0.523849
0.125252
0.387208
0.370940
0.170907
0.393625
0.324171
0.326755
0.437244
0.018551
0.213907
0.015630
0.059601
0.489886
0.006719
0.297362
0.071191
0.052529
0.293471
0.360123
0.046989
0.096943
0.183623
0.589512
0.136359
0.098953
0.324138
0.287412
0.004650
0.388308
0.530239
0.199933
0.042938
0.040584
0.111199
0.481448
0.259727
0.028638
0.059736
0.285804
0.333806
0.079801
0.084036
0.523088
0.411123
0.115352
0.301597
0.111638
0.104996
0.262475
0.043117
0.128136
0.272489
0.543165
0.071468
0.095936
0.199455
0.212537
0.078548
0.064274
0.130321
0.093645
0.123042
0.540824
0.641516
0.195684
0.205769
0.898150
0.140977
0.220315
0.160948
0.286412
0.729027
0.026768
0.673501
0.429122
0.230592
0.002641
0.403964
0.027956
0.175954
0.127504
0.194988
0.132022
0.285719
0.134644
0.016860
0.178573
0.189135
0.076279
0.164173
0.094619
0.258100
0.072854
0.023782
0.457380
0.295645
0.350071
0.064747
0.473597
0.055425
0.091638
0.050479
0.342766
0.238129
0.563872
0.437915
0.245281
0.295929
0.366661
0.325029
0.066125
0.253459
0.263485
0.248842
0.050640
0.007568
0.372695
0.057990
0.046290
0.374373
0.362505
0.004162
0.465421
0.358564
0.358882
0.319622
0.023586
0.410011
0.284453
0.347998
0.125587
0.503361
0.473687
0.178021
0.319900
0.365072
0.341546
0.178854
0.228687
0.298795
0.141405
0.157257
0.150531
0.059166
0.407707
0.073211
0.315393
0.343468
0.237007
0.017967
0.272382
0.497475
0.173274
0.316479
0.348903
0.029644
0.183351
0.393351
0.337052
0.157249
0.342483
0.230808
0.071229
0.337042
0.131441
0.568975
0.084464
0.149446
0.019600
0.154154
0.400576
0.389517
0.036590
0.115498
0.040100
0.260008
0.068077
0.221348
0.548064
0.139507
0.010546
0.198645
0.113357
0.342023
0.250931
0.223937
0.304102
0.292361
0.096719
0.426795
0.217152
0.224210
0.222049
0.186357
0.349545
0.121806
0.432856
0.167291
0.503590
0.213472
0.078093
0.342330
0.108984
0.157253
0.141476
0.007580
0.020396
0.181215
0.517655
0.115896
0.339563
0.028405
0.256551
0.046141
0.114426
0.192716
0.080401
0.087635
0.527331
0.024970
0.243321
0.295471
0.084156
0.162253
0.236962
0.007172
0.431723
0.392467
0.104737
0.152074
0.256370
0.532043
0.031065
0.236168
0.303659
0.242694
0.011800
0.081315
0.660872
0.057546
0.216088
0.275440
0.359133
0.147338
0.430883
0.339192
0.177235
0.457425
0.193937
0.144908
0.337221
0.025861
0.592943
0.113773
0.348888
0.180220
0.071983
0.207206
0.003716
0.048730
0.389532
0.202095
0.419931
0.005068
0.254997
0.016301
0.284841
0.050787
0.040749
0.116984
0.304213
0.291090
0.260547
0.233415
0.263555
0.089310
0.141470
0.351839
0.408720
0.048305
0.405207
0.435075
0.179997
0.372761
0.280778
0.038290
0.138937
0.019409
0.364996
0.002736
0.270022
0.353582
0.590628
0.031795
0.334029
0.197724
0.187257
0.096647
0.074244
0.573856
0.386795
0.082171
0.022061
0.000630
0.049717
0.173670
0.362276
0.501073
0.229538
0.612765
0.290667
0.247732
0.110173
0.268894
0.208111
0.408976
0.026660
0.261148
0.280300
0.018750
0.252796
0.423874
0.059228
0.069049
0.501722
0.145573
0.233055
0.006673
0.285195
0.160591
0.281706
0.322702
0.430455
0.269996
0.054128
0.267984
0.344077
0.430893
0.072701
0.195044
0.021444
0.016318
0.168109
0.447510
0.300106
0.350642
0.433988
0.409637
0.086666
0.123918
0.349662
0.164621
0.148340
0.032076
0.437440
0.174747
0.280867
0.300982
0.075913
0.313947
0.139639
0.111696
0.040688
0.342558
0.220679
0.278154
0.220105
0.241470
0.446334
0.393977
0.281447
0.475149
0.054853
0.234892
0.457524
0.314502
0.008949
0.414866
0.016961
0.238226
0.452035
0.536751
0.275402
0.300015
0.197014
0.062098
0.130752
0.061932
0.169044
0.161773
0.186669
0.565653
0.376023
0.184290
0.590424
0.181943
0.530075
0.247013
0.127581
0.394940
0.163325
0.335523
0.449909
0.215941
0.290850
0.203212
0.535930
0.111157
0.328062
0.516819
0.083753
0.538216
0.301906
0.557013
0.103053
0.262737
0.264154
0.152617
0.109919
0.433241
0.476961
0.134384
0.372602
0.138278
0.283345
0.401586
0.250735
0.314792
0.116113
0.325490
0.390800
0.275368
0.108964
0.468106
0.187285
0.237457
0.235500
0.395920
0.312244
0.125968
0.053675
0.173764
0.120903
0.175688
0.097877
0.033476
0.258518
0.664934
0.147287
0.495380
0.040127
0.435117
0.636623
0.091283
0.183140
0.378269
0.420346
0.198250
0.076119
0.549989
0.345984
0.368749
0.068035
0.482327
0.071396
0.310229
0.224690
0.198208
0.118129
0.441764
0.305249
0.198225
0.395271
0.061836
0.155862
0.128316
0.223954
0.071728
0.201463
0.421416
0.099026
0.071830
0.163754
0.434552
0.240237
0.096271
0.097986
0.503208
0.372614
0.729089
0.370321
0.576027
0.065528
0.006978
0.402700
0.441695
0.155323
0.227698
0.240348
0.410701
0.168178
0.045033
0.223324
0.088836
0.054802
0.272982
0.125797
0.036206
0.404385
0.003589
0.221306
0.348437
0.016053
0.121336
0.052402
0.191967
0.013717
0.271406
0.184750
0.465786
0.219754
0.103767
0.158335
0.647813
0.678809
0.236637
0.439188
0.275925
0.010342
0.146035
0.379515
0.152680
0.131215
0.253468
0.019789
0.248406
0.305049
0.435789
0.179335
0.087636
0.433375
0.133499
0.142915
0.025154
0.155857
0.059726
0.260634
0.396245
0.465896
0.194683
0.133141
0.178711
0.012503
0.125433
0.088058
0.579589
0.132690
0.089713
0.340992
0.172836
0.177643
0.489149
0.258807
0.126667
0.543032
0.247312
0.277401
0.618052
0.079424
0.123082
0.332172
0.140276
0.175830
0.519608
0.291096
0.070202
0.232008
0.148869
0.005967
0.562221
0.381945
0.402461
0.288512
0.204515
0.001168
0.195201
0.217668
0.246214
0.568252
0.188221
0.038968
0.405825
0.140889
0.231410
0.278233
0.221621
0.172619
0.174198
0.501344
0.027345
0.174659
0.050528
0.121836
0.060073
0.271554
0.095932
0.375768
0.457317
0.565063
0.570193
0.315125
0.025787
0.207284
0.069642
0.085241
0.276927
0.439030
0.578718
0.603265
0.468144
0.002059
0.040457
0.275549
0.465595
0.078837
0.316916
0.062187
0.120560
0.244583
0.369049
0.314815
0.254901
0.022897
0.074877
0.306380
0.424794
0.367303
0.138527
0.367541
0.340468
0.075465
0.040642
0.211258
0.091783
0.062804
0.329898
0.287468
0.156314
0.243878
0.096004
0.442943
0.261764
0.068789
0.213222
0.500746
0.047312
0.586871
0.385295
0.357322
0.034364
0.041543
0.055466
0.198844
0.493781
0.336212
0.009879
0.482782
0.218025
0.033553
0.384299
0.077185
0.248326
0.225999
0.197433
0.108718
0.140812
0.164421
0.020916
0.156048
0.230336
0.059433
0.355876
0.370655
0.317151
0.313140
0.350401
0.370642
0.143389
0.306036
0.562842
0.000946
0.018330
0.048926
0.361608
0.287549
0.056836
0.013812
0.258770
0.170640
0.046105
0.237942
0.101171
0.247740
0.317162
0.492977
0.210383
0.029151
0.327790
0.081212
0.292609
0.371800
0.174916
0.477946
0.039668
0.085303
0.087677
0.064596
0.495379
0.160739
0.228086
0.519078
0.287520
0.129520
0.331212
0.127651
0.404221
0.161509
0.482022
0.682329
0.235007
0.273441
0.105099
0.095177
0.244495
0.099667
0.047707
0.301925
0.031272
0.319382
0.505530
0.386162
0.263713
0.273051
0.081504
0.026503
0.044066
0.078926
0.275196
0.054670
0.501619
0.036306
0.439204
0.335129
0.518964
0.281308
0.022869
0.323337
0.241828
0.128411
0.015439
0.344936
0.155849
0.189483
0.296865
0.053650
0.531023
0.270367
0.018345
0.448009
0.541447
0.070427
0.279906
0.275998
0.294739
0.314931
0.574044
0.138987
0.330442
0.317211
0.248146
0.081420
0.355202
0.097683
0.247623
0.057804
0.618565
0.090704
0.141680
0.380464
0.005158
0.130370
0.124697
0.440518
0.049602
0.489713
0.444886
0.348949
0.482905
0.150609
0.029550
0.483859
0.061787
0.352269
0.283199
0.044473
0.144680
0.263798
0.401760
0.438439
0.424112
0.229455
0.284476
0.316735
0.233232
0.513322
0.070027
0.083658
0.143531
0.509439
0.322252
0.001035
0.745214
0.368590
0.084993
0.199562
0.097871
0.235095
0.058229
0.236533
0.609233
0.335556
0.104611
0.283441
0.159609
0.070284
0.178452
0.063365
0.241099
0.290566
0.132491
0.214172
0.158013
0.389736
0.155442
0.064913
0.357778
0.005638
0.471761
0.362268
0.111774
0.380909
0.103364
0.051390
0.321371
0.073820
0.496166
0.330437
0.158354
0.182939
0.180068
0.189368
0.329662
0.415209
0.027775
0.030426
0.475126
0.233681
0.451954
0.254778
0.342442
0.127613
0.450027
0.383035
0.241792
0.491582
0.129034
0.020956
0.080040
0.188294
0.404587
0.067377
0.340776
0.027967
0.487154
0.006511
0.109606
0.341129
0.264081
0.069052
0.051233
0.322368
0.168589
0.233262
0.259802
0.037628
0.233374
0.308918
0.017934
0.502707
0.118068
0.427076
0.288401
0.063362
0.385880
0.066408
0.238276
0.223579
0.095495
0.554355
0.051690
0.466262
0.179074
0.075554
0.017656
0.055320
0.276790
0.313001
0.273653
0.149010
0.072274
0.239571
0.577240
0.605529
0.288912
0.172449
0.008227
0.456529
0.100573
0.037241
0.208247
0.195064
0.556488
0.238661
0.077054
0.050385
0.634733
0.365504
0.385844
0.056684
0.281522
0.014564
0.090894
0.167456
0.168775
0.040252
0.125499
0.298008
0.026269
0.158375
0.136391
0.247128
0.571505
0.428979
0.294576
0.493630
0.458763
0.065308
0.014135
0.129875
0.095695
0.046712
0.010141
0.035696
0.236956
0.010371
0.696368
0.247047
0.065296
0.320752
0.234060
0.537964
0.513079
0.153208
0.044131
0.211870
0.392037
0.018789
0.612186
0.315681
0.014989
0.429249
0.352631
0.105256
0.065039
0.015322
0.140535
0.218265
0.067617
0.259150
0.372636
0.074674
0.114491
0.431025
0.153113
0.252005
0.323624
0.267569
0.242203
0.242480
0.161903
0.496279
0.168378
0.380078
0.102740
0.012168
0.466568
0.235026
0.247578
0.430740
0.123821
0.563877
0.313257
0.057033
0.229640
0.070858
0.412199
0.321346
0.541841
0.025510
0.363631
0.212389
0.004602
0.295464
0.248682
0.514302
0.309807
0.280380
0.205291
0.580732
0.009599
0.219662
0.220999
0.159390
0.105715
0.379867
0.201737
0.356996
0.406749
0.020381
0.098035
0.073896
0.131289
0.128067
0.183515
0.248582
0.418536
0.139388
0.291909
0.392399
0.268019
0.088569
0.165122
0.704586
0.181201
0.485926
0.427402
0.097810
0.316175
0.199174
0.146857
0.146366
0.136913
0.410846
0.036823
0.587406
0.050417
0.307431
0.206472
0.601463
0.124252
0.293134
0.327187
0.003756
0.048052
0.166188
0.135338
0.079687
0.208991
0.036000
0.092478
0.131158
0.105640
0.388821
0.490496
0.016218
0.038000
0.369490
0.166382
0.124547
0.339332
0.049346
0.291934
0.109349
0.123421
0.355037
0.193578
0.300351
0.271012
0.623180
0.154528
0.002124
0.040623
0.124097
0.233327
0.374026
0.375679
0.605079
0.388312
0.161818
0.000951
0.141736
0.057601
0.514211
0.020083
0.049577
0.269789
0.265613
0.091853
0.044433
0.265318
0.126555
0.264710
0.293604
0.138510
0.481615
0.013096
0.094412
0.075187
0.128138
0.235724
0.481597
0.148769
0.013278
0.164829
0.210292
0.228198
0.295890
0.100883
0.376393
0.219310
0.000119
0.438771
0.130024
0.352168
0.040820
0.361804
0.371799
0.280960
0.208691
0.134590
0.147383
0.249165
0.244518
0.061134
0.311505
0.686307
0.510009
0.018787
0.021521
0.266265
0.566484
0.632819
0.431588
0.199707
0.084242
0.421195
0.252520
0.148832
0.132069
0.408390
0.334490
0.374624
0.055126
0.344593
0.317696
0.290695
0.074080
0.043469
0.430700
0.007389
0.334930
0.040405
0.378824
0.172179
0.235254
0.110116
0.161959
0.415796
0.321849
0.339566
0.017733
0.230124
0.168005
0.159680
0.109102
0.556726
0.137664
0.263761
0.307278
0.201441
0.267881
0.106004
0.125890
0.566716
0.007290
0.400613
0.366479
0.346344
0.599137
0.205850
0.286553
0.523882
0.129833
0.569628
0.192027
0.185807
0.207600
0.274027
0.461558
0.335935
0.415069
0.016670
0.108611
0.134401
0.252965
0.255547
0.020829
0.353408
0.098424
0.301803
0.495382
0.301786
0.191021
0.431789
0.213853
0.199319
0.262323
0.217723
0.106999
0.427499
0.005881
0.147600
0.366569
0.220179
0.133819
0.448885
0.003655
0.369963
0.084326
0.279146
0.037331
0.269461
0.280760
0.451509
0.339037
0.304825
0.272533
0.177858
0.038487
0.615075
0.302771
0.504200
0.437164
0.189878
0.309563
0.499354
0.223461
0.368986
0.291745
0.002938
0.008061
0.135879
0.297742
0.001321
0.137671
0.328260
0.197526
0.320195
0.155687
0.621243
0.314354
0.141063
0.003626
0.217568
0.260381
0.009333
0.491871
0.281707
0.226492
0.238078
0.162747
0.748764
0.112028
0.207871
0.107572
0.349255
0.072923
0.430737
0.227938
0.604682
0.306448
0.264969
0.107463
0.154002
0.240917
0.147607
0.467204
0.028660
0.156263
0.169678
0.099018
0.267648
0.485246
0.204847
0.024649
0.011436
0.242550
0.266171
0.258851
0.037054
0.107228
0.137961
0.402730
0.108400
0.672203
0.123738
0.462633
0.512756
0.010634
0.196232
0.030281
0.225676
0.608313
0.149205
0.205429
0.273776
0.068089
0.121643
0.353242
0.203589
0.246559
0.144599
0.398989
0.310473
0.209204
0.270198
0.290589
0.092059
0.344384
0.552913
0.018351
0.226090
0.147519
0.299113
0.467401
0.162565
0.353164
0.141412
0.647237
0.040331
0.401509
0.465387
0.390939
0.050022
0.289151
0.194602
0.173303
0.609393
0.336637
0.252502
0.267409
0.256310
0.297967
0.017519
0.601238
0.180754
0.269615
0.236752
0.082735
0.106002
0.249770
0.263413
0.080456
0.099282
0.196154
0.195163
0.005766
0.280868
0.283046
0.133517
0.062712
0.320409
0.242066
0.544006
0.273649
0.123452
0.302670
0.189568
0.609206
0.020096
0.229335
0.259258
0.355085
0.265961
0.197837
0.061808
0.420256
0.236162
0.174957
0.062639
0.538173
0.398121
0.051244
0.301513
0.307014
0.396123
0.558362
0.007175
0.483574
0.261234
0.038976
0.019366
0.052105
0.503301
0.326523
0.177229
0.355059
0.312133
0.038236
0.537722
0.148380
0.346174
0.305161
0.316104
0.120601
0.440811
0.685097
0.123706
0.060014
0.415466
0.340462
0.442909
0.339929
0.121419
0.232726
0.319226
0.051468
0.340872
0.025656
0.292895
0.143802
0.695298
0.382408
0.196911
0.337293
0.043768
0.252810
0.409941
0.344257
0.234211
0.417026
0.513488
0.330642
0.210074
0.046983
0.101484
0.060628
0.060850
0.580327
0.516236
0.037493
0.315396
0.564207
0.121353
0.035745
0.083849
0.000660
0.099221
0.358719
0.158586
0.294975
0.032541
0.184736
0.128227
0.297606
0.256600
0.289382
0.011267
0.180869
0.262059
0.279292
0.163442
0.468746
0.195288
0.064728
0.165537
0.029541
0.603926
0.551290
0.334264
0.439108
0.277731
0.171840
0.326441
0.381668
0.005583
0.465245
0.412731
0.095079
0.194370
0.053495
0.356521
0.011941
0.027388
0.165545
0.043950
0.070120
0.358754
0.109255
0.124474
0.056278
0.332213
0.489907
0.116453
0.086591
0.160213
0.153762
0.410392
0.244124
0.020682
0.135031
0.346302
0.149284
0.015815
0.245657
0.351511
0.043940
0.514464
0.321159
0.038309
0.120115
0.239699
0.010476
0.170426
0.019298
0.187150
0.039226
0.137839
0.598316
0.460624
0.098517
0.208739
0.278535
0.215690
0.126066
0.051824
0.161966
0.452097
0.140379
0.461600
0.024084
0.175985
0.374517
0.178552
0.223971
0.099705
0.088721
0.169099
0.250512
0.471500
0.369128
0.010416
0.039245
0.369690
0.021844
0.279691
0.129369
0.445491
0.469260
0.146506
0.427499
0.101630
0.190871
0.325577
0.195167
0.200454
0.173659
0.212794
0.400194
0.000987
0.031133
0.173759
0.187303
0.436668
0.323356
0.167808
0.089228
0.405490
0.681546
0.194956
0.094287
0.285624
0.091521
0.290054
0.331117
0.275944
0.012403
0.016656
0.297157
0.466239
0.265297
0.129422
0.351236
0.168393
0.223837
0.138509
0.094256
0.369689
0.179840
0.258470
0.208114
0.119681
0.131445
0.290525
0.402584
0.653109
0.360028
0.347619
0.398249
0.430293
0.007183
0.278326
0.002854
0.164697
0.031929
0.459003
0.376943
0.274917
0.635473
0.007731
0.209415
0.263528
0.209391
0.330481
0.052116
0.425408
0.328502
0.297407
0.553653
0.566520
0.174742
0.186927
0.004433
0.562699
0.055155
0.512202
0.099882
0.092257
0.218489
0.183983
0.168143
0.314418
0.209447
0.311466
0.119660
0.280585
0.616682
0.094208
0.159728
0.146849
0.242121
0.372093
0.239068
0.195242
0.117853
0.268073
0.373387
0.408266
0.194667
0.366010
0.065170
0.115852
0.073126
0.444273
0.461040
0.520668
0.106089
0.338667
0.253199
0.120200
0.098822
0.198171
0.280304
0.427078
0.390763
0.530556
0.367867
0.013585
0.493459
0.218175
0.116794
0.289665
0.337095
0.184393
0.160512
0.387262
0.152791
0.360110
0.597553
0.141428
0.232416
0.154656
0.574833
0.371183
0.217641
0.376845
0.512559
0.384990
0.107262
0.255011
0.046436
0.110820
0.051656
0.460951
0.003493
0.167881
0.135250
0.382710
0.128348
0.322388
0.143986
0.302130
0.252277
0.133440
0.460058
0.252216
0.528253
0.008531
0.210230
0.115863
0.396446
0.069019
0.572744
0.264321
0.364206
0.274411
0.132712
0.387808
0.128159
0.006737
0.055342
0.322167
0.074184
0.150331
0.355764
0.036940
0.115344
0.011741
0.313556
0.229785
0.173130
0.167844
0.451683
0.123705
0.055255
0.301681
0.446507
0.001483
0.403545
0.550166
0.055005
0.002705
0.512951
0.373066
0.306643
0.027234
0.605196
0.017852
0.192172
0.196780
0.480504
0.186980
0.083384
0.684720
0.517098
0.053762
0.507073
0.042310
0.350055
0.338230
0.152429
0.118053
0.591811
0.471594
0.175715
0.326683
0.232381
0.185766
0.345235
0.029704
0.372465
0.178416
0.509416
0.228512
0.397355
0.352961
0.380155
0.480837
0.072967
0.106742
0.554054
0.660133
0.166252
0.294143
0.356462
0.047366
0.112472
0.058414
0.550960
0.319548
0.325550
0.406253
0.056909
0.305152
0.024718
0.135213
0.095990
0.004476
0.233269
0.373179
0.079705
0.037776
0.072783
0.516432
0.105915
0.252819
0.308674
0.468690
0.067189
0.044023
0.355838
0.340356
0.329616
0.306305
0.510048
0.236818
0.282376
0.209303
0.443061
0.596637
0.473725
0.129600
0.003266
0.269084
0.392424
0.091516
0.310767
0.432891
0.039194
0.012742
0.263975
0.060946
0.276116
0.266861
0.253756
0.181638
0.188272
0.079174
0.118870
0.133958
0.393279
0.115846
0.010098
0.006615
0.346693
0.246282
0.430612
0.019342
0.265373
0.540928
0.184339
0.497490
0.009676
0.342663
0.139121
0.026463
0.078447
0.113693
0.228719
0.315798
0.283931
0.493341
0.395080
0.094487
0.341557
0.189720
0.314362
0.397250
0.358996
0.000607
0.489960
0.116445
0.362644
0.383905
0.154488
0.012116
0.135674
0.128845
0.053030
0.296801
0.156149
0.094917
0.288233
0.532617
0.170117
0.384967
0.495902
0.012600
0.004170
0.078228
0.145827
0.066214
0.298983
0.560540
0.305496
0.211210
0.507239
0.004191
0.505369
0.015942
0.161561
0.208332
0.295317
0.254174
0.334267
0.369048
0.501119
0.116885
0.138480
0.268641
0.238652
0.239725
0.107923
0.094165
0.392957
0.428721
0.186724
0.455585
0.502616
0.251511
0.397299
0.319426
0.015856
0.196590
0.242642
0.012405
0.256279
0.418703
0.647655
0.480405
0.605409
0.296202
0.576303
0.188211
0.114231
0.210487
0.163963
0.015948
0.223763
0.181202
0.493549
0.170227
0.182519
0.151985
0.244379
0.224492
0.339147
0.202961
0.045460
0.460224
0.241706
0.329162
0.572349
0.095160
0.162467
0.286995
0.310253
0.274208
0.001426
0.232027
0.130554
0.183725
0.167971
0.169483
0.418496
0.107074
0.115596
0.204797
0.433660
0.009714
0.108500
0.181165
0.534199
0.299467
0.483013
0.459732
0.285921
0.040486
0.239329
0.664345
0.284546
0.320843
0.281904
0.014456
0.063584
0.318122
0.065898
0.098065
0.415315
0.318259
0.109954
0.104878
0.604236
0.333119
0.037285
0.353675
0.083636
0.168233
0.312024
0.117494
0.109222
0.163001
0.448892
0.074442
0.058747
0.104195
0.093815
0.146102
0.148344
0.210947
0.193590
0.339744
0.420646
0.426738
0.041446
0.330422
0.742636
0.064889
0.146766
0.041826
0.576762
0.604042
0.180278
0.177089
0.415351
0.212838
0.168614
0.264635
0.085630
0.082099
0.058505
0.034884
0.013709
0.276994
0.013899
0.186097
0.428340
0.331660
0.114966
0.335377
0.297645
0.278676
0.063282
0.058061
0.400163
0.148539
0.240703
0.279483
0.509431
0.071069
0.137489
0.144220
0.110928
0.205129
0.489073
0.316457
0.456820
0.235073
0.150408
0.242811
0.008187
0.401839
0.317114
0.097661
0.344143
0.029794
0.248968
0.032424
0.098156
0.420680
0.193097
0.007827
0.510184
0.087960
0.363674
0.605685
0.005302
0.150688
0.034759
0.220388
0.056810
0.265804
0.212950
0.230486
0.352337
0.166637
0.393778
0.116687
0.059221
0.392389
0.298364
0.321803
0.074541
0.156550
0.323667
0.009691
0.069986
0.454916
0.163601
0.086456
0.685577
0.009116
0.166579
0.095940
0.311334
0.249268
0.131374
0.326009
0.453929
0.099718
0.518693
0.331902
0.321319
0.223867
0.292907
0.203798
0.422749
0.004965
0.268961
0.247857
0.010488
0.546548
0.092898
0.037945
0.127702
0.279607
0.417496
0.265602
0.426904
0.356883
0.174219
0.441196
0.085476
0.482540
0.387125
0.139443
0.161500
0.225166
0.109855
0.460495
0.202814
0.286989
0.303688
0.012796
0.365180
0.040813
0.200437
0.053490
0.452363
0.187657
0.046703
0.166077
0.087203
0.267236
0.171232
0.112334
0.102565
0.008782
0.419025
0.245974
0.159266
0.082780
0.495589
0.258087
0.442872
0.048767
0.153564
0.433483
0.604980
0.253614
0.198933
0.139644
0.493567
0.090039
0.573687
0.231596
0.552875
0.415397
0.025850
0.113879
0.113588
0.624703
0.150487
0.048106
0.507694
0.025294
0.103663
0.401829
0.735799
0.138104
0.104164
0.148168
0.511858
0.548673
0.469910
0.376745
0.012331
0.505221
0.402815
0.263233
0.186101
0.223374
0.435442
0.222229
0.190170
0.276969
0.199614
0.371471
0.171799
0.389998
0.369888
0.240349
0.494083
0.323608
0.391995
0.218823
0.016504
0.327603
0.121372
0.003391
0.125805
0.587131
0.394297
0.534277
0.119232
0.036926
0.362626
0.383092
0.102133
0.086814
0.371232
0.594995
0.080192
0.315177
0.389584
0.094654
0.176388
0.187453
0.214457
0.203258
0.200085
0.057347
0.400548
0.360823
0.147870
0.203786
0.270988
0.212671
0.148093
0.483605
0.494449
0.228226
0.254951
0.220396
0.043460
0.264964
0.169590
0.519907
0.103799
0.701491
0.316178
0.254408
0.312448
0.402643
0.168940
0.621589
0.145040
0.278643
0.258192
0.023114
0.105480
0.582088
0.419630
0.011610
0.486359
0.293476
0.200735
0.258605
0.630178
0.406053
0.214496
0.381199
0.374768
0.427295
0.056406
0.160836
0.369528
0.266231
0.176430
0.102305
0.317975
0.069435
0.180134
0.563918
0.380201
0.420236
0.161889
0.343216
0.260698
0.026553
0.554420
0.203500
0.435298
0.033578
0.396419
0.084554
0.314449
0.076196
0.077533
0.135144
0.086848
0.356177
0.136118
0.050119
0.069359
0.031278
0.263197
0.343349
0.529044
0.359136
0.244500
0.444253
0.118798
0.493102
0.294860
0.348924
0.420991
0.598490
0.143765
0.024548
0.211837
0.486730
0.257670
0.027785
0.004542
0.049215
0.261237
0.287155
0.123672
0.109964
0.288674
0.504502
0.303202
0.162408
0.444211
0.143767
0.280815
0.418759
0.337403
0.292521
0.134483
0.182525
0.460805
0.036227
0.313418
0.124644
0.521334
0.255138
0.227442
0.542710
0.354427
0.855393
0.263030
0.194222
0.189320
0.094561
0.168719
0.173268
0.135444
0.261322
0.451011
0.146466
0.314064
0.104822
0.297741
0.118091
0.242498
0.144038
0.156529
0.406168
0.179759
0.366973
0.255693
0.545194
0.137803
0.298674
0.362242
0.389311
0.499896
0.012723
0.198261
0.336021
0.032834
0.117906
0.207553
0.054992
0.003874
0.623218
0.047189
0.433670
0.005668
0.360363
0.343420
0.201742
0.167552
0.259960
0.449785
0.240024
0.081112
0.462114
0.437960
0.358878
0.139423
0.055685
0.091830
0.358872
0.068284
0.350537
0.187109
0.243050
0.221449
0.225530
0.455646
0.067528
0.182963
0.115527
0.279675
0.080418
0.341712
0.240765
0.137810
0.084792
0.040456
0.543584
0.223442
0.446654
0.262472
0.394958
0.409262
0.370935
0.134700
0.528556
0.088540
0.298269
0.235117
0.281433
0.167049
0.527203
0.196986
0.332365
0.210125
0.300542
0.280800
0.092223
0.084736
0.106935
0.122734
0.098097
0.313674
0.286840
0.220426
0.400915
0.111544
0.000722
0.354426
0.037456
0.272053
0.106070
0.020656
0.500050
0.352689
0.000875
0.196229
0.307753
0.684980
0.190473
0.284366
0.067620
0.130103
0.050930
0.519216
0.020720
0.360114
0.198899
0.130320
0.438731
0.233904
0.330879
0.345496
0.187818
0.274048
0.175992
0.169343
0.046972
0.100221
0.068741
0.490894
0.220785
0.569043
0.096288
0.272658
0.267347
0.134819
0.107736
0.139462
0.655838
0.202856
0.035001
0.387021
0.050398
0.379145
0.535183
0.350874
0.231215
0.337304
0.318099
0.247678
0.557165
0.240250
0.243026
0.296022
0.176515
0.227882
0.506694
0.690409
0.101541
0.109692
0.014674
0.098310
0.307589
0.358148
0.531975
0.242646
0.449286
0.006016
0.435820
0.130823
0.126302
0.558123
0.430912
0.100491
0.139547
0.092618
0.269376
0.496373
0.523410
0.199173
0.316395
0.583904
0.077196
0.427273
0.114901
0.122005
0.305724
0.418986
0.068528
0.051165
0.230864
0.507211
0.402439
0.166450
0.159071
0.077569
0.139951
0.008512
0.251884
0.260707
0.482614
0.347141
0.541220
0.110851
0.012706
0.135480
0.408050
0.161985
0.150514
0.134289
0.027754
0.301379
0.277951
0.567479
0.153665
0.202148
0.173307
0.240203
0.154208
0.386860
0.169188
0.485522
0.374631
0.037216
0.016386
0.567225
0.000706
0.195406
0.231311
0.387607
0.460703
0.278796
0.081506
0.629616
0.270414
0.015585
0.018838
0.261372
0.322441
0.383770
0.432571
0.215311
0.037371
0.129548
0.327089
0.103024
0.375136
0.299502
0.273105
0.434156
0.217081
0.086770
0.431182
0.243025
0.138463
0.173177
0.384716
0.134349
0.293828
0.319720
0.315265
0.088868
0.497916
0.011598
0.110317
0.448292
0.142442
0.646249
0.292281
0.067690
0.041513
0.250950
0.483423
0.144563
0.183060
0.196218
0.359302
0.443883
0.117693
0.046483
0.192781
0.176651
0.057534
0.038912
0.216799
0.267997
0.199583
0.423849
0.065063
0.202016
0.247225
0.047432
0.113119
0.378031
0.216876
0.249456
0.230605
0.269062
0.161225
0.265663
0.662078
0.217082
0.191067
0.075398
0.081072
0.124448
0.314215
0.039286
0.466392
0.359158
0.504399
0.298408
0.145545
0.206830
0.002793
0.185090
0.041391
0.171537
0.025173
0.124182
0.194477
0.294624
0.784046
0.168387
0.198826
0.516877
0.069285
0.123682
0.336567
0.109372
0.112229
0.144353
0.318814
0.066826
0.261069
0.247717
0.334198
0.119163
0.010701
0.237360
0.110181
0.078727
0.133878
0.076651
0.440492
0.363972
0.398175
0.230072
0.225521
0.029140
0.055375
0.355909
0.442726
0.010287
0.260636
0.413013
0.530670
0.321536
0.320884
0.146984
0.285108
0.404452
0.371093
0.244113
0.337769
0.099679
0.345316
0.074655
0.329927
0.120560
0.287045
0.120024
0.015397
0.181087
0.067756
0.369254
0.006491
0.427119
0.546707
0.404939
0.093588
0.071641
0.201989
0.258569
0.171101
0.371620
0.245809
0.448670
0.231463
0.292652
0.145179
0.762104
0.403574
0.341956
0.244036
0.080363
0.253248
0.442136
0.036710
0.077063
0.048011
0.357039
0.191494
0.120928
0.450730
0.408201
0.299497
0.154798
0.319641
0.185597
0.069550
0.075192
0.428666
0.017446
0.131256
0.341013
0.158428
0.097628
0.274077
0.110080
0.205313
0.425457
0.045285
0.093366
0.040200
0.099229
0.411205
0.084468
0.105666
0.145385
0.335193
0.405540
0.080868
0.242049
0.165444
0.098482
0.409423
0.283317
0.319355
0.486692
0.292557
0.198091
0.230680
0.369094
0.233621
0.315644
0.200734
0.182492
0.129670
0.232028
0.298600
0.060869
0.251046
0.160287
0.356115
0.384691
0.377427
0.497659
0.108240
0.065322
0.353787
0.245210
0.332293
0.005752
0.148271
0.169627
0.557041
0.229304
0.081665
0.204127
0.369696
0.093230
0.436903
0.133703
0.071306
0.130012
0.065878
0.038249
0.122904
0.250949
0.069370
0.296884
0.244192
0.655979
0.225873
0.129281
0.407127
0.167585
0.276582
0.031821
0.122625
0.732535
0.059129
0.484431
0.176879
0.259618
0.169993
0.132605
0.008914
0.286795
0.060392
0.095690
0.126410
0.322478
0.597846
0.369245
0.335596
0.005191
0.031511
0.375292
0.042322
0.144864
0.126124
0.433262
0.123624
0.211928
0.162832
0.032395
0.526606
0.423841
0.297005
0.012450
0.327158
0.040642
0.382444
0.192185
0.101548
0.338322
0.011767
0.362883
0.004018
0.347854
0.136200
0.171328
0.428872
0.176681
0.105286
0.455160
0.598919
0.227714
0.314831
0.232770
0.476489
0.289180
0.049537
0.110838
0.260764
0.127267
0.476457
0.163835
0.032611
0.276287
0.518207
0.342651
0.488848
0.250629
0.085492
0.125664
0.450648
0.205807
0.388006
0.109269
0.156375
0.505802
0.443284
0.065116
0.042271
0.001467
0.007920
0.071136
0.148982
0.069248
0.033367
0.123246
0.289483
0.048116
0.195973
0.183938
0.422381
0.408791
0.271077
0.066896
0.385714
0.517487
0.319151
0.569407
0.214834
0.014434
0.384670
0.156947
0.399623
0.381073
0.255377
0.445138
0.101647
0.433657
0.050320
0.056011
0.133654
0.217285
0.487410
0.116391
0.321060
0.090705
0.465002
0.152222
0.104175
0.255085
0.292025
0.207822
0.177111
0.475690
0.162674
0.212484
0.107202
0.136229
0.375342
0.165852
0.438580
0.049840
0.172015
0.405382
0.381685
0.290724
0.426121
0.275775
0.353435
0.110595
0.510514
0.079649
0.223805
0.528675
0.068756
0.031276
0.141640
0.627889
0.220342
0.352807
0.078902
0.044373
0.548319
0.007894
0.070393
0.023435
0.078570
0.313240
0.056477
0.827817
0.287786
0.096185
0.228822
0.489367
0.059496
0.379834
0.079322
0.006178
0.238721
0.027670
0.259475
0.081116
0.104808
0.138315
0.103554
0.147820
0.088732
0.348001
0.519024
0.013853
0.092842
0.601041
0.047664
0.206201
0.186065
0.135288
0.162044
0.188123
0.094359
0.365409
0.318852
0.617130
0.152612
0.659380
0.332874
0.116639
0.196749
0.080776
0.388583
0.443916
0.249425
0.565472
0.128770
0.348804
0.136422
0.070913
0.156425
0.263485
0.202991
0.180218
0.169578
0.254529
0.174432
0.050219
0.386993
0.178884
0.215074
0.248042
0.113941
0.379865
0.447245
0.271156
0.005216
0.133175
0.349960
0.712220
0.021531
0.166269
0.579304
0.214689
0.276740
0.353983
0.103384
0.275596
0.274687
0.187493
0.282549
0.147971
0.266181
0.038921
0.262214
0.421068
0.048408
0.025574
0.284458
0.111618
0.185171
0.280965
0.297642
0.002015
0.363866
0.318172
0.146746
0.211281
0.225946
0.410694
0.484447
0.635241
0.124903
0.119344
0.219390
0.098861
0.184554
0.092905
0.184883
0.255719
0.091931
0.071601
0.297204
0.141049
0.354062
0.025298
0.281015
0.046974
0.051645
0.377383
0.058653
0.526962
0.140772
0.111613
0.035954
0.180838
0.041025
0.188354
0.283790
0.067682
0.399592
0.198931
0.291478
0.038873
0.714362
0.446405
0.393989
0.273316
0.363335
0.216069
0.127490
0.439821
0.528976
0.031546
0.500141
0.236810
0.344452
0.466115
0.465464
0.008352
0.217167
0.043474
0.223855
0.180373
0.028715
0.259771
0.029034
0.414925
0.389419
0.600991
0.217069
0.194703
0.197282
0.062727
0.128040
0.063094
0.377498
0.164941
0.143534
0.722017
0.241311
0.244198
0.476837
0.016050
0.047875
0.130721
0.058060
0.049902
0.493419
0.082585
0.358241
0.471303
0.379758
0.271012
0.458949
0.062682
0.369144
0.026613
0.328946
0.002309
0.348547
0.027768
0.236807
0.549043
0.265098
0.249073
0.256379
0.229336
0.759316
0.346898
0.465275
0.368586
0.551698
0.155706
0.549836
0.218095
0.276513
0.223345
0.163411
0.076022
0.006967
0.050440
0.089190
0.274279
0.299913
0.049665
0.346015
0.100559
0.499019
0.297054
0.327150
0.194538
0.364928
0.612852
0.089806
0.182108
0.338572
0.142270
0.135130
0.264839
0.642352
0.006632
0.502381
0.086331
0.342673
0.034785
0.545539
0.250365
0.447823
0.458278
0.033678
0.135144
0.159589
0.212355
0.134357
0.608324
0.244650
0.348639
0.270847
0.278812
0.086819
0.395269
0.186513
0.012963
0.051060
0.232706
0.411731
0.130083
0.105929
0.179851
0.225174
0.239474
0.089942
0.655186
0.029056
0.554807
0.796345
0.012994
0.070130
0.232910
0.128022
0.350339
0.231004
0.131535
0.347865
0.282036
0.134650
0.125472
0.143301
0.514735
0.177514
0.100980
0.615802
0.272100
0.217279
0.436323
0.153014
0.132136
0.379411
0.117231
0.343508
0.138481
0.410080
0.098033
0.005664
0.181360
0.080724
0.438260
0.078518
0.088768
0.487845
0.619713
0.092058
0.097799
0.230117
0.283523
0.631289
0.011874
0.123050
0.279754
0.449011
0.357350
0.165173
0.446204
0.559749
0.396810
0.222754
0.175390
0.240894
0.104350
0.341817
0.111688
0.113131
0.066529
0.190438
0.332249
0.350968
0.053206
0.044020
0.068541
0.090532
0.269265
0.330172
0.386849
0.421012
0.359287
0.188761
0.545338
0.068640
0.166508
0.093480
0.543900
0.352117
0.328989
0.491073
0.218951
0.140167
0.087523
0.113972
0.428125
0.598383
0.083417
0.240538
0.096017
0.535514
0.621814
0.200042
0.422367
0.169585
0.103579
0.262033
0.260787
0.525852
0.321878
0.011796
0.355249
0.623522
0.152106
0.491018
0.047396
0.238151
0.227204
0.160363
0.295454
0.568221
0.575071
0.293947
0.065253
0.604110
0.331616
0.247493
0.290142
0.109725
0.184876
0.307878
0.275397
0.425062
0.285195
0.567324
0.159153
0.483825
0.335727
0.373332
0.506281
0.121485
0.138115
0.481453
0.307393
0.142305
0.369716
0.389348
0.651775
0.010006
0.007161
0.298937
0.131578
0.082656
0.429430
0.383318
0.015284
0.450644
0.446385
0.061504
0.116006
0.009409
0.110999
0.079148
0.183555
0.063897
0.385199
0.077645
0.214258
0.165811
0.366386
0.184921
0.253103
0.044586
0.149642
0.399412
0.434121
0.142132
0.519361
0.158173
0.031179
0.413668
0.101501
0.325633
0.227830
0.174640
0.485568
0.436366
0.579952
0.317961
0.276571
0.068714
0.297155
0.332933
0.153058
0.062211
0.069194
0.268756
0.191828
0.023074
0.012819
0.128193
0.089630
0.219302
0.094167
0.110933
0.186084
0.542367
0.136534
0.383000
0.383607
0.127518
0.291940
0.397633
0.074079
0.134611
0.181980
0.336934
0.190622
0.241607
0.331005
0.226909
0.023058
0.719792
0.413373
0.010078
0.198312
0.046676
0.071573
0.056578
0.217400
0.242022
0.001892
0.131556
0.650719
0.154053
0.083934
0.280796
0.515404
0.107300
0.332931
0.198956
0.031560
0.485196
0.113532
0.122312
0.353959
0.379767
0.647294
0.268265
0.222645
0.091354
0.267126
0.028093
0.068598
0.166711
0.460985
0.064656
0.153008
0.394349
0.111591
0.412107
0.250997
0.078030
0.391751
0.162258
0.335413
0.008384
0.211429
0.175662
0.070292
0.004598
0.128294
0.446988
0.416222
0.027800
0.069739
0.079949
0.290978
0.211673
0.328057
0.352396
0.055155
0.565340
0.521405
0.112235
0.322413
0.241926
0.083017
0.160987
0.327586
0.236686
0.059326
0.201894
0.066351
0.451922
0.066526
0.055312
0.207236
0.061574
0.415548
0.243734
0.312996
0.170876
0.330745
0.226793
0.264394
0.225792
0.172893
0.263223
0.373219
0.785732
0.275310
0.497896
0.409568
0.574868
0.072883
0.525845
0.057490
0.252197
0.028647
0.587671
0.275583
0.249632
0.751368
0.082726
0.053087
0.004603
0.119268
0.490724
0.172830
0.516340
0.212890
0.523069
0.457042
0.336512
0.173541
0.228189
0.157288
0.093818
0.031126
0.375629
0.054419
0.022170
0.037726
0.073964
0.196830
0.436717
0.127124
0.497973
0.028354
0.314974
0.744466
0.168742
0.242764
0.110482
0.164309
0.612867
0.177232
0.080127
0.106467
0.199975
0.123730
0.238980
0.183883
0.367353
0.067423
0.071246
0.170468
0.293201
0.237723
0.463913
0.220343
0.627151
0.328305
0.094767
0.184750
0.368419
0.088765
0.396295
0.511060
0.484007
0.355119
0.090311
0.379817
0.371102
0.042507
0.392707
0.450440
0.131237
0.351930
0.290207
0.132034
0.361951
0.597359
0.201769
0.022187
0.453805
0.481767
0.245165
0.320443
0.326916
0.412392
0.299156
0.092778
0.422693
0.154159
0.134880
0.048902
0.522747
0.039262
0.269613
0.115871
0.197855
0.167622
0.323422
0.032136
0.267011
0.308871
0.076500
0.504508
0.306826
0.255665
0.148645
0.020510
0.019723
0.467518
0.015687
0.471380
0.112653
0.562763
0.307040
0.418610
0.213854
0.000274
0.018271
0.088079
0.145529
0.121523
0.083917
0.540430
0.037369
0.047432
0.149738
0.322068
0.195842
0.396159
0.346228
0.375482
0.433278
0.059145
0.134123
0.554935
0.152213
0.475399
0.220132
0.173019
0.195350
0.198868
0.502533
0.320440
0.072915
0.438821
0.290180
0.002698
0.092455
0.483169
0.117931
0.044825
0.326579
0.261437
0.002102
0.475390
0.281310
0.312891
0.282165
0.113297
0.072234
0.534672
0.329266
0.114654
0.105134
0.151886
0.130615
0.469469
0.060141
0.203010
0.254061
0.623155
0.203544
0.082170
0.115445
0.194383
0.364450
0.210014
0.255385
0.648946
0.561894
0.286215
0.220268
0.482550
0.075223
0.239791
0.191316
0.564853
0.040129
0.598197
0.460687
0.260183
0.107185
0.042677
0.023765
0.174858
0.158215
0.264994
0.451867
0.025845
0.048460
0.081627
0.302358
0.262089
0.356782
0.395402
0.056638
0.025970
0.233202
0.294778
0.360914
0.116021
0.535797
0.475167
0.035505
0.242022
0.292901
0.341527
0.430312
0.197875
0.183102
0.015299
0.146009
0.558581
0.093718
0.241715
0.341045
0.071967
0.197975
0.147324
0.312666
0.058987
0.116667
0.420386
0.132441
0.346330
0.447678
0.210235
0.051701
0.256027
0.054075
0.125038
0.166459
0.109023
0.024043
0.385685
0.000202
0.056760
0.534507
0.167319
0.465333
0.011641
0.241820
0.014526
0.159972
0.432130
0.309472
0.310164
0.421192
0.292675
0.743484
0.382724
0.048673
0.475542
0.334509
0.105985
0.406324
0.349911
0.090328
0.542252
0.247483
0.052559
0.086425
0.194634
0.043819
0.008971
0.203361
0.179362
0.255088
0.128391
0.139635
0.308635
0.357541
0.228717
0.453866
0.540752
0.176350
0.183948
0.176741
0.431572
0.119754
0.270723
0.435845
0.377493
0.203302
0.209382
0.142416
0.340716
0.293672
0.144473
0.157897
0.347415
0.222785
0.346052
0.309866
0.430213
0.252703
0.142999
0.161778
0.399234
0.167238
0.292793
0.037963
0.337791
0.346988
0.206362
0.433719
0.558866
0.089764
0.208840
0.131889
0.258007
0.237452
0.270567
0.055443
0.127433
0.654423
0.245982
0.352736
0.447490
0.266836
0.191504
0.331962
0.240312
0.021445
0.214740
0.007388
0.071669
0.078051
0.341281
0.200002
0.413577
0.110603
0.094836
0.277948
0.709273
0.141521
0.189729
0.360969
0.219679
0.222755
0.681413
0.116111
0.237218
0.231462
0.239518
0.110110
0.199724
0.034032
0.076358
0.263638
0.021762
0.147049
0.532422
0.059335
0.251825
0.100528
0.447220
0.019752
0.032377
0.199941
0.377909
0.509003
0.630786
0.531906
0.277778
0.104064
0.195894
0.481032
0.458262
0.531644
0.515444
0.068476
0.388156
0.438316
0.087584
0.143534
0.397101
0.440509
0.055557
0.105774
0.406519
0.246934
0.046892
0.238132
0.017675
0.217595
0.378734
0.138792
0.122032
0.079826
0.228868
0.137854
0.047089
0.032166
0.292541
0.398061
0.442890
0.429259
0.018932
0.370892
0.250947
0.078978
0.097923
0.529115
0.113507
0.026636
0.198999
0.018760
0.579757
0.248292
0.284429
0.347711
0.411324
0.232306
0.284828
0.200485
0.018444
0.014181
0.428015
0.157103
0.005526
0.161850
0.110591
0.468343
0.557567
0.338953
0.230148
0.497282
0.405351
0.088789
0.031196
0.099963
0.374467
0.128908
0.045665
0.415743
0.154218
0.081988
0.647185
0.361490
0.035198
0.062802
0.297820
0.083268
0.587946
0.260775
0.134103
0.294749
0.034449
0.451086
0.180787
0.110876
0.659545
0.240120
0.009192
0.102881
0.093316
0.402952
0.072930
0.130508
0.402768
0.203765
0.097004
0.523832
0.049496
0.091991
0.244494
0.039297
0.135859
0.085065
0.073436
0.279235
0.215179
0.186153
0.338145
0.200966
0.223613
0.429559
0.133489
0.433843
0.409636
0.215181
0.170178
0.230919
0.101181
0.292471
0.226584
0.039118
0.521868
0.332737
0.147288
0.163413
0.204309
0.322763
0.212798
0.133878
0.599662
0.034898
0.585692
0.349609
0.442362
0.140147
0.202431
0.166404
0.642604
0.207631
0.492850
0.228219
0.282291
0.561815
0.280039
0.020469
0.229178
0.128110
0.610447
0.283552
0.152593
0.329299
0.407395
0.498659
0.352737
0.361114
0.355574
0.017109
0.072728
0.144288
0.190191
0.296237
0.064217
0.324378
0.332460
0.150345
0.364086
0.137829
0.054642
0.075124
0.474460
0.053948
0.240082
0.154985
0.318017
0.285053
0.233724
0.070328
0.249091
0.017003
0.306721
0.210696
0.101243
0.070752
0.542602
0.398524
0.398573
0.140167
0.215142
0.386367
0.395681
0.461249
0.179473
0.125104
0.664881
0.216021
0.596030
0.321512
0.280023
0.450156
0.011167
0.163967
0.089922
0.409468
0.340495
0.076327
0.397597
0.220207
0.359130
0.530513
0.783435
0.326491
0.108129
0.060697
0.514389
0.646673
0.420773
0.356186
0.150155
0.449027
0.325482
0.307393
0.211054
0.237737
0.150718
0.282094
0.234484
0.030534
0.351782
0.431819
0.272154
0.592729
0.140658
0.178803
0.326966
0.557086
0.232928
0.105554
0.146700
0.626252
0.282270
0.027501
0.252937
0.555800
0.275146
0.621290
0.097444
0.139078
0.391577
0.361780
0.162448
0.137617
0.214707
0.482024
0.257297
0.369245
0.234086
0.163776
0.187575
0.450599
0.072753
0.366013
0.148500
0.237752
0.384104
0.438759
0.023845
0.221375
0.240854
0.276596
0.197797
0.303485
0.482709
0.321561
0.289030
0.434506
0.063596
0.289742
0.065648
0.406332
0.045132
0.505072
0.073749
0.037547
0.476677
0.423081
0.086091
0.445618
0.106404
0.294000
0.347780
0.196091
0.151291
0.530778
0.306936
0.019105
0.365461
0.316620
0.274071
0.450700
0.428871
0.514930
0.172814
0.356197
0.185636
0.673699
0.044766
0.063235
0.102615
0.069526
0.354944
0.142005
0.406173
0.140432
0.126939
0.395647
0.258124
0.336323
0.029840
0.268607
0.295731
0.064177
0.610944
0.010810
0.585241
0.109936
0.449711
0.293815
0.492812
0.273969
0.079956
0.069950
0.243659
0.473182
0.328495
0.120069
0.283290
0.367118
0.256004
0.386118
0.419226
0.028709
0.198096
0.310320
0.111008
0.368160
0.044013
0.350967
0.822360
0.574052
0.201346
0.030595
0.070058
0.320734
0.255206
0.197965
0.374829
0.012472
0.392157
0.630782
0.106380
0.016702
0.477264
0.260904
0.137685
0.049088
0.166934
0.036625
0.013958
0.499975
0.272146
0.127690
0.058647
0.086301
0.469062
0.238443
0.191941
0.269441
0.415802
0.480229
0.171777
0.413766
0.390916
0.475606
0.215200
0.371652
0.281286
0.009886
0.039151
0.278372
0.131633
0.059289
0.379624
0.373369
0.360109
0.307688
0.277946
0.137680
0.175207
0.201665
0.302392
0.378253
0.168094
0.392514
0.288601
0.333745
0.034739
0.176706
0.189236
0.348938
0.204543
0.198668
0.360609
0.378894
0.114547
0.215338
0.219932
0.284125
0.238953
0.268159
0.224984
0.580442
0.076126
0.225581
0.057869
0.548687
0.375054
0.068209
0.287181
0.271944
0.195168
0.227869
0.484916
0.194440
0.319002
0.491224
0.019741
0.373388
0.292767
0.369940
0.022966
0.173569
0.049403
0.285356
0.198865
0.172111
0.145035
0.219573
0.308590
0.204103
0.307293
0.245971
0.141824
0.089498
0.272931
0.295578
0.185055
0.821386
0.264710
0.084926
0.374375
0.010946
0.209623
0.414726
0.063853
0.485197
0.099927
0.169622
0.370270
0.635702
0.100933
0.276620
0.204300
0.337843
0.135301
0.066090
0.202164
0.079157
0.096491
0.118632
0.125145
0.276313
0.257740
0.180933
0.074230
0.136584
0.600773
0.062533
0.540044
0.110219
0.131198
0.309196
0.192552
0.035705
0.287770
0.178341
0.431121
0.189513
0.151457
0.153815
0.091538
0.175787
0.475267
0.086196
0.591265
0.039639
0.174008
0.533385
0.297148
0.120149
0.472425
0.136958
0.174601
0.324098
0.076985
0.151279
0.011925
0.360201
0.402145
0.187719
0.519221
0.059290
0.308156
0.362757
0.190743
0.182667
0.016791
0.483312
0.151276
0.241527
0.330194
0.242470
0.376728
0.395359
0.346778
0.578780
0.224763
0.232927
0.144302
0.205381
0.336262
0.529796
0.228146
0.173400
0.457816
0.355172
0.558764
0.030343
0.054344
0.116409
0.109160
0.009415
0.270625
0.287855
0.160851
0.320189
0.132315
0.577961
0.204322
0.217667
0.372193
0.509361
0.046924
0.033986
0.003734
0.368669
0.546982
0.537638
0.076820
0.312098
0.577941
0.125976
0.415402
0.336818
0.407689
0.623320
0.434032
0.243686
0.049843
0.067863
0.421849
0.122735
0.006226
0.133834
0.180660
0.026408
0.115240
0.109488
0.136921
0.188978
0.039274
0.476686
0.021008
0.087567
0.165956
0.267211
0.257352
0.139184
0.090144
0.080452
0.383280
0.054886
0.565465
0.023146
0.285254
0.463240
0.180067
0.084435
0.204800
0.139778
0.423698
0.307481
0.115038
0.019047
0.685948
0.011925
0.368189
0.118774
0.416954
0.640320
0.447340
0.003666
0.513072
0.253846
0.092380
0.104869
0.048008
0.185990
0.161733
0.232582
0.342359
0.114546
0.135022
0.568337
0.153489
0.309830
0.318312
0.392880
0.072991
0.210729
0.021309
0.280469
0.385022
0.070213
0.041742
0.369761
0.038992
0.336498
0.413732
0.532705
0.278410
0.427903
0.163156
0.116936
0.322426
0.122306
0.708131
0.083427
0.403462
0.062327
0.300464
0.262681
0.182792
0.432606
0.110145
0.302530
0.330693
0.154061
0.237199
0.168660
0.170291
0.150286
0.346408
0.058075
0.265636
0.015728
0.329462
0.006078
0.243522
0.229012
0.147694
0.087298
0.190010
0.244683
0.007477
0.192001
0.375204
0.164065
0.418385
0.586763
0.150446
0.238336
0.271218
0.175857
0.029579
0.227093
0.076482
0.395242
0.482781
0.453983
0.006120
0.151166
0.014117
0.010832
0.141268
0.128516
0.356663
0.053271
0.149663
0.451623
0.156988
0.658113
0.021801
0.035644
0.545726
0.326609
0.399793
0.302070
0.072533
0.246111
0.204666
0.202259
0.131178
0.000554
0.115363
0.109657
0.122060
0.072962
0.246346
0.093860
0.065078
0.283291
0.189060
0.718583
0.472181
0.294207
0.331262
0.039173
0.037701
0.123222
0.068385
0.378518
0.118869
0.156862
0.510106
0.488452
0.273148
0.117095
0.257006
0.148137
0.527148
0.353509
0.146535
0.247143
0.146606
0.292306
0.183802
0.046773
0.120706
0.221657
0.126428
0.232317
0.112041
0.116391
0.127427
0.197916
0.371552
0.424251
0.326434
0.290983
0.052603
0.128587
0.055521
0.216140
0.289614
0.342773
0.401431
0.085070
0.348876
0.368024
0.621807
0.158699
0.473572
0.137629
0.193069
0.143076
0.160100
0.186368
0.141589
0.324566
0.110251
0.063830
0.229728
0.030879
0.202194
0.231749
0.094234
0.469697
0.250418
0.055162
0.201794
0.183735
0.275031
0.217068
0.201271
0.541634
0.006273
0.260429
0.143565
0.057369
0.423627
0.187946
0.288801
0.154111
0.242073
0.482096
0.167816
0.364977
0.345131
0.159946
0.282477
0.310886
0.144465
0.211497
0.153939
0.491571
0.469377
0.104831
0.225167
0.356075
0.167697
0.336858
0.365845
0.348118
0.158120
0.028066
0.202524
0.239953
0.103863
0.181814
0.067235
0.116039
0.457521
0.326289
0.206312
0.320891
0.431529
0.451301
0.217458
0.471355
0.327275
0.281215
0.146650
0.010211
0.216585
0.463344
0.446086
0.029505
0.270642
0.316985
0.074183
0.626668
0.019721
0.073294
0.322386
0.057332
0.033555
0.040052
0.182092
0.021802
0.154828
0.370555
0.623196
0.169598
0.268314
0.421592
0.317297
0.041052
0.388166
0.197392
0.463613
0.118086
0.163195
0.100491
0.384282
0.213080
0.308375
0.341385
0.306959
0.048020
0.003614
0.183804
0.413764
0.252128
0.138023
0.257073
0.047852
0.077837
0.285077
0.220332
0.136183
0.070048
0.401568
0.214082
0.109846
0.061318
0.241260
0.403395
0.413059
0.305393
0.068311
0.170469
0.041286
0.426856
0.303244
0.202883
0.301326
0.006283
0.333933
0.088278
0.616541
0.118992
0.169813
0.275550
0.050611
0.402988
0.495043
0.749978
0.316802
0.416630
0.328611
0.790644
0.452060
0.134464
0.381806
0.154563
0.176082
0.186284
0.071212
0.009140
0.183690
0.645922
0.060987
0.505694
0.198051
0.182323
0.023474
0.281261
0.428806
0.086995
0.080546
0.252381
0.421828
0.160864
0.086984
0.124664
0.072053
0.112116
0.019763
0.287458
0.260728
0.152919
0.068037
0.461279
0.504492
0.062907
0.185331
0.279116
0.424368
0.282001
0.392200
0.403827
0.090110
0.574989
0.455640
0.209671
0.186087
0.249659
0.063593
0.319534
0.317307
0.325525
0.354193
0.250653
0.579172
0.413164
0.000466
0.122352
0.043616
0.376387
0.057089
0.337933
0.002184
0.566542
0.117481
0.058866
0.177986
0.248606
0.032568
0.117579
0.203268
0.226783
0.294436
0.000876
0.066119
0.203748
0.230051
0.358487
0.095785
0.113759
0.634913
0.479268
0.289404
0.682914
0.266369
0.416404
0.222553
0.363289
0.141714
0.004695
0.435221
0.238554
0.100492
0.237769
0.341494
0.271756
0.060839
0.225406
0.105200
0.591997
0.044897
0.323192
0.021082
0.164045
0.285731
0.041491
0.312356
0.351372
0.043345
0.285347
0.146819
0.065333
0.512170
0.009560
0.061213
0.441721
0.245004
0.295205
0.036841
0.145560
0.000106
0.266617
0.322868
0.058621
0.034903
0.254440
0.044882
0.297204
0.583080
0.128493
0.345175
0.175141
0.327296
0.118292
0.216960
0.028486
0.044627
0.384647
0.644911
0.145508
0.504883
0.524335
0.299131
0.118317
0.280972
0.351662
0.363347
0.126290
0.382454
0.189337
0.320704
0.326156
0.017467
0.395611
0.013944
0.277838
0.263538
0.039003
0.129705
0.172170
0.106721
0.222107
0.248129
0.201185
0.101255
0.145331
0.292794
0.599485
0.239602
0.253029
0.121423
0.418089
0.677767
0.139588
0.266746
0.808282
0.080345
0.303151
0.384808
0.003763
0.244696
0.282359
0.266770
0.171159
0.286195
0.159178
0.035282
0.191571
0.152171
0.044582
0.042081
0.432933
0.060948
0.113464
0.151858
0.244186
0.148687
0.030236
0.148561
0.335219
0.195908
0.033378
0.025252
0.064806
0.475508
0.049470
0.174655
0.266260
0.003794
0.190756
0.381721
0.073161
0.053098
0.152251
0.053571
0.246157
0.053736
0.362269
0.174437
0.432010
0.244740
0.080697
0.290645
0.085728
0.455093
0.068946
0.439388
0.086214
0.136923
0.203527
0.097215
0.097899
0.039553
0.444914
0.137179
0.456848
0.197955
0.379788
0.528034
0.282262
0.052135
0.336779
0.068343
0.430000
0.477172
0.199770
0.026045
0.245444
0.097599
0.107530
0.166329
0.528881
0.203983
0.137516
0.075219
0.058802
0.135756
0.347532
0.403360
0.266793
0.235294
0.362292
0.448273
0.373149
0.364855
0.258570
0.440978
0.124102
0.085853
0.258834
0.157895
0.016090
0.463222
0.048589
0.079264
0.307227
0.236106
0.078078
0.171311
0.251931
0.204166
0.360007
0.000879
0.320499
0.261223
0.435086
0.121751
0.338573
0.181738
0.337570
0.004127
0.248909
0.086056
0.396901
0.333107
0.092187
0.592141
0.159748
0.122358
0.269941
0.441794
0.388075
0.204734
0.208097
0.208900
0.580673
0.006497
0.218861
0.128325
0.143004
0.135432
0.190419
0.090674
0.055941
0.452905
0.047075
0.344960
0.051369
0.336573
0.207174
0.078318
0.319716
0.099313
0.398935
0.247572
0.454894
0.638434
0.227967
0.027253
0.345141
0.074487
0.104633
0.323244
0.367572
0.079214
0.471220
0.003085
0.154720
0.132555
0.665925
0.203328
0.114411
0.364959
0.226788
0.080308
0.219841
0.135030
0.165028
0.525005
0.345113
0.555992
0.415288
0.392178
0.075554
0.203761
0.204229
0.117641
0.077055
0.208900
0.423428
0.111848
0.258491
0.183095
0.005501
0.081986
0.056719
0.299227
0.040841
0.379134
0.447770
0.058400
0.022773
0.191243
0.083879
0.001891
0.217766
0.081182
0.299574
0.613880
0.056210
0.167531
0.193202
0.552384
0.283294
0.353101
0.518784
0.147227
0.113845
0.488406
0.077213
0.092897
0.169579
0.117985
0.325504
0.171769
0.362768
0.496755
0.177335
0.047523
0.056718
0.127145
0.007001
0.319656
0.482180
0.479041
0.201510
0.010380
0.331752
0.290400
0.433124
0.253341
0.016861
0.299560
0.364402
0.403378
0.075638
0.150302
0.605855
0.453841
0.140891
0.208206
0.356077
0.006104
0.147625
0.333904
0.032404
0.124013
0.225444
0.451828
0.464926
0.049109
0.310777
0.054955
0.095649
0.291006
0.006173
0.193852
0.568253
0.319304
0.076892
0.210332
0.021043
0.121884
0.120646
0.379438
0.243933
0.270671
0.573071
0.269434
0.295924
0.067119
0.105529
0.233492
0.518317
0.063883
0.299212
0.047275
0.455537
0.303933
0.267623
0.374261
0.488756
0.203289
0.231890
0.379525
0.459182
0.329837
0.192776
0.358961
0.511100
0.193883
0.349220
0.029378
0.091254
0.181661
0.351171
0.344442
0.429259
0.043193
0.427821
0.302552
0.401602
0.030216
0.049289
0.239405
0.241888
0.031094
0.176658
0.280312
0.440549
0.196713
0.496293
0.116743
0.263930
0.148181
0.508971
0.318709
0.240409
0.143229
0.397079
0.173373
0.190438
0.167651
0.124822
0.428477
0.173111
0.059442
0.196077
0.216087
0.129725
0.157735
0.317994
0.213572
0.202757
0.147857
0.160391
0.220384
0.260665
0.224029
0.040888
0.061721
0.074544
0.271463
0.317334
0.207737
0.119373
0.291830
0.170562
0.307708
0.084954
0.254612
0.352869
0.383828
0.220574
0.382724
0.464315
0.105687
0.332496
0.061865
0.014193
0.049586
0.193397
0.334448
0.165144
0.673487
0.204669
0.131684
0.085144
0.154860
0.326653
0.358058
0.111275
0.173047
0.126899
0.324837
0.129428
0.201563
0.376387
0.403385
0.047007
0.206450
0.255533
0.279382
0.593512
0.186834
0.491075
0.404650
0.067538
0.399349
0.411030
0.217294
0.350520
0.190500
0.308689
0.384497
0.471792
0.326380
0.054107
0.084474
0.437464
0.307165
0.177168
0.098468
0.244563
0.314865
0.061452
0.355797
0.208537
0.091123
0.090491
0.601779
0.028789
0.170586
0.211165
0.433298
0.115806
0.143300
0.440341
0.335010
0.380726
0.006462
0.107150
0.443432
0.504449
0.699122
0.141496
0.217467
0.226076
0.037881
0.088583
0.133796
0.294443
0.409579
0.016323
0.325405
0.328050
0.098614
0.340550
0.500137
0.551071
0.041020
0.123759
0.244931
0.220296
0.240672
0.026901
0.103484
0.085419
0.050592
0.483586
0.361814
0.156516
0.013104
0.138747
0.270246
0.103487
0.248927
0.639215
0.104354
0.424170
0.252896
0.041557
0.336717
0.201460
0.195195
0.253715
0.304960
0.204069
0.048125
0.467189
0.044073
0.286361
0.147119
0.125471
0.080171
0.084242
0.509149
0.089133
0.410200
0.164754
0.227725
0.060808
0.263674
0.252535
0.061946
0.138514
0.145544
0.487100
0.090934
0.400933
0.189680
0.346478
0.093737
0.517295
0.134245
0.334746
0.101652
0.459233
0.111087
0.181355
0.322469
0.078751
0.166739
0.163094
0.502996
0.385969
0.285422
0.468790
0.088527
0.494034
0.264899
0.097771
0.052660
0.118461
0.430448
0.450570
0.124287
0.207145
0.217461
0.147838
0.221801
0.070650
0.510049
0.519396
0.127374
0.469588
0.043979
0.164212
0.272421
0.419264
0.130632
0.110950
0.187519
0.602076
0.158101
0.321795
0.326654
0.317745
0.144139
0.220989
0.077836
0.197727
0.202498
0.222619
0.182053
0.067329
0.159109
0.357605
0.177686
0.571986
0.372455
0.177821
0.203343
0.323315
0.150678
0.313653
0.242811
0.206465
0.225764
0.027352
0.261168
0.433216
0.071857
0.465329
0.424305
0.034852
0.464773
0.189457
0.029454
0.175571
0.256418
0.141861
0.158536
0.438412
0.263474
0.101257
0.398939
0.337931
0.070182
0.122947
0.030914
0.406425
0.205824
0.169432
0.051228
0.533347
0.105978
0.348867
0.060495
0.211691
0.055382
0.396682
0.061453
0.401571
0.117037
0.214263
0.431565
0.156009
0.187632
0.201333
0.113483
0.015056
0.571253
0.133577
0.258757
0.212141
0.488329
0.303669
0.409427
0.067427
0.056060
0.137427
0.274961
0.457295
0.231424
0.102372
0.571634
0.052998
0.000781
0.350491
0.148311
0.044647
0.611323
0.218639
0.030992
0.638437
0.157826
0.023643
0.373519
0.257442
0.367655
0.156938
0.228351
0.352358
0.071606
0.346293
0.317362
0.063069
0.232944
0.438469
0.003764
0.095540
0.226706
0.175312
0.134817
0.044063
0.166353
0.217602
0.389697
0.363838
0.202939
0.266837
0.204728
0.183603
0.015346
0.195175
0.016484
0.181442
0.182142
0.057566
0.428975
0.062427
0.089878
0.064900
0.450764
0.332089
0.203368
0.244668
0.124577
0.130544
0.193977
0.453485
0.326775
0.279710
0.325947
0.218017
0.517045
0.213656
0.323098
0.415375
0.350812
0.141838
0.678902
0.418187
0.181848
0.051952
0.201501
0.068564
0.343736
0.140846
0.271500
0.283053
0.182514
0.283546
0.003418
0.164646
0.428734
0.338119
0.514345
0.284213
0.180467
0.202737
0.131942
0.308602
0.226491
0.444561
0.458501
0.247004
0.087226
0.405335
0.093543
0.259466
0.077978
0.134726
0.214809
0.244130
0.408517
0.004745
0.087882
0.280223
0.062563
0.376375
0.098398
0.457876
0.005141
0.218131
0.257225
0.193656
0.260941
0.577594
0.596072
0.202363
0.234034
0.130616
0.256689
0.135765
0.120750
0.054667
0.210678
0.255579
0.443964
0.377791
0.072724
0.237040
0.179593
0.214186
0.149963
0.064675
0.673569
0.406318
0.152218
0.493228
0.098569
0.635798
0.249010
0.187338
0.378629
0.408303
0.018969
0.357355
0.392363
0.172017
0.417831
0.065660
0.082287
0.376982
0.182704
0.009983
0.028291
0.130303
0.257119
0.172027
0.047185
0.043325
0.411861
0.039220
0.255780
0.437039
0.244553
0.353470
0.342775
0.242765
0.323033
0.093400
0.221203
0.137688
0.400719
0.434706
0.013014
0.022415
0.113255
0.407920
0.135368
0.019073
0.299556
0.247722
0.049185
0.141847
0.181351
0.267992
0.073638
0.096101
0.379377
0.102594
0.601150
0.152761
0.267510
0.377404
0.267189
0.236184
0.380223
0.120847
0.209442
0.195444
0.316171
0.290120
0.265789
0.132270
0.093023
0.713351
0.250092
0.125936
0.319379
0.167122
0.115116
0.296388
0.481709
0.157470
0.415352
0.051235
0.117165
0.024470
0.139207
0.151766
0.520311
0.212494
0.124093
0.123853
0.602447
0.200375
0.280084
0.253635
0.141124
0.149991
0.624003
0.307262
0.301945
0.130446
0.219754
0.095602
0.361047
0.052614
0.119828
0.126145
0.080303
0.044093
0.548674
0.187262
0.208374
0.418227
0.359231
0.012730
0.215962
0.144102
0.263849
0.333501
0.502411
0.371021
0.272671
0.156648
0.044276
0.168850
0.603473
0.418608
0.584463
0.021911
0.395056
0.469129
0.088667
0.220720
0.266206
0.562908
0.013126
0.039577
0.052739
0.158565
0.251715
0.107664
0.353696
0.146747
0.320061
0.046811
0.126589
0.149593
0.029619
0.166941
0.114492
0.099615
0.323717
0.561885
0.561520
0.254552
0.373862
0.317763
0.013957
0.028114
0.243249
0.544024
0.271577
0.010770
0.075781
0.200740
0.345777
0.065959
0.188601
0.476497
0.292108
0.334448
0.279307
0.256209
0.217380
0.084197
0.659908
0.377257
0.132902
0.117705
0.157040
0.636345
0.468596
0.256671
0.148614
0.460862
0.326903
0.015943
0.061979
0.139524
0.355990
0.256378
0.183954
0.345743
0.303168
0.254726
0.834037
0.460853
0.110207
0.262828
0.184206
0.099213
0.471533
0.255378
0.271986
0.390551
0.135259
0.447025
0.118299
0.130715
0.553225
0.516483
0.182451
0.224806
0.011666
0.336803
0.177904
0.270272
0.177247
0.295150
0.155806
0.359116
0.256851
0.043674
0.279291
0.069839
0.080115
0.626573
0.157644
0.331794
0.117246
0.231290
0.292126
0.288724
0.415255
0.303405
0.211618
0.555288
0.436096
0.054444
0.065060
0.322562
0.132886
0.028303
0.288462
0.197123
0.019867
0.326187
0.401145
0.237955
0.045517
0.297328
0.130020
0.102644
0.507527
0.001106
0.347688
0.321282
0.425847
0.080191
0.197512
0.441379
0.609444
0.399198
0.299879
0.052350
0.209372
0.395833
0.266191
0.103475
0.210726
0.187860
0.451467
0.300710
0.132345
0.198915
0.325267
0.156441
0.489383
0.076628
0.335370
0.196122
0.141669
0.147150
0.273784
0.235722
0.071386
0.387876
0.358335
0.159945
0.190546
0.090318
0.105168
0.194864
0.535540
0.239297
0.437683
0.265866
0.412303
0.125183
0.316692
0.092003
0.470939
0.142975
0.136013
0.067402
0.256652
0.003925
0.188203
0.488320
0.116199
0.006252
0.043925
0.033190
0.255637
0.424884
0.139953
0.263466
0.501402
0.108675
0.185995
0.096264
0.067067
0.325086
0.105942
0.151517
0.086865
0.140463
0.335242
0.044590
0.069914
0.173369
0.462166
0.299116
0.664297
0.425614
0.285502
0.153285
0.334824
0.165305
0.455999
0.258719
0.225701
0.391022
0.188602
0.218049
0.405413
0.256209
0.008457
0.204355
0.744576
0.181776
0.472441
0.195208
0.198046
0.512104
0.066399
0.065523
0.196820
0.367167
0.024248
0.232116
0.055291
0.694310
0.382445
0.285358
0.531510
0.401049
0.068446
0.439299
0.169023
0.320829
0.205439
0.304042
0.145794
0.382551
0.004293
0.383872
0.159551
0.218770
0.004879
0.192010
0.005701
0.528301
0.242144
0.382433
0.119995
0.479164
0.327398
0.497984
0.066465
0.369384
0.044604
0.194154
0.240785
0.093755
0.209083
0.329057
0.017250
0.278880
0.008339
0.224154
0.063548
0.377744
0.129318
0.318053
0.248143
0.213620
0.530610
0.349596
0.269811
0.148231
0.003299
0.346499
0.645433
0.447104
0.225343
0.483023
0.188762
0.162051
0.148869
0.276050
0.409700
0.477709
0.082009
0.274908
0.096705
0.127682
0.027824
0.635991
0.061563
0.086912
0.295812
0.050419
0.521750
0.280237
0.336684
0.544278
0.089464
0.161634
0.057656
0.294630
0.009226
0.341029
0.287709
0.035277
0.447624
0.162825
0.458536
0.201793
0.304998
0.656617
0.513513
0.570706
0.082268
0.116620
0.313084
0.386588
0.359376
0.222184
0.614523
0.533948
0.364498
0.361817
0.204987
0.353726
0.298368
0.197720
0.063017
0.068701
0.290808
0.253376
0.621062
0.432237
0.205009
0.148212
0.305038
0.073731
0.298925
0.137195
0.463574
0.018883
0.379520
0.642274
0.442305
0.204071
0.514064
0.042857
0.013853
0.152108
0.001844
0.165177
0.096775
0.483130
0.077419
0.033405
0.110035
0.066373
0.232832
0.278985
0.012095
0.571946
0.313777
0.360279
0.284433
0.323950
0.172238
0.061170
0.349838
0.630666
0.127712
0.036760
0.034912
0.413345
0.003535
0.111510
0.315737
0.423175
0.379932
0.265908
0.256755
0.238275
0.201117
0.312083
0.328756
0.200971
0.336886
0.360832
0.140810
0.056974
0.212361
0.260067
0.246804
0.192058
0.239066
0.481433
0.505774
0.350888
0.075343
0.498808
0.127009
0.552931
0.351898
0.191419
0.242893
0.559876
0.032896
0.250580
0.097027
0.620080
0.353897
0.036326
0.004019
0.257770
0.273854
0.004768
0.291901
0.106084
0.324328
0.726612
0.250766
0.218121
0.439369
0.332833
0.160019
0.249463
0.209308
0.287668
0.191609
0.294023
0.136294
0.373916
0.315153
0.432858
0.139190
0.214825
0.122527
0.213398
0.336514
0.008048
0.278449
0.566653
0.106884
0.256994
0.217666
0.257264
0.383630
0.155363
0.255081
0.497717
0.389153
0.109743
0.269272
0.353969
0.009044
0.157754
0.065457
0.068134
0.156637
0.052591
0.095417
0.349829
0.061001
0.094310
0.091132
0.134671
0.253272
0.132504
0.107622
0.326771
0.477557
0.034526
0.548062
0.187773
0.043825
0.014522
0.186184
0.023960
0.252865
0.478196
0.025585
0.224698
0.056401
0.395491
0.448940
0.294346
0.247083
0.027543
0.566289
0.391894
0.053405
0.372395
0.325102
0.050316
0.406572
0.116339
0.029718
0.226845
0.373462
0.330049
0.106544
0.466098
0.207379
0.231889
0.274479
0.066891
0.249613
0.469379
0.062109
0.255280
0.140104
0.383311
0.075941
0.429215
0.138510
0.446700
0.199004
0.247478
0.390692
0.433625
0.243957
0.090256
0.099747
0.183783
0.237365
0.471675
0.288181
0.106085
0.508723
0.168348
0.097915
0.097209
0.135251
0.412746
0.022694
0.089182
0.302440
0.087956
0.277701
0.084422
0.350164
0.385505
0.558327
0.629564
0.165286
0.359498
0.019400
0.021076
0.085431
0.339212
0.469483
0.326472
0.038975
0.265581
0.339134
0.048627
0.136996
0.284951
0.497661
0.530300
0.347105
0.206766
0.241314
0.022258
0.341954
0.066553
0.139973
0.097143
0.078347
0.031619
0.297262
0.034390
0.259929
0.060988
0.056208
0.536448
0.235371
0.144106
0.323899
0.213778
0.256932
0.419784
0.102626
0.272880
0.396949
0.084148
0.234985
0.024969
0.308149
0.665073
0.268119
0.102970
0.085905
0.145931
0.250550
0.240375
0.174847
0.118449
0.519208
0.154390
0.518592
0.114832
0.377296
0.481452
0.564345
0.110622
0.292056
0.324386
0.112919
0.321204
0.011197
0.220264
0.122843
0.061215
0.588732
0.186496
0.143538
0.488459
0.412939
0.278703
0.360953
0.251763
0.145216
0.263592
0.007102
0.165287
0.377477
0.331963
0.130447
0.199771
0.142569
0.245553
0.449546
0.464874
0.434860
0.223996
0.291240
0.176160
0.075633
0.278015
0.441230
0.378114
0.448574
0.140697
0.337538
0.080025
0.151996
0.473288
0.074440
0.195083
0.208655
0.000455
0.536933
0.088038
0.290400
0.166589
0.442743
0.078271
0.298679
0.125756
0.133256
0.113039
0.181976
0.303739
0.037499
0.253756
0.094167
0.284528
0.211964
0.064991
0.331337
0.085079
0.359647
0.255166
0.032478
0.356312
0.195344
0.233605
0.214347
0.094212
0.030012
0.448492
0.420437
0.182199
0.233198
0.217775
0.250721
0.070404
0.064193
0.066925
0.460922
0.040337
0.281740
0.594719
0.157992
0.154384
0.116126
0.256923
0.192180
0.494193
0.534096
0.085404
0.197472
0.148832
0.141777
0.178713
0.394132
0.308075
0.182981
0.163723
0.334128
0.165870
0.213669
0.147904
0.165676
0.358042
0.256432
0.443750
0.328442
0.151605
0.475410
0.148995
0.122943
0.405445
0.237947
0.149291
0.166342
0.014422
0.260451
0.402431
0.290157
0.464168
0.390180
0.080051
0.432410
0.287351
0.095128
0.077237
0.100445
0.090330
0.620257
0.365312
0.002567
0.061247
0.112481
0.333908
0.111911
0.228926
0.065249
0.401414
0.364735
0.337830
0.370979
0.404398
0.165483
0.068710
0.034215
0.120343
0.218381
0.295034
0.074526
0.146393
0.264331
0.776015
0.129428
0.108615
0.546138
0.122102
0.254093
0.046102
0.226240
0.303700
0.167093
0.591865
0.013975
0.062574
0.196451
0.079843
0.084547
0.046891
0.065436
0.306149
0.393415
0.144235
0.438147
0.093435
0.337725
0.244553
0.010345
0.727480
0.159869
0.111758
0.284308
0.321448
0.446679
0.263762
0.263997
0.307236
0.553957
0.263845
0.393577
0.237487
0.528007
0.086616
0.082680
0.348688
0.120778
0.119583
0.165904
0.379514
0.461372
0.042012
0.174718
0.399648
0.146398
0.404726
0.190491
0.463128
0.029824
0.420342
0.119247
0.556976
0.122001
0.167792
0.078697
0.245549
0.513057
0.294073
0.187378
0.281900
0.360679
0.418584
0.244002
0.360967
0.433538
0.278073
0.224372
0.009296
0.269316
0.313754
0.491237
0.188439
0.451429
0.153972
0.136568
0.662119
0.064896
0.161644
0.274662
0.374616
0.058938
0.011383
0.086868
0.183664
0.058968
0.455843
0.306305
0.012836
0.330840
0.182616
0.465657
0.270493
0.630924
0.215775
0.142455
0.417036
0.089140
0.114299
0.329175
0.079688
0.388065
0.457669
0.225856
0.011259
0.010972
0.090925
0.369867
0.024626
0.000412
0.188422
0.312185
0.102467
0.283982
0.523029
0.182040
0.161600
0.224018
0.312532
0.208375
0.149869
0.455091
0.331637
0.242624
0.320635
0.113454
0.035590
0.102264
0.364978
0.457122
0.367345
0.096752
0.090650
0.253195
0.072124
0.553374
0.020128
0.575703
0.128902
0.058052
0.329207
0.553786
0.552783
0.266415
0.170117
0.363548
0.431369
0.377737
0.323236
0.416356
0.042115
0.163636
0.096717
0.023111
0.093252
0.189617
0.505392
0.463454
0.410577
0.047975
0.235589
0.153619
0.237173
0.433114
0.070321
0.220326
0.351613
0.370399
0.169311
0.271169
0.148962
0.274181
0.095071
0.122161
0.448717
0.008871
0.131858
0.022116
0.477835
0.802177
0.015955
0.450614
0.079060
0.381939
0.195816
0.822428
0.362867
0.413733
0.485794
0.133969
0.194894
0.409011
0.174853
0.033997
0.092769
0.201260
0.257717
0.049207
0.339709
0.384112
0.745211
0.154924
0.216798
0.056973
0.276845
0.042523
0.348128
0.005184
0.274127
0.181005
0.046066
0.220283
0.313199
0.244615
0.087983
0.000203
0.163692
0.237143
0.004881
0.087970
0.211227
0.280259
0.076467
0.008255
0.185022
0.452678
0.589542
0.189083
0.467203
0.093858
0.264895
0.512898
0.136863
0.436387
0.241940
0.360726
0.122235
0.314701
0.502260
0.183723
0.230320
0.047002
0.392808
0.132413
0.560113
0.081162
0.588855
0.026840
0.439841
0.224708
0.213320
0.284643
0.131552
0.042404
0.383380
0.117352
0.026305
0.284553
0.191570
0.019473
0.460040
0.318420
0.215094
0.045763
0.458771
0.233723
0.300591
0.409799
0.227688
0.174610
0.031567
0.089050
0.316583
0.187439
0.264044
0.457458
0.355035
0.306717
0.132246
0.324181
0.187360
0.365609
0.371529
0.372039
0.399231
0.251850
0.472827
0.277702
0.083228
0.386882
0.260552
0.239668
0.111381
0.035745
0.487424
0.170460
0.374489
0.180663
0.482553
0.149979
0.323230
0.167512
0.104895
0.084614
0.178773
0.111557
0.169336
0.295482
0.246730
0.041301
0.031083
0.264458
0.299979
0.052280
0.580238
0.051303
0.433191
0.313656
0.312495
0.173468
0.495024
0.041096
0.248476
0.312193
0.102739
0.242797
0.272207
0.180167
0.258965
0.445612
0.108685
0.136414
0.078945
0.102333
0.051771
0.030002
0.488579
0.019740
0.205828
0.107273
0.015900
0.028622
0.314562
0.501769
0.441260
0.032826
0.286469
0.289001
0.219871
0.098077
0.129384
0.312135
0.607148
0.138253
0.277433
0.657656
0.072039
0.024554
0.046981
0.211743
0.243916
0.213943
0.334935
0.383338
0.304664
0.253892
0.006613
0.075080
0.073747
0.303161
0.149542
0.333156
0.168505
0.368107
0.072769
0.115524
0.055250
0.006573
0.291870
0.051228
0.353544
0.207540
0.050150
0.350345
0.017140
0.202940
0.201723
0.151106
0.509725
0.384970
0.135131
0.206976
0.014909
0.008222
0.206799
0.096905
0.428850
0.189097
0.353631
0.334443
0.214474
0.063023
0.511354
0.424235
0.230653
0.054019
0.245692
0.193500
0.277035
0.429056
0.300101
0.559503
0.300644
0.072471
0.234760
0.194504
0.028417
0.182003
0.200277
0.111127
0.045996
0.171170
0.075650
0.239222
0.215036
0.368989
0.079168
0.071369
0.269516
0.164297
0.272174
0.199008
0.061774
0.412468
0.284598
0.011149
0.093255
0.154987
0.529756
0.575921
0.254488
0.402295
0.110504
0.101888
0.165879
0.495679
0.014560
0.035307
0.042287
0.181661
0.289210
0.016077
0.064817
0.163574
0.409041
0.011709
0.117110
0.182595
0.231547
0.649100
0.340857
0.458384
0.405835
0.361694
0.125098
0.129438
0.082742
0.205195
0.489103
0.066534
0.392643
0.381287
0.292343
0.082867
0.353903
0.085142
0.118294
0.369483
0.000346
0.114262
0.307931
0.048879
0.134032
0.299639
0.483850
0.113273
0.066739
0.173139
0.273444
0.038746
0.094721
0.036766
0.153251
0.399349
0.363289
0.660566
0.273597
0.337383
0.143064
0.004302
0.240397
0.187840
0.049034
0.243365
0.290911
0.133481
0.308004
0.081660
0.372189
0.090698
0.067163
0.095706
0.034578
0.180050
0.029934
0.181745
0.084681
0.107602
0.187592
0.085595
0.211687
0.187393
0.294682
0.494521
0.162374
0.436202
0.181642
0.381449
0.241528
0.284326
0.194677
0.103785
0.038681
0.323330
0.090754
0.098719
0.163978
0.062889
0.169640
0.285897
0.285681
0.433688
0.297674
0.115483
0.156590
0.051489
0.221073
0.350100
0.342302
0.155358
0.352815
0.026876
0.419956
0.113030
0.342155
0.183849
0.102048
0.209782
0.159412
0.383480
0.094097
0.074432
0.320529
0.411918
0.135190
0.201615
0.451314
0.168285
0.153589
0.432827
0.016229
0.208894
0.309475
0.319779
0.202594
0.092111
0.428679
0.093610
0.179159
0.293897
0.311492
0.159196
0.493228
0.160364
0.089062
0.057440
0.160482
0.034371
0.194354
0.005614
0.147654
0.170062
0.306078
0.382089
0.101474
0.126663
0.179757
0.060965
0.315812
0.201832
0.226779
0.107820
0.341100
0.061117
0.033563
0.231944
0.416677
0.167246
0.037820
0.222280
0.267189
0.343156
0.160191
0.161780
0.265262
0.091736
0.006848
0.159736
0.025937
0.196407
0.251888
0.198857
0.336266
0.339747
0.307925
0.450127
0.036449
0.371731
0.046231
0.272054
0.423857
0.203353
0.011290
0.092097
0.354912
0.066979
0.118423
0.124106
0.117096
0.067301
0.525638
0.134410
0.109552
0.364319
0.247357
0.084902
0.416406
0.091414
0.009963
0.115626
0.175778
0.148423
0.108115
0.312941
0.173200
0.059766
0.328800
0.481224
0.017183
0.071897
0.309116
0.119415
0.446739
0.356369
0.376402
0.201205
0.164975
0.146769
0.439356
0.187105
0.069036
0.202142
0.189948
0.409450
0.040266
0.426217
0.122301
0.137071
0.327840
0.272003
0.591019
0.216938
0.090009
0.037113
0.211224
0.137704
0.345167
0.196423
0.262175
0.267993
0.046871
0.036424
0.305062
0.008315
0.293097
0.464689
0.184988
0.088429
0.092358
0.464403
0.246512
0.282302
0.567766
0.617448
0.044359
0.276811
0.283704
0.147416
0.284154
0.300312
0.287521
0.240725
0.183773
0.225753
0.461343
0.117170
0.411782
0.144806
0.321761
0.423585
0.409539
0.316765
0.157452
0.332929
0.011684
0.072459
0.085453
0.170023
0.212475
0.406853
0.164204
0.397494
0.073984
0.256154
0.045984
0.381639
0.012000
0.223973
0.107713
0.181449
0.339127
0.206943
0.542294
0.586283
0.201828
0.136741
0.187164
0.045306
0.508186
0.299069
0.100551
0.293895
0.354999
0.260273
0.081476
0.138661
0.544860
0.215757
0.060959
0.338949
0.209285
0.009357
0.238160
0.531127
0.494169
0.201393
0.023501
0.277846
0.265338
0.254058
0.253237
0.205985
0.056634
0.031215
0.237468
0.382091
0.132594
0.139435
0.222611
0.204028
0.011038
0.150156
0.591349
0.239386
0.031907
0.169581
0.040726
0.315020
0.055622
0.155304
0.379920
0.331066
0.305957
0.056297
0.595440
0.071175
0.074971
0.209187
0.036422
0.021057
0.161640
0.443632
0.089702
0.360296
0.178586
0.098714
0.204716
0.225881
0.036346
0.233965
0.190346
0.109279
0.053502
0.033668
0.165278
0.121363
0.119316
0.012153
0.431701
0.254048
0.391144
0.146075
0.308438
0.074816
0.481122
0.144638
0.285416
0.058005
0.234170
0.646977
0.154489
0.277961
0.323693
0.166016
0.209484
0.025300
0.483625
0.256929
0.029752
0.519207
0.533167
0.170524
0.120923
0.493164
0.129109
0.243588
0.240111
0.662148
0.425460
0.307886
0.059403
0.101269
0.054248
0.312846
0.572737
0.127571
0.137731
0.207419
0.473416
0.246214
0.486749
0.383018
0.289998
0.292090
0.231324
0.083569
0.077641
0.313407
0.310528
0.143457
0.047829
0.181002
0.209871
0.002615
0.274608
0.447386
0.154299
0.170996
0.264709
0.231453
0.195266
0.187213
0.065976
0.134196
0.146531
0.178260
0.235052
0.193896
0.536042
0.290215
0.025973
0.413527
0.007928
0.036738
0.063632
0.081766
0.057655
0.062974
0.034505
0.093313
0.186605
0.339416
0.429299
0.211031
0.034258
0.141757
0.322606
0.091375
0.286749
0.079700
0.454539
0.087366
0.004242
0.340684
0.555476
0.078183
0.447742
0.029821
0.501458
0.211131
0.403667
0.223031
0.037599
0.074892
0.038689
0.246760
0.032424
0.648530
0.198761
0.085741
0.536554
0.163466
0.289415
0.170198
0.071505
0.138085
0.390945
0.470730
0.484789
0.381385
0.262201
0.361247
0.111053
0.087748
0.448609
0.051005
0.077031
0.504735
0.013421
0.209991
0.408527
0.179131
0.040073
0.098181
0.172251
0.248381
0.299508
0.344760
0.139169
0.111856
0.061100
0.227738
0.100138
0.041994
0.466640
0.125737
0.219366
0.004887
0.405957
0.458037
0.006236
0.481912
0.325147
0.142788
0.160535
0.208235
0.201264
0.117353
0.492955
0.353594
0.112319
0.042871
0.387498
0.139581
0.254084
0.296800
0.015366
0.189356
0.191839
0.030387
0.287766
0.316839
0.349559
0.107688
0.060552
0.121046
0.409937
0.064795
0.069609
0.211634
0.276143
0.246920
0.558995
0.038847
0.302443
0.238574
0.161314
0.287854
0.369686
0.025346
0.161507
0.363748
0.160063
0.449479
0.021701
0.192089
0.027545
0.323859
0.458840
0.272037
0.423836
0.349083
0.201994
0.569066
0.487046
0.421368
0.036609
0.087401
0.175810
0.227120
0.140455
0.493427
0.328917
0.028194
0.434070
0.095131
0.054243
0.122846
0.095254
0.244848
0.329066
0.127815
0.100319
0.015004
0.339430
0.122255
0.619807
0.324679
0.373454
0.047187
0.026628
0.071411
0.329687
0.019003
0.400210
0.769305
0.226927
0.205969
0.374994
0.211372
0.126395
0.101835
0.229205
0.025223
0.544598
0.626328
0.203527
0.109516
0.008810
0.367401
0.194608
0.264691
0.313057
0.614651
0.473609
0.166335
0.415871
0.111137
0.377624
0.131042
0.320400
0.076556
0.186140
0.022158
0.332061
0.422234
0.200868
0.115667
0.375488
0.045839
0.373376
0.338240
0.054735
0.154226
0.035218
0.370991
0.141244
0.042095
0.010230
0.400699
0.391475
0.309268
0.334590
0.122312
0.500492
0.404234
0.332425
0.026266
0.455056
0.013301
0.028982
0.417552
0.404962
0.065319
0.249373
0.104641
0.412696
0.534273
0.101526
0.404796
0.300283
0.197296
0.148972
0.001749
0.131842
0.184993
0.131510
0.305383
0.126545
0.639096
0.194617
0.145403
0.359006
0.159144
0.052415
0.129116
0.232690
0.182795
0.395968
0.160239
0.367349
0.289296
0.110631
0.114553
0.513748
0.392315
0.157450
0.263769
0.001722
0.136573
0.173140
0.508489
0.263190
0.581572
0.102492
0.218829
0.001362
0.019583
0.013912
0.614267
0.461158
0.374287
0.154368
0.199279
0.351315
0.221221
0.167927
0.002675
0.147600
0.465499
0.333449
0.218448
0.212300
0.295185
0.228251
0.435280
0.089395
0.216169
0.167671
0.276210
0.183102
0.461241
0.423856
0.043158
0.530745
0.320536
0.056313
0.404341
0.079767
0.224424
0.036511
0.388584
0.298102
0.202342
0.125862
0.037707
0.100207
0.409872
0.072797
0.445805
0.265672
0.098596
0.444804
0.155206
0.357499
0.272925
0.661308
0.040104
0.146439
0.208434
0.161974
0.184864
0.156466
0.573181
0.018660
0.130098
0.107347
0.489475
0.078823
0.341095
0.334538
0.009156
0.272791
0.146550
0.432457
0.421593
0.106041
0.583927
0.325039
0.113816
0.140184
0.236564
0.408001
0.368379
0.082238
0.391823
0.455672
0.105838
0.072515
0.049132
0.248895
0.135091
0.431100
0.060152
0.338800
0.460259
0.089326
0.449796
0.197885
0.203014
0.111171
0.116473
0.524220
0.127752
0.400240
0.027530
0.357911
0.255805
0.057080
0.143763
0.224583
0.232529
0.334810
0.035073
0.203101
0.500279
0.334255
0.467436
0.382050
0.140398
0.093050
0.190773
0.090090
0.369312
0.248316
0.280484
0.410476
0.118518
0.348201
0.347522
0.148732
0.164832
0.602096
0.132784
0.358886
0.048200
0.289697
0.365460
0.520913
0.046588
0.195792
0.441325
0.282772
0.450173
0.153080
0.106045
0.027225
0.065088
0.861531
0.165099
0.323324
0.142620
0.091083
0.146182
0.343808
0.400214
0.245071
0.457568
0.509176
0.266688
0.189455
0.194041
0.169595
0.048009
0.102362
0.363504
0.222680
0.252282
0.117645
0.558750
0.097703
0.085727
0.215504
0.033144
0.331450
0.404789
0.045873
0.062818
0.281620
0.192149
0.149058
0.084735
0.452032
0.341502
0.440896
0.130320
0.270963
0.002164
0.121437
0.235021
0.185559
0.326683
0.607305
0.125725
0.295073
0.167177
0.157714
0.182541
0.333768
0.222802
0.067601
0.386834
0.220159
0.292034
0.210359
0.266247
0.272321
0.104277
0.386244
0.332816
0.077574
0.092956
0.032395
0.331950
0.327594
0.381213
0.255290
0.392349
0.355597
0.219889
0.121837
0.400434
0.166789
0.536555
0.349495
0.082899
0.052585
0.272666
0.365000
0.100806
0.516119
0.204830
0.239170
0.384192
0.302888
0.143846
0.089582
0.217054
0.215321
0.014044
0.060578
0.121795
0.084338
0.132292
0.227883
0.035137
0.274028
0.166896
0.057205
0.081409
0.148581
0.076074
0.137413
0.417973
0.077864
0.180589
0.376157
0.486401
0.310217
0.109261
0.240067
0.321053
0.115294
0.215169
0.375686
0.035215
0.088883
0.372049
0.029715
0.068369
0.063197
0.818444
0.264126
0.572704
0.102053
0.162671
0.329856
0.181211
0.201999
0.096606
0.282005
0.121240
0.415838
0.240011
0.485320
0.384974
0.596126
0.684923
0.382739
0.106464
0.241269
0.209375
0.379439
0.080436
0.318674
0.059802
0.491462
0.023357
0.320662
0.037477
0.003536
0.220654
0.262616
0.300500
0.344772
0.114254
0.366991
0.036604
0.446192
0.186496
0.502542
0.084141
0.585388
0.064919
0.244667
0.152674
0.095322
0.039093
0.300483
0.405269
0.138891
0.001206
0.096083
0.125696
0.306347
0.180603
0.193082
0.273919
0.185350
0.217262
0.246659
0.375134
0.022803
0.050390
0.373105
0.788271
0.493197
0.415784
0.451037
0.498913
0.301215
0.095097
0.015386
0.493776
0.225832
0.242517
0.028761
0.168597
0.138215
0.109840
0.270528
0.145166
0.225429
0.474312
0.079476
0.636404
0.347891
0.150208
0.605155
0.242782
0.043189
0.186458
0.234161
0.190089
0.458991
0.322841
0.097935
0.261689
0.104949
0.215742
0.169693
0.037993
0.472996
0.487012
0.333636
0.136305
0.102281
0.156986
0.458399
0.229259
0.245196
0.658756
0.421817
0.408185
0.323787
0.032958
0.528490
0.335107
0.119795
0.040349
0.098522
0.416784
0.249598
0.342693
0.331981
0.116303
0.225870
0.346639
0.101853
0.268726
0.017843
0.293436
0.024885
0.229696
0.367273
0.714108
0.319179
0.288936
0.072604
0.148392
0.196575
0.056370
0.072380
0.078043
0.383017
0.200848
0.026293
0.242634
0.205640
0.077774
0.250607
0.122045
0.579996
0.203086
0.147995
0.488993
0.386767
0.115369
0.306864
0.545414
0.473012
0.105606
0.355013
0.236006
0.468108
0.218046
0.039857
0.281154
0.204273
0.167848
0.005351
0.304450
0.162448
0.005345
0.409287
0.243927
0.020268
0.221592
0.278233
0.027216
0.067532
0.190607
0.611869
0.663726
0.031144
0.605559
0.596144
0.520021
0.176771
0.068129
0.551081
0.078494
0.656647
0.265255
0.367817
0.074145
0.274082
0.044138
0.207157
0.011916
0.426164
0.164193
0.095860
0.159278
0.380649
0.256491
0.068353
0.036194
0.148235
0.062368
0.439816
0.461111
0.002570
0.455798
0.206334
0.347880
0.179884
0.326806
0.310161
0.455636
0.471949
0.082735
0.445563
0.334787
0.498931
0.024436
0.158995
0.231269
0.367235
0.240934
0.045144
0.292707
0.049854
0.017511
0.288729
0.176602
0.395845
0.307465
0.067258
0.176573
0.165608
0.328321
0.082201
0.044593
0.117719
0.204652
0.067638
0.097628
0.247031
0.372286
0.027001
0.032805
0.564004
0.014443
0.068096
0.301669
0.294130
0.338234
0.252721
0.352633
0.342746
0.307476
0.142378
0.459537
0.338008
0.024675
0.065554
0.446003
0.003126
0.172350
0.400065
0.312456
0.377223
0.062290
0.483808
0.552498
0.266790
0.003904
0.128846
0.002529
0.622153
0.080982
0.138826
0.281470
0.008154
0.281387
0.202079
0.060323
0.043932
0.596280
0.484531
0.235833
0.278564
0.001123
0.140868
0.087453
0.198308
0.171437
0.558694
0.137122
0.289089
0.166911
0.272085
0.271923
0.569100
0.034009
0.508288
0.001860
0.234091
0.486978
0.030034
0.290349
0.019679
0.131096
0.434757
0.115052
0.172668
0.360496
0.456369
0.456653
0.037901
0.154658
0.306701
0.009547
0.476081
0.014668
0.101726
0.301177
0.295980
0.662352
0.020265
0.330219
0.123156
0.546074
0.608352
0.213378
0.159967
0.003237
0.146326
0.199183
0.273487
0.302246
0.105277
0.085224
0.100912
0.170489
0.081260
0.285887
0.151813
0.452550
0.111840
0.180397
0.077457
0.317088
0.052195
0.263164
0.049415
0.054994
0.062900
0.137390
0.175791
0.311969
0.007393
0.401046
0.084385
0.260529
0.373955
0.350477
0.045498
0.386615
0.168388
0.158244
0.404078
0.381385
0.381752
0.207626
0.004107
0.093144
0.031279
0.231626
0.626312
0.466499
0.020639
0.224299
0.136443
0.180747
0.161982
0.323656
0.186731
0.238675
0.224710
0.515806
0.092283
0.308629
0.113020
0.490472
0.194936
0.155380
0.480268
0.090317
0.417735
0.107813
0.530218
0.140684
0.286169
0.503760
0.097700
0.420343
0.134523
0.291913
0.209958
0.376651
0.127229
0.049125
0.299141
0.152363
0.208874
0.325369
0.346865
0.327655
0.013109
0.278649
0.176222
0.540810
0.227592
0.481535
0.066534
0.426335
0.138467
0.025186
0.348782
0.148148
0.632105
0.221826
0.425319
0.458184
0.487897
0.091593
0.322619
0.268981
0.173139
0.131565
0.189878
0.617853
0.124421
0.376982
0.027580
0.481576
0.218909
0.325265
0.072283
0.058188
0.365552
0.092701
0.369089
0.200885
0.523413
0.322648
0.429301
0.154921
0.372163
0.261818
0.052729
0.248662
0.051932
0.086933
0.390108
0.104197
0.120394
0.350870
0.038733
0.078859
0.273199
0.173853
0.164890
0.355480
0.398946
0.203860
0.159239
0.086433
0.267283
0.439558
0.365208
0.291114
0.522200
0.369462
0.299057
0.181459
0.476687
0.158788
0.415836
0.310838
0.539819
0.280010
0.145887
0.125994
0.172076
0.569171
0.541429
0.232229
0.231539
0.451697
0.205707
0.222861
0.084324
0.200378
0.404458
0.180463
0.129807
0.106400
0.046359
0.624667
0.384355
0.419904
0.541072
0.390234
0.046508
0.040626
0.118256
0.079838
0.157838
0.355358
0.354212
0.270221
0.273584
0.079890
0.295793
0.101001
0.164340
0.361891
0.200944
0.728806
0.395633
0.008778
0.401417
0.248469
0.281720
0.353072
0.268268
0.056194
0.518484
0.241177
0.253258
0.370562
0.305770
0.421158
0.361919
0.223509
0.008698
0.113786
0.193468
0.247073
0.305469
0.073428
0.501383
0.389628
0.163700
0.362148
0.156986
0.103917
0.068110
0.336261
0.417831
0.000084
0.493562
0.084999
0.385541
0.076685
0.243979
0.316348
0.417137
0.213493
0.080683
0.437630
0.131443
0.491901
0.134953
0.138703
0.314108
0.093498
0.685949
0.201924
0.116079
0.340865
0.727771
0.362246
0.198141
0.048895
0.359342
0.564224
0.165138
0.429530
0.190941
0.360053
0.136706
0.444362
0.193061
0.078516
0.109521
0.012006
0.153983
0.273399
0.023999
0.491253
0.384535
0.300582
0.283433
0.016387
0.351725
0.006392
0.673114
0.052181
0.583217
0.097595
0.273849
0.053173
0.475739
0.440739
0.372602
0.480096
0.222976
0.140711
0.175666
0.028114
0.177589
0.340034
0.290653
0.194958
0.095507
0.151170
0.173893
0.201309
0.213066
0.556025
0.139701
0.201951
0.598437
0.119723
0.113472
0.027992
0.530852
0.028637
0.025798
0.177679
0.247618
0.021038
0.376519
0.048817
0.108187
0.294411
0.077141
0.371818
0.359265
0.558088
0.092676
0.082544
0.645506
0.200744
0.191257
0.329753
0.201040
0.362196
0.138328
0.197702
0.035150
0.071173
0.038508
0.250813
0.146211
0.066242
0.142987
0.645174
0.042399
0.343440
0.638604
0.134243
0.381661
0.068080
0.073872
0.291865
0.211972
0.396142
0.286160
0.071592
0.236824
0.070288
0.008997
0.104793
0.127696
0.510578
0.366258
0.303889
0.172637
0.191331
0.064464
0.380582
0.193565
0.659561
0.115847
0.108952
0.075988
0.348474
0.302369
0.195259
0.242431
0.162482
0.034979
0.069269
0.448136
0.266430
0.074071
0.122450
0.130527
0.106823
0.154926
0.231252
0.039920
0.442653
0.347601
0.424117
0.240903
0.178297
0.296367
0.177147
0.080273
0.184089
0.334913
0.254453
0.262028
0.347744
0.168220
0.490105
0.406039
0.081385
0.438987
0.413251
0.021061
0.133273
0.192444
0.464921
0.063382
0.430679
0.394056
0.277368
0.115934
0.576132
0.299004
0.636656
0.235176
0.083422
0.054330
0.499986
0.185384
0.062167
0.185908
0.074891
0.137835
0.172316
0.096310
0.126286
0.637350
0.327672
0.261658
0.041587
0.283481
0.067201
0.401181
0.102768
0.008245
0.205520
0.069187
0.284318
0.293772
0.321231
0.242446
0.065154
0.042757
0.081955
0.164363
0.069940
0.664663
0.194218
0.216725
0.209783
0.043329
0.208917
0.573896
0.112372
0.201477
0.459891
0.030273
0.689767
0.015864
0.486948
0.275547
0.229856
0.159891
0.334501
0.698542
0.061792
0.170201
0.069717
0.328017
0.125568
0.513986
0.177102
0.481957
0.150635
0.612438
0.147511
0.477618
0.694475
0.117141
0.222247
0.465254
0.147422
0.108980
0.007776
0.489960
0.198825
0.445756
0.084264
0.057117
0.021449
0.523560
0.516787
0.120881
0.395162
0.251224
0.251626
0.054815
0.243177
0.163949
0.036358
0.258638
0.404274
0.422587
0.082252
0.186669
0.517180
0.229134
0.534504
0.326272
0.026663
0.425276
0.010112
0.166849
0.245120
0.212264
0.312570
0.426458
0.232818
0.140282
0.329115
0.278444
0.071835
0.225573
0.148357
0.454200
0.198070
0.303902
0.003066
0.294875
0.151784
0.129252
0.141886
0.183659
0.518031
0.361752
0.113046
0.108916
0.171453
0.013139
0.032349
0.643991
0.156225
0.391049
0.128239
0.470601
0.001735
0.029256
0.171300
0.089428
0.257071
0.156551
0.373647
0.188827
0.028525
0.447604
0.502484
0.184882
0.276884
0.035107
0.152905
0.346589
0.289230
0.453435
0.163131
0.449874
0.231590
0.306633
0.366362
0.264069
0.523407
0.487134
0.175340
0.430388
0.327979
0.100485
0.087466
0.097077
0.489127
0.751571
0.260098
0.412874
0.582846
0.139323
0.095841
0.231368
0.347223
0.236063
0.320335
0.300956
0.323400
0.149940
0.055758
0.011802
0.003038
0.037674
0.075731
0.123986
0.051828
0.219764
0.619209
0.154274
0.141358
0.049366
0.191198
0.222421
0.225088
0.205693
0.156498
0.373956
0.123875
0.084839
0.195659
0.016701
0.213980
0.371628
0.284209
0.349004
0.393385
0.024801
0.006697
0.409131
0.075894
0.250506
0.028356
0.365052
0.404814
0.130894
0.000821
0.351724
0.250119
0.011755
0.017702
0.010225
0.003506
0.041519
0.375184
0.198202
0.374205
0.412607
0.019111
0.281318
0.184411
0.267135
0.009821
0.184364
0.203317
0.038799
0.283365
0.212125
0.321580
0.040737
0.458303
0.122991
0.265432
0.192745
0.315914
0.006087
0.463438
0.071948
0.573441
0.207274
0.007042
0.118423
0.203930
0.564504
0.459578
0.171445
0.174682
0.037797
0.218903
0.056746
0.472604
0.025631
0.266527
0.263463
0.199403
0.050027
0.007836
0.080972
0.294656
0.350182
0.135002
0.174464
0.253832
0.392178
0.204603
0.540829
0.413704
0.499124
0.194922
0.099300
0.202206
0.158010
0.400309
0.564722
0.222780
0.304548
0.200634
0.137838
0.290856
0.313962
0.145346
0.100259
0.364196
0.121872
0.131755
0.223254
0.268814
0.301053
0.479350
0.249263
0.026665
0.002975
0.020308
0.191702
0.063554
0.086339
0.122284
0.079316
0.277124
0.471888
0.471343
0.021980
0.380447
0.214026
0.031524
0.398626
0.178098
0.100572
0.234589
0.035902
0.189006
0.244845
0.040147
0.692768
0.263839
0.067011
0.293831
0.096741
0.038950
0.159926
0.173830
0.284255
0.311776
0.364571
0.112684
0.030928
0.483747
0.288751
0.142616
0.257843
0.505180
0.133637
0.041630
0.141151
0.084662
0.082838
0.076762
0.292045
0.063509
0.018747
0.150653
0.219097
0.028572
0.118023
0.631323
0.104167
0.004046
0.061018
0.339009
0.246474
0.041945
0.300576
0.084642
0.245202
0.231737
0.436113
0.130419
0.440922
0.184866
0.320909
0.073666
0.376249
0.003979
0.049907
0.260842
0.284570
0.117693
0.180039
0.455553
0.231800
0.127129
0.415617
0.451279
0.397656
0.375897
0.085920
0.269987
0.352546
0.086597
0.065304
0.083943
0.345810
0.338405
0.071409
0.394269
0.252727
0.326488
0.326451
0.222234
0.200034
0.106799
0.274313
0.042295
0.178102
0.186957
0.226061
0.017214
0.060120
0.487581
0.143482
0.152027
0.317382
0.063118
0.286713
0.303783
0.130565
0.260423
0.131801
0.277503
0.253932
0.048018
0.212895
0.167000
0.230055
0.033619
0.026719
0.371432
0.147898
0.074628
0.069453
0.201111
0.075535
0.297604
0.040376
0.297673
0.046177
0.037158
0.224478
0.436902
0.106133
0.442226
0.426198
0.449972
0.071902
0.298214
0.446261
0.397286
0.127340
0.120925
0.140535
0.221073
0.113741
0.066852
0.030299
0.162393
0.567693
0.139084
0.161887
0.623602
0.074271
0.131528
0.349157
0.190875
0.128996
0.045282
0.039695
0.249021
0.370370
0.394737
0.092096
0.055285
0.250807
0.478941
0.157747
0.125957
0.323600
0.056023
0.343875
0.349101
0.552421
0.155172
0.160633
0.081391
0.326693
0.297447
0.226235
0.132263
0.235367
0.302233
0.125257
0.464848
0.171875
0.052663
0.429860
0.194028
0.408629
0.328355
0.005373
0.084802
0.265771
0.066554
0.354849
0.150218
0.481695
0.055590
0.224016
0.102226
0.511681
0.068618
0.221646
0.182038
0.181226
0.007583
0.123863
0.540768
0.383124
0.281507
0.493782
0.462495
0.057958
0.367464
0.357835
0.120444
0.140628
0.209332
0.033169
0.023935
0.375939
0.058024
0.381866
0.094892
0.351784
0.034531
0.292193
0.216424
0.060794
0.264608
0.249294
0.513006
0.088934
0.058080
0.133531
0.361665
0.025196
0.242303
0.320780
0.481019
0.019426
0.398037
0.169428
0.162367
0.165210
0.361631
0.385690
0.029068
0.425094
0.382324
0.427994
0.557139
0.034425
0.066892
0.095534
0.458573
0.504212
0.073869
0.178137
0.301690
0.284779
0.161955
0.431281
0.196954
0.610099
0.005385
0.311577
0.254395
0.114850
0.028334
0.325460
0.443267
0.242967
0.096483
0.183603
0.222722
0.187561
0.284877
0.493231
0.163979
0.199197
0.085075
0.069928
0.417703
0.016272
0.207070
0.144698
0.078391
0.030861
0.120530
0.152040
0.321623
0.527250
0.143023
0.113754
0.213702
0.012114
0.153560
0.422664
0.346327
0.435841
0.061438
0.441249
0.038464
0.007473
0.086780
0.194270
0.154805
0.279906
0.334786
0.244512
0.303314
0.188851
0.145759
0.309374
0.239461
0.293808
0.578601
0.198781
0.238013
0.288899
0.307908
0.046814
0.161436
0.068706
0.096375
0.251942
0.294161
0.482427
0.162964
0.216613
0.236742
0.354087
0.384178
0.393811
0.243982
0.237220
0.441693
0.041039
0.043675
0.011534
0.421996
0.145333
0.023202
0.807669
0.272323
0.105452
0.379012
0.111207
0.141012
0.164592
0.621288
0.045747
0.078295
0.362565
0.358210
0.312517
0.443642
0.227199
0.252497
0.102268
0.509908
0.573438
0.233196
0.355366
0.093272
0.270333
0.246127
0.420751
0.362527
0.282489
0.401551
0.346949
0.168040
0.157734
0.427053
0.338629
0.044450
0.006920
0.339669
0.000502
0.332808
0.078195
0.722538
0.060799
0.186491
0.299641
0.103258
0.211994
0.410188
0.084534
0.092824
0.096892
0.254319
0.085195
0.344274
0.356498
0.197081
0.009076
0.321646
0.037998
0.008808
0.157058
0.033621
0.095300
0.199522
0.409723
0.096394
0.306974
0.173152
0.341195
0.330921
0.032077
0.261232
0.283103
0.175693
0.395270
0.310460
0.427321
0.006029
0.437716
0.529373
0.525578
0.205090
0.368311
0.218364
0.278225
0.364923
0.435589
0.118383
0.264221
0.066788
0.027476
0.370068
0.177105
0.238665
0.028621
0.036506
0.368182
0.175368
0.409023
0.105367
0.184144
0.162512
0.486763
0.492226
0.177001
0.523441
0.199066
0.108871
0.043655
0.190137
0.410417
0.011378
0.003400
0.281715
0.066627
0.318505
0.007597
0.193364
0.088464
0.055708
0.064406
0.347112
0.198957
0.374575
0.170146
0.048150
0.170946
0.124346
0.129334
0.048916
0.430003
0.274242
0.008004
0.022457
0.429390
0.768167
0.025859
0.494215
0.305132
0.030949
0.273417
0.245193
0.198272
0.038589
0.637223
0.464499
0.116414
0.159736
0.228612
0.104416
0.310339
0.053731
0.078727
0.013974
0.406869
0.269794
0.153119
0.210842
0.354198
0.076180
0.067947
0.000903
0.309055
0.270852
0.015856
0.007327
0.342223
0.013829
0.587033
0.318591
0.048769
0.326268
0.085066
0.049247
0.148928
0.116394
0.085706
0.521073
0.103659
0.368941
0.277829
0.109870
0.171396
0.286261
0.351688
0.486425
0.336786
0.125393
0.084539
0.447189
0.411344
0.512001
0.190023
0.134409
0.140576
0.053195
0.002624
0.374182
0.027572
0.089275
0.425363
0.135816
0.063313
0.287574
0.023165
0.160581
0.330435
0.058441
0.080726
0.142033
0.330850
0.025705
0.603090
0.380563
0.232272
0.233051
0.322332
0.328399
0.443923
0.305574
0.252202
0.495930
0.036604
0.067266
0.628783
0.026488
0.148264
0.221176
0.426376
0.099946
0.648672
0.376251
0.104666
0.283423
0.065699
0.357599
0.125303
0.259936
0.491000
0.162154
0.278239
0.436311
0.343228
0.293444
0.100603
0.020170
0.329595
0.039767
0.131089
0.188719
0.298724
0.380691
0.170902
0.012558
0.645338
0.152606
0.173225
0.524841
0.091858
0.409660
0.068504
0.417488
0.205402
0.055347
0.028067
0.312885
0.412605
0.369749
0.186084
0.409623
0.622974
0.339150
0.380781
0.283301
0.760428
0.236634
0.007360
0.451949
0.193371
0.243184
0.468935
0.134883
0.051951
0.689068
0.116149
0.393115
0.276449
0.211584
0.178431
0.045777
0.092146
0.358921
0.254791
0.268908
0.328709
0.497849
0.083132
0.120904
0.357620
0.136530
0.105592
0.057224
0.198688
0.178242
0.548777
0.044045
0.339254
0.388983
0.022438
0.063032
0.036609
0.231601
0.312939
0.288389
0.161305
0.134921
0.132078
0.392901
0.421884
0.625659
0.075823
0.301753
0.071126
0.020884
0.123094
0.750945
0.501112
0.407601
0.195588
0.044287
0.467142
0.197679
0.149631
0.132262
0.278028
0.346365
0.095936
0.003686
0.320676
0.445469
0.182278
0.346027
0.000805
0.249385
0.339296
0.275623
0.084390
0.261271
0.469148
0.170755
0.420472
0.349120
0.025559
0.533219
0.143192
0.322236
0.192349
0.330692
0.334416
0.012440
0.037621
0.102807
0.208962
0.157322
0.274101
0.198265
0.564242
0.203621
0.542657
0.173064
0.285116
0.280139
0.757015
0.016991
0.412590
0.243413
0.310171
0.036921
0.200260
0.538769
0.020942
0.066449
0.109335
0.544303
0.066555
0.403017
0.439765
0.173564
0.524206
0.048037
0.126441
0.162540
0.305474
0.380132
0.293017
0.023125
0.521978
0.184580
0.198951
0.225827
0.069659
0.551319
0.554589
0.019386
0.167693
0.406579
0.269526
0.070378
0.402913
0.188985
0.411540
0.446101
0.021952
0.070025
0.023987
0.203438
0.206399
0.005779
0.348513
0.161439
0.536765
0.059084
0.259813
0.213196
0.088679
0.287420
0.371758
0.100922
0.329331
0.255041
0.152998
0.359700
0.260360
0.017741
0.118256
0.114525
0.288623
0.240897
0.051509
0.287604
0.368476
0.072434
0.400472
0.017597
0.210927
0.376637
0.443118
0.207729
0.479895
0.020368
0.537957
0.118386
0.240080
0.330218
0.515774
0.046527
0.085400
0.434655
0.189638
0.482865
0.328349
0.267098
0.085420
0.125412
0.542912
0.026020
0.261337
0.163204
0.107352
0.104249
0.354415
0.161935
0.213325
0.379512
0.322446
0.068074
0.452997
0.423405
0.032374
0.451913
0.053879
0.548622
0.026352
0.202591
0.362756
0.485767
0.211090
0.354682
0.146264
0.036069
0.391853
0.198726
0.053960
0.252115
0.110131
0.136639
0.393527
0.125648
0.377949
0.140418
0.144537
0.070260
0.200482
0.246875
0.022888
0.276251
0.063097
0.464670
0.578458
0.203663
0.336257
0.266696
0.173811
0.031368
0.606783
0.268579
0.052108
0.406706
0.249379
0.382377
0.260907
0.027378
0.369319
0.078154
0.348017
0.292169
0.121628
0.001463
0.000894
0.421222
0.312107
0.152287
0.073051
0.321616
0.307843
0.061266
0.310320
0.430652
0.182196
0.442027
0.635653
0.247752
0.106179
0.091666
0.625558
0.168872
0.330224
0.320940
0.404422
0.524028
0.453898
0.145588
0.290348
0.344461
0.006858
0.278681
0.306929
0.042811
0.155973
0.414870
0.128837
0.124988
0.432396
0.276408
0.002937
0.248465
0.400281
0.024290
0.037241
0.406895
0.327428
0.163090
0.290147
0.451909
0.366857
0.091304
0.428538
0.100008
0.081276
0.118245
0.314868
0.024610
0.196996
0.172342
0.321394
0.354299
0.011890
0.509250
0.169272
0.538413
0.093836
0.053418
0.133738
0.178041
0.196229
0.003088
0.232859
0.184900
0.351849
0.467890
0.163251
0.365965
0.711932
0.413245
0.414469
0.210319
0.154101
0.259566
0.338882
0.260533
0.239946
0.210817
0.369014
0.035395
0.213324
0.254334
0.131865
0.265342
0.405129
0.541913
0.105121
0.047258
0.334504
0.047172
0.275302
0.160677
0.358237
0.256060
0.660071
0.100959
0.308068
0.211990
0.277285
0.110311
0.320094
0.563202
0.128247
0.001669
0.032416
0.171907
0.121086
0.057291
0.017940
0.032263
0.181146
0.034093
0.331258
0.261055
0.047534
0.026438
0.408501
0.382033
0.338292
0.499526
0.410199
0.524653
0.368487
0.190077
0.371785
0.412036
0.068253
0.324143
0.010252
0.330805
0.025507
0.119867
0.115326
0.140950
0.408326
0.283981
0.225137
0.319307
0.237268
0.062421
0.384433
0.144075
0.234310
0.063513
0.319218
0.420957
0.490092
0.299594
0.062449
0.186081
0.020759
0.044068
0.101931
0.115268
0.228543
0.262280
0.124765
0.297642
0.307028
0.101335
0.420922
0.030273
0.046290
0.426591
0.125204
0.448879
0.204051
0.079124
0.444688
0.466092
0.075939
0.171639
0.038937
0.428250
0.175421
0.173459
0.332441
0.044195
0.273719
0.205921
0.206944
0.290622
0.155667
0.228761
0.036741
0.157759
0.037675
0.600986
0.224376
0.163832
0.033403
0.272924
0.164878
0.275559
0.111220
0.187574
0.186034
0.376505
0.037102
0.319801
0.349484
0.073714
0.022463
0.109776
0.257863
0.003137
0.118659
0.653400
0.568885
0.422537
0.211417
0.440136
0.010331
0.294328
0.524149
0.352133
0.447044
0.318749
0.234944
0.246509
0.026943
0.125096
0.243088
0.403206
0.107828
0.200723
0.361805
0.194724
0.016582
0.094741
0.147040
0.095295
0.073990
0.032340
0.467588
0.579460
0.094688
0.371939
0.399473
0.371062
0.033824
0.028167
0.404009
0.081419
0.551724
0.136224
0.326906
0.029990
0.033850
0.137322
0.014307
0.267951
0.289565
0.037457
0.264329
0.038231
0.454779
0.047546
0.109949
0.046705
0.225898
0.257843
0.003953
0.496423
0.153050
0.249814
0.224913
0.308412
0.103321
0.054546
0.271296
0.429908
0.449296
0.060694
0.383376
0.305586
0.362414
0.163073
0.087052
0.469636
0.465623
0.068547
0.071266
0.128831
0.409826
0.059979
0.114827
0.280720
0.299651
0.108764
0.144663
0.136526
0.129335
0.010914
0.113519
0.231111
0.471952
0.288543
0.338623
0.124110
0.436230
0.316045
0.178405
0.165478
0.327736
0.078124
0.192414
0.321694
0.489994
0.458087
0.244123
0.572380
0.326115
0.263782
0.267591
0.350346
0.398891
0.018131
0.119528
0.512652
0.087290
0.315805
0.162279
0.305625
0.590856
0.092791
0.394169
0.416223
0.042993
0.000241
0.148663
0.348382
0.606335
0.202575
0.042793
0.129039
0.266688
0.190926
0.180127
0.024583
0.010649
0.538832
0.393833
0.277455
0.129818
0.147030
0.053040
0.067995
0.254303
0.049626
0.456916
0.469123
0.243138
0.227410
0.080059
0.228786
0.485170
0.042875
0.430755
0.291602
0.367362
0.572102
0.587836
0.407882
0.043700
0.169675
0.265369
0.138053
0.102790
0.281036
0.376306
0.354054
0.078972
0.239124
0.601964
0.384195
0.362289
0.001866
0.029137
0.297286
0.254237
0.793051
0.080316
0.037473
0.119417
0.370033
0.165096
0.298405
0.023588
0.032312
0.383231
0.167067
0.266489
0.191921
0.090118
0.090389
0.124174
0.023102
0.188193
0.352289
0.141056
0.387242
0.118971
0.072851
0.099889
0.342293
0.134330
0.235302
0.019310
0.303894
0.200142
0.370769
0.280551
0.156010
0.005476
0.437276
0.158210
0.339131
0.162164
0.260929
0.041768
0.424551
0.144047
0.009578
0.184853
0.412113
0.385128
0.022795
0.373817
0.211321
0.330839
0.051147
0.409301
0.555200
0.133385
0.201168
0.035389
0.355830
0.194504
0.506571
0.113483
0.064462
0.132402
0.212617
0.062819
0.250279
0.174348
0.134817
0.301978
0.028764
0.581673
0.126401
0.422388
0.235864
0.650151
0.260361
0.379377
0.213550
0.102239
0.464726
0.160894
0.085020
0.012017
0.287593
0.076508
0.227642
0.203189
0.369483
0.275234
0.238536
0.136120
0.636428
0.054245
0.306890
0.092463
0.399866
0.068655
0.413120
0.081656
0.587055
0.024250
0.055277
0.304597
0.046628
0.382923
0.188014
0.494673
0.405750
0.530859
0.026957
0.102722
0.282918
0.393917
0.165921
0.216108
0.378322
0.247754
0.398601
0.153024
0.361484
0.278431
0.322558
0.002647
0.008929
0.472297
0.111482
0.352355
0.397066
0.402385
0.384874
0.321977
0.069907
0.480238
0.323252
0.130032
0.242337
0.032959
0.126731
0.322573
0.319253
0.008369
0.330315
0.010998
0.069962
0.033193
0.029640
0.237927
0.203112
0.542577
0.008132
0.199075
0.250306
0.469598
0.236848
0.603977
0.164795
0.170944
0.449797
0.531601
0.009328
0.503299
0.186123
0.254655
0.088390
0.755184
0.205690
0.506376
0.151679
0.236705
0.501079
0.315088
0.006854
0.189560
0.302076
0.176466
0.301850
0.375744
0.123173
0.375777
0.093496
0.452967
0.045325
0.121183
0.453472
0.351793
0.500218
0.407293
0.266715
0.053047
0.015240
0.027763
0.018144
0.142163
0.402065
0.109024
0.187950
0.153510
0.097209
0.353623
0.126376
0.372919
0.494713
0.279790
0.539305
0.015284
0.057536
0.520306
0.687866
0.043079
0.470710
0.179342
0.262320
0.379153
0.104410
0.178163
0.079337
0.136491
0.479496
0.459545
0.315240
0.005117
0.054822
0.229191
0.435747
0.403679
0.343241
0.124569
0.434888
0.263383
0.117765
0.325062
0.048960
0.271559
0.162675
0.448412
0.076197
0.094619
0.083691
0.579844
0.189783
0.566561
0.556636
0.546844
0.580120
0.081939
0.271709
0.091948
0.333028
0.141853
0.004665
0.321764
0.001680
0.437624
0.042542
0.169169
0.356851
0.639310
0.268182
0.028740
0.305397
0.140529
0.446814
0.325526
0.353184
0.025347
0.115432
0.162297
0.716406
0.038286
0.093355
0.266751
0.061715
0.035078
0.244246
0.215837
0.286940
0.318204
0.396676
0.093571
0.271677
0.183323
0.091058
0.534572
0.120085
0.278440
0.001160
0.360533
0.043105
0.574571
0.327989
0.390616
0.366732
0.076726
0.000409
0.025708
0.143375
0.109450
0.210011
0.324452
0.044815
0.197099
0.065683
0.049425
0.066827
0.153071
0.509265
0.195381
0.170222
0.396542
0.324894
0.070421
0.421449
0.350752
0.150386
0.175157
0.326166
0.081061
0.103437
0.168763
0.229678
0.268370
0.335086
0.124752
0.247170
0.128235
0.372027
0.143884
0.122656
0.433779
0.090336
0.310212
0.324381
0.528227
0.240476
0.300888
0.053216
0.023149
0.020856
0.080963
0.237867
0.072631
0.299239
0.239197
0.577740
0.193225
0.404313
0.419039
0.145408
0.556938
0.045671
0.604959
0.275494
0.185861
0.288422
0.430267
0.123035
0.186083
0.014722
0.260694
0.197715
0.105274
0.351757
0.190288
0.597791
0.151382
0.127326
0.231090
0.216746
0.243791
0.456552
0.168843
0.266402
0.137296
0.079601
0.012080
0.122617
0.475943
0.014340
0.217924
0.225873
0.578650
0.198223
0.084551
0.179425
0.051725
0.257497
0.133186
0.223714
0.179903
0.148712
0.286160
0.572319
0.300328
0.003998
0.382359
0.094537
0.298389
0.087049
0.344319
0.106790
0.229395
0.358506
0.067567
0.413244
0.515644
0.059858
0.349730
0.629867
0.296212
0.202363
0.039771
0.136051
0.128391
0.379179
0.315138
0.219141
0.068489
0.039701
0.248380
0.297802
0.040476
0.183396
0.224822
0.486203
0.168678
0.105076
0.407346
0.066441
0.044025
0.098092
0.322102
0.096761
0.219439
0.359636
0.104057
0.030612
0.243435
0.017108
0.469251
0.143809
0.018860
0.184500
0.058470
0.313775
0.120869
0.175726
0.387470
0.319925
0.207886
0.243700
0.412887
0.067889
0.708410
0.147146
0.444450
0.450183
0.238096
0.035996
0.490727
0.301568
0.004957
0.584151
0.251459
0.450353
0.095265
0.456298
0.086542
0.135977
0.427018
0.207020
0.454223
0.015801
0.142038
0.154882
0.027991
0.004330
0.375064
0.232265
0.299243
0.181901
0.470409
0.124712
0.647175
0.512999
0.231717
0.432139
0.319534
0.055208
0.059002
0.168761
0.567792
0.354507
0.470201
0.152547
0.005595
0.157081
0.429409
0.501101
0.054929
0.322684
0.243257
0.150085
0.030420
0.337025
0.067935
0.148244
0.089842
0.302466
0.318006
0.205355
0.336253
0.409799
0.309167
0.383571
0.269476
0.271374
0.092554
0.094929
0.224449
0.316208
0.125749
0.163661
0.481579
0.222831
0.232059
0.278952
0.114338
0.091768
0.123656
0.015794
0.343462
0.044231
0.148856
0.247803
0.522706
0.324319
0.101977
0.126442
0.176377
0.540053
0.347459
0.129883
0.130653
0.230899
0.155106
0.055154
0.553599
0.129769
0.241432
0.307550
0.582100
0.147957
0.236037
0.453971
0.163912
0.324927
0.102397
0.463400
0.115043
0.005075
0.439812
0.264736
0.386501
0.183305
0.072803
0.145029
0.567974
0.430711
0.314137
0.235807
0.595812
0.322073
0.449474
0.582309
0.109969
0.198449
0.645398
0.034931
0.423273
0.174912
0.148508
0.075482
0.095621
0.419899
0.410713
0.269760
0.433187
0.098148
0.392183
0.201968
0.408920
0.371885
0.242719
0.263556
0.141234
0.090965
0.039897
0.269295
0.072397
0.033612
0.017214
0.031905
0.212964
0.350806
0.160991
0.499687
0.334697
0.111006
0.281595
0.389492
0.250964
0.254004
0.230807
0.200261
0.186542
0.020611
0.065204
0.035692
0.056368
0.162331
0.237382
0.166832
0.258328
0.408294
0.044990
0.147953
0.526069
0.052920
0.048978
0.123009
0.169587
0.258608
0.126765
0.013089
0.284922
0.127815
0.184933
0.079781
0.074645
0.091116
0.167494
0.086390
0.076505
0.264089
0.345491
0.114670
0.254704
0.037765
0.467658
0.138314
0.050589
0.199453
0.181832
0.615291
0.262896
0.397260
0.196768
0.441810
0.017474
0.294239
0.200461
0.554718
0.231369
0.601913
0.124829
0.476058
0.176954
0.002559
0.110985
0.148318
0.491187
0.101318
0.111538
0.088331
0.149566
0.366349
0.187647
0.564636
0.130429
0.468065
0.486101
0.190183
0.410832
0.085940
0.134016
0.295735
0.073130
0.088958
0.287085
0.205191
0.445896
0.292025
0.672176
0.251408
0.432170
0.257982
0.197222
0.068142
0.240834
0.076690
0.437916
0.333131
0.099184
0.041822
0.097788
0.392699
0.240945
0.072250
0.483220
0.319112
0.098542
0.109073
0.003996
0.455359
0.301549
0.530142
0.086784
0.023355
0.118116
0.017023
0.059423
0.006535
0.208417
0.398703
0.066054
0.243160
0.549021
0.240337
0.243407
0.264504
0.251777
0.011119
0.492908
0.219216
0.113191
0.184383
0.028540
0.167930
0.137312
0.008577
0.730138
0.376588
0.218545
0.173232
0.236065
0.114200
0.184159
0.123529
0.419735
0.134867
0.455878
0.454899
0.210794
0.551310
0.111976
0.044233
0.146821
0.256563
0.144618
0.281846
0.152936
0.555174
0.183908
0.031651
0.501926
0.079165
0.079502
0.336931
0.210030
0.187210
0.275419
0.679558
0.042898
0.480113
0.383451
0.441487
0.222354
0.161945
0.139790
0.551160
0.192835
0.333805
0.242525
0.356139
0.318314
0.305854
0.247865
0.437877
0.477057
0.244074
0.165480
0.136315
0.338020
0.006460
0.469998
0.279931
0.346561
0.050239
0.299497
0.499238
0.276321
0.225410
0.168077
0.273810
0.416733
0.106544
0.073241
0.092755
0.366413
0.537641
0.008267
0.338712
0.013529
0.251116
0.129941
0.473458
0.222596
0.041490
0.421057
0.222957
0.173943
0.087517
0.384500
0.228396
0.274780
0.542813
0.342033
0.286101
0.232123
0.093568
0.156715
0.352694
0.182045
0.478390
0.065219
0.201162
0.308437
0.172360
0.085791
0.408995
0.461829
0.165824
0.181161
0.415371
0.417770
0.215443
0.027664
0.254862
0.038489
0.488942
0.118560
0.460415
0.341368
0.140193
0.143615
0.230755
0.190291
0.400690
0.613611
0.311792
0.116046
0.248736
0.249887
0.284045
0.094274
0.550988
0.011714
0.038884
0.189333
0.077044
0.019172
0.024344
0.617794
0.249901
0.165439
0.599104
0.051615
0.345549
0.213767
0.357032
0.259259
0.133764
0.002584
0.413293
0.483011
0.507883
0.004202
0.074095
0.255384
0.386708
0.070357
0.298470
0.187959
0.327032
0.056467
0.291809
0.348811
0.039702
0.162465
0.248977
0.152214
0.341037
0.292228
0.057675
0.270948
0.146250
0.195631
0.420398
0.442409
0.168332
0.366958
0.106468
0.024599
0.150956
0.077327
0.079379
0.176636
0.176321
0.182076
0.219029
0.434981
0.129747
0.191523
0.217854
0.579561
0.065549
0.257837
0.213836
0.249240
0.120459
0.270709
0.492954
0.470589
0.140107
0.294753
0.005388
0.284821
0.361910
0.310721
0.393322
0.241710
0.082177
0.141247
0.108071
0.452423
0.155258
0.205380
0.216887
0.220982
0.134050
0.219091
0.080069
0.256379
0.242094
0.380241
0.371198
0.117870
0.340347
0.204190
0.361449
0.511825
0.063281
0.443814
0.386142
0.084185
0.503771
0.146441
0.019401
0.441976
0.322237
0.354493
0.050572
0.289265
0.304547
0.237248
0.424243
0.056358
0.212736
0.155644
0.533681
0.326059
0.298981
0.118813
0.295722
0.138279
0.043223
0.610879
0.332434
0.568374
0.154603
0.586253
0.142293
0.172829
0.132960
0.454380
0.182778
0.030605
0.283054
0.221678
0.165761
0.078379
0.154496
0.518552
0.022587
0.442634
0.068042
0.129231
0.385929
0.149397
0.150411
0.223279
0.126686
0.117886
0.154359
0.186997
0.443083
0.628579
0.185263
0.280519
0.179806
0.032271
0.146396
0.453921
0.262814
0.444596
0.094146
0.340643
0.169886
0.181803
0.201515
0.439398
0.435371
0.371755
0.313781
0.436099
0.230263
0.345530
0.086738
0.261649
0.370931
0.315046
0.557411
0.270160
0.181293
0.416575
0.538454
0.179260
0.167958
0.136167
0.027379
0.112637
0.315656
0.404137
0.105170
0.030978
0.324427
0.026745
0.184624
0.410197
0.516178
0.082448
0.049663
0.022372
0.416541
0.207166
0.415032
0.246080
0.084252
0.645014
0.088284
0.086372
0.128396
0.236453
0.089710
0.203615
0.286928
0.023718
0.144162
0.384058
0.000701
0.332138
0.179659
0.143631
0.463611
0.385227
0.399412
0.369102
0.254036
0.366253
0.067511
0.046995
0.259121
0.170729
0.515486
0.301782
0.437492
0.329344
0.121904
0.313110
0.384284
0.401497
0.039163
0.000066
0.510448
0.081428
0.555653
0.191979
0.557216
0.037852
0.284614
0.140235
0.001262
0.243072
0.271177
0.009544
0.133556
0.102862
0.327035
0.064138
0.526951
0.141286
0.168273
0.020167
0.278109
0.255795
0.007861
0.293860
0.040219
0.076015
0.435022
0.435554
0.301484
0.261737
0.128282
0.328236
0.279601
0.159378
0.163017
0.282759
0.434169
0.591474
0.391550
0.281861
0.195144
0.683004
0.486178
0.246855
0.160542
0.245011
0.388219
0.034315
0.298484
0.317800
0.185712
0.296949
0.132346
0.090211
0.440906
0.356275
0.156889
0.092204
0.037997
0.038464
0.183001
0.455395
0.412942
0.396430
0.120846
0.328944
0.220316
0.019935
0.522277
0.164385
0.072144
0.026306
0.110079
0.175366
0.211381
0.161729
0.231229
0.065890
0.238521
0.233621
0.362104
0.450271
0.237093
0.036210
0.362989
0.035516
0.193345
0.472552
0.283586
0.332522
0.128159
0.042913
0.022350
0.301506
0.409971
0.305899
0.285732
0.158040
0.546578
0.236278
0.237408
0.488172
0.068248
0.478128
0.255267
0.206081
0.306351
0.463009
0.218732
0.199997
0.339616
0.020896
0.217135
0.163867
0.001397
0.008108
0.171777
0.441435
0.161113
0.170215
0.000885
0.161593
0.164924
0.157692
0.008400
0.147369
0.129712
0.001803
0.254410
0.525156
0.079266
0.246343
0.606839
0.237829
0.309410
0.055424
0.212004
0.024285
0.085526
0.253409
0.457067
0.073137
0.169524
0.318737
0.094752
0.114204
0.267912
0.287361
0.456757
0.101970
0.124959
0.098872
0.238806
0.001633
0.388725
0.300765
0.171345
0.190582
0.000424
0.069479
0.166131
0.417834
0.202055
0.390711
0.019936
0.108142
0.399500
0.099401
0.067193
0.250701
0.107163
0.036748
0.365295
0.242829
0.175479
0.333978
0.204151
0.155012
0.369431
0.447455
0.397530
0.399539
0.399086
0.144340
0.147660
0.312048
0.009798
0.559820
0.166143
0.088148
0.479978
0.388061
0.091432
0.271952
0.159521
0.077474
0.182997
0.012492
0.349585
0.075967
0.063806
0.423502
0.141602
0.051600
0.365442
0.276991
0.309151
0.031693
0.151339
0.025050
0.239334
0.248332
0.472753
0.211361
0.254972
0.077515
0.124418
0.560127
0.265176
0.149044
0.567958
0.016211
0.506174
0.131030
0.391212
0.358308
0.104051
0.003140
0.200384
0.004993
0.453328
0.048942
0.377773
0.378594
0.281935
0.241724
0.442766
0.531942
0.377924
0.040548
0.403933
0.113468
0.397980
0.496917
0.154820
0.340212
0.491645
0.176796
0.289015
0.185033
0.016054
0.133167
0.231783
0.258193
0.292101
0.380252
0.214691
0.566434
0.360484
0.060328
0.250147
0.426220
0.273049
0.132019
0.087413
0.023934
0.084852
0.513859
0.296293
0.315754
0.390134
0.215538
0.200228
0.377977
0.083534
0.298372
0.203346
0.185216
0.473099
0.120866
0.293902
0.462518
0.450446
0.000828
0.485260
0.044699
0.220932
0.135134
0.409789
0.337543
0.426524
0.083336
0.155272
0.374352
0.088666
0.080021
0.189341
0.403334
0.236254
0.062285
0.095256
0.367819
0.600143
0.124157
0.256587
0.176072
0.422299
0.198231
0.298585
0.202153
0.003612
0.167659
0.281634
0.295565
0.235715
0.018067
0.507450
0.147835
0.483318
0.210065
0.153031
0.288782
0.011926
0.118498
0.220786
0.153459
0.069419
0.371507
0.057251
0.618696
0.361296
0.549153
0.149061
0.175766
0.296606
0.371017
0.000573
0.446747
0.025225
0.393654
0.297857
0.330131
0.132352
0.003826
0.043169
0.104355
0.270055
0.093247
0.019708
0.453750
0.360681
0.618286
0.084650
0.164310
0.127009
0.380156
0.018589
0.285555
0.131337
0.658021
0.130092
0.071281
0.160795
0.034460
0.513336
0.354093
0.021935
0.092526
0.441371
0.570837
0.103986
0.400830
0.298119
0.238586
0.268410
0.010591
0.158513
0.008047
0.321046
0.369253
0.137096
0.218405
0.150248
0.476992
0.061021
0.091836
0.235448
0.092167
0.436156
0.527503
0.101167
0.409701
0.458580
0.284287
0.238454
0.205279
0.330280
0.068960
0.089170
0.514234
0.376029
0.111785
0.087302
0.401203
0.142783
0.326451
0.037665
0.231758
0.208937
0.494017
0.229453
0.264092
0.114554
0.556713
0.236799
0.246639
0.093245
0.379056
0.169908
0.523880
0.210035
0.208018
0.321595
0.429184
0.514663
0.282838
0.180426
0.233481
0.228448
0.269683
0.240541
0.249044
0.075138
0.379626
0.134630
0.167750
0.134566
0.228097
0.026425
0.432468
0.523777
0.204774
0.625320
0.185882
0.552385
0.162963
0.087625
0.435377
0.346802
0.223385
0.523433
0.154377
0.047471
0.233279
0.040716
0.076057
0.138961
0.044223
0.474563
0.604704
0.195250
0.297140
0.070146
0.221798
0.179647
0.192190
0.437987
0.019669
0.375125
0.140016
0.452301
0.257757
0.408530
0.375077
0.403412
0.199249
0.084850
0.496493
0.337933
0.231799
0.360016
0.150270
0.445703
0.209294
0.224841
0.421690
0.003787
0.194408
0.305002
0.232255
0.031045
0.108683
0.242161
0.183573
0.060737
0.340793
0.376146
0.144687
0.327940
0.461720
0.351300
0.003071
0.214699
0.476318
0.497681
0.067621
0.187026
0.487183
0.155939
0.101022
0.241701
0.581615
0.465109
0.390659
0.135611
0.283764
0.312244
0.252811
0.134547
0.447534
0.174193
0.046055
0.529370
0.098251
0.156389
0.387827
0.465889
0.110908
0.571596
0.468972
0.280233
0.069675
0.402454
0.366396
0.211979
0.085030
0.400234
0.326633
0.196399
0.201502
0.139979
0.256639
0.041303
0.198760
0.094978
0.274913
0.033766
0.488270
0.519935
0.106073
0.206525
0.057122
0.236280
0.091768
0.023403
0.047950
0.124749
0.099952
0.039714
0.275713
0.211551
0.113017
0.430172
0.061156
0.397918
0.624468
0.044622
0.382297
0.158303
0.199999
0.424276
0.129829
0.282446
0.204135
0.184041
0.171937
0.002573
0.098525
0.277404
0.070399
0.279149
0.503647
0.537158
0.011633
0.220799
0.269620
0.269350
0.080291
0.271044
0.135807
0.410911
0.420091
0.031272
0.406787
0.400780
0.355017
0.310713
0.360958
0.379860
0.230612
0.099356
0.071635
0.155516
0.090646
0.049075
0.079782
0.286352
0.154624
0.006135
0.315170
0.022797
0.104635
0.033544
0.422101
0.026564
0.291342
0.407910
0.139174
0.260050
0.455770
0.197424
0.400742
0.147433
0.046036
0.042759
0.182916
0.212472
0.247302
0.146259
0.297401
0.102402
0.517155
0.075698
0.354232
0.030746
0.147488
0.294943
0.246970
0.090457
0.500323
0.189040
0.555189
0.597912
0.446675
0.278818
0.005156
0.160239
0.008131
0.142380
0.033001
0.175524
0.030691
0.037218
0.438726
0.484767
0.282031
0.296676
0.267541
0.078745
0.137137
0.236719
0.185136
0.341273
0.030512
0.078717
0.159832
0.668540
0.295875
0.107611
0.312255
0.027254
0.140044
0.038348
0.316970
0.067302
0.158473
0.115501
0.049598
0.259556
0.073283
0.253636
0.009851
0.234187
0.217272
0.167910
0.120248
0.036523
0.252360
0.402297
0.096504
0.402838
0.075753
0.517126
0.127131
0.238010
0.113864
0.201625
0.332924
0.235112
0.220555
0.127905
0.016385
0.159447
0.180347
0.415017
0.290886
0.469383
0.153725
0.160088
0.444946
0.398036
0.525769
0.314596
0.553681
0.147672
0.397098
0.103909
0.246067
0.319525
0.459250
0.337132
0.052946
0.240997
0.225268
0.205305
0.076363
0.296833
0.181269
0.032329
0.273187
0.199639
0.388190
0.268183
0.140353
0.095622
0.201061
0.104743
0.080102
0.070901
0.117193
0.271307
0.278592
0.019916
0.073521
0.145374
0.219088
0.136055
0.083837
0.316102
0.200767
0.249208
0.567328
0.325190
0.228021
0.060622
0.459129
0.101740
0.307978
0.372713
0.120965
0.363449
0.179915
0.146070
0.249290
0.130256
0.169186
0.390503
0.298682
0.314388
0.367836
0.137578
0.236220
0.352902
0.222034
0.356081
0.040987
0.508843
0.550970
0.397139
0.307643
0.043821
0.439937
0.080982
0.271654
0.402022
0.027136
0.210586
0.111463
0.305063
0.029716
0.395755
0.309812
0.206692
0.400353
0.194281
0.377062
0.090173
0.378263
0.127761
0.320520
0.216150
0.062114
0.020892
0.243142
0.150460
0.271844
0.453291
0.317314
0.483855
0.349533
0.130531
0.335710
0.134826
0.340197
0.088417
0.362966
0.279931
0.156549
0.428509
0.179621
0.122602
0.562936
0.194838
0.202882
0.324554
0.221241
0.153949
0.068362
0.287179
0.297876
0.158020
0.156910
0.085986
0.512535
0.086163
0.099185
0.195494
0.032729
0.224767
0.195501
0.248447
0.175466
0.030533
0.079793
0.056285
0.000233
0.067335
0.293221
0.604761
0.161063
0.342499
0.021234
0.084964
0.115535
0.189809
0.386549
0.474437
0.443968
0.370802
0.648727
0.305604
0.086142
0.160128
0.175371
0.240714
0.261866
0.254917
0.061143
0.196230
0.116021
0.002674
0.633987
0.524228
0.231275
0.022177
0.133364
0.210218
0.120286
0.398230
0.288842
0.198619
0.126978
0.180556
0.153351
0.196127
0.014718
0.084411
0.440022
0.023628
0.314618
0.023510
0.278591
0.014771
0.388493
0.025590
0.209828
0.079747
0.284372
0.281052
0.128212
0.053597
0.246985
0.363615
0.148833
0.169533
0.027779
0.445078
0.175743
0.430198
0.168727
0.004730
0.017597
0.320372
0.093178
0.186253
0.080719
0.211963
0.066465
0.376059
0.262106
0.000487
0.043252
0.363663
0.449214
0.162433
0.526425
0.041804
0.488572
0.071126
0.209208
0.472567
0.257668
0.046458
0.130975
0.348153
0.354180
0.416373
0.103365
0.017644
0.010233
0.023033
0.153196
0.288734
0.307579
0.184078
0.229828
0.073330
0.295508
0.137058
0.279615
0.358874
0.486424
0.246048
0.219895
0.030263
0.169762
0.328691
0.202195
0.346908
0.103410
0.059947
0.190721
0.489541
0.211854
0.491925
0.330247
0.101617
0.075258
0.714677
0.080486
0.185145
0.004199
0.252096
0.013842
0.263093
0.334344
0.474821
0.238721
0.255952
0.306957
0.043164
0.160153
0.553499
0.398714
0.186263
0.130810
0.104622
0.119837
0.154192
0.579983
0.132032
0.030878
0.251009
0.325872
0.346161
0.208170
0.208497
0.164410
0.283949
0.141162
0.051163
0.527465
0.082428
0.321618
0.388807
0.016072
0.265606
0.210469
0.428009
0.313055
0.446112
0.145898
0.279704
0.005529
0.056293
0.175114
0.331430
0.166256
0.467656
0.166855
0.009043
0.037850
0.075937
0.205119
0.125858
0.491770
0.215763
0.166433
0.404765
0.536991
0.111820
0.501172
0.032426
0.227344
0.366421
0.356873
0.432897
0.237043
0.142279
0.117714
0.131530
0.427936
0.106844
0.483000
0.302852
0.290009
0.297113
0.077697
0.331205
0.034015
0.144692
0.251207
0.318756
0.473098
0.084202
0.348365
0.348970
0.406238
0.070428
0.209552
0.038719
0.343730
0.371079
0.269405
0.068019
0.190443
0.205222
0.342877
0.071672
0.224495
0.418851
0.186526
0.095045
0.162868
0.106859
0.380799
0.157007
0.587813
0.399620
0.165370
0.296134
0.256923
0.028307
0.390715
0.698366
0.145224
0.496635
0.024621
0.640330
0.221871
0.051462
0.202589
0.055592
0.275650
0.226966
0.302476
0.232671
0.228152
0.179982
0.254470
0.214593
0.307912
0.320916
0.096871
0.163170
0.375006
0.019311
0.529672
0.098249
0.499727
0.220850
0.326427
0.060646
0.191508
0.051239
0.355520
0.339407
0.521937
0.554152
0.364344
0.837834
0.177582
0.099379
0.303709
0.119740
0.092240
0.000171
0.334283
0.228443
0.099652
0.133852
0.019028
0.252040
0.393362
0.082662
0.201319
0.651798
0.137350
0.296146
0.555295
0.309556
0.146324
0.013787
0.201470
0.769932
0.220199
0.158313
0.380155
0.193858
0.030676
0.276991
0.472263
0.095849
0.132215
0.225979
0.022443
0.307147
0.025318
0.198718
0.227019
0.044918
0.242247
0.149593
0.371947
0.214468
0.415635
0.154188
0.229547
0.040487
0.043235
0.043482
0.094527
0.282166
0.181764
0.289322
0.251647
0.090180
0.268131
0.317638
0.103117
0.028836
0.014778
0.228276
0.228908
0.101227
0.343130
0.512132
0.172217
0.765510
0.041396
0.163157
0.459654
0.354724
0.142738
0.353219
0.046301
0.113606
0.287353
0.318690
0.017350
0.122219
0.266250
0.018789
0.327646
0.001347
0.036818
0.175107
0.389072
0.324001
0.590180
0.228946
0.581984
0.052552
0.221029
0.020035
0.081916
0.228428
0.105170
0.469382
0.415452
0.167474
0.112026
0.352639
0.233672
0.205325
0.551390
0.135539
0.595477
0.213747
0.128719
0.128551
0.403570
0.155743
0.134648
0.112187
0.487797
0.157540
0.111798
0.222486
0.104952
0.443107
0.169602
0.100942
0.220973
0.048912
0.191556
0.246263
0.074985
0.418597
0.199943
0.266140
0.183112
0.128005
0.292234
0.121875
0.215290
0.331752
0.572772
0.199242
0.376959
0.096383
0.151619
0.391229
0.124965
0.189642
0.064287
0.100644
0.253514
0.363169
0.293480
0.157335
0.506562
0.127172
0.471135
0.374535
0.311789
0.014639
0.061721
0.323841
0.043135
0.213639
0.392634
0.026623
0.263995
0.523653
0.546065
0.161113
0.170801
0.006446
0.330622
0.313907
0.064089
0.285926
0.116540
0.377744
0.261153
0.241532
0.086694
0.002423
0.246416
0.287072
0.107524
0.342083
0.426569
0.309211
0.114685
0.141722
0.478607
0.215089
0.087304
0.334333
0.098921
0.044687
0.235790
0.213405
0.375806
0.081714
0.298277
0.150778
0.233673
0.287361
0.019384
0.013504
0.550585
0.477456
0.500016
0.096223
0.513040
0.286204
0.532910
0.230269
0.418258
0.613326
0.364121
0.041662
0.492103
0.163036
0.094287
0.270252
0.276385
0.166519
0.382172
0.359258
0.089122
0.191204
0.388437
0.092512
0.003801
0.031563
0.135109
0.200749
0.258385
0.088360
0.182608
0.359612
0.334505
0.206190
0.331634
0.169666
0.614964
0.210253
0.183530
0.525386
0.076212
0.311556
0.033731
0.108801
0.410471
0.462687
0.323408
0.244432
0.163421
0.241139
0.451676
0.219608
0.155834
0.204267
0.277936
0.031324
0.052264
0.525009
0.206064
0.216343
0.133618
0.051016
0.123879
0.398765
0.383324
0.296759
0.301876
0.063954
0.278506
0.328048
0.330445
0.006909
0.332436
0.324750
0.000335
0.080002
0.399044
0.106595
0.370047
0.025610
0.436786
0.265176
0.132065
0.124676
0.212436
0.197677
0.113295
0.517762
0.413034
0.480252
0.033798
0.016517
0.087244
0.116573
0.169487
0.153549
0.002399
0.435328
0.128648
0.147955
0.401911
0.016059
0.190615
0.155283
0.457542
0.309832
0.195394
0.557182
0.272290
0.386916
0.566019
0.419618
0.070165
0.019444
0.274033
0.037531
0.490988
0.006993
0.276464
0.081202
0.427975
0.221180
0.263168
0.219976
0.580754
0.200333
0.431646
0.241914
0.497417
0.327390
0.755990
0.065776
0.263274
0.130396
0.399380
0.036810
0.204641
0.392126
0.111146
0.175555
0.355858
0.151343
0.540371
0.231843
0.374427
0.312569
0.239767
0.118650
0.054896
0.107015
0.035245
0.469813
0.001299
0.109946
0.099035
0.135085
0.425144
0.552805
0.078346
0.276385
0.205091
0.014000
0.439116
0.585982
0.405979
0.285338
0.347117
0.084697
0.400194
0.025757
0.277912
0.173232
0.037809
0.018632
0.078177
0.222564
0.051370
0.343875
0.151206
0.340050
0.545877
0.127641
0.023305
0.242820
0.029316
0.179683
0.448457
0.013629
0.402533
0.038184
0.178829
0.206674
0.046926
0.069523
0.322537
0.179769
0.001781
0.262107
0.160418
0.209084
0.261672
0.268834
0.577330
0.124237
0.027056
0.095640
0.353135
0.505292
0.374989
0.406059
0.325699
0.242945
0.183547
0.170902
0.185660
0.605632
0.328624
0.508046
0.009284
0.337781
0.184500
0.102175
0.084811
0.014877
0.262225
0.208247
0.472187
0.001425
0.275700
0.466067
0.237201
0.409518
0.213945
0.305290
0.519578
0.170388
0.233532
0.124102
0.453716
0.225944
0.234416
0.091876
0.402784
0.211052
0.433148
0.571146
0.487339
0.021531
0.507000
0.587045
0.442999
0.153521
0.190552
0.424015
0.282600
0.215731
0.027619
0.000766
0.173261
0.363692
0.205954
0.048541
0.811649
0.183321
0.020901
0.091083
0.137803
0.477539
0.128271
0.427847
0.218153
0.122818
0.268779
0.016406
0.002013
0.094536
0.307787
0.546031
0.118722
0.270037
0.271326
0.041654
0.383845
0.002436
0.122626
0.000441
0.354011
0.284979
0.100939
0.124089
0.224863
0.201092
0.223577
0.012971
0.325195
0.234413
0.375421
0.057273
0.351354
0.052786
0.082212
0.039175
0.558413
0.196050
0.280353
0.524362
0.369321
0.369164
0.022611
0.032292
0.101420
0.079729
0.188321
0.370412
0.206601
0.696680
0.311833
0.022810
0.343992
0.338527
0.027086
0.443622
0.251988
0.355736
0.402765
0.255690
0.028740
0.657590
0.606905
0.357673
0.057492
0.422157
0.020426
0.543861
0.202115
0.006917
0.039678
0.265641
0.171140
0.203888
0.237314
0.612480
0.495033
0.210969
0.247501
0.094489
0.315063
0.269105
0.348658
0.017320
0.348079
0.097208
0.218289
0.285225
0.042414
0.119251
0.303558
0.128022
0.378524
0.145740
0.069921
0.344986
0.431014
0.735657
0.027731
0.164209
0.311740
0.072780
0.069390
0.533934
0.038787
0.149202
0.439970
0.332097
0.175971
0.154146
0.556844
0.282381
0.301724
0.406725
0.457018
0.390838
0.074991
0.041582
0.087510
0.093598
0.129297
0.508382
0.138677
0.016912
0.223634
0.434834
0.044944
0.564504
0.321105
0.016266
0.053282
0.389531
0.343388
0.290541
0.030947
0.051062
0.280203
0.563107
0.028923
0.466491
0.420037
0.321262
0.200913
0.234146
0.386396
0.359669
0.535010
0.094627
0.254121
0.189963
0.012302
0.090715
0.251081
0.647297
0.077159
0.083866
0.038892
0.163300
0.127360
0.253980
0.523422
0.321880
0.074081
0.105821
0.232446
0.584508
0.018892
0.318736
0.353474
0.056131
0.170656
0.528347
0.427302
0.527288
0.035428
0.149208
0.391809
0.129318
0.073057
0.337130
0.167969
0.471456
0.033133
0.404639
0.238473
0.237340
0.315441
0.561794
0.085834
0.320487
0.279049
0.074004
0.269975
0.090601
0.065041
0.238722
0.377630
0.218020
0.107765
0.180799
0.185985
0.119585
0.290067
0.041257
0.042101
0.399623
0.050583
0.326028
0.163514
0.007260
0.212791
0.345623
0.246686
0.019261
0.289227
0.407784
0.316837
0.259740
0.500784
0.264515
0.482048
0.086338
0.162788
0.208846
0.344230
0.268315
0.357026
0.504534
0.009913
0.095192
0.078200
0.134088
0.466913
0.029835
0.042295
0.396665
0.307378
0.150245
0.278068
0.013860
0.314978
0.299558
0.349258
0.041755
0.323004
0.511463
0.116715
0.263197
0.818792
0.350982
0.495711
0.181335
0.192432
0.351589
0.004268
0.152574
0.536078
0.163742
0.032048
0.283397
0.016222
0.045634
0.162541
0.365191
0.182793
0.282961
0.461066
0.208198
0.249165
0.203655
0.091661
0.244719
0.026197
0.016201
0.543759
0.384418
0.264043
0.252310
0.599487
0.108766
0.182525
0.205237
0.521310
0.008472
0.339874
0.477094
0.095843
0.098434
0.081420
0.085303
0.225276
0.429263
0.465023
0.023924
0.318175
0.406157
0.163827
0.184195
0.383159
0.235700
0.246104
0.345592
0.390197
0.452147
0.253445
0.303564
0.314269
0.202160
0.104951
0.112186
0.407033
0.270423
0.324007
0.356698
0.230027
0.285858
0.389056
0.352651
0.224608
0.645401
0.284170
0.218591
0.417011
0.099275
0.453266
0.241124
0.084998
0.442622
0.099309
0.181498
0.315107
0.056736
0.236896
0.511028
0.379084
0.069860
0.255083
0.140143
0.168283
0.227316
0.054532
0.149330
0.128255
0.363403
0.296075
0.362543
0.341939
0.526329
0.080201
0.331213
0.235152
0.381474
0.184347
0.275970
0.259692
0.194869
0.211587
0.147888
0.157250
0.016510
0.427914
0.134391
0.248468
0.044794
0.132915
0.102043
0.452916
0.150221
0.282115
0.183428
0.033131
0.543533
0.465513
0.101760
0.108180
0.110259
0.414408
0.077178
0.033109
0.304350
0.083977
0.452751
0.199735
0.290207
0.194557
0.028540
0.412969
0.202435
0.299639
0.015159
0.069080
0.442539
0.090084
0.448308
0.135284
0.009700
0.076301
0.417392
0.108516
0.132779
0.151952
0.065911
0.059907
0.160190
0.432955
0.324846
0.127143
0.526233
0.006062
0.204169
0.086312
0.208584
0.390605
0.136213
0.344151
0.098520
0.024998
0.528400
0.148464
0.417545
0.177102
0.136564
0.273849
0.146126
0.458230
0.032792
0.307161
0.380264
0.567301
0.278600
0.128190
0.420094
0.547176
0.179807
0.006672
0.048493
0.207814
0.512969
0.035132
0.106486
0.164559
0.232289
0.234824
0.007461
0.282336
0.282237
0.469139
0.146901
0.177066
0.234903
0.105498
0.041878
0.406117
0.333859
0.482104
0.071280
0.111034
0.038678
0.063280
0.324848
0.153581
0.037934
0.065795
0.027187
0.102963
0.317469
0.245535
0.367595
0.195051
0.001692
0.305600
0.403174
0.660976
0.396607
0.069927
0.253259
0.323136
0.098816
0.280796
0.409967
0.224046
0.130804
0.048101
0.292351
0.126436
0.384013
0.403044
0.581985
0.056378
0.121354
0.370895
0.138773
0.662259
0.084631
0.352680
0.362914
0.245616
0.294644
0.102296
0.168536
0.312680
0.474430
0.210419
0.260650
0.002560
0.245072
0.121224
0.163950
0.354142
0.183870
0.275910
0.245871
0.039746
0.299550
0.482242
0.108882
0.087704
0.253228
0.121261
0.348326
0.485522
0.368929
0.076698
0.674372
0.371318
0.237362
0.022716
0.157152
0.070602
0.100869
0.712684
0.141069
0.367950
0.061992
0.114911
0.224630
0.020073
0.388809
0.333979
0.342190
0.082230
0.354307
0.227040
0.237397
0.389185
0.213680
0.145658
0.334367
0.393930
0.037166
0.034202
0.081575
0.667458
0.180940
0.264790
0.178220
0.037007
0.377342
0.135186
0.043067
0.161695
0.298888
0.029929
0.569293
0.316348
0.365453
0.245552
0.023343
0.167553
0.515058
0.320616
0.427140
0.409243
0.342403
0.104040
0.107110
0.475060
0.089355
0.374046
0.175685
0.059710
0.617096
0.166591
0.066606
0.141769
0.495962
0.171111
0.032186
0.210439
0.407614
0.096939
0.097357
0.105018
0.173671
0.137305
0.056542
0.227535
0.293201
0.180180
0.367176
0.322056
0.419808
0.162392
0.500197
0.047703
0.040643
0.260166
0.136198
0.240519
0.319095
0.356873
0.478480
0.003547
0.409804
0.104529
0.301169
0.505978
0.139207
0.025516
0.095513
0.292264
0.533520
0.181103
0.164657
0.022618
0.147831
0.150702
0.341006
0.163439
0.336994
0.113100
0.273672
0.251020
0.409881
0.268075
0.021205
0.372867
0.171389
0.263036
0.176700
0.144948
0.146087
0.157522
0.444113
0.232496
0.045807
0.472536
0.184231
0.525030
0.106585
0.052917
0.273407
0.471462
0.173390
0.441264
0.113011
0.151813
0.091638
0.297936
0.393180
0.222474
0.326486
0.244916
0.428363
0.375273
0.276440
0.299424
0.033039
0.118840
0.426110
0.323679
0.028255
0.385549
0.130117
0.116289
0.577584
0.019218
0.476808
0.010578
0.050136
0.169366
0.310820
0.007741
0.341591
0.161566
0.005322
0.048705
0.102264
0.324135
0.014299
0.068029
0.031055
0.369731
0.683817
0.138989
0.204149
0.303700
0.487840
0.011493
0.432336
0.359642
0.002955
0.074706
0.279351
0.231456
0.041380
0.007243
0.367741
0.130886
0.626280
0.006678
0.021518
0.172753
0.164440
0.068566
0.360077
0.055999
0.171036
0.228217
0.064789
0.408081
0.299190
0.490350
0.082360
0.186134
0.255555
0.166895
0.087890
0.306074
0.286448
0.306812
0.337065
0.396428
0.339887
0.029173
0.303702
0.079049
0.002608
0.078892
0.477825
0.341358
0.332678
0.433283
0.035139
0.065027
0.141818
0.145545
0.109162
0.264168
0.390310
0.241646
0.176697
0.246607
0.539308
0.061891
0.143488
0.225086
0.239540
0.200952
0.231900
0.424654
0.184044
0.251114
0.235726
0.147197
0.186919
0.005188
0.122761
0.110845
0.423142
0.390674
0.272059
0.153989
0.039329
0.270925
0.097722
0.006456
0.436439
0.007849
0.566363
0.418616
0.147906
0.335327
0.351440
0.409158
0.047091
0.362767
0.308003
0.029722
0.285667
0.376956
0.459215
0.093997
0.092620
0.171386
0.152019
0.241247
0.074121
0.335587
0.033386
0.293466
0.119792
0.223627
0.048501
0.337114
0.290993
0.317913
0.033841
0.379000
0.285434
0.720616
0.149965
0.323548
0.130983
0.328350
0.300839
0.548337
0.197981
0.131488
0.333225
0.287769
0.272861
0.169788
0.263340
0.405903
0.263322
0.071536
0.071203
0.237440
0.199897
0.025791
0.304463
0.171063
0.465897
0.377700
0.312598
0.312237
0.116117
0.577185
0.133932
0.105360
0.355924
0.256592
0.038421
0.069159
0.078419
0.055181
0.056816
0.219886
0.541564
0.540556
0.089164
0.151539
0.021977
0.381205
0.269608
0.352206
0.571118
0.109454
0.470363
0.243646
0.377987
0.040398
0.417253
0.292133
0.445072
0.197793
0.298836
0.301562
0.159447
0.322593
0.232896
0.009313
0.396494
0.199390
0.292068
0.239193
0.013142
0.055902
0.234591
0.211510
0.152380
0.253782
0.073079
0.137708
0.093751
0.326014
0.409688
0.171977
0.398117
0.430424
0.194301
0.020477
0.063982
0.287024
0.602523
0.000050
0.262932
0.303595
0.565538
0.045098
0.144240
0.647354
0.323222
0.216753
0.128424
0.088144
0.179690
0.231971
0.212305
0.379615
0.416858
0.016254
0.371290
0.222197
0.070632
0.201483
0.487789
0.017847
0.531602
0.304238
0.471799
0.148795
0.247876
0.222731
0.187991
0.114504
0.355971
0.379107
0.299095
0.092642
0.244476
0.383228
0.202795
0.078383
0.090220
0.332274
0.094735
0.383498
0.607867
0.119878
0.025697
0.106464
0.101338
0.235597
0.131796
0.086918
0.010704
0.106469
0.002000
0.305234
0.052793
0.065325
0.278551
0.170761
0.228939
0.535220
0.190752
0.261309
0.086830
0.242969
0.536548
0.114729
0.132502
0.285523
0.023363
0.038246
0.008182
0.087860
0.044108
0.133903
0.280336
0.633705
0.294318
0.034592
0.297255
0.182094
0.407323
0.437265
0.293509
0.044175
0.504078
0.172058
0.102773
0.517739
0.299942
0.291850
0.481589
0.278042
0.000554
0.407077
0.096846
0.234876
0.029848
0.136600
0.076119
0.096918
0.515115
0.045352
0.009503
0.227492
0.214039
0.327371
0.007565
0.277533
0.211713
0.351019
0.251003
0.096192
0.056585
0.529287
0.081069
0.292557
0.083185
0.076654
0.221904
0.337198
0.101002
0.428275
0.313851
0.130107
0.038177
0.464667
0.055448
0.479506
0.092507
0.077552
0.387591
0.161085
0.268797
0.585224
0.374337
0.534699
0.475393
0.373497
0.259666
0.159331
0.203730
0.011228
0.034936
0.193189
0.469946
0.110304
0.006610
0.474252
0.535504
0.184417
0.196839
0.241908
0.045613
0.208322
0.259601
0.169807
0.208957
0.026802
0.191426
0.205350
0.423484
0.553931
0.081035
0.640359
0.396304
0.170851
0.094352
0.275686
0.133517
0.233672
0.285495
0.238522
0.203233
0.204532
0.228062
0.121268
0.333440
0.045215
0.033455
0.014134
0.053685
0.443033
0.332229
0.258075
0.381072
0.016280
0.600228
0.139372
0.062078
0.172640
0.002663
0.174110
0.400618
0.268017
0.183395
0.039523
0.057546
0.293345
0.199879
0.236776
0.246370
0.459929
0.067410
0.533355
0.047729
0.362459
0.162759
0.478018
0.114238
0.322583
0.120185
0.343848
0.197498
0.328086
0.072277
0.023332
0.214740
0.211962
0.310332
0.310702
0.330245
0.216449
0.260468
0.402273
0.160930
0.381117
0.017665
0.084462
0.551424
0.090957
0.024701
0.231612
0.150054
0.144757
0.259420
0.053263
0.069245
0.270815
0.168639
0.071250
0.058165
0.042859
0.171356
0.185663
0.262060
0.495546
0.588328
0.021872
0.059500
0.469722
0.318711
0.439796
0.243892
0.008415
0.288820
0.046385
0.328640
0.288739
0.076858
0.319006
0.482242
0.427868
0.094495
0.337187
0.062452
0.023424
0.461097
0.037199
0.243750
0.227910
0.260933
0.538537
0.448968
0.451539
0.032779
0.149650
0.065748
0.628559
0.497070
0.295171
0.434919
0.078364
0.248114
0.178182
0.312947
0.523560
0.068066
0.088817
0.053478
0.168324
0.048297
0.035834
0.146905
0.349791
0.084107
0.314874
0.147367
0.253082
0.088804
0.142023
0.415187
0.411876
0.133915
0.384164
0.025424
0.229667
0.061553
0.295958
0.156392
0.555226
0.027880
0.193575
0.372115
0.462649
0.606360
0.246682
0.304179
0.007532
0.278069
0.350430
0.371241
0.012922
0.113777
0.057020
0.097985
0.284108
0.232698
0.459046
0.133594
0.008948
0.384524
0.031031
0.031144
0.088523
0.094057
0.178267
0.233320
0.152505
0.105666
0.330772
0.342224
0.047427
0.421185
0.018815
0.405238
0.036847
0.249726
0.189437
0.465471
0.290554
0.364565
0.342584
0.031682
0.328156
0.176625
0.130470
0.214318
0.499400
0.344085
0.291523
0.251523
0.219380
0.138474
0.006656
0.351074
0.351184
0.188290
0.023895
0.066966
0.365567
0.070445
0.280433
0.029045
0.481689
0.293642
0.027914
0.046159
0.323722
0.097100
0.180376
0.200955
0.404366
0.316913
0.439436
0.095920
0.338205
0.103822
0.488631
0.106439
0.039211
0.471610
0.282447
0.163639
0.097263
0.009377
0.032968
0.449079
0.055616
0.029982
0.038764
0.442020
0.034629
0.421735
0.012510
0.004260
0.009588
0.050486
0.020846
0.158185
0.128857
0.322295
0.038287
0.286022
0.389180
0.172151
0.043313
0.151055
0.530098
0.114338
0.406865
0.161067
0.303975
0.063693
0.146308
0.153011
0.310541
0.098901
0.217569
0.181092
0.454834
0.237842
0.073389
0.126536
0.032600
0.064115
0.222295
0.412451
0.187247
0.169885
0.091557
0.055302
0.070069
0.044807
0.088911
0.482872
0.190345
0.170480
0.078658
0.147197
0.080877
0.079126
0.009359
0.243460
0.047832
0.127458
0.058409
0.531750
0.286788
0.428476
0.415855
0.085865
0.192775
0.339661
0.034935
0.043474
0.191337
0.125477
0.011497
0.244876
0.395270
0.310898
0.278265
0.521289
0.401758
0.034973
0.054646
0.531254
0.218276
0.028597
0.469608
0.155836
0.267201
0.112678
0.458120
0.088422
0.073613
0.222409
0.242913
0.241288
0.051380
0.307654
0.013842
0.437284
0.170513
0.110439
0.475718
0.191199
0.389938
0.310737
0.008554
0.100830
0.283432
0.746912
0.003552
0.530900
0.015455
0.223023
0.199974
0.032572
0.173355
0.204604
0.234034
0.654183
0.400984
0.018809
0.104892
0.332835
0.068659
0.439956
0.243645
0.358883
0.078790
0.438252
0.646730
0.137830
0.351319
0.289349
0.311482
0.104885
0.235986
0.639908
0.255840
0.422917
0.157453
0.324353
0.061018
0.418745
0.233229
0.503297
0.366022
0.093147
0.365814
0.439186
0.254584
0.050146
0.280063
0.460238
0.299285
0.243002
0.336505
0.282521
0.016481
0.038038
0.180624
0.248432
0.437435
0.247966
0.021582
0.173707
0.328643
0.191250
0.483371
0.336997
0.085809
0.536179
0.371856
0.008489
0.282403
0.414020
0.290166
0.120159
0.608872
0.230510
0.049830
0.030344
0.387475
0.106611
0.209462
0.321138
0.210684
0.450833
0.161703
0.560539
0.102408
0.073218
0.419827
0.204671
0.574990
0.005085
0.124941
0.180502
0.454817
0.406626
0.242536
0.071167
0.011379
0.023481
0.102907
0.070834
0.374726
0.011718
0.320871
0.122309
0.369121
0.433397
0.381993
0.024726
0.121429
0.231680
0.079601
0.280906
0.279659
0.293485
0.107824
0.590567
0.375851
0.075568
0.242452
0.113964
0.144947
0.067022
0.340721
0.456189
0.161214
0.181715
0.150797
0.154913
0.242746
0.054456
0.231427
0.663988
0.271111
0.105590
0.542254
0.143586
0.135356
0.035314
0.289110
0.471154
0.251474
0.277022
0.394160
0.334422
0.151530
0.202442
0.502837
0.351558
0.186927
0.082982
0.006654
0.152515
0.017302
0.317405
0.050442
0.112308
0.555310
0.337662
0.422452
0.267794
0.015640
0.004234
0.206474
0.380839
0.094310
0.207941
0.277994
0.061063
0.423277
0.347100
0.255354
0.036994
0.324307
0.423781
0.243769
0.279160
0.104185
0.013509
0.288096
0.065167
0.250365
0.464777
0.174435
0.576208
0.121512
0.061949
0.567166
0.372322
0.216923
0.688689
0.121739
0.051093
0.054847
0.188746
0.122137
0.104687
0.355137
0.172486
0.152444
0.183203
0.193231
0.520902
0.336828
0.305280
0.298198
0.367910
0.307520
0.213669
0.410919
0.104064
0.037838
0.259195
0.300440
0.545348
0.483470
0.068723
0.019882
0.255958
0.031067
0.182068
0.426369
0.304603
0.316831
0.290908
0.009151
0.040937
0.202006
0.002686
0.094456
0.255669
0.579098
0.081353
0.031049
0.251682
0.031575
0.180177
0.223235
0.057141
0.124646
0.057596
0.015659
0.176453
0.096055
0.471835
0.172578
0.296864
0.215900
0.257308
0.113718
0.129350
0.016825
0.334062
0.172978
0.166111
0.497227
0.021321
0.161442
0.392182
0.319901
0.202463
0.202279
0.170250
0.412728
0.085410
0.240919
0.290603
0.389257
0.303106
0.634987
0.594323
0.263198
0.110721
0.002505
0.296040
0.112139
0.095948
0.236747
0.040189
0.317613
0.243303
0.614471
0.094353
0.437204
0.068499
0.376859
0.419685
0.529321
0.372094
0.244050
0.360891
0.197785
0.522365
0.032547
0.279671
0.122485
0.072675
0.120691
0.588738
0.256564
0.504833
0.406513
0.353832
0.316976
0.306655
0.189727
0.386996
0.249481
0.095608
0.250806
0.335652
0.174541
0.070179
0.598288
0.351680
0.346090
0.190895
0.209327
0.193564
0.600057
0.417487
0.408771
0.304756
0.382557
0.472404
0.351312
0.380107
0.215515
0.532154
0.337477
0.170543
0.455783
0.038436
0.066531
0.032247
0.125851
0.096383
0.549968
0.113636
0.312954
0.247856
0.238395
0.020004
0.242731
0.033840
0.170618
0.154635
0.438259
0.198050
0.073757
0.490603
0.351689
0.139979
0.172621
0.145885
0.282072
0.717952
0.020049
0.469113
0.011231
0.551605
0.096668
0.033488
0.142195
0.472153
0.067531
0.261133
0.261925
0.204106
0.351976
0.021173
0.174047
0.232054
0.342931
0.101660
0.239893
0.608758
0.118973
0.011836
0.185837
0.104166
0.019626
0.227958
0.387662
0.307758
0.326168
0.494930
0.293008
0.306090
0.481880
0.245205
0.104860
0.277203
0.146084
0.041796
0.181949
0.052602
0.279505
0.253590
0.374880
0.317959
0.249494
0.182431
0.168586
0.407451
0.189045
0.676682
0.246230
0.505075
0.067833
0.088641
0.027484
0.185152
0.005975
0.214212
0.210247
0.595371
0.038869
0.231430
0.219894
0.147266
0.271267
0.171632
0.277853
0.370043
0.099450
0.400840
0.162057
0.426658
0.762650
0.291728
0.174968
0.095812
0.103569
0.134359
0.391999
0.070315
0.351097
0.019642
0.268778
0.170253
0.232022
0.083642
0.366908
0.150904
0.383652
0.137262
0.615640
0.573287
0.568022
0.351395
0.085534
0.451994
0.492780
0.240821
0.101612
0.338429
0.049535
0.033325
0.336530
0.078267
0.515674
0.145631
0.295390
0.147575
0.221128
0.064197
0.053509
0.085388
0.036919
0.404583
0.097692
0.201103
0.038228
0.345241
0.533552
0.362095
0.105271
0.002661
0.149672
0.008569
0.547341
0.455562
0.404194
0.174196
0.300599
0.013159
0.817584
0.284509
0.500887
0.238607
0.215368
0.130737
0.077970
0.375399
0.293053
0.242536
0.319376
0.563137
0.253594
0.209690
0.138004
0.117629
0.166540
0.201173
0.671905
0.090577
0.422645
0.047550
0.168729
0.268505
0.359755
0.009734
0.236095
0.272297
0.038372
0.296515
0.030924
0.176018
0.345516
0.405927
0.313758
0.006704
0.073269
0.113492
0.439117
0.303737
0.371673
0.302640
0.167901
0.019965
0.374629
0.039756
0.172246
0.561886
0.249521
0.367184
0.301836
0.206929
0.384308
0.105080
0.342916
0.183924
0.034561
0.432513
0.690604
0.114734
0.227554
0.360242
0.158020
0.292054
0.269501
0.038610
0.406829
0.203489
0.014876
0.156608
0.645578
0.185016
0.297422
0.337256
0.424870
0.178946
0.266390
0.453428
0.185811
0.020366
0.611053
0.497332
0.414888
0.276072
0.007482
0.753347
0.088077
0.031280
0.231542
0.104316
0.016550
0.213758
0.275738
0.118792
0.753073
0.097034
0.268566
0.056631
0.116298
0.329624
0.017313
0.252528
0.335029
0.321454
0.410631
0.092697
0.014486
0.098837
0.437775
0.297665
0.102209
0.144831
0.017721
0.013690
0.147701
0.117260
0.043313
0.064425
0.175305
0.152303
0.080478
0.087691
0.455023
0.128553
0.358128
0.066670
0.000451
0.133155
0.167282
0.311034
0.403876
0.037511
0.129582
0.021361
0.438759
0.426184
0.126417
0.436450
0.125176
0.123488
0.027933
0.248254
0.151289
0.023448
0.225019
0.184991
0.306486
0.370939
0.274892
0.041026
0.049601
0.404499
0.050963
0.491497
0.195949
0.342939
0.343962
0.224910
0.119291
0.580469
0.484208
0.193124
0.173537
0.443190
0.024339
0.172153
0.141014
0.342798
0.222245
0.197906
0.022809
0.017389
0.258848
0.481769
0.410288
0.121097
0.173223
0.112241
0.310647
0.477606
0.117881
0.062814
0.342694
0.100095
0.167009
0.036006
0.275068
0.079285
0.346991
0.121962
0.208060
0.130601
0.424498
0.461196
0.392518
0.546898
0.059195
0.031034
0.654210
0.306893
0.151105
0.299739
0.113633
0.357354
0.306026
0.254062
0.116100
0.403598
0.490259
0.183481
0.108212
0.208458
0.398635
0.359653
0.152244
0.224529
0.230096
0.271300
0.108188
0.346659
0.140369
0.178585
0.014028
0.634415
0.178420
0.379921
0.078090
0.383358
0.269791
0.242058
0.061152
0.315569
0.132663
0.200278
0.381679
0.425201
0.018251
0.335958
0.285855
0.184439
0.156532
0.599117
0.435250
0.273128
0.301673
0.109852
0.490173
0.136368
0.040020
0.199428
0.658859
0.402579
0.282394
0.015030
0.223614
0.189550
0.225354
0.443852
0.275774
0.285928
0.158444
0.284478
0.615866
0.524390
0.166927
0.243318
0.388373
0.128813
0.377328
0.530041
0.244321
0.484512
0.001146
0.083385
0.475429
0.155217
0.131043
0.221050
0.370761
0.196209
0.215164
0.429754
0.135125
0.309853
0.478273
0.622037
0.108446
0.361587
0.182591
0.182539
0.158024
0.128738
0.127594
0.088475
0.063448
0.297344
0.139309
0.322587
0.109959
0.229967
0.423030
0.086676
0.304857
0.424839
0.023389
0.474194
0.203189
0.173623
0.121138
0.411423
0.124010
0.206750
0.355396
0.294358
0.424848
0.415401
0.503170
0.100633
0.326062
0.239658
0.058793
0.073525
0.400846
0.251311
0.318959
0.313481
0.341842
0.186528
0.511119
0.493885
0.415602
0.093234
0.006953
0.457261
0.342277
0.008357
0.275905
0.031971
0.166575
0.308597
0.161766
0.406462
0.449112
0.495057
0.077233
0.124963
0.597181
0.376533
0.622024
0.110194
0.334157
0.276247
0.214818
0.025026
0.439519
0.016338
0.325328
0.360028
0.094586
0.217053
0.123068
0.319931
0.296337
0.106211
0.650112
0.323580
0.241533
0.109817
0.011551
0.168409
0.000657
0.022279
0.309516
0.317934
0.056634
0.213157
0.357777
0.294301
0.100736
0.086538
0.401193
0.047181
0.528205
0.432712
0.052872
0.115800
0.340064
0.130704
0.124135
0.668692
0.307028
0.061714
0.383886
0.301784
0.013480
0.296138
0.518447
0.229732
0.271168
0.497713
0.321736
0.338249
0.225483
0.365508
0.208266
0.343699
0.381444
0.019115
0.191183
0.303345
0.118432
0.543806
0.180356
0.412586
0.363694
0.291762
0.169379
0.500005
0.029815
0.166530
0.282282
0.030953
0.482381
0.506647
0.018451
0.415977
0.204764
0.227602
0.278494
0.036525
0.052195
0.272073
0.234830
0.469683
0.254282
0.183971
0.169793
0.085397
0.199272
0.373526
0.042822
0.340276
0.230208
0.720508
0.249451
0.334894
0.198843
0.229282
0.390818
0.091878
0.137610
0.128815
0.222356
0.414256
0.037151
0.476681
0.102318
0.089276
0.375220
0.401918
0.311869
0.110185
0.234948
0.112163
0.379104
0.144212
0.178231
0.518444
0.318291
0.380743
0.346269
0.298349
0.104270
0.020860
0.412688
0.137420
0.101419
0.394322
0.308561
0.221505
0.227384
0.083806
0.107467
0.034722
0.446917
0.036556
0.005468
0.019865
0.109942
0.419491
0.088260
0.326706
0.073013
0.334820
0.081783
0.606472
0.161337
0.208882
0.068476
0.168290
0.226959
0.248303
0.495059
0.269425
0.218819
0.319215
0.017053
0.338699
0.200165
0.282632
0.277486
0.221392
0.415505
0.283871
0.204716
0.363875
0.132040
0.430871
0.121265
0.198693
0.105402
0.116132
0.611981
0.200256
0.306900
0.255281
0.441623
0.124740
0.009851
0.314329
0.314407
0.093786
0.221267
0.169434
0.153049
0.546903
0.050289
0.171663
0.104545
0.270551
0.053775
0.370490
0.477818
0.090836
0.433166
0.221385
0.230799
0.557207
0.042494
0.137681
0.455616
0.050488
0.382743
0.005740
0.060673
0.110415
0.044055
0.208259
0.291380
0.098135
0.008167
0.077641
0.106846
0.415835
0.243986
0.508205
0.299845
0.304652
0.235163
0.441279
0.479486
0.276965
0.124338
0.186701
0.583085
0.088840
0.081570
0.330834
0.072005
0.213442
0.200810
0.539194
0.079041
0.198057
0.240731
0.661239
0.156292
0.229249
0.293258
0.341912
0.558412
0.125958
0.135959
0.394812
0.340969
0.000771
0.186210
0.478779
0.511139
0.430410
0.158552
0.222974
0.054115
0.457279
0.117731
0.115592
0.419085
0.496312
0.397331
0.403384
0.005587
0.402399
0.686699
0.229409
0.179503
0.460757
0.283837
0.297221
0.272734
0.655578
0.094083
0.588887
0.291911
0.149796
0.109304
0.099276
0.191222
0.312864
0.617732
0.010431
0.382318
0.136912
0.103917
0.261612
0.050949
0.398181
0.202169
0.272212
0.063371
0.584370
0.199639
0.372688
0.389263
0.065988
0.078619
0.495655
0.611533
0.069949
0.216885
0.139590
0.579370
0.137935
0.061285
0.344834
0.319173
0.399354
0.058346
0.110241
0.174925
0.423383
0.114180
0.578618
0.401014
0.383358
0.283976
0.091070
0.306387
0.538210
0.138067
0.215364
0.339646
0.010602
0.142918
0.174845
0.245423
0.283437
0.353170
0.016304
0.016851
0.399291
0.022186
0.353622
0.406084
0.395515
0.253132
0.214393
0.443832
0.313492
0.237432
0.121312
0.172252
0.115227
0.445334
0.266367
0.284079
0.180394
0.319575
0.346347
0.494376
0.464491
0.054897
0.352334
0.170404
0.075346
0.357811
0.128058
0.072893
0.338845
0.183078
0.282664
0.011101
0.379524
0.122340
0.204010
0.635965
0.215115
0.070166
0.004376
0.353789
0.397491
0.042455
0.148636
0.093411
0.113572
0.059188
0.121423
0.048036
0.047215
0.253855
0.217902
0.164430
0.273149
0.176574
0.155121
0.297990
0.111558
0.214841
0.121969
0.190676
0.253808
0.344624
0.470620
0.048058
0.279095
0.413417
0.172559
0.203176
0.128139
0.042713
0.335351
0.305386
0.070346
0.590335
0.361821
0.273758
0.253676
0.129517
0.318354
0.153957
0.364033
0.109141
0.495717
0.153409
0.250987
0.290040
0.052064
0.023328
0.358549
0.388419
0.250853
0.405604
0.078693
0.221319
0.466651
0.071146
0.367325
0.107140
0.346966
0.227559
0.095041
0.059468
0.447776
0.009748
0.065598
0.142219
0.094564
0.125129
0.071352
0.027442
0.219229
0.261789
0.468199
0.047618
0.353657
0.325931
0.485581
0.178642
0.374713
0.290720
0.122940
0.079635
0.192918
0.113766
0.071269
0.040606
0.303992
0.298203
0.562220
0.202586
0.093290
0.198103
0.376672
0.067511
0.435710
0.232913
0.154383
0.120559
0.229203
0.276599
0.088610
0.285499
0.020020
0.360407
0.143188
0.565383
0.163197
0.114743
0.572248
0.257450
0.163334
0.316953
0.404770
0.041197
0.548936
0.210798
0.067821
0.108070
0.650074
0.174724
0.120315
0.068383
0.033469
0.209723
0.026916
0.191226
0.024999
0.223714
0.580344
0.191213
0.073767
0.251566
0.586034
0.025861
0.027264
0.120061
0.510783
0.602210
0.084444
0.036590
0.260886
0.003912
0.015154
0.117667
0.227638
0.101831
0.144673
0.165179
0.358228
0.374696
0.374442
0.071308
0.159536
0.096253
0.007007
0.051260
0.532563
0.134867
0.436236
0.242988
0.254932
0.205992
0.253683
0.419261
0.328488
0.341636
0.052231
0.221920
0.584489
0.067837
0.322793
0.090902
0.059455
0.043847
0.106419
0.195339
0.039662
0.235828
0.158795
0.156702
0.218586
0.188355
0.056441
0.009727
0.324789
0.364953
0.025324
0.308704
0.365632
0.529104
0.467015
0.384998
0.084116
0.322685
0.004559
0.674932
0.133741
0.234388
0.344314
0.272494
0.163673
0.024745
0.509577
0.442012
0.083631
0.145575
0.146144
0.304688
0.360469
0.259096
0.007704
0.009166
0.271495
0.461923
0.140499
0.338651
0.429788
0.337855
0.009015
0.018249
0.020977
0.289187
0.059089
0.395183
0.121693
0.172115
0.257176
0.539158
0.328536
0.407215
0.055893
0.005424
0.103787
0.338074
0.424636
0.157200
0.531692
0.307682
0.436259
0.269673
0.200133
0.042482
0.087204
0.120143
0.298385
0.145443
0.229210
0.254286
0.153561
0.335276
0.311968
0.181695
0.145985
0.219924
0.321772
0.026707
0.014971
0.238183
0.231639
0.080449
0.295135
0.245650
0.046006
0.229916
0.084418
0.023237
0.349374
0.345266
0.242340
0.258252
0.043788
0.091576
0.228378
0.373130
0.445688
0.137569
0.074531
0.023865
0.595347
0.122783
0.034813
0.501907
0.130805
0.088957
0.323291
0.186442
0.179512
0.078726
0.432880
0.282926
0.487184
0.108682
0.005518
0.432375
0.060131
0.003958
0.244789
0.055326
0.207329
0.116525
0.365238
0.105827
0.032219
0.127399
0.082006
0.176236
0.344594
0.357445
0.396442
0.311931
0.268196
0.284816
0.244313
0.272273
0.001050
0.290807
0.228638
0.099382
0.449774
0.138800
0.120050
0.158663
0.244669
0.424251
0.109387
0.056607
0.222943
0.168953
0.038475
0.242595
0.015016
0.153533
0.090311
0.117065
0.203975
0.285741
0.189853
0.101386
0.063140
0.134539
0.461436
0.196420
0.153203
0.282254
0.175544
0.132254
0.060704
0.142127
0.189649
0.305328
0.247034
0.501824
0.215421
0.134769
0.152474
0.037842
0.316398
0.490742
0.270674
0.045491
0.448441
0.119236
0.135311
0.474353
0.086344
0.216048
0.403023
0.121087
0.313916
0.390248
0.011786
0.376917
0.018256
0.243728
0.018972
0.079079
0.507094
0.105819
0.054129
0.206821
0.185681
0.265091
0.018216
0.044910
0.272599
0.389216
0.016604
0.034950
0.078747
0.369541
0.197714
0.123234
0.074303
0.209793
0.251733
0.348812
0.337348
0.497967
0.227945
0.230646
0.156597
0.237659
0.070793
0.316733
0.012658
0.054945
0.091049
0.135097
0.404594
0.493291
0.356883
0.324060
0.224081
0.330370
0.268164
0.331108
0.226052
0.121250
0.454762
0.286080
0.524342
0.023122
0.241272
0.128186
0.514634
0.268391
0.028238
0.122186
0.046461
0.146673
0.268299
0.013373
0.054364
0.039158
0.312403
0.430904
0.032139
0.511717
0.131342
0.555346
0.321380
0.320017
0.029726
0.298574
0.165970
0.600191
0.148521
0.477368
0.203503
0.333042
0.205621
0.107921
0.386411
0.226426
0.014153
0.163829
0.077760
0.488202
0.211183
0.290103
0.271141
0.165267
0.307942
0.187533
0.232965
0.280790
0.187282
0.069753
0.376012
0.163794
0.253204
0.012581
0.218445
0.387481
0.064855
0.518932
0.218904
0.586795
0.101587
0.314970
0.207058
0.304102
0.069788
0.322690
0.238695
0.254427
0.283257
0.347248
0.142363
0.116454
0.059637
0.073319
0.058871
0.422491
0.348877
0.574185
0.201745
0.227477
0.469796
0.437151
0.033382
0.328763
0.188481
0.015408
0.689671
0.041893
0.129531
0.426682
0.017327
0.219220
0.060630
0.304490
0.059128
0.497636
0.112104
0.234244
0.075632
0.243498
0.140946
0.351950
0.143880
0.340340
0.477400
0.061643
0.105089
0.336328
0.465459
0.385931
0.068178
0.096518
0.163736
0.348093
0.292195
0.396456
0.218072
0.454127
0.187515
0.525341
0.190146
0.444338
0.097426
0.121636
0.432259
0.104045
0.066882
0.471741
0.086922
0.229777
0.192081
0.337124
0.196055
0.253810
0.064416
0.667996
0.392711
0.536353
0.315987
0.274079
0.080974
0.362231
0.099746
0.563841
0.110250
0.288564
0.068146
0.097053
0.113692
0.261723
0.373020
0.143928
0.222132
0.276038
0.273744
0.081882
0.203473
0.478705
0.447887
0.370858
0.133754
0.297923
0.086105
0.014647
0.072334
0.204848
0.131967
0.527238
0.220661
0.245638
0.092644
0.461169
0.661478
0.064652
0.363422
0.035045
0.187271
0.277513
0.454510
0.205062
0.341458
0.138848
0.014905
0.274761
0.441534
0.198177
0.247119
0.036875
0.479028
0.086522
0.164705
0.009876
0.176488
0.088515
0.335042
0.052427
0.272271
0.427182
0.558984
0.132860
0.193825
0.163456
0.402551
0.112880
0.471974
0.124046
0.473878
0.141222
0.047562
0.105673
0.201100
0.107397
0.143241
0.008577
0.276817
0.573843
0.332559
0.219997
0.288057
0.250999
0.196128
0.105053
0.617848
0.107301
0.163509
0.037120
0.155668
0.723880
0.071374
0.163206
0.152199
0.604293
0.096965
0.262303
0.049472
0.336947
0.183736
0.348582
0.138728
0.349484
0.433182
0.495677
0.360814
0.166830
0.159703
0.498751
0.206087
0.299217
0.598146
0.052223
0.103546
0.489311
0.033094
0.283164
0.444095
0.012623
0.137482
0.172109
0.273602
0.144913
0.364265
0.125808
0.150608
0.101682
0.098350
0.124525
0.315677
0.271611
0.416706
0.002514
0.188631
0.417551
0.358936
0.115871
0.087363
0.358154
0.149010
0.324912
0.241983
0.004619
0.225932
0.156456
0.246345
0.339726
0.254643
0.154333
0.048382
0.269100
0.225700
0.074872
0.325302
0.016834
0.015433
0.333511
0.539139
0.000975
0.079169
0.376864
0.453978
0.198901
0.098962
0.002429
0.415726
0.004663
0.300743
0.259190
0.020083
0.058766
0.014130
0.336462
0.018988
0.280002
0.122018
0.230726
0.403648
0.267399
0.173313
0.437547
0.180992
0.122406
0.084536
0.197740
0.204619
0.275630
0.009842
0.110968
0.259286
0.241631
0.213114
0.208863
0.611106
0.412658
0.098553
0.060083
0.272252
0.037072
0.077581
0.764972
0.106218
0.317149
0.194936
0.210728
0.088887
0.048515
0.191466
0.192378
0.187710
0.083076
0.325208
0.142281
0.546297
0.262885
0.372982
0.360615
0.351465
0.453871
0.178108
0.223529
0.450469
0.312637
0.741495
0.227379
0.454818
0.098645
0.196592
0.425494
0.065812
0.226211
0.094215
0.159924
0.409412
0.522549
0.064161
0.345781
0.471256
0.377924
0.553463
0.032045
0.419643
0.077645
0.312903
0.590693
0.266344
0.097996
0.346922
0.084615
0.071362
0.723833
0.411699
0.485829
0.523443
0.206013
0.345643
0.292950
0.571938
0.089312
0.637748
0.375600
0.044332
0.362489
0.297226
0.306420
0.162637
0.211638
0.578949
0.194495
0.257794
0.241626
0.083310
0.558477
0.278453
0.119515
0.289174
0.474711
0.055426
0.173093
0.366464
0.427770
0.022552
0.347648
0.528072
0.014184
0.525383
0.335672
0.103227
0.130542
0.504305
0.287110
0.003546
0.279193
0.096113
0.094221
0.096459
0.395750
0.188131
0.157415
0.050808
0.243077
0.232233
0.076375
0.145707
0.071726
0.190374
0.447430
0.358627
0.443800
0.023192
0.022783
0.295236
0.302095
0.486161
0.222404
0.336276
0.204573
0.358641
0.013422
0.282463
0.289260
0.143143
0.039490
0.030449
0.224780
0.406084
0.566227
0.275776
0.269980
0.534481
0.013808
0.043798
0.058651
0.087085
0.058084
0.101109
0.440109
0.124507
0.018721
0.235027
0.230035
0.063055
0.287383
0.555063
0.144314
0.001453
0.197368
0.127779
0.173768
0.194689
0.055230
0.364250
0.157398
0.099614
0.343064
0.121056
0.090307
0.034520
0.379316
0.265174
0.068473
0.470130
0.324214
0.213817
0.393716
0.213563
0.465552
0.389223
0.223118
0.042673
0.105338
0.083368
0.050349
0.554948
0.164075
0.262773
0.608330
0.410786
0.421995
0.176252
0.315597
0.066412
0.285580
0.337677
0.211945
0.384842
0.398712
0.188484
0.573102
0.402724
0.350030
0.000839
0.308182
0.265009
0.382627
0.460061
0.092636
0.094481
0.283087
0.085449
0.118095
0.220510
0.097184
0.172121
0.033406
0.011035
0.438281
0.361358
0.100676
0.596325
0.092491
0.190340
0.209254
0.141072
0.265963
0.311134
0.201518
0.063334
0.089541
0.345780
0.179038
0.653557
0.202164
0.226534
0.061546
0.563346
0.007701
0.450845
0.414103
0.235448
0.006604
0.269363
0.399423
0.474672
0.345657
0.146651
0.084028
0.334048
0.068234
0.122795
0.302830
0.352917
0.087245
0.177206
0.091771
0.052637
0.132724
0.181988
0.127481
0.146520
0.400943
0.177869
0.191046
0.314927
0.063389
0.103551
0.420202
0.132049
0.028826
0.171175
0.225900
0.233704
0.209226
0.404316
0.097361
0.070314
0.111067
0.391078
0.113526
0.029095
0.304194
0.112368
0.245695
0.264319
0.527624
0.046569
0.199858
0.196747
0.424717
0.301851
0.414747
0.207142
0.552637
0.188151
0.224724
0.299290
0.073457
0.352491
0.411811
0.562353
0.249044
0.043265
0.039534
0.242690
0.091089
0.133707
0.274004
0.027828
0.393727
0.046644
0.510897
0.048527
0.539060
0.017936
0.186678
0.340174
0.617893
0.417827
0.168629
0.131973
0.068540
0.329499
0.334534
0.449557
0.087765
0.056805
0.362062
0.617255
0.081888
0.268796
0.546701
0.364612
0.039454
0.338192
0.119989
0.536464
0.309707
0.304220
0.276383
0.385880
0.116487
0.141731
0.555059
0.523668
0.210651
0.154148
0.291481
0.383213
0.491704
0.329617
0.244436
0.518282
0.351539
0.524741
0.362030
0.463902
0.009874
0.364131
0.166007
0.333024
0.080221
0.165904
0.319070
0.120783
0.159313
0.263390
0.454078
0.006963
0.337288
0.114066
0.193362
0.086776
0.102247
0.248339
0.213410
0.150363
0.492162
0.242974
0.007014
0.440023
0.286375
0.035870
0.007493
0.226345
0.110342
0.473209
0.223766
0.252136
0.020072
0.654542
0.214425
0.212608
0.007910
0.370427
0.265593
0.306485
0.264482
0.048100
0.152113
0.021784
0.219755
0.367760
0.370751
0.152537
0.425326
0.400136
0.141877
0.376058
0.274501
0.011284
0.089401
0.121656
0.352334
0.335952
0.350936
0.508630
0.153773
0.068545
0.122862
0.347073
0.263536
0.192189
0.130726
0.027838
0.087947
0.253710
0.290476
0.480898
0.046924
0.293816
0.350583
0.121207
0.110310
0.465796
0.090948
0.650914
0.156045
0.289179
0.320954
0.240028
0.126914
0.260396
0.018666
0.179323
0.163831
0.619225
0.228764
0.253944
0.031253
0.214068
0.369912
0.529209
0.179388
0.277616
0.041635
0.180720
0.028716
0.343227
0.491385
0.235832
0.398305
0.012674
0.009038
0.067129
0.219068
0.007053
0.362814
0.089409
0.117009
0.255228
0.146939
0.144805
0.119817
0.052629
0.396259
0.313360
0.311533
0.297103
0.176596
0.619012
0.140150
0.608346
0.326378
0.529327
0.075470
0.121599
0.128455
0.138084
0.319573
0.115460
0.305080
0.040146
0.334753
0.046912
0.241972
0.224132
0.062378
0.094307
0.309495
0.271002
0.156385
0.173087
0.016928
0.415956
0.418029
0.177007
0.181250
0.216604
0.343016
0.152072
0.444761
0.260427
0.276995
0.032412
0.191087
0.044606
0.550478
0.589075
0.491558
0.111443
0.342991
0.146171
0.089560
0.289893
0.173305
0.177259
0.440177
0.645726
0.001961
0.412026
0.255029
0.029624
0.222016
0.274534
0.363873
0.124004
0.338335
0.210028
0.182690
0.193724
0.557838
0.086138
0.082787
0.186347
0.332360
0.268313
0.081594
0.066183
0.359621
0.279416
0.011098
0.206424
0.138983
0.287594
0.484986
0.188593
0.438915
0.316584
0.014523
0.113106
0.526291
0.177642
0.258553
0.277089
0.058960
0.324977
0.438972
0.050052
0.610435
0.039706
0.391420
0.240294
0.075263
0.349746
0.503465
0.042864
0.089394
0.333415
0.011683
0.292231
0.220571
0.232452
0.115339
0.236343
0.286206
0.076507
0.478411
0.208396
0.185623
0.571790
0.315986
0.049611
0.187272
0.039377
0.114113
0.004447
0.397010
0.370450
0.292298
0.194309
0.392821
0.577498
0.164552
0.124946
0.306302
0.263703
0.125452
0.218328
0.378394
0.064019
0.420864
0.016389
0.342737
0.063568
0.073639
0.073943
0.030119
0.058206
0.294166
0.508520
0.453213
0.288680
0.095580
0.051121
0.525949
0.082802
0.119161
0.031523
0.119794
0.123428
0.085838
0.036187
0.154821
0.202378
0.011208
0.116498
0.100082
0.207486
0.428628
0.017769
0.341936
0.080048
0.095309
0.009487
0.102391
0.562030
0.314486
0.164479
0.411766
0.113939
0.258841
0.335858
0.086780
0.397889
0.277119
0.134356
0.052764
0.519401
0.033322
0.101188
0.224830
0.171528
0.460041
0.134776
0.242866
0.185073
0.266364
0.308921
0.039364
0.515782
0.192633
0.142866
0.124082
0.523837
0.220368
0.310491
0.114927
0.040916
0.314650
0.393498
0.142368
0.288595
0.198434
0.507132
0.286138
0.155471
0.118622
0.165801
0.241432
0.320461
0.168390
0.128429
0.030090
0.196681
0.248846
0.444591
0.368259
0.063767
0.310935
0.019253
0.142831
0.064483
0.360169
0.256233
0.308591
0.215143
0.039161
0.011849
0.766221
0.403738
0.208976
0.111063
0.108518
0.044658
0.605984
0.420216
0.243403
0.001461
0.101048
0.587026
0.237522
0.227293
0.017247
0.434588
0.344233
0.083175
0.165461
0.149478
0.285261
0.362144
0.155391
0.499238
0.438747
0.350025
0.116127
0.203113
0.100659
0.358087
0.151388
0.525019
0.314498
0.098996
0.314711
0.588683
0.570932
0.195953
0.369368
0.239718
0.290676
0.446869
0.366904
0.139671
0.069631
0.039086
0.042132
0.074294
0.127597
0.549385
0.288671
0.094173
0.014386
0.365716
0.598818
0.036312
0.117344
0.355785
0.664016
0.134344
0.405212
0.185365
0.378994
0.207232
0.339769
0.401955
0.053114
0.111938
0.186365
0.335497
0.734095
0.140014
0.235269
0.205734
0.301115
0.263592
0.298969
0.498068
0.015177
0.295272
0.041888
0.157971
0.407821
0.199625
0.129539
0.209871
0.493186
0.203998
0.364390
0.320181
0.145475
0.262683
0.432851
0.417338
0.317172
0.354348
0.041532
0.448762
0.016402
0.159973
0.220900
0.065319
0.315781
0.372397
0.298674
0.435643
0.259300
0.101893
0.410483
0.002411
0.405196
0.285755
0.224716
0.511447
0.356902
0.296523
0.035271
0.427482
0.170401
0.515979
0.555271
0.141762
0.478848
0.284700
0.363519
0.115464
0.183563
0.318595
0.172727
0.311212
0.102137
0.241238
0.201594
0.099672
0.529434
0.234559
0.643830
0.580623
0.113856
0.125325
0.080317
0.177821
0.222756
0.176290
0.159914
0.002424
0.191260
0.116876
0.258104
0.540249
0.493764
0.414766
0.160426
0.153402
0.223429
0.225653
0.470629
0.098032
0.350647
0.214926
0.226519
0.252187
0.331411
0.022640
0.203777
0.132835
0.185684
0.270587
0.203459
0.268278
0.350706
0.003666
0.508776
0.605606
0.238440
0.465551
0.043342
0.327781
0.169830
0.115439
0.051132
0.225253
0.135252
0.015000
0.001777
0.115647
0.042697
0.215451
0.154442
0.055185
0.310758
0.350078
0.172984
0.046519
0.376909
0.163692
0.145422
0.500382
0.281132
0.147113
0.378085
0.010936
0.084408
0.286336
0.357593
0.108513
0.234762
0.356857
0.032872
0.193170
0.459371
0.350757
0.012986
0.449127
0.437372
0.122128
0.066867
0.235947
0.070990
0.375987
0.239234
0.415481
0.280259
0.021340
0.227875
0.077301
0.319197
0.224273
0.061592
0.184604
0.520148
0.624496
0.036551
0.316589
0.435097
0.391570
0.206113
0.116089
0.288887
0.019882
0.045803
0.569759
0.262907
0.019577
0.132548
0.123252
0.013266
0.226912
0.253274
0.186853
0.049316
0.518523
0.167116
0.300235
0.143438
0.210180
0.437466
0.108023
0.047701
0.273902
0.232891
0.712863
0.005769
0.450831
0.121636
0.282284
0.165969
0.468154
0.266448
0.039254
0.223082
0.329246
0.229508
0.115450
0.082958
0.579927
0.570234
0.103620
0.135425
0.559697
0.297839
0.006003
0.433936
0.335281
0.316855
0.336938
0.316599
0.042768
0.223105
0.065922
0.101926
0.110769
0.336288
0.120250
0.191459
0.016979
0.096636
0.387374
0.007341
0.037665
0.139690
0.237375
0.079486
0.501994
0.000376
0.267454
0.180012
0.248738
0.381236
0.350027
0.307818
0.308293
0.212344
0.171464
0.128148
0.502721
0.154540
0.376902
0.085532
0.163815
0.230473
0.465135
0.344692
0.102611
0.276788
0.367806
0.164101
0.429765
0.032571
0.236257
0.483630
0.225674
0.222156
0.120696
0.367313
0.075247
0.033916
0.021286
0.291014
0.074943
0.205033
0.180673
0.055715
0.420595
0.106545
0.384786
0.169238
0.204694
0.158616
0.720861
0.491190
0.226471
0.269525
0.550449
0.234990
0.645135
0.116390
0.315878
0.318091
0.190959
0.319394
0.001082
0.037294
0.001172
0.101535
0.000428
0.374407
0.157038
0.104463
0.082632
0.127844
0.446644
0.201080
0.275982
0.284566
0.531658
0.009034
0.556540
0.159898
0.064218
0.205968
0.155351
0.531517
0.211352
0.216970
0.154233
0.387672
0.362372
0.273150
0.506441
0.081154
0.041952
0.023736
0.426521
0.183616
0.477949
0.192884
0.366405
0.353882
0.388986
0.010600
0.193072
0.349942
0.298248
0.187604
0.629180
0.504682
0.360348
0.070792
0.101054
0.039082
0.371965
0.036745
0.454638
0.522284
0.562295
0.392450
0.349470
0.026625
0.409901
0.775151
0.219919
0.332354
0.319573
0.325464
0.157219
0.112298
0.507185
0.156562
0.340847
0.054587
0.148227
0.350200
0.445248
0.362889
0.125755
0.153926
0.066602
0.208062
0.316847
0.214041
0.328519
0.083959
0.392412
0.007866
0.279550
0.063022
0.551557
0.151717
0.510219
0.232468
0.048910
0.183442
0.336569
0.427237
0.037872
0.311046
0.316783
0.318329
0.061595
0.067929
0.461241
0.407596
0.390537
0.065850
0.028318
0.162900
0.366605
0.098607
0.382677
0.425508
0.083011
0.244757
0.008306
0.410611
0.277174
0.076220
0.210643
0.144084
0.289729
0.255881
0.093063
0.102317
0.431291
0.338349
0.148003
0.205891
0.063910
0.057472
0.546458
0.400403
0.023415
0.266266
0.221163
0.413473
0.110566
0.406084
0.210158
0.212642
0.488887
0.466924
0.448458
0.216784
0.026995
0.367066
0.324549
0.256874
0.329126
0.147888
0.185680
0.049785
0.093569
0.256233
0.309415
0.148106
0.287848
0.163344
0.043607
0.039440
0.325841
0.016140
0.149107
0.367335
0.201020
0.106301
0.100071
0.280684
0.161107
0.317015
0.478105
0.037464
0.276944
0.081496
0.149372
0.167289
0.345353
0.441764
0.246893
0.120176
0.018107
0.271742
0.364588
0.111086
0.097908
0.061879
0.124091
0.275721
0.322770
0.495927
0.420118
0.106922
0.447568
0.256783
0.239424
0.101218
0.173159
0.107459
0.319038
0.130286
0.290537
0.381364
0.493876
0.289233
0.411963
0.071527
0.050652
0.337929
0.371793
0.064327
0.468424
0.208686
0.157377
0.285462
0.090562
0.213106
0.328526
0.250074
0.077338
0.368804
0.053860
0.196463
0.199189
0.253929
0.350191
0.115079
0.248173
0.354119
0.003930
0.048210
0.336816
0.063148
0.075398
0.326642
0.216143
0.009601
0.021141
0.107786
0.407268
0.152218
0.080233
0.102684
0.538348
0.162723
0.363597
0.276610
0.246003
0.012906
0.210140
0.217981
0.064666
0.126244
0.018627
0.100887
0.278084
0.473270
0.389698
0.196985
0.075587
0.315526
0.582135
0.153265
0.172004
0.341298
0.103184
0.277998
0.300332
0.158641
0.033960
0.005051
0.085886
0.414452
0.092173
0.398433
0.079399
0.013608
0.696026
0.307257
0.088638
0.139762
0.124659
0.224650
0.490000
0.291567
0.065324
0.194771
0.398536
0.053986
0.182585
0.126489
0.067297
0.500370
0.256373
0.254053
0.012963
0.245522
0.453764
0.260574
0.138582
0.040790
0.366348
0.052050
0.124963
0.089823
0.630266
0.703288
0.309578
0.224778
0.279338
0.072987
0.057514
0.102044
0.207912
0.208894
0.449370
0.019234
0.301810
0.290734
0.297348
0.064711
0.044511
0.004629
0.030008
0.149771
0.342382
0.249557
0.172555
0.075835
0.423555
0.122848
0.012320
0.259496
0.386532
0.227343
0.367021
0.414282
0.754242
0.379479
0.208568
0.188427
0.372069
0.031206
0.024737
0.143775
0.080321
0.000097
0.297832
0.173523
0.502674
0.225793
0.125644
0.132096
0.385028
0.357133
0.213645
0.111545
0.570590
0.218511
0.420609
0.457560
0.214900
0.311313
0.166746
0.438831
0.081271
0.092625
0.221865
0.269769
0.119609
0.062441
0.475497
0.430934
0.114836
0.366880
0.110851
0.330162
0.510774
0.409166
0.138198
0.066696
0.022438
0.409702
0.030064
0.144261
0.599939
0.012307
0.083507
0.049017
0.093682
0.364255
0.156613
0.509924
0.366535
0.045439
0.407461
0.527031
0.001598
0.304640
0.131814
0.132337
0.373258
0.119472
0.434851
0.226776
0.266261
0.336621
0.224926
0.015746
0.033522
0.126381
0.226519
0.162901
0.213400
0.148659
0.057260
0.236317
0.416825
0.266460
0.350866
0.268067
0.101199
0.291769
0.071418
0.047707
0.050656
0.147904
0.533259
0.030494
0.432056
0.105471
0.053311
0.299144
0.270121
0.153194
0.314367
0.432547
0.072147
0.216078
0.077200
0.007678
0.276056
0.355071
0.130682
0.231368
0.026205
0.111304
0.413433
0.090702
0.097978
0.229187
0.035137
0.312349
0.471360
0.358656
0.270165
0.218163
0.401849
0.105612
0.331103
0.133895
0.132754
0.537457
0.215976
0.163505
0.238923
0.113602
0.130792
0.075970
0.118770
0.077386
0.052851
0.019030
0.049291
0.078571
0.275897
0.221615
0.376413
0.489442
0.382845
0.101533
0.064894
0.458132
0.115904
0.183070
0.269728
0.249441
0.129713
0.090030
0.028526
0.103092
0.056353
0.489295
0.086040
0.181897
0.525757
0.248877
0.187423
0.212746
0.145556
0.085586
0.054354
0.187680
0.280152
0.033296
0.068402
0.125988
0.086057
0.067589
0.277300
0.187351
0.260917
0.137531
0.278978
0.071380
0.205794
0.366355
0.235816
0.446800
0.096966
0.254014
0.395668
0.332124
0.035952
0.083241
0.144070
0.262925
0.308686
0.178905
0.433547
0.197308
0.197428
0.284909
0.222299
0.183295
0.036255
0.087256
0.190759
0.260188
0.088736
0.509630
0.026836
0.435589
0.064753
0.378362
0.473120
0.288907
0.180865
0.138581
0.125954
0.014860
0.149916
0.070137
0.181567
0.488104
0.127391
0.374911
0.081352
0.225035
0.490277
0.130932
0.044108
0.412100
0.026625
0.340605
0.456249
0.475260
0.010925
0.403553
0.192544
0.063076
0.029246
0.031584
0.310151
0.169877
0.225477
0.112012
0.429050
0.331758
0.255621
0.053993
0.115676
0.232044
0.424367
0.283679
0.173223
0.191902
0.528438
0.202593
0.313178
0.197995
0.377170
0.272573
0.342400
0.300915
0.185703
0.047060
0.123676
0.010481
0.196269
0.110038
0.040557
0.162893
0.467325
0.431476
0.276757
0.263678
0.097876
0.273612
0.178654
0.420050
0.127342
0.300480
0.188161
0.718402
0.033613
0.528666
0.317643
0.179144
0.234483
0.063663
0.330258
0.492771
0.111179
0.410960
0.214959
0.487226
0.165511
0.270404
0.206535
0.305844
0.130352
0.330002
0.197706
0.359506
0.283861
0.199382
0.366997
0.043436
0.210477
0.107905
0.435039
0.364942
0.148063
0.493387
0.492538
0.614161
0.036472
0.072020
0.215176
0.173789
0.119544
0.150720
0.357409
0.384916
0.305957
0.207441
0.594674
0.410428
0.051810
0.158182
0.068171
0.391223
0.224186
0.614281
0.071260
0.295351
0.447939
0.277374
0.325839
0.196801
0.235147
0.204267
0.417482
0.134273
0.469732
0.478809
0.163813
0.008559
0.205870
0.234364
0.056165
0.466644
0.065311
0.562542
0.167534
0.526850
0.177374
0.458315
0.049897
0.314752
0.267439
0.110815
0.091161
0.113586
0.358678
0.220312
0.283651
0.124148
0.034342
0.591256
0.104811
0.409259
0.157281
0.551054
0.152636
0.474118
0.368643
0.282316
0.120562
0.073493
0.164498
0.324356
0.246960
0.536639
0.044980
0.001886
0.150857
0.222163
0.340978
0.442726
0.051062
0.371261
0.225651
0.540833
0.079669
0.410668
0.372479
0.483819
0.379946
0.327394
0.070045
0.588035
0.162805
0.190525
0.097751
0.314317
0.297932
0.157012
0.292002
0.223655
0.303740
0.052634
0.206905
0.404368
0.379453
0.255724
0.143778
0.282398
0.262530
0.215876
0.078473
0.177156
0.022343
0.264376
0.226780
0.204843
0.121528
0.202533
0.394434
0.151899
0.410718
0.042634
0.175168
0.023050
0.396854
0.182633
0.650072
0.080196
0.100062
0.264525
0.491030
0.060010
0.271807
0.117817
0.411855
0.139841
0.057602
0.093509
0.240094
0.136310
0.260152
0.047488
0.454566
0.100294
0.451941
0.137345
0.004224
0.152627
0.340373
0.402579
0.348531
0.197824
0.402948
0.016147
0.313531
0.042269
0.141717
0.075254
0.172342
0.159378
0.216754
0.417256
0.269357
0.122455
0.238808
0.012814
0.298906
0.350402
0.503518
0.034975
0.437731
0.158454
0.023709
0.721859
0.132403
0.026688
0.258264
0.461903
0.246473
0.496226
0.103705
0.079621
0.295206
0.462039
0.032431
0.269381
0.307860
0.337724
0.479131
0.043240
0.094503
0.315812
0.215579
0.454998
0.477525
0.223696
0.062083
0.580218
0.223395
0.358177
0.380321
0.006448
0.300721
0.289250
0.085629
0.273817
0.094829
0.081864
0.416802
0.113549
0.029531
0.341526
0.596286
0.424563
0.482913
0.146188
0.202785
0.187391
0.536441
0.212815
0.279622
0.175115
0.441164
0.247800
0.364824
0.395377
0.299794
0.242621
0.379321
0.281777
0.293969
0.016670
0.045019
0.052304
0.199067
0.087843
0.596941
0.166794
0.187047
0.513800
0.324032
0.267925
0.470808
0.428373
0.722188
0.081245
0.255655
0.205965
0.274971
0.076173
0.420964
0.231265
0.251160
0.143664
0.053987
0.581141
0.202771
0.462555
0.077863
0.486144
0.205342
0.036687
0.165185
0.437960
0.322481
0.088300
0.275620
0.485940
0.260133
0.116190
0.056532
0.283187
0.258219
0.023754
0.109703
0.035921
0.388388
0.182505
0.267619
0.182575
0.051642
0.013908
0.013212
0.486872
0.045978
0.372129
0.216131
0.076435
0.126656
0.061532
0.172751
0.157599
0.174858
0.193399
0.284131
0.108208
0.459027
0.248291
0.476083
0.245517
0.369028
0.319794
0.018414
0.351742
0.439809
0.260322
0.225840
0.077102
0.216046
0.222930
0.296276
0.453083
0.082017
0.240384
0.074727
0.053042
0.084637
0.565335
0.043328
0.560564
0.310961
0.580053
0.268408
0.004268
0.392978
0.148528
0.271524
0.348828
0.403102
0.010819
0.308030
0.255343
0.065685
0.608263
0.050194
0.326134
0.392552
0.227371
0.166894
0.117437
0.433916
0.054395
0.585894
0.221824
0.079955
0.148703
0.106929
0.229008
0.070436
0.101583
0.470638
0.201642
0.090517
0.073639
0.340734
0.794920
0.415569
0.076473
0.033703
0.375695
0.132947
0.208810
0.296650
0.469493
0.279934
0.124994
0.472591
0.142559
0.287895
0.115530
0.351623
0.204745
0.309418
0.286127
0.124926
0.020287
0.186902
0.239604
0.016013
0.357036
0.037636
0.133541
0.075481
0.132757
0.181909
0.063134
0.179970
0.184158
0.273143
0.257866
0.517737
0.256197
0.068078
0.019562
0.387818
0.049788
0.364760
0.236332
0.438062
0.219895
0.474122
0.044474
0.289658
0.084478
0.373727
0.158079
0.038908
0.256535
0.095175
0.503633
0.406054
0.588293
0.598179
0.055924
0.079763
0.001274
0.129162
0.227593
0.296638
0.425870
0.196988
0.333091
0.357483
0.380756
0.013116
0.180485
0.454612
0.019501
0.029534
0.146845
0.066128
0.179083
0.150583
0.106203
0.008074
0.116342
0.175263
0.060446
0.323736
0.045252
0.249582
0.340184
0.089821
0.205757
0.463938
0.296828
0.023592
0.309634
0.296256
0.350953
0.165662
0.142371
0.030724
0.299624
0.203492
0.181227
0.533063
0.044028
0.283317
0.384311
0.290372
0.269375
0.023596
0.327922
0.077241
0.097556
0.082049
0.340061
0.542341
0.392966
0.373348
0.459080
0.259453
0.329574
0.015947
0.088742
0.158024
0.475819
0.475938
0.009109
0.164722
0.149476
0.121215
0.089101
0.068298
0.113220
0.175192
0.305664
0.028489
0.324385
0.254024
0.052169
0.122849
0.467172
0.322251
0.340102
0.207446
0.384299
0.430990
0.139376
0.188465
0.211010
0.475975
0.110406
0.414595
0.121543
0.146638
0.331995
0.429529
0.241002
0.374153
0.271712
0.412093
0.158075
0.417431
0.332960
0.274296
0.216778
0.003602
0.140801
0.440649
0.107645
0.017897
0.277462
0.355513
0.199099
0.071477
0.072116
0.140023
0.154336
0.384271
0.277492
0.146083
0.011874
0.036045
0.415842
0.344410
0.158916
0.314115
0.548944
0.348667
0.016792
0.274457
0.292196
0.293942
0.411074
0.355428
0.026019
0.267371
0.062458
0.442060
0.065239
0.164201
0.547780
0.243849
0.333738
0.416724
0.412789
0.038344
0.399004
0.043790
0.308133
0.379386
0.346747
0.188037
0.410381
0.419081
0.190163
0.103819
0.105457
0.156382
0.105272
0.326322
0.242862
0.347942
0.100548
0.276933
0.071650
0.254703
0.215082
0.180233
0.300065
0.227863
0.365379
0.186447
0.349811
0.227891
0.057583
0.140628
0.491476
0.393519
0.064859
0.211118
0.069096
0.056479
0.446295
0.438702
0.068031
0.071496
0.423380
0.267319
0.331924
0.184860
0.448053
0.349782
0.220517
0.220458
0.075748
0.514769
0.145017
0.397791
0.416021
0.408767
0.206419
0.149812
0.311195
0.251461
0.014519
0.184689
0.014341
0.373021
0.514699
0.310618
0.024469
0.381341
0.414151
0.313389
0.320668
0.366907
0.150483
0.288410
0.065624
0.466993
0.226982
0.128622
0.562545
0.106167
0.331022
0.250881
0.442025
0.109354
0.169742
0.034641
0.084870
0.115403
0.370437
0.379205
0.318594
0.355739
0.509241
0.073920
0.074136
0.326087
0.351560
0.115289
0.111284
0.344069
0.286699
0.170783
0.319543
0.110991
0.121987
0.270572
0.204847
0.405654
0.094656
0.263942
0.237081
0.181310
0.308262
0.190580
0.047113
0.097144
0.138925
0.444970
0.460031
0.144116
0.617885
0.121472
0.442564
0.532552
0.215648
0.306762
0.296728
0.382829
0.178223
0.133556
0.291518
0.167412
0.014939
0.303566
0.265031
0.348501
0.568183
0.177116
0.021237
0.010753
0.249155
0.066410
0.316562
0.473489
0.178718
0.370687
0.366565
0.053922
0.066920
0.500560
0.074521
0.444920
0.066050
0.038146
0.515696
0.201503
0.422176
0.050915
0.148841
0.058349
0.094076
0.424822
0.262535
0.167413
0.044007
0.061411
0.400266
0.581330
0.007157
0.203960
0.208744
0.034580
0.135299
0.216599
0.037856
0.156891
0.612225
0.182705
0.001058
0.057908
0.213528
0.018662
0.424006
0.057006
0.010119
0.008507
0.160792
0.318910
0.044299
0.003812
0.418895
0.150606
0.048784
0.197958
0.130889
0.582556
0.231086
0.435688
0.120986
0.603588
0.177547
0.028954
0.192551
0.252000
0.175281
0.245370
0.066242
0.025890
0.256186
0.032953
0.186287
0.265220
0.102519
0.363157
0.389659
0.217407
0.117007
0.194225
0.002160
0.460737
0.204157
0.014815
0.183747
0.089310
0.309468
0.391490
0.162389
0.299909
0.082036
0.168288
0.191902
0.025186
0.066080
0.440213
0.417121
0.168181
0.347809
0.080590
0.160330
0.182127
0.034027
0.163920
0.300260
0.632937
0.050925
0.489424
0.383067
0.149586
0.180208
0.321650
0.042293
0.020233
0.185955
0.379706
0.197041
0.126916
0.345056
0.199533
0.081404
0.046913
0.514364
0.228734
0.187728
0.056482
0.271034
0.112247
0.113801
0.381426
0.147097
0.268476
0.420595
0.131452
0.453283
0.312002
0.001530
0.347963
0.435438
0.156288
0.404665
0.028192
0.068618
0.311429
0.405758
0.024812
0.496206
0.037687
0.378424
0.242133
0.159223
0.039095
0.226248
0.099137
0.287183
0.354095
0.079875
0.275879
0.233926
0.405386
0.242782
0.220555
0.508078
0.001000
0.134639
0.316406
0.050742
0.392073
0.045933
0.054385
0.220461
0.429847
0.237708
0.025897
0.039937
0.099563
0.293609
0.043869
0.624731
0.218048
0.216508
0.248205
0.261760
0.225932
0.252838
0.137383
0.442039
0.023928
0.036579
0.083880
0.218769
0.013191
0.311974
0.001620
0.090113
0.065131
0.162976
0.624192
0.434410
0.400034
0.111587
0.215066
0.450135
0.044486
0.121491
0.014612
0.047328
0.284192
0.252804
0.310934
0.215697
0.257989
0.157578
0.156422
0.055969
0.364555
0.142218
0.197792
0.104330
0.100728
0.069004
0.064147
0.242584
0.461797
0.170920
0.331227
0.663228
0.072082
0.084085
0.063622
0.120180
0.317916
0.448181
0.430947
0.404379
0.525940
0.075725
0.385870
0.123619
0.441816
0.335334
0.007053
0.222885
0.537719
0.456643
0.212905
0.020057
0.373365
0.353297
0.099564
0.146033
0.505651
0.318356
0.060317
0.219722
0.011370
0.245083
0.343507
0.432361
0.340527
0.322754
0.454272
0.085546
0.157673
0.045269
0.256334
0.313575
0.202905
0.068410
0.102951
0.017232
0.295028
0.089116
0.284776
0.374642
0.289707
0.215676
0.181467
0.138647
0.011314
0.117569
0.380801
0.309907
0.179856
0.109012
0.138329
0.639290
0.082856
0.008747
0.146059
0.224172
0.013632
0.145056
0.240948
0.303804
0.259077
0.012699
0.676578
0.182408
0.234858
0.061601
0.357664
0.225304
0.078369
0.349904
0.140189
0.159070
0.217363
0.048561
0.630114
0.486744
0.268669
0.274096
0.227749
0.514094
0.405225
0.138415
0.206779
0.307625
0.084129
0.350496
0.690142
0.521155
0.132642
0.499853
0.179242
0.376388
0.463203
0.429163
0.159215
0.019550
0.105425
0.022351
0.068492
0.232658
0.321648
0.133858
0.043624
0.244234
0.306311
0.278342
0.034823
0.436105
0.247756
0.298981
0.050333
0.338814
0.298739
0.387122
0.286085
0.358091
0.400139
0.031086
0.067841
0.086407
0.019161
0.439299
0.231390
0.185731
0.316511
0.408038
0.518090
0.142900
0.196263
0.168868
0.160901
0.036847
0.177796
0.324335
0.002187
0.077577
0.125425
0.310334
0.451500
0.371926
0.072915
0.560010
0.077542
0.245904
0.175984
0.475442
0.223406
0.001034
0.518441
0.079916
0.362242
0.112231
0.002811
0.339801
0.333911
0.188674
0.504180
0.688124
0.095078
0.214175
0.126543
0.390736
0.088672
0.560471
0.286472
0.175681
0.168067
0.147267
0.350806
0.004149
0.650311
0.549153
0.390875
0.398918
0.000197
0.101278
0.040406
0.166049
0.259152
0.443120
0.609076
0.325572
0.114464
0.066037
0.440388
0.414046
0.126774
0.479945
0.471601
0.224325
0.081894
0.181807
0.040795
0.127386
0.306848
0.056695
0.070965
0.352062
0.068673
0.363947
0.334553
0.432740
0.179561
0.102364
0.255225
0.367077
0.035807
0.234456
0.115083
0.385228
0.106955
0.116227
0.506509
0.069852
0.101123
0.021434
0.005894
0.436473
0.156445
0.328358
0.042934
0.287407
0.108288
0.164946
0.385072
0.150369
0.614321
0.133138
0.521830
0.375356
0.294943
0.207781
0.241002
0.418702
0.315766
0.088301
0.077453
0.081235
0.414557
0.063437
0.022560
0.132224
0.208178
0.110402
0.216139
0.286289
0.199346
0.134207
0.225758
0.173559
0.137256
0.203196
0.192682
0.107622
0.265365
0.034436
0.055815
0.252146
0.205890
0.559212
0.108788
0.328078
0.240492
0.092990
0.583702
0.351237
0.218020
0.111505
0.125344
0.093165
0.022270
0.353297
0.195048
0.196591
0.342813
0.081543
0.326325
0.581180
0.327612
0.231992
0.160489
0.222512
0.493136
0.070415
0.119478
0.473720
0.222307
0.192602
0.168906
0.543626
0.001747
0.109563
0.409511
0.296101
0.261809
0.098259
0.305391
0.410610
0.020065
0.607524
0.105023
0.257847
0.114896
0.132435
0.331780
0.115531
0.518561
0.439784
0.166171
0.144803
0.473689
0.312784
0.556086
0.065008
0.282348
0.128183
0.511722
0.107784
0.152934
0.180285
0.341834
0.078852
0.294071
0.119480
0.340410
0.074443
0.236848
0.707909
0.242369
0.215283
0.472701
0.343387
0.097514
0.381811
0.446912
0.439781
0.268178
0.139216
0.052858
0.239599
0.069851
0.294878
0.104586
0.230335
0.169994
0.150575
0.017985
0.142947
0.335956
0.260252
0.220736
0.233719
0.085920
0.117916
0.208641
0.403019
0.137910
0.442742
0.220584
0.582316
0.391078
0.076709
0.388461
0.210405
0.274316
0.353235
0.542470
0.009970
0.346935
0.029821
0.026788
0.108964
0.544009
0.362011
0.052065
0.135134
0.295079
0.054838
0.560590
0.099862
0.163417
0.230686
0.116101
0.214479
0.006667
0.331856
0.188903
0.080069
0.391928
0.336559
0.031671
0.011147
0.009337
0.066770
0.387452
0.365728
0.249678
0.258891
0.178798
0.242410
0.555752
0.262406
0.388604
0.020983
0.620534
0.287433
0.488541
0.323282
0.425080
0.038148
0.383218
0.367778
0.029057
0.175252
0.243921
0.112163
0.171514
0.330697
0.050010
0.283938
0.110820
0.505142
0.298922
0.124193
0.163769
0.036275
0.300070
0.358447
0.424170
0.213884
0.024290
0.281163
0.251923
0.347518
0.497871
0.297631
0.051212
0.471905
0.281711
0.167425
0.364164
0.102191
0.007390
0.126070
0.224898
0.070095
0.489650
0.122778
0.322172
0.116945
0.527164
0.014527
0.042154
0.346864
0.427668
0.011430
0.203277
0.219112
0.407519
0.235286
0.149481
0.209524
0.185003
0.115038
0.458087
0.358345
0.306220
0.227299
0.028421
0.029864
0.221118
0.521351
0.029067
0.405207
0.140142
0.560686
0.066507
0.167194
0.159964
0.377432
0.142340
0.101188
0.200817
0.463890
0.486337
0.406152
0.151357
0.244778
0.177937
0.083571
0.543136
0.148924
0.432299
0.152135
0.408495
0.095031
0.301929
0.092181
0.342977
0.239520
0.491760
0.061186
0.034116
0.172619
0.138480
0.056445
0.103061
0.372888
0.419589
0.122531
0.089808
0.384573
0.569422
0.230188
0.329128
0.181522
0.330074
0.283600
0.174880
0.057951
0.260666
0.303665
0.252325
0.204920
0.035993
0.314792
0.044775
0.078120
0.382588
0.025130
0.278701
0.503051
0.046665
0.317263
0.581900
0.308774
0.147668
0.149630
0.354962
0.042921
0.518680
0.187219
0.202366
0.245549
0.060348
0.243848
0.044285
0.518877
0.167227
0.008615
0.534673
0.255168
0.425680
0.096079
0.095412
0.322015
0.372178
0.236002
0.006366
0.227879
0.198441
0.342462
0.368456
0.001957
0.444881
0.033134
0.276090
0.188017
0.079062
0.111943
0.280901
0.164611
0.118707
0.089608
0.039431
0.064729
0.184535
0.153489
0.205728
0.658916
0.426249
0.231699
0.397468
0.311497
0.338491
0.109274
0.462228
0.421112
0.210899
0.292798
0.189307
0.401088
0.324229
0.059918
0.047182
0.141782
0.180230
0.338683
0.269996
0.528842
0.489120
0.204558
0.296748
0.082381
0.355338
0.131466
0.023990
0.085736
0.177839
0.109595
0.298411
0.074064
0.528951
0.191517
0.484545
0.118402
0.163144
0.332859
0.305018
0.184034
0.387314
0.586329
0.077846
0.206750
0.240806
0.309718
0.388771
0.058155
0.178635
0.195429
0.157863
0.016243
0.040193
0.357517
0.281138
0.158727
0.108420
0.343859
0.094315
0.077146
0.218787
0.028098
0.119081
0.465272
0.222792
0.006307
0.173044
0.132829
0.443397
0.190239
0.183476
0.146171
0.441940
0.089009
0.137041
0.262714
0.140062
0.112813
0.396649
0.459287
0.028138
0.184805
0.245319
0.048128
0.334738
0.447160
0.322261
0.106719
0.492384
0.376439
0.580251
0.074614
0.027989
0.405226
0.147152
0.056935
0.238998
0.127551
0.139631
0.072420
0.278666
0.370215
0.127167
0.012589
0.110882
0.144719
0.468577
0.347812
0.188887
0.190754
0.460291
0.161877
0.114686
0.122031
0.229714
0.101443
0.078140
0.135922
0.310513
0.014180
0.085986
0.549522
0.426895
0.098264
0.048040
0.298647
0.205384
0.086897
0.200097
0.528725
0.208437
0.179811
0.288899
0.159898
0.374653
0.434036
0.266554
0.178518
0.261237
0.044801
0.156085
0.338480
0.097446
0.337261
0.603948
0.128688
0.085112
0.290050
0.041085
0.105124
0.054918
0.146232
0.056006
0.313076
0.110304
0.173147
0.073071
0.054836
0.447363
0.193496
0.231081
0.115636
0.280578
0.222366
0.724975
0.514685
0.568263
0.332145
0.219734
0.017908
0.430683
0.025121
0.133783
0.137884
0.222345
0.005718
0.291090
0.311988
0.464138
0.303076
0.132381
0.026913
0.234231
0.309091
0.314068
0.033670
0.599933
0.149959
0.106609
0.402001
0.115626
0.244859
0.161681
0.163166
0.034221
0.217598
0.021387
0.302266
0.161468
0.058358
0.386062
0.140359
0.128414
0.354285
0.078985
0.240240
0.421842
0.324681
0.069415
0.037262
0.185744
0.404014
0.052007
0.127322
0.575753
0.095758
0.165389
0.029100
0.038392
0.363064
0.264418
0.318259
0.568550
0.066993
0.508689
0.242616
0.296869
0.222460
0.069226
0.144233
0.544253
0.158251
0.170041
0.486273
0.036329
0.391812
0.053076
0.298470
0.089917
0.147645
0.327565
0.319333
0.041580
0.177388
0.001792
0.271194
0.424259
0.310580
0.152279
0.307955
0.165059
0.409122
0.054838
0.140191
0.102530
0.020697
0.638944
0.103373
0.217201
0.125761
0.066538
0.396610
0.366564
0.069033
0.188271
0.475391
0.319107
0.357083
0.250670
0.139496
0.036661
0.234722
0.022711
0.159244
0.020748
0.044932
0.290753
0.168664
0.056263
0.124154
0.015227
0.411499
0.301984
0.236766
0.234681
0.282574
0.363212
0.041478
0.207398
0.013180
0.044378
0.502102
0.284527
0.112099
0.272140
0.286633
0.334396
0.177638
0.060201
0.122590
0.210673
0.181051
0.026617
0.012946
0.147190
0.063285
0.482339
0.439652
0.398878
0.006891
0.080125
0.438646
0.107971
0.104937
0.253756
0.404032
0.122849
0.031605
0.103475
0.033054
0.214493
0.356024
0.079748
0.359755
0.620649
0.206233
0.356017
0.236491
0.268788
0.096649
0.132821
0.688544
0.303298
0.163236
0.427742
0.262452
0.117710
0.232350
0.079622
0.155252
0.214649
0.072987
0.196567
0.226964
0.288250
0.555676
0.065417
0.550465
0.167491
0.014862
0.453239
0.419820
0.102582
0.001570
0.144906
0.025930
0.332262
0.293878
0.416832
0.284989
0.197469
0.102883
0.350574
0.309148
0.295566
0.020636
0.062337
0.097916
0.099315
0.471308
0.029974
0.549757
0.044214
0.655296
0.468766
0.348677
0.268717
0.241272
0.048684
0.149207
0.171725
0.036993
0.010215
0.360675
0.026567
0.685421
0.222629
0.151773
0.625481
0.250757
0.137867
0.432580
0.052969
0.179151
0.303491
0.357951
0.129530
0.366178
0.108503
0.062727
0.018241
0.009906
0.558257
0.338686
0.323148
0.031382
0.287365
0.210691
0.034252
0.152750
0.162157
0.050818
0.543953
0.019900
0.146986
0.257109
0.437324
0.093793
0.145687
0.310085
0.311151
0.500962
0.126383
0.313748
0.233510
0.182878
0.040009
0.120152
0.158188
0.260011
0.088630
0.447287
0.479169
0.308656
0.396493
0.067959
0.029280
0.066153
0.106361
0.335885
0.301946
0.316695
0.120997
0.371529
0.125255
0.196689
0.447014
0.037014
0.297497
0.103550
0.081269
0.615525
0.347793
0.413650
0.359970
0.370006
0.122049
0.169275
0.273243
0.177451
0.153957
0.579056
0.037125
0.388256
0.180073
0.086345
0.393043
0.069881
0.017021
0.220959
0.585577
0.176282
0.352851
0.135537
0.416042
0.517389
0.299509
0.307064
0.009878
0.115180
0.234179
0.076741
0.207807
0.513736
0.151675
0.008348
0.691986
0.352204
0.164529
0.076786
0.034490
0.248869
0.070482
0.219481
0.249314
0.262487
0.140974
0.205500
0.404900
0.014777
0.023471
0.457413
0.030872
0.375798
0.684707
0.301588
0.245304
0.336536
0.294864
0.041685
0.056758
0.389176
0.133290
0.521643
0.146054
0.512520
0.264989
0.365080
0.089378
0.365780
0.154122
0.307180
0.003664
0.118303
0.189646
0.117027
0.321797
0.141542
0.017825
0.656964
0.144134
0.270410
0.040741
0.324401
0.306545
0.094546
0.215543
0.007559
0.055933
0.336147
0.069279
0.374730
0.152866
0.551536
0.068936
0.005571
0.375479
0.267881
0.386067
0.502078
0.032700
0.204960
0.075329
0.552772
0.094807
0.509918
0.354833
0.402781
0.304418
0.017852
0.024102
0.625510
0.126154
0.019692
0.008483
0.314810
0.018512
0.229493
0.309919
0.066965
0.151360
0.107404
0.025465
0.058005
0.395536
0.187751
0.045503
0.335104
0.481662
0.274809
0.335629
0.184691
0.055341
0.031332
0.063226
0.154536
0.084630
0.128745
0.167811
0.055973
0.376032
0.155513
0.232031
0.367360
0.306982
0.066190
0.653631
0.250100
0.120381
0.315297
0.336609
0.166367
0.200098
0.071131
0.346762
0.249696
0.204335
0.259066
0.181160
0.178317
0.257797
0.173397
0.447221
0.229001
0.224952
0.039348
0.048957
0.034882
0.278124
0.596740
0.021082
0.542191
0.378944
0.085186
0.412606
0.083098
0.101071
0.144295
0.160076
0.280777
0.171811
0.066357
0.281180
0.057922
0.187355
0.229135
0.369078
0.492149
0.284624
0.080006
0.458028
0.233999
0.253421
0.308742
0.196857
0.035539
0.140624
0.056210
0.414491
0.722908
0.436825
0.108676
0.460500
0.280842
0.192667
0.240114
0.032110
0.238606
0.508305
0.085478
0.009419
0.218350
0.378497
0.305328
0.163626
0.308368
0.157217
0.335138
0.254227
0.231920
0.141754
0.093922
0.298818
0.453158
0.044002
0.254847
0.127956
0.067687
0.713604
0.032388
0.067248
0.356369
0.628118
0.313470
0.322465
0.164627
0.315248
0.123623
0.491651
0.151352
0.152872
0.025876
0.515682
0.182182
0.458463
0.529644
0.243362
0.393589
0.191270
0.205978
0.170852
0.086743
0.001773
0.027669
0.205943
0.003324
0.605260
0.157534
0.400239
0.492016
0.071127
0.485476
0.714204
0.121206
0.413143
0.215486
0.131423
0.469301
0.154067
0.042876
0.510173
0.260945
0.520382
0.048378
0.147077
0.606662
0.099873
0.384986
0.399129
0.411003
0.118387
0.088940
0.263176
0.405729
0.481636
0.263878
0.110699
0.651614
0.074535
0.134610
0.009785
0.520514
0.349208
0.003157
0.104620
0.177066
0.022719
0.107979
0.446816
0.328948
0.298502
0.169818
0.308220
0.041388
0.095146
0.346911
0.123127
0.095328
0.169796
0.178438
0.214143
0.201195
0.219133
0.140054
0.165958
0.036861
0.376416
0.033689
0.578948
0.022111
0.128388
0.310523
0.053101
0.456044
0.113088
0.121736
0.316753
0.197179
0.071913
0.203657
0.395168
0.355418
0.079112
0.303037
0.215011
0.093331
0.114095
0.467145
0.082849
0.473909
0.071339
0.611229
0.023994
0.243090
0.220960
0.168838
0.328179
0.092537
0.450408
0.127321
0.047319
0.573399
0.388664
0.229173
0.130153
0.022134
0.262178
0.270601
0.051459
0.177674
0.223153
0.117572
0.299274
0.187684
0.025590
0.188332
0.063862
0.172456
0.016531
0.049984
0.343589
0.244276
0.066434
0.089248
0.419596
0.488801
0.365878
0.030247
0.205102
0.273002
0.051316
0.034473
0.043042
0.397051
0.392420
0.084636
0.361016
0.330143
0.065359
0.170405
0.464110
0.508225
0.115402
0.231272
0.219656
0.025343
0.312832
0.257898
0.160692
0.399476
0.065963
0.205852
0.278281
0.195553
0.335908
0.055021
0.290309
0.264274
0.367243
0.022353
0.513617
0.115338
0.300154
0.194950
0.303160
0.198155
0.287773
0.272646
0.398829
0.029044
0.302412
0.297452
0.076780
0.049915
0.541533
0.171287
0.059235
0.267649
0.173383
0.246321
0.408550
0.636472
0.269737
0.044292
0.142893
0.150418
0.102347
0.189654
0.203564
0.182981
0.265561
0.435241
0.387980
0.510064
0.036091
0.006923
0.181018
0.253433
0.104467
0.139203
0.122422
0.400804
0.074637
0.139697
0.122965
0.250800
0.253812
0.015976
0.392369
0.097100
0.442191
0.201094
0.041350
0.330643
0.224226
0.254225
0.193808
0.087474
0.213028
0.068301
0.265158
0.018877
0.126861
0.451781
0.344945
0.279410
0.336182
0.089778
0.084740
0.136845
0.167209
0.116003
0.105992
0.021638
0.214390
0.066881
0.182969
0.428919
0.471082
0.240240
0.361390
0.324727
0.032921
0.246510
0.036240
0.096170
0.457058
0.276001
0.265169
0.092954
0.086446
0.135658
0.015636
0.282310
0.084651
0.258806
0.248077
0.560785
0.147687
0.160754
0.184391
0.057976
0.085330
0.688690
0.407168
0.288311
0.204266
0.548348
0.417128
0.055085
0.419034
0.142999
0.469584
0.446067
0.062089
0.155616
0.034554
0.302503
0.093916
0.289745
0.106517
0.220237
0.288513
0.240134
0.577820
0.236561
0.029833
0.180581
0.263964
0.129699
0.439468
0.324375
0.089023
0.169239
0.242394
0.010280
0.279995
0.049046
0.233397
0.226959
0.432324
0.430041
0.273659
0.210539
0.164429
0.454908
0.415385
0.211854
0.521775
0.452487
0.426901
0.141898
0.336299
0.171710
0.110094
0.448336
0.249844
0.113040
0.399733
0.284061
0.449367
0.092797
0.536620
0.587283
0.378669
0.059566
0.505873
0.198017
0.171904
0.545934
0.011596
0.075746
0.331926
0.169281
0.013717
0.275528
0.385289
0.104234
0.068592
0.120613
0.020149
0.091057
0.037505
0.219579
0.492498
0.040480
0.403142
0.206805
0.346479
0.288689
0.133430
0.151273
0.022782
0.267101
0.230520
0.048573
0.496729
0.164496
0.106492
0.223920
0.442808
0.077141
0.516904
0.215155
0.055655
0.466853
0.354667
0.030027
0.081422
0.225486
0.039820
0.317650
0.474545
0.276465
0.419883
0.113963
0.124666
0.290043
0.209128
0.111439
0.431665
0.382205
0.395795
0.297092
0.139333
0.055604
0.013077
0.164941
0.225703
0.353016
0.280398
0.550505
0.301845
0.219771
0.242961
0.362216
0.049812
0.103801
0.305823
0.383738
0.206454
0.238193
0.453768
0.313945
0.034761
0.431078
0.089433
0.282182
0.030510
0.522851
0.199803
0.085555
0.010522
0.106909
0.051036
0.692421
0.316542
0.434901
0.490710
0.335334
0.098924
0.015345
0.246279
0.419153
0.086873
0.040497
0.430058
0.232939
0.133939
0.214031
0.054902
0.353747
0.095819
0.003650
0.383909
0.307657
0.222443
0.161857
0.016265
0.377791
0.379385
0.128938
0.241669
0.042544
0.471933
0.469489
0.081077
0.594761
0.106839
0.458595
0.281321
0.035910
0.525584
0.376326
0.341321
0.013924
0.036370
0.309322
0.046784
0.092413
0.636938
0.351953
0.294540
0.560535
0.307822
0.105213
0.043186
0.485203
0.298065
0.227835
0.248286
0.367193
0.463458
0.310633
0.135343
0.191149
0.303476
0.161155
0.226015
0.080724
0.022534
0.508087
0.177370
0.692238
0.275734
0.384422
0.262810
0.443889
0.210286
0.292595
0.053890
0.054676
0.067126
0.283008
0.331316
0.312846
0.048209
0.433059
0.166063
0.253299
0.143376
0.403077
0.144623
0.745361
0.182464
0.170641
0.210713
0.189588
0.048892
0.486104
0.021044
0.038037
0.397875
0.231178
0.208076
0.033398
0.022810
0.343408
0.208267
0.384638
0.512583
0.204875
0.144210
0.194314
0.203058
0.068608
0.552894
0.125021
0.063189
0.262465
0.223531
0.042945
0.326275
0.004334
0.004920
0.208499
0.045305
0.200803
0.110884
0.219210
0.453002
0.312841
0.288268
0.109993
0.222431
0.115792
0.306024
0.062956
0.218960
0.321564
0.091060
0.197451
0.381209
0.079606
0.229474
0.057668
0.340136
0.253720
0.173653
0.230675
0.124306
0.220510
0.338763
0.203064
0.020973
0.358433
0.113523
0.178604
0.119913
0.188140
0.412319
0.190676
0.326805
0.415219
0.076838
0.027911
0.194767
0.084647
0.104977
0.006339
0.359566
0.108898
0.080629
0.000100
0.219853
0.345705
0.223757
0.317165
0.154005
0.279984
0.243247
0.224601
0.398809
0.039009
0.207444
0.139360
0.285544
0.343443
0.065891
0.390132
0.401670
0.019634
0.544610
0.246547
0.135605
0.488302
0.166354
0.064347
0.162073
0.210221
0.070518
0.082649
0.008904
0.408691
0.065673
0.558170
0.207423
0.210660
0.362689
0.239763
0.240447
0.067827
0.199079
0.209456
0.354649
0.369993
0.272579
0.418812
0.008276
0.105815
0.452665
0.201487
0.122627
0.195307
0.039373
0.197614
0.419305
0.269146
0.230610
0.363011
0.333070
0.138930
0.121998
0.479570
0.077667
0.054890
0.211378
0.291445
0.119809
0.271740
0.182263
0.359108
0.111021
0.055096
0.235344
0.307584
0.072514
0.463728
0.075154
0.086397
0.042651
0.044542
0.590271
0.231234
0.342183
0.034213
0.351971
0.334525
0.108817
0.072176
0.150047
0.409346
0.415997
0.281277
0.458611
0.037265
0.303488
0.158646
0.181602
0.159403
0.397848
0.188206
0.312047
0.004047
0.022474
0.063976
0.095027
0.186935
0.318946
0.066147
0.381930
0.589813
0.061379
0.113040
0.109418
0.169434
0.206443
0.406321
0.543366
0.659657
0.362932
0.063300
0.402560
0.185631
0.397155
0.152311
0.228279
0.305965
0.635868
0.443904
0.193704
0.001267
0.242467
0.524020
0.230695
0.250077
0.172322
0.403925
0.036269
0.447403
0.200877
0.071482
0.313625
0.512184
0.007524
0.469462
0.258011
0.287638
0.209037
0.315305
0.115231
0.570158
0.145369
0.166186
0.333679
0.026523
0.450454
0.088816
0.173785
0.221285
0.582453
0.077078
0.181697
0.266127
0.238696
0.088000
0.386685
0.391140
0.027500
0.197133
0.114832
0.372499
0.184923
0.102241
0.340585
0.134016
0.110698
0.221835
0.105101
0.369026
0.301868
0.142560
0.512902
0.077382
0.283271
0.052659
0.284149
0.121851
0.192568
0.302924
0.252344
0.089552
0.072564
0.089602
0.468763
0.398661
0.029664
0.429092
0.467009
0.698596
0.358637
0.124110
0.071009
0.179115
0.099472
0.161211
0.475503
0.341232
0.158049
0.341481
0.236240
0.406130
0.045588
0.438118
0.269636
0.019640
0.004451
0.067741
0.146253
0.382032
0.036628
0.025974
0.326372
0.310918
0.146358
0.170265
0.170968
0.552147
0.077458
0.007017
0.087074
0.041299
0.104557
0.296788
0.181129
0.277911
0.306114
0.100111
0.243007
0.209002
0.316785
0.042810
0.266722
0.005193
0.384888
0.527975
0.650943
0.007667
0.053692
0.372031
0.151459
0.142804
0.061546
0.310773
0.389427
0.135427
0.092635
0.156137
0.308268
0.274229
0.019742
0.644904
0.105009
0.089641
0.101567
0.300672
0.060764
0.054873
0.319323
0.230831
0.543574
0.124871
0.282767
0.311480
0.366587
0.031348
0.253003
0.615705
0.285742
0.035621
0.231658
0.302034
0.166701
0.739671
0.013521
0.150037
0.108933
0.091008
0.215173
0.246284
0.598874
0.381944
0.360996
0.299907
0.193741
0.081898
0.011896
0.147581
0.063841
0.495319
0.608436
0.399496
0.038441
0.043025
0.298063
0.083987
0.054982
0.151022
0.344635
0.271176
0.240408
0.325610
0.130568
0.089389
0.201792
0.178007
0.037105
0.283761
0.027153
0.299291
0.001423
0.329912
0.026832
0.112094
0.372182
0.494985
0.107245
0.033828
0.115689
0.242751
0.084508
0.077266
0.513432
0.093982
0.307154
0.216613
0.149885
0.359349
0.045689
0.393621
0.154615
0.199597
0.140024
0.030818
0.030743
0.126410
0.475303
0.297755
0.451116
0.458202
0.251571
0.030785
0.121098
0.585618
0.553040
0.094960
0.230360
0.189602
0.254596
0.075728
0.175414
0.412724
0.071537
0.080831
0.437563
0.077338
0.315052
0.477207
0.065145
0.112309
0.173873
0.047048
0.005555
0.026511
0.157134
0.196224
0.198976
0.323681
0.057269
0.849054
0.215399
0.049749
0.099293
0.002778
0.466168
0.099786
0.259645
0.282773
0.116023
0.242146
0.289963
0.405291
0.041398
0.173817
0.369829
0.290979
0.399323
0.357935
0.417536
0.479595
0.008940
0.096247
0.155059
0.199423
0.050883
0.197314
0.230230
0.202980
0.261915
0.593341
0.080074
0.112814
0.198859
0.308238
0.205439
0.083709
0.251204
0.580227
0.080401
0.659236
0.201966
0.273480
0.151451
0.227077
0.245540
0.235861
0.558569
0.356164
0.046329
0.287421
0.558166
0.410179
0.365763
0.085533
0.058817
0.037563
0.526948
0.256059
0.040572
0.284205
0.481872
0.029501
0.082870
0.001097
0.495409
0.185232
0.270025
0.533936
0.309177
0.451297
0.414211
0.161247
0.156690
0.200891
0.400654
0.479205
0.181813
0.031211
0.003030
0.365246
0.001881
0.647723
0.007995
0.079819
0.408407
0.204382
0.015062
0.214277
0.381297
0.586042
0.296796
0.178054
0.392746
0.097966
0.003221
0.503864
0.050503
0.655811
0.050557
0.397851
0.270053
0.358258
0.442187
0.179659
0.379460
0.544247
0.350382
0.224303
0.282575
0.022887
0.023986
0.318928
0.580343
0.004347
0.045544
0.085684
0.265230
0.008797
0.335167
0.039215
0.052210
0.057652
0.108007
0.227263
0.057545
0.346644
0.285948
0.227185
0.470892
0.255500
0.273170
0.284249
0.179540
0.268228
0.357129
0.434120
0.065680
0.327950
0.166788
0.164533
0.256257
0.082692
0.410516
0.122849
0.533871
0.215900
0.283094
0.346973
0.593875
0.127989
0.483238
0.455428
0.065072
0.328306
0.526112
0.006216
0.150091
0.266933
0.430796
0.244752
0.097529
0.642511
0.160937
0.049541
0.382967
0.099674
0.004362
0.747670
0.043126
0.379080
0.147950
0.259733
0.533733
0.222644
0.452168
0.102490
0.036551
0.434062
0.257554
0.131513
0.086591
0.282484
0.066955
0.170483
0.245646
0.013193
0.193816
0.194524
0.248057
0.001196
0.546450
0.106174
0.095120
0.272757
0.248771
0.108025
0.290179
0.076732
0.422342
0.318191
0.311927
0.299454
0.108384
0.197446
0.105980
0.078008
0.183780
0.166424
0.372070
0.073232
0.017579
0.332249
0.086065
0.451424
0.115781
0.376816
0.230228
0.259630
0.051201
0.520819
0.039901
0.181192
0.358596
0.338894
0.243818
0.370968
0.324110
0.265764
0.261687
0.267204
0.672079
0.066797
0.522843
0.160293
0.296099
0.031749
0.293136
0.067006
0.139418
0.249916
0.253405
0.230358
0.275922
0.027803
0.051090
0.229338
0.237427
0.495037
0.295895
0.149223
0.145064
0.545282
0.564041
0.180387
0.290100
0.153650
0.498819
0.471610
0.092396
0.155117
0.120102
0.110302
0.490261
0.095321
0.070059
0.043535
0.053892
0.205743
0.261937
0.007905
0.014985
0.500470
0.320194
0.413058
0.611010
0.214444
0.096299
0.071304
0.366498
0.225634
0.432497
0.080935
0.156702
0.254771
0.172932
0.001512
0.046923
0.439770
0.109257
0.218963
0.314408
0.176504
0.308527
0.048943
0.117710
0.222771
0.433626
0.525082
0.302183
0.101675
0.163189
0.503021
0.514101
0.300184
0.300973
0.181896
0.212764
0.044995
0.039778
0.231530
0.306059
0.196787
0.130444
0.372193
0.040194
0.098001
0.107006
0.014862
0.381366
0.560865
0.113335
0.420228
0.405502
0.553484
0.432490
0.159471
0.119731
0.174513
0.179854
0.349523
0.044619
0.390689
0.313238
0.180710
0.095511
0.371585
0.351849
0.310027
0.241747
0.341616
0.425157
0.141154
0.007467
0.099474
0.473449
0.020327
0.190589
0.208472
0.218410
0.256180
0.134278
0.163988
0.335540
0.026012
0.427067
0.222273
0.205771
0.054485
0.039469
0.237181
0.199028
0.564673
0.025923
0.126368
0.398906
0.251989
0.440263
0.149681
0.269809
0.007366
0.494804
0.136941
0.023954
0.266081
0.153377
0.115871
0.394835
0.350881
0.228513
0.043709
0.204909
0.296705
0.021469
0.463855
0.180061
0.078816
0.324538
0.204334
0.294446
0.303039
0.130292
0.210163
0.306014
0.279356
0.043454
0.123727
0.007000
0.128113
0.396304
0.559862
0.112791
0.325845
0.570576
0.018424
0.332623
0.182475
0.225946
0.064880
0.544979
0.395434
0.355925
0.172465
0.251580
0.450212
0.488708
0.216692
0.192112
0.210910
0.193419
0.228205
0.341531
0.328155
0.123563
0.537806
0.207140
0.057847
0.172695
0.370024
0.021591
0.306477
0.851655
0.051054
0.178813
0.015151
0.418403
0.039041
0.078155
0.276938
0.184555
0.259649
0.002722
0.292989
0.586217
0.064280
0.084111
0.271425
0.069284
0.164707
0.034145
0.738518
0.153362
0.212431
0.369634
0.195230
0.022240
0.236991
0.051758
0.094039
0.211859
0.234402
0.231631
0.630571
0.017225
0.274785
0.516439
0.033596
0.051602
0.373629
0.208733
0.170085
0.110296
0.461998
0.123846
0.458380
0.068454
0.009390
0.099066
0.293005
0.540207
0.280016
0.287155
0.045493
0.114749
0.197588
0.682537
0.423839
0.235872
0.122937
0.334206
0.410353
0.332663
0.073734
0.230797
0.270128
0.099034
0.136279
0.109766
0.393915
0.317403
0.360629
0.046730
0.190970
0.088743
0.327105
0.149213
0.074242
0.260759
0.172614
0.123285
0.241635
0.194626
0.279499
0.006924
0.019011
0.170763
0.577123
0.346894
0.279217
0.193660
0.042648
0.190192
0.179114
0.148385
0.218350
0.307240
0.087613
0.291898
0.146696
0.393082
0.020103
0.086246
0.476651
0.279769
0.299140
0.291233
0.062273
0.168281
0.082579
0.295398
0.316557
0.359781
0.027149
0.547268
0.072293
0.538768
0.124734
0.345271
0.195129
0.087298
0.142246
0.600445
0.339584
0.001346
0.423078
0.035020
0.506948
0.059586
0.404299
0.016762
0.070657
0.267502
0.347329
0.016664
0.089921
0.132768
0.206387
0.097180
0.314191
0.010878
0.106886
0.187446
0.432404
0.284409
0.462809
0.235639
0.351975
0.438141
0.013638
0.011555
0.287604
0.179961
0.335014
0.294995
0.092797
0.181989
0.303678
0.401536
0.460699
0.445941
0.081464
0.392378
0.190902
0.094750
0.087940
0.020149
0.353138
0.346609
0.479771
0.232859
0.208617
0.090297
0.136849
0.046408
0.042081
0.349647
0.122227
0.261817
0.086300
0.151894
0.139609
0.054087
0.445195
0.125028
0.210817
0.161408
0.503669
0.307604
0.341702
0.107486
0.110614
0.370041
0.295626
0.128257
0.295461
0.155264
0.010559
0.449035
0.408788
0.349656
0.115693
0.136701
0.271904
0.034620
0.143159
0.295884
0.288588
0.079640
0.085048
0.293698
0.160813
0.551486
0.105093
0.096038
0.648436
0.373738
0.021471
0.480675
0.113632
0.241505
0.177662
0.298323
0.709279
0.339399
0.113766
0.494474
0.381559
0.036014
0.366464
0.068030
0.166124
0.053852
0.026090
0.171776
0.502925
0.361163
0.525511
0.017383
0.410871
0.391803
0.086873
0.419975
0.460232
0.145897
0.095954
0.232464
0.159869
0.450019
0.263185
0.334683
0.200027
0.011000
0.015721
0.173660
0.533153
0.244570
0.259754
0.220934
0.138447
0.046148
0.453808
0.136474
0.491937
0.081094
0.667230
0.317460
0.371687
0.374689
0.413669
0.065742
0.091179
0.111023
0.275093
0.219524
0.140078
0.292922
0.558731
0.139814
0.041683
0.358206
0.119649
0.259099
0.326486
0.065041
0.018974
0.033453
0.238089
0.130298
0.336508
0.036720
0.025805
0.077936
0.021809
0.565755
0.375714
0.211958
0.048724
0.184396
0.260806
0.166383
0.141312
0.025038
0.094648
0.518525
0.246349
0.239754
0.257099
0.362257
0.357802
0.071975
0.440215
0.166065
0.386937
0.031523
0.331197
0.172125
0.347278
0.059786
0.035689
0.063605
0.272956
0.208554
0.499999
0.388789
0.019815
0.246743
0.173582
0.017292
0.086797
0.241396
0.059656
0.592788
0.322982
0.032299
0.096338
0.181552
0.140416
0.485472
0.076832
0.352057
0.084588
0.126015
0.569657
0.527478
0.169478
0.498881
0.237805
0.046993
0.028380
0.247630
0.106279
0.312070
0.447061
0.181210
0.314177
0.081883
0.152988
0.316967
0.142606
0.342698
0.285109
0.519035
0.012767
0.467527
0.412261
0.149079
0.282153
0.432514
0.386364
0.216297
0.096202
0.337043
0.167770
0.024445
0.340351
0.005589
0.131348
0.524047
0.084544
0.386070
0.045982
0.085152
0.215958
0.215156
0.244214
0.118553
0.275907
0.047841
0.286111
0.194170
0.050772
0.446364
0.448974
0.405215
0.459720
0.487858
0.173208
0.135342
0.598936
0.226305
0.251719
0.111461
0.249224
0.058449
0.340560
0.089691
0.286445
0.346683
0.201884
0.032233
0.438524
0.072330
0.422442
0.056268
0.030501
0.118913
0.159685
0.186458
0.279959
0.134676
0.467631
0.304808
0.146540
0.048670
0.010188
0.209430
0.416070
0.024931
0.115968
0.272642
0.446480
0.114466
0.218367
0.045890
0.454645
0.155971
0.152733
0.335478
0.337744
0.407312
0.534780
0.151007
0.246880
0.057173
0.362506
0.204848
0.504887
0.078481
0.256902
0.055805
0.136271
0.104820
0.503409
0.082444
0.160589
0.023798
0.094603
0.157743
0.141705
0.324850
0.009265
0.065201
0.070423
0.024414
0.355400
0.383849
0.079161
0.141284
0.261750
0.424560
0.127274
0.345642
0.172919
0.103978
0.058308
0.107491
0.223083
0.134575
0.397942
0.077658
0.224966
0.220425
0.316727
0.323035
0.468318
0.264636
0.370023
0.347866
0.376816
0.007676
0.313172
0.099079
0.401764
0.205790
0.281305
0.387316
0.258152
0.536485
0.337301
0.010703
0.265293
0.123657
0.255596
0.346363
0.480609
0.080759
0.116581
0.020308
0.206630
0.203870
0.431183
0.307752
0.564041
0.178244
0.039179
0.400637
0.249980
0.405632
0.258402
0.204105
0.173193
0.031223
0.068257
0.468387
0.017453
0.261473
0.386668
0.554747
0.439575
0.009067
0.048647
0.247012
0.237476
0.251738
0.009335
0.291761
0.068636
0.268735
0.254967
0.334279
0.666507
0.542755
0.210478
0.470779
0.064366
0.419288
0.225671
0.098566
0.304920
0.307892
0.251980
0.126946
0.205461
0.515331
0.006087
0.202588
0.343777
0.371131
0.104492
0.248376
0.145926
0.058431
0.236897
0.270486
0.531754
0.017560
0.036286
0.191948
0.251862
0.673781
0.077187
0.197942
0.302124
0.380160
0.147659
0.129984
0.120754
0.291810
0.157016
0.281008
0.042694
0.241419
0.009378
0.371145
0.195749
0.454056
0.234828
0.171236
0.538092
0.096178
0.158671
0.004434
0.096576
0.163588
0.018519
0.192384
0.170260
0.405182
0.104294
0.567884
0.376721
0.299744
0.412962
0.579134
0.266984
0.118749
0.600686
0.118812
0.399464
0.199509
0.224812
0.528136
0.218094
0.680852
0.106536
0.443214
0.372818
0.084832
0.132502
0.569516
0.128302
0.182335
0.018213
0.092181
0.253421
0.285643
0.285129
0.144881
0.486195
0.109604
0.320109
0.260330
0.718577
0.379881
0.192737
0.278843
0.330631
0.297274
0.222704
0.539109
0.366513
0.336197
0.265999
0.501396
0.105019
0.216632
0.198560
0.151905
0.219701
0.258829
0.178318
0.210110
0.225815
0.197416
0.032047
0.064584
0.022807
0.314560
0.161601
0.523819
0.193058
0.083558
0.346969
0.105540
0.347117
0.283299
0.146094
0.531450
0.246509
0.142339
0.015180
0.551745
0.114029
0.057833
0.367268
0.340984
0.019231
0.164163
0.261665
0.168475
0.269431
0.005742
0.298473
0.110469
0.539757
0.031984
0.153664
0.338648
0.198761
0.366703
0.211093
0.224082
0.569603
0.688166
0.046921
0.128060
0.355712
0.273194
0.418081
0.124273
0.400267
0.121025
0.147690
0.016177
0.273947
0.074648
0.402637
0.161400
0.034444
0.137762
0.043826
0.211275
0.203389
0.122883
0.286985
0.313149
0.152507
0.177602
0.176014
0.396427
0.258903
0.106845
0.406713
0.037356
0.285561
0.189301
0.144072
0.303917
0.534125
0.198121
0.226482
0.382131
0.317544
0.135004
0.284710
0.092843
0.056107
0.341535
0.193049
0.297030
0.430385
0.222322
0.256491
0.497778
0.329263
0.316393
0.030032
0.257928
0.412883
0.438328
0.006519
0.400157
0.562096
0.417216
0.316299
0.067226
0.294966
0.216254
0.321705
0.026148
0.188547
0.170404
0.568905
0.124472
0.043268
0.503359
0.090345
0.061832
0.239262
0.309366
0.105344
0.107949
0.401959
0.033401
0.253208
0.151485
0.300448
0.359136
0.179936
0.116067
0.050493
0.473839
0.295223
0.339485
0.394958
0.132516
0.121377
0.127479
0.345636
0.163095
0.121347
0.391247
0.647332
0.182533
0.068482
0.154640
0.339809
0.321144
0.145422
0.289821
0.253117
0.425677
0.150552
0.108958
0.321764
0.088920
0.232954
0.257694
0.122060
0.141743
0.024618
0.431188
0.203372
0.248495
0.536747
0.380600
0.356621
0.233162
0.344391
0.233920
0.088298
0.247935
0.111360
0.048094
0.375629
0.403477
0.036428
0.395479
0.496372
0.247312
0.139906
0.333826
0.237310
0.168258
0.157762
0.185624
0.217428
0.287105
0.092275
0.058829
0.086077
0.025240
0.029504
0.228830
0.322397
0.044348
0.206421
0.103532
0.495119
0.167567
0.024085
0.160689
0.044536
0.104334
0.515443
0.462270
0.048886
0.060991
0.547528
0.277439
0.079624
0.364157
0.060671
0.273805
0.488639
0.161609
0.229500
0.031912
0.106120
0.086217
0.105654
0.000773
0.211244
0.229858
0.191616
0.369382
0.112189
0.194083
0.246236
0.424357
0.065257
0.343465
0.342167
0.015692
0.193834
0.106831
0.299831
0.228545
0.156773
0.210187
0.272127
0.303546
0.412371
0.144537
0.256679
0.318660
0.227091
0.447884
0.353458
0.267944
0.220165
0.244893
0.244965
0.354884
0.001623
0.080374
0.472998
0.216333
0.219044
0.309133
0.432907
0.213186
0.193280
0.632390
0.283426
0.380078
0.354556
0.489188
0.082824
0.419168
0.429199
0.142106
0.242992
0.368378
0.086245
0.121070
0.185124
0.092384
0.112273
0.113551
0.052984
0.001569
0.046963
0.289584
0.149149
0.490937
0.088119
0.382878
0.308008
0.326509
0.436254
0.012639
0.078421
0.280526
0.070577
0.133338
0.156920
0.668084
0.121917
0.257338
0.008881
0.365088
0.013371
0.803013
0.420836
0.252817
0.371132
0.349022
0.043139
0.209372
0.039597
0.123214
0.120397
0.480983
0.183225
0.386244
0.105167
0.022384
0.532934
0.095157
0.339592
0.283576
0.240881
0.228638
0.310397
0.068954
0.092298
0.125959
0.293691
0.219679
0.531127
0.073528
0.567880
0.335176
0.305292
0.254160
0.178463
0.197257
0.024197
0.314162
0.483757
0.079078
0.134566
0.426576
0.042256
0.168760
0.306987
0.280835
0.017158
0.290320
0.524323
0.309317
0.186543
0.146581
0.214864
0.029666
0.499877
0.237667
0.349820
0.481072
0.036980
0.136927
0.247211
0.186308
0.288627
0.008228
0.103308
0.460534
0.005901
0.190087
0.025851
0.031010
0.448558
0.094423
0.138714
0.211409
0.274790
0.225610
0.427571
0.180598
0.359783
0.403504
0.040504
0.351695
0.283447
0.495870
0.285754
0.018498
0.187256
0.246823
0.031812
0.050438
0.186615
0.429745
0.270439
0.076912
0.000696
0.030796
0.279751
0.208420
0.170250
0.632884
0.150829
0.244113
0.337417
0.351317
0.254316
0.125680
0.495204
0.505547
0.044824
0.168507
0.337185
0.536339
0.205872
0.245765
0.464672
0.013772
0.005737
0.108197
0.318004
0.053916
0.109748
0.039475
0.646108
0.374427
0.572946
0.308465
0.592631
0.100247
0.413761
0.132204
0.291172
0.134738
0.116199
0.123665
0.427061
0.201719
0.694853
0.250816
0.434719
0.152070
0.386988
0.079025
0.568873
0.019659
0.300661
0.269580
0.252213
0.084334
0.374216
0.044101
0.139991
0.649850
0.423970
0.016837
0.116321
0.045591
0.144652
0.449189
0.331039
0.435047
0.039062
0.130617
0.016009
0.093137
0.155292
0.282215
0.021630
0.001705
0.211252
0.012262
0.289534
0.373553
0.024139
0.057453
0.223793
0.140789
0.314728
0.055455
0.281114
0.146801
0.170341
0.464971
0.523549
0.251356
0.154148
0.038296
0.018681
0.422812
0.424360
0.132819
0.007525
0.232219
0.058363
0.190170
0.256070
0.281047
0.387312
0.189091
0.122813
0.002205
0.065230
0.278891
0.036097
0.226994
0.401645
0.168977
0.260801
0.324249
0.088746
0.235539
0.296713
0.247520
0.397663
0.152288
0.077847
0.012915
0.060919
0.148003
0.094301
0.293357
0.003223
0.077109
0.026517
0.227054
0.391229
0.371951
0.063786
0.214091
0.253352
0.221765
0.313761
0.356711
0.227769
0.116739
0.209823
0.085209
0.373056
0.015262
0.090017
0.332312
0.074521
0.519093
0.203969
0.353967
0.272683
0.139066
0.037096
0.026399
0.095636
0.137987
0.295270
0.095410
0.362682
0.229246
0.605859
0.500348
0.335956
0.586369
0.076177
0.240045
0.023149
0.164763
0.237365
0.065475
0.259776
0.463389
0.335136
0.051703
0.230222
0.413681
0.221256
0.076307
0.109149
0.011096
0.196026
0.113253
0.001943
0.467054
0.313982
0.449430
0.057127
0.012804
0.319755
0.238563
0.325712
0.191698
0.408590
0.287927
0.072063
0.411693
0.206159
0.084665
0.024729
0.217320
0.323601
0.080379
0.437483
0.187943
0.042013
0.218757
0.162746
0.372440
0.097995
0.281698
0.010721
0.252206
0.266778
0.216165
0.080312
0.229868
0.459563
0.611961
0.290729
0.412298
0.012128
0.414731
0.021139
0.291411
0.285629
0.247982
0.216251
0.295728
0.022279
0.077482
0.165036
0.349639
0.016279
0.387952
0.129426
0.479140
0.210494
0.186094
0.341503
0.048112
0.361058
0.036278
0.084942
0.395567
0.409692
0.145918
0.023021
0.278760
0.220485
0.150869
0.003010
0.409886
0.436422
0.314903
0.085585
0.378457
0.098597
0.157803
0.590536
0.076337
0.259888
0.316719
0.387035
0.094405
0.282365
0.444776
0.244054
0.271532
0.347111
0.403854
0.549641
0.156485
0.445289
0.271488
0.631943
0.093673
0.570502
0.034277
0.128040
0.373838
0.145030
0.574174
0.190067
0.103710
0.054004
0.559304
0.014665
0.101395
0.383691
0.488835
0.120453
0.229386
0.442987
0.200132
0.042528
0.137594
0.267750
0.158653
0.026583
0.206429
0.091774
0.162989
0.326953
0.268972
0.322081
0.153284
0.183213
0.216537
0.032661
0.264159
0.026243
0.112171
0.014069
0.039073
0.283010
0.453945
0.042689
0.036949
0.245786
0.234455
0.163062
0.062099
0.552131
0.577967
0.424482
0.255706
0.105885
0.121892
0.019846
0.063433
0.118569
0.243484
0.262721
0.219425
0.012413
0.426263
0.298869
0.371452
0.321268
0.208305
0.080329
0.329808
0.241686
0.412408
0.525511
0.086288
0.003955
0.569576
0.230752
0.052903
0.399415
0.342852
0.329491
0.021420
0.082284
0.048829
0.142979
0.158121
0.198114
0.079605
0.223111
0.139446
0.299370
0.320127
0.298021
0.427064
0.290466
0.010591
0.103029
0.202880
0.384661
0.540471
0.173146
0.110501
0.382308
0.213850
0.227910
0.296703
0.352715
0.658481
0.148882
0.209821
0.072397
0.024035
0.203351
0.059258
0.328334
0.178856
0.341054
0.272177
0.010416
0.057022
0.043218
0.120779
0.361866
0.544497
0.232379
0.529138
0.198605
0.281666
0.320327
0.123353
0.207994
0.378953
0.005805
0.152086
0.413012
0.298364
0.423862
0.050485
0.288454
0.116717
0.022414
0.107595
0.466680
0.346314
0.298755
0.144554
0.215394
0.226122
0.032979
0.183443
0.091688
0.217273
0.389770
0.345508
0.096682
0.025804
0.213550
0.023015
0.059855
0.118662
0.066101
0.115629
0.088812
0.377438
0.448065
0.410911
0.163567
0.052017
0.323079
0.367230
0.302134
0.249989
0.280461
0.309154
0.240523
0.116707
0.437902
0.356587
0.176345
0.225000
0.101621
0.071612
0.028902
0.156102
0.209834
0.317709
0.004333
0.492304
0.217542
0.327527
0.201293
0.244523
0.435191
0.212186
0.191078
0.011518
0.008574
0.276729
0.220563
0.140945
0.277957
0.202470
0.381598
0.020108
0.346628
0.065815
0.356307
0.524029
0.308554
0.285107
0.596055
0.022920
0.146470
0.316818
0.453233
0.179333
0.113695
0.447870
0.254165
0.492379
0.486423
0.062890
0.110086
0.105010
0.068336
0.289369
0.094256
0.006348
0.176060
0.187607
0.241234
0.023427
0.499713
0.410976
0.187174
0.246842
0.099078
0.272000
0.144309
0.183663
0.415931
0.231628
0.411332
0.300968
0.573264
0.057424
0.202585
0.100288
0.489475
0.254363
0.026682
0.372661
0.350963
0.240154
0.164255
0.097921
0.239113
0.077272
0.103369
0.442198
0.275342
0.290687
0.265530
0.133507
0.006669
0.119505
0.294318
0.020556
0.158681
0.316957
0.523273
0.151436
0.365103
0.322673
0.238443
0.136091
0.350887
0.112860
0.135358
0.326876
0.100855
0.224061
0.313946
0.440914
0.289218
0.132955
0.295342
0.220215
0.079687
0.418200
0.245008
0.026712
0.513017
0.448295
0.065755
0.223538
0.185343
0.442206
0.380425
0.735996
0.183208
0.032762
0.385787
0.351442
0.160190
0.155508
0.054620
0.201670
0.496965
0.268906
0.283571
0.267060
0.382656
0.042305
0.602023
0.064822
0.070164
0.322640
0.509975
0.038174
0.406948
0.438599
0.668506
0.213996
0.144727
0.530762
0.047984
0.041141
0.310685
0.095005
0.447814
0.122466
0.041426
0.170645
0.402265
0.311811
0.102774
0.322465
0.477845
0.003717
0.207765
0.129914
0.054332
0.048755
0.620809
0.461653
0.279227
0.175235
0.185527
0.145637
0.129752
0.178607
0.145734
0.209849
0.101283
0.296479
0.147671
0.001059
0.315604
0.328429
0.441874
0.434910
0.052542
0.537107
0.641921
0.184665
0.370127
0.112951
0.254856
0.247562
0.346829
0.210127
0.124055
0.065308
0.211641
0.394826
0.088792
0.259418
0.023467
0.145143
0.188568
0.717678
0.111132
0.231450
0.524000
0.111980
0.369274
0.546250
0.004787
0.316135
0.261321
0.607787
0.019352
0.016229
0.355552
0.047516
0.022846
0.160044
0.132645
0.156342
0.714038
0.350553
0.150587
0.333655
0.115414
0.603949
0.129831
0.376812
0.185098
0.151561
0.475388
0.420463
0.223731
0.001547
0.566777
0.251680
0.187648
0.244863
0.203486
0.289989
0.432821
0.105534
0.199648
0.346964
0.175423
0.141855
0.056799
0.049782
0.219245
0.484053
0.169806
0.266108
0.103177
0.474303
0.291688
0.209613
0.141218
0.378936
0.002049
0.216605
0.250345
0.582706
0.414547
0.081053
0.141437
0.186342
0.389088
0.259111
0.028121
0.234703
0.280322
0.101747
0.602499
0.029257
0.185059
0.540752
0.100735
0.100777
0.506900
0.332191
0.093460
0.228289
0.293672
0.332964
0.144433
0.236179
0.133722
0.231342
0.271691
0.325676
0.026675
0.028814
0.105569
0.056097
0.344555
0.526389
0.162817
0.073884
0.241497
0.067739
0.425209
0.208437
0.341564
0.180916
0.330224
0.388247
0.287434
0.310360
0.048725
0.274629
0.458299
0.170581
0.080592
0.128527
0.030676
0.315174
0.155739
0.056559
0.138378
0.166146
0.460482
0.159198
0.191360
0.194174
0.156693
0.466739
0.444653
0.428518
0.234759
0.336507
0.269746
0.193635
0.519564
0.284713
0.436918
0.021009
0.312731
0.131698
0.077181
0.031948
0.230643
0.068884
0.398061
0.083012
0.193182
0.090411
0.167129
0.224386
0.105315
0.480123
0.402721
0.223251
0.039836
0.094257
0.429178
0.299532
0.385265
0.229125
0.304547
0.078618
0.117603
0.186772
0.234628
0.341433
0.141374
0.412932
0.346161
0.180003
0.131408
0.519993
0.015706
0.412457
0.350927
0.198591
0.362092
0.354043
0.570485
0.291293
0.356508
0.333048
0.040488
0.246215
0.108095
0.244945
0.281457
0.279510
0.147277
0.255985
0.362613
0.439003
0.323679
0.083467
0.019601
0.347688
0.010282
0.217905
0.314596
0.392589
0.283105
0.407528
0.151305
0.388792
0.364878
0.134968
0.136316
0.243491
0.212449
0.242939
0.277706
0.147119
0.005482
0.172015
0.191136
0.085996
0.267555
0.131754
0.023053
0.356946
0.020857
0.354511
0.234100
0.323401
0.016617
0.706950
0.177533
0.276724
0.082472
0.041656
0.008487
0.535340
0.348214
0.284006
0.107218
0.209411
0.450997
0.162518
0.410437
0.056971
0.242450
0.451560
0.244436
0.222419
0.235630
0.018900
0.175016
0.082109
0.157613
0.220620
0.041638
0.030938
0.203926
0.159387
0.263350
0.131841
0.344582
0.476701
0.098942
0.223633
0.174720
0.153361
0.156612
0.338912
0.305711
0.063180
0.261280
0.471548
0.396816
0.521588
0.223255
0.274908
0.406667
0.070710
0.333374
0.242801
0.338016
0.292429
0.706028
0.108636
0.119077
0.055370
0.185656
0.084169
0.214222
0.775653
0.073818
0.187386
0.035452
0.533620
0.158991
0.018328
0.306171
0.130866
0.428896
0.196084
0.178950
0.612641
0.249802
0.393735
0.246973
0.235357
0.436655
0.224112
0.551056
0.159105
0.118303
0.381557
0.256435
0.153191
0.071730
0.186017
0.251829
0.241585
0.514472
0.205081
0.639292
0.143115
0.034574
0.255544
0.134663
0.217928
0.220264
0.234410
0.278208
0.183326
0.614630
0.098223
0.550332
0.212305
0.154814
0.081461
0.363849
0.411547
0.432986
0.140457
0.141794
0.146861
0.225501
0.204300
0.409545
0.052391
0.070458
0.347843
0.505096
0.284409
0.295809
0.287253
0.327694
0.009237
0.314563
0.078332
0.420410
0.216263
0.404607
0.168184
0.379466
0.058712
0.331524
0.039772
0.148898
0.054906
0.066143
0.383578
0.228339
0.342012
0.311564
0.111757
0.076674
0.184151
0.566907
0.334415
0.298217
0.326818
0.039249
0.153471
0.160323
0.043271
0.346980
0.337078
0.048803
0.170513
0.121915
0.635561
0.105835
0.209902
0.417948
0.611076
0.284216
0.029612
0.291210
0.145938
0.072356
0.549283
0.377059
0.261985
0.305473
0.337818
0.025319
0.388128
0.141455
0.207138
0.175143
0.174269
0.502661
0.251115
0.204109
0.107821
0.086610
0.135857
0.381891
0.281457
0.245752
0.399447
0.133610
0.189486
0.366756
0.112119
0.097085
0.136701
0.116355
0.183519
0.215630
0.101542
0.206796
0.247531
0.217893
0.498153
0.609930
0.172645
0.510057
0.150518
0.163172
0.077442
0.331907
0.330358
0.149603
0.190716
0.138814
0.272201
0.161391
0.314335
0.384293
0.452284
0.009043
0.621754
0.215779
0.279240
0.091450
0.064632
0.646942
0.460258
0.607988
0.330910
0.002561
0.324627
0.317227
0.017094
0.106368
0.310022
0.206899
0.179649
0.281792
0.236796
0.232973
0.251784
0.274997
0.034656
0.533439
0.097642
0.571726
0.131001
0.580683
0.021741
0.119167
0.458050
0.192439
0.445665
0.480506
0.240936
0.225651
0.332428
0.199859
0.261945
0.327956
0.054648
0.021227
0.159180
0.232252
0.329546
0.209197
0.174376
0.060914
0.442339
0.190491
0.823255
0.015825
0.077994
0.644227
0.026411
0.238325
0.449887
0.069563
0.067009
0.169300
0.433526
0.357046
0.256031
0.215132
0.156938
0.494301
0.142091
0.362559
0.208907
0.256193
0.017448
0.058896
0.407231
0.614548
0.229177
0.458222
0.191930
0.257235
0.351760
0.048710
0.341261
0.508632
0.108143
0.200166
0.384242
0.230201
0.444150
0.230395
0.238927
0.188743
0.083782
0.073252
0.033390
0.480871
0.124443
0.522186
0.138080
0.095728
0.034865
0.303292
0.349586
0.356321
0.040069
0.349977
0.132397
0.227456
0.348170
0.449340
0.277555
0.212255
0.049747
0.543202
0.423822
0.044289
0.393926
0.281734
0.011886
0.016506
0.090809
0.065476
0.449471
0.254409
0.013280
0.031001
0.314998
0.196137
0.146808
0.359831
0.122938
0.178566
0.056363
0.018069
0.416165
0.295244
0.062377
0.146650
0.064630
0.381898
0.137112
0.161117
0.371746
0.099055
0.454658
0.312511
0.339351
0.149152
0.379376
0.375022
0.018266
0.434473
0.149523
0.037318
0.041982
0.183875
0.140040
0.413086
0.009918
0.068831
0.170324
0.153160
0.403110
0.291892
0.184338
0.165064
0.211148
0.352435
0.128446
0.192096
0.029733
0.207447
0.669690
0.276663
0.105567
0.072814
0.075320
0.272631
0.404848
0.149869
0.393976
0.018268
0.057526
0.232281
0.423633
0.136530
0.408277
0.202488
0.103007
0.222866
0.096234
0.238526
0.262099
0.126347
0.169036
0.198036
0.033061
0.391257
0.231695
0.044644
0.526045
0.362634
0.280055
0.034099
0.387495
0.593175
0.227430
0.070575
0.297260
0.134251
0.251031
0.128985
0.528097
0.355667
0.206435
0.008629
0.044467
0.258676
0.380417
0.247203
0.465472
0.039423
0.038182
0.263361
0.090401
0.367930
0.032148
0.512658
0.043469
0.368115
0.223895
0.342006
0.708107
0.314015
0.465559
0.286483
0.202632
0.071912
0.069531
0.649742
0.003663
0.524693
0.170798
0.122956
0.014114
0.195978
0.009107
0.249790
0.196869
0.056423
0.076495
0.376605
0.079987
0.413153
0.044124
0.143567
0.208428
0.362144
0.142820
0.404349
0.376145
0.166219
0.215631
0.143105
0.062840
0.192293
0.015195
0.537696
0.043754
0.091507
0.301239
0.477124
0.058057
0.087367
0.134401
0.155817
0.413627
0.400997
0.146848
0.309442
0.447305
0.319736
0.292810
0.339826
0.031269
0.154692
0.178556
0.376877
0.140793
0.160651
0.220009
0.114154
0.097112
0.331685
0.124645
0.239375
0.123152
0.180889
0.168807
0.059606
0.072152
0.067972
0.204412
0.223222
0.053580
0.584226
0.428632
0.219034
0.283747
0.126260
0.208741
0.100720
0.236662
0.055503
0.175781
0.312783
0.151258
0.364144
0.278299
0.329562
0.061571
0.533975
0.082584
0.327583
0.424110
0.157912
0.250094
0.432931
0.094045
0.500245
0.086838
0.335254
0.080686
0.472164
0.362166
0.182637
0.297698
0.164554
0.594605
0.290802
0.162127
0.343026
0.074969
0.313111
0.451582
0.318741
0.023234
0.302395
0.049322
0.343395
0.196493
0.141537
0.478637
0.286102
0.030450
0.191278
0.168777
0.214739
0.552266
0.300018
0.346396
0.151947
0.056361
0.041202
0.389660
0.151124
0.366366
0.285948
0.645382
0.285918
0.107569
0.288782
0.234131
0.229649
0.171535
0.070854
0.315643
0.130274
0.591460
0.311425
0.008630
0.243717
0.455014
0.339869
0.368540
0.019543
0.268678
0.157231
0.101749
0.358471
0.225627
0.495088
0.094379
0.333394
0.609512
0.230070
0.367506
0.148728
0.431941
0.003408
0.119496
0.090400
0.044805
0.468201
0.361172
0.364869
0.165716
0.348259
0.089026
0.241006
0.227673
0.069895
0.460872
0.224738
0.095860
0.131975
0.064742
0.082658
0.294345
0.066626
0.175472
0.026657
0.517740
0.290973
0.131799
0.217386
0.383399
0.243835
0.136067
0.420913
0.453955
0.157538
0.080201
0.046016
0.314334
0.035875
0.149054
0.396117
0.186839
0.014954
0.640737
0.246232
0.246559
0.190554
0.221527
0.603558
0.388733
0.746427
0.333186
0.193449
0.276810
0.254420
0.232466
0.050710
0.401788
0.232223
0.430514
0.072998
0.182083
0.047223
0.473122
0.344379
0.296621
0.139693
0.203251
0.135836
0.009925
0.130133
0.261515
0.128261
0.295325
0.316494
0.609807
0.607049
0.234069
0.465631
0.528767
0.292947
0.320658
0.079146
0.328793
0.119840
0.161792
0.310892
0.485251
0.107129
0.041020
0.104143
0.299515
0.441448
0.330726
0.045631
0.102963
0.211614
0.108333
0.070955
0.008517
0.071019
0.157369
0.190305
0.214772
0.214840
0.075751
0.347307
0.237043
0.334127
0.497960
0.358709
0.225085
0.162335
0.193343
0.214865
0.530796
0.069235
0.001055
0.443850
0.240271
0.093511
0.056717
0.073404
0.084031
0.032452
0.202824
0.065824
0.069695
0.649846
0.080938
0.025257
0.191402
0.227870
0.280027
0.292127
0.404561
0.390648
0.550247
0.047320
0.013158
0.401332
0.304899
0.541546
0.207883
0.430953
0.271684
0.432960
0.161900
0.427805
0.258761
0.382960
0.338486
0.154208
0.321264
0.242179
0.165848
0.122497
0.168681
0.477812
0.074399
0.127504
0.097127
0.302624
0.484980
0.462804
0.382446
0.567924
0.065998
0.201889
0.141054
0.357624
0.283030
0.505979
0.065184
0.114533
0.232985
0.039340
0.303321
0.390949
0.034011
0.260951
0.210198
0.096732
0.326252
0.276180
0.249759
0.336232
0.438203
0.279515
0.136697
0.043996
0.064494
0.561995
0.321475
0.098737
0.283574
0.483619
0.393525
0.404983
0.074146
0.139491
0.293219
0.438455
0.357197
0.440870
0.148669
0.518993
0.150856
0.333350
0.275665
0.381246
0.213476
0.142103
0.289838
0.305539
0.145093
0.244765
0.193915
0.387442
0.023855
0.314354
0.594979
0.401705
0.424878
0.053666
0.527514
0.010227
0.320016
0.298688
0.017540
0.037845
0.244522
0.385911
0.087042
0.082174
0.589845
0.583054
0.155025
0.005288
0.119427
0.264694
0.414431
0.429780
0.224623
0.245730
0.297334
0.287150
0.182812
0.152807
0.227952
0.285695
0.177288
0.064969
0.138651
0.162287
0.342983
0.389619
0.279124
0.385992
0.113680
0.325247
0.112327
0.355836
0.295269
0.341451
0.402440
0.306671
0.169724
0.659391
0.434919
0.232714
0.133071
0.533022
0.003612
0.309020
0.280944
0.154037
0.040370
0.150859
0.319593
0.341008
0.000980
0.138444
0.009076
0.076063
0.010276
0.213789
0.268958
0.244140
0.392419
0.090477
0.225768
0.273358
0.003379
0.007749
0.128855
0.137869
0.004789
0.128316
0.467052
0.129548
0.044192
0.287147
0.281735
0.217210
0.303187
0.277551
0.158304
0.396375
0.271977
0.211891
0.013659
0.134156
0.009025
0.168260
0.121441
0.135733
0.001656
0.105132
0.033788
0.078409
0.287494
0.245585
0.465764
0.175998
0.217131
0.311530
0.142649
0.282322
0.049089
0.666306
0.076771
0.162347
0.154695
0.297122
0.416650
0.356182
0.098010
0.133209
0.360550
0.108711
0.380574
0.499253
0.007284
0.037136
0.033014
0.054766
0.369623
0.173483
0.083729
0.456700
0.190122
0.219277
0.388474
0.622272
0.052717
0.217363
0.515185
0.022934
0.167553
0.717541
0.495523
0.223295
0.459563
0.169099
0.292452
0.356976
0.374013
0.139581
0.038710
0.164547
0.224006
0.119259
0.052254
0.177435
0.181644
0.132496
0.195832
0.241104
0.391216
0.226278
0.419973
0.335979
0.256138
0.321105
0.170613
0.182296
0.548726
0.061215
0.005103
0.206389
0.511633
0.049900
0.192780
0.135380
0.224405
0.013802
0.730122
0.519645
0.330414
0.161878
0.421909
0.077269
0.430623
0.035321
0.390580
0.035755
0.247863
0.276820
0.174069
0.428884
0.017468
0.599105
0.088594
0.250302
0.052780
0.126506
0.031261
0.260936
0.043738
0.119105
0.076045
0.060219
0.246580
0.407145
0.053299
0.461236
0.316967
0.071638
0.213875
0.106714
0.164814
0.039604
0.240039
0.290650
0.011414
0.087615
0.322931
0.417962
0.293671
0.138300
0.416883
0.297314
0.576197
0.422946
0.307875
0.109950
0.373616
0.283924
0.128879
0.354881
0.184090
0.210389
0.395474
0.095221
0.101232
0.432256
0.138660
0.248193
0.009456
0.327465
0.388254
0.215585
0.248220
0.200651
0.158899
0.389475
0.186229
0.147834
0.011319
0.206610
0.141756
0.527998
0.284372
0.213817
0.154935
0.214998
0.385282
0.417682
0.457220
0.247337
0.039214
0.074200
0.482634
0.373984
0.225593
0.176037
0.207924
0.205192
0.060506
0.197329
0.227577
0.217075
0.168330
0.257993
0.331127
0.149555
0.355661
0.031431
0.355324
0.255065
0.213931
0.392713
0.368665
0.072225
0.188656
0.127870
0.532701
0.102418
0.217019
0.838074
0.041501
0.188705
0.080238
0.461403
0.143679
0.261709
0.095341
0.458587
0.437728
0.550933
0.151365
0.322835
0.070859
0.447465
0.279898
0.412115
0.079838
0.022833
0.012507
0.147187
0.353003
0.620766
0.137327
0.318713
0.239184
0.012384
0.090776
0.195347
0.108932
0.417083
0.367309
0.250048
0.098286
0.198337
0.040539
0.463896
0.485696
0.537008
0.123797
0.230546
0.077988
0.024168
0.432682
0.178441
0.257453
0.302974
0.074222
0.219295
0.000907
0.375272
0.119816
0.190916
0.248930
0.122799
0.217573
0.343815
0.367388
0.130778
0.048472
0.229909
0.216102
0.335787
0.309571
0.448982
0.128286
0.045562
0.564355
0.576812
0.145454
0.086746
0.005273
0.109367
0.250757
0.387026
0.261538
0.227966
0.084487
0.188552
0.393378
0.463189
0.052253
0.471973
0.166878
0.252468
0.138689
0.037713
0.093627
0.062593
0.253976
0.376461
0.299776
0.127510
0.481640
0.031283
0.290520
0.235428
0.150770
0.510792
0.335555
0.043167
0.118209
0.168919
0.061265
0.041750
0.193787
0.019744
0.134867
0.212979
0.298140
0.174619
0.183527
0.138928
0.336479
0.247584
0.029050
0.374513
0.133757
0.484130
0.237778
0.211740
0.047673
0.467626
0.078367
0.104723
0.210648
0.115540
0.226886
0.226423
0.302203
0.097967
0.168248
0.013825
0.017860
0.148893
0.259008
0.352372
0.032874
0.161141
0.479253
0.362161
0.449577
0.362473
0.483846
0.296569
0.216303
0.018343
0.085826
0.328190
0.215979
0.000314
0.437054
0.236960
0.145237
0.259955
0.378457
0.006265
0.093501
0.133056
0.225998
0.267585
0.186749
0.265725
0.510849
0.014282
0.248955
0.156637
0.083168
0.277345
0.116403
0.483030
0.082774
0.444559
0.463904
0.126749
0.563882
0.063522
0.009430
0.246222
0.059189
0.337414
0.022801
0.340130
0.378813
0.002126
0.325738
0.356840
0.096432
0.154167
0.260055
0.094218
0.036027
0.324045
0.397716
0.002925
0.257263
0.306522
0.507928
0.197566
0.199382
0.002069
0.471710
0.139182
0.371267
0.231906
0.148661
0.049480
0.201137
0.244306
0.168245
0.289613
0.431832
0.189523
0.425812
0.288064
0.638135
0.127735
0.240588
0.498677
0.065622
0.535992
0.018824
0.258829
0.173994
0.028865
0.181128
0.121458
0.195740
0.354278
0.096253
0.025499
0.538493
0.415307
0.019673
0.326583
0.556369
0.060289
0.242290
0.458886
0.233655
0.126579
0.682902
0.186919
0.216959
0.090732
0.603526
0.392259
0.338577
0.028080
0.518984
0.429010
0.144245
0.363851
0.339553
0.585798
0.208665
0.307166
0.165232
0.127298
0.186248
0.313055
0.542201
0.261463
0.055502
0.334949
0.303310
0.183191
0.110808
0.376416
0.469925
0.084343
0.111479
0.357341
0.373318
0.320330
0.326334
0.174887
0.022659
0.073363
0.171454
0.011106
0.257366
0.236215
0.221138
0.269447
0.240911
0.003267
0.049519
0.011740
0.173983
0.046962
0.054568
0.013684
0.190237
0.213203
0.538078
0.097589
0.002742
0.265300
0.054645
0.073367
0.118273
0.434769
0.423452
0.079870
0.210460
0.023340
0.024832
0.074810
0.137262
0.329107
0.174260
0.137761
0.299070
0.206749
0.392044
0.211402
0.488890
0.128160
0.144194
0.030992
0.534539
0.244052
0.465800
0.537618
0.134375
0.065241
0.241792
0.132165
0.406824
0.376332
0.313536
0.063505
0.083269
0.005523
0.246290
0.188599
0.296925
0.204029
0.290301
0.097901
0.013269
0.532161
0.162404
0.248573
0.447431
0.223006
0.441998
0.135680
0.035445
0.105332
0.394521
0.125613
0.161761
0.060432
0.274788
0.193141
0.495088
0.327604
0.407303
0.088772
0.379841
0.134996
0.299361
0.153448
0.270479
0.022180
0.085883
0.369834
0.499245
0.084403
0.032436
0.102716
0.003061
0.480684
0.387976
0.246736
0.483041
0.158349
0.089316
0.496702
0.183782
0.170383
0.209930
0.083900
0.017817
0.616391
0.144924
0.135091
0.018661
0.223147
0.236606
0.105460
0.105928
0.618743
0.022576
0.304710
0.040274
0.098073
0.083722
0.221151
0.399672
0.062671
0.337735
0.242423
0.047726
0.236661
0.129609
0.449500
0.328592
0.092404
0.121685
0.003008
0.116324
0.248777
0.367617
0.611183
0.492304
0.322440
0.163768
0.459712
0.611893
0.254358
0.456532
0.241407
0.321424
0.175697
0.123633
0.516946
0.143324
0.188931
0.143646
0.174290
0.055646
0.123524
0.344848
0.098444
0.088997
0.301286
0.442569
0.110147
0.409311
0.053303
0.325729
0.306157
0.041542
0.268294
0.073833
0.143749
0.239524
0.324749
0.107436
0.080873
0.136669
0.216796
0.167610
0.705376
0.050254
0.098056
0.378063
0.395309
0.277509
0.568455
0.300496
0.214303
0.435427
0.150604
0.352357
0.070949
0.215091
0.330990
0.509991
0.295554
0.183487
0.161786
0.043808
0.112751
0.551063
0.146296
0.009524
0.028711
0.336848
0.082366
0.041194
0.003232
0.300276
0.300149
0.434593
0.104705
0.211563
0.403631
0.042769
0.497188
0.270864
0.458221
0.113869
0.706258
0.193810
0.196547
0.273167
0.334964
0.014035
0.332832
0.156583
0.146531
0.496980
0.018918
0.182395
0.248908
0.094524
0.297899
0.527796
0.213238
0.299917
0.022174
0.255798
0.003503
0.125036
0.283263
0.042373
0.265855
0.287133
0.349164
0.135969
0.140151
0.320367
0.297197
0.109720
0.499717
0.128253
0.085380
0.069230
0.099041
0.343718
0.190889
0.179632
0.019271
0.114153
0.510220
0.313465
0.133439
0.182631
0.190091
0.138863
0.455051
0.137115
0.032782
0.228454
0.589101
0.161153
0.528656
0.604734
0.047816
0.222228
0.036383
0.307033
0.486999
0.116985
0.031031
0.086999
0.416999
0.330904
0.427357
0.486125
0.183101
0.046391
0.239448
0.129253
0.231901
0.064721
0.585012
0.094545
0.387045
0.454011
0.227184
0.001144
0.071901
0.390818
0.086633
0.072584
0.230992
0.119161
0.154423
0.239035
0.261985
0.147381
0.257151
0.186618
0.005473
0.216465
0.283684
0.125020
0.044815
0.018541
0.146106
0.091348
0.532143
0.155711
0.355357
0.463998
0.242959
0.100545
0.293561
0.055961
0.477017
0.246053
0.149194
0.278746
0.061398
0.186518
0.307863
0.173604
0.582368
0.046967
0.118956
0.525738
0.642508
0.126018
0.459831
0.129858
0.177553
0.340671
0.379325
0.265207
0.008754
0.232255
0.060308
0.312007
0.161070
0.050942
0.350057
0.224363
0.019874
0.452830
0.104125
0.018456
0.375653
0.292926
0.308416
0.248482
0.068013
0.784094
0.172172
0.572825
0.132281
0.153435
0.080763
0.026776
0.013528
0.336263
0.202694
0.258098
0.350629
0.364462
0.232050
0.295895
0.017775
0.308486
0.096289
0.323674
0.356907
0.281907
0.383611
0.448178
0.045475
0.345018
0.565954
0.436818
0.202928
0.373299
0.376463
0.671491
0.420968
0.271405
0.480975
0.153543
0.196767
0.108912
0.071306
0.214939
0.406533
0.243908
0.001507
0.108721
0.092569
0.513395
0.208331
0.485864
0.001429
0.680295
0.136358
0.320555
0.197695
0.385345
0.582848
0.092303
0.103592
0.095085
0.246997
0.320757
0.155724
0.091238
0.309670
0.041137
0.498896
0.030913
0.045093
0.414390
0.016742
0.178421
0.553592
0.015629
0.448601
0.168343
0.198020
0.042599
0.240367
0.166204
0.114806
0.250980
0.504276
0.404154
0.082788
0.011869
0.058103
0.045124
0.158898
0.525025
0.281244
0.193646
0.026431
0.218159
0.214655
0.330087
0.177375
0.096372
0.129062
0.164916
0.452561
0.299278
0.025241
0.050062
0.439271
0.296517
0.113402
0.272156
0.027295
0.009831
0.401539
0.099088
0.088672
0.424722
0.564023
0.029142
0.343437
0.188088
0.122722
0.384401
0.292927
0.022204
0.288900
0.316650
0.403041
0.193180
0.507651
0.156867
0.602871
0.126128
0.456615
0.130318
0.084451
0.242411
0.161804
0.052660
0.557526
0.010798
0.164097
0.127822
0.400027
0.320621
0.016799
0.292008
0.170688
0.091452
0.114988
0.044904
0.329563
0.008694
0.331665
0.464095
0.537330
0.043288
0.274413
0.423241
0.171063
0.266781
0.102431
0.741779
0.006769
0.329157
0.074611
0.716845
0.062687
0.299570
0.150805
0.403747
0.220175
0.330016
0.386631
0.014420
0.554386
0.663175
0.027649
0.454031
0.223339
0.490146
0.170294
0.198822
0.131086
0.438450
0.148539
0.370574
0.462498
0.198826
0.210637
0.223872
0.051721
0.205464
0.528984
0.123910
0.377584
0.495375
0.073971
0.554141
0.431213
0.190911
0.253969
0.249272
0.263234
0.126468
0.452551
0.060638
0.127110
0.020045
0.053324
0.133932
0.095583
0.053307
0.088580
0.153734
0.289405
0.216531
0.160132
0.416043
0.101883
0.586005
0.108317
0.650106
0.038944
0.034604
0.063346
0.618987
0.372600
0.118744
0.227957
0.339862
0.534332
0.212423
0.488708
0.103221
0.396865
0.497061
0.213992
0.343740
0.180887
0.174657
0.122748
0.102513
0.072737
0.460284
0.108707
0.164643
0.128883
0.027917
0.088671
0.073709
0.225213
0.252924
0.053870
0.179965
0.214051
0.198616
0.181793
0.317206
0.177416
0.139799
0.155721
0.423145
0.149767
0.211573
0.042766
0.354760
0.465926
0.113440
0.247375
0.063296
0.248005
0.486145
0.461313
0.211256
0.199455
0.239777
0.018395
0.083788
0.081763
0.264360
0.106251
0.090236
0.046258
0.529990
0.103303
0.161553
0.252941
0.372795
0.476767
0.351053
0.276817
0.396007
0.140152
0.528988
0.209408
0.002331
0.437739
0.382355
0.216411
0.259107
0.088656
0.507764
0.310954
0.133389
0.068701
0.272262
0.299312
0.274868
0.532662
0.099544
0.385166
0.069780
0.032465
0.080456
0.342855
0.285935
0.068862
0.266786
0.421186
0.242410
0.468905
0.013632
0.454144
0.323601
0.169962
0.088493
0.146008
0.198992
0.386458
0.133983
0.243061
0.454105
0.389941
0.173043
0.410432
0.157018
0.066869
0.385128
0.345878
0.207341
0.447674
0.154215
0.468080
0.054722
0.385022
0.099668
0.302570
0.074413
0.434559
0.163059
0.436041
0.168727
0.359941
0.025451
0.568549
0.029377
0.371349
0.437350
0.200462
0.464775
0.233344
0.219241
0.036033
0.068532
0.393096
0.005900
0.369833
0.438809
0.117826
0.233869
0.083475
0.000146
0.413758
0.261670
0.005430
0.009084
0.345468
0.533315
0.151839
0.475162
0.160183
0.611426
0.140920
0.076185
0.486565
0.195454
0.054565
0.564905
0.295774
0.056758
0.343305
0.206212
0.259025
0.137897
0.017383
0.004416
0.134109
0.187486
0.609131
0.177780
0.020268
0.277128
0.308285
0.226397
0.205053
0.442980
0.105423
0.678946
0.460886
0.000749
0.330793
0.251053
0.210026
0.125109
0.293512
0.177955
0.171851
0.092889
0.347598
0.213250
0.051661
0.643347
0.310207
0.164053
0.582482
0.197539
0.221587
0.126400
0.188067
0.395902
0.231596
0.160785
0.004060
0.313984
0.281446
0.042786
0.335541
0.306662
0.000426
0.504228
0.315707
0.299999
0.120576
0.055527
0.575212
0.296660
0.375227
0.262862
0.310571
0.623576
0.570445
0.250094
0.056604
0.177422
0.338538
0.306583
0.424363
0.232594
0.158065
0.504697
0.211807
0.058348
0.619654
0.013015
0.252904
0.051766
0.717171
0.240631
0.114142
0.450383
0.006292
0.741535
0.381837
0.252737
0.508393
0.232474
0.040383
0.192432
0.391874
0.033544
0.165136
0.195772
0.260506
0.324822
0.175733
0.414169
0.266634
0.357977
0.178959
0.588685
0.028748
0.001306
0.310738
0.213749
0.372189
0.171206
0.194382
0.149154
0.221977
0.389786
0.033998
0.241768
0.441910
0.216097
0.434032
0.153791
0.379804
0.448976
0.273388
0.068577
0.214286
0.362423
0.446251
0.022214
0.457992
0.083712
0.202742
0.064565
0.162493
0.020241
0.324303
0.137018
0.310183
0.419537
0.073360
0.298935
0.295298
0.124961
0.323662
0.269292
0.209049
0.178695
0.239212
0.548834
0.555403
0.027598
0.194114
0.036503
0.130302
0.482124
0.274655
0.013613
0.058660
0.039255
0.121084
0.255473
0.444773
0.432471
0.537961
0.110696
0.582876
0.554877
0.072189
0.354088
0.161859
0.047985
0.249568
0.016308
0.069458
0.542155
0.174637
0.049781
0.018454
0.408505
0.190720
0.538382
0.447455
0.239494
0.286871
0.060511
0.082924
0.236982
0.121268
0.256706
0.309864
0.331918
0.360056
0.197349
0.530907
0.706318
0.077995
0.275028
0.134823
0.416158
0.075785
0.326019
0.160202
0.057260
0.358955
0.236958
0.258438
0.292038
0.028019
0.037669
0.381817
0.150404
0.161171
0.334774
0.100804
0.534750
0.185807
0.079466
0.248229
0.632388
0.430737
0.233687
0.248297
0.127734
0.070510
0.439227
0.197725
0.142401
0.135324
0.081967
0.147321
0.287055
0.305246
0.423722
0.178444
0.147668
0.028099
0.218412
0.280058
0.235853
0.197908
0.135908
0.147466
0.173873
0.194410
0.218312
0.140761
0.072452
0.210780
0.003149
0.528022
0.225884
0.006156
0.335292
0.408528
0.137220
0.219157
0.159787
0.477089
0.440134
0.084396
0.028731
0.277668
0.148871
0.223813
0.629050
0.477030
0.370663
0.171341
0.046714
0.160181
0.165782
0.403897
0.410075
0.027042
0.245594
0.292751
0.207065
0.267829
0.137260
0.498050
0.287570
0.378623
0.527620
0.542910
0.492673
0.121875
0.227262
0.126475
0.091451
0.115147
0.249968
0.380191
0.188337
0.561871
0.101723
0.046447
0.045661
0.123209
0.016869
0.294941
0.061760
0.006043
0.152203
0.258026
0.201476
0.315589
0.046006
0.352902
0.309726
0.554737
0.228864
0.634609
0.626590
0.055922
0.070189
0.163302
0.022282
0.197166
0.051882
0.303044
0.085231
0.143094
0.241964
0.273415
0.334259
0.127103
0.082133
0.196781
0.469896
0.445694
0.081224
0.228973
0.460032
0.123042
0.219115
0.392043
0.068026
0.031797
0.036858
0.194292
0.178543
0.163113
0.319200
0.033679
0.036016
0.175478
0.086394
0.181432
0.118988
0.259957
0.026751
0.087940
0.213159
0.078894
0.182382
0.237410
0.163606
0.568568
0.274324
0.164928
0.381412
0.087960
0.024535
0.230145
0.233024
0.066931
0.037354
0.689944
0.091289
0.420559
0.468272
0.071017
0.182258
0.542082
0.023244
0.127712
0.299078
0.182878
0.244489
0.341636
0.024074
0.494835
0.047123
0.367131
0.133905
0.464847
0.515530
0.050647
0.150179
0.096788
0.349110
0.110499
0.332515
0.392859
0.000723
0.196621
0.510298
0.076850
0.081944
0.403143
0.224159
0.305318
0.337965
0.140387
0.201179
0.123312
0.150731
0.322560
0.135530
0.224334
0.402183
0.285828
0.581870
0.367355
0.058925
0.080719
0.033385
0.217960
0.254079
0.027979
0.485719
0.058290
0.109554
0.378110
0.642721
0.144734
0.004686
0.006755
0.355720
0.172474
0.537440
0.039472
0.189152
0.104089
0.325657
0.586281
0.266134
0.110752
0.058046
0.225419
0.000539
0.399901
0.218018
0.556881
0.089429
0.344411
0.599255
0.335210
0.079572
0.120807
0.323553
0.167335
0.090498
0.039910
0.012070
0.546032
0.597382
0.182111
0.427716
0.290545
0.247453
0.016015
0.157631
0.026416
0.645031
0.185473
0.050086
0.163236
0.087345
0.242208
0.332666
0.479011
0.107325
0.122758
0.648833
0.554791
0.122855
0.082616
0.163478
0.491126
0.126921
0.091223
0.626388
0.137302
0.081113
0.223502
0.486855
0.175032
0.152370
0.416259
0.023346
0.193626
0.324371
0.071320
0.117605
0.038834
0.093351
0.378880
0.419423
0.470097
0.348712
0.092298
0.354436
0.222601
0.129420
0.135222
0.068692
0.266211
0.336266
0.163682
0.234845
0.198553
0.373374
0.611134
0.267499
0.265594
0.460738
0.261252
0.095669
0.123519
0.298308
0.163425
0.323804
0.077851
0.589797
0.228876
0.144441
0.523035
0.613431
0.221426
0.069391
0.242448
0.168255
0.093322
0.045053
0.424457
0.175431
0.433055
0.134555
0.131426
0.439966
0.605823
0.219196
0.029098
0.045336
0.279688
0.064727
0.109462
0.057081
0.104878
0.210786
0.068080
0.051033
0.106073
0.141428
0.303539
0.211561
0.444456
0.311379
0.637041
0.343648
0.053113
0.620737
0.235988
0.365503
0.002689
0.013582
0.413074
0.038972
0.139719
0.278655
0.021520
0.137043
0.009143
0.371793
0.157300
0.016584
0.426623
0.172938
0.133989
0.041200
0.011622
0.169517
0.508867
0.456563
0.291889
0.130454
0.154583
0.274170
0.099172
0.492657
0.393496
0.222579
0.267475
0.294917
0.552428
0.200064
0.519797
0.484404
0.168537
0.384425
0.115537
0.362574
0.436873
0.178409
0.180484
0.163454
0.507999
0.223043
0.305257
0.213066
0.401534
0.429712
0.453049
0.412472
0.465229
0.092444
0.287320
0.357268
0.511945
0.296622
0.305298
0.330463
0.149099
0.041170
0.372423
0.454082
0.386424
0.089825
0.441025
0.146154
0.084010
0.364867
0.051626
0.018522
0.350030
0.016327
0.284601
0.058036
0.060096
0.428027
0.541564
0.084150
0.189243
0.198973
0.008320
0.267399
0.428544
0.060435
0.194159
0.371887
0.455441
0.471622
0.391668
0.228592
0.064430
0.111858
0.581362
0.006694
0.529379
0.237283
0.066614
0.094307
0.198129
0.321357
0.175595
0.117795
0.534443
0.174758
0.265989
0.607453
0.311399
0.593726
0.186699
0.382246
0.283211
0.240340
0.087795
0.156509
0.243107
0.095525
0.596850
0.021518
0.121271
0.477898
0.301794
0.064838
0.224890
0.003703
0.150018
0.386086
0.554687
0.263449
0.220341
0.034259
0.531655
0.244464
0.221507
0.212960
0.351824
0.053335
0.162931
0.246491
0.267717
0.202748
0.475519
0.364403
0.021145
0.199087
0.322157
0.065339
0.227109
0.348702
0.404342
0.393025
0.135015
0.029761
0.563411
0.383204
0.585958
0.111654
0.414946
0.023480
0.470641
0.154127
0.174944
0.296728
0.279432
0.101703
0.324214
0.247208
0.268932
0.077758
0.099915
0.144008
0.376151
0.075008
0.270445
0.551974
0.090930
0.477368
0.108358
0.160651
0.110428
0.245245
0.188997
0.146646
0.112612
0.296179
0.213489
0.003570
0.055002
0.410669
0.213576
0.168289
0.299191
0.262990
0.272239
0.164202
0.288525
0.154617
0.259216
0.177758
0.195562
0.215907
0.021350
0.230238
0.062220
0.237453
0.272736
0.175438
0.265576
0.407276
0.045710
0.180539
0.354180
0.237506
0.177691
0.076267
0.632246
0.004866
0.066175
0.123790
0.268994
0.555856
0.255781
0.286745
0.239130
0.245297
0.037034
0.242556
0.469483
0.236703
0.063486
0.081045
0.040073
0.409872
0.234487
0.259472
0.360194
0.115323
0.207545
0.392927
0.567737
0.152463
0.140850
0.155647
0.069641
0.054192
0.639721
0.432474
0.086336
0.147399
0.136503
0.345649
0.238946
0.313178
0.365904
0.102457
0.265565
0.420395
0.117310
0.020772
0.478974
0.402955
0.339679
0.013713
0.318958
0.214176
0.271246
0.391819
0.235241
0.334767
0.126350
0.322360
0.293117
0.586812
0.038802
0.267268
0.033888
0.131702
0.250073
0.133756
0.103159
0.003358
0.199801
0.267000
0.280088
0.208709
0.118618
0.322578
0.086576
0.440963
0.111165
0.613720
0.108237
0.151530
0.301092
0.210733
0.367897
0.174083
0.352414
0.104854
0.135465
0.137367
0.160142
0.000197
0.217187
0.028715
0.007911
0.319997
0.205250
0.344796
0.073385
0.166156
0.365373
0.111999
0.314066
0.184064
0.227343
0.021710
0.102082
0.156774
0.047513
0.038589
0.267536
0.288921
0.515537
0.295641
0.063255
0.478638
0.238163
0.624729
0.210156
0.182323
0.061585
0.467102
0.085533
0.401563
0.352001
0.120605
0.183374
0.329816
0.017940
0.111585
0.365406
0.343184
0.174065
0.083361
0.570914
0.221355
0.457549
0.291011
0.257446
0.371358
0.301234
0.523115
0.101822
0.031819
0.335436
0.053854
0.509267
0.281218
0.058304
0.123013
0.334001
0.448843
0.378837
0.478463
0.059407
0.132166
0.089232
0.408652
0.379210
0.152972
0.104668
0.200754
0.216394
0.117247
0.449056
0.569897
0.265055
0.027741
0.336906
0.071665
0.227411
0.530305
0.086714
0.417223
0.134919
0.337085
0.325073
0.115751
0.122509
0.207121
0.240449
0.228230
0.056271
0.037261
0.479217
0.062837
0.366454
0.090349
0.488352
0.293079
0.329119
0.054427
0.103292
0.489417
0.387461
0.127081
0.049130
0.191471
0.449676
0.226631
0.590784
0.026288
0.122857
0.001025
0.331922
0.137047
0.413076
0.128901
0.124944
0.447434
0.435447
0.170075
0.205272
0.182799
0.418878
0.492265
0.316226
0.146423
0.148924
0.072154
0.612965
0.197877
0.435116
0.008074
0.337751
0.101506
0.162171
0.154898
0.163286
0.089602
0.707942
0.144705
0.294135
0.033947
0.629509
0.393733
0.314034
0.510102
0.144388
0.173151
0.041366
0.188708
0.279983
0.022448
0.376832
0.271823
0.378758
0.372687
0.608937
0.154270
0.057953
0.370205
0.267940
0.237213
0.121100
0.234799
0.242473
0.038658
0.295328
0.322661
0.342202
0.104835
0.390779
0.414407
0.475149
0.212878
0.362718
0.018291
0.510774
0.386079
0.016338
0.139728
0.008068
0.085803
0.332395
0.375068
0.170165
0.247355
0.063010
0.325085
0.202103
0.033774
0.637937
0.313242
0.002408
0.331447
0.511933
0.002064
0.051359
0.162211
0.020134
0.256101
0.388505
0.262127
0.006440
0.033138
0.261053
0.275447
0.212412
0.209677
0.303526
0.051763
0.572075
0.371967
0.103325
0.116300
0.340118
0.000384
0.032202
0.153313
0.043850
0.087789
0.325266
0.058104
0.010411
0.360028
0.044938
0.331327
0.300191
0.322345
0.209728
0.225492
0.100891
0.416205
0.177719
0.171181
0.183595
0.283154
0.266459
0.177780
0.032927
0.114920
0.482661
0.330827
0.324636
0.164575
0.088057
0.080774
0.177669
0.352854
0.195407
0.143670
0.361594
0.320160
0.310039
0.412109
0.390197
0.261660
0.334291
0.115953
0.150873
0.144193
0.198859
0.150850
0.559253
0.135994
0.345662
0.431728
0.138465
0.433783
0.072535
0.050855
0.525045
0.078641
0.453285
0.144048
0.306406
0.472936
0.033349
0.377807
0.361325
0.169639
0.118003
0.261193
0.128551
0.225338
0.319076
0.444496
0.014647
0.295234
0.168590
0.149931
0.087956
0.040582
0.070033
0.417396
0.270973
0.422221
0.081191
0.192157
0.211642
0.074862
0.412316
0.180067
0.416807
0.342137
0.232514
0.372249
0.321087
0.500187
0.321174
0.253603
0.375969
0.108197
0.368240
0.042553
0.508456
0.057083
0.248627
0.396495
0.227937
0.291125
0.428392
0.225211
0.149834
0.538616
0.195207
0.278556
0.548325
0.391641
0.093160
0.310873
0.200783
0.419040
0.047759
0.671700
0.082009
0.197623
0.383770
0.479376
0.353967
0.548589
0.272786
0.257777
0.243078
0.036447
0.022837
0.297973
0.410147
0.243803
0.197105
0.057211
0.404017
0.026969
0.303547
0.406947
0.375213
0.228181
0.421811
0.231748
0.457598
0.157132
0.175698
0.206699
0.114483
0.075131
0.163104
0.301708
0.644920
0.277290
0.235035
0.284180
0.155311
0.578295
0.034048
0.342098
0.115624
0.021605
0.270539
0.607522
0.216954
0.041381
0.186008
0.173269
0.051228
0.098883
0.093793
0.166130
0.013581
0.504752
0.298575
0.091151
0.014114
0.266678
0.166048
0.040129
0.230743
0.241970
0.154548
0.265477
0.142415
0.164530
0.087579
0.190182
0.265615
0.235918
0.083798
0.451293
0.308172
0.150912
0.234457
0.249141
0.006758
0.474702
0.081534
0.453322
0.222899
0.097305
0.486869
0.163211
0.233552
0.135454
0.306983
0.479540
0.118083
0.331623
0.144306
0.167846
0.153799
0.248144
0.002916
0.224665
0.150746
0.315356
0.011534
0.089289
0.387116
0.026696
0.171273
0.514152
0.177242
0.481202
0.018508
0.102955
0.064871
0.121772
0.023632
0.260919
0.329237
0.230753
0.034414
0.385623
0.329318
0.119948
0.003023
0.405458
0.179864
0.308785
0.106824
0.407755
0.294004
0.075594
0.202356
0.420349
0.133502
0.309514
0.097225
0.022496
0.442461
0.194039
0.134778
0.171409
0.328872
0.005654
0.497860
0.117083
0.261724
0.053716
0.208750
0.214325
0.518035
0.193453
0.019957
0.111773
0.052965
0.438435
0.022232
0.069736
0.637765
0.129765
0.260800
0.027726
0.075672
0.203126
0.267707
0.377567
0.009215
0.221810
0.285071
0.024710
0.415686
0.422083
0.568546
0.333837
0.013866
0.049669
0.236779
0.230851
0.397713
0.237565
0.581160
0.320463
0.376178
0.249293
0.530240
0.590408
0.127737
0.488124
0.161353
0.112975
0.125659
0.029572
0.240837
0.006533
0.550983
0.027338
0.043781
0.092866
0.172095
0.400386
0.098312
0.169437
0.609960
0.302371
0.049573
0.293359
0.072302
0.289217
0.094535
0.352484
0.299182
0.017603
0.328981
0.010392
0.410571
0.094381
0.389892
0.219191
0.074688
0.184483
0.467531
0.004148
0.144843
0.182815
0.349582
0.271891
0.315084
0.310417
0.194965
0.372452
0.223815
0.366619
0.026384
0.014563
0.231569
0.337438
0.051752
0.103234
0.222525
0.085115
0.296669
0.594089
0.059274
0.088139
0.188155
0.283078
0.020840
0.100632
0.228363
0.105986
0.212050
0.391966
0.104819
0.149486
0.529655
0.088718
0.353357
0.182226
0.473491
0.086138
0.658490
0.360564
0.120649
0.583373
0.152885
0.324172
0.483889
0.150609
0.065870
0.474825
0.314957
0.113076
0.128333
0.022463
0.359682
0.554300
0.115750
0.241426
0.083296
0.298294
0.000228
0.229075
0.286087
0.087415
0.322119
0.213923
0.252824
0.100271
0.094692
0.456868
0.131914
0.501020
0.435136
0.330401
0.174056
0.008446
0.103353
0.061622
0.128819
0.153210
0.090453
0.264712
0.573503
0.137218
0.097878
0.037603
0.054634
0.337464
0.106970
0.111144
0.162953
0.084778
0.754243
0.133918
0.500679
0.034679
0.084436
0.413247
0.195728
0.326489
0.577134
0.087792
0.091242
0.196597
0.234729
0.360400
0.252519
0.422485
0.003840
0.025247
0.135230
0.074553
0.343960
0.049823
0.309999
0.231133
0.251241
0.275892
0.188256
0.116647
0.041874
0.338752
0.241671
0.181284
0.112093
0.237500
0.042487
0.226858
0.172142
0.228558
0.015876
0.305601
0.097531
0.246807
0.268905
0.119305
0.297665
0.095401
0.215130
0.047925
0.185817
0.046975
0.173254
0.661601
0.142170
0.176190
0.429478
0.066942
0.453243
0.067390
0.059219
0.109863
0.172616
0.334417
0.344356
0.020440
0.549722
0.257826
0.099378
0.477135
0.307529
0.107572
0.540720
0.092789
0.212845
0.263671
0.336677
0.161049
0.255776
0.192870
0.207679
0.281793
0.545906
0.024098
0.504970
0.452671
0.179606
0.150453
0.336106
0.244838
0.026129
0.258658
0.004123
0.010317
0.130503
0.545990
0.192868
0.428755
0.250780
0.313499
0.019295
0.170404
0.021489
0.798462
0.240303
0.208288
0.039284
0.120946
0.684262
0.125385
0.128829
0.003558
0.220341
0.199637
0.206754
0.405277
0.277079
0.255734
0.156502
0.637733
0.332744
0.433452
0.092565
0.308310
0.243781
0.577607
0.270568
0.294171
0.425259
0.023044
0.019925
0.444041
0.017530
0.161501
0.575539
0.159128
0.394773
0.120814
0.254812
0.353393
0.137489
0.656503
0.201807
0.387377
0.258105
0.466583
0.276159
0.005818
0.255160
0.433916
0.180096
0.193060
0.199665
0.237627
0.036204
0.123058
0.334649
0.261415
0.388327
0.036577
0.085769
0.184168
0.030654
0.223128
0.254262
0.332328
0.574731
0.023904
0.144475
0.156950
0.209544
0.374144
0.037955
0.107659
0.442586
0.376228
0.180922
0.142987
0.112961
0.218766
0.033673
0.318548
0.190970
0.326795
0.317631
0.357397
0.036032
0.356743
0.176537
0.024496
0.040156
0.132992
0.466401
0.191806
0.029392
0.048584
0.413589
0.347845
0.185981
0.354896
0.151619
0.242604
0.506650
0.144650
0.306281
0.534754
0.327395
0.047208
0.471404
0.167969
0.265110
0.222097
0.087662
0.357570
0.314284
0.159945
0.312656
0.405937
0.278881
0.099503
0.450480
0.173353
0.525142
0.345403
0.332394
0.528790
0.271674
0.012456
0.403508
0.080960
0.072899
0.223824
0.387407
0.240445
0.006464
0.095177
0.546044
0.620962
0.030242
0.068911
0.278638
0.349176
0.163098
0.639198
0.503753
0.132612
0.216183
0.580821
0.059516
0.147571
0.096007
0.627855
0.383799
0.342734
0.168770
0.588375
0.205541
0.143906
0.070630
0.467420
0.228783
0.403822
0.278618
0.190837
0.509195
0.501433
0.037640
0.385906
0.325837
0.581049
0.030362
0.073609
0.050340
0.532318
0.084854
0.243954
0.590687
0.387890
0.265775
0.022047
0.059692
0.047816
0.491454
0.030308
0.303834
0.310337
0.264394
0.535535
0.397542
0.055102
0.616460
0.166666
0.154970
0.192792
0.487925
0.058300
0.421622
0.327215
0.033001
0.354807
0.064873
0.237164
0.217853
0.254918
0.356377
0.152831
0.053974
0.484900
0.252904
0.227729
0.188552
0.526541
0.226777
0.141012
0.101709
0.516065
0.348905
0.076525
0.193034
0.410558
0.442827
0.154297
0.437745
0.175674
0.450540
0.576892
0.223609
0.497356
0.200568
0.529984
0.158564
0.152999
0.424499
0.459771
0.209555
0.263410
0.076975
0.102219
0.067484
0.002012
0.129349
0.079250
0.110400
0.277541
0.156906
0.237190
0.093474
0.272527
0.063599
0.287798
0.000397
0.228232
0.031652
0.000495
0.243338
0.469336
0.285781
0.195401
0.197434
0.153694
0.201024
0.504231
0.172298
0.371849
0.212629
0.382592
0.013088
0.055404
0.118307
0.223256
0.130522
0.447218
0.077030
0.215759
0.051188
0.407690
0.415992
0.304272
0.368974
0.237727
0.333341
0.113099
0.104170
0.413782
0.294444
0.287651
0.255531
0.253788
0.104612
0.409854
0.010943
0.619524
0.332346
0.495945
0.165758
0.166943
0.293840
0.385100
0.412390
0.046729
0.027373
0.235474
0.008335
0.010676
0.338443
0.270673
0.063876
0.223990
0.536464
0.129400
0.262945
0.113324
0.240989
0.271631
0.031118
0.223719
0.048456
0.165366
0.137224
0.372517
0.202310
0.392098
0.461857
0.399644
0.262033
0.040677
0.139302
0.424687
0.099749
0.321387
0.346817
0.096718
0.586291
0.111143
0.360796
0.005208
0.071996
0.058192
0.444726
0.131856
0.410020
0.047856
0.313047
0.030662
0.720131
0.048554
0.440214
0.376239
0.073365
0.603260
0.078410
0.305639
0.139542
0.057764
0.300930
0.327772
0.328249
0.496249
0.027592
0.198697
0.311786
0.064959
0.364678
0.068053
0.108216
0.019775
0.275395
0.291585
0.028009
0.593475
0.083624
0.221790
0.073278
0.099080
0.553121
0.225734
0.098560
0.476589
0.051204
0.042882
0.348286
0.121676
0.550182
0.044581
0.316603
0.256115
0.141888
0.039839
0.516677
0.382831
0.195515
0.395849
0.248071
0.232176
0.154925
0.474023
0.346321
0.617465
0.653080
0.120163
0.234663
0.277499
0.126396
0.305903
0.501554
0.081963
0.282965
0.166505
0.163985
0.216419
0.020409
0.407578
0.023242
0.383612
0.547570
0.164606
0.131366
0.530160
0.085910
0.285091
0.348364
0.229397
0.244578
0.333968
0.466055
0.328010
0.209183
0.046804
0.141444
0.220253
0.339297
0.231938
0.118018
0.192309
0.252633
0.018321
0.141862
0.017752
0.532972
0.648312
0.541621
0.621110
0.050002
0.031369
0.254567
0.509912
0.364533
0.160622
0.045647
0.484136
0.210123
0.068700
0.358798
0.043467
0.031916
0.129510
0.643298
0.317714
0.127432
0.302196
0.252348
0.622316
0.194541
0.222571
0.508222
0.255035
0.207126
0.197293
0.348277
0.018787
0.046845
0.011091
0.320453
0.312818
0.016731
0.383560
0.389879
0.233390
0.017851
0.155749
0.022407
0.140905
0.006332
0.097605
0.218197
0.040086
0.180347
0.288980
0.310018
0.331203
0.102431
0.241116
0.411004
0.339932
0.275006
0.043231
0.395571
0.546246
0.288032
0.216354
0.401785
0.108944
0.133618
0.191624
0.344947
0.116365
0.208020
0.086932
0.061712
0.264610
0.077600
0.235692
0.329057
0.398441
0.076585
0.270421
0.352903
0.110430
0.646357
0.221781
0.400180
0.178485
0.003933
0.681987
0.332972
0.046609
0.315610
0.039594
0.030836
0.259730
0.277743
0.053274
0.021451
0.107962
0.383959
0.272180
0.369634
0.292257
0.571238
0.064954
0.309624
0.468096
0.231020
0.295790
0.121396
0.189758
0.618756
0.125871
0.049111
0.380452
0.266302
0.099804
0.114592
0.201329
0.024861
0.454004
0.482183
0.207859
0.375657
0.131491
0.197376
0.035495
0.052671
0.322323
0.372619
0.251415
0.154475
0.391762
0.660294
0.625386
0.276790
0.251206
0.234463
0.509137
0.165352
0.216587
0.040349
0.134050
0.222742
0.303135
0.316574
0.484928
0.065733
0.240917
0.281883
0.264733
0.219081
0.239730
0.159416
0.393317
0.203226
0.060388
0.100846
0.501129
0.300636
0.263341
0.230161
0.057892
0.361517
0.066538
0.071375
0.006182
0.035409
0.170789
0.282762
0.258322
0.281011
0.417216
0.411325
0.435778
0.130410
0.119044
0.305570
0.163490
0.227504
0.282311
0.002169
0.236335
0.072504
0.002790
0.137496
0.235876
0.269887
0.011423
0.608808
0.204214
0.022619
0.005872
0.296485
0.032430
0.402315
0.140401
0.396442
0.472419
0.212577
0.207991
0.511456
0.085001
0.209640
0.430623
0.455604
0.322027
0.102489
0.174046
0.072743
0.058945
0.397731
0.402148
0.097697
0.244625
0.370351
0.366828
0.045911
0.218801
0.089139
0.393185
0.333577
0.528171
0.391258
0.045404
0.074742
0.065988
0.201900
0.250835
0.332231
0.235722
0.054323
0.278577
0.304125
0.001471
0.088066
0.032853
0.160694
0.032077
0.152208
0.002911
0.153421
0.071177
0.206065
0.275087
0.146789
0.162451
0.524759
0.330671
0.439047
0.071053
0.632250
0.506794
0.155114
0.018931
0.300397
0.046820
0.168165
0.041183
0.101554
0.043961
0.295977
0.077723
0.064703
0.379206
0.340511
0.053290
0.348710
0.262137
0.334687
0.161414
0.108714
0.338724
0.090434
0.033515
0.269366
0.217920
0.005309
0.138129
0.002944
0.080371
0.215820
0.311537
0.133433
0.043753
0.032884
0.000054
0.060532
0.021272
0.179592
0.064008
0.136559
0.460132
0.200005
0.162049
0.126723
0.140498
0.210863
0.131786
0.075349
0.235280
0.283207
0.069809
0.197546
0.316921
0.179627
0.134567
0.725539
0.005208
0.343374
0.481935
0.331723
0.322339
0.243168
0.027816
0.077657
0.184138
0.383327
0.173926
0.135489
0.171513
0.269690
0.064550
0.367547
0.148738
0.348311
0.436354
0.038258
0.103736
0.327205
0.071342
0.003674
0.360690
0.310328
0.044884
0.076366
0.510506
0.374563
0.252331
0.505175
0.537922
0.226362
0.506597
0.185306
0.082868
0.236535
0.037836
0.435217
0.384264
0.204216
0.288798
0.325052
0.578491
0.307062
0.109391
0.299205
0.153126
0.164599
0.119716
0.144988
0.137411
0.162080
0.103944
0.333225
0.515327
0.216388
0.051756
0.113984
0.298797
0.112996
0.296524
0.408848
0.055793
0.239977
0.257392
0.590266
0.211117
0.287858
0.382513
0.320628
0.215436
0.270027
0.380222
0.345590
0.022074
0.331948
0.192676
0.261396
0.462897
0.270062
0.241907
0.400823
0.136496
0.009328
0.153058
0.338080
0.650322
0.004568
0.494301
0.068764
0.447248
0.173239
0.324920
0.047944
0.458951
0.234676
0.011712
0.271423
0.262797
0.263326
0.438656
0.660488
0.030338
0.334796
0.304126
0.494276
0.196803
0.019263
0.055111
0.479313
0.058714
0.092363
0.502203
0.008915
0.068914
0.214197
0.532820
0.292118
0.278436
0.131221
0.032193
0.166712
0.097717
0.034702
0.374483
0.172458
0.093457
0.211859
0.236575
0.218120
0.201044
0.151469
0.434223
0.366970
0.259887
0.280286
0.285377
0.045852
0.291647
0.105908
0.077966
0.436676
0.361835
0.559659
0.204862
0.418021
0.526702
0.407107
0.128838
0.230736
0.296368
0.138071
0.279256
0.192481
0.316670
0.073453
0.103685
0.401960
0.350395
0.052225
0.219575
0.471369
0.078830
0.118974
0.225040
0.465130
0.095760
0.578711
0.179672
0.192980
0.447370
0.451309
0.193746
0.071721
0.177570
0.525934
0.055532
0.109330
0.303139
0.100813
0.568590
0.115984
0.025894
0.155548
0.438750
0.404267
0.134545
0.358399
0.051124
0.614126
0.640415
0.083877
0.780075
0.117421
0.227846
0.056525
0.032511
0.194851
0.051553
0.059695
0.286115
0.108106
0.196909
0.060127
0.404833
0.029608
0.160413
0.210652
0.199991
0.224875
0.135090
0.208543
0.105434
0.593004
0.154128
0.215095
0.033079
0.402497
0.498380
0.274925
0.521441
0.115889
0.353139
0.078682
0.081137
0.427180
0.244369
0.371345
0.584260
0.011914
0.283760
0.101373
0.207835
0.548501
0.386841
0.208633
0.149548
0.377722
0.414706
0.300877
0.150817
0.324400
0.360770
0.377425
0.213374
0.126328
0.170209
0.465985
0.222215
0.402237
0.334746
0.035640
0.673237
0.277728
0.021780
0.513282
0.360071
0.285699
0.181593
0.392938
0.284714
0.184052
0.556035
0.106664
0.142543
0.253033
0.089393
0.074751
0.019079
0.091881
0.526358
0.273983
0.029492
0.361708
0.069519
0.377831
0.243355
0.454692
0.204387
0.484387
0.363389
0.488496
0.363393
0.040994
0.402107
0.215895
0.221699
0.620904
0.045649
0.380020
0.167903
0.085528
0.035295
0.170052
0.073614
0.036099
0.160346
0.522612
0.215766
0.254775
0.478524
0.173535
0.601362
0.394510
0.197416
0.357615
0.031215
0.122534
0.115339
0.444095
0.299332
0.593051
0.190462
0.021992
0.198063
0.100850
0.343584
0.295078
0.277189
0.066253
0.381243
0.208291
0.248573
0.048560
0.041081
0.505536
0.301589
0.469777
0.105174
0.409028
0.240618
0.347296
0.482915
0.362236
0.046091
0.411923
0.270882
0.208574
0.313885
0.333803
0.068127
0.107498
0.014185
0.286184
0.152781
0.289075
0.109335
0.231453
0.401158
0.673365
0.319894
0.372249
0.284291
0.427179
0.147989
0.080789
0.491885
0.352930
0.196661
0.178967
0.300418
0.350547
0.239434
0.028724
0.340330
0.416951
0.103032
0.328973
0.306742
0.270992
0.522761
0.000540
0.225305
0.222214
0.418834
0.082251
0.360853
0.010203
0.109555
0.285304
0.149585
0.068424
0.470715
0.112627
0.096555
0.121900
0.411751
0.118174
0.116561
0.500179
0.289580
0.206403
0.320732
0.085798
0.332122
0.039773
0.357677
0.063856
0.170229
0.465113
0.206728
0.341235
0.215841
0.063188
0.254027
0.551925
0.220244
0.173719
0.176908
0.396290
0.003056
0.072492
0.191039
0.262327
0.375891
0.142885
0.208333
0.613493
0.096128
0.109705
0.090308
0.240875
0.357364
0.016748
0.017828
0.064608
0.193250
0.185403
0.622923
0.225769
0.233532
0.037724
0.279169
0.279953
0.234600
0.042445
0.063294
0.055005
0.210832
0.493665
0.375225
0.061670
0.106196
0.209119
0.399414
0.046607
0.168677
0.349814
0.053580
0.458491
0.349257
0.281182
0.042464
0.619232
0.343192
0.471081
0.269303
0.162527
0.129865
0.017038
0.260650
0.032220
0.352530
0.006954
0.239956
0.341152
0.298312
0.373355
0.358578
0.377745
0.104191
0.327342
0.534176
0.014331
0.188409
0.402772
0.170646
0.067616
0.103849
0.215601
0.097923
0.128388
0.309265
0.307938
0.351184
0.114335
0.451162
0.248082
0.254142
0.018763
0.313175
0.001027
0.367789
0.142793
0.215271
0.307342
0.245586
0.272729
0.028244
0.133417
0.433147
0.272027
0.419015
0.132622
0.168810
0.245171
0.093994
0.389743
0.145122
0.393903
0.184016
0.254434
0.156422
0.168507
0.321307
0.309786
0.351108
0.417035
0.147685
0.193687
0.221031
0.001822
0.383643
0.018957
0.053689
0.144991
0.366183
0.058618
0.449142
0.385178
0.251850
0.230907
0.247627
0.066857
0.088559
0.150947
0.561879
0.096646
0.189673
0.465784
0.136826
0.627043
0.446676
0.231763
0.489394
0.168025
0.502187
0.031553
0.159946
0.638478
0.095084
0.385547
0.144783
0.014756
0.292624
0.265035
0.322896
0.122709
0.396849
0.119725
0.183126
0.059254
0.106036
0.127548
0.119015
0.067167
0.430947
0.285008
0.021665
0.562355
0.570184
0.210727
0.040426
0.219975
0.060416
0.089574
0.385373
0.043012
0.522504
0.003819
0.424431
0.307338
0.018718
0.021180
0.301980
0.446989
0.048609
0.080003
0.237324
0.053795
0.211461
0.298916
0.165750
0.523806
0.352347
0.060469
0.100050
0.115366
0.475458
0.220033
0.323762
0.021879
0.440400
0.328275
0.098058
0.620012
0.068304
0.340256
0.078431
0.676739
0.070339
0.206454
0.440798
0.022182
0.539561
0.610043
0.285176
0.303238
0.119721
0.232238
0.520246
0.332315
0.159059
0.088806
0.228469
0.544323
0.107010
0.078545
0.111560
0.338622
0.183698
0.387569
0.019494
0.485665
0.094389
0.625277
0.258682
0.179002
0.005817
0.547565
0.332665
0.118826
0.460505
0.292702
0.031105
0.314391
0.175799
0.536699
0.023077
0.359376
0.257040
0.355000
0.251257
0.605600
0.029595
0.041887
0.027503
0.141275
0.208626
0.135858
0.302220
0.260531
0.191741
0.136452
0.482595
0.174260
0.189864
0.465685
0.311895
0.311527
0.344974
0.158671
0.011445
0.318711
0.558211
0.269755
0.278206
0.238198
0.089270
0.407419
0.370352
0.425435
0.036488
0.055141
0.349294
0.296767
0.048952
0.472312
0.081155
0.022019
0.428933
0.522240
0.022687
0.190184
0.215499
0.070315
0.446197
0.401049
0.306763
0.149761
0.002842
0.222697
0.160298
0.163595
0.347028
0.198024
0.077910
0.269639
0.542223
0.058248
0.034879
0.171281
0.201965
0.197902
0.186894
0.156715
0.083622
0.421025
0.173419
0.048987
0.435424
0.006936
0.504423
0.366933
0.380037
0.083374
0.315098
0.015618
0.059227
0.120960
0.001673
0.043088
0.184995
0.270373
0.242742
0.030490
0.223293
0.598533
0.376637
0.442707
0.099421
0.099227
0.070031
0.043136
0.336700
0.303357
0.079262
0.597436
0.246317
0.430763
0.370076
0.484917
0.111194
0.455937
0.126289
0.007422
0.221963
0.106130
0.285349
0.551295
0.332395
0.225745
0.313119
0.018002
0.132706
0.022879
0.027023
0.576769
0.020137
0.380194
0.103096
0.172701
0.539283
0.024080
0.361353
0.374978
0.053693
0.151646
0.177176
0.100194
0.273457
0.217479
0.291998
0.072947
0.315257
0.075592
0.152996
0.028534
0.029177
0.189073
0.348655
0.308054
0.304643
0.163048
0.405707
0.487081
0.308372
0.519697
0.085474
0.355392
0.241101
0.137464
0.270667
0.373792
0.296487
0.271294
0.202706
0.265411
0.070225
0.369105
0.108287
0.289755
0.092776
0.239322
0.464427
0.205349
0.473369
0.311545
0.281764
0.201261
0.341161
0.006671
0.222501
0.464453
0.187104
0.163572
0.256344
0.040639
0.292856
0.236289
0.048163
0.191867
0.287496
0.496667
0.140600
0.082964
0.571946
0.293312
0.007449
0.074038
0.036692
0.327458
0.160149
0.086563
0.162667
0.220576
0.297961
0.395176
0.241317
0.265605
0.490029
0.495619
0.395108
0.337157
0.255776
0.489029
0.141034
0.039293
0.003306
0.070271
0.128381
0.095808
0.124371
0.769294
0.123334
0.414413
0.449932
0.294098
0.762685
0.003220
0.314799
0.448655
0.199765
0.146749
0.699423
0.263994
0.093466
0.451266
0.175615
0.023978
0.048862
0.321040
0.083698
0.183412
0.420897
0.418634
0.244130
0.123479
0.220962
0.298467
0.080122
0.156705
0.277438
0.157493
0.435092
0.089744
0.367372
0.061402
0.174967
0.016227
0.273091
0.014153
0.321958
0.177238
0.012111
0.309236
0.018752
0.010197
0.541889
0.167332
0.212807
0.303771
0.307297
0.216105
0.066971
0.392961
0.388605
0.182442
0.282288
0.244084
0.416114
0.134704
0.092842
0.306256
0.256790
0.285916
0.115504
0.020898
0.173228
0.062718
0.075488
0.250531
0.011628
0.029417
0.423226
0.500099
0.331648
0.133495
0.252098
0.009624
0.008178
0.220371
0.178817
0.488599
0.187699
0.083045
0.142055
0.238482
0.018904
0.014923
0.227036
0.356360
0.061274
0.094024
0.472074
0.274247
0.172256
0.200924
0.255119
0.440067
0.576589
0.092252
0.079647
0.284446
0.052111
0.186974
0.142867
0.368816
0.075853
0.275737
0.537835
0.096866
0.121866
0.350873
0.306449
0.207568
0.507521
0.027972
0.186477
0.126169
0.421133
0.176015
0.193078
0.345523
0.120560
0.148134
0.083888
0.004256
0.443089
0.344102
0.212442
0.009480
0.060432
0.479737
0.112334
0.459782
0.632959
0.269901
0.021141
0.218941
0.128779
0.291776
0.198675
0.348180
0.002880
0.339944
0.081791
0.318947
0.117165
0.370342
0.446677
0.054801
0.280064
0.153581
0.069757
0.120265
0.335671
0.104269
0.012236
0.551109
0.111650
0.239375
0.110571
0.050895
0.244476
0.139429
0.406880
0.686757
0.064453
0.017552
0.216201
0.225129
0.154971
0.035486
0.691143
0.246012
0.107263
0.560915
0.214599
0.249612
0.168560
0.298323
0.079775
0.152576
0.068764
0.079734
0.258901
0.274243
0.167221
0.188359
0.336262
0.131966
0.234673
0.100040
0.152497
0.540444
0.279741
0.286392
0.107657
0.098534
0.004295
0.170571
0.207861
0.239913
0.048549
0.382669
0.366044
0.073173
0.261000
0.248957
0.228943
0.033422
0.253992
0.033572
0.001525
0.019783
0.280384
0.135196
0.166778
0.508376
0.259425
0.157231
0.045966
0.286396
0.155570
0.514347
0.207649
0.040780
0.516066
0.114742
0.719589
0.226542
0.251554
0.262238
0.403530
0.572639
0.049807
0.021643
0.263833
0.106932
0.435642
0.164308
0.013013
0.182936
0.497964
0.011689
0.490910
0.279945
0.048289
0.364285
0.327214
0.247323
0.042265
0.092621
0.409531
0.085570
0.704498
0.346182
0.423573
0.088236
0.034025
0.040829
0.133383
0.151273
0.343266
0.033921
0.198711
0.189342
0.143365
0.010840
0.153442
0.290786
0.199863
0.177796
0.228917
0.344862
0.015906
0.380680
0.285488
0.287594
0.421415
0.076537
0.266324
0.213071
0.189353
0.391595
0.005321
0.064797
0.216261
0.076629
0.540675
0.134028
0.283927
0.006592
0.086925
0.135262
0.253535
0.377817
0.109509
0.087975
0.244623
0.210844
0.183461
0.323382
0.207083
0.054828
0.309568
0.200502
0.250853
0.051624
0.325703
0.102310
0.246482
0.220320
0.306160
0.176401
0.448196
0.110256
0.421253
0.332792
0.147496
0.265078
0.309248
0.245487
0.124019
0.076153
0.109405
0.175604
0.422987
0.069455
0.330175
0.534456
0.058789
0.247525
0.123924
0.175328
0.076202
0.352370
0.315964
0.300069
0.160630
0.368905
0.332619
0.073955
0.344239
0.112893
0.103431
0.405286
0.163677
0.387686
0.084887
0.167271
0.183439
0.336490
0.021342
0.366676
0.236797
0.631094
0.037513
0.367655
0.549583
0.136649
0.134711
0.283799
0.433749
0.169948
0.025502
0.157969
0.019017
0.054147
0.136053
0.202204
0.157908
0.264946
0.170186
0.074714
0.407570
0.139801
0.577642
0.215356
0.102528
0.155079
0.191838
0.588343
0.025923
0.252481
0.006805
0.059583
0.190723
0.054053
0.399760
0.335319
0.084956
0.185885
0.555555
0.093582
0.326148
0.070703
0.131557
0.076616
0.315209
0.284570
0.206977
0.178166
0.090093
0.090592
0.483326
0.187898
0.051697
0.545697
0.397868
0.542033
0.186607
0.281565
0.037224
0.104594
0.384045
0.282159
0.025114
0.424440
0.340497
0.197777
0.301049
0.182245
0.767330
0.138796
0.222400
0.107250
0.119300
0.266695
0.337494
0.203180
0.531796
0.245890
0.265580
0.054806
0.107055
0.008619
0.158944
0.133648
0.363768
0.377935
0.027463
0.410434
0.120792
0.101094
0.261442
0.167458
0.165458
0.247849
0.277718
0.133139
0.226482
0.175292
0.376419
0.067600
0.002535
0.141524
0.382983
0.564271
0.371244
0.096558
0.290671
0.556399
0.125040
0.046340
0.194954
0.287273
0.005816
0.006478
0.238508
0.243952
0.301890
0.016567
0.329672
0.367584
0.266193
0.522134
0.124108
0.468097
0.333808
0.088947
0.037867
0.492207
0.167226
0.217513
0.149048
0.128644
0.360996
0.443682
0.081299
0.126147
0.548921
0.068164
0.145754
0.188467
0.087611
0.297104
0.478384
0.584436
0.632009
0.310736
0.076385
0.062300
0.262526
0.207254
0.277486
0.171349
0.148082
0.034114
0.030345
0.358853
0.807380
0.078090
0.226126
0.209249
0.442867
0.375001
0.501520
0.433812
0.220922
0.009735
0.316314
0.241616
0.064403
0.353162
0.338646
0.542876
0.253619
0.352892
0.199650
0.233331
0.044873
0.228112
0.232941
0.370918
0.315628
0.181640
0.285089
0.056795
0.057916
0.150741
0.177434
0.178973
0.469506
0.055634
0.081471
0.031016
0.464985
0.271096
0.073972
0.528197
0.356942
0.354688
0.056974
0.015442
0.074202
0.338240
0.079373
0.359991
0.080035
0.316442
0.319847
0.308186
0.126931
0.592653
0.185489
0.002596
0.305933
0.158829
0.042254
0.618147
0.635942
0.158554
0.540118
0.090871
0.564880
0.325121
0.225802
0.234097
0.129712
0.043180
0.323286
0.349428
0.008190
0.220825
0.129269
0.308521
0.339338
0.034990
0.267974
0.151172
0.088114
0.037786
0.285067
0.337853
0.022118
0.202042
0.105092
0.352139
0.482702
0.247016
0.507968
0.252992
0.728666
0.133858
0.098175
0.556916
0.155246
0.197373
0.428044
0.254545
0.019613
0.072500
0.108674
0.265767
0.136127
0.036301
0.364303
0.023689
0.284994
0.002814
0.248997
0.105898
0.288721
0.207586
0.088606
0.126874
0.066841
0.516151
0.372038
0.088790
0.276272
0.265821
0.215178
0.219623
0.397050
0.092899
0.227076
0.284895
0.375747
0.280132
0.108686
0.320793
0.314989
0.156317
0.545754
0.161255
0.061237
0.091054
0.512900
0.505744
0.242875
0.334876
0.073208
0.227322
0.085644
0.228354
0.194189
0.550120
0.288214
0.174650
0.064111
0.304959
0.373106
0.139308
0.429655
0.402182
0.458864
0.300461
0.027992
0.237013
0.544871
0.488577
0.285863
0.124030
0.577942
0.015163
0.061492
0.088280
0.277833
0.089282
0.003034
0.369032
0.041560
0.095898
0.114824
0.099713
0.140110
0.073286
0.348953
0.017548
0.121985
0.060544
0.481916
0.191838
0.167321
0.432234
0.285597
0.088983
0.231140
0.274994
0.402783
0.199463
0.501589
0.261110
0.310305
0.423444
0.091893
0.227024
0.169179
0.150416
0.183182
0.310366
0.208995
0.340796
0.151177
0.157889
0.091426
0.444616
0.183291
0.204843
0.195309
0.017195
0.404595
0.063116
0.215802
0.326715
0.020256
0.179074
0.401856
0.194358
0.315140
0.084652
0.214534
0.424379
0.213300
0.366394
0.108480
0.040859
0.123301
0.008631
0.020143
0.160210
0.354488
0.221821
0.085727
0.257621
0.236432
0.429582
0.279496
0.015430
0.372963
0.042703
0.340438
0.173754
0.096178
0.543474
0.108273
0.563378
0.386477
0.270930
0.272114
0.361568
0.181127
0.314776
0.353334
0.076780
0.223349
0.175975
0.512256
0.374038
0.342913
0.530743
0.069996
0.135433
0.390201
0.250608
0.269894
0.446641
0.011394
0.274429
0.460261
0.040619
0.384046
0.153577
0.023340
0.088804
0.431458
0.426668
0.221792
0.032899
0.712043
0.261628
0.078044
0.384539
0.371522
0.330484
0.297774
0.513699
0.492243
0.190990
0.073599
0.058395
0.027307
0.252452
0.260248
0.069808
0.333607
0.015492
0.048680
0.178494
0.221501
0.578606
0.587112
0.187981
0.619578
0.043814
0.078005
0.004718
0.553091
0.306831
0.107837
0.106304
0.257815
0.251351
0.001114
0.011182
0.378369
0.117438
0.096796
0.388796
0.329890
0.153815
0.050255
0.386468
0.317553
0.048797
0.272286
0.386804
0.348044
0.139792
0.230406
0.310011
0.046749
0.266966
0.179398
0.350410
0.275107
0.229865
0.195085
0.410419
0.073283
0.120841
0.121985
0.243889
0.118868
0.140386
0.170762
0.174290
0.093546
0.057174
0.167051
0.259938
0.385985
0.031377
0.210763
0.219982
0.167619
0.172041
0.139085
0.402351
0.468521
0.285781
0.223706
0.553338
0.205865
0.011451
0.217213
0.107856
0.133450
0.219010
0.161078
0.038049
0.350923
0.115098
0.229778
0.348158
0.251526
0.160719
0.449933
0.363366
0.034780
0.669723
0.131887
0.389546
0.045137
0.047201
0.377003
0.077133
0.038189
0.293875
0.010781
0.070094
0.004363
0.266245
0.100155
0.038587
0.087763
0.342212
0.250681
0.137565
0.092404
0.310957
0.074158
0.050538
0.269081
0.350627
0.204745
0.127915
0.432763
0.577817
0.433424
0.062990
0.338335
0.425467
0.129695
0.349209
0.048257
0.198749
0.092815
0.461641
0.095683
0.457552
0.094259
0.276374
0.026219
0.010086
0.083322
0.223917
0.102405
0.075481
0.310522
0.346790
0.235922
0.429726
0.099214
0.291771
0.311444
0.014811
0.030304
0.363869
0.273012
0.155550
0.317091
0.252335
0.413238
0.119146
0.286754
0.250341
0.186713
0.089531
0.153116
0.293442
0.178419
0.333893
0.113294
0.093387
0.066004
0.178323
0.143907
0.243615
0.055610
0.593964
0.136177
0.005110
0.185062
0.207499
0.080544
0.615053
0.148983
0.070428
0.202296
0.368206
0.528232
0.094829
0.184089
0.154190
0.085832
0.246002
0.465109
0.172715
0.264893
0.144383
0.091401
0.135726
0.094307
0.505356
0.022789
0.567041
0.191185
0.018549
0.362776
0.196960
0.093274
0.721653
0.336803
0.250358
0.041225
0.131741
0.095053
0.442001
0.157079
0.187351
0.173498
0.388552
0.143715
0.150490
0.303363
0.127928
0.060819
0.219555
0.254636
0.102606
0.110724
0.262012
0.391342
0.341318
0.220921
0.203251
0.361119
0.352665
0.258054
0.272088
0.396830
0.222062
0.223618
0.260182
0.174794
0.519856
0.096676
0.227955
0.251707
0.065537
0.147873
0.219695
0.090325
0.208854
0.004367
0.019343
0.017306
0.302414
0.044524
0.297572
0.279121
0.227756
0.143733
0.481696
0.279645
0.062083
0.150215
0.258433
0.192951
0.063673
0.215678
0.276496
0.020387
0.399270
0.135457
0.535274
0.071242
0.279753
0.122310
0.038212
0.247649
0.375584
0.146554
0.057727
0.061449
0.354706
0.194694
0.166750
0.038410
0.078951
0.211816
0.030529
0.418733
0.220574
0.052634
0.095220
0.033730
0.294094
0.061314
0.315036
0.071574
0.024235
0.034019
0.053560
0.145289
0.031030
0.051934
0.113424
0.559477
0.193837
0.188557
0.043351
0.054374
0.229996
0.195495
0.223225
0.130995
0.450125
0.066402
0.124304
0.390037
0.181013
0.186448
0.393476
0.032429
0.289422
0.191812
0.630161
0.421200
0.212519
0.177645
0.083454
0.316849
0.454734
0.221857
0.097119
0.397000
0.190151
0.174212
0.371209
0.313341
0.151695
0.184282
0.090054
0.285136
0.278476
0.127833
0.228579
0.174268
0.177560
0.134875
0.133802
0.378179
0.424644
0.248247
0.577823
0.571490
0.048328
0.570629
0.043027
0.253152
0.425724
0.281286
0.534477
0.507100
0.260649
0.214886
0.261733
0.252309
0.149954
0.467243
0.396641
0.038332
0.025128
0.106106
0.069686
0.074639
0.311244
0.363141
0.200922
0.126193
0.348691
0.059163
0.158616
0.093620
0.047092
0.161631
0.686914
0.047022
0.248709
0.258516
0.379593
0.187607
0.337761
0.470796
0.338186
0.268905
0.009013
0.482339
0.004034
0.078855
0.326667
0.019037
0.188049
0.671736
0.199225
0.201352
0.441485
0.201201
0.041691
0.364679
0.019691
0.480460
0.028973
0.388216
0.087375
0.399083
0.322832
0.206775
0.059247
0.231732
0.324282
0.200668
0.383397
0.379929
0.137032
0.478302
0.563793
0.044964
0.431941
0.076243
0.295216
0.092261
0.108848
0.061874
0.273673
0.186578
0.032184
0.356065
0.021827
0.211952
0.051504
0.259093
0.419499
0.284983
0.196035
0.179838
0.041479
0.365772
0.105029
0.596817
0.188025
0.097570
0.571843
0.206021
0.098765
0.000617
0.335098
0.276188
0.416582
0.143976
0.269188
0.205577
0.166286
0.251016
0.225949
0.051977
0.539920
0.235225
0.325971
0.191969
0.568241
0.410333
0.448595
0.037503
0.174785
0.300083
0.034020
0.199199
0.329756
0.072406
0.304837
0.180058
0.114071
0.030556
0.107552
0.450171
0.438608
0.011611
0.119455
0.476299
0.441878
0.055106
0.484640
0.083353
0.265692
0.375882
0.109570
0.277455
0.022915
0.296538
0.595490
0.207181
0.013424
0.373473
0.049474
0.798330
0.219978
0.103695
0.388549
0.515343
0.487866
0.049301
0.205050
0.354347
0.251550
0.483734
0.245770
0.506233
0.181574
0.309075
0.345479
0.086902
0.057869
0.040493
0.008889
0.318166
0.256954
0.210831
0.192995
0.287374
0.291110
0.342115
0.265891
0.281909
0.254635
0.130083
0.452442
0.026014
0.470374
0.106074
0.167449
0.002999
0.605005
0.457629
0.446603
0.147676
0.231640
0.425795
0.100395
0.262077
0.242949
0.206123
0.153366
0.399400
0.222814
0.206533
0.300401
0.007282
0.355808
0.544943
0.117891
0.017738
0.205529
0.211756
0.142091
0.150997
0.064698
0.268588
0.431180
0.100366
0.113925
0.216173
0.542456
0.168460
0.108294
0.289335
0.136088
0.559682
0.212613
0.094817
0.239153
0.064477
0.088833
0.176358
0.233704
0.371265
0.134027
0.697518
0.089565
0.001545
0.197554
0.062065
0.266582
0.030894
0.013085
0.339665
0.131765
0.075737
0.370683
0.008735
0.533362
0.357257
0.213582
0.573979
0.497893
0.277006
0.367810
0.147353
0.316005
0.476167
0.188521
0.044146
0.345030
0.060056
0.211491
0.074814
0.053808
0.177789
0.498336
0.229961
0.031357
0.439600
0.567788
0.268600
0.303220
0.307818
0.167341
0.458797
0.511143
0.150529
0.308891
0.155333
0.136513
0.110819
0.536976
0.610583
0.377134
0.278529
0.127964
0.102907
0.008767
0.666029
0.000258
0.580223
0.010174
0.255879
0.237267
0.150184
0.255134
0.016500
0.360371
0.250267
0.371259
0.235882
0.421036
0.327143
0.329057
0.399938
0.429909
0.262777
0.429940
0.119854
0.053999
0.167140
0.422117
0.186589
0.064935
0.330848
0.050666
0.090053
0.579173
0.150249
0.131818
0.471685
0.387029
0.366315
0.330812
0.490072
0.213496
0.312959
0.038803
0.462440
0.374181
0.313631
0.069888
0.142475
0.349455
0.436906
0.188861
0.362364
0.414035
0.093001
0.514406
0.106230
0.233139
0.332329
0.107047
0.060920
0.265367
0.420960
0.147193
0.393278
0.235448
0.238512
0.290361
0.371968
0.008641
0.297108
0.030221
0.029246
0.008643
0.398594
0.047544
0.310450
0.524107
0.357336
0.139531
0.311771
0.108839
0.442924
0.218308
0.365669
0.188950
0.074542
0.408393
0.610769
0.376395
0.129368
0.100946
0.476296
0.545172
0.178387
0.140528
0.278010
0.251696
0.113707
0.183415
0.196383
0.287125
0.395550
0.076243
0.113655
0.629185
0.076672
0.053068
0.070072
0.015554
0.324463
0.162781
0.144683
0.006149
0.029709
0.027967
0.515523
0.014529
0.420101
0.254684
0.247797
0.132280
0.184364
0.178129
0.024534
0.119984
0.196433
0.285319
0.260461
0.236523
0.216990
0.378471
0.235505
0.294194
0.047314
0.168139
0.011248
0.498488
0.191139
0.416938
0.087581
0.489769
0.088065
0.636385
0.420937
0.077108
0.201739
0.163511
0.169849
0.141525
0.443649
0.235729
0.049899
0.283445
0.032074
0.609597
0.157351
0.665412
0.143270
0.108186
0.603012
0.138904
0.121294
0.504243
0.460050
0.167333
0.225710
0.280848
0.052915
0.184884
0.142495
0.450091
0.116421
0.057470
0.537390
0.188641
0.342090
0.260172
0.291124
0.196623
0.547499
0.235912
0.085689
0.412857
0.383699
0.338224
0.046282
0.410094
0.368540
0.038500
0.428550
0.005843
0.095690
0.234150
0.153388
0.398492
0.176906
0.338001
0.257078
0.494272
0.095421
0.369547
0.572370
0.191712
0.261087
0.212198
0.102989
0.267784
0.258631
0.327412
0.216505
0.043760
0.014649
0.201676
0.170303
0.032908
0.336050
0.345932
0.421541
0.251796
0.110654
0.021934
0.000738
0.058434
0.426039
0.243294
0.120896
0.083493
0.108375
0.434967
0.671172
0.049297
0.232389
0.195617
0.193934
0.130028
0.295305
0.696338
0.338144
0.121913
0.015674
0.090005
0.267868
0.107043
0.123492
0.183070
0.358402
0.155054
0.254642
0.110144
0.041961
0.160553
0.432092
0.191503
0.381230
0.322712
0.220321
0.425373
0.392220
0.206030
0.078931
0.220789
0.033447
0.083257
0.170937
0.036679
0.417376
0.145579
0.367764
0.374639
0.096104
0.135329
0.339389
0.386144
0.122614
0.153118
0.201788
0.350897
0.410053
0.003709
0.239649
0.282716
0.322716
0.352775
0.145661
0.157979
0.426596
0.017229
0.288001
0.141789
0.530858
0.265171
0.021151
0.322619
0.051998
0.523352
0.233190
0.692867
0.129025
0.017545
0.612098
0.058094
0.265320
0.374979
0.469696
0.165813
0.026728
0.143220
0.341996
0.245257
0.080149
0.120224
0.233810
0.271788
0.192044
0.193548
0.153965
0.290826
0.141732
0.492970
0.060044
0.498004
0.104380
0.292877
0.432969
0.040750
0.056845
0.119768
0.014399
0.169551
0.167883
0.473207
0.185726
0.546945
0.219794
0.499910
0.021642
0.148450
0.178612
0.191716
0.054385
0.458471
0.269861
0.064948
0.250611
0.256673
0.200737
0.084670
0.304490
0.308763
0.350546
0.040091
0.628342
0.068191
0.253079
0.387387
0.118965
0.144317
0.437202
0.046924
0.026251
0.101123
0.487014
0.494428
0.318517
0.418933
0.145948
0.447772
0.282391
0.261424
0.004257
0.176520
0.353409
0.357316
0.091677
0.232228
0.112766
0.027490
0.322477
0.211674
0.044152
0.292616
0.239119
0.180339
0.363422
0.318326
0.541674
0.306475
0.036604
0.075873
0.144467
0.022430
0.361550
0.102023
0.042354
0.118472
0.459101
0.270327
0.158330
0.172371
0.350250
0.528148
0.282833
0.108576
0.208419
0.380157
0.133918
0.329492
0.430230
0.116329
0.471081
0.259388
0.425812
0.432219
0.163356
0.068580
0.211511
0.062851
0.068612
0.129669
0.009136
0.137645
0.361905
0.178188
0.341550
0.365327
0.159538
0.355751
0.220434
0.145360
0.139875
0.217634
0.327207
0.182426
0.005859
0.519818
0.127043
0.467205
0.070187
0.512083
0.137656
0.360446
0.328034
0.112505
0.218356
0.079158
0.364634
0.441942
0.272560
0.177934
0.288720
0.195716
0.004531
0.177400
0.039502
0.412048
0.353402
0.353802
0.019365
0.035334
0.270676
0.095883
0.281540
0.615959
0.256949
0.243650
0.012903
0.095873
0.003051
0.143852
0.235635
0.066069
0.315829
0.039341
0.429959
0.133359
0.093977
0.261652
0.384001
0.227306
0.011770
0.446449
0.590930
0.531232
0.416253
0.393600
0.028984
0.204066
0.141801
0.008745
0.166911
0.335388
0.156160
0.059452
0.017488
0.274511
0.044964
0.419280
0.383160
0.121067
0.245976
0.123806
0.298133
0.141354
0.663143
0.012814
0.089974
0.300408
0.293378
0.117037
0.195340
0.209573
0.003001
0.060168
0.215268
0.091318
0.007129
0.483006
0.284798
0.107881
0.347299
0.268797
0.070958
0.264778
0.331691
0.060346
0.012719
0.075539
0.124599
0.352653
0.016772
0.087931
0.018192
0.241137
0.562553
0.285417
0.169507
0.196769
0.428538
0.398648
0.453905
0.021445
0.340493
0.297945
0.026312
0.073445
0.103539
0.021744
0.083858
0.164194
0.105867
0.372589
0.010126
0.387356
0.425664
0.333035
0.548597
0.071990
0.259445
0.548003
0.196255
0.195064
0.444540
0.214681
0.055335
0.534264
0.134179
0.008311
0.363265
0.603063
0.032828
0.312357
0.087373
0.461049
0.259930
0.048588
0.131203
0.383011
0.067830
0.147539
0.333191
0.053647
0.368761
0.036973
0.583897
0.197254
0.246453
0.150050
0.244767
0.110892
0.148723
0.199672
0.044055
0.402441
0.197004
0.003369
0.492198
0.150774
0.020790
0.370281
0.407792
0.103918
0.252594
0.457252
0.351883
0.118440
0.106284
0.559381
0.493031
0.097709
0.006937
0.286885
0.344479
0.439710
0.431768
0.099506
0.039363
0.401993
0.025254
0.126648
0.356113
0.039268
0.220982
0.485581
0.140687
0.109964
0.251483
0.274373
0.087949
0.267738
0.047626
0.522828
0.171088
0.102463
0.036181
0.154018
0.047319
0.136215
0.030897
0.449397
0.149285
0.184960
0.302320
0.054981
0.253485
0.429931
0.218459
0.685373
0.617162
0.039911
0.288172
0.126445
0.136444
0.293900
0.223300
0.431476
0.338346
0.023819
0.730528
0.226406
0.076522
0.344135
0.271593
0.035525
0.517492
0.093557
0.173852
0.068438
0.327914
0.261375
0.327349
0.040379
0.067856
0.005228
0.188073
0.166666
0.436254
0.421287
0.007428
0.124397
0.303311
0.646533
0.183089
0.171545
0.538522
0.054285
0.346476
0.396906
0.104232
0.216023
0.100924
0.299348
0.098692
0.224895
0.013002
0.304121
0.229858
0.135999
0.293820
0.286255
0.022903
0.126041
0.107659
0.158980
0.640417
0.309329
0.036682
0.385940
0.207174
0.444219
0.169660
0.141406
0.054356
0.061033
0.562397
0.466650
0.039055
0.207887
0.179127
0.198398
0.020014
0.146167
0.610673
0.206913
0.007702
0.611221
0.418494
0.153886
0.515327
0.099088
0.209108
0.336594
0.134687
0.136778
0.352500
0.471460
0.236849
0.213385
0.237547
0.061386
0.093394
0.067172
0.000213
0.460677
0.315234
0.495326
0.090208
0.312406
0.235946
0.263648
0.393200
0.118638
0.178686
0.321645
0.180971
0.237790
0.472697
0.277313
0.037748
0.290802
0.280011
0.321079
0.064818
0.066789
0.325332
0.114245
0.315526
0.257470
0.312705
0.064835
0.152138
0.092624
0.082872
0.283802
0.009589
0.005238
0.373694
0.161888
0.695063
0.257072
0.205831
0.381142
0.285950
0.574603
0.092449
0.052842
0.381399
0.135750
0.250629
0.264691
0.272194
0.268035
0.583455
0.023680
0.505635
0.178096
0.021370
0.365883
0.325897
0.239192
0.048081
0.109733
0.223064
0.149587
0.308136
0.289715
0.383201
0.060793
0.110063
0.255929
0.184149
0.230773
0.602386
0.265767
0.145770
0.234361
0.275594
0.260451
0.088916
0.296214
0.025701
0.209742
0.074498
0.416197
0.026168
0.062674
0.202982
0.024049
0.539588
0.316831
0.061371
0.121073
0.070158
0.126092
0.062785
0.042781
0.283790
0.030297
0.664396
0.325301
0.159895
0.134165
0.125954
0.055086
0.294892
0.298009
0.302278
0.302067
0.181979
0.284534
0.236559
0.332602
0.222847
0.117178
0.271845
0.031293
0.328853
0.013538
0.177948
0.021338
0.199266
0.564362
0.385951
0.197844
0.398858
0.107187
0.552284
0.271955
0.442701
0.085332
0.563743
0.284669
0.127097
0.167821
0.139283
0.352724
0.031403
0.035948
0.483406
0.519126
0.275194
0.035958
0.268733
0.385817
0.242059
0.459308
0.320464
0.250653
0.291615
0.236668
0.283039
0.447867
0.167919
0.476744
0.023597
0.168512
0.495268
0.598320
0.036379
0.032844
0.455354
0.186034
0.282243
0.363527
0.250245
0.383613
0.008457
0.079831
0.287172
0.031735
0.227677
0.290122
0.411924
0.171844
0.270370
0.140963
0.148232
0.047981
0.204096
0.314015
0.037194
0.110768
0.036427
0.062799
0.502444
0.222266
0.295165
0.028397
0.080536
0.061835
0.392416
0.117428
0.070130
0.132353
0.156545
0.238540
0.280149
0.121319
0.314719
0.257837
0.087785
0.002513
0.418215
0.158768
0.276456
0.120002
0.055735
0.105664
0.147974
0.227250
0.041890
0.027664
0.034369
0.086120
0.305168
0.256886
0.107717
0.412946
0.320598
0.422938
0.285482
0.176920
0.092194
0.027066
0.098490
0.187876
0.330148
0.546003
0.175150
0.040947
0.465601
0.377587
0.555835
0.129575
0.024375
0.129164
0.014357
0.630670
0.249012
0.065002
0.473578
0.070204
0.552635
0.058856
0.177711
0.099553
0.141611
0.294303
0.147175
0.164200
0.186872
0.482316
0.114007
0.062999
0.310829
0.156082
0.256117
0.265471
0.063165
0.016259
0.313163
0.273168
0.410919
0.175498
0.218800
0.381894
0.442280
0.541132
0.224303
0.000668
0.225445
0.750618
0.080813
0.219844
0.105754
0.162025
0.089253
0.011035
0.493997
0.086853
0.123018
0.276039
0.241124
0.463984
0.176901
0.379594
0.104657
0.340046
0.103921
0.166378
0.054513
0.507590
0.061265
0.089829
0.210329
0.393600
0.114986
0.553684
0.296399
0.095661
0.512077
0.005754
0.225550
0.107923
0.022341
0.073071
0.208864
0.628852
0.466441
0.313499
0.151150
0.192416
0.479379
0.358272
0.222276
0.058932
0.040411
0.189751
0.142599
0.151772
0.422389
0.152646
0.378189
0.132274
0.072903
0.535015
0.272358
0.410271
0.437228
0.333181
0.103496
0.214835
0.149658
0.303474
0.087936
0.510915
0.295448
0.284637
0.067488
0.045512
0.026331
0.434777
0.161956
0.368691
0.065392
0.249195
0.154543
0.246889
0.410104
0.384751
0.068121
0.222147
0.164275
0.166563
0.244172
0.008098
0.320405
0.224792
0.037253
0.485552
0.264616
0.255347
0.096826
0.062034
0.000950
0.202408
0.294316
0.436944
0.031182
0.131190
0.170950
0.190010
0.317346
0.410939
0.267089
0.251362
0.288919
0.086412
0.000719
0.547867
0.775377
0.221660
0.443344
0.033812
0.340916
0.386134
0.125321
0.003903
0.148637
0.112214
0.183445
0.356326
0.040478
0.096058
0.239918
0.196159
0.379708
0.027972
0.024918
0.070242
0.018430
0.078756
0.234353
0.312363
0.214697
0.036404
0.022384
0.202035
0.299639
0.139243
0.278518
0.355836
0.453136
0.022489
0.485382
0.412762
0.007100
0.143058
0.469931
0.323742
0.229954
0.141002
0.143933
0.544968
0.290526
0.047494
0.350446
0.289593
0.263034
0.124298
0.365822
0.202458
0.034207
0.325805
0.265489
0.320924
0.333440
0.359952
0.110808
0.092008
0.355953
0.437931
0.108848
0.300585
0.225720
0.251016
0.046461
0.175651
0.277192
0.469601
0.214801
0.409068
0.040859
0.268402
0.419052
0.295538
0.164826
0.086353
0.452413
0.452615
0.213077
0.335585
0.365712
0.139427
0.040181
0.184671
0.040366
0.606133
0.292438
0.334961
0.001526
0.237596
0.236961
0.232235
0.133724
0.388130
0.191273
0.352838
0.025459
0.199942
0.480577
0.394007
0.340686
0.014232
0.684980
0.013213
0.045877
0.225039
0.268859
0.269745
0.168438
0.009504
0.158441
0.018309
0.005229
0.060091
0.222799
0.052615
0.389753
0.005139
0.159051
0.132301
0.205829
0.342225
0.048137
0.369206
0.017349
0.133202
0.429667
0.338629
0.490849
0.282274
0.509081
0.324869
0.312409
0.176564
0.167188
0.069668
0.229941
0.123600
0.315965
0.172944
0.253018
0.355468
0.408084
0.054764
0.193484
0.174960
0.264669
0.004564
0.152824
0.180851
0.256096
0.071676
0.004131
0.395659
0.005766
0.004814
0.239473
0.024514
0.023737
0.164380
0.312418
0.288407
0.325764
0.437579
0.247599
0.161915
0.380255
0.231767
0.059519
0.326441
0.131723
0.173699
0.121241
0.237857
0.392545
0.088747
0.371806
0.145013
0.320756
0.051412
0.441952
0.069909
0.181304
0.229079
0.114672
0.453908
0.406352
0.395448
0.282567
0.237849
0.166504
0.078336
0.192675
0.016692
0.151214
0.143121
0.432112
0.029007
0.204933
0.456099
0.063591
0.029251
0.538612
0.584317
0.095522
0.283710
0.093971
0.215807
0.461165
0.027332
0.391339
0.323276
0.328395
0.030155
0.244083
0.366258
0.434745
0.070210
0.283460
0.263487
0.022353
0.312449
0.447867
0.134937
0.197481
0.431996
0.327649
0.270298
0.129161
0.070448
0.027456
0.251022
0.405022
0.000244
0.237385
0.089400
0.094981
0.286882
0.336591
0.479407
0.461559
0.168789
0.379914
0.025680
0.285053
0.203872
0.134064
0.260178
0.118322
0.129850
0.161645
0.405604
0.002296
0.239481
0.616382
0.016768
0.033327
0.035885
0.323818
0.143495
0.186429
0.235559
0.041501
0.078501
0.418156
0.240427
0.387973
0.109258
0.229884
0.170040
0.067394
0.688709
0.355489
0.294700
0.163147
0.246553
0.024535
0.347643
0.013682
0.113272
0.250670
0.325354
0.193420
0.232317
0.460911
0.382595
0.244228
0.128260
0.023619
0.101834
0.431289
0.084557
0.221420
0.249126
0.068305
0.116602
0.215582
0.324502
0.252111
0.164032
0.133040
0.354081
0.331526
0.065269
0.108967
0.013233
0.036294
0.165797
0.177222
0.083120
0.205404
0.118574
0.175005
0.301941
0.048973
0.089718
0.484774
0.190907
0.030522
0.415417
0.051622
0.270874
0.107864
0.193512
0.059163
0.225516
0.194481
0.159731
0.114041
0.170443
0.137749
0.156600
0.172842
0.188882
0.049528
0.127292
0.223984
0.096527
0.161219
0.092242
0.137320
0.054084
0.158525
0.292086
0.001311
0.309604
0.582770
0.224139
0.519214
0.013408
0.351123
0.504679
0.102307
0.366305
0.038289
0.320287
0.222946
0.445082
0.085560
0.502525
0.059153
0.507205
0.133685
0.186214
0.195682
0.115558
0.133481
0.216845
0.166587
0.012286
0.260350
0.367285
0.185620
0.126953
0.051072
0.186075
0.038545
0.294278
0.268817
0.214731
0.505444
0.104446
0.250174
0.177440
0.107261
0.239163
0.061098
0.172045
0.107254
0.433257
0.121583
0.461152
0.240087
0.195946
0.156081
0.113970
0.085107
0.193755
0.004942
0.474398
0.023167
0.074793
0.191582
0.474821
0.007322
0.543892
0.138105
0.238469
0.003618
0.071641
0.374951
0.289731
0.279746
0.166450
0.080128
0.313589
0.417080
0.212565
0.325472
0.159089
0.020416
0.442642
0.207251
0.566564
0.048922
0.295001
0.213164
0.065114
0.423021
0.190320
0.311376
0.718378
0.367212
0.221340
0.187205
0.262810
0.227937
0.053525
0.109570
0.281577
0.073477
0.311700
0.083572
0.436246
0.274011
0.229091
0.118752
0.143322
0.224674
0.154340
0.074021
0.149207
0.340216
0.596965
0.009220
0.190335
0.358190
0.311475
0.287498
0.152828
0.366788
0.426392
0.169785
0.220053
0.020303
0.441143
0.131729
0.353672
0.094521
0.338144
0.164059
0.242105
0.150703
0.167257
0.002458
0.022223
0.260882
0.391758
0.052073
0.339793
0.186506
0.474136
0.014846
0.354265
0.253529
0.218041
0.162397
0.003499
0.010520
0.142744
0.315945
0.285468
0.160916
0.515812
0.081872
0.574019
0.106043
0.290522
0.178971
0.089907
0.071077
0.427004
0.147343
0.458933
0.056668
0.214478
0.153795
0.346326
0.236685
0.156506
0.258408
0.130330
0.575894
0.519374
0.105279
0.089946
0.171333
0.230381
0.258342
0.366635
0.125442
0.042753
0.015688
0.099256
0.146337
0.266103
0.322148
0.012921
0.378626
0.042679
0.176842
0.211677
0.053202
0.488236
0.311115
0.230625
0.087824
0.518920
0.152971
0.076053
0.427858
0.197271
0.041841
0.134239
0.076594
0.351757
0.023018
0.445378
0.330501
0.329741
0.385697
0.021377
0.419808
0.340597
0.363348
0.269020
0.621619
0.219858
0.006355
0.395146
0.469397
0.137905
0.068306
0.076435
0.094752
0.101826
0.300566
0.358001
0.090520
0.110161
0.054436
0.195178
0.188568
0.206423
0.189140
0.398181
0.392526
0.109425
0.402759
0.197544
0.418844
0.524988
0.455222
0.369144
0.356711
0.476831
0.121973
0.245815
0.063851
0.050080
0.561052
0.529800
0.194058
0.048675
0.162341
0.114641
0.048192
0.196706
0.439660
0.074639
0.346324
0.380584
0.013013
0.286096
0.021603
0.012957
0.018261
0.640442
0.001692
0.108130
0.282580
0.044461
0.198686
0.341973
0.230390
0.372278
0.065244
0.142516
0.368215
0.196068
0.050126
0.149500
0.110143
0.025438
0.462703
0.134553
0.278291
0.276669
0.361552
0.192835
0.433020
0.229166
0.315543
0.105284
0.139053
0.227417
0.360533
0.246413
0.250749
0.012540
0.121436
0.414389
0.381521
0.430152
0.332124
0.009909
0.497979
0.265002
0.001828
0.246699
0.226688
0.107462
0.157335
0.430819
0.119353
0.100946
0.124473
0.330477
0.233249
0.198855
0.201175
0.222233
0.031858
0.533627
0.227617
0.328685
0.364462
0.021873
0.315035
0.108553
0.430578
0.070504
0.345585
0.509490
0.695788
0.017876
0.206337
0.461961
0.078268
0.393623
0.263859
0.059435
0.165566
0.145153
0.238557
0.460106
0.164220
0.317899
0.059563
0.021994
0.157501
0.499222
0.187831
0.292362
0.205997
0.059783
0.338897
0.155394
0.019393
0.095123
0.049720
0.323657
0.365933
0.028866
0.280943
0.153129
0.485196
0.298867
0.087475
0.413069
0.364883
0.445605
0.145371
0.240840
0.010199
0.302459
0.175555
0.006769
0.342484
0.066671
0.330155
0.458081
0.352317
0.153024
0.297987
0.130215
0.471844
0.105215
0.067371
0.426334
0.280591
0.510741
0.097066
0.080082
0.336787
0.081058
0.336385
0.243923
0.219267
0.303898
0.407555
0.656134
0.078389
0.135130
0.393970
0.018142
0.336836
0.486768
0.222013
0.337431
0.094837
0.313117
0.368601
0.416056
0.404219
0.086652
0.085185
0.497688
0.098991
0.240723
0.187820
0.026104
0.173300
0.427273
0.324084
0.341185
0.144726
0.338999
0.381985
0.054184
0.434332
0.159123
0.023186
0.061435
0.014401
0.329029
0.171732
0.319508
0.101305
0.016784
0.472582
0.060396
0.221892
0.045099
0.053365
0.108192
0.585705
0.010726
0.093722
0.375580
0.046108
0.120618
0.136145
0.344482
0.443350
0.171385
0.146010
0.043827
0.334164
0.107861
0.215309
0.009531
0.033250
0.031105
0.098005
0.055372
0.354320
0.062992
0.551777
0.152723
0.223502
0.243692
0.112531
0.175490
0.169097
0.158538
0.064966
0.082011
0.148717
0.288296
0.026724
0.385964
0.346136
0.121679
0.668562
0.245603
0.149831
0.125243
0.122529
0.366556
0.356885
0.187342
0.143466
0.268000
0.311560
0.120856
0.300766
0.018341
0.287764
0.482152
0.322414
0.081535
0.593856
0.625007
0.325607
0.326447
0.145163
0.147863
0.384147
0.603789
0.303853
0.052792
0.006300
0.026461
0.350597
0.327537
0.736278
0.133601
0.284227
0.040993
0.143085
0.000010
0.651199
0.202930
0.604046
0.133433
0.034207
0.220354
0.130784
0.376735
0.017975
0.146502
0.188567
0.056450
0.632319
0.296701
0.372864
0.330928
0.080962
0.383539
0.232472
0.373791
0.085260
0.259833
0.192143
0.485721
0.346121
0.157869
0.366527
0.198421
0.057613
0.650207
0.009887
0.316618
0.502746
0.107754
0.153301
0.306856
0.439367
0.159809
0.148674
0.071657
0.336308
0.508779
0.240071
0.004045
0.022285
0.317684
0.548764
0.223813
0.280023
0.392527
0.101429
0.675078
0.412375
0.199305
0.137920
0.414531
0.177484
0.378489
0.252668
0.263771
0.372876
0.438468
0.426751
0.121694
0.649339
0.222499
0.009445
0.147776
0.023279
0.085147
0.370974
0.120293
0.269739
0.307424
0.327319
0.132007
0.131490
0.303511
0.378511
0.467837
0.228741
0.155835
0.438049
0.247677
0.604918
0.367357
0.146584
0.235474
0.548173
0.299199
0.028064
0.123688
0.378147
0.255063
0.197739
0.163588
0.186755
0.278189
0.321590
0.131287
0.144731
0.333255
0.163376
0.079010
0.211858
0.093670
0.097962
0.371596
0.191722
0.112409
0.044264
0.161763
0.250428
0.138382
0.478307
0.413183
0.390953
0.103202
0.026517
0.165982
0.257736
0.349836
0.066445
0.032864
0.255903
0.342112
0.258848
0.461209
0.105085
0.551662
0.162825
0.100001
0.022832
0.275463
0.064893
0.279300
0.052296
0.172023
0.181067
0.573352
0.412163
0.199838
0.328327
0.210694
0.075397
0.128461
0.425637
0.364698
0.336500
0.253772
0.100673
0.478398
0.123403
0.567119
0.085524
0.132073
0.456542
0.254828
0.105189
0.362009
0.447719
0.061822
0.345615
0.431548
0.007443
0.038949
0.001091
0.359604
0.247593
0.057750
0.506185
0.260794
0.434793
0.277622
0.216310
0.133748
0.537685
0.142212
0.115250
0.388300
0.200060
0.387562
0.043679
0.433367
0.221330
0.202221
0.442179
0.240073
0.012197
0.292171
0.010087
0.214062
0.243025
0.117241
0.229982
0.500598
0.114733
0.373683
0.610894
0.076694
0.128648
0.001575
0.319944
0.441389
0.420830
0.291555
0.029632
0.115836
0.036690
0.236997
0.039207
0.272303
0.033079
0.202898
0.397315
0.362803
0.034424
0.060934
0.117582
0.041024
0.183409
0.391007
0.040410
0.145939
0.101737
0.130834
0.647406
0.242387
0.037793
0.283677
0.005686
0.078342
0.254928
0.441485
0.567938
0.089649
0.190468
0.281092
0.084356
0.073798
0.145649
0.234215
0.306537
0.097027
0.172654
0.362595
0.079431
0.305518
0.664089
0.152134
0.223335
0.434925
0.428505
0.189270
0.020440
0.349590
0.120548
0.317511
0.093034
0.207782
0.017875
0.328690
0.036231
0.163564
0.314007
0.450524
0.198126
0.368312
0.330692
0.179082
0.070215
0.284111
0.084817
0.495422
0.515588
0.161675
0.184678
0.131194
0.344305
0.679091
0.153423
0.002162
0.268626
0.070997
0.005082
0.209012
0.376550
0.063968
0.099444
0.042669
0.005965
0.452786
0.343365
0.300356
0.083485
0.056170
0.507352
0.133901
0.060952
0.072572
0.680328
0.151056
0.081345
0.141790
0.088007
0.210569
0.019090
0.261410
0.078621
0.008162
0.108334
0.311083
0.027113
0.347987
0.191815
0.455550
0.204875
0.277461
0.148766
0.088538
0.569089
0.094034
0.031433
0.214340
0.435997
0.330034
0.107002
0.521340
0.297657
0.611296
0.292466
0.284284
0.116877
0.125181
0.110413
0.046471
0.305622
0.083884
0.361021
0.155707
0.349176
0.130899
0.319271
0.091676
0.293953
0.227721
0.434117
0.040508
0.525287
0.213765
0.284686
0.514724
0.043961
0.061870
0.292433
0.071638
0.071784
0.152995
0.130092
0.424753
0.239712
0.325103
0.053416
0.472033
0.130568
0.034522
0.283293
0.277208
0.298134
0.243248
0.037386
0.011574
0.094862
0.033263
0.200044
0.078692
0.008346
0.279603
0.323470
0.377749
0.143039
0.255889
0.494270
0.338386
0.084512
0.445247
0.169781
0.054969
0.228282
0.066541
0.131200
0.328796
0.201405
0.262824
0.058431
0.119498
0.402469
0.531901
0.417267
0.028256
0.391436
0.327463
0.090870
0.459043
0.377922
0.200876
0.416526
0.162767
0.337442
0.652257
0.214351
0.109897
0.392914
0.079220
0.041748
0.203952
0.102912
0.038745
0.276955
0.266434
0.412760
0.087672
0.165576
0.279835
0.357709
0.086131
0.133240
0.460732
0.196787
0.078064
0.029101
0.263689
0.123781
0.211708
0.240136
0.415998
0.122800
0.191579
0.405294
0.033718
0.193981
0.169386
0.461796
0.297333
0.032143
0.145416
0.341866
0.165372
0.134885
0.401314
0.113231
0.292988
0.442968
0.401018
0.044241
0.030226
0.080574
0.131910
0.262383
0.758798
0.368601
0.273406
0.020585
0.225277
0.285641
0.109496
0.439027
0.103189
0.178790
0.242988
0.443680
0.233586
0.091480
0.203256
0.426288
0.312658
0.094699
0.459105
0.558285
0.305614
0.285062
0.214425
0.115404
0.136856
0.147167
0.109255
0.110227
0.305873
0.213737
0.402948
0.233304
0.433036
0.163347
0.370369
0.495823
0.337101
0.360767
0.112010
0.055447
0.003400
0.558269
0.162589
0.146242
0.396670
0.398390
0.074298
0.485245
0.145655
0.070466
0.000270
0.207799
0.172368
0.283797
0.575043
0.228633
0.155940
0.306602
0.067629
0.054581
0.406065
0.168544
0.165790
0.086934
0.181411
0.206830
0.185122
0.076304
0.030158
0.052971
0.309623
0.521887
0.219912
0.050170
0.125626
0.308500
0.225053
0.417773
0.421315
0.491054
0.112115
0.004790
0.231337
0.330794
0.086625
0.027635
0.092172
0.280233
0.092301
0.047164
0.200239
0.274072
0.250562
0.229557
0.107105
0.148096
0.513751
0.115392
0.398844
0.146193
0.059117
0.066932
0.561610
0.103993
0.004311
0.485200
0.584794
0.040106
0.373534
0.061258
0.313723
0.189916
0.054231
0.421242
0.369214
0.095620
0.204340
0.392636
0.269397
0.150226
0.173019
0.582512
0.264645
0.324819
0.075599
0.206830
0.076614
0.191954
0.429339
0.308959
0.446314
0.114474
0.107511
0.553418
0.148816
0.078429
0.211355
0.092955
0.136582
0.572072
0.365107
0.105559
0.160026
0.467585
0.509581
0.402377
0.329642
0.233082
0.303789
0.546176
0.533505
0.506530
0.039312
0.223371
0.657071
0.135363
0.068305
0.439365
0.017825
0.123346
0.315557
0.074600
0.039060
0.237340
0.632142
0.184571
0.256531
0.003088
0.444158
0.334769
0.040824
0.071664
0.302099
0.327451
0.171509
0.022673
0.406994
0.129656
0.292940
0.027172
0.446048
0.168418
0.446270
0.201163
0.532334
0.429274
0.279746
0.533668
0.089713
0.022473
0.104308
0.118332
0.423485
0.599312
0.050019
0.518719
0.418327
0.019764
0.229664
0.150859
0.040413
0.431801
0.449835
0.126762
0.034949
0.036153
0.092690
0.432946
0.079022
0.213045
0.057779
0.110476
0.116917
0.285492
0.571299
0.193346
0.266085
0.380814
0.469029
0.271281
0.141282
0.404593
0.156154
0.410740
0.377821
0.039741
0.142737
0.472551
0.244146
0.017426
0.156280
0.098985
0.237469
0.382794
0.051971
0.231611
0.488445
0.093596
0.094476
0.109355
0.255025
0.590121
0.225297
0.080543
0.199785
0.193426
0.361447
0.156772
0.274702
0.038123
0.039475
0.430957
0.098764
0.179631
0.373097
0.157984
0.203862
0.168360
0.124803
0.219659
0.246806
0.008157
0.453664
0.356790
0.052962
0.482981
0.190665
0.554798
0.262285
0.023831
0.004715
0.496347
0.654673
0.130981
0.382557
0.073671
0.023805
0.081366
0.079689
0.000260
0.155137
0.340508
0.610995
0.129272
0.361436
0.317313
0.168970
0.332379
0.044842
0.218685
0.311861
0.104711
0.298309
0.634094
0.306355
0.101601
0.491196
0.190843
0.685702
0.317711
0.072988
0.468807
0.031204
0.388938
0.102974
0.183235
0.146031
0.253901
0.030728
0.014842
0.081058
0.111986
0.100133
0.124209
0.296452
0.270845
0.406977
0.168651
0.332667
0.079044
0.358074
0.089668
0.141706
0.391773
0.301042
0.112371
0.418307
0.374984
0.293533
0.349594
0.024635
0.508044
0.081328
0.033588
0.202166
0.312801
0.347769
0.019946
0.104079
0.178438
0.000237
0.088536
0.240235
0.323270
0.142295
0.172757
0.343805
0.118638
0.396219
0.634238
0.435601
0.520669
0.357913
0.232012
0.364672
0.125278
0.200693
0.021097
0.089128
0.291238
0.123510
0.031628
0.256959
0.196691
0.114101
0.258591
0.463632
0.026547
0.136632
0.216515
0.006893
0.052094
0.255892
0.415899
0.101905
0.496281
0.373491
0.055501
0.371230
0.073905
0.372324
0.089570
0.189130
0.383500
0.221830
0.017328
0.302833
0.379603
0.290464
0.209212
0.202354
0.299874
0.194052
0.367549
0.096694
0.144148
0.129344
0.102535
0.666572
0.333050
0.015204
0.379313
0.125568
0.575573
0.300533
0.611710
0.237887
0.443298
0.207351
0.102383
0.031746
0.469531
0.439259
0.196043
0.129713
0.562870
0.347365
0.398171
0.054763
0.206591
0.482191
0.315170
0.493879
0.263564
0.179938
0.161876
0.052914
0.080082
0.677684
0.019492
0.516669
0.070938
0.072430
0.716262
0.633594
0.068536
0.043671
0.528618
0.054453
0.528580
0.273400
0.222869
0.214102
0.179041
0.408166
0.159602
0.147139
0.040258
0.340386
0.207626
0.024267
0.247385
0.160734
0.400204
0.108895
0.003318
0.413649
0.124398
0.208000
0.041485
0.086707
0.367361
0.168421
0.188798
0.376743
0.121597
0.137590
0.428222
0.093798
0.001437
0.105095
0.366061
0.559073
0.300786
0.116852
0.311602
0.147857
0.242438
0.204133
0.294298
0.183245
0.383802
0.003084
0.085809
0.258330
0.135393
0.265266
0.129646
0.000028
0.036094
0.034837
0.194580
0.244974
0.167430
0.224739
0.029656
0.203076
0.480335
0.044816
0.017996
0.074065
0.026283
0.010617
0.315152
0.523123
0.023042
0.072212
0.482546
0.193823
0.130746
0.342684
0.172737
0.235553
0.011318
0.597649
0.041016
0.136716
0.321761
0.060679
0.640722
0.077860
0.337134
0.077376
0.166335
0.281539
0.092647
0.109003
0.461691
0.265098
0.429341
0.150832
0.620134
0.022010
0.255685
0.236660
0.112117
0.061216
0.291091
0.358907
0.375222
0.258387
0.105092
0.386555
0.391020
0.277092
0.058417
0.124774
0.238510
0.493629
0.026201
0.259400
0.422090
0.134266
0.010101
0.083497
0.492866
0.051289
0.062417
0.472665
0.221668
0.416320
0.093070
0.192824
0.000782
0.113536
0.091119
0.042122
0.053431
0.424868
0.149572
0.175113
0.387173
0.361294
0.764449
0.405886
0.245386
0.229655
0.247714
0.087524
0.319435
0.252491
0.112397
0.024374
0.101393
0.525875
0.071661
0.234530
0.160472
0.212132
0.522523
0.330597
0.045679
0.127251
0.282570
0.445156
0.408931
0.513120
0.148593
0.047117
0.493289
0.194600
0.396627
0.335742
0.002959
0.367090
0.578870
0.407236
0.331540
0.069065
0.342561
0.156056
0.269883
0.215638
0.465057
0.101688
0.118322
0.204966
0.094231
0.435053
0.415680
0.246027
0.156650
0.335504
0.067394
0.207788
0.560666
0.634767
0.177241
0.399348
0.176643
0.325243
0.388288
0.017974
0.231076
0.021150
0.113997
0.199046
0.085060
0.087604
0.246125
0.066566
0.139758
0.084894
0.492469
0.343297
0.186577
0.161986
0.223456
0.107550
0.377294
0.137724
0.291191
0.449864
0.384638
0.080506
0.086168
0.298009
0.495281
0.122244
0.319563
0.286893
0.128637
0.356935
0.122320
0.254507
0.232089
0.118175
0.231228
0.363017
0.058632
0.122658
0.365805
0.160734
0.393033
0.012921
0.000531
0.079572
0.245440
0.170719
0.252508
0.339002
0.204217
0.122530
0.125163
0.203834
0.348321
0.013263
0.109664
0.427316
0.292561
0.133904
0.572661
0.185581
0.152029
0.113706
0.306476
0.359681
0.464471
0.421920
0.026648
0.673706
0.450803
0.066807
0.312233
0.423120
0.117050
0.238359
0.380321
0.367345
0.336617
0.139520
0.481838
0.493424
0.436746
0.046524
0.038092
0.275005
0.170476
0.588349
0.115694
0.308314
0.089422
0.472622
0.145117
0.019929
0.200660
0.429768
0.164990
0.473600
0.436553
0.068905
0.283150
0.213203
0.102323
0.054408
0.361565
0.286127
0.189475
0.273485
0.453992
0.117682
0.146014
0.054391
0.018862
0.515841
0.385018
0.551701
0.044922
0.004978
0.140177
0.200543
0.059654
0.322172
0.062634
0.412379
0.033006
0.109895
0.269993
0.212638
0.055252
0.302278
0.349311
0.042023
0.278887
0.459454
0.212622
0.409878
0.266960
0.240088
0.064171
0.078065
0.069373
0.003683
0.362908
0.001731
0.340847
0.049329
0.242596
0.038821
0.099863
0.460369
0.272881
0.281010
0.372899
0.231321
0.461297
0.185262
0.401464
0.067630
0.441658
0.470659
0.214658
0.160388
0.312889
0.123083
0.063793
0.171911
0.469787
0.190424
0.066949
0.257739
0.410338
0.014205
0.154438
0.070830
0.324768
0.041524
0.483436
0.429465
0.170877
0.277477
0.144005
0.500776
0.039444
0.030821
0.118758
0.008977
0.141766
0.182562
0.387190
0.121579
0.219475
0.299916
0.157678
0.269249
0.388513
0.075035
0.057743
0.084780
0.002018
0.144564
0.239391
0.192233
0.459093
0.132783
0.315585
0.157611
0.280901
0.262850
0.349384
0.220736
0.321580
0.190967
0.024459
0.249475
0.166302
0.376338
0.059243
0.086669
0.390647
0.283163
0.041511
0.060497
0.292665
0.316945
0.324463
0.302092
0.066272
0.305583
0.065979
0.040981
0.521440
0.596754
0.157898
0.139204
0.186876
0.264325
0.325648
0.118708
0.164158
0.366841
0.283836
0.323360
0.023085
0.306884
0.431173
0.040667
0.092637
0.212349
0.015506
0.033223
0.316806
0.161978
0.149872
0.242608
0.099188
0.213520
0.401717
0.090826
0.067656
0.230159
0.377029
0.156309
0.016000
0.089905
0.354348
0.325886
0.369269
0.357436
0.200525
0.432445
0.099714
0.035474
0.442872
0.276510
0.234980
0.172763
0.297053
0.132584
0.223051
0.452892
0.159853
0.270415
0.515541
0.434755
0.126510
0.238300
0.226649
0.084297
0.147451
0.075130
0.131033
0.195714
0.595883
0.176387
0.327634
0.016463
0.361252
0.057736
0.100544
0.806704
0.364560
0.076831
0.099475
0.120164
0.035893
0.233600
0.146683
0.108347
0.200897
0.242663
0.390029
0.171450
0.581957
0.302165
0.347969
0.379261
0.218365
0.005452
0.434708
0.307917
0.295621
0.469983
0.272690
0.154624
0.068810
0.122574
0.062173
0.094161
0.001884
0.002936
0.239457
0.154108
0.461547
0.067644
0.091195
0.017827
0.143446
0.174511
0.166332
0.081852
0.073969
0.170423
0.058131
0.154802
0.421692
0.014237
0.233837
0.130373
0.165288
0.112064
0.197415
0.464334
0.057595
0.025735
0.417375
0.065321
0.174947
0.284214
0.070130
0.130257
0.141903
0.395064
0.199522
0.193769
0.243807
0.128401
0.381905
0.060580
0.037144
0.189883
0.215505
0.228377
0.063028
0.630677
0.427553
0.007061
0.342453
0.151591
0.383131
0.352707
0.088500
0.394146
0.082564
0.016976
0.296606
0.290084
0.366399
0.510559
0.212524
0.472815
0.320342
0.470747
0.378446
0.119426
0.122919
0.327719
0.023680
0.035886
0.359991
0.294849
0.210526
0.162908
0.002772
0.174539
0.007785
0.084091
0.193007
0.251473
0.600685
0.004989
0.104959
0.148529
0.004306
0.237590
0.325689
0.304956
0.032338
0.463535
0.123666
0.472730
0.420664
0.286224
0.102968
0.294379
0.052060
0.177096
0.037292
0.219141
0.218279
0.290810
0.068125
0.465867
0.082065
0.241531
0.382847
0.280691
0.157607
0.092613
0.120667
0.342972
0.367922
0.274653
0.204302
0.382485
0.292426
0.143971
0.261440
0.204855
0.062294
0.639134
0.284231
0.315363
0.050082
0.106045
0.209760
0.117540
0.217273
0.281223
0.440122
0.452511
0.405532
0.224622
0.216318
0.631339
0.640667
0.436068
0.018457
0.327745
0.252577
0.261026
0.282358
0.506631
0.238184
0.279245
0.189810
0.349812
0.298880
0.093569
0.213913
0.139801
0.300508
0.739310
0.234889
0.012650
0.419750
0.238574
0.719306
0.093839
0.100676
0.481183
0.007561
0.282800
0.308868
0.237346
0.385143
0.266532
0.087738
0.342716
0.063455
0.127196
0.021306
0.133683
0.061616
0.212687
0.573785
0.494777
0.022268
0.232197
0.213754
0.500812
0.237996
0.303372
0.303507
0.085915
0.045370
0.046562
0.012318
0.395068
0.192274
0.309261
0.098989
0.459881
0.001182
0.382909
0.099052
0.317284
0.028783
0.284531
0.091200
0.513706
0.053644
0.780878
0.153087
0.095067
0.179750
0.407898
0.041679
0.228476
0.140966
0.182444
0.421452
0.440688
0.288449
0.342952
0.198779
0.070988
0.340377
0.361581
0.151715
0.100695
0.107892
0.219098
0.001440
0.478027
0.380455
0.137974
0.040586
0.146295
0.035259
0.391028
0.159181
0.568766
0.278866
0.222908
0.044609
0.369045
0.403215
0.128102
0.456345
0.186996
0.154091
0.025491
0.062749
0.489939
0.035761
0.034847
0.105732
0.390091
0.484203
0.101175
0.398867
0.209269
0.391898
0.195659
0.438935
0.292874
0.196499
0.299858
0.531786
0.258368
0.074814
0.072621
0.248296
0.173471
0.337628
0.307000
0.285766
0.183978
0.013708
0.127058
0.145796
0.134733
0.136229
0.210469
0.049052
0.243324
0.149685
0.339255
0.448026
0.410896
0.422445
0.125939
0.043317
0.560640
0.079570
0.299535
0.152208
0.021611
0.403899
0.516459
0.488983
0.099713
0.288198
0.140867
0.385408
0.209445
0.366386
0.082988
0.529437
0.544045
0.072044
0.445462
0.032583
0.011140
0.010124
0.385636
0.081061
0.273596
0.310387
0.234321
0.175615
0.308377
0.135765
0.325702
0.146570
0.025391
0.096649
0.068103
0.067315
0.056606
0.164022
0.083842
0.260970
0.211721
0.243714
0.185455
0.397589
0.233577
0.291302
0.235875
0.122718
0.210477
0.081878
0.296230
0.412950
0.160210
0.626967
0.024162
0.142400
0.379880
0.327649
0.311051
0.278182
0.047937
0.382591
0.072537
0.049888
0.047067
0.256029
0.011076
0.643814
0.667924
0.334374
0.369737
0.184879
0.559442
0.155539
0.506921
0.171356
0.397515
0.017546
0.497383
0.159457
0.311500
0.494209
0.008459
0.087417
0.093276
0.177726
0.335996
0.534386
0.053468
0.622201
0.010613
0.235595
0.397327
0.053895
0.233112
0.500221
0.127650
0.474787
0.123369
0.282392
0.512825
0.210710
0.009928
0.032613
0.260343
0.292015
0.264651
0.006139
0.184556
0.468926
0.102404
0.258698
0.289933
0.153631
0.139357
0.217487
0.242093
0.540897
0.093249
0.218875
0.182062
0.430895
0.265209
0.020270
0.548226
0.099784
0.274372
0.286389
0.063310
0.023682
0.507139
0.012128
0.152825
0.323989
0.135431
0.256042
0.269680
0.345443
0.174516
0.238585
0.041356
0.101867
0.060470
0.117796
0.298649
0.058082
0.337371
0.089932
0.063883
0.018441
0.085232
0.286860
0.016887
0.173189
0.120839
0.382643
0.694685
0.084169
0.141321
0.726634
0.065502
0.319745
0.488113
0.102477
0.448146
0.114525
0.099018
0.226402
0.359875
0.515997
0.163377
0.197056
0.264640
0.108640
0.021016
0.147535
0.038968
0.497840
0.135016
0.289042
0.173220
0.170635
0.110779
0.324145
0.240757
0.232708
0.274338
0.315164
0.009954
0.222995
0.112041
0.202336
0.151702
0.060677
0.071791
0.199457
0.130966
0.277689
0.101335
0.268757
0.215025
0.727453
0.051543
0.089076
0.200120
0.232245
0.013858
0.149460
0.244226
0.524264
0.152996
0.141082
0.301036
0.101608
0.035834
0.371104
0.115439
0.025569
0.111228
0.026364
0.011950
0.252264
0.206066
0.132624
0.329217
0.323462
0.187611
0.066151
0.061210
0.371169
0.201741
0.059692
0.087526
0.218012
0.237845
0.103285
0.049591
0.221186
0.325927
0.386457
0.176677
0.079820
0.057433
0.343996
0.245023
0.028793
0.603037
0.262881
0.390227
0.555467
0.279311
0.431790
0.145652
0.145291
0.314700
0.281643
0.031957
0.379958
0.569161
0.204082
0.451363
0.123475
0.052341
0.138492
0.426478
0.424886
0.252464
0.372210
0.187493
0.332951
0.047449
0.612228
0.085702
0.050971
0.222852
0.057698
0.059890
0.173590
0.225912
0.353423
0.098075
0.096115
0.135357
0.216482
0.139843
0.113916
0.052831
0.206384
0.376002
0.644173
0.165841
0.154291
0.318059
0.108283
0.471319
0.139176
0.278468
0.057600
0.425552
0.450110
0.441023
0.418132
0.186902
0.232557
0.317149
0.154109
0.438876
0.170976
0.149556
0.415302
0.018678
0.042782
0.300709
0.297013
0.242401
0.149628
0.195677
0.326932
0.509008
0.009238
0.059863
0.037496
0.353516
0.535082
0.111561
0.257073
0.290633
0.183136
0.510051
0.457360
0.180954
0.026366
0.549112
0.316966
0.414639
0.007232
0.085883
0.278450
0.540705
0.452118
0.041764
0.551767
0.530187
0.084062
0.237653
0.179137
0.010452
0.399301
0.267044
0.201480
0.133292
0.360058
0.093595
0.132696
0.310501
0.266677
0.537170
0.025186
0.203888
0.635740
0.004398
0.418418
0.257968
0.172181
0.173213
0.366274
0.128255
0.023117
0.162349
0.348286
0.182147
0.157175
0.013365
0.225625
0.284654
0.051600
0.289743
0.333457
0.075730
0.168801
0.270618
0.495102
0.103677
0.410370
0.522231
0.242931
0.207965
0.025482
0.133766
0.088396
0.066103
0.349988
0.268546
0.523572
0.006219
0.034522
0.069370
0.327038
0.418349
0.082086
0.017125
0.331195
0.339223
0.197680
0.379596
0.116633
0.396959
0.492944
0.220929
0.015741
0.077495
0.343103
0.040891
0.232839
0.038505
0.131234
0.255598
0.222077
0.101201
0.460217
0.184103
0.094850
0.023966
0.157038
0.375577
0.254820
0.311629
0.119562
0.301359
0.308467
0.218339
0.488138
0.261164
0.267712
0.361882
0.402234
0.263553
0.114416
0.248993
0.312272
0.508445
0.216006
0.016544
0.022907
0.243608
0.068808
0.020005
0.379842
0.286108
0.446611
0.081006
0.112716
0.062151
0.347350
0.025660
0.314113
0.320287
0.146878
0.316161
0.237220
0.210733
0.044864
0.171756
0.425202
0.520278
0.024035
0.383789
0.388381
0.123574
0.274566
0.006413
0.008393
0.428797
0.172827
0.252176
0.309641
0.145371
0.067147
0.000543
0.522673
0.471760
0.390509
0.253220
0.143453
0.282736
0.205865
0.123668
0.057722
0.399865
0.198073
0.004523
0.174844
0.340943
0.005464
0.118532
0.254992
0.006971
0.097973
0.439052
0.113863
0.135858
0.229308
0.029800
0.206560
0.290724
0.212347
0.248966
0.046447
0.068916
0.103623
0.223393
0.641299
0.287820
0.308146
0.361974
0.188453
0.343379
0.351579
0.219997
0.232204
0.120529
0.180674
0.382429
0.041727
0.196793
0.592748
0.030488
0.150639
0.454742
0.494174
0.083748
0.058931
0.258257
0.019582
0.337373
0.362657
0.181362
0.062871
0.454519
0.389747
0.119913
0.168769
0.384705
0.226091
0.549278
0.219439
0.151562
0.080684
0.361278
0.062387
0.212435
0.476041
0.270788
0.127543
0.173175
0.384438
0.644600
0.135980
0.309760
0.058741
0.121461
0.251685
0.156049
0.279129
0.180745
0.099143
0.209387
0.001479
0.176678
0.422350
0.141868
0.010920
0.313550
0.271390
0.078711
0.023422
0.134238
0.534789
0.446635
0.114433
0.249416
0.121454
0.186815
0.007027
0.354153
0.057856
0.170310
0.445199
0.089803
0.056303
0.391299
0.177107
0.258278
0.260126
0.160749
0.171778
0.008093
0.446481
0.113724
0.278205
0.222397
0.799635
0.404368
0.116225
0.406944
0.227419
0.326772
0.329796
0.079312
0.134149
0.293852
0.049693
0.029498
0.324607
0.307945
0.211836
0.282476
0.169469
0.013987
0.227673
0.257780
0.300708
0.097921
0.371462
0.028282
0.264262
0.263806
0.224146
0.586739
0.118616
0.070234
0.048012
0.242774
0.078769
0.368456
0.140206
0.282530
0.160840
0.206942
0.095538
0.402232
0.177312
0.168873
0.598763
0.391641
0.322591
0.157603
0.212029
0.123051
0.023597
0.090851
0.239923
0.172667
0.064905
0.327958
0.455922
0.296875
0.020716
0.103579
0.320468
0.192009
0.242615
0.615949
0.203897
0.190619
0.077987
0.071977
0.158277
0.142422
0.102793
0.058773
0.093900
0.013762
0.513127
0.382445
0.464476
0.137216
0.364066
0.186507
0.305331
0.513374
0.087299
0.166226
0.215852
0.048059
0.102711
0.468991
0.483012
0.323392
0.332090
0.263626
0.242349
0.134425
0.042569
0.005055
0.296854
0.213308
0.471727
0.080419
0.308375
0.191019
0.424687
0.098982
0.007063
0.432202
0.033712
0.330526
0.103515
0.005703
0.221373
0.009968
0.379979
0.233309
0.076431
0.115380
0.342556
0.296518
0.195102
0.323143
0.525278
0.224962
0.181757
0.249433
0.424740
0.033963
0.353457
0.402452
0.051776
0.169528
0.274155
0.388137
0.134786
0.158839
0.179387
0.119369
0.174636
0.488930
0.261229
0.432567
0.036353
0.425519
0.306205
0.219439
0.652742
0.036412
0.005237
0.510429
0.114154
0.162009
0.042375
0.091786
0.266336
0.189008
0.007731
0.198758
0.368344
0.127850
0.068736
0.131943
0.178397
0.148086
0.160123
0.011020
0.085177
0.155425
0.278252
0.585657
0.408044
0.634353
0.101561
0.146132
0.462700
0.312412
0.357353
0.495736
0.060612
0.094790
0.308113
0.094550
0.292377
0.402945
0.415902
0.435368
0.536745
0.509984
0.053767
0.073469
0.364307
0.111527
0.506719
0.424727
0.005650
0.393659
0.254536
0.274753
0.045944
0.262830
0.210170
0.326768
0.168655
0.022093
0.359038
0.020140
0.103415
0.173286
0.026386
0.512620
0.348825
0.120162
0.010934
0.112942
0.161381
0.075344
0.351282
0.675066
0.376925
0.006113
0.006865
0.477808
0.626886
0.107977
0.032187
0.457036
0.277608
0.370054
0.194125
0.063833
0.274358
0.315239
0.059009
0.139509
0.126846
0.446145
0.114012
0.412127
0.098200
0.357875
0.308546
0.370668
0.192151
0.039943
0.378694
0.372701
0.080821
0.179351
0.067710
0.135859
0.225417
0.221024
0.484579
0.180097
0.028570
0.123792
0.543296
0.468290
0.082848
0.285584
0.462983
0.325531
0.323119
0.008055
0.366840
0.473355
0.344954
0.266447
0.592381
0.345407
0.215859
0.328998
0.609506
0.098970
0.038466
0.043312
0.221234
0.123320
0.570320
0.235451
0.062228
0.212427
0.632934
0.336208
0.314905
0.436059
0.298763
0.255156
0.715759
0.379425
0.319486
0.351181
0.154117
0.432263
0.124318
0.255175
0.171884
0.056256
0.094679
0.214061
0.122821
0.092221
0.169466
0.662548
0.188079
0.041654
0.054894
0.250164
0.433791
0.157041
0.467020
0.361130
0.583223
0.032795
0.209276
0.315831
0.056320
0.279651
0.082321
0.725837
0.013697
0.385356
0.305949
0.188664
0.010749
0.426201
0.541584
0.111911
0.141058
0.144368
0.465001
0.206022
0.690491
0.016453
0.162089
0.446998
0.139044
0.142371
0.430548
0.194440
0.225677
0.617218
0.256091
0.251957
0.058442
0.231241
0.491132
0.023604
0.329045
0.403209
0.053246
0.070732
0.148817
0.540135
0.034599
0.449371
0.246159
0.142529
0.289834
0.300726
0.219915
0.234110
0.119458
0.175456
0.039220
0.125771
0.743203
0.268010
0.103166
0.140842
0.153149
0.170708
0.283204
0.301642
0.328468
0.461523
0.075767
0.055225
0.042477
0.364357
0.239332
0.057435
0.162931
0.007151
0.067156
0.209730
0.070157
0.220619
0.132508
0.200899
0.288170
0.201152
0.392605
0.251600
0.135063
0.218009
0.243512
0.211727
0.198607
0.402377
0.018120
0.350319
0.108270
0.099262
0.267586
0.291073
0.532190
0.073122
0.139768
0.320908
0.346620
0.373627
0.064550
0.405627
0.080477
0.047058
0.032499
0.139992
0.212225
0.208579
0.367594
0.260815
0.378323
0.232243
0.128813
0.001883
0.122651
0.060604
0.228430
0.483348
0.149925
0.107147
0.449976
0.274996
0.129709
0.496237
0.115541
0.539144
0.492198
0.017667
0.483201
0.087665
0.280757
0.083566
0.185725
0.244656
0.268510
0.000514
0.056281
0.020081
0.094856
0.241753
0.122916
0.480387
0.018308
0.260633
0.553843
0.063745
0.055995
0.235888
0.353075
0.076284
0.354260
0.165086
0.082194
0.358822
0.087973
0.307770
0.054129
0.039817
0.369127
0.013916
0.157409
0.011550
0.280781
0.469551
0.078833
0.106116
0.249693
0.031984
0.159281
0.194220
0.328602
0.130187
0.314979
0.406758
0.130731
0.451640
0.466747
0.396805
0.598110
0.214078
0.021580
0.209683
0.553070
0.034722
0.178317
0.441388
0.641284
0.337994
0.129666
0.364322
0.665459
0.107006
0.155960
0.442034
0.214989
0.123395
0.296914
0.001286
0.159350
0.446714
0.532926
0.345091
0.296684
0.180558
0.141288
0.547529
0.042335
0.782325
0.134036
0.252531
0.195939
0.102404
0.164875
0.080447
0.411147
0.090329
0.253496
0.149747
0.312064
0.175469
0.416074
0.022969
0.427913
0.307156
0.020128
0.410113
0.142876
0.218177
0.274374
0.074379
0.392536
0.359098
0.633699
0.324760
0.046328
0.047354
0.057543
0.191386
0.482230
0.210780
0.140552
0.188088
0.395601
0.182778
0.411135
0.168995
0.026680
0.452056
0.249740
0.444018
0.149655
0.170289
0.095504
0.123129
0.156352
0.472507
0.018665
0.305963
0.015197
0.159438
0.457545
0.433467
0.080483
0.120179
0.276145
0.135663
0.307246
0.119853
0.231451
0.070514
0.467710
0.520391
0.489880
0.147958
0.181471
0.301094
0.068623
0.405085
0.034426
0.472502
0.505411
0.002531
0.207614
0.169586
0.062334
0.341322
0.135069
0.157050
0.143176
0.094542
0.261172
0.610142
0.208992
0.406166
0.551460
0.075130
0.103095
0.116498
0.412846
0.599538
0.194814
0.081264
0.312127
0.104900
0.353531
0.211191
0.221392
0.072462
0.375835
0.158441
0.115888
0.328076
0.293252
0.333945
0.106883
0.190962
0.233052
0.210545
0.236710
0.313169
0.066683
0.103700
0.191306
0.050924
0.484169
0.247757
0.112831
0.108696
0.026704
0.145608
0.225265
0.436434
0.053176
0.008971
0.237387
0.312605
0.138984
0.391649
0.034307
0.235232
0.124660
0.294661
0.327345
0.007761
0.212881
0.192281
0.419756
0.065378
0.531536
0.011733
0.349203
0.038107
0.275029
0.088555
0.470031
0.096599
0.537078
0.023335
0.577134
0.129560
0.318633
0.437939
0.038865
0.067530
0.210814
0.280013
0.306496
0.248802
0.257959
0.278696
0.418732
0.120675
0.066517
0.213186
0.273264
0.081659
0.065975
0.245527
0.499804
0.012235
0.237608
0.075536
0.043796
0.034360
0.130863
0.349169
0.322304
0.310601
0.083552
0.144277
0.024754
0.014961
0.171484
0.378971
0.175951
0.186083
0.262337
0.449158
0.527550
0.112905
0.933194
0.321174
0.061367
0.245978
0.084629
0.268080
0.366322
0.227447
0.177852
0.054117
0.320036
0.240778
0.222094
0.137075
0.087726
0.086435
0.343477
0.116898
0.228471
0.276560
0.434807
0.650357
0.553586
0.414143
0.359759
0.183741
0.328785
0.202414
0.810915
0.084450
0.145561
0.254417
0.537981
0.158424
0.195111
0.073080
0.454569
0.219093
0.119604
0.008957
0.575777
0.194948
0.356490
0.400304
0.039764
0.235960
0.501014
0.101181
0.333275
0.328775
0.255315
0.036242
0.304812
0.565223
0.239112
0.263293
0.371544
0.358687
0.387782
0.056962
0.215613
0.203480
0.365395
0.074212
0.205489
0.530833
0.394615
0.031790
0.215190
0.038761
0.573160
0.237699
0.341025
0.194826
0.221271
0.082437
0.257873
0.099876
0.317569
0.366230
0.318065
0.163633
0.252637
0.239750
0.220836
0.026789
0.182737
0.556524
0.387166
0.286702
0.194130
0.235187
0.378011
0.187885
0.298679
0.209633
0.233907
0.414264
0.146596
0.426872
0.425056
0.069872
0.235396
0.171837
0.433259
0.211615
0.338939
0.336240
0.044703
0.076345
0.214432
0.232002
0.357956
0.032767
0.091963
0.250990
0.120432
0.274351
0.346196
0.008288
0.410997
0.059667
0.217322
0.266780
0.563528
0.494152
0.118642
0.277960
0.445673
0.039756
0.228600
0.373437
0.163764
0.221853
0.223003
0.459284
0.556524
0.002285
0.454918
0.356273
0.333313
0.266348
0.103826
0.353679
0.109476
0.444617
0.389777
0.327032
0.123624
0.526974
0.205412
0.016823
0.058930
0.289661
0.038326
0.421454
0.725404
0.143863
0.221965
0.015507
0.154002
0.149246
0.376314
0.069286
0.320895
0.195108
0.167293
0.286335
0.369448
0.101607
0.055898
0.395501
0.354130
0.629365
0.094722
0.356001
0.073854
0.127476
0.151938
0.350801
0.093093
0.443125
0.127292
0.130499
0.269231
0.055829
0.163992
0.387363
0.057878
0.124338
0.418039
0.349389
0.151804
0.421113
0.225120
0.155996
0.156179
0.304130
0.112504
0.101102
0.408914
0.077696
0.297896
0.109717
0.169708
0.294675
0.367431
0.430992
0.271100
0.217136
0.736250
0.361934
0.382028
0.181289
0.239529
0.415387
0.191089
0.488884
0.133413
0.322628
0.316217
0.350473
0.199168
0.365554
0.382697
0.260038
0.175222
0.116994
0.233783
0.053806
0.023098
0.096806
0.321309
0.029637
0.418835
0.590482
0.010939
0.413144
0.249975
0.509339
0.080186
0.026572
0.018219
0.334834
0.110498
0.059121
0.430727
0.027719
0.031576
0.129927
0.005652
0.299220
0.215589
0.073965
0.239167
0.205589
0.020519
0.538424
0.243807
0.116509
0.355705
0.046817
0.214055
0.075229
0.154888
0.488823
0.067994
0.218077
0.310851
0.404274
0.141503
0.181107
0.010752
0.224164
0.349962
0.094398
0.513628
0.412142
0.077697
0.005328
0.281176
0.526910
0.183286
0.340468
0.054320
0.015132
0.018311
0.213465
0.425163
0.442702
0.364139
0.083913
0.198913
0.423498
0.133081
0.142743
0.024114
0.493562
0.117787
0.414410
0.251427
0.286002
0.219660
0.180810
0.108908
0.043213
0.186273
0.058101
0.276853
0.346241
0.183504
0.011324
0.172776
0.220975
0.477205
0.108243
0.126628
0.147976
0.284814
0.258665
0.243913
0.123839
0.689284
0.369567
0.250924
0.245725
0.132056
0.339427
0.066095
0.043980
0.500909
0.097829
0.267869
0.181585
0.377169
0.033023
0.364386
0.117054
0.190339
0.004135
0.276312
0.705329
0.286126
0.298944
0.164595
0.051158
0.118709
0.331264
0.196397
0.155859
0.481650
0.219418
0.257249
0.258160
0.425939
0.130785
0.067809
0.406289
0.337975
0.017492
0.161759
0.023541
0.237766
0.119393
0.310894
0.061362
0.138349
0.307406
0.430713
0.005359
0.520347
0.087998
0.360931
0.622056
0.233761
0.002979
0.487743
0.514533
0.332723
0.577709
0.376835
0.290459
0.120632
0.011738
0.036558
0.080450
0.054174
0.079422
0.091269
0.174856
0.615720
0.150974
0.132766
0.030596
0.026127
0.160406
0.633480
0.355623
0.058108
0.093848
0.025090
0.266731
0.350398
0.015312
0.467728
0.039911
0.321086
0.013852
0.355833
0.577481
0.003511
0.376122
0.297214
0.072168
0.020051
0.424826
0.031627
0.255928
0.138855
0.537491
0.338149
0.311745
0.323595
0.258232
0.286607
0.192252
0.009033
0.239923
0.294333
0.258464
0.144385
0.601106
0.078960
0.033997
0.080901
0.204495
0.320530
0.136032
0.089624
0.479884
0.254513
0.518781
0.047487
0.130869
0.470665
0.385448
0.274106
0.190310
0.424827
0.572866
0.263006
0.236168
0.021834
0.314675
0.126070
0.059255
0.091415
0.297781
0.009491
0.288935
0.142448
0.093834
0.254640
0.102572
0.077264
0.190641
0.468237
0.051839
0.127885
0.129673
0.149533
0.391718
0.440148
0.246524
0.133853
0.357304
0.178618
0.161563
0.553311
0.357365
0.146709
0.500702
0.032766
0.324935
0.094793
0.058681
0.399659
0.519178
0.178385
0.331147
0.079626
0.050322
0.633663
0.073920
0.199471
0.143631
0.080344
0.366202
0.495759
0.188004
0.335061
0.432650
0.173891
0.012389
0.192793
0.178022
0.273771
0.520040
0.224796
0.061500
0.118496
0.052247
0.257241
0.075478
0.202744
0.300955
0.400718
0.047614
0.422952
0.186747
0.092853
0.546932
0.650922
0.368674
0.044938
0.359476
0.206374
0.275034
0.303262
0.379043
0.251128
0.140225
0.307090
0.229430
0.301652
0.122819
0.151568
0.060961
0.247648
0.499372
0.252023
0.238051
0.474535
0.212644
0.597141
0.225233
0.430571
0.494293
0.234922
0.404748
0.502521
0.097110
0.371966
0.032510
0.336762
0.169266
0.003710
0.003449
0.133930
0.235140
0.017915
0.527064
0.575815
0.628903
0.098542
0.229720
0.326338
0.323096
0.314996
0.211038
0.356728
0.084810
0.148515
0.060121
0.168855
0.523842
0.025949
0.236512
0.005332
0.342662
0.090198
0.326918
0.334528
0.269537
0.003665
0.436823
0.211406
0.540417
0.020866
0.476236
0.183960
0.238771
0.242994
0.250748
0.364479
0.052523
0.070935
0.013890
0.180427
0.344563
0.293746
0.465411
0.087497
0.053619
0.144481
0.195381
0.164707
0.266187
0.270796
0.286749
0.193200
0.361168
0.175767
0.120809
0.351516
0.424735
0.112111
0.324462
0.170548
0.524225
0.331355
0.072508
0.029094
0.173993
0.525164
0.089495
0.405322
0.198945
0.225933
0.046762
0.045719
0.489927
0.044032
0.290708
0.103685
0.415535
0.420487
0.247621
0.311838
0.044011
0.342176
0.059548
0.176300
0.302286
0.246737
0.163323
0.407991
0.315496
0.089212
0.223073
0.514412
0.192823
0.288982
0.225466
0.239981
0.282274
0.062638
0.014586
0.270312
0.376097
0.136045
0.077471
0.242406
0.163909
0.027360
0.393094
0.168293
0.259778
0.307404
0.142798
0.252622
0.360866
0.109777
0.363403
0.038784
0.075793
0.070811
0.242248
0.551999
0.094388
0.307142
0.172080
0.618854
0.523006
0.295462
0.217413
0.250377
0.381553
0.132549
0.468098
0.183604
0.008102
0.268885
0.029290
0.006335
0.559310
0.325895
0.403517
0.219699
0.446620
0.412592
0.225884
0.097054
0.339335
0.187795
0.220002
0.127620
0.163853
0.109511
0.124066
0.179413
0.071018
0.184251
0.182950
0.340335
0.030338
0.068416
0.000804
0.028874
0.317362
0.092552
0.210854
0.455033
0.097425
0.656510
0.024383
0.282805
0.203002
0.261936
0.112799
0.218196
0.069882
0.234384
0.091572
0.287537
0.237850
0.006635
0.116252
0.918604
0.508019
0.458201
0.423175
0.346547
0.579857
0.027721
0.410994
0.005212
0.323888
0.130642
0.446531
0.121013
0.083087
0.543938
0.099424
0.601955
0.378112
0.057300
0.363461
0.627009
0.388056
0.292207
0.124335
0.166560
0.126773
0.225220
0.100987
0.426403
0.155367
0.496930
0.001276
0.288931
0.436018
0.230215
0.054562
0.052322
0.442129
0.523615
0.051755
0.108128
0.172025
0.504996
0.128715
0.151921
0.377538
0.104464
0.261385
0.406229
0.017813
0.467855
0.155700
0.120690
0.152355
0.425368
0.383459
0.229491
0.405476
0.099155
0.058067
0.368708
0.068291
0.048037
0.530527
0.146415
0.367905
0.051878
0.052985
0.198622
0.085121
0.293470
0.153722
0.158333
0.114200
0.046428
0.164884
0.218136
0.122205
0.204269
0.256485
0.045656
0.348143
0.250007
0.189095
0.196721
0.346868
0.133700
0.108797
0.177449
0.335302
0.209029
0.441337
0.779186
0.073054
0.360651
0.243742
0.076376
0.440326
0.129048
0.054709
0.035091
0.321281
0.483151
0.227816
0.173398
0.037406
0.512023
0.056415
0.049744
0.138682
0.663076
0.047092
0.312149
0.123271
0.105245
0.263131
0.244321
0.415901
0.073957
0.373250
0.502689
0.135215
0.107965
0.138787
0.204666
0.091172
0.169239
0.039555
0.050793
0.282925
0.155511
0.099588
0.365070
0.209739
0.526142
0.020471
0.034104
0.013403
0.319731
0.249012
0.385073
0.247353
0.246098
0.170507
0.220233
0.661933
0.074809
0.314394
0.422533
0.023356
0.080070
0.301205
0.151187
0.246554
0.190587
0.295452
0.081945
0.329672
0.178876
0.059651
0.155038
0.043636
0.403153
0.100937
0.003911
0.163926
0.350786
0.144655
0.323468
0.223736
0.195503
0.189044
0.048757
0.482209
0.129295
0.056226
0.414224
0.083232
0.288336
0.730411
0.187826
0.420612
0.401490
0.393626
0.259609
0.341995
0.012911
0.214672
0.125281
0.131807
0.040933
0.328476
0.036813
0.457491
0.208593
0.193441
0.087232
0.259573
0.319536
0.325150
0.530912
0.440129
0.174391
0.202786
0.159159
0.249563
0.227735
0.326672
0.157440
0.321492
0.198693
0.194975
0.084411
0.060951
0.121923
0.394129
0.325247
0.152249
0.289373
0.111264
0.249937
0.515762
0.387532
0.029013
0.089314
0.179526
0.092234
0.478270
0.001123
0.250469
0.090670
0.329968
0.479153
0.310399
0.421056
0.100681
0.047417
0.212925
0.338887
0.167080
0.264198
0.141592
0.327260
0.070295
0.070685
0.334990
0.176899
0.324633
0.287799
0.495609
0.192560
0.284069
0.218174
0.081693
0.058426
0.434554
0.288573
0.005140
0.212871
0.257293
0.188578
0.334495
0.174144
0.213214
0.006458
0.481363
0.367258
0.260422
0.169316
0.039371
0.363851
0.535981
0.331291
0.166903
0.284293
0.488539
0.039603
0.127920
0.348317
0.065670
0.281422
0.362330
0.042115
0.136598
0.453136
0.048475
0.204632
0.000061
0.222369
0.474627
0.304839
0.058983
0.370366
0.162780
0.242286
0.059227
0.362952
0.010055
0.180514
0.010454
0.031482
0.275301
0.092258
0.183463
0.096727
0.226393
0.172022
0.477265
0.128872
0.322841
0.107083
0.100572
0.128090
0.351848
0.737633
0.031523
0.322567
0.462890
0.330649
0.189576
0.018570
0.002112
0.045256
0.399428
0.149747
0.040576
0.427585
0.022218
0.260768
0.001544
0.432946
0.315982
0.144434
0.058789
0.467535
0.203896
0.069898
0.235873
0.129530
0.131135
0.552827
0.377624
0.089225
0.158891
0.420067
0.164591
0.378023
0.204890
0.417810
0.116876
0.028615
0.234286
0.460228
0.109893
0.290156
0.103162
0.036714
0.541483
0.016940
0.257322
0.041793
0.046009
0.402997
0.097015
0.650652
0.342793
0.248019
0.229754
0.536473
0.150673
0.364280
0.306502
0.150451
0.363493
0.325792
0.074397
0.098252
0.250948
0.396291
0.150364
0.385697
0.199069
0.239487
0.199268
0.030223
0.134527
0.145094
0.074085
0.366005
0.393031
0.270048
0.294677
0.232744
0.091632
0.043180
0.091925
0.323026
0.612834
0.073729
0.350223
0.593039
0.352202
0.306341
0.156895
0.182877
0.376047
0.015583
0.026024
0.061889
0.129359
0.161596
0.318573
0.262614
0.337761
0.035336
0.305935
0.149729
0.480697
0.389625
0.022668
0.136794
0.257979
0.252352
0.111078
0.004429
0.114880
0.106603
0.210380
0.229745
0.150817
0.111977
0.507257
0.193136
0.006747
0.433699
0.019767
0.114891
0.260024
0.097193
0.239833
0.016242
0.027592
0.108912
0.116172
0.424256
0.043131
0.276184
0.363412
0.330917
0.466960
0.255388
0.058927
0.252120
0.417438
0.137702
0.317240
0.104204
0.011076
0.433292
0.190934
0.044305
0.434280
0.208988
0.159475
0.164491
0.295834
0.072831
0.334951
0.594398
0.036017
0.282971
0.406371
0.539747
0.030279
0.080682
0.194873
0.216425
0.471961
0.001982
0.357176
0.245590
0.405078
0.190235
0.343281
0.261465
0.335123
0.160101
0.200406
0.371222
0.274250
0.072457
0.650055
0.031403
0.302210
0.345007
0.084951
0.313729
0.163910
0.034398
0.111364
0.080380
0.001740
0.440952
0.418282
0.096469
0.531704
0.096564
0.049155
0.019131
0.172160
0.220672
0.476298
0.068885
0.316970
0.144010
0.296134
0.100787
0.250131
0.169032
0.192431
0.691299
0.295250
0.054787
0.474704
0.099407
0.147498
0.270771
0.140794
0.040351
0.005275
0.169982
0.084359
0.414592
0.079955
0.589552
0.244717
0.065956
0.179824
0.074769
0.044264
0.291093
0.068467
0.144378
0.384289
0.048650
0.119005
0.169520
0.439218
0.000623
0.464389
0.168501
0.004741
0.225196
0.259240
0.449097
0.002212
0.257254
0.282673
0.086612
0.148864
0.244401
0.482307
0.356094
0.176174
0.149025
0.423534
0.010116
0.405395
0.230214
0.144530
0.020890
0.101725
0.223764
0.183618
0.280435
0.175273
0.450432
0.435718
0.273153
0.101901
0.359913
0.233775
0.029020
0.154748
0.366124
0.099575
0.158221
0.430798
0.458768
0.054156
0.151828
0.011134
0.229029
0.117386
0.443174
0.436911
0.208638
0.199676
0.180279
0.152398
0.143423
0.204406
0.063613
0.128725
0.155050
0.016758
0.404871
0.038259
0.345103
0.327767
0.306426
0.073084
0.307514
0.356535
0.004674
0.015482
0.085646
0.017759
0.014334
0.318232
0.300561
0.443992
0.027212
0.425044
0.327583
0.098715
0.112066
0.058175
0.297015
0.060799
0.415306
0.055925
0.359536
0.211820
0.289187
0.163965
0.202257
0.333202
0.046090
0.234407
0.145602
0.136621
0.016444
0.194571
0.292895
0.052242
0.096889
0.198679
0.309355
0.526522
0.102470
0.449595
0.429490
0.234568
0.209176
0.339725
0.406755
0.117943
0.395486
0.330400
0.186255
0.102243
0.036551
0.371956
0.178656
0.365230
0.031015
0.080654
0.091349
0.320311
0.133114
0.439385
0.127101
0.505252
0.202362
0.284299
0.539103
0.051542
0.058311
0.485684
0.403796
0.021883
0.267534
0.399719
0.213706
0.001645
0.181355
0.074617
0.276572
0.027310
0.202938
0.016133
0.122290
0.075475
0.044142
0.217493
0.157800
0.011435
0.194172
0.408294
0.130462
0.435245
0.001264
0.012776
0.256115
0.116652
0.326530
0.571970
0.007924
0.087918
0.056526
0.094218
0.215492
0.272102
0.364568
0.513077
0.308206
0.328312
0.105295
0.106162
0.612660
0.138285
0.314941
0.121734
0.232719
0.407588
0.187150
0.175259
0.365591
0.034716
0.463473
0.391063
0.284162
0.285690
0.243566
0.173179
0.274209
0.487161
0.086518
0.660871
0.228587
0.160196
0.172078
0.151811
0.048458
0.055259
0.297598
0.383999
0.170429
0.037996
0.054896
0.668314
0.618267
0.026879
0.120416
0.610170
0.007079
0.187582
0.374427
0.073689
0.238704
0.326217
0.028171
0.039360
0.176920
0.461308
0.170916
0.306247
0.286347
0.504664
0.624796
0.273774
0.241632
0.098407
0.259155
0.256177
0.125670
0.241559
0.008577
0.079389
0.235311
0.371503
0.413053
0.060774
0.066899
0.049862
0.588582
0.467985
0.191265
0.246114
0.295956
0.351792
0.420210
0.056925
0.431710
0.533617
0.342337
0.039050
0.455174
0.201940
0.368090
0.525836
0.495904
0.376621
0.084145
0.149889
0.337930
0.152267
0.295881
0.289680
0.164492
0.161655
0.444454
0.210351
0.306595
0.337429
0.196619
0.241707
0.610619
0.353557
0.190441
0.663673
0.077884
0.208747
0.033868
0.593198
0.005721
0.107176
0.100401
0.183823
0.291890
0.088544
0.208675
0.547158
0.253935
0.092607
0.181764
0.037163
0.326844
0.293913
0.607793
0.134943
0.712889
0.035467
0.498562
0.360057
0.164492
0.220490
0.041804
0.529895
0.101106
0.227701
0.503144
0.100245
0.352753
0.272568
0.333087
0.052799
0.311090
0.278102
0.554287
0.072344
0.361877
0.088813
0.172012
0.285524
0.207311
0.071791
0.422630
0.276656
0.076802
0.576074
0.552371
0.406791
0.147528
0.269660
0.306289
0.207098
0.388082
0.658203
0.220100
0.123112
0.013970
0.339195
0.283219
0.619261
0.019787
0.013992
0.230940
0.202961
0.007025
0.330756
0.182910
0.171160
0.041558
0.245901
0.599622
0.191134
0.171820
0.210960
0.212078
0.060856
0.027256
0.521101
0.250380
0.279283
0.352352
0.087491
0.084729
0.413926
0.082828
0.115403
0.014525
0.104180
0.001710
0.165922
0.053053
0.173746
0.016052
0.157154
0.093602
0.212722
0.531088
0.069638
0.107342
0.204469
0.160962
0.450657
0.324150
0.527806
0.033640
0.246819
0.095830
0.228717
0.190245
0.227067
0.271468
0.089232
0.101669
0.447331
0.106014
0.076010
0.114594
0.330992
0.154887
0.099678
0.152691
0.385591
0.418378
0.446543
0.349735
0.153195
0.476633
0.063790
0.145750
0.140125
0.054185
0.267179
0.108102
0.622319
0.235772
0.113392
0.101977
0.220754
0.083279
0.457789
0.139852
0.054129
0.477743
0.136806
0.235687
0.004515
0.113203
0.018711
0.360135
0.385105
0.298405
0.172974
0.073463
0.056854
0.061715
0.458627
0.198717
0.505780
0.109214
0.018720
0.656586
0.208541
0.104654
0.257820
0.436280
0.083359
0.305722
0.046020
0.095980
0.226386
0.071800
0.286905
0.036267
0.012174
0.068707
0.096336
0.285931
0.104346
0.273107
0.416070
0.289056
0.238138
0.278401
0.000281
0.013690
0.285910
0.258123
0.019689
0.509152
0.364136
0.352672
0.299831
0.209624
0.189409
0.478339
0.100307
0.072214
0.003330
0.741608
0.117232
0.340629
0.635925
0.600913
0.584016
0.317374
0.165283
0.558145
0.022206
0.305068
0.163279
0.512352
0.102685
0.273757
0.103064
0.139421
0.415922
0.496722
0.593182
0.144166
0.056515
0.016813
0.621506
0.006597
0.556432
0.297773
0.353980
0.000368
0.545018
0.097232
0.186019
0.333211
0.281508
0.164383
0.023964
0.305655
0.076925
0.227956
0.154800
0.630589
0.614943
0.011528
0.083541
0.137463
0.334112
0.111881
0.115914
0.037172
0.385909
0.440252
0.147696
0.115456
0.056510
0.135581
0.386903
0.365775
0.036976
0.239438
0.079277
0.051607
0.097238
0.229846
0.276771
0.164957
0.356487
0.073777
0.290119
0.094438
0.230391
0.182944
0.317159
0.240575
0.189927
0.150961
0.148298
0.110228
0.284993
0.096851
0.221044
0.050933
0.041569
0.013353
0.187484
0.054318
0.025183
0.382267
0.031202
0.566939
0.399979
0.524293
0.085149
0.292834
0.385942
0.470843
0.573232
0.273097
0.374541
0.391758
0.072001
0.356956
0.064375
0.113590
0.279538
0.223041
0.459013
0.077526
0.059704
0.416207
0.323036
0.239255
0.612065
0.593708
0.012965
0.177188
0.119956
0.354037
0.374345
0.039935
0.218392
0.170604
0.028227
0.294135
0.140263
0.340649
0.173892
0.187005
0.222597
0.161469
0.502856
0.414442
0.368178
0.003457
0.506405
0.458777
0.263223
0.304952
0.388091
0.073945
0.196477
0.183690
0.028828
0.395189
0.231008
0.346618
0.027400
0.252720
0.173076
0.027181
0.128068
0.051993
0.182174
0.013357
0.790599
0.177865
0.338955
0.187824
0.198673
0.276197
0.127347
0.490821
0.207112
0.257995
0.305033
0.225941
0.059765
0.552776
0.032085
0.594106
0.300480
0.261211
0.136710
0.366454
0.471580
0.421113
0.274166
0.198616
0.054762
0.402804
0.491784
0.270066
0.277263
0.136092
0.018224
0.192029
0.132734
0.464223
0.060457
0.330340
0.034164
0.057614
0.305334
0.299215
0.295084
0.107969
0.506239
0.424137
0.012471
0.437701
0.151346
0.361044
0.111063
0.272608
0.111570
0.379540
0.241041
0.253667
0.275089
0.005666
0.102706
0.117781
0.609545
0.147056
0.029929
0.218860
0.515085
0.348940
0.104251
0.345947
0.382975
0.132512
0.109211
0.007168
0.346151
0.476175
0.032085
0.157575
0.005781
0.397900
0.031235
0.173682
0.034333
0.003714
0.101716
0.150501
0.032603
0.220245
0.530316
0.291063
0.537735
0.418282
0.099035
0.137633
0.271864
0.101874
0.250899
0.746496
0.409266
0.131448
0.135929
0.477948
0.195003
0.270795
0.299995
0.449483
0.335962
0.156062
0.013017
0.522177
0.325869
0.415289
0.178005
0.169273
0.066731
0.340262
0.058388
0.298530
0.122041
0.195727
0.121503
0.044964
0.157899
0.324940
0.086414
0.126608
0.167993
0.198992
0.166197
0.183955
0.247094
0.443128
0.099792
0.263427
0.625913
0.613105
0.024967
0.154325
0.133698
0.428330
0.200743
0.332135
0.099263
0.180027
0.020009
0.150938
0.096123
0.395494
0.006421
0.170032
0.481854
0.265321
0.178839
0.109980
0.019669
0.106478
0.609154
0.282288
0.338627
0.343886
0.016945
0.508444
0.267760
0.303193
0.017939
0.378771
0.444347
0.136579
0.334697
0.424740
0.102629
0.399081
0.450065
0.441961
0.187187
0.315855
0.271206
0.128920
0.354210
0.207840
0.221666
0.396127
0.009569
0.192099
0.150738
0.003075
0.279044
0.068974
0.018415
0.620397
0.026859
0.210795
0.235664
0.464202
0.268135
0.249862
0.290722
0.419576
0.037644
0.226828
0.369622
0.348084
0.066541
0.100566
0.422522
0.567634
0.022682
0.316942
0.068206
0.062849
0.364319
0.099092
0.213966
0.330994
0.208454
0.496266
0.310391
0.260924
0.376836
0.006614
0.074290
0.137038
0.194904
0.252999
0.278100
0.482367
0.227096
0.120877
0.140912
0.456758
0.170945
0.394622
0.024530
0.426631
0.226325
0.227861
0.490333
0.499277
0.164546
0.113722
0.196465
0.265046
0.366192
0.069118
0.526444
0.089141
0.049001
0.111751
0.199460
0.280011
0.309410
0.012588
0.159283
0.283977
0.263023
0.235017
0.360756
0.207949
0.095885
0.416126
0.192255
0.282550
0.381435
0.083847
0.006529
0.413183
0.396801
0.085503
0.316975
0.288711
0.060725
0.246815
0.264065
0.214779
0.443168
0.380051
0.365391
0.127905
0.201368
0.743131
0.376972
0.295295
0.306806
0.116018
0.502523
0.045683
0.317523
0.406342
0.380003
0.063476
0.508424
0.320751
0.406014
0.236597
0.222733
0.153584
0.185997
0.072529
0.231267
0.131591
0.231805
0.281452
0.157018
0.196712
0.488962
0.055447
0.434153
0.234890
0.394086
0.074257
0.080899
0.034898
0.546699
0.032372
0.005201
0.275591
0.052688
0.206623
0.101135
0.288912
0.291440
0.141210
0.246933
0.419477
0.369362
0.073429
0.590192
0.194357
0.118743
0.272925
0.116633
0.126261
0.199755
0.048267
0.484820
0.238049
0.056490
0.179973
0.311570
0.307136
0.129210
0.142972
0.177287
0.430402
0.102646
0.426667
0.207554
0.073878
0.108983
0.228070
0.523132
0.036272
0.082064
0.089563
0.014905
0.054963
0.407091
0.415493
0.201125
0.281778
0.148649
0.167357
0.498359
0.057764
0.151864
0.027576
0.375186
0.061088
0.137539
0.199590
0.228555
0.054476
0.372236
0.145428
0.095314
0.345873
0.045362
0.281883
0.205571
0.149451
0.069281
0.349993
0.374071
0.433559
0.172707
0.134670
0.246315
0.156213
0.280417
0.299878
0.306784
0.627685
0.242248
0.059003
0.296710
0.213350
0.009360
0.022554
0.017358
0.349211
0.025611
0.181228
0.176039
0.317437
0.170136
0.332203
0.072721
0.139660
0.382871
0.029149
0.553803
0.350900
0.152113
0.279943
0.086907
0.478111
0.260562
0.001525
0.104222
0.129955
0.296014
0.250044
0.373622
0.282461
0.280088
0.013740
0.045623
0.083213
0.105528
0.367889
0.224333
0.444708
0.016703
0.358765
0.086033
0.510818
0.303837
0.292794
0.261930
0.378340
0.024658
0.351625
0.505344
0.142067
0.106403
0.360799
0.572998
0.300779
0.491762
0.273554
0.397791
0.178875
0.130123
0.130958
0.225215
0.032375
0.070614
0.358300
0.156030
0.467577
0.347216
0.025972
0.185534
0.217902
0.222762
0.735068
0.335343
0.127276
0.073891
0.326383
0.315013
0.155984
0.167906
0.605157
0.135150
0.302199
0.067675
0.252299
0.447668
0.148716
0.617832
0.068178
0.285578
0.154901
0.383430
0.268830
0.352337
0.033325
0.370602
0.316257
0.102405
0.216938
0.636939
0.027882
0.334349
0.096331
0.334731
0.400868
0.373191
0.433516
0.258724
0.366250
0.275372
0.020587
0.070553
0.213406
0.037890
0.185859
0.353271
0.419149
0.624402
0.259758
0.057939
0.178980
0.161373
0.090436
0.038810
0.347639
0.428959
0.007393
0.453668
0.161989
0.178280
0.052266
0.280259
0.297026
0.236094
0.261098
0.056314
0.229568
0.019612
0.543191
0.141944
0.146019
0.179590
0.276654
0.152382
0.307130
0.299674
0.302716
0.420198
0.181872
0.089352
0.363467
0.004043
0.229120
0.188384
0.493497
0.216976
0.422996
0.538757
0.034760
0.405158
0.077346
0.023112
0.474433
0.561355
0.314208
0.287704
0.055347
0.052767
0.642666
0.202019
0.022203
0.004912
0.003710
0.393314
0.567468
0.090221
0.389079
0.431950
0.131507
0.058239
0.214924
0.065047
0.438992
0.310698
0.183387
0.009035
0.176057
0.076145
0.428226
0.001424
0.386377
0.244658
0.420576
0.235347
0.254699
0.166624
0.037601
0.213793
0.392494
0.001121
0.074962
0.275827
0.029637
0.348402
0.207652
0.120152
0.335675
0.045807
0.440719
0.014682
0.230144
0.275989
0.043423
0.037733
0.087915
0.172308
0.049934
0.341671
0.382986
0.218207
0.211273
0.328329
0.659931
0.359717
0.206455
0.422088
0.466856
0.058851
0.171910
0.193403
0.343552
0.089195
0.062993
0.022324
0.149091
0.210326
0.071976
0.559626
0.139960
0.529766
0.151537
0.214809
0.303091
0.173925
0.060426
0.068567
0.279109
0.361014
0.331547
0.161425
0.421232
0.382282
0.276210
0.015664
0.034486
0.212657
0.181879
0.226265
0.261183
0.265230
0.079970
0.385710
0.279888
0.373783
0.078690
0.052096
0.104322
0.307815
0.104445
0.016510
0.611508
0.066671
0.030885
0.281286
0.026852
0.197935
0.142063
0.468317
0.082825
0.092832
0.108285
0.027122
0.151317
0.417326
0.311322
0.197719
0.256219
0.058346
0.232407
0.043857
0.370317
0.314830
0.209036
0.023444
0.026152
0.313999
0.443827
0.094343
0.054821
0.030886
0.456734
0.064293
0.193526
0.179797
0.027743
0.206531
0.047814
0.364080
0.206697
0.272266
0.060261
0.424476
0.323998
0.400845
0.281306
0.106540
0.294329
0.054424
0.073302
0.292992
0.124695
0.056930
0.158343
0.389615
0.025873
0.304838
0.615655
0.041662
0.222962
0.207221
0.118706
0.510306
0.030974
0.205233
0.386335
0.373098
0.266383
0.073149
0.232455
0.060992
0.163002
0.295344
0.110049
0.219249
0.180245
0.247735
0.307843
0.195545
0.307720
0.433489
0.136007
0.070652
0.150619
0.162094
0.380666
0.096703
0.255273
0.248353
0.566678
0.553753
0.139986
0.334846
0.234414
0.208672
0.267382
0.390762
0.354322
0.012238
0.642067
0.181665
0.184828
0.627906
0.253699
0.051101
0.286269
0.480801
0.400895
0.216065
0.057045
0.601446
0.145678
0.452385
0.067826
0.380183
0.408924
0.105196
0.053063
0.042984
0.280209
0.311259
0.300552
0.252945
0.076963
0.319722
0.234362
0.521435
0.032097
0.109685
0.285951
0.314403
0.599248
0.026990
0.304226
0.007130
0.298240
0.074694
0.054997
0.059211
0.131117
0.196146
0.426816
0.203436
0.330254
0.265190
0.464493
0.189481
0.326268
0.228108
0.226413
0.443061
0.033734
0.046610
0.137167
0.009038
0.184535
0.255361
0.220719
0.303898
0.436839
0.197255
0.886639
0.577030
0.139546
0.191571
0.507522
0.442619
0.040416
0.364168
0.135297
0.139627
0.368519
0.177986
0.101310
0.124139
0.484446
0.163437
0.069261
0.357860
0.045055
0.270511
0.309899
0.155226
0.329024
0.092308
0.140810
0.343519
0.493076
0.074933
0.085933
0.365680
0.036414
0.161416
0.367348
0.377688
0.207743
0.156141
0.493721
0.044498
0.437101
0.424961
0.567923
0.288444
0.144828
0.034579
0.391614
0.277533
0.007636
0.364570
0.151372
0.461239
0.098620
0.152338
0.236204
0.046976
0.330361
0.011630
0.063482
0.072801
0.014597
0.265810
0.340805
0.045877
0.010198
0.193671
0.037551
0.445895
0.303297
0.540800
0.218194
0.369808
0.149739
0.222398
0.019111
0.080024
0.100422
0.540113
0.330403
0.004903
0.394998
0.055596
0.124184
0.348826
0.020524
0.110231
0.031754
0.309726
0.326287
0.059851
0.154000
0.094559
0.736711
0.074422
0.090558
0.424662
0.593909
0.116217
0.280676
0.361355
0.582249
0.461650
0.147832
0.371864
0.296082
0.365937
0.514571
0.277392
0.465445
0.284205
0.042279
0.292949
0.020436
0.240641
0.136018
0.387628
0.194374
0.073091
0.302097
0.306597
0.272511
0.047100
0.133736
0.074299
0.289929
0.464545
0.391622
0.325543
0.095474
0.457432
0.297231
0.613812
0.158378
0.418599
0.220253
0.062586
0.164709
0.486277
0.183066
0.494325
0.133747
0.271838
0.005942
0.275862
0.026493
0.090970
0.310078
0.227845
0.327984
0.126389
0.166818
0.298284
0.469817
0.069610
0.433918
0.059550
0.252311
0.174061
0.142994
0.280126
0.221816
0.219922
0.319998
0.391102
0.319858
0.421315
0.194184
0.273041
0.143409
0.366656
0.011425
0.544053
0.112793
0.260762
0.010341
0.403596
0.243012
0.154487
0.073963
0.210700
0.399144
0.295862
0.101870
0.107948
0.243088
0.094601
0.401780
0.449451
0.134716
0.044539
0.105419
0.156997
0.182209
0.283013
0.465155
0.592531
0.299643
0.051980
0.127811
0.156692
0.176140
0.369451
0.462222
0.420187
0.423014
0.253532
0.260435
0.141767
0.116759
0.177033
0.316606
0.024149
0.383189
0.398981
0.132494
0.295820
0.193995
0.083119
0.264747
0.160426
0.467975
0.066695
0.219945
0.010297
0.463604
0.156589
0.144200
0.471517
0.276648
0.240727
0.099335
0.439342
0.131918
0.267302
0.237794
0.702006
0.003333
0.018958
0.284862
0.078229
0.047904
0.435570
0.086346
0.151121
0.181255
0.297426
0.017726
0.198614
0.177015
0.112171
0.039206
0.399313
0.312665
0.049628
0.052244
0.105097
0.481476
0.420372
0.257529
0.301424
0.070064
0.217009
0.156291
0.088831
0.405039
0.075203
0.160190
0.414040
0.168526
0.200487
0.330976
0.212524
0.247391
0.300291
0.043217
0.203684
0.431737
0.238019
0.075808
0.155314
0.044643
0.015552
0.551147
0.122450
0.045494
0.145758
0.102122
0.404636
0.063384
0.291480
0.326336
0.248590
0.120781
0.547177
0.117279
0.271414
0.339796
0.241952
0.083150
0.383980
0.736596
0.084307
0.150613
0.247844
0.429843
0.128025
0.083777
0.083620
0.173593
0.505981
0.024527
0.229338
0.103787
0.235510
0.427870
0.176090
0.333660
0.193532
0.051225
0.129879
0.399151
0.136917
0.144479
0.229632
0.341007
0.130232
0.320593
0.501218
0.138723
0.543643
0.299735
0.244981
0.251953
0.284108
0.533056
0.119018
0.102363
0.525933
0.464228
0.303391
0.454683
0.090824
0.193084
0.653006
0.221751
0.131115
0.157721
0.078881
0.191992
0.121145
0.346112
0.165672
0.272715
0.036522
0.540131
0.044881
0.626641
0.252976
0.091547
0.208533
0.301195
0.034381
0.196839
0.317008
0.444605
0.208063
0.375025
0.053054
0.081121
0.374962
0.029296
0.214103
0.020716
0.111005
0.193766
0.460579
0.157558
0.215878
0.162334
0.059838
0.062991
0.242304
0.261082
0.348221
0.089255
0.236483
0.529804
0.273434
0.376870
0.330363
0.026311
0.289843
0.303143
0.204471
0.156467
0.092532
0.418878
0.666407
0.198653
0.036348
0.518859
0.313185
0.013164
0.523342
0.502039
0.079831
0.219251
0.140908
0.018891
0.121898
0.104595
0.202700
0.124197
0.127939
0.089553
0.401636
0.028266
0.386989
0.178146
0.174355
0.511112
0.076160
0.232775
0.052575
0.121446
0.265277
0.098413
0.091738
0.207568
0.153873
0.128951
0.435416
0.222998
0.212607
0.213414
0.398406
0.132978
0.114751
0.366703
0.585264
0.032965
0.388350
0.224120
0.138719
0.244052
0.205367
0.035015
0.188113
0.128578
0.278953
0.382344
0.221005
0.063780
0.192748
0.486235
0.056398
0.462385
0.395609
0.336316
0.040666
0.080367
0.043689
0.103884
0.217201
0.138684
0.334252
0.316119
0.424441
0.131704
0.775295
0.003577
0.315171
0.228629
0.243628
0.390105
0.232387
0.290554
0.756393
0.100424
0.413360
0.219901
0.061790
0.325090
0.140419
0.007704
0.169018
0.120422
0.110551
0.454533
0.457801
0.145787
0.688079
0.084196
0.236096
0.217096
0.022202
0.114040
0.258994
0.045551
0.155755
0.129629
0.363044
0.209308
0.147547
0.184683
0.058009
0.432737
0.542597
0.002256
0.489415
0.005057
0.082391
0.172225
0.343704
0.033944
0.042176
0.090424
0.124684
0.416437
0.304618
0.176450
0.149592
0.163619
0.001921
0.319412
0.060141
0.236428
0.044543
0.221621
0.386144
0.023672
0.318988
0.079776
0.236367
0.045580
0.612185
0.451308
0.063890
0.093271
0.186587
0.475471
0.010586
0.006846
0.440344
0.034469
0.031069
0.377840
0.283688
0.371585
0.261489
0.300426
0.403283
0.212877
0.390675
0.010965
0.120290
0.135018
0.111359
0.122105
0.013929
0.237690
0.074931
0.106488
0.263710
0.190409
0.194493
0.385604
0.186088
0.134707
0.049194
0.341288
0.361519
0.201790
0.457902
0.282293
0.156466
0.473185
0.059121
0.174842
0.055214
0.488110
0.010032
0.197102
0.084785
0.101845
0.244880
0.186339
0.487928
0.162699
0.209222
0.035997
0.063362
0.145118
0.262649
0.183950
0.500631
0.250649
0.178434
0.227446
0.346343
0.251358
0.181298
0.131171
0.032618
0.094583
0.093213
0.015024
0.293918
0.305872
0.594696
0.334470
0.370141
0.373686
0.162334
0.151303
0.139695
0.330326
0.103570
0.154130
0.287221
0.131333
0.294597
0.335188
0.327629
0.189330
0.141698
0.077651
0.016478
0.237857
0.208496
0.049181
0.070439
0.238272
0.236548
0.017459
0.409025
0.062159
0.415689
0.118244
0.363702
0.052241
0.302052
0.295717
0.255749
0.423842
0.155378
0.253934
0.195827
0.085017
0.122437
0.007521
0.417034
0.136458
0.125584
0.006095
0.307835
0.056580
0.201719
0.237312
0.362240
0.076143
0.469817
0.180189
0.054057
0.254830
0.426391
0.658607
0.206082
0.301387
0.468235
0.189400
0.062144
0.389758
0.266897
0.259215
0.066132
0.370791
0.072750
0.111544
0.061066
0.036546
0.359568
0.262417
0.024844
0.150136
0.175843
0.245175
0.094159
0.055158
0.066397
0.143461
0.187083
0.358686
0.265135
0.290094
0.004802
0.002729
0.390698
0.220069
0.027987
0.206036
0.216057
0.070950
0.155010
0.036168
0.146778
0.489414
0.442394
0.023589
0.061368
0.427638
0.261537
0.101724
0.174968
0.627752
0.272730
0.630415
0.291835
0.254993
0.440786
0.076030
0.215154
0.506122
0.595089
0.074029
0.466362
0.064573
0.150423
0.130212
0.164284
0.209607
0.020577
0.404968
0.020630
0.177954
0.193098
0.083698
0.633547
0.272682
0.088721
0.242398
0.355347
0.178673
0.114723
0.198537
0.229280
0.162379
0.276297
0.129673
0.117902
0.176964
0.399193
0.093756
0.187423
0.399996
0.384894
0.628001
0.301425
0.269061
0.087140
0.053568
0.085187
0.073276
0.424812
0.232574
0.056541
0.280532
0.338449
0.296999
0.225543
0.211378
0.011744
0.496237
0.140170
0.043728
0.071937
0.222598
0.085772
0.458408
0.035582
0.230254
0.321675
0.294596
0.191737
0.071934
0.057903
0.239917
0.414146
0.301008
0.410871
0.331731
0.186500
0.265567
0.219526
0.090910
0.311665
0.214065
0.008240
0.168002
0.098583
0.409934
0.109006
0.074498
0.272013
0.233131
0.202216
0.025554
0.549188
0.232668
0.165496
0.305871
0.833956
0.188294
0.078477
0.308916
0.225143
0.560631
0.058396
0.307302
0.423557
0.321419
0.091582
0.354104
0.082439
0.043930
0.242487
0.364629
0.064911
0.523307
0.039208
0.573124
0.419881
0.023113
0.095694
0.108691
0.214873
0.101367
0.123884
0.681585
0.217663
0.393519
0.036300
0.130142
0.046472
0.534344
0.260326
0.408993
0.382983
0.004695
0.241312
0.234911
0.067298
0.171490
0.044120
0.281622
0.347968
0.001307
0.470485
0.614889
0.175752
0.033806
0.059240
0.054771
0.433978
0.324109
0.513191
0.160257
0.163860
0.001111
0.111545
0.544179
0.469590
0.217095
0.041898
0.113544
0.204537
0.031936
0.474630
0.345646
0.253840
0.279969
0.269953
0.294937
0.004164
0.190414
0.369779
0.368678
0.020539
0.180371
0.385865
0.154031
0.033642
0.594889
0.225912
0.120196
0.232836
0.175705
0.147003
0.311029
0.005733
0.099641
0.355393
0.045502
0.028117
0.227387
0.015554
0.067552
0.026579
0.263886
0.352963
0.090712
0.210610
0.038209
0.407303
0.101833
0.378580
0.126199
0.112078
0.110150
0.437755
0.264880
0.214728
0.080781
0.127732
0.009250
0.383025
0.054763
0.001823
0.175511
0.345084
0.027583
0.158057
0.277531
0.549359
0.415635
0.339176
0.123998
0.436892
0.511570
0.336924
0.403166
0.218024
0.057211
0.442355
0.045109
0.588471
0.298988
0.210619
0.061432
0.220445
0.079734
0.269652
0.335482
0.180822
0.285006
0.105033
0.046652
0.063391
0.005758
0.141500
0.189260
0.389186
0.360866
0.273758
0.017463
0.062337
0.353217
0.449054
0.117238
0.250172
0.104405
0.332356
0.529722
0.325882
0.051023
0.286895
0.422822
0.104323
0.286612
0.155871
0.067169
0.075804
0.134066
0.275532
0.042813
0.020919
0.095185
0.259048
0.204415
0.117498
0.351116
0.353554
0.290423
0.293341
0.363666
0.034955
0.301884
0.332783
0.126749
0.167968
0.394009
0.232016
0.411489
0.049408
0.090097
0.119069
0.363722
0.438774
0.074898
0.274038
0.582405
0.206564
0.337428
0.439282
0.274229
0.413566
0.183567
0.225325
0.291964
0.247688
0.244892
0.032881
0.717495
0.086626
0.279433
0.151613
0.041850
0.330066
0.077686
0.619393
0.047336
0.216793
0.149543
0.509104
0.131881
0.082755
0.215883
0.336737
0.175687
0.778839
0.044266
0.305395
0.212227
0.505720
0.055698
0.182696
0.309363
0.179567
0.015283
0.214631
0.433923
0.652820
0.000868
0.267473
0.382380
0.242792
0.130022
0.169666
0.188763
0.250778
0.053570
0.019271
0.085775
0.150527
0.382163
0.622064
0.181753
0.109686
0.552133
0.222025
0.132567
0.158201
0.063816
0.373827
0.154002
0.256879
0.332759
0.226033
0.003117
0.367705
0.211120
0.354159
0.078648
0.035807
0.258378
0.573945
0.149797
0.483248
0.213414
0.001308
0.025403
0.278174
0.221946
0.016947
0.079662
0.067653
0.565029
0.115831
0.318262
0.050797
0.171153
0.133804
0.372489
0.306409
0.590678
0.405964
0.428308
0.118744
0.242154
0.154061
0.374646
0.217076
0.336191
0.064878
0.229148
0.589359
0.104784
0.145204
0.480354
0.147722
0.242267
0.354652
0.419483
0.059298
0.301724
0.067665
0.289136
0.129128
0.004430
0.211529
0.001434
0.006507
0.051394
0.055421
0.498855
0.594691
0.140894
0.146206
0.225482
0.390833
0.252030
0.377354
0.121962
0.562311
0.414310
0.137803
0.424645
0.332537
0.217563
0.026897
0.077317
0.036456
0.283169
0.147489
0.517940
0.152527
0.406634
0.204077
0.009972
0.168270
0.030631
0.381475
0.123062
0.755766
0.045148
0.277672
0.301105
0.175018
0.256358
0.074408
0.231235
0.516978
0.403235
0.420882
0.204580
0.074915
0.498662
0.046420
0.578865
0.621706
0.203057
0.187317
0.448315
0.536357
0.208504
0.381299
0.134737
0.130066
0.318374
0.350192
0.527586
0.266916
0.107144
0.130962
0.104315
0.007863
0.399145
0.176158
0.061338
0.042523
0.015397
0.358855
0.471892
0.380537
0.252114
0.454697
0.338562
0.109484
0.504743
0.117422
0.454212
0.236384
0.432692
0.215216
0.389065
0.198916
0.296629
0.318810
0.129058
0.341992
0.472418
0.443327
0.029518
0.034512
0.019085
0.425071
0.254664
0.282128
0.361062
0.257315
0.249825
0.039966
0.058770
0.363938
0.435149
0.203837
0.080977
0.175384
0.310280
0.061197
0.018362
0.024274
0.018090
0.333798
0.158553
0.199856
0.103025
0.667908
0.090583
0.307996
0.265947
0.147018
0.224971
0.011774
0.111191
0.415163
0.324546
0.382056
0.070999
0.057688
0.237829
0.442972
0.568043
0.154454
0.246749
0.273786
0.439192
0.151132
0.160657
0.201951
0.400636
0.182295
0.384108
0.021899
0.019903
0.123899
0.057053
0.015065
0.023503
0.220958
0.334916
0.204487
0.403626
0.060400
0.185761
0.029345
0.053623
0.187582
0.232435
0.124995
0.327304
0.066456
0.154129
0.305027
0.659702
0.068207
0.017870
0.011429
0.218193
0.290512
0.198006
0.030233
0.163312
0.102742
0.015083
0.059023
0.288090
0.341866
0.012804
0.458478
0.081994
0.209784
0.036975
0.000313
0.133246
0.416673
0.145305
0.339984
0.382856
0.182251
0.197132
0.119843
0.240971
0.038009
0.433501
0.047580
0.345296
0.018471
0.401299
0.090420
0.311848
0.491553
0.318256
0.075719
0.292761
0.184959
0.269309
0.519241
0.179003
0.165120
0.444607
0.138470
0.332300
0.250111
0.157182
0.109306
0.042082
0.086041
0.619450
0.063527
0.194559
0.097007
0.202480
0.057399
0.138925
0.434830
0.402471
0.014096
0.279869
0.115343
0.483590
0.233099
0.009524
0.260740
0.474744
0.174955
0.257279
0.054759
0.053194
0.262073
0.144977
0.177490
0.345147
0.092225
0.330394
0.157516
0.347476
0.199413
0.225757
0.207890
0.385573
0.223438
0.202632
0.081934
0.199636
0.192965
0.093681
0.212937
0.436326
0.087671
0.274280
0.185923
0.350139
0.225337
0.380927
0.416305
0.483937
0.079574
0.197952
0.006735
0.164191
0.085124
0.031331
0.546096
0.128283
0.315687
0.209558
0.050618
0.405829
0.170705
0.186079
0.153898
0.277071
0.206459
0.174352
0.380924
0.038106
0.140437
0.303154
0.088935
0.407368
0.163339
0.050457
0.219071
0.410876
0.366592
0.022023
0.385236
0.164202
0.001817
0.089698
0.482612
0.335778
0.450130
0.204119
0.332150
0.025121
0.111902
0.545535
0.250635
0.117632
0.079672
0.025250
0.391072
0.058320
0.009286
0.224803
0.175825
0.111871
0.268884
0.285968
0.402218
0.067642
0.176325
0.014565
0.372971
0.202425
0.438473
0.278287
0.329362
0.337341
0.265715
0.097117
0.339364
0.023823
0.325282
0.082202
0.211014
0.191771
0.241256
0.050894
0.496049
0.169135
0.022873
0.154561
0.297954
0.363610
0.170384
0.289064
0.269559
0.200720
0.279349
0.408122
0.280802
0.255852
0.334554
0.206799
0.255973
0.112141
0.258879
0.132825
0.253201
0.083381
0.369687
0.469885
0.150060
0.010725
0.129897
0.369086
0.130080
0.225550
0.206561
0.224430
0.073071
0.135844
0.041639
0.343234
0.170313
0.209509
0.175601
0.143376
0.268397
0.109545
0.203745
0.056721
0.404721
0.309989
0.005084
0.022788
0.341318
0.027289
0.357333
0.110913
0.054368
0.014018
0.195013
0.024250
0.070394
0.136172
0.179319
0.072897
0.322489
0.454944
0.107648
0.330392
0.193566
0.366791
0.075540
0.208036
0.019813
0.341779
0.419423
0.218131
0.156911
0.155352
0.419919
0.100761
0.326036
0.157553
0.370629
0.124174
0.050386
0.259930
0.306754
0.071532
0.251435
0.197225
0.102018
0.080718
0.011213
0.522433
0.113454
0.229658
0.183185
0.223843
0.131196
0.024075
0.693076
0.049457
0.370824
0.170770
0.204870
0.399812
0.119515
0.642972
0.054772
0.265726
0.211274
0.198969
0.332624
0.312973
0.310106
0.226745
0.493812
0.087267
0.252909
0.335394
0.361100
0.432565
0.253408
0.445316
0.044536
0.409915
0.252539
0.604883
0.281937
0.113567
0.519614
0.341160
0.016581
0.375051
0.228897
0.130549
0.148245
0.131976
0.384961
0.232307
0.289522
0.228409
0.448059
0.034069
0.252424
0.260948
0.404338
0.027883
0.274986
0.374353
0.093621
0.203458
0.449398
0.130139
0.417241
0.434610
0.337517
0.520401
0.160283
0.093370
0.068803
0.493982
0.158804
0.049565
0.354241
0.409668
0.295076
0.098154
0.046563
0.022163
0.119399
0.377765
0.542466
0.231573
0.386967
0.176771
0.332481
0.400082
0.392584
0.221508
0.318674
0.290652
0.206987
0.028664
0.539918
0.298365
0.377623
0.124604
0.412512
0.429138
0.460955
0.494772
0.019276
0.347935
0.405085
0.025627
0.220289
0.275034
0.117688
0.261227
0.200160
0.343548
0.397939
0.371871
0.126049
0.079776
0.097844
0.196531
0.109394
0.183035
0.207058
0.164177
0.563220
0.092694
0.064961
0.043995
0.497670
0.602386
0.177226
0.431387
0.288991
0.284959
0.016828
0.404380
0.198341
0.315164
0.222028
0.043195
0.225867
0.347430
0.325605
0.435281
0.354367
0.169948
0.045540
0.636388
0.260530
0.162324
0.243627
0.301955
0.039290
0.515430
0.303521
0.075408
0.395196
0.081878
0.007159
0.449843
0.415395
0.186250
0.340890
0.115047
0.039497
0.280289
0.375746
0.330267
0.009724
0.128238
0.625153
0.394693
0.028080
0.392875
0.312637
0.012714
0.018679
0.192472
0.126194
0.546902
0.055585
0.057132
0.022071
0.108088
0.137392
0.429696
0.075933
0.299444
0.312238
0.332828
0.086202
0.052755
0.226902
0.017362
0.133322
0.053032
0.298124
0.043134
0.165066
0.343612
0.477137
0.108476
0.055011
0.373859
0.018444
0.369385
0.159158
0.168043
0.242373
0.012348
0.218395
0.110686
0.011557
0.115151
0.409512
0.232362
0.307722
0.143079
0.315034
0.462488
0.168056
0.002027
0.418526
0.282854
0.206124
0.219509
0.455592
0.201736
0.326138
0.185071
0.258093
0.075976
0.170065
0.055312
0.305808
0.174016
0.270140
0.101347
0.233687
0.310812
0.037078
0.149760
0.056007
0.121105
0.581568
0.222429
0.211017
0.566407
0.306692
0.357335
0.005681
0.117634
0.203217
0.182674
0.072787
0.161163
0.197690
0.081159
0.350264
0.253440
0.183757
0.226963
0.116199
0.064480
0.219329
0.200138
0.059690
0.479914
0.369837
0.151556
0.301589
0.093240
0.109640
0.071131
0.434233
0.131087
0.039082
0.400556
0.073048
0.010713
0.460632
0.346737
0.069047
0.106218
0.251776
0.449520
0.154681
0.353584
0.038445
0.212122
0.280348
0.059556
0.025554
0.513613
0.040164
0.272666
0.002430
0.221456
0.100170
0.077933
0.266873
0.137237
0.366460
0.144114
0.112898
0.316098
0.177409
0.088343
0.310273
0.182305
0.441929
0.328940
0.248373
0.345180
0.121696
0.137793
0.331091
0.024980
0.043455
0.077360
0.526500
0.352845
0.125710
0.379238
0.180018
0.144762
0.237668
0.074825
0.585303
0.150483
0.243458
0.495747
0.130518
0.365779
0.227524
0.079235
0.306951
0.332355
0.236215
0.260272
0.290205
0.058194
0.050845
0.159675
0.045689
0.526961
0.371962
0.324234
0.123144
0.049700
0.226176
0.231017
0.228371
0.155578
0.309143
0.432018
0.399175
0.002083
0.470605
0.580102
0.135035
0.209222
0.175704
0.342104
0.048145
0.672341
0.118296
0.346844
0.458997
0.061119
0.376773
0.350059
0.368252
0.152502
0.144289
0.227397
0.611603
0.225189
0.523933
0.070968
0.453489
0.489349
0.000532
0.093685
0.088849
0.350939
0.365412
0.351203
0.301708
0.238439
0.288917
0.522350
0.579995
0.242779
0.030131
0.015897
0.379646
0.312749
0.083331
0.283526
0.084456
0.280381
0.121289
0.003903
0.069433
0.045368
0.451305
0.358099
0.040878
0.423544
0.270469
0.117618
0.030129
0.256414
0.056958
0.052231
0.291923
0.084553
0.166031
0.187880
0.290835
0.237139
0.080194
0.265034
0.473905
0.215213
0.171346
0.508558
0.497523
0.068555
0.018697
0.267591
0.184286
0.270101
0.478506
0.419868
0.087323
0.471818
0.397951
0.061707
0.157807
0.358492
0.292993
0.019035
0.261152
0.317802
0.579908
0.561752
0.080755
0.076711
0.051320
0.037364
0.523702
0.330548
0.069345
0.036152
0.297902
0.093385
0.020878
0.194003
0.522286
0.029654
0.262357
0.621949
0.088353
0.181256
0.379197
0.667092
0.099083
0.117883
0.044256
0.348122
0.496172
0.043738
0.185612
0.126717
0.345635
0.028401
0.243017
0.363828
0.182527
0.363179
0.199860
0.116974
0.067282
0.263143
0.303221
0.525846
0.011258
0.219743
0.089952
0.175237
0.285319
0.110048
0.591822
0.323955
0.115498
0.297651
0.170669
0.005928
0.015931
0.004908
0.537902
0.219113
0.077249
0.356294
0.025038
0.184041
0.196318
0.076662
0.173897
0.020594
0.363039
0.058104
0.066480
0.487331
0.084478
0.616288
0.117934
0.209685
0.634877
0.575263
0.032199
0.082340
0.438394
0.849181
0.327096
0.076761
0.168104
0.300793
0.240944
0.394119
0.313113
0.487715
0.241386
0.092919
0.392500
0.099342
0.350983
0.273230
0.428298
0.315541
0.251918
0.166577
0.358936
0.014227
0.086130
0.431288
0.092992
0.191715
0.463815
0.062790
0.308891
0.238196
0.633670
0.248928
0.226907
0.291512
0.093329
0.129876
0.027466
0.257522
0.402610
0.086178
0.389446
0.168124
0.169545
0.282935
0.286128
0.218017
0.175968
0.454110
0.197088
0.192248
0.315381
0.232296
0.386572
0.415588
0.102609
0.487753
0.032939
0.314375
0.527495
0.022742
0.014067
0.280299
0.365557
0.085599
0.413529
0.019736
0.093024
0.493983
0.052292
0.100752
0.253506
0.209305
0.448231
0.190624
0.320972
0.089361
0.585267
0.286075
0.132232
0.177764
0.017512
0.412746
0.132853
0.161847
0.003634
0.107586
0.062465
0.318611
0.393171
0.363919
0.157982
0.108251
0.177975
0.001308
0.056261
0.654601
0.543333
0.066810
0.015093
0.152253
0.132837
0.398389
0.203465
0.472844
0.458038
0.470331
0.363446
0.349679
0.185168
0.103769
0.075280
0.293271
0.050506
0.553262
0.152145
0.189707
0.328414
0.322514
0.087787
0.011145
0.211054
0.564037
0.103415
0.181994
0.040813
0.396242
0.058385
0.030997
0.515823
0.131147
0.467001
0.137339
0.515774
0.023024
0.192869
0.087998
0.514798
0.015469
0.272057
0.212518
0.189601
0.051946
0.292139
0.196700
0.304966
0.323734
0.132175
0.048944
0.169779
0.449697
0.092929
0.017243
0.121342
0.093096
0.058591
0.384423
0.192423
0.293373
0.258628
0.293948
0.258015
0.319780
0.018889
0.107229
0.419933
0.334085
0.096382
0.145095
0.331344
0.143907
0.239632
0.158010
0.146789
0.336050
0.233077
0.001837
0.060368
0.308799
0.361647
0.010226
0.005270
0.088082
0.046433
0.469645
0.129332
0.032339
0.242111
0.192571
0.401917
0.050888
0.380248
0.306331
0.051210
0.089231
0.399366
0.130907
0.216087
0.486259
0.173349
0.365344
0.388341
0.502720
0.337069
0.202598
0.009220
0.243097
0.107858
0.281843
0.102131
0.411173
0.484061
0.106784
0.325120
0.082474
0.502656
0.467424
0.224527
0.102595
0.189090
0.088254
0.220349
0.334958
0.087421
0.315527
0.344786
0.487567
0.394438
0.107038
0.379989
0.119923
0.668227
0.144772
0.064535
0.029826
0.263354
0.397004
0.187851
0.016042
0.596240
0.331126
0.258323
0.508262
0.087245
0.107848
0.468075
0.281221
0.157769
0.287075
0.036943
0.128555
0.158199
0.027399
0.228516
0.199463
0.162083
0.388384
0.060810
0.433911
0.093824
0.016833
0.001420
0.234145
0.050038
0.386941
0.252394
0.420212
0.151303
0.189741
0.047201
0.077223
0.201834
0.005564
0.368499
0.030252
0.000420
0.073445
0.344476
0.130421
0.102021
0.153904
0.115234
0.201560
0.209179
0.268611
0.232775
0.097561
0.194329
0.375597
0.063648
0.260915
0.351963
0.272068
0.193871
0.661624
0.338991
0.038716
0.227057
0.543407
0.365725
0.536359
0.138521
0.621241
0.074528
0.265800
0.415872
0.371370
0.041639
0.303787
0.064448
0.433015
0.213764
0.005003
0.423172
0.252997
0.110577
0.330342
0.536563
0.115713
0.145954
0.061689
0.239022
0.392682
0.225528
0.216915
0.338603
0.336011
0.363867
0.241388
0.053207
0.205638
0.194464
0.019744
0.630066
0.044391
0.059450
0.025364
0.412818
0.605814
0.174925
0.514895
0.555520
0.183524
0.441769
0.261795
0.042878
0.208592
0.250301
0.060949
0.008867
0.400183
0.365377
0.436260
0.198835
0.011030
0.072927
0.074166
0.089626
0.347135
0.425632
0.116194
0.299123
0.135671
0.108216
0.091700
0.008213
0.006848
0.146859
0.223144
0.372013
0.011715
0.630438
0.031181
0.155703
0.235620
0.231010
0.273320
0.387083
0.394331
0.241340
0.290465
0.468571
0.004497
0.096218
0.392655
0.474609
0.076678
0.443806
0.181315
0.331727
0.337114
0.179974
0.106814
0.646469
0.064962
0.437700
0.384026
0.151034
0.239683
0.136133
0.162664
0.046384
0.493214
0.338566
0.144836
0.129903
0.043434
0.315380
0.028375
0.572146
0.141038
0.270083
0.016244
0.061819
0.014044
0.368570
0.050216
0.184084
0.022038
0.295668
0.411723
0.532119
0.026570
0.357370
0.575129
0.022149
0.262941
0.023216
0.266897
0.318981
0.233157
0.233528
0.250078
0.454385
0.067449
0.256995
0.239420
0.317419
0.522174
0.187036
0.062561
0.161651
0.448749
0.099076
0.244342
0.416263
0.064774
0.193443
0.398013
0.025117
0.293972
0.279567
0.203340
0.197209
0.307876
0.260733
0.440768
0.172584
0.163108
0.182528
0.018912
0.096977
0.227900
0.084648
0.259850
0.109567
0.327364
0.331842
0.165735
0.097958
0.169783
0.083677
0.209034
0.333000
0.167147
0.349865
0.188463
0.253970
0.379531
0.153642
0.359211
0.059604
0.308923
0.279258
0.329054
0.062616
0.034337
0.377217
0.083568
0.570529
0.212104
0.152192
0.190136
0.175037
0.079481
0.279377
0.229304
0.485573
0.368956
0.329887
0.040821
0.302749
0.418864
0.252600
0.269846
0.019406
0.278355
0.186763
0.321922
0.136753
0.679039
0.610591
0.333719
0.535465
0.543013
0.201117
0.006143
0.282553
0.203001
0.194036
0.130897
0.276219
0.198221
0.289434
0.264651
0.374458
0.318050
0.034968
0.346871
0.293637
0.210841
0.025317
0.092552
0.035525
0.318698
0.157845
0.254637
0.296033
0.046728
0.288350
0.199435
0.425560
0.127668
0.225898
0.189905
0.272905
0.309937
0.018763
0.046294
0.371236
0.057517
0.163965
0.074976
0.333261
0.260647
0.134190
0.104989
0.282898
0.094346
0.079021
0.308413
0.072026
0.374362
0.629961
0.159066
0.123752
0.490108
0.298131
0.442630
0.300259
0.257132
0.163163
0.212397
0.090288
0.372330
0.300233
0.226416
0.165048
0.372501
0.270250
0.233407
0.202098
0.199165
0.253679
0.430345
0.230108
0.293092
0.118266
0.379031
0.189053
0.027616
0.086934
0.090841
0.442073
0.411263
0.042025
0.468949
0.042591
0.045242
0.447335
0.060566
0.199891
0.087817
0.099479
0.238383
0.621038
0.136988
0.012498
0.221967
0.494851
0.292148
0.232710
0.498740
0.015676
0.013713
0.509285
0.500421
0.306197
0.550321
0.144536
0.292331
0.377250
0.026132
0.201767
0.445070
0.295853
0.004336
0.287810
0.074972
0.085070
0.041136
0.005282
0.469768
0.192540
0.483510
0.301751
0.282042
0.324703
0.075844
0.339158
0.056204
0.092010
0.303282
0.007606
0.292070
0.394850
0.062158
0.501836
0.203013
0.239453
0.079029
0.158797
0.202058
0.166342
0.015399
0.064676
0.328756
0.043516
0.274430
0.307130
0.126538
0.106975
0.118909
0.033927
0.057737
0.377310
0.568656
0.104415
0.200361
0.214447
0.308887
0.186650
0.282178
0.030243
0.414613
0.078022
0.191725
0.045494
0.130668
0.199202
0.352880
0.225911
0.053244
0.127226
0.235004
0.131958
0.329137
0.075281
0.021818
0.210343
0.144456
0.156734
0.523590
0.046475
0.101063
0.332163
0.340381
0.256388
0.322300
0.163573
0.106374
0.092256
0.360433
0.068551
0.319672
0.222687
0.092315
0.186804
0.175200
0.322807
0.203154
0.301564
0.360063
0.584448
0.149215
0.026607
0.505597
0.242410
0.473719
0.011250
0.303980
0.470840
0.444572
0.032154
0.438545
0.136025
0.033259
0.049296
0.258211
0.041882
0.148563
0.069663
0.306674
0.358662
0.027797
0.083337
0.218004
0.029190
0.093321
0.142654
0.619097
0.044572
0.255334
0.270815
0.019562
0.273464
0.439148
0.094956
0.109385
0.432766
0.298451
0.368410
0.304878
0.065908
0.171720
0.056072
0.087186
0.462832
0.034640
0.352519
0.268144
0.029764
0.336604
0.047214
0.106752
0.562207
0.420122
0.370217
0.023414
0.533844
0.105938
0.046882
0.535978
0.154290
0.234635
0.004198
0.120307
0.439157
0.153441
0.555780
0.290874
0.364248
0.379264
0.332942
0.032305
0.223189
0.204387
0.566307
0.454126
0.236697
0.180684
0.193301
0.225014
0.294492
0.709469
0.226322
0.034960
0.158954
0.024681
0.030913
0.450582
0.215015
0.154172
0.487231
0.188587
0.053636
0.446179
0.194841
0.085344
0.287860
0.043362
0.406327
0.027805
0.254290
0.234120
0.374804
0.194672
0.136361
0.122900
0.048833
0.037934
0.604858
0.446851
0.128417
0.084925
0.192250
0.120721
0.180486
0.103823
0.165423
0.217133
0.198531
0.164879
0.141271
0.165778
0.417346
0.180306
0.148294
0.072817
0.455749
0.237491
0.374999
0.532336
0.210203
0.184283
0.440578
0.043661
0.261417
0.174947
0.205938
0.010126
0.162149
0.020111
0.018128
0.547204
0.073996
0.180293
0.100817
0.036879
0.115942
0.096206
0.280158
0.080312
0.356620
0.343732
0.241812
0.029051
0.331072
0.505452
0.368020
0.009676
0.010838
0.048415
0.346147
0.300418
0.261802
0.080488
0.210282
0.365439
0.065640
0.479333
0.286218
0.075345
0.014482
0.097133
0.276632
0.179387
0.021151
0.069627
0.385808
0.109276
0.055290
0.376130
0.235253
0.228542
0.370200
0.388730
0.012463
0.389199
0.279555
0.155832
0.238441
0.147965
0.132364
0.375150
0.079640
0.181672
0.108064
0.208490
0.537965
0.096373
0.430518
0.231847
0.215919
0.278766
0.274776
0.040586
0.037968
0.017119
0.619452
0.071650
0.462441
0.223755
0.151338
0.628095
0.040473
0.162399
0.124088
0.136575
0.184868
0.193715
0.419264
0.062490
0.121856
0.277274
0.359211
0.245345
0.228672
0.024991
0.242740
0.092762
0.556326
0.263875
0.073578
0.093610
0.479108
0.001071
0.240408
0.368185
0.418963
0.109019
0.260234
0.097969
0.354374
0.043867
0.171872
0.558246
0.027941
0.247724
0.203121
0.133651
0.138682
0.038000
0.220184
0.103510
0.090566
0.366276
0.505378
0.045621
0.128579
0.635141
0.309080
0.117002
0.333535
0.123616
0.488832
0.068841
0.125824
0.322088
0.318089
0.075073
0.353761
0.068014
0.237944
0.094346
0.044051
0.382217
0.672191
0.128565
0.528962
0.267313
0.042119
0.029920
0.491825
0.020775
0.162992
0.021455
0.124439
0.592481
0.239260
0.037831
0.154023
0.476210
0.233650
0.386467
0.134813
0.335042
0.202564
0.209121
0.007789
0.161407
0.050186
0.279269
0.400488
0.537863
0.285979
0.103846
0.326765
0.143860
0.296629
0.372300
0.574013
0.038136
0.086026
0.095281
0.309424
0.465128
0.004010
0.237260
0.198224
0.145968
0.066789
0.009284
0.139790
0.068667
0.036994
0.584298
0.609172
0.224122
0.042884
0.304837
0.146514
0.153816
0.216905
0.123122
0.452183
0.289006
0.027441
0.549882
0.083361
0.233289
0.381689
0.014306
0.327886
0.110643
0.132377
0.543127
0.275130
0.435816
0.103213
0.068657
0.116435
0.277391
0.533991
0.143756
0.206950
0.144354
0.170742
0.232501
0.198428
0.222601
0.245437
0.153693
0.667599
0.366531
0.264830
0.278772
0.036703
0.403731
0.256106
0.370226
0.679190
0.165133
0.212684
0.280434
0.040378
0.232996
0.249337
0.263413
0.263687
0.344713
0.143362
0.682257
0.170894
0.224727
0.139082
0.175135
0.302656
0.290474
0.260825
0.040197
0.045176
0.041420
0.351784
0.542535
0.064307
0.334974
0.206266
0.304149
0.300905
0.406607
0.018414
0.119878
0.450553
0.386530
0.340807
0.254343
0.191020
0.186455
0.338591
0.195200
0.529228
0.540936
0.179834
0.285268
0.196659
0.193828
0.232484
0.219334
0.391133
0.680010
0.216026
0.102865
0.153693
0.276712
0.336624
0.287242
0.366900
0.114833
0.432992
0.005028
0.219857
0.345395
0.169069
0.010919
0.372775
0.328054
0.370559
0.086145
0.510077
0.116158
0.112801
0.329821
0.225109
0.505538
0.199497
0.228205
0.600512
0.042580
0.066403
0.385343
0.055708
0.069230
0.287497
0.592105
0.189858
0.020315
0.020547
0.582374
0.291434
0.200127
0.054263
0.395997
0.430049
0.362379
0.194641
0.199641
0.424100
0.254779
0.146986
0.164183
0.351015
0.408551
0.220863
0.372661
0.021715
0.414267
0.153678
0.054258
0.015856
0.266480
0.176193
0.154305
0.170340
0.014695
0.050152
0.486946
0.099694
0.095624
0.296969
0.045233
0.502024
0.069529
0.014733
0.280574
0.351471
0.103000
0.272111
0.236408
0.413982
0.063640
0.361933
0.152117
0.341156
0.012028
0.043029
0.049275
0.061311
0.357128
0.087947
0.308820
0.199023
0.185517
0.047119
0.187581
0.198387
0.365651
0.377312
0.633929
0.347525
0.165618
0.015229
0.139403
0.389379
0.411281
0.026462
0.291201
0.275133
0.084777
0.463661
0.127638
0.040123
0.318942
0.238444
0.361715
0.306378
0.326617
0.063091
0.010235
0.184235
0.450445
0.174114
0.157861
0.030390
0.097057
0.043681
0.131194
0.128243
0.357454
0.000900
0.410201
0.181058
0.481025
0.348711
0.013120
0.103896
0.301797
0.237668
0.193036
0.097551
0.174332
0.109338
0.438368
0.317335
0.184466
0.137890
0.045305
0.106264
0.332090
0.264272
0.265068
0.193901
0.478657
0.305846
0.055303
0.023230
0.024606
0.100893
0.159852
0.277412
0.258847
0.026214
0.183354
0.353178
0.094234
0.302243
0.160730
0.089439
0.338883
0.008989
0.271437
0.117819
0.124131
0.143507
0.115405
0.410510
0.244147
0.306292
0.620221
0.096152
0.457074
0.196697
0.216550
0.196665
0.398800
0.035623
0.032696
0.312483
0.269509
0.155994
0.157435
0.344347
0.361063
0.159168
0.075999
0.443893
0.192627
0.238381
0.011649
0.374209
0.009930
0.108263
0.126280
0.468115
0.306522
0.441109
0.004401
0.314258
0.110447
0.246127
0.363019
0.122539
0.132339
0.200669
0.120080
0.132685
0.209911
0.175985
0.023441
0.086751
0.183012
0.046451
0.117378
0.394553
0.120887
0.135349
0.144471
0.412100
0.052772
0.489355
0.168922
0.403154
0.289132
0.342255
0.300957
0.186754
0.115405
0.205097
0.131317
0.019434
0.246607
0.489455
0.199776
0.318994
0.423125
0.085987
0.303215
0.406549
0.174177
0.390247
0.072296
0.271602
0.393426
0.121852
0.329174
0.033522
0.457937
0.135654
0.332402
0.100743
0.061947
0.443369
0.048601
0.155680
0.140972
0.309854
0.458361
0.184186
0.039073
0.389999
0.347996
0.209156
0.177789
0.223315
0.093214
0.332268
0.098299
0.222333
0.570048
0.117087
0.055698
0.256586
0.232561
0.396396
0.166487
0.436971
0.121860
0.338323
0.119984
0.180840
0.185123
0.490726
0.164010
0.041379
0.066228
0.087632
0.191640
0.091272
0.031231
0.009464
0.105413
0.196331
0.023226
0.041882
0.544557
0.102564
0.182080
0.417044
0.552717
0.124879
0.364317
0.354825
0.225234
0.366776
0.079470
0.018307
0.178122
0.369923
0.218118
0.201906
0.089763
0.486593
0.245793
0.042383
0.199034
0.196810
0.414767
0.365200
0.337138
0.120556
0.051404
0.025483
0.523039
0.103780
0.243804
0.099270
0.327154
0.372447
0.333644
0.663559
0.192935
0.185959
0.051808
0.582507
0.250636
0.054723
0.378370
0.410337
0.387666
0.124918
0.181673
0.407424
0.367384
0.049872
0.336059
0.549267
0.148094
0.120792
0.470249
0.507671
0.323348
0.119498
0.273383
0.000108
0.445623
0.281986
0.442043
0.337504
0.147758
0.554452
0.318525
0.198332
0.166705
0.004471
0.264484
0.159738
0.043295
0.062042
0.195807
0.139869
0.156841
0.394204
0.191845
0.487528
0.192207
0.402865
0.046436
0.451401
0.211061
0.140362
0.001641
0.497969
0.154264
0.504643
0.476665
0.294442
0.365197
0.068432
0.014672
0.167018
0.419260
0.165608
0.057567
0.408660
0.127070
0.512203
0.127262
0.481755
0.289931
0.018585
0.428397
0.240417
0.165990
0.303277
0.065067
0.286773
0.266678
0.418473
0.385628
0.292327
0.221798
0.306411
0.072060
0.291544
0.471739
0.194526
0.054966
0.349215
0.444363
0.313328
0.404352
0.011718
0.010729
0.459911
0.203682
0.473286
0.240012
0.243680
0.295431
0.067924
0.036212
0.029544
0.222395
0.356723
0.227386
0.117735
0.301377
0.095708
0.193244
0.058391
0.074774
0.444529
0.001716
0.062393
0.134625
0.461303
0.523617
0.163486
0.514087
0.470973
0.331838
0.017267
0.023628
0.174010
0.502110
0.180364
0.096379
0.265332
0.272382
0.247459
0.472405
0.414478
0.347077
0.131825
0.636843
0.360617
0.347081
0.034985
0.056311
0.246349
0.441625
0.099807
0.046835
0.195075
0.070834
0.087969
0.243176
0.188106
0.020288
0.401067
0.131990
0.002548
0.263665
0.311657
0.648024
0.029319
0.243724
0.591014
0.188237
0.140653
0.361831
0.115254
0.023436
0.137762
0.259419
0.237630
0.645575
0.080498
0.125716
0.077063
0.065299
0.000571
0.245770
0.060396
0.076823
0.439487
0.160025
0.209342
0.004708
0.330115
0.110210
0.090544
0.227695
0.395070
0.199583
0.154709
0.582453
0.457686
0.045495
0.042659
0.325482
0.022160
0.228337
0.278598
0.124344
0.081028
0.103487
0.429271
0.076682
0.031586
0.225919
0.458719
0.045602
0.448746
0.346951
0.278051
0.127171
0.238619
0.088196
0.266224
0.070765
0.296872
0.418819
0.529425
0.127684
0.435971
0.100109
0.480420
0.012821
0.193758
0.050307
0.088612
0.305682
0.012964
0.020528
0.284398
0.418861
0.063137
0.276344
0.212953
0.062870
0.634739
0.190719
0.361335
0.537652
0.340316
0.111546
0.074834
0.222360
0.209722
0.117098
0.047196
0.027681
0.096913
0.045458
0.290038
0.271508
0.000877
0.094730
0.055695
0.210097
0.223583
0.267046
0.069503
0.206521
0.543958
0.128824
0.284609
0.104644
0.182317
0.048528
0.336689
0.155861
0.015796
0.397441
0.054200
0.297917
0.314232
0.179253
0.121051
0.218704
0.307170
0.347190
0.303893
0.187168
0.376701
0.091790
0.437365
0.095246
0.338113
0.617126
0.123463
0.332312
0.071764
0.034636
0.257719
0.130418
0.320735
0.167978
0.391200
0.165946
0.159445
0.173182
0.031950
0.329253
0.288719
0.098924
0.353793
0.310848
0.185112
0.421765
0.167992
0.091529
0.162877
0.046699
0.134756
0.210803
0.594226
0.471509
0.111777
0.025532
0.203473
0.225297
0.249762
0.122301
0.372360
0.522693
0.064471
0.465881
0.023730
0.251176
0.377814
0.091829
0.283288
0.295522
0.228201
0.311085
0.396429
0.012731
0.175358
0.070365
0.024686
0.464876
0.198236
0.501803
0.192383
0.140693
0.263403
0.073928
0.139402
0.203201
0.303346
0.228545
0.176082
0.039786
0.506132
0.421985
0.080694
0.110114
0.037135
0.299610
0.131459
0.374420
0.106095
0.266729
0.292505
0.221119
0.579375
0.376870
0.171734
0.106708
0.038735
0.263405
0.345742
0.531263
0.380984
0.223234
0.421655
0.422302
0.091426
0.108797
0.089272
0.409709
0.440649
0.411493
0.197529
0.299918
0.132508
0.651579
0.374748
0.471332
0.313526
0.019616
0.330616
0.067385
0.067585
0.408282
0.013153
0.327809
0.055764
0.002711
0.071695
0.171911
0.560447
0.347898
0.358724
0.387300
0.263265
0.517429
0.000706
0.189215
0.204611
0.145149
0.108922
0.252525
0.190757
0.040540
0.339257
0.336341
0.317434
0.306945
0.408810
0.061467
0.181264
0.070964
0.274379
0.046720
0.086642
0.024036
0.030605
0.232022
0.380175
0.435281
0.142933
0.343627
0.401727
0.224372
0.128677
0.161032
0.128162
0.022778
0.088118
0.345519
0.512628
0.564712
0.151597
0.006710
0.174165
0.258394
0.595405
0.092205
0.083276
0.095620
0.211500
0.015481
0.089410
0.131735
0.509930
0.062943
0.436607
0.489918
0.271009
0.058871
0.230020
0.396157
0.136924
0.092691
0.018433
0.324980
0.622749
0.143459
0.024223
0.423520
0.343304
0.165642
0.379758
0.348563
0.278959
0.436587
0.234219
0.236637
0.199043
0.590571
0.126070
0.618645
0.083632
0.379737
0.136274
0.332923
0.245621
0.173892
0.390976
0.320013
0.114110
0.292956
0.014868
0.210935
0.003460
0.086762
0.410388
0.447094
0.011088
0.478356
0.093431
0.082574
0.032141
0.304479
0.248733
0.062410
0.427969
0.193097
0.139341
0.561449
0.006941
0.277576
0.137615
0.183117
0.549515
0.391570
0.276298
0.092755
0.175476
0.590190
0.151965
0.053902
0.107409
0.064309
0.193031
0.270337
0.355330
0.440024
0.037351
0.143952
0.048516
0.206316
0.200187
0.247884
0.275103
0.125953
0.461057
0.006052
0.287025
0.197746
0.007905
0.660525
0.418634
0.024874
0.391427
0.292787
0.211540
0.150039
0.257571
0.170264
0.118976
0.419345
0.192351
0.170593
0.128210
0.288430
0.123868
0.085451
0.239117
0.243754
0.003675
0.563496
0.279024
0.419261
0.209316
0.585679
0.121833
0.212629
0.303494
0.300217
0.493634
0.343515
0.205891
0.521150
0.130282
0.391099
0.601779
0.222111
0.291584
0.367130
0.528803
0.202559
0.212965
0.384754
0.324086
0.446096
0.069787
0.248339
0.184934
0.088115
0.114354
0.198406
0.333675
0.127909
0.419500
0.021275
0.305773
0.120801
0.113137
0.207345
0.245688
0.550577
0.084309
0.070354
0.209728
0.300645
0.459021
0.284978
0.378486
0.006230
0.523775
0.144121
0.099368
0.516460
0.407849
0.301293
0.008445
0.069009
0.128961
0.541148
0.195764
0.230684
0.287492
0.375224
0.496081
0.417559
0.360954
0.155406
0.233728
0.143012
0.006271
0.523450
0.070952
0.148700
0.413398
0.375552
0.119700
0.259533
0.284843
0.571829
0.280601
0.043480
0.106623
0.209532
0.008732
0.288450
0.376460
0.082090
0.589667
0.132384
0.409478
0.004731
0.251547
0.198664
0.212778
0.244421
0.151770
0.112637
0.326405
0.033773
0.108493
0.012470
0.274524
0.398310
0.061145
0.008500
0.193873
0.474912
0.046298
0.202255
0.115590
0.179714
0.029902
0.832807
0.224345
0.107084
0.040116
0.491871
0.089353
0.222853
0.017411
0.007262
0.713191
0.093376
0.156120
0.204262
0.236428
0.131030
0.268038
0.031571
0.002847
0.484134
0.026613
0.086091
0.092940
0.053953
0.306040
0.140223
0.253503
0.034177
0.205882
0.246927
0.053375
0.120477
0.317574
0.159478
0.294628
0.272060
0.344658
0.149797
0.237427
0.128816
0.205035
0.517383
0.141741
0.185798
0.071923
0.442797
0.223551
0.277100
0.540183
0.560146
0.197470
0.029847
0.105869
0.499777
0.109994
0.458159
0.343714
0.071789
0.194288
0.011448
0.472745
0.325489
0.257925
0.094791
0.281605
0.208192
0.311473
0.333685
0.113373
0.400527
0.344750
0.529369
0.322101
0.029868
0.296341
0.029119
0.490069
0.004521
0.156911
0.097914
0.244343
0.091775
0.221413
0.208394
0.402800
0.175782
0.045653
0.456213
0.088563
0.178686
0.161682
0.315539
0.208934
0.522086
0.184249
0.250043
0.232659
0.288080
0.347301
0.045909
0.140592
0.271169
0.201134
0.163308
0.107720
0.006438
0.136344
0.219860
0.038203
0.576572
0.135194
0.404966
0.015360
0.030824
0.052038
0.032673
0.013328
0.067287
0.633056
0.021177
0.010466
0.028772
0.203813
0.253618
0.171798
0.179702
0.043757
0.375750
0.065112
0.198680
0.133096
0.218433
0.378336
0.107758
0.190648
0.145391
0.154662
0.429604
0.172780
0.542657
0.338836
0.274702
0.213101
0.338125
0.106944
0.434610
0.011835
0.492558
0.249731
0.463453
0.205593
0.123102
0.107442
0.192020
0.189825
0.507434
0.795069
0.169412
0.304252
0.463897
0.256005
0.259788
0.406918
0.242928
0.142096
0.139578
0.177260
0.224737
0.446131
0.064118
0.381294
0.513286
0.447790
0.460512
0.011107
0.059140
0.314992
0.026502
0.689127
0.023061
0.006097
0.174732
0.433962
0.711114
0.170423
0.612585
0.398319
0.070814
0.390143
0.390370
0.153698
0.146948
0.099856
0.255991
0.006588
0.258183
0.328071
0.300109
0.214250
0.023726
0.001765
0.278850
0.045341
0.209840
0.502195
0.590584
0.546077
0.026267
0.147086
0.139326
0.087589
0.151417
0.181390
0.133712
0.315474
0.049142
0.232710
0.155817
0.043757
0.182325
0.009160
0.099229
0.169691
0.256855
0.250411
0.440569
0.502902
0.185931
0.083174
0.445273
0.596712
0.268977
0.488960
0.035346
0.340252
0.067027
0.281852
0.085981
0.304326
0.065417
0.444463
0.577636
0.202834
0.006271
0.092692
0.173737
0.104648
0.570326
0.318136
0.005159
0.283242
0.220809
0.518623
0.278304
0.329992
0.067483
0.094127
0.128436
0.166024
0.024525
0.212211
0.040157
0.477696
0.272677
0.264066
0.381784
0.446831
0.010063
0.251605
0.699194
0.132337
0.159713
0.059347
0.233649
0.589650
0.156084
0.135644
0.448694
0.309128
0.298001
0.747246
0.379337
0.076425
0.343556
0.184094
0.076765
0.375497
0.314369
0.391778
0.318633
0.302534
0.273319
0.085207
0.209366
0.148319
0.065309
0.407310
0.017153
0.175375
0.220201
0.013512
0.659495
0.230803
0.076884
0.270475
0.101847
0.263617
0.332857
0.154392
0.295152
0.038715
0.455452
0.398390
0.030248
0.515248
0.121495
0.158686
0.159784
0.261391
0.020495
0.185816
0.220591
0.144877
0.059634
0.381558
0.676796
0.007538
0.021959
0.300011
0.424940
0.183449
0.230728
0.424914
0.090350
0.408607
0.086445
0.003528
0.456452
0.378076
0.096979
0.023087
0.374781
0.254210
0.550545
0.373669
0.218147
0.316911
0.519855
0.150258
0.417635
0.129266
0.278584
0.311119
0.347105
0.118289
0.577914
0.386888
0.104337
0.410691
0.568588
0.231149
0.029377
0.260988
0.047684
0.286308
0.304655
0.200522
0.222351
0.207860
0.059022
0.420827
0.416424
0.299669
0.459795
0.446904
0.075123
0.343412
0.188140
0.278331
0.212267
0.117428
0.109939
0.145168
0.008884
0.285426
0.194584
0.413875
0.294573
0.288474
0.085830
0.013572
0.203429
0.147090
0.105514
0.452990
0.260777
0.193712
0.064473
0.292839
0.391973
0.130516
0.239870
0.291232
0.232553
0.070883
0.388717
0.270619
0.383092
0.461959
0.313066
0.160601
0.582337
0.164813
0.017825
0.251693
0.203820
0.336553
0.190178
0.309478
0.239303
0.165460
0.197338
0.540023
0.119931
0.342244
0.171507
0.392176
0.226869
0.067901
0.546048
0.413324
0.457071
0.304188
0.328537
0.253853
0.054490
0.430273
0.177889
0.358220
0.308623
0.033748
0.342896
0.050363
0.100856
0.469494
0.012448
0.123501
0.207186
0.148456
0.103861
0.648791
0.405809
0.073103
0.067278
0.507370
0.481272
0.362058
0.431491
0.038520
0.078373
0.505938
0.307869
0.161407
0.486881
0.074879
0.349820
0.320543
0.051049
0.152547
0.315679
0.093360
0.041770
0.201876
0.042575
0.116097
0.099217
0.080132
0.482413
0.405800
0.426545
0.453514
0.337815
0.424452
0.098945
0.169995
0.096918
0.055332
0.204864
0.354222
0.258469
0.762418
0.239533
0.688512
0.252029
0.088897
0.097278
0.053753
0.137295
0.056971
0.203540
0.179247
0.131351
0.345018
0.164529
0.238259
0.099130
0.052324
0.158776
0.028430
0.147213
0.268223
0.771922
0.189749
0.054816
0.021935
0.332961
0.026800
0.408727
0.253152
0.421095
0.159463
0.280072
0.201312
0.145588
0.182342
0.267944
0.354384
0.030124
0.104147
0.274287
0.048474
0.245699
0.141661
0.315868
0.009563
0.083059
0.144920
0.434601
0.278445
0.000146
0.576609
0.225922
0.301188
0.442092
0.159574
0.277526
0.208362
0.220773
0.093425
0.218285
0.244460
0.181628
0.254496
0.180825
0.071091
0.026654
0.311421
0.148620
0.142219
0.126428
0.184456
0.553426
0.373333
0.420463
0.077202
0.301790
0.502885
0.410097
0.154970
0.546108
0.201552
0.178007
0.331299
0.203625
0.212169
0.127297
0.157059
0.000111
0.184941
0.014116
0.270113
0.271409
0.132112
0.040852
0.124163
0.383802
0.150671
0.027543
0.394543
0.041974
0.491295
0.258757
0.002799
0.157855
0.160679
0.294691
0.494305
0.271967
0.012716
0.066863
0.073352
0.160143
0.477222
0.217916
0.347507
0.002138
0.138553
0.529803
0.065173
0.013211
0.385708
0.378468
0.273317
0.132376
0.572628
0.107864
0.080312
0.286600
0.065026
0.105356
0.156014
0.394902
0.421513
0.463391
0.277904
0.002482
0.291126
0.212746
0.472497
0.109437
0.188500
0.312653
0.470383
0.387419
0.358695
0.148360
0.096587
0.298252
0.355170
0.479866
0.224972
0.045579
0.191792
0.212677
0.068819
0.365071
0.405628
0.183921
0.426115
0.353889
0.017220
0.602427
0.213837
0.196256
0.631813
0.051314
0.208145
0.057768
0.365911
0.367367
0.332528
0.478373
0.055157
0.034532
0.008665
0.153616
0.427916
0.409743
0.017344
0.094652
0.333110
0.315742
0.052134
0.068227
0.429250
0.175588
0.167900
0.348987
0.057283
0.198856
0.351051
0.115102
0.087399
0.084098
0.209727
0.012137
0.175433
0.475183
0.202915
0.449712
0.316730
0.040205
0.093128
0.070462
0.151709
0.208556
0.122639
0.095869
0.277925
0.524461
0.298449
0.145547
0.087570
0.206417
0.133991
0.389340
0.537185
0.242623
0.344544
0.189231
0.184571
0.005013
0.589605
0.423043
0.288763
0.090324
0.055996
0.345356
0.135947
0.165506
0.093195
0.185625
0.151622
0.170735
0.034345
0.489278
0.258060
0.060286
0.074737
0.087944
0.133654
0.327488
0.006156
0.086071
0.406400
0.038848
0.098725
0.080926
0.007711
0.010970
0.371420
0.402334
0.096944
0.295680
0.203964
0.249881
0.119367
0.024908
0.115156
0.198276
0.028607
0.093936
0.225265
0.118612
0.416144
0.003698
0.133294
0.068684
0.118915
0.182711
0.172979
0.252795
0.434326
0.278402
0.640073
0.049161
0.435598
0.136420
0.305417
0.267963
0.087728
0.102448
0.090081
0.163529
0.103970
0.270969
0.229999
0.325745
0.057077
0.343852
0.292186
0.259219
0.094978
0.035872
0.124582
0.345102
0.201986
0.298909
0.188418
0.178674
0.318430
0.085664
0.187356
0.447870
0.355391
0.193151
0.397897
0.453413
0.004672
0.061244
0.148810
0.550093
0.228421
0.384311
0.203625
0.161733
0.071790
0.204135
0.332480
0.387221
0.111340
0.130849
0.084337
0.034657
0.220821
0.434253
0.188236
0.047502
0.263469
0.148843
0.353078
0.058141
0.125531
0.053929
0.296940
0.256741
0.270334
0.296654
0.161862
0.208526
0.011115
0.461047
0.331698
0.031798
0.444987
0.087491
0.325990
0.001489
0.541618
0.336061
0.260023
0.190785
0.328404
0.562768
0.453115
0.098980
0.386183
0.877957
0.212059
0.241752
0.155218
0.015708
0.031684
0.113053
0.143989
0.123329
0.035993
0.164878
0.566038
0.557586
0.296236
0.049621
0.139351
0.443161
0.385246
0.237604
0.538037
0.211582
0.037232
0.095595
0.575183
0.433285
0.121168
0.212682
0.295710
0.503170
0.086736
0.215041
0.302626
0.071341
0.121202
0.349441
0.365901
0.220868
0.208555
0.452562
0.194535
0.246360
0.116675
0.034014
0.317879
0.151040
0.034177
0.408732
0.022709
0.107293
0.590023
0.139752
0.580401
0.151331
0.179099
0.421920
0.420188
0.489155
0.092514
0.233389
0.205113
0.558833
0.497279
0.110176
0.378952
0.462556
0.203517
0.084443
0.435769
0.276437
0.451648
0.479771
0.400082
0.405453
0.223813
0.259689
0.113591
0.423020
0.358634
0.096280
0.378662
0.112224
0.312266
0.027826
0.465351
0.457984
0.147122
0.247187
0.206296
0.320219
0.007936
0.638353
0.045953
0.372427
0.093518
0.361722
0.526421
0.255783
0.272140
0.026322
0.180692
0.092825
0.503066
0.278280
0.287398
0.231952
0.178053
0.264279
0.593889
0.192025
0.106916
0.400336
0.485566
0.238221
0.277151
0.054716
0.153240
0.033562
0.249630
0.235440
0.519573
0.359084
0.022779
0.284865
0.372176
0.278031
0.017720
0.282020
0.259467
0.399714
0.244974
0.103028
0.217169
0.426733
0.320882
0.194189
0.437106
0.123387
0.543113
0.335244
0.353726
0.594009
0.301795
0.037193
0.204190
0.517161
0.395147
0.081078
0.417503
0.368141
0.084895
0.312135
0.045656
0.392092
0.145295
0.308996
0.655267
0.147509
0.307316
0.503281
0.117057
0.019117
0.097027
0.484934
0.256606
0.186240
0.192421
0.513992
0.440194
0.262589
0.189908
0.247485
0.387301
0.404984
0.373640
0.162532
0.620122
0.520789
0.291487
0.186760
0.533585
0.300559
0.107191
0.519280
0.031575
0.615411
0.391367
0.056115
0.273099
0.273519
0.315399
0.174006
0.243085
0.127565
0.164553
0.305311
0.036609
0.169738
0.508359
0.024976
0.369472
0.136468
0.109917
0.429890
0.431534
0.021386
0.384396
0.253763
0.262712
0.235235
0.463633
0.221229
0.346384
0.090429
0.050766
0.108511
0.199429
0.220929
0.092664
0.057894
0.059286
0.246005
0.161150
0.156496
0.429772
0.185393
0.512482
0.708364
0.464697
0.087688
0.057666
0.245773
0.344414
0.460823
0.002875
0.344250
0.325347
0.213651
0.235446
0.025932
0.068912
0.110161
0.291398
0.269970
0.207278
0.454769
0.201671
0.176358
0.215638
0.229398
0.194366
0.265260
0.047504
0.088436
0.206136
0.372911
0.410207
0.209773
0.062480
0.463887
0.207404
0.403360
0.121823
0.217777
0.119936
0.140234
0.162606
0.229442
0.099540
0.457777
0.033393
0.642615
0.206415
0.003006
0.320684
0.258441
0.212200
0.216318
0.388620
0.058900
0.236018
0.501457
0.360371
0.171671
0.105255
0.052938
0.100226
0.173214
0.195247
0.045596
0.012890
0.265135
0.388406
0.075659
0.618584
0.003003
0.262597
0.283119
0.014011
0.416302
0.069672
0.285101
0.056170
0.122925
0.185207
0.441410
0.120735
0.807031
0.258258
0.466002
0.286832
0.060229
0.120468
0.419563
0.462194
0.253351
0.213325
0.545800
0.188841
0.021039
0.399218
0.280153
0.255849
0.104125
0.500186
0.006548
0.212754
0.006122
0.451175
0.067429
0.084417
0.179828
0.441844
0.216006
0.336613
0.184777
0.121057
0.231123
0.421405
0.222168
0.104373
0.154247
0.373388
0.473330
0.050700
0.338026
0.002716
0.208748
0.191207
0.067119
0.014325
0.175065
0.335599
0.025060
0.195670
0.129857
0.310377
0.248230
0.443238
0.019018
0.383067
0.183633
0.429667
0.331874
0.095093
0.296839
0.306104
0.229172
0.031072
0.132541
0.727219
0.228292
0.077510
0.607439
0.026929
0.355372
0.415067
0.108618
0.524844
0.133321
0.181735
0.465261
0.072133
0.117142
0.205569
0.561147
0.095821
0.445292
0.032452
0.091415
0.366735
0.033702
0.096989
0.168578
0.163886
0.202302
0.005616
0.179697
0.425926
0.243940
0.441366
0.062235
0.252816
0.413182
0.590603
0.007747
0.184820
0.627183
0.039016
0.112502
0.168971
0.150520
0.235143
0.350916
0.546765
0.109638
0.353646
0.012326
0.236292
0.221125
0.562766
0.229948
0.001718
0.214658
0.079371
0.350731
0.111549
0.028078
0.240315
0.022337
0.217876
0.205996
0.261598
0.336920
0.059651
0.017411
0.674628
0.411570
0.201483
0.387804
0.738869
0.030258
0.225368
0.185092
0.152106
0.276420
0.435982
0.279284
0.116120
0.127889
0.497189
0.371912
0.183670
0.075724
0.120325
0.531882
0.296260
0.392594
0.081644
0.063102
0.037733
0.363989
0.118211
0.299007
0.083586
0.375859
0.601617
0.433059
0.427034
0.247036
0.109857
0.205853
0.701200
0.055196
0.293834
0.025708
0.378773
0.520611
0.117503
0.124778
0.428859
0.302782
0.088321
0.269858
0.308689
0.053451
0.152344
0.127661
0.439766
0.227942
0.050956
0.114366
0.055553
0.351182
0.158862
0.289087
0.214946
0.232585
0.519772
0.174334
0.216894
0.160617
0.024883
0.301890
0.022397
0.105357
0.160490
0.254271
0.300281
0.059686
0.280663
0.261735
0.477348
0.185725
0.356910
0.134643
0.452549
0.035031
0.335684
0.030002
0.529333
0.094275
0.407400
0.166902
0.355863
0.205276
0.145092
0.243427
0.374290
0.186013
0.404204
0.135484
0.377114
0.134900
0.494836
0.187141
0.796913
0.424739
0.024248
0.432807
0.039305
0.064923
0.248152
0.015004
0.178934
0.043539
0.522138
0.359900
0.224097
0.208678
0.136575
0.006230
0.095652
0.265417
0.015696
0.137816
0.288285
0.567344
0.248355
0.301850
0.349583
0.421607
0.343890
0.486534
0.375885
0.150125
0.288008
0.080122
0.107338
0.285644
0.093804
0.078413
0.665566
0.226316
0.213006
0.207976
0.314552
0.239068
0.038934
0.050696
0.236640
0.170053
0.089858
0.110516
0.382117
0.308261
0.198898
0.419674
0.290691
0.286677
0.074217
0.165593
0.022386
0.506079
0.176425
0.079989
0.146966
0.219580
0.155550
0.125103
0.297509
0.398882
0.157725
0.263748
0.289235
0.518040
0.489495
0.033975
0.348043
0.414291
0.120074
0.027897
0.085461
0.014740
0.369238
0.200522
0.154610
0.091974
0.238098
0.129592
0.073353
0.562800
0.094443
0.547433
0.016885
0.456730
0.414154
0.195116
0.121422
0.385358
0.076417
0.236379
0.265737
0.312959
0.291276
0.470593
0.065064
0.162284
0.310665
0.063777
0.122882
0.164159
0.008504
0.197855
0.489474
0.070283
0.507429
0.073073
0.325866
0.120254
0.247956
0.224244
0.296053
0.241617
0.180381
0.289550
0.317522
0.162278
0.112293
0.223148
0.130841
0.203095
0.154226
0.115639
0.118349
0.190825
0.539557
0.187515
0.135395
0.283702
0.392526
0.062840
0.443127
0.334988
0.316163
0.136815
0.332040
0.122108
0.103195
0.068411
0.252042
0.305616
0.369394
0.315536
0.355891
0.161900
0.531379
0.014161
0.164684
0.063974
0.055815
0.319419
0.178815
0.169946
0.313611
0.344033
0.254538
0.149360
0.471436
0.064901
0.573473
0.493534
0.560713
0.279761
0.234305
0.175463
0.294284
0.149313
0.085755
0.031786
0.059501
0.077278
0.287598
0.019761
0.089011
0.211159
0.034774
0.214071
0.281454
0.345886
0.325969
0.092573
0.311765
0.008439
0.447580
0.112588
0.340647
0.347143
0.171540
0.138494
0.286759
0.016895
0.156164
0.029023
0.264932
0.391611
0.159101
0.004648
0.312157
0.427878
0.095199
0.033974
0.343973
0.008694
0.513948
0.099536
0.244145
0.106172
0.382210
0.674741
0.305647
0.293998
0.275890
0.016743
0.213397
0.334877
0.194268
0.037636
0.418432
0.112781
0.240046
0.116966
0.218491
0.551111
0.385284
0.064777
0.069441
0.147347
0.037150
0.461120
0.115541
0.200415
0.237980
0.076702
0.279564
0.280279
0.453147
0.358064
0.302008
0.032139
0.141480
0.249174
0.154692
0.126680
0.109219
0.648444
0.424078
0.373552
0.159114
0.213153
0.247519
0.215694
0.177967
0.084872
0.161013
0.227181
0.318599
0.106599
0.232726
0.320580
0.120515
0.282388
0.031850
0.565200
0.229755
0.267488
0.310406
0.288340
0.002394
0.333645
0.336802
0.117366
0.099301
0.150561
0.526032
0.315280
0.231036
0.337508
0.132238
0.277713
0.204208
0.055481
0.306229
0.033556
0.218605
0.242663
0.378322
0.346422
0.018041
0.231272
0.126818
0.237927
0.065129
0.483394
0.165695
0.168065
0.257865
0.371409
0.002485
0.121156
0.001533
0.358302
0.296910
0.359027
0.051618
0.283339
0.024808
0.442542
0.011247
0.505413
0.418710
0.116236
0.202439
0.226475
0.051622
0.474942
0.240507
0.429133
0.337563
0.149638
0.011728
0.051168
0.397743
0.276758
0.440273
0.355533
0.256350
0.468371
0.127901
0.225731
0.179274
0.230975
0.039263
0.438808
0.176985
0.137509
0.190574
0.400017
0.262886
0.293102
0.195609
0.104655
0.177496
0.129568
0.185551
0.148792
0.019539
0.094861
0.202566
0.036774
0.298487
0.276343
0.556052
0.191749
0.357246
0.424427
0.040742
0.005980
0.189849
0.178472
0.034025
0.098457
0.299951
0.205532
0.108080
0.014624
0.376574
0.394677
0.567998
0.173536
0.024798
0.276087
0.100805
0.024869
0.081919
0.340740
0.407265
0.202359
0.580950
0.372521
0.245762
0.087261
0.063300
0.055502
0.177877
0.302446
0.216155
0.259837
0.479315
0.308967
0.161697
0.528803
0.478780
0.435695
0.293064
0.365534
0.293754
0.390445
0.070654
0.251236
0.196649
0.646648
0.140142
0.677259
0.249003
0.594895
0.363679
0.412569
0.272533
0.361452
0.287541
0.208149
0.147219
0.178130
0.261614
0.354715
0.067642
0.173461
0.325129
0.215412
0.162548
0.439799
0.154298
0.046245
0.071920
0.449383
0.270983
0.118166
0.343005
0.266311
0.036113
0.283082
0.078953
0.081503
0.279912
0.070446
0.326688
0.114033
0.452124
0.071774
0.174919
0.089388
0.214078
0.014706
0.187503
0.253327
0.237132
0.281951
0.440694
0.263894
0.090597
0.077729
0.319475
0.128616
0.022133
0.074343
0.037042
0.150594
0.602012
0.079912
0.279194
0.351588
0.089103
0.441799
0.571135
0.248803
0.323643
0.477751
0.031604
0.048311
0.010418
0.178447
0.183126
0.460824
0.241708
0.225853
0.239472
0.301323
0.125114
0.162546
0.180544
0.267452
0.080353
0.552640
0.255155
0.443459
0.287839
0.382743
0.127978
0.351932
0.155508
0.399741
0.474909
0.292056
0.388299
0.463196
0.200599
0.421403
0.253446
0.573950
0.330543
0.318472
0.371667
0.554964
0.037490
0.431158
0.144774
0.009969
0.274036
0.398239
0.141755
0.113094
0.108894
0.088557
0.210976
0.097171
0.101636
0.313288
0.519316
0.092600
0.007269
0.151504
0.408671
0.781407
0.263554
0.275536
0.170436
0.374519
0.465224
0.055901
0.487553
0.222587
0.550715
0.130649
0.108065
0.242488
0.431229
0.523735
0.054753
0.255129
0.141711
0.450875
0.297028
0.035664
0.025117
0.158337
0.445806
0.361691
0.263218
0.028819
0.646537
0.132556
0.226044
0.302465
0.112393
0.061117
0.394127
0.221820
0.137990
0.296120
0.412987
0.308646
0.450116
0.076930
0.173750
0.083096
0.084352
0.334092
0.239237
0.242032
0.655451
0.174487
0.093305
0.112755
0.437340
0.297564
0.046962
0.470351
0.282927
0.135562
0.510718
0.017056
0.074764
0.339432
0.112863
0.473481
0.123082
0.008827
0.304912
0.327439
0.034098
0.505923
0.113739
0.255871
0.265524
0.524584
0.181956
0.318258
0.141856
0.472884
0.130679
0.009144
0.056235
0.079783
0.706142
0.074666
0.199667
0.325186
0.281062
0.393230
0.198386
0.195699
0.194148
0.382077
0.251343
0.227253
0.017484
0.099624
0.172198
0.366029
0.499530
0.250019
0.385644
0.027441
0.150818
0.249987
0.427565
0.023028
0.177549
0.607420
0.370711
0.033382
0.264494
0.241966
0.029566
0.687362
0.169705
0.290769
0.078095
0.171159
0.039540
0.164276
0.465149
0.479809
0.118148
0.169547
0.099405
0.596390
0.116135
0.330719
0.222015
0.092978
0.084171
0.146410
0.371458
0.278760
0.275135
0.169350
0.350372
0.182995
0.349312
0.469637
0.237833
0.425373
0.214328
0.296868
0.004823
0.118662
0.177153
0.210425
0.341765
0.187460
0.280388
0.178832
0.362607
0.004464
0.079352
0.399795
0.212065
0.060030
0.172692
0.318175
0.102171
0.386928
0.021164
0.213670
0.238797
0.636692
0.475204
0.150572
0.289567
0.087702
0.334423
0.087376
0.161646
0.295075
0.309022
0.057967
0.297379
0.025675
0.075293
0.295191
0.058200
0.530475
0.070417
0.411253
0.086425
0.093285
0.342121
0.283843
0.031748
0.383397
0.646780
0.051243
0.021780
0.068865
0.141921
0.281454
0.348503
0.095085
0.278050
0.554583
0.166732
0.096423
0.069773
0.259404
0.616051
0.123251
0.285261
0.010858
0.083682
0.418216
0.200066
0.368311
0.045212
0.418325
0.041761
0.085498
0.001403
0.083707
0.331716
0.191491
0.425900
0.373291
0.092613
0.029920
0.240261
0.078225
0.360948
0.313583
0.843670
0.387174
0.035465
0.517994
0.294232
0.040488
0.108824
0.432591
0.148531
0.288327
0.168626
0.140515
0.658605
0.122009
0.083110
0.397095
0.358767
0.614556
0.001184
0.195380
0.622430
0.034036
0.347276
0.012941
0.046417
0.254707
0.431239
0.433873
0.135980
0.521652
0.010182
0.220621
0.317237
0.420622
0.155830
0.088020
0.180053
0.541635
0.140593
0.055325
0.328175
0.276634
0.219936
0.012833
0.042712
0.324018
0.042460
0.218723
0.408141
0.696877
0.525390
0.219834
0.480079
0.095680
0.082362
0.247771
0.270844
0.143451
0.417622
0.097768
0.139521
0.374697
0.130960
0.020583
0.169134
0.026394
0.295539
0.056685
0.431314
0.398205
0.410599
0.109290
0.330067
0.503930
0.491850
0.272440
0.417345
0.214032
0.236893
0.093050
0.736120
0.019374
0.107786
0.038282
0.140200
0.588352
0.239404
0.330597
0.134655
0.159453
0.221044
0.357668
0.244650
0.058199
0.357717
0.312289
0.482197
0.204738
0.210681
0.032072
0.256062
0.156102
0.358377
0.262811
0.055500
0.070664
0.753958
0.350404
0.051956
0.386502
0.131658
0.145600
0.007137
0.421849
0.264296
0.021812
0.188124
0.172159
0.607988
0.058694
0.117099
0.435232
0.118713
0.394509
0.613159
0.394458
0.397223
0.266975
0.150794
0.088387
0.354772
0.112185
0.621686
0.172871
0.229261
0.359708
0.079957
0.047298
0.082392
0.027877
0.516649
0.128280
0.428141
0.044148
0.074877
0.532183
0.475853
0.125109
0.505160
0.108522
0.392078
0.386049
0.109418
0.006882
0.021189
0.404323
0.427151
0.021877
0.784329
0.442392
0.182563
0.158624
0.159923
0.077032
0.027865
0.267131
0.090117
0.255020
0.558962
0.514988
0.089206
0.112213
0.129087
0.427278
0.391980
0.266504
0.322960
0.202802
0.275641
0.051482
0.204312
0.609135
0.485406
0.020489
0.340270
0.433102
0.153551
0.450189
0.276673
0.009403
0.192781
0.252989
0.085939
0.386874
0.344776
0.103886
0.139786
0.144840
0.277381
0.158461
0.155985
0.019854
0.168574
0.360733
0.052199
0.193989
0.063118
0.081650
0.503440
0.231596
0.121276
0.212024
0.212292
0.163086
0.316900
0.428787
0.315389
0.463836
0.449623
0.005022
0.550608
0.126929
0.461358
0.113707
0.244833
0.090568
0.008135
0.194654
0.355972
0.058900
0.309626
0.239149
0.507880
0.025463
0.290148
0.002883
0.393430
0.162331
0.385746
0.403334
0.117706
0.037585
0.328241
0.414675
0.110569
0.218615
0.356428
0.347972
0.107218
0.344826
0.354613
0.110153
0.225044
0.162588
0.143513
0.464677
0.115779
0.170000
0.022200
0.185226
0.518401
0.135524
0.451340
0.004344
0.108405
0.200006
0.785947
0.113663
0.338238
0.097384
0.385136
0.258834
0.035805
0.529502
0.281615
0.429087
0.542968
0.088538
0.064635
0.097070
0.590331
0.131069
0.016638
0.205364
0.002129
0.226694
0.081129
0.249460
0.380110
0.008454
0.199691
0.548923
0.040673
0.108634
0.180558
0.480867
0.119231
0.307729
0.602819
0.329654
0.294726
0.175935
0.126685
0.291490
0.228954
0.267290
0.112670
0.445544
0.043074
0.173375
0.488528
0.055562
0.089934
0.136068
0.013767
0.064304
0.130300
0.043547
0.265526
0.190359
0.009784
0.361446
0.397026
0.314339
0.394908
0.376138
0.258288
0.159346
0.023724
0.149362
0.059197
0.212666
0.414628
0.128681
0.636822
0.233207
0.590644
0.179819
0.041531
0.261230
0.267110
0.093076
0.000757
0.218133
0.368870
0.608844
0.503884
0.429405
0.262950
0.120218
0.059955
0.016626
0.200295
0.061087
0.128116
0.570480
0.200176
0.071796
0.201509
0.334717
0.365360
0.261044
0.448766
0.518624
0.198962
0.195406
0.251939
0.207434
0.021345
0.175210
0.047001
0.009916
0.206934
0.351679
0.147700
0.202578
0.271863
0.440134
0.000743
0.213067
0.216276
0.269601
0.414632
0.008351
0.709409
0.101515
0.251786
0.556923
0.081652
0.194888
0.284754
0.162084
0.177517
0.020619
0.227231
0.080435
0.159877
0.156554
0.084322
0.213202
0.191113
0.004216
0.109436
0.352188
0.185034
0.282370
0.472861
0.232266
0.027420
0.106976
0.368955
0.246023
0.159763
0.532043
0.115905
0.535023
0.310588
0.203268
0.501214
0.219231
0.242439
0.062342
0.066732
0.059863
0.368085
0.389565
0.003919
0.141229
0.040208
0.214506
0.221072
0.312170
0.209889
0.234399
0.576205
0.179589
0.007022
0.259688
0.085983
0.000852
0.495360
0.174842
0.209338
0.123031
0.278373
0.240870
0.377231
0.262931
0.403685
0.087236
0.147515
0.611853
0.089598
0.307351
0.153313
0.127401
0.320933
0.190732
0.296034
0.030237
0.151133
0.005151
0.036966
0.044246
0.361278
0.520392
0.134335
0.545690
0.014723
0.268761
0.235826
0.038657
0.461225
0.012609
0.193144
0.270541
0.315834
0.152135
0.220357
0.005050
0.003020
0.253719
0.152741
0.210138
0.245666
0.160237
0.232168
0.339970
0.258875
0.210165
0.420299
0.192868
0.302214
0.258021
0.065175
0.405934
0.199210
0.305324
0.585936
0.066551
0.074173
0.259885
0.351821
0.252315
0.287518
0.607520
0.180079
0.174762
0.203664
0.116970
0.186942
0.309183
0.094113
0.135185
0.420149
0.332348
0.103757
0.124030
0.609266
0.081364
0.261786
0.292971
0.071308
0.406656
0.283152
0.216814
0.319417
0.069084
0.105374
0.140634
0.124745
0.318850
0.187523
0.597316
0.134180
0.019723
0.130509
0.085550
0.071021
0.419348
0.147493
0.196190
0.391842
0.393258
0.626314
0.132712
0.097818
0.374940
0.102928
0.559191
0.547609
0.234765
0.334588
0.002733
0.311870
0.044000
0.538720
0.201060
0.232787
0.213568
0.007559
0.593875
0.008439
0.102000
0.007482
0.314878
0.156257
0.016724
0.179180
0.304441
0.096213
0.031945
0.040560
0.181919
0.030335
0.381360
0.076559
0.397119
0.414109
0.011931
0.226302
0.122721
0.006110
0.320792
0.275514
0.453679
0.301291
0.191698
0.213857
0.336900
0.110023
0.076943
0.129591
0.043409
0.079785
0.136080
0.308300
0.079764
0.291750
0.082849
0.266708
0.040944
0.061346
0.171140
0.133203
0.343366
0.578121
0.290911
0.382073
0.019563
0.251315
0.038033
0.341937
0.020654
0.158455
0.135735
0.265846
0.115770
0.163098
0.213798
0.135717
0.638038
0.042805
0.344351
0.173157
0.023378
0.243997
0.015859
0.024411
0.545940
0.012650
0.025282
0.442229
0.405738
0.281020
0.310439
0.157802
0.420454
0.042127
0.109440
0.352207
0.689605
0.208723
0.020957
0.100609
0.372338
0.325495
0.515549
0.184963
0.574724
0.097856
0.282212
0.329102
0.464668
0.411849
0.245305
0.187347
0.070619
0.105936
0.137620
0.068213
0.293306
0.118220
0.269647
0.081933
0.011491
0.230667
0.217818
0.289342
0.337103
0.223931
0.450058
0.202225
0.263380
0.063930
0.343946
0.059785
0.075476
0.319152
0.225659
0.567415
0.236062
0.409154
0.484681
0.259817
0.536442
0.306825
0.409939
0.570455
0.104399
0.351760
0.606020
0.131110
0.167940
0.253069
0.363765
0.095450
0.190269
0.425458
0.102281
0.124820
0.065821
0.381733
0.394918
0.049540
0.140809
0.082264
0.667843
0.320814
0.156353
0.072927
0.346786
0.218743
0.168993
0.611611
0.294731
0.196742
0.317689
0.111134
0.693748
0.189925
0.443682
0.485262
0.162371
0.158638
0.098809
0.249131
0.311145
0.364790
0.646879
0.242608
0.352113
0.074792
0.021462
0.212566
0.133888
0.015675
0.207276
0.018202
0.001813
0.523101
0.105091
0.486885
0.248252
0.045029
0.147914
0.447484
0.565169
0.286992
0.199120
0.507218
0.493800
0.137104
0.012387
0.687906
0.559302
0.261305
0.302745
0.608357
0.382768
0.437360
0.607988
0.039590
0.448885
0.211787
0.051247
0.189736
0.381277
0.205970
0.051161
0.095868
0.018273
0.452673
0.127892
0.643315
0.559523
0.058066
0.007577
0.008973
0.162619
0.054261
0.211663
0.072377
0.402023
0.309035
0.534795
0.557327
0.334500
0.209594
0.306737
0.363653
0.181540
0.425417
0.065653
0.481968
0.083189
0.221918
0.179752
0.724183
0.001738
0.183249
0.595813
0.389714
0.253612
0.041570
0.034324
0.120081
0.157928
0.226377
0.236472
0.363076
0.124717
0.011698
0.024990
0.458313
0.178003
0.015039
0.375877
0.053779
0.124218
0.263196
0.185520
0.081069
0.506797
0.352194
0.178212
0.444215
0.010559
0.558098
0.515626
0.371651
0.469174
0.428114
0.071467
0.021468
0.538803
0.422768
0.042499
0.254245
0.460330
0.195659
0.198165
0.201800
0.129306
0.003872
0.214826
0.377367
0.236940
0.436217
0.307904
0.236171
0.158592
0.408578
0.389517
0.109746
0.126316
0.351782
0.305753
0.499465
0.118630
0.176771
0.192346
0.243177
0.445849
0.421445
0.177925
0.546964
0.539312
0.403787
0.009664
0.598874
0.102352
0.536761
0.412826
0.098244
0.535174
0.470392
0.030578
0.329285
0.216032
0.202652
0.293909
0.231675
0.130307
0.016904
0.220206
0.132106
0.229636
0.471859
0.087942
0.165786
0.311131
0.041290
0.579201
0.362376
0.073345
0.386985
0.305117
0.054260
0.405071
0.492663
0.109288
0.162111
0.214140
0.108022
0.452179
0.225084
0.047195
0.065328
0.075304
0.137025
0.105046
0.199312
0.201228
0.647418
0.315480
0.309592
0.476436
0.224726
0.098110
0.040467
0.370555
0.339055
0.257263
0.094286
0.387683
0.230014
0.417820
0.183771
0.245501
0.281857
0.173392
0.151540
0.139775
0.136611
0.620610
0.382199
0.501429
0.259736
0.095756
0.029898
0.345972
0.069123
0.052135
0.325575
0.301436
0.748866
0.102957
0.081741
0.238103
0.055587
0.367865
0.157056
0.436258
0.228753
0.077943
0.001541
0.355645
0.333975
0.463912
0.109807
0.514280
0.075920
0.092687
0.604577
0.201273
0.460300
0.148269
0.552934
0.190605
0.140247
0.506168
0.338144
0.122589
0.317138
0.091096
0.210116
0.093446
0.054874
0.035083
0.032883
0.259445
0.307786
0.070295
0.687757
0.037807
0.236868
0.264690
0.154551
0.515268
0.197334
0.442634
0.081292
0.089709
0.048390
0.605646
0.036194
0.579517
0.366693
0.224252
0.461155
0.082110
0.023741
0.232142
0.731620
0.332438
0.220284
0.354894
0.053117
0.045833
0.331575
0.202219
0.067687
0.113675
0.519112
0.174099
0.361021
0.015385
0.409519
0.026540
0.077410
0.097679
0.309522
0.274839
0.193066
0.259552
0.020908
0.172301
0.275497
0.029815
0.197690
0.183488
0.199698
0.746811
0.030370
0.372795
0.367389
0.288856
0.028636
0.009265
0.159097
0.276563
0.213472
0.285229
0.290554
0.053675
0.349707
0.387320
0.382864
0.179225
0.275406
0.069729
0.376664
0.183180
0.095942
0.412584
0.472423
0.270745
0.001703
0.043165
0.476416
0.168546
0.034530
0.572967
0.019602
0.296760
0.488659
0.300444
0.525921
0.172623
0.174351
0.464116
0.197614
0.053745
0.191645
0.533684
0.166359
0.506968
0.052035
0.161742
0.264470
0.006090
0.320980
0.181997
0.024278
0.117168
0.172085
0.481826
0.374439
0.242875
0.530079
0.053380
0.240009
0.379771
0.530627
0.240280
0.028194
0.447129
0.146300
0.225169
0.075976
0.101477
0.145604
0.514641
0.568509
0.070357
0.238788
0.039039
0.202899
0.148961
0.484330
0.119616
0.051384
0.523106
0.005542
0.480257
0.087023
0.239698
0.406536
0.114127
0.192270
0.445578
0.344385
0.148989
0.270073
0.129547
0.715933
0.168035
0.193812
0.348077
0.802231
0.275090
0.119563
0.297589
0.334953
0.438392
0.478387
0.197033
0.086531
0.099154
0.423285
0.177652
0.449139
0.014546
0.203226
0.348426
0.022054
0.315803
0.050894
0.312368
0.176028
0.107385
0.265038
0.317877
0.230530
0.348984
0.679621
0.268693
0.172574
0.234010
0.180732
0.319539
0.519455
0.090262
0.436940
0.073115
0.099842
0.623194
0.392569
0.406956
0.276042
0.187499
0.036510
0.165565
0.031659
0.116520
0.466023
0.397553
0.161045
0.000009
0.158644
0.119869
0.184581
0.241551
0.222667
0.145065
0.245169
0.170055
0.589807
0.017664
0.213122
0.203237
0.296605
0.169859
0.017227
0.261743
0.150668
0.240210
0.627819
0.062468
0.321690
0.218188
0.143284
0.331752
0.077945
0.145046
0.223814
0.237381
0.424425
0.004385
0.406640
0.147849
0.424721
0.144094
0.357849
0.136890
0.341180
0.389274
0.520445
0.138335
0.507254
0.329632
0.338375
0.244352
0.249386
0.081536
0.637927
0.306305
0.171224
0.471083
0.092754
0.219811
0.274200
0.069873
0.012000
0.072316
0.569777
0.069965
0.234437
0.321083
0.040332
0.297296
0.087420
0.007910
0.038704
0.348446
0.313357
0.574198
0.250615
0.096253
0.573317
0.448921
0.147064
0.549946
0.127475
0.232055
0.269250
0.189292
0.141048
0.363805
0.030613
0.055688
0.621733
0.097119
0.286636
0.082083
0.384210
0.212106
0.017081
0.037382
0.102810
0.350481
0.254369
0.171357
0.152007
0.056118
0.305376
0.312088
0.089384
0.321936
0.136603
0.054675
0.073947
0.259552
0.213909
0.193103
0.025033
0.204412
0.009835
0.318985
0.044514
0.327142
0.094280
0.113330
0.005376
0.517830
0.603381
0.150130
0.259456
0.399069
0.186726
0.019389
0.080211
0.038003
0.511720
0.254139
0.102508
0.105054
0.032708
0.062562
0.269350
0.298000
0.113084
0.335525
0.021727
0.444395
0.159936
0.169592
0.032957
0.399878
0.187106
0.561375
0.195420
0.280226
0.223633
0.088377
0.269459
0.112525
0.563435
0.175745
0.115468
0.294509
0.042671
0.348191
0.305891
0.035037
0.409672
0.127717
0.294977
0.052708
0.471741
0.109349
0.053053
0.000807
0.263072
0.084705
0.159117
0.147436
0.262223
0.111777
0.229477
0.322527
0.022811
0.182253
0.282351
0.091785
0.624085
0.377589
0.201479
0.077241
0.182450
0.167528
0.331662
0.193163
0.318769
0.124926
0.382870
0.085516
0.176880
0.046420
0.244896
0.045568
0.293410
0.381567
0.445000
0.292335
0.473186
0.025255
0.226779
0.018870
0.087686
0.125510
0.251583
0.203938
0.333467
0.235651
0.483297
0.043752
0.544046
0.213333
0.407094
0.348328
0.556812
0.047471
0.167629
0.347107
0.462606
0.055897
0.036898
0.132042
0.252430
0.164017
0.457043
0.066031
0.104617
0.185111
0.011080
0.313792
0.377583
0.336090
0.479989
0.227522
0.523746
0.044054
0.217700
0.375192
0.371544
0.419044
0.121246
0.243063
0.232537
0.130731
0.413074
0.387343
0.468065
0.230751
0.023380
0.270387
0.397616
0.448441
0.113547
0.353288
0.146993
0.026374
0.392634
0.138078
0.028748
0.098955
0.251916
0.493524
0.394773
0.225462
0.500203
0.104564
0.047685
0.382477
0.101360
0.091630
0.537932
0.040452
0.219123
0.091183
0.206346
0.605573
0.360986
0.073617
0.143978
0.008816
0.288514
0.328943
0.001618
0.348697
0.325571
0.017804
0.478724
0.270074
0.260164
0.129333
0.306862
0.003280
0.009520
0.205419
0.185258
0.113238
0.162056
0.385515
0.904926
0.251848
0.306035
0.261212
0.090768
0.192015
0.037508
0.113655
0.164713
0.054340
0.209073
0.337630
0.404736
0.273677
0.311840
0.071101
0.038404
0.513263
0.246810
0.368769
0.258933
0.194303
0.273582
0.308537
0.199586
0.243890
0.064882
0.227210
0.510294
0.119319
0.291269
0.319504
0.135273
0.109662
0.285858
0.430548
0.433479
0.260715
0.072860
0.197275
0.127770
0.265952
0.050684
0.271373
0.417654
0.002157
0.032354
0.271450
0.153794
0.065407
0.195164
0.230339
0.170854
0.217063
0.051836
0.237031
0.032652
0.169812
0.020123
0.298417
0.001851
0.334928
0.234850
0.441128
0.298893
0.127789
0.022106
0.158659
0.163495
0.437365
0.422622
0.281394
0.527324
0.463589
0.063970
0.194598
0.143277
0.217847
0.180202
0.258114
0.327667
0.094119
0.213976
0.355170
0.047330
0.053048
0.145346
0.429472
0.469894
0.284288
0.087489
0.341441
0.017745
0.148149
0.073747
0.310786
0.029077
0.014827
0.182878
0.319600
0.187950
0.024730
0.271140
0.436722
0.145134
0.075980
0.721081
0.108830
0.433614
0.501220
0.218954
0.062779
0.262835
0.371953
0.106323
0.274702
0.082423
0.149784
0.108785
0.167437
0.416105
0.447723
0.449596
0.223769
0.227874
0.379027
0.149388
0.074897
0.073024
0.513586
0.334097
0.300615
0.520124
0.160876
0.028812
0.052463
0.029315
0.148664
0.022817
0.232325
0.445822
0.161691
0.204052
0.362684
0.099945
0.123980
0.581135
0.491910
0.123517
0.436396
0.335211
0.230110
0.134435
0.224422
0.133353
0.429404
0.285365
0.430890
0.412665
0.435096
0.532739
0.310847
0.315693
0.357126
0.170812
0.080943
0.005694
0.111775
0.135774
0.364394
0.261621
0.137179
0.326156
0.144919
0.210021
0.277748
0.306119
0.018778
0.024545
0.541223
0.244629
0.215730
0.280417
0.014502
0.116626
0.119691
0.201762
0.261603
0.427260
0.019037
0.105287
0.097742
0.398289
0.187856
0.324002
0.232425
0.425348
0.115658
0.278132
0.420103
0.311300
0.260408
0.427727
0.035285
0.133563
0.376192
0.466898
0.025263
0.055933
0.502430
0.093618
0.355670
0.534939
0.147206
0.252789
0.372854
0.270309
0.181387
0.528061
0.174602
0.304248
0.303751
0.132107
0.131542
0.021568
0.300582
0.089129
0.426529
0.108599
0.309048
0.267592
0.463219
0.265213
0.007510
0.102299
0.249899
0.037073
0.320291
0.324799
0.203400
0.295224
0.264216
0.138038
0.452438
0.031416
0.514014
0.308072
0.275267
0.511538
0.394850
0.069475
0.320652
0.073658
0.769543
0.194636
0.234983
0.087465
0.684448
0.103184
0.219351
0.290508
0.379435
0.301479
0.514087
0.066349
0.188191
0.255257
0.060126
0.066268
0.040482
0.121919
0.397188
0.311376
0.208141
0.290984
0.158034
0.121600
0.660086
0.491453
0.479399
0.116854
0.409922
0.225029
0.339435
0.390210
0.406488
0.365645
0.066609
0.065364
0.080260
0.364697
0.437737
0.205145
0.326018
0.234977
0.140395
0.383192
0.100009
0.355290
0.147537
0.276190
0.410841
0.001981
0.096334
0.743307
0.356920
0.414942
0.183057
0.047333
0.328528
0.260734
0.010522
0.287826
0.117912
0.583957
0.122700
0.492044
0.124956
0.047774
0.057037
0.225749
0.223326
0.047739
0.278860
0.508740
0.142431
0.132381
0.312849
0.610720
0.046316
0.125821
0.579704
0.557815
0.137303
0.587593
0.080499
0.085945
0.452152
0.084088
0.475123
0.163900
0.104769
0.462804
0.211538
0.053138
0.529804
0.019584
0.177644
0.312370
0.020123
0.154773
0.101103
0.115895
0.112091
0.246283
0.158517
0.193857
0.411353
0.225620
0.029119
0.186481
0.425862
0.326866
0.507796
0.167262
0.116620
0.500893
0.246646
0.215098
0.304067
0.146781
0.090419
0.057761
0.419759
0.444865
0.447839
0.409975
0.169829
0.231483
0.414077
0.449794
0.260297
0.155898
0.553089
0.277710
0.227010
0.007880
0.346629
0.126312
0.583622
0.315478
0.473491
0.293737
0.037584
0.030375
0.125769
0.216131
0.013535
0.187015
0.104577
0.082426
0.520579
0.110880
0.103009
0.153394
0.388982
0.008312
0.329321
0.324596
0.419599
0.136857
0.089832
0.281800
0.065296
0.425032
0.562524
0.223875
0.310153
0.245707
0.172667
0.339180
0.037108
0.054872
0.269577
0.094914
0.264796
0.362094
0.048266
0.511930
0.184456
0.019650
0.403254
0.151566
0.040986
0.291657
0.241017
0.135958
0.436833
0.061315
0.029471
0.240970
0.488757
0.504305
0.061059
0.219330
0.298249
0.200970
0.327986
0.445470
0.390131
0.282694
0.162007
0.405556
0.023528
0.284588
0.387930
0.197014
0.393787
0.134580
0.245213
0.150639
0.211829
0.538010
0.520730
0.059321
0.471148
0.344985
0.157356
0.001389
0.111293
0.090053
0.288541
0.478882
0.035773
0.500953
0.534585
0.270557
0.073719
0.104030
0.178006
0.667205
0.050232
0.286993
0.065816
0.002720
0.166078
0.262574
0.317895
0.269116
0.437928
0.058145
0.102555
0.018167
0.320343
0.587516
0.112154
0.378061
0.261876
0.159681
0.009262
0.286277
0.216142
0.328774
0.028449
0.385049
0.513908
0.252514
0.478885
0.163602
0.324002
0.011821
0.464919
0.137726
0.423045
0.325322
0.089035
0.487669
0.245249
0.288328
0.174827
0.155721
0.575588
0.003880
0.401839
0.626291
0.129927
0.028016
0.035783
0.073899
0.254295
0.334589
0.068534
0.012704
0.252211
0.250196
0.343577
0.119594
0.498017
0.126950
0.214333
0.432616
0.533085
0.298299
0.184145
0.376369
0.291709
0.315549
0.129718
0.168105
0.001764
0.106429
0.343705
0.054499
0.443396
0.035299
0.377171
0.747528
0.220523
0.186756
0.373941
0.302704
0.175717
0.527797
0.085323
0.258620
0.510595
0.307961
0.028362
0.186774
0.156872
0.598779
0.380158
0.341343
0.314989
0.290506
0.027413
0.493312
0.558239
0.260963
0.104376
0.446043
0.302127
0.042669
0.000235
0.720619
0.096526
0.043696
0.017016
0.291069
0.360510
0.165058
0.653083
0.196145
0.155898
0.330035
0.134197
0.129107
0.108625
0.469712
0.091857
0.265984
0.096881
0.185984
0.144019
0.140576
0.174003
0.552073
0.472854
0.201186
0.175706
0.785307
0.269999
0.244786
0.341863
0.000704
0.297770
0.198513
0.023234
0.373551
0.227898
0.144246
0.201810
0.396729
0.042911
0.123973
0.311347
0.167686
0.261362
0.003101
0.238526
0.521167
0.454129
0.082920
0.187025
0.159479
0.154314
0.630873
0.003398
0.209785
0.534422
0.104717
0.087029
0.165175
0.141370
0.519805
0.170284
0.582522
0.178710
0.070175
0.233265
0.560415
0.226089
0.389613
0.047553
0.507638
0.240847
0.010405
0.372962
0.036805
0.339966
0.407637
0.025080
0.541184
0.469211
0.088034
0.099674
0.103645
0.172481
0.252529
0.272660
0.045095
0.264863
0.404187
0.099103
0.122969
0.037048
0.176220
0.408368
0.437800
0.207660
0.181413
0.294068
0.197462
0.018389
0.232135
0.366891
0.466238
0.136543
0.539209
0.262835
0.428674
0.087788
0.054474
0.196774
0.158728
0.128997
0.018249
0.243087
0.353792
0.099858
0.307736
0.154401
0.363127
0.233056
0.046357
0.000834
0.103405
0.056099
0.085986
0.547782
0.261795
0.180634
0.497797
0.066207
0.031944
0.265582
0.196134
0.186289
0.134918
0.446058
0.182215
0.380275
0.194558
0.121355
0.519383
0.023215
0.437272
0.257284
0.338840
0.274908
0.083054
0.348335
0.329601
0.292657
0.204350
0.074378
0.575110
0.040493
0.385788
0.031335
0.560290
0.176773
0.119132
0.294935
0.524016
0.057016
0.381005
0.313088
0.053999
0.275299
0.308570
0.324547
0.238333
0.180627
0.341260
0.172415
0.243716
0.149975
0.115530
0.447209
0.129095
0.042487
0.113521
0.299238
0.358983
0.166277
0.249565
0.133008
0.105182
0.161788
0.449236
0.136551
0.194841
0.045502
0.220646
0.287304
0.052017
0.420216
0.027575
0.276168
0.512066
0.126618
0.398191
0.194943
0.479090
0.143179
0.361793
0.137232
0.233085
0.322646
0.100207
0.285381
0.308201
0.163080
0.453275
0.706949
0.346566
0.317327
0.535767
0.445570
0.004618
0.274055
0.596771
0.114609
0.133017
0.048720
0.335944
0.503819
0.042717
0.041359
0.012666
0.441749
0.152574
0.072126
0.507399
0.319337
0.014334
0.000390
0.010621
0.000388
0.235333
0.238533
0.484571
0.037324
0.149440
0.155366
0.140020
0.146782
0.143763
0.366606
0.125688
0.184418
0.211840
0.322523
0.118353
0.314982
0.031569
0.017127
0.135057
0.027749
0.447072
0.214450
0.059353
0.333717
0.294306
0.209543
0.288552
0.008322
0.285143
0.604930
0.418427
0.300897
0.241292
0.174106
0.084975
0.331759
0.411540
0.152843
0.017684
0.468295
0.149902
0.122528
0.196974
0.332014
0.638996
0.064248
0.526870
0.572853
0.058596
0.163651
0.178689
0.321084
0.300555
0.054714
0.171100
0.087087
0.216127
0.348782
0.128806
0.632233
0.410103
0.288088
0.092279
0.428154
0.159767
0.324190
0.311702
0.052566
0.425165
0.413892
0.158806
0.509660
0.015506
0.064571
0.360862
0.088554
0.297209
0.299666
0.093251
0.092784
0.025914
0.013231
0.033251
0.192089
0.102314
0.026560
0.087949
0.423659
0.167273
0.119806
0.551895
0.083914
0.066381
0.139535
0.117109
0.125051
0.178402
0.352890
0.029545
0.735853
0.061567
0.104323
0.582102
0.093033
0.234479
0.031674
0.022320
0.164474
0.267788
0.432948
0.144560
0.303171
0.130992
0.081718
0.231616
0.522023
0.089252
0.443497
0.534816
0.233660
0.003383
0.169990
0.298762
0.382907
0.341226
0.156455
0.279647
0.267844
0.531886
0.085282
0.175178
0.031806
0.424096
0.082550
0.057933
0.343277
0.264413
0.474382
0.105743
0.180322
0.352376
0.169609
0.145632
0.032584
0.194213
0.199190
0.039476
0.137215
0.452381
0.433170
0.235414
0.304807
0.165667
0.364273
0.296531
0.173716
0.188634
0.197813
0.607138
0.174220
0.209179
0.055867
0.086905
0.017794
0.050193
0.165292
0.155394
0.083288
0.114938
0.159723
0.288238
0.260896
0.426974
0.166662
0.342509
0.052119
0.099734
0.226025
0.023576
0.121544
0.137109
0.351159
0.347260
0.016795
0.235731
0.466269
0.263023
0.118365
0.238054
0.474012
0.179180
0.169806
0.413438
0.005395
0.031866
0.089004
0.031125
0.304624
0.402570
0.042153
0.054649
0.254198
0.545289
0.087645
0.247184
0.138757
0.213377
0.436147
0.211963
0.068740
0.412717
0.354407
0.298942
0.094390
0.266661
0.215102
0.204944
0.385476
0.014404
0.129314
0.113482
0.179885
0.176845
0.349616
0.255815
0.054841
0.314322
0.173046
0.534436
0.201799
0.260419
0.312829
0.118749
0.462156
0.342015
0.120585
0.288218
0.066918
0.469709
0.165169
0.234367
0.007483
0.286058
0.268055
0.053261
0.599036
0.248079
0.115364
0.041904
0.552035
0.164419
0.078792
0.194599
0.161139
0.136565
0.115795
0.061391
0.246147
0.096879
0.252315
0.026669
0.427172
0.410203
0.001767
0.373087
0.070000
0.107576
0.340987
0.069052
0.256494
0.449470
0.187092
0.309918
0.147865
0.262944
0.055650
0.283519
0.257026
0.229856
0.414175
0.301487
0.215769
0.142781
0.013111
0.345485
0.276459
0.334628
0.210981
0.170587
0.144804
0.351144
0.093352
0.191345
0.072082
0.044848
0.176115
0.331819
0.065407
0.016176
0.335229
0.491820
0.434763
0.189702
0.090817
0.195518
0.545214
0.048049
0.456335
0.077960
0.201389
0.420399
0.007322
0.063881
0.435452
0.023537
0.359218
0.340621
0.617675
0.261380
0.517907
0.029571
0.278441
0.247146
0.204749
0.264862
0.535718
0.076242
0.140878
0.427150
0.026811
0.311744
0.408889
0.164547
0.734495
0.242436
0.515797
0.390839
0.345778
0.646439
0.530336
0.249043
0.321978
0.132549
0.086401
0.318176
0.548982
0.052795
0.392617
0.070056
0.160099
0.497065
0.262191
0.239976
0.169609
0.242665
0.418984
0.293925
0.130705
0.152455
0.084622
0.010075
0.233409
0.165895
0.560750
0.521724
0.402174
0.213762
0.432349
0.095408
0.642310
0.061482
0.014608
0.309217
0.355185
0.218352
0.454593
0.093057
0.206427
0.536864
0.503496
0.053649
0.139310
0.622078
0.227816
0.181008
0.235221
0.092062
0.239769
0.147687
0.125022
0.135523
0.527135
0.050924
0.197288
0.485298
0.489764
0.553819
0.057432
0.224732
0.291721
0.159560
0.467917
0.239274
0.508946
0.171757
0.555578
0.515770
0.200773
0.139083
0.012862
0.105092
0.264951
0.324451
0.603818
0.090181
0.442711
0.016452
0.145573
0.021595
0.201555
0.138954
0.057913
0.199589
0.162076
0.309813
0.016686
0.201647
0.282142
0.069863
0.029393
0.336018
0.509045
0.371353
0.216906
0.431929
0.318151
0.187286
0.172890
0.471572
0.447214
0.332883
0.213740
0.458188
0.383489
0.285662
0.169201
0.157118
0.339317
0.216868
0.052300
0.106977
0.267252
0.020343
0.014912
0.018133
0.166683
0.373141
0.101873
0.377901
0.520916
0.246000
0.344412
0.137545
0.218206
0.116108
0.114834
0.070421
0.304238
0.285194
0.517827
0.232017
0.356734
0.075334
0.631116
0.502972
0.092561
0.190951
0.319048
0.475107
0.073863
0.276588
0.014397
0.595547
0.183916
0.217763
0.360032
0.251130
0.203829
0.218776
0.134809
0.087578
0.184597
0.289845
0.216963
0.173395
0.060525
0.248826
0.242811
0.370314
0.023569
0.136399
0.358459
0.109721
0.616062
0.410587
0.092657
0.203219
0.591143
0.292970
0.235231
0.299511
0.104241
0.373156
0.497732
0.313801
0.309364
0.525110
0.176719
0.142127
0.302925
0.430883
0.053547
0.188710
0.244358
0.270935
0.028522
0.375947
0.035849
0.179298
0.071536
0.133883
0.063707
0.140881
0.055836
0.398648
0.385605
0.281997
0.209933
0.156277
0.146414
0.312323
0.141014
0.441919
0.122553
0.086425
0.122618
0.036966
0.409075
0.282490
0.131175
0.234980
0.391358
0.329629
0.187929
0.369753
0.051521
0.625344
0.000074
0.077097
0.249321
0.292486
0.121509
0.189823
0.114779
0.049574
0.339725
0.420689
0.115186
0.335148
0.253701
0.048517
0.181802
0.524426
0.236989
0.198682
0.332104
0.055115
0.448070
0.275970
0.170482
0.386302
0.455194
0.140818
0.360587
0.349769
0.073175
0.034931
0.275153
0.109465
0.578151
0.080973
0.158494
0.382825
0.063401
0.205908
0.500670
0.067148
0.287511
0.528001
0.416139
0.045173
0.155300
0.005775
0.136417
0.025979
0.301873
0.260276
0.105202
0.142809
0.273025
0.221587
0.349557
0.302031
0.180198
0.482939
0.392928
0.034681
0.011238
0.174033
0.720091
0.428982
0.777789
0.333664
0.040293
0.075294
0.352352
0.009591
0.070545
0.334612
0.008753
0.649730
0.315119
0.087492
0.046230
0.326423
0.506725
0.376722
0.550176
0.359102
0.210482
0.168251
0.352631
0.299195
0.250498
0.228604
0.032171
0.120837
0.172921
0.751416
0.067347
0.415190
0.043542
0.696778
0.382536
0.012837
0.397176
0.277496
0.034203
0.454782
0.157762
0.227929
0.049804
0.124469
0.199023
0.020951
0.234454
0.234657
0.008986
0.503330
0.073817
0.061884
0.184459
0.264299
0.370135
0.441476
0.491089
0.147966
0.142196
0.012561
0.534489
0.118635
0.272864
0.409691
0.024471
0.516692
0.155154
0.007315
0.015904
0.422420
0.163990
0.274271
0.025698
0.030826
0.187738
0.102200
0.156737
0.183926
0.021162
0.449921
0.222495
0.549182
0.087896
0.280367
0.127153
0.084823
0.069864
0.088251
0.391950
0.144863
0.235848
0.015511
0.071489
0.073468
0.042805
0.427673
0.292660
0.002614
0.711759
0.141300
0.288650
0.585056
0.168498
0.174314
0.093433
0.165973
0.297761
0.164320
0.439626
0.319776
0.117612
0.257799
0.401831
0.425599
0.330596
0.286442
0.059397
0.245064
0.019432
0.143688
0.496762
0.510355
0.197001
0.107227
0.253872
0.048585
0.132219
0.101242
0.410878
0.149362
0.244300
0.484331
0.321684
0.407607
0.026027
0.192337
0.382620
0.158966
0.113150
0.015193
0.379894
0.334532
0.512161
0.073361
0.322070
0.182540
0.096489
0.316580
0.256334
0.031292
0.254889
0.270647
0.624695
0.218755
0.314399
0.398464
0.241091
0.314532
0.166219
0.399020
0.319544
0.163683
0.216887
0.144459
0.294164
0.409052
0.474038
0.300112
0.353541
0.512468
0.207845
0.039048
0.102019
0.031443
0.113906
0.362461
0.123633
0.152302
0.553577
0.091432
0.472893
0.128782
0.308635
0.485510
0.141965
0.305006
0.655700
0.112708
0.117531
0.283447
0.356378
0.464801
0.029468
0.061238
0.234202
0.577330
0.622648
0.103985
0.359537
0.444625
0.428131
0.337619
0.186558
0.040137
0.057300
0.190699
0.370549
0.608148
0.029405
0.364002
0.160317
0.291133
0.304557
0.029654
0.431095
0.196469
0.037668
0.451899
0.284537
0.221110
0.252245
0.565926
0.130070
0.051172
0.351913
0.150277
0.106815
0.194999
0.332327
0.319445
0.022220
0.265538
0.667696
0.619177
0.455310
0.099913
0.271869
0.249426
0.116373
0.001360
0.094773
0.563579
0.610701
0.054427
0.006483
0.237894
0.202557
0.305709
0.299293
0.529514
0.028485
0.347965
0.067510
0.382084
0.128030
0.100728
0.054347
0.487515
0.035079
0.057051
0.321369
0.000402
0.293398
0.626664
0.053412
0.456534
0.030922
0.071940
0.458546
0.184084
0.071448
0.042780
0.298339
0.340590
0.032522
0.313145
0.253771
0.391418
0.490461
0.183512
0.022306
0.369343
0.297050
0.425454
0.215192
0.267363
0.606081
0.141939
0.040342
0.046581
0.028706
0.308190
0.002685
0.285061
0.385516
0.092433
0.264965
0.208531
0.011457
0.077458
0.058318
0.491757
0.262300
0.226794
0.432014
0.097157
0.491651
0.249165
0.292493
0.201260
0.354049
0.298450
0.530027
0.160019
0.113708
0.496889
0.264969
0.066805
0.332198
0.194532
0.295340
0.147137
0.238234
0.225584
0.130859
0.308152
0.154530
0.330731
0.075693
0.288238
0.230012
0.430383
0.116737
0.134741
0.058936
0.073541
0.347499
0.386715
0.205502
0.118840
0.301654
0.531918
0.265567
0.400045
0.408818
0.177452
0.186411
0.000454
0.042876
0.246264
0.502758
0.254879
0.184457
0.063457
0.565294
0.155737
0.064341
0.068227
0.282975
0.433672
0.362538
0.405400
0.378388
0.107908
0.269915
0.245163
0.121842
0.208075
0.084233
0.436338
0.168360
0.112404
0.036798
0.049724
0.014811
0.412554
0.135710
0.172229
0.263389
0.047323
0.356104
0.067365
0.047657
0.070134
0.344144
0.424520
0.602490
0.007467
0.194276
0.090521
0.105435
0.353931
0.136886
0.581700
0.257310
0.055302
0.496386
0.044150
0.373596
0.023321
0.042289
0.210810
0.394189
0.290546
0.081370
0.443027
0.561415
0.388302
0.232228
0.398552
0.182231
0.138781
0.111291
0.345356
0.101633
0.085053
0.419961
0.076476
0.315783
0.240810
0.109489
0.387159
0.440616
0.221504
0.091115
0.059220
0.258879
0.137910
0.053673
0.299907
0.098748
0.338139
0.069941
0.151785
0.216257
0.322185
0.219083
0.244023
0.277756
0.585167
0.239771
0.387533
0.031602
0.336930
0.076325
0.036160
0.155784
0.102211
0.142149
0.365909
0.081229
0.439706
0.181532
0.324707
0.398558
0.150204
0.027466
0.408510
0.044553
0.232576
0.268343
0.348409
0.260290
0.151725
0.127766
0.382528
0.117726
0.327820
0.145019
0.191154
0.279876
0.120339
0.179372
0.421957
0.303947
0.471858
0.305727
0.644686
0.139192
0.044335
0.336560
0.331709
0.250718
0.265437
0.205215
0.214844
0.216235
0.556484
0.432787
0.588716
0.043163
0.070675
0.462695
0.165480
0.244129
0.228382
0.329662
0.071542
0.047480
0.173454
0.201686
0.144329
0.039278
0.078572
0.074628
0.317576
0.172682
0.587710
0.292467
0.144503
0.303854
0.082837
0.111126
0.647455
0.197882
0.184236
0.180821
0.191323
0.294086
0.332938
0.053193
0.092533
0.077833
0.338842
0.092695
0.031216
0.421541
0.325606
0.095316
0.657822
0.282925
0.006018
0.032649
0.182912
0.100196
0.131729
0.120846
0.183863
0.045104
0.230312
0.008678
0.711400
0.101593
0.348427
0.256980
0.223545
0.207301
0.033819
0.394837
0.267782
0.007691
0.188637
0.578655
0.407148
0.305116
0.463904
0.031994
0.229664
0.299504
0.144022
0.369655
0.260893
0.162513
0.408251
0.299276
0.037174
0.557731
0.031583
0.231259
0.416483
0.137882
0.340819
0.128099
0.113874
0.010474
0.172217
0.424221
0.468157
0.239738
0.007061
0.009743
0.004899
0.336908
0.209851
0.321826
0.526746
0.214644
0.070378
0.053416
0.230865
0.052097
0.238643
0.180915
0.168130
0.353394
0.001093
0.087110
0.152498
0.054554
0.012555
0.189682
0.166102
0.256481
0.212014
0.381589
0.002483
0.128504
0.293910
0.020630
0.322488
0.356470
0.394816
0.047096
0.479680
0.570617
0.062447
0.470628
0.040197
0.233771
0.127723
0.196959
0.361442
0.302642
0.234634
0.272536
0.123896
0.159064
0.306473
0.295700
0.633255
0.270101
0.051810
0.223008
0.355827
0.162287
0.289329
0.473743
0.156768
0.243326
0.157070
0.497116
0.277284
0.149404
0.184204
0.587617
0.007376
0.188093
0.487360
0.175171
0.403597
0.336966
0.286209
0.038309
0.104319
0.316708
0.356766
0.426563
0.073723
0.157086
0.066299
0.395448
0.209272
0.314497
0.359874
0.029796
0.287055
0.365944
0.357260
0.166481
0.094582
0.341310
0.188326
0.370938
0.205594
0.083827
0.313262
0.177702
0.119959
0.134823
0.212772
0.120807
0.674567
0.054801
0.026335
0.206643
0.014976
0.186874
0.539848
0.336453
0.085465
0.433725
0.396383
0.039605
0.204519
0.315194
0.089445
0.181648
0.183078
0.045304
0.396017
0.253305
0.521526
0.322710
0.314692
0.156755
0.082802
0.043634
0.159094
0.184354
0.165782
0.390370
0.519856
0.128222
0.191024
0.403550
0.115625
0.300170
0.352170
0.120558
0.326815
0.426113
0.332195
0.239410
0.316434
0.261403
0.210176
0.516508
0.324147
0.176469
0.577349
0.090995
0.100760
0.093817
0.422315
0.448587
0.315531
0.289134
0.519190
0.384764
0.378420
0.358682
0.326058
0.080351
0.220118
0.020199
0.091273
0.673606
0.389074
0.119678
0.148590
0.727446
0.060094
0.360916
0.381756
0.162735
0.222366
0.292001
0.272268
0.040250
0.457245
0.003438
0.238554
0.055732
0.165223
0.069230
0.186059
0.303318
0.147257
0.293834
0.101785
0.302372
0.273798
0.661218
0.309038
0.179077
0.062848
0.202770
0.019945
0.122428
0.376187
0.115737
0.272442
0.142501
0.092463
0.291187
0.178712
0.506074
0.116851
0.267147
0.467873
0.334770
0.081709
0.290202
0.186376
0.396071
0.027128
0.131270
0.006246
0.485804
0.213989
0.054892
0.677641
0.409241
0.234466
0.401343
0.151757
0.090982
0.212513
0.186824
0.009725
0.056398
0.090663
0.355178
0.085284
0.130129
0.459658
0.140926
0.143756
0.450823
0.583440
0.630173
0.131898
0.214358
0.059546
0.227453
0.261880
0.425535
0.263248
0.113619
0.021737
0.257314
0.281046
0.190115
0.249391
0.310556
0.226484
0.194728
0.375752
0.232095
0.546181
0.206205
0.037235
0.542857
0.272143
0.329879
0.503905
0.329332
0.416554
0.165928
0.185573
0.325981
0.146796
0.197601
0.507798
0.109176
0.529671
0.469396
0.345354
0.028446
0.208301
0.066130
0.297736
0.147014
0.124947
0.076666
0.357320
0.055634
0.119880
0.508763
0.435902
0.411585
0.039814
0.502734
0.455031
0.029300
0.406779
0.012666
0.083875
0.445416
0.229399
0.381782
0.061768
0.197458
0.502951
0.023388
0.107433
0.255534
0.133918
0.135556
0.199251
0.291967
0.072597
0.336778
0.056470
0.296977
0.178722
0.287039
0.414539
0.898847
0.368204
0.218511
0.074049
0.398263
0.322859
0.440038
0.288331
0.206899
0.499905
0.271723
0.066666
0.339692
0.347765
0.026763
0.010620
0.394873
0.295045
0.660003
0.194099
0.341362
0.100479
0.555245
0.211581
0.174271
0.157714
0.194458
0.141640
0.278586
0.330992
0.365449
0.205473
0.242122
0.344296
0.250650
0.388725
0.208624
0.055307
0.345196
0.001469
0.341148
0.461571
0.003949
0.163350
0.370578
0.122449
0.089844
0.131001
0.567290
0.188167
0.433246
0.189380
0.475072
0.153936
0.093802
0.130603
0.027296
0.481018
0.367149
0.209886
0.101004
0.338799
0.171969
0.453939
0.149928
0.052441
0.174274
0.013138
0.306473
0.424662
0.179147
0.347530
0.353271
0.177651
0.242590
0.246075
0.011256
0.156888
0.231697
0.179096
0.317669
0.050468
0.209224
0.227831
0.165373
0.339130
0.256243
0.083044
0.423518
0.007991
0.510627
0.421621
0.296218
0.168124
0.193135
0.412594
0.101758
0.534706
0.423986
0.155855
0.192526
0.321075
0.040488
0.087078
0.284176
0.455737
0.586684
0.118104
0.261246
0.056319
0.330533
0.136369
0.066647
0.202200
0.140436
0.437648
0.036476
0.403485
0.323946
0.061419
0.143387
0.056440
0.000322
0.543127
0.213443
0.121707
0.074763
0.105851
0.016490
0.370891
0.234840
0.403128
0.336411
0.014271
0.230991
0.079123
0.484516
0.470496
0.099929
0.198340
0.311540
0.009933
0.047412
0.181739
0.313195
0.225868
0.194344
0.118541
0.384746
0.503188
0.433007
0.103937
0.527864
0.015515
0.416489
0.143137
0.365301
0.556458
0.104173
0.169708
0.430778
0.583336
0.036213
0.093552
0.280531
0.120716
0.442127
0.441471
0.357791
0.186200
0.000074
0.354153
0.156333
0.195876
0.226958
0.067565
0.056846
0.396757
0.232415
0.016623
0.484515
0.142567
0.277372
0.470046
0.182757
0.527712
0.214328
0.293786
0.378758
0.445231
0.263824
0.331972
0.421068
0.095737
0.523552
0.141620
0.015335
0.398982
0.337918
0.695884
0.308653
0.158982
0.407945
0.277027
0.200832
0.376751
0.028678
0.065848
0.407108
0.308237
0.088762
0.029261
0.464227
0.615629
0.604685
0.178404
0.466640
0.159791
0.053136
0.403374
0.482017
0.035018
0.017220
0.386241
0.281132
0.016182
0.186983
0.431170
0.214942
0.052776
0.142943
0.378834
0.034872
0.119628
0.607119
0.247550
0.119364
0.406660
0.129252
0.116177
0.014796
0.378476
0.176037
0.039100
0.393223
0.170788
0.072358
0.259944
0.196347
0.421950
0.408389
0.102373
0.208981
0.435368
0.204717
0.336044
0.244958
0.000671
0.425642
0.376260
0.118392
0.382607
0.222841
0.168069
0.247323
0.136564
0.136235
0.249054
0.223630
0.305987
0.010732
0.508586
0.068782
0.280296
0.485066
0.098894
0.353714
0.143235
0.228535
0.343562
0.083461
0.184924
0.492157
0.115255
0.054822
0.392960
0.325287
0.530584
0.151227
0.495425
0.140346
0.505925
0.064547
0.353228
0.064165
0.129861
0.071746
0.504683
0.054583
0.027609
0.402649
0.062479
0.409960
0.195858
0.246809
0.165318
0.290982
0.049700
0.112021
0.305139
0.227455
0.354271
0.273045
0.032109
0.038263
0.309416
0.265518
0.112773
0.034053
0.272481
0.375644
0.246576
0.049413
0.136883
0.224894
0.090383
0.153436
0.077165
0.068468
0.523562
0.416128
0.692794
0.147990
0.383209
0.144036
0.107925
0.143905
0.190802
0.151275
0.247154
0.106611
0.338703
0.238424
0.680565
0.197476
0.480409
0.491492
0.115024
0.243025
0.114340
0.191603
0.123045
0.566398
0.234617
0.285318
0.361739
0.102239
0.110338
0.307594
0.152484
0.004747
0.032052
0.446678
0.019748
0.273714
0.081947
0.159391
0.316958
0.083163
0.292667
0.365746
0.363072
0.376898
0.008399
0.214024
0.387976
0.450739
0.237944
0.076556
0.382711
0.132635
0.333883
0.241401
0.480341
0.132537
0.002458
0.105541
0.635865
0.040572
0.466469
0.206036
0.004408
0.198762
0.211527
0.132999
0.400674
0.238550
0.039458
0.436324
0.222626
0.512729
0.059201
0.249584
0.216562
0.267307
0.181637
0.349430
0.088629
0.263798
0.035542
0.004940
0.079333
0.244672
0.064821
0.133386
0.274586
0.086978
0.091814
0.280220
0.044357
0.265070
0.094920
0.003508
0.132299
0.204944
0.496183
0.228887
0.010687
0.430773
0.526741
0.164353
0.437006
0.383484
0.081601
0.232244
0.217834
0.132533
0.437111
0.612727
0.513346
0.358258
0.703193
0.190420
0.108820
0.048426
0.233435
0.053507
0.016849
0.078342
0.388424
0.626818
0.203633
0.222872
0.050681
0.391613
0.044229
0.106423
0.352854
0.525370
0.061322
0.115185
0.064327
0.055349
0.421213
0.446088
0.562111
0.104855
0.258670
0.026440
0.176738
0.040690
0.126723
0.416409
0.199505
0.106279
0.057091
0.216025
0.239345
0.356398
0.394538
0.139673
0.255077
0.290617
0.284738
0.208605
0.073398
0.305451
0.037460
0.330015
0.396429
0.234634
0.121691
0.302551
0.087594
0.079816
0.210619
0.238572
0.087579
0.582361
0.455781
0.192155
0.019585
0.454857
0.099843
0.274058
0.055675
0.339723
0.675798
0.408750
0.328714
0.346025
0.208906
0.137187
0.022441
0.421726
0.462994
0.081740
0.287283
0.175148
0.215639
0.252684
0.053819
0.696688
0.423643
0.106890
0.304481
0.386618
0.107624
0.308985
0.230950
0.176370
0.082732
0.521619
0.125320
0.261384
0.295668
0.119362
0.411039
0.071154
0.312184
0.381662
0.102654
0.332750
0.035766
0.186561
0.132834
0.001596
0.206145
0.073064
0.149889
0.241053
0.077029
0.133793
0.465286
0.079136
0.037857
0.094330
0.064038
0.020089
0.197773
0.121787
0.253256
0.470061
0.132496
0.045856
0.565198
0.230256
0.191326
0.223391
0.029978
0.232370
0.157047
0.317712
0.366325
0.349201
0.116779
0.059014
0.268083
0.576701
0.310348
0.369822
0.284831
0.276025
0.023682
0.122987
0.310408
0.651360
0.226030
0.130683
0.211091
0.179743
0.636066
0.065313
0.004486
0.098022
0.407894
0.086406
0.093428
0.040508
0.257745
0.448180
0.213196
0.273792
0.377520
0.174018
0.141809
0.211460
0.273765
0.197965
0.033714
0.036437
0.439860
0.227002
0.371017
0.019088
0.104827
0.272439
0.264183
0.126503
0.039656
0.353524
0.595703
0.162664
0.219178
0.173475
0.027585
0.012592
0.315067
0.213692
0.297370
0.280194
0.064805
0.021152
0.416392
0.115902
0.372063
0.139640
0.446945
0.202524
0.014460
0.281182
0.073428
0.001322
0.058771
0.398412
0.212857
0.015156
0.164766
0.495821
0.079708
0.042726
0.158022
0.110726
0.126802
0.034097
0.617244
0.059129
0.057218
0.035737
0.114163
0.445178
0.306060
0.214816
0.261112
0.303919
0.354666
0.145409
0.141869
0.010490
0.286346
0.118682
0.258267
0.229045
0.271814
0.472628
0.406295
0.109844
0.241816
0.204339
0.250354
0.138243
0.001746
0.347734
0.025973
0.295704
0.107463
0.285146
0.203425
0.242963
0.019586
0.088134
0.136423
0.291298
0.302300
0.152304
0.172408
0.205747
0.181411
0.038010
0.325192
0.319821
0.417311
0.127860
0.001821
0.077531
0.300554
0.244164
0.108393
0.392479
0.324893
0.152320
0.120932
0.461203
0.193748
0.030602
0.013682
0.086143
0.280206
0.088064
0.246743
0.194587
0.289410
0.212379
0.128380
0.339471
0.260571
0.014929
0.453562
0.072785
0.268123
0.092867
0.083684
0.149916
0.306159
0.209799
0.522094
0.095614
0.264565
0.011266
0.401746
0.251754
0.278539
0.524665
0.195802
0.349605
0.152470
0.152718
0.170290
0.383564
0.437646
0.259261
0.102560
0.258158
0.122599
0.067921
0.054966
0.192514
0.064265
0.178395
0.182179
0.036909
0.034834
0.512402
0.514487
0.579717
0.144267
0.523725
0.256781
0.179772
0.126744
0.403728
0.010486
0.169786
0.470933
0.071865
0.152821
0.014113
0.183022
0.338593
0.222249
0.648345
0.270956
0.516668
0.088186
0.152877
0.287257
0.520533
0.155333
0.161247
0.187689
0.184018
0.555203
0.217095
0.212295
0.261041
0.010283
0.562170
0.403233
0.594320
0.297038
0.426373
0.391510
0.667018
0.004626
0.688004
0.266073
0.266323
0.282013
0.537851
0.056939
0.459306
0.246350
0.131200
0.666005
0.100707
0.127551
0.007214
0.322712
0.162570
0.333868
0.100801
0.359281
0.159388
0.023803
0.157474
0.005356
0.670207
0.188661
0.247744
0.160407
0.286556
0.167514
0.358978
0.130641
0.241739
0.015589
0.460285
0.102218
0.498051
0.034784
0.310542
0.568033
0.271226
0.305950
0.095323
0.530407
0.334793
0.064304
0.405740
0.087157
0.176521
0.200954
0.111402
0.355404
0.119467
0.243943
0.252633
0.685834
0.260573
0.622703
0.191347
0.137304
0.323658
0.123789
0.501595
0.581623
0.312403
0.123398
0.630297
0.307012
0.318990
0.153677
0.080272
0.036623
0.235480
0.194280
0.568064
0.251916
0.525518
0.171504
0.219274
0.100449
0.251544
0.187770
0.023619
0.420169
0.223851
0.150554
0.077100
0.136235
0.337495
0.025019
0.141735
0.062111
0.301101
0.230837
0.004650
0.203934
0.242049
0.241467
0.170220
0.058356
0.132023
0.440346
0.048951
0.153487
0.229341
0.078795
0.236453
0.114485
0.198145
0.199894
0.217291
0.142989
0.212330
0.074805
0.139263
0.013930
0.179285
0.152765
0.334737
0.131346
0.322049
0.324374
0.557077
0.243019
0.293507
0.402255
0.256861
0.009251
0.189049
0.141916
0.285813
0.208016
0.304779
0.112019
0.398098
0.488104
0.027737
0.007908
0.326250
0.382591
0.163717
0.319650
0.108935
0.240580
0.271825
0.151642
0.022198
0.197720
0.170710
0.381429
0.244855
0.235312
0.092870
0.359897
0.158552
0.080638
0.003043
0.400258
0.072856
0.284497
0.071372
0.319318
0.237969
0.154930
0.666163
0.466920
0.007284
0.278524
0.321284
0.084957
0.326181
0.162924
0.262353
0.120415
0.314617
0.205136
0.177246
0.495385
0.142202
0.120736
0.156282
0.289028
0.097918
0.231505
0.073879
0.338417
0.000936
0.393757
0.198080
0.314201
0.163336
0.248287
0.420539
0.167798
0.116354
0.322585
0.406522
0.015750
0.168068
0.300706
0.526518
0.056255
0.129173
0.225014
0.400963
0.003131
0.111457
0.196779
0.287338
0.128292
0.163285
0.049683
0.297044
0.413169
0.295061
0.143949
0.122524
0.360290
0.217552
0.146534
0.056500
0.136706
0.377421
0.079370
0.136876
0.210619
0.388022
0.584403
0.060135
0.713954
0.145733
0.059792
0.137723
0.611997
0.330743
0.256361
0.210040
0.110652
0.322541
0.203368
0.261860
0.360572
0.509312
0.213017
0.228024
0.073916
0.263727
0.113023
0.309147
0.003847
0.338069
0.262088
0.104291
0.584017
0.125544
0.181606
0.499760
0.065232
0.240335
0.223579
0.313502
0.259426
0.024396
0.134175
0.542544
0.225573
0.228864
0.090831
0.404966
0.012705
0.023849
0.286775
0.184087
0.320904
0.048299
0.408088
0.642764
0.029928
0.088318
0.365482
0.530789
0.412994
0.644302
0.384211
0.005591
0.027549
0.443148
0.048486
0.171418
0.201481
0.201284
0.381049
0.156907
0.030181
0.099138
0.520620
0.651150
0.412217
0.432948
0.504035
0.112273
0.336032
0.254705
0.124017
0.075715
0.238079
0.255197
0.207192
0.186197
0.510224
0.348543
0.205285
0.064242
0.465704
0.242497
0.010446
0.154446
0.228617
0.046843
0.422206
0.280415
0.382754
0.144983
0.186767
0.323713
0.071694
0.282949
0.282783
0.162555
0.327405
0.010853
0.443057
0.089039
0.220590
0.218689
0.407286
0.329962
0.109192
0.074551
0.106538
0.353618
0.108940
0.210201
0.423732
0.000347
0.502548
0.198449
0.022740
0.071716
0.116382
0.002769
0.294536
0.174095
0.049955
0.598904
0.032937
0.236674
0.325507
0.113288
0.340641
0.088123
0.495786
0.116322
0.131540
0.403646
0.103570
0.285915
0.090809
0.476864
0.105131
0.012881
0.045543
0.341930
0.108625
0.071974
0.429286
0.411039
0.232886
0.318851
0.356833
0.335024
0.470784
0.015923
0.326107
0.208458
0.220224
0.139462
0.249948
0.387985
0.265671
0.380723
0.151359
0.325828
0.542478
0.256426
0.279287
0.305081
0.117609
0.117798
0.339339
0.469449
0.436159
0.019679
0.237968
0.293267
0.182865
0.152806
0.264107
0.100886
0.154820
0.268895
0.396584
0.202091
0.208289
0.280799
0.343705
0.138186
0.009519
0.237938
0.086312
0.198070
0.449947
0.521194
0.186982
0.482015
0.104916
0.192330
0.059966
0.301500
0.015397
0.162591
0.382686
0.632012
0.088179
0.404926
0.068925
0.154948
0.472003
0.153148
0.285946
0.380946
0.320607
0.060565
0.069922
0.310534
0.424044
0.738265
0.248524
0.114724
0.400103
0.146724
0.009277
0.334273
0.190773
0.009767
0.139798
0.404484
0.297644
0.357513
0.091589
0.274874
0.231637
0.178544
0.472855
0.072395
0.428167
0.646782
0.209017
0.233030
0.132225
0.438018
0.076924
0.131109
0.145139
0.068425
0.339536
0.480386
0.145655
0.347629
0.296075
0.228376
0.281948
0.180192
0.150705
0.059098
0.051882
0.769074
0.564455
0.064695
0.547405
0.141206
0.363309
0.435752
0.113428
0.461065
0.134514
0.119368
0.300026
0.203247
0.138767
0.111285
0.237923
0.411102
0.025911
0.529059
0.021293
0.122758
0.021841
0.465337
0.071898
0.080814
0.392625
0.423170
0.411412
0.240160
0.010482
0.413041
0.535296
0.202371
0.202706
0.009729
0.362117
0.447023
0.028393
0.095599
0.133986
0.232680
0.343873
0.411458
0.559469
0.078140
0.172347
0.082718
0.017833
0.088177
0.093587
0.442101
0.419362
0.199922
0.290691
0.308279
0.126728
0.314843
0.378310
0.041776
0.433157
0.158483
0.044334
0.509459
0.105451
0.010458
0.046028
0.243775
0.041937
0.078898
0.244775
0.135735
0.320751
0.534681
0.026164
0.074252
0.327006
0.043561
0.249635
0.200477
0.139617
0.486097
0.154140
0.295599
0.145298
0.256428
0.150701
0.256282
0.176934
0.223617
0.355776
0.167441
0.223648
0.004682
0.086495
0.214047
0.408523
0.452380
0.309574
0.461395
0.049793
0.476426
0.447230
0.391479
0.400256
0.022548
0.259246
0.468804
0.044743
0.060314
0.361732
0.002171
0.133035
0.119162
0.409974
0.185387
0.190276
0.027733
0.339735
0.140287
0.600065
0.274128
0.122756
0.101992
0.283176
0.255963
0.341046
0.070970
0.350529
0.082843
0.123077
0.202607
0.390611
0.272973
0.047064
0.116541
0.554792
0.258977
0.399444
0.392022
0.100991
0.596965
0.185896
0.066508
0.162527
0.592689
0.323391
0.219750
0.030532
0.477256
0.409165
0.071187
0.018021
0.111912
0.707294
0.176854
0.063505
0.464436
0.355773
0.035607
0.290802
0.344202
0.316347
0.178317
0.227995
0.046683
0.278472
0.042188
0.158414
0.081314
0.363377
0.552114
0.065170
0.134279
0.005625
0.373501
0.082645
0.009720
0.027856
0.224676
0.436496
0.458645
0.154310
0.143831
0.211643
0.238715
0.441826
0.032965
0.293604
0.012624
0.066028
0.521656
0.022237
0.252964
0.060770
0.265993
0.059116
0.638916
0.225914
0.014024
0.385758
0.696366
0.326360
0.331541
0.313827
0.016054
0.327029
0.024920
0.356545
0.056458
0.164139
0.374854
0.036451
0.416623
0.119820
0.191561
0.071153
0.286772
0.188769
0.096769
0.103148
0.258494
0.009360
0.141374
0.216238
0.267863
0.105854
0.013545
0.053520
0.370707
0.267930
0.332519
0.337727
0.004469
0.389525
0.091687
0.163214
0.055260
0.380988
0.086987
0.106441
0.456549
0.229365
0.084035
0.387000
0.013528
0.250046
0.233986
0.050652
0.250777
0.080333
0.307118
0.150891
0.042261
0.231870
0.128863
0.271317
0.353046
0.313740
0.094422
0.220663
0.120120
0.198361
0.046174
0.042297
0.280808
0.239362
0.027963
0.407344
0.242669
0.223528
0.104452
0.384815
0.309635
0.221240
0.084252
0.377823
0.104356
0.439090
0.118840
0.265963
0.134657
0.498293
0.252643
0.516834
0.176585
0.063312
0.375536
0.149803
0.143381
0.248487
0.003844
0.270822
0.171845
0.608325
0.224928
0.127409
0.000489
0.207828
0.270014
0.044895
0.200706
0.527845
0.414182
0.311253
0.257852
0.111557
0.066790
0.457571
0.185904
0.062488
0.411475
0.139653
0.022120
0.394555
0.138035
0.142196
0.014821
0.097891
0.094620
0.026165
0.325597
0.121326
0.062899
0.501930
0.208795
0.160409
0.174091
0.023172
0.344209
0.015960
0.122505
0.201357
0.179501
0.038693
0.075397
0.216002
0.086460
0.158215
0.197446
0.405609
0.364034
0.082984
0.662022
0.318886
0.036428
0.239034
0.531548
0.226826
0.261395
0.509951
0.089715
0.426231
0.116023
0.087489
0.263728
0.385011
0.725280
0.295160
0.387050
0.092626
0.685093
0.013048
0.175924
0.218299
0.149423
0.380068
0.280949
0.379776
0.123067
0.099933
0.017501
0.307140
0.028949
0.092763
0.250310
0.028186
0.478848
0.346384
0.274862
0.467944
0.298022
0.375443
0.000449
0.290298
0.031109
0.204668
0.335939
0.132939
0.352715
0.039481
0.124600
0.133823
0.083209
0.047622
0.133009
0.376719
0.061782
0.043988
0.231827
0.305538
0.238898
0.368014
0.363479
0.214003
0.168436
0.340511
0.018494
0.426765
0.383816
0.031533
0.584984
0.149123
0.220657
0.359635
0.036061
0.386962
0.577032
0.220460
0.142037
0.136559
0.283888
0.548276
0.243557
0.550518
0.167937
0.218136
0.140804
0.605567
0.274096
0.239808
0.421475
0.044503
0.318477
0.021432
0.588720
0.357823
0.325108
0.034431
0.502090
0.016332
0.469920
0.092660
0.414559
0.386258
0.124939
0.240923
0.289250
0.193455
0.183327
0.460615
0.433258
0.189201
0.037943
0.046137
0.602538
0.037090
0.115611
0.186343
0.327618
0.248874
0.273479
0.409596
0.131164
0.090789
0.233249
0.142046
0.368710
0.042078
0.130313
0.353079
0.271367
0.233609
0.058861
0.334196
0.010129
0.639643
0.042716
0.010718
0.008525
0.223965
0.264675
0.283547
0.091997
0.135339
0.359186
0.383806
0.015066
0.202840
0.492988
0.169873
0.390093
0.108226
0.271391
0.238608
0.063243
0.223783
0.337838
0.279075
0.188715
0.241369
0.119856
0.148123
0.349379
0.260758
0.481237
0.362865
0.490628
0.075765
0.492121
0.051223
0.132200
0.343955
0.369684
0.552960
0.238173
0.216201
0.188140
0.366129
0.493212
0.171253
0.430222
0.525282
0.015237
0.503061
0.206350
0.189482
0.035624
0.318846
0.417347
0.229768
0.105262
0.385348
0.516233
0.369978
0.216712
0.181325
0.054544
0.069307
0.002260
0.027713
0.595725
0.032781
0.260726
0.319989
0.620770
0.308473
0.008501
0.244598
0.120260
0.223245
0.000978
0.117398
0.008075
0.250447
0.234975
0.099381
0.282553
0.003399
0.013890
0.398826
0.300020
0.379922
0.149470
0.194515
0.246806
0.165351
0.591137
0.306771
0.199809
0.063537
0.159367
0.106558
0.059945
0.310050
0.336000
0.176499
0.025698
0.139090
0.095853
0.170954
0.342776
0.122483
0.214224
0.305181
0.259820
0.130321
0.118026
0.017799
0.107429
0.017577
0.196058
0.104977
0.123604
0.133481
0.109166
0.581724
0.020799
0.184586
0.260437
0.305647
0.031796
0.043695
0.217038
0.031602
0.099070
0.084279
0.211684
0.032287
0.076171
0.419731
0.095693
0.211479
0.128232
0.310649
0.425307
0.238442
0.130145
0.040497
0.110723
0.093632
0.520031
0.235942
0.285831
0.073704
0.128411
0.185188
0.010757
0.150186
0.278092
0.125129
0.196657
0.421723
0.296190
0.322711
0.397397
0.012539
0.593833
0.257341
0.519175
0.094900
0.185841
0.229673
0.277462
0.421298
0.026700
0.041348
0.122383
0.448748
0.313800
0.258328
0.430942
0.178831
0.219380
0.345928
0.201830
0.414865
0.563628
0.242840
0.221951
0.255259
0.065568
0.122401
0.483801
0.066654
0.617064
0.268962
0.285350
0.145481
0.053427
0.067324
0.096147
0.099302
0.414547
0.181147
0.196769
0.340124
0.045928
0.441713
0.080289
0.123143
0.047086
0.306663
0.228846
0.197603
0.168063
0.143246
0.738068
0.423159
0.441596
0.042841
0.303846
0.511959
0.757258
0.698289
0.245696
0.075168
0.332833
0.379198
0.276146
0.422915
0.599057
0.119998
0.355784
0.211183
0.227460
0.387195
0.049669
0.017075
0.303996
0.120347
0.571393
0.008675
0.217338
0.049938
0.429809
0.083420
0.015017
0.223729
0.045297
0.081924
0.066419
0.459802
0.256037
0.052075
0.109104
0.322080
0.195989
0.440189
0.419353
0.022186
0.454438
0.132688
0.508418
0.645897
0.102765
0.189086
0.213668
0.100326
0.147980
0.162827
0.491919
0.185904
0.313371
0.051855
0.411886
0.412216
0.263055
0.111123
0.040642
0.448806
0.217516
0.174476
0.002479
0.265470
0.276036
0.409848
0.351637
0.028630
0.031716
0.168431
0.217529
0.359648
0.257474
0.150411
0.335127
0.370938
0.018667
0.303438
0.187873
0.003214
0.144467
0.233796
0.175087
0.256194
0.334634
0.282687
0.066526
0.190714
0.364439
0.006241
0.410938
0.110723
0.496593
0.055366
0.233215
0.054654
0.104260
0.316121
0.105804
0.518254
0.478123
0.029947
0.015359
0.561788
0.213355
0.121644
0.310324
0.217475
0.482465
0.215354
0.103016
0.277981
0.498929
0.172432
0.312570
0.373230
0.165026
0.263629
0.000499
0.174125
0.056018
0.276048
0.260953
0.004002
0.189358
0.227940
0.462214
0.150331
0.225664
0.350724
0.118166
0.465921
0.175895
0.337317
0.280774
0.091238
0.298003
0.191401
0.303764
0.157194
0.136646
0.222770
0.330623
0.209882
0.179221
0.089210
0.352244
0.072785
0.131011
0.354337
0.354246
0.607391
0.267663
0.325011
0.387900
0.108298
0.464659
0.199022
0.057579
0.456285
0.194733
0.093271
0.478060
0.491180
0.010131
0.083098
0.003325
0.086415
0.320979
0.228329
0.484706
0.230607
0.013314
0.591054
0.129917
0.115125
0.234351
0.036797
0.026479
0.293555
0.071235
0.189852
0.400277
0.179611
0.256655
0.303592
0.075677
0.623350
0.052020
0.067912
0.356316
0.425710
0.262329
0.327414
0.701107
0.053954
0.371586
0.055318
0.325910
0.387771
0.064650
0.453420
0.323483
0.180115
0.445464
0.183270
0.229425
0.104684
0.028277
0.306621
0.124970
0.201402
0.309204
0.421042
0.693295
0.352947
0.405751
0.121539
0.433366
0.054649
0.057059
0.214698
0.255628
0.129794
0.138412
0.415913
0.170327
0.214079
0.440272
0.043072
0.271021
0.037743
0.362989
0.102365
0.164717
0.130381
0.354892
0.233575
0.035622
0.318680
0.271979
0.040008
0.073534
0.179858
0.277854
0.060051
0.440197
0.148524
0.084076
0.682651
0.168195
0.136996
0.313399
0.252117
0.184421
0.085922
0.051205
0.171690
0.255547
0.005885
0.394737
0.449205
0.054937
0.289130
0.015897
0.261350
0.373263
0.041270
0.152695
0.338491
0.112736
0.378378
0.468811
0.631491
0.082051
0.113108
0.388995
0.020310
0.385948
0.239983
0.029493
0.038872
0.193151
0.185617
0.187433
0.171932
0.098303
0.534861
0.512664
0.328112
0.054250
0.194516
0.010420
0.708094
0.239224
0.102080
0.243024
0.123996
0.037205
0.310073
0.050379
0.028518
0.288545
0.227417
0.554116
0.070474
0.517281
0.063283
0.022407
0.146518
0.177178
0.357379
0.198070
0.179396
0.334221
0.180445
0.385328
0.240304
0.426230
0.068467
0.160472
0.218909
0.272934
0.095516
0.150860
0.108593
0.022830
0.032927
0.264576
0.176494
0.183757
0.392421
0.637146
0.640139
0.124863
0.293390
0.072312
0.435248
0.123326
0.244562
0.207352
0.324232
0.126966
0.380834
0.465324
0.666669
0.124562
0.385784
0.424273
0.328449
0.485603
0.207616
0.166085
0.077623
0.430904
0.052137
0.349954
0.273812
0.155872
0.174690
0.309344
0.223038
0.232375
0.016873
0.269903
0.062887
0.129473
0.172694
0.014896
0.180004
0.011901
0.144988
0.325102
0.416031
0.239421
0.325164
0.053504
0.315479
0.367455
0.274973
0.150731
0.117814
0.424523
0.065619
0.617369
0.296370
0.102492
0.018439
0.004133
0.387270
0.031591
0.324909
0.134741
0.003334
0.236028
0.204269
0.096276
0.471206
0.239536
0.186224
0.454468
0.284993
0.693309
0.084016
0.214148
0.425775
0.564717
0.127492
0.319493
0.303618
0.238628
0.105079
0.321902
0.072584
0.396161
0.088844
0.011949
0.442349
0.184056
0.028312
0.280450
0.197574
0.161524
0.105251
0.127130
0.074262
0.159256
0.462292
0.350929
0.397089
0.626088
0.381441
0.337016
0.482339
0.308775
0.045812
0.207533
0.004685
0.001203
0.255662
0.469947
0.511231
0.478083
0.366688
0.043002
0.120813
0.475206
0.172705
0.178960
0.052152
0.222682
0.144419
0.435608
0.236441
0.277042
0.097757
0.292058
0.289032
0.017377
0.159425
0.605268
0.019493
0.325332
0.228961
0.023935
0.481845
0.373960
0.414505
0.152365
0.253838
0.077530
0.332156
0.059641
0.261946
0.386404
0.335257
0.034548
0.245677
0.027457
0.241160
0.391698
0.565212
0.228573
0.375754
0.470512
0.277513
0.219811
0.227056
0.428408
0.130748
0.328069
0.383872
0.499036
0.079251
0.097769
0.194980
0.439380
0.178580
0.223879
0.180160
0.491265
0.373654
0.107200
0.024680
0.399383
0.057895
0.343332
0.294135
0.343127
0.385224
0.341770
0.076159
0.007441
0.394232
0.148889
0.166960
0.487857
0.280949
0.048437
0.247476
0.283931
0.140551
0.031019
0.139085
0.399675
0.285613
0.352606
0.459458
0.248377
0.247092
0.209985
0.131881
0.249087
0.097789
0.290267
0.035306
0.052158
0.466746
0.106464
0.449397
0.171039
0.242935
0.131813
0.220419
0.421855
0.134861
0.317522
0.268561
0.128363
0.262666
0.240438
0.482614
0.042737
0.049864
0.228069
0.220251
0.129332
0.049924
0.214341
0.136724
0.032724
0.176788
0.133023
0.318017
0.125826
0.177805
0.008418
0.369408
0.525139
0.044617
0.497177
0.218427
0.199594
0.127757
0.117422
0.691683
0.352983
0.208880
0.065971
0.345554
0.472181
0.413006
0.135575
0.022934
0.329003
0.066127
0.614867
0.077533
0.480782
0.208300
0.156320
0.036240
0.032828
0.208132
0.232357
0.029400
0.078891
0.292532
0.100454
0.108864
0.174216
0.044058
0.342981
0.259307
0.160317
0.433612
0.245143
0.239767
0.300129
0.298769
0.007784
0.150073
0.007095
0.358839
0.027810
0.113752
0.111991
0.264173
0.024677
0.251434
0.005329
0.006966
0.247408
0.081128
0.196032
0.253817
0.200830
0.067635
0.059073
0.495132
0.264492
0.260935
0.324447
0.130448
0.183728
0.552300
0.228018
0.127404
0.131012
0.448508
0.413736
0.151122
0.429802
0.189502
0.069245
0.003153
0.311459
0.177177
0.266152
0.085411
0.382797
0.087142
0.116202
0.147176
0.189857
0.136960
0.149421
0.549014
0.093028
0.239588
0.024330
0.165797
0.462935
0.119308
0.258634
0.430954
0.398770
0.274956
0.298996
0.091231
0.048671
0.336859
0.296717
0.259251
0.472424
0.034458
0.396973
0.277426
0.329532
0.138105
0.230642
0.298002
0.434558
0.090945
0.179064
0.114250
0.474327
0.027454
0.279608
0.169157
0.237136
0.349964
0.294445
0.080698
0.437887
0.295664
0.045428
0.144857
0.091175
0.292160
0.210239
0.224557
0.370436
0.207146
0.024657
0.001193
0.055675
0.228232
0.172957
0.256259
0.115252
0.218778
0.207109
0.229657
0.249868
0.307492
0.210817
0.156823
0.133268
0.192112
0.061985
0.498960
0.020941
0.540158
0.449072
0.089714
0.251360
0.099360
0.065318
0.363292
0.205720
0.562624
0.144725
0.131074
0.142072
0.010951
0.243941
0.374473
0.148625
0.078090
0.146198
0.224928
0.040066
0.150025
0.532048
0.072398
0.300405
0.100043
0.296573
0.020252
0.441372
0.268646
0.326903
0.116717
0.604275
0.066337
0.036616
0.120648
0.224132
0.173028
0.009121
0.060109
0.037920
0.079375
0.501752
0.381797
0.326616
0.209593
0.769607
0.267000
0.172335
0.143777
0.261626
0.030049
0.010195
0.303010
0.094711
0.411175
0.263248
0.261968
0.038833
0.138967
0.348762
0.245215
0.363127
0.021535
0.079912
0.222956
0.596283
0.015709
0.189049
0.366105
0.090135
0.526868
0.109288
0.070778
0.352887
0.186293
0.242118
0.550803
0.563331
0.099732
0.452017
0.022956
0.344128
0.394671
0.589363
0.328033
0.292636
0.048261
0.391659
0.129224
0.510457
0.315695
0.003741
0.367703
0.131579
0.118707
0.005718
0.361356
0.201009
0.258780
0.341377
0.503818
0.251604
0.066288
0.001515
0.083887
0.400197
0.080069
0.061266
0.148111
0.218949
0.195372
0.237851
0.174199
0.207289
0.217161
0.396159
0.297473
0.457829
0.165049
0.448658
0.180920
0.103493
0.458929
0.073560
0.249122
0.373387
0.194734
0.301094
0.073849
0.102991
0.200923
0.017873
0.531431
0.186162
0.322454
0.238110
0.296315
0.136265
0.338538
0.379837
0.310747
0.330128
0.030778
0.338991
0.691286
0.125649
0.030233
0.228188
0.104493
0.410335
0.246415
0.011804
0.070244
0.256021
0.084616
0.540477
0.306904
0.264100
0.336883
0.158142
0.120677
0.262119
0.101976
0.021351
0.450726
0.147158
0.049662
0.116140
0.266191
0.354118
0.062685
0.331684
0.127211
0.041820
0.074796
0.213677
0.096074
0.150372
0.069311
0.063217
0.548912
0.091705
0.539462
0.216172
0.091927
0.118977
0.053665
0.386208
0.090177
0.303609
0.102522
0.425502
0.254314
0.132429
0.055979
0.418523
0.179506
0.120496
0.119689
0.508835
0.433194
0.010102
0.153989
0.349706
0.210344
0.375182
0.487754
0.276397
0.080150
0.091242
0.050335
0.009981
0.527555
0.176647
0.180515
0.064863
0.210503
0.095124
0.182736
0.123825
0.351894
0.049023
0.287018
0.132236
0.050435
0.034993
0.046278
0.234910
0.272973
0.176470
0.382071
0.372405
0.499313
0.047243
0.300216
0.015087
0.124696
0.183568
0.395458
0.175964
0.106422
0.045642
0.364800
0.131183
0.176734
0.332456
0.393275
0.075966
0.208167
0.116343
0.124689
0.373464
0.094461
0.271850
0.008845
0.085924
0.197692
0.023643
0.224040
0.064111
0.032732
0.072769
0.036291
0.182993
0.146191
0.391057
0.454008
0.063292
0.172898
0.416789
0.159619
0.276888
0.001382
0.663669
0.256894
0.273429
0.152769
0.290297
0.263210
0.299532
0.150007
0.592368
0.201610
0.187081
0.033394
0.486650
0.006322
0.130464
0.166665
0.211558
0.140602
0.116280
0.016512
0.373957
0.437273
0.243596
0.056870
0.187276
0.073099
0.129489
0.343770
0.013548
0.142934
0.575017
0.241101
0.249914
0.167546
0.353368
0.399808
0.141017
0.600860
0.097775
0.155433
0.005673
0.441418
0.280330
0.304257
0.084666
0.166605
0.137521
0.365163
0.331663
0.290620
0.309031
0.230665
0.135134
0.167229
0.192504
0.293943
0.304633
0.109480
0.118535
0.475975
0.045904
0.418270
0.463316
0.046295
0.438567
0.057462
0.204506
0.031223
0.191162
0.249271
0.049976
0.214118
0.605238
0.292901
0.206829
0.076375
0.315188
0.200081
0.029700
0.402655
0.037896
0.276194
0.130784
0.328817
0.701702
0.079564
0.271670
0.361216
0.361636
0.245825
0.543364
0.234908
0.006384
0.006249
0.499465
0.125006
0.344686
0.198129
0.285351
0.211269
0.197208
0.028707
0.050772
0.407385
0.497447
0.229042
0.234293
0.383432
0.159985
0.240261
0.131718
0.074358
0.110110
0.115171
0.185936
0.379499
0.172388
0.293490
0.375695
0.017457
0.178367
0.159120
0.121417
0.059908
0.025328
0.273717
0.218382
0.310307
0.348898
0.405056
0.267164
0.142661
0.314537
0.022732
0.357000
0.383061
0.105768
0.126176
0.118326
0.611790
0.006358
0.092370
0.096557
0.276170
0.015719
0.046842
0.102328
0.138252
0.167533
0.162080
0.190939
0.318001
0.140544
0.264077
0.146659
0.070858
0.094780
0.037411
0.140019
0.305786
0.079543
0.038782
0.673586
0.115366
0.230582
0.416374
0.178466
0.230009
0.121427
0.287332
0.092905
0.025423
0.534484
0.031960
0.512614
0.182620
0.463406
0.111183
0.101275
0.101280
0.428435
0.260850
0.214240
0.243029
0.472672
0.341021
0.129701
0.255904
0.427475
0.129857
0.154444
0.475299
0.106701
0.347291
0.043225
0.394997
0.224716
0.366542
0.368402
0.021150
0.060875
0.332269
0.077318
0.231959
0.582260
0.062906
0.164759
0.568892
0.240554
0.325580
0.140177
0.431524
0.009836
0.109430
0.176540
0.393340
0.208843
0.122120
0.304188
0.132681
0.075716
0.204045
0.519221
0.586926
0.066349
0.231637
0.316353
0.147271
0.122515
0.579303
0.523030
0.227636
0.540869
0.250944
0.232637
0.256483
0.329945
0.222630
0.102124
0.264404
0.375213
0.109440
0.427522
0.115322
0.115696
0.704215
0.471211
0.262423
0.532985
0.418143
0.070417
0.012552
0.307496
0.186086
0.546089
0.144754
0.006506
0.337411
0.028898
0.070255
0.604242
0.547273
0.049468
0.100312
0.452973
0.353254
0.228571
0.031975
0.059706
0.339532
0.044119
0.472764
0.026433
0.491780
0.398483
0.339070
0.320689
0.081322
0.345420
0.488094
0.084626
0.227403
0.121915
0.132838
0.086975
0.191933
0.289966
0.030714
0.020314
0.260045
0.310252
0.196267
0.033986
0.230127
0.510024
0.285098
0.197658
0.669025
0.193592
0.204980
0.547689
0.175506
0.337627
0.027887
0.199907
0.199446
0.093031
0.014438
0.066165
0.015446
0.221777
0.049092
0.529008
0.289947
0.237687
0.087243
0.402266
0.264417
0.072190
0.142857
0.060912
0.134460
0.047708
0.054292
0.430502
0.576344
0.466666
0.495205
0.029048
0.174244
0.067417
0.005455
0.280052
0.071370
0.318682
0.244621
0.459312
0.257307
0.297765
0.031395
0.159933
0.244156
0.209259
0.193739
0.593635
0.274198
0.328653
0.559698
0.350025
0.162064
0.265569
0.154101
0.064715
0.279618
0.224252
0.302843
0.343924
0.241648
0.095839
0.123818
0.215277
0.096489
0.138512
0.180717
0.106388
0.182592
0.333951
0.057455
0.389342
0.310000
0.129631
0.108387
0.224803
0.436741
0.470181
0.198206
0.484489
0.310330
0.277507
0.401570
0.236388
0.055990
0.276357
0.440399
0.022470
0.210168
0.012978
0.411314
0.341342
0.371819
0.205562
0.374516
0.293098
0.027728
0.387218
0.493300
0.318025
0.501902
0.343840
0.124702
0.395502
0.102971
0.381110
0.367982
0.171845
0.034446
0.052129
0.425831
0.102401
0.282604
0.225208
0.397530
0.314129
0.352752
0.375220
0.070407
0.086717
0.479885
0.237846
0.164169
0.078884
0.368639
0.053894
0.020186
0.026773
0.323011
0.370250
0.217406
0.321716
0.469871
0.161375
0.170166
0.296841
0.029770
0.689847
0.242077
0.122070
0.198566
0.372115
0.202997
0.143111
0.194781
0.088906
0.482838
0.245277
0.038701
0.295696
0.632725
0.046261
0.081987
0.393916
0.385547
0.262279
0.182190
0.327394
0.388519
0.151552
0.164390
0.050243
0.478034
0.148911
0.457899
0.029687
0.214660
0.573782
0.032638
0.003091
0.031255
0.371310
0.001437
0.098071
0.032184
0.166824
0.298946
0.260974
0.156608
0.171280
0.196362
0.044436
0.601263
0.074355
0.162510
0.347771
0.180359
0.379663
0.003503
0.005547
0.111566
0.579921
0.013120
0.714746
0.134212
0.016167
0.279111
0.381082
0.155617
0.107243
0.145316
0.371756
0.546296
0.017878
0.380463
0.141074
0.279364
0.317491
0.078281
0.399559
0.011309
0.123362
0.085191
0.183283
0.163333
0.091089
0.107236
0.240350
0.081616
0.194209
0.246112
0.320797
0.162217
0.076762
0.198300
0.504736
0.359668
0.155648
0.492350
0.273299
0.156779
0.130714
0.053207
0.131760
0.480819
0.096099
0.008139
0.595982
0.567907
0.058016
0.171467
0.087712
0.023152
0.146613
0.163060
0.033076
0.220903
0.396302
0.186811
0.241587
0.135783
0.137170
0.397119
0.274244
0.419187
0.027408
0.024887
0.133778
0.153405
0.048327
0.413879
0.238178
0.230061
0.226330
0.302214
0.183534
0.014333
0.214747
0.155452
0.390798
0.411895
0.184007
0.474512
0.150084
0.343233
0.162861
0.227607
0.105090
0.353169
0.150873
0.394429
0.228616
0.263770
0.103616
0.361725
0.392966
0.075324
0.302273
0.346145
0.251755
0.558241
0.093118
0.091802
0.068691
0.083498
0.437560
0.303863
0.146618
0.177380
0.425716
0.288527
0.351377
0.251736
0.140806
0.277478
0.183129
0.241443
0.471027
0.061863
0.051375
0.234597
0.263879
0.344496
0.114853
0.231276
0.042807
0.027366
0.310024
0.034123
0.007615
0.218526
0.163299
0.112880
0.419647
0.220965
0.389533
0.084089
0.372851
0.249865
0.223877
0.231556
0.198137
0.347779
0.188254
0.024772
0.097485
0.363901
0.396642
0.200644
0.467935
0.343724
0.059157
0.207842
0.257503
0.109308
0.139238
0.453465
0.280421
0.428279
0.105989
0.250602
0.161807
0.487343
0.906318
0.081406
0.461698
0.150668
0.662474
0.058229
0.248052
0.102541
0.147842
0.370222
0.523650
0.534560
0.217505
0.154994
0.480770
0.138662
0.115426
0.121659
0.505900
0.083976
0.491248
0.471165
0.188036
0.376702
0.163381
0.588655
0.197492
0.297935
0.031948
0.199109
0.347086
0.108052
0.323891
0.011634
0.282432
0.021766
0.016143
0.033280
0.027311
0.309477
0.029681
0.137689
0.181734
0.393499
0.236288
0.233440
0.441304
0.058063
0.021019
0.276536
0.121052
0.365928
0.091348
0.119963
0.310289
0.331320
0.164406
0.251595
0.003590
0.355924
0.556788
0.160059
0.151403
0.061777
0.383576
0.786606
0.401981
0.393570
0.011248
0.290795
0.111968
0.608814
0.246715
0.051862
0.355702
0.123613
0.365734
0.016407
0.468308
0.359967
0.368567
0.181138
0.381108
0.105546
0.386824
0.193004
0.603523
0.241850
0.092416
0.081145
0.447037
0.302571
0.125531
0.367038
0.006706
0.228645
0.299609
0.123826
0.600877
0.036720
0.052071
0.015864
0.401762
0.082491
0.186019
0.300759
0.107651
0.074968
0.095181
0.133388
0.296421
0.139052
0.074871
0.187029
0.258535
0.241653
0.219617
0.373755
0.187674
0.293308
0.039083
0.067254
0.276657
0.448038
0.024954
0.009785
0.020286
0.042015
0.131890
0.339260
0.119082
0.045325
0.474996
0.138251
0.675810
0.185341
0.277586
0.144477
0.036278
0.018214
0.209580
0.315661
0.274254
0.362456
0.194141
0.072454
0.568811
0.050174
0.464575
0.146615
0.380810
0.160418
0.335185
0.061774
0.120042
0.325292
0.273374
0.518484
0.216027
0.110608
0.204458
0.414859
0.520815
0.075271
0.092006
0.542209
0.234892
0.227102
0.129937
0.133803
0.285711
0.316205
0.255237
0.086719
0.108416
0.166315
0.314640
0.304979
0.022520
0.127203
0.120149
0.078775
0.112640
0.068692
0.410263
0.297732
0.343406
0.304105
0.406434
0.547978
0.476264
0.150654
0.009699
0.285071
0.296264
0.083813
0.167469
0.023951
0.356608
0.049885
0.306765
0.296158
0.152558
0.568521
0.362580
0.627100
0.077394
0.010841
0.055288
0.040157
0.225866
0.254218
0.070559
0.055152
0.105304
0.057352
0.150678
0.010706
0.451302
0.126108
0.021900
0.168112
0.019387
0.103600
0.355526
0.183835
0.091574
0.037501
0.148347
0.095686
0.136354
0.294389
0.312932
0.112739
0.236126
0.249718
0.166865
0.142081
0.359006
0.132767
0.443773
0.204190
0.266064
0.352888
0.192944
0.283450
0.066697
0.137013
0.218138
0.263400
0.018179
0.036729
0.108784
0.473529
0.039684
0.170680
0.130558
0.062909
0.089412
0.061131
0.220960
0.189362
0.280714
0.170931
0.412885
0.289647
0.293375
0.133561
0.058217
0.178156
0.072915
0.040389
0.278181
0.052964
0.108314
0.378612
0.334742
0.070101
0.513207
0.251246
0.494360
0.110991
0.590645
0.196692
0.049930
0.057031
0.324003
0.373199
0.328901
0.054117
0.189063
0.177744
0.353418
0.015830
0.081419
0.083067
0.227345
0.459960
0.434291
0.431915
0.573660
0.204185
0.375041
0.151094
0.229960
0.369813
0.138317
0.175552
0.305965
0.590850
0.141926
0.006980
0.064233
0.053349
0.155167
0.149517
0.342098
0.089847
0.003985
0.444507
0.038409
0.336997
0.067280
0.024606
0.054774
0.380429
0.175076
0.300478
0.129373
0.205588
0.563716
0.701667
0.283033
0.003044
0.234615
0.367502
0.197793
0.549236
0.205591
0.164790
0.294348
0.431867
0.134243
0.419262
0.697809
0.256111
0.361573
0.168869
0.235917
0.336890
0.014480
0.018118
0.341787
0.049965
0.394969
0.021689
0.163843
0.191696
0.317635
0.261319
0.268976
0.377826
0.100883
0.234089
0.137652
0.233543
0.199424
0.406459
0.141476
0.463455
0.453301
0.336940
0.350274
0.134234
0.401626
0.154702
0.399229
0.538343
0.187436
0.105279
0.050332
0.024332
0.049822
0.271739
0.226176
0.095245
0.317073
0.059632
0.312530
0.398569
0.370290
0.244988
0.153023
0.252978
0.125115
0.123584
0.012825
0.116187
0.250039
0.158513
0.509630
0.328757
0.243394
0.455813
0.003367
0.261366
0.286983
0.069797
0.258243
0.270081
0.126176
0.153691
0.351200
0.029200
0.274387
0.202972
0.028836
0.386654
0.236005
0.341317
0.085628
0.136025
0.203030
0.139047
0.253907
0.200647
0.408638
0.323775
0.341102
0.079146
0.047628
0.200249
0.177153
0.363199
0.513148
0.177385
0.016215
0.593828
0.168928
0.200448
0.210091
0.028269
0.265784
0.257316
0.308015
0.231001
0.496853
0.063008
0.443760
0.492126
0.159506
0.160471
0.171494
0.093833
0.087702
0.419489
0.370754
0.008177
0.205054
0.021662
0.533404
0.312230
0.316105
0.467050
0.193365
0.486748
0.111225
0.230845
0.277436
0.039830
0.389917
0.458821
0.132467
0.118718
0.451456
0.575696
0.277794
0.461368
0.266990
0.009037
0.486667
0.021533
0.168230
0.297265
0.434772
0.513446
0.003140
0.317851
0.008433
0.317397
0.390027
0.300232
0.142197
0.053405
0.375646
0.167558
0.382448
0.081692
0.189814
0.150981
0.017520
0.086972
0.068196
0.083002
0.523373
0.077138
0.036773
0.599322
0.181137
0.169162
0.023935
0.009301
0.108388
0.023754
0.280699
0.417558
0.267275
0.262213
0.306330
0.008926
0.144434
0.399871
0.121080
0.074768
0.273013
0.183665
0.105899
0.232125
0.576761
0.200033
0.105968
0.200682
0.390229
0.175322
0.029995
0.174074
0.295576
0.331078
0.387895
0.034345
0.238341
0.228453
0.009616
0.674492
0.036509
0.011784
0.455982
0.759151
0.532705
0.105704
0.023261
0.474231
0.286729
0.003469
0.070459
0.043613
0.125145
0.026991
0.251564
0.426816
0.023850
0.389609
0.522668
0.252348
0.198266
0.295091
0.360994
0.322032
0.245418
0.114629
0.237295
0.132330
0.126083
0.212873
0.298264
0.081909
0.045832
0.124482
0.209710
0.069039
0.257237
0.156931
0.209133
0.734123
0.156065
0.072774
0.209786
0.556155
0.203373
0.216795
0.072961
0.145348
0.236136
0.078229
0.237504
0.260755
0.053292
0.314764
0.188444
0.235726
0.408527
0.091187
0.143337
0.352063
0.021852
0.298220
0.661912
0.283461
0.133621
0.340932
0.263342
0.121070
0.234086
0.163324
0.370310
0.046394
0.222121
0.216757
0.021212
0.183627
0.276471
0.406754
0.476560
0.092340
0.066230
0.052697
0.168992
0.425041
0.456659
0.018424
0.320924
0.192409
0.176591
0.038663
0.058737
0.095132
0.278040
0.330351
0.614524
0.146164
0.558831
0.032887
0.162007
0.166113
0.218752
0.341397
0.016038
0.213304
0.270600
0.219036
0.527982
0.170166
0.234079
0.030895
0.183769
0.187206
0.161303
0.202439
0.377847
0.063065
0.178748
0.107439
0.391126
0.363026
0.363113
0.141582
0.610170
0.609677
0.245775
0.034063
0.198884
0.674612
0.278648
0.236132
0.259249
0.169022
0.115409
0.477334
0.578577
0.397715
0.020055
0.206448
0.098105
0.433550
0.529290
0.401812
0.061571
0.234765
0.317424
0.226162
0.297243
0.200160
0.041434
0.148168
0.380614
0.314217
0.311323
0.172323
0.199246
0.072382
0.037088
0.030387
0.147897
0.172210
0.115798
0.065402
0.326920
0.312686
0.045494
0.627333
0.153666
0.223750
0.334318
0.274041
0.189456
0.051964
0.496044
0.149643
0.655208
0.014495
0.084203
0.200597
0.078047
0.081176
0.069147
0.072796
0.075269
0.027800
0.322229
0.281838
0.327316
0.356335
0.121193
0.281480
0.141236
0.322790
0.493261
0.014800
0.486674
0.437392
0.718606
0.049736
0.191704
0.535877
0.247324
0.194491
0.526162
0.038958
0.402082
0.134908
0.028630
0.516772
0.070533
0.017505
0.318890
0.149916
0.260772
0.129323
0.065347
0.030461
0.110006
0.470431
0.354183
0.423330
0.606804
0.010877
0.389423
0.263521
0.309039
0.102069
0.216991
0.060581
0.032375
0.076863
0.256977
0.255580
0.528144
0.082589
0.003440
0.030791
0.609984
0.370223
0.368329
0.144249
0.377273
0.036918
0.200700
0.054963
0.079327
0.131884
0.208071
0.435573
0.199354
0.010775
0.434758
0.060147
0.524574
0.413232
0.039696
0.519732
0.290532
0.237127
0.119435
0.268554
0.158482
0.214112
0.056521
0.305649
0.222582
0.337293
0.005474
0.389626
0.034572
0.100476
0.425025
0.490288
0.135671
0.133405
0.382663
0.337361
0.274688
0.322781
0.330819
0.092977
0.284438
0.367559
0.547074
0.158029
0.032814
0.399477
0.563136
0.089098
0.163838
0.272485
0.380902
0.332344
0.014762
0.016078
0.396521
0.133141
0.273711
0.411337
0.236076
0.055845
0.014984
0.029581
0.284163
0.486192
0.174433
0.257290
0.435537
0.013552
0.011106
0.065581
0.525452
0.074336
0.051319
0.084041
0.068050
0.199782
0.362427
0.533943
0.161035
0.069341
0.166535
0.217202
0.248811
0.048655
0.044942
0.061287
0.232351
0.379394
0.028354
0.438542
0.231414
0.294754
0.177250
0.406778
0.340288
0.049025
0.354579
0.302099
0.094713
0.225540
0.286649
0.737011
0.116993
0.047249
0.294856
0.130498
0.294714
0.038754
0.505579
0.105067
0.161869
0.053023
0.161877
0.314575
0.046047
0.171790
0.256288
0.131621
0.594237
0.190385
0.505465
0.411779
0.030777
0.133799
0.093877
0.599556
0.187985
0.443529
0.221329
0.362554
0.211831
0.205719
0.004903
0.249854
0.446283
0.130610
0.690589
0.056980
0.232026
0.122697
0.307412
0.085111
0.341527
0.202604
0.235487
0.149004
0.133739
0.303572
0.333800
0.171626
0.077931
0.267469
0.261899
0.202790
0.172758
0.508240
0.231299
0.261822
0.313403
0.373107
0.259721
0.312857
0.033690
0.429280
0.050759
0.203998
0.091226
0.626293
0.111532
0.356480
0.155003
0.075671
0.133006
0.267641
0.262381
0.267812
0.004916
0.064725
0.317225
0.483484
0.193393
0.090176
0.142792
0.231525
0.318887
0.535827
0.476810
0.062298
0.116954
0.299064
0.387933
0.350208
0.381125
0.382510
0.218639
0.035698
0.176885
0.181045
0.493005
0.232210
0.203781
0.143237
0.015606
0.253440
0.208541
0.164903
0.167585
0.334103
0.217325
0.279901
0.196781
0.060384
0.229719
0.041729
0.066977
0.388921
0.442244
0.302866
0.479149
0.067026
0.014973
0.422414
0.437417
0.044697
0.396917
0.264506
0.324417
0.010737
0.475810
0.006339
0.211514
0.345279
0.259468
0.214524
0.052972
0.303644
0.409467
0.175659
0.146670
0.156681
0.094319
0.442615
0.215612
0.068766
0.533620
0.191547
0.182047
0.025447
0.161048
0.400734
0.237427
0.012917
0.249712
0.026506
0.065462
0.243630
0.222324
0.118826
0.103421
0.330680
0.019694
0.009036
0.230909
0.260064
0.079524
0.460401
0.337067
0.079200
0.233465
0.044948
0.035556
0.568405
0.010207
0.643860
0.484339
0.059058
0.232973
0.021552
0.185841
0.099808
0.308700
0.554363
0.309212
0.140492
0.212803
0.179849
0.158958
0.110522
0.217772
0.086962
0.285690
0.063198
0.259718
0.065121
0.449941
0.148994
0.147364
0.021101
0.257141
0.151108
0.374058
0.026110
0.262694
0.299540
0.593815
0.146571
0.025362
0.153849
0.103328
0.515346
0.329159
0.110956
0.192950
0.021890
0.180800
0.186957
0.135004
0.260972
0.698691
0.266629
0.263170
0.050972
0.145675
0.025208
0.109401
0.218229
0.051088
0.642714
0.183214
0.170555
0.362012
0.310766
0.083525
0.108352
0.068232
0.116062
0.121310
0.020357
0.438535
0.109852
0.290586
0.419015
0.032410
0.220423
0.200533
0.029895
0.456919
0.298600
0.045702
0.375482
0.449183
0.106371
0.426150
0.217328
0.308002
0.652382
0.186538
0.171330
0.251726
0.294597
0.252965
0.144436
0.408416
0.219507
0.213643
0.065312
0.273513
0.268896
0.140670
0.318701
0.447911
0.176878
0.444754
0.636918
0.087606
0.120877
0.174391
0.069680
0.095288
0.136817
0.240517
0.130694
0.314786
0.154604
0.183042
0.030477
0.104842
0.231781
0.372119
0.232431
0.271336
0.290322
0.571825
0.173440
0.326639
0.362260
0.320828
0.018422
0.324504
0.247565
0.198889
0.158003
0.196780
0.089355
0.194000
0.538772
0.164285
0.122781
0.328987
0.099762
0.473738
0.089485
0.530051
0.259034
0.154358
0.046261
0.042625
0.425731
0.099233
0.143824
0.235128
0.115293
0.490247
0.112051
0.275916
0.060056
0.360992
0.128094
0.412833
0.178265
0.038937
0.247742
0.132293
0.398538
0.271854
0.046851
0.210723
0.483876
0.091236
0.081973
0.047758
0.013217
0.370085
0.167172
0.361931
0.200973
0.039078
0.311890
0.290126
0.173521
0.172202
0.181828
0.028593
0.739908
0.050650
0.410154
0.262087
0.087648
0.223578
0.050820
0.202194
0.468468
0.560720
0.250348
0.587868
0.129186
0.018955
0.352642
0.583868
0.254090
0.121336
0.211544
0.606518
0.390414
0.160969
0.097867
0.117030
0.151083
0.378311
0.465929
0.137659
0.075119
0.209661
0.073076
0.087706
0.607262
0.269406
0.239441
0.455782
0.089995
0.110794
0.171526
0.176374
0.380414
0.028549
0.248264
0.462352
0.017111
0.364489
0.246528
0.205256
0.406848
0.291274
0.120421
0.548525
0.587440
0.201217
0.174369
0.030790
0.198081
0.258572
0.336047
0.207077
0.001745
0.106223
0.326491
0.054196
0.111653
0.069301
0.295469
0.020892
0.144151
0.119728
0.144506
0.225405
0.008635
0.134447
0.054317
0.059326
0.268500
0.036728
0.059696
0.036787
0.154674
0.023870
0.121074
0.324845
0.079267
0.548034
0.489970
0.172850
0.079943
0.424753
0.058355
0.436332
0.176678
0.544649
0.187629
0.373823
0.135147
0.286624
0.326426
0.480493
0.193564
0.346695
0.341349
0.216453
0.101023
0.409203
0.041716
0.232466
0.060765
0.127748
0.294787
0.008225
0.008813
0.453919
0.334530
0.079576
0.170910
0.128130
0.053047
0.176867
0.249222
0.306984
0.262669
0.634399
0.261182
0.201373
0.059045
0.278369
0.066755
0.066295
0.165367
0.146921
0.161359
0.152208
0.292899
0.314137
0.261747
0.089025
0.199540
0.037054
0.522444
0.116880
0.371783
0.031354
0.196962
0.099769
0.149486
0.033011
0.501513
0.315871
0.176615
0.152432
0.564696
0.232908
0.140471
0.630985
0.118944
0.442375
0.029357
0.351231
0.035509
0.178574
0.028501
0.041833
0.312611
0.303640
0.194449
0.244224
0.178476
0.017178
0.300719
0.164416
0.467668
0.001390
0.215671
0.067917
0.228977
0.320038
0.157627
0.358004
0.199961
0.268309
0.102541
0.472539
0.074929
0.019774
0.003732
0.363460
0.043221
0.427557
0.204458
0.231281
0.036340
0.532848
0.136360
0.333234
0.199765
0.313423
0.016011
0.064322
0.200389
0.450331
0.051040
0.041823
0.138587
0.203439
0.031905
0.123599
0.545497
0.010537
0.138565
0.305051
0.076016
0.340968
0.081266
0.331615
0.182150
0.064636
0.434274
0.119981
0.361290
0.420997
0.352287
0.425489
0.065615
0.268206
0.052483
0.317175
0.332209
0.012946
0.079775
0.209753
0.472008
0.089941
0.377572
0.022252
0.258828
0.269453
0.060744
0.116833
0.071323
0.104421
0.134631
0.237290
0.084892
0.192932
0.091967
0.139927
0.092577
0.343782
0.003706
0.135051
0.298584
0.390343
0.190989
0.422716
0.088594
0.193357
0.522077
0.135779
0.139050
0.315453
0.118211
0.082469
0.031944
0.468563
0.193410
0.598012
0.095621
0.354567
0.315184
0.036041
0.160101
0.148260
0.392678
0.382354
0.098231
0.398970
0.210451
0.373714
0.142977
0.411163
0.043028
0.271524
0.588606
0.004198
0.490770
0.292636
0.516435
0.092712
0.639419
0.170664
0.089343
0.134851
0.107831
0.307322
0.260161
0.617903
0.108564
0.016806
0.545042
0.023405
0.216921
0.050080
0.418828
0.251276
0.042089
0.008728
0.387443
0.245692
0.101193
0.335157
0.114166
0.041037
0.299257
0.426829
0.558928
0.075861
0.174881
0.209296
0.053203
0.010644
0.453072
0.390705
0.241412
0.445678
0.448108
0.345887
0.252842
0.439767
0.491391
0.294279
0.037391
0.177351
0.271230
0.397426
0.027180
0.289506
0.551843
0.484176
0.187450
0.605524
0.238069
0.176181
0.151564
0.287856
0.038352
0.135381
0.009356
0.086025
0.353333
0.104016
0.201345
0.579475
0.598871
0.028471
0.086715
0.320876
0.331156
0.324509
0.006558
0.063398
0.371611
0.280590
0.361439
0.227100
0.312662
0.226730
0.263068
0.329899
0.286621
0.213523
0.329855
0.240432
0.245865
0.306864
0.081587
0.387227
0.247463
0.218540
0.214846
0.188161
0.147615
0.551740
0.160191
0.097641
0.357617
0.170221
0.084706
0.100115
0.388319
0.253176
0.054534
0.442740
0.186856
0.065546
0.061631
0.251190
0.079619
0.163355
0.183821
0.091587
0.084087
0.118789
0.269628
0.339091
0.319858
0.319829
0.036153
0.320397
0.398143
0.181126
0.194882
0.022881
0.103500
0.014103
0.055672
0.525498
0.341628
0.717373
0.552543
0.000239
0.061901
0.425450
0.073048
0.547791
0.203880
0.388381
0.197424
0.416856
0.144368
0.492507
0.134562
0.139658
0.423447
0.489635
0.217353
0.402663
0.211571
0.317694
0.523032
0.503705
0.141742
0.197131
0.209998
0.141993
0.077749
0.107364
0.494424
0.070765
0.552932
0.143798
0.231683
0.057340
0.172779
0.278299
0.187794
0.218524
0.200140
0.009193
0.045750
0.461627
0.290770
0.115367
0.006680
0.373414
0.412291
0.506955
0.266233
0.464875
0.501543
0.005470
0.272374
0.212948
0.218325
0.358362
0.307349
0.230659
0.170303
0.080232
0.649367
0.387519
0.458835
0.206683
0.332036
0.055505
0.125610
0.332642
0.377410
0.053609
0.462397
0.403516
0.035857
0.337348
0.272637
0.503656
0.388731
0.153133
0.347443
0.101904
0.200016
0.127219
0.461231
0.295466
0.438931
0.334703
0.134759
0.323256
0.043602
0.051136
0.521154
0.141448
0.049973
0.331717
0.322577
0.049658
0.207898
0.147009
0.397996
0.484015
0.391528
0.606392
0.297477
0.084789
0.088088
0.324109
0.048957
0.436021
0.073396
0.322803
0.266165
0.224140
0.102402
0.158435
0.296201
0.296350
0.370031
0.270044
0.128386
0.649061
0.329000
0.140562
0.078459
0.333508
0.043846
0.245942
0.217651
0.132886
0.426473
0.021039
0.247389
0.028595
0.551082
0.213040
0.487249
0.036353
0.015284
0.343236
0.009162
0.017002
0.217685
0.295515
0.275853
0.219563
0.041994
0.103757
0.207903
0.155052
0.021921
0.393211
0.049291
0.269958
0.558175
0.180174
0.126509
0.502575
0.308524
0.251109
0.046506
0.242509
0.482841
0.644355
0.161675
0.592197
0.153205
0.018089
0.345632
0.088732
0.577134
0.050264
0.113924
0.687294
0.368934
0.017804
0.395542
0.248418
0.199874
0.233367
0.125203
0.423884
0.207542
0.081936
0.113475
0.233267
0.200682
0.056022
0.443618
0.195064
0.251806
0.140066
0.420441
0.243766
0.230935
0.025335
0.351338
0.396153
0.434060
0.168459
0.440635
0.228243
0.011564
0.192725
0.084848
0.139915
0.521958
0.133055
0.028840
0.348156
0.622113
0.045230
0.095095
0.319022
0.039912
0.120664
0.095446
0.097653
0.144580
0.181178
0.226301
0.384342
0.103931
0.383224
0.363388
0.021746
0.253885
0.065631
0.034938
0.022683
0.192484
0.053533
0.588432
0.337452
0.197764
0.385439
0.196783
0.354514
0.125967
0.346378
0.119404
0.478334
0.275148
0.326831
0.423952
0.315789
0.234123
0.355433
0.213007
0.023524
0.182819
0.490882
0.273405
0.132057
0.337554
0.218860
0.262303
0.414901
0.003613
0.247363
0.296233
0.200180
0.183004
0.135693
0.076176
0.091824
0.122678
0.394335
0.242089
0.066399
0.146638
0.307070
0.033083
0.321525
0.375296
0.235536
0.236340
0.053251
0.399434
0.424370
0.216628
0.152387
0.043590
0.315683
0.382056
0.356915
0.368083
0.214809
0.009996
0.369924
0.023421
0.125024
0.014643
0.104383
0.098370
0.592386
0.263142
0.265674
0.056766
0.542863
0.366436
0.027055
0.430634
0.412368
0.558310
0.211055
0.133867
0.137838
0.281571
0.244071
0.235359
0.041914
0.388318
0.080602
0.195253
0.008927
0.049485
0.148815
0.420583
0.336943
0.269154
0.217811
0.266021
0.022359
0.477671
0.437412
0.366864
0.350002
0.044731
0.371860
0.085297
0.433094
0.075532
0.044358
0.297304
0.346760
0.502875
0.311698
0.079613
0.801707
0.076727
0.209662
0.157025
0.566446
0.116600
0.450528
0.458561
0.015700
0.218119
0.244067
0.499775
0.358623
0.215065
0.043755
0.138761
0.247205
0.324395
0.219430
0.120969
0.499332
0.184782
0.153644
0.016819
0.078014
0.123403
0.219407
0.512972
0.127000
0.292613
0.152511
0.156432
0.384647
0.062746
0.007606
0.230985
0.258544
0.221320
0.208513
0.220088
0.037965
0.405082
0.030224
0.042554
0.155732
0.224472
0.234103
0.234995
0.247194
0.107875
0.269791
0.638428
0.411855
0.178290
0.185620
0.180768
0.190102
0.357057
0.237677
0.095633
0.338247
0.203964
0.422279
0.157727
0.132835
0.200038
0.449371
0.375899
0.167095
0.242102
0.037904
0.260097
0.498570
0.090193
0.236608
0.164386
0.406761
0.088559
0.083171
0.258449
0.438067
0.168875
0.426146
0.128602
0.225942
0.028065
0.084221
0.042531
0.383416
0.067291
0.207548
0.059409
0.033462
0.121938
0.032263
0.219037
0.317501
0.157237
0.090241
0.006992
0.101902
0.250762
0.325690
0.429187
0.343301
0.045222
0.193086
0.092486
0.346161
0.595270
0.326655
0.023774
0.042243
0.152120
0.003155
0.319139
0.292745
0.116156
0.196384
0.047548
0.577202
0.065494
0.041606
0.164524
0.017245
0.051399
0.009654
0.420767
0.204369
0.365626
0.323278
0.046046
0.500836
0.102740
0.244922
0.046297
0.017059
0.216021
0.131538
0.103881
0.151384
0.235305
0.056011
0.225823
0.214777
0.111239
0.167929
0.396543
0.276597
0.004129
0.250836
0.159896
0.356570
0.008465
0.049139
0.034246
0.424436
0.443186
0.077268
0.114881
0.364242
0.046979
0.213737
0.284164
0.150972
0.226320
0.189655
0.191949
0.313306
0.019564
0.142291
0.390366
0.349059
0.307897
0.224278
0.518462
0.497193
0.107714
0.128166
0.351901
0.476627
0.171942
0.415494
0.037055
0.332693
0.176096
0.243901
0.473424
0.149695
0.482226
0.481824
0.639126
0.015331
0.236821
0.064431
0.288439
0.028953
0.289254
0.058203
0.141961
0.001470
0.137261
0.314359
0.325719
0.258135
0.221380
0.150851
0.131915
0.054746
0.108679
0.354267
0.178882
0.037355
0.143533
0.006375
0.035324
0.370100
0.412261
0.223810
0.126930
0.299944
0.326814
0.306151
0.331042
0.422396
0.261742
0.671212
0.309579
0.189161
0.204255
0.185533
0.503955
0.075773
0.356868
0.246268
0.331349
0.008128
0.185367
0.306686
0.470149
0.144518
0.018964
0.198181
0.201435
0.149393
0.243837
0.017994
0.402303
0.189205
0.290105
0.119072
0.456511
0.076979
0.108887
0.216601
0.168274
0.049886
0.170098
0.090151
0.013569
0.433967
0.221526
0.391485
0.508539
0.230257
0.347951
0.134935
0.011764
0.365997
0.176680
0.081786
0.049520
0.264396
0.331852
0.414644
0.096836
0.463330
0.002203
0.196563
0.043019
0.633857
0.066493
0.070718
0.473942
0.381205
0.343972
0.259444
0.043117
0.371900
0.033171
0.261083
0.428994
0.136398
0.094294
0.198594
0.613521
0.133658
0.137564
0.037097
0.057033
0.013396
0.262581
0.175380
0.026153
0.087691
0.254280
0.062520
0.155644
0.343050
0.101388
0.075472
0.297439
0.079268
0.424780
0.359861
0.249624
0.164186
0.408288
0.163203
0.019156
0.241099
0.207006
0.104986
0.097327
0.102016
0.191535
0.179826
0.453535
0.006342
0.350037
0.302354
0.431254
0.292410
0.073826
0.355641
0.233007
0.046090
0.038103
0.464748
0.201701
0.300551
0.056571
0.549653
0.280593
0.336049
0.060550
0.372266
0.438815
0.293627
0.274184
0.186222
0.093410
0.238688
0.702113
0.031392
0.517263
0.393133
0.005664
0.053072
0.386402
0.302637
0.039442
0.020382
0.228935
0.405803
0.040944
0.062493
0.056850
0.244270
0.374595
0.114021
0.021020
0.401029
0.021433
0.088844
0.120427
0.226953
0.333114
0.234855
0.163691
0.053501
0.035824
0.068749
0.139476
0.085971
0.165594
0.418842
0.364182
0.309678
0.700387
0.111286
0.040386
0.391835
0.146158
0.258550
0.165915
0.119625
0.058483
0.519640
0.114729
0.381700
0.192683
0.107906
0.435167
0.010242
0.306090
0.107894
0.223077
0.031588
0.421636
0.078782
0.138572
0.167112
0.371611
0.337208
0.126383
0.060111
0.212559
0.207432
0.204673
0.299813
0.267371
0.237028
0.353680
0.117060
0.217094
0.167953
0.088989
0.013279
0.084756
0.237217
0.052746
0.363305
0.184528
0.360096
0.680473
0.173725
0.205439
0.359705
0.121683
0.104506
0.224200
0.373151
0.034031
0.166785
0.018159
0.495533
0.172226
0.395211
0.276930
0.011598
0.357084
0.040116
0.098188
0.314504
0.049975
0.421285
0.398531
0.530015
0.193429
0.498032
0.574693
0.298471
0.467343
0.257778
0.142815
0.481240
0.009120
0.366455
0.124643
0.433967
0.283316
0.147205
0.053949
0.283552
0.519896
0.218649
0.408991
0.259133
0.350166
0.499691
0.230601
0.278242
0.132801
0.411740
0.195572
0.186643
0.019719
0.036594
0.094555
0.390851
0.377342
0.120332
0.185908
0.040335
0.231496
0.271178
0.057193
0.207235
0.312691
0.313171
0.327790
0.087567
0.388298
0.255394
0.246415
0.308305
0.122006
0.185330
0.039337
0.263325
0.046302
0.139523
0.233688
0.373498
0.136146
0.046637
0.445851
0.264642
0.010291
0.030295
0.027821
0.239483
0.549592
0.291641
0.160584
0.317236
0.254133
0.136651
0.682602
0.000753
0.168328
0.407192
0.706213
0.076586
0.113075
0.505049
0.673232
0.038115
0.039890
0.070515
0.033177
0.165155
0.142005
0.263559
0.277426
0.149347
0.386304
0.329550
0.398649
0.054738
0.529768
0.287403
0.296524
0.141061
0.089628
0.206149
0.077266
0.273347
0.149715
0.354036
0.367825
0.066440
0.205267
0.014004
0.388362
0.026110
0.189273
0.123367
0.488508
0.360274
0.093736
0.171927
0.669711
0.042569
0.077832
0.221144
0.457750
0.140086
0.189947
0.066770
0.070531
0.185028
0.331256
0.189128
0.290866
0.367945
0.324849
0.122570
0.392187
0.073719
0.124665
0.558969
0.237769
0.082765
0.405386
0.161668
0.163442
0.245056
0.016191
0.662124
0.346659
0.201003
0.246710
0.017367
0.095899
0.330988
0.162868
0.363652
0.087198
0.147041
0.056211
0.293777
0.035561
0.531025
0.179912
0.229514
0.127775
0.065614
0.125360
0.351512
0.252181
0.189711
0.438457
0.544698
0.049734
0.535504
0.014409
0.208627
0.198083
0.394419
0.415543
0.084258
0.587677
0.191764
0.193440
0.293364
0.151368
0.062853
0.079912
0.154540
0.231477
0.159446
0.273817
0.209063
0.186017
0.104354
0.227037
0.478156
0.447372
0.232732
0.024594
0.191423
0.403487
0.430207
0.220801
0.382528
0.580323
0.196975
0.163917
0.228640
0.064186
0.165828
0.378925
0.412832
0.041214
0.121393
0.013281
0.354021
0.328628
0.420027
0.425537
0.091360
0.353493
0.053008
0.262901
0.240229
0.231929
0.123235
0.140901
0.299296
0.267674
0.168319
0.342667
0.287362
0.036593
0.056347
0.291841
0.089428
0.140151
0.076976
0.204709
0.276883
0.111616
0.330235
0.461193
0.253999
0.180006
0.175164
0.237719
0.143917
0.216092
0.389714
0.167471
0.330041
0.067019
0.168007
0.428241
0.228348
0.244157
0.035086
0.066690
0.243230
0.001370
0.446559
0.293787
0.486389
0.232374
0.046285
0.348049
0.082978
0.160639
0.283263
0.003989
0.314625
0.254095
0.558010
0.303828
0.056858
0.241794
0.297490
0.049246
0.487545
0.099209
0.291188
0.173673
0.072238
0.329077
0.134103
0.206725
0.321776
0.070644
0.353817
0.416616
0.379809
0.123737
0.036344
0.487711
0.353281
0.258469
0.387409
0.333543
0.407280
0.023546
0.200649
0.263283
0.177075
0.068542
0.008089
0.045163
0.164017
0.032456
0.350371
0.514703
0.309959
0.278799
0.432070
0.240327
0.379190
0.158894
0.631823
0.000262
0.093016
0.043973
0.267332
0.050075
0.198736
0.344521
0.326639
0.090286
0.205180
0.156830
0.418881
0.563099
0.077499
0.439868
0.267935
0.139290
0.024054
0.287471
0.310971
0.061212
0.078362
0.195133
0.091380
0.301304
0.055199
0.285937
0.101243
0.100751
0.402540
0.411641
0.049575
0.281886
0.180342
0.465060
0.315734
0.349574
0.074562
0.051647
0.225117
0.295502
0.114003
0.372878
0.061282
0.460779
0.501009
0.000922
0.187662
0.267250
0.265925
0.347009
0.099220
0.206537
0.351813
0.340119
0.194265
0.371342
0.044585
0.037651
0.160533
0.303023
0.345371
0.304303
0.187612
0.323156
0.381709
0.216906
0.104641
0.059984
0.623246
0.201452
0.020216
0.076002
0.124092
0.123325
0.118373
0.306275
0.008858
0.154724
0.217724
0.344049
0.226548
0.312106
0.054970
0.209659
0.180634
0.112683
0.146596
0.364201
0.245737
0.296941
0.281034
0.377952
0.357264
0.113004
0.315808
0.411218
0.032738
0.082810
0.292947
0.629211
0.352505
0.008888
0.328958
0.348278
0.331504
0.032949
0.443876
0.116781
0.234155
0.207950
0.014730
0.196313
0.236434
0.043284
0.438694
0.081161
0.269440
0.314673
0.295306
0.451339
0.215437
0.262965
0.208504
0.225031
0.015956
0.414928
0.440539
0.211469
0.097929
0.027881
0.059410
0.319548
0.325637
0.007741
0.352742
0.081057
0.087695
0.191044
0.472786
0.011309
0.567058
0.308544
0.175224
0.513179
0.406566
0.310143
0.540543
0.210222
0.109959
0.366783
0.211574
0.099483
0.333202
0.565520
0.072861
0.181676
0.260001
0.566063
0.511838
0.419519
0.038937
0.364050
0.071557
0.543049
0.180925
0.590151
0.147108
0.295203
0.239737
0.240659
0.086209
0.273142
0.246705
0.352892
0.360047
0.137081
0.512368
0.314957
0.130866
0.224590
0.138098
0.394864
0.214880
0.256303
0.500271
0.122301
0.134905
0.207376
0.115186
0.499353
0.176528
0.259494
0.188091
0.039692
0.052446
0.197366
0.589592
0.147325
0.045208
0.024050
0.089154
0.476964
0.023855
0.296098
0.028726
0.194624
0.191990
0.325132
0.455669
0.029244
0.151749
0.156052
0.081868
0.184505
0.371974
0.291493
0.458325
0.173720
0.085720
0.424613
0.227299
0.063324
0.283056
0.521791
0.259047
0.131608
0.356972
0.202588
0.170204
0.189342
0.201469
0.322325
0.160885
0.475957
0.316365
0.287404
0.082033
0.121615
0.073357
0.357597
0.100183
0.047731
0.519877
0.008327
0.398308
0.043383
0.279138
0.193474
0.002676
0.193760
0.079813
0.035633
0.061914
0.607369
0.340302
0.048853
0.122720
0.337383
0.104252
0.166621
0.263999
0.297389
0.000066
0.476668
0.415277
0.005573
0.191888
0.069320
0.086091
0.339185
0.024011
0.449275
0.384048
0.178074
0.248247
0.069663
0.289940
0.106906
0.461535
0.331130
0.239168
0.455360
0.405807
0.112303
0.098807
0.050312
0.311125
0.159422
0.304549
0.027827
0.492117
0.161110
0.394184
0.335670
0.082504
0.081891
0.105137
0.186372
0.270659
0.326483
0.082385
0.455230
0.262566
0.037550
0.027658
0.029854
0.085241
0.524901
0.353313
0.152737
0.248129
0.025616
0.062093
0.014899
0.475826
0.250953
0.148120
0.155708
0.117677
0.034820
0.185034
0.119270
0.159411
0.287477
0.043428
0.641845
0.113646
0.012493
0.574461
0.454894
0.047330
0.106247
0.121152
0.090335
0.115864
0.227943
0.155450
0.293786
0.308949
0.485848
0.132627
0.009848
0.479012
0.121419
0.550982
0.108114
0.013565
0.160087
0.325503
0.301169
0.228257
0.111578
0.644689
0.629525
0.120207
0.062197
0.155581
0.304640
0.203848
0.234858
0.201271
0.094233
0.261790
0.223766
0.323018
0.485853
0.253431
0.433539
0.468962
0.137623
0.306230
0.585291
0.227033
0.228467
0.272068
0.380140
0.048732
0.056689
0.283264
0.125614
0.510874
0.112967
0.102281
0.194924
0.527577
0.032861
0.422029
0.014217
0.009742
0.405265
0.468028
0.335858
0.305522
0.219441
0.348130
0.088114
0.299105
0.111174
0.098934
0.294277
0.402822
0.067597
0.213348
0.322323
0.078398
0.106499
0.443026
0.371285
0.357149
0.037495
0.487082
0.045320
0.083115
0.186727
0.035015
0.110466
0.131167
0.111566
0.431201
0.150651
0.497061
0.179289
0.510880
0.258343
0.394622
0.179918
0.220425
0.020705
0.081139
0.285371
0.283053
0.434621
0.282728
0.046196
0.356790
0.401591
0.238614
0.308488
0.019894
0.406403
0.287988
0.228045
0.314150
0.086550
0.271421
0.295456
0.152498
0.242361
0.134288
0.442509
0.144423
0.611634
0.062699
0.227477
0.153410
0.150578
0.373051
0.211222
0.028139
0.781567
0.619725
0.349275
0.435608
0.004746
0.064644
0.503657
0.612752
0.355516
0.108719
0.033630
0.329276
0.092801
0.030750
0.320563
0.027661
0.092042
0.134392
0.202788
0.165324
0.052476
0.352971
0.185220
0.022920
0.394046
0.516852
0.284693
0.544327
0.190420
0.052374
0.029612
0.471097
0.360105
0.054243
0.249516
0.402198
0.247033
0.654802
0.264917
0.095783
0.273637
0.325531
0.224764
0.529897
0.425388
0.352113
0.105448
0.093172
0.240474
0.284755
0.304502
0.034423
0.030481
0.146210
0.278657
0.005288
0.026540
0.163802
0.138966
0.009798
0.017554
0.018002
0.060460
0.092176
0.062343
0.101966
0.242993
0.092411
0.192999
0.128523
0.022846
0.058858
0.120724
0.107754
0.083199
0.217785
0.166980
0.420399
0.410894
0.371806
0.258552
0.376765
0.288969
0.517410
0.205877
0.319015
0.091524
0.233501
0.225424
0.346437
0.255326
0.443748
0.406019
0.178624
0.249595
0.372315
0.040613
0.125300
0.066298
0.343738
0.350279
0.106476
0.346495
0.039122
0.151174
0.396609
0.111998
0.101985
0.427705
0.012379
0.237456
0.507617
0.073424
0.544615
0.396318
0.405286
0.155672
0.208036
0.089442
0.280943
0.207232
0.121573
0.023882
0.275043
0.033945
0.223476
0.156867
0.440127
0.173831
0.281030
0.054583
0.095499
0.469481
0.089699
0.367151
0.179166
0.024104
0.142136
0.094531
0.135150
0.554990
0.390360
0.160419
0.233262
0.417644
0.301211
0.009582
0.611852
0.239378
0.407515
0.031115
0.373921
0.151253
0.249652
0.078108
0.088768
0.147325
0.120933
0.107647
0.303775
0.258239
0.434301
0.016334
0.275679
0.408181
0.012554
0.275005
0.064482
0.192445
0.009184
0.279839
0.502422
0.032916
0.199820
0.379592
0.340817
0.243974
0.214815
0.055515
0.272035
0.103910
0.423085
0.280626
0.064889
0.083198
0.606450
0.203827
0.541732
0.063286
0.183481
0.227733
0.085737
0.226613
0.623220
0.281638
0.123957
0.408179
0.250786
0.057512
0.346446
0.376110
0.307740
0.206742
0.003657
0.147178
0.521051
0.192791
0.291544
0.418268
0.134556
0.417044
0.042385
0.432575
0.453557
0.076740
0.421497
0.127505
0.205325
0.053447
0.263497
0.289666
0.108403
0.028352
0.148578
0.133902
0.284671
0.443732
0.028844
0.398046
0.345871
0.150875
0.034281
0.496312
0.185227
0.069323
0.310632
0.045922
0.163293
0.168588
0.165059
0.315223
0.488045
0.086122
0.008266
0.268206
0.577413
0.275159
0.038303
0.036402
0.196331
0.433049
0.088988
0.207166
0.165115
0.189828
0.030821
0.265820
0.448764
0.221677
0.423039
0.076670
0.292372
0.458278
0.138960
0.232771
0.125398
0.417747
0.433331
0.078163
0.336401
0.060400
0.366698
0.353498
0.343396
0.101073
0.139259
0.591005
0.024029
0.602885
0.266063
0.439913
0.010124
0.496193
0.234718
0.335033
0.111389
0.117298
0.335852
0.222561
0.321076
0.007491
0.130977
0.270332
0.141236
0.074558
0.121185
0.152307
0.339976
0.042484
0.173748
0.247774
0.067082
0.145329
0.502841
0.099094
0.087338
0.300886
0.166637
0.286277
0.208897
0.015335
0.203524
0.109137
0.193520
0.042081
0.264307
0.130944
0.218575
0.448677
0.398073
0.121672
0.447447
0.692485
0.351002
0.112753
0.103445
0.219024
0.364568
0.100699
0.262741
0.222902
0.187146
0.094421
0.428071
0.041682
0.270549
0.121873
0.270195
0.021091
0.169895
0.135928
0.348399
0.510335
0.066465
0.372363
0.288648
0.382309
0.103972
0.089033
0.095701
0.304841
0.362565
0.061628
0.029939
0.320300
0.343680
0.284563
0.266873
0.019970
0.124054
0.080980
0.366695
0.338789
0.147242
0.021839
0.627691
0.155731
0.479148
0.093550
0.774924
0.287487
0.213860
0.231406
0.137517
0.144745
0.512381
0.051302
0.139583
0.379033
0.566991
0.052915
0.184273
0.001603
0.343675
0.133720
0.249210
0.197628
0.047175
0.198097
0.287175
0.027991
0.340445
0.365671
0.077803
0.038839
0.343989
0.433639
0.165472
0.200975
0.360537
0.122572
0.294324
0.121455
0.467040
0.360198
0.080844
0.189944
0.086649
0.152248
0.590169
0.118531
0.527187
0.288806
0.023436
0.016391
0.302761
0.232204
0.571585
0.207856
0.231497
0.028813
0.315259
0.396549
0.432296
0.087331
0.029377
0.316889
0.511557
0.144087
0.104410
0.157618
0.234556
0.210085
0.624857
0.301691
0.170966
0.403610
0.129798
0.011218
0.011133
0.652155
0.121193
0.607830
0.067004
0.286819
0.353850
0.410969
0.378787
0.270945
0.191992
0.358655
0.340372
0.065414
0.289127
0.240816
0.117984
0.081028
0.486137
0.043611
0.310384
0.229293
0.335655
0.627341
0.232858
0.014297
0.141852
0.456899
0.403641
0.069903
0.262318
0.193405
0.080252
0.635853
0.313384
0.294318
0.313351
0.207866
0.036591
0.059242
0.351504
0.140070
0.237260
0.365090
0.239546
0.157191
0.308327
0.529926
0.367790
0.335739
0.040875
0.612683
0.134710
0.090470
0.232405
0.430872
0.251332
0.254775
0.027238
0.025318
0.100021
0.084018
0.090453
0.485522
0.016088
0.006611
0.736017
0.305295
0.097615
0.494836
0.285824
0.499975
0.299110
0.528926
0.558234
0.226692
0.097080
0.259119
0.374841
0.039622
0.066402
0.144991
0.383047
0.308694
0.181490
0.342167
0.270705
0.329648
0.384192
0.124027
0.202945
0.189916
0.681327
0.034016
0.314740
0.045417
0.419818
0.277904
0.052149
0.445065
0.159394
0.320580
0.129520
0.342084
0.205553
0.605476
0.166349
0.231765
0.066722
0.025751
0.314340
0.051853
0.078949
0.208578
0.279376
0.444404
0.423538
0.032763
0.055162
0.139673
0.091541
0.232825
0.532067
0.112765
0.387375
0.366114
0.264945
0.194961
0.302382
0.419121
0.124170
0.022657
0.258294
0.613979
0.295212
0.280331
0.412522
0.302960
0.016783
0.546926
0.293979
0.475110
0.132658
0.159071
0.572176
0.194761
0.091065
0.343557
0.209835
0.035756
0.091595
0.071747
0.493419
0.299839
0.294740
0.053092
0.271826
0.292445
0.037311
0.534125
0.244291
0.444951
0.079573
0.429882
0.088911
0.065064
0.125888
0.381233
0.216054
0.440881
0.145297
0.396013
0.017435
0.076244
0.089910
0.153418
0.058209
0.347250
0.027078
0.299081
0.116502
0.543020
0.052992
0.236394
0.545198
0.264155
0.406186
0.128008
0.019882
0.039439
0.133548
0.021879
0.401132
0.049151
0.367445
0.260340
0.199191
0.126364
0.082136
0.120517
0.128803
0.291794
0.048096
0.390075
0.384216
0.173727
0.174864
0.166828
0.433752
0.116754
0.132212
0.049986
0.469062
0.014536
0.107769
0.217152
0.315554
0.197786
0.185612
0.172067
0.141590
0.123609
0.335006
0.137493
0.102355
0.376129
0.366726
0.081947
0.223641
0.015152
0.045482
0.166337
0.113898
0.205655
0.269245
0.015513
0.040723
0.244752
0.086909
0.024177
0.095369
0.295365
0.206064
0.160347
0.228016
0.494883
0.110859
0.369745
0.022856
0.383442
0.365937
0.238796
0.434804
0.193884
0.323224
0.296371
0.561683
0.233330
0.384578
0.186365
0.330590
0.153326
0.170888
0.052190
0.015079
0.410267
0.456777
0.142969
0.205021
0.039138
0.481222
0.394823
0.329039
0.556859
0.384090
0.252375
0.140207
0.213892
0.242063
0.191352
0.063209
0.212877
0.321727
0.398080
0.065168
0.275891
0.120388
0.004867
0.265574
0.410886
0.453156
0.048169
0.361508
0.224156
0.013486
0.311572
0.032934
0.521020
0.226003
0.079419
0.047804
0.245321
0.446609
0.203477
0.083393
0.302453
0.023135
0.444378
0.449514
0.052320
0.554763
0.289115
0.211333
0.311537
0.375384
0.079601
0.417697
0.267309
0.284319
0.207862
0.642999
0.019930
0.510958
0.160582
0.118471
0.068463
0.149581
0.336097
0.167326
0.175486
0.494110
0.502290
0.406709
0.045822
0.302218
0.036526
0.327410
0.588294
0.114157
0.102595
0.099973
0.420197
0.469323
0.167959
0.093205
0.436434
0.402013
0.059964
0.317574
0.144415
0.291505
0.376905
0.040216
0.215906
0.279898
0.165902
0.052416
0.245392
0.394655
0.103361
0.082597
0.214595
0.395894
0.017839
0.192712
0.041173
0.357872
0.094140
0.241019
0.164303
0.315981
0.116733
0.487703
0.389558
0.036061
0.053167
0.535539
0.388594
0.117092
0.387467
0.507221
0.080316
0.318351
0.223666
0.287754
0.240664
0.290388
0.158255
0.285852
0.235583
0.529334
0.182201
0.344721
0.124216
0.191094
0.227944
0.048522
0.171853
0.291744
0.204553
0.284730
0.106034
0.078503
0.052143
0.081104
0.311458
0.429967
0.153088
0.242846
0.102798
0.003826
0.339263
0.508336
0.314750
0.206410
0.140153
0.395531
0.047774
0.268571
0.512600
0.311664
0.185921
0.014997
0.094477
0.038421
0.141996
0.330653
0.106341
0.059420
0.037746
0.209721
0.131738
0.417904
0.237933
0.197704
0.034023
0.044718
0.332724
0.117114
0.285158
0.402450
0.022306
0.298607
0.133571
0.022887
0.007022
0.409501
0.354412
0.020376
0.151361
0.077382
0.307336
0.195160
0.005645
0.140514
0.135526
0.053454
0.203520
0.014829
0.261477
0.504091
0.230163
0.388062
0.057127
0.019142
0.281976
0.320997
0.442068
0.201485
0.208135
0.529883
0.177567
0.128540
0.287914
0.271499
0.293495
0.318399
0.448779
0.399950
0.040693
0.002984
0.069454
0.284816
0.300324
0.134155
0.267961
0.175752
0.181232
0.127404
0.328342
0.425060
0.314358
0.503887
0.196728
0.308188
0.367985
0.088695
0.465345
0.012272
0.199153
0.462108
0.321110
0.138839
0.321720
0.180599
0.371156
0.004025
0.364310
0.041137
0.273185
0.015612
0.190565
0.436983
0.228939
0.025552
0.232967
0.238583
0.143092
0.234317
0.124735
0.255334
0.218163
0.127346
0.096283
0.077039
0.001601
0.424894
0.322761
0.016730
0.121285
0.350484
0.342205
0.208429
0.310479
0.193029
0.243916
0.473742
0.375765
0.042711
0.084681
0.062552
0.361157
0.155342
0.612203
0.260926
0.313681
0.124780
0.369513
0.364777
0.485815
0.343237
0.175939
0.005288
0.014941
0.124258
0.273107
0.281562
0.451407
0.034641
0.372732
0.190645
0.435470
0.163856
0.071683
0.425174
0.255213
0.249232
0.279711
0.067673
0.070039
0.494253
0.132463
0.285207
0.458847
0.004208
0.390438
0.204267
0.118999
0.147588
0.129471
0.035243
0.105719
0.145977
0.340682
0.210074
0.246468
0.363151
0.017902
0.072333
0.054972
0.638520
0.154651
0.190578
0.249684
0.317460
0.259840
0.221376
0.325366
0.342774
0.151242
0.028169
0.355858
0.191704
0.230540
0.441046
0.668817
0.189347
0.408809
0.059184
0.029349
0.106077
0.330937
0.120279
0.068068
0.149983
0.036962
0.178435
0.000490
0.567637
0.125353
0.015205
0.166135
0.066876
0.457418
0.497915
0.173436
0.014900
0.096509
0.550977
0.051642
0.224365
0.098740
0.213993
0.337479
0.033888
0.173637
0.078404
0.335866
0.145158
0.314514
0.003531
0.392321
0.079175
0.051363
0.361615
0.132884
0.211604
0.026924
0.525994
0.425362
0.224328
0.155274
0.834658
0.143422
0.383612
0.173901
0.157918
0.504221
0.458805
0.150432
0.123540
0.448565
0.333239
0.498390
0.022047
0.421874
0.141100
0.220369
0.253670
0.496874
0.273302
0.143608
0.339700
0.074596
0.599339
0.147850
0.035070
0.087056
0.397449
0.351700
0.124509
0.050635
0.347844
0.252588
0.136623
0.256888
0.096236
0.339310
0.206736
0.260317
0.102465
0.078391
0.048237
0.197688
0.017133
0.344375
0.198969
0.393580
0.103259
0.502968
0.099621
0.020417
0.408316
0.404526
0.372138
0.228673
0.013061
0.086879
0.532820
0.072746
0.238642
0.104389
0.280935
0.267945
0.122288
0.306417
0.449811
0.320514
0.099048
0.608866
0.071154
0.003285
0.071697
0.039498
0.311986
0.123218
0.254630
0.126875
0.099003
0.113520
0.090590
0.100760
0.431224
0.197401
0.425306
0.049542
0.240768
0.063959
0.227013
0.114032
0.039468
0.236620
0.132077
0.346056
0.023307
0.407030
0.479732
0.243458
0.287184
0.213080
0.004836
0.121849
0.197341
0.211777
0.030208
0.153188
0.538434
0.065928
0.367645
0.123143
0.277378
0.227327
0.004169
0.310572
0.345812
0.031354
0.348405
0.278269
0.439814
0.025381
0.305458
0.155754
0.332800
0.424646
0.252430
0.240860
0.243907
0.036743
0.384251
0.612492
0.358961
0.020505
0.112438
0.210172
0.404146
0.586146
0.051976
0.508845
0.158934
0.426248
0.378073
0.217683
0.108838
0.200457
0.274803
0.121042
0.280727
0.181103
0.102058
0.157509
0.323849
0.552562
0.190908
0.208235
0.160561
0.181945
0.489917
0.090148
0.316105
0.520100
0.051869
0.066855
0.063847
0.313975
0.166054
0.414646
0.437132
0.016564
0.036315
0.136189
0.177704
0.066984
0.179591
0.193050
0.193858
0.009436
0.102474
0.468205
0.012065
0.093932
0.247692
0.027260
0.180827
0.525242
0.300994
0.212253
0.425300
0.017704
0.292206
0.414892
0.106387
0.308502
0.300717
0.327554
0.208308
0.060878
0.523085
0.612117
0.254855
0.248015
0.032052
0.067065
0.211559
0.274347
0.183212
0.104644
0.133411
0.339590
0.113837
0.419331
0.348218
0.663187
0.251908
0.070056
0.095430
0.147214
0.254526
0.112892
0.302156
0.208438
0.541090
0.578419
0.153434
0.253000
0.147366
0.567567
0.036282
0.348768
0.169966
0.226749
0.513694
0.048124
0.169479
0.609122
0.055924
0.061622
0.152906
0.503457
0.084686
0.446669
0.072434
0.155176
0.320636
0.265036
0.051596
0.293991
0.347124
0.508270
0.093401
0.316944
0.154536
0.041934
0.110756
0.737669
0.116441
0.221852
0.019663
0.071281
0.274326
0.018649
0.521688
0.589238
0.168058
0.321444
0.177165
0.025532
0.365410
0.004151
0.160102
0.152599
0.163666
0.353104
0.304060
0.143506
0.359621
0.358042
0.021532
0.364684
0.021512
0.003019
0.428261
0.374432
0.119491
0.272636
0.479574
0.118075
0.247831
0.179207
0.093132
0.142384
0.587774
0.389080
0.037051
0.659825
0.172569
0.227766
0.105978
0.164476
0.249004
0.275824
0.098405
0.313533
0.112654
0.162316
0.141484
0.503564
0.019117
0.319675
0.421892
0.248179
0.007065
0.057560
0.265927
0.012966
0.537790
0.368877
0.375249
0.323680
0.139961
0.236017
0.296941
0.266091
0.256351
0.146004
0.219506
0.222800
0.238085
0.206709
0.455688
0.284497
0.316434
0.244606
0.200142
0.168505
0.015560
0.140488
0.393263
0.376402
0.263737
0.159030
0.147028
0.146233
0.014985
0.387337
0.349674
0.101404
0.245970
0.473820
0.041045
0.263570
0.036049
0.475732
0.306838
0.017400
0.293560
0.138324
0.085060
0.178237
0.004066
0.304224
0.111792
0.129574
0.343103
0.044863
0.118198
0.101724
0.194864
0.379854
0.460754
0.210181
0.161609
0.267940
0.432369
0.018105
0.549417
0.358391
0.431027
0.081559
0.001341
0.218739
0.211930
0.089242
0.080946
0.060803
0.161712
0.181958
0.088204
0.437043
0.038599
0.205589
0.330967
0.282676
0.230661
0.001355
0.231491
0.031485
0.025417
0.157106
0.249863
0.304226
0.300882
0.184007
0.270999
0.525990
0.480240
0.327084
0.120515
0.529191
0.209896
0.107633
0.241658
0.336724
0.329430
0.002688
0.032432
0.371757
0.081028
0.027140
0.085712
0.059021
0.276873
0.013071
0.055630
0.552329
0.491751
0.347678
0.207247
0.096943
0.345412
0.105368
0.456691
0.123162
0.128088
0.013095
0.556514
0.021244
0.241368
0.170781
0.237705
0.000920
0.150805
0.214071
0.305091
0.426036
0.002945
0.265752
0.078095
0.027735
0.158215
0.184105
0.454361
0.374784
0.067774
0.095300
0.037413
0.202283
0.064034
0.251392
0.340009
0.311635
0.301893
0.291947
0.376748
0.550079
0.096413
0.422087
0.202174
0.423048
0.129927
0.009051
0.210062
0.252504
0.323969
0.568921
0.023375
0.272231
0.339469
0.034366
0.232045
0.067899
0.104878
0.232813
0.115569
0.319158
0.134804
0.415359
0.252629
0.179686
0.029435
0.012884
0.241370
0.518712
0.068668
0.060205
0.361189
0.220851
0.370782
0.141065
0.227174
0.001933
0.471074
0.383712
0.045587
0.017142
0.024886
0.182798
0.156903
0.145818
0.042231
0.150927
0.352413
0.395674
0.081433
0.590028
0.115976
0.331367
0.037407
0.186661
0.072201
0.232557
0.351122
0.242737
0.212716
0.236299
0.339660
0.200466
0.018768
0.384238
0.239053
0.091977
0.211419
0.274865
0.581037
0.101646
0.287336
0.287292
0.342693
0.049810
0.062103
0.395067
0.172669
0.256488
0.199226
0.037455
0.423656
0.015199
0.464463
0.038363
0.065409
0.154180
0.099541
0.281206
0.350738
0.390597
0.010146
0.096568
0.081655
0.262117
0.480415
0.149117
0.242848
0.169851
0.293337
0.133366
0.086847
0.232472
0.016608
0.018283
0.037228
0.315742
0.477934
0.198571
0.297684
0.170620
0.049808
0.626342
0.312636
0.182102
0.590918
0.151278
0.365041
0.245409
0.058407
0.154549
0.289857
0.461748
0.130129
0.136648
0.171145
0.563278
0.678495
0.388467
0.034015
0.162550
0.395217
0.467926
0.538324
0.163020
0.082513
0.092835
0.234925
0.316688
0.190867
0.055499
0.262689
0.454829
0.466573
0.387821
0.399223
0.008424
0.123528
0.360583
0.389626
0.529631
0.033066
0.003289
0.397815
0.128989
0.161856
0.076861
0.231590
0.390853
0.037626
0.069961
0.174074
0.088425
0.024330
0.287000
0.503551
0.014068
0.117272
0.218009
0.043243
0.448716
0.420283
0.310602
0.186854
0.076395
0.091288
0.255020
0.467863
0.086130
0.190730
0.143106
0.046897
0.048475
0.198938
0.121177
0.374053
0.322128
0.150247
0.147919
0.112184
0.338442
0.278502
0.397205
0.235740
0.203743
0.008724
0.203066
0.108904
0.078252
0.410303
0.327925
0.028837
0.603741
0.417633
0.149057
0.116274
0.192306
0.303088
0.217838
0.499950
0.174637
0.319436
0.194291
0.440676
0.073949
0.434874
0.116259
0.183836
0.069178
0.006520
0.198975
0.172879
0.799606
0.203696
0.087061
0.307674
0.385602
0.187176
0.244923
0.281020
0.260848
0.113717
0.302795
0.397520
0.131394
0.187356
0.002641
0.232486
0.026919
0.055137
0.135794
0.256738
0.227960
0.178158
0.204898
0.153213
0.064392
0.384407
0.118281
0.030673
0.532484
0.440853
0.066980
0.181628
0.013320
0.381402
0.102578
0.243989
0.177830
0.491602
0.311859
0.397349
0.451555
0.159909
0.301632
0.135660
0.030803
0.162951
0.412342
0.054281
0.497409
0.020478
0.013684
0.012232
0.093476
0.020472
0.433764
0.243755
0.314857
0.255215
0.041125
0.216640
0.026782
0.426591
0.238187
0.379338
0.151249
0.125285
0.068428
0.187942
0.181762
0.070941
0.405125
0.038939
0.436601
0.423143
0.033945
0.475931
0.499777
0.180577
0.293343
0.071802
0.004849
0.328664
0.251269
0.029751
0.240995
0.306756
0.396679
0.186024
0.017426
0.522510
0.132353
0.700860
0.205613
0.235674
0.073643
0.356065
0.357821
0.130328
0.009055
0.562641
0.521711
0.251736
0.299392
0.065976
0.073720
0.322760
0.362299
0.152042
0.007003
0.162671
0.055518
0.275872
0.582880
0.247786
0.631456
0.172086
0.154162
0.003690
0.338706
0.432624
0.473043
0.336321
0.521920
0.030285
0.114980
0.075506
0.136123
0.535422
0.075692
0.086465
0.295434
0.629960
0.152881
0.219919
0.263058
0.094239
0.431876
0.334797
0.333997
0.168578
0.285763
0.130439
0.068205
0.257805
0.113431
0.169849
0.315119
0.508931
0.171250
0.112793
0.009752
0.304397
0.425321
0.478330
0.415610
0.102457
0.086133
0.260969
0.413289
0.184747
0.135531
0.097487
0.003804
0.219487
0.037962
0.322549
0.390821
0.326103
0.354421
0.557654
0.392483
0.087743
0.040022
0.028184
0.119100
0.086850
0.486171
0.275795
0.439976
0.265673
0.074399
0.492204
0.288860
0.283191
0.388911
0.026390
0.641068
0.000712
0.079604
0.206675
0.208630
0.378813
0.088458
0.106465
0.267373
0.148218
0.729840
0.206816
0.340087
0.303367
0.160554
0.059071
0.374279
0.449931
0.312966
0.239834
0.569649
0.529893
0.451005
0.031271
0.099273
0.382088
0.428173
0.294221
0.457631
0.098491
0.415374
0.009847
0.245433
0.140426
0.274660
0.179178
0.227547
0.006649
0.037054
0.499892
0.195854
0.366501
0.275412
0.256964
0.111794
0.463255
0.229299
0.291010
0.306997
0.116329
0.152562
0.475636
0.248671
0.097377
0.190482
0.165164
0.362810
0.536006
0.031257
0.094627
0.148246
0.258543
0.361761
0.349324
0.325391
0.374997
0.039159
0.133204
0.299025
0.260019
0.254430
0.155223
0.135140
0.033330
0.255639
0.133088
0.084990
0.213951
0.205299
0.031557
0.082783
0.035940
0.518414
0.103962
0.069211
0.353152
0.511331
0.072866
0.112326
0.202781
0.136760
0.050740
0.009575
0.199217
0.327357
0.195945
0.188025
0.018530
0.246886
0.516799
0.233346
0.090859
0.465073
0.580854
0.215748
0.144512
0.008547
0.072724
0.148678
0.379012
0.073213
0.253145
0.328331
0.093513
0.042356
0.492199
0.324526
0.146454
0.057720
0.349659
0.417501
0.337799
0.217132
0.110479
0.333654
0.118891
0.028976
0.169830
0.493480
0.107069
0.420149
0.517341
0.293205
0.411393
0.355506
0.117975
0.028804
0.197990
0.142797
0.235464
0.143396
0.038292
0.068966
0.429098
0.069542
0.155102
0.162464
0.575116
0.208606
0.610794
0.085982
0.189518
0.261679
0.254397
0.229011
0.229009
0.191324
0.305521
0.350935
0.187323
0.482297
0.416458
0.018099
0.231404
0.165483
0.254254
0.028928
0.253107
0.324872
0.245940
0.070914
0.442669
0.306140
0.245073
0.004679
0.365175
0.066744
0.034091
0.326772
0.250501
0.314120
0.669711
0.420105
0.376411
0.236082
0.013875
0.426800
0.050417
0.142086
0.069602
0.191393
0.382264
0.044990
0.297093
0.308996
0.270288
0.109775
0.480032
0.079791
0.208732
0.101232
0.451400
0.421390
0.238496
0.121743
0.348661
0.166041
0.480280
0.002522
0.210604
0.252335
0.084404
0.330078
0.429745
0.441261
0.138662
0.575659
0.236819
0.003752
0.434124
0.192240
0.368127
0.324935
0.112924
0.345084
0.651868
0.369347
0.130513
0.483439
0.449628
0.255027
0.160263
0.372893
0.532264
0.130774
0.308708
0.104479
0.157759
0.217193
0.305595
0.332525
0.064839
0.276993
0.132691
0.069543
0.356969
0.173815
0.010182
0.493173
0.221852
0.419471
0.072973
0.701428
0.239669
0.195235
0.371388
0.092519
0.203427
0.233981
0.126024
0.455314
0.433357
0.266189
0.076058
0.302280
0.641983
0.281707
0.230447
0.027213
0.333833
0.362429
0.077742
0.244819
0.020734
0.363805
0.028121
0.509095
0.400828
0.315704
0.108488
0.291378
0.337077
0.561365
0.357270
0.361736
0.272014
0.300900
0.451555
0.124245
0.329756
0.412352
0.093664
0.259103
0.225793
0.047556
0.006613
0.293979
0.028288
0.423031
0.067088
0.292245
0.020342
0.292169
0.492465
0.509565
0.062410
0.140559
0.161036
0.256851
0.022090
0.297986
0.118693
0.030827
0.066236
0.020292
0.118302
0.103854
0.329262
0.078790
0.145739
0.217164
0.271305
0.242765
0.665541
0.111291
0.192291
0.171779
0.119231
0.176390
0.405379
0.137825
0.176259
0.167893
0.238528
0.186456
0.241161
0.147368
0.080129
0.370000
0.380999
0.023841
0.396177
0.537439
0.131635
0.130200
0.151067
0.029774
0.187980
0.220154
0.099253
0.064344
0.231267
0.097313
0.289211
0.272012
0.368924
0.129451
0.234860
0.156277
0.228865
0.229975
0.578929
0.444495
0.052225
0.436471
0.023927
0.151562
0.152915
0.246275
0.193423
0.166289
0.170214
0.003335
0.195382
0.271133
0.106678
0.365662
0.027225
0.175739
0.034662
0.082543
0.403960
0.142716
0.195259
0.448476
0.709027
0.094084
0.434229
0.237427
0.504786
0.399270
0.162751
0.300805
0.068150
0.363597
0.446052
0.326135
0.074007
0.346211
0.361722
0.139361
0.402453
0.382911
0.475497
0.243429
0.088747
0.123310
0.108712
0.329403
0.198985
0.054778
0.409508
0.260834
0.151286
0.122734
0.182492
0.336507
0.014296
0.096940
0.176884
0.388514
0.255845
0.192285
0.685924
0.209768
0.246034
0.147230
0.366412
0.591592
0.371121
0.395636
0.254941
0.039611
0.010845
0.043775
0.072313
0.345625
0.362098
0.046695
0.000951
0.062420
0.152216
0.225557
0.266214
0.057057
0.048142
0.049752
0.465179
0.152450
0.148321
0.213731
0.124190
0.179162
0.658520
0.545646
0.134703
0.382756
0.138364
0.107303
0.082624
0.577252
0.343890
0.435474
0.044422
0.185385
0.538536
0.418678
0.334872
0.391115
0.066277
0.455414
0.451421
0.238146
0.241245
0.091237
0.266838
0.086594
0.481073
0.344392
0.102162
0.124537
0.072898
0.582453
0.227721
0.352176
0.076782
0.549935
0.373080
0.096399
0.021059
0.197516
0.069575
0.362958
0.109546
0.085622
0.278080
0.099723
0.028608
0.013995
0.286388
0.017677
0.273387
0.221678
0.111469
0.395160
0.290298
0.640685
0.147323
0.175645
0.193332
0.673574
0.082680
0.269278
0.451748
0.279226
0.033576
0.136515
0.277427
0.120328
0.113175
0.156020
0.103223
0.304940
0.043966
0.014068
0.657917
0.282853
0.090231
0.607270
0.237701
0.496163
0.106457
0.585004
0.236111
0.364462
0.303455
0.254198
0.272978
0.033394
0.192243
0.208987
0.280728
0.329005
0.101418
0.209670
0.299018
0.203913
0.260232
0.038199
0.091408
0.126883
0.352840
0.233743
0.460987
0.267709
0.543857
0.414044
0.161220
0.514184
0.258864
0.164508
0.190351
0.258703
0.210713
0.451882
0.110371
0.001074
0.128200
0.123135
0.208022
0.010329
0.301934
0.028669
0.332476
0.418346
0.592780
0.125664
0.208183
0.143053
0.045933
0.274394
0.573774
0.313625
0.516078
0.148266
0.197586
0.257312
0.114506
0.372408
0.007422
0.057275
0.135757
0.218642
0.063933
0.303283
0.270964
0.461493
0.086643
0.504040
0.242639
0.083028
0.109025
0.433198
0.216512
0.343749
0.113750
0.171779
0.098456
0.248856
0.009177
0.154609
0.398585
0.317304
0.224591
0.006574
0.414351
0.303669
0.024213
0.307196
0.265369
0.474735
0.200407
0.211249
0.006615
0.171671
0.046316
0.352152
0.121995
0.229869
0.048469
0.288461
0.241003
0.065693
0.043814
0.196596
0.225132
0.181526
0.091181
0.524791
0.095014
0.528901
0.029760
0.278945
0.741250
0.538915
0.277416
0.357621
0.175357
0.280087
0.162493
0.236067
0.414935
0.075494
0.097366
0.121578
0.239008
0.102303
0.038530
0.332550
0.239223
0.370299
0.170355
0.138611
0.339292
0.223607
0.009921
0.177678
0.485139
0.004354
0.152020
0.066610
0.356883
0.182673
0.133268
0.063864
0.207222
0.148001
0.152091
0.196834
0.092839
0.272349
0.052784
0.025058
0.251860
0.413012
0.298815
0.351442
0.115118
0.058487
0.214204
0.087617
0.107340
0.440135
0.350977
0.016615
0.118662
0.378473
0.344142
0.223117
0.142112
0.251747
0.209317
0.191440
0.245761
0.593222
0.099388
0.437672
0.050761
0.323852
0.298062
0.111805
0.475388
0.150958
0.194250
0.107535
0.487423
0.112531
0.407111
0.312979
0.215217
0.498100
0.150345
0.080488
0.122597
0.600928
0.142011
0.150487
0.237967
0.097295
0.245677
0.356015
0.404198
0.347339
0.272455
0.212352
0.160604
0.130098
0.293810
0.116958
0.059849
0.048973
0.387530
0.409029
0.018960
0.337869
0.058321
0.144068
0.362365
0.351021
0.564115
0.273320
0.435557
0.021586
0.158946
0.058042
0.266117
0.342414
0.209273
0.237220
0.254184
0.300243
0.208490
0.346408
0.180636
0.203523
0.330863
0.357487
0.409458
0.186449
0.186413
0.257791
0.175860
0.339850
0.197114
0.045977
0.185203
0.048921
0.335042
0.292593
0.567949
0.350398
0.435588
0.372566
0.090542
0.079757
0.115912
0.128398
0.110729
0.106789
0.319036
0.568755
0.587056
0.044038
0.372280
0.049088
0.334326
0.405300
0.129239
0.169241
0.077622
0.452105
0.467072
0.213885
0.250533
0.469344
0.374155
0.038428
0.197025
0.044484
0.242320
0.201311
0.171569
0.300917
0.468522
0.171394
0.146384
0.374466
0.571595
0.039857
0.073854
0.142863
0.372577
0.073163
0.080281
0.291814
0.572128
0.138659
0.184460
0.187111
0.259834
0.085465
0.167447
0.359112
0.001541
0.020657
0.487969
0.360989
0.336827
0.546059
0.504308
0.183170
0.293451
0.069806
0.239152
0.204118
0.178874
0.195160
0.500900
0.303185
0.229417
0.247130
0.301839
0.156659
0.316611
0.443526
0.154208
0.371466
0.088715
0.251510
0.444767
0.120005
0.142702
0.104810
0.191622
0.358930
0.563437
0.156916
0.423914
0.096442
0.116797
0.364139
0.652276
0.139832
0.087875
0.071380
0.453823
0.361440
0.091440
0.351529
0.152343
0.476675
0.171936
0.066561
0.122565
0.011586
0.322392
0.008721
0.099215
0.111022
0.042329
0.197051
0.512569
0.230325
0.334564
0.051095
0.043046
0.252417
0.050508
0.140446
0.310361
0.234797
0.040933
0.105716
0.174152
0.186899
0.473284
0.497503
0.025889
0.058523
0.091829
0.483630
0.120543
0.095211
0.205977
0.177063
0.011290
0.261525
0.254297
0.242390
0.480758
0.491860
0.371248
0.050517
0.017883
0.668320
0.155937
0.303555
0.090243
0.245117
0.508160
0.478042
0.068274
0.124785
0.300518
0.374918
0.452159
0.627027
0.414549
0.012545
0.094753
0.408718
0.143622
0.376953
0.126199
0.106514
0.181967
0.289848
0.052131
0.143711
0.273693
0.226209
0.427566
0.393603
0.116887
0.507385
0.116530
0.249318
0.283340
0.062266
0.456415
0.010800
0.230674
0.043345
0.261910
0.272388
0.236316
0.284618
0.104558
0.362120
0.023604
0.031864
0.423875
0.127107
0.217919
0.110103
0.285854
0.136659
0.211659
0.087396
0.139488
0.320780
0.277071
0.103838
0.008618
0.023807
0.287752
0.208455
0.239796
0.046758
0.373352
0.394267
0.094210
0.145553
0.004540
0.232867
0.013186
0.301524
0.023395
0.116092
0.098550
0.050732
0.067895
0.656193
0.097842
0.295789
0.327910
0.310895
0.241145
0.492883
0.322262
0.397225
0.280701
0.346112
0.101157
0.027625
0.453259
0.437454
0.053212
0.487112
0.397785
0.266101
0.359526
0.188319
0.421671
0.464509
0.363126
0.147736
0.142872
0.113956
0.230444
0.038264
0.156239
0.120622
0.038124
0.478371
0.218008
0.005685
0.050957
0.476626
0.163779
0.425193
0.058598
0.333312
0.038663
0.373578
0.081015
0.230530
0.105489
0.224760
0.320069
0.297399
0.299541
0.253999
0.170745
0.064242
0.459661
0.518932
0.085464
0.334387
0.291586
0.301104
0.139736
0.465457
0.304042
0.475726
0.282832
0.510532
0.213219
0.280239
0.164369
0.265821
0.102801
0.120751
0.336062
0.025818
0.075137
0.039310
0.472508
0.012386
0.263074
0.125290
0.000186
0.343133
0.531320
0.000831
0.134428
0.382844
0.638373
0.089663
0.237601
0.178801
0.004254
0.460839
0.070790
0.044601
0.175408
0.180133
0.255479
0.366664
0.012350
0.043267
0.058017
0.044635
0.349943
0.098578
0.183527
0.024592
0.463197
0.474175
0.174146
0.296672
0.484391
0.121042
0.287953
0.349623
0.154913
0.353691
0.374365
0.030650
0.020459
0.607255
0.436722
0.212026
0.119850
0.290950
0.231991
0.014938
0.416543
0.443565
0.294267
0.262270
0.414273
0.206072
0.470951
0.091072
0.156322
0.164754
0.491597
0.474646
0.079838
0.042308
0.347625
0.589609
0.008528
0.483018
0.140604
0.420494
0.135769
0.471809
0.351435
0.127884
0.031528
0.171576
0.021188
0.311481
0.077698
0.218291
0.160159
0.042164
0.016701
0.074679
0.244296
0.527937
0.355479
0.334517
0.244853
0.190791
0.381310
0.030730
0.123092
0.015700
0.534773
0.104886
0.194376
0.345549
0.588895
0.410038
0.119636
0.444861
0.153452
0.096971
0.084534
0.324193
0.460588
0.157944
0.473975
0.068051
0.005400
0.027940
0.047423
0.107353
0.474260
0.087433
0.527266
0.079701
0.380337
0.183297
0.168296
0.207245
0.370168
0.387118
0.195323
0.231477
0.298033
0.128343
0.573960
0.264376
0.090025
0.389267
0.255518
0.287638
0.018447
0.428632
0.150091
0.314896
0.366627
0.249085
0.243959
0.385578
0.542481
0.122836
0.207005
0.298319
0.434320
0.036541
0.257137
0.288503
0.083324
0.236725
0.160090
0.308896
0.440448
0.382185
0.158224
0.161298
0.044197
0.231523
0.332733
0.737651
0.164720
0.036642
0.134213
0.278603
0.274354
0.344239
0.048996
0.577245
0.019154
0.105099
0.107236
0.050972
0.065570
0.182897
0.123140
0.113162
0.385845
0.253340
0.220715
0.254430
0.226597
0.460241
0.104863
0.199113
0.175502
0.280990
0.456709
0.120574
0.466553
0.537277
0.241844
0.101095
0.004998
0.015035
0.196666
0.422761
0.365443
0.046685
0.173739
0.249951
0.156423
0.161992
0.155640
0.138247
0.056356
0.181228
0.194470
0.243228
0.387340
0.061920
0.430329
0.274606
0.205011
0.356931
0.271419
0.183408
0.387764
0.259597
0.222209
0.271639
0.407341
0.314475
0.155921
0.113547
0.191581
0.149583
0.348183
0.255866
0.224133
0.412601
0.019584
0.111965
0.293616
0.396179
0.107395
0.077323
0.089692
0.285965
0.066988
0.271641
0.504104
0.485896
0.192797
0.103939
0.323833
0.146596
0.418346
0.221998
0.194688
0.381367
0.454839
0.523573
0.375877
0.364329
0.174776
0.416664
0.130156
0.429640
0.280685
0.035593
0.332518
0.305804
0.148880
0.184852
0.042177
0.282561
0.093996
0.305927
0.078488
0.538024
0.176709
0.277475
0.316047
0.283425
0.192239
0.198524
0.305954
0.463361
0.350155
0.137721
0.219483
0.166930
0.297439
0.727280
0.402226
0.063403
0.008254
0.154997
0.223114
0.178490
0.223136
0.576270
0.044803
0.348899
0.274108
0.040842
0.349665
0.020480
0.049337
0.029759
0.065731
0.649942
0.179188
0.048919
0.284855
0.418104
0.311871
0.368582
0.077248
0.165334
0.403228
0.239343
0.091853
0.012739
0.380367
0.141719
0.160115
0.490548
0.078777
0.083478
0.496971
0.294342
0.109646
0.377559
0.190458
0.104613
0.083758
0.163286
0.432770
0.334281
0.014309
0.289967
0.032388
0.034817
0.394436
0.567797
0.076100
0.295259
0.154349
0.126049
0.190192
0.033824
0.493677
0.407015
0.434186
0.283764
0.277241
0.168398
0.404005
0.327427
0.284821
0.265120
0.388036
0.042342
0.259288
0.341641
0.244034
0.186466
0.375612
0.319232
0.165778
0.104670
0.319854
0.206025
0.131689
0.006340
0.489900
0.262113
0.161874
0.180227
0.103041
0.031704
0.126961
0.399589
0.429543
0.108762
0.370903
0.387167
0.067029
0.514363
0.099389
0.552366
0.345038
0.003019
0.152813
0.065363
0.181282
0.156883
0.037244
0.423611
0.016614
0.211077
0.326225
0.231239
0.293202
0.524540
0.036358
0.279601
0.494803
0.072028
0.127642
0.395179
0.212101
0.000148
0.421867
0.464617
0.267006
0.016461
0.063373
0.029284
0.246487
0.126943
0.063084
0.059419
0.624784
0.139019
0.133234
0.204936
0.109374
0.404228
0.286514
0.425026
0.041302
0.121850
0.248191
0.228068
0.089010
0.064071
0.241025
0.323164
0.212694
0.148312
0.229997
0.358756
0.355586
0.470015
0.124517
0.433194
0.046135
0.388795
0.202795
0.135869
0.126181
0.173518
0.100920
0.294313
0.008812
0.214982
0.175823
0.189767
0.408833
0.016468
0.229026
0.336021
0.387271
0.070530
0.110190
0.466342
0.170406
0.098810
0.054353
0.164545
0.093692
0.017345
0.546661
0.090137
0.300891
0.020387
0.085923
0.256087
0.073738
0.133204
0.072221
0.026077
0.195241
0.218506
0.030749
0.051773
0.318827
0.036494
0.417698
0.476672
0.082005
0.040294
0.101776
0.202663
0.057571
0.346664
0.595606
0.367653
0.120928
0.078659
0.586371
0.616498
0.165097
0.231357
0.043248
0.468772
0.062198
0.112380
0.365257
0.244406
0.410695
0.383848
0.260850
0.099926
0.413232
0.024039
0.214516
0.095661
0.034068
0.071059
0.107736
0.346344
0.113457
0.397305
0.278464
0.130595
0.188540
0.136514
0.186706
0.491114
0.433229
0.013593
0.504488
0.055786
0.288958
0.108788
0.266580
0.136718
0.236255
0.534571
0.156385
0.129377
0.088831
0.318724
0.237731
0.112167
0.077611
0.012818
0.400774
0.379194
0.021148
0.536410
0.099784
0.286512
0.087328
0.297377
0.077520
0.130377
0.335514
0.203304
0.114638
0.091553
0.414846
0.303845
0.235473
0.097743
0.246717
0.244336
0.050135
0.002033
0.528553
0.187415
0.318669
0.108087
0.248604
0.032342
0.214658
0.584414
0.115255
0.155916
0.352390
0.025197
0.537020
0.056901
0.348834
0.119619
0.051155
0.116604
0.046007
0.118747
0.382575
0.479286
0.391840
0.240660
0.138787
0.167469
0.383792
0.222576
0.265893
0.239760
0.466795
0.202439
0.096409
0.367949
0.060199
0.011096
0.066550
0.249559
0.400883
0.433845
0.113086
0.129886
0.088780
0.408495
0.214268
0.152729
0.532727
0.063539
0.459311
0.062666
0.005285
0.335305
0.298182
0.343562
0.198790
0.107930
0.095589
0.291420
0.470042
0.277054
0.015336
0.150179
0.722601
0.134496
0.555019
0.105176
0.083179
0.012636
0.216442
0.273908
0.342329
0.231920
0.126801
0.537533
0.401531
0.598281
0.068473
0.063276
0.063980
0.154526
0.544544
0.379360
0.190068
0.026555
0.087943
0.196998
0.180628
0.007122
0.457956
0.206536
0.111853
0.001490
0.194273
0.060355
0.003185
0.394915
0.370318
0.242424
0.057155
0.314983
0.035559
0.167926
0.625569
0.208595
0.286687
0.082557
0.019352
0.207411
0.302719
0.130821
0.254341
0.074977
0.025861
0.093003
0.076773
0.071978
0.236384
0.509691
0.073272
0.018634
0.337036
0.524672
0.169524
0.119072
0.245701
0.238263
0.224650
0.114226
0.161306
0.238330
0.300975
0.220250
0.197292
0.450680
0.509829
0.121458
0.195321
0.333097
0.235863
0.165313
0.554771
0.238602
0.154365
0.162430
0.309590
0.209533
0.467016
0.149975
0.145047
0.369130
0.163112
0.369177
0.215700
0.623751
0.043755
0.155470
0.282594
0.367757
0.081468
0.220013
0.257731
0.062789
0.395571
0.122598
0.126695
0.201183
0.257696
0.003329
0.324401
0.188788
0.097316
0.035040
0.116505
0.122225
0.149982
0.371669
0.217407
0.144199
0.046066
0.090193
0.239960
0.467034
0.237728
0.212856
0.152756
0.252067
0.460459
0.018319
0.280377
0.529330
0.139489
0.398592
0.405262
0.438988
0.293451
0.458325
0.246316
0.024711
0.116929
0.224567
0.116130
0.462562
0.024033
0.112778
0.098434
0.259013
0.089302
0.425895
0.039620
0.430442
0.295808
0.081619
0.159968
0.176195
0.173830
0.167092
0.453989
0.270878
0.432919
0.169992
0.317402
0.302594
0.120877
0.348263
0.170984
0.044061
0.576693
0.010477
0.077903
0.439372
0.272452
0.359269
0.119926
0.098903
0.411316
0.025395
0.052394
0.156564
0.155824
0.309073
0.102563
0.020344
0.398637
0.143835
0.456921
0.411009
0.445948
0.104104
0.541111
0.027894
0.351372
0.235110
0.227171
0.343723
0.016546
0.387766
0.155077
0.205479
0.357721
0.515563
0.223521
0.015343
0.054990
0.255101
0.035300
0.450821
0.233183
0.569898
0.112621
0.166645
0.291606
0.117689
0.417033
0.548763
0.239367
0.333981
0.009354
0.386241
0.223096
0.173998
0.397860
0.029852
0.122395
0.248752
0.283391
0.473308
0.011305
0.341745
0.343819
0.264962
0.215574
0.057018
0.142116
0.462107
0.122216
0.357641
0.248998
0.291856
0.345094
0.316571
0.627780
0.175423
0.044454
0.274850
0.392495
0.500081
0.389382
0.283950
0.164384
0.030339
0.266067
0.710840
0.245005
0.032717
0.247830
0.058689
0.366378
0.013606
0.049076
0.465498
0.035048
0.427436
0.446193
0.386519
0.150187
0.145142
0.017719
0.009661
0.092259
0.533421
0.102459
0.368742
0.347085
0.055104
0.356646
0.156447
0.210055
0.319419
0.129294
0.603532
0.051347
0.228108
0.323012
0.470884
0.369183
0.184119
0.171467
0.364521
0.359948
0.613719
0.149298
0.164139
0.379779
0.171830
0.171441
0.495663
0.465562
0.336355
0.360653
0.304946
0.373856
0.509746
0.276509
0.095250
0.653943
0.146225
0.040775
0.416423
0.052413
0.675162
0.135047
0.416800
0.306067
0.132884
0.483223
0.135249
0.171777
0.044888
0.575475
0.217655
0.283541
0.307572
0.571969
0.133203
0.285911
0.029290
0.166484
0.336189
0.143221
0.514906
0.294059
0.182734
0.065529
0.176843
0.082850
0.306001
0.197605
0.318981
0.194728
0.264627
0.191580
0.211682
0.066746
0.198313
0.135338
0.068613
0.102172
0.371192
0.203545
0.252070
0.187698
0.223769
0.177139
0.221478
0.290790
0.134406
0.063647
0.319153
0.005418
0.199634
0.028003
0.765554
0.243315
0.270505
0.448229
0.541665
0.202367
0.164629
0.262840
0.343136
0.017755
0.035253
0.276540
0.368176
0.541048
0.246346
0.389467
0.153626
0.359570
0.038321
0.196425
0.376695
0.534623
0.294022
0.158551
0.053297
0.203581
0.119097
0.367885
0.003838
0.209052
0.040840
0.033545
0.187928
0.480526
0.533514
0.245484
0.014434
0.465774
0.298445
0.622079
0.108235
0.003908
0.457386
0.096714
0.071340
0.044968
0.351296
0.158459
0.393870
0.301949
0.366088
0.126239
0.164983
0.159574
0.049188
0.049430
0.226054
0.272190
0.096531
0.214137
0.010442
0.579248
0.123456
0.052595
0.178035
0.529157
0.243491
0.496575
0.125228
0.200715
0.078620
0.303185
0.180436
0.161940
0.394285
0.352947
0.566849
0.001067
0.354885
0.421716
0.231617
0.387057
0.019002
0.067716
0.191487
0.073395
0.174744
0.099364
0.076568
0.387728
0.393716
0.102361
0.095966
0.532700
0.213606
0.104337
0.420603
0.262705
0.266358
0.338899
0.594880
0.482471
0.074793
0.054347
0.632316
0.032744
0.100300
0.218251
0.008193
0.191785
0.044043
0.304163
0.046576
0.119172
0.130656
0.523549
0.038410
0.171822
0.061124
0.378764
0.458866
0.113089
0.019742
0.072749
0.021727
0.214836
0.062121
0.275189
0.139452
0.055067
0.225659
0.136630
0.290527
0.110574
0.455633
0.160857
0.103604
0.280966
0.198443
0.326282
0.396083
0.026352
0.428902
0.581689
0.384297
0.101723
0.167143
0.531773
0.091566
0.313450
0.370053
0.516138
0.225879
0.265725
0.070744
0.174233
0.164495
0.316799
0.330445
0.010857
0.719711
0.256453
0.001840
0.289608
0.139377
0.228322
0.443255
0.003687
0.522981
0.171979
0.272815
0.113100
0.082663
0.355097
0.326149
0.524821
0.250615
0.146847
0.342889
0.430022
0.422757
0.006558
0.247679
0.541209
0.110037
0.259005
0.055533
0.390783
0.173164
0.197013
0.197822
0.116944
0.396217
0.100006
0.482525
0.293052
0.189670
0.086484
0.482281
0.313552
0.617947
0.376849
0.561411
0.223777
0.184885
0.544742
0.285133
0.453745
0.426829
0.376790
0.044471
0.145060
0.160482
0.056588
0.035943
0.065968
0.224415
0.097482
0.160352
0.145587
0.189334
0.421255
0.590945
0.197058
0.403637
0.121179
0.352930
0.062775
0.633467
0.008639
0.070458
0.168067
0.124275
0.013506
0.227179
0.084104
0.086357
0.196676
0.243211
0.495651
0.058122
0.476135
0.367744
0.274799
0.167178
0.097026
0.216230
0.346079
0.121626
0.125302
0.102582
0.060877
0.234538
0.195867
0.240560
0.041734
0.308331
0.101745
0.163468
0.331689
0.066754
0.055018
0.074117
0.354230
0.265722
0.057527
0.289044
0.116329
0.216269
0.421545
0.164058
0.146515
0.293409
0.591894
0.162940
0.199418
0.385749
0.046558
0.303011
0.461636
0.313024
0.093939
0.451339
0.249338
0.014929
0.096052
0.298264
0.280593
0.071368
0.016437
0.066839
0.497716
0.300515
0.195616
0.444921
0.316965
0.071011
0.053227
0.147486
0.358705
0.184864
0.175947
0.603719
0.456020
0.121836
0.153029
0.501634
0.053889
0.457549
0.199601
0.206109
0.244554
0.564002
0.306074
0.306380
0.068978
0.230512
0.222989
0.224844
0.370062
0.363175
0.489558
0.231993
0.054790
0.065579
0.354924
0.198438
0.079163
0.041875
0.285691
0.148203
0.276686
0.412296
0.089185
0.270131
0.000848
0.096505
0.062944
0.572812
0.147191
0.396223
0.561417
0.118514
0.437226
0.063034
0.523160
0.753185
0.106471
0.346964
0.120873
0.051165
0.019798
0.264382
0.378674
0.461115
0.116827
0.139145
0.122409
0.072048
0.164962
0.138800
0.122132
0.248307
0.083728
0.400831
0.434050
0.410205
0.047929
0.259024
0.038181
0.165999
0.524687
0.671961
0.111594
0.265580
0.241980
0.341754
0.237284
0.338118
0.515250
0.195746
0.064010
0.211634
0.436777
0.231669
0.302147
0.439695
0.347686
0.270627
0.412881
0.338315
0.239312
0.009468
0.137827
0.029410
0.440197
0.591650
0.032411
0.178536
0.008182
0.493876
0.149314
0.749378
0.368932
0.445249
0.289350
0.090678
0.256702
0.400018
0.065071
0.022712
0.189703
0.105524
0.057550
0.071357
0.026509
0.060312
0.136709
0.101938
0.146062
0.140129
0.467793
0.529370
0.191166
0.418026
0.013156
0.106941
0.325520
0.434769
0.043630
0.267456
0.504903
0.007921
0.110369
0.015124
0.285558
0.449957
0.169184
0.266653
0.104961
0.036666
0.089132
0.095090
0.224535
0.322310
0.106705
0.452662
0.096759
0.369130
0.051104
0.462212
0.034083
0.568269
0.479137
0.096868
0.212892
0.164908
0.153029
0.145507
0.191856
0.231386
0.118872
0.012058
0.257489
0.204395
0.210465
0.244621
0.439996
0.097230
0.136484
0.279751
0.308932
0.386374
0.415796
0.266515
0.434857
0.459474
0.141312
0.110993
0.147042
0.073075
0.206625
0.188152
0.116292
0.049925
0.047632
0.384875
0.020191
0.065249
0.538146
0.194106
0.479491
0.331000
0.472945
0.046019
0.406179
0.200709
0.007532
0.277680
0.379931
0.312573
0.459242
0.035883
0.023581
0.340698
0.440879
0.400283
0.065104
0.143545
0.042623
0.106879
0.209022
0.138175
0.091426
0.444593
0.196502
0.254797
0.023924
0.316414
0.092287
0.555094
0.136704
0.626961
0.099354
0.157372
0.143056
0.226652
0.093175
0.239529
0.163369
0.159252
0.149669
0.030676
0.618056
0.243750
0.090901
0.140011
0.256976
0.303030
0.137569
0.024257
0.017974
0.399362
0.084862
0.173849
0.128728
0.040948
0.178239
0.133690
0.273305
0.252445
0.015834
0.363966
0.148815
0.202117
0.078724
0.527288
0.180769
0.300584
0.156072
0.090463
0.595730
0.522059
0.018733
0.515655
0.400685
0.529207
0.022578
0.451969
0.318458
0.205800
0.236225
0.006858
0.068819
0.132353
0.078869
0.365115
0.116138
0.351192
0.284828
0.090988
0.239958
0.335132
0.238854
0.345287
0.364644
0.154893
0.359505
0.192001
0.099340
0.205868
0.220108
0.059666
0.194294
0.200223
0.397584
0.174828
0.016081
0.536990
0.429265
0.074597
0.031113
0.272560
0.021037
0.379252
0.204070
0.115873
0.325882
0.214355
0.228748
0.308346
0.214773
0.021357
0.075371
0.286604
0.748164
0.351733
0.161690
0.017325
0.206907
0.226240
0.278213
0.541945
0.237375
0.371700
0.011125
0.257941
0.303244
0.096661
0.421444
0.049827
0.118750
0.460543
0.334192
0.297707
0.310204
0.250529
0.042925
0.653082
0.004489
0.244704
0.236858
0.634197
0.081855
0.365007
0.389163
0.067614
0.059767
0.221078
0.169582
0.193447
0.148882
0.468262
0.295884
0.088172
0.316518
0.145272
0.014424
0.110027
0.155186
0.335658
0.011934
0.157369
0.215830
0.372212
0.174238
0.393577
0.547374
0.263438
0.321632
0.104427
0.312671
0.050504
0.301320
0.101764
0.142257
0.155593
0.040191
0.188854
0.283257
0.337566
0.193956
0.092194
0.467311
0.088316
0.198061
0.161919
0.026027
0.021508
0.233140
0.281172
0.038613
0.007711
0.005258
0.001895
0.208334
0.458437
0.071947
0.269658
0.209519
0.554023
0.005562
0.227320
0.204078
0.043004
0.124239
0.028666
0.162133
0.461865
0.507665
0.066824
0.331123
0.173471
0.314861
0.079741
0.082397
0.338602
0.086014
0.252731
0.384424
0.130147
0.389421
0.311269
0.238523
0.011042
0.015728
0.372213
0.131922
0.140248
0.224778
0.191596
0.416339
0.116568
0.071762
0.532955
0.529563
0.025491
0.160725
0.276875
0.181693
0.010555
0.093951
0.269945
0.497744
0.193480
0.084731
0.027934
0.244366
0.032060
0.091457
0.238081
0.037851
0.223485
0.370904
0.062693
0.353692
0.465927
0.134120
0.450323
0.205826
0.311454
0.089238
0.036150
0.189165
0.042536
0.481114
0.315450
0.299542
0.390350
0.299130
0.191403
0.195817
0.318986
0.291454
0.473704
0.068916
0.083966
0.563189
0.182985
0.184058
0.175212
0.346665
0.361284
0.498804
0.177458
0.495437
0.024487
0.145621
0.162142
0.568857
0.020259
0.269319
0.119721
0.448256
0.552734
0.075731
0.330955
0.089946
0.608689
0.409678
0.237527
0.349968
0.025711
0.312867
0.036735
0.017869
0.068142
0.139321
0.229529
0.449798
0.204627
0.346846
0.238889
0.209184
0.271510
0.215453
0.097204
0.201580
0.245650
0.222816
0.031667
0.170076
0.343719
0.303639
0.395311
0.104749
0.023528
0.330893
0.397178
0.048635
0.115577
0.139585
0.096097
0.019847
0.499660
0.232980
0.107951
0.243223
0.407378
0.151175
0.225952
0.008694
0.672142
0.132637
0.231665
0.199540
0.160578
0.327408
0.557327
0.081188
0.036302
0.129876
0.326662
0.388351
0.386185
0.401639
0.002678
0.064953
0.593912
0.117631
0.355296
0.201896
0.019718
0.335776
0.309603
0.097360
0.011079
0.165663
0.074684
0.435362
0.620893
0.156885
0.600621
0.185111
0.131513
0.411896
0.088581
0.367948
0.228710
0.261264
0.307487
0.188800
0.069535
0.518206
0.193309
0.325829
0.385715
0.022780
0.219232
0.306993
0.497998
0.309386
0.129704
0.262787
0.009207
0.066527
0.040156
0.063424
0.414419
0.420843
0.315154
0.238340
0.068491
0.003462
0.074679
0.467817
0.216394
0.499800
0.348670
0.034946
0.050490
0.083608
0.707593
0.371652
0.268274
0.016438
0.207195
0.143731
0.130703
0.034612
0.334903
0.117668
0.288322
0.443061
0.250707
0.088280
0.424690
0.305895
0.398123
0.397585
0.656833
0.263225
0.295918
0.531920
0.326789
0.100057
0.409649
0.261583
0.072270
0.288140
0.206662
0.293759
0.537527
0.360447
0.034623
0.082345
0.039783
0.027542
0.032815
0.056767
0.269113
0.010657
0.475105
0.200811
0.157329
0.127020
0.539133
0.113815
0.503590
0.079448
0.333249
0.102962
0.510819
0.032352
0.452345
0.045471
0.271440
0.095056
0.502462
0.182117
0.658122
0.053370
0.023288
0.365843
0.385326
0.100397
0.287543
0.328626
0.158214
0.033104
0.462148
0.000574
0.302501
0.356039
0.235636
0.294810
0.374730
0.160875
0.146588
0.046840
0.099364
0.373209
0.078218
0.189306
0.194747
0.254521
0.073901
0.619931
0.171792
0.020626
0.200702
0.598353
0.160538
0.275653
0.374387
0.484260
0.055270
0.276609
0.343413
0.320203
0.310787
0.141477
0.057021
0.131708
0.118996
0.111317
0.271971
0.118293
0.295910
0.033132
0.008788
0.239502
0.156305
0.117378
0.022136
0.335210
0.373257
0.155107
0.309084
0.051182
0.274666
0.096175
0.450795
0.247413
0.172004
0.240022
0.115141
0.030145
0.363896
0.269676
0.087330
0.364835
0.122142
0.374888
0.233524
0.278000
0.401988
0.375323
0.202150
0.377202
0.057928
0.194193
0.111752
0.286069
0.163502
0.528451
0.524804
0.010861
0.011044
0.305934
0.711463
0.168294
0.306661
0.072036
0.392466
0.076451
0.437433
0.544296
0.001996
0.083850
0.225507
0.105386
0.040688
0.057545
0.003788
0.231842
0.086553
0.076859
0.158202
0.083159
0.335561
0.217466
0.447742
0.398319
0.099985
0.287993
0.058195
0.149048
0.150295
0.611600
0.096828
0.111060
0.253022
0.355139
0.325702
0.022768
0.158491
0.214407
0.243821
0.164458
0.362373
0.572448
0.196732
0.488459
0.083787
0.035842
0.077141
0.077430
0.242409
0.276263
0.170959
0.331157
0.120966
0.350995
0.232851
0.118645
0.152937
0.504202
0.497139
0.270914
0.123426
0.328883
0.082496
0.326299
0.321811
0.170627
0.465724
0.440235
0.313801
0.038893
0.372602
0.200968
0.366962
0.135512
0.306873
0.222201
0.388011
0.598091
0.145583
0.341911
0.224066
0.516531
0.064769
0.268170
0.452051
0.223900
0.489188
0.068554
0.549728
0.528442
0.322253
0.103771
0.024775
0.018240
0.386986
0.115940
0.276750
0.049984
0.025737
0.406334
0.073438
0.088745
0.112598
0.247039
0.415659
0.136799
0.404126
0.058957
0.007184
0.217146
0.253217
0.183902
0.229902
0.385123
0.183665
0.389400
0.317680
0.131074
0.476339
0.158640
0.105831
0.080586
0.519667
0.327428
0.083047
0.432935
0.357533
0.333891
0.015493
0.164794
0.075073
0.273501
0.138417
0.286868
0.198364
0.119498
0.263370
0.191660
0.389080
0.157557
0.171827
0.089671
0.254417
0.255784
0.092758
0.617675
0.123666
0.252212
0.437426
0.245012
0.072679
0.256620
0.003080
0.159012
0.498857
0.089761
0.286798
0.551859
0.272177
0.031191
0.409303
0.040006
0.312489
0.027582
0.003629
0.055316
0.330067
0.097306
0.114198
0.281296
0.329719
0.368131
0.140235
0.053507
0.263238
0.150571
0.044886
0.365500
0.294770
0.114854
0.129836
0.509535
0.032537
0.490780
0.185753
0.059915
0.481588
0.389878
0.337855
0.481054
0.424902
0.037994
0.139116
0.327979
0.413495
0.289036
0.026775
0.167842
0.655190
0.159977
0.117293
0.054108
0.568605
0.105781
0.011172
0.047694
0.328428
0.274314
0.363487
0.392221
0.451484
0.265705
0.161434
0.210130
0.350539
0.423422
0.163047
0.193488
0.450954
0.542992
0.239425
0.451440
0.009483
0.111434
0.385641
0.140166
0.191081
0.097983
0.219098
0.156922
0.174266
0.283207
0.077184
0.337830
0.239974
0.036030
0.217904
0.065834
0.540676
0.054544
0.086676
0.164283
0.344658
0.428553
0.286042
0.096113
0.255215
0.456181
0.046581
0.023468
0.241131
0.077670
0.157286
0.317677
0.528155
0.313619
0.033460
0.151651
0.227428
0.105807
0.099818
0.384732
0.081958
0.152672
0.199216
0.567312
0.299083
0.018381
0.223796
0.023674
0.109920
0.416880
0.485382
0.130895
0.240045
0.007892
0.444878
0.301456
0.183904
0.288936
0.376004
0.317240
0.133390
0.139457
0.129925
0.290723
0.372589
0.273860
0.092405
0.449966
0.059080
0.381993
0.079803
0.093762
0.109791
0.037079
0.356997
0.086694
0.066210
0.525974
0.374058
0.266948
0.109519
0.463671
0.023992
0.055250
0.235781
0.156830
0.033715
0.151275
0.273396
0.456417
0.069485
0.375638
0.248534
0.175856
0.520580
0.119620
0.435910
0.233494
0.036540
0.017332
0.178625
0.230353
0.301739
0.201138
0.473968
0.258568
0.577324
0.407654
0.433290
0.207298
0.715996
0.063524
0.214344
0.399989
0.306235
0.039424
0.464027
0.105538
0.069023
0.043746
0.434673
0.062838
0.020869
0.217670
0.118233
0.081013
0.163169
0.033666
0.195031
0.715813
0.113392
0.018299
0.137358
0.201501
0.372520
0.155700
0.284282
0.027743
0.191211
0.196558
0.473541
0.207286
0.203330
0.014201
0.307524
0.101001
0.098258
0.222603
0.045480
0.358735
0.571710
0.139999
0.264792
0.173666
0.539649
0.094849
0.083360
0.110812
0.299081
0.095672
0.125755
0.010076
0.297406
0.254466
0.446449
0.507517
0.031750
0.282994
0.101695
0.200468
0.086211
0.051945
0.569861
0.039590
0.420951
0.100629
0.190934
0.000778
0.115706
0.444149
0.132696
0.312740
0.074885
0.049069
0.495957
0.015838
0.050840
0.111582
0.172021
0.222411
0.146091
0.066873
0.187463
0.270734
0.054720
0.191660
0.366121
0.137698
0.073848
0.193440
0.263289
0.084914
0.282367
0.708300
0.247118
0.015537
0.014330
0.457606
0.437231
0.007995
0.012727
0.046541
0.388618
0.207442
0.101160
0.443961
0.159430
0.363969
0.210031
0.482151
0.439191
0.445289
0.163577
0.132486
0.116880
0.006671
0.047662
0.088746
0.183604
0.325135
0.303219
0.318686
0.230232
0.396238
0.270915
0.079293
0.354333
0.693349
0.056972
0.362534
0.209032
0.207842
0.368865
0.126450
0.100363
0.050805
0.549103
0.242181
0.336983
0.344556
0.323026
0.210727
0.121358
0.040855
0.192713
0.360536
0.270666
0.051025
0.040422
0.088398
0.168201
0.240246
0.219602
0.265335
0.257245
0.353291
0.214651
0.034939
0.028867
0.348309
0.337026
0.263052
0.002435
0.001529
0.395614
0.046991
0.166865
0.117796
0.301937
0.397033
0.524414
0.279218
0.046976
0.220122
0.731850
0.014250
0.017374
0.420473
0.145707
0.351267
0.058225
0.149323
0.262685
0.126494
0.255364
0.153219
0.102446
0.236437
0.452522
0.735601
0.159731
0.199787
0.177906
0.209946
0.332654
0.161752
0.152782
0.385066
0.449078
0.133537
0.306264
0.091039
0.084430
0.057055
0.188554
0.248114
0.390550
0.427050
0.487658
0.169924
0.072476
0.249237
0.199428
0.304299
0.010216
0.161526
0.336440
0.075573
0.491497
0.282669
0.277520
0.092481
0.071982
0.141116
0.069384
0.058016
0.269938
0.053940
0.297989
0.584106
0.110154
0.362249
0.032512
0.244991
0.127174
0.157234
0.257288
0.479018
0.487071
0.076379
0.447958
0.200764
0.534197
0.255116
0.237303
0.214042
0.074197
0.579899
0.213152
0.145841
0.198933
0.122166
0.116251
0.209053
0.221590
0.351940
0.309468
0.096650
0.091980
0.279401
0.132697
0.085983
0.564100
0.239665
0.404414
0.289550
0.417305
0.188193
0.072199
0.462776
0.193285
0.229361
0.214836
0.002852
0.263256
0.073442
0.065690
0.229876
0.151459
0.029031
0.154994
0.155364
0.217359
0.012190
0.603466
0.101875
0.077371
0.355150
0.550445
0.021505
0.189726
0.317622
0.131061
0.226794
0.061686
0.244376
0.314870
0.186554
0.019435
0.347557
0.235722
0.392510
0.370166
0.364207
0.335886
0.034282
0.165950
0.168908
0.452320
0.180191
0.004514
0.284512
0.233583
0.481454
0.140520
0.096382
0.566911
0.244082
0.336259
0.233853
0.206679
0.139064
0.199190
0.014773
0.235834
0.173076
0.103209
0.285073
0.103956
0.377098
0.172245
0.050487
0.141931
0.344063
0.054732
0.354188
0.180526
0.243829
0.099710
0.069293
0.063008
0.160363
0.422034
0.475779
0.354995
0.165435
0.015252
0.253698
0.310404
0.067549
0.160417
0.277566
0.534185
0.294875
0.017828
0.280600
0.548817
0.150443
0.189243
0.308261
0.274184
0.443088
0.515086
0.147152
0.110527
0.201067
0.017044
0.281124
0.173299
0.305561
0.033248
0.195960
0.482895
0.199246
0.317804
0.249646
0.417212
0.402608
0.108354
0.133712
0.358234
0.110543
0.146010
0.146421
0.212618
0.642065
0.201209
0.519057
0.347427
0.106260
0.142998
0.278509
0.154454
0.570375
0.256689
0.322502
0.311670
0.384838
0.252218
0.383210
0.076829
0.341716
0.205684
0.119489
0.147696
0.009212
0.226294
0.043068
0.173913
0.338254
0.048540
0.148952
0.378908
0.540255
0.139488
0.350524
0.306550
0.473560
0.371932
0.286308
0.208517
0.315542
0.256617
0.324541
0.346130
0.388445
0.399712
0.259339
0.064692
0.107333
0.394875
0.175402
0.186491
0.077899
0.250065
0.317175
0.169405
0.424306
0.099011
0.360997
0.441735
0.071421
0.037169
0.042158
0.625560
0.431940
0.272199
0.216187
0.106248
0.207820
0.037407
0.093338
0.536704
0.131746
0.169741
0.708178
0.064240
0.209681
0.253445
0.064183
0.621373
0.120891
0.568489
0.203853
0.146984
0.318289
0.314193
0.507268
0.198581
0.102973
0.308795
0.414196
0.342053
0.343102
0.005554
0.304536
0.213147
0.312833
0.592498
0.209555
0.235094
0.379295
0.030366
0.289512
0.147225
0.266075
0.391804
0.134061
0.269445
0.200124
0.301836
0.130042
0.168130
0.093209
0.164879
0.375321
0.513978
0.121714
0.342709
0.334181
0.254517
0.182406
0.137327
0.060081
0.211076
0.233221
0.242509
0.310835
0.453033
0.451373
0.431021
0.303594
0.363501
0.131593
0.374716
0.573682
0.164907
0.051811
0.080040
0.314209
0.228501
0.140500
0.530858
0.267059
0.327425
0.209881
0.066443
0.220245
0.530623
0.155902
0.056942
0.477911
0.075901
0.149994
0.291678
0.015960
0.427457
0.015939
0.338139
0.479308
0.009837
0.516968
0.049528
0.423093
0.134998
0.385342
0.144756
0.206774
0.210079
0.617781
0.250391
0.007192
0.246095
0.458866
0.264783
0.095137
0.677288
0.133884
0.200760
0.186407
0.172649
0.110744
0.343799
0.002796
0.504903
0.221226
0.290633
0.182597
0.042687
0.150992
0.170833
0.236677
0.239882
0.068862
0.373610
0.205815
0.270451
0.091445
0.336535
0.125703
0.196871
0.449017
0.059580
0.162575
0.449707
0.085724
0.190022
0.009971
0.419268
0.406238
0.491805
0.365106
0.321376
0.340404
0.418345
0.317061
0.381259
0.097484
0.108418
0.407175
0.447156
0.680087
0.390926
0.510938
0.126124
0.111129
0.328154
0.277396
0.152406
0.310013
0.523601
0.366555
0.047667
0.255554
0.257436
0.267389
0.154730
0.289502
0.388502
0.114603
0.267290
0.251468
0.469415
0.164660
0.067832
0.621392
0.025371
0.576155
0.024537
0.182262
0.378640
0.249566
0.103851
0.105829
0.309157
0.054353
0.271762
0.045231
0.278536
0.088399
0.092099
0.236343
0.066631
0.025484
0.189803
0.364824
0.281629
0.148580
0.237275
0.531092
0.160132
0.052177
0.037945
0.346617
0.318387
0.021421
0.163421
0.145756
0.062615
0.086333
0.271385
0.095304
0.359956
0.352944
0.481208
0.215563
0.321859
0.457939
0.381478
0.505737
0.044664
0.031778
0.340854
0.131463
0.145809
0.119065
0.086002
0.195451
0.411200
0.031622
0.110185
0.579604
0.263965
0.219575
0.160496
0.395039
0.208365
0.035508
0.316860
0.567645
0.037867
0.060193
0.462166
0.014641
0.109559
0.346047
0.006764
0.141573
0.241852
0.384249
0.058486
0.000942
0.360527
0.325676
0.106423
0.238398
0.063621
0.170365
0.341257
0.055719
0.211181
0.097769
0.014366
0.185211
0.204181
0.315561
0.073356
0.330678
0.058078
0.000968
0.061952
0.537700
0.349299
0.107609
0.200876
0.178701
0.191984
0.150088
0.465089
0.197241
0.264970
0.297601
0.348126
0.159083
0.114732
0.383337
0.007662
0.393009
0.389592
0.417283
0.094674
0.143317
0.230690
0.169492
0.103068
0.225313
0.260119
0.145753
0.645902
0.154109
0.221657
0.174078
0.310973
0.451119
0.279514
0.376160
0.324899
0.223565
0.147923
0.069627
0.006760
0.453187
0.365021
0.567920
0.316728
0.123498
0.138483
0.297746
0.397958
0.031599
0.193284
0.228862
0.104518
0.000400
0.054439
0.326702
0.051541
0.216277
0.318500
0.022347
0.345463
0.036740
0.242647
0.211732
0.094521
0.127570
0.630036
0.145928
0.403103
0.122243
0.615789
0.075355
0.027974
0.421960
0.463680
0.420514
0.198894
0.817167
0.353667
0.290881
0.425428
0.098583
0.087903
0.004392
0.210963
0.138037
0.086683
0.389717
0.294150
0.017963
0.411885
0.201021
0.624440
0.298188
0.299027
0.097233
0.524731
0.003993
0.048843
0.419032
0.258650
0.026484
0.077989
0.176736
0.214962
0.477664
0.199263
0.429392
0.190872
0.053823
0.538270
0.318249
0.291290
0.122363
0.259994
0.113105
0.023933
0.014636
0.071979
0.295322
0.128328
0.251129
0.231750
0.054982
0.243581
0.063679
0.117843
0.302976
0.216318
0.225961
0.056172
0.446643
0.546765
0.061849
0.401759
0.265525
0.206310
0.495011
0.228400
0.084173
0.191357
0.477717
0.113102
0.277598
0.546051
0.315351
0.189623
0.281350
0.284699
0.020525
0.476377
0.076104
0.111597
0.050855
0.323511
0.122229
0.207808
0.107153
0.235307
0.635248
0.314330
0.373557
0.390144
0.471297
0.300030
0.368169
0.033313
0.404594
0.367856
0.210825
0.379775
0.168920
0.239859
0.025220
0.542396
0.384614
0.400797
0.328971
0.018668
0.332876
0.472415
0.188689
0.181203
0.123072
0.136381
0.648874
0.359559
0.129178
0.003850
0.290018
0.170733
0.113986
0.050652
0.411457
0.032227
0.266713
0.217229
0.171283
0.089359
0.417294
0.541771
0.285019
0.269021
0.056536
0.281054
0.342152
0.488176
0.083488
0.304048
0.265424
0.338800
0.487268
0.075367
0.381865
0.451833
0.064414
0.006429
0.018130
0.034108
0.161021
0.451649
0.353382
0.559208
0.043652
0.218576
0.027707
0.015524
0.224009
0.437746
0.176608
0.362576
0.058420
0.599117
0.299622
0.368848
0.306992
0.229420
0.251277
0.047831
0.313721
0.663900
0.192241
0.226926
0.289891
0.563692
0.320111
0.031427
0.629301
0.041076
0.072606
0.334802
0.062471
0.004619
0.309441
0.493839
0.463839
0.014750
0.041527
0.384663
0.251842
0.051890
0.024456
0.069345
0.345278
0.359847
0.082101
0.357305
0.354075
0.349644
0.079227
0.538394
0.354618
0.153586
0.310517
0.161687
0.386172
0.494402
0.154190
0.268323
0.320469
0.152728
0.237959
0.209241
0.046498
0.042323
0.036611
0.037240
0.025718
0.149944
0.467115
0.522048
0.019169
0.158167
0.000483
0.288337
0.288653
0.221490
0.162765
0.107518
0.444097
0.155272
0.035796
0.070017
0.043763
0.596577
0.099728
0.351291
0.094452
0.017579
0.189337
0.166654
0.184745
0.295614
0.225519
0.305564
0.039402
0.148542
0.009181
0.161838
0.062240
0.443904
0.494319
0.026900
0.294251
0.337827
0.057537
0.038990
0.139842
0.146567
0.140999
0.225343
0.179672
0.299504
0.072987
0.464785
0.422384
0.241091
0.179572
0.229897
0.133374
0.497436
0.165685
0.060639
0.556345
0.423520
0.043511
0.156588
0.005366
0.047667
0.253981
0.050009
0.291537
0.335855
0.131887
0.608037
0.054669
0.168789
0.387898
0.158617
0.516851
0.258068
0.192799
0.000331
0.608857
0.273493
0.195693
0.097793
0.075707
0.118045
0.301605
0.003838
0.034560
0.340099
0.332619
0.538687
0.082978
0.094042
0.250901
0.135027
0.109307
0.135382
0.080054
0.305557
0.075687
0.003912
0.313051
0.499362
0.200539
0.496437
0.153644
0.687527
0.157860
0.219957
0.229386
0.010507
0.270412
0.047345
0.006480
0.043676
0.044949
0.304130
0.512524
0.197449
0.087625
0.118866
0.203796
0.061111
0.021654
0.045837
0.081739
0.294837
0.198165
0.087107
0.287327
0.008057
0.168876
0.021668
0.240016
0.297962
0.062473
0.577334
0.062496
0.237491
0.086208
0.304386
0.104785
0.041345
0.359123
0.301399
0.201822
0.275179
0.318492
0.469597
0.473599
0.544896
0.147974
0.554821
0.065018
0.268781
0.379829
0.095289
0.172554
0.130191
0.066133
0.270331
0.094689
0.259299
0.235061
0.161240
0.336388
0.462959
0.281488
0.338028
0.203614
0.302631
0.318522
0.263411
0.107543
0.010031
0.144135
0.151980
0.295108
0.268753
0.319863
0.026195
0.159014
0.694988
0.456798
0.164240
0.271159
0.097297
0.216526
0.255566
0.156543
0.120278
0.153744
0.180291
0.258885
0.134553
0.003954
0.016923
0.054190
0.020217
0.710923
0.417938
0.310790
0.289273
0.192434
0.105357
0.342621
0.271348
0.193077
0.301753
0.010749
0.174876
0.214749
0.211046
0.310609
0.398068
0.156326
0.282605
0.335191
0.241771
0.234172
0.115813
0.027511
0.530582
0.089635
0.313553
0.273776
0.396676
0.004308
0.239690
0.454825
0.080513
0.064001
0.122994
0.091911
0.202683
0.135831
0.369303
0.459519
0.193899
0.401534
0.166557
0.190043
0.147064
0.187168
0.148442
0.017017
0.041367
0.529389
0.429703
0.065638
0.298556
0.441590
0.071643
0.175095
0.017674
0.435002
0.242332
0.120052
0.046522
0.142482
0.119319
0.270637
0.047197
0.318608
0.288751
0.205445
0.282900
0.407506
0.028883
0.114965
0.043275
0.109877
0.399919
0.338193
0.304592
0.025558
0.039072
0.024463
0.042380
0.038977
0.445832
0.276918
0.142045
0.058496
0.495461
0.146082
0.305948
0.382890
0.090568
0.147843
0.049488
0.137878
0.403873
0.292533
0.074320
0.329858
0.242907
0.183748
0.221133
0.133026
0.341679
0.080875
0.084401
0.088640
0.002455
0.398336
0.087902
0.318780
0.080985
0.224571
0.442115
0.533647
0.285134
0.281530
0.072712
0.223531
0.131306
0.205288
0.396896
0.416787
0.062897
0.391510
0.129326
0.033277
0.171602
0.257615
0.070072
0.199255
0.293847
0.019673
0.132189
0.236528
0.000991
0.336766
0.126789
0.042547
0.374916
0.282015
0.278566
0.281712
0.193361
0.300029
0.624359
0.097678
0.500900
0.044785
0.218701
0.206356
0.120164
0.376195
0.229498
0.407808
0.329629
0.428497
0.190715
0.135250
0.170352
0.286280
0.490388
0.078981
0.016867
0.299073
0.144789
0.042899
0.213666
0.536895
0.181310
0.225062
0.345574
0.446172
0.044314
0.065449
0.059307
0.334334
0.039490
0.223761
0.386505
0.277121
0.389937
0.178096
0.357035
0.231816
0.478010
0.565328
0.138232
0.643223
0.107437
0.204002
0.099722
0.256907
0.013105
0.019016
0.101314
0.356376
0.155902
0.192059
0.442561
0.358185
0.356471
0.200678
0.370237
0.264830
0.125941
0.060171
0.172923
0.033078
0.508473
0.045452
0.270848
0.497224
0.008922
0.413987
0.062140
0.239991
0.034119
0.104947
0.029378
0.024146
0.597767
0.044864
0.056321
0.062316
0.037194
0.028882
0.384407
0.011774
0.417219
0.133367
0.122948
0.502229
0.088270
0.052013
0.294819
0.100483
0.122861
0.139895
0.226095
0.232771
0.028638
0.394848
0.013278
0.136292
0.454441
0.322068
0.331803
0.220594
0.002923
0.207124
0.249305
0.290527
0.020553
0.195919
0.269191
0.429212
0.616662
0.115860
0.442669
0.156980
0.165177
0.290586
0.335008
0.155872
0.163120
0.374229
0.297062
0.099523
0.205796
0.630748
0.169983
0.496668
0.349575
0.058900
0.357570
0.173152
0.449210
0.145042
0.157493
0.105597
0.109068
0.044450
0.109174
0.097329
0.347863
0.476493
0.379555
0.560387
0.009929
0.192990
0.126175
0.587109
0.321251
0.555258
0.232223
0.033614
0.106203
0.265327
0.761774
0.381072
0.235068
0.067464
0.413562
0.046205
0.086922
0.032945
0.100493
0.271055
0.366722
0.352017
0.224602
0.397562
0.212477
0.344469
0.180087
0.351719
0.625120
0.313766
0.389795
0.433251
0.244875
0.140199
0.358085
0.158877
0.070886
0.039630
0.051993
0.084774
0.444646
0.138049
0.113472
0.162666
0.170149
0.105899
0.030757
0.131661
0.469570
0.176442
0.520344
0.013489
0.253599
0.146480
0.454138
0.042632
0.430474
0.213751
0.352276
0.153500
0.380671
0.171438
0.467799
0.129680
0.198318
0.127906
0.551493
0.049442
0.568097
0.087458
0.071946
0.078040
0.094164
0.152062
0.124640
0.151040
0.070891
0.333753
0.237307
0.288723
0.001712
0.350243
0.119151
0.295567
0.352921
0.227437
0.207601
0.061427
0.068404
0.383801
0.213287
0.191374
0.442988
0.122653
0.129465
0.613879
0.278987
0.130965
0.039149
0.460535
0.168145
0.319263
0.082976
0.369158
0.032655
0.324329
0.343648
0.531911
0.029718
0.243448
0.093676
0.033804
0.183954
0.208573
0.034155
0.244286
0.419760
0.094809
0.027196
0.143353
0.111798
0.120591
0.031075
0.031090
0.180179
0.200875
0.168047
0.086314
0.361191
0.006385
0.515503
0.100348
0.014313
0.341977
0.219263
0.066993
0.025182
0.025351
0.141865
0.546769
0.039897
0.272006
0.288334
0.117064
0.233163
0.365982
0.163790
0.107277
0.193796
0.068450
0.237955
0.317167
0.006308
0.358386
0.283801
0.061333
0.018264
0.395489
0.571420
0.350292
0.034284
0.441088
0.236432
0.011368
0.187981
0.529125
0.251020
0.035119
0.310779
0.191531
0.276684
0.065520
0.012241
0.179573
0.106154
0.177991
0.353850
0.373948
0.046282
0.073983
0.448409
0.264340
0.000306
0.125776
0.028408
0.198733
0.071370
0.357173
0.116117
0.033912
0.094249
0.091170
0.165392
0.139698
0.017009
0.359582
0.254827
0.440874
0.245285
0.202866
0.407870
0.179929
0.002316
0.150954
0.114864
0.019835
0.201759
0.043705
0.316830
0.099248
0.076262
0.222540
0.173575
0.324421
0.047602
0.349657
0.528267
0.237700
0.383324
0.106468
0.186947
0.052487
0.288699
0.315099
0.309522
0.539885
0.193849
0.234859
0.249312
0.218653
0.322242
0.011428
0.130419
0.246072
0.092270
0.379020
0.299281
0.385238
0.037469
0.449263
0.125201
0.173301
0.381224
0.365154
0.325219
0.033237
0.482893
0.526059
0.314502
0.182908
0.138336
0.173334
0.521598
0.130496
0.104046
0.117708
0.135207
0.422764
0.055369
0.031520
0.187433
0.489028
0.104665
0.300479
0.663752
0.224594
0.173222
0.366916
0.148652
0.213919
0.394835
0.165111
0.001245
0.337472
0.227305
0.016569
0.227624
0.176558
0.394013
0.002564
0.618738
0.206617
0.069820
0.405769
0.130701
0.304133
0.423581
0.321647
0.095467
0.393366
0.099008
0.129999
0.389559
0.027141
0.342323
0.344169
0.375468
0.151331
0.287639
0.003115
0.233749
0.343857
0.063537
0.452763
0.240371
0.001459
0.386738
0.271107
0.183403
0.326584
0.203664
0.118573
0.571820
0.208807
0.341915
0.460089
0.054179
0.065116
0.311670
0.407758
0.290486
0.347075
0.149749
0.229693
0.258198
0.121348
0.089884
0.354018
0.232706
0.239844
0.207183
0.000347
0.205282
0.402749
0.467399
0.100870
0.245724
0.128653
0.045465
0.591808
0.083215
0.384735
0.013390
0.366722
0.467368
0.270207
0.168914
0.229091
0.402139
0.111996
0.008852
0.316337
0.346399
0.080125
0.011759
0.443543
0.587114
0.138299
0.301521
0.266239
0.744879
0.092921
0.237013
0.070035
0.174325
0.319903
0.235152
0.573569
0.541655
0.068371
0.152363
0.069045
0.214120
0.322815
0.332342
0.216306
0.626397
0.388833
0.094205
0.221654
0.090370
0.357963
0.476692
0.110121
0.029159
0.147084
0.056965
0.229791
0.036627
0.192210
0.145500
0.184404
0.575503
0.076665
0.379646
0.022720
0.024173
0.096238
0.289459
0.019107
0.355523
0.317649
0.366559
0.084058
0.238952
0.298896
0.118350
0.168121
0.135695
0.089446
0.253492
0.181611
0.429846
0.322376
0.075368
0.216740
0.129882
0.033305
0.135170
0.605940
0.242139
0.002993
0.254643
0.531605
0.064577
0.092838
0.117988
0.099844
0.412525
0.155200
0.333604
0.083341
0.358340
0.069714
0.608036
0.368982
0.420297
0.067654
0.023721
0.243260
0.143615
0.007263
0.081344
0.130786
0.383653
0.315246
0.020015
0.358938
0.239524
0.385956
0.398344
0.024518
0.454521
0.177589
0.460384
0.172286
0.049489
0.419905
0.305639
0.324744
0.170403
0.341988
0.062392
0.031782
0.316193
0.221862
0.080123
0.051826
0.170829
0.326528
0.026066
0.371808
0.172637
0.289748
0.405416
0.050560
0.231806
0.179988
0.114207
0.143803
0.098018
0.360509
0.508846
0.366272
0.333155
0.368630
0.764886
0.441765
0.291137
0.005453
0.284548
0.223241
0.202935
0.240894
0.517354
0.020157
0.219509
0.083023
0.124509
0.111124
0.361011
0.044089
0.132482
0.459922
0.118056
0.072621
0.222096
0.156646
0.345311
0.548358
0.178467
0.383098
0.274148
0.168280
0.194520
0.131832
0.031041
0.041389
0.198337
0.083336
0.476719
0.191119
0.366145
0.241395
0.262563
0.003102
0.009801
0.240535
0.232409
0.480616
0.561315
0.105256
0.046482
0.112784
0.476117
0.157839
0.204981
0.263195
0.275550
0.199911
0.138570
0.041024
0.274912
0.118568
0.383118
0.547393
0.109644
0.011106
0.320779
0.142654
0.234317
0.061035
0.391523
0.272981
0.582558
0.087765
0.196683
0.033829
0.226816
0.183483
0.127579
0.157723
0.049146
0.010482
0.575251
0.136523
0.070808
0.043215
0.034643
0.032748
0.082787
0.080394
0.313069
0.178509
0.156423
0.001461
0.117800
0.345383
0.177280
0.277890
0.288810
0.030200
0.265830
0.443002
0.002313
0.182357
0.058235
0.010618
0.139179
0.151596
0.055826
0.008563
0.247171
0.525838
0.005195
0.288098
0.102597
0.056081
0.164608
0.340582
0.494008
0.363351
0.293494
0.189126
0.237170
0.169813
0.143199
0.011412
0.059794
0.388253
0.019262
0.215936
0.051470
0.415792
0.410656
0.047065
0.274458
0.510515
0.056591
0.146878
0.126304
0.099148
0.317799
0.043206
0.035793
0.036743
0.407353
0.235572
0.484525
0.565441
0.381624
0.094504
0.231040
0.271020
0.198299
0.299407
0.233513
0.122278
0.283946
0.201372
0.071387
0.440187
0.007776
0.303490
0.385671
0.302104
0.346162
0.073853
0.099182
0.090835
0.273867
0.121904
0.071586
0.214460
0.469960
0.095912
0.048237
0.165209
0.359714
0.409077
0.638024
0.205908
0.161295
0.025793
0.583778
0.065999
0.223344
0.271832
0.381559
0.082904
0.026503
0.018520
0.488662
0.347758
0.251155
0.309838
0.240016
0.035574
0.250383
0.782692
0.046528
0.104405
0.337037
0.018466
0.411562
0.111035
0.064172
0.199144
0.501096
0.246801
0.109845
0.267109
0.088848
0.271208
0.161411
0.052504
0.212385
0.458668
0.713122
0.273405
0.136316
0.341170
0.241553
0.153015
0.102886
0.119956
0.273003
0.241046
0.450600
0.236376
0.162495
0.069198
0.182202
0.225557
0.229783
0.122806
0.263977
0.101515
0.339643
0.036524
0.062526
0.248832
0.214671
0.186495
0.276335
0.087767
0.353522
0.423040
0.425069
0.260323
0.247667
0.072989
0.266084
0.331142
0.328583
0.408139
0.219193
0.508668
0.170042
0.169168
0.426805
0.003248
0.119191
0.222448
0.386503
0.039255
0.445027
0.042464
0.149928
0.354933
0.077870
0.363989
0.403458
0.138950
0.173884
0.715957
0.368644
0.222807
0.055414
0.059637
0.356447
0.038303
0.367727
0.001011
0.451497
0.037770
0.029036
0.167965
0.330884
0.198390
0.018626
0.130369
0.343325
0.105057
0.401257
0.346925
0.184028
0.125152
0.349571
0.230885
0.359961
0.327925
0.199939
0.045079
0.225450
0.345125
0.052078
0.042854
0.073330
0.292428
0.079030
0.297557
0.378950
0.387265
0.190374
0.301384
0.260009
0.235798
0.573859
0.280383
0.123180
0.315172
0.211107
0.289877
0.343146
0.083527
0.402543
0.332012
0.194208
0.179053
0.018863
0.167151
0.216895
0.296135
0.004177
0.374285
0.013660
0.251355
0.197386
0.152341
0.236392
0.159191
0.004210
0.308866
0.081661
0.300308
0.113999
0.116636
0.053944
0.198431
0.132335
0.229828
0.396860
0.454690
0.540894
0.091573
0.356044
0.174762
0.288101
0.050629
0.069008
0.325538
0.553709
0.139317
0.009444
0.257919
0.424989
0.307132
0.004828
0.226597
0.019734
0.456753
0.358918
0.054403
0.253037
0.206955
0.216659
0.347900
0.068000
0.531252
0.165920
0.132519
0.466116
0.173252
0.167670
0.478927
0.408688
0.376835
0.033885
0.504738
0.406724
0.367743
0.305010
0.318861
0.360498
0.512630
0.073544
0.479117
0.311140
0.094417
0.001000
0.163827
0.039036
0.382858
0.503971
0.431617
0.095026
0.473754
0.155166
0.552441
0.058661
0.279073
0.228055
0.391028
0.143580
0.290380
0.144835
0.003119
0.228460
0.233705
0.044435
0.087142
0.111259
0.420554
0.173437
0.140113
0.406226
0.426383
0.285271
0.513320
0.004665
0.536040
0.035099
0.416297
0.169949
0.463443
0.208112
0.267280
0.398430
0.191350
0.321357
0.285255
0.140564
0.048873
0.046425
0.414780
0.302797
0.410899
0.292190
0.226911
0.163061
0.161027
0.180007
0.086428
0.560061
0.453034
0.397651
0.115796
0.109687
0.340842
0.072615
0.018778
0.276923
0.007900
0.013764
0.698173
0.103327
0.286667
0.556941
0.119597
0.533444
0.025165
0.392014
0.164247
0.112549
0.237077
0.322511
0.219402
0.230053
0.248591
0.142365
0.389967
0.133784
0.312057
0.055020
0.229107
0.428556
0.311017
0.315297
0.099874
0.269606
0.399094
0.088453
0.278399
0.193714
0.450230
0.305953
0.097880
0.051747
0.153877
0.157225
0.183425
0.078593
0.362625
0.198472
0.583516
0.342127
0.292922
0.364777
0.272678
0.306368
0.249098
0.213980
0.229733
0.181062
0.217029
0.181151
0.446177
0.404306
0.433113
0.238086
0.332114
0.268231
0.045659
0.355216
0.510438
0.106056
0.127067
0.073127
0.335292
0.189321
0.008327
0.520250
0.085486
0.379420
0.019180
0.096742
0.157795
0.385799
0.106841
0.021414
0.190310
0.123501
0.025080
0.326745
0.086672
0.138031
0.256332
0.028431
0.583397
0.169910
0.457858
0.060931
0.506801
0.213845
0.283377
0.043600
0.348037
0.006972
0.464332
0.173784
0.181801
0.312635
0.468585
0.172703
0.024138
0.564028
0.073763
0.275656
0.366707
0.130577
0.074188
0.286451
0.018470
0.399804
0.173201
0.124276
0.210752
0.232294
0.151671
0.172659
0.407562
0.467549
0.044437
0.215338
0.217038
0.252862
0.049643
0.364233
0.018178
0.100214
0.443278
0.022744
0.500953
0.415087
0.084528
0.025812
0.125493
0.002405
0.562137
0.534783
0.093758
0.125227
0.198057
0.585897
0.315128
0.325735
0.079758
0.106671
0.287028
0.439792
0.409018
0.434865
0.295357
0.245697
0.064367
0.388951
0.016140
0.087683
0.009478
0.609872
0.365166
0.031534
0.130070
0.368435
0.257039
0.432838
0.271497
0.546232
0.232862
0.158206
0.011476
0.170871
0.008644
0.048172
0.520982
0.424796
0.290613
0.152211
0.293427
0.265297
0.336971
0.162449
0.232792
0.345190
0.090958
0.304336
0.036926
0.061583
0.262010
0.306240
0.050223
0.034995
0.018665
0.049535
0.269903
0.455415
0.017021
0.445534
0.535851
0.245259
0.122016
0.018531
0.049215
0.330278
0.439788
0.153817
0.126031
0.090957
0.112695
0.329241
0.363192
0.070081
0.276946
0.226961
0.239676
0.371477
0.385631
0.424282
0.422833
0.021630
0.052144
0.363390
0.187789
0.225732
0.155117
0.075207
0.142615
0.394910
0.163737
0.097566
0.444455
0.067300
0.259975
0.216703
0.453492
0.189131
0.064438
0.128552
0.454098
0.050676
0.029897
0.128680
0.099796
0.143589
0.403184
0.068092
0.189129
0.467573
0.610778
0.074461
0.122838
0.320561
0.167010
0.050626
0.320217
0.042860
0.074989
0.174689
0.209744
0.250857
0.001149
0.068505
0.330596
0.255250
0.436502
0.066031
0.631577
0.093875
0.041747
0.293781
0.671346
0.150666
0.293792
0.185455
0.259745
0.220421
0.177215
0.507417
0.510233
0.116964
0.094244
0.459872
0.056095
0.163922
0.246094
0.060259
0.227162
0.304434
0.188506
0.261645
0.028232
0.195724
0.130825
0.027434
0.059119
0.035072
0.286130
0.220075
0.022348
0.462180
0.128104
0.373080
0.426429
0.252824
0.656489
0.204073
0.174645
0.339891
0.254400
0.117746
0.579559
0.281171
0.331896
0.294389
0.019544
0.002924
0.071661
0.335254
0.041280
0.115751
0.019838
0.171906
0.343096
0.084133
0.199999
0.049817
0.107569
0.528570
0.195731
0.423772
0.063133
0.007739
0.195418
0.277358
0.026853
0.479637
0.017291
0.044252
0.195569
0.371444
0.083185
0.067885
0.259112
0.529559
0.179031
0.075089
0.783277
0.482829
0.465119
0.643486
0.110293
0.246222
0.016093
0.255738
0.024309
0.016399
0.437892
0.404105
0.366846
0.122344
0.125662
0.618408
0.229099
0.219859
0.195704
0.061201
0.008868
0.100477
0.534534
0.505810
0.007755
0.148106
0.191014
0.569113
0.605539
0.214336
0.301450
0.219636
0.335662
0.485944
0.215535
0.388072
0.228345
0.201830
0.034317
0.064424
0.003078
0.022471
0.579761
0.167922
0.446662
0.202339
0.194266
0.223707
0.029670
0.013851
0.265170
0.213242
0.324419
0.018592
0.296068
0.531436
0.111969
0.489672
0.199703
0.071262
0.359554
0.434473
0.197457
0.037432
0.200214
0.016193
0.260863
0.362103
0.395898
0.089244
0.110343
0.265487
0.022351
0.363807
0.315437
0.070057
0.162496
0.262667
0.085132
0.312333
0.126999
0.189245
0.606698
0.293957
0.266832
0.380441
0.306676
0.578288
0.565145
0.240273
0.259410
0.193796
0.289773
0.142780
0.042890
0.189548
0.257612
0.361157
0.482238
0.236491
0.441537
0.154228
0.379699
0.212551
0.240473
0.058022
0.153101
0.225861
0.648776
0.307436
0.106207
0.408387
0.020353
0.159272
0.234950
0.069997
0.330539
0.173205
0.491061
0.527038
0.182455
0.006950
0.547098
0.433861
0.121199
0.285074
0.210182
0.354846
0.421525
0.287372
0.208828
0.090619
0.017243
0.314735
0.437702
0.204204
0.006253
0.017480
0.092019
0.354804
0.049440
0.152486
0.023274
0.295485
0.328542
0.579022
0.109306
0.070913
0.240232
0.151296
0.222959
0.354054
0.414112
0.298379
0.020166
0.623475
0.088892
0.051637
0.540986
0.301656
0.292145
0.105805
0.075280
0.389289
0.326198
0.193999
0.274674
0.565862
0.268548
0.142719
0.481374
0.033883
0.039445
0.559825
0.376633
0.085039
0.282743
0.654410
0.256125
0.023643
0.317049
0.330875
0.306342
0.120795
0.150189
0.175924
0.259287
0.090890
0.091545
0.421255
0.575935
0.141768
0.115151
0.171071
0.089097
0.117290
0.289803
0.379472
0.280184
0.414197
0.118275
0.194498
0.251582
0.131399
0.370479
0.373761
0.115264
0.087437
0.014980
0.176333
0.007306
0.150254
0.156331
0.183062
0.116961
0.146316
0.240017
0.605493
0.207092
0.067361
0.454498
0.021338
0.340749
0.101318
0.103571
0.228329
0.149592
0.382514
0.123701
0.365231
0.003302
0.192144
0.078787
0.244915
0.321999
0.134486
0.126557
0.064378
0.178408
0.028040
0.060912
0.031894
0.057611
0.234413
0.361939
0.172371
0.385523
0.168082
0.353747
0.038287
0.158934
0.221633
0.144852
0.312828
0.223307
0.406388
0.071251
0.586942
0.083087
0.317570
0.306884
0.048444
0.149467
0.370443
0.042681
0.070382
0.503895
0.243344
0.177683
0.226979
0.100251
0.013187
0.398125
0.111207
0.298021
0.560988
0.263837
0.560337
0.259417
0.228309
0.175939
0.051293
0.258862
0.065981
0.113729
0.006583
0.590344
0.450564
0.434339
0.159856
0.129236
0.091387
0.024645
0.165279
0.088051
0.222821
0.051010
0.450485
0.047353
0.037542
0.239430
0.045178
0.265431
0.247431
0.117602
0.178042
0.080235
0.195792
0.475972
0.193022
0.059325
0.211096
0.014906
0.359839
0.156421
0.337632
0.206993
0.161775
0.478861
0.202630
0.088511
0.270787
0.093356
0.611494
0.345378
0.293313
0.028989
0.245318
0.278688
0.021356
0.080604
0.077524
0.148797
0.171045
0.168524
0.070996
0.445518
0.203087
0.065244
0.022259
0.078735
0.421020
0.013531
0.499883
0.211530
0.303285
0.048976
0.026641
0.013628
0.291903
0.349942
0.611436
0.127232
0.014459
0.313139
0.238989
0.511103
0.269554
0.150838
0.366865
0.071387
0.331613
0.233908
0.358274
0.278337
0.210422
0.043339
0.290187
0.190738
0.125311
0.158469
0.294085
0.370879
0.431759
0.075683
0.151831
0.137725
0.407207
0.199256
0.240468
0.031669
0.306555
0.054709
0.138241
0.399524
0.370087
0.007592
0.001257
0.094413
0.344844
0.285459
0.512346
0.273785
0.085792
0.355806
0.036735
0.114210
0.110173
0.027459
0.179682
0.105688
0.144868
0.197511
0.080766
0.141250
0.225908
0.445145
0.110907
0.406215
0.540033
0.171098
0.068596
0.353211
0.023172
0.084328
0.197954
0.066802
0.183180
0.074364
0.334996
0.275274
0.561366
0.146837
0.073043
0.370414
0.160960
0.293197
0.020478
0.105228
0.161856
0.175863
0.307875
0.306020
0.111436
0.305021
0.105704
0.404100
0.002879
0.132991
0.103158
0.171297
0.255671
0.169544
0.210334
0.531648
0.137646
0.392682
0.250473
0.412633
0.013872
0.507264
0.014709
0.078002
0.023963
0.573830
0.114104
0.222459
0.146574
0.193248
0.308380
0.101028
0.199916
0.384577
0.332777
0.175268
0.156955
0.252766
0.136941
0.568511
0.051271
0.024278
0.172878
0.141065
0.386542
0.114229
0.074556
0.182748
0.088742
0.394166
0.666921
0.243702
0.298971
0.016122
0.098538
0.299702
0.318518
0.219172
0.414599
0.286922
0.622222
0.021718
0.201766
0.148272
0.373825
0.487695
0.045410
0.135700
0.061644
0.235811
0.218090
0.046171
0.141979
0.327837
0.213923
0.293490
0.180168
0.311704
0.147892
0.090056
0.245691
0.198023
0.211014
0.288013
0.057336
0.506573
0.414181
0.382404
0.234362
0.565007
0.390446
0.234865
0.051161
0.091904
0.233865
0.576642
0.164560
0.206533
0.168317
0.507956
0.251296
0.003186
0.295876
0.264054
0.031406
0.136819
0.390745
0.075486
0.059933
0.112607
0.084141
0.523400
0.111809
0.229159
0.312585
0.248247
0.304181
0.264412
0.110588
0.405469
0.432514
0.026284
0.557468
0.091626
0.219810
0.361991
0.210676
0.114963
0.218680
0.170580
0.177691
0.486790
0.124879
0.433813
0.072649
0.188558
0.503475
0.096975
0.112166
0.024124
0.105643
0.064603
0.144324
0.413052
0.007290
0.076415
0.490102
0.261652
0.010747
0.320434
0.154181
0.098553
0.110121
0.142066
0.505241
0.199219
0.138736
0.073502
0.359098
0.309975
0.198488
0.424873
0.250461
0.503716
0.151355
0.168845
0.140299
0.597712
0.084766
0.251485
0.142675
0.272301
0.173383
0.015196
0.523546
0.320202
0.442615
0.138201
0.585214
0.319646
0.037146
0.282731
0.264068
0.147288
0.452274
0.190925
0.097097
0.529268
0.103063
0.361811
0.186379
0.255047
0.325714
0.128349
0.187476
0.105869
0.561753
0.339831
0.055975
0.223637
0.377786
0.013175
0.405237
0.050923
0.125528
0.204083
0.017573
0.530125
0.291990
0.122773
0.038005
0.219185
0.041263
0.296287
0.278609
0.100885
0.214083
0.501337
0.038709
0.352676
0.048686
0.312434
0.271086
0.215958
0.233465
0.108118
0.112100
0.183340
0.231326
0.297667
0.445729
0.339547
0.300708
0.206392
0.240632
0.115897
0.339424
0.032969
0.440471
0.066994
0.074215
0.496915
0.104055
0.127797
0.278905
0.512094
0.163484
0.313529
0.408650
0.265874
0.346834
0.118816
0.206093
0.227582
0.207193
0.048972
0.046531
0.180512
0.297588
0.307566
0.179286
0.475892
0.359855
0.649699
0.147761
0.117823
0.135566
0.249011
0.218450
0.327783
0.157376
0.070010
0.199989
0.408407
0.423418
0.189908
0.217116
0.189297
0.649479
0.136492
0.008733
0.015163
0.010458
0.219740
0.404475
0.205409
0.289015
0.425730
0.041360
0.250152
0.173036
0.278713
0.280424
0.218324
0.187166
0.314237
0.261369
0.160013
0.173194
0.486042
0.181477
0.523339
0.133368
0.077698
0.418301
0.031970
0.226527
0.420552
0.397742
0.017796
0.177131
0.425200
0.320109
0.382981
0.521345
0.256116
0.186901
0.016223
0.293808
0.016076
0.319189
0.359763
0.195236
0.060871
0.228793
0.367620
0.331147
0.113068
0.270044
0.244711
0.339227
0.139346
0.201532
0.171984
0.303862
0.200086
0.167144
0.056627
0.051217
0.240098
0.144897
0.613327
0.138962
0.530797
0.067125
0.281565
0.180398
0.268536
0.213811
0.097267
0.392317
0.276299
0.092204
0.351806
0.406066
0.100363
0.617622
0.122340
0.020289
0.282948
0.414088
0.212586
0.075587
0.207242
0.160250
0.377140
0.376728
0.290528
0.087054
0.315266
0.318220
0.399638
0.270576
0.410900
0.116797
0.222009
0.164450
0.619501
0.062656
0.366273
0.338917
0.388017
0.059345
0.152622
0.183495
0.206320
0.021942
0.215823
0.039729
0.350694
0.001866
0.016474
0.156306
0.137864
0.385563
0.205452
0.038627
0.311960
0.346226
0.036151
0.267331
0.123599
0.327930
0.528562
0.115860
0.084169
0.309535
0.008906
0.050692
0.364432
0.326149
0.177767
0.407197
0.149584
0.149062
0.423349
0.072706
0.197849
0.014558
0.140038
0.000447
0.391168
0.248955
0.348583
0.093825
0.490673
0.099973
0.008338
0.077016
0.321959
0.283562
0.079816
0.483418
0.217900
0.351212
0.161387
0.146691
0.086210
0.099759
0.100096
0.558788
0.424081
0.054989
0.116058
0.314743
0.028111
0.008249
0.074966
0.024235
0.326164
0.072896
0.024523
0.215554
0.104091
0.040493
0.334840
0.162142
0.305772
0.027803
0.387492
0.159092
0.580147
0.034720
0.192699
0.579228
0.022193
0.078557
0.214233
0.017158
0.199953
0.162001
0.080723
0.407859
0.118629
0.042681
0.194209
0.073755
0.553355
0.096589
0.053015
0.399093
0.011966
0.392281
0.105442
0.334893
0.186855
0.329535
0.253355
0.213444
0.342775
0.084197
0.405733
0.239952
0.217810
0.237973
0.031911
0.053076
0.216910
0.359764
0.079616
0.345284
0.364717
0.176268
0.306234
0.187769
0.086641
0.383307
0.289257
0.057778
0.039596
0.203407
0.334013
0.254807
0.227045
0.261617
0.454981
0.537433
0.220896
0.096158
0.169654
0.256357
0.414960
0.038936
0.176475
0.298324
0.549439
0.130259
0.243784
0.408123
0.514772
0.430366
0.543081
0.098323
0.368594
0.464167
0.046923
0.158064
0.229013
0.057511
0.148656
0.061845
0.229156
0.532624
0.043875
0.417354
0.009309
0.027507
0.404673
0.069915
0.010359
0.678449
0.363196
0.222113
0.518013
0.136998
0.009650
0.507813
0.100183
0.383570
0.435635
0.360869
0.010227
0.345194
0.141130
0.079186
0.463302
0.047474
0.230394
0.272617
0.158183
0.298036
0.113742
0.253647
0.472170
0.289132
0.333775
0.352719
0.468467
0.104680
0.357529
0.228578
0.067580
0.030634
0.584627
0.216986
0.388659
0.181199
0.534451
0.318879
0.156320
0.139337
0.530015
0.215443
0.073741
0.260166
0.017346
0.115443
0.575187
0.761668
0.527450
0.228931
0.239235
0.219642
0.483498
0.034249
0.246744
0.193871
0.431877
0.252375
0.148525
0.055630
0.263235
0.278336
0.173255
0.003223
0.197870
0.150243
0.167416
0.155290
0.449709
0.268461
0.206596
0.203471
0.477795
0.614918
0.141772
0.297335
0.082425
0.152156
0.336366
0.038383
0.443005
0.407274
0.211048
0.096056
0.100126
0.097925
0.088207
0.533942
0.300516
0.309176
0.166900
0.217866
0.035697
0.287510
0.451134
0.276363
0.064131
0.202760
0.237620
0.010112
0.129846
0.006691
0.205786
0.183137
0.005975
0.549926
0.104519
0.402857
0.093044
0.297083
0.215448
0.283286
0.067505
0.311475
0.094302
0.419574
0.040415
0.245884
0.110054
0.248532
0.330225
0.217125
0.035860
0.249924
0.080110
0.166826
0.093947
0.105952
0.292622
0.038834
0.129762
0.305061
0.580499
0.210233
0.251101
0.304661
0.256465
0.418145
0.269480
0.032167
0.195319
0.710343
0.050772
0.079588
0.075887
0.393414
0.278918
0.360964
0.372190
0.527775
0.444074
0.510468
0.203150
0.227003
0.018039
0.007509
0.115991
0.397823
0.336506
0.024888
0.320583
0.338582
0.263998
0.667554
0.200850
0.654304
0.308254
0.465924
0.202387
0.033354
0.190648
0.015074
0.331983
0.036933
0.160350
0.094492
0.127223
0.379779
0.271639
0.175420
0.079673
0.170481
0.218852
0.140986
0.305663
0.095366
0.263913
0.128055
0.031370
0.028576
0.153231
0.332856
0.313590
0.000621
0.447767
0.537554
0.386513
0.184726
0.343415
0.452321
0.372025
0.150743
0.257413
0.251930
0.231497
0.175419
0.102950
0.683240
0.075610
0.071552
0.089970
0.048872
0.110937
0.298299
0.037357
0.204818
0.634640
0.058146
0.103179
0.367421
0.413249
0.203480
0.278634
0.277231
0.690306
0.232325
0.154119
0.056774
0.297069
0.193252
0.301812
0.055801
0.031360
0.440111
0.175864
0.323419
0.372477
0.057857
0.026236
0.124687
0.403544
0.162061
0.535932
0.470668
0.005895
0.121805
0.154622
0.301950
0.240463
0.245460
0.067370
0.219003
0.572952
0.225257
0.269707
0.196749
0.029942
0.149418
0.583550
0.294396
0.275104
0.202503
0.150681
0.462412
0.206105
0.130262
0.233826
0.512067
0.029504
0.192356
0.094566
0.173394
0.107053
0.031767
0.042827
0.020981
0.098366
0.301571
0.181059
0.158279
0.178760
0.116495
0.230519
0.159684
0.198205
0.384393
0.080933
0.298650
0.001327
0.036665
0.455087
0.187856
0.196201
0.211471
0.125088
0.321591
0.076664
0.084324
0.254932
0.177620
0.312156
0.025434
0.237824
0.135158
0.264641
0.111181
0.540728
0.188196
0.129737
0.150523
0.244949
0.259223
0.187432
0.252504
0.086424
0.462553
0.342577
0.315899
0.475650
0.346561
0.272525
0.118688
0.408944
0.110815
0.070679
0.064610
0.362486
0.515105
0.042899
0.131982
0.430119
0.131768
0.126730
0.050418
0.133354
0.322064
0.198788
0.050088
0.050531
0.273751
0.177042
0.232792
0.407199
0.258380
0.043909
0.466183
0.534071
0.033008
0.248534
0.228791
0.060107
0.306050
0.422239
0.113977
0.478615
0.214276
0.067325
0.372400
0.119319
0.557164
0.062341
0.252277
0.104546
0.243176
0.073174
0.253884
0.166431
0.440597
0.327863
0.124981
0.053019
0.191569
0.311534
0.593653
0.053168
0.185712
0.346004
0.232147
0.041192
0.270684
0.131446
0.420471
0.035399
0.024059
0.123647
0.675299
0.459131
0.212985
0.464766
0.269514
0.263299
0.021463
0.311794
0.232005
0.121725
0.436757
0.012603
0.449864
0.370342
0.193949
0.076148
0.351392
0.316295
0.152371
0.323401
0.119252
0.322118
0.233172
0.048972
0.098041
0.174467
0.623502
0.182428
0.123513
0.348451
0.379137
0.115205
0.050051
0.176957
0.020258
0.410136
0.344540
0.213989
0.013943
0.110794
0.271087
0.177730
0.060914
0.168619
0.261194
0.058911
0.344493
0.279047
0.053888
0.244427
0.275628
0.113339
0.384628
0.100346
0.377958
0.157393
0.330578
0.171553
0.025732
0.003676
0.048002
0.155506
0.336882
0.503013
0.272899
0.340917
0.053438
0.086656
0.486965
0.199416
0.012254
0.168342
0.371504
0.215268
0.419269
0.158814
0.159743
0.264864
0.099884
0.498246
0.105681
0.029552
0.099837
0.624817
0.258083
0.271951
0.165805
0.227743
0.447462
0.288273
0.391091
0.089580
0.375489
0.129487
0.023640
0.106706
0.397466
0.383389
0.242876
0.132360
0.311065
0.056933
0.204941
0.432912
0.250686
0.196561
0.129148
0.360398
0.307092
0.224703
0.319413
0.399602
0.286089
0.557449
0.416093
0.087242
0.110798
0.127901
0.026850
0.252072
0.155768
0.249169
0.006944
0.448826
0.219772
0.326132
0.485747
0.252098
0.033802
0.417907
0.164104
0.005839
0.500763
0.059178
0.202774
0.450873
0.064411
0.020749
0.043710
0.106370
0.266466
0.495436
0.189722
0.605289
0.087589
0.193587
0.198859
0.097799
0.260683
0.100225
0.033647
0.241734
0.095076
0.154929
0.408840
0.146209
0.022504
0.334970
0.053512
0.338205
0.237911
0.108625
0.610194
0.180230
0.652716
0.071830
0.375155
0.091956
0.219485
0.351876
0.414519
0.116718
0.056790
0.263561
0.313147
0.190041
0.026031
0.204870
0.142193
0.393621
0.195950
0.086890
0.218560
0.160822
0.463009
0.226724
0.241034
0.406599
0.213818
0.014781
0.278171
0.198481
0.083411
0.400844
0.247163
0.259645
0.084294
0.656375
0.210239
0.463063
0.351109
0.516042
0.568628
0.190595
0.067421
0.281427
0.175563
0.332198
0.019956
0.120657
0.201830
0.102734
0.468205
0.247028
0.048588
0.497498
0.133404
0.539471
0.154375
0.291276
0.166012
0.586395
0.132076
0.498883
0.176396
0.009801
0.292733
0.124302
0.127522
0.234565
0.108796
0.286855
0.284463
0.145097
0.288676
0.398312
0.165684
0.362480
0.085050
0.506489
0.181683
0.376377
0.062581
0.368726
0.075003
0.211944
0.641851
0.154893
0.350909
0.282054
0.269307
0.153633
0.031316
0.202931
0.343280
0.197694
0.380418
0.183129
0.048956
0.375400
0.096689
0.197872
0.426037
0.376572
0.481027
0.113453
0.125014
0.358949
0.006717
0.048983
0.086811
0.212240
0.217827
0.513612
0.101195
0.330266
0.622809
0.176969
0.238941
0.070885
0.006006
0.186671
0.247480
0.152533
0.315331
0.023795
0.103142
0.255146
0.067857
0.324908
0.072586
0.340784
0.212361
0.106701
0.514239
0.305437
0.188390
0.035673
0.048034
0.417661
0.240611
0.337863
0.079472
0.485717
0.241370
0.133490
0.382884
0.184497
0.139092
0.404381
0.125784
0.514876
0.229562
0.496568
0.072587
0.090029
0.348937
0.228451
0.133261
0.340786
0.160343
0.216656
0.264998
0.111235
0.336343
0.383659
0.043506
0.331281
0.087639
0.462119
0.034609
0.135499
0.215960
0.275762
0.099374
0.257219
0.067255
0.316232
0.098953
0.184844
0.357169
0.131625
0.432571
0.090902
0.043895
0.263084
0.197888
0.342398
0.183069
0.071808
0.051345
0.351506
0.324586
0.138277
0.141236
0.467296
0.217495
0.570932
0.328697
0.258870
0.195261
0.343050
0.445113
0.262571
0.321537
0.537716
0.099895
0.290212
0.093331
0.042183
0.221696
0.435975
0.215301
0.041646
0.350237
0.057396
0.348411
0.375186
0.225750
0.179848
0.261971
0.020921
0.026554
0.167862
0.057805
0.158181
0.300180
0.024190
0.122533
0.309896
0.561392
0.117087
0.083609
0.236811
0.178683
0.171575
0.261123
0.114773
0.091120
0.306260
0.180600
0.678608
0.250503
0.011954
0.167084
0.291502
0.269045
0.565843
0.353135
0.155264
0.003320
0.014984
0.539257
0.318193
0.239757
0.141196
0.147663
0.103490
0.321582
0.002981
0.384732
0.048272
0.350880
0.115253
0.124240
0.419746
0.127785
0.108031
0.420807
0.206250
0.026055
0.011323
0.303724
0.242712
0.502869
0.362859
0.332674
0.444435
0.004959
0.143100
0.032487
0.218783
0.050651
0.173509
0.479732
0.040697
0.435743
0.042252
0.231146
0.317000
0.264460
0.303083
0.321916
0.047496
0.354782
0.209505
0.221266
0.566719
0.412851
0.435236
0.013628
0.202350
0.259136
0.132326
0.472177
0.132308
0.394086
0.453138
0.161790
0.053939
0.223439
0.335321
0.233131
0.409350
0.121318
0.267369
0.282741
0.282683
0.199669
0.481352
0.265785
0.105265
0.010873
0.174849
0.345437
0.173397
0.124136
0.283132
0.321286
0.051010
0.216155
0.558685
0.155775
0.176237
0.083137
0.114761
0.344668
0.314926
0.012209
0.266772
0.246375
0.191783
0.389553
0.395721
0.203857
0.106955
0.449213
0.236010
0.018910
0.116876
0.150684
0.058421
0.305071
0.417129
0.173910
0.204036
0.445535
0.504834
0.087017
0.309805
0.085570
0.065599
0.009656
0.248914
0.174160
0.094762
0.083193
0.210783
0.191612
0.209795
0.181297
0.367191
0.158780
0.490348
0.046487
0.682075
0.030177
0.182434
0.266339
0.444853
0.090577
0.478497
0.072531
0.273026
0.197215
0.350322
0.405083
0.576547
0.147438
0.035233
0.628075
0.155326
0.064435
0.122755
0.305307
0.060336
0.208638
0.114044
0.491967
0.084161
0.122824
0.055762
0.032200
0.005848
0.164079
0.372556
0.125289
0.315145
0.471017
0.277851
0.165544
0.257561
0.190017
0.545418
0.297145
0.176763
0.118748
0.400702
0.317054
0.580809
0.204913
0.110344
0.388223
0.149239
0.093304
0.003999
0.340469
0.136477
0.061166
0.053668
0.137265
0.626408
0.053053
0.009964
0.042507
0.025597
0.673203
0.377516
0.438906
0.067766
0.045382
0.309816
0.301867
0.280713
0.185267
0.096662
0.077742
0.323718
0.000136
0.148046
0.113033
0.230889
0.306246
0.016260
0.173684
0.462615
0.412744
0.505286
0.459333
0.005289
0.364264
0.036234
0.275964
0.207463
0.056339
0.336180
0.370558
0.393823
0.026398
0.143241
0.578666
0.151792
0.242166
0.210733
0.287459
0.016442
0.387538
0.421443
0.532420
0.052302
0.467976
0.019520
0.582225
0.511312
0.305626
0.014935
0.144840
0.218487
0.359048
0.100627
0.398108
0.109859
0.049985
0.037913
0.130970
0.086872
0.067555
0.540059
0.526758
0.466167
0.076574
0.398122
0.201330
0.203976
0.072193
0.443918
0.014904
0.230319
0.008988
0.086364
0.300632
0.386587
0.434724
0.107366
0.403289
0.120571
0.598424
0.327241
0.197865
0.070721
0.119802
0.150424
0.085027
0.324551
0.349466
0.031646
0.327496
0.001924
0.210777
0.538152
0.000777
0.270192
0.286647
0.187621
0.382981
0.120999
0.069755
0.375879
0.203000
0.073606
0.359165
0.038975
0.607753
0.538387
0.239510
0.021875
0.060709
0.305945
0.054355
0.042240
0.004350
0.434097
0.222378
0.383720
0.028473
0.465234
0.084639
0.355305
0.062634
0.374975
0.096549
0.076407
0.342438
0.246287
0.346807
0.284121
0.591730
0.149168
0.012263
0.294676
0.091507
0.220188
0.222870
0.628112
0.606116
0.261592
0.121739
0.461408
0.532342
0.050201
0.407843
0.371550
0.245594
0.141610
0.056514
0.373510
0.118018
0.068984
0.242061
0.490099
0.252864
0.206837
0.330305
0.089139
0.442173
0.139601
0.210704
0.185509
0.115252
0.161590
0.466691
0.424114
0.093212
0.332261
0.288452
0.248901
0.084813
0.526457
0.246214
0.160057
0.459851
0.129348
0.218696
0.582913
0.331008
0.148605
0.033218
0.176451
0.074994
0.389346
0.192944
0.119358
0.253834
0.112514
0.074870
0.019943
0.122744
0.113309
0.544158
0.568913
0.124700
0.141381
0.529241
0.084463
0.124326
0.508137
0.404697
0.354021
0.119421
0.187052
0.292371
0.112780
0.160012
0.351732
0.295496
0.467747
0.062824
0.087923
0.197557
0.250471
0.165348
0.232710
0.561160
0.031391
0.337380
0.006690
0.194745
0.043850
0.241500
0.172720
0.515841
0.130016
0.184833
0.042251
0.341147
0.051591
0.186985
0.214804
0.053392
0.088809
0.234935
0.471477
0.817504
0.179671
0.082639
0.588612
0.090604
0.365289
0.421801
0.181464
0.413532
0.110036
0.022945
0.377868
0.569540
0.058157
0.332295
0.112507
0.362710
0.089758
0.020730
0.006216
0.091503
0.317228
0.080112
0.082614
0.142787
0.312948
0.138351
0.108158
0.283301
0.351195
0.099295
0.466670
0.027516
0.218865
0.182555
0.358492
0.164017
0.256480
0.360051
0.270903
0.308483
0.338485
0.247175
0.353680
0.349923
0.319331
0.172713
0.228597
0.009159
0.310088
0.092996
0.141111
0.237669
0.042655
0.226394
0.427343
0.340100
0.180374
0.459441
0.274758
0.260127
0.380259
0.235888
0.083566
0.132237
0.082005
0.015363
0.165524
0.131245
0.281740
0.554666
0.550152
0.197411
0.095271
0.138087
0.093570
0.480355
0.127875
0.208358
0.216174
0.155258
0.312293
0.061821
0.101459
0.318186
0.515723
0.297156
0.017563
0.005368
0.195615
0.044704
0.567646
0.223754
0.060017
0.007117
0.215054
0.149450
0.014501
0.449624
0.295024
0.190555
0.547490
0.413378
0.082224
0.357110
0.113428
0.734652
0.291134
0.378839
0.085625
0.427798
0.386760
0.008117
0.128489
0.345401
0.140021
0.254208
0.162341
0.011092
0.397477
0.428311
0.229853
0.110736
0.086532
0.563703
0.270278
0.269945
0.287417
0.278034
0.013404
0.239346
0.052667
0.207934
0.030756
0.555461
0.307373
0.070300
0.039981
0.065535
0.696037
0.074518
0.040649
0.109995
0.279760
0.235071
0.119234
0.421143
0.263532
0.410650
0.164429
0.319318
0.075352
0.165963
0.469236
0.327798
0.321367
0.342205
0.075209
0.065660
0.222297
0.345922
0.050725
0.159556
0.346715
0.410146
0.146860
0.078147
0.275979
0.339125
0.290607
0.194936
0.045328
0.042372
0.030115
0.594899
0.002349
0.172403
0.309310
0.340813
0.033352
0.022156
0.065883
0.082687
0.019514
0.032214
0.344098
0.154168
0.108208
0.382286
0.009756
0.030863
0.392007
0.503975
0.185227
0.099881
0.358317
0.111748
0.031772
0.096350
0.101101
0.221386
0.069210
0.313685
0.346861
0.600092
0.011239
0.408780
0.468116
0.172334
0.469910
0.124235
0.353383
0.081882
0.134057
0.447131
0.357630
0.035807
0.414375
0.281791
0.256998
0.138947
0.225678
0.149652
0.136751
0.227607
0.198653
0.122799
0.434323
0.050116
0.250589
0.388815
0.464962
0.103229
0.499483
0.093022
0.067384
0.244094
0.461993
0.270646
0.300102
0.076515
0.083224
0.625745
0.089343
0.129913
0.285429
0.316343
0.505238
0.205407
0.296666
0.157836
0.567664
0.002659
0.394672
0.188439
0.005664
0.422472
0.248278
0.252024
0.327495
0.019495
0.567387
0.591339
0.021900
0.292746
0.085412
0.262807
0.514064
0.621792
0.289082
0.392156
0.070135
0.667977
0.125899
0.004050
0.014194
0.353795
0.373742
0.111042
0.223449
0.001096
0.348969
0.071970
0.245367
0.178066
0.271953
0.179879
0.521903
0.069692
0.488457
0.044929
0.186627
0.095899
0.139767
0.266909
0.145199
0.048866
0.442527
0.464393
0.256233
0.024522
0.385089
0.472445
0.223568
0.023157
0.038891
0.344453
0.647536
0.141375
0.115081
0.141545
0.488546
0.649731
0.198082
0.500630
0.298518
0.115194
0.226408
0.412178
0.313335
0.081369
0.114019
0.198802
0.571242
0.145480
0.415306
0.162781
0.274057
0.219560
0.304850
0.211167
0.026312
0.070092
0.096034
0.371691
0.179421
0.081718
0.604412
0.166437
0.066546
0.336600
0.105628
0.270707
0.245401
0.079750
0.389065
0.099773
0.030586
0.428714
0.284658
0.172418
0.025159
0.468737
0.066341
0.120368
0.203086
0.109144
0.133449
0.423537
0.147988
0.038469
0.562531
0.035037
0.064436
0.299054
0.025804
0.426477
0.114411
0.011267
0.061555
0.181015
0.198350
0.026046
0.046769
0.629743
0.152282
0.180655
0.205391
0.133995
0.573158
0.216472
0.497047
0.383101
0.224815
0.230903
0.031590
0.566324
0.115073
0.315760
0.023329
0.532780
0.231214
0.024979
0.592546
0.181426
0.281257
0.316777
0.311446
0.136905
0.250774
0.143172
0.246173
0.101312
0.118219
0.546238
0.200482
0.282813
0.209984
0.292204
0.546541
0.198066
0.194582
0.562958
0.161987
0.290360
0.035616
0.157682
0.325046
0.039781
0.294238
0.218609
0.023561
0.102344
0.365328
0.253293
0.283693
0.386658
0.039966
0.046823
0.514844
0.055632
0.470323
0.280606
0.001277
0.226137
0.229479
0.540584
0.333478
0.119863
0.051510
0.516683
0.348730
0.418606
0.152284
0.013754
0.441050
0.161454
0.154597
0.526379
0.057309
0.324165
0.201169
0.396040
0.363465
0.157923
0.158593
0.189893
0.197753
0.311392
0.040397
0.329859
0.465880
0.202451
0.196882
0.016044
0.441531
0.326514
0.132437
0.117029
0.434212
0.323272
0.468214
0.021403
0.391266
0.347633
0.297430
0.281758
0.240636
0.053283
0.107279
0.089330
0.187477
0.106341
0.014457
0.276737
0.316408
0.061908
0.010802
0.286660
0.333748
0.604167
0.339403
0.077729
0.014159
0.082259
0.053175
0.345553
0.068533
0.515163
0.234239
0.049722
0.179801
0.382252
0.130082
0.057301
0.170537
0.240482
0.145614
0.264143
0.145248
0.123569
0.416609
0.298914
0.522248
0.304935
0.098286
0.272421
0.079087
0.324444
0.568593
0.345798
0.232847
0.263988
0.463218
0.008869
0.502164
0.351987
0.323585
0.100608
0.171676
0.123642
0.056993
0.182372
0.476103
0.270147
0.003489
0.060444
0.314935
0.129003
0.092121
0.434661
0.384438
0.209122
0.083888
0.372765
0.344148
0.552787
0.327931
0.183083
0.041857
0.146681
0.515364
0.165742
0.622989
0.206073
0.378322
0.088867
0.185643
0.031929
0.126553
0.138197
0.158941
0.578722
0.557164
0.218080
0.371583
0.503749
0.036693
0.498778
0.162598
0.173869
0.131612
0.415993
0.130935
0.016768
0.098792
0.175498
0.301754
0.603199
0.339739
0.019934
0.242173
0.326762
0.332074
0.398641
0.518278
0.143705
0.334100
0.255374
0.786860
0.265658
0.459675
0.090776
0.613845
0.244734
0.273634
0.395469
0.156136
0.112912
0.249546
0.082936
0.361430
0.154069
0.181313
0.122982
0.450912
0.158013
0.335661
0.099828
0.243698
0.281575
0.073664
0.337289
0.188101
0.472694
0.386874
0.046151
0.006909
0.328118
0.059292
0.067832
0.409727
0.558461
0.347685
0.510142
0.045294
0.026878
0.515190
0.209706
0.108718
0.101971
0.365315
0.019811
0.283464
0.140768
0.293284
0.118850
0.177924
0.099792
0.044863
0.167424
0.169432
0.241925
0.219225
0.523539
0.168679
0.186970
0.286515
0.366025
0.107566
0.089103
0.017979
0.564926
0.074685
0.183139
0.235636
0.101950
0.270739
0.070563
0.085383
0.244391
0.401626
0.284839
0.207990
0.232081
0.090811
0.020190
0.097059
0.171675
0.295445
0.261369
0.352854
0.058429
0.404961
0.062307
0.288595
0.510859
0.050464
0.071092
0.014686
0.320900
0.304803
0.088165
0.015896
0.405152
0.253755
0.029709
0.304799
0.014878
0.643725
0.226225
0.126172
0.096777
0.025976
0.192247
0.390497
0.429383
0.209603
0.373606
0.008694
0.231660
0.127925
0.294931
0.492699
0.368816
0.018788
0.281269
0.185461
0.158716
0.261681
0.581989
0.416734
0.260054
0.140452
0.293797
0.101360
0.230046
0.160362
0.358491
0.090199
0.082596
0.107720
0.195277
0.131534
0.210117
0.201604
0.217180
0.518829
0.196246
0.177694
0.028826
0.280878
0.297329
0.421169
0.048537
0.139786
0.108686
0.413098
0.159140
0.102808
0.007156
0.691458
0.552067
0.482178
0.066584
0.342098
0.234653
0.067396
0.116680
0.138371
0.001563
0.068286
0.173217
0.045911
0.324779
0.146382
0.127468
0.146119
0.126842
0.451738
0.203474
0.176484
0.496023
0.237157
0.135110
0.533867
0.131679
0.069797
0.296709
0.221487
0.171012
0.371206
0.210239
0.079528
0.300598
0.383060
0.091647
0.429724
0.218365
0.073640
0.252478
0.193563
0.263293
0.025860
0.015637
0.403692
0.227198
0.297713
0.121234
0.309924
0.076859
0.300580
0.333701
0.162503
0.228830
0.479079
0.211810
0.184801
0.069683
0.513507
0.546102
0.174049
0.209441
0.516863
0.066623
0.406611
0.308861
0.015301
0.161075
0.445672
0.667552
0.610008
0.189486
0.400816
0.300067
0.341636
0.215551
0.267236
0.085094
0.145095
0.093229
0.099711
0.047415
0.367308
0.270143
0.074913
0.123104
0.046464
0.032827
0.315099
0.363071
0.162240
0.027954
0.357198
0.132194
0.493346
0.236149
0.308024
0.226066
0.206667
0.259480
0.379180
0.169217
0.147063
0.047802
0.176242
0.180512
0.110347
0.060237
0.124082
0.540933
0.307192
0.066175
0.413844
0.198978
0.026074
0.487443
0.383639
0.060951
0.270654
0.144314
0.291831
0.097305
0.040938
0.051117
0.205349
0.094862
0.051789
0.332322
0.258156
0.346131
0.206251
0.280247
0.207726
0.307494
0.233925
0.140470
0.037015
0.417971
0.061226
0.332786
0.104677
0.260825
0.323648
0.502379
0.084548
0.294983
0.310990
0.119584
0.177081
0.074333
0.030884
0.069386
0.231187
0.180298
0.365664
0.116780
0.519624
0.400059
0.045701
0.433511
0.375050
0.070000
0.393283
0.572147
0.094622
0.119058
0.009094
0.334431
0.419952
0.055949
0.360275
0.449804
0.779527
0.623386
0.160597
0.134264
0.038433
0.018961
0.185937
0.421949
0.371462
0.006295
0.255857
0.387304
0.132666
0.625972
0.280958
0.537091
0.286152
0.255115
0.256028
0.047092
0.024602
0.406468
0.223893
0.130478
0.114990
0.027356
0.179512
0.255573
0.287906
0.252355
0.265085
0.362201
0.065511
0.225614
0.222958
0.192276
0.053362
0.050116
0.002951
0.116152
0.244617
0.550147
0.358580
0.143371
0.293683
0.475373
0.243099
0.158049
0.066951
0.010987
0.152615
0.359990
0.410358
0.366288
0.069116
0.165684
0.071703
0.546984
0.121482
0.133245
0.358649
0.125711
0.001376
0.151927
0.189265
0.239896
0.437676
0.294912
0.078211
0.405601
0.608330
0.024516
0.022077
0.370004
0.502829
0.111708
0.191360
0.217064
0.343750
0.117750
0.343490
0.127610
0.116529
0.365720
0.071053
0.153598
0.157863
0.107249
0.145818
0.262023
0.443471
0.085922
0.302886
0.251978
0.070181
0.365319
0.403988
0.152208
0.361809
0.081936
0.392078
0.237066
0.478969
0.060000
0.500795
0.096638
0.009012
0.005887
0.527336
0.465397
0.459583
0.045909
0.234762
0.304112
0.290580
0.157379
0.154689
0.391592
0.175053
0.176656
0.369000
0.088495
0.049487
0.052890
0.181520
0.097727
0.171833
0.040734
0.256544
0.099393
0.511041
0.224975
0.331401
0.337319
0.310246
0.289721
0.062031
0.245820
0.098094
0.143588
0.507714
0.164821
0.195087
0.135811
0.187459
0.438708
0.106873
0.133548
0.222831
0.235978
0.372567
0.026525
0.229257
0.417222
0.556128
0.012040
0.196701
0.275724
0.008708
0.294020
0.294069
0.473158
0.052980
0.114171
0.184345
0.566720
0.369598
0.179147
0.595824
0.388360
0.338532
0.252630
0.326240
0.084498
0.134971
0.108587
0.340135
0.520674
0.003561
0.085845
0.325112
0.306463
0.109699
0.072548
0.374873
0.236814
0.256186
0.041320
0.077008
0.207611
0.132632
0.167361
0.172301
0.175216
0.038471
0.537885
0.569167
0.166992
0.172149
0.262036
0.049923
0.048788
0.587853
0.370330
0.451096
0.302368
0.283678
0.295465
0.043228
0.511574
0.055907
0.389926
0.043923
0.001405
0.283328
0.434478
0.094860
0.351891
0.381673
0.434361
0.211420
0.127119
0.216274
0.422080
0.062708
0.097323
0.494422
0.016427
0.027187
0.118917
0.062032
0.170419
0.085149
0.018744
0.042289
0.658616
0.502727
0.200530
0.350051
0.290462
0.231242
0.100638
0.241048
0.532396
0.307819
0.171709
0.175979
0.102630
0.436945
0.177551
0.162298
0.281667
0.348029
0.342462
0.454278
0.107757
0.355020
0.315113
0.138387
0.148161
0.322855
0.233199
0.029208
0.073224
0.110134
0.576715
0.159105
0.100680
0.200093
0.223013
0.492082
0.295647
0.152634
0.051985
0.118548
0.309845
0.024320
0.343889
0.039381
0.393931
0.127145
0.185435
0.192124
0.249178
0.287573
0.182945
0.061389
0.295477
0.100376
0.144020
0.131514
0.156638
0.167313
0.015970
0.104951
0.203594
0.197505
0.253583
0.571251
0.228907
0.092092
0.039869
0.078655
0.296097
0.254182
0.186915
0.033581
0.465864
0.316418
0.356399
0.327976
0.042079
0.129490
0.393508
0.362768
0.066186
0.003819
0.285196
0.094690
0.091988
0.080074
0.434344
0.268020
0.420978
0.382185
0.337735
0.075107
0.071208
0.402173
0.066550
0.133284
0.393659
0.304547
0.435624
0.237945
0.306234
0.124178
0.064185
0.174224
0.183342
0.254385
0.202053
0.125967
0.065167
0.220323
0.365471
0.634468
0.145909
0.559866
0.687146
0.204883
0.333265
0.118717
0.124017
0.217535
0.108536
0.155601
0.131125
0.252744
0.118252
0.070717
0.305150
0.137163
0.096764
0.475819
0.027736
0.157047
0.509030
0.011668
0.046562
0.378509
0.008375
0.110115
0.273083
0.518241
0.325446
0.432889
0.134402
0.514107
0.181424
0.296001
0.002985
0.136693
0.423022
0.163496
0.096742
0.320154
0.060887
0.066890
0.506490
0.345348
0.075150
0.332751
0.056163
0.357805
0.017378
0.249930
0.436864
0.474725
0.594608
0.139782
0.227078
0.056294
0.167081
0.441074
0.249726
0.152562
0.002638
0.281685
0.113662
0.131629
0.267805
0.138744
0.000776
0.302527
0.154349
0.145420
0.064867
0.186401
0.566324
0.327854
0.297092
0.151922
0.347895
0.070332
0.200109
0.171984
0.195130
0.123566
0.020909
0.139384
0.094760
0.416756
0.098274
0.314184
0.267394
0.401294
0.546329
0.094179
0.154728
0.244778
0.096037
0.321589
0.264973
0.359143
0.497239
0.200498
0.254593
0.082436
0.018191
0.513764
0.235146
0.432232
0.144017
0.365181
0.072057
0.456268
0.123361
0.411958
0.260656
0.116011
0.333368
0.132587
0.070685
0.362930
0.013955
0.363222
0.362412
0.211184
0.119888
0.293990
0.001695
0.052599
0.104425
0.169931
0.226173
0.164464
0.279691
0.236458
0.036836
0.104375
0.514806
0.139459
0.307647
0.099005
0.109845
0.064285
0.061768
0.076451
0.348854
0.177462
0.248244
0.137257
0.139510
0.319131
0.236378
0.332428
0.242447
0.176925
0.329923
0.112916
0.033152
0.441490
0.130461
0.320138
0.023184
0.381850
0.343501
0.397461
0.009782
0.300094
0.345944
0.165977
0.133756
0.150941
0.153649
0.248212
0.157316
0.170185
0.260015
0.071048
0.041753
0.208977
0.293559
0.265969
0.189977
0.362606
0.251501
0.155080
0.461071
0.225353
0.109499
0.183240
0.235351
0.269942
0.479887
0.295154
0.004512
0.397272
0.224281
0.478458
0.269103
0.256434
0.181272
0.448669
0.078890
0.584907
0.146467
0.198497
0.010161
0.164697
0.208969
0.266485
0.183580
0.298639
0.129299
0.122942
0.366656
0.019625
0.216383
0.393824
0.389155
0.301292
0.049483
0.529756
0.342191
0.269554
0.255200
0.074671
0.052936
0.256779
0.022728
0.211188
0.007426
0.323072
0.136628
0.272795
0.488154
0.180040
0.142972
0.438595
0.032193
0.430260
0.111036
0.218835
0.249825
0.640963
0.295002
0.149076
0.312957
0.621621
0.275354
0.407986
0.351424
0.026699
0.262862
0.128166
0.498100
0.088999
0.366333
0.426953
0.017007
0.203938
0.376001
0.254571
0.085741
0.455478
0.349172
0.140426
0.063694
0.117196
0.365139
0.087997
0.235878
0.317714
0.287699
0.013033
0.417940
0.172705
0.079230
0.053418
0.242717
0.311885
0.123854
0.038176
0.512119
0.212471
0.112114
0.309651
0.111102
0.215914
0.264950
0.141561
0.239036
0.145620
0.184340
0.611845
0.173038
0.111706
0.345713
0.627446
0.279044
0.338336
0.254989
0.302936
0.110350
0.134191
0.361945
0.318223
0.244397
0.239282
0.189411
0.101895
0.207235
0.455722
0.358091
0.365195
0.525142
0.431022
0.057129
0.647824
0.149408
0.172469
0.160675
0.115568
0.042300
0.002214
0.191144
0.141953
0.265456
0.628580
0.043872
0.606512
0.098225
0.005394
0.019650
0.454195
0.000028
0.102722
0.022933
0.138983
0.471632
0.189394
0.097677
0.307094
0.219823
0.245277
0.263997
0.048437
0.338214
0.483557
0.044830
0.481016
0.249056
0.669333
0.033393
0.416348
0.266273
0.033695
0.243910
0.131787
0.310218
0.159849
0.062482
0.029088
0.372131
0.301013
0.277689
0.029972
0.006166
0.350548
0.416502
0.279809
0.086183
0.449936
0.334285
0.131321
0.061949
0.053642
0.368547
0.043421
0.261605
0.107621
0.683550
0.036000
0.093720
0.624786
0.117345
0.071329
0.080078
0.021382
0.365200
0.461554
0.127715
0.159332
0.353708
0.078925
0.415371
0.306491
0.311560
0.004674
0.510313
0.082801
0.183052
0.175284
0.201825
0.071726
0.365453
0.400029
0.211464
0.183885
0.265049
0.109507
0.029362
0.401726
0.103825
0.060542
0.083573
0.200965
0.170874
0.173036
0.224626
0.031666
0.206288
0.388921
0.166568
0.332620
0.055172
0.403074
0.074325
0.346392
0.347781
0.293782
0.106639
0.080440
0.075586
0.401241
0.039576
0.140944
0.034471
0.306735
0.330793
0.328161
0.333786
0.164664
0.588086
0.103553
0.075701
0.055405
0.522987
0.260773
0.095969
0.253343
0.343225
0.353414
0.367854
0.158342
0.123483
0.163398
0.114274
0.210360
0.159160
0.459994
0.418765
0.457707
0.059647
0.097207
0.187603
0.285333
0.350169
0.259391
0.303596
0.331108
0.384486
0.421545
0.127859
0.007793
0.547642
0.157532
0.096838
0.081714
0.444887
0.255145
0.096499
0.141789
0.130301
0.665970
0.068946
0.012071
0.007753
0.176033
0.500476
0.471673
0.389735
0.005089
0.243994
0.358877
0.061751
0.455482
0.055300
0.063555
0.015809
0.218595
0.258682
0.129988
0.048374
0.357821
0.006653
0.002933
0.173926
0.116738
0.296048
0.477087
0.121539
0.079814
0.454786
0.026689
0.271407
0.368530
0.146088
0.259547
0.273393
0.187753
0.009491
0.104009
0.446263
0.128640
0.102363
0.312822
0.399486
0.049582
0.538849
0.292323
0.265116
0.107478
0.553998
0.152008
0.301213
0.198096
0.398911
0.158656
0.042675
0.226544
0.310857
0.083596
0.336564
0.101447
0.119862
0.225600
0.109500
0.283985
0.049986
0.316944
0.574704
0.365833
0.348550
0.551590
0.103473
0.227056
0.004386
0.407432
0.273496
0.107527
0.030643
0.098088
0.039196
0.534383
0.221291
0.048392
0.511349
0.241160
0.225563
0.395419
0.214254
0.142023
0.182086
0.133993
0.175433
0.302109
0.254196
0.006891
0.446253
0.023784
0.065552
0.530738
0.037314
0.117543
0.248777
0.250656
0.523689
0.336480
0.000092
0.057074
0.119894
0.105443
0.219106
0.122469
0.406609
0.313386
0.079922
0.210810
0.239241
0.419991
0.085939
0.164196
0.263688
0.294677
0.223215
0.036417
0.181553
0.415242
0.074091
0.169309
0.119268
0.448542
0.045947
0.085920
0.431844
0.123791
0.596539
0.323730
0.547247
0.086855
0.260782
0.238548
0.066854
0.207123
0.157748
0.378201
0.412579
0.391017
0.268651
0.181366
0.604785
0.018336
0.391183
0.288989
0.358773
0.059762
0.042720
0.369627
0.221469
0.008369
0.004057
0.495939
0.265962
0.096220
0.250921
0.429137
0.272886
0.309927
0.393749
0.185638
0.049064
0.064248
0.136172
0.462222
0.135312
0.340458
0.364718
0.338171
0.308750
0.368589
0.137016
0.358728
0.210083
0.184181
0.297522
0.441623
0.244413
0.030979
0.176686
0.146045
0.460688
0.245315
0.172021
0.069998
0.030589
0.056911
0.190179
0.294803
0.157535
0.191025
0.295368
0.256761
0.439803
0.064543
0.307443
0.544708
0.243639
0.412699
0.424723
0.448509
0.152503
0.163538
0.503691
0.046824
0.256142
0.575633
0.056097
0.216617
0.025860
0.086444
0.317212
0.369384
0.017688
0.199327
0.570170
0.291182
0.274219
0.052458
0.457290
0.389295
0.596203
0.147419
0.517252
0.167925
0.137657
0.161328
0.425718
0.239790
0.224927
0.489542
0.055136
0.502591
0.014640
0.442659
0.694633
0.041913
0.283326
0.400539
0.062285
0.450848
0.635437
0.116572
0.597607
0.023688
0.134401
0.461442
0.709584
0.157793
0.529422
0.278365
0.411948
0.227503
0.014213
0.042241
0.040600
0.122104
0.033323
0.004392
0.310083
0.512803
0.019486
0.038656
0.261001
0.281068
0.164975
0.418022
0.076609
0.401219
0.204413
0.613278
0.091450
0.257366
0.212327
0.461274
0.070243
0.414427
0.039084
0.312132
0.456496
0.490677
0.076221
0.373563
0.008567
0.020381
0.068371
0.071696
0.365749
0.109264
0.438144
0.366337
0.471333
0.028627
0.208275
0.163793
0.057711
0.249443
0.180831
0.067641
0.168578
0.230436
0.072867
0.008175
0.124804
0.079334
0.346907
0.375287
0.065968
0.037367
0.060197
0.008211
0.629547
0.015933
0.276336
0.244029
0.144247
0.535797
0.034574
0.022539
0.551126
0.581003
0.330208
0.292718
0.030897
0.251277
0.385020
0.437173
0.462127
0.205226
0.134716
0.424991
0.411536
0.190883
0.398260
0.364658
0.130773
0.375410
0.426112
0.064801
0.193431
0.029738
0.509060
0.227003
0.240708
0.135037
0.441196
0.415261
0.106022
0.157369
0.432601
0.145881
0.355401
0.024776
0.245633
0.284904
0.439299
0.106398
0.260406
0.233288
0.479935
0.250326
0.009716
0.123759
0.156177
0.113531
0.174201
0.260551
0.208706
0.293554
0.354056
0.109309
0.008109
0.239123
0.033116
0.532532
0.156713
0.147634
0.082081
0.459151
0.177215
0.352681
0.319306
0.172591
0.570973
0.129885
0.257265
0.050368
0.254949
0.392064
0.277443
0.236593
0.226517
0.048329
0.159142
0.244912
0.111984
0.041205
0.261656
0.466982
0.346945
0.091167
0.511544
0.120060
0.294150
0.377689
0.379498
0.292957
0.241905
0.231999
0.410403
0.256881
0.312986
0.137072
0.414968
0.116105
0.145169
0.048660
0.031362
0.135811
0.169997
0.261788
0.078213
0.155827
0.212466
0.266460
0.062816
0.305169
0.136469
0.242742
0.095997
0.260949
0.024740
0.154049
0.176925
0.170282
0.330182
0.104472
0.229392
0.426608
0.428973
0.050122
0.477821
0.326181
0.086181
0.365542
0.150740
0.548677
0.021802
0.139794
0.389947
0.454110
0.060579
0.288827
0.257431
0.057706
0.147389
0.402898
0.291946
0.004944
0.068673
0.408080
0.139319
0.406222
0.067630
0.056221
0.356814
0.355520
0.147968
0.452565
0.016737
0.038468
0.329792
0.301202
0.592976
0.105917
0.082690
0.024645
0.625300
0.062456
0.008520
0.167996
0.294542
0.547608
0.179949
0.286432
0.035129
0.446138
0.058027
0.496927
0.480886
0.163581
0.207833
0.485015
0.486476
0.346404
0.086619
0.510190
0.283874
0.191680
0.334208
0.050088
0.279247
0.344724
0.429773
0.260059
0.246400
0.154176
0.327877
0.298711
0.030111
0.113701
0.161653
0.231562
0.066055
0.121254
0.108428
0.291018
0.009250
0.129145
0.338493
0.264458
0.127755
0.636312
0.042229
0.453071
0.240662
0.286829
0.059531
0.080916
0.115987
0.155718
0.152152
0.316996
0.366013
0.124380
0.208464
0.214874
0.441187
0.327051
0.084512
0.074724
0.346244
0.448367
0.197303
0.360671
0.044370
0.423219
0.688388
0.510893
0.432290
0.134175
0.166421
0.054236
0.360195
0.572267
0.196823
0.339417
0.177462
0.376117
0.190037
0.309534
0.098542
0.160008
0.085999
0.378625
0.015229
0.321627
0.107667
0.282230
0.156673
0.387009
0.055594
0.630134
0.084156
0.002321
0.323958
0.254246
0.352488
0.028591
0.036192
0.445336
0.225705
0.063857
0.315208
0.397594
0.109156
0.029478
0.567745
0.075717
0.198594
0.101510
0.049712
0.047895
0.270311
0.186181
0.154441
0.603484
0.305534
0.013369
0.422186
0.138867
0.479960
0.018718
0.103906
0.108634
0.024278
0.007644
0.144317
0.187977
0.469661
0.040525
0.232837
0.266160
0.040478
0.384979
0.193386
0.510781
0.528908
0.293403
0.374428
0.065651
0.361905
0.088089
0.094804
0.145594
0.331142
0.110475
0.066495
0.535162
0.007922
0.529454
0.179602
0.333395
0.412813
0.082888
0.143882
0.198228
0.325661
0.078203
0.462833
0.312928
0.218902
0.291817
0.004491
0.448880
0.269872
0.164583
0.444758
0.299808
0.206781
0.067156
0.275569
0.351799
0.010198
0.073305
0.070948
0.290198
0.173092
0.413808
0.311553
0.187835
0.350717
0.207481
0.374537
0.361486
0.016964
0.439631
0.406004
0.358449
0.122670
0.363889
0.750218
0.427177
0.197583
0.175589
0.511233
0.180903
0.140444
0.002938
0.016106
0.459300
0.211054
0.024596
0.606456
0.079250
0.063194
0.081651
0.521825
0.107801
0.269699
0.227836
0.082417
0.026825
0.274880
0.370695
0.206806
0.616598
0.001061
0.401784
0.034513
0.385248
0.244396
0.242151
0.176609
0.453582
0.068500
0.547099
0.141864
0.331310
0.378256
0.065343
0.349633
0.635421
0.327036
0.100582
0.368958
0.238042
0.087184
0.068785
0.280233
0.082311
0.463385
0.154249
0.366282
0.445465
0.190794
0.464462
0.126597
0.167830
0.268052
0.262707
0.080643
0.007106
0.727344
0.033425
0.238719
0.284133
0.208502
0.112563
0.179298
0.232822
0.341534
0.081790
0.329265
0.102555
0.096383
0.159344
0.354683
0.128691
0.225550
0.220725
0.166251
0.157580
0.201941
0.562211
0.019322
0.444153
0.499793
0.309176
0.376361
0.617824
0.066145
0.355525
0.357893
0.376664
0.143329
0.081069
0.047526
0.493791
0.335607
0.028692
0.053965
0.154568
0.007308
0.038542
0.531731
0.507921
0.162512
0.084289
0.660606
0.501327
0.576839
0.270621
0.063639
0.107871
0.440312
0.388909
0.183372
0.382013
0.298506
0.046524
0.262415
0.021976
0.490126
0.061895
0.112567
0.243016
0.473272
0.586425
0.117706
0.398858
0.440569
0.118462
0.423883
0.223085
0.360049
0.334112
0.387654
0.020510
0.118503
0.007476
0.015973
0.232875
0.428164
0.245013
0.060746
0.203389
0.227944
0.186753
0.167231
0.507871
0.051889
0.346420
0.324395
0.378876
0.301835
0.352129
0.018331
0.499495
0.184805
0.320736
0.548044
0.108896
0.095343
0.095204
0.168093
0.304574
0.191633
0.221054
0.293456
0.608373
0.062296
0.345437
0.267386
0.199990
0.237736
0.268119
0.251744
0.003830
0.414897
0.263948
0.383707
0.072311
0.414374
0.057174
0.086684
0.367833
0.462742
0.308402
0.523862
0.243595
0.105606
0.411253
0.267824
0.122322
0.045497
0.397323
0.036609
0.122192
0.236419
0.390118
0.043752
0.036767
0.170552
0.091383
0.141343
0.115971
0.156654
0.413112
0.533338
0.223862
0.079546
0.620987
0.448030
0.226432
0.325205
0.071887
0.346238
0.234826
0.314043
0.316396
0.086748
0.255598
0.300362
0.015247
0.264668
0.385655
0.348271
0.010683
0.243584
0.095330
0.296816
0.280533
0.110875
0.088682
0.463755
0.202990
0.038959
0.192133
0.050730
0.110847
0.284720
0.271357
0.287147
0.214993
0.602240
0.291813
0.266044
0.186048
0.292684
0.119526
0.059557
0.547449
0.120779
0.490082
0.252363
0.127403
0.124716
0.233479
0.002415
0.623807
0.435275
0.180068
0.461234
0.286861
0.190123
0.007078
0.208381
0.322759
0.461507
0.207270
0.188470
0.324648
0.208540
0.341810
0.280539
0.322935
0.162404
0.160343
0.270186
0.007085
0.142067
0.273886
0.152311
0.250883
0.039997
0.269002
0.446772
0.102438
0.227578
0.163987
0.075010
0.406893
0.220720
0.032484
0.199048
0.240521
0.290779
0.399035
0.014034
0.178225
0.168008
0.246480
0.010212
0.055391
0.214465
0.616798
0.476770
0.275062
0.273042
0.055380
0.011638
0.117686
0.026228
0.109154
0.090247
0.204289
0.333870
0.116509
0.010637
0.159553
0.063089
0.221578
0.193731
0.395092
0.039869
0.069694
0.430854
0.053349
0.099732
0.399573
0.059547
0.156641
0.032300
0.152518
0.068974
0.299815
0.146828
0.084315
0.253533
0.490129
0.139118
0.217032
0.426914
0.014386
0.044038
0.128955
0.355408
0.113141
0.321551
0.232252
0.088960
0.099480
0.002534
0.039360
0.008759
0.354782
0.151754
0.163321
0.346515
0.292545
0.274144
0.126013
0.251496
0.351272
0.590103
0.163780
0.255728
0.248478
0.130772
0.475825
0.276684
0.005194
0.336306
0.278633
0.468832
0.240109
0.251793
0.336167
0.105203
0.264452
0.383939
0.300470
0.157695
0.194171
0.222182
0.137991
0.096796
0.333073
0.422984
0.028852
0.256898
0.123844
0.208895
0.283547
0.438614
0.182612
0.121847
0.377764
0.517846
0.218724
0.094663
0.547076
0.085691
0.373920
0.373632
0.388346
0.239732
0.101304
0.175248
0.024303
0.327376
0.164180
0.110370
0.273930
0.330374
0.256766
0.238556
0.276981
0.120907
0.115015
0.523865
0.308775
0.068675
0.535593
0.007089
0.295941
0.290275
0.074155
0.227045
0.148256
0.018141
0.067850
0.253110
0.487977
0.280282
0.203315
0.061849
0.104497
0.241622
0.412977
0.013428
0.140462
0.208867
0.079013
0.461704
0.009078
0.002304
0.215587
0.572865
0.198637
0.319212
0.409490
0.142054
0.483606
0.097511
0.331364
0.112957
0.178945
0.071723
0.107757
0.093679
0.501155
0.507820
0.181652
0.195329
0.268129
0.239456
0.566460
0.149769
0.012544
0.168860
0.056086
0.347481
0.385952
0.462013
0.148238
0.282820
0.621785
0.205365
0.176201
0.034375
0.296672
0.178515
0.157735
0.357686
0.269097
0.062505
0.084853
0.289310
0.149860
0.292410
0.155502
0.147974
0.062912
0.046225
0.270686
0.146315
0.116944
0.561385
0.372106
0.190015
0.235801
0.312547
0.112926
0.039901
0.382072
0.276915
0.277613
0.505113
0.117144
0.088485
0.095496
0.334157
0.192233
0.059871
0.004801
0.065650
0.376684
0.495837
0.197255
0.387282
0.000307
0.275508
0.115080
0.256784
0.289718
0.176825
0.058806
0.332333
0.353410
0.027562
0.095777
0.117420
0.178182
0.366190
0.103898
0.115566
0.395523
0.187904
0.162912
0.121781
0.249525
0.316993
0.033128
0.460771
0.086708
0.374981
0.538803
0.172961
0.184178
0.399691
0.073070
0.032682
0.291754
0.271804
0.414320
0.245595
0.281368
0.201958
0.145320
0.281570
0.132317
0.064945
0.040719
0.138185
0.319395
0.283334
0.427558
0.284746
0.199725
0.031566
0.058122
0.443678
0.344795
0.103428
0.351710
0.053197
0.737297
0.257886
0.213040
0.215793
0.427644
0.098923
0.182558
0.042622
0.303786
0.565809
0.595902
0.352182
0.310063
0.059468
0.341806
0.365436
0.077215
0.262700
0.410050
0.109541
0.474875
0.040307
0.260824
0.027799
0.380477
0.119562
0.168259
0.171205
0.166269
0.063798
0.348104
0.239538
0.161533
0.538965
0.436905
0.168686
0.087529
0.081310
0.185583
0.033578
0.589603
0.049300
0.408782
0.078932
0.249679
0.362614
0.022805
0.063191
0.359649
0.350117
0.122853
0.120972
0.229763
0.538439
0.637583
0.068958
0.033803
0.177337
0.022637
0.557412
0.164248
0.457590
0.003958
0.204821
0.144975
0.391167
0.271318
0.031887
0.320047
0.267909
0.160934
0.364236
0.293462
0.080428
0.149438
0.074142
0.383157
0.393532
0.121039
0.248664
0.196587
0.447152
0.070221
0.139909
0.600101
0.103532
0.219490
0.072750
0.051276
0.169607
0.150164
0.281845
0.048326
0.106376
0.046996
0.315463
0.483328
0.103014
0.079804
0.379182
0.008900
0.405809
0.513892
0.490888
0.242609
0.102768
0.362276
0.172204
0.084249
0.162408
0.214890
0.383659
0.231268
0.034211
0.220221
0.458771
0.014489
0.305304
0.252952
0.745260
0.516111
0.263094
0.261040
0.366648
0.031819
0.094705
0.432249
0.021811
0.100353
0.061950
0.090865
0.242625
0.274735
0.100246
0.126007
0.273571
0.392199
0.222557
0.139431
0.275815
0.056385
0.118500
0.386326
0.566865
0.300900
0.146882
0.325078
0.226518
0.419001
0.202392
0.298262
0.389511
0.332551
0.351586
0.510509
0.246718
0.265110
0.351541
0.278649
0.206264
0.466052
0.128737
0.245372
0.290931
0.092061
0.619931
0.286414
0.258782
0.260922
0.323769
0.480617
0.234055
0.107253
0.102085
0.109430
0.320300
0.045948
0.635230
0.324377
0.438985
0.296937
0.041934
0.122859
0.357578
0.239714
0.218752
0.003068
0.212170
0.040061
0.005114
0.155714
0.044472
0.487156
0.189492
0.229394
0.108437
0.429224
0.247667
0.267475
0.235262
0.096733
0.091994
0.185891
0.247569
0.253941
0.336987
0.070758
0.343142
0.296044
0.256049
0.326226
0.080536
0.089134
0.453168
0.268609
0.036974
0.115883
0.370292
0.234217
0.024214
0.100391
0.379594
0.079425
0.309859
0.326354
0.303743
0.014652
0.216487
0.632528
0.194435
0.259972
0.317578
0.191851
0.424466
0.357646
0.345626
0.329673
0.005547
0.029134
0.228929
0.183113
0.191162
0.364820
0.073767
0.200353
0.327384
0.571643
0.084467
0.366471
0.581996
0.242804
0.519616
0.289272
0.191765
0.162495
0.310034
0.254576
0.050112
0.092617
0.078768
0.304702
0.124471
0.232118
0.088019
0.254757
0.154687
0.107931
0.351079
0.053844
0.075732
0.266367
0.087315
0.044892
0.340148
0.660295
0.393985
0.190574
0.100952
0.469233
0.297204
0.468368
0.147372
0.170937
0.520613
0.492103
0.028785
0.451937
0.057707
0.141675
0.393583
0.359064
0.325669
0.292359
0.165461
0.307758
0.139133
0.251195
0.171327
0.372536
0.333362
0.025715
0.108559
0.304590
0.071149
0.351860
0.096715
0.194097
0.014712
0.357642
0.050188
0.427419
0.542667
0.099599
0.213817
0.326117
0.022172
0.073081
0.299149
0.278442
0.477342
0.559669
0.004651
0.059789
0.349245
0.184839
0.244453
0.214483
0.307873
0.251543
0.037129
0.135581
0.061639
0.242918
0.270526
0.086137
0.184604
0.382196
0.392246
0.176886
0.156003
0.132724
0.107825
0.103407
0.448763
0.258218
0.617905
0.103294
0.040041
0.262043
0.195724
0.317334
0.346392
0.213348
0.179761
0.390777
0.034878
0.197015
0.125494
0.077421
0.336273
0.155834
0.321631
0.133722
0.034391
0.408964
0.237861
0.317562
0.373523
0.335969
0.073450
0.145203
0.131590
0.216651
0.244815
0.166100
0.011992
0.176432
0.384398
0.130593
0.134585
0.064778
0.266870
0.294313
0.191144
0.122739
0.150734
0.088017
0.143897
0.002614
0.368791
0.380112
0.170790
0.112316
0.131868
0.000829
0.540963
0.462676
0.149002
0.016588
0.058092
0.128426
0.117194
0.571957
0.328104
0.685199
0.117011
0.563804
0.308114
0.284660
0.166447
0.289879
0.105110
0.048499
0.157438
0.183865
0.056296
0.453611
0.036744
0.353913
0.141529
0.068140
0.126826
0.073811
0.586676
0.172866
0.289961
0.245086
0.201828
0.351247
0.403733
0.143589
0.003176
0.390717
0.385511
0.099391
0.580437
0.253464
0.050039
0.283976
0.260762
0.546981
0.087074
0.517169
0.230574
0.301568
0.101252
0.421544
0.039422
0.027722
0.085376
0.328733
0.073208
0.365239
0.250595
0.263769
0.129574
0.031401
0.398533
0.054233
0.176876
0.278558
0.444576
0.193355
0.141748
0.546975
0.417452
0.377553
0.423222
0.312246
0.314931
0.250627
0.053398
0.165740
0.055158
0.243007
0.022906
0.402784
0.487225
0.217768
0.324595
0.531219
0.204581
0.536926
0.028965
0.452962
0.359878
0.511901
0.238341
0.138082
0.364679
0.584915
0.027368
0.163775
0.184483
0.180555
0.127830
0.018783
0.375565
0.068745
0.220941
0.198643
0.076351
0.218854
0.427006
0.528699
0.334295
0.297854
0.434529
0.183822
0.147827
0.089772
0.340183
0.215389
0.266305
0.434049
0.412414
0.097916
0.481220
0.176827
0.266467
0.092262
0.105742
0.454318
0.187102
0.304041
0.401960
0.236487
0.198155
0.282256
0.170370
0.083545
0.377023
0.005754
0.355077
0.129079
0.117691
0.304789
0.310294
0.080456
0.467020
0.850028
0.139113
0.175410
0.197005
0.266182
0.330526
0.050828
0.280662
0.374934
0.372456
0.165182
0.242998
0.159159
0.068260
0.501907
0.264878
0.501566
0.371961
0.626565
0.171433
0.571312
0.133850
0.388140
0.042770
0.166588
0.024347
0.160129
0.140684
0.151903
0.187460
0.578929
0.295301
0.415271
0.234386
0.248157
0.241069
0.541879
0.159561
0.257624
0.291989
0.128901
0.270073
0.244089
0.045216
0.188974
0.212400
0.108294
0.106354
0.029343
0.192673
0.396017
0.217096
0.237142
0.205158
0.487647
0.051108
0.414429
0.023602
0.041165
0.066913
0.128282
0.262389
0.092062
0.094580
0.036271
0.289811
0.109685
0.372408
0.424877
0.141634
0.427006
0.380758
0.199487
0.046640
0.360958
0.254045
0.312155
0.114593
0.106906
0.336912
0.149319
0.501402
0.010348
0.626000
0.075116
0.069837
0.508463
0.135621
0.108796
0.031911
0.006022
0.249782
0.420090
0.234190
0.190532
0.266300
0.095550
0.145204
0.177693
0.366840
0.250520
0.182296
0.006529
0.467863
0.215359
0.084351
0.156848
0.342478
0.591147
0.118256
0.165676
0.034371
0.015596
0.009048
0.451415
0.151624
0.235595
0.044401
0.243159
0.087821
0.364195
0.393237
0.195445
0.205777
0.334707
0.077871
0.239898
0.141979
0.326517
0.208012
0.047322
0.589551
0.318447
0.093647
0.044609
0.031789
0.205505
0.035681
0.081397
0.091164
0.300619
0.334956
0.030263
0.417060
0.227584
0.518257
0.056467
0.238812
0.087817
0.356433
0.423356
0.064361
0.237216
0.072560
0.604082
0.342829
0.301457
0.067264
0.367860
0.079932
0.049431
0.033615
0.234114
0.372842
0.400936
0.105074
0.087275
0.325954
0.055937
0.213290
0.100612
0.419951
0.257898
0.285257
0.264568
0.129110
0.038097
0.561409
0.029390
0.040271
0.282513
0.343184
0.205003
0.301933
0.290160
0.299099
0.374818
0.071247
0.078032
0.174432
0.145298
0.054777
0.330369
0.404909
0.014581
0.377401
0.369591
0.224201
0.466756
0.170410
0.382191
0.257302
0.121365
0.169906
0.019447
0.331846
0.566364
0.161512
0.126677
0.011452
0.004019
0.162469
0.397445
0.004691
0.170537
0.361412
0.057452
0.261621
0.231291
0.381630
0.076322
0.031712
0.185002
0.116986
0.149102
0.230525
0.282808
0.047525
0.450647
0.184427
0.142814
0.440617
0.194395
0.218483
0.142949
0.302620
0.266559
0.038935
0.206993
0.332480
0.156087
0.055046
0.534506
0.421358
0.165041
0.196662
0.108257
0.369016
0.410111
0.026169
0.481805
0.003928
0.005732
0.504263
0.306816
0.399217
0.614528
0.049062
0.098080
0.066047
0.098016
0.643854
0.377526
0.030082
0.018076
0.097131
0.479264
0.018783
0.070829
0.423051
0.477916
0.221347
0.429661
0.221486
0.031893
0.166274
0.225828
0.203408
0.437255
0.008142
0.181761
0.444511
0.056962
0.065358
0.337369
0.177593
0.217899
0.210580
0.213137
0.449153
0.396101
0.081993
0.051919
0.031277
0.212324
0.162757
0.103459
0.301858
0.132958
0.036296
0.144202
0.103526
0.459926
0.109383
0.329982
0.269682
0.056132
0.245225
0.347626
0.028261
0.231655
0.153750
0.080958
0.027100
0.323727
0.220561
0.158157
0.332628
0.189859
0.557868
0.302912
0.442172
0.032852
0.291752
0.264367
0.108541
0.296463
0.098337
0.250411
0.075712
0.471453
0.265446
0.130164
0.525493
0.063541
0.250562
0.106308
0.490929
0.185592
0.097282
0.290829
0.015082
0.182291
0.162432
0.453612
0.305894
0.269604
0.069129
0.667681
0.100366
0.691754
0.494598
0.160991
0.116204
0.241554
0.125539
0.334493
0.098007
0.181108
0.201871
0.511682
0.502506
0.099984
0.037767
0.256803
0.042037
0.046818
0.130684
0.187278
0.279472
0.310805
0.067397
0.174767
0.400432
0.170155
0.192389
0.044634
0.129862
0.099730
0.414283
0.215908
0.354121
0.081770
0.024728
0.357403
0.478895
0.188827
0.045345
0.508507
0.369987
0.107726
0.286767
0.376345
0.297291
0.116436
0.525047
0.079776
0.221799
0.632271
0.261860
0.136997
0.211577
0.164932
0.421511
0.148872
0.350594
0.157367
0.342264
0.393797
0.142840
0.064139
0.524468
0.549965
0.683793
0.375147
0.299198
0.180783
0.012408
0.425907
0.336429
0.395950
0.221878
0.427140
0.003834
0.646789
0.408141
0.086259
0.308393
0.137627
0.397908
0.031086
0.013123
0.387883
0.406463
0.027789
0.520517
0.059113
0.019904
0.321667
0.579422
0.185161
0.558054
0.194260
0.258909
0.384612
0.017502
0.082717
0.279708
0.089955
0.134975
0.111974
0.353899
0.429370
0.010057
0.155180
0.112182
0.284788
0.064508
0.158209
0.197795
0.456727
0.306295
0.452627
0.190757
0.194308
0.109963
0.283087
0.139530
0.329819
0.182637
0.219009
0.297316
0.464826
0.113504
0.287865
0.072999
0.070988
0.106712
0.128783
0.488648
0.177098
0.539514
0.246264
0.509408
0.190160
0.035367
0.045184
0.361766
0.059284
0.060062
0.146751
0.065887
0.159111
0.318620
0.218690
0.035954
0.096923
0.117233
0.265778
0.308841
0.286521
0.089995
0.188317
0.573008
0.147018
0.214207
0.147109
0.299294
0.468436
0.141590
0.149974
0.483175
0.412580
0.153809
0.663256
0.133406
0.171531
0.561373
0.275339
0.342877
0.334716
0.036294
0.445803
0.264250
0.293598
0.337815
0.422699
0.055561
0.147734
0.290897
0.280295
0.149535
0.175139
0.180709
0.172091
0.195627
0.115416
0.262003
0.385800
0.334273
0.135309
0.376850
0.316643
0.271777
0.126320
0.468454
0.199517
0.278178
0.047759
0.393874
0.145126
0.335963
0.086794
0.117509
0.093737
0.160627
0.024405
0.021929
0.611064
0.652087
0.407132
0.031966
0.227099
0.047277
0.233572
0.087018
0.064807
0.366131
0.169605
0.176371
0.440882
0.371187
0.157913
0.196208
0.096827
0.484376
0.020502
0.340588
0.140382
0.333098
0.122775
0.209052
0.238857
0.177819
0.045156
0.222976
0.315046
0.015517
0.071177
0.327424
0.405116
0.364507
0.056972
0.667130
0.213019
0.222232
0.203554
0.469586
0.136640
0.198120
0.389511
0.173165
0.310098
0.381724
0.125846
0.217140
0.156827
0.235517
0.138783
0.009375
0.145439
0.198890
0.044581
0.113722
0.241670
0.004135
0.215169
0.045425
0.111506
0.131978
0.298559
0.065834
0.250774
0.264069
0.074801
0.227252
0.142760
0.439393
0.194965
0.101073
0.306220
0.185473
0.221156
0.393432
0.110531
0.048311
0.116404
0.120978
0.418175
0.169563
0.146352
0.230432
0.510769
0.031827
0.102736
0.095418
0.008737
0.028788
0.464172
0.375357
0.111856
0.099053
0.460497
0.176515
0.439436
0.113624
0.097291
0.316553
0.263383
0.067452
0.357049
0.295261
0.046382
0.298284
0.233872
0.552613
0.112430
0.095286
0.100853
0.315461
0.047478
0.048333
0.086412
0.170013
0.343266
0.150253
0.262282
0.032686
0.208173
0.164965
0.204870
0.721991
0.264383
0.139494
0.420181
0.509211
0.252655
0.156570
0.383356
0.006566
0.373657
0.294907
0.188032
0.210426
0.054738
0.111601
0.165227
0.020361
0.232799
0.052360
0.372933
0.024577
0.111655
0.056708
0.153921
0.058870
0.066488
0.043448
0.164087
0.035437
0.177846
0.361725
0.292864
0.134343
0.413739
0.251333
0.315162
0.324617
0.412912
0.175694
0.274871
0.098176
0.401006
0.282229
0.113645
0.462529
0.166227
0.243907
0.235410
0.394957
0.390229
0.212685
0.087312
0.281244
0.049577
0.318932
0.156528
0.118716
0.105896
0.377509
0.600768
0.106851
0.029176
0.017088
0.349009
0.255500
0.650776
0.271918
0.539552
0.094615
0.151328
0.291259
0.089723
0.089801
0.062491
0.148751
0.287884
0.232862
0.484081
0.116197
0.445554
0.079692
0.474595
0.055060
0.235624
0.318366
0.120380
0.300326
0.221072
0.309734
0.255937
0.006807
0.231491
0.304472
0.099755
0.250198
0.363856
0.011400
0.164841
0.491995
0.009318
0.069698
0.031236
0.100319
0.097240
0.213705
0.151065
0.188067
0.343940
0.517262
0.175491
0.206537
0.118118
0.367594
0.124302
0.269616
0.126051
0.036629
0.019511
0.050746
0.099193
0.118287
0.036857
0.510454
0.337292
0.095113
0.113918
0.044985
0.426401
0.267418
0.416167
0.516966
0.225644
0.128570
0.079564
0.029190
0.207819
0.188565
0.107994
0.118496
0.418353
0.255951
0.655532
0.057865
0.179621
0.534470
0.073541
0.039595
0.274717
0.586166
0.133377
0.128310
0.225569
0.152473
0.284182
0.019163
0.074936
0.340090
0.088497
0.241274
0.407044
0.199993
0.117000
0.007576
0.290584
0.201084
0.153473
0.065032
0.604380
0.081185
0.262611
0.290632
0.148730
0.305052
0.138594
0.681540
0.192454
0.073824
0.162317
0.182840
0.477785
0.015648
0.370495
0.462645
0.161027
0.229878
0.100439
0.217353
0.081675
0.090011
0.064922
0.148712
0.342885
0.238076
0.098171
0.486773
0.099146
0.012737
0.178052
0.423211
0.081305
0.169748
0.353861
0.295035
0.021481
0.142189
0.388414
0.097805
0.448682
0.147785
0.525039
0.173715
0.126983
0.292226
0.387588
0.048454
0.283641
0.189033
0.367206
0.128561
0.277633
0.273864
0.229612
0.363185
0.698567
0.613154
0.103931
0.335687
0.263881
0.125560
0.049673
0.265813
0.314888
0.423443
0.289403
0.418095
0.418764
0.134466
0.187477
0.172678
0.400790
0.390864
0.289627
0.213642
0.099798
0.547959
0.326392
0.482837
0.418957
0.107397
0.349526
0.138511
0.349050
0.167611
0.183604
0.444016
0.044023
0.062152
0.059964
0.240583
0.294995
0.044814
0.274606
0.293419
0.294945
0.113227
0.289947
0.401334
0.375755
0.508457
0.287151
0.457053
0.544186
0.041782
0.511287
0.267705
0.385513
0.290643
0.062455
0.036232
0.330007
0.323255
0.070679
0.336023
0.011802
0.017539
0.066537
0.535699
0.527965
0.177339
0.033300
0.573049
0.439086
0.524900
0.174726
0.418727
0.195327
0.555453
0.143597
0.261505
0.210747
0.343560
0.234500
0.626198
0.047358
0.595156
0.171309
0.195118
0.158249
0.218102
0.320474
0.078403
0.236426
0.303899
0.129865
0.408792
0.171330
0.285171
0.223730
0.360683
0.122475
0.229149
0.025987
0.132169
0.344921
0.206241
0.150953
0.120764
0.165445
0.107742
0.110271
0.239034
0.273759
0.095876
0.290980
0.324759
0.094691
0.238378
0.143792
0.114071
0.337082
0.104342
0.372564
0.524898
0.079506
0.066901
0.270025
0.303434
0.246513
0.042547
0.185685
0.349841
0.573434
0.107561
0.177713
0.389801
0.193781
0.278258
0.239019
0.065716
0.483494
0.308321
0.176403
0.569476
0.112846
0.372880
0.039487
0.141528
0.400875
0.026475
0.191963
0.396677
0.300534
0.121794
0.265101
0.172702
0.172059
0.277227
0.309720
0.037195
0.138440
0.266583
0.344516
0.128022
0.038195
0.151070
0.058845
0.062645
0.186343
0.093695
0.404923
0.446593
0.166491
0.153068
0.638470
0.482553
0.226570
0.460230
0.144969
0.134601
0.307801
0.303350
0.310859
0.240765
0.011047
0.404219
0.117710
0.084707
0.322027
0.113031
0.350975
0.376131
0.081937
0.463031
0.539943
0.164609
0.219892
0.443403
0.046588
0.108823
0.058863
0.045154
0.149535
0.033199
0.473598
0.393457
0.347005
0.562655
0.202413
0.339184
0.364235
0.287762
0.116971
0.060350
0.628637
0.342548
0.244176
0.066364
0.107443
0.078889
0.358593
0.150411
0.483706
0.556653
0.065468
0.388376
0.388826
0.062589
0.117306
0.018769
0.277315
0.392756
0.372807
0.169650
0.283924
0.094150
0.300744
0.129749
0.015164
0.023697
0.268526
0.011614
0.106082
0.029872
0.442075
0.143316
0.347387
0.382065
0.485966
0.376241
0.263949
0.180840
0.219635
0.030816
0.170062
0.363764
0.237097
0.337059
0.111430
0.307736
0.271924
0.156421
0.092848
0.349117
0.185711
0.277078
0.093374
0.154426
0.320626
0.311883
0.128277
0.251636
0.160181
0.090660
0.311332
0.115894
0.080998
0.319396
0.471610
0.387285
0.141695
0.101833
0.105454
0.068954
0.139983
0.180065
0.387609
0.286721
0.161877
0.317236
0.122693
0.006240
0.217003
0.116797
0.243346
0.068185
0.145036
0.193105
0.191891
0.072543
0.000377
0.219498
0.297519
0.213738
0.033720
0.497171
0.016918
0.352299
0.132327
0.465981
0.208127
0.615429
0.101555
0.130766
0.256931
0.037751
0.275817
0.167253
0.471798
0.138971
0.176826
0.333364
0.200649
0.295167
0.322951
0.604162
0.211411
0.282510
0.105425
0.249209
0.007937
0.041264
0.273710
0.423498
0.016945
0.441454
0.123019
0.151245
0.305317
0.380973
0.071829
0.058137
0.126240
0.511321
0.384674
0.485064
0.251760
0.356713
0.188976
0.259988
0.023827
0.519533
0.174817
0.295773
0.359303
0.199064
0.124274
0.376129
0.354104
0.070527
0.352117
0.777555
0.077922
0.132325
0.655307
0.003853
0.510812
0.355363
0.236929
0.148744
0.175027
0.134807
0.228750
0.350493
0.395757
0.175788
0.215302
0.083434
0.050309
0.172573
0.007488
0.122290
0.261531
0.353454
0.280437
0.149149
0.445120
0.100719
0.321578
0.326221
0.140834
0.290524
0.228170
0.028259
0.039252
0.125930
0.533282
0.300062
0.069387
0.220471
0.013032
0.210524
0.470684
0.108933
0.122121
0.072183
0.003724
0.551735
0.068169
0.253924
0.088370
0.322590
0.288744
0.290591
0.511365
0.052545
0.488497
0.015743
0.571067
0.306852
0.048067
0.361185
0.068149
0.307599
0.205060
0.436278
0.036172
0.044071
0.088841
0.469580
0.493061
0.321161
0.103961
0.080670
0.165102
0.223958
0.271696
0.550477
0.008378
0.188491
0.302596
0.075863
0.273582
0.165857
0.550583
0.268793
0.066690
0.022367
0.059675
0.086419
0.007152
0.028817
0.300599
0.078716
0.029466
0.153604
0.230511
0.082431
0.206299
0.315347
0.134321
0.510907
0.528790
0.082420
0.314803
0.670766
0.082282
0.037179
0.309867
0.334788
0.196556
0.392424
0.090726
0.140588
0.010535
0.282614
0.359113
0.348924
0.007041
0.114331
0.403214
0.246570
0.107897
0.474102
0.118889
0.078120
0.016125
0.323499
0.493456
0.116938
0.158813
0.036072
0.349233
0.480436
0.214175
0.235891
0.275276
0.010933
0.159743
0.359196
0.350696
0.128477
0.427032
0.261499
0.182577
0.468042
0.235244
0.302216
0.019852
0.302848
0.359875
0.259281
0.078837
0.379157
0.149558
0.163999
0.366080
0.079594
0.413084
0.421312
0.160694
0.068085
0.325387
0.300657
0.252965
0.142092
0.263001
0.002717
0.439602
0.229263
0.242773
0.384150
0.151775
0.112651
0.038443
0.338436
0.001177
0.176359
0.328512
0.012963
0.519047
0.186532
0.038923
0.258101
0.243565
0.255627
0.416628
0.023173
0.098049
0.403415
0.396817
0.499829
0.245677
0.176480
0.338977
0.430546
0.029997
0.176546
0.489310
0.016374
0.406199
0.191480
0.537517
0.021518
0.471022
0.143899
0.195607
0.236127
0.225203
0.053871
0.111705
0.246071
0.288862
0.594227
0.523762
0.139424
0.052225
0.255347
0.346903
0.386307
0.524406
0.177605
0.516596
0.074597
0.271262
0.330691
0.364428
0.105409
0.530396
0.265298
0.232593
0.168813
0.255962
0.459608
0.531509
0.002444
0.009483
0.013163
0.092735
0.597602
0.130433
0.269098
0.079839
0.148080
0.240016
0.117505
0.181069
0.164697
0.018929
0.226576
0.064802
0.288962
0.371894
0.041746
0.221863
0.056197
0.447004
0.271206
0.077545
0.442344
0.087930
0.467557
0.040073
0.156594
0.458625
0.083944
0.170606
0.234182
0.088202
0.224018
0.259439
0.219964
0.255804
0.096893
0.064773
0.035896
0.126024
0.458586
0.058866
0.429410
0.115194
0.648609
0.295608
0.550002
0.010313
0.095309
0.240364
0.153206
0.225787
0.157594
0.279982
0.228653
0.532979
0.127588
0.126538
0.337824
0.104759
0.277371
0.077503
0.636040
0.529615
0.225447
0.285315
0.309505
0.185006
0.137740
0.338386
0.080917
0.157584
0.192272
0.166117
0.395634
0.573135
0.211841
0.415166
0.106646
0.223274
0.154087
0.017493
0.133279
0.093554
0.452737
0.067889
0.258785
0.065778
0.223415
0.438783
0.342215
0.439386
0.128314
0.428693
0.347454
0.241933
0.194926
0.488427
0.276744
0.081322
0.446430
0.408899
0.224919
0.265235
0.176354
0.330283
0.449312
0.087850
0.404917
0.464050
0.278761
0.305931
0.225561
0.479969
0.249304
0.155076
0.279331
0.013539
0.171227
0.012808
0.578444
0.564785
0.349689
0.350848
0.169307
0.433138
0.159260
0.205856
0.298993
0.162124
0.220791
0.131238
0.167037
0.059687
0.065267
0.478026
0.427281
0.362458
0.094589
0.325172
0.503617
0.082179
0.299350
0.086839
0.035847
0.229392
0.407394
0.294534
0.301921
0.231414
0.086189
0.195778
0.198797
0.016713
0.123253
0.112439
0.361488
0.407430
0.124555
0.266999
0.352222
0.331699
0.047060
0.099469
0.210887
0.222127
0.158978
0.170511
0.269184
0.062652
0.170808
0.630841
0.205440
0.314306
0.178461
0.086189
0.276098
0.425756
0.426728
0.573789
0.022592
0.073642
0.285379
0.035475
0.123816
0.588623
0.118466
0.209360
0.244599
0.430240
0.052484
0.196244
0.028802
0.304714
0.407583
0.154391
0.203744
0.129673
0.253078
0.349002
0.206807
0.055302
0.145131
0.583928
0.001470
0.342233
0.082896
0.008606
0.203980
0.105507
0.184954
0.110433
0.277144
0.142473
0.209532
0.133445
0.269766
0.408241
0.328431
0.123792
0.330328
0.584492
0.226879
0.442969
0.064156
0.160661
0.467567
0.596714
0.070706
0.457099
0.143019
0.097986
0.217694
0.110819
0.570012
0.200930
0.202948
0.205296
0.194607
0.008327
0.012286
0.200129
0.054409
0.104871
0.179803
0.491645
0.307649
0.132646
0.093625
0.220095
0.035334
0.283657
0.161114
0.414602
0.577577
0.119388
0.368321
0.276721
0.102619
0.136546
0.372543
0.268949
0.120236
0.438485
0.322590
0.136264
0.210001
0.129117
0.321340
0.304683
0.331761
0.519777
0.118991
0.158406
0.033780
0.194970
0.299394
0.066751
0.140951
0.271678
0.145041
0.125146
0.121223
0.133166
0.059507
0.099151
0.576036
0.220902
0.376360
0.265634
0.103302
0.284899
0.308141
0.056560
0.375204
0.046574
0.228472
0.274300
0.121836
0.017157
0.162434
0.196190
0.453379
0.084875
0.216754
0.172896
0.028158
0.351654
0.402328
0.137891
0.263902
0.419565
0.249076
0.012691
0.091005
0.432913
0.435200
0.142905
0.220691
0.246205
0.266066
0.000998
0.237273
0.226334
0.065926
0.308848
0.186960
0.286069
0.524161
0.110648
0.147941
0.124859
0.456673
0.313361
0.250244
0.208294
0.028059
0.265175
0.518861
0.461629
0.064791
0.082323
0.041578
0.182304
0.194700
0.390675
0.410331
0.825009
0.394938
0.488183
0.081806
0.174141
0.220240
0.419987
0.054181
0.168303
0.095478
0.149002
0.133815
0.656384
0.122337
0.476613
0.064203
0.016552
0.265964
0.199669
0.650671
0.092421
0.175388
0.100911
0.070020
0.454695
0.222485
0.268775
0.014103
0.535755
0.331101
0.022702
0.412936
0.259338
0.001244
0.316872
0.189026
0.382674
0.215213
0.653784
0.374419
0.174195
0.310682
0.242472
0.275830
0.051683
0.214264
0.295575
0.070764
0.462925
0.020371
0.294810
0.317382
0.021855
0.365226
0.112139
0.498184
0.174747
0.207109
0.180804
0.224835
0.507885
0.201901
0.299281
0.489912
0.234167
0.407666
0.038855
0.190224
0.177810
0.013921
0.049698
0.007959
0.370206
0.340830
0.137898
0.222395
0.417259
0.057150
0.568124
0.036882
0.692689
0.398990
0.101817
0.178819
0.036946
0.293041
0.224607
0.400436
0.090224
0.093206
0.049449
0.117875
0.011100
0.226016
0.078203
0.006225
0.060976
0.155198
0.193193
0.226201
0.600173
0.274433
0.110601
0.547892
0.068090
0.105830
0.121437
0.226832
0.428509
0.412455
0.387954
0.423779
0.226659
0.348985
0.150242
0.608358
0.315014
0.095767
0.435537
0.324243
0.339103
0.305810
0.198860
0.338405
0.196756
0.260267
0.017226
0.290931
0.089805
0.453458
0.263032
0.126212
0.059576
0.419554
0.010922
0.227470
0.546383
0.425331
0.040060
0.163451
0.045018
0.378660
0.054326
0.160979
0.350698
0.488590
0.047359
0.259449
0.180550
0.081045
0.213921
0.229108
0.291969
0.014740
0.325857
0.094990
0.229117
0.059267
0.492405
0.136015
0.259083
0.156693
0.386655
0.307839
0.231296
0.384190
0.414975
0.250505
0.237474
0.413578
0.375433
0.431650
0.397806
0.247511
0.195218
0.422729
0.073007
0.038134
0.176109
0.015139
0.088667
0.175299
0.165294
0.010463
0.052883
0.044230
0.289167
0.426459
0.078818
0.301040
0.267879
0.169074
0.163415
0.277807
0.190247
0.145165
0.074087
0.213675
0.248116
0.078014
0.007414
0.137125
0.557891
0.232546
0.550526
0.331761
0.385986
0.126408
0.000444
0.002683
0.300297
0.073164
0.486535
0.208858
0.044817
0.237100
0.003746
0.347449
0.177707
0.410774
0.132354
0.069606
0.310253
0.097389
0.092106
0.160369
0.040086
0.080283
0.171996
0.171070
0.365956
0.141568
0.207309
0.099338
0.197600
0.312869
0.433065
0.295156
0.079110
0.560106
0.212916
0.528020
0.086798
0.352330
0.699080
0.013683
0.305606
0.007328
0.010855
0.138893
0.433742
0.047885
0.439023
0.046011
0.273745
0.114178
0.441424
0.516085
0.241092
0.277618
0.226688
0.081997
0.121099
0.244058
0.227946
0.268595
0.302914
0.456882
0.302921
0.145987
0.034418
0.194777
0.062524
0.041880
0.204009
0.289260
0.213489
0.323632
0.240352
0.262339
0.175031
0.443344
0.112620
0.171965
0.294415
0.067601
0.366860
0.110371
0.119216
0.353831
0.494564
0.077396
0.392848
0.047819
0.419082
0.333605
0.051318
0.349676
0.097239
0.396600
0.159054
0.104271
0.151079
0.511573
0.000874
0.081310
0.163400
0.271402
0.331910
0.100154
0.080204
0.214764
0.009659
0.562293
0.244490
0.230036
0.521219
0.089885
0.075126
0.413458
0.409323
0.239134
0.210203
0.014700
0.205656
0.531185
0.006227
0.188628
0.135326
0.327466
0.031032
0.227452
0.292645
0.300567
0.332211
0.094776
0.537521
0.599767
0.314513
0.004515
0.096227
0.512027
0.655448
0.015298
0.264580
0.159536
0.089508
0.055496
0.284912
0.017883
0.123000
0.339064
0.215008
0.224695
0.069638
0.559163
0.077196
0.170373
0.426213
0.267485
0.077407
0.236800
0.387454
0.140778
0.429246
0.107899
0.209967
0.252771
0.051082
0.356788
0.179693
0.267195
0.237679
0.100927
0.357997
0.080924
0.061251
0.194623
0.567148
0.364976
0.122856
0.047286
0.014673
0.465260
0.398305
0.011107
0.437162
0.060262
0.193297
0.375935
0.329236
0.249863
0.491722
0.103290
0.001168
0.129533
0.138331
0.649830
0.324306
0.096622
0.227676
0.119400
0.479640
0.054347
0.052861
0.309158
0.529566
0.300921
0.370401
0.142437
0.302738
0.044039
0.264608
0.042512
0.561391
0.271902
0.366643
0.340934
0.055629
0.319576
0.196934
0.330530
0.297003
0.142106
0.061179
0.278961
0.444901
0.127757
0.015100
0.115639
0.151908
0.124060
0.055304
0.351446
0.062146
0.065870
0.257381
0.235669
0.481081
0.137334
0.406203
0.159846
0.165712
0.356691
0.383705
0.341149
0.110831
0.200322
0.140138
0.203020
0.099964
0.288083
0.090549
0.108999
0.038114
0.260468
0.275620
0.390200
0.197816
0.267042
0.448931
0.022522
0.301164
0.040647
0.157066
0.129302
0.505475
0.151450
0.200454
0.473616
0.008950
0.118766
0.074357
0.252143
0.263735
0.123103
0.183577
0.224631
0.334357
0.130790
0.552021
0.273832
0.584041
0.493002
0.670170
0.082015
0.676709
0.334439
0.105791
0.282802
0.004573
0.085495
0.161782
0.007893
0.095726
0.040572
0.659165
0.212571
0.048463
0.052296
0.075639
0.146242
0.170939
0.118017
0.054877
0.498122
0.374415
0.224595
0.608537
0.007109
0.093588
0.449287
0.117376
0.009091
0.271046
0.557487
0.100173
0.523338
0.053152
0.077440
0.621349
0.407344
0.083707
0.240435
0.304288
0.391376
0.184806
0.005291
0.138194
0.363638
0.038954
0.460500
0.140428
0.110064
0.525401
0.260755
0.110768
0.511447
0.488142
0.442343
0.069050
0.548563
0.181834
0.119740
0.135985
0.064674
0.023421
0.354451
0.389644
0.373792
0.383951
0.147646
0.159229
0.282077
0.499413
0.279209
0.302056
0.185568
0.149272
0.024219
0.720916
0.644907
0.163859
0.071391
0.166364
0.373406
0.174545
0.026420
0.291474
0.120982
0.119062
0.519422
0.009224
0.205501
0.236010
0.349712
0.030299
0.299670
0.012248
0.080601
0.360836
0.180285
0.065825
0.591129
0.285403
0.291825
0.176633
0.270029
0.207302
0.211915
0.323619
0.019302
0.335686
0.116104
0.017640
0.182642
0.374811
0.340666
0.204842
0.104040
0.127054
0.146232
0.079975
0.160597
0.052320
0.247953
0.132362
0.108425
0.318756
0.241689
0.288311
0.160247
0.079607
0.343384
0.268268
0.510244
0.060312
0.463559
0.049522
0.437599
0.219912
0.171023
0.223714
0.413182
0.071890
0.015031
0.227121
0.163517
0.127234
0.525580
0.379625
0.179162
0.139294
0.030142
0.222566
0.377146
0.510318
0.063512
0.452167
0.498603
0.205946
0.296677
0.022867
0.138408
0.251929
0.232530
0.216897
0.321658
0.230660
0.007295
0.729099
0.352046
0.047982
0.571864
0.299185
0.126910
0.337742
0.166319
0.369481
0.076570
0.122949
0.274400
0.412216
0.218295
0.043022
0.026521
0.440804
0.492216
0.221847
0.038048
0.016834
0.320930
0.071933
0.146785
0.186726
0.492929
0.046027
0.290238
0.575429
0.202763
0.151462
0.354186
0.081214
0.082559
0.110660
0.455184
0.030144
0.211140
0.085787
0.074024
0.163588
0.288997
0.142769
0.339724
0.529033
0.724109
0.343474
0.240503
0.393364
0.171446
0.081773
0.141064
0.144588
0.334640
0.098283
0.192897
0.302010
0.535777
0.052266
0.081976
0.308665
0.039693
0.126825
0.378121
0.147081
0.338215
0.211876
0.177478
0.359042
0.103447
0.003978
0.055115
0.329601
0.079431
0.039259
0.232631
0.170132
0.364182
0.218624
0.576633
0.248959
0.062717
0.048556
0.345178
0.188822
0.048007
0.322473
0.106890
0.083916
0.169213
0.360702
0.079139
0.059326
0.160969
0.069332
0.087858
0.089580
0.308765
0.128147
0.261497
0.187377
0.112931
