# G_2, p = 0.8000 GPa (dir_8000.0_bar).
# 4MR distortion Lambda = (1/2)|d_02 - d_13|.
# 180 rings x 101 frames = 18180 samples.
# Column: per-4MR Lambda [A]
0.185915
0.277492
0.080973
0.294983
0.277495
0.080978
0.185908
0.294977
0.277641
0.080950
0.185975
0.294825
0.080953
0.185972
0.277646
0.294827
0.186003
0.277593
0.080880
0.294923
0.185995
0.277599
0.080878
0.294918
0.185856
0.080910
0.277629
0.294943
0.080914
0.185858
0.277642
0.294947
0.282992
0.177531
0.078446
0.300150
0.177532
0.078446
0.282996
0.300160
0.177596
0.078442
0.283127
0.300013
0.078446
0.177589
0.283135
0.300009
0.283115
0.177587
0.078321
0.300093
0.177587
0.078320
0.283115
0.300090
0.078365
0.177442
0.283127
0.300138
0.078368
0.177442
0.283126
0.300138
0.286262
0.182824
0.079963
0.305891
0.182826
0.079962
0.286265
0.305894
0.182831
0.079956
0.286391
0.305759
0.079951
0.182830
0.286392
0.305763
0.182834
0.286352
0.079845
0.305867
0.286355
0.182830
0.079850
0.305865
0.079887
0.182736
0.286406
0.305859
0.079886
0.182736
0.286406
0.305855
0.293571
0.078310
0.304516
0.293568
0.078300
0.304506
0.078281
0.293350
0.304491
0.078278
0.293350
0.304490
0.293425
0.078363
0.304388
0.293421
0.078364
0.304378
0.078365
0.293557
0.304546
0.078365
0.293553
0.304542
0.301911
0.081045
0.302394
0.301908
0.081051
0.302395
0.081032
0.301767
0.302245
0.081038
0.301759
0.302240
0.301688
0.080932
0.302349
0.301688
0.080936
0.302362
0.080957
0.301896
0.302387
0.080960
0.301894
0.302392
0.298690
0.079963
0.293930
0.298696
0.079959
0.293934
0.079976
0.298784
0.294089
0.079972
0.298785
0.294088
0.298787
0.079895
0.294054
0.298787
0.079894
0.294052
0.079857
0.298624
0.294076
0.079857
0.298615
0.294081
0.002393
0.002346
0.001388
0.001461
0.000913
0.000976
0.002400
0.002340
0.000967
0.000903
0.001448
0.001388
0.109277
0.293909
0.129629
0.184462
0.296235
0.014758
0.161868
0.166860
0.296865
0.237794
0.238803
0.200301
0.069116
0.127798
0.201688
0.329255
0.301088
0.315075
0.009613
0.144438
0.099439
0.450567
0.155075
0.371382
0.234410
0.011794
0.307077
0.369019
0.147690
0.121096
0.323908
0.227757
0.327575
0.223056
0.098027
0.162802
0.098764
0.020216
0.197978
0.350214
0.123003
0.085724
0.475622
0.457785
0.155780
0.223191
0.352425
0.368750
0.214049
0.094542
0.120409
0.484199
0.109712
0.147727
0.319968
0.291821
0.087303
0.100780
0.406034
0.283464
0.174226
0.149223
0.148759
0.221546
0.450410
0.215168
0.162545
0.235933
0.222522
0.054517
0.287798
0.275856
0.245384
0.092623
0.334400
0.424511
0.250466
0.042062
0.434333
0.395139
0.230201
0.131619
0.073075
0.213715
0.339702
0.112346
0.012229
0.193968
0.079663
0.251268
0.289246
0.237580
0.003362
0.166615
0.179359
0.508205
0.276280
0.197390
0.415114
0.259103
0.118455
0.565937
0.149870
0.296805
0.292519
0.203020
0.228288
0.245757
0.211032
0.258558
0.573820
0.200162
0.289739
0.454880
0.250263
0.348647
0.504134
0.250443
0.046404
0.449388
0.334626
0.250956
0.363594
0.394308
0.077972
0.168334
0.171268
0.255241
0.410004
0.036965
0.340076
0.422932
0.490890
0.040378
0.206864
0.276044
0.140478
0.282889
0.062215
0.419268
0.364547
0.064768
0.178143
0.416118
0.355912
0.014603
0.325154
0.179195
0.154499
0.240159
0.197297
0.330303
0.237594
0.180283
0.280769
0.349444
0.202844
0.124477
0.303516
0.160351
0.077454
0.145904
0.003760
0.370116
0.248723
0.110464
0.246816
0.326867
0.053661
0.026082
0.017813
0.070903
0.198573
0.093322
0.260846
0.139486
0.026582
0.061450
0.033654
0.182332
0.051492
0.390019
0.147325
0.030848
0.360313
0.093955
0.178636
0.004346
0.321387
0.316486
0.238114
0.154538
0.030260
0.090411
0.140746
0.338406
0.493038
0.439658
0.133484
0.038087
0.014764
0.634392
0.224007
0.458177
0.261980
0.133398
0.305416
0.430878
0.225474
0.006292
0.393455
0.141863
0.420728
0.237059
0.150255
0.053033
0.057016
0.002114
0.092847
0.438546
0.022161
0.085353
0.609625
0.653917
0.278381
0.275632
0.399514
0.469967
0.159115
0.000405
0.125314
0.659811
0.029443
0.189175
0.384644
0.256651
0.102148
0.007347
0.583335
0.294349
0.279630
0.179128
0.044891
0.150030
0.636896
0.244590
0.363585
0.145469
0.247008
0.062570
0.285394
0.264471
0.334207
0.258828
0.344378
0.546994
0.476005
0.046255
0.560036
0.462617
0.261588
0.072586
0.077213
0.070992
0.406605
0.074501
0.085670
0.053877
0.072951
0.313047
0.320721
0.154723
0.055420
0.150932
0.023675
0.742154
0.246776
0.385600
0.487291
0.219525
0.226818
0.790797
0.220956
0.309538
0.267960
0.337944
0.164337
0.196764
0.112998
0.475778
0.788515
0.089614
0.489594
0.591912
0.474386
0.386266
0.662292
0.443955
0.240047
0.609624
0.295805
0.333984
0.435239
0.495968
0.075445
0.040801
0.247078
0.128554
0.500781
0.023821
0.358523
0.557702
0.649302
0.046166
0.123614
0.240013
0.110411
0.235563
0.027647
0.503079
0.466884
0.074928
0.078529
0.524135
0.396473
0.113119
0.324809
0.032470
0.296856
0.175381
0.280177
0.311018
0.217696
0.301876
0.283083
0.440060
0.102294
0.118924
0.336324
0.019044
0.055184
0.034738
0.128153
0.457543
0.198807
0.183855
0.242727
0.408376
0.086060
0.046648
0.036993
0.172331
0.420663
0.247292
0.519874
0.330589
0.050082
0.105195
0.092020
0.372178
0.053448
0.440739
0.182627
0.063817
0.416394
0.190406
0.257676
0.169206
0.412108
0.369840
0.281017
0.151050
0.047660
0.140500
0.078996
0.347038
0.624198
0.485925
0.217533
0.147330
0.000993
0.756974
0.249291
0.465130
0.272986
0.175694
0.223027
0.427851
0.315552
0.103113
0.495888
0.110701
0.502066
0.196387
0.214557
0.024458
0.034415
0.013660
0.028603
0.515036
0.043083
0.085757
0.588641
0.718585
0.415824
0.297150
0.415527
0.520172
0.142923
0.050649
0.098702
0.659230
0.027735
0.201423
0.361822
0.163680
0.095980
0.079272
0.650546
0.292192
0.334011
0.189517
0.004257
0.169708
0.744637
0.245591
0.525258
0.142151
0.259698
0.057174
0.316315
0.359574
0.339829
0.412606
0.404529
0.602934
0.590634
0.117944
0.635051
0.539880
0.283379
0.155433
0.020060
0.027254
0.488582
0.079912
0.142576
0.015096
0.043414
0.350892
0.417449
0.150394
0.122985
0.144176
0.089953
0.861465
0.216405
0.497088
0.487070
0.174807
0.280929
0.851425
0.288050
0.340759
0.300796
0.377339
0.119189
0.228190
0.048305
0.563914
0.839258
0.016581
0.525606
0.630067
0.625152
0.382111
0.756855
0.501728
0.415127
0.725019
0.288523
0.367579
0.485282
0.671896
0.140283
0.020536
0.344216
0.002097
0.531249
0.016258
0.317525
0.635314
0.736570
0.074345
0.054881
0.289001
0.086609
0.179966
0.038440
0.593969
0.515877
0.131518
0.112795
0.564641
0.353268
0.185372
0.269071
0.061780
0.359399
0.111459
0.321249
0.281656
0.223462
0.407158
0.276269
0.517052
0.036892
0.039683
0.289381
0.095691
0.008350
0.015260
0.229413
0.512546
0.141814
0.179705
0.272770
0.467226
0.151327
0.077081
0.056170
0.270031
0.525207
0.320492
0.662638
0.414815
0.145571
0.139371
0.160329
0.484248
0.093196
0.411528
0.165537
0.085753
0.451598
0.283081
0.300609
0.313352
0.488356
0.354017
0.257930
0.207377
0.082590
0.180009
0.008628
0.306494
0.589139
0.475573
0.308827
0.234280
0.003223
0.765144
0.246831
0.388479
0.248068
0.233162
0.115536
0.372715
0.297755
0.173103
0.569226
0.045416
0.602192
0.130282
0.244800
0.115008
0.030133
0.055271
0.014327
0.611425
0.008112
0.080470
0.498988
0.696781
0.493946
0.300534
0.415021
0.575196
0.171325
0.006778
0.085349
0.598916
0.084453
0.150602
0.341606
0.129341
0.042835
0.147346
0.626811
0.303641
0.290374
0.220591
0.071364
0.294262
0.733742
0.234531
0.585359
0.161986
0.318712
0.105778
0.390795
0.402995
0.270526
0.462046
0.429164
0.596851
0.581794
0.130165
0.569506
0.554557
0.377833
0.147339
0.051103
0.101207
0.518824
0.098514
0.156247
0.055164
0.022800
0.397850
0.507742
0.195327
0.176892
0.174696
0.221646
0.781487
0.239010
0.505279
0.347037
0.116015
0.266737
0.687401
0.377661
0.398800
0.335391
0.394530
0.132949
0.274406
0.037381
0.535220
0.683492
0.012281
0.504142
0.532368
0.688747
0.349555
0.675080
0.473734
0.465508
0.708273
0.201100
0.338772
0.522803
0.731178
0.190589
0.007942
0.365211
0.150344
0.551018
0.057650
0.210845
0.632912
0.640806
0.072918
0.051646
0.329536
0.071744
0.141711
0.039706
0.575100
0.536814
0.184108
0.192843
0.545673
0.308208
0.185987
0.233801
0.065509
0.315096
0.112087
0.337924
0.274962
0.301066
0.421100
0.255551
0.533231
0.079770
0.005660
0.272753
0.125900
0.006295
0.075429
0.180676
0.536528
0.075828
0.141151
0.318670
0.527920
0.176053
0.184780
0.088424
0.344141
0.569835
0.361984
0.728288
0.428753
0.230002
0.101676
0.181039
0.467859
0.136077
0.348612
0.129423
0.027060
0.434366
0.302940
0.331417
0.387181
0.540616
0.249775
0.219652
0.254086
0.020410
0.219793
0.028654
0.323779
0.453199
0.412099
0.351728
0.295126
0.041852
0.630496
0.236175
0.267349
0.276891
0.199565
0.016661
0.297048
0.206975
0.199944
0.509921
0.005107
0.753817
0.135723
0.237904
0.222184
0.045033
0.034834
0.022699
0.651716
0.065296
0.031547
0.322161
0.601099
0.516604
0.274736
0.331175
0.565678
0.213915
0.043992
0.031222
0.495334
0.088683
0.116309
0.335469
0.059824
0.018890
0.170315
0.514886
0.332144
0.287267
0.209781
0.196277
0.471321
0.618861
0.228118
0.510082
0.191163
0.429449
0.185109
0.474389
0.433323
0.157454
0.385689
0.412889
0.583460
0.511661
0.091595
0.422822
0.540612
0.500187
0.046280
0.140623
0.053635
0.500704
0.151731
0.140167
0.063056
0.021858
0.404498
0.530161
0.303375
0.171660
0.251618
0.322585
0.575213
0.286163
0.398539
0.227785
0.104109
0.261999
0.461274
0.381551
0.477554
0.381215
0.381937
0.141509
0.355274
0.028074
0.379595
0.468599
0.085669
0.418356
0.351745
0.627733
0.322071
0.553245
0.384674
0.388119
0.617545
0.105748
0.269185
0.532651
0.654081
0.247926
0.092544
0.415513
0.227263
0.590388
0.076062
0.099887
0.652122
0.489255
0.021541
0.020667
0.349821
0.064988
0.058276
0.062448
0.486560
0.479866
0.203825
0.342801
0.519581
0.229840
0.111775
0.233471
0.008175
0.260269
0.128536
0.246271
0.244931
0.408148
0.352898
0.216623
0.473812
0.188404
0.019212
0.227357
0.117259
0.011234
0.179417
0.061652
0.499801
0.055173
0.136415
0.363399
0.564678
0.179382
0.240664
0.087346
0.367863
0.496493
0.413976
0.666136
0.413357
0.256061
0.031140
0.147867
0.418305
0.211777
0.297289
0.111472
0.087583
0.381642
0.237632
0.401874
0.354020
0.594490
0.047880
0.122635
0.313617
0.002659
0.288294
0.004033
0.314048
0.319160
0.379429
0.364600
0.360917
0.160359
0.415265
0.201725
0.122847
0.313928
0.083025
0.096663
0.246235
0.112483
0.172613
0.347049
0.069846
0.748240
0.120408
0.197241
0.311620
0.097483
0.028561
0.027229
0.642711
0.099576
0.014015
0.159675
0.467775
0.396043
0.247551
0.242530
0.477416
0.205763
0.067266
0.023730
0.437739
0.049566
0.088031
0.285912
0.048404
0.041762
0.197146
0.400897
0.324732
0.310560
0.188346
0.335716
0.570713
0.452673
0.180521
0.393499
0.233834
0.454677
0.193566
0.491045
0.394222
0.047186
0.272854
0.438130
0.576867
0.375488
0.009627
0.276117
0.520704
0.556677
0.111154
0.263417
0.040896
0.430375
0.172960
0.176634
0.009834
0.085290
0.417510
0.466378
0.458416
0.176899
0.302204
0.308792
0.366423
0.341724
0.215029
0.192424
0.160064
0.244836
0.275805
0.323880
0.484908
0.438694
0.328969
0.128813
0.466174
0.017558
0.148643
0.264414
0.232610
0.265270
0.260302
0.466861
0.286207
0.443976
0.267979
0.279921
0.480932
0.040196
0.180152
0.545431
0.521462
0.296403
0.177243
0.510327
0.227145
0.633753
0.100996
0.061664
0.594257
0.351306
0.011036
0.019483
0.345623
0.079606
0.028657
0.137192
0.427974
0.384686
0.278299
0.488247
0.399557
0.129751
0.043120
0.213656
0.087117
0.206885
0.164492
0.083765
0.176695
0.475364
0.250975
0.216846
0.392324
0.345903
0.018374
0.217232
0.064147
0.031570
0.286429
0.113827
0.455920
0.099417
0.142070
0.413432
0.542287
0.132895
0.233818
0.045386
0.368048
0.352446
0.410663
0.416634
0.343321
0.225437
0.054979
0.061839
0.372870
0.239161
0.167995
0.127234
0.219220
0.313161
0.179665
0.423719
0.274633
0.539476
0.106439
0.015191
0.337132
0.044965
0.323261
0.069395
0.413040
0.173648
0.284865
0.370995
0.341542
0.255766
0.287643
0.146692
0.002283
0.340032
0.047689
0.203531
0.254048
0.020483
0.135154
0.245788
0.004541
0.641833
0.188057
0.135577
0.390713
0.122389
0.031939
0.092231
0.571759
0.131713
0.056838
0.070227
0.385859
0.221007
0.242187
0.180638
0.365326
0.208655
0.088031
0.033248
0.390686
0.092909
0.044143
0.256035
0.024662
0.057868
0.129177
0.208293
0.339669
0.281027
0.153222
0.512678
0.637952
0.269511
0.165403
0.215388
0.239581
0.426756
0.200812
0.437047
0.406452
0.026403
0.060972
0.407371
0.558074
0.191670
0.168600
0.163817
0.391194
0.595721
0.296662
0.282543
0.116812
0.313310
0.238153
0.197921
0.022304
0.102964
0.483495
0.348445
0.470060
0.114363
0.348448
0.233182
0.136151
0.319908
0.008061
0.140245
0.217127
0.206871
0.148696
0.315233
0.589760
0.419263
0.237469
0.106068
0.514552
0.126804
0.111965
0.053769
0.415622
0.096616
0.135797
0.277177
0.254317
0.320568
0.114792
0.067182
0.318643
0.000620
0.069333
0.547374
0.402885
0.297741
0.278416
0.543951
0.216473
0.571119
0.078585
0.002633
0.486631
0.218246
0.048297
0.024805
0.328200
0.130935
0.098091
0.185801
0.367400
0.254827
0.221235
0.550446
0.307705
0.054560
0.194149
0.223463
0.235791
0.066158
0.273308
0.067663
0.139871
0.489179
0.166458
0.313189
0.323104
0.434245
0.058622
0.214764
0.036577
0.071636
0.421897
0.328683
0.443122
0.228220
0.125517
0.520921
0.515948
0.058362
0.261232
0.036545
0.383320
0.218412
0.342687
0.193338
0.278874
0.116922
0.165237
0.002390
0.286148
0.232415
0.032324
0.146214
0.329851
0.215259
0.151689
0.463075
0.164765
0.400297
0.264102
0.102072
0.378839
0.146065
0.387403
0.148439
0.511971
0.016953
0.238750
0.304048
0.285745
0.356214
0.119905
0.071496
0.102411
0.357734
0.102332
0.315712
0.338389
0.018345
0.023259
0.170506
0.112266
0.495762
0.227682
0.054457
0.453192
0.149745
0.031645
0.213369
0.478000
0.183274
0.077550
0.092290
0.359191
0.003408
0.299662
0.194013
0.263138
0.210067
0.078941
0.085675
0.401594
0.282584
0.026699
0.213100
0.078823
0.083091
0.007046
0.118507
0.293654
0.179286
0.127988
0.613992
0.624122
0.157576
0.144184
0.008202
0.281576
0.315532
0.178782
0.324766
0.407027
0.017134
0.106554
0.406001
0.538814
0.000864
0.332350
0.046947
0.337720
0.560036
0.454382
0.268429
0.187979
0.252105
0.254168
0.229055
0.120079
0.103874
0.532295
0.222520
0.436767
0.081469
0.356978
0.075832
0.034988
0.303915
0.163406
0.051012
0.255330
0.049040
0.107461
0.305553
0.632562
0.405390
0.086374
0.088471
0.539233
0.258991
0.411563
0.093293
0.486280
0.036984
0.070811
0.069598
0.224245
0.189301
0.074048
0.168746
0.208587
0.053265
0.050903
0.536685
0.316484
0.260926
0.339527
0.582751
0.122283
0.467333
0.071312
0.008966
0.314790
0.180909
0.140406
0.143132
0.313925
0.205881
0.094820
0.242463
0.336939
0.125326
0.182946
0.572992
0.211629
0.048456
0.259598
0.222668
0.384244
0.067348
0.352988
0.173632
0.083667
0.375297
0.121694
0.368237
0.215607
0.451018
0.160021
0.239901
0.213868
0.116426
0.472620
0.490685
0.392358
0.292295
0.112482
0.573723
0.419343
0.045835
0.213019
0.109727
0.356572
0.108155
0.204879
0.030019
0.182857
0.006001
0.211159
0.066309
0.140326
0.170238
0.115827
0.161817
0.420404
0.130364
0.124009
0.495351
0.030764
0.219405
0.389021
0.081062
0.423719
0.132827
0.413993
0.264845
0.622152
0.159178
0.173215
0.113142
0.132266
0.369799
0.044294
0.014011
0.122709
0.342504
0.141762
0.384854
0.425108
0.000606
0.173732
0.048996
0.301563
0.371230
0.299132
0.004586
0.506343
0.157521
0.072392
0.316858
0.330286
0.198388
0.078534
0.075072
0.340650
0.121894
0.384600
0.160163
0.108470
0.231791
0.096042
0.104704
0.393219
0.466663
0.023132
0.191945
0.079207
0.126933
0.202533
0.066883
0.256510
0.053199
0.087182
0.601235
0.538147
0.061750
0.132248
0.253455
0.312534
0.210851
0.107355
0.196593
0.459022
0.044523
0.319066
0.472480
0.484844
0.121682
0.508322
0.020317
0.278953
0.515363
0.625404
0.223224
0.262357
0.167057
0.246295
0.146401
0.276883
0.082302
0.410868
0.091597
0.327489
0.016238
0.307920
0.064027
0.133254
0.286793
0.223193
0.013387
0.282295
0.129166
0.129008
0.255518
0.569775
0.392112
0.077423
0.077826
0.477279
0.416290
0.584104
0.130880
0.502765
0.104658
0.002831
0.071547
0.252786
0.124537
0.237760
0.440110
0.162939
0.061277
0.193101
0.474785
0.272428
0.241352
0.364764
0.593287
0.100799
0.300096
0.073232
0.056110
0.148003
0.161104
0.191970
0.264913
0.320928
0.242974
0.005492
0.235694
0.332914
0.012472
0.077962
0.582128
0.157648
0.092989
0.259839
0.247598
0.542908
0.166288
0.356696
0.276237
0.026063
0.215926
0.073473
0.395516
0.169456
0.342280
0.258069
0.200307
0.421233
0.139769
0.463815
0.526947
0.277836
0.341971
0.065296
0.508227
0.290655
0.077099
0.087301
0.223729
0.292464
0.031644
0.106339
0.242057
0.097634
0.056494
0.216829
0.080611
0.074370
0.149729
0.188759
0.167661
0.440681
0.127648
0.068008
0.496437
0.166992
0.097293
0.457421
0.018900
0.465334
0.089429
0.424985
0.338585
0.614742
0.232659
0.211971
0.104589
0.047191
0.358528
0.013053
0.082299
0.051104
0.301160
0.150618
0.329519
0.566015
0.058624
0.358888
0.025940
0.476599
0.268475
0.358202
0.027151
0.503287
0.232095
0.100047
0.430364
0.194797
0.235994
0.104353
0.071962
0.341181
0.239481
0.447539
0.155584
0.045833
0.282747
0.092233
0.187800
0.433491
0.561444
0.008725
0.204970
0.144013
0.099988
0.342685
0.103129
0.222874
0.110377
0.074510
0.426374
0.392280
0.066608
0.133537
0.360224
0.306631
0.069438
0.022900
0.110179
0.418126
0.110447
0.456957
0.516087
0.399202
0.208969
0.644861
0.072309
0.239052
0.403164
0.687272
0.139375
0.353070
0.072544
0.184544
0.000482
0.477443
0.004964
0.231102
0.061655
0.231156
0.057610
0.257074
0.225298
0.134364
0.297565
0.212937
0.004505
0.284385
0.270269
0.169695
0.195147
0.388867
0.393904
0.201094
0.117883
0.361625
0.534596
0.579315
0.102189
0.462631
0.180853
0.014254
0.216661
0.278630
0.085501
0.292659
0.591262
0.124058
0.031925
0.293918
0.393784
0.275515
0.222421
0.332809
0.498185
0.435245
0.243086
0.059931
0.163629
0.009254
0.172028
0.195955
0.347263
0.307792
0.255088
0.122847
0.204411
0.318860
0.038414
0.022988
0.522514
0.098724
0.203404
0.223478
0.260983
0.621126
0.225358
0.287577
0.276693
0.016051
0.055370
0.027964
0.437700
0.134300
0.227958
0.322193
0.189754
0.617684
0.119965
0.356785
0.481114
0.204302
0.339303
0.008817
0.387380
0.157362
0.057063
0.092965
0.347632
0.162151
0.106037
0.019641
0.473135
0.014391
0.080867
0.188952
0.101393
0.290814
0.135346
0.255929
0.141161
0.414221
0.186128
0.023305
0.391717
0.394821
0.030754
0.410330
0.130111
0.426415
0.059039
0.368316
0.363428
0.572854
0.233231
0.211224
0.257456
0.244659
0.268039
0.001836
0.166770
0.092102
0.307636
0.146577
0.216754
0.630973
0.147568
0.437906
0.046538
0.615385
0.242088
0.459728
0.027829
0.531587
0.233513
0.044152
0.424094
0.128166
0.252669
0.162544
0.164957
0.329027
0.283759
0.466361
0.193767
0.196375
0.384301
0.136760
0.243814
0.454531
0.618017
0.056914
0.258740
0.196076
0.077517
0.478035
0.184056
0.246754
0.310199
0.063164
0.200323
0.255258
0.077216
0.139311
0.385964
0.250775
0.006747
0.105813
0.086562
0.300479
0.191138
0.594585
0.519572
0.277141
0.176272
0.703424
0.060456
0.176795
0.322354
0.684326
0.020895
0.415781
0.021991
0.175981
0.215290
0.586735
0.172588
0.044600
0.100871
0.118687
0.174258
0.244597
0.372522
0.079744
0.283103
0.184524
0.015196
0.215475
0.367566
0.214730
0.122354
0.263759
0.320445
0.253654
0.206645
0.182998
0.620237
0.436690
0.045879
0.395325
0.203777
0.028664
0.319840
0.341974
0.089720
0.266580
0.620174
0.030333
0.151687
0.341448
0.287169
0.247723
0.155060
0.305844
0.274510
0.735212
0.189059
0.018301
0.253947
0.061052
0.207153
0.173773
0.371520
0.331515
0.253552
0.341438
0.137432
0.281624
0.007240
0.178073
0.324212
0.082874
0.294409
0.116425
0.314984
0.626157
0.305527
0.211890
0.209373
0.140678
0.024802
0.013038
0.521598
0.136642
0.148240
0.374922
0.186270
0.729520
0.145550
0.226786
0.381243
0.203943
0.350413
0.100664
0.307883
0.073542
0.027464
0.238637
0.421991
0.007895
0.153821
0.015450
0.634458
0.103525
0.053549
0.212443
0.106341
0.434786
0.138417
0.213307
0.073069
0.359131
0.269256
0.056586
0.253230
0.640462
0.058700
0.303385
0.263523
0.385061
0.176345
0.338893
0.370410
0.447620
0.127129
0.318015
0.370561
0.388391
0.267131
0.013554
0.233995
0.222505
0.351495
0.094687
0.045285
0.645068
0.219029
0.513935
0.014164
0.680008
0.185132
0.435370
0.104748
0.479024
0.270083
0.040724
0.408236
0.086396
0.312447
0.220955
0.288210
0.302602
0.317246
0.473132
0.255167
0.223830
0.480559
0.193090
0.280287
0.427249
0.562308
0.092792
0.274287
0.339097
0.027764
0.595384
0.306561
0.251771
0.458453
0.174054
0.024769
0.120586
0.113208
0.146228
0.336408
0.289187
0.057659
0.178458
0.056134
0.072606
0.320890
0.548504
0.469955
0.161641
0.089796
0.618332
0.076958
0.161770
0.178150
0.548298
0.120733
0.502610
0.033449
0.148120
0.336211
0.611738
0.250564
0.078507
0.272629
0.109293
0.189494
0.242401
0.544902
0.002247
0.317814
0.124305
0.007647
0.220001
0.366613
0.216858
0.040423
0.131763
0.287552
0.260463
0.288856
0.035768
0.635237
0.232957
0.006556
0.317756
0.230794
0.028214
0.333304
0.379803
0.096755
0.157952
0.565115
0.062495
0.289866
0.282429
0.139747
0.289722
0.085925
0.300132
0.041764
0.901444
0.178498
0.028769
0.336514
0.058350
0.257959
0.169179
0.375683
0.325265
0.297413
0.482753
0.150800
0.343831
0.098593
0.186985
0.161978
0.089346
0.405773
0.083303
0.300560
0.622279
0.266167
0.121244
0.134744
0.294537
0.026297
0.057104
0.572571
0.083516
0.158406
0.335185
0.268162
0.731640
0.183922
0.084805
0.258140
0.205380
0.348022
0.207793
0.164349
0.035523
0.109595
0.375200
0.454999
0.136020
0.203139
0.056085
0.728787
0.153755
0.022948
0.172246
0.143348
0.409015
0.174617
0.098148
0.019402
0.339776
0.357159
0.194054
0.118236
0.750196
0.092622
0.124805
0.368689
0.302562
0.305375
0.290752
0.365448
0.278552
0.049413
0.396060
0.461142
0.543179
0.293950
0.095985
0.254572
0.294040
0.418429
0.044111
0.141850
0.492484
0.353833
0.534965
0.105586
0.642348
0.193842
0.343996
0.150576
0.441462
0.275757
0.040284
0.358456
0.097398
0.295984
0.211023
0.414103
0.254723
0.227745
0.408465
0.309975
0.183523
0.505076
0.187925
0.182393
0.370788
0.405415
0.147452
0.323920
0.427486
0.021453
0.606294
0.381804
0.339194
0.510875
0.232890
0.156181
0.048871
0.152431
0.193869
0.246509
0.328616
0.064209
0.174964
0.065590
0.103154
0.409691
0.488014
0.323568
0.134081
0.048957
0.504275
0.264454
0.173255
0.069700
0.422009
0.212881
0.576179
0.062989
0.156631
0.374300
0.498869
0.241305
0.156319
0.387059
0.098824
0.193715
0.229318
0.559294
0.156348
0.269772
0.143638
0.028691
0.219519
0.257167
0.206029
0.072087
0.007663
0.211411
0.209687
0.312404
0.093178
0.602329
0.034132
0.036079
0.205891
0.188015
0.087380
0.241151
0.366128
0.116741
0.024315
0.392739
0.163294
0.387284
0.176460
0.014005
0.334631
0.028992
0.359677
0.112575
0.857710
0.172342
0.014960
0.419571
0.009788
0.254821
0.094078
0.345057
0.309471
0.271019
0.565757
0.097867
0.419924
0.213677
0.203006
0.012033
0.153680
0.528915
0.276103
0.259910
0.601124
0.130702
0.071863
0.047182
0.471107
0.082806
0.109354
0.556254
0.062554
0.212982
0.301588
0.350898
0.674308
0.282085
0.012000
0.109936
0.191395
0.332874
0.292786
0.055911
0.104818
0.205350
0.372291
0.408975
0.252615
0.206981
0.025961
0.584956
0.197725
0.083495
0.123140
0.088305
0.380539
0.257305
0.143617
0.010447
0.371848
0.447883
0.301422
0.068204
0.754847
0.165860
0.096118
0.399724
0.268477
0.321609
0.228798
0.303089
0.126454
0.229878
0.407108
0.427005
0.674640
0.306738
0.188406
0.225827
0.322386
0.405954
0.036500
0.374725
0.286262
0.409947
0.569239
0.228619
0.595892
0.161734
0.173407
0.197812
0.326893
0.309499
0.052408
0.357176
0.139967
0.328390
0.226910
0.496584
0.233453
0.121986
0.337647
0.339965
0.012908
0.455926
0.208009
0.145080
0.326569
0.206205
0.176699
0.321642
0.532415
0.114475
0.403683
0.331355
0.402652
0.365187
0.287342
0.222361
0.064138
0.228605
0.283945
0.067663
0.374697
0.086675
0.147544
0.071732
0.196863
0.452679
0.326221
0.148833
0.090007
0.150661
0.283364
0.380430
0.224278
0.011617
0.296219
0.300710
0.608812
0.180240
0.136089
0.302492
0.318809
0.212067
0.137905
0.488942
0.175194
0.151796
0.204106
0.568778
0.310295
0.207497
0.172380
0.071578
0.261813
0.105033
0.176450
0.105219
0.134426
0.198186
0.083461
0.309772
0.196978
0.485733
0.277602
0.110944
0.031787
0.169404
0.183293
0.177358
0.344435
0.115780
0.105782
0.293269
0.216373
0.551327
0.042784
0.065028
0.365224
0.058651
0.425955
0.181625
0.691538
0.219363
0.027213
0.468280
0.158342
0.193352
0.073900
0.328683
0.262751
0.231356
0.467612
0.062508
0.462343
0.342226
0.166911
0.099957
0.161457
0.633439
0.340079
0.161376
0.443372
0.009192
0.014433
0.094467
0.637513
0.102018
0.130678
0.489854
0.063546
0.297281
0.259857
0.461093
0.555462
0.316510
0.044454
0.026021
0.189304
0.363055
0.279457
0.007115
0.119050
0.213848
0.275807
0.288156
0.346216
0.145589
0.025988
0.369584
0.226674
0.136061
0.003277
0.049830
0.316677
0.301423
0.355229
0.034097
0.485881
0.488423
0.348637
0.002542
0.641405
0.262328
0.327977
0.412106
0.213683
0.292330
0.123928
0.239708
0.051427
0.397023
0.339228
0.326061
0.740007
0.264069
0.312458
0.143953
0.386454
0.309187
0.100597
0.635482
0.050302
0.397311
0.506420
0.287716
0.540953
0.170221
0.092166
0.270257
0.267067
0.295140
0.066260
0.354516
0.198540
0.298448
0.208493
0.567762
0.225541
0.051290
0.266234
0.329941
0.144429
0.388199
0.213563
0.122354
0.268463
0.011358
0.208534
0.345122
0.498096
0.209925
0.177034
0.172757
0.440098
0.088492
0.233035
0.214823
0.165019
0.287198
0.375101
0.085628
0.389752
0.071471
0.074191
0.137670
0.149098
0.395124
0.163346
0.010317
0.078283
0.238543
0.061101
0.495406
0.231904
0.041441
0.250044
0.353253
0.593576
0.325381
0.116697
0.238050
0.180431
0.157497
0.103877
0.517828
0.263886
0.139140
0.139459
0.537194
0.466534
0.170815
0.180696
0.182438
0.303895
0.070296
0.137279
0.087796
0.165777
0.215502
0.024856
0.321380
0.237523
0.416064
0.475721
0.210992
0.055431
0.110048
0.253826
0.105963
0.294633
0.157579
0.164376
0.295832
0.189850
0.702395
0.082036
0.044584
0.364491
0.151190
0.425851
0.182587
0.417075
0.198473
0.069306
0.483643
0.314176
0.121847
0.034643
0.265159
0.227983
0.164698
0.327155
0.010541
0.494659
0.442490
0.126600
0.173882
0.193002
0.659675
0.342358
0.101585
0.206962
0.106196
0.007537
0.175051
0.700292
0.161175
0.144659
0.445846
0.144428
0.315197
0.194943
0.494751
0.425564
0.339835
0.177227
0.042085
0.220747
0.413865
0.188092
0.060730
0.043220
0.209523
0.142960
0.089437
0.357875
0.118074
0.012078
0.065856
0.236533
0.154208
0.107770
0.008908
0.217803
0.328351
0.526319
0.088301
0.553011
0.479068
0.373619
0.003624
0.382855
0.413877
0.522276
0.407187
0.239893
0.205310
0.014249
0.172660
0.042849
0.503279
0.339502
0.149781
0.647432
0.223574
0.372219
0.054031
0.529030
0.181341
0.160824
0.779600
0.112773
0.251096
0.438180
0.315764
0.475134
0.177849
0.021655
0.276737
0.212720
0.383408
0.128388
0.390955
0.255702
0.218901
0.177095
0.551881
0.284653
0.203329
0.173482
0.311270
0.326185
0.254298
0.194544
0.099833
0.273351
0.222880
0.159152
0.382686
0.489305
0.310449
0.023640
0.078252
0.372997
0.186832
0.213067
0.099713
0.317836
0.342861
0.437439
0.283354
0.430490
0.000693
0.029953
0.259594
0.067474
0.432236
0.057114
0.146227
0.070550
0.297573
0.128138
0.565277
0.247919
0.071463
0.210329
0.320378
0.563107
0.452093
0.088250
0.100008
0.075308
0.076014
0.011259
0.451598
0.447102
0.119713
0.061306
0.487478
0.527019
0.189727
0.113886
0.283797
0.436992
0.264454
0.107084
0.045976
0.096799
0.321451
0.165911
0.363236
0.248664
0.269267
0.577693
0.361513
0.102944
0.016923
0.397965
0.012323
0.238045
0.173920
0.264634
0.363434
0.055195
0.717736
0.178612
0.056229
0.298374
0.196034
0.414418
0.196327
0.162893
0.202649
0.072362
0.444232
0.490566
0.115978
0.010109
0.272890
0.161967
0.078461
0.149782
0.006476
0.467313
0.504946
0.022042
0.160474
0.220539
0.619172
0.273730
0.055526
0.005325
0.279307
0.000701
0.252456
0.653931
0.181505
0.184963
0.380557
0.158009
0.388813
0.072497
0.478254
0.283839
0.304665
0.324432
0.095104
0.260743
0.425033
0.022389
0.148142
0.022801
0.139509
0.040076
0.138441
0.276151
0.068780
0.034977
0.180651
0.240457
0.111991
0.151333
0.036078
0.102143
0.332361
0.562698
0.133871
0.595043
0.377960
0.377362
0.013180
0.134796
0.495452
0.639144
0.402196
0.304868
0.097513
0.003758
0.158832
0.063203
0.502755
0.289608
0.047316
0.502211
0.209829
0.451352
0.062727
0.654002
0.091139
0.203298
0.782837
0.233940
0.142024
0.360576
0.347184
0.341289
0.225281
0.003985
0.254877
0.229561
0.384839
0.176545
0.325920
0.328066
0.128215
0.169701
0.442477
0.343786
0.368632
0.079353
0.306339
0.475230
0.120944
0.207407
0.023985
0.252928
0.384832
0.149123
0.465855
0.365401
0.360557
0.145433
0.030295
0.330349
0.394028
0.136817
0.042208
0.422903
0.378622
0.401277
0.408343
0.447431
0.149090
0.115249
0.394677
0.075294
0.414104
0.216700
0.261071
0.130712
0.285095
0.229501
0.613365
0.236149
0.032203
0.246222
0.243852
0.478098
0.579236
0.101819
0.081350
0.052291
0.013361
0.114715
0.354108
0.568373
0.093583
0.011177
0.435057
0.525227
0.227239
0.094994
0.486053
0.515552
0.429151
0.126077
0.004408
0.039612
0.416936
0.262412
0.418958
0.119357
0.153361
0.632854
0.484969
0.108427
0.190694
0.529049
0.139908
0.218669
0.199597
0.338721
0.448508
0.177166
0.631405
0.249053
0.194296
0.201890
0.152723
0.321871
0.159045
0.013047
0.171476
0.146577
0.452638
0.559938
0.139281
0.040766
0.312441
0.121847
0.055735
0.033023
0.001906
0.356997
0.503688
0.162594
0.089489
0.305299
0.480917
0.135609
0.051085
0.075190
0.396065
0.094489
0.293189
0.539424
0.233342
0.123413
0.260067
0.202213
0.376134
0.035455
0.418668
0.115657
0.295869
0.438985
0.169034
0.252774
0.410956
0.233288
0.244018
0.094301
0.105668
0.112828
0.356488
0.225663
0.013892
0.057217
0.401328
0.235335
0.088319
0.128087
0.022764
0.009031
0.297048
0.549590
0.154628
0.554572
0.284308
0.292893
0.002873
0.035871
0.512922
0.691354
0.406744
0.392821
0.038840
0.017329
0.183612
0.100629
0.443503
0.282797
0.208593
0.331172
0.177766
0.514945
0.158996
0.727478
0.036621
0.193590
0.686906
0.253111
0.024483
0.269482
0.424886
0.234652
0.236508
0.010105
0.185256
0.199758
0.383579
0.205429
0.301383
0.435251
0.124131
0.168405
0.317649
0.405105
0.414022
0.017590
0.290112
0.632185
0.023544
0.247728
0.011561
0.268310
0.430524
0.115837
0.483534
0.310565
0.355672
0.200467
0.078455
0.286246
0.507430
0.101704
0.247054
0.451649
0.371976
0.294707
0.510935
0.463204
0.238229
0.161441
0.476896
0.201992
0.382796
0.385705
0.303644
0.203642
0.230903
0.244944
0.646219
0.248616
0.004452
0.205452
0.140728
0.342303
0.628839
0.164308
0.250374
0.069825
0.046581
0.236123
0.321764
0.600702
0.110701
0.008224
0.395181
0.461573
0.305532
0.005536
0.674318
0.584578
0.479746
0.138522
0.071119
0.203335
0.518911
0.347825
0.495196
0.055607
0.051055
0.589438
0.547722
0.084331
0.280277
0.631546
0.235200
0.251994
0.203810
0.383007
0.551929
0.430757
0.524063
0.316262
0.351183
0.122880
0.080630
0.250900
0.091092
0.121117
0.218359
0.181969
0.446327
0.569851
0.232652
0.045084
0.417528
0.094286
0.092520
0.024564
0.039416
0.186903
0.487767
0.282732
0.045732
0.392442
0.306382
0.048269
0.048203
0.114734
0.459844
0.248920
0.345194
0.473617
0.265394
0.010685
0.214500
0.225942
0.351005
0.154334
0.346519
0.017147
0.195573
0.479710
0.156517
0.237825
0.411936
0.365712
0.347773
0.193617
0.085707
0.264085
0.509963
0.182171
0.080874
0.087888
0.560782
0.202666
0.022588
0.101104
0.051382
0.169436
0.210158
0.489445
0.134742
0.506814
0.190866
0.154706
0.041316
0.132497
0.471718
0.659449
0.389631
0.482194
0.169945
0.039528
0.260185
0.112317
0.348728
0.245542
0.268642
0.229329
0.108468
0.470010
0.264030
0.696959
0.015092
0.137544
0.570875
0.256721
0.141827
0.122122
0.411331
0.122703
0.285555
0.038229
0.078940
0.217353
0.295841
0.227914
0.268008
0.489833
0.088485
0.086281
0.191145
0.382627
0.403661
0.052709
0.236955
0.710886
0.008469
0.247787
0.086579
0.225472
0.388693
0.105983
0.483821
0.142144
0.269116
0.185332
0.132588
0.335626
0.545369
0.012102
0.451723
0.391251
0.352270
0.164473
0.473963
0.488684
0.393684
0.213438
0.537504
0.371526
0.318176
0.409189
0.221198
0.355703
0.144014
0.198112
0.566815
0.249568
0.050154
0.249705
0.031289
0.157789
0.628024
0.217270
0.386937
0.149144
0.083862
0.266503
0.256988
0.498256
0.140141
0.075805
0.315607
0.443898
0.397054
0.154240
0.780028
0.564400
0.475649
0.191947
0.083234
0.356007
0.494945
0.348894
0.531006
0.330154
0.001993
0.437918
0.569126
0.008412
0.319619
0.682801
0.253032
0.300188
0.272522
0.354845
0.585924
0.619004
0.356050
0.385912
0.470096
0.078237
0.034372
0.176653
0.013909
0.173409
0.297104
0.217895
0.520313
0.436506
0.334360
0.073391
0.452410
0.114964
0.081374
0.023006
0.078288
0.036199
0.476649
0.297798
0.241509
0.537081
0.132420
0.153276
0.073025
0.099936
0.476842
0.477215
0.398130
0.383913
0.325101
0.120397
0.166035
0.300205
0.245433
0.271123
0.203335
0.056719
0.086284
0.457964
0.140427
0.244034
0.425562
0.464882
0.473506
0.330153
0.125141
0.382486
0.557793
0.154383
0.115274
0.110818
0.692564
0.157823
0.074811
0.079566
0.114781
0.323959
0.145046
0.476983
0.076785
0.417664
0.089069
0.054344
0.124966
0.137660
0.374340
0.545244
0.355976
0.566582
0.286881
0.081822
0.401585
0.147822
0.245467
0.303368
0.261479
0.166109
0.086592
0.381949
0.246607
0.581265
0.008077
0.018543
0.418272
0.196147
0.270539
0.003921
0.411870
0.084705
0.225548
0.064975
0.076708
0.222843
0.301461
0.273554
0.328749
0.504496
0.081104
0.021447
0.051513
0.315705
0.274558
0.117409
0.191702
0.700785
0.022686
0.272565
0.144088
0.218928
0.291435
0.147737
0.433598
0.103865
0.217620
0.077454
0.229834
0.305911
0.457883
0.022346
0.700413
0.292480
0.319908
0.093364
0.404671
0.492591
0.472663
0.258730
0.481471
0.530820
0.273982
0.342108
0.072343
0.497603
0.061900
0.118116
0.387737
0.319714
0.056114
0.250913
0.063674
0.020078
0.576726
0.295549
0.456568
0.208821
0.064664
0.256864
0.210556
0.415408
0.119379
0.154352
0.201693
0.429675
0.472375
0.306206
0.638907
0.571874
0.401896
0.259027
0.076037
0.406941
0.448385
0.333050
0.556612
0.552492
0.106883
0.197155
0.492935
0.063615
0.327403
0.722614
0.191664
0.356947
0.362796
0.303080
0.571112
0.726109
0.193208
0.488999
0.523695
0.110229
0.172802
0.176157
0.117026
0.141966
0.347358
0.226633
0.531020
0.256606
0.427229
0.034443
0.473409
0.079374
0.022835
0.016061
0.109499
0.200067
0.454655
0.286047
0.513920
0.613777
0.008182
0.165911
0.084547
0.073633
0.480919
0.639283
0.467618
0.328015
0.384039
0.192669
0.126344
0.407247
0.230744
0.389857
0.069301
0.069132
0.074817
0.377777
0.096890
0.231522
0.398654
0.509034
0.538681
0.497245
0.073554
0.441057
0.499709
0.119425
0.210753
0.136134
0.634511
0.083234
0.170686
0.067300
0.148003
0.438564
0.134406
0.440780
0.018481
0.343396
0.009819
0.032907
0.138497
0.093287
0.234530
0.394115
0.293666
0.610508
0.399154
0.152332
0.489269
0.194215
0.165659
0.326641
0.209715
0.163467
0.131432
0.292912
0.252064
0.336927
0.015310
0.188704
0.246760
0.084766
0.332347
0.060242
0.397322
0.046760
0.149190
0.116413
0.200079
0.281910
0.255162
0.242013
0.335705
0.432728
0.031333
0.096521
0.050044
0.205319
0.171150
0.207315
0.268468
0.682227
0.001719
0.304258
0.176307
0.183199
0.152047
0.263711
0.363135
0.015880
0.133304
0.114298
0.286041
0.308374
0.313835
0.051219
0.803649
0.164135
0.324340
0.045391
0.254800
0.512695
0.497219
0.262498
0.427925
0.705592
0.164353
0.160755
0.149592
0.574046
0.087870
0.012589
0.231054
0.401345
0.082571
0.314311
0.099449
0.051862
0.523855
0.354009
0.500414
0.286110
0.074807
0.273234
0.255775
0.314214
0.079930
0.206405
0.152618
0.488283
0.427999
0.338156
0.430843
0.491335
0.261772
0.333819
0.052110
0.432610
0.307318
0.213886
0.604443
0.745109
0.173734
0.039386
0.347103
0.212798
0.280408
0.667988
0.100015
0.403172
0.481634
0.176156
0.513493
0.684366
0.055968
0.616570
0.502951
0.173067
0.305439
0.188612
0.259798
0.053983
0.299129
0.288034
0.562472
0.025007
0.508700
0.012186
0.443648
0.118736
0.020869
0.073829
0.101757
0.230243
0.369337
0.245769
0.783071
0.641983
0.075464
0.132206
0.174051
0.008967
0.326267
0.699631
0.504436
0.290243
0.416674
0.272650
0.062700
0.502029
0.189151
0.387672
0.055343
0.057554
0.159156
0.328112
0.053562
0.247286
0.384962
0.453143
0.514178
0.624129
0.049075
0.447936
0.359700
0.062371
0.263945
0.152492
0.487142
0.012998
0.214869
0.071389
0.086523
0.493190
0.153854
0.466972
0.131064
0.188657
0.098248
0.155002
0.155270
0.011804
0.060109
0.214345
0.189473
0.537085
0.422865
0.217480
0.539508
0.251442
0.130110
0.322792
0.116685
0.150878
0.116237
0.198555
0.259796
0.135684
0.073674
0.338929
0.102907
0.075188
0.340884
0.045985
0.411803
0.080425
0.061917
0.144816
0.307849
0.292259
0.246642
0.146808
0.404259
0.332808
0.102653
0.150461
0.057107
0.171785
0.022016
0.207924
0.378560
0.631691
0.116090
0.374018
0.112897
0.175715
0.065323
0.308437
0.220906
0.090466
0.041862
0.337659
0.332598
0.298783
0.135270
0.020949
0.724044
0.104125
0.319113
0.100140
0.099095
0.464214
0.442161
0.344551
0.402054
0.686009
0.052021
0.055707
0.311652
0.511352
0.181624
0.171983
0.091901
0.523642
0.121352
0.318783
0.079575
0.061113
0.421138
0.471768
0.467250
0.269984
0.006164
0.353990
0.275607
0.237202
0.086665
0.286666
0.144395
0.489672
0.375783
0.371567
0.191593
0.423850
0.089975
0.410405
0.056450
0.446001
0.163911
0.126782
0.586882
0.813120
0.196830
0.254456
0.190685
0.427909
0.172978
0.547351
0.020927
0.456357
0.494619
0.082053
0.448115
0.557608
0.054576
0.615426
0.448530
0.220650
0.295255
0.242053
0.312041
0.073487
0.266146
0.206863
0.497444
0.069302
0.567783
0.097572
0.452539
0.140916
0.110138
0.181294
0.134400
0.190744
0.330628
0.213441
0.877499
0.514780
0.098288
0.057739
0.317256
0.091115
0.170846
0.641963
0.520130
0.259667
0.484189
0.300779
0.067076
0.568204
0.248311
0.357367
0.080102
0.009907
0.229900
0.262625
0.048317
0.329114
0.395070
0.300434
0.446604
0.712178
0.024091
0.370359
0.137769
0.039203
0.323390
0.155135
0.200975
0.146889
0.244902
0.053908
0.024360
0.462109
0.168560
0.449475
0.264328
0.074665
0.170209
0.197797
0.157713
0.090098
0.075671
0.000303
0.126356
0.443327
0.394843
0.326896
0.581371
0.268770
0.139662
0.260611
0.006209
0.212211
0.154861
0.111294
0.282467
0.034202
0.153076
0.387545
0.063524
0.265370
0.182481
0.003458
0.378950
0.122058
0.050439
0.204841
0.296683
0.340783
0.234344
0.079770
0.374494
0.226437
0.218940
0.184066
0.035995
0.148298
0.064252
0.136232
0.453004
0.521478
0.263023
0.443926
0.063438
0.120042
0.281835
0.316665
0.107887
0.148587
0.023024
0.560329
0.391577
0.290694
0.017847
0.121796
0.591306
0.048994
0.313857
0.169243
0.097856
0.398297
0.353684
0.413087
0.384050
0.595402
0.030976
0.366399
0.460749
0.406486
0.220120
0.353841
0.030504
0.546811
0.238458
0.338858
0.055269
0.047752
0.367740
0.519534
0.400223
0.293760
0.008801
0.336123
0.245451
0.141616
0.109061
0.300412
0.180883
0.474819
0.367296
0.392878
0.006486
0.309789
0.003383
0.516973
0.035782
0.426131
0.028237
0.002829
0.498374
0.815791
0.093483
0.369167
0.073478
0.589523
0.037613
0.401472
0.020923
0.461550
0.525299
0.008986
0.377695
0.438159
0.038418
0.475687
0.363624
0.302757
0.227938
0.300652
0.331005
0.174399
0.202862
0.117463
0.465803
0.092928
0.506591
0.138300
0.404274
0.237445
0.214163
0.313611
0.177073
0.059178
0.248574
0.195466
0.829726
0.352451
0.080502
0.064507
0.498778
0.174381
0.013375
0.466912
0.529331
0.130273
0.572596
0.215457
0.095707
0.573011
0.237160
0.345643
0.030376
0.083727
0.260626
0.224475
0.106408
0.383231
0.425703
0.103448
0.372282
0.694873
0.018894
0.247920
0.118656
0.128354
0.276035
0.123865
0.120975
0.269845
0.214471
0.016455
0.123702
0.396669
0.257215
0.441762
0.384117
0.058676
0.162767
0.153224
0.208994
0.208864
0.222135
0.245782
0.091158
0.330660
0.335614
0.405885
0.557004
0.266927
0.193343
0.252831
0.111519
0.300697
0.267857
0.082003
0.178670
0.103187
0.233267
0.306108
0.067795
0.437449
0.018433
0.060282
0.367723
0.209458
0.080225
0.242090
0.271133
0.347828
0.253370
0.049122
0.354644
0.132724
0.408317
0.142119
0.174919
0.152882
0.157767
0.086035
0.427803
0.396630
0.380231
0.426656
0.008302
0.085579
0.455589
0.231353
0.006052
0.320390
0.055320
0.663475
0.432062
0.189865
0.054972
0.226612
0.438572
0.057550
0.239611
0.281244
0.179655
0.344520
0.246039
0.451040
0.389692
0.494979
0.076685
0.508603
0.553138
0.297749
0.221724
0.448430
0.091780
0.567390
0.297445
0.326222
0.042371
0.003670
0.233871
0.533297
0.249373
0.297538
0.040595
0.348795
0.254499
0.122533
0.138360
0.256867
0.203280
0.393209
0.347775
0.313369
0.093679
0.274844
0.092989
0.600713
0.035853
0.382030
0.142622
0.058693
0.355093
0.753967
0.075272
0.340249
0.040805
0.603937
0.066964
0.299086
0.078900
0.359429
0.517493
0.082784
0.303963
0.384987
0.093111
0.328459
0.288021
0.393986
0.171178
0.396473
0.251535
0.263441
0.171709
0.039435
0.361942
0.028058
0.405482
0.214103
0.343609
0.307679
0.338135
0.447032
0.210369
0.115589
0.187593
0.226134
0.699245
0.168720
0.047847
0.121976
0.637472
0.278679
0.093831
0.264781
0.524091
0.014043
0.621541
0.059973
0.152173
0.512458
0.175682
0.301699
0.094696
0.172209
0.308468
0.151455
0.165348
0.422310
0.351669
0.088932
0.322745
0.622851
0.032473
0.082364
0.361330
0.171788
0.244078
0.082160
0.400628
0.270158
0.139071
0.025016
0.203648
0.285201
0.349989
0.401690
0.394790
0.124357
0.078288
0.097955
0.212447
0.310561
0.304760
0.421430
0.079338
0.240895
0.291084
0.401690
0.444529
0.235313
0.188022
0.244787
0.265918
0.449005
0.426355
0.053268
0.088109
0.139629
0.311790
0.114366
0.162504
0.530828
0.178100
0.137711
0.344238
0.252671
0.198738
0.346569
0.144499
0.387255
0.240891
0.005070
0.308318
0.033134
0.521424
0.042790
0.339531
0.107652
0.194172
0.041565
0.422759
0.262654
0.499140
0.428007
0.102219
0.069714
0.548555
0.136605
0.082234
0.435405
0.113153
0.636717
0.443211
0.096338
0.113519
0.308660
0.228508
0.093939
0.205443
0.293308
0.288286
0.258898
0.161544
0.391255
0.448072
0.425428
0.044610
0.561280
0.660329
0.221171
0.229119
0.441509
0.158002
0.471637
0.406886
0.341598
0.027132
0.042764
0.106624
0.428592
0.036759
0.352191
0.116671
0.353104
0.301109
0.120277
0.114470
0.191494
0.229987
0.314867
0.328969
0.203695
0.168235
0.225844
0.188760
0.641348
0.093465
0.310076
0.285899
0.092599
0.225752
0.595042
0.313286
0.226323
0.059929
0.545020
0.108353
0.178785
0.046959
0.230641
0.507707
0.193320
0.208021
0.310668
0.263835
0.192281
0.210727
0.428249
0.089195
0.499697
0.141610
0.355599
0.126912
0.032677
0.278894
0.161662
0.275977
0.260894
0.267606
0.431164
0.387684
0.510485
0.206353
0.332757
0.070484
0.208949
0.535537
0.052841
0.033987
0.129331
0.686354
0.379447
0.231204
0.106748
0.386937
0.101437
0.621778
0.123485
0.207068
0.449303
0.091445
0.184111
0.263955
0.237827
0.277226
0.140311
0.199128
0.416471
0.264769
0.205372
0.255120
0.490156
0.003041
0.059565
0.539290
0.162921
0.148353
0.014900
0.613278
0.247323
0.030162
0.078490
0.208752
0.104348
0.405069
0.389280
0.327953
0.134880
0.031492
0.044722
0.225934
0.528205
0.303517
0.515409
0.123053
0.150978
0.247580
0.351450
0.358603
0.236446
0.185673
0.281221
0.452280
0.535315
0.495822
0.041456
0.028360
0.117041
0.357248
0.106965
0.234674
0.535062
0.284363
0.222187
0.381499
0.325185
0.317047
0.399883
0.030307
0.346880
0.192967
0.029267
0.314224
0.051846
0.567988
0.018254
0.449244
0.081551
0.208383
0.104623
0.362820
0.122959
0.587276
0.389897
0.195437
0.126414
0.606892
0.041618
0.105210
0.562473
0.175941
0.526637
0.501439
0.014405
0.142363
0.427570
0.002890
0.196065
0.164040
0.306399
0.332021
0.151510
0.054216
0.287787
0.455473
0.391929
0.058300
0.440224
0.618376
0.214167
0.155238
0.424163
0.157448
0.427605
0.407871
0.228453
0.015570
0.121952
0.018080
0.324868
0.229130
0.361687
0.221985
0.361752
0.357499
0.220460
0.066867
0.119479
0.233047
0.211578
0.300539
0.071768
0.157721
0.244656
0.278584
0.615353
0.115636
0.221884
0.348426
0.077708
0.115561
0.370235
0.415528
0.153259
0.125941
0.475503
0.120058
0.092568
0.016447
0.156593
0.500220
0.223251
0.126133
0.277403
0.418129
0.023517
0.161234
0.439421
0.000354
0.536658
0.015070
0.462947
0.133447
0.030706
0.164122
0.336918
0.172305
0.335497
0.219591
0.521586
0.343897
0.490459
0.157525
0.494828
0.019920
0.192787
0.347646
0.040803
0.092924
0.087667
0.554101
0.506651
0.251166
0.026113
0.190146
0.154618
0.550801
0.294156
0.255328
0.376888
0.100204
0.044912
0.464832
0.295941
0.267733
0.135724
0.233279
0.359888
0.182882
0.246608
0.188767
0.369170
0.016776
0.180260
0.670372
0.116709
0.042099
0.007923
0.743626
0.215271
0.064458
0.091620
0.148907
0.058743
0.427293
0.325324
0.177140
0.056503
0.188111
0.005215
0.198418
0.668460
0.176169
0.533737
0.203531
0.085864
0.185511
0.347065
0.247050
0.280582
0.135876
0.304301
0.541388
0.561131
0.539456
0.055510
0.120742
0.101003
0.362769
0.310885
0.318250
0.501891
0.366034
0.318833
0.407058
0.337931
0.407724
0.401871
0.125683
0.327578
0.102330
0.014131
0.199508
0.132714
0.447573
0.109714
0.495644
0.039946
0.137815
0.247214
0.319799
0.000738
0.631852
0.320041
0.252084
0.183973
0.593639
0.196308
0.014510
0.526080
0.235631
0.467189
0.520115
0.012146
0.151054
0.495018
0.110694
0.279781
0.116648
0.302414
0.306373
0.031825
0.008236
0.183279
0.383859
0.312646
0.248202
0.330515
0.574849
0.227890
0.030105
0.431979
0.099374
0.307089
0.443563
0.155861
0.047271
0.210132
0.014233
0.174654
0.466492
0.407616
0.270779
0.286099
0.419864
0.334225
0.003457
0.073737
0.203102
0.143885
0.226078
0.053890
0.048130
0.273613
0.252974
0.543691
0.070668
0.186067
0.367864
0.098595
0.076138
0.167326
0.469521
0.030743
0.195874
0.437367
0.066692
0.013804
0.134609
0.102314
0.474080
0.220736
0.040329
0.184771
0.542879
0.149789
0.163565
0.466024
0.052427
0.507623
0.117377
0.531282
0.142441
0.002884
0.108936
0.434400
0.036612
0.272776
0.204365
0.630170
0.253967
0.427113
0.058851
0.598794
0.082635
0.165059
0.184909
0.055399
0.195984
0.012560
0.412929
0.602276
0.216627
0.007103
0.047479
0.149842
0.418761
0.402224
0.295597
0.236860
0.170953
0.087514
0.605690
0.299450
0.242199
0.206056
0.197858
0.288379
0.153858
0.252053
0.171777
0.234018
0.047599
0.252452
0.659073
0.040063
0.071131
0.037622
0.707576
0.168868
0.111125
0.129543
0.006555
0.183464
0.487537
0.262735
0.011933
0.070165
0.361764
0.034314
0.199533
0.718726
0.004733
0.401250
0.295797
0.028219
0.127659
0.352846
0.137820
0.407319
0.134685
0.312284
0.507664
0.494618
0.512589
0.142729
0.202979
0.056380
0.413165
0.492582
0.365464
0.471618
0.338037
0.437096
0.494309
0.405710
0.409480
0.347727
0.234587
0.306897
0.021954
0.014777
0.108350
0.175618
0.343345
0.206128
0.507297
0.026280
0.072163
0.368059
0.238018
0.133894
0.570399
0.239142
0.298161
0.266501
0.533898
0.298524
0.124022
0.484607
0.230086
0.309261
0.466932
0.020704
0.148447
0.472421
0.153935
0.388156
0.073634
0.260936
0.183324
0.039783
0.000123
0.078335
0.305833
0.250661
0.360461
0.094510
0.484541
0.301419
0.080168
0.445568
0.056803
0.279089
0.436554
0.117745
0.068053
0.337657
0.065220
0.084788
0.639258
0.429062
0.331824
0.221616
0.434235
0.447186
0.096830
0.081162
0.156922
0.067577
0.156632
0.174071
0.156358
0.269325
0.181546
0.454660
0.013063
0.166718
0.216880
0.053273
0.053611
0.026814
0.435066
0.097710
0.313239
0.439952
0.012394
0.015198
0.227271
0.048089
0.417887
0.135861
0.004911
0.125257
0.617162
0.288136
0.215857
0.511505
0.071900
0.378442
0.138409
0.560753
0.214040
0.006899
0.095121
0.528654
0.025719
0.239560
0.191829
0.703298
0.144866
0.308390
0.051537
0.626143
0.052229
0.156579
0.006242
0.051790
0.286581
0.076892
0.259091
0.636188
0.188537
0.010492
0.227664
0.048353
0.270387
0.424906
0.334182
0.108831
0.289215
0.194125
0.712474
0.260896
0.198532
0.280552
0.150443
0.249842
0.127903
0.240535
0.217361
0.137422
0.135898
0.281689
0.545969
0.018139
0.113881
0.047088
0.520542
0.076638
0.159092
0.092644
0.146850
0.284024
0.524653
0.139379
0.242115
0.272679
0.579618
0.033421
0.168806
0.639407
0.242528
0.190557
0.331128
0.008643
0.076465
0.223744
0.010904
0.537886
0.186064
0.264463
0.392288
0.497352
0.393835
0.181696
0.126895
0.009418
0.461484
0.625323
0.414436
0.443425
0.328404
0.498335
0.530410
0.428637
0.410143
0.299295
0.364593
0.313353
0.058847
0.086041
0.021879
0.139289
0.212436
0.284067
0.535647
0.035035
0.023328
0.422311
0.223772
0.222698
0.452510
0.195853
0.360656
0.335587
0.437140
0.237698
0.282514
0.337314
0.183667
0.142133
0.385284
0.086720
0.079565
0.454451
0.099936
0.448621
0.074533
0.164937
0.063106
0.049931
0.116875
0.017434
0.219570
0.208554
0.480487
0.069187
0.357928
0.419855
0.159729
0.436772
0.231379
0.181699
0.413892
0.116845
0.084374
0.471626
0.167360
0.019364
0.668344
0.529673
0.349555
0.178484
0.411705
0.446583
0.202307
0.094555
0.155918
0.007422
0.134537
0.199243
0.381547
0.238715
0.046181
0.385329
0.096800
0.215835
0.048090
0.020027
0.111358
0.061781
0.413896
0.223915
0.451213
0.478148
0.072844
0.001900
0.340376
0.016137
0.356532
0.070162
0.017395
0.027164
0.572605
0.386151
0.271360
0.544532
0.058585
0.230081
0.106292
0.511842
0.276986
0.032770
0.137075
0.562419
0.048924
0.121814
0.227306
0.782396
0.008142
0.278041
0.140112
0.594500
0.013982
0.082063
0.133423
0.005561
0.387709
0.138343
0.172744
0.571909
0.178715
0.038117
0.398452
0.093238
0.168607
0.389524
0.419145
0.037265
0.367159
0.292267
0.686691
0.234114
0.029709
0.385892
0.085233
0.215009
0.146976
0.156103
0.250148
0.052060
0.128928
0.245100
0.311305
0.019651
0.155808
0.030255
0.304514
0.032426
0.210959
0.093955
0.321786
0.324492
0.461374
0.092670
0.424634
0.415336
0.765240
0.045277
0.203054
0.511772
0.439919
0.033081
0.369869
0.003436
0.025785
0.093565
0.080278
0.667421
0.285630
0.264117
0.227847
0.445314
0.175966
0.192777
0.005993
0.054158
0.429492
0.611564
0.358863
0.373565
0.237133
0.478796
0.513650
0.489630
0.390076
0.226077
0.387733
0.302550
0.083788
0.117799
0.047001
0.031259
0.106055
0.283653
0.406363
0.111670
0.103362
0.479731
0.152637
0.248009
0.340164
0.119681
0.357881
0.430313
0.384720
0.127054
0.423030
0.253597
0.062071
0.006116
0.367156
0.182055
0.079305
0.427977
0.008608
0.448328
0.098699
0.120556
0.052295
0.028574
0.254031
0.077789
0.149593
0.244280
0.496636
0.232162
0.194408
0.552346
0.234477
0.383864
0.379154
0.159318
0.291862
0.101236
0.088379
0.543603
0.251359
0.060275
0.560878
0.536900
0.337122
0.127580
0.331842
0.411113
0.232560
0.113029
0.163395
0.037679
0.121396
0.158672
0.580730
0.256857
0.116230
0.283290
0.213050
0.252482
0.233397
0.013624
0.198761
0.117207
0.344396
0.296117
0.566689
0.536772
0.130115
0.008126
0.356489
0.018459
0.303972
0.079252
0.010033
0.013818
0.436365
0.468417
0.334994
0.559285
0.009784
0.093862
0.106763
0.390043
0.403707
0.094426
0.156304
0.564396
0.008720
0.025931
0.281412
0.714634
0.115588
0.330960
0.246213
0.512147
0.144250
0.036265
0.267737
0.088823
0.413804
0.163304
0.100925
0.513356
0.121976
0.146904
0.467730
0.298421
0.088928
0.307319
0.492524
0.076914
0.445931
0.283765
0.555880
0.256437
0.112829
0.485799
0.032397
0.184436
0.146990
0.005758
0.288834
0.005262
0.087885
0.194747
0.073772
0.017101
0.188312
0.003536
0.119057
0.127949
0.272197
0.083431
0.409068
0.319288
0.313019
0.010453
0.577659
0.510790
0.850723
0.076379
0.265876
0.375737
0.619586
0.248567
0.378882
0.007025
0.018424
0.002560
0.100142
0.649021
0.362309
0.241151
0.039407
0.368868
0.028023
0.187516
0.211233
0.110500
0.387850
0.507521
0.236238
0.277138
0.207952
0.476972
0.456234
0.432498
0.323754
0.129635
0.339451
0.283693
0.054904
0.101082
0.025090
0.090244
0.023908
0.265574
0.239869
0.181064
0.189794
0.488816
0.146459
0.249878
0.215705
0.085620
0.298049
0.493638
0.349320
0.024748
0.588813
0.132973
0.105673
0.046646
0.347688
0.391754
0.219914
0.366133
0.194141
0.420516
0.214758
0.094030
0.113451
0.206806
0.395652
0.099183
0.124016
0.314978
0.457761
0.280960
0.045881
0.631810
0.242916
0.331102
0.458906
0.043835
0.194014
0.173768
0.034336
0.574461
0.352220
0.106938
0.305729
0.479579
0.223979
0.067120
0.251069
0.358418
0.215921
0.177564
0.225013
0.018196
0.138433
0.110774
0.710810
0.235695
0.279784
0.215455
0.245112
0.231046
0.472439
0.000019
0.326008
0.112184
0.337278
0.373972
0.637585
0.475369
0.188184
0.045910
0.340853
0.025165
0.302011
0.171082
0.019328
0.075198
0.313268
0.455493
0.338286
0.548551
0.080952
0.010529
0.067970
0.275698
0.465418
0.165695
0.217131
0.477509
0.019050
0.120683
0.350411
0.587921
0.204573
0.413634
0.352176
0.462117
0.247523
0.067843
0.307406
0.223729
0.433747
0.138877
0.064606
0.362139
0.067506
0.259539
0.453797
0.486928
0.059815
0.183020
0.513184
0.161909
0.477390
0.273995
0.319917
0.295935
0.270679
0.547569
0.057028
0.158835
0.145771
0.101609
0.347238
0.033768
0.028689
0.116469
0.157255
0.083168
0.237186
0.043053
0.098048
0.197556
0.296684
0.076976
0.442900
0.293120
0.199288
0.016121
0.663467
0.532915
0.824260
0.087040
0.385156
0.246925
0.755056
0.451814
0.369412
0.050482
0.039261
0.002984
0.017995
0.557933
0.376610
0.225149
0.088991
0.205216
0.195669
0.249878
0.384990
0.199542
0.385275
0.354760
0.054338
0.263900
0.135374
0.450466
0.330375
0.408675
0.255299
0.063864
0.281770
0.270574
0.056380
0.087102
0.077615
0.235025
0.026749
0.219428
0.059256
0.260444
0.213264
0.485989
0.126399
0.192412
0.018951
0.014175
0.192373
0.608560
0.344149
0.176732
0.601236
0.133361
0.254647
0.037379
0.372945
0.552625
0.345532
0.244772
0.357597
0.412014
0.396650
0.116742
0.161302
0.442738
0.442782
0.133089
0.150192
0.428036
0.358535
0.369193
0.092800
0.653636
0.175611
0.252604
0.496261
0.025997
0.076494
0.260592
0.017472
0.524677
0.376158
0.194346
0.047893
0.341015
0.112519
0.083208
0.208414
0.331274
0.215889
0.246420
0.293993
0.139412
0.181149
0.052032
0.760501
0.252732
0.349777
0.136499
0.229217
0.197925
0.731742
0.011176
0.389600
0.071524
0.334488
0.403849
0.657245
0.333811
0.215338
0.084149
0.245694
0.022201
0.315043
0.193327
0.100722
0.048068
0.189645
0.384010
0.341322
0.448424
0.150572
0.036448
0.019590
0.158680
0.471287
0.173662
0.270990
0.324682
0.160946
0.171948
0.403858
0.334316
0.303219
0.414421
0.433052
0.369416
0.327292
0.158795
0.283334
0.294317
0.369578
0.108091
0.075433
0.169869
0.056434
0.363861
0.268840
0.594312
0.049071
0.057224
0.503255
0.257860
0.467667
0.234957
0.086719
0.389811
0.349438
0.543138
0.122397
0.179142
0.117160
0.137590
0.433529
0.006737
0.000404
0.048276
0.313358
0.102431
0.253708
0.072255
0.314988
0.223581
0.334968
0.027600
0.399274
0.205322
0.108105
0.030763
0.619497
0.497336
0.703806
0.054645
0.449684
0.131008
0.754120
0.528768
0.314548
0.115963
0.055668
0.017654
0.143772
0.387927
0.331018
0.186852
0.138750
0.114632
0.266568
0.328663
0.506897
0.309064
0.354391
0.166659
0.020943
0.299745
0.091977
0.425099
0.178305
0.309618
0.281206
0.081921
0.259914
0.283353
0.192505
0.041789
0.194057
0.417708
0.014933
0.110477
0.026456
0.353573
0.239629
0.462969
0.205742
0.086055
0.118327
0.021630
0.119281
0.637049
0.306938
0.265200
0.559179
0.152903
0.338698
0.022712
0.392547
0.716719
0.447939
0.143448
0.564171
0.413645
0.567287
0.158843
0.176960
0.595730
0.464367
0.146905
0.175673
0.480359
0.283189
0.350744
0.189715
0.581116
0.149637
0.133835
0.523157
0.026628
0.039287
0.368747
0.019909
0.427479
0.300368
0.220769
0.160187
0.234913
0.006691
0.155050
0.187818
0.359639
0.174518
0.312381
0.354021
0.278258
0.264787
0.016552
0.705803
0.266106
0.339660
0.091315
0.113730
0.232272
0.811846
0.055323
0.429453
0.022281
0.369034
0.362525
0.551433
0.155948
0.202429
0.161846
0.148246
0.085717
0.343737
0.108512
0.183402
0.032829
0.063948
0.284511
0.332060
0.290337
0.173925
0.032434
0.050540
0.030365
0.400392
0.188076
0.319283
0.220617
0.300807
0.265748
0.387378
0.118808
0.352187
0.364387
0.431919
0.369330
0.381681
0.182257
0.172953
0.380265
0.356895
0.072766
0.179854
0.013738
0.037198
0.413043
0.091090
0.596545
0.115203
0.066227
0.418120
0.316679
0.405942
0.180066
0.102655
0.484447
0.380160
0.519295
0.172393
0.240769
0.135173
0.157516
0.534440
0.085387
0.030533
0.074120
0.395885
0.087438
0.295945
0.096579
0.523341
0.197964
0.359779
0.132483
0.295866
0.096360
0.016092
0.201924
0.476994
0.403490
0.480342
0.062459
0.538731
0.013308
0.650986
0.492752
0.233724
0.203814
0.111257
0.029709
0.313397
0.233096
0.228863
0.190311
0.192712
0.009536
0.184293
0.484052
0.541282
0.413477
0.329978
0.010953
0.014712
0.326861
0.014227
0.325092
0.034697
0.256129
0.332138
0.072468
0.216701
0.272767
0.339057
0.030503
0.336406
0.606491
0.059139
0.002388
0.091729
0.431018
0.204186
0.437690
0.253999
0.084869
0.170859
0.017056
0.017890
0.645699
0.288007
0.240983
0.478881
0.259363
0.372454
0.083887
0.394960
0.727339
0.512663
0.053916
0.728585
0.390476
0.641410
0.220052
0.191608
0.625381
0.411496
0.094509
0.210964
0.501035
0.216927
0.273922
0.208096
0.494528
0.162168
0.039133
0.478798
0.063592
0.028046
0.452782
0.079716
0.381963
0.177120
0.288977
0.291556
0.132308
0.086485
0.226992
0.161695
0.429511
0.053430
0.323361
0.345050
0.385568
0.335719
0.051039
0.609537
0.285165
0.252178
0.024189
0.007130
0.298602
0.783197
0.083265
0.352603
0.016912
0.352862
0.243478
0.400908
0.010897
0.179865
0.244556
0.011335
0.126310
0.353253
0.032931
0.228239
0.089184
0.017329
0.113415
0.363818
0.100267
0.151706
0.170181
0.063336
0.098265
0.364860
0.133985
0.329984
0.184550
0.425836
0.269210
0.312091
0.058336
0.385242
0.262373
0.337822
0.344960
0.454486
0.086762
0.045563
0.415417
0.368120
0.056254
0.311643
0.052423
0.078340
0.440088
0.099431
0.544874
0.160360
0.158988
0.270227
0.349722
0.292108
0.028240
0.226475
0.518242
0.318375
0.486885
0.223887
0.279405
0.126722
0.138861
0.573322
0.214332
0.023769
0.204014
0.357991
0.055957
0.287580
0.129461
0.621287
0.154494
0.321160
0.290857
0.120793
0.008286
0.034044
0.277376
0.305092
0.322367
0.291260
0.090947
0.567168
0.085065
0.457194
0.397064
0.165058
0.316514
0.161585
0.083694
0.404941
0.106159
0.135712
0.214671
0.189995
0.007164
0.015756
0.600896
0.465425
0.537557
0.321060
0.114628
0.081859
0.346266
0.059711
0.245921
0.053978
0.194097
0.325585
0.082296
0.177705
0.288756
0.448811
0.088988
0.390416
0.754043
0.127730
0.075965
0.070558
0.452140
0.184918
0.358688
0.364126
0.211785
0.117009
0.062525
0.043853
0.579727
0.233231
0.166423
0.418248
0.285428
0.347556
0.142658
0.329963
0.674777
0.467737
0.012040
0.801805
0.331408
0.630060
0.242587
0.177876
0.568846
0.367484
0.025440
0.297936
0.464962
0.169131
0.120648
0.119251
0.375037
0.121866
0.029407
0.386538
0.162431
0.109536
0.611515
0.118743
0.389427
0.078423
0.311449
0.404755
0.094202
0.176913
0.308801
0.224414
0.463227
0.088532
0.276514
0.352365
0.501727
0.331267
0.040500
0.490687
0.252873
0.119481
0.063493
0.127027
0.365685
0.558162
0.074483
0.256981
0.118503
0.388451
0.133634
0.307332
0.180355
0.145449
0.430709
0.162576
0.147249
0.384325
0.068044
0.261816
0.216133
0.021830
0.154293
0.317779
0.029985
0.127438
0.396237
0.150315
0.146152
0.322907
0.057170
0.313395
0.178692
0.427010
0.242086
0.219326
0.154128
0.326477
0.198564
0.168690
0.380505
0.477323
0.004864
0.170671
0.420615
0.440904
0.079434
0.454969
0.112542
0.134185
0.461126
0.213520
0.399612
0.223446
0.219585
0.151658
0.366423
0.164646
0.107631
0.333441
0.400410
0.238860
0.457691
0.248342
0.272000
0.137600
0.033684
0.518781
0.332375
0.074647
0.281041
0.273088
0.002140
0.276991
0.145569
0.624013
0.136503
0.214234
0.383122
0.048901
0.092708
0.127446
0.389457
0.084690
0.250341
0.087188
0.076099
0.550030
0.165679
0.227249
0.180153
0.135717
0.475611
0.137169
0.213244
0.451349
0.076293
0.086811
0.289097
0.170141
0.042242
0.181292
0.653767
0.241147
0.673016
0.311107
0.226179
0.098579
0.361230
0.127923
0.092444
0.015812
0.205315
0.325060
0.154310
0.110555
0.296774
0.509824
0.116395
0.488964
0.807633
0.258485
0.147043
0.045480
0.481143
0.166777
0.348675
0.407887
0.376974
0.043037
0.081876
0.124195
0.468846
0.207033
0.095063
0.311999
0.335948
0.286972
0.170617
0.342044
0.541502
0.312333
0.011125
0.687722
0.326158
0.606612
0.230745
0.211880
0.505912
0.320143
0.060384
0.384122
0.419957
0.086803
0.049689
0.007953
0.221733
0.052434
0.026425
0.311631
0.293504
0.179130
0.690551
0.205120
0.348257
0.026376
0.312973
0.459073
0.032784
0.191986
0.423046
0.251784
0.419975
0.260542
0.235087
0.340286
0.569413
0.304768
0.085583
0.345598
0.266861
0.017632
0.117195
0.252067
0.394922
0.349620
0.053871
0.109905
0.233961
0.392625
0.056193
0.287992
0.295111
0.129398
0.608552
0.297845
0.211542
0.355277
0.086536
0.340343
0.399597
0.043557
0.377840
0.331254
0.127407
0.085967
0.545837
0.265400
0.157190
0.356620
0.043171
0.239700
0.231970
0.352434
0.107676
0.190693
0.260712
0.217347
0.139767
0.002790
0.364320
0.473522
0.082385
0.305379
0.360704
0.468270
0.139643
0.571555
0.043284
0.124097
0.501072
0.255511
0.282060
0.259512
0.219785
0.091604
0.444680
0.112550
0.259778
0.328282
0.200994
0.139398
0.465137
0.166283
0.280779
0.196119
0.041668
0.387001
0.487308
0.106322
0.303864
0.146969
0.058666
0.231209
0.205996
0.537473
0.112361
0.098874
0.424646
0.222110
0.181147
0.121957
0.401418
0.100414
0.227357
0.141717
0.025469
0.480861
0.230851
0.008832
0.048559
0.104036
0.564257
0.044348
0.283352
0.468057
0.102558
0.057533
0.337191
0.163592
0.030046
0.307412
0.573074
0.008996
0.742469
0.233725
0.276181
0.162863
0.282194
0.144988
0.021252
0.107082
0.220886
0.328758
0.222062
0.022285
0.370264
0.500533
0.150007
0.510914
0.740382
0.315981
0.184466
0.061375
0.454770
0.207109
0.345240
0.424474
0.498845
0.094081
0.098077
0.170834
0.304508
0.153314
0.018535
0.280947
0.318726
0.184833
0.144229
0.332712
0.454591
0.081873
0.009828
0.491957
0.333938
0.579931
0.231567
0.249470
0.472234
0.272153
0.125545
0.363460
0.338289
0.016617
0.271882
0.099536
0.114861
0.016869
0.031054
0.266444
0.366596
0.240099
0.732852
0.229503
0.320188
0.050731
0.279601
0.445866
0.020741
0.197688
0.530947
0.241587
0.400067
0.390768
0.211398
0.324080
0.602231
0.235998
0.135096
0.251138
0.272005
0.091095
0.214183
0.352861
0.384960
0.186700
0.068197
0.001869
0.354056
0.351764
0.034605
0.309377
0.319409
0.094981
0.758218
0.363756
0.282112
0.327709
0.099234
0.404530
0.509398
0.128140
0.468595
0.340419
0.159594
0.083393
0.703439
0.380359
0.061427
0.444983
0.095271
0.189488
0.319428
0.280176
0.018998
0.267494
0.224237
0.038131
0.195902
0.160677
0.301680
0.460639
0.125133
0.462968
0.321228
0.430663
0.151369
0.627019
0.004567
0.119496
0.520431
0.204631
0.120753
0.311210
0.136180
0.061074
0.512673
0.154746
0.323628
0.291500
0.003836
0.086265
0.439417
0.081607
0.276257
0.305378
0.058633
0.227747
0.578309
0.158173
0.253222
0.030701
0.123440
0.191857
0.270529
0.404969
0.092326
0.014513
0.347173
0.345118
0.269372
0.062378
0.428788
0.213625
0.242017
0.361320
0.030217
0.452519
0.238968
0.156047
0.209455
0.198280
0.628517
0.034075
0.480659
0.451037
0.180618
0.047260
0.373930
0.108669
0.008796
0.430361
0.482968
0.153249
0.684170
0.168316
0.215271
0.166344
0.218048
0.163678
0.006779
0.243735
0.330833
0.366675
0.306368
0.035878
0.422053
0.474168
0.192135
0.461105
0.565389
0.412740
0.165369
0.167530
0.397741
0.197836
0.327770
0.419381
0.625820
0.229740
0.131428
0.192493
0.155998
0.142959
0.090370
0.271693
0.293976
0.082904
0.136107
0.335297
0.293896
0.155539
0.020796
0.187042
0.322033
0.520879
0.254287
0.278612
0.482245
0.168442
0.152735
0.318694
0.263793
0.065635
0.393595
0.327711
0.063621
0.017084
0.151228
0.219734
0.488285
0.259530
0.667022
0.200032
0.317559
0.125270
0.282821
0.344061
0.088817
0.125250
0.538079
0.211906
0.440327
0.416456
0.149501
0.317553
0.579046
0.226247
0.217715
0.218129
0.237312
0.089094
0.269733
0.362246
0.343821
0.163440
0.019190
0.080887
0.467944
0.339449
0.123093
0.350538
0.232385
0.068662
0.771061
0.361109
0.345364
0.301945
0.040645
0.379990
0.657133
0.265176
0.437254
0.398322
0.099572
0.088391
0.715976
0.403901
0.072065
0.573295
0.215074
0.166842
0.402334
0.176472
0.231442
0.401043
0.116891
0.069847
0.279991
0.286664
0.192323
0.422942
0.173054
0.632596
0.230184
0.364354
0.174211
0.590451
0.051159
0.168917
0.518671
0.177675
0.019814
0.288981
0.050784
0.039647
0.564675
0.193077
0.367040
0.166127
0.132946
0.026654
0.358831
0.023777
0.229190
0.449963
0.037700
0.039794
0.575454
0.131521
0.204992
0.107785
0.173085
0.111250
0.296298
0.195183
0.047054
0.085607
0.242053
0.420095
0.352834
0.002847
0.371959
0.250436
0.273848
0.430487
0.030382
0.370488
0.187924
0.235903
0.291527
0.316331
0.643743
0.111139
0.586999
0.382051
0.283681
0.098230
0.357016
0.036557
0.081612
0.523059
0.367494
0.259765
0.583346
0.082149
0.102773
0.220539
0.147200
0.111443
0.063162
0.372652
0.456468
0.353088
0.330705
0.036890
0.498496
0.457007
0.200158
0.394094
0.368782
0.445583
0.141900
0.352076
0.376084
0.186436
0.279726
0.428002
0.687782
0.423757
0.230156
0.110665
0.031604
0.107106
0.091351
0.263628
0.224031
0.032340
0.181965
0.294437
0.184386
0.320299
0.086456
0.054178
0.267300
0.387457
0.209253
0.273751
0.489316
0.115380
0.127910
0.316375
0.172446
0.103580
0.402775
0.521275
0.056117
0.000240
0.255154
0.254037
0.549928
0.283735
0.535420
0.113297
0.324464
0.230698
0.258385
0.160339
0.191848
0.014575
0.507744
0.262704
0.479996
0.383305
0.109582
0.368114
0.533423
0.247821
0.251462
0.218055
0.184898
0.069068
0.346658
0.330050
0.299978
0.178231
0.060787
0.082481
0.561968
0.372079
0.207159
0.366275
0.064536
0.037488
0.675761
0.232360
0.391054
0.309118
0.009767
0.286532
0.681113
0.418524
0.333566
0.399721
0.003086
0.076967
0.628423
0.403621
0.224940
0.634555
0.260116
0.161467
0.415986
0.046434
0.402863
0.540121
0.038421
0.147556
0.389103
0.395936
0.130424
0.382230
0.197544
0.823174
0.197714
0.313795
0.177756
0.477947
0.067137
0.205644
0.504995
0.104781
0.133379
0.322307
0.010902
0.058982
0.548863
0.260282
0.285069
0.040567
0.207481
0.038436
0.251403
0.133135
0.138467
0.612658
0.011781
0.094036
0.480476
0.127060
0.136917
0.188567
0.227547
0.018003
0.253999
0.022307
0.062723
0.160994
0.056294
0.377605
0.387587
0.044375
0.344231
0.256042
0.308208
0.385751
0.058967
0.319637
0.081048
0.171123
0.316840
0.374930
0.566226
0.171152
0.576486
0.355347
0.322579
0.179549
0.369592
0.163659
0.182416
0.522545
0.277570
0.308597
0.437785
0.069339
0.019659
0.253982
0.165947
0.043347
0.102443
0.476465
0.590410
0.352974
0.338701
0.044220
0.551321
0.395459
0.184446
0.350384
0.250592
0.502004
0.083815
0.419455
0.384880
0.156321
0.277135
0.378910
0.734209
0.552654
0.334293
0.042214
0.060937
0.107879
0.040337
0.212030
0.205157
0.140375
0.288533
0.354759
0.056902
0.425318
0.168193
0.239228
0.233215
0.242306
0.171093
0.219423
0.426369
0.101426
0.120269
0.311098
0.089106
0.079685
0.329145
0.621069
0.113734
0.017477
0.384503
0.326828
0.586845
0.276806
0.296460
0.041136
0.265474
0.340558
0.245977
0.031457
0.283786
0.150662
0.433229
0.280893
0.462775
0.311196
0.094797
0.358001
0.458694
0.310829
0.273600
0.222825
0.180611
0.027613
0.369848
0.269880
0.272825
0.173855
0.172050
0.114134
0.617548
0.278419
0.230778
0.353003
0.100485
0.002217
0.504644
0.091055
0.414766
0.288960
0.082913
0.209403
0.677287
0.475180
0.170066
0.415773
0.058013
0.051251
0.390240
0.335624
0.359975
0.625625
0.280112
0.186456
0.346763
0.057290
0.563347
0.607779
0.210858
0.093876
0.393466
0.398987
0.039637
0.360085
0.191573
0.803540
0.179315
0.278910
0.166902
0.315191
0.139102
0.272803
0.454236
0.094891
0.188927
0.328312
0.064996
0.101612
0.493248
0.292651
0.162858
0.188845
0.191241
0.078443
0.178047
0.247903
0.059517
0.749885
0.120237
0.189868
0.342875
0.087398
0.084045
0.244955
0.230222
0.145768
0.204633
0.113524
0.193354
0.217632
0.095444
0.255811
0.383038
0.126908
0.258761
0.272706
0.343244
0.269045
0.080208
0.242611
0.085778
0.016437
0.313829
0.374706
0.392802
0.211442
0.404313
0.358670
0.327205
0.275180
0.364052
0.222823
0.348958
0.570147
0.243147
0.331326
0.340356
0.035176
0.057506
0.355922
0.223103
0.056180
0.186220
0.548653
0.675526
0.334709
0.246965
0.047333
0.556236
0.349535
0.166618
0.264154
0.224950
0.377708
0.008727
0.492325
0.432845
0.140712
0.343460
0.402215
0.698513
0.563758
0.417148
0.006042
0.167822
0.122222
0.007876
0.202901
0.208461
0.204626
0.382470
0.373800
0.020501
0.433090
0.324299
0.234612
0.250830
0.110454
0.160917
0.156497
0.355125
0.123587
0.138198
0.237889
0.065779
0.030137
0.240723
0.636910
0.166235
0.073128
0.420491
0.415607
0.529232
0.246595
0.021285
0.064782
0.203141
0.426821
0.202468
0.219287
0.352967
0.232575
0.320457
0.307991
0.446096
0.224256
0.162908
0.334199
0.353334
0.344852
0.243460
0.142760
0.152396
0.063598
0.427725
0.185551
0.234339
0.152144
0.262397
0.081536
0.607780
0.198531
0.182567
0.268870
0.337785
0.003065
0.356490
0.096280
0.398915
0.296712
0.179139
0.184554
0.619459
0.456770
0.012772
0.335329
0.113341
0.045001
0.183471
0.199317
0.505610
0.501799
0.232686
0.174421
0.302829
0.134785
0.524535
0.606617
0.413881
0.021972
0.350813
0.317915
0.008880
0.388511
0.162093
0.773998
0.248796
0.216070
0.118936
0.195959
0.178994
0.310291
0.434261
0.066053
0.194118
0.373400
0.098374
0.131941
0.407707
0.361578
0.020236
0.418595
0.084375
0.061112
0.155337
0.319476
0.006388
0.813520
0.237401
0.206888
0.227336
0.084303
0.038864
0.227440
0.140674
0.268383
0.159771
0.210976
0.306535
0.303581
0.266434
0.058071
0.337019
0.273977
0.270719
0.250607
0.296123
0.167315
0.163343
0.265243
0.230150
0.130951
0.299068
0.416175
0.254264
0.168602
0.292570
0.341615
0.314473
0.386176
0.340863
0.237423
0.471328
0.639952
0.240919
0.291507
0.202494
0.081837
0.146293
0.429084
0.329414
0.148765
0.229561
0.486089
0.664223
0.293080
0.092656
0.025101
0.472715
0.324491
0.126922
0.209895
0.251057
0.283430
0.112835
0.535221
0.470156
0.035920
0.361438
0.418540
0.639291
0.450476
0.463088
0.024503
0.287788
0.143306
0.085264
0.189123
0.289139
0.216412
0.441533
0.306341
0.193375
0.391693
0.395985
0.171711
0.282400
0.071703
0.196610
0.079170
0.325052
0.115148
0.138571
0.264789
0.131232
0.044610
0.071031
0.565142
0.305346
0.086017
0.459130
0.460725
0.477069
0.234069
0.215227
0.179742
0.157294
0.553838
0.161202
0.337308
0.414111
0.292988
0.166397
0.323039
0.474460
0.113340
0.253489
0.314474
0.262672
0.329175
0.110408
0.065097
0.070610
0.140143
0.463510
0.049696
0.166815
0.178226
0.306941
0.029043
0.513211
0.141193
0.114741
0.214868
0.492483
0.051997
0.247049
0.256638
0.353579
0.303707
0.247812
0.094477
0.602895
0.434642
0.054113
0.329491
0.207649
0.035123
0.002284
0.051142
0.632741
0.351528
0.220988
0.162971
0.274906
0.102973
0.504339
0.515496
0.565042
0.128477
0.296275
0.253502
0.020830
0.404627
0.088309
0.570057
0.319751
0.170833
0.111494
0.092708
0.204324
0.325158
0.343616
0.104645
0.109210
0.326044
0.077942
0.174515
0.357055
0.411961
0.218405
0.602112
0.089655
0.016571
0.126242
0.368314
0.006029
0.749646
0.352978
0.174472
0.172863
0.060940
0.056923
0.155272
0.033532
0.356540
0.112165
0.325727
0.334731
0.288471
0.341884
0.143939
0.261564
0.423166
0.265740
0.221042
0.243133
0.012130
0.153198
0.220988
0.346623
0.308117
0.284419
0.414893
0.145444
0.133279
0.151408
0.286424
0.331575
0.464407
0.362429
0.235336
0.582820
0.576140
0.217521
0.257309
0.116959
0.113345
0.181034
0.589836
0.446783
0.263639
0.255558
0.420105
0.623537
0.201159
0.030971
0.042706
0.389838
0.377124
0.066626
0.207050
0.299708
0.179137
0.164018
0.577924
0.491755
0.043186
0.356851
0.417566
0.505510
0.358797
0.472471
0.049315
0.367526
0.132370
0.162484
0.217767
0.367589
0.197745
0.465351
0.152613
0.290930
0.209028
0.471583
0.044132
0.370801
0.052463
0.242047
0.015826
0.278862
0.143725
0.125227
0.304408
0.232604
0.151482
0.112653
0.402176
0.358074
0.050215
0.491929
0.465184
0.351927
0.262483
0.261232
0.189329
0.138666
0.706785
0.144920
0.338170
0.457516
0.331679
0.083271
0.377879
0.490605
0.039985
0.401063
0.263118
0.181379
0.267083
0.045969
0.042101
0.013501
0.217562
0.529106
0.030700
0.141060
0.197491
0.365118
0.079014
0.372012
0.067934
0.011589
0.113375
0.581362
0.103559
0.193719
0.378359
0.334728
0.300974
0.304140
0.027031
0.489995
0.355692
0.049591
0.288059
0.311930
0.020965
0.080018
0.051112
0.715173
0.150772
0.194696
0.156483
0.265501
0.030093
0.418910
0.462178
0.605883
0.246869
0.291135
0.196988
0.106398
0.370222
0.003969
0.345886
0.404227
0.139790
0.094887
0.028284
0.183143
0.256807
0.259911
0.079597
0.013923
0.365845
0.039995
0.237561
0.346807
0.443277
0.429611
0.661475
0.250886
0.078438
0.123270
0.363755
0.094319
0.614810
0.416901
0.096049
0.195267
0.051768
0.142865
0.011342
0.022518
0.367735
0.012284
0.366760
0.288704
0.206701
0.383158
0.324486
0.193965
0.490275
0.347193
0.180309
0.171697
0.182449
0.129999
0.189769
0.437139
0.469826
0.247137
0.401978
0.087212
0.083434
0.106294
0.304255
0.347232
0.493484
0.454397
0.200247
0.685306
0.430398
0.222784
0.180434
0.016656
0.196305
0.147077
0.645927
0.585585
0.374559
0.149115
0.275923
0.578609
0.154747
0.068572
0.069768
0.333595
0.402455
0.045972
0.239690
0.358969
0.135534
0.156217
0.443590
0.454018
0.108882
0.358026
0.368062
0.344273
0.272080
0.399763
0.124098
0.370635
0.175846
0.213102
0.229425
0.499964
0.129151
0.493441
0.052241
0.331268
0.026127
0.491664
0.085882
0.477617
0.028985
0.292888
0.034233
0.226257
0.156192
0.087945
0.318346
0.308823
0.286929
0.282850
0.186917
0.356763
0.030111
0.565102
0.416284
0.245801
0.271252
0.221447
0.175411
0.161213
0.822476
0.183873
0.286737
0.532874
0.312732
0.011303
0.336647
0.454755
0.015408
0.499614
0.178032
0.112242
0.222350
0.172613
0.111725
0.035196
0.322508
0.508371
0.081378
0.178025
0.249650
0.432139
0.181524
0.241210
0.006143
0.203872
0.027943
0.581578
0.121257
0.172910
0.411656
0.335170
0.293424
0.316682
0.044387
0.413261
0.203244
0.004138
0.290823
0.377582
0.104321
0.134171
0.097414
0.628152
0.087603
0.172610
0.163817
0.244540
0.080030
0.332089
0.387345
0.574570
0.365826
0.283574
0.128422
0.160724
0.271548
0.104553
0.070524
0.396501
0.137356
0.085185
0.062515
0.247805
0.191263
0.168454
0.104129
0.206307
0.369394
0.023926
0.271625
0.379918
0.395353
0.499860
0.651126
0.349118
0.138702
0.163175
0.357447
0.212836
0.488251
0.448918
0.089091
0.294702
0.040550
0.231584
0.115485
0.045441
0.311268
0.024687
0.345085
0.211892
0.098558
0.344766
0.395553
0.149261
0.485961
0.359611
0.099950
0.110891
0.360456
0.118037
0.157080
0.459513
0.550215
0.171606
0.347970
0.045125
0.023746
0.006651
0.336715
0.333668
0.497250
0.492402
0.104363
0.754977
0.307100
0.201403
0.081334
0.000679
0.270763
0.129771
0.622239
0.567572
0.448091
0.108990
0.168440
0.450968
0.070494
0.076659
0.121605
0.286477
0.438352
0.053604
0.244934
0.390848
0.049363
0.140911
0.291226
0.347578
0.133033
0.349609
0.326528
0.127189
0.214923
0.312781
0.230196
0.340396
0.244697
0.221930
0.258911
0.587335
0.044334
0.464512
0.075490
0.158774
0.249744
0.499984
0.246493
0.554328
0.047997
0.336974
0.091299
0.172397
0.221242
0.011435
0.270513
0.414524
0.383656
0.348819
0.022561
0.291439
0.035760
0.570322
0.376183
0.214646
0.292410
0.140129
0.185235
0.250604
0.718680
0.227760
0.165532
0.552449
0.187938
0.090570
0.290000
0.449400
0.065705
0.596231
0.140457
0.088461
0.176741
0.264149
0.100076
0.084156
0.336379
0.531751
0.159333
0.211513
0.283061
0.425134
0.296475
0.186330
0.036381
0.366651
0.024869
0.518357
0.131432
0.220996
0.355380
0.312465
0.296134
0.303696
0.066994
0.306755
0.112210
0.095788
0.235429
0.423513
0.200893
0.065154
0.123173
0.473321
0.307411
0.147085
0.233704
0.222623
0.190726
0.158880
0.332078
0.522540
0.363401
0.293638
0.091620
0.277397
0.171593
0.155108
0.020017
0.433934
0.118389
0.079326
0.112870
0.299525
0.129547
0.138649
0.099851
0.377880
0.365210
0.010303
0.257677
0.377410
0.368431
0.504115
0.554499
0.417925
0.109400
0.204542
0.299177
0.340839
0.314360
0.453278
0.086360
0.372200
0.013035
0.311435
0.213883
0.075018
0.238249
0.059793
0.286751
0.069087
0.005198
0.244721
0.379555
0.095116
0.502226
0.420054
0.023005
0.111993
0.485237
0.135669
0.149673
0.462824
0.548941
0.129853
0.355896
0.022667
0.097008
0.072802
0.401784
0.313694
0.392869
0.526336
0.008729
0.689275
0.183066
0.208949
0.029655
0.025335
0.407281
0.118704
0.498777
0.490243
0.411274
0.013856
0.048148
0.296655
0.044927
0.020855
0.203237
0.203177
0.440481
0.078326
0.278452
0.414810
0.059816
0.159730
0.106837
0.246900
0.116442
0.292141
0.249159
0.042533
0.142670
0.306600
0.319368
0.281551
0.336006
0.224479
0.303014
0.673878
0.065763
0.453384
0.135767
0.046254
0.412622
0.398047
0.344233
0.540773
0.076753
0.360518
0.128908
0.129344
0.237543
0.095847
0.286866
0.418077
0.442115
0.342106
0.063392
0.282062
0.089609
0.527534
0.319966
0.228657
0.301374
0.031414
0.192773
0.346147
0.499018
0.280151
0.063300
0.509866
0.053158
0.125145
0.222976
0.424471
0.131800
0.659049
0.156026
0.101939
0.153808
0.284937
0.029434
0.169270
0.328509
0.463865
0.209118
0.263633
0.345901
0.382133
0.454262
0.154015
0.054415
0.455136
0.016801
0.375770
0.185599
0.221992
0.258336
0.342994
0.258356
0.258702
0.067395
0.243459
0.034297
0.173586
0.245506
0.415507
0.314304
0.009352
0.130961
0.315782
0.485270
0.173856
0.367135
0.192822
0.317333
0.069410
0.224564
0.394137
0.383774
0.230988
0.006797
0.366099
0.082111
0.188827
0.119948
0.462872
0.153474
0.061806
0.178710
0.324857
0.041202
0.136227
0.141863
0.491711
0.278355
0.008699
0.230649
0.369547
0.270362
0.427412
0.439138
0.485633
0.068673
0.298413
0.215182
0.420830
0.135792
0.403241
0.084173
0.414846
0.084670
0.290470
0.246403
0.107605
0.171299
0.053406
0.178665
0.022384
0.071619
0.099235
0.270659
0.022951
0.524287
0.395107
0.133329
0.200158
0.555759
0.141535
0.122093
0.470335
0.466267
0.058832
0.372230
0.010369
0.165552
0.193634
0.436430
0.302166
0.332505
0.472677
0.109649
0.511653
0.058828
0.160876
0.110117
0.142329
0.451095
0.126002
0.384418
0.349515
0.293556
0.006557
0.045772
0.134929
0.046584
0.110899
0.240817
0.152710
0.433838
0.084013
0.320728
0.404512
0.081691
0.136216
0.001755
0.165546
0.019888
0.221778
0.182926
0.195512
0.090448
0.303183
0.299667
0.156117
0.330444
0.164237
0.308912
0.663555
0.093866
0.431130
0.122417
0.297317
0.523751
0.341087
0.396322
0.459900
0.117169
0.329132
0.172263
0.108045
0.275857
0.158840
0.294780
0.402199
0.448552
0.328140
0.106747
0.289793
0.139900
0.448137
0.260804
0.240793
0.315933
0.099242
0.112010
0.385253
0.211128
0.338112
0.042192
0.405707
0.056604
0.049821
0.189894
0.431895
0.159351
0.649142
0.237041
0.139192
0.152967
0.244602
0.086805
0.288137
0.289175
0.480386
0.168283
0.351954
0.355668
0.343380
0.621475
0.187727
0.067122
0.407880
0.099200
0.201514
0.219211
0.218348
0.144929
0.353346
0.251749
0.241270
0.006870
0.176644
0.003485
0.216698
0.231380
0.380004
0.347845
0.077693
0.130941
0.184114
0.543941
0.192431
0.447480
0.168922
0.417517
0.060597
0.166647
0.288326
0.324749
0.209145
0.096030
0.446183
0.046563
0.110115
0.124965
0.491752
0.183691
0.040911
0.177019
0.331517
0.077421
0.199567
0.116007
0.587221
0.232526
0.025069
0.241586
0.309862
0.228602
0.331196
0.322403
0.478983
0.061372
0.368694
0.124934
0.436005
0.000882
0.275288
0.015318
0.424197
0.115899
0.237768
0.249515
0.122897
0.103743
0.066743
0.055483
0.103592
0.074920
0.023251
0.132584
0.062318
0.454900
0.422975
0.217318
0.328151
0.557680
0.197045
0.169670
0.454217
0.345146
0.019786
0.404892
0.044736
0.159704
0.181956
0.477089
0.359257
0.284064
0.425780
0.179235
0.294391
0.053499
0.157466
0.148648
0.255499
0.465158
0.108247
0.241571
0.273043
0.117920
0.004079
0.079007
0.005706
0.094338
0.264499
0.234265
0.124219
0.322841
0.101094
0.352075
0.404641
0.184776
0.123256
0.113810
0.153114
0.110041
0.190328
0.106435
0.254091
0.079800
0.344604
0.276892
0.119096
0.304784
0.084410
0.314127
0.568357
0.155810
0.447851
0.003702
0.444488
0.557328
0.221865
0.378492
0.377959
0.213462
0.355666
0.226957
0.094170
0.274454
0.170251
0.298283
0.317136
0.421304
0.305748
0.104236
0.383303
0.166218
0.430679
0.207914
0.229693
0.258138
0.262537
0.039458
0.348128
0.002039
0.391215
0.140803
0.310011
0.136862
0.067960
0.139900
0.422576
0.122629
0.472523
0.289346
0.214293
0.200926
0.165944
0.238350
0.368483
0.209115
0.466231
0.127307
0.399612
0.415962
0.266149
0.669282
0.239401
0.053574
0.266826
0.224430
0.070498
0.241769
0.157264
0.091517
0.362631
0.256756
0.184345
0.088822
0.176276
0.035713
0.196904
0.312431
0.302514
0.260202
0.106711
0.134352
0.062430
0.496960
0.182864
0.509982
0.167293
0.463007
0.136378
0.095588
0.213365
0.241001
0.193580
0.216030
0.443468
0.048639
0.037636
0.137100
0.476054
0.261605
0.030157
0.200192
0.363295
0.127776
0.282795
0.133261
0.618764
0.207454
0.064514
0.270766
0.256815
0.143967
0.140862
0.266560
0.403673
0.162183
0.435769
0.038401
0.427548
0.057984
0.115153
0.095908
0.421903
0.116153
0.174134
0.170510
0.103665
0.054593
0.044445
0.026036
0.181491
0.039862
0.095459
0.053014
0.119753
0.355881
0.352177
0.284087
0.468320
0.513624
0.180668
0.193022
0.398826
0.248394
0.070290
0.370603
0.122153
0.200573
0.169574
0.446315
0.439891
0.244395
0.308003
0.246815
0.130939
0.081451
0.176741
0.143864
0.381120
0.423654
0.072136
0.168260
0.202487
0.102965
0.104914
0.018763
0.088366
0.142303
0.421857
0.225208
0.159403
0.211054
0.104782
0.352276
0.390655
0.270473
0.081160
0.101066
0.193295
0.198666
0.173702
0.100579
0.267758
0.122676
0.385019
0.197414
0.445293
0.251440
0.036620
0.278910
0.338018
0.168812
0.428273
0.137438
0.581003
0.472028
0.129150
0.353441
0.297575
0.354703
0.418225
0.181874
0.141798
0.281324
0.147558
0.313448
0.279066
0.389298
0.205057
0.019772
0.450298
0.153810
0.319598
0.152820
0.223226
0.262690
0.410440
0.086296
0.346088
0.213315
0.411936
0.204006
0.259275
0.125816
0.270716
0.209677
0.368308
0.035419
0.268551
0.386722
0.315032
0.266020
0.075157
0.379752
0.390994
0.069093
0.509618
0.058949
0.397999
0.425462
0.146380
0.582466
0.311063
0.035979
0.068304
0.313676
0.003688
0.176044
0.136839
0.040273
0.316740
0.263892
0.163029
0.209400
0.159177
0.025759
0.162957
0.378365
0.253680
0.082411
0.093779
0.125740
0.010862
0.277448
0.180281
0.485950
0.164281
0.455039
0.161568
0.055787
0.170293
0.106307
0.226250
0.296933
0.437576
0.081523
0.169340
0.022662
0.429812
0.243809
0.008781
0.203537
0.347256
0.114132
0.360763
0.112131
0.560630
0.285150
0.062539
0.269280
0.172996
0.130822
0.013135
0.254516
0.304325
0.278092
0.425892
0.064587
0.362128
0.064075
0.072844
0.264266
0.390273
0.091081
0.106378
0.095489
0.071799
0.035941
0.066442
0.072296
0.269401
0.024014
0.138071
0.153397
0.166769
0.253972
0.321770
0.359516
0.613968
0.434480
0.044722
0.206664
0.347548
0.188605
0.053326
0.357662
0.246815
0.223028
0.019798
0.461018
0.584831
0.224094
0.206618
0.211516
0.026132
0.024718
0.236107
0.101293
0.485205
0.405780
0.030589
0.114047
0.246144
0.310497
0.213965
0.160538
0.062907
0.255870
0.662686
0.255708
0.223834
0.102261
0.122536
0.294654
0.383207
0.410831
0.041326
0.088092
0.274272
0.269342
0.207244
0.101995
0.185433
0.152229
0.374137
0.075335
0.787704
0.260953
0.082848
0.233032
0.122939
0.206042
0.439083
0.279234
0.572304
0.309345
0.010645
0.265715
0.190554
0.435472
0.440696
0.067510
0.210126
0.254984
0.091411
0.411391
0.200419
0.402318
0.049101
0.158457
0.545986
0.125853
0.192262
0.132085
0.208220
0.231527
0.521039
0.180987
0.383376
0.288737
0.423855
0.221620
0.266752
0.040428
0.427422
0.274225
0.269471
0.047931
0.028749
0.480028
0.410510
0.351178
0.043889
0.497273
0.420039
0.087814
0.465439
0.031730
0.404760
0.454308
0.043770
0.455349
0.367556
0.181583
0.111128
0.421042
0.040824
0.026560
0.112798
0.037978
0.341912
0.256500
0.145771
0.302685
0.199172
0.023012
0.134760
0.471148
0.247522
0.079912
0.048718
0.074753
0.065439
0.027913
0.162570
0.336979
0.151826
0.428876
0.004464
0.007157
0.111722
0.052243
0.245139
0.359656
0.402228
0.100084
0.265150
0.028745
0.351204
0.201117
0.076406
0.288506
0.282601
0.124643
0.418384
0.098446
0.469321
0.337841
0.049039
0.272005
0.146313
0.099989
0.188379
0.264325
0.244751
0.316247
0.391614
0.144090
0.273110
0.017925
0.273754
0.400276
0.347519
0.120509
0.005590
0.079013
0.046692
0.008838
0.067474
0.165408
0.282782
0.051723
0.151904
0.232155
0.213461
0.241118
0.230634
0.382741
0.635773
0.316081
0.080163
0.205370
0.285957
0.140398
0.061153
0.253118
0.328596
0.344934
0.210613
0.397888
0.604095
0.215767
0.088373
0.082139
0.044494
0.043458
0.230117
0.119000
0.576972
0.352548
0.023649
0.078005
0.276359
0.387139
0.447770
0.309966
0.005668
0.377362
0.779238
0.186661
0.318074
0.037248
0.113741
0.211876
0.371641
0.431556
0.058240
0.017508
0.351796
0.242799
0.262491
0.173542
0.043002
0.256055
0.274888
0.110724
0.914222
0.238319
0.171239
0.217003
0.099554
0.151657
0.325242
0.384423
0.550071
0.129395
0.013074
0.222759
0.109774
0.560510
0.445982
0.037585
0.301797
0.295105
0.040014
0.499568
0.196526
0.469146
0.133249
0.370918
0.628097
0.071183
0.066968
0.155810
0.237627
0.241680
0.587547
0.298073
0.424349
0.267866
0.407532
0.231452
0.290617
0.078400
0.569503
0.336856
0.243283
0.075213
0.114131
0.495069
0.508120
0.344245
0.144215
0.591255
0.427680
0.183786
0.476089
0.146521
0.299923
0.380367
0.109506
0.279226
0.375300
0.262666
0.295843
0.494162
0.067991
0.133014
0.153606
0.027511
0.262016
0.202711
0.126274
0.350231
0.176256
0.001219
0.121216
0.542200
0.224883
0.261161
0.023818
0.031476
0.007969
0.259624
0.098223
0.244352
0.150802
0.395493
0.086247
0.028040
0.092163
0.025417
0.313344
0.315298
0.341406
0.230129
0.349706
0.140992
0.317333
0.169988
0.124291
0.293797
0.230850
0.122095
0.407806
0.025046
0.393263
0.380125
0.064694
0.276601
0.071633
0.133664
0.265673
0.249634
0.159846
0.370432
0.321949
0.157673
0.182305
0.017406
0.361191
0.494205
0.249430
0.106105
0.080691
0.110437
0.010851
0.064186
0.102148
0.212897
0.258788
0.055653
0.091849
0.320318
0.242071
0.211348
0.218800
0.355827
0.625208
0.208139
0.192229
0.191151
0.297717
0.194628
0.000095
0.109034
0.365419
0.330816
0.463512
0.387909
0.584657
0.204972
0.044578
0.025782
0.030963
0.113219
0.262892
0.105043
0.602744
0.323932
0.009862
0.097971
0.403524
0.443732
0.530362
0.435052
0.078074
0.484637
0.790494
0.134899
0.429135
0.008702
0.134324
0.104900
0.374949
0.520894
0.123594
0.085950
0.429341
0.144286
0.352457
0.260406
0.240431
0.333490
0.200521
0.227407
0.864818
0.285974
0.207975
0.221762
0.191204
0.171863
0.200534
0.467765
0.441480
0.002824
0.013533
0.261774
0.099122
0.558708
0.435615
0.169669
0.355173
0.342191
0.204714
0.512735
0.165321
0.534145
0.336163
0.592199
0.642666
0.031197
0.034267
0.200946
0.200189
0.196662
0.578676
0.350088
0.444892
0.176454
0.325273
0.137908
0.283283
0.169387
0.575163
0.322937
0.157865
0.121075
0.207379
0.394438
0.509105
0.348931
0.246390
0.607792
0.381367
0.184341
0.389909
0.241817
0.139250
0.345955
0.262319
0.118320
0.338391
0.350536
0.386274
0.502151
0.005139
0.308546
0.138790
0.003043
0.165755
0.153964
0.093506
0.431685
0.171774
0.019322
0.085796
0.580635
0.187801
0.428829
0.046214
0.151479
0.029834
0.476451
0.003493
0.153348
0.185664
0.310476
0.123828
0.041123
0.032594
0.070084
0.367548
0.244162
0.240105
0.380934
0.343417
0.216347
0.252723
0.159679
0.118755
0.356100
0.186649
0.097201
0.357527
0.006065
0.290736
0.380623
0.052521
0.284408
0.115292
0.087676
0.338423
0.277189
0.111667
0.304627
0.318881
0.161054
0.102034
0.045662
0.391215
0.505699
0.197594
0.135112
0.155288
0.083576
0.091510
0.127832
0.050521
0.266154
0.116785
0.076891
0.006524
0.347477
0.200357
0.288951
0.197674
0.300325
0.485391
0.168208
0.292828
0.200081
0.359163
0.272745
0.004645
0.069197
0.367160
0.365656
0.679127
0.279114
0.508615
0.313954
0.005029
0.181526
0.097212
0.174336
0.230346
0.105408
0.607348
0.296569
0.000647
0.125089
0.514700
0.368906
0.647784
0.477973
0.166404
0.449907
0.585682
0.048598
0.484893
0.062371
0.111308
0.002692
0.360741
0.487628
0.152665
0.245157
0.422408
0.009548
0.441462
0.376966
0.469271
0.388453
0.136599
0.359578
0.618492
0.272384
0.175219
0.185615
0.313836
0.150487
0.048886
0.451929
0.341512
0.123477
0.129355
0.278353
0.114851
0.524587
0.339504
0.252808
0.433002
0.376071
0.336456
0.560300
0.237586
0.495490
0.450680
0.714304
0.604226
0.043491
0.186833
0.300659
0.222651
0.161246
0.504108
0.348961
0.509496
0.019741
0.166767
0.045608
0.248666
0.230023
0.492594
0.345757
0.187651
0.120812
0.228040
0.320994
0.494279
0.340663
0.266458
0.558053
0.220222
0.205111
0.406437
0.324078
0.019412
0.330545
0.377394
0.035344
0.300843
0.441843
0.394738
0.501569
0.104893
0.405051
0.212555
0.017093
0.048890
0.167037
0.088003
0.484586
0.196363
0.159804
0.087610
0.505620
0.203609
0.567074
0.114695
0.269266
0.143661
0.623046
0.028433
0.077362
0.222272
0.245780
0.202953
0.026140
0.016825
0.095826
0.392582
0.060545
0.242676
0.518721
0.255448
0.377705
0.170803
0.060186
0.048064
0.409287
0.082461
0.036642
0.275435
0.023735
0.197608
0.349389
0.034052
0.234410
0.151189
0.085510
0.300618
0.298620
0.023148
0.204518
0.374436
0.138756
0.023083
0.079862
0.317695
0.451192
0.136797
0.130300
0.215913
0.011099
0.164778
0.226803
0.028262
0.267490
0.007976
0.058711
0.070623
0.287353
0.161047
0.325284
0.243723
0.232743
0.299426
0.121061
0.388614
0.247408
0.442102
0.384025
0.012972
0.194302
0.318243
0.315363
0.858264
0.233003
0.446723
0.425539
0.052543
0.336910
0.280479
0.184264
0.234806
0.076317
0.561327
0.261338
0.006277
0.157182
0.558309
0.287900
0.674162
0.534640
0.263334
0.445466
0.406445
0.010560
0.515651
0.187365
0.070935
0.010951
0.317474
0.458528
0.114960
0.348926
0.428277
0.149400
0.579290
0.378459
0.706068
0.510106
0.132782
0.406273
0.402285
0.237389
0.069451
0.206527
0.288745
0.117384
0.021475
0.479599
0.232935
0.228286
0.250697
0.275488
0.175521
0.416122
0.212544
0.314178
0.461704
0.369996
0.420311
0.544945
0.255215
0.489832
0.496943
0.654591
0.505047
0.053268
0.198109
0.440315
0.213562
0.071241
0.388599
0.287029
0.573291
0.212369
0.093117
0.055401
0.201527
0.270184
0.384655
0.355269
0.217765
0.158714
0.243513
0.152207
0.456787
0.322432
0.223976
0.429081
0.103293
0.211460
0.350348
0.396566
0.062951
0.376645
0.356858
0.026156
0.231212
0.429278
0.289406
0.500715
0.229505
0.406367
0.242796
0.076266
0.039350
0.232004
0.121368
0.555640
0.211583
0.248782
0.054892
0.383935
0.262295
0.558835
0.289772
0.301929
0.196657
0.655148
0.132343
0.004198
0.352628
0.180833
0.250945
0.000527
0.036594
0.047596
0.381097
0.095624
0.196106
0.605474
0.108785
0.388222
0.100983
0.007819
0.035931
0.552999
0.065521
0.048925
0.202847
0.011173
0.110604
0.313160
0.077488
0.174578
0.244137
0.050049
0.233410
0.320525
0.003603
0.050113
0.488800
0.049371
0.012841
0.136053
0.123881
0.319549
0.111718
0.091463
0.268777
0.083288
0.301859
0.272748
0.079924
0.300383
0.149598
0.052360
0.124853
0.213540
0.082294
0.346048
0.220388
0.090222
0.050098
0.154191
0.399905
0.255059
0.490609
0.435918
0.026235
0.189948
0.220045
0.316994
0.778975
0.183572
0.320837
0.509632
0.084335
0.405915
0.458821
0.183476
0.261207
0.067764
0.448276
0.173782
0.029021
0.188036
0.433789
0.161737
0.723089
0.607074
0.392177
0.398174
0.178329
0.031900
0.518921
0.256554
0.058223
0.041196
0.275751
0.343183
0.021686
0.434712
0.370175
0.265830
0.557516
0.398670
0.757126
0.540448
0.103135
0.456062
0.170120
0.203948
0.004360
0.235594
0.198019
0.066278
0.064294
0.515627
0.220400
0.328736
0.397250
0.279402
0.289415
0.347090
0.094391
0.321939
0.471221
0.342597
0.432169
0.421872
0.311595
0.519988
0.489811
0.492914
0.347690
0.106070
0.088518
0.537210
0.266028
0.098283
0.266923
0.198542
0.628171
0.366428
0.063997
0.126599
0.206163
0.278203
0.264482
0.442067
0.258139
0.167957
0.143653
0.050152
0.427564
0.270486
0.177465
0.254839
0.046163
0.144172
0.305395
0.448440
0.071144
0.396138
0.247103
0.055086
0.159203
0.384041
0.103700
0.496867
0.358072
0.315362
0.351589
0.061867
0.000251
0.334964
0.194203
0.561438
0.160182
0.285849
0.007500
0.219734
0.326140
0.472071
0.513074
0.275748
0.259276
0.688554
0.212982
0.002272
0.520462
0.086021
0.147057
0.133734
0.079513
0.005834
0.400242
0.254493
0.090920
0.582824
0.033097
0.342974
0.003819
0.060862
0.141519
0.597343
0.146590
0.228090
0.167353
0.011183
0.099186
0.369570
0.050305
0.135989
0.271748
0.089854
0.105170
0.303298
0.021742
0.067889
0.568074
0.094265
0.030092
0.226611
0.104681
0.193912
0.098293
0.010550
0.248319
0.150635
0.366725
0.239128
0.162761
0.281650
0.226398
0.004081
0.150209
0.078949
0.026491
0.299574
0.223000
0.039179
0.129712
0.187388
0.315119
0.320652
0.491988
0.444280
0.069561
0.046687
0.144453
0.267529
0.670236
0.189570
0.272842
0.526005
0.126457
0.430375
0.556224
0.257813
0.370024
0.083978
0.334478
0.129156
0.077297
0.164059
0.312675
0.002467
0.729558
0.631394
0.537926
0.327293
0.024661
0.059757
0.428715
0.257575
0.047810
0.130179
0.192497
0.257683
0.149442
0.457567
0.306174
0.310969
0.400172
0.323918
0.653978
0.487906
0.128554
0.378780
0.022598
0.257110
0.057288
0.307579
0.012439
0.104694
0.030787
0.524255
0.193067
0.390786
0.447147
0.273394
0.370695
0.265312
0.074800
0.282369
0.432361
0.321745
0.371038
0.215071
0.405562
0.526701
0.380748
0.402681
0.177619
0.128781
0.058207
0.541166
0.374564
0.114901
0.265833
0.040280
0.658770
0.520009
0.069293
0.214708
0.286716
0.193370
0.033144
0.491026
0.292543
0.131713
0.026473
0.014277
0.412621
0.203232
0.132844
0.168408
0.045741
0.052744
0.258081
0.395668
0.033644
0.463807
0.081955
0.065907
0.159369
0.345973
0.089987
0.511746
0.425047
0.245823
0.474214
0.103009
0.010045
0.483146
0.169970
0.510593
0.153285
0.261609
0.070971
0.058095
0.385598
0.374958
0.696076
0.239769
0.303103
0.668617
0.274591
0.058226
0.697205
0.005437
0.024968
0.296149
0.140168
0.099051
0.418447
0.395399
0.009457
0.429933
0.001376
0.264133
0.091027
0.001293
0.218450
0.663566
0.216468
0.376407
0.177057
0.059503
0.049998
0.403770
0.025368
0.122148
0.320650
0.054608
0.003510
0.244345
0.013540
0.158713
0.589049
0.191011
0.062622
0.311653
0.254169
0.094443
0.116010
0.129786
0.124292
0.195156
0.362521
0.179166
0.256368
0.191316
0.275655
0.046028
0.088070
0.056717
0.026334
0.302731
0.202085
0.185189
0.192139
0.260168
0.238530
0.372068
0.509310
0.438235
0.153235
0.096003
0.149070
0.286103
0.421702
0.166514
0.241585
0.485713
0.193236
0.421899
0.616392
0.289481
0.460123
0.112916
0.292998
0.130707
0.072512
0.225849
0.179380
0.156732
0.659490
0.575977
0.616079
0.246419
0.102618
0.102870
0.299700
0.250890
0.018010
0.273146
0.134030
0.153015
0.308299
0.510202
0.225645
0.307670
0.196122
0.234207
0.418714
0.399124
0.198083
0.334537
0.090948
0.335970
0.092182
0.364142
0.135801
0.001936
0.066737
0.453542
0.284068
0.355562
0.459579
0.212111
0.450203
0.227165
0.071997
0.205889
0.334800
0.337836
0.252138
0.100875
0.537972
0.413194
0.208735
0.240151
0.039147
0.164449
0.164900
0.492715
0.479254
0.243466
0.282624
0.044459
0.572230
0.598009
0.084595
0.320457
0.315242
0.086178
0.070640
0.529554
0.319010
0.072732
0.244268
0.068058
0.393637
0.148710
0.080759
0.088780
0.107062
0.093458
0.262376
0.321202
0.079127
0.463691
0.118076
0.105402
0.175163
0.258157
0.269238
0.530386
0.370560
0.157167
0.621831
0.096755
0.059886
0.596899
0.143472
0.368170
0.138458
0.247742
0.149238
0.048379
0.401471
0.279243
0.764471
0.186143
0.381352
0.637537
0.279265
0.158157
0.673302
0.023045
0.054982
0.400382
0.196301
0.192215
0.405673
0.540620
0.000805
0.239579
0.029515
0.261294
0.226777
0.020338
0.258173
0.588946
0.290249
0.474310
0.205843
0.102587
0.026694
0.435582
0.014578
0.067846
0.366883
0.077391
0.183826
0.180433
0.021197
0.197609
0.567683
0.243378
0.101141
0.361222
0.330034
0.084747
0.170519
0.208545
0.010806
0.253573
0.331713
0.127037
0.266194
0.096298
0.274339
0.087816
0.055251
0.181889
0.042527
0.279947
0.230048
0.284873
0.168803
0.312767
0.118026
0.473465
0.485462
0.396744
0.204434
0.256070
0.195393
0.250014
0.215128
0.161668
0.235087
0.423082
0.269917
0.373039
0.564485
0.338795
0.578625
0.123023
0.208082
0.190808
0.047084
0.289146
0.104490
0.291921
0.447155
0.503356
0.594644
0.240286
0.140765
0.098035
0.195394
0.236746
0.014247
0.445202
0.067305
0.091030
0.360858
0.509054
0.255407
0.214788
0.045099
0.108248
0.197272
0.305962
0.261328
0.176512
0.061432
0.404554
0.126853
0.440818
0.331784
0.144346
0.229384
0.423745
0.397955
0.256909
0.450798
0.178161
0.448162
0.165024
0.130710
0.118941
0.226632
0.354237
0.149952
0.033453
0.568258
0.360540
0.018089
0.094381
0.066936
0.270641
0.308414
0.383076
0.482996
0.318814
0.228025
0.102156
0.396349
0.623489
0.132350
0.402854
0.348167
0.030210
0.094257
0.519286
0.278647
0.054881
0.393456
0.089888
0.352914
0.057148
0.009670
0.034859
0.150827
0.247742
0.263449
0.191454
0.203386
0.399449
0.287514
0.185422
0.221345
0.103946
0.383741
0.511949
0.319867
0.057871
0.546363
0.092217
0.024812
0.680669
0.062638
0.197753
0.153907
0.228291
0.228925
0.039017
0.379487
0.182218
0.737134
0.135284
0.427234
0.520078
0.287869
0.185859
0.558406
0.049331
0.114468
0.490123
0.198961
0.251905
0.420052
0.549055
0.016819
0.074342
0.042140
0.252707
0.281350
0.087732
0.259736
0.456009
0.406661
0.485293
0.305278
0.149216
0.066730
0.336929
0.068200
0.044218
0.460733
0.122051
0.295773
0.162577
0.075208
0.219012
0.526610
0.306106
0.175715
0.347185
0.326026
0.112953
0.259968
0.232459
0.112934
0.256306
0.286591
0.048820
0.302906
0.048866
0.259692
0.099612
0.168394
0.201933
0.064564
0.320635
0.224935
0.364371
0.084026
0.388457
0.071523
0.504524
0.464620
0.351259
0.235955
0.347106
0.259179
0.253891
0.037480
0.135057
0.221852
0.339648
0.332071
0.219288
0.486931
0.359623
0.557545
0.179744
0.146886
0.275387
0.065435
0.353901
0.017525
0.381244
0.293324
0.446772
0.517927
0.200684
0.138037
0.039818
0.163256
0.250239
0.015078
0.532519
0.034488
0.043522
0.373991
0.499472
0.272234
0.025555
0.041705
0.056390
0.032461
0.181092
0.321957
0.096120
0.020328
0.489800
0.163737
0.485049
0.443652
0.241388
0.385327
0.339029
0.579198
0.106539
0.449328
0.145543
0.419283
0.226679
0.173027
0.009161
0.218129
0.335842
0.016952
0.020348
0.579158
0.267758
0.229874
0.039713
0.120950
0.325407
0.374336
0.213016
0.425016
0.388390
0.164528
0.134430
0.167428
0.491960
0.163194
0.395521
0.400952
0.145373
0.026120
0.437091
0.290199
0.025240
0.513895
0.125500
0.311448
0.020795
0.067423
0.044455
0.157202
0.393901
0.334183
0.004803
0.287902
0.314960
0.355613
0.270246
0.298963
0.007626
0.462983
0.515651
0.294634
0.027722
0.461875
0.026973
0.027479
0.659047
0.037527
0.027284
0.167980
0.267524
0.234236
0.050635
0.322873
0.118558
0.591760
0.100633
0.495599
0.410613
0.224965
0.189791
0.412987
0.032858
0.170301
0.551601
0.141576
0.194099
0.385660
0.482451
0.146641
0.054003
0.103073
0.304409
0.325905
0.133904
0.215901
0.207062
0.447514
0.417954
0.438031
0.114723
0.121352
0.271002
0.131534
0.008087
0.504122
0.284509
0.317159
0.191076
0.113902
0.153562
0.447694
0.346938
0.188947
0.343771
0.247073
0.149455
0.385942
0.202330
0.175514
0.320421
0.170424
0.018975
0.297073
0.000392
0.178130
0.112174
0.269218
0.215526
0.086616
0.319006
0.239421
0.327925
0.014680
0.402772
0.297626
0.466617
0.378820
0.314704
0.196562
0.439925
0.304144
0.196133
0.167919
0.145453
0.220621
0.213182
0.382554
0.083559
0.358321
0.410207
0.520405
0.256010
0.037292
0.360628
0.099072
0.384144
0.098510
0.449179
0.147518
0.395295
0.372103
0.187420
0.037989
0.010873
0.193016
0.269290
0.089024
0.568710
0.010747
0.137572
0.298271
0.479630
0.350176
0.154760
0.043224
0.046463
0.225985
0.134476
0.400633
0.046056
0.114714
0.591341
0.177819
0.533527
0.569050
0.246587
0.500406
0.285787
0.636694
0.051287
0.360401
0.162454
0.344954
0.231586
0.285567
0.013620
0.258570
0.331484
0.176133
0.042393
0.519449
0.256122
0.417790
0.094312
0.109151
0.297258
0.433047
0.032756
0.318434
0.409943
0.104159
0.094434
0.006612
0.355422
0.228047
0.353808
0.522440
0.224164
0.067759
0.315644
0.283713
0.053960
0.591113
0.174547
0.234450
0.058087
0.095574
0.111321
0.123447
0.412473
0.359501
0.168198
0.334873
0.243602
0.360375
0.328618
0.415515
0.050631
0.493308
0.438280
0.275428
0.079165
0.270336
0.062799
0.077852
0.576913
0.151364
0.075889
0.236180
0.302484
0.187231
0.175439
0.242549
0.064544
0.408159
0.047270
0.478329
0.228164
0.175348
0.170207
0.361664
0.042949
0.158904
0.615211
0.087582
0.098189
0.352851
0.325058
0.317637
0.143949
0.066180
0.363332
0.206950
0.268251
0.147650
0.022561
0.421312
0.235828
0.539657
0.130448
0.154163
0.225778
0.214028
0.031309
0.621823
0.368895
0.350352
0.257132
0.224661
0.012408
0.319097
0.325725
0.203978
0.341865
0.144283
0.199332
0.477791
0.187150
0.234092
0.369140
0.076467
0.072029
0.362640
0.042002
0.110880
0.055036
0.317759
0.195043
0.099250
0.331264
0.260479
0.252524
0.033071
0.428262
0.455770
0.364776
0.311218
0.233651
0.159093
0.438154
0.323775
0.150820
0.209024
0.165709
0.243243
0.100576
0.380485
0.025140
0.269052
0.426797
0.402250
0.327741
0.030016
0.406226
0.076013
0.428057
0.148636
0.429555
0.042687
0.284727
0.234221
0.225264
0.108109
0.113518
0.297209
0.301832
0.152648
0.570427
0.047884
0.225767
0.179953
0.402166
0.313703
0.248994
0.034868
0.151587
0.317201
0.088724
0.439534
0.113234
0.238585
0.624919
0.177344
0.507244
0.562558
0.246162
0.584872
0.211319
0.677091
0.221267
0.339083
0.161334
0.259157
0.307513
0.369897
0.041224
0.333872
0.332369
0.333150
0.141960
0.457783
0.215500
0.519123
0.099903
0.007579
0.205948
0.498234
0.056579
0.212722
0.454741
0.089234
0.034439
0.101942
0.152612
0.322425
0.243374
0.639422
0.238467
0.197267
0.258834
0.311796
0.059782
0.592567
0.285269
0.182653
0.001545
0.099815
0.187730
0.016400
0.383269
0.397100
0.272089
0.433067
0.228346
0.321543
0.377989
0.598126
0.009484
0.442565
0.322412
0.234224
0.104455
0.180420
0.051946
0.136407
0.407974
0.169064
0.163464
0.326496
0.352628
0.109436
0.271130
0.139041
0.032986
0.221746
0.000435
0.391590
0.121283
0.059401
0.156379
0.305600
0.159627
0.090259
0.611955
0.093098
0.020497
0.307450
0.098047
0.487960
0.201222
0.060927
0.462965
0.049953
0.335336
0.040333
0.145174
0.308062
0.070666
0.608283
0.080937
0.223550
0.241422
0.267617
0.031565
0.582151
0.447059
0.392916
0.400011
0.295838
0.203672
0.179594
0.245725
0.178020
0.445493
0.004626
0.240973
0.453170
0.145042
0.227961
0.387316
0.001508
0.042300
0.330528
0.096994
0.009611
0.030771
0.338798
0.199114
0.073211
0.252532
0.343342
0.123400
0.080022
0.378881
0.594885
0.330886
0.222402
0.139594
0.099379
0.445283
0.345018
0.026704
0.099445
0.294619
0.246281
0.045031
0.376995
0.133894
0.218152
0.458862
0.279703
0.372269
0.042908
0.401783
0.052932
0.441132
0.061007
0.324520
0.051381
0.165802
0.099656
0.279987
0.287194
0.140936
0.335210
0.354625
0.146799
0.521420
0.107913
0.370405
0.079067
0.238130
0.303585
0.324720
0.070638
0.167386
0.313745
0.068419
0.537744
0.200130
0.350528
0.603920
0.175093
0.456306
0.539721
0.142770
0.654852
0.153207
0.562988
0.431292
0.328420
0.218825
0.146967
0.337315
0.438269
0.070310
0.348985
0.332472
0.345448
0.248780
0.360814
0.228099
0.510996
0.017595
0.108368
0.146321
0.580599
0.024292
0.136420
0.424155
0.164130
0.010635
0.139135
0.012283
0.464087
0.118583
0.675687
0.240204
0.311252
0.260179
0.335158
0.001200
0.476520
0.335944
0.123072
0.087167
0.114063
0.295392
0.160416
0.327379
0.397442
0.265202
0.494004
0.155155
0.231515
0.364150
0.721667
0.083572
0.362570
0.208956
0.187252
0.107334
0.113719
0.059740
0.267248
0.190682
0.114602
0.155347
0.455474
0.411260
0.019116
0.328081
0.026600
0.031715
0.092109
0.026830
0.275680
0.022888
0.044742
0.148769
0.304249
0.253277
0.007109
0.536335
0.140427
0.015549
0.293191
0.151583
0.493226
0.166476
0.078995
0.481043
0.216931
0.405602
0.085286
0.176660
0.210130
0.124934
0.665739
0.046300
0.315115
0.289557
0.296312
0.081396
0.520147
0.463188
0.343016
0.556551
0.355600
0.337265
0.049799
0.149913
0.215891
0.519799
0.134024
0.251694
0.411218
0.074300
0.177430
0.323645
0.113261
0.035773
0.223102
0.180819
0.053900
0.035694
0.268715
0.185363
0.079346
0.178672
0.398739
0.030335
0.100465
0.275366
0.596093
0.295046
0.157048
0.028727
0.071156
0.365332
0.347064
0.006008
0.015310
0.402136
0.243316
0.046533
0.321923
0.221091
0.214155
0.433458
0.039658
0.376637
0.039535
0.346791
0.044112
0.456179
0.053107
0.148253
0.081284
0.038939
0.010810
0.315823
0.354483
0.153846
0.409941
0.340176
0.167388
0.433779
0.268218
0.470858
0.006114
0.149162
0.244598
0.240845
0.164306
0.277280
0.184243
0.094404
0.543806
0.197461
0.420156
0.524410
0.135754
0.353664
0.483032
0.031826
0.549104
0.121974
0.402948
0.512114
0.322162
0.318703
0.142256
0.356790
0.455626
0.079215
0.360609
0.319508
0.274571
0.345968
0.284976
0.245592
0.374756
0.059756
0.239626
0.120793
0.559461
0.002272
0.118231
0.437214
0.283082
0.035781
0.171262
0.146223
0.582788
0.007033
0.591697
0.155537
0.436889
0.280109
0.423129
0.060463
0.359411
0.408210
0.101710
0.179747
0.040153
0.350037
0.368655
0.233687
0.330742
0.221309
0.476904
0.101467
0.053594
0.297710
0.691012
0.238796
0.284158
0.155516
0.130727
0.072975
0.107875
0.010681
0.352643
0.033388
0.017716
0.125007
0.551157
0.430938
0.157967
0.402665
0.042280
0.112452
0.057808
0.103591
0.183414
0.010753
0.146986
0.192736
0.345737
0.310243
0.011317
0.419588
0.242163
0.084376
0.311341
0.393026
0.437658
0.040637
0.120403
0.415395
0.415916
0.412392
0.198380
0.195342
0.108538
0.228720
0.604493
0.036631
0.389971
0.397378
0.261690
0.162644
0.328511
0.541746
0.334176
0.663435
0.327943
0.439304
0.087530
0.084410
0.245954
0.577942
0.231407
0.273038
0.332104
0.036183
0.098446
0.176692
0.236787
0.010393
0.064252
0.244643
0.153842
0.013536
0.134031
0.130932
0.028746
0.123749
0.456580
0.081050
0.097835
0.206993
0.486407
0.293220
0.058343
0.016117
0.030236
0.373436
0.322200
0.043769
0.207824
0.444447
0.219405
0.121626
0.269350
0.182181
0.172562
0.463076
0.132429
0.299253
0.140513
0.315318
0.059756
0.427071
0.280760
0.025520
0.039658
0.065464
0.067532
0.318079
0.364212
0.088834
0.417432
0.347183
0.100759
0.316323
0.328524
0.557980
0.050660
0.097073
0.190569
0.129479
0.345680
0.359098
0.072654
0.132705
0.533577
0.204487
0.444498
0.366484
0.133045
0.205553
0.483178
0.126275
0.269892
0.125504
0.107175
0.470746
0.278427
0.426066
0.128955
0.299905
0.412709
0.084444
0.309350
0.259066
0.204528
0.452780
0.239664
0.296661
0.127989
0.232283
0.349048
0.057991
0.495555
0.121959
0.160975
0.367042
0.362854
0.068413
0.124058
0.137795
0.619958
0.136772
0.371599
0.058006
0.522145
0.346796
0.492652
0.126722
0.237859
0.469271
0.131041
0.215169
0.005996
0.430395
0.540165
0.062282
0.285228
0.077885
0.399825
0.027401
0.187314
0.225167
0.595734
0.341151
0.145404
0.114740
0.114086
0.007559
0.150162
0.057890
0.408787
0.184936
0.032569
0.001270
0.582775
0.415572
0.336198
0.427599
0.048822
0.178186
0.077907
0.125961
0.121731
0.075583
0.255877
0.211371
0.432118
0.355733
0.099044
0.313417
0.385257
0.070467
0.334351
0.489756
0.369457
0.099968
0.131561
0.280573
0.567141
0.415869
0.264462
0.176515
0.018199
0.293355
0.527554
0.075238
0.372447
0.470119
0.156592
0.328289
0.211518
0.565968
0.242446
0.560927
0.252659
0.443881
0.209192
0.042824
0.289718
0.518220
0.338096
0.268728
0.264190
0.105791
0.081520
0.045235
0.347033
0.049006
0.125430
0.290177
0.239411
0.077042
0.010019
0.023634
0.004363
0.081407
0.514103
0.121472
0.152226
0.173224
0.238481
0.259572
0.072520
0.056895
0.006558
0.301991
0.309096
0.106211
0.392190
0.488042
0.250842
0.187862
0.268948
0.104289
0.180244
0.452575
0.215190
0.121370
0.301110
0.251373
0.026271
0.452108
0.492547
0.181221
0.061247
0.061874
0.012185
0.303423
0.388998
0.027639
0.388397
0.378767
0.018350
0.201295
0.391750
0.560421
0.044297
0.055793
0.104717
0.033952
0.500456
0.430684
0.080480
0.198876
0.472447
0.128573
0.458822
0.277872
0.166392
0.110597
0.442640
0.194556
0.071332
0.158134
0.167091
0.363154
0.312422
0.493543
0.170877
0.270539
0.315127
0.083976
0.215663
0.186263
0.083717
0.479838
0.155916
0.245030
0.170742
0.382202
0.347109
0.032881
0.462713
0.232487
0.177773
0.316670
0.390352
0.124373
0.060188
0.103048
0.566223
0.239247
0.091336
0.072418
0.536658
0.316950
0.561050
0.174678
0.177279
0.498772
0.177493
0.300941
0.085126
0.494513
0.697570
0.032742
0.241864
0.086497
0.248284
0.019630
0.362097
0.166923
0.425484
0.399354
0.033823
0.131939
0.136275
0.113967
0.240306
0.114312
0.437012
0.262905
0.149789
0.144662
0.519821
0.374275
0.440306
0.377718
0.006707
0.165434
0.105937
0.085262
0.071409
0.240473
0.360040
0.224030
0.454382
0.357619
0.210952
0.208485
0.528012
0.025175
0.296390
0.399247
0.259141
0.251061
0.131621
0.155202
0.550749
0.321354
0.338754
0.176818
0.075669
0.268519
0.483223
0.055176
0.319437
0.552245
0.082469
0.463797
0.097230
0.529709
0.155960
0.424043
0.138311
0.370662
0.253790
0.009431
0.340688
0.478029
0.435185
0.270391
0.241204
0.204245
0.031870
0.196831
0.412391
0.111535
0.286700
0.218435
0.287692
0.087538
0.100705
0.036868
0.042572
0.012703
0.509516
0.198660
0.155905
0.150469
0.073833
0.273368
0.040557
0.095212
0.018085
0.310247
0.262509
0.199664
0.547305
0.475458
0.206856
0.256071
0.225459
0.014300
0.148354
0.505268
0.212266
0.028338
0.374544
0.246692
0.080159
0.456499
0.647582
0.219858
0.222813
0.038877
0.081872
0.303206
0.401476
0.044347
0.320672
0.351263
0.089830
0.157302
0.417204
0.432345
0.041753
0.078048
0.096173
0.037939
0.558085
0.479817
0.221066
0.294018
0.377253
0.089083
0.456301
0.148823
0.182813
0.053764
0.430950
0.170760
0.040548
0.276353
0.336316
0.200990
0.297658
0.529873
0.226081
0.238531
0.311150
0.082565
0.125936
0.113620
0.087084
0.521430
0.059299
0.223308
0.460048
0.538832
0.358710
0.050974
0.503955
0.319403
0.254704
0.333996
0.405992
0.220775
0.073269
0.029585
0.425013
0.220293
0.102512
0.180097
0.468680
0.248700
0.593056
0.247131
0.138824
0.452519
0.265029
0.296368
0.123063
0.555788
0.723160
0.102793
0.218193
0.233330
0.030001
0.025890
0.410185
0.034969
0.287483
0.397664
0.082641
0.183216
0.187424
0.169451
0.334055
0.167104
0.474125
0.268235
0.243169
0.261092
0.439781
0.318551
0.501317
0.298518
0.099912
0.137599
0.175794
0.055710
0.079347
0.374443
0.421857
0.206981
0.466045
0.334051
0.250446
0.197597
0.668473
0.000878
0.335769
0.247389
0.076744
0.449701
0.068445
0.051625
0.559352
0.220014
0.347397
0.125827
0.065675
0.214433
0.422552
0.132535
0.253573
0.535668
0.028701
0.616038
0.042425
0.417689
0.006609
0.251062
0.108056
0.273765
0.215597
0.067705
0.421547
0.325868
0.403585
0.242884
0.211128
0.246981
0.033389
0.306119
0.378485
0.116844
0.370539
0.152121
0.264140
0.075621
0.262091
0.076443
0.091233
0.030828
0.475947
0.258527
0.201757
0.176385
0.076068
0.250472
0.107472
0.093110
0.064119
0.315852
0.262165
0.243370
0.652202
0.453835
0.230098
0.359132
0.172516
0.059617
0.163414
0.563829
0.216905
0.185746
0.498190
0.228982
0.128231
0.485889
0.681998
0.204917
0.321748
0.014665
0.283105
0.252193
0.383273
0.120682
0.219298
0.345542
0.203765
0.203374
0.464456
0.230050
0.019948
0.145161
0.111484
0.154330
0.513412
0.535943
0.404934
0.392648
0.250545
0.038055
0.406949
0.074589
0.242170
0.000611
0.385658
0.158288
0.060087
0.310381
0.336828
0.055536
0.339728
0.469416
0.280472
0.192071
0.288160
0.079989
0.061057
0.090070
0.196807
0.602753
0.020430
0.106847
0.635951
0.531142
0.321350
0.029798
0.485009
0.354353
0.344004
0.404641
0.394112
0.280710
0.182546
0.193497
0.210094
0.120750
0.197075
0.289708
0.308017
0.149689
0.546137
0.257503
0.155510
0.421937
0.341354
0.357190
0.230444
0.507763
0.579540
0.109513
0.189282
0.307840
0.170933
0.054576
0.440362
0.025444
0.212916
0.426304
0.158527
0.284140
0.277660
0.236547
0.399162
0.184609
0.543333
0.213593
0.362189
0.319193
0.358564
0.291190
0.493318
0.223851
0.259873
0.048356
0.198181
0.011515
0.077477
0.546127
0.483018
0.142686
0.407312
0.303397
0.291819
0.167840
0.667389
0.033009
0.363090
0.078448
0.026803
0.597832
0.034286
0.027959
0.465553
0.066564
0.344303
0.035703
0.050157
0.082142
0.345327
0.156794
0.098238
0.532937
0.086514
0.615558
0.005963
0.295776
0.131104
0.144381
0.033879
0.137329
0.036324
0.166466
0.460437
0.212807
0.295529
0.189317
0.266674
0.280229
0.021179
0.303587
0.333879
0.147363
0.364791
0.030773
0.199427
0.028253
0.341093
0.033379
0.119150
0.014776
0.431630
0.291374
0.250045
0.255331
0.168430
0.217568
0.182682
0.011057
0.121855
0.413800
0.288213
0.320693
0.660209
0.408482
0.198443
0.416562
0.149153
0.132582
0.162515
0.588137
0.173264
0.275071
0.563516
0.222043
0.153222
0.445125
0.652599
0.090064
0.369016
0.094065
0.510624
0.194260
0.386504
0.233102
0.134047
0.307231
0.367135
0.311757
0.431452
0.086224
0.017303
0.237986
0.176621
0.184118
0.461139
0.495461
0.554992
0.469321
0.169829
0.128262
0.361860
0.019470
0.271826
0.015156
0.356116
0.117244
0.010434
0.353420
0.226098
0.263125
0.375573
0.302634
0.259744
0.091347
0.271531
0.082954
0.009015
0.106582
0.254168
0.635051
0.082439
0.070790
0.700203
0.470163
0.328904
0.057136
0.481168
0.413679
0.476988
0.376336
0.314143
0.366160
0.297573
0.454366
0.026433
0.009536
0.250158
0.398681
0.167330
0.039217
0.456661
0.273740
0.141457
0.378462
0.396903
0.346878
0.282605
0.427192
0.390262
0.119876
0.184798
0.383382
0.316155
0.132962
0.407573
0.004320
0.190665
0.325660
0.195673
0.387943
0.365277
0.228361
0.370439
0.109041
0.601023
0.101667
0.435856
0.352436
0.311128
0.221209
0.480217
0.254710
0.366613
0.006206
0.198165
0.033327
0.099360
0.578193
0.503920
0.062404
0.326932
0.236920
0.344711
0.181535
0.530018
0.070401
0.372512
0.084047
0.090961
0.722443
0.163519
0.065090
0.406777
0.038672
0.225253
0.142055
0.014506
0.006423
0.267614
0.169360
0.025570
0.433969
0.203207
0.554476
0.069298
0.196392
0.230332
0.085026
0.021322
0.030025
0.188599
0.276915
0.470252
0.088314
0.089706
0.134946
0.341786
0.232857
0.007988
0.310417
0.210612
0.188260
0.314854
0.063789
0.044744
0.024514
0.344822
0.013192
0.077168
0.138588
0.348482
0.304958
0.375023
0.283315
0.161929
0.177737
0.292411
0.091205
0.198114
0.438423
0.304819
0.326587
0.547789
0.352208
0.184019
0.429147
0.131978
0.204342
0.178308
0.553598
0.122797
0.307236
0.594643
0.218961
0.200382
0.319077
0.516698
0.099318
0.401023
0.198295
0.682567
0.227144
0.403882
0.303995
0.103681
0.274099
0.443058
0.412893
0.442159
0.086588
0.056558
0.331534
0.241709
0.187483
0.333576
0.437471
0.639764
0.512540
0.059678
0.205357
0.324745
0.000368
0.261818
0.087639
0.321810
0.056686
0.050802
0.355513
0.129947
0.445597
0.464182
0.095203
0.223141
0.083264
0.265034
0.081078
0.017621
0.161221
0.226177
0.516540
0.056002
0.051864
0.607932
0.438217
0.319192
0.120425
0.388452
0.459303
0.584140
0.340135
0.259697
0.394449
0.412968
0.639953
0.101821
0.125798
0.211832
0.447839
0.036967
0.005878
0.387441
0.228227
0.175171
0.357687
0.447107
0.391612
0.333852
0.364988
0.182523
0.106422
0.223167
0.309922
0.377238
0.291634
0.322134
0.074297
0.159534
0.171144
0.200796
0.463447
0.384529
0.213617
0.361920
0.070139
0.698323
0.049305
0.407480
0.278770
0.249246
0.185134
0.394506
0.349296
0.361566
0.054391
0.173514
0.034303
0.166716
0.547811
0.480972
0.063395
0.230962
0.166016
0.350123
0.205039
0.391693
0.124543
0.316819
0.252977
0.072680
0.764846
0.206777
0.185880
0.313520
0.110225
0.032475
0.266161
0.197449
0.075653
0.152599
0.154135
0.137281
0.301580
0.214222
0.375511
0.098021
0.132065
0.205527
0.040260
0.002345
0.080562
0.424827
0.312478
0.428439
0.009073
0.136527
0.148457
0.355405
0.150239
0.010008
0.380349
0.065033
0.222918
0.257612
0.153725
0.038678
0.144325
0.232643
0.034059
0.035038
0.307922
0.267641
0.309692
0.547797
0.380771
0.060600
0.155719
0.378107
0.253097
0.226340
0.501287
0.316883
0.287588
0.334222
0.336464
0.115652
0.400234
0.208478
0.190667
0.196001
0.494746
0.064469
0.273219
0.503246
0.225398
0.238735
0.231258
0.427163
0.241215
0.408702
0.311097
0.783511
0.272683
0.449677
0.394796
0.129507
0.258131
0.484227
0.542079
0.358112
0.167977
0.151933
0.492413
0.332475
0.064702
0.239241
0.382133
0.612870
0.466113
0.010718
0.266403
0.255435
0.061314
0.260401
0.159941
0.315071
0.086761
0.113101
0.364385
0.015235
0.431568
0.461826
0.044671
0.161130
0.058240
0.299442
0.057064
0.064698
0.243169
0.197682
0.360667
0.034333
0.093223
0.414633
0.415469
0.356600
0.163054
0.262392
0.469653
0.524588
0.250989
0.274556
0.366075
0.487047
0.683993
0.120654
0.250701
0.163300
0.329847
0.027408
0.017403
0.298883
0.174026
0.233311
0.378387
0.436211
0.407275
0.325441
0.322271
0.024007
0.037052
0.276767
0.220139
0.292697
0.369449
0.166728
0.151128
0.169872
0.079070
0.089741
0.413068
0.390784
0.171246
0.325932
0.002415
0.799634
0.211847
0.289931
0.225055
0.222219
0.126574
0.263654
0.420618
0.291542
0.017533
0.141473
0.020680
0.210719
0.391293
0.390741
0.073227
0.121437
0.050254
0.275530
0.233365
0.189136
0.123930
0.239053
0.336042
0.057571
0.696620
0.229674
0.235720
0.310417
0.070188
0.180272
0.409658
0.332902
0.094951
0.066861
0.136566
0.142137
0.161328
0.227270
0.165462
0.199581
0.038539
0.178226
0.029890
0.033919
0.200817
0.665828
0.306783
0.399844
0.020966
0.294373
0.101616
0.398216
0.114648
0.020821
0.436559
0.026066
0.205614
0.201567
0.205701
0.192055
0.224063
0.134603
0.049440
0.057700
0.491669
0.189822
0.282631
0.668567
0.435930
0.045832
0.199146
0.466437
0.348197
0.297856
0.455652
0.334968
0.116998
0.117056
0.326156
0.118725
0.386740
0.311995
0.214138
0.233673
0.396675
0.220280
0.212621
0.379863
0.282967
0.282750
0.185847
0.257935
0.349219
0.411355
0.341051
0.723018
0.291136
0.496256
0.383874
0.217007
0.302648
0.401702
0.567306
0.324520
0.212785
0.233970
0.613191
0.443392
0.060824
0.099643
0.365203
0.588390
0.380878
0.040561
0.334920
0.183942
0.154755
0.203295
0.242096
0.283421
0.140062
0.178571
0.313422
0.042208
0.350194
0.421167
0.080240
0.096953
0.127031
0.285338
0.020675
0.155794
0.355632
0.139379
0.217369
0.174507
0.109633
0.170040
0.352666
0.433686
0.118399
0.141656
0.400761
0.423121
0.170296
0.347704
0.267043
0.528656
0.622490
0.062592
0.354948
0.012850
0.199681
0.028223
0.164783
0.246762
0.128840
0.366769
0.452088
0.400630
0.363675
0.308083
0.290230
0.102486
0.030897
0.310405
0.053752
0.109415
0.479530
0.000471
0.228568
0.189251
0.020352
0.039647
0.370214
0.306538
0.106948
0.313830
0.022851
0.734691
0.344352
0.126363
0.101092
0.238395
0.074548
0.098668
0.505144
0.180068
0.017707
0.152355
0.070975
0.234032
0.203472
0.254461
0.220716
0.028751
0.001231
0.201004
0.254066
0.082166
0.105661
0.187080
0.391027
0.013897
0.541840
0.197695
0.221656
0.279488
0.012247
0.316337
0.478786
0.367802
0.124242
0.018782
0.090592
0.082853
0.083226
0.137902
0.014196
0.202261
0.005496
0.031270
0.013297
0.125571
0.271982
0.757258
0.230598
0.343615
0.004466
0.431489
0.076003
0.419633
0.108653
0.000242
0.487343
0.085514
0.159886
0.132235
0.223750
0.260088
0.256990
0.003668
0.033299
0.122515
0.524755
0.151765
0.193862
0.639052
0.527602
0.149979
0.207929
0.504149
0.475778
0.371407
0.432845
0.375055
0.032582
0.043781
0.281557
0.136451
0.288282
0.435521
0.192902
0.308064
0.310061
0.401275
0.105470
0.233307
0.341377
0.224767
0.175741
0.194199
0.363338
0.373223
0.379612
0.594968
0.318976
0.511584
0.314886
0.324323
0.356858
0.317868
0.529105
0.235174
0.166934
0.291065
0.629787
0.540397
0.241862
0.063878
0.345684
0.575369
0.265363
0.025434
0.336076
0.119268
0.194992
0.089766
0.340899
0.253122
0.168915
0.255287
0.240783
0.122827
0.156157
0.360950
0.070631
0.057215
0.172059
0.302692
0.041454
0.250199
0.430001
0.116252
0.143019
0.299816
0.167082
0.055917
0.336983
0.482747
0.094942
0.099191
0.327218
0.305144
0.043885
0.351333
0.195781
0.586332
0.479005
0.024759
0.346307
0.203385
0.051908
0.114323
0.386648
0.202481
0.084905
0.474162
0.486578
0.351899
0.233005
0.198491
0.271210
0.168357
0.115120
0.324872
0.056934
0.141276
0.471830
0.200691
0.266791
0.232262
0.064376
0.003070
0.322874
0.186446
0.086575
0.263185
0.059946
0.532270
0.488672
0.024249
0.061129
0.287029
0.038414
0.062359
0.536642
0.061627
0.031374
0.177628
0.097639
0.220958
0.005981
0.089409
0.361983
0.001445
0.004533
0.114197
0.323574
0.026087
0.083068
0.177834
0.341099
0.077904
0.353133
0.141907
0.168387
0.291297
0.135659
0.417207
0.561251
0.374317
0.118728
0.090180
0.098271
0.055112
0.065048
0.006736
0.138773
0.279200
0.002416
0.087582
0.060099
0.205739
0.284371
0.688800
0.131425
0.272566
0.032545
0.520983
0.048942
0.488775
0.108465
0.022694
0.403267
0.157157
0.048879
0.029991
0.207979
0.379269
0.233304
0.084497
0.016248
0.201679
0.461898
0.141381
0.093803
0.503292
0.470707
0.242467
0.181953
0.525110
0.649053
0.427329
0.333929
0.424897
0.214728
0.110759
0.257228
0.277427
0.259145
0.564557
0.142463
0.425522
0.275906
0.546899
0.040417
0.178899
0.355539
0.162132
0.204473
0.129528
0.369528
0.338357
0.413458
0.436167
0.316988
0.503189
0.243337
0.426968
0.464557
0.164672
0.401371
0.215204
0.045982
0.285540
0.510405
0.566051
0.434978
0.001975
0.356539
0.503790
0.163584
0.105704
0.290008
0.064409
0.236070
0.019834
0.440815
0.190325
0.219559
0.363197
0.126314
0.164536
0.046520
0.356094
0.006113
0.053542
0.244835
0.302048
0.098826
0.328879
0.420819
0.058231
0.041036
0.420479
0.184389
0.256901
0.285533
0.440340
0.022495
0.061694
0.254098
0.241191
0.000953
0.347856
0.067620
0.669783
0.243125
0.119127
0.216549
0.422991
0.074754
0.253280
0.599130
0.152591
0.013215
0.447550
0.462608
0.290290
0.153497
0.067458
0.262507
0.182495
0.212696
0.335215
0.178772
0.404853
0.502088
0.380465
0.319300
0.294470
0.038254
0.080544
0.268353
0.074035
0.108354
0.239588
0.067571
0.254087
0.612066
0.122387
0.009952
0.339990
0.070599
0.195792
0.492184
0.082464
0.019850
0.235096
0.107050
0.222824
0.170538
0.120360
0.489847
0.032493
0.063907
0.024405
0.411603
0.051614
0.112428
0.208209
0.233188
0.174598
0.110868
0.024958
0.138877
0.232814
0.246737
0.448059
0.629441
0.320009
0.087272
0.095123
0.060694
0.211638
0.130753
0.135883
0.234722
0.313803
0.080731
0.138785
0.148428
0.224388
0.245083
0.493206
0.020995
0.126180
0.119754
0.554180
0.046719
0.542026
0.139523
0.068394
0.221231
0.155889
0.068482
0.079515
0.193325
0.439802
0.234945
0.161631
0.058090
0.218518
0.401058
0.126047
0.071255
0.301650
0.333727
0.332783
0.171577
0.495877
0.731605
0.395584
0.228534
0.468392
0.421515
0.121574
0.203279
0.312022
0.275213
0.699826
0.087911
0.511040
0.266643
0.640861
0.183973
0.123219
0.360692
0.103831
0.262654
0.140780
0.343034
0.282938
0.466735
0.303373
0.317419
0.421905
0.185809
0.507406
0.565460
0.006776
0.239936
0.211320
0.122427
0.236518
0.352383
0.603084
0.541196
0.035028
0.360501
0.442500
0.068824
0.184203
0.154587
0.010453
0.227819
0.141419
0.520324
0.146196
0.258257
0.411033
0.080879
0.302529
0.284416
0.278719
0.071170
0.089480
0.321369
0.314315
0.202388
0.463450
0.378670
0.004429
0.014137
0.548172
0.242056
0.349445
0.205424
0.419151
0.064205
0.056992
0.183405
0.169517
0.008160
0.332191
0.076343
0.727806
0.102426
0.252020
0.088480
0.544257
0.166624
0.440661
0.674258
0.172798
0.062350
0.345515
0.403805
0.279206
0.032314
0.083595
0.280531
0.134553
0.276729
0.373043
0.254853
0.597658
0.454123
0.478773
0.300318
0.356008
0.025887
0.146051
0.201127
0.001387
0.079905
0.222170
0.059911
0.035372
0.677126
0.225973
0.038738
0.431252
0.047904
0.258984
0.421764
0.168634
0.055547
0.360630
0.142129
0.296109
0.264948
0.274206
0.547973
0.005100
0.198991
0.030671
0.518558
0.032224
0.166919
0.258835
0.071266
0.273396
0.007431
0.035774
0.078313
0.300711
0.401675
0.439686
0.658004
0.304684
0.064569
0.090003
0.020620
0.426587
0.145733
0.191007
0.228597
0.412030
0.143902
0.130704
0.259262
0.239759
0.119893
0.279716
0.120891
0.006528
0.204125
0.515292
0.076014
0.536832
0.124040
0.073589
0.031959
0.146477
0.156669
0.192392
0.070175
0.489414
0.157797
0.140415
0.092509
0.215419
0.365419
0.112106
0.053146
0.122420
0.182861
0.372855
0.202830
0.516969
0.693048
0.260526
0.080832
0.466714
0.590949
0.007528
0.231175
0.427432
0.340392
0.734161
0.107303
0.581660
0.273249
0.567125
0.203329
0.226132
0.338207
0.086111
0.326698
0.108238
0.348311
0.203758
0.567562
0.172676
0.288407
0.316785
0.077114
0.554100
0.674535
0.135392
0.073522
0.269174
0.332699
0.146325
0.173696
0.586555
0.493187
0.057281
0.383691
0.287711
0.037319
0.230902
0.052031
0.028562
0.231338
0.195665
0.511959
0.074568
0.221949
0.439237
0.033748
0.414993
0.453728
0.250599
0.202118
0.176364
0.389431
0.276036
0.326735
0.644331
0.326507
0.101686
0.021448
0.629640
0.306843
0.373672
0.167013
0.390619
0.203817
0.043834
0.184303
0.150392
0.004073
0.271429
0.177625
0.676946
0.094800
0.381927
0.029565
0.670290
0.206971
0.563354
0.688035
0.231544
0.046613
0.223790
0.384857
0.282106
0.012963
0.175438
0.270890
0.014949
0.295193
0.383081
0.273854
0.716387
0.513009
0.522552
0.352360
0.400827
0.112966
0.112755
0.143743
0.020519
0.016498
0.212642
0.063379
0.300523
0.656154
0.273890
0.040058
0.512964
0.069794
0.286123
0.296953
0.175329
0.112591
0.471529
0.089090
0.382760
0.244011
0.341919
0.558974
0.031704
0.391586
0.013502
0.524222
0.035032
0.268815
0.263712
0.051217
0.420700
0.083212
0.076490
0.079074
0.300264
0.466637
0.269687
0.568623
0.279845
0.044559
0.018932
0.066306
0.545589
0.157348
0.230471
0.175867
0.434515
0.148607
0.131780
0.336914
0.251177
0.001131
0.074007
0.290576
0.063285
0.331976
0.393508
0.174912
0.466858
0.102176
0.052611
0.174549
0.104361
0.178351
0.250110
0.051066
0.460712
0.106646
0.115395
0.078271
0.138185
0.266519
0.144195
0.019360
0.005796
0.160716
0.360707
0.233638
0.488752
0.569820
0.063301
0.006254
0.495991
0.584729
0.117525
0.279986
0.517236
0.348866
0.667244
0.048948
0.527617
0.277219
0.475821
0.179684
0.286988
0.362350
0.043453
0.369938
0.171300
0.287799
0.187947
0.639068
0.143349
0.287413
0.269775
0.021778
0.545195
0.611060
0.188098
0.070987
0.292528
0.512059
0.065001
0.100137
0.486997
0.396789
0.179677
0.418104
0.206797
0.051298
0.317507
0.018525
0.037888
0.196016
0.229631
0.404771
0.073237
0.116806
0.434360
0.072577
0.530185
0.619716
0.246255
0.352497
0.272108
0.431382
0.225918
0.345531
0.725740
0.298972
0.092440
0.053968
0.616263
0.389082
0.315531
0.162552
0.367602
0.243861
0.161874
0.233945
0.111299
0.021006
0.143502
0.238639
0.481663
0.133267
0.523388
0.115859
0.602212
0.218075
0.628646
0.619654
0.294419
0.020758
0.063983
0.328430
0.328778
0.101400
0.232932
0.227413
0.092244
0.314315
0.371797
0.172808
0.655569
0.470938
0.488829
0.406225
0.418250
0.243758
0.125801
0.089889
0.130077
0.032558
0.180790
0.136758
0.443569
0.536637
0.196315
0.069936
0.518036
0.170284
0.249432
0.143891
0.088368
0.104323
0.531587
0.014412
0.378534
0.189776
0.288363
0.455677
0.062568
0.441950
0.008066
0.485917
0.154028
0.364365
0.235874
0.180698
0.442216
0.106769
0.129725
0.072228
0.323352
0.494351
0.111837
0.451755
0.256799
0.018121
0.091526
0.098111
0.618998
0.138734
0.234123
0.084467
0.516357
0.089785
0.066156
0.398265
0.293405
0.072848
0.048441
0.409787
0.107955
0.407115
0.232170
0.249089
0.363501
0.043696
0.067865
0.369260
0.033095
0.184127
0.279414
0.157027
0.368649
0.016655
0.009409
0.004943
0.058106
0.199541
0.164833
0.025560
0.054506
0.087384
0.298927
0.300471
0.433217
0.325092
0.105775
0.019749
0.491297
0.437018
0.285695
0.299170
0.623726
0.391972
0.465186
0.025317
0.372972
0.248147
0.301558
0.128448
0.363331
0.361921
0.074293
0.321752
0.128914
0.270317
0.269038
0.675223
0.075967
0.290393
0.244466
0.011242
0.437562
0.448829
0.179893
0.184342
0.349075
0.624168
0.014760
0.046262
0.396416
0.257558
0.212297
0.442204
0.121490
0.115753
0.400248
0.091025
0.164748
0.155644
0.217836
0.329522
0.048671
0.028277
0.416556
0.091809
0.532533
0.570259
0.218777
0.391977
0.439213
0.516103
0.208667
0.328552
0.690548
0.269796
0.007296
0.083104
0.549454
0.440536
0.235482
0.195843
0.328470
0.254712
0.304915
0.298737
0.166108
0.042399
0.089241
0.257095
0.241256
0.188313
0.544425
0.171706
0.564503
0.165351
0.587784
0.508791
0.340553
0.075709
0.064075
0.303172
0.388416
0.220317
0.245652
0.186935
0.116259
0.266213
0.385071
0.132976
0.497714
0.465427
0.334273
0.434619
0.403101
0.329541
0.099137
0.068046
0.214715
0.076817
0.221471
0.218788
0.433129
0.333440
0.071700
0.159829
0.454865
0.248763
0.181727
0.034278
0.044061
0.152037
0.517175
0.153724
0.371084
0.047213
0.162277
0.402426
0.124926
0.429294
0.012536
0.399308
0.183332
0.426346
0.222816
0.219923
0.435006
0.151195
0.217726
0.100184
0.352198
0.486741
0.028132
0.233050
0.229665
0.077701
0.142730
0.111160
0.556604
0.158761
0.289642
0.036577
0.500241
0.041790
0.045941
0.410304
0.323527
0.112713
0.154595
0.514139
0.112790
0.455239
0.066788
0.364266
0.242858
0.057563
0.029890
0.489426
0.052768
0.190240
0.268926
0.248381
0.079653
0.005313
0.059511
0.061403
0.064518
0.106332
0.247707
0.020297
0.061868
0.169634
0.169447
0.347241
0.386784
0.147098
0.253345
0.009817
0.473418
0.183723
0.392763
0.332454
0.579279
0.424637
0.229294
0.060771
0.189570
0.190620
0.182240
0.052337
0.412450
0.310922
0.021657
0.262463
0.218153
0.171668
0.388380
0.653970
0.143747
0.248062
0.194255
0.064015
0.308502
0.253633
0.070258
0.244170
0.351190
0.641991
0.036520
0.031034
0.299557
0.138469
0.339499
0.438724
0.133257
0.159993
0.464198
0.141386
0.330942
0.097317
0.172292
0.209929
0.049798
0.036821
0.431252
0.011051
0.542628
0.474551
0.196509
0.333156
0.537935
0.524213
0.230387
0.244531
0.562350
0.238931
0.118997
0.093619
0.421946
0.483558
0.109173
0.198100
0.287686
0.205214
0.463546
0.374019
0.200585
0.196212
0.058292
0.240736
0.021263
0.247263
0.545928
0.126156
0.402445
0.064060
0.532831
0.288241
0.297099
0.146932
0.154748
0.239438
0.402690
0.325741
0.172914
0.137844
0.103232
0.175521
0.395548
0.016766
0.337104
0.353913
0.236993
0.441293
0.345553
0.362012
0.119016
0.039820
0.287419
0.056196
0.255192
0.320619
0.257223
0.146126
0.062904
0.326267
0.389985
0.244419
0.082491
0.043130
0.212242
0.146561
0.418732
0.216971
0.280617
0.045235
0.024314
0.285360
0.247624
0.330389
0.068358
0.299829
0.170337
0.428892
0.248604
0.305846
0.363716
0.201467
0.272796
0.111322
0.406183
0.367700
0.129513
0.068631
0.194951
0.146138
0.171183
0.102290
0.412117
0.228971
0.235307
0.201098
0.488479
0.001787
0.031952
0.431877
0.397539
0.123216
0.135966
0.502622
0.060359
0.506003
0.105282
0.441372
0.194455
0.185270
0.023592
0.613777
0.085122
0.223858
0.282443
0.269073
0.151780
0.088420
0.150426
0.087697
0.145295
0.057910
0.340613
0.069265
0.031928
0.242896
0.042419
0.435844
0.353424
0.001470
0.349601
0.029306
0.375401
0.067815
0.516054
0.358698
0.524645
0.497366
0.007498
0.100396
0.019624
0.163466
0.102102
0.029688
0.488163
0.284428
0.027258
0.161946
0.257081
0.105662
0.486106
0.581357
0.207901
0.289606
0.137245
0.077513
0.228874
0.080623
0.012594
0.273350
0.366862
0.610149
0.020340
0.029173
0.238155
0.025116
0.393766
0.369201
0.087413
0.201374
0.460020
0.137354
0.434737
0.067482
0.113245
0.132383
0.015582
0.126301
0.416614
0.150433
0.513048
0.264661
0.164497
0.270705
0.646653
0.551542
0.251928
0.129042
0.467042
0.207490
0.211445
0.088403
0.322132
0.460800
0.038624
0.265667
0.258002
0.133891
0.568318
0.487365
0.305695
0.356188
0.134742
0.170595
0.128744
0.305665
0.494800
0.098053
0.373797
0.021827
0.415452
0.105372
0.271022
0.167229
0.156709
0.217282
0.388669
0.414299
0.122666
0.153971
0.072830
0.023139
0.356156
0.142278
0.139352
0.302848
0.176008
0.425843
0.249309
0.263189
0.050144
0.075291
0.319659
0.028566
0.306080
0.315709
0.011138
0.019423
0.156261
0.434691
0.345725
0.269377
0.044825
0.037651
0.425365
0.163999
0.375252
0.241875
0.177095
0.238292
0.180306
0.246536
0.371128
0.205246
0.126705
0.181828
0.050261
0.360481
0.308126
0.335697
0.322594
0.251200
0.332693
0.186844
0.413922
0.195858
0.185907
0.092648
0.156344
0.145805
0.191745
0.063631
0.251283
0.311494
0.163169
0.312614
0.330863
0.018107
0.098853
0.404376
0.414323
0.088972
0.087447
0.468848
0.042607
0.515067
0.245506
0.443882
0.107376
0.293373
0.047500
0.637700
0.057244
0.232724
0.240788
0.282540
0.401708
0.152449
0.158119
0.136246
0.217801
0.050371
0.432655
0.118538
0.057260
0.334284
0.048456
0.519867
0.324264
0.049070
0.387384
0.126190
0.292762
0.274224
0.571079
0.354009
0.399089
0.511141
0.218914
0.182826
0.107778
0.166343
0.083254
0.054301
0.502145
0.331770
0.001806
0.125111
0.398243
0.005215
0.558308
0.472698
0.336947
0.385060
0.131362
0.134008
0.135014
0.066808
0.092223
0.212105
0.317873
0.489393
0.034340
0.082079
0.203605
0.102534
0.533847
0.241862
0.130902
0.185970
0.492343
0.077768
0.535101
0.062700
0.080235
0.068866
0.026416
0.198443
0.398087
0.343087
0.502439
0.154375
0.139492
0.239063
0.642050
0.515611
0.250741
0.051162
0.367370
0.220133
0.269631
0.072368
0.222201
0.450422
0.024671
0.356115
0.234736
0.018168
0.564082
0.493469
0.350607
0.494524
0.245821
0.061571
0.144856
0.311125
0.361654
0.053232
0.269898
0.066545
0.339727
0.052769
0.249714
0.180158
0.094199
0.227891
0.340626
0.496929
0.048147
0.171533
0.082491
0.097120
0.339419
0.314395
0.082475
0.254083
0.122592
0.356494
0.177297
0.172130
0.013385
0.103245
0.356866
0.003391
0.297050
0.291027
0.268207
0.126586
0.242026
0.567175
0.304465
0.323385
0.223839
0.012786
0.645302
0.123002
0.369655
0.249132
0.107921
0.413704
0.325717
0.186739
0.541396
0.055856
0.213290
0.071534
0.120753
0.280618
0.326525
0.321888
0.281108
0.225843
0.374029
0.238813
0.431572
0.056947
0.162228
0.202809
0.156404
0.119529
0.191714
0.001411
0.107259
0.380629
0.038031
0.361028
0.261998
0.012086
0.152407
0.380267
0.429189
0.044531
0.033512
0.367770
0.160480
0.494436
0.294746
0.395308
0.023681
0.385973
0.057289
0.590730
0.048137
0.227804
0.206334
0.262331
0.537874
0.244767
0.200183
0.178883
0.229521
0.101797
0.436855
0.153533
0.183272
0.396428
0.136609
0.531106
0.272631
0.044476
0.357190
0.203407
0.187493
0.418019
0.586243
0.346742
0.296560
0.517544
0.324364
0.211396
0.169304
0.158666
0.065616
0.045310
0.511405
0.347827
0.022197
0.109013
0.422695
0.044231
0.541742
0.286443
0.433649
0.494358
0.148490
0.199219
0.140515
0.092217
0.140579
0.062730
0.383102
0.363471
0.091093
0.181379
0.170417
0.229103
0.521736
0.108261
0.155109
0.208674
0.479149
0.021223
0.627335
0.155777
0.070535
0.105443
0.064159
0.215128
0.280549
0.430997
0.433478
0.002746
0.118318
0.273057
0.612465
0.349853
0.228259
0.105425
0.218152
0.254346
0.268811
0.135197
0.168438
0.479352
0.152618
0.428288
0.187290
0.146739
0.476367
0.409970
0.410093
0.632211
0.404647
0.044621
0.123940
0.259515
0.163704
0.048043
0.209946
0.137758
0.233553
0.150897
0.257579
0.201534
0.020105
0.260652
0.266247
0.517554
0.081200
0.215461
0.063358
0.182714
0.283414
0.456076
0.201383
0.295450
0.092503
0.311932
0.097210
0.086856
0.032758
0.169964
0.392224
0.053415
0.287992
0.210162
0.470077
0.208648
0.263450
0.573067
0.256758
0.348445
0.344752
0.069321
0.707786
0.075886
0.410852
0.276018
0.096373
0.604873
0.401597
0.147998
0.662223
0.011280
0.322787
0.015951
0.297742
0.173355
0.380754
0.248972
0.359445
0.146905
0.376919
0.245193
0.370881
0.057454
0.151752
0.291809
0.140605
0.018951
0.228308
0.081758
0.033087
0.406461
0.054615
0.396495
0.175212
0.056849
0.154104
0.353924
0.417509
0.027022
0.164637
0.244141
0.259817
0.502225
0.273660
0.332005
0.076069
0.430396
0.091802
0.383955
0.030255
0.198435
0.145724
0.160883
0.625227
0.308476
0.226641
0.171108
0.216045
0.158595
0.410562
0.179699
0.372549
0.431575
0.190653
0.468495
0.221428
0.035961
0.232619
0.343188
0.134765
0.408733
0.549433
0.316575
0.115877
0.476181
0.358375
0.265676
0.141073
0.171724
0.063939
0.067666
0.491844
0.389479
0.002966
0.099811
0.519312
0.055205
0.509439
0.068540
0.529550
0.525233
0.144253
0.170688
0.089222
0.046306
0.178045
0.160083
0.381819
0.234890
0.165473
0.241685
0.126366
0.308695
0.542787
0.069998
0.258936
0.245932
0.509905
0.123596
0.624484
0.269223
0.082620
0.124427
0.132455
0.195543
0.173048
0.467638
0.356594
0.055722
0.128546
0.333336
0.490102
0.166259
0.173922
0.132245
0.104903
0.306284
0.220389
0.268260
0.208698
0.496258
0.278349
0.457021
0.125984
0.233654
0.356080
0.352780
0.428250
0.599394
0.518441
0.097063
0.035432
0.224077
0.008029
0.136081
0.096168
0.214407
0.217169
0.150729
0.292412
0.180665
0.162797
0.262563
0.203443
0.405967
0.222068
0.268605
0.093278
0.262312
0.257542
0.555747
0.227648
0.338070
0.040374
0.211509
0.137516
0.023321
0.060301
0.272859
0.306180
0.095640
0.275917
0.105764
0.567917
0.160617
0.281635
0.569671
0.262706
0.357596
0.406614
0.118149
0.639897
0.067083
0.393323
0.283680
0.092025
0.620683
0.394607
0.070184
0.735035
0.034486
0.457107
0.029484
0.427391
0.057167
0.392980
0.144473
0.463961
0.038197
0.336737
0.243260
0.310251
0.123351
0.098568
0.314857
0.123774
0.118153
0.230305
0.175634
0.160003
0.352532
0.122217
0.461064
0.111291
0.068645
0.089634
0.341776
0.413448
0.046145
0.309049
0.053261
0.359178
0.471462
0.215704
0.269055
0.199649
0.508205
0.106034
0.100074
0.054135
0.082557
0.046149
0.050944
0.599903
0.294739
0.223425
0.178876
0.155037
0.216146
0.382775
0.150815
0.535975
0.360022
0.236164
0.356144
0.215229
0.103173
0.096854
0.407310
0.086654
0.357508
0.510311
0.341202
0.029647
0.345040
0.306158
0.280450
0.020647
0.148614
0.078985
0.076737
0.524988
0.412106
0.018867
0.101906
0.481869
0.055622
0.420564
0.084403
0.478376
0.565416
0.168247
0.105183
0.106310
0.053838
0.170953
0.362273
0.436884
0.191976
0.235148
0.266739
0.108725
0.264124
0.465901
0.180939
0.286029
0.278980
0.530428
0.253778
0.512529
0.374512
0.087228
0.197691
0.203134
0.169797
0.135802
0.423773
0.263990
0.101601
0.206722
0.411350
0.409684
0.074759
0.172533
0.097221
0.008094
0.333698
0.189196
0.401196
0.261063
0.482933
0.358580
0.493876
0.061113
0.329048
0.223530
0.237423
0.485358
0.525345
0.528481
0.169238
0.015183
0.194941
0.133071
0.152329
0.115760
0.273512
0.188861
0.092448
0.377578
0.142392
0.287234
0.235931
0.154710
0.237475
0.308314
0.324936
0.158450
0.289739
0.184868
0.504828
0.135335
0.409674
0.045488
0.111306
0.170042
0.022863
0.086308
0.406475
0.173946
0.131491
0.305884
0.033722
0.584785
0.129620
0.275684
0.514469
0.277980
0.329748
0.381629
0.215810
0.469380
0.076911
0.364762
0.243892
0.134509
0.607264
0.303676
0.067283
0.709233
0.134116
0.446586
0.084099
0.505113
0.041275
0.408667
0.021212
0.473408
0.054985
0.276400
0.219481
0.241118
0.165728
0.034775
0.274627
0.086238
0.263490
0.276981
0.320918
0.197592
0.322240
0.119280
0.455063
0.011295
0.143724
0.005827
0.315442
0.359252
0.076894
0.446879
0.120950
0.398302
0.426742
0.154301
0.254171
0.301768
0.447372
0.083398
0.178521
0.155976
0.065734
0.081469
0.089331
0.483528
0.176432
0.188367
0.152654
0.085847
0.232567
0.352107
0.052441
0.630154
0.326140
0.207082
0.208392
0.198796
0.192635
0.062868
0.471347
0.074214
0.231082
0.444452
0.373590
0.041410
0.208443
0.189180
0.291612
0.233128
0.124802
0.146744
0.077872
0.505716
0.431740
0.037228
0.159700
0.457608
0.100155
0.318332
0.179324
0.343024
0.450124
0.182202
0.022570
0.101411
0.077927
0.142715
0.535028
0.443546
0.162306
0.223778
0.347284
0.129805
0.156670
0.396109
0.158366
0.375532
0.305433
0.490776
0.372769
0.381028
0.407656
0.076803
0.213845
0.314271
0.100847
0.146303
0.384514
0.218658
0.057898
0.298163
0.494715
0.301332
0.079573
0.242643
0.066749
0.020001
0.331860
0.151497
0.501909
0.311976
0.480624
0.389891
0.445238
0.020915
0.372336
0.133569
0.095230
0.470235
0.418528
0.466878
0.187144
0.136704
0.137323
0.144636
0.126391
0.171547
0.227164
0.259883
0.002371
0.473152
0.081691
0.404781
0.179946
0.112946
0.049687
0.332442
0.355719
0.264132
0.246702
0.133320
0.388429
0.057882
0.430453
0.052980
0.030437
0.276110
0.067484
0.002329
0.462629
0.044386
0.135203
0.278963
0.019795
0.572292
0.071326
0.276521
0.472685
0.289998
0.335090
0.305242
0.322324
0.280635
0.084382
0.305009
0.204754
0.161328
0.493835
0.188377
0.025259
0.641709
0.223703
0.349527
0.179258
0.474572
0.085487
0.425655
0.190022
0.417193
0.188706
0.195006
0.206597
0.252501
0.135245
0.040460
0.156080
0.090221
0.395456
0.361738
0.446511
0.165041
0.291391
0.096475
0.436273
0.046365
0.253646
0.087674
0.302401
0.289510
0.165769
0.545595
0.201450
0.423850
0.335969
0.087314
0.273336
0.337682
0.338117
0.008386
0.361963
0.199886
0.184192
0.143683
0.224831
0.311492
0.066103
0.168710
0.080386
0.004856
0.313729
0.355869
0.072489
0.642050
0.289867
0.106928
0.075828
0.191964
0.241779
0.204929
0.517583
0.099055
0.045543
0.392723
0.408354
0.026355
0.163293
0.018481
0.166376
0.479542
0.063452
0.183930
0.078651
0.526807
0.398584
0.006305
0.253189
0.395795
0.133319
0.198237
0.234400
0.210869
0.321010
0.198005
0.056734
0.183301
0.150312
0.129280
0.637667
0.457093
0.219191
0.204726
0.413204
0.164448
0.030279
0.335360
0.053064
0.335520
0.336492
0.420010
0.463160
0.217209
0.402893
0.040712
0.278665
0.440994
0.018565
0.117595
0.277195
0.189736
0.053552
0.410379
0.499669
0.235838
0.141392
0.341371
0.001900
0.017030
0.309816
0.026507
0.651425
0.355448
0.442870
0.268129
0.371563
0.066030
0.343841
0.060167
0.050615
0.429049
0.325685
0.399075
0.187832
0.236199
0.146463
0.096087
0.075924
0.295676
0.088834
0.249887
0.141414
0.494156
0.019794
0.478021
0.139436
0.113180
0.125952
0.303754
0.469991
0.359727
0.165769
0.127010
0.212207
0.089954
0.418008
0.088899
0.009385
0.373938
0.114138
0.070908
0.498515
0.005522
0.126043
0.275116
0.091173
0.420010
0.029953
0.192956
0.349861
0.298796
0.309798
0.119843
0.455333
0.107070
0.141353
0.276215
0.182621
0.187998
0.381175
0.045826
0.073653
0.461946
0.359487
0.172599
0.252862
0.421966
0.097376
0.451072
0.390905
0.339074
0.338443
0.079345
0.209623
0.263882
0.065756
0.063878
0.010478
0.116973
0.505986
0.515425
0.510790
0.055632
0.328519
0.086172
0.352458
0.102292
0.396840
0.139459
0.281757
0.172061
0.236842
0.533880
0.232992
0.372496
0.284887
0.016217
0.283334
0.328960
0.193400
0.008294
0.427585
0.212320
0.310320
0.210386
0.302350
0.158488
0.003515
0.070468
0.066224
0.084617
0.385205
0.323626
0.119829
0.577407
0.305100
0.000447
0.018981
0.187068
0.286415
0.379713
0.535498
0.172481
0.147392
0.304092
0.384359
0.047420
0.100684
0.266781
0.052911
0.661049
0.014520
0.267373
0.069677
0.481925
0.372771
0.017835
0.399834
0.381522
0.164413
0.127651
0.199087
0.183433
0.198721
0.203858
0.138181
0.259471
0.160598
0.132153
0.657991
0.387110
0.252044
0.160971
0.421874
0.224032
0.064826
0.307543
0.066587
0.347704
0.385855
0.341099
0.481455
0.155097
0.392764
0.024278
0.359925
0.585489
0.127905
0.153889
0.207290
0.248034
0.033480
0.510980
0.504707
0.214576
0.220141
0.457219
0.014218
0.084289
0.339920
0.081522
0.677176
0.394199
0.422776
0.098691
0.267820
0.166782
0.325149
0.024021
0.065407
0.306295
0.248751
0.271196
0.148240
0.404354
0.203509
0.052498
0.052855
0.328752
0.000897
0.264223
0.270581
0.438912
0.051388
0.530634
0.118101
0.159903
0.246432
0.249322
0.588274
0.416917
0.092441
0.212474
0.050350
0.200923
0.307883
0.147765
0.022513
0.497611
0.169540
0.146865
0.485898
0.036803
0.142885
0.242110
0.172785
0.222731
0.046092
0.141268
0.212532
0.252194
0.235357
0.088040
0.531234
0.061847
0.225196
0.216452
0.104762
0.201800
0.233773
0.118858
0.065198
0.276278
0.415456
0.040378
0.336837
0.333469
0.115055
0.417966
0.510674
0.187353
0.517419
0.061007
0.217246
0.287333
0.047962
0.145186
0.187028
0.198302
0.525159
0.583159
0.496969
0.075453
0.365280
0.040122
0.258006
0.053644
0.478496
0.130916
0.253461
0.081494
0.286882
0.439472
0.230949
0.361608
0.174035
0.033675
0.296599
0.216279
0.073828
0.050653
0.411865
0.163926
0.399315
0.203137
0.348112
0.052407
0.035619
0.007210
0.161751
0.160293
0.454727
0.243215
0.152102
0.467845
0.322110
0.115296
0.035522
0.207309
0.292812
0.485811
0.495960
0.250752
0.243880
0.273217
0.260441
0.023855
0.082118
0.499070
0.110496
0.718482
0.007429
0.345916
0.124512
0.381935
0.288930
0.021853
0.523294
0.319711
0.122808
0.120506
0.102426
0.200007
0.121136
0.255079
0.122757
0.363848
0.174782
0.149610
0.540267
0.311618
0.318378
0.115736
0.419082
0.317047
0.179672
0.166030
0.231839
0.299339
0.420518
0.241428
0.426864
0.128623
0.393802
0.140457
0.421551
0.697332
0.206920
0.215423
0.203695
0.359873
0.076677
0.488171
0.499893
0.275852
0.347385
0.558951
0.043308
0.127758
0.326776
0.141991
0.596858
0.435781
0.372361
0.078893
0.244546
0.327522
0.296210
0.041691
0.095782
0.138829
0.253689
0.146100
0.143305
0.550378
0.230573
0.224421
0.029907
0.389843
0.090371
0.226122
0.353062
0.347327
0.109064
0.537766
0.167324
0.276607
0.299973
0.160287
0.627848
0.408120
0.007484
0.296323
0.175628
0.345182
0.226768
0.191886
0.051807
0.471210
0.233975
0.197398
0.479528
0.029372
0.217851
0.283921
0.257762
0.037631
0.086700
0.057234
0.052752
0.170157
0.166867
0.233762
0.562037
0.213834
0.276884
0.189858
0.018539
0.203016
0.193284
0.195655
0.162320
0.033699
0.384654
0.250779
0.406390
0.244210
0.065351
0.388709
0.596828
0.067240
0.605781
0.191531
0.235829
0.258212
0.162750
0.195453
0.349362
0.274801
0.465535
0.613983
0.420422
0.209048
0.391115
0.006067
0.157194
0.008164
0.493845
0.101354
0.183463
0.059445
0.295264
0.354699
0.192695
0.358940
0.065237
0.042795
0.290438
0.048973
0.113026
0.022320
0.340439
0.003064
0.447196
0.211363
0.331963
0.253667
0.081278
0.098400
0.235847
0.153531
0.491116
0.223872
0.171411
0.329369
0.389456
0.269240
0.142157
0.276430
0.289731
0.582347
0.467209
0.350392
0.280838
0.226001
0.152508
0.013904
0.094997
0.621064
0.288406
0.643623
0.008393
0.501582
0.200626
0.224258
0.260259
0.075210
0.597680
0.273413
0.006088
0.168391
0.078751
0.252405
0.034855
0.314088
0.068708
0.399222
0.108484
0.144238
0.400390
0.160067
0.385244
0.055416
0.402351
0.422490
0.199062
0.048281
0.411600
0.338541
0.393018
0.154464
0.306893
0.221826
0.406215
0.274531
0.383539
0.756198
0.318703
0.311308
0.322702
0.490951
0.031449
0.366363
0.450517
0.284938
0.481567
0.552445
0.044512
0.183846
0.251357
0.189291
0.490112
0.455439
0.331437
0.211519
0.130242
0.484734
0.137505
0.073831
0.144707
0.004486
0.240530
0.069882
0.083880
0.691799
0.300164
0.439041
0.154132
0.408285
0.168708
0.238754
0.343373
0.326669
0.177065
0.592778
0.209019
0.440214
0.302432
0.087186
0.592314
0.402243
0.131819
0.384637
0.376623
0.339472
0.140562
0.171269
0.091527
0.475433
0.301010
0.216408
0.479202
0.082996
0.276952
0.366041
0.308580
0.054074
0.218479
0.004744
0.056685
0.082770
0.140389
0.258206
0.527262
0.279086
0.250625
0.159467
0.039053
0.217917
0.119723
0.238355
0.172902
0.173415
0.289044
0.389479
0.465351
0.153510
0.020450
0.287055
0.600023
0.000511
0.567468
0.235800
0.245634
0.223951
0.260285
0.276869
0.481190
0.335730
0.319103
0.550168
0.247232
0.321669
0.332338
0.012794
0.083011
0.174669
0.463983
0.070382
0.121178
0.147386
0.313568
0.304808
0.094792
0.299030
0.085045
0.013120
0.239149
0.210730
0.248480
0.007205
0.205829
0.209582
0.417744
0.212436
0.214401
0.370855
0.122956
0.163228
0.245923
0.105815
0.479807
0.233430
0.161055
0.174968
0.456058
0.400114
0.247080
0.389178
0.244629
0.592986
0.349520
0.387131
0.260768
0.239512
0.114542
0.127368
0.103714
0.632446
0.451320
0.534819
0.027152
0.546879
0.280198
0.085524
0.163970
0.129560
0.614503
0.154323
0.113240
0.175392
0.293275
0.272786
0.016114
0.380703
0.001871
0.486987
0.086783
0.117529
0.330538
0.100099
0.432426
0.006788
0.382968
0.564749
0.186014
0.071948
0.576884
0.382939
0.384744
0.031678
0.127686
0.336136
0.405929
0.375208
0.395401
0.710162
0.349710
0.357381
0.404749
0.612729
0.006554
0.247022
0.308624
0.321862
0.525281
0.510598
0.138428
0.236801
0.196932
0.216101
0.432497
0.449832
0.320807
0.292419
0.040038
0.604858
0.036195
0.161872
0.253308
0.063316
0.271416
0.017328
0.116353
0.652468
0.390775
0.603165
0.216109
0.443470
0.181527
0.263410
0.316321
0.307067
0.131118
0.647351
0.252043
0.530626
0.235193
0.003580
0.467417
0.387142
0.301349
0.404153
0.431757
0.329967
0.054610
0.155812
0.157732
0.371133
0.368767
0.185514
0.438320
0.168790
0.267743
0.466327
0.292761
0.105278
0.296305
0.057620
0.175237
0.016761
0.105250
0.251943
0.495300
0.278791
0.156475
0.179404
0.156260
0.186594
0.169008
0.216347
0.178078
0.259779
0.189628
0.482205
0.488444
0.082463
0.074715
0.199423
0.525435
0.021544
0.507337
0.277335
0.227156
0.213150
0.329077
0.251670
0.550227
0.449042
0.163271
0.468221
0.067315
0.457162
0.280328
0.057815
0.070490
0.304719
0.462651
0.022961
0.080779
0.187519
0.322999
0.312282
0.023714
0.206173
0.184133
0.004120
0.224730
0.454542
0.360346
0.053245
0.099024
0.361343
0.331815
0.216188
0.102825
0.411069
0.169430
0.234418
0.285831
0.064872
0.416898
0.238081
0.097544
0.053736
0.515791
0.478642
0.349318
0.459304
0.276427
0.560901
0.296424
0.452719
0.153023
0.239758
0.105927
0.264902
0.104377
0.560057
0.482572
0.420646
0.135381
0.549572
0.296945
0.017609
0.149373
0.159522
0.594502
0.073318
0.210915
0.198212
0.496222
0.377538
0.012859
0.389494
0.038363
0.559206
0.018589
0.064075
0.325146
0.063776
0.413148
0.036964
0.293220
0.626085
0.151712
0.113771
0.648282
0.461574
0.445655
0.069166
0.055674
0.427699
0.362678
0.466054
0.329999
0.608798
0.367338
0.453360
0.504169
0.605557
0.109482
0.150381
0.225434
0.276339
0.490980
0.445418
0.239711
0.368271
0.097569
0.191223
0.342415
0.412129
0.300950
0.302671
0.053244
0.656085
0.177979
0.268455
0.339241
0.062887
0.294271
0.053936
0.146848
0.573163
0.446963
0.629161
0.235245
0.423238
0.127844
0.329095
0.276940
0.347659
0.026812
0.580318
0.292100
0.546816
0.082784
0.095398
0.376485
0.355787
0.391221
0.409653
0.411697
0.261746
0.062005
0.117011
0.213946
0.365304
0.427193
0.142674
0.364550
0.202098
0.216282
0.545869
0.228219
0.065273
0.430938
0.037116
0.187130
0.118601
0.151004
0.117920
0.376961
0.165633
0.087914
0.206091
0.286180
0.168715
0.214458
0.175368
0.082035
0.250046
0.059936
0.480188
0.451221
0.044685
0.097672
0.133201
0.392912
0.042727
0.462805
0.254924
0.246056
0.153295
0.330966
0.225276
0.605222
0.565632
0.016320
0.308399
0.172335
0.542962
0.193473
0.119838
0.110267
0.432419
0.340705
0.034403
0.121372
0.139346
0.262552
0.291807
0.080456
0.118398
0.289230
0.011903
0.157771
0.685439
0.394581
0.001372
0.017474
0.451907
0.252997
0.205324
0.038551
0.396046
0.212872
0.263045
0.251169
0.039954
0.356060
0.268825
0.035809
0.066677
0.510679
0.469755
0.395732
0.484897
0.307971
0.512559
0.267030
0.483211
0.051489
0.277665
0.142571
0.372374
0.165282
0.481546
0.548042
0.372228
0.338691
0.474870
0.351305
0.071595
0.135579
0.209269
0.561522
0.037220
0.276305
0.276022
0.605841
0.426228
0.028949
0.303712
0.118937
0.541263
0.038682
0.036545
0.350939
0.086857
0.383665
0.040626
0.209466
0.598879
0.186084
0.124489
0.602156
0.467281
0.551541
0.153156
0.201229
0.391551
0.324254
0.486777
0.275104
0.432789
0.347634
0.511452
0.530236
0.533472
0.111686
0.069976
0.197495
0.274666
0.393447
0.388657
0.328517
0.509278
0.010209
0.109565
0.293998
0.368526
0.264428
0.256704
0.049158
0.659761
0.261246
0.355733
0.367511
0.011261
0.329113
0.052117
0.172852
0.463362
0.499465
0.539840
0.143206
0.396241
0.061533
0.292414
0.241701
0.410493
0.128976
0.475275
0.389273
0.538755
0.115879
0.162718
0.289643
0.274455
0.393426
0.384537
0.367107
0.196553
0.124245
0.066607
0.264945
0.325082
0.421182
0.123315
0.312396
0.242680
0.145769
0.605313
0.155767
0.049970
0.567050
0.014072
0.118948
0.165336
0.182514
0.082975
0.296180
0.004811
0.019903
0.253480
0.355153
0.205536
0.342395
0.030447
0.125949
0.154379
0.004339
0.369475
0.371143
0.093435
0.096480
0.116837
0.175550
0.017923
0.435678
0.263951
0.266032
0.110095
0.343725
0.150338
0.605347
0.665955
0.089475
0.146930
0.360958
0.556112
0.138604
0.142563
0.168398
0.476080
0.242636
0.078333
0.149896
0.112879
0.207335
0.266877
0.102556
0.068363
0.287450
0.020889
0.079999
0.769711
0.364907
0.000299
0.119315
0.453153
0.133918
0.152652
0.166767
0.293557
0.275285
0.293104
0.216283
0.018629
0.275097
0.326874
0.082609
0.150949
0.506615
0.392010
0.412205
0.419966
0.331910
0.444116
0.239764
0.551245
0.043162
0.292492
0.197947
0.435985
0.227699
0.397218
0.625693
0.298420
0.583066
0.399668
0.277787
0.105088
0.187135
0.130845
0.476515
0.046971
0.270842
0.334851
0.565664
0.495369
0.080658
0.191712
0.162030
0.496530
0.107267
0.000071
0.355583
0.103024
0.277403
0.001635
0.161107
0.484195
0.150752
0.082496
0.460701
0.552622
0.612621
0.200508
0.266934
0.365272
0.281382
0.473737
0.272896
0.262698
0.336580
0.538698
0.499937
0.387143
0.129548
0.025940
0.193443
0.297201
0.242812
0.320753
0.368574
0.630021
0.038328
0.005540
0.213174
0.295227
0.261785
0.111929
0.043517
0.524995
0.355193
0.419708
0.365087
0.079589
0.331180
0.012955
0.149585
0.398979
0.558673
0.407344
0.053340
0.251700
0.066774
0.250000
0.212463
0.502989
0.238577
0.385239
0.479116
0.503848
0.309548
0.158710
0.270431
0.182256
0.344625
0.404237
0.178222
0.106248
0.167526
0.042961
0.313112
0.307210
0.401809
0.130924
0.271042
0.263072
0.037971
0.618790
0.051209
0.004332
0.595463
0.048584
0.047763
0.162494
0.215293
0.312827
0.235705
0.189208
0.007712
0.297194
0.351334
0.341084
0.357221
0.096221
0.120887
0.014955
0.016842
0.222900
0.298743
0.151716
0.078273
0.096715
0.033559
0.034519
0.408346
0.261144
0.230331
0.079807
0.279470
0.094075
0.542838
0.643515
0.138106
0.019826
0.507359
0.480365
0.063548
0.132560
0.208839
0.513009
0.166607
0.131423
0.225259
0.022489
0.180425
0.258544
0.101646
0.060761
0.211490
0.048691
0.009653
0.768170
0.271009
0.009783
0.214732
0.370188
0.035552
0.080352
0.242787
0.101349
0.266790
0.210156
0.088117
0.051047
0.184451
0.364631
0.152878
0.196086
0.424157
0.295954
0.409475
0.395596
0.354026
0.292595
0.226139
0.527615
0.047537
0.351979
0.222289
0.452212
0.305869
0.325642
0.540873
0.231286
0.783780
0.250681
0.186086
0.038201
0.253672
0.001687
0.355513
0.002963
0.211916
0.376681
0.441217
0.547782
0.200305
0.118143
0.205453
0.464343
0.274639
0.015102
0.335198
0.163663
0.204257
0.037785
0.121375
0.327424
0.140405
0.013966
0.296646
0.596625
0.646127
0.129154
0.299390
0.291303
0.278982
0.384387
0.303052
0.117940
0.317556
0.395854
0.427050
0.208836
0.096314
0.059152
0.214905
0.352047
0.115004
0.200559
0.370432
0.660067
0.007134
0.102663
0.152348
0.304446
0.203195
0.016834
0.067655
0.356540
0.372145
0.452830
0.421304
0.193108
0.339454
0.066976
0.164582
0.343403
0.546807
0.315441
0.252022
0.174851
0.170745
0.159463
0.321711
0.510255
0.317351
0.253241
0.488439
0.444325
0.498870
0.173002
0.227937
0.120489
0.277745
0.430585
0.009146
0.017309
0.122683
0.150311
0.330882
0.249426
0.297846
0.143471
0.259566
0.292134
0.049157
0.610757
0.069111
0.045054
0.518763
0.015750
0.214772
0.019072
0.243774
0.412305
0.224292
0.352537
0.005929
0.326638
0.252357
0.446639
0.381994
0.239175
0.258351
0.155804
0.029892
0.068789
0.270358
0.286238
0.083403
0.121606
0.182376
0.082789
0.365069
0.247639
0.176177
0.072814
0.266971
0.014163
0.416328
0.512812
0.171050
0.140382
0.506513
0.405996
0.059962
0.088681
0.216523
0.470795
0.148557
0.154998
0.298411
0.087505
0.137730
0.270370
0.053220
0.048458
0.024909
0.072064
0.073203
0.653995
0.173291
0.014449
0.231986
0.245500
0.192652
0.006156
0.266108
0.075991
0.262475
0.200827
0.026334
0.053234
0.117527
0.419532
0.183756
0.182368
0.291752
0.177703
0.374518
0.348821
0.326893
0.129171
0.221055
0.518360
0.035757
0.333961
0.247487
0.420573
0.314822
0.251872
0.313927
0.205071
0.850593
0.166420
0.089494
0.060044
0.403862
0.125265
0.253646
0.142983
0.133504
0.428200
0.371156
0.569092
0.318116
0.064016
0.175160
0.409571
0.419667
0.016320
0.299246
0.175458
0.143671
0.077226
0.106050
0.207113
0.132845
0.052719
0.113907
0.699722
0.626328
0.023856
0.264186
0.261834
0.306281
0.206983
0.314194
0.029352
0.287139
0.270316
0.415411
0.019664
0.075783
0.140269
0.309707
0.370538
0.038561
0.080140
0.339078
0.572537
0.104060
0.198711
0.071104
0.301035
0.142246
0.108334
0.178427
0.163240
0.285359
0.447633
0.439918
0.290115
0.345372
0.222832
0.191859
0.311278
0.384542
0.244307
0.378016
0.156432
0.306068
0.079152
0.442173
0.436969
0.277645
0.135894
0.468085
0.363781
0.604085
0.164353
0.192454
0.039276
0.166901
0.466865
0.115025
0.057741
0.049534
0.234510
0.250530
0.274387
0.203184
0.163525
0.247355
0.257916
0.090067
0.484475
0.196378
0.149672
0.419885
0.043334
0.376207
0.174168
0.264574
0.430829
0.255203
0.474120
0.057231
0.327975
0.156696
0.513638
0.335098
0.336821
0.359021
0.320094
0.069458
0.042387
0.310068
0.442659
0.056344
0.145486
0.278446
0.092453
0.343156
0.220826
0.145897
0.076602
0.232221
0.076596
0.324011
0.329689
0.175638
0.252710
0.383986
0.282469
0.067921
0.085966
0.183899
0.417678
0.176537
0.165082
0.412724
0.251855
0.055422
0.224897
0.013097
0.069213
0.143940
0.071744
0.105983
0.485596
0.068253
0.007072
0.169134
0.083825
0.320365
0.049682
0.279303
0.192542
0.218213
0.136230
0.074581
0.013697
0.071516
0.490215
0.129517
0.141208
0.138495
0.054047
0.333789
0.331543
0.312979
0.034747
0.183002
0.401239
0.000765
0.301850
0.231784
0.376166
0.410329
0.205918
0.130291
0.212146
0.817332
0.092223
0.064766
0.222132
0.474206
0.201163
0.169673
0.286332
0.057899
0.483164
0.260970
0.515682
0.438864
0.035059
0.204343
0.253269
0.628677
0.015914
0.277348
0.203640
0.121769
0.132957
0.116294
0.081127
0.161353
0.128176
0.004855
0.669073
0.518328
0.090910
0.118210
0.249956
0.362274
0.041178
0.336986
0.044252
0.261766
0.162343
0.335558
0.060688
0.066964
0.220424
0.336462
0.379947
0.072115
0.016352
0.264938
0.394891
0.241313
0.260318
0.101252
0.319351
0.015394
0.233168
0.261856
0.064787
0.106142
0.392438
0.444316
0.427986
0.339956
0.362343
0.190009
0.251961
0.199942
0.227729
0.467750
0.242982
0.338543
0.034469
0.524282
0.264842
0.267819
0.086673
0.423571
0.272684
0.639048
0.141869
0.132007
0.032628
0.092454
0.493378
0.192147
0.017726
0.105311
0.256034
0.206251
0.273566
0.119000
0.171745
0.247842
0.214451
0.085750
0.274389
0.266583
0.232693
0.326670
0.065227
0.465344
0.409302
0.251213
0.376530
0.301969
0.483749
0.096493
0.311683
0.021761
0.506715
0.306831
0.422807
0.505973
0.453942
0.159348
0.165741
0.337388
0.524672
0.029250
0.227415
0.332735
0.149222
0.335794
0.225049
0.188287
0.087633
0.233711
0.167856
0.284012
0.170441
0.205121
0.248322
0.179531
0.178695
0.155341
0.111743
0.107042
0.355681
0.273325
0.109688
0.508354
0.338569
0.050633
0.210890
0.005656
0.091345
0.316209
0.065906
0.086510
0.272400
0.041730
0.018109
0.056869
0.035588
0.377385
0.077119
0.257543
0.273937
0.184170
0.143571
0.074292
0.080097
0.057880
0.469659
0.047271
0.077678
0.012396
0.038115
0.286161
0.296498
0.228357
0.154313
0.090789
0.256730
0.012829
0.261788
0.240317
0.270722
0.560518
0.140879
0.069758
0.236387
0.675370
0.051856
0.023747
0.305414
0.552476
0.222684
0.071922
0.451832
0.012104
0.432491
0.144313
0.426070
0.543444
0.022678
0.115789
0.132150
0.677930
0.000865
0.248845
0.180737
0.110801
0.138469
0.136869
0.002968
0.102497
0.228340
0.071765
0.616943
0.331642
0.230505
0.046114
0.303296
0.467521
0.081387
0.369331
0.079646
0.196738
0.110190
0.304217
0.084150
0.108928
0.291274
0.337299
0.334412
0.140395
0.029946
0.171594
0.295280
0.394165
0.269368
0.160730
0.312961
0.065073
0.321719
0.297795
0.041424
0.063701
0.288852
0.444220
0.490192
0.257598
0.453977
0.151866
0.241841
0.049137
0.277239
0.490421
0.333346
0.345429
0.040595
0.591778
0.108513
0.300232
0.123475
0.341843
0.227646
0.560997
0.065652
0.111502
0.048653
0.019991
0.496003
0.289040
0.022380
0.314835
0.300773
0.195409
0.356320
0.029505
0.153150
0.203592
0.101422
0.114945
0.048299
0.272119
0.346838
0.282540
0.107746
0.464663
0.592026
0.222567
0.281591
0.346360
0.456466
0.122913
0.298853
0.156572
0.415566
0.242569
0.396948
0.499199
0.504103
0.254406
0.285574
0.409334
0.522948
0.004598
0.343378
0.321210
0.324791
0.345173
0.153630
0.235044
0.149939
0.168297
0.168363
0.197677
0.033793
0.193477
0.196873
0.059563
0.102735
0.251923
0.151010
0.008229
0.332033
0.384658
0.067467
0.521289
0.467033
0.076333
0.128793
0.006514
0.145873
0.432221
0.013344
0.049255
0.154384
0.208350
0.040985
0.060995
0.189649
0.374450
0.076305
0.252469
0.295427
0.103518
0.069015
0.138079
0.178096
0.118967
0.425762
0.069760
0.012596
0.114586
0.114733
0.270164
0.267034
0.164738
0.272055
0.019142
0.094584
0.036604
0.245096
0.220820
0.198946
0.652888
0.076183
0.215353
0.243697
0.408656
0.020961
0.067108
0.373678
0.583575
0.195841
0.027525
0.605826
0.010663
0.351196
0.056388
0.325373
0.629573
0.108637
0.081394
0.038160
0.692223
0.026854
0.238584
0.177488
0.135050
0.121672
0.206090
0.086293
0.096503
0.327427
0.087445
0.457906
0.143158
0.369968
0.159246
0.325485
0.491898
0.153498
0.406899
0.097261
0.104277
0.101055
0.248728
0.034453
0.088819
0.384779
0.324056
0.306936
0.278448
0.062484
0.023557
0.240256
0.546096
0.232594
0.280410
0.291311
0.116658
0.340225
0.341021
0.110109
0.256437
0.183337
0.401783
0.542494
0.209489
0.535530
0.112449
0.195084
0.022545
0.357144
0.445991
0.429758
0.237468
0.044046
0.579576
0.010558
0.335746
0.138011
0.261199
0.207655
0.422175
0.016472
0.108907
0.004356
0.005479
0.483272
0.337526
0.186129
0.556803
0.308039
0.254537
0.357852
0.048395
0.131978
0.174379
0.054018
0.098102
0.059373
0.252132
0.458255
0.261391
0.145524
0.385009
0.728012
0.159065
0.156368
0.353088
0.334334
0.104113
0.305130
0.286888
0.305814
0.218413
0.352803
0.490525
0.458866
0.405537
0.345684
0.473931
0.482616
0.003212
0.497670
0.214131
0.432358
0.326199
0.068082
0.293042
0.263038
0.148462
0.178443
0.133515
0.200390
0.226047
0.017314
0.316673
0.027575
0.451288
0.127157
0.121193
0.312217
0.486761
0.043018
0.486013
0.480823
0.064724
0.125990
0.102497
0.194294
0.514302
0.044021
0.041532
0.084370
0.342825
0.078101
0.154467
0.245681
0.272263
0.093581
0.238467
0.188940
0.057751
0.043328
0.132251
0.241104
0.191503
0.297221
0.155684
0.107237
0.155460
0.143527
0.276636
0.237247
0.131787
0.332554
0.010071
0.035180
0.004778
0.229462
0.224571
0.146753
0.685705
0.018399
0.300667
0.270900
0.176451
0.048408
0.091049
0.401475
0.479564
0.099662
0.054282
0.673920
0.030739
0.265027
0.067479
0.262550
0.646676
0.242944
0.018081
0.039884
0.593063
0.049178
0.270236
0.180912
0.149143
0.087985
0.348167
0.087655
0.106722
0.404038
0.061780
0.290497
0.014610
0.449007
0.206142
0.336396
0.423343
0.140555
0.381193
0.054741
0.045979
0.149863
0.230674
0.006111
0.135294
0.447352
0.339210
0.233117
0.391265
0.059476
0.132856
0.218131
0.574768
0.146154
0.327914
0.225642
0.090467
0.314585
0.348183
0.150869
0.429252
0.113866
0.327933
0.467561
0.210167
0.561332
0.072519
0.216843
0.040855
0.425709
0.315229
0.424257
0.082343
0.029193
0.466354
0.020955
0.285977
0.146963
0.221840
0.263692
0.273264
0.151033
0.167999
0.107641
0.010010
0.446802
0.378574
0.300699
0.724478
0.261931
0.327415
0.395683
0.005926
0.082453
0.131045
0.061607
0.006373
0.117075
0.223377
0.648641
0.263926
0.192150
0.330152
0.762422
0.133900
0.044938
0.316366
0.234021
0.088531
0.271406
0.348233
0.210691
0.183566
0.251686
0.320006
0.370183
0.501846
0.333841
0.496979
0.355751
0.009993
0.612984
0.025694
0.541515
0.285293
0.037835
0.333464
0.401826
0.115601
0.156679
0.045009
0.312670
0.216441
0.170322
0.496013
0.080121
0.633927
0.101076
0.160809
0.358868
0.489532
0.106977
0.420538
0.493967
0.060935
0.149063
0.155829
0.215762
0.464215
0.114603
0.191665
0.133224
0.406167
0.096691
0.179337
0.276533
0.168215
0.102053
0.216671
0.060612
0.005808
0.076340
0.153062
0.211911
0.255051
0.216678
0.242853
0.211372
0.131656
0.169489
0.305747
0.238373
0.177618
0.289798
0.037233
0.004190
0.036734
0.230696
0.222298
0.104377
0.749118
0.021390
0.294761
0.254576
0.021543
0.031053
0.102775
0.465709
0.245598
0.050558
0.003923
0.602877
0.123190
0.186880
0.120651
0.165700
0.567951
0.306083
0.059741
0.007031
0.501011
0.146310
0.286014
0.238415
0.181594
0.019306
0.489165
0.056839
0.077246
0.380193
0.012400
0.079424
0.042045
0.496952
0.233996
0.347794
0.327548
0.098993
0.379750
0.009849
0.017828
0.192508
0.193685
0.117508
0.132650
0.446052
0.324302
0.194944
0.442313
0.003104
0.249923
0.248925
0.557729
0.039619
0.422710
0.208895
0.015280
0.200241
0.358011
0.188136
0.483924
0.134806
0.294002
0.393825
0.276581
0.483261
0.004313
0.251476
0.122497
0.533051
0.210340
0.439019
0.092658
0.125969
0.391096
0.012281
0.244789
0.188741
0.252782
0.357360
0.213388
0.236568
0.205599
0.216812
0.016013
0.401783
0.349690
0.386943
0.762080
0.194415
0.397021
0.407024
0.039365
0.011795
0.158827
0.114389
0.046936
0.089319
0.121379
0.730348
0.277410
0.178879
0.232037
0.771095
0.114172
0.062385
0.284762
0.128206
0.044578
0.295300
0.454321
0.086262
0.195290
0.178667
0.209041
0.379951
0.541802
0.337047
0.475631
0.199017
0.044421
0.680042
0.178258
0.576285
0.252135
0.118060
0.401644
0.509608
0.198172
0.094328
0.010959
0.308566
0.181339
0.340746
0.564348
0.101322
0.780528
0.104850
0.096358
0.446001
0.492901
0.198638
0.328958
0.415377
0.036655
0.269661
0.183926
0.223468
0.423526
0.161222
0.380577
0.198999
0.379328
0.139917
0.123341
0.266716
0.021350
0.106797
0.130472
0.038160
0.010976
0.081704
0.063791
0.124523
0.316948
0.185497
0.258087
0.363052
0.022466
0.147637
0.382196
0.240663
0.150408
0.160924
0.080764
0.073788
0.074089
0.232156
0.290092
0.137063
0.640225
0.017561
0.291305
0.277839
0.122919
0.079435
0.078285
0.508992
0.039529
0.231507
0.104892
0.474388
0.172569
0.134746
0.226273
0.133444
0.491260
0.389129
0.128179
0.012216
0.321149
0.190156
0.245458
0.294110
0.202386
0.003616
0.554674
0.029506
0.012640
0.413582
0.052331
0.098630
0.073770
0.511028
0.236135
0.350969
0.215843
0.003788
0.361056
0.031037
0.039929
0.270763
0.150228
0.182451
0.151227
0.440416
0.267576
0.086642
0.430687
0.054279
0.288740
0.278064
0.471043
0.106442
0.417297
0.192406
0.143884
0.019558
0.376608
0.241677
0.475749
0.205687
0.281595
0.273556
0.312586
0.401229
0.067411
0.314879
0.158789
0.579452
0.059044
0.411587
0.232078
0.317370
0.333147
0.013931
0.138026
0.248752
0.324068
0.492137
0.130882
0.302813
0.281929
0.319860
0.023489
0.404214
0.295733
0.394597
0.677346
0.102191
0.433766
0.472430
0.115261
0.126676
0.216316
0.154957
0.062970
0.013839
0.044361
0.761818
0.299505
0.173951
0.127103
0.659632
0.073656
0.166724
0.227942
0.103330
0.057006
0.298412
0.402088
0.001875
0.173698
0.097151
0.097326
0.385194
0.524283
0.282781
0.363533
0.093396
0.100078
0.600236
0.363535
0.519304
0.209500
0.214097
0.394018
0.551589
0.213104
0.010490
0.023996
0.269208
0.108181
0.440099
0.473382
0.122584
0.718042
0.095140
0.009984
0.532535
0.397574
0.263232
0.288060
0.311567
0.026200
0.391896
0.203368
0.238211
0.345457
0.142602
0.461682
0.341042
0.292871
0.111326
0.021929
0.226542
0.108795
0.062946
0.008341
0.108885
0.014981
0.113784
0.004321
0.026225
