# G_4, p = 0.6000 GPa (dir_6000.0_bar).
# 4MR distortion Lambda = (1/2)|d_02 - d_13|.
# 1080 rings x 101 frames = 109080 samples.
# Column: per-4MR Lambda [A]
0.155147
0.168664
0.294755
0.282409
0.001104
0.299166
0.080183
0.187161
0.274529
0.311790
0.201572
0.168679
0.217066
0.003697
0.246357
0.011280
0.202165
0.282625
0.011146
0.294535
0.247353
0.282491
0.011131
0.197509
0.084548
0.288816
0.242599
0.084841
0.218363
0.242342
0.004668
0.245872
0.294748
0.155149
0.168658
0.282411
0.001108
0.299162
0.080177
0.187171
0.274525
0.311790
0.168677
0.201553
0.217081
0.003686
0.202165
0.011276
0.246352
0.282623
0.294537
0.011152
0.011129
0.282490
0.247356
0.197518
0.084549
0.288820
0.242591
0.084838
0.218361
0.004668
0.242342
0.245872
0.294752
0.155174
0.168710
0.001106
0.282390
0.299145
0.080161
0.187158
0.274526
0.201570
0.168703
0.311794
0.003693
0.217064
0.202149
0.246373
0.011280
0.011168
0.282593
0.294535
0.247353
0.011109
0.282515
0.288843
0.084578
0.197532
0.242620
0.218373
0.084850
0.242336
0.004646
0.245920
0.294747
0.168702
0.155175
0.001108
0.282391
0.299134
0.187171
0.080157
0.274504
0.168708
0.311787
0.201559
0.217066
0.003690
0.202149
0.246373
0.011280
0.011146
0.294519
0.282593
0.282517
0.011100
0.247360
0.197536
0.288831
0.084575
0.242613
0.084840
0.218372
0.004648
0.242334
0.245919
0.155175
0.294748
0.001106
0.282367
0.299192
0.080161
0.187192
0.274529
0.311777
0.201590
0.217043
0.202109
0.011280
0.246373
0.294535
0.011170
0.282604
0.247363
0.011107
0.282487
0.197536
0.084563
0.288812
0.218398
0.242620
0.084844
0.004655
0.245932
0.242341
0.294747
0.155185
0.282367
0.001107
0.299185
0.080172
0.187188
0.274505
0.311783
0.201578
0.217038
0.202109
0.011284
0.246380
0.282600
0.011181
0.294541
0.282487
0.011107
0.247363
0.288811
0.197542
0.084562
0.084834
0.242614
0.218390
0.245936
0.242338
0.004648
0.294742
0.155176
0.282390
0.001102
0.299175
0.187182
0.080161
0.274471
0.201574
0.311767
0.217043
0.246355
0.011302
0.202131
0.282617
0.011190
0.294535
0.011129
0.247390
0.282491
0.197527
0.084584
0.288819
0.218383
0.084841
0.242662
0.004648
0.245934
0.242313
0.294743
0.155172
0.282390
0.001101
0.299166
0.187195
0.080170
0.274461
0.201566
0.311764
0.217048
0.011302
0.246355
0.202131
0.011190
0.294535
0.282617
0.247390
0.282491
0.011129
0.288819
0.197521
0.084586
0.242662
0.084832
0.218378
0.004651
0.242291
0.245934
0.155333
0.168341
0.293279
0.282707
0.000846
0.297834
0.080123
0.187307
0.273563
0.310363
0.168351
0.201693
0.217213
0.003495
0.247341
0.011127
0.201189
0.295300
0.283413
0.246141
0.011280
0.084477
0.197682
0.287921
0.217053
0.084500
0.004479
0.243752
0.293294
0.155349
0.168344
0.282711
0.000846
0.297829
0.080122
0.187326
0.273543
0.310364
0.168332
0.201720
0.217223
0.003504
0.011122
0.201189
0.247348
0.295289
0.283416
0.011280
0.246145
0.287912
0.197682
0.084484
0.084496
0.217049
0.004479
0.243752
0.293268
0.155301
0.168361
0.282761
0.000824
0.297840
0.187320
0.080145
0.273547
0.201712
0.168366
0.310325
0.003475
0.217238
0.201208
0.247316
0.011127
0.295250
0.246158
0.011304
0.283429
0.197667
0.287897
0.084526
0.084465
0.217034
0.243720
0.004483
0.293269
0.168357
0.155309
0.000827
0.282756
0.297842
0.187321
0.080159
0.273539
0.201718
0.310315
0.168365
0.003477
0.217236
0.247316
0.201208
0.011127
0.295253
0.283427
0.011295
0.246168
0.287905
0.197667
0.084527
0.084463
0.217033
0.004487
0.243726
0.155303
0.293268
0.000846
0.282737
0.297842
0.080145
0.187286
0.273581
0.310336
0.201682
0.217250
0.201205
0.247311
0.011129
0.295290
0.246116
0.011325
0.283418
0.197644
0.084480
0.287897
0.217074
0.084493
0.243727
0.004468
0.293281
0.155314
0.000840
0.282737
0.297846
0.080143
0.187286
0.273559
0.310338
0.201681
0.217246
0.247315
0.201205
0.011129
0.295279
0.283418
0.246116
0.011325
0.197642
0.084482
0.287899
0.217067
0.084492
0.243720
0.004459
0.293297
0.155364
0.000822
0.282753
0.297813
0.080145
0.187344
0.273554
0.201718
0.310349
0.217213
0.201208
0.011105
0.247349
0.295250
0.246183
0.283422
0.011282
0.287902
0.084528
0.197685
0.084456
0.217031
0.243720
0.004503
0.293287
0.155364
0.000818
0.282732
0.297813
0.187344
0.080154
0.273541
0.310327
0.201724
0.217223
0.247349
0.201208
0.011105
0.295250
0.011282
0.246183
0.283422
0.287902
0.197679
0.084525
0.084461
0.217025
0.243709
0.004492
0.168966
0.156320
0.294020
0.000543
0.283388
0.298172
0.080361
0.188247
0.273701
0.202529
0.310982
0.168945
0.218363
0.003480
0.201330
0.011192
0.294416
0.246089
0.084840
0.198604
0.288033
0.217208
0.084587
0.004931
0.294006
0.156315
0.168959
0.000540
0.283389
0.298174
0.080363
0.188247
0.273689
0.311004
0.168950
0.202543
0.218356
0.003461
0.201330
0.011183
0.294412
0.246085
0.288030
0.084847
0.198599
0.084596
0.217200
0.004931
0.293971
0.156309
0.168968
0.283413
0.000543
0.298192
0.188173
0.080382
0.273685
0.202487
0.168958
0.310944
0.003489
0.218370
0.011193
0.201336
0.294394
0.246042
0.198534
0.084862
0.288031
0.217261
0.084629
0.004928
0.168969
0.293980
0.156302
0.000549
0.283414
0.298192
0.188197
0.080375
0.273677
0.202480
0.168963
0.310939
0.218373
0.003487
0.011193
0.201315
0.294394
0.246034
0.288026
0.198528
0.084858
0.084627
0.217259
0.004937
0.156280
0.293943
0.283393
0.000565
0.298194
0.080361
0.188189
0.273664
0.310942
0.202485
0.218368
0.201352
0.011195
0.294394
0.246056
0.198572
0.084856
0.288007
0.217219
0.084602
0.004928
0.293962
0.156294
0.283393
0.000566
0.298177
0.080364
0.188190
0.273666
0.310951
0.202476
0.218369
0.201352
0.011206
0.294394
0.246056
0.198566
0.084862
0.288005
0.084614
0.217227
0.004931
0.156346
0.293992
0.000543
0.283385
0.298153
0.080382
0.188235
0.273682
0.202513
0.310965
0.218360
0.201311
0.011193
0.294410
0.246085
0.198592
0.288053
0.084865
0.217232
0.084631
0.004933
0.293984
0.156346
0.000552
0.283385
0.298163
0.188247
0.080374
0.273676
0.202508
0.310959
0.218352
0.201308
0.011193
0.294410
0.246085
0.198584
0.288053
0.084862
0.084629
0.217246
0.004926
0.168776
0.294816
0.262693
0.001061
0.299188
0.080208
0.305730
0.311856
0.168775
0.003664
0.295790
0.309319
0.009847
0.009956
0.177695
0.262365
0.296884
0.010088
0.262501
0.296033
0.294818
0.168767
0.262693
0.001052
0.299172
0.080206
0.305723
0.168776
0.311857
0.003698
0.309319
0.009854
0.295799
0.177686
0.009952
0.262363
0.010088
0.262501
0.296884
0.296033
0.294844
0.168782
0.001059
0.262674
0.299177
0.080208
0.305733
0.168757
0.311858
0.003671
0.309321
0.295809
0.009869
0.009978
0.262360
0.177676
0.296860
0.010064
0.262476
0.296029
0.294840
0.168771
0.001054
0.262674
0.299177
0.305718
0.080212
0.311851
0.168752
0.003683
0.295809
0.309321
0.009869
0.009978
0.177676
0.262360
0.262476
0.010064
0.296860
0.296033
0.294812
0.001059
0.262674
0.299193
0.080208
0.305715
0.311833
0.309286
0.009871
0.295787
0.262365
0.010000
0.177683
0.296888
0.010064
0.262518
0.296028
0.294811
0.001067
0.262680
0.299207
0.080204
0.305726
0.311830
0.309286
0.009865
0.295789
0.262360
0.009993
0.177678
0.262518
0.296888
0.010062
0.296030
0.294836
0.262722
0.001061
0.299193
0.305702
0.080230
0.311851
0.295792
0.009850
0.309303
0.262362
0.009980
0.177680
0.262520
0.010088
0.296892
0.296030
0.294838
0.001052
0.262724
0.299189
0.305708
0.080232
0.311847
0.295792
0.009850
0.309281
0.009980
0.177680
0.262362
0.296894
0.262524
0.010092
0.296030
0.168358
0.293424
0.262207
0.000890
0.297993
0.080121
0.305625
0.310486
0.168352
0.003494
0.308675
0.296841
0.010042
0.178554
0.263614
0.009873
0.295938
0.293412
0.168350
0.262208
0.000884
0.297997
0.080121
0.305626
0.310479
0.168359
0.003483
0.010042
0.308675
0.296841
0.178554
0.263612
0.009873
0.295934
0.293441
0.168317
0.262194
0.000912
0.297993
0.305622
0.080097
0.168323
0.310488
0.003500
0.308670
0.010044
0.296881
0.178557
0.295941
0.009871
0.263637
0.293435
0.168326
0.000910
0.262189
0.297996
0.305614
0.080116
0.168315
0.310481
0.003505
0.308670
0.296886
0.010053
0.178559
0.263638
0.009862
0.295931
0.293427
0.262191
0.000912
0.297994
0.080139
0.305622
0.310499
0.308703
0.010064
0.296872
0.178572
0.295918
0.009871
0.263611
0.293432
0.262191
0.000912
0.297987
0.080140
0.305622
0.310507
0.308703
0.010064
0.296872
0.178572
0.263611
0.009871
0.295921
0.293427
0.000892
0.262207
0.298019
0.305638
0.080097
0.310492
0.308725
0.010062
0.296867
0.178535
0.009893
0.295907
0.263622
0.293442
0.000895
0.262207
0.298006
0.305629
0.080094
0.310503
0.308725
0.010062
0.296876
0.178529
0.009893
0.295907
0.263622
0.168871
0.293763
0.000542
0.263561
0.297996
0.080363
0.306342
0.310749
0.168888
0.003442
0.009979
0.308582
0.177783
0.295875
0.293760
0.168876
0.000532
0.263560
0.298003
0.080356
0.306361
0.310757
0.168878
0.003452
0.308582
0.009986
0.177790
0.295869
0.293800
0.168898
0.000520
0.263572
0.297975
0.306321
0.080363
0.168903
0.310745
0.003427
0.308601
0.010001
0.177842
0.295870
0.293792
0.168891
0.263570
0.000516
0.297971
0.306322
0.080367
0.310741
0.168900
0.003425
0.010001
0.308601
0.177842
0.295866
0.293779
0.263584
0.000500
0.297995
0.080363
0.306302
0.310781
0.308567
0.010003
0.177805
0.295880
0.293784
0.263584
0.000508
0.297990
0.080362
0.306319
0.310784
0.308582
0.009992
0.177802
0.295880
0.293743
0.000544
0.263568
0.297998
0.306358
0.080361
0.310715
0.308601
0.009979
0.177820
0.295876
0.293746
0.000537
0.263568
0.298002
0.306355
0.080357
0.310711
0.308601
0.009979
0.177820
0.295876
0.243655
0.287913
0.288036
0.004708
0.243657
0.287911
0.288031
0.004717
0.243653
0.287953
0.288030
0.004736
0.243653
0.287953
0.004736
0.288030
0.243653
0.287882
0.004716
0.288041
0.243653
0.287882
0.288034
0.004719
0.243647
0.287879
0.004741
0.288033
0.243647
0.287902
0.004739
0.288033
0.242166
0.288834
0.004918
0.242165
0.004901
0.288828
0.242186
0.288827
0.004912
0.242186
0.004912
0.288827
0.242192
0.288837
0.004933
0.242194
0.288835
0.004929
0.242188
0.288805
0.004903
0.242190
0.288803
0.004910
0.242837
0.004448
0.242837
0.004462
0.242841
0.004435
0.242841
0.004435
0.242861
0.004437
0.242850
0.004426
0.242812
0.004447
0.242821
0.004457
0.063050
0.322926
0.232373
0.202092
0.087674
0.196080
0.065349
0.286835
0.137577
0.364595
0.103296
0.016913
0.067553
0.107351
0.482770
0.177974
0.141932
0.306221
0.041820
0.102520
0.329808
0.403772
0.045880
0.203438
0.035425
0.139411
0.189425
0.083250
0.243812
0.407851
0.212342
0.181585
0.275765
0.182650
0.001941
0.304469
0.091553
0.333555
0.156255
0.181987
0.303149
0.240989
0.118071
0.387080
0.235638
0.055438
0.084912
0.040699
0.341465
0.207317
0.367347
0.109852
0.036425
0.397030
0.299337
0.259943
0.027154
0.240917
0.273109
0.060695
0.144376
0.020540
0.247186
0.173657
0.192285
0.255688
0.276877
0.128359
0.379415
0.235607
0.030175
0.219017
0.149028
0.044224
0.305446
0.423463
0.124169
0.187244
0.022001
0.161323
0.022903
0.096516
0.122134
0.371898
0.180537
0.107184
0.407891
0.258080
0.135102
0.235842
0.272996
0.248458
0.071807
0.445316
0.028622
0.384558
0.225206
0.116768
0.215207
0.020206
0.352096
0.268323
0.250757
0.041178
0.154300
0.200952
0.167735
0.197060
0.311699
0.154602
0.123788
0.204817
0.083786
0.277446
0.351630
0.149441
0.275822
0.054978
0.001634
0.343252
0.240810
0.065892
0.244485
0.165513
0.184630
0.026098
0.446713
0.189718
0.166065
0.168782
0.204447
0.428399
0.190604
0.102571
0.094924
0.306166
0.316151
0.280140
0.222634
0.393819
0.022693
0.175178
0.297796
0.054370
0.405200
0.224914
0.023205
0.402736
0.131519
0.180582
0.335288
0.225843
0.261370
0.171202
0.123531
0.212641
0.249244
0.288134
0.106958
0.289083
0.005504
0.306090
0.142330
0.357275
0.282673
0.367307
0.219440
0.333063
0.302535
0.064697
0.123012
0.428652
0.082290
0.292954
0.324825
0.135249
0.301544
0.332232
0.109768
0.195929
0.107364
0.210275
0.236757
0.250492
0.263132
0.040199
0.335333
0.303704
0.464259
0.090952
0.371325
0.182757
0.021031
0.234586
0.317751
0.289186
0.237633
0.209789
0.017597
0.159216
0.344303
0.081615
0.248272
0.003109
0.228061
0.288111
0.240518
0.053133
0.252059
0.131954
0.125498
0.121387
0.002703
0.390908
0.180718
0.274705
0.185108
0.318912
0.171160
0.272286
0.299576
0.017293
0.137177
0.065724
0.184854
0.409893
0.043521
0.384591
0.131973
0.033397
0.374794
0.188214
0.306710
0.247733
0.000956
0.375618
0.063780
0.177741
0.090456
0.156733
0.212738
0.106278
0.276271
0.402977
0.088249
0.118228
0.122386
0.469141
0.068681
0.271004
0.170020
0.060977
0.353534
0.287206
0.235622
0.196471
0.031095
0.114771
0.270622
0.009589
0.190753
0.237932
0.464558
0.333903
0.091933
0.050666
0.372776
0.180557
0.203873
0.247344
0.194702
0.246687
0.417558
0.056446
0.322315
0.389357
0.097054
0.097233
0.034405
0.334287
0.371310
0.232681
0.064610
0.268796
0.079823
0.104784
0.151921
0.218229
0.022989
0.313309
0.318163
0.056953
0.377958
0.390000
0.305698
0.001280
0.221127
0.122255
0.071613
0.134434
0.134370
0.202420
0.082270
0.218378
0.173301
0.250903
0.110963
0.041736
0.279940
0.137711
0.142736
0.443798
0.064955
0.197090
0.373427
0.297302
0.029661
0.359725
0.366401
0.021274
0.302181
0.164135
0.357989
0.230583
0.073409
0.170856
0.318407
0.197743
0.174100
0.152807
0.168650
0.239573
0.188007
0.206859
0.287422
0.058618
0.264168
0.074205
0.444054
0.212809
0.132563
0.162112
0.316555
0.214651
0.092066
0.139282
0.423137
0.074463
0.319031
0.343872
0.078778
0.014635
0.109420
0.251203
0.071005
0.119594
0.323951
0.313606
0.084930
0.291004
0.395005
0.176839
0.048166
0.385409
0.392978
0.100388
0.077375
0.345627
0.130440
0.007236
0.074749
0.128611
0.134828
0.318383
0.282840
0.064316
0.161926
0.289387
0.134650
0.307503
0.099357
0.398772
0.046747
0.144652
0.377801
0.095400
0.071494
0.159324
0.222232
0.124976
0.252933
0.109353
0.193533
0.031858
0.048425
0.076933
0.507242
0.273783
0.017094
0.118817
0.127816
0.327956
0.179585
0.057780
0.100115
0.003068
0.421186
0.175537
0.244103
0.298390
0.329033
0.066832
0.243044
0.363467
0.249671
0.205440
0.289004
0.192870
0.143439
0.399769
0.291385
0.174171
0.153369
0.003058
0.275753
0.182770
0.399480
0.178278
0.074429
0.093006
0.056741
0.285662
0.216294
0.062749
0.211078
0.341661
0.150329
0.114355
0.366264
0.112707
0.074421
0.033064
0.307283
0.146047
0.193347
0.263352
0.081778
0.247810
0.196552
0.365534
0.069808
0.074931
0.266179
0.225844
0.224682
0.220838
0.009237
0.105707
0.081211
0.099570
0.503332
0.067607
0.100041
0.066742
0.145967
0.008565
0.363342
0.277970
0.193605
0.111463
0.349105
0.066201
0.179791
0.126150
0.059351
0.232732
0.420766
0.210507
0.084753
0.148435
0.199170
0.170491
0.166672
0.035911
0.240739
0.354361
0.136720
0.089878
0.162327
0.194876
0.199068
0.045791
0.329927
0.032465
0.202435
0.019132
0.213855
0.051601
0.333245
0.066450
0.313638
0.112096
0.318169
0.153986
0.408681
0.262696
0.219418
0.245024
0.014770
0.308503
0.054857
0.165309
0.267753
0.231350
0.025325
0.461994
0.094955
0.301764
0.084273
0.341133
0.311414
0.266392
0.017861
0.113604
0.436348
0.396279
0.121889
0.212953
0.047354
0.357616
0.335470
0.217428
0.327893
0.137464
0.001756
0.034862
0.149107
0.200729
0.348919
0.474411
0.202510
0.028737
0.077605
0.164879
0.274500
0.182387
0.338754
0.053998
0.185363
0.083775
0.265290
0.020260
0.216492
0.335282
0.189535
0.079495
0.313438
0.151045
0.167121
0.316080
0.277022
0.277380
0.257348
0.341846
0.124812
0.274095
0.345860
0.161182
0.022010
0.344230
0.068773
0.232553
0.170753
0.495127
0.206279
0.145039
0.196164
0.344632
0.052163
0.156900
0.143005
0.275600
0.264274
0.356637
0.248986
0.052607
0.257135
0.173616
0.246793
0.028989
0.194344
0.063194
0.369954
0.104100
0.242021
0.201267
0.002255
0.353682
0.218510
0.005486
0.210720
0.122277
0.237270
0.341729
0.303311
0.246611
0.017558
0.287051
0.333026
0.100076
0.295888
0.185186
0.314831
0.057624
0.174035
0.326701
0.226389
0.160092
0.300679
0.275347
0.304433
0.168868
0.493219
0.119339
0.197046
0.168706
0.159135
0.035313
0.321711
0.152635
0.081367
0.198505
0.243592
0.123034
0.180471
0.094665
0.307980
0.228611
0.213082
0.092355
0.283564
0.135986
0.375985
0.215444
0.173233
0.245697
0.000651
0.215243
0.052259
0.130655
0.156975
0.321920
0.327109
0.123648
0.265394
0.251754
0.358029
0.154321
0.249509
0.053432
0.325587
0.047603
0.329292
0.032593
0.227081
0.074033
0.441420
0.029707
0.315601
0.208881
0.224829
0.216977
0.069503
0.297093
0.226720
0.150698
0.250982
0.185408
0.264072
0.187671
0.114676
0.040097
0.336932
0.225516
0.283258
0.061144
0.270539
0.195244
0.059207
0.032228
0.073202
0.279266
0.111305
0.339404
0.355133
0.166186
0.379024
0.260097
0.026545
0.241184
0.139919
0.311130
0.010559
0.352373
0.107676
0.159700
0.379682
0.245086
0.205187
0.042577
0.251352
0.091017
0.231813
0.096387
0.243429
0.252352
0.270382
0.015435
0.176989
0.297429
0.257107
0.328891
0.312903
0.288808
0.076694
0.166564
0.203283
0.116788
0.343191
0.231719
0.132756
0.284203
0.302658
0.426618
0.098140
0.177195
0.316057
0.088250
0.119048
0.308389
0.343612
0.025662
0.220715
0.341553
0.150238
0.183293
0.283362
0.311518
0.068287
0.210614
0.366899
0.184386
0.078872
0.350529
0.277977
0.043481
0.267924
0.530598
0.048933
0.182647
0.264172
0.058471
0.151318
0.254460
0.058198
0.371976
0.150795
0.266519
0.123817
0.321276
0.155538
0.320595
0.196112
0.308594
0.184187
0.062577
0.435557
0.022932
0.223463
0.209460
0.376494
0.203696
0.008326
0.307886
0.017975
0.156486
0.363741
0.103583
0.261135
0.236253
0.273138
0.296826
0.097933
0.076458
0.315076
0.433936
0.197299
0.346226
0.293410
0.128870
0.389895
0.466896
0.272731
0.233768
0.137020
0.337030
0.138590
0.462204
0.242655
0.107523
0.098997
0.057079
0.393037
0.193803
0.248185
0.221769
0.005219
0.321504
0.399067
0.004727
0.199686
0.132455
0.168879
0.166505
0.002100
0.263336
0.376727
0.006844
0.210144
0.111000
0.246689
0.232277
0.293372
0.013053
0.222690
0.302666
0.370391
0.101974
0.282759
0.244910
0.281754
0.089524
0.246950
0.299107
0.020574
0.244945
0.149476
0.075810
0.317795
0.487127
0.115016
0.351395
0.526287
0.182309
0.090475
0.191874
0.051019
0.327144
0.205267
0.292678
0.079200
0.288642
0.113702
0.155072
0.155366
0.264302
0.172585
0.198913
0.088696
0.341270
0.031581
0.269105
0.210195
0.370973
0.084159
0.358834
0.110570
0.351664
0.042908
0.155477
0.194304
0.038044
0.358237
0.400260
0.220594
0.148900
0.374807
0.171400
0.121075
0.143098
0.387191
0.038830
0.208924
0.316277
0.230846
0.073331
0.309830
0.417728
0.360524
0.060873
0.288899
0.401199
0.014993
0.217643
0.133073
0.111963
0.451248
0.158089
0.177090
0.286359
0.063950
0.061224
0.308522
0.054803
0.278090
0.245148
0.240274
0.068920
0.211818
0.284291
0.074824
0.383213
0.220348
0.224504
0.066800
0.278465
0.127064
0.204002
0.305592
0.478224
0.375260
0.026931
0.251641
0.048364
0.222872
0.294399
0.197058
0.095320
0.033957
0.239637
0.308758
0.254845
0.257699
0.144321
0.318225
0.064484
0.207026
0.103312
0.242240
0.396825
0.287087
0.050640
0.256670
0.047753
0.356500
0.456792
0.032889
0.260159
0.172392
0.011554
0.029098
0.275331
0.279193
0.073146
0.333142
0.048822
0.142792
0.380463
0.079231
0.134047
0.238440
0.260948
0.008088
0.204172
0.353912
0.066643
0.225470
0.015499
0.250490
0.170130
0.092248
0.298848
0.192031
0.226553
0.373709
0.273058
0.328797
0.071296
0.082063
0.354380
0.264089
0.201963
0.219909
0.402285
0.005246
0.378494
0.321379
0.317979
0.101862
0.136881
0.277333
0.453416
0.069971
0.250231
0.358389
0.034153
0.042103
0.485397
0.165960
0.451217
0.172676
0.072839
0.225180
0.237122
0.246064
0.089964
0.299923
0.424786
0.295701
0.145673
0.146493
0.264599
0.020625
0.450622
0.359529
0.185472
0.071335
0.357151
0.301214
0.495248
0.272343
0.148267
0.201281
0.386164
0.085127
0.240919
0.220215
0.365515
0.119773
0.426661
0.176427
0.316140
0.088410
0.242348
0.146324
0.383601
0.093980
0.377454
0.075381
0.062236
0.118284
0.248890
0.238754
0.344407
0.018697
0.272765
0.295721
0.014611
0.231279
0.311359
0.061179
0.164159
0.367303
0.055795
0.300344
0.160886
0.399674
0.181977
0.168923
0.116541
0.228085
0.038294
0.149858
0.169723
0.061588
0.022104
0.163563
0.062943
0.054333
0.145288
0.001732
0.501356
0.169145
0.152876
0.194831
0.075253
0.224191
0.381654
0.015585
0.411773
0.040368
0.125520
0.115015
0.274995
0.747728
0.418576
0.096275
0.354971
0.075783
0.134430
0.393852
0.531419
0.052631
0.190519
0.173724
0.033761
0.119094
0.095240
0.319282
0.532320
0.471276
0.161182
0.217317
0.249300
0.207970
0.323898
0.209938
0.351175
0.265843
0.194148
0.318713
0.173028
0.060361
0.590522
0.267055
0.093282
0.051580
0.073131
0.401828
0.192858
0.380993
0.252785
0.098500
0.471454
0.354713
0.351681
0.036618
0.216712
0.370096
0.194302
0.077817
0.044155
0.261756
0.089715
0.102890
0.343693
0.354523
0.312500
0.528453
0.181477
0.133802
0.309442
0.035514
0.148907
0.456509
0.585570
0.238393
0.194891
0.157539
0.131782
0.019566
0.225803
0.075553
0.430085
0.083659
0.240460
0.566044
0.187791
0.152764
0.281598
0.316093
0.294795
0.004379
0.626784
0.028031
0.555712
0.153078
0.036285
0.275739
0.026656
0.472863
0.246292
0.303231
0.008489
0.060383
0.214215
0.004450
0.254518
0.427679
0.404267
0.024682
0.151402
0.199000
0.569334
0.410421
0.013674
0.273113
0.162129
0.252174
0.463963
0.226056
0.045534
0.286641
0.278484
0.132670
0.002928
0.607919
0.157575
0.231479
0.011195
0.429815
0.582651
0.019806
0.098446
0.010916
0.373153
0.374198
0.383760
0.289637
0.553497
0.020439
0.097678
0.231585
0.100392
0.525657
0.220588
0.120892
0.483493
0.046072
0.311923
0.421311
0.223045
0.325592
0.230199
0.213193
0.179950
0.254468
0.296464
0.027235
0.316097
0.037364
0.307573
0.247225
0.544593
0.358178
0.378874
0.209351
0.462315
0.402333
0.139452
0.003255
0.602964
0.086304
0.309868
0.343565
0.280547
0.385174
0.374577
0.025906
0.287156
0.102336
0.191548
0.281886
0.227473
0.315682
0.110076
0.315743
0.423284
0.689906
0.152783
0.479096
0.171172
0.117046
0.150433
0.437363
0.221824
0.267806
0.109622
0.025194
0.056463
0.428963
0.116794
0.154346
0.030641
0.219641
0.298154
0.310228
0.021571
0.240602
0.013067
0.119877
0.011384
0.024827
0.554033
0.120569
0.267698
0.242242
0.331877
0.382807
0.240350
0.439428
0.148224
0.050889
0.080484
0.047735
0.626976
0.088243
0.536495
0.070616
0.058489
0.508150
0.098979
0.387295
0.165228
0.014719
0.490253
0.095060
0.273014
0.108555
0.226994
0.155316
0.228165
0.310238
0.538774
0.008429
0.002770
0.087877
0.676557
0.132357
0.221126
0.274663
0.111724
0.471636
0.288534
0.274523
0.197275
0.191204
0.232630
0.272410
0.073040
0.132481
0.159483
0.618186
0.446100
0.262937
0.251564
0.584201
0.093653
0.175665
0.427439
0.419173
0.263832
0.578364
0.073669
0.478484
0.516593
0.243041
0.118331
0.020050
0.512121
0.449495
0.147266
0.341076
0.318990
0.099507
0.229044
0.338692
0.201320
0.216949
0.286734
0.396417
0.136108
0.498678
0.507689
0.469389
0.071196
0.395084
0.053941
0.175525
0.013883
0.015182
0.231289
0.022693
0.183532
0.321926
0.233888
0.022338
0.019394
0.326712
0.034368
0.126622
0.580520
0.139528
0.182079
0.487688
0.378568
0.088559
0.384349
0.463420
0.100283
0.301129
0.100869
0.471020
0.344337
0.245060
0.164859
0.409248
0.411870
0.052776
0.128684
0.195970
0.450697
0.085317
0.112731
0.362985
0.029310
0.229021
0.098617
0.594825
0.249496
0.313218
0.095536
0.370990
0.224955
0.184740
0.067004
0.612583
0.153031
0.383726
0.369324
0.148948
0.000328
0.327293
0.307642
0.180016
0.030811
0.518518
0.325494
0.153586
0.273974
0.510174
0.325006
0.121532
0.540465
0.446803
0.096304
0.077267
0.563147
0.006835
0.026960
0.185419
0.033162
0.261982
0.329356
0.434300
0.091492
0.029176
0.341869
0.182185
0.380012
0.196022
0.508148
0.293990
0.333590
0.513705
0.138610
0.208614
0.124579
0.134332
0.076989
0.281265
0.007487
0.122577
0.129378
0.130699
0.179912
0.742399
0.324441
0.060314
0.056305
0.175758
0.420647
0.139418
0.192369
0.044018
0.003397
0.579227
0.217911
0.546304
0.320379
0.341153
0.257247
0.302868
0.432674
0.326864
0.135357
0.367714
0.153578
0.231179
0.576144
0.305122
0.085048
0.023317
0.016179
0.271325
0.303103
0.605145
0.268245
0.077765
0.093614
0.113066
0.306743
0.252242
0.095728
0.138328
0.401147
0.093225
0.366788
0.474268
0.096477
0.034726
0.176166
0.397373
0.096191
0.404327
0.246981
0.163421
0.279869
0.093954
0.468053
0.334466
0.035190
0.438905
0.202164
0.176654
0.493915
0.221024
0.024784
0.153133
0.228520
0.711708
0.180517
0.106891
0.024699
0.009742
0.241764
0.434768
0.430284
0.150902
0.209216
0.528250
0.118805
0.094976
0.015598
0.011181
0.298143
0.546165
0.225560
0.098790
0.289685
0.119375
0.202848
0.132550
0.063344
0.175831
0.395246
0.377832
0.033387
0.090936
0.051959
0.211812
0.104815
0.422461
0.050466
0.220122
0.045489
0.163205
0.184408
0.382500
0.218870
0.462953
0.141116
0.397541
0.336674
0.523107
0.376942
0.210087
0.155172
0.080575
0.304509
0.104331
0.293870
0.272195
0.316168
0.114854
0.617082
0.221108
0.362002
0.216679
0.488763
0.338776
0.264518
0.151269
0.172434
0.611959
0.595226
0.169101
0.428107
0.103106
0.378655
0.505071
0.453612
0.311241
0.055621
0.214049
0.013050
0.048729
0.200883
0.532829
0.595794
0.182773
0.067376
0.172568
0.117434
0.295948
0.103197
0.407538
0.083127
0.248284
0.072149
0.356615
0.020985
0.307469
0.394821
0.053194
0.120078
0.275422
0.191691
0.152565
0.356864
0.206720
0.384022
0.296292
0.469107
0.224292
0.301960
0.433986
0.089766
0.055297
0.380195
0.114505
0.414885
0.388551
0.689787
0.275458
0.029587
0.429361
0.384193
0.051267
0.141878
0.020847
0.179381
0.304910
0.525694
0.308740
0.128044
0.235605
0.066334
0.283422
0.164331
0.120567
0.234633
0.534174
0.189004
0.348328
0.114196
0.011128
0.421280
0.150459
0.088412
0.228005
0.012251
0.291159
0.330516
0.376014
0.327118
0.003396
0.243639
0.427261
0.044689
0.323356
0.287862
0.383973
0.021718
0.406258
0.360356
0.275023
0.355403
0.278429
0.238482
0.426894
0.299689
0.688268
0.075189
0.035066
0.160135
0.102836
0.090048
0.363372
0.072746
0.029200
0.076489
0.449660
0.154631
0.175443
0.217154
0.435282
0.133766
0.147945
0.189964
0.310296
0.162381
0.446283
0.070847
0.128078
0.524056
0.303425
0.138426
0.116759
0.342197
0.195088
0.412691
0.374682
0.214507
0.298732
0.202584
0.413402
0.141770
0.211392
0.075581
0.360655
0.127717
0.328920
0.096413
0.146262
0.150545
0.612472
0.128273
0.297002
0.230032
0.457435
0.184109
0.175393
0.369658
0.160209
0.029911
0.193616
0.239688
0.523194
0.041856
0.119347
0.055706
0.355431
0.258495
0.262749
0.220737
0.177402
0.057340
0.144357
0.080156
0.155921
0.401137
0.141443
0.699357
0.463980
0.014211
0.472373
0.306709
0.045338
0.201423
0.052336
0.322199
0.050072
0.368473
0.028735
0.320495
0.543341
0.160075
0.460474
0.136871
0.371412
0.128623
0.221330
0.168109
0.191524
0.187064
0.238498
0.062343
0.081360
0.292210
0.451545
0.330674
0.346761
0.251082
0.187075
0.032631
0.124878
0.238955
0.493838
0.164010
0.239690
0.338529
0.293414
0.593940
0.210142
0.044954
0.320749
0.043282
0.072281
0.301398
0.286111
0.022310
0.139862
0.407913
0.343242
0.207452
0.293891
0.344032
0.123353
0.099235
0.473492
0.122199
0.129798
0.413376
0.250244
0.003066
0.227568
0.814620
0.095204
0.042081
0.274415
0.085534
0.157024
0.238933
0.069060
0.433313
0.044551
0.250773
0.246735
0.409571
0.031125
0.322900
0.323501
0.279591
0.094926
0.200271
0.531783
0.004703
0.280443
0.135045
0.507134
0.140859
0.028095
0.310166
0.199544
0.014771
0.445389
0.210153
0.229861
0.389157
0.278471
0.290773
0.013294
0.146414
0.347382
0.614233
0.445299
0.502702
0.299529
0.258254
0.484254
0.637713
0.404217
0.258847
0.328050
0.353237
0.178412
0.614391
0.213878
0.123331
0.238691
0.137824
0.438192
0.101683
0.337449
0.103497
0.019162
0.315808
0.485018
0.115283
0.146154
0.281937
0.018785
0.011129
0.093917
0.324320
0.451669
0.000348
0.026855
0.215341
0.160311
0.270174
0.297414
0.002287
0.186781
0.296860
0.582793
0.197104
0.306654
0.157204
0.272841
0.082346
0.375859
0.314591
0.078512
0.189344
0.006244
0.188590
0.499235
0.678451
0.251568
0.428533
0.746253
0.110512
0.173033
0.052705
0.026127
0.338791
0.086419
0.306204
0.156771
0.333919
0.068881
0.047175
0.330319
0.283253
0.001879
0.157625
0.143205
0.350924
0.033357
0.252290
0.076171
0.492867
0.139497
0.375720
0.021912
0.425961
0.114924
0.015492
0.117028
0.104054
0.508491
0.531112
0.143177
0.229374
0.439223
0.019659
0.200113
0.036848
0.613793
0.070808
0.128411
0.400063
0.230101
0.211647
0.422959
0.573702
0.471527
0.072746
0.203544
0.552201
0.017902
0.173095
0.106177
0.260799
0.607559
0.008000
0.239640
0.286251
0.117697
0.163884
0.350936
0.038415
0.264104
0.168400
0.323740
0.171660
0.411937
0.289531
0.008604
0.483350
0.159030
0.262617
0.169314
0.329507
0.084672
0.324078
0.305260
0.574130
0.602044
0.049811
0.210415
0.091107
0.278723
0.283062
0.122093
0.391581
0.079922
0.226782
0.293044
0.191792
0.418162
0.105782
0.308884
0.169213
0.109207
0.168360
0.295885
0.578492
0.271120
0.301628
0.259585
0.107733
0.448803
0.676702
0.150121
0.215682
0.154410
0.008913
0.075313
0.192127
0.365051
0.194557
0.397418
0.202493
0.310426
0.509518
0.046501
0.062768
0.209102
0.160021
0.042654
0.208368
0.428447
0.178833
0.187114
0.018302
0.254145
0.228233
0.162183
0.291214
0.078661
0.538360
0.577922
0.268157
0.397136
0.173794
0.144990
0.364143
0.233135
0.324464
0.144864
0.483650
0.028011
0.596148
0.396018
0.340831
0.222231
0.002207
0.273306
0.628656
0.237843
0.147898
0.448326
0.056340
0.129523
0.690897
0.040067
0.611013
0.043286
0.166334
0.225888
0.226726
0.209124
0.196945
0.349981
0.586260
0.325823
0.270196
0.051140
0.244316
0.003418
0.572438
0.514695
0.101424
0.170047
0.402812
0.338684
0.724020
0.214870
0.282062
0.129450
0.492242
0.246953
0.180294
0.178585
0.421468
0.245073
0.561711
0.123026
0.313513
0.183881
0.245129
0.290275
0.487959
0.075336
0.453128
0.118418
0.124131
0.246451
0.213156
0.231963
0.415633
0.035525
0.311068
0.263687
0.058748
0.208491
0.330516
0.139663
0.061100
0.458419
0.065902
0.388806
0.315790
0.521677
0.325117
0.084801
0.260532
0.193315
0.074292
0.009053
0.355627
0.140742
0.073301
0.035462
0.143437
0.212732
0.297824
0.030569
0.596747
0.152056
0.144868
0.243531
0.012176
0.315201
0.408961
0.037175
0.471629
0.178508
0.167650
0.267273
0.380893
0.878475
0.551807
0.069496
0.362850
0.096538
0.288754
0.376113
0.648950
0.049560
0.152669
0.333925
0.188080
0.065126
0.154574
0.380693
0.570749
0.652421
0.195945
0.165852
0.312171
0.334067
0.310939
0.313462
0.328432
0.339242
0.190226
0.340894
0.082574
0.025162
0.679837
0.337935
0.138192
0.163600
0.100614
0.360220
0.234632
0.384715
0.368652
0.145591
0.486004
0.382015
0.427598
0.066494
0.286453
0.484306
0.253085
0.051933
0.078959
0.275820
0.018894
0.064615
0.401206
0.404252
0.472681
0.643998
0.177787
0.117372
0.396205
0.002228
0.311544
0.560038
0.673100
0.298613
0.197929
0.267575
0.206287
0.011779
0.362333
0.254356
0.464216
0.005350
0.339429
0.707520
0.140345
0.128587
0.305641
0.325220
0.350618
0.055886
0.703991
0.036373
0.656914
0.083675
0.001456
0.283224
0.019339
0.587230
0.254537
0.332491
0.088317
0.004972
0.176501
0.144970
0.304373
0.480079
0.620688
0.074998
0.127996
0.276448
0.675135
0.437333
0.127757
0.336863
0.208421
0.381491
0.554465
0.242859
0.045626
0.342665
0.383971
0.046758
0.005335
0.654621
0.189356
0.296300
0.110544
0.589849
0.664711
0.142053
0.052084
0.020886
0.392687
0.414723
0.419687
0.373244
0.594474
0.016906
0.058430
0.198228
0.133044
0.566438
0.264116
0.164267
0.517235
0.008032
0.396756
0.469807
0.171360
0.377803
0.239439
0.242687
0.121978
0.264045
0.328026
0.056552
0.343292
0.055372
0.274173
0.303603
0.620337
0.415549
0.361778
0.186897
0.439369
0.479331
0.141390
0.046330
0.720258
0.039881
0.346439
0.325898
0.402568
0.545458
0.410373
0.142096
0.360957
0.029692
0.184094
0.334296
0.165501
0.353362
0.158698
0.220661
0.419557
0.716795
0.155718
0.570595
0.151901
0.207867
0.047193
0.527751
0.133509
0.293346
0.003138
0.026503
0.070686
0.465556
0.095510
0.072238
0.051119
0.195264
0.323996
0.342937
0.098250
0.258323
0.095793
0.135177
0.033347
0.077922
0.650700
0.103642
0.288512
0.304841
0.271790
0.548867
0.189833
0.483488
0.244622
0.017853
0.202151
0.034207
0.700273
0.135691
0.671367
0.064270
0.103767
0.597367
0.033087
0.489697
0.092405
0.020165
0.558298
0.267346
0.352883
0.295026
0.212562
0.017881
0.343802
0.386277
0.552330
0.058973
0.045689
0.255622
0.816465
0.124744
0.134134
0.357053
0.239837
0.548301
0.283642
0.285413
0.196088
0.352342
0.319799
0.259702
0.138899
0.068015
0.070704
0.641890
0.521918
0.391726
0.370407
0.746019
0.036266
0.154182
0.535648
0.587003
0.253073
0.667665
0.162104
0.676789
0.561175
0.335955
0.269142
0.076069
0.587410
0.440487
0.068911
0.511411
0.358641
0.232444
0.322887
0.435248
0.193547
0.385564
0.260918
0.450548
0.258729
0.545699
0.568356
0.579098
0.109043
0.499836
0.022937
0.243877
0.051535
0.081991
0.251729
0.097480
0.198397
0.418479
0.237406
0.125131
0.044060
0.413098
0.024445
0.165429
0.659405
0.211296
0.136018
0.495164
0.454677
0.144039
0.367407
0.479154
0.166180
0.345793
0.133034
0.533911
0.437707
0.377461
0.227442
0.499286
0.532308
0.020522
0.139097
0.301735
0.481487
0.051926
0.034797
0.433495
0.004748
0.210008
0.229697
0.686774
0.282990
0.507709
0.032921
0.371296
0.192952
0.223734
0.233275
0.751801
0.194242
0.413104
0.314573
0.305818
0.084249
0.496812
0.297529
0.289551
0.119995
0.641561
0.279053
0.148058
0.248515
0.592038
0.488297
0.201249
0.627118
0.442988
0.207235
0.176401
0.707747
0.069475
0.043067
0.380365
0.013641
0.333308
0.346262
0.544465
0.153719
0.074956
0.314400
0.197265
0.434363
0.247214
0.571999
0.469226
0.465968
0.665001
0.315699
0.251736
0.137534
0.088409
0.181674
0.303755
0.089063
0.059109
0.195350
0.203362
0.290515
0.839772
0.359089
0.137416
0.044196
0.132879
0.509392
0.116841
0.294717
0.105313
0.013380
0.645161
0.283295
0.792473
0.362205
0.331592
0.392769
0.368249
0.389920
0.375216
0.113578
0.497320
0.125805
0.268621
0.678901
0.304862
0.014658
0.079052
0.019347
0.244085
0.439738
0.665565
0.355750
0.186756
0.177324
0.186943
0.345494
0.277646
0.097969
0.127705
0.432338
0.048246
0.499708
0.522354
0.228300
0.087813
0.295504
0.446277
0.030836
0.560161
0.251173
0.250644
0.323943
0.008019
0.557440
0.450384
0.033155
0.524829
0.166415
0.167749
0.660289
0.373412
0.050324
0.336956
0.351911
0.708253
0.331058
0.107006
0.044915
0.021752
0.390892
0.498820
0.504280
0.085521
0.235506
0.614153
0.176942
0.035915
0.095979
0.053346
0.327132
0.568193
0.302578
0.069631
0.350288
0.078560
0.272482
0.112964
0.055800
0.132265
0.431757
0.476711
0.108906
0.107811
0.051307
0.252619
0.193832
0.525355
0.118978
0.308469
0.039262
0.170829
0.303182
0.431890
0.325586
0.539658
0.170218
0.412772
0.466879
0.586497
0.460305
0.158797
0.047321
0.168846
0.303650
0.190641
0.413510
0.246658
0.452056
0.188533
0.621858
0.308682
0.332772
0.294355
0.582363
0.346957
0.249209
0.236809
0.195035
0.737537
0.744876
0.197116
0.509361
0.178162
0.393313
0.664973
0.635302
0.208171
0.182950
0.342621
0.009512
0.225674
0.234379
0.592027
0.635731
0.160754
0.090020
0.236597
0.099854
0.345645
0.064369
0.499811
0.167791
0.234722
0.090816
0.536928
0.027704
0.403256
0.476512
0.030233
0.148113
0.241521
0.182241
0.178392
0.413569
0.135257
0.501206
0.343201
0.500252
0.335138
0.327946
0.445425
0.052689
0.136079
0.441860
0.224963
0.483354
0.601154
0.723589
0.291758
0.185102
0.585057
0.379654
0.065676
0.101828
0.150712
0.093187
0.341711
0.629528
0.403806
0.164896
0.207906
0.000461
0.360895
0.313876
0.169471
0.360881
0.654439
0.236418
0.399179
0.135369
0.019217
0.491939
0.155854
0.176788
0.254224
0.059993
0.330156
0.310053
0.440640
0.460953
0.037698
0.161657
0.489521
0.116808
0.385759
0.361364
0.421997
0.062102
0.525977
0.385699
0.276152
0.490020
0.225627
0.219412
0.487480
0.372209
0.780161
0.113060
0.073751
0.222610
0.090828
0.071181
0.352898
0.027145
0.116335
0.046355
0.547899
0.241808
0.229568
0.314754
0.499566
0.078135
0.086141
0.241137
0.403349
0.221974
0.480508
0.053642
0.062490
0.717884
0.451217
0.141140
0.109163
0.529793
0.306539
0.486455
0.420139
0.312125
0.340892
0.163714
0.399001
0.147691
0.203382
0.089873
0.447995
0.082956
0.313117
0.190547
0.090536
0.202712
0.686003
0.257470
0.232908
0.302645
0.590892
0.185921
0.229131
0.439608
0.118910
0.154445
0.171305
0.310957
0.699373
0.064743
0.267627
0.124856
0.368019
0.268440
0.254406
0.388742
0.059566
0.037993
0.178376
0.162583
0.282056
0.469036
0.340372
0.832858
0.556480
0.077088
0.541781
0.272123
0.039909
0.198856
0.160726
0.364731
0.042514
0.347104
0.049194
0.410617
0.719495
0.110335
0.642202
0.180268
0.454709
0.294727
0.219345
0.254195
0.133280
0.193581
0.246189
0.177276
0.036562
0.284478
0.555221
0.300155
0.444467
0.212501
0.250593
0.088840
0.064438
0.355388
0.578184
0.116526
0.240065
0.410303
0.281432
0.635139
0.322687
0.071652
0.340493
0.052442
0.221065
0.354397
0.201281
0.013129
0.047885
0.458429
0.429853
0.215239
0.280487
0.375805
0.135274
0.011214
0.528732
0.071787
0.161599
0.486866
0.213397
0.005542
0.217632
0.938021
0.083141
0.057300
0.317245
0.049325
0.172364
0.250079
0.082876
0.399932
0.192264
0.224020
0.365105
0.518850
0.016187
0.325456
0.416381
0.235553
0.083401
0.326332
0.474136
0.038364
0.307087
0.086341
0.623575
0.051952
0.049775
0.337466
0.319570
0.156415
0.443735
0.314236
0.227051
0.431069
0.314949
0.316035
0.085041
0.143492
0.415973
0.716748
0.657118
0.641893
0.283728
0.325487
0.567091
0.676966
0.448928
0.332405
0.461500
0.354312
0.189913
0.655457
0.276233
0.187446
0.304800
0.204927
0.513291
0.082053
0.416973
0.022052
0.035657
0.299375
0.522968
0.187320
0.100219
0.374350
0.113801
0.144469
0.126809
0.313523
0.516183
0.010550
0.150470
0.242372
0.047754
0.283849
0.309377
0.075359
0.179881
0.288049
0.685886
0.243965
0.273159
0.118312
0.284871
0.038110
0.425392
0.369622
0.129500
0.180088
0.041374
0.242940
0.620099
0.714413
0.336383
0.503704
0.788455
0.117111
0.247580
0.017650
0.010072
0.268996
0.013467
0.395035
0.181035
0.479823
0.067317
0.215418
0.422520
0.311830
0.154959
0.188107
0.181434
0.336366
0.098861
0.207136
0.019609
0.565605
0.197872
0.357064
0.127629
0.461652
0.161370
0.147574
0.103446
0.182555
0.610872
0.656448
0.086010
0.209176
0.401032
0.052922
0.162691
0.158152
0.710380
0.085080
0.126503
0.485763
0.296702
0.332688
0.492655
0.699640
0.573680
0.064595
0.073880
0.685691
0.046176
0.199034
0.166182
0.397832
0.651714
0.108078
0.334355
0.254138
0.163520
0.316665
0.394265
0.074708
0.302364
0.086970
0.356328
0.238110
0.534816
0.302388
0.027285
0.550614
0.135135
0.284413
0.263587
0.392710
0.244969
0.343821
0.326185
0.557317
0.795804
0.047478
0.195697
0.071165
0.299137
0.233305
0.073334
0.552656
0.134903
0.236414
0.262416
0.186435
0.555771
0.058576
0.275498
0.224044
0.079149
0.195797
0.292973
0.796246
0.253715
0.437123
0.274408
0.155503
0.509484
0.768662
0.235847
0.186408
0.143970
0.016346
0.107949
0.134522
0.419392
0.396828
0.444204
0.346052
0.445061
0.604980
0.031918
0.156088
0.219425
0.098576
0.115662
0.221966
0.477408
0.303041
0.107458
0.015135
0.316981
0.267884
0.319091
0.273555
0.003281
0.725729
0.684338
0.284480
0.461513
0.293446
0.344560
0.269845
0.204572
0.390391
0.115650
0.463545
0.006813
0.673372
0.531494
0.341282
0.299388
0.106919
0.303877
0.692679
0.308631
0.042592
0.503169
0.105588
0.248245
0.814609
0.082751
0.633511
0.017038
0.208652
0.240896
0.254875
0.204243
0.261102
0.337044
0.656661
0.432907
0.352289
0.010897
0.206128
0.010578
0.619370
0.641169
0.049882
0.286711
0.433609
0.336222
0.824180
0.147616
0.383066
0.047942
0.551492
0.372597
0.219102
0.138031
0.384416
0.366512
0.610538
0.078543
0.290654
0.250450
0.259330
0.363934
0.567713
0.216409
0.481549
0.101302
0.239411
0.285210
0.185490
0.206444
0.415257
0.005594
0.291921
0.223515
0.134084
0.176915
0.371409
0.184526
0.052852
0.527935
0.070907
0.430650
0.412134
0.536916
0.364387
0.058052
0.391205
0.166407
0.114389
0.130479
0.455348
0.258156
0.112332
0.054373
0.205341
0.456969
0.416981
0.004970
0.562974
0.179441
0.187885
0.261983
0.014764
0.288380
0.349391
0.009643
0.532361
0.192485
0.110316
0.363765
0.428579
0.825008
0.546758
0.101590
0.315549
0.145363
0.292743
0.263604
0.647044
0.057493
0.126189
0.427361
0.271220
0.086174
0.189163
0.407161
0.531178
0.672509
0.307084
0.106457
0.370141
0.279250
0.328809
0.335295
0.314981
0.425186
0.219641
0.375817
0.029021
0.007741
0.672564
0.421234
0.200260
0.195683
0.123670
0.253491
0.306928
0.358724
0.438492
0.138441
0.487943
0.383972
0.457724
0.053207
0.389992
0.642943
0.263382
0.099005
0.153206
0.254759
0.111481
0.098621
0.489572
0.436852
0.555823
0.726406
0.178932
0.035914
0.480646
0.017912
0.394011
0.657902
0.692963
0.329067
0.267828
0.318084
0.390695
0.082783
0.443574
0.346241
0.456994
0.018206
0.402650
0.745572
0.123280
0.082217
0.315082
0.342314
0.389090
0.126832
0.628619
0.097214
0.656580
0.072587
0.007814
0.258224
0.131093
0.676905
0.278632
0.368999
0.168635
0.034663
0.098611
0.232997
0.383940
0.506041
0.725842
0.121292
0.138097
0.315857
0.624168
0.412869
0.209486
0.479811
0.230677
0.395269
0.630211
0.310838
0.062425
0.346809
0.411283
0.070190
0.036575
0.592428
0.211540
0.356385
0.163406
0.735002
0.747663
0.215401
0.026530
0.044470
0.418136
0.428284
0.420341
0.442809
0.544069
0.029057
0.031354
0.248099
0.072201
0.592133
0.274259
0.142577
0.484935
0.019607
0.369650
0.467142
0.078833
0.417646
0.215609
0.207799
0.054603
0.263474
0.353392
0.040424
0.346426
0.118339
0.250257
0.310469
0.551093
0.426040
0.294593
0.195288
0.379701
0.523456
0.133799
0.089231
0.793731
0.037578
0.310002
0.259459
0.397607
0.693323
0.432166
0.190074
0.419391
0.060204
0.226099
0.394053
0.119719
0.347837
0.134938
0.084887
0.383222
0.604208
0.098228
0.597614
0.192483
0.269644
0.026425
0.623736
0.034518
0.333647
0.080424
0.091013
0.106365
0.457386
0.114679
0.017162
0.109353
0.176712
0.325570
0.311484
0.108867
0.253941
0.153326
0.210405
0.006507
0.120760
0.618739
0.105324
0.328883
0.344738
0.208072
0.629354
0.200101
0.498572
0.278345
0.036041
0.279069
0.069678
0.658451
0.191566
0.706591
0.079853
0.117342
0.568576
0.038999
0.489345
0.013811
0.047987
0.563293
0.371285
0.473417
0.374417
0.127743
0.135825
0.518448
0.428690
0.489748
0.061792
0.075865
0.342656
0.781208
0.091158
0.080603
0.341892
0.280789
0.577513
0.301907
0.257921
0.193071
0.440161
0.380588
0.206067
0.162467
0.059657
0.017554
0.578725
0.582965
0.394855
0.339378
0.758197
0.036226
0.122806
0.597875
0.686518
0.272110
0.685233
0.195416
0.788206
0.489566
0.461564
0.286887
0.132626
0.513868
0.406014
0.038896
0.548387
0.311754
0.239936
0.381918
0.398962
0.240627
0.448388
0.205322
0.457401
0.353516
0.486175
0.572174
0.586833
0.129139
0.542267
0.075998
0.258646
0.005760
0.040812
0.261109
0.177475
0.254029
0.414579
0.290590
0.211615
0.023545
0.520749
0.113802
0.223150
0.677373
0.213857
0.059815
0.452852
0.499305
0.162285
0.365538
0.474251
0.232619
0.378130
0.188953
0.627349
0.485888
0.410199
0.325712
0.505380
0.565849
0.087827
0.123757
0.407090
0.397622
0.087791
0.038274
0.504636
0.069196
0.266678
0.282216
0.735601
0.305998
0.627684
0.030808
0.292612
0.141146
0.253226
0.305687
0.814601
0.204020
0.446184
0.232265
0.361465
0.184227
0.534061
0.333526
0.406468
0.182221
0.643633
0.236298
0.119973
0.175590
0.639263
0.548010
0.225114
0.662317
0.436190
0.233061
0.226833
0.680773
0.089478
0.031130
0.481463
0.148746
0.326120
0.346464
0.595290
0.164789
0.101250
0.228986
0.199430
0.476680
0.247288
0.584524
0.553261
0.517841
0.787965
0.404027
0.306411
0.175328
0.077666
0.127165
0.309712
0.104422
0.045003
0.133538
0.244174
0.240090
0.823455
0.345189
0.200376
0.055400
0.016902
0.597962
0.123446
0.299113
0.116223
0.028707
0.568628
0.334963
0.842014
0.334958
0.306826
0.477161
0.328399
0.336105
0.388820
0.171546
0.576924
0.153813
0.246369
0.647239
0.313795
0.008471
0.110839
0.023873
0.209558
0.493679
0.568425
0.470038
0.276195
0.196059
0.263178
0.355737
0.279077
0.053258
0.092916
0.459347
0.051110
0.518335
0.569643
0.233486
0.102763
0.390864
0.506838
0.006573
0.621352
0.299370
0.329793
0.361331
0.027981
0.616045
0.414624
0.000076
0.601668
0.169114
0.122128
0.653490
0.371241
0.048363
0.472346
0.457471
0.504768
0.401782
0.119832
0.014586
0.015644
0.428721
0.511007
0.485217
0.034823
0.219423
0.559646
0.193140
0.053301
0.112735
0.054822
0.324488
0.474775
0.314857
0.023367
0.311665
0.059711
0.330385
0.129805
0.051070
0.137903
0.425036
0.504698
0.114457
0.203225
0.090049
0.288269
0.262031
0.615832
0.163196
0.382433
0.003990
0.231153
0.316004
0.451198
0.315676
0.504180
0.177079
0.350908
0.504197
0.580105
0.483742
0.118854
0.042577
0.249908
0.273326
0.201550
0.456634
0.220932
0.538283
0.162263
0.524484
0.372168
0.277498
0.312644
0.558745
0.307845
0.202656
0.229116
0.218200
0.733562
0.739182
0.177305
0.497096
0.153720
0.365029
0.714077
0.679259
0.114755
0.209287
0.342952
0.009613
0.334897
0.306542
0.522479
0.507231
0.166371
0.064613
0.238847
0.100475
0.419601
0.040252
0.496861
0.167191
0.171710
0.106780
0.630819
0.014742
0.459460
0.524118
0.097752
0.182149
0.212639
0.118267
0.237723
0.476512
0.086138
0.619266
0.432827
0.416434
0.374996
0.352193
0.388392
0.066572
0.172253
0.518858
0.309909
0.370591
0.697965
0.595918
0.205906
0.296860
0.683393
0.331319
0.085943
0.050158
0.226909
0.010352
0.364281
0.602308
0.423353
0.173171
0.156093
0.031734
0.413885
0.455723
0.251140
0.451241
0.676869
0.226829
0.426535
0.198700
0.065273
0.491273
0.198492
0.222143
0.286966
0.039074
0.410391
0.239967
0.485333
0.517425
0.047767
0.075160
0.497529
0.112713
0.420085
0.412278
0.527633
0.092796
0.495652
0.359034
0.235568
0.487805
0.106159
0.198478
0.455082
0.367376
0.739462
0.162106
0.186384
0.281777
0.115781
0.047670
0.297136
0.008223
0.197371
0.119269
0.501190
0.327713
0.336727
0.354119
0.503369
0.038677
0.018255
0.266397
0.475012
0.292124
0.454341
0.148818
0.012697
0.856136
0.401410
0.207337
0.026935
0.600471
0.452607
0.486426
0.521299
0.406185
0.465309
0.149006
0.364592
0.182600
0.197185
0.098585
0.505130
0.035323
0.231531
0.258124
0.106788
0.258445
0.695762
0.369944
0.189938
0.406096
0.607457
0.211631
0.217347
0.500056
0.140352
0.261634
0.191226
0.302859
0.676733
0.184471
0.326917
0.138647
0.408426
0.223972
0.257849
0.460519
0.005021
0.061239
0.190073
0.245459
0.369214
0.542835
0.449897
0.737745
0.638577
0.047283
0.535369
0.192421
0.016442
0.157062
0.212187
0.386407
0.033568
0.235219
0.107301
0.374433
0.851314
0.089196
0.753569
0.139403
0.528966
0.459057
0.241337
0.356381
0.121494
0.194966
0.249001
0.291324
0.009907
0.312809
0.503354
0.267164
0.575682
0.176991
0.299389
0.121457
0.032065
0.442770
0.622147
0.119490
0.178227
0.520320
0.210145
0.614247
0.415624
0.193944
0.338556
0.081033
0.282207
0.417351
0.174957
0.021274
0.015112
0.444192
0.491598
0.239668
0.291222
0.402171
0.140577
0.088213
0.539107
0.052996
0.108065
0.499832
0.150018
0.034669
0.255219
0.811440
0.055275
0.037058
0.333478
0.036588
0.211825
0.327791
0.054267
0.339680
0.316044
0.204887
0.387704
0.573783
0.015672
0.255744
0.409511
0.176262
0.142407
0.415028
0.317880
0.024126
0.315690
0.013574
0.656341
0.043281
0.013115
0.334606
0.393574
0.238333
0.366915
0.402422
0.237826
0.400353
0.367518
0.324913
0.176842
0.060547
0.460419
0.770764
0.734981
0.654938
0.320165
0.277331
0.547633
0.589778
0.371628
0.410163
0.535939
0.336284
0.210617
0.592134
0.391303
0.258854
0.301353
0.219916
0.494425
0.129996
0.447577
0.167408
0.047837
0.220322
0.523007
0.141753
0.098439
0.346684
0.178456
0.224695
0.106867
0.298125
0.567361
0.081683
0.281293
0.185636
0.022591
0.236718
0.307156
0.164188
0.216336
0.261684
0.693342
0.261488
0.236586
0.143131
0.312697
0.033163
0.390932
0.370435
0.177440
0.213580
0.060730
0.237542
0.593433
0.577832
0.312441
0.520371
0.692652
0.203508
0.284863
0.038380
0.064891
0.170486
0.087448
0.456963
0.181062
0.569673
0.110435
0.324068
0.378562
0.339364
0.261499
0.327016
0.139410
0.296407
0.089595
0.164261
0.055461
0.556964
0.295943
0.290139
0.167440
0.398703
0.095423
0.279344
0.148899
0.245665
0.644441
0.703775
0.106486
0.156649
0.307023
0.070045
0.096309
0.243930
0.698369
0.089877
0.156002
0.534583
0.364318
0.361222
0.528349
0.721392
0.615142
0.042197
0.077521
0.696600
0.098535
0.260791
0.314106
0.459884
0.535038
0.144399
0.370275
0.325538
0.169846
0.343782
0.442646
0.139662
0.373802
0.087367
0.327539
0.268178
0.525599
0.393169
0.013925
0.546294
0.213519
0.299533
0.360058
0.436544
0.291632
0.285366
0.349687
0.536727
0.924947
0.071067
0.197696
0.028708
0.263920
0.202283
0.091433
0.582341
0.187849
0.339772
0.205862
0.219903
0.595570
0.001489
0.286357
0.249277
0.127598
0.141137
0.240400
0.908713
0.298969
0.430155
0.329075
0.220035
0.548132
0.741249
0.267838
0.247567
0.150723
0.053119
0.112178
0.129299
0.421847
0.514222
0.454561
0.358749
0.505637
0.636121
0.052390
0.162816
0.237226
0.091904
0.139867
0.241950
0.489419
0.330901
0.130321
0.021130
0.428336
0.266137
0.399247
0.277359
0.030826
0.734729
0.594802
0.369898
0.508335
0.339511
0.394542
0.153165
0.162397
0.390388
0.133327
0.549034
0.015406
0.625269
0.677211
0.348245
0.317075
0.199308
0.357973
0.705328
0.268221
0.045909
0.538884
0.156773
0.301774
0.806184
0.144984
0.549699
0.005428
0.248261
0.274854
0.362909
0.274728
0.256522
0.255576
0.615469
0.561450
0.370848
0.036811
0.220402
0.042642
0.596131
0.704283
0.052054
0.379177
0.425124
0.294529
0.789733
0.120463
0.452891
0.029726
0.621892
0.458596
0.306862
0.119072
0.355128
0.467806
0.544279
0.062003
0.227525
0.226601
0.300448
0.334127
0.566237
0.282251
0.417143
0.088041
0.290883
0.311338
0.222491
0.176714
0.302635
0.067442
0.265841
0.185882
0.175410
0.132669
0.333060
0.145181
0.101187
0.522137
0.054153
0.409184
0.479155
0.453448
0.286524
0.082737
0.436098
0.149141
0.119834
0.232848
0.447606
0.312156
0.099957
0.112712
0.216767
0.606566
0.468054
0.043851
0.423223
0.231735
0.282922
0.207011
0.063244
0.185038
0.196901
0.108883
0.573414
0.104824
0.002499
0.414607
0.421248
0.696508
0.533716
0.213961
0.266094
0.242953
0.195814
0.122569
0.596072
0.078728
0.160158
0.459295
0.299507
0.147610
0.230161
0.353715
0.539667
0.636069
0.376342
0.070507
0.407115
0.139748
0.381592
0.299580
0.333574
0.466803
0.247911
0.397791
0.056239
0.004752
0.612827
0.470091
0.265049
0.204529
0.066320
0.098971
0.397088
0.357920
0.425561
0.116754
0.505795
0.355605
0.411271
0.017026
0.532564
0.735342
0.218633
0.221041
0.194039
0.261933
0.195362
0.171430
0.502806
0.376926
0.524057
0.666248
0.176854
0.080679
0.512333
0.032742
0.402765
0.648125
0.583106
0.326570
0.354777
0.364125
0.564794
0.163978
0.403793
0.363502
0.434198
0.011561
0.443657
0.716007
0.126197
0.075035
0.290133
0.310057
0.391949
0.204782
0.482618
0.136255
0.502598
0.061955
0.093323
0.263370
0.200368
0.671250
0.298875
0.401330
0.269293
0.005745
0.017514
0.270381
0.412182
0.487054
0.697719
0.128439
0.212300
0.310943
0.456329
0.377340
0.177439
0.683350
0.233377
0.267593
0.613537
0.397717
0.072033
0.360432
0.335102
0.149101
0.048784
0.508160
0.247662
0.389857
0.119271
0.780900
0.743303
0.174936
0.031094
0.161538
0.449216
0.459822
0.387727
0.423305
0.341498
0.022549
0.053464
0.305864
0.001779
0.592410
0.275537
0.111794
0.499636
0.035153
0.351599
0.387171
0.003800
0.382578
0.137796
0.138460
0.017695
0.246828
0.332116
0.061031
0.371738
0.171722
0.240503
0.199525
0.381272
0.427880
0.223486
0.214749
0.247632
0.551243
0.120821
0.089891
0.736554
0.016186
0.231883
0.201817
0.313566
0.779413
0.493608
0.191988
0.380813
0.125654
0.267435
0.388850
0.155656
0.267975
0.131568
0.059980
0.372744
0.379210
0.034802
0.554458
0.240714
0.258302
0.027211
0.645520
0.044261
0.405036
0.096693
0.115500
0.013906
0.379177
0.095638
0.032863
0.193856
0.119945
0.314908
0.275021
0.042732
0.201517
0.102426
0.264006
0.062136
0.139090
0.522826
0.189876
0.341160
0.388688
0.222301
0.599843
0.210124
0.468305
0.310244
0.089480
0.263611
0.026993
0.525219
0.191499
0.684200
0.134166
0.092893
0.543961
0.074781
0.482847
0.006567
0.051973
0.465390
0.393436
0.531117
0.364910
0.005020
0.302636
0.552321
0.464336
0.408786
0.026961
0.091707
0.333129
0.644202
0.027672
0.009677
0.300582
0.187739
0.632167
0.296702
0.228558
0.256468
0.467591
0.374134
0.181901
0.138931
0.024164
0.044705
0.458638
0.580574
0.378826
0.286917
0.702295
0.072788
0.107096
0.528438
0.731073
0.274678
0.602859
0.134016
0.685521
0.380868
0.490179
0.209360
0.185160
0.366610
0.324301
0.028179
0.447968
0.342755
0.137161
0.378984
0.309973
0.339322
0.480682
0.201888
0.393830
0.385434
0.373219
0.552768
0.554156
0.110404
0.504608
0.126023
0.210884
0.105461
0.039247
0.345386
0.148500
0.258545
0.382932
0.323554
0.219787
0.063506
0.613679
0.161868
0.266899
0.607753
0.213098
0.004863
0.378957
0.489355
0.212928
0.339960
0.407135
0.292994
0.376358
0.256885
0.725404
0.444886
0.391578
0.417300
0.433530
0.513916
0.210022
0.134985
0.474348
0.241022
0.191403
0.157172
0.572431
0.064201
0.324410
0.219317
0.715509
0.308369
0.582370
0.076225
0.189767
0.088875
0.259415
0.249463
0.764399
0.181853
0.423595
0.207505
0.254478
0.292935
0.425069
0.293336
0.511491
0.151437
0.557918
0.161235
0.055083
0.166123
0.622177
0.529492
0.089865
0.602412
0.415519
0.081083
0.221306
0.559739
0.028565
0.018432
0.436427
0.345690
0.352900
0.346951
0.577520
0.154161
0.087525
0.109080
0.140296
0.492861
0.260045
0.498594
0.509995
0.449740
0.808942
0.451728
0.261655
0.309545
0.081642
0.052229
0.308499
0.012407
0.063535
0.009071
0.188481
0.126716
0.678774
0.274130
0.242268
0.154754
0.081363
0.663895
0.193344
0.286281
0.080637
0.060382
0.403202
0.353273
0.768603
0.329877
0.366856
0.472143
0.287211
0.253452
0.454348
0.224271
0.540135
0.183384
0.199543
0.476130
0.370868
0.017433
0.109796
0.001119
0.177401
0.493399
0.339401
0.429121
0.322160
0.136143
0.317357
0.359255
0.264522
0.015190
0.080604
0.380885
0.139560
0.405743
0.500304
0.106249
0.060141
0.372699
0.543714
0.014183
0.604869
0.357239
0.342273
0.353230
0.099314
0.647378
0.324688
0.030524
0.533021
0.222769
0.105638
0.514758
0.285178
0.020086
0.506682
0.481671
0.311693
0.427614
0.065876
0.075751
0.051183
0.368447
0.500562
0.465752
0.001869
0.187852
0.483533
0.204439
0.108200
0.050208
0.039404
0.264466
0.347752
0.324687
0.046706
0.260211
0.001103
0.307631
0.161593
0.049778
0.205242
0.412290
0.417478
0.042294
0.343117
0.089329
0.332153
0.311269
0.655958
0.154729
0.421613
0.026082
0.251996
0.213680
0.462279
0.199874
0.412984
0.156371
0.261319
0.446734
0.517506
0.438855
0.046027
0.048060
0.311930
0.252507
0.125804
0.429992
0.231336
0.545916
0.125873
0.426225
0.343572
0.245868
0.331925
0.474180
0.289835
0.176237
0.119330
0.246321
0.710208
0.629985
0.191351
0.391127
0.082464
0.391609
0.579340
0.657070
0.098354
0.193326
0.314337
0.020167
0.276130
0.363790
0.362890
0.344325
0.190548
0.024358
0.234246
0.122967
0.465750
0.048125
0.433540
0.126808
0.032931
0.162133
0.662347
0.007419
0.419094
0.419612
0.090208
0.175042
0.217349
0.020129
0.283972
0.492795
0.083790
0.576550
0.512388
0.295678
0.333623
0.357054
0.244153
0.139490
0.160928
0.639641
0.374225
0.185993
0.636721
0.407674
0.129901
0.363085
0.681888
0.291635
0.083219
0.042356
0.197688
0.063885
0.418678
0.528451
0.401541
0.175303
0.134676
0.045264
0.407056
0.495255
0.371327
0.389439
0.570985
0.170870
0.388714
0.295891
0.056488
0.420006
0.277331
0.256117
0.318547
0.057676
0.504290
0.193370
0.523371
0.463826
0.097303
0.034410
0.472547
0.044999
0.516841
0.420348
0.616636
0.091775
0.389465
0.245715
0.160255
0.393955
0.037832
0.153436
0.350664
0.320521
0.604385
0.260290
0.279313
0.254563
0.193508
0.043784
0.201011
0.018640
0.223596
0.278745
0.341809
0.376731
0.471834
0.335628
0.432161
0.060398
0.007725
0.244074
0.568489
0.264473
0.441728
0.212921
0.055234
0.846374
0.173002
0.279839
0.109146
0.571444
0.526106
0.488642
0.612949
0.491150
0.555669
0.135433
0.339895
0.230211
0.255729
0.115092
0.506134
0.079215
0.144503
0.186187
0.164223
0.265286
0.616195
0.437913
0.208383
0.425485
0.480559
0.239109
0.184838
0.481632
0.176288
0.293771
0.239870
0.250898
0.511565
0.207179
0.263397
0.146399
0.425330
0.165567
0.328321
0.465549
0.043826
0.006969
0.185696
0.354073
0.350474
0.551521
0.416226
0.528364
0.655651
0.084252
0.479642
0.171933
0.081222
0.141312
0.189036
0.416394
0.015037
0.142709
0.111168
0.233751
0.827833
0.132154
0.694048
0.143262
0.559335
0.589784
0.241780
0.397992
0.103134
0.324388
0.285577
0.342438
0.001927
0.381116
0.373883
0.304093
0.674880
0.154585
0.348345
0.113628
0.021237
0.496502
0.536381
0.149618
0.005524
0.591486
0.090518
0.529700
0.405614
0.235264
0.351487
0.084076
0.258723
0.471125
0.166482
0.010352
0.036689
0.478869
0.476892
0.318230
0.351065
0.436600
0.094348
0.103643
0.525677
0.053253
0.003282
0.447660
0.161431
0.117326
0.332067
0.572260
0.006600
0.028362
0.327161
0.132329
0.253215
0.424691
0.007948
0.169606
0.369689
0.262072
0.311574
0.526381
0.017957
0.263389
0.340312
0.085377
0.253925
0.424768
0.187289
0.054169
0.313502
0.006515
0.558745
0.029878
0.028313
0.293776
0.346283
0.272339
0.322461
0.468544
0.262579
0.283976
0.366513
0.328816
0.244707
0.061317
0.422177
0.678633
0.649490
0.551522
0.341678
0.219490
0.504901
0.466962
0.233104
0.456535
0.438771
0.336458
0.244980
0.456081
0.511385
0.375356
0.283816
0.187028
0.429247
0.279044
0.444815
0.233323
0.087467
0.107164
0.522618
0.117909
0.116699
0.329838
0.172232
0.184230
0.043905
0.305471
0.593249
0.106845
0.314098
0.159638
0.026398
0.155749
0.326457
0.231503
0.308336
0.242312
0.640990
0.251575
0.160028
0.205385
0.322622
0.085075
0.366117
0.297653
0.194755
0.274423
0.062304
0.216533
0.486049
0.336681
0.239647
0.473224
0.510821
0.300029
0.289470
0.019497
0.123484
0.139369
0.104923
0.479074
0.133733
0.582869
0.189334
0.275506
0.258839
0.369923
0.230263
0.446447
0.144173
0.324613
0.017576
0.150368
0.028137
0.541511
0.331849
0.257705
0.090503
0.304056
0.003685
0.339880
0.239130
0.288436
0.589641
0.669726
0.198231
0.097541
0.263471
0.002185
0.032921
0.278764
0.577883
0.053503
0.179979
0.516522
0.385985
0.314098
0.550355
0.592975
0.613853
0.075251
0.182513
0.635954
0.139621
0.340763
0.414364
0.500411
0.367977
0.103154
0.361521
0.437433
0.191528
0.293514
0.488534
0.223247
0.377617
0.131169
0.234198
0.199028
0.453447
0.422658
0.009170
0.485482
0.280139
0.276057
0.409765
0.424374
0.262552
0.144091
0.319725
0.518216
0.869062
0.108177
0.211655
0.000173
0.175280
0.182507
0.121771
0.530726
0.255397
0.500109
0.098696
0.295690
0.482423
0.011415
0.270754
0.229185
0.193967
0.079354
0.177485
0.758380
0.353570
0.357880
0.404510
0.279715
0.543596
0.611703
0.227051
0.298666
0.172214
0.092112
0.081908
0.180399
0.439435
0.570292
0.394162
0.277594
0.529131
0.619372
0.033670
0.107109
0.215188
0.150536
0.175973
0.257978
0.450211
0.252833
0.170762
0.005562
0.463778
0.205333
0.382522
0.279885
0.022037
0.580340
0.444563
0.403436
0.492975
0.279037
0.334956
0.052935
0.126665
0.304064
0.209065
0.581781
0.106338
0.486550
0.722133
0.315011
0.298572
0.251420
0.385356
0.682943
0.124772
0.057613
0.590557
0.212695
0.251800
0.688392
0.154348
0.416829
0.111158
0.293633
0.311751
0.500942
0.378533
0.220562
0.188616
0.465773
0.704847
0.312661
0.031330
0.283380
0.034944
0.571358
0.688107
0.105772
0.376960
0.419998
0.268595
0.627414
0.130380
0.475205
0.082936
0.633992
0.469573
0.450352
0.075926
0.311093
0.477725
0.427539
0.071146
0.230276
0.124715
0.338492
0.259313
0.463268
0.245588
0.310947
0.067118
0.332061
0.288389
0.288972
0.144646
0.079440
0.153757
0.232159
0.193985
0.191858
0.098483
0.292124
0.018404
0.136570
0.470505
0.067966
0.309339
0.464359
0.338752
0.121519
0.135958
0.446423
0.147981
0.116940
0.258984
0.387236
0.290393
0.065828
0.107130
0.171767
0.641551
0.453172
0.113451
0.258945
0.281487
0.382055
0.197914
0.089717
0.009655
0.045002
0.241257
0.635521
0.041999
0.125436
0.388871
0.380912
0.549039
0.509122
0.344553
0.235663
0.249981
0.063446
0.023816
0.489844
0.064675
0.228304
0.378750
0.240428
0.260463
0.236849
0.264218
0.499728
0.562353
0.430408
0.040114
0.413807
0.001707
0.492608
0.215095
0.363967
0.507243
0.279974
0.392091
0.052818
0.020274
0.529819
0.459486
0.251843
0.144086
0.009893
0.029869
0.525236
0.342320
0.357331
0.077036
0.508907
0.296712
0.388391
0.043008
0.616202
0.766723
0.130110
0.365620
0.181792
0.284525
0.181756
0.231584
0.461690
0.265428
0.412645
0.519058
0.140170
0.212289
0.500353
0.093452
0.343664
0.537817
0.465414
0.322580
0.443224
0.315637
0.653812
0.226458
0.235606
0.314414
0.414303
0.053968
0.358558
0.604630
0.114209
0.074890
0.262547
0.260201
0.366845
0.260679
0.328720
0.131205
0.322844
0.107061
0.175888
0.255782
0.232961
0.566104
0.321839
0.401061
0.332926
0.064842
0.061118
0.221781
0.440409
0.399370
0.590444
0.096745
0.293417
0.232319
0.239294
0.312983
0.117064
0.761429
0.230574
0.114753
0.493626
0.443208
0.033406
0.344864
0.226710
0.186677
0.011256
0.374684
0.231098
0.416661
0.009920
0.763334
0.686866
0.019712
0.044614
0.277664
0.447546
0.460498
0.374550
0.375613
0.088466
0.004097
0.109461
0.359595
0.116471
0.550599
0.237917
0.104021
0.484594
0.004143
0.317208
0.293173
0.058891
0.329799
0.075092
0.050519
0.032807
0.293981
0.299267
0.218048
0.378900
0.238472
0.292329
0.110411
0.212545
0.441950
0.227248
0.254080
0.143926
0.536430
0.126007
0.068078
0.592263
0.064183
0.137899
0.202316
0.183237
0.767918
0.541794
0.117326
0.274302
0.127906
0.288002
0.389012
0.227035
0.271041
0.163592
0.176896
0.394210
0.200803
0.022614
0.410335
0.314708
0.200698
0.065192
0.590340
0.090088
0.498559
0.097847
0.110127
0.107363
0.278999
0.076577
0.034844
0.294766
0.093451
0.274563
0.225045
0.010244
0.179843
0.010079
0.258208
0.127709
0.134135
0.393089
0.302809
0.347993
0.371134
0.309207
0.497327
0.335104
0.438188
0.309574
0.106547
0.143168
0.059175
0.374774
0.213617
0.578126
0.216191
0.021275
0.498915
0.138654
0.411243
0.056080
0.017262
0.341076
0.303543
0.508805
0.252549
0.049282
0.357169
0.427931
0.415293
0.341111
0.026843
0.080947
0.279748
0.420113
0.025964
0.008941
0.196964
0.028901
0.666577
0.285466
0.172373
0.287274
0.419216
0.288928
0.134079
0.080453
0.039814
0.096554
0.354155
0.493184
0.343191
0.222953
0.497417
0.156620
0.104015
0.405553
0.632215
0.277164
0.525002
0.016028
0.455979
0.307688
0.475295
0.066090
0.213519
0.185185
0.244559
0.108932
0.284843
0.370510
0.038181
0.278551
0.233070
0.428646
0.394314
0.184663
0.293274
0.399901
0.233432
0.502395
0.468824
0.036121
0.424338
0.206571
0.113094
0.274272
0.171202
0.404720
0.014358
0.262310
0.270739
0.355535
0.206672
0.121732
0.595181
0.218801
0.286654
0.506913
0.227893
0.084290
0.325828
0.409732
0.239013
0.330506
0.328766
0.369341
0.317654
0.279880
0.788399
0.256285
0.291720
0.399503
0.363393
0.396435
0.348333
0.133967
0.516421
0.089819
0.320155
0.350884
0.554560
0.018669
0.441305
0.109247
0.652746
0.276061
0.405397
0.083779
0.074304
0.113393
0.105744
0.107248
0.571939
0.097122
0.306012
0.255122
0.048731
0.314100
0.225016
0.272920
0.479498
0.056675
0.422909
0.069496
0.005578
0.156099
0.589729
0.478309
0.106187
0.428848
0.424654
0.111703
0.170580
0.335959
0.033305
0.037659
0.249789
0.623371
0.296033
0.353865
0.419877
0.064306
0.016679
0.027462
0.044372
0.487508
0.255825
0.379884
0.374502
0.313740
0.723752
0.411903
0.146594
0.416377
0.107213
0.252012
0.297238
0.121269
0.140706
0.216283
0.063627
0.007542
0.490147
0.185388
0.217793
0.246460
0.112072
0.621933
0.233597
0.215994
0.008222
0.139769
0.299428
0.267372
0.573358
0.308941
0.419103
0.409715
0.224398
0.244294
0.497838
0.346769
0.427485
0.214720
0.140718
0.281771
0.470397
0.030832
0.060589
0.055571
0.162889
0.400263
0.070577
0.347818
0.347632
0.022440
0.352359
0.331227
0.241385
0.026531
0.021924
0.291478
0.270950
0.223597
0.347049
0.114132
0.013909
0.320411
0.575058
0.005498
0.459407
0.385954
0.321921
0.330713
0.226152
0.550954
0.193935
0.112734
0.374069
0.268013
0.088768
0.312400
0.135056
0.069574
0.471361
0.459866
0.241030
0.404381
0.038969
0.197340
0.126265
0.228085
0.445013
0.400282
0.040488
0.141773
0.393644
0.173833
0.190206
0.044166
0.037529
0.160681
0.235732
0.316294
0.106871
0.225894
0.045684
0.283005
0.197609
0.077527
0.286595
0.387617
0.282919
0.086061
0.462423
0.023687
0.371069
0.268451
0.673587
0.085514
0.363641
0.008529
0.263123
0.091357
0.368396
0.013747
0.326504
0.095816
0.180737
0.294679
0.375415
0.343762
0.051600
0.027229
0.423998
0.269927
0.032967
0.347496
0.242192
0.458964
0.044687
0.303849
0.265006
0.223578
0.327580
0.360912
0.226357
0.178929
0.071764
0.235743
0.586068
0.438074
0.207755
0.255235
0.060148
0.390899
0.380163
0.557889
0.190489
0.133296
0.205674
0.009915
0.147350
0.441968
0.170008
0.110843
0.188701
0.017702
0.263140
0.201582
0.436844
0.064330
0.236821
0.021176
0.072186
0.186378
0.592154
0.047771
0.320182
0.234965
0.051824
0.140728
0.231996
0.037670
0.308277
0.411257
0.162447
0.442885
0.589363
0.136087
0.239248
0.332705
0.123393
0.212209
0.083306
0.711393
0.376641
0.031352
0.460790
0.219271
0.078667
0.303706
0.559009
0.308001
0.042100
0.083474
0.072579
0.199017
0.493234
0.445148
0.333877
0.134488
0.134323
0.134084
0.369411
0.381058
0.457981
0.199293
0.431775
0.064520
0.323477
0.356692
0.031843
0.300283
0.340212
0.232074
0.350160
0.178330
0.551367
0.183906
0.543216
0.326516
0.149936
0.050002
0.437196
0.030380
0.627269
0.415337
0.604147
0.086378
0.273135
0.160147
0.100711
0.263557
0.027187
0.081931
0.281082
0.224168
0.331377
0.352047
0.344627
0.155520
0.222225
0.118311
0.130320
0.111837
0.188252
0.470859
0.147126
0.350795
0.617275
0.249476
0.312187
0.084057
0.050731
0.230414
0.599894
0.207240
0.387723
0.216645
0.081517
0.642056
0.114667
0.341097
0.227821
0.487164
0.596468
0.437773
0.640765
0.470253
0.606692
0.193220
0.320771
0.201011
0.278073
0.108334
0.470685
0.151373
0.102431
0.024953
0.236018
0.210784
0.501111
0.450552
0.266267
0.386812
0.330716
0.288809
0.173574
0.427581
0.227276
0.314774
0.347913
0.165046
0.228400
0.172575
0.063611
0.190500
0.408948
0.110693
0.443727
0.409094
0.134281
0.150360
0.137200
0.353353
0.293046
0.437554
0.292939
0.226416
0.569408
0.256117
0.402233
0.217363
0.166674
0.134893
0.125383
0.431773
0.014605
0.046526
0.040543
0.054373
0.663811
0.171819
0.516084
0.189677
0.543659
0.647855
0.280766
0.333737
0.157743
0.398754
0.340833
0.220999
0.005065
0.474904
0.195651
0.418589
0.663525
0.212309
0.407971
0.036624
0.093814
0.446461
0.439242
0.217496
0.146095
0.577549
0.000031
0.449160
0.285382
0.241026
0.383448
0.054824
0.155024
0.461082
0.198966
0.018232
0.000646
0.471361
0.396724
0.379221
0.422924
0.475565
0.064293
0.041984
0.490349
0.118426
0.117392
0.375623
0.221178
0.194753
0.462109
0.315268
0.064459
0.117048
0.277562
0.227495
0.299501
0.532906
0.016934
0.089176
0.396889
0.397086
0.156770
0.341942
0.000282
0.252139
0.182145
0.022779
0.382343
0.419276
0.069330
0.035672
0.367315
0.008235
0.372095
0.095826
0.083573
0.241221
0.227928
0.229981
0.266482
0.484084
0.268086
0.128630
0.310524
0.355272
0.235074
0.140198
0.413280
0.537953
0.440595
0.361851
0.349999
0.118853
0.332276
0.333776
0.048975
0.554148
0.278873
0.364391
0.266993
0.303082
0.524885
0.468418
0.279246
0.117327
0.341276
0.449372
0.384193
0.247157
0.076981
0.030973
0.469217
0.037551
0.183987
0.350323
0.022287
0.041683
0.025579
0.303946
0.550979
0.106162
0.230660
0.129542
0.178177
0.020972
0.326082
0.226744
0.419130
0.249411
0.528067
0.239862
0.124577
0.277862
0.291774
0.072737
0.333072
0.144618
0.166139
0.327868
0.013213
0.217844
0.378440
0.144892
0.049399
0.391930
0.300326
0.396675
0.215678
0.035677
0.142547
0.150237
0.051516
0.416962
0.103921
0.477054
0.249982
0.118365
0.101329
0.415481
0.131359
0.532144
0.132695
0.379636
0.075859
0.214973
0.124477
0.534784
0.321535
0.256018
0.037070
0.224419
0.062705
0.347800
0.357565
0.256517
0.530767
0.539365
0.292192
0.052344
0.292005
0.080248
0.011352
0.254024
0.387998
0.041202
0.203067
0.452705
0.478148
0.262652
0.550593
0.451144
0.572986
0.113586
0.248962
0.482861
0.165169
0.374735
0.412573
0.455846
0.220647
0.008992
0.285977
0.625597
0.200488
0.109412
0.490208
0.299785
0.315371
0.249575
0.176478
0.093955
0.303515
0.393922
0.089327
0.375463
0.321970
0.315528
0.372798
0.319252
0.157748
0.050422
0.338593
0.516219
0.618730
0.119683
0.219858
0.035540
0.088048
0.202394
0.177373
0.341376
0.299331
0.651972
0.028333
0.347124
0.250612
0.057046
0.316896
0.189266
0.273228
0.021004
0.134092
0.472843
0.449317
0.213900
0.433499
0.326535
0.449611
0.423246
0.153004
0.347096
0.204746
0.122665
0.071130
0.246253
0.392812
0.585164
0.329585
0.178915
0.507563
0.563750
0.046291
0.025480
0.210370
0.195437
0.149108
0.276938
0.399159
0.146432
0.318017
0.071559
0.401534
0.139021
0.305987
0.295847
0.093222
0.385059
0.307687
0.334657
0.423563
0.138538
0.167178
0.052487
0.151319
0.167992
0.270328
0.537003
0.111841
0.256152
0.676962
0.291318
0.240791
0.233635
0.387506
0.638732
0.030574
0.005526
0.582213
0.239546
0.158169
0.503994
0.092303
0.329464
0.325987
0.325398
0.315673
0.597576
0.506166
0.141608
0.135787
0.364158
0.700298
0.136095
0.074114
0.366922
0.028807
0.493803
0.603115
0.162449
0.267737
0.331015
0.232052
0.424268
0.170376
0.393903
0.095195
0.576326
0.465909
0.521552
0.072759
0.284412
0.312485
0.300830
0.153111
0.264166
0.017130
0.357170
0.181295
0.332247
0.124679
0.194421
0.044017
0.308487
0.294201
0.403206
0.116394
0.206389
0.204428
0.211167
0.234747
0.170690
0.038247
0.200094
0.160880
0.057569
0.423692
0.077027
0.192100
0.358811
0.220783
0.040517
0.194772
0.353887
0.137841
0.120414
0.189812
0.255140
0.218112
0.031682
0.074055
0.054509
0.529897
0.386609
0.131654
0.030489
0.328465
0.499433
0.115589
0.082549
0.151525
0.053811
0.350347
0.658939
0.235120
0.205583
0.249179
0.279584
0.367787
0.386341
0.450002
0.225852
0.208743
0.018444
0.091202
0.331241
0.060825
0.305630
0.231987
0.182340
0.379925
0.221379
0.208781
0.464898
0.445102
0.460753
0.015356
0.422557
0.161043
0.629080
0.121260
0.430113
0.433600
0.223416
0.368897
0.048183
0.093160
0.357110
0.395195
0.180713
0.039145
0.073155
0.217877
0.600738
0.366578
0.226789
0.018558
0.459816
0.260876
0.406962
0.133046
0.676813
0.683216
0.065745
0.493482
0.191072
0.381002
0.139436
0.250536
0.453065
0.164492
0.183138
0.347298
0.112211
0.306535
0.396094
0.126244
0.195634
0.387182
0.331270
0.232087
0.478817
0.130332
0.577439
0.248396
0.055324
0.224695
0.447424
0.164904
0.209429
0.492828
0.126004
0.146679
0.222369
0.216273
0.303542
0.242391
0.217107
0.138384
0.163653
0.148898
0.302687
0.246129
0.216169
0.407981
0.359623
0.341366
0.332124
0.150131
0.170666
0.166352
0.408591
0.288690
0.457879
0.011613
0.383169
0.065184
0.023935
0.245295
0.048006
0.686923
0.244736
0.077304
0.416352
0.450260
0.024124
0.349029
0.087495
0.128814
0.080890
0.214164
0.228711
0.408713
0.146540
0.656113
0.630284
0.216080
0.026498
0.352374
0.390221
0.446472
0.277948
0.291014
0.155161
0.015107
0.178471
0.449529
0.192375
0.469366
0.216204
0.071848
0.427600
0.066435
0.260911
0.179870
0.068142
0.276806
0.002952
0.055873
0.034936
0.294260
0.305070
0.379468
0.388428
0.279057
0.372677
0.030821
0.068209
0.430365
0.285593
0.270149
0.010872
0.518342
0.113645
0.030964
0.414336
0.056831
0.046824
0.255280
0.050380
0.673437
0.509677
0.018362
0.181253
0.087171
0.269025
0.350426
0.308988
0.307484
0.110504
0.221770
0.396345
0.058510
0.065547
0.277804
0.361967
0.090529
0.206270
0.455559
0.108915
0.615219
0.056786
0.103927
0.214380
0.241363
0.078921
0.058079
0.381678
0.041608
0.224318
0.196569
0.090645
0.190517
0.145719
0.241424
0.212209
0.064852
0.327910
0.428373
0.342556
0.412013
0.407850
0.371833
0.449363
0.398740
0.247225
0.075726
0.096395
0.198685
0.233358
0.159261
0.427641
0.195763
0.075317
0.423219
0.215277
0.368323
0.161077
0.039025
0.227834
0.133459
0.519651
0.067021
0.096012
0.263990
0.198572
0.352191
0.316187
0.119972
0.068829
0.153411
0.253777
0.055338
0.023595
0.150706
0.123670
0.645718
0.262396
0.119598
0.306093
0.321785
0.235127
0.147283
0.011363
0.101412
0.147572
0.237711
0.349003
0.278692
0.109705
0.340602
0.287237
0.166323
0.195829
0.511318
0.290922
0.387280
0.187777
0.153098
0.211525
0.346638
0.100542
0.225702
0.033337
0.174721
0.228619
0.091733
0.340374
0.180842
0.116372
0.191749
0.505546
0.317846
0.199030
0.194156
0.370165
0.174391
0.523443
0.344509
0.001975
0.285293
0.249327
0.031076
0.441583
0.331838
0.379949
0.097046
0.234788
0.184915
0.307351
0.084428
0.220914
0.469888
0.155192
0.238726
0.463363
0.279700
0.190972
0.273183
0.341417
0.299642
0.309899
0.249135
0.390945
0.293955
0.360956
0.682771
0.098349
0.187050
0.342793
0.294877
0.258080
0.453337
0.169281
0.471695
0.065143
0.435423
0.573885
0.505783
0.046591
0.488030
0.086502
0.588500
0.222500
0.187674
0.086715
0.039360
0.118998
0.071223
0.103905
0.319986
0.007267
0.205543
0.369787
0.165555
0.304545
0.036937
0.199509
0.400392
0.103627
0.282235
0.082038
0.011579
0.209052
0.459426
0.408247
0.342556
0.225295
0.407880
0.340516
0.057940
0.122364
0.192541
0.106328
0.011593
0.797425
0.152387
0.357053
0.260909
0.063694
0.165675
0.045241
0.047196
0.424087
0.289280
0.253687
0.212171
0.122046
0.584048
0.318373
0.059633
0.463548
0.189541
0.476121
0.315151
0.254516
0.220567
0.430147
0.064615
0.170231
0.293114
0.169854
0.147489
0.296015
0.125595
0.540388
0.307992
0.116846
0.114947
0.160307
0.266367
0.163556
0.322939
0.264290
0.483916
0.252530
0.127902
0.307957
0.520190
0.448097
0.296078
0.289452
0.138910
0.119491
0.464993
0.118163
0.026977
0.064881
0.176782
0.330113
0.164044
0.255881
0.339538
0.113378
0.350560
0.309292
0.189124
0.043726
0.015036
0.234795
0.393456
0.012929
0.191652
0.352840
0.075498
0.161002
0.538125
0.000240
0.275475
0.387621
0.318394
0.325523
0.321041
0.389675
0.022968
0.123590
0.221933
0.302880
0.130403
0.054456
0.007852
0.157101
0.317029
0.435865
0.186275
0.307555
0.155647
0.353173
0.214489
0.056543
0.342738
0.363468
0.066507
0.116578
0.304769
0.155184
0.219195
0.140247
0.003302
0.112201
0.150316
0.344371
0.129961
0.170669
0.057416
0.255741
0.305813
0.165804
0.338339
0.348713
0.039692
0.197499
0.444518
0.062642
0.351677
0.151763
0.594370
0.056413
0.305292
0.046030
0.237368
0.066791
0.240481
0.104290
0.167505
0.015567
0.138621
0.130976
0.192303
0.201991
0.133895
0.151703
0.481911
0.300595
0.096625
0.245943
0.247904
0.377908
0.017332
0.210986
0.158534
0.185556
0.267484
0.175764
0.230375
0.187716
0.247389
0.170121
0.467104
0.233636
0.241053
0.058990
0.020345
0.473086
0.272616
0.440655
0.287971
0.040186
0.107410
0.028666
0.040012
0.474185
0.075161
0.095346
0.184004
0.123365
0.269484
0.282515
0.358661
0.104862
0.071922
0.077684
0.193977
0.222339
0.449686
0.049776
0.159759
0.047461
0.053123
0.095239
0.258291
0.027717
0.304099
0.289346
0.262332
0.308010
0.579664
0.063040
0.186157
0.262007
0.014937
0.280927
0.020284
0.669743
0.302451
0.149960
0.254662
0.054764
0.037693
0.131774
0.401668
0.317669
0.019278
0.056788
0.078308
0.390656
0.569760
0.347251
0.216272
0.046839
0.187231
0.279070
0.369412
0.205649
0.530489
0.032489
0.225842
0.024734
0.244546
0.384446
0.002510
0.156699
0.368081
0.121012
0.412720
0.331231
0.519035
0.198642
0.516801
0.122607
0.209160
0.079029
0.385042
0.121532
0.660898
0.378148
0.509973
0.064296
0.124983
0.098364
0.079998
0.081286
0.010859
0.027062
0.183938
0.135742
0.064618
0.428259
0.262640
0.029604
0.258095
0.239582
0.137680
0.221344
0.076493
0.641881
0.003605
0.320656
0.703734
0.136525
0.230114
0.157973
0.060518
0.176110
0.560054
0.146659
0.353599
0.175179
0.050047
0.338659
0.400133
0.373953
0.329881
0.310241
0.593264
0.375022
0.626323
0.401610
0.531145
0.231738
0.297982
0.209092
0.344928
0.086769
0.397466
0.253213
0.141584
0.141998
0.297053
0.115968
0.366398
0.398028
0.360347
0.359346
0.210363
0.312219
0.120370
0.358900
0.260371
0.271742
0.470593
0.069642
0.004009
0.042597
0.140496
0.171665
0.400189
0.149184
0.534034
0.275352
0.255002
0.343439
0.034998
0.306565
0.142140
0.368421
0.088712
0.143596
0.420995
0.397677
0.368154
0.263455
0.239375
0.177456
0.006832
0.398607
0.096902
0.006341
0.057798
0.040184
0.466501
0.276318
0.227189
0.213779
0.528168
0.530769
0.335671
0.255331
0.146108
0.479528
0.404741
0.065742
0.032005
0.520571
0.025630
0.510362
0.596299
0.320848
0.469030
0.087425
0.186239
0.354548
0.319819
0.228938
0.224865
0.487736
0.025536
0.334834
0.137406
0.220557
0.340322
0.067548
0.015511
0.425376
0.227495
0.052304
0.085104
0.457525
0.250800
0.427101
0.488778
0.547496
0.015333
0.062522
0.387352
0.169013
0.189055
0.317301
0.264815
0.261510
0.535137
0.136996
0.098322
0.154844
0.260643
0.243232
0.353604
0.613324
0.047821
0.014432
0.334643
0.494626
0.007219
0.154379
0.019194
0.303019
0.055897
0.009519
0.494689
0.276867
0.041610
0.021332
0.393635
0.088761
0.160819
0.114560
0.059614
0.193395
0.099384
0.138158
0.255034
0.389257
0.235744
0.010489
0.220952
0.356672
0.159398
0.175798
0.321328
0.399930
0.259867
0.151387
0.296805
0.003670
0.202076
0.168366
0.070479
0.628584
0.065650
0.370107
0.309333
0.230956
0.428720
0.544572
0.251032
0.075149
0.226385
0.561784
0.291499
0.162357
0.075148
0.106065
0.415893
0.040873
0.251276
0.345994
0.152894
0.206067
0.022112
0.315337
0.401767
0.128705
0.038394
0.099655
0.358525
0.049936
0.365192
0.163069
0.503788
0.254190
0.434966
0.194288
0.131282
0.318130
0.251312
0.012240
0.280967
0.008216
0.092871
0.341054
0.045712
0.149135
0.185672
0.028977
0.042306
0.254403
0.117985
0.497966
0.096811
0.109371
0.150011
0.227149
0.028674
0.327059
0.067470
0.386136
0.254453
0.102083
0.023731
0.442463
0.025398
0.513190
0.118712
0.414430
0.155811
0.257957
0.273898
0.520932
0.287621
0.270727
0.199486
0.185724
0.094049
0.258144
0.428420
0.212142
0.508173
0.450724
0.392395
0.041797
0.373590
0.211691
0.013926
0.218013
0.163285
0.141285
0.211119
0.388107
0.548307
0.179149
0.511063
0.247269
0.508689
0.177290
0.238206
0.346941
0.232383
0.377839
0.416962
0.307715
0.071383
0.115915
0.206209
0.722110
0.186356
0.070356
0.452001
0.364134
0.284035
0.388655
0.140964
0.025532
0.132464
0.369722
0.157831
0.251966
0.309095
0.318009
0.301276
0.210862
0.012550
0.051627
0.375135
0.551756
0.337861
0.084091
0.249232
0.027382
0.049600
0.240334
0.238851
0.124588
0.303873
0.746506
0.080274
0.402154
0.045402
0.139376
0.310061
0.121563
0.305496
0.074544
0.100089
0.136506
0.477559
0.022481
0.451786
0.334585
0.366135
0.236178
0.063313
0.331073
0.282157
0.092915
0.029351
0.347718
0.342268
0.416606
0.374213
0.011946
0.418036
0.470565
0.013307
0.167415
0.244973
0.320721
0.084752
0.256350
0.339883
0.029404
0.395220
0.145449
0.257607
0.052455
0.135075
0.377864
0.210957
0.113053
0.163871
0.182186
0.366860
0.025007
0.013254
0.107561
0.207489
0.006294
0.365486
0.430982
0.189201
0.014404
0.520470
0.286134
0.122701
0.142342
0.369441
0.486258
0.197224
0.186599
0.565619
0.206707
0.025515
0.350545
0.019193
0.249230
0.478344
0.319115
0.336981
0.625703
0.572600
0.009389
0.160820
0.285765
0.545603
0.057610
0.214818
0.429918
0.018267
0.427874
0.480060
0.246061
0.147546
0.272893
0.190525
0.263742
0.147930
0.217692
0.063715
0.486348
0.357860
0.579083
0.113355
0.278522
0.120670
0.124253
0.304012
0.389848
0.073728
0.386389
0.105127
0.221228
0.060366
0.078145
0.000498
0.174268
0.258952
0.479456
0.126111
0.468007
0.251852
0.189929
0.291732
0.111883
0.003429
0.150427
0.305562
0.057030
0.359787
0.164446
0.028288
0.233730
0.097309
0.123206
0.220855
0.230481
0.144181
0.152372
0.067147
0.073425
0.158899
0.019864
0.030714
0.136554
0.300162
0.271027
0.118330
0.176029
0.375765
0.550151
0.003921
0.000176
0.269952
0.058624
0.430469
0.600509
0.420809
0.214472
0.055095
0.152842
0.286055
0.280173
0.503335
0.171383
0.088263
0.102174
0.156835
0.217015
0.067789
0.394411
0.092661
0.067911
0.478005
0.147554
0.214290
0.313785
0.282721
0.450922
0.036820
0.342404
0.286300
0.705337
0.014173
0.440313
0.341461
0.128228
0.350865
0.052876
0.149079
0.150491
0.303640
0.042228
0.049746
0.139615
0.362509
0.601053
0.362463
0.089006
0.046336
0.372080
0.250624
0.371217
0.248284
0.609690
0.509634
0.002599
0.517618
0.168923
0.411591
0.029066
0.247078
0.477567
0.117948
0.017840
0.202923
0.087506
0.373904
0.281165
0.211705
0.002648
0.242070
0.243285
0.129826
0.434842
0.131188
0.403094
0.191059
0.112865
0.090697
0.530535
0.343400
0.005637
0.382095
0.174033
0.142898
0.205151
0.203310
0.213949
0.159581
0.110191
0.114809
0.054350
0.223322
0.309491
0.193696
0.198407
0.197521
0.380241
0.219188
0.252222
0.270175
0.197368
0.088777
0.368898
0.141500
0.271436
0.103266
0.498131
0.070754
0.187966
0.183627
0.175394
0.548842
0.243020
0.237644
0.370472
0.416957
0.029789
0.235242
0.006444
0.027487
0.130358
0.030306
0.218108
0.402972
0.259967
0.398915
0.409389
0.437597
0.104958
0.378932
0.293523
0.368764
0.151972
0.219573
0.291840
0.020184
0.294760
0.565411
0.247954
0.343173
0.187954
0.047728
0.271088
0.179620
0.154985
0.138441
0.021677
0.259288
0.043079
0.155164
0.034202
0.281322
0.311750
0.426405
0.314819
0.250711
0.426117
0.123306
0.026543
0.424890
0.337453
0.288218
0.134204
0.495941
0.145096
0.174331
0.277836
0.094763
0.004268
0.300084
0.080102
0.519525
0.421974
0.203772
0.109952
0.015200
0.227742
0.339811
0.290404
0.369430
0.102721
0.186979
0.387932
0.018468
0.114871
0.207448
0.352957
0.018771
0.325085
0.267551
0.119100
0.686695
0.030851
0.036381
0.269959
0.224609
0.113382
0.110386
0.388591
0.058957
0.199939
0.102912
0.104900
0.218270
0.243969
0.166831
0.247055
0.042182
0.274576
0.521275
0.343603
0.404765
0.396252
0.203143
0.617606
0.374132
0.118751
0.012166
0.325123
0.309548
0.156533
0.111917
0.282750
0.128753
0.157869
0.316460
0.264042
0.308381
0.302660
0.072007
0.136311
0.071437
0.519695
0.169725
0.134112
0.066153
0.059417
0.226918
0.284200
0.208791
0.045768
0.013306
0.142366
0.109531
0.144827
0.107769
0.220450
0.526386
0.264085
0.082522
0.340235
0.168309
0.109333
0.126910
0.032230
0.204161
0.203466
0.149340
0.170061
0.152531
0.075387
0.162002
0.406307
0.235586
0.018037
0.383121
0.363765
0.234444
0.363087
0.136371
0.183497
0.159897
0.243534
0.138325
0.037726
0.138663
0.402492
0.112791
0.272962
0.341635
0.049194
0.149649
0.525659
0.178888
0.154601
0.132609
0.268940
0.126443
0.423467
0.169897
0.064651
0.128073
0.321971
0.166678
0.585954
0.488589
0.280075
0.244005
0.255875
0.082610
0.243446
0.012969
0.247084
0.282172
0.006067
0.145340
0.457299
0.348159
0.282514
0.239701
0.308201
0.282309
0.310453
0.148414
0.343956
0.219328
0.389043
0.475197
0.006579
0.090963
0.259152
0.263937
0.060595
0.536338
0.197728
0.396022
0.237782
0.501730
0.696720
0.385833
0.101417
0.468525
0.301797
0.442334
0.109687
0.030297
0.052588
0.008531
0.194826
0.190535
0.368999
0.139106
0.107216
0.186887
0.436478
0.369796
0.253622
0.136421
0.169653
0.250304
0.297994
0.100773
0.215826
0.012519
0.284310
0.339523
0.286674
0.510101
0.052678
0.367747
0.449860
0.073014
0.083215
0.309844
0.182165
0.258241
0.769175
0.011398
0.373363
0.126953
0.118124
0.341012
0.074430
0.142993
0.338044
0.291880
0.134492
0.029321
0.037132
0.394257
0.176866
0.040711
0.447738
0.304674
0.644550
0.264026
0.317372
0.278821
0.575367
0.146440
0.278662
0.092959
0.195558
0.083867
0.342572
0.116292
0.368778
0.299713
0.003229
0.242544
0.197353
0.311936
0.027707
0.083937
0.267127
0.485559
0.059151
0.043973
0.388524
0.365343
0.535061
0.212625
0.394033
0.077620
0.014678
0.399892
0.240569
0.047804
0.061344
0.182422
0.267603
0.239422
0.183215
0.354585
0.279103
0.275415
0.296230
0.068381
0.090405
0.061386
0.285357
0.475455
0.198966
0.034905
0.524486
0.177411
0.008941
0.508710
0.030463
0.065793
0.329833
0.261313
0.285941
0.386085
0.201702
0.188509
0.123050
0.129249
0.266959
0.156940
0.183395
0.147147
0.271291
0.122518
0.260228
0.203616
0.118489
0.244065
0.470559
0.260959
0.117087
0.245633
0.276100
0.147811
0.035754
0.214306
0.124487
0.257664
0.233807
0.032499
0.112575
0.082429
0.350272
0.186188
0.110356
0.036497
0.255495
0.366129
0.248447
0.402250
0.313602
0.174080
0.304226
0.391757
0.211516
0.218705
0.041030
0.436440
0.002834
0.252289
0.064018
0.233847
0.182300
0.085139
0.200600
0.012997
0.097910
0.108671
0.082773
0.079174
0.087710
0.194549
0.291693
0.460923
0.329320
0.240621
0.085776
0.302859
0.352298
0.082286
0.190995
0.042938
0.132471
0.119689
0.003946
0.256621
0.187146
0.440800
0.129281
0.379706
0.087665
0.282161
0.090912
0.024827
0.591097
0.252171
0.295845
0.347253
0.157504
0.045293
0.031779
0.252745
0.529374
0.270682
0.273246
0.152765
0.226794
0.263636
0.340998
0.242185
0.163645
0.026068
0.178414
0.305819
0.187958
0.306690
0.125910
0.002936
0.034863
0.151423
0.020096
0.289138
0.010139
0.248073
0.146760
0.356028
0.176968
0.463189
0.034391
0.144573
0.180330
0.046058
0.271692
0.025965
0.532365
0.104490
0.293846
0.092438
0.027698
0.003117
0.131272
0.217169
0.343971
0.047699
0.020362
0.228922
0.547359
0.617916
0.260186
0.117451
0.086620
0.234974
0.370288
0.365394
0.023491
0.574959
0.257597
0.064288
0.040502
0.164159
0.369747
0.012263
0.055904
0.361677
0.018519
0.471915
0.490687
0.439830
0.238109
0.403999
0.073754
0.240082
0.082426
0.321183
0.222035
0.562258
0.290539
0.403727
0.047339
0.001713
0.130778
0.102466
0.078949
0.015818
0.028744
0.149843
0.008383
0.080019
0.438414
0.146519
0.059921
0.286444
0.324776
0.164424
0.352017
0.039796
0.706951
0.095875
0.288090
0.731212
0.016746
0.217455
0.220941
0.066273
0.126339
0.506195
0.123093
0.270943
0.060107
0.073035
0.058930
0.550456
0.363799
0.346413
0.122941
0.463800
0.341806
0.589900
0.299447
0.434324
0.331902
0.293264
0.249570
0.349552
0.069000
0.340934
0.288983
0.191074
0.276420
0.317832
0.004330
0.296737
0.344123
0.409828
0.357066
0.091739
0.313692
0.067915
0.296174
0.295276
0.163341
0.507428
0.025098
0.213811
0.096433
0.341425
0.102259
0.419273
0.197855
0.539404
0.136460
0.397994
0.500879
0.004971
0.180848
0.014214
0.351209
0.068766
0.496128
0.276204
0.500419
0.367161
0.278230
0.263737
0.249836
0.130990
0.335773
0.163470
0.093290
0.170137
0.116001
0.289185
0.336446
0.040940
0.260636
0.475382
0.345882
0.381466
0.123428
0.173171
0.430046
0.432579
0.078304
0.004168
0.537545
0.209638
0.564198
0.618443
0.409607
0.474412
0.244666
0.389479
0.172273
0.223252
0.252082
0.225610
0.371706
0.035803
0.236173
0.018411
0.163111
0.243443
0.080796
0.200967
0.407699
0.228267
0.078975
0.193303
0.370547
0.138729
0.418710
0.493111
0.516604
0.003802
0.203470
0.286932
0.258927
0.249463
0.298670
0.295722
0.279270
0.504956
0.011879
0.117271
0.234544
0.261279
0.234653
0.371187
0.632369
0.037203
0.101955
0.218520
0.523745
0.104218
0.042193
0.040296
0.343915
0.092014
0.009543
0.531833
0.109766
0.080601
0.111954
0.405115
0.178632
0.010942
0.150147
0.038383
0.160700
0.011645
0.012200
0.272354
0.251958
0.185821
0.112257
0.151650
0.396831
0.036990
0.171498
0.235849
0.304596
0.065100
0.072433
0.271171
0.095039
0.064058
0.015216
0.174428
0.616325
0.109894
0.316561
0.343419
0.196452
0.298649
0.445136
0.175191
0.056259
0.112168
0.554286
0.194572
0.010582
0.104738
0.122428
0.372454
0.139166
0.318936
0.256806
0.370858
0.404150
0.024971
0.227287
0.275130
0.184035
0.226194
0.055638
0.494659
0.074886
0.362443
0.071592
0.525590
0.253143
0.302780
0.139293
0.184898
0.329053
0.205463
0.039774
0.179118
0.109411
0.004366
0.385620
0.180791
0.047050
0.012249
0.170295
0.100137
0.181629
0.010219
0.574886
0.020123
0.214444
0.147492
0.278657
0.154327
0.220392
0.068550
0.290120
0.300247
0.354645
0.141945
0.445693
0.172723
0.464541
0.016127
0.387906
0.203798
0.227783
0.360611
0.492712
0.212994
0.262446
0.343899
0.206891
0.136229
0.096563
0.506768
0.117841
0.499762
0.319149
0.453543
0.075666
0.477406
0.335266
0.064707
0.147796
0.049599
0.193469
0.222096
0.317944
0.546119
0.084464
0.427382
0.076039
0.416488
0.166346
0.150466
0.250035
0.335569
0.361134
0.394090
0.123369
0.022507
0.266280
0.111930
0.760067
0.133257
0.284709
0.362716
0.399663
0.282980
0.521332
0.144285
0.018333
0.064431
0.368102
0.262337
0.150387
0.272936
0.346411
0.137558
0.157253
0.253757
0.094060
0.458696
0.573381
0.098595
0.022433
0.289323
0.053029
0.009137
0.276712
0.284989
0.133079
0.249850
0.708441
0.054435
0.387195
0.196973
0.218649
0.331794
0.029775
0.316443
0.101634
0.125382
0.128042
0.472419
0.256180
0.481632
0.325458
0.318964
0.137414
0.083697
0.338874
0.341514
0.086089
0.006689
0.419456
0.271331
0.184140
0.426974
0.209312
0.255637
0.310153
0.031172
0.297204
0.323937
0.441339
0.000592
0.258787
0.253182
0.162300
0.497526
0.172137
0.090446
0.080268
0.072616
0.479361
0.293605
0.154353
0.066761
0.049324
0.327694
0.187624
0.202321
0.196615
0.343405
0.160311
0.450989
0.306110
0.191130
0.195236
0.336752
0.301634
0.039515
0.006663
0.404191
0.275475
0.336382
0.371802
0.543970
0.201420
0.105196
0.182942
0.158772
0.206297
0.548170
0.253320
0.323122
0.630717
0.573592
0.105771
0.181390
0.241574
0.345219
0.217320
0.376176
0.433391
0.036140
0.365781
0.361292
0.275742
0.032333
0.129140
0.115372
0.167656
0.161906
0.047816
0.027116
0.404575
0.224996
0.583373
0.194963
0.301459
0.074897
0.036488
0.426879
0.495686
0.200538
0.413009
0.002602
0.145971
0.220127
0.011251
0.013425
0.032230
0.232345
0.553359
0.160882
0.590482
0.277404
0.187003
0.316084
0.012289
0.080076
0.090914
0.385369
0.260384
0.269761
0.170570
0.081950
0.108115
0.008384
0.200051
0.269175
0.111864
0.182895
0.209485
0.087922
0.100541
0.045575
0.032582
0.060252
0.298495
0.032097
0.092242
0.123427
0.248063
0.406426
0.506090
0.184029
0.091167
0.274750
0.017597
0.506288
0.472850
0.560593
0.222198
0.126537
0.011108
0.202187
0.179162
0.560215
0.148865
0.065112
0.174819
0.168887
0.119916
0.084936
0.415514
0.006104
0.040606
0.548732
0.080766
0.301007
0.166937
0.116141
0.386479
0.064434
0.298164
0.374105
0.697787
0.079430
0.456682
0.107357
0.001308
0.283920
0.153782
0.233082
0.069877
0.253189
0.157281
0.095079
0.239759
0.533666
0.535980
0.323212
0.007114
0.058520
0.232808
0.249028
0.283037
0.335178
0.494332
0.278883
0.039467
0.470894
0.152630
0.422158
0.050697
0.257505
0.472436
0.104363
0.242208
0.119622
0.093253
0.387583
0.131513
0.279772
0.216909
0.101038
0.176004
0.008098
0.367589
0.375283
0.200137
0.131955
0.259060
0.032287
0.562990
0.506395
0.177025
0.258207
0.288892
0.154277
0.203915
0.227207
0.096078
0.083235
0.007546
0.057280
0.039160
0.303664
0.265937
0.131322
0.135356
0.017104
0.326019
0.135704
0.088299
0.428634
0.132822
0.001000
0.311572
0.002797
0.016877
0.195110
0.537227
0.188289
0.357621
0.135637
0.384130
0.359808
0.197505
0.415352
0.320728
0.434141
0.038913
0.139995
0.072682
0.110884
0.245224
0.127748
0.283104
0.398496
0.344217
0.045478
0.182112
0.579104
0.204071
0.371256
0.222854
0.250399
0.016431
0.101070
0.366460
0.089100
0.415404
0.520551
0.206076
0.201544
0.237450
0.083714
0.092991
0.310284
0.091481
0.128303
0.082917
0.277800
0.120828
0.267659
0.127135
0.157118
0.321676
0.350990
0.236379
0.212361
0.408643
0.194512
0.022450
0.388975
0.421995
0.284783
0.236227
0.428963
0.196749
0.373519
0.121711
0.185741
0.033400
0.309851
0.202024
0.357223
0.324007
0.327176
0.019870
0.085833
0.210839
0.322835
0.289038
0.388000
0.097819
0.069824
0.363858
0.030301
0.190599
0.210249
0.292077
0.109000
0.450093
0.060462
0.093567
0.683335
0.165863
0.031737
0.278090
0.242724
0.091065
0.197708
0.355168
0.099201
0.159972
0.037558
0.140206
0.281473
0.360907
0.083626
0.291479
0.028146
0.277472
0.604994
0.326855
0.399466
0.303334
0.044150
0.675251
0.333221
0.020707
0.080337
0.591399
0.412935
0.077760
0.003932
0.171341
0.041086
0.143814
0.297722
0.337113
0.257102
0.410522
0.047461
0.057159
0.287122
0.451500
0.419660
0.129662
0.148530
0.265076
0.145121
0.315569
0.239695
0.021720
0.257018
0.084749
0.157128
0.254587
0.060984
0.287581
0.338538
0.308835
0.007172
0.424216
0.013178
0.030062
0.201388
0.088955
0.286446
0.291393
0.053761
0.014109
0.102630
0.117255
0.032126
0.505351
0.350753
0.210296
0.248273
0.440161
0.064198
0.454427
0.359808
0.196702
0.047890
0.364326
0.011670
0.014500
0.114173
0.541787
0.269119
0.239924
0.426306
0.153284
0.077689
0.477119
0.035699
0.135668
0.103188
0.129054
0.168688
0.327360
0.033624
0.120297
0.001750
0.347543
0.308210
0.633749
0.586221
0.152731
0.390691
0.248365
0.009603
0.140179
0.169731
0.211187
0.079324
0.188682
0.063574
0.538073
0.389700
0.361897
0.222204
0.336749
0.247240
0.309276
0.038347
0.270162
0.206084
0.329691
0.157015
0.086246
0.003298
0.232932
0.269815
0.142041
0.626965
0.251656
0.284251
0.403346
0.475291
0.662536
0.218150
0.110376
0.341791
0.515207
0.343205
0.048206
0.178567
0.029850
0.005814
0.298727
0.262041
0.610603
0.034637
0.232182
0.168595
0.399186
0.500962
0.191417
0.317772
0.158139
0.088871
0.527311
0.028825
0.290841
0.025201
0.381771
0.239933
0.158232
0.619878
0.054327
0.295631
0.444547
0.184928
0.236170
0.438339
0.226289
0.505737
0.542459
0.189285
0.389222
0.025970
0.094986
0.512405
0.065247
0.196355
0.301830
0.272997
0.061436
0.193968
0.163890
0.242736
0.029223
0.125227
0.460276
0.493811
0.772881
0.171573
0.330578
0.296018
0.590095
0.182192
0.335568
0.058451
0.279269
0.055160
0.409562
0.057281
0.190160
0.288171
0.109584
0.372860
0.169314
0.382044
0.064778
0.078418
0.278272
0.443780
0.114366
0.004187
0.468153
0.132346
0.557444
0.173605
0.491960
0.012945
0.022898
0.282012
0.323403
0.110948
0.051117
0.253235
0.153274
0.209986
0.092745
0.284386
0.446331
0.168372
0.273719
0.097116
0.118680
0.076204
0.408259
0.458400
0.336703
0.101104
0.604625
0.298306
0.245011
0.400969
0.087333
0.138598
0.227323
0.147258
0.236177
0.402631
0.114263
0.341293
0.104800
0.047087
0.223054
0.219992
0.350273
0.247191
0.334475
0.113878
0.045114
0.194099
0.100671
0.216536
0.569035
0.268545
0.299772
0.150566
0.183455
0.178482
0.077253
0.189782
0.138442
0.310761
0.328917
0.109932
0.165359
0.012210
0.391201
0.241813
0.069129
0.186114
0.218627
0.381056
0.323433
0.407567
0.259042
0.372981
0.376113
0.286750
0.334685
0.095034
0.263344
0.251297
0.039680
0.216752
0.087998
0.229737
0.312872
0.017131
0.264779
0.116815
0.127066
0.074065
0.215275
0.016129
0.039883
0.190103
0.416092
0.346204
0.326848
0.390722
0.041417
0.308690
0.300483
0.138766
0.189616
0.075342
0.140838
0.019420
0.201647
0.374763
0.165980
0.575927
0.086355
0.302322
0.055093
0.314014
0.296020
0.078332
0.688392
0.179371
0.126238
0.338064
0.341099
0.165609
0.152338
0.447118
0.499217
0.349977
0.400729
0.134694
0.313964
0.226542
0.357615
0.124597
0.215077
0.026818
0.300129
0.409405
0.115417
0.187842
0.133398
0.132872
0.159927
0.267962
0.119366
0.288038
0.036364
0.151563
0.025958
0.361578
0.035428
0.264403
0.094396
0.074688
0.145921
0.126291
0.233528
0.061187
0.335697
0.091712
0.377321
0.046993
0.100169
0.032265
0.437127
0.015030
0.322112
0.037020
0.086833
0.384724
0.627816
0.597611
0.180881
0.054361
0.172693
0.322038
0.440181
0.360940
0.217977
0.574124
0.460517
0.093864
0.121498
0.067903
0.353346
0.033649
0.002206
0.283449
0.149454
0.460740
0.602942
0.256483
0.265931
0.272370
0.290229
0.228617
0.082548
0.220700
0.311168
0.346839
0.185203
0.264374
0.010118
0.109965
0.139287
0.111249
0.196549
0.126891
0.062963
0.139294
0.094325
0.152467
0.467781
0.061702
0.075945
0.293800
0.416674
0.215957
0.423233
0.208459
0.623827
0.128730
0.247358
0.616643
0.100216
0.174318
0.309925
0.014144
0.005062
0.525309
0.067603
0.200033
0.105426
0.147430
0.159487
0.597274
0.278795
0.310899
0.093138
0.276576
0.310498
0.500483
0.205057
0.289497
0.408105
0.254085
0.292530
0.379237
0.046939
0.302563
0.379548
0.193112
0.402957
0.344013
0.110306
0.224405
0.271348
0.441507
0.301508
0.028467
0.238570
0.024686
0.233191
0.359993
0.059788
0.426679
0.004267
0.332807
0.244700
0.464609
0.004656
0.344547
0.214432
0.441978
0.019957
0.606523
0.553328
0.007390
0.083275
0.158615
0.291842
0.210421
0.744438
0.176124
0.542108
0.350317
0.237982
0.247216
0.352603
0.322038
0.261244
0.201284
0.056659
0.231279
0.113079
0.161712
0.412140
0.333056
0.270774
0.404551
0.148059
0.352154
0.001607
0.149949
0.372415
0.434163
0.170194
0.053942
0.484465
0.310222
0.533268
0.706291
0.481620
0.400989
0.437195
0.570632
0.030041
0.125494
0.289562
0.172877
0.240122
0.133606
0.139734
0.211592
0.054452
0.127814
0.041951
0.393569
0.381710
0.190145
0.060263
0.340931
0.311496
0.065524
0.427641
0.463061
0.400950
0.045207
0.307275
0.193723
0.278396
0.331725
0.354856
0.330160
0.307792
0.354370
0.088748
0.115682
0.249820
0.294961
0.213624
0.379910
0.579845
0.002388
0.181784
0.029743
0.471640
0.203112
0.065589
0.097410
0.424684
0.214503
0.081577
0.540164
0.057607
0.199034
0.186237
0.408403
0.280652
0.159876
0.152669
0.023844
0.134979
0.133709
0.157967
0.324357
0.056964
0.171133
0.147758
0.115984
0.418744
0.097421
0.140694
0.096201
0.180697
0.112104
0.257423
0.205320
0.073576
0.000640
0.184330
0.192102
0.545299
0.229680
0.208588
0.382027
0.243850
0.184167
0.362317
0.111162
0.102753
0.007145
0.467764
0.095051
0.171971
0.168834
0.067566
0.368402
0.188140
0.353000
0.131910
0.485408
0.578722
0.048238
0.124777
0.176900
0.190506
0.512711
0.011689
0.517129
0.003255
0.349246
0.065096
0.486710
0.226990
0.168680
0.036555
0.237763
0.295000
0.137865
0.133460
0.087877
0.166362
0.100194
0.394311
0.299645
0.012813
0.213082
0.323744
0.090122
0.092575
0.035387
0.598711
0.159923
0.325901
0.060224
0.377606
0.285633
0.175439
0.010705
0.217698
0.339295
0.597370
0.229775
0.421848
0.349480
0.376953
0.100117
0.316856
0.227136
0.210485
0.425911
0.394076
0.034049
0.274315
0.421155
0.249287
0.134659
0.147830
0.480180
0.073606
0.478371
0.207597
0.520121
0.144317
0.575383
0.465300
0.222198
0.012733
0.221543
0.162824
0.178864
0.276016
0.389671
0.005563
0.359310
0.128662
0.358980
0.217633
0.035354
0.226983
0.358072
0.338872
0.304271
0.000092
0.055627
0.393009
0.078814
0.615683
0.019514
0.422475
0.267364
0.346451
0.253402
0.636598
0.134164
0.005176
0.250743
0.359409
0.341303
0.071505
0.281201
0.281855
0.003239
0.173822
0.507316
0.092543
0.455753
0.599481
0.070124
0.057903
0.354946
0.043330
0.009665
0.311068
0.356239
0.369023
0.199207
0.503499
0.085172
0.362019
0.370331
0.322861
0.315308
0.033884
0.324308
0.074930
0.197484
0.312073
0.444352
0.488745
0.517396
0.291013
0.257954
0.026285
0.281349
0.348827
0.360132
0.046829
0.053087
0.428968
0.208040
0.083032
0.497839
0.449981
0.052813
0.193257
0.026198
0.394421
0.387079
0.524018
0.058711
0.182527
0.189734
0.298946
0.474248
0.151392
0.073699
0.183087
0.304301
0.535652
0.406106
0.363876
0.047308
0.043367
0.325076
0.289734
0.362727
0.311315
0.474087
0.259884
0.559889
0.183896
0.258669
0.333657
0.177264
0.291936
0.190250
0.104902
0.452246
0.086286
0.457271
0.537047
0.523919
0.168849
0.238943
0.083489
0.284929
0.200635
0.495658
0.162659
0.381462
0.633782
0.462831
0.268221
0.294725
0.193741
0.136301
0.347167
0.420600
0.381229
0.034883
0.316072
0.237697
0.367099
0.039475
0.041495
0.100489
0.070576
0.132067
0.142280
0.162022
0.390697
0.021267
0.521442
0.247641
0.348047
0.171943
0.198287
0.449384
0.613535
0.303353
0.439617
0.164274
0.081352
0.378272
0.004662
0.007409
0.266931
0.150592
0.567154
0.263616
0.536618
0.236747
0.165765
0.334455
0.070645
0.083108
0.072282
0.351098
0.384059
0.157738
0.117213
0.179729
0.020405
0.068753
0.271783
0.252433
0.006063
0.204754
0.248670
0.228227
0.263125
0.039687
0.087145
0.163772
0.389232
0.215461
0.093943
0.212143
0.222936
0.353504
0.395314
0.268472
0.168093
0.211503
0.037986
0.497472
0.288039
0.633615
0.262796
0.285380
0.046304
0.183790
0.065669
0.596075
0.116492
0.254679
0.292401
0.031505
0.074578
0.086657
0.475286
0.126037
0.188619
0.552681
0.007228
0.412347
0.026121
0.070148
0.322665
0.052148
0.275260
0.467024
0.623501
0.180959
0.394632
0.067934
0.029449
0.240761
0.305633
0.315003
0.192488
0.255785
0.324163
0.178994
0.322160
0.526566
0.454463
0.260391
0.049564
0.083683
0.132977
0.240716
0.209509
0.405770
0.300211
0.083296
0.090530
0.318735
0.095043
0.348316
0.193139
0.246856
0.421705
0.148071
0.397451
0.090213
0.132657
0.316375
0.006524
0.336751
0.430827
0.003729
0.171777
0.058779
0.311013
0.531686
0.003065
0.070957
0.292600
0.198051
0.540923
0.596253
0.336192
0.108059
0.367074
0.152237
0.234389
0.287969
0.012851
0.023042
0.075163
0.024983
0.076069
0.400596
0.187169
0.051713
0.033193
0.144523
0.239722
0.075140
0.087753
0.584460
0.018554
0.123690
0.298059
0.102894
0.205458
0.227277
0.499436
0.268723
0.471265
0.102876
0.607927
0.148756
0.144145
0.475651
0.218206
0.408417
0.031016
0.000994
0.119855
0.228758
0.310014
0.202690
0.358183
0.403124
0.369397
0.331444
0.118452
0.580716
0.327825
0.321864
0.204155
0.107229
0.032261
0.005655
0.263411
0.158080
0.506797
0.469714
0.163204
0.090235
0.290487
0.089035
0.080614
0.415716
0.061498
0.184876
0.213875
0.348234
0.145558
0.371721
0.244212
0.095908
0.320110
0.232218
0.140557
0.187867
0.362608
0.150635
0.022504
0.331827
0.485560
0.257975
0.216725
0.296966
0.200499
0.533676
0.025423
0.234476
0.035340
0.297310
0.262417
0.194242
0.213579
0.425856
0.080247
0.157299
0.180516
0.294029
0.259549
0.426307
0.103152
0.133927
0.304647
0.138562
0.249495
0.224397
0.223453
0.183565
0.477296
0.100564
0.018804
0.608810
0.330928
0.126475
0.331269
0.219168
0.047898
0.329364
0.238476
0.196826
0.108804
0.005245
0.119104
0.338160
0.437802
0.026534
0.363289
0.038056
0.283809
0.607189
0.278309
0.308574
0.196225
0.147068
0.675611
0.333051
0.106754
0.116830
0.771819
0.425995
0.026611
0.079876
0.114025
0.027686
0.030507
0.260876
0.380610
0.149631
0.494723
0.060024
0.019652
0.473091
0.342369
0.640455
0.083553
0.377135
0.425470
0.060007
0.334508
0.301324
0.033718
0.479738
0.015351
0.158208
0.370561
0.029928
0.276045
0.085931
0.406618
0.081971
0.484290
0.198842
0.032004
0.220150
0.076798
0.423918
0.419073
0.024186
0.138097
0.035047
0.119160
0.087261
0.565192
0.447354
0.345459
0.036994
0.490808
0.027339
0.490952
0.479183
0.278547
0.178559
0.454236
0.128904
0.080559
0.151064
0.652859
0.291685
0.186147
0.474407
0.231530
0.008131
0.364576
0.167365
0.107421
0.091090
0.007014
0.172766
0.175704
0.040372
0.180616
0.130952
0.367988
0.413161
0.597301
0.586717
0.035826
0.509379
0.275751
0.092164
0.093678
0.263571
0.159288
0.116712
0.313754
0.030549
0.593366
0.375774
0.419418
0.229840
0.352539
0.146433
0.348985
0.014179
0.194058
0.120668
0.162473
0.087363
0.149621
0.090431
0.178191
0.320479
0.341996
0.675843
0.270168
0.155587
0.466965
0.429631
0.556983
0.028538
0.076354
0.265166
0.635699
0.212979
0.033232
0.288667
0.036294
0.007699
0.408215
0.285372
0.687931
0.159860
0.311422
0.160391
0.273332
0.567315
0.152281
0.477637
0.198394
0.181490
0.693646
0.112471
0.215802
0.005402
0.453827
0.183368
0.026905
0.604570
0.099706
0.211254
0.423486
0.272549
0.299710
0.440799
0.282353
0.630875
0.288991
0.326885
0.416433
0.135063
0.028526
0.636886
0.025188
0.167995
0.283656
0.194065
0.038237
0.407449
0.262308
0.058397
0.288435
0.202551
0.398522
0.578972
0.756349
0.094419
0.276339
0.264619
0.540577
0.172896
0.375141
0.161545
0.351057
0.026613
0.440377
0.013243
0.031108
0.211743
0.266637
0.429119
0.179466
0.452137
0.124783
0.204415
0.278163
0.328548
0.244322
0.012717
0.536646
0.037930
0.580474
0.150805
0.521755
0.102187
0.002791
0.162908
0.396149
0.197622
0.064548
0.332489
0.015749
0.064753
0.016682
0.188396
0.604098
0.007485
0.256646
0.196539
0.123821
0.076089
0.591822
0.438227
0.427470
0.176928
0.566785
0.401166
0.420413
0.302935
0.148751
0.338428
0.155350
0.012572
0.198351
0.430383
0.048623
0.445155
0.095864
0.006086
0.226159
0.263990
0.399017
0.311352
0.321268
0.301717
0.123845
0.217928
0.333143
0.138434
0.545229
0.289542
0.480375
0.139374
0.049286
0.233207
0.115315
0.204723
0.163045
0.404286
0.416391
0.136592
0.212503
0.017838
0.354890
0.304102
0.042081
0.334433
0.148322
0.382671
0.319204
0.417044
0.248875
0.396310
0.450104
0.221081
0.423470
0.054366
0.421318
0.045764
0.104226
0.168532
0.054209
0.267071
0.437068
0.008054
0.308716
0.147449
0.090762
0.063846
0.322731
0.025787
0.150848
0.136426
0.533867
0.257383
0.345746
0.452250
0.179355
0.274436
0.235419
0.239478
0.240990
0.221787
0.187760
0.183354
0.383619
0.457969
0.149803
0.572940
0.066432
0.211837
0.116228
0.301999
0.452851
0.126010
0.663106
0.084924
0.078715
0.315602
0.524464
0.312949
0.267975
0.584611
0.421546
0.396081
0.472390
0.124206
0.386864
0.236562
0.372751
0.044749
0.281467
0.028275
0.443892
0.481484
0.020183
0.111102
0.097647
0.178009
0.233486
0.305273
0.241538
0.272283
0.051545
0.062941
0.163785
0.344634
0.087252
0.090253
0.150971
0.027619
0.216172
0.295749
0.156277
0.126852
0.163002
0.316994
0.378971
0.170138
0.124134
0.056879
0.731217
0.239748
0.297190
0.009454
0.079849
0.536849
0.646862
0.520009
0.121634
0.014503
0.215965
0.409025
0.425008
0.348679
0.462997
0.534079
0.566775
0.139440
0.192508
0.002683
0.312122
0.001144
0.000500
0.176739
0.285249
0.384495
0.623986
0.033257
0.274048
0.126769
0.418948
0.161590
0.112813
0.074157
0.345055
0.121760
0.085529
0.169907
0.065287
0.201631
0.182388
0.103621
0.262031
0.257098
0.172261
0.143483
0.217289
0.127998
0.508956
0.268683
0.004092
0.276044
0.428785
0.322239
0.514872
0.352530
0.447594
0.145630
0.145824
0.425995
0.216458
0.204010
0.366891
0.082844
0.073218
0.457201
0.052713
0.152411
0.319672
0.227023
0.306101
0.558962
0.166708
0.223970
0.276471
0.072238
0.291846
0.371942
0.085674
0.197396
0.531333
0.222680
0.309301
0.346191
0.037905
0.305340
0.387438
0.177905
0.465294
0.370364
0.233043
0.240785
0.125047
0.417233
0.258510
0.173757
0.116493
0.017369
0.195158
0.423130
0.319718
0.222264
0.065105
0.427075
0.384308
0.530577
0.102906
0.266221
0.297742
0.326786
0.020294
0.741900
0.496653
0.002597
0.052642
0.279692
0.225621
0.290806
0.784655
0.089672
0.566820
0.353108
0.231391
0.188019
0.407754
0.490756
0.196929
0.216770
0.034745
0.294413
0.162707
0.100130
0.443417
0.528907
0.217956
0.275098
0.050186
0.275244
0.152446
0.193369
0.266502
0.400803
0.222537
0.170629
0.435647
0.309610
0.473980
0.743123
0.530216
0.298971
0.603772
0.712619
0.287928
0.035068
0.345476
0.040488
0.192052
0.276577
0.099408
0.325035
0.117668
0.073506
0.015294
0.514516
0.336695
0.166956
0.020480
0.444554
0.208305
0.052076
0.431414
0.380354
0.150090
0.060887
0.409637
0.114988
0.313625
0.398656
0.429024
0.346402
0.295946
0.212117
0.169875
0.040284
0.316334
0.324200
0.186807
0.361947
0.455555
0.045350
0.324075
0.163089
0.355928
0.274485
0.157704
0.162521
0.468037
0.274611
0.205039
0.515229
0.141272
0.339649
0.271112
0.415146
0.340900
0.240033
0.316065
0.021362
0.136061
0.237412
0.349081
0.328254
0.139474
0.169800
0.127912
0.124773
0.499654
0.240747
0.130233
0.030964
0.090996
0.243593
0.453830
0.177736
0.022774
0.071611
0.307263
0.190507
0.452353
0.292454
0.101070
0.386813
0.308074
0.094610
0.264403
0.037467
0.099922
0.042919
0.329756
0.024733
0.345308
0.189766
0.047422
0.355416
0.227818
0.384988
0.009255
0.625005
0.625764
0.034017
0.017863
0.174524
0.180659
0.804701
0.086116
0.440875
0.098330
0.264456
0.217687
0.432132
0.177178
0.002440
0.045936
0.309953
0.315760
0.101205
0.176648
0.001253
0.137170
0.156571
0.419283
0.447242
0.071899
0.340308
0.392494
0.123644
0.100873
0.017031
0.564882
0.253351
0.492262
0.008127
0.404184
0.449053
0.142280
0.003687
0.089081
0.311346
0.764520
0.304513
0.382063
0.482571
0.257278
0.237312
0.256132
0.229296
0.242167
0.457118
0.286672
0.125996
0.282446
0.473459
0.253837
0.097397
0.442302
0.450802
0.006596
0.435619
0.056947
0.550779
0.197286
0.651531
0.532445
0.347273
0.153131
0.297944
0.073438
0.171882
0.218824
0.262910
0.052372
0.402481
0.182060
0.264408
0.204775
0.265189
0.191589
0.300543
0.273660
0.178377
0.115155
0.178939
0.510083
0.071374
0.411334
0.134057
0.557251
0.191819
0.225749
0.208513
0.666665
0.129468
0.007261
0.395337
0.303821
0.361766
0.051295
0.305651
0.175660
0.140396
0.157327
0.728106
0.060467
0.469615
0.569161
0.170806
0.143178
0.409502
0.066442
0.061870
0.400253
0.428925
0.599140
0.086357
0.250980
0.225474
0.296175
0.505488
0.312144
0.354538
0.058246
0.371431
0.067579
0.316322
0.359477
0.409240
0.663931
0.530203
0.214388
0.170022
0.031760
0.408352
0.404965
0.310582
0.065357
0.115101
0.360937
0.119769
0.307277
0.476483
0.590480
0.158389
0.101059
0.037053
0.425436
0.446133
0.528441
0.125921
0.136718
0.132222
0.351471
0.505559
0.056263
0.207741
0.298700
0.527000
0.533782
0.508790
0.487615
0.090924
0.031287
0.248760
0.307994
0.483244
0.434197
0.555464
0.268823
0.592077
0.153139
0.212260
0.369887
0.019489
0.336611
0.279994
0.203794
0.564493
0.008011
0.435348
0.628472
0.467171
0.136318
0.355925
0.010860
0.358880
0.253775
0.447782
0.021945
0.430855
0.623706
0.369334
0.390166
0.376834
0.162949
0.048658
0.410928
0.396493
0.297552
0.052719
0.231749
0.103079
0.391237
0.134402
0.063793
0.104638
0.010665
0.227569
0.292843
0.281399
0.374239
0.137451
0.391257
0.273264
0.419573
0.283896
0.255548
0.411649
0.651357
0.390304
0.440709
0.292383
0.011973
0.441304
0.060058
0.022911
0.478823
0.097076
0.566940
0.387912
0.347665
0.129192
0.157956
0.319226
0.128363
0.054021
0.010515
0.264840
0.487942
0.093404
0.026168
0.167914
0.158857
0.084754
0.303011
0.217185
0.121082
0.237644
0.264846
0.412258
0.416892
0.168129
0.092080
0.277132
0.400953
0.447867
0.222657
0.312755
0.169549
0.293270
0.262643
0.413535
0.264269
0.109892
0.103846
0.413125
0.131805
0.643850
0.277498
0.408753
0.149809
0.106391
0.106433
0.590593
0.160586
0.375252
0.409401
0.186322
0.046732
0.112873
0.566737
0.232486
0.286569
0.473284
0.028183
0.517151
0.024073
0.263153
0.261730
0.083693
0.292149
0.509766
0.537425
0.235604
0.348308
0.272216
0.067394
0.177092
0.397259
0.416835
0.266318
0.275054
0.434705
0.286143
0.398488
0.457573
0.379971
0.232784
0.069035
0.069558
0.092046
0.243976
0.106238
0.436150
0.158565
0.114178
0.098258
0.139128
0.037325
0.278302
0.275781
0.221564
0.313964
0.205680
0.512378
0.120362
0.209245
0.195270
0.079346
0.360025
0.607157
0.094019
0.166866
0.129393
0.286235
0.615979
0.190205
0.002764
0.226352
0.321341
0.496422
0.546796
0.383353
0.000185
0.448621
0.177642
0.212724
0.317703
0.091614
0.058060
0.115826
0.084244
0.100929
0.493008
0.121868
0.022238
0.073116
0.234483
0.173507
0.051884
0.241683
0.607182
0.108351
0.272547
0.239140
0.112041
0.383510
0.261100
0.415483
0.356223
0.448501
0.087290
0.820685
0.086331
0.086731
0.594811
0.157867
0.394358
0.008951
0.056965
0.137793
0.383669
0.320723
0.171845
0.442219
0.344405
0.410780
0.617264
0.337105
0.558242
0.426631
0.272520
0.161896
0.034371
0.017586
0.150150
0.080462
0.190057
0.551094
0.389193
0.117593
0.015363
0.379284
0.026100
0.116020
0.504632
0.050160
0.241855
0.391534
0.401497
0.132688
0.454792
0.279697
0.033546
0.332672
0.139097
0.121877
0.085588
0.300624
0.132980
0.077408
0.262843
0.532430
0.175555
0.187701
0.114172
0.111576
0.584310
0.060820
0.162077
0.107525
0.279519
0.273118
0.039386
0.115022
0.547124
0.115750
0.183567
0.125601
0.197806
0.245765
0.453751
0.055499
0.371703
0.248093
0.235692
0.258556
0.296149
0.164193
0.242661
0.414019
0.243766
0.131727
0.491804
0.508118
0.169994
0.352484
0.176849
0.026027
0.386487
0.116848
0.273126
0.040324
0.043636
0.141997
0.405001
0.541064
0.071024
0.485647
0.067231
0.324407
0.481160
0.215696
0.273720
0.122692
0.308207
0.538157
0.280428
0.204443
0.132560
0.827081
0.435921
0.010011
0.146559
0.060879
0.117388
0.112279
0.168396
0.426783
0.075272
0.526904
0.039369
0.065179
0.581147
0.209617
0.728805
0.017742
0.564125
0.528634
0.041118
0.323400
0.323762
0.127100
0.653837
0.110589
0.124652
0.433288
0.052817
0.219315
0.166226
0.436494
0.134565
0.485360
0.391650
0.045844
0.307721
0.063742
0.488485
0.541965
0.066589
0.235319
0.039929
0.052306
0.117229
0.566940
0.498417
0.439444
0.157118
0.526146
0.090902
0.453510
0.532091
0.292784
0.243073
0.512490
0.189290
0.190600
0.215140
0.640204
0.201698
0.167984
0.440658
0.254302
0.068747
0.242916
0.333497
0.122263
0.051200
0.165841
0.215739
0.124990
0.053746
0.184382
0.248097
0.289930
0.439364
0.510184
0.446045
0.046542
0.506593
0.246793
0.165614
0.044129
0.372314
0.119840
0.192044
0.376277
0.077979
0.611141
0.332654
0.459835
0.232965
0.336783
0.052276
0.411416
0.007487
0.116784
0.152920
0.060666
0.353296
0.114409
0.145644
0.131191
0.348825
0.511804
0.631716
0.326369
0.020744
0.427186
0.373446
0.437559
0.114612
0.010632
0.242812
0.691058
0.094244
0.103232
0.302900
0.112530
0.038952
0.450772
0.226081
0.606407
0.268216
0.312523
0.185683
0.139916
0.530626
0.174190
0.544522
0.219639
0.436780
0.780047
0.154019
0.040599
0.018770
0.474776
0.110329
0.033696
0.485877
0.106398
0.069270
0.426006
0.332496
0.217844
0.506854
0.288393
0.627655
0.097081
0.383321
0.451639
0.193375
0.059008
0.727084
0.011957
0.112012
0.275073
0.104251
0.048323
0.546114
0.331841
0.045503
0.535671
0.205435
0.310881
0.617786
0.631729
0.076759
0.220547
0.238983
0.451739
0.107231
0.423641
0.196782
0.381188
0.009791
0.332445
0.096506
0.257376
0.154979
0.403446
0.439467
0.132407
0.443702
0.054770
0.293466
0.251425
0.217593
0.370164
0.005488
0.513527
0.107971
0.557467
0.119877
0.559414
0.119734
0.036861
0.070073
0.394367
0.257233
0.103525
0.431195
0.094011
0.092262
0.128320
0.085370
0.673614
0.137654
0.263950
0.172844
0.107630
0.010237
0.702469
0.414170
0.396926
0.123522
0.521752
0.428226
0.560602
0.178530
0.271073
0.521366
0.108752
0.121642
0.192971
0.468440
0.068280
0.411460
0.043171
0.061232
0.295393
0.318516
0.400871
0.404500
0.248028
0.454714
0.299293
0.194024
0.484591
0.018872
0.405476
0.321541
0.651527
0.148929
0.074860
0.256153
0.138675
0.207347
0.212117
0.420178
0.475218
0.203834
0.304993
0.004688
0.299974
0.306620
0.038328
0.441824
0.114077
0.346990
0.291365
0.396495
0.251529
0.392799
0.505406
0.134380
0.483820
0.079214
0.393529
0.154416
0.139398
0.168245
0.030525
0.278994
0.572657
0.040133
0.317145
0.081093
0.053373
0.087647
0.316540
0.035829
0.235808
0.118390
0.632433
0.073041
0.355213
0.456800
0.220287
0.219763
0.157015
0.322886
0.273007
0.281151
0.335671
0.281736
0.509671
0.571940
0.133295
0.409612
0.051836
0.115276
0.161082
0.201979
0.559696
0.261701
0.529801
0.036012
0.270668
0.340847
0.574122
0.399940
0.302051
0.660266
0.318091
0.403932
0.493409
0.175426
0.433025
0.177579
0.401873
0.051947
0.315693
0.046644
0.546026
0.474484
0.138329
0.060435
0.045139
0.106459
0.324206
0.374962
0.312375
0.251921
0.088349
0.049748
0.251115
0.308908
0.151091
0.004118
0.166186
0.035451
0.322996
0.352471
0.130100
0.192635
0.039310
0.433568
0.361404
0.238618
0.166161
0.103498
0.840058
0.404824
0.244164
0.053261
0.026891
0.617987
0.533847
0.462558
0.040436
0.026523
0.186307
0.469565
0.428508
0.380404
0.709206
0.432064
0.475588
0.167816
0.205619
0.027999
0.293948
0.079232
0.066737
0.051609
0.410809
0.294626
0.556368
0.168329
0.209923
0.009191
0.436700
0.049897
0.163456
0.096925
0.404602
0.088637
0.004492
0.077419
0.137852
0.307091
0.192218
0.113715
0.332173
0.464454
0.309028
0.108524
0.249997
0.068616
0.487457
0.546974
0.139133
0.253235
0.384479
0.476984
0.535926
0.443308
0.284734
0.124701
0.076946
0.162141
0.284437
0.259658
0.430042
0.269189
0.171397
0.373706
0.039100
0.177971
0.551986
0.250525
0.413070
0.464341
0.080062
0.154582
0.413126
0.088216
0.267447
0.237463
0.036744
0.097899
0.555000
0.188767
0.354472
0.349809
0.010586
0.333205
0.369167
0.137319
0.394607
0.423772
0.293623
0.238180
0.046870
0.414953
0.193215
0.291533
0.033838
0.067297
0.129400
0.510448
0.603383
0.025357
0.150343
0.435000
0.557461
0.542730
0.233627
0.153768
0.424297
0.232217
0.127737
0.837437
0.346608
0.006449
0.166714
0.425194
0.137160
0.365122
0.676722
0.054726
0.520335
0.355786
0.249755
0.145414
0.396394
0.644285
0.163602
0.224399
0.299200
0.296690
0.142452
0.050819
0.474891
0.671819
0.052218
0.143890
0.278590
0.152024
0.190567
0.197650
0.279102
0.373760
0.247115
0.257937
0.391405
0.290961
0.368853
0.620401
0.533082
0.146798
0.645430
0.586443
0.461102
0.095474
0.423942
0.098902
0.156335
0.400354
0.081692
0.404006
0.302587
0.090204
0.023066
0.501903
0.297922
0.184756
0.068669
0.511054
0.115520
0.008518
0.402182
0.318538
0.069746
0.129458
0.456816
0.077237
0.278962
0.350205
0.507784
0.300296
0.227820
0.120814
0.218747
0.051226
0.372275
0.334903
0.132678
0.286615
0.290800
0.080046
0.379115
0.369803
0.227295
0.297616
0.281418
0.289559
0.507291
0.260418
0.349215
0.475768
0.252903
0.454520
0.300461
0.379848
0.427705
0.287542
0.478884
0.029228
0.161919
0.307989
0.523507
0.326346
0.306154
0.188169
0.055581
0.143698
0.529165
0.390327
0.034553
0.016410
0.008692
0.333083
0.501522
0.122222
0.014984
0.044166
0.368156
0.131721
0.340083
0.345617
0.002273
0.333506
0.428825
0.014208
0.185317
0.029949
0.070183
0.017499
0.216873
0.005501
0.490254
0.163133
0.061008
0.302215
0.212566
0.347672
0.090099
0.677566
0.634999
0.035592
0.024013
0.113165
0.142636
0.953531
0.153629
0.326954
0.250397
0.170635
0.391405
0.378939
0.089127
0.099654
0.173428
0.314176
0.303702
0.082331
0.212419
0.071156
0.040055
0.183250
0.394925
0.525905
0.145458
0.322680
0.399027
0.078579
0.097542
0.141156
0.497755
0.321762
0.588122
0.032492
0.370498
0.574098
0.170296
0.052404
0.009247
0.222069
0.787852
0.326710
0.289653
0.580750
0.094169
0.253986
0.203623
0.208906
0.300300
0.538021
0.169254
0.253150
0.309752
0.534320
0.228418
0.011747
0.709111
0.359661
0.059578
0.366302
0.068946
0.627740
0.200728
0.672468
0.527948
0.421117
0.373839
0.286478
0.031565
0.136604
0.128246
0.074781
0.164949
0.384926
0.142240
0.190495
0.125281
0.505165
0.164154
0.254149
0.214375
0.117134
0.230129
0.264010
0.498923
0.127415
0.142537
0.245325
0.604436
0.154195
0.072373
0.218157
0.582261
0.095557
0.036961
0.461359
0.253894
0.298492
0.016870
0.337458
0.020868
0.246059
0.126278
0.782935
0.015576
0.409630
0.479701
0.175317
0.216221
0.410850
0.079281
0.120515
0.475210
0.515079
0.736540
0.051534
0.021221
0.387587
0.260515
0.509199
0.303684
0.386357
0.061928
0.432109
0.018447
0.368093
0.323638
0.406173
0.721702
0.529700
0.108559
0.068828
0.082483
0.480185
0.411403
0.201947
0.046287
0.181840
0.329307
0.082026
0.464196
0.451127
0.672075
0.337775
0.067449
0.004433
0.400093
0.472348
0.537944
0.166571
0.093634
0.088829
0.412589
0.462161
0.064107
0.330674
0.305007
0.667178
0.461133
0.620660
0.494279
0.107991
0.018914
0.153963
0.277469
0.517740
0.493583
0.511366
0.205163
0.562643
0.152997
0.212382
0.346766
0.125963
0.373812
0.293576
0.301130
0.615184
0.058111
0.414240
0.681316
0.372184
0.040434
0.395748
0.021415
0.409821
0.337084
0.334349
0.188621
0.504363
0.554312
0.185799
0.424359
0.508087
0.169514
0.226622
0.408477
0.330417
0.228837
0.117310
0.090275
0.006017
0.440388
0.206474
0.051269
0.197283
0.087340
0.322102
0.364324
0.369339
0.302058
0.303022
0.250792
0.285960
0.491421
0.343129
0.267086
0.323748
0.661805
0.390853
0.388772
0.386307
0.063409
0.450109
0.159141
0.050099
0.597625
0.007841
0.531185
0.507186
0.062360
0.039554
0.168532
0.337097
0.168941
0.080719
0.003024
0.168773
0.464439
0.093772
0.013124
0.138501
0.208231
0.068567
0.296057
0.124247
0.247184
0.245014
0.312873
0.579897
0.496809
0.278563
0.089812
0.336010
0.387246
0.607027
0.280554
0.416233
0.048295
0.218022
0.107951
0.406289
0.418764
0.021450
0.205846
0.309763
0.023821
0.620291
0.282726
0.487822
0.193103
0.070731
0.237698
0.521374
0.170926
0.435357
0.559219
0.488563
0.079088
0.080705
0.631083
0.331010
0.361892
0.371443
0.057094
0.503654
0.063645
0.449121
0.267418
0.243291
0.254408
0.461372
0.440666
0.290724
0.234129
0.314236
0.009359
0.061505
0.461250
0.500009
0.218164
0.305098
0.478723
0.403951
0.383930
0.171867
0.333160
0.240792
0.061068
0.006624
0.126185
0.279474
0.031067
0.405419
0.017020
0.215402
0.087194
0.044053
0.053202
0.180582
0.409364
0.167271
0.157633
0.291249
0.543364
0.208912
0.246001
0.120749
0.071953
0.407886
0.679091
0.109874
0.214406
0.168807
0.290849
0.593034
0.330138
0.045842
0.081126
0.488381
0.406443
0.398272
0.393969
0.109004
0.462189
0.105902
0.210226
0.343378
0.116355
0.117955
0.063171
0.145258
0.061377
0.597084
0.075311
0.066437
0.163231
0.271698
0.197745
0.000925
0.374604
0.526101
0.293667
0.442464
0.241291
0.058696
0.517296
0.196801
0.318372
0.320302
0.361993
0.166180
0.833268
0.257731
0.006874
0.603804
0.083934
0.318194
0.036357
0.109158
0.162336
0.523862
0.175550
0.014740
0.465555
0.283289
0.429220
0.757193
0.481609
0.517669
0.476822
0.238652
0.130493
0.021743
0.127231
0.163204
0.142487
0.144173
0.539519
0.264459
0.104166
0.030740
0.439818
0.143907
0.092572
0.526917
0.094433
0.307126
0.557759
0.452031
0.077354
0.469082
0.325505
0.086771
0.339934
0.020492
0.139322
0.030834
0.262488
0.038857
0.135978
0.210042
0.508827
0.113560
0.083646
0.072232
0.034753
0.494027
0.070779
0.094054
0.291319
0.265027
0.211089
0.114796
0.051909
0.619057
0.112793
0.240277
0.074963
0.132218
0.203151
0.464247
0.027276
0.589312
0.148174
0.367088
0.206634
0.305060
0.125754
0.287632
0.313825
0.308777
0.330076
0.330518
0.618538
0.210783
0.250993
0.063220
0.031113
0.408436
0.086144
0.341478
0.005756
0.115611
0.137303
0.461649
0.509503
0.105446
0.556960
0.041394
0.352328
0.302599
0.165274
0.255401
0.088367
0.463415
0.376515
0.253810
0.311377
0.169663
0.756288
0.352112
0.035787
0.119911
0.028376
0.116668
0.201478
0.077173
0.448864
0.021742
0.572612
0.032047
0.124260
0.576877
0.080220
0.717670
0.032689
0.707992
0.540338
0.007887
0.321961
0.335559
0.191430
0.700000
0.243304
0.061391
0.484488
0.036226
0.141651
0.333595
0.378880
0.107864
0.413136
0.545107
0.112390
0.293052
0.001704
0.496426
0.631924
0.186995
0.313435
0.114295
0.031904
0.113183
0.493984
0.465715
0.407915
0.379265
0.477460
0.054101
0.405701
0.514702
0.285232
0.208958
0.531215
0.266487
0.288985
0.309069
0.534625
0.122141
0.133547
0.388934
0.217279
0.122155
0.134876
0.475442
0.143902
0.003510
0.320363
0.209696
0.061371
0.004883
0.156998
0.322480
0.196396
0.356003
0.392017
0.222032
0.037284
0.413344
0.208932
0.242633
0.033139
0.410098
0.052753
0.178465
0.379324
0.143635
0.581160
0.252997
0.379855
0.221821
0.252974
0.046267
0.419774
0.113725
0.049555
0.165040
0.045504
0.461679
0.096138
0.221160
0.095454
0.295148
0.547115
0.549655
0.378635
0.037798
0.309700
0.386623
0.360078
0.201758
0.080696
0.261204
0.636866
0.093478
0.186522
0.264568
0.192124
0.041837
0.473460
0.174553
0.390705
0.317607
0.218407
0.265830
0.103889
0.458052
0.173771
0.494740
0.229988
0.672761
0.623365
0.185505
0.219559
0.001459
0.407027
0.122326
0.119763
0.333859
0.074301
0.061077
0.389849
0.347653
0.104774
0.541397
0.284132
0.548665
0.027962
0.341687
0.503042
0.189257
0.110386
0.755839
0.070324
0.010145
0.230010
0.071887
0.095055
0.606290
0.309769
0.187651
0.697609
0.197918
0.223886
0.645736
0.480280
0.023965
0.123546
0.233306
0.383509
0.000713
0.462091
0.166014
0.395545
0.040921
0.218487
0.175966
0.451550
0.052480
0.513690
0.395231
0.119006
0.442220
0.020179
0.347359
0.256300
0.141917
0.393567
0.010034
0.463147
0.148009
0.489281
0.126107
0.475861
0.068110
0.074373
0.075396
0.434735
0.361553
0.156292
0.488809
0.159653
0.275497
0.178369
0.013512
0.671632
0.303854
0.312138
0.112856
0.076222
0.170656
0.707403
0.357300
0.274265
0.060430
0.437531
0.381939
0.557184
0.098269
0.385068
0.590994
0.115017
0.195470
0.219012
0.499707
0.075392
0.358698
0.069639
0.114975
0.423675
0.277143
0.275571
0.469490
0.144229
0.513384
0.426120
0.186656
0.596375
0.201696
0.140776
0.298877
0.690237
0.181025
0.217521
0.307996
0.133983
0.217963
0.189314
0.418647
0.443365
0.144814
0.337105
0.086981
0.229849
0.354106
0.002765
0.489078
0.074285
0.251336
0.168756
0.389971
0.305452
0.289156
0.498342
0.097122
0.512569
0.055990
0.292983
0.308184
0.175552
0.176135
0.018338
0.303076
0.653094
0.080769
0.318073
0.047210
0.009805
0.167492
0.308778
0.025029
0.200181
0.081374
0.662813
0.105124
0.364798
0.422989
0.281971
0.203906
0.097653
0.420073
0.311425
0.279405
0.423819
0.319623
0.475611
0.613220
0.139706
0.270517
0.070962
0.021539
0.131085
0.141641
0.638413
0.353316
0.292001
0.094948
0.440720
0.393753
0.578038
0.397421
0.257379
0.577377
0.265620
0.303270
0.395201
0.216273
0.418076
0.135718
0.424453
0.133008
0.378457
0.106527
0.587785
0.323100
0.214122
0.027688
0.152753
0.044856
0.315703
0.440471
0.303066
0.271504
0.111016
0.080911
0.248026
0.290011
0.159046
0.018416
0.128674
0.016259
0.408665
0.362856
0.123143
0.260803
0.033610
0.515006
0.274433
0.243626
0.153086
0.143490
0.729706
0.528097
0.160485
0.114970
0.027169
0.532763
0.388465
0.364989
0.012798
0.021791
0.097690
0.552834
0.419482
0.337512
0.766616
0.301468
0.335421
0.111572
0.183172
0.123803
0.260524
0.123948
0.167270
0.007678
0.484328
0.192489
0.427766
0.274589
0.146850
0.131950
0.288766
0.059937
0.242310
0.238358
0.462846
0.237726
0.088440
0.041238
0.173751
0.351056
0.277893
0.179567
0.354416
0.600812
0.399336
0.140157
0.271519
0.060963
0.395418
0.742172
0.307237
0.216088
0.251751
0.581027
0.523509
0.436120
0.128840
0.037963
0.012802
0.074009
0.284893
0.314469
0.392937
0.439076
0.164093
0.236479
0.052157
0.221254
0.715712
0.287944
0.463814
0.374731
0.017195
0.069521
0.439556
0.166003
0.293276
0.108919
0.025732
0.055341
0.501753
0.196443
0.315836
0.308912
0.020462
0.392590
0.254549
0.099848
0.337148
0.432247
0.321108
0.253058
0.183429
0.402913
0.171507
0.374110
0.114137
0.121996
0.128301
0.557873
0.753066
0.140849
0.226273
0.399099
0.660172
0.503685
0.309642
0.136042
0.425086
0.156620
0.181565
0.813212
0.213535
0.002013
0.264601
0.426211
0.041752
0.429883
0.554869
0.075837
0.405842
0.347201
0.275699
0.106103
0.354791
0.714455
0.082408
0.196279
0.509324
0.297574
0.131786
0.062946
0.391487
0.684803
0.137788
0.052289
0.516068
0.060803
0.235377
0.282448
0.296532
0.354083
0.267411
0.378632
0.332599
0.238629
0.248049
0.456269
0.452922
0.012829
0.554643
0.466708
0.554240
0.187326
0.488880
0.240836
0.134061
0.479470
0.137396
0.442935
0.475159
0.174944
0.018483
0.479085
0.257801
0.188480
0.102797
0.497011
0.063283
0.058758
0.296616
0.281353
0.251246
0.175137
0.512299
0.098386
0.227906
0.241298
0.495513
0.283473
0.136455
0.043115
0.238010
0.140873
0.507174
0.311214
0.154545
0.170060
0.145307
0.069722
0.463486
0.521942
0.096044
0.289273
0.336258
0.387261
0.508498
0.202825
0.465977
0.382305
0.284208
0.483585
0.320602
0.361952
0.534590
0.270365
0.653989
0.060398
0.251642
0.322296
0.650515
0.295054
0.403494
0.207100
0.012649
0.182538
0.590379
0.456053
0.063095
0.068016
0.043784
0.456354
0.426318
0.119805
0.073311
0.005204
0.373107
0.049415
0.272385
0.372257
0.001029
0.263223
0.507249
0.013176
0.034346
0.082064
0.036755
0.098238
0.145609
0.076952
0.574201
0.091370
0.133296
0.242989
0.235364
0.328723
0.187730
0.748144
0.572748
0.011028
0.097576
0.065659
0.043686
0.871016
0.247325
0.240872
0.346949
0.049273
0.435696
0.265397
0.002178
0.196618
0.277012
0.350443
0.354745
0.134112
0.209059
0.151320
0.122348
0.161228
0.380684
0.618646
0.196024
0.163087
0.295161
0.033544
0.189672
0.331776
0.433736
0.324030
0.673555
0.045972
0.288001
0.679391
0.218250
0.028281
0.120180
0.113085
0.653931
0.321654
0.151296
0.536283
0.031637
0.184463
0.189574
0.207212
0.367062
0.537877
0.026044
0.289059
0.308598
0.490532
0.164087
0.133476
0.839003
0.256833
0.120661
0.279031
0.187631
0.661164
0.168677
0.638816
0.413802
0.342769
0.549749
0.168412
0.102399
0.177922
0.010731
0.070827
0.212904
0.394866
0.081959
0.178816
0.006503
0.662234
0.110137
0.190229
0.138277
0.066767
0.309753
0.359496
0.396820
0.093419
0.015624
0.310941
0.594068
0.100804
0.066115
0.243458
0.503302
0.060812
0.051193
0.489336
0.257344
0.281591
0.053983
0.376091
0.058810
0.351407
0.080460
0.760457
0.084234
0.395623
0.383241
0.157195
0.280393
0.392519
0.057949
0.100109
0.563429
0.587167
0.731114
0.209105
0.212881
0.489108
0.198423
0.450604
0.262990
0.470710
0.010413
0.506108
0.018963
0.303422
0.193558
0.468439
0.647041
0.417160
0.006127
0.027086
0.031756
0.485668
0.450820
0.025833
0.094292
0.218481
0.355443
0.041585
0.535876
0.331786
0.656672
0.473903
0.057743
0.008298
0.427730
0.507108
0.495990
0.163599
0.115421
0.052257
0.456800
0.470533
0.137861
0.398621
0.242633
0.680343
0.388694
0.636793
0.344671
0.043023
0.132801
0.067074
0.209841
0.540209
0.571036
0.425060
0.070448
0.502652
0.274889
0.149640
0.266611
0.260067
0.445312
0.223182
0.398156
0.637193
0.018557
0.363245
0.672390
0.256729
0.076147
0.346701
0.009172
0.421664
0.390765
0.262427
0.330838
0.480978
0.447462
0.044648
0.333403
0.552241
0.256190
0.333473
0.379110
0.358202
0.176663
0.154008
0.101619
0.114881
0.417644
0.266034
0.068475
0.252706
0.079364
0.472669
0.389512
0.389721
0.219587
0.395277
0.141515
0.299949
0.522039
0.427799
0.202282
0.270871
0.597515
0.362982
0.323484
0.416600
0.132618
0.390650
0.214208
0.005842
0.674965
0.028081
0.428072
0.561681
0.243903
0.014691
0.229348
0.366154
0.150582
0.180191
0.035557
0.089303
0.443474
0.189920
0.034280
0.065282
0.137821
0.007851
0.250696
0.065311
0.363968
0.263534
0.331860
0.736898
0.499246
0.407406
0.094797
0.376277
0.313338
0.685482
0.311132
0.466504
0.089701
0.147759
0.048939
0.344760
0.634020
0.107787
0.274804
0.259936
0.137266
0.462991
0.278004
0.509596
0.204441
0.018495
0.368213
0.405498
0.224399
0.369853
0.619420
0.727954
0.122390
0.048256
0.633823
0.351329
0.376051
0.241777
0.058121
0.409684
0.005038
0.537323
0.262455
0.445250
0.201719
0.296649
0.378852
0.325010
0.232246
0.324423
0.131750
0.009442
0.451839
0.510237
0.192271
0.323337
0.457978
0.469471
0.398975
0.086207
0.306844
0.291196
0.070260
0.059625
0.183349
0.339043
0.062314
0.346926
0.020449
0.288165
0.029669
0.162648
0.109574
0.143845
0.440781
0.135585
0.023175
0.307636
0.478281
0.279967
0.316252
0.093906
0.063716
0.445182
0.620247
0.090161
0.266661
0.195368
0.307134
0.519131
0.378483
0.098851
0.036915
0.596953
0.251289
0.287041
0.276382
0.145187
0.458704
0.009155
0.165665
0.351331
0.133018
0.190629
0.011012
0.178270
0.045524
0.673576
0.054557
0.084554
0.244539
0.212333
0.299961
0.024798
0.471207
0.431492
0.447208
0.594622
0.226723
0.013995
0.567146
0.148287
0.224415
0.249036
0.222779
0.285611
0.752893
0.358089
0.106548
0.568499
0.023286
0.287757
0.088290
0.088350
0.154024
0.627564
0.014130
0.188480
0.444843
0.202143
0.458232
0.735978
0.468776
0.496892
0.425606
0.189652
0.122784
0.010723
0.265430
0.140354
0.297719
0.111584
0.421753
0.082548
0.056180
0.054489
0.507429
0.247980
0.017962
0.407398
0.160783
0.338674
0.671431
0.438193
0.011460
0.438613
0.332825
0.104592
0.340592
0.105898
0.272742
0.168008
0.245730
0.014643
0.190651
0.166394
0.436608
0.045683
0.009866
0.208619
0.033680
0.359251
0.086913
0.024427
0.433664
0.288873
0.132607
0.223973
0.018521
0.530204
0.096225
0.265253
0.053738
0.104067
0.162914
0.426934
0.046218
0.695648
0.039482
0.404841
0.046872
0.316802
0.097302
0.315291
0.233441
0.359543
0.563613
0.187565
0.627291
0.190638
0.091801
0.070247
0.008006
0.416727
0.228101
0.349528
0.001860
0.221207
0.153732
0.479691
0.458703
0.144006
0.575377
0.026600
0.347075
0.116879
0.154527
0.298515
0.067165
0.469145
0.190731
0.205361
0.325158
0.276443
0.627181
0.252399
0.050701
0.115154
0.002028
0.097199
0.268516
0.087315
0.525815
0.059932
0.543643
0.011325
0.182134
0.512762
0.076830
0.491126
0.098525
0.708570
0.409914
0.034477
0.342270
0.281572
0.264200
0.634948
0.250171
0.075869
0.468573
0.020613
0.117543
0.384966
0.250636
0.065342
0.314824
0.628634
0.168291
0.310422
0.015407
0.375945
0.627938
0.288766
0.299953
0.122267
0.021568
0.047039
0.409224
0.373326
0.388667
0.535179
0.415843
0.004815
0.348352
0.451618
0.225382
0.198103
0.483858
0.266925
0.390692
0.350354
0.333276
0.121603
0.132663
0.389704
0.178096
0.155567
0.009954
0.543990
0.207123
0.015285
0.478962
0.278750
0.083589
0.024947
0.123387
0.339627
0.068577
0.314257
0.349927
0.024871
0.043805
0.225682
0.152220
0.233473
0.010963
0.402054
0.023508
0.091267
0.366883
0.218388
0.482795
0.161126
0.260833
0.190488
0.185386
0.104900
0.378487
0.237093
0.017072
0.262242
0.080879
0.545179
0.039662
0.235317
0.114144
0.210549
0.459230
0.439811
0.333758
0.020782
0.172556
0.372091
0.304300
0.210649
0.112350
0.251886
0.554517
0.230414
0.275208
0.166044
0.280329
0.099567
0.418708
0.120464
0.215606
0.394213
0.091885
0.313791
0.133595
0.398367
0.197343
0.345561
0.175339
0.733726
0.362431
0.113704
0.398650
0.009649
0.310260
0.088465
0.197143
0.198009
0.010927
0.190794
0.359246
0.350727
0.031131
0.606811
0.218865
0.396005
0.145213
0.266553
0.479614
0.179878
0.151626
0.689000
0.118703
0.098226
0.239128
0.049183
0.129182
0.500236
0.276764
0.246873
0.746486
0.148432
0.189989
0.555517
0.282850
0.029409
0.063954
0.291312
0.248888
0.112089
0.509775
0.054729
0.350892
0.107933
0.079679
0.239729
0.536089
0.003924
0.437336
0.359310
0.005908
0.409694
0.158934
0.333780
0.259286
0.137251
0.359186
0.035094
0.363243
0.148660
0.381171
0.147426
0.307063
0.035204
0.139592
0.166987
0.464263
0.435596
0.215896
0.487754
0.150748
0.365083
0.204378
0.129807
0.540899
0.378314
0.367768
0.031355
0.032631
0.377882
0.579550
0.258776
0.112706
0.311772
0.320206
0.322282
0.511743
0.013689
0.456082
0.518732
0.153363
0.204143
0.294256
0.472665
0.130206
0.313599
0.043253
0.192292
0.524772
0.299856
0.119915
0.517698
0.089581
0.483934
0.481419
0.139106
0.622936
0.353340
0.050990
0.227393
0.633898
0.212867
0.208367
0.318882
0.106666
0.268316
0.165940
0.442860
0.388751
0.080158
0.406840
0.165457
0.231232
0.362116
0.071249
0.517408
0.072419
0.200823
0.028620
0.373550
0.342554
0.207449
0.404262
0.131101
0.510399
0.030723
0.232564
0.371623
0.143111
0.221946
0.059815
0.288798
0.628863
0.129526
0.283801
0.167841
0.082663
0.262359
0.237686
0.081311
0.058477
0.084361
0.561689
0.274315
0.339577
0.346020
0.272832
0.179118
0.083947
0.454250
0.377576
0.196499
0.504775
0.289434
0.306537
0.634029
0.163516
0.158612
0.087707
0.080468
0.087369
0.093317
0.690240
0.349990
0.105773
0.093766
0.533707
0.409319
0.468341
0.311454
0.176043
0.433596
0.124080
0.148760
0.213745
0.285665
0.322910
0.049956
0.404359
0.201680
0.404856
0.256444
0.546221
0.143769
0.222319
0.007187
0.280118
0.204415
0.267079
0.536733
0.191874
0.239476
0.130421
0.134254
0.159811
0.283194
0.042664
0.098832
0.111777
0.017895
0.476325
0.271404
0.178802
0.248993
0.051732
0.532880
0.210494
0.217201
0.125394
0.163727
0.525478
0.591309
0.052995
0.175271
0.071899
0.411239
0.248781
0.260709
0.057793
0.115064
0.028473
0.583139
0.458679
0.348099
0.677069
0.207812
0.209722
0.055425
0.122521
0.246935
0.261058
0.132941
0.294483
0.051210
0.507691
0.116316
0.305844
0.276840
0.116195
0.225477
0.077436
0.155169
0.308871
0.324651
0.526658
0.331122
0.167340
0.004502
0.225970
0.365371
0.337122
0.280161
0.328512
0.668022
0.463723
0.172808
0.160770
0.177322
0.258210
0.842976
0.472494
0.198630
0.141833
0.574969
0.490209
0.441191
0.025666
0.111582
0.101030
0.248953
0.246809
0.343287
0.354200
0.614294
0.180762
0.176404
0.006643
0.278672
0.773348
0.286693
0.447615
0.310988
0.010537
0.007744
0.402457
0.198761
0.328076
0.031825
0.054932
0.028414
0.359369
0.245797
0.337372
0.281583
0.067568
0.454148
0.096170
0.118314
0.313624
0.452762
0.285823
0.226211
0.296716
0.405663
0.134558
0.442679
0.127453
0.222538
0.135660
0.561829
0.734905
0.209091
0.238785
0.228291
0.639987
0.411309
0.371553
0.108888
0.387009
0.092865
0.222487
0.693618
0.087820
0.018741
0.280642
0.448959
0.034804
0.468036
0.347337
0.133374
0.216238
0.352659
0.264237
0.061774
0.351282
0.736003
0.031492
0.145075
0.716833
0.297668
0.078293
0.098575
0.311197
0.602737
0.292079
0.019674
0.754863
0.021610
0.181724
0.310042
0.363747
0.330262
0.249583
0.459687
0.277335
0.222149
0.136332
0.297275
0.316234
0.171389
0.356045
0.271134
0.536628
0.247681
0.500073
0.299230
0.066510
0.496792
0.192376
0.473985
0.603139
0.243962
0.013838
0.419193
0.234649
0.197056
0.127028
0.444940
0.191607
0.118171
0.236827
0.234677
0.278037
0.296701
0.483108
0.145231
0.101315
0.098219
0.449775
0.344061
0.062213
0.002704
0.147639
0.156025
0.602687
0.315917
0.237916
0.032441
0.071797
0.033126
0.442540
0.684254
0.014042
0.203492
0.388267
0.496443
0.450369
0.086398
0.556337
0.241116
0.290933
0.484240
0.284109
0.241785
0.690982
0.184934
0.658199
0.078878
0.365464
0.329576
0.668200
0.301111
0.455727
0.224990
0.066762
0.266758
0.576881
0.437905
0.179629
0.204010
0.042037
0.424018
0.207654
0.075837
0.211871
0.136491
0.301044
0.022578
0.306620
0.409831
0.069740
0.133014
0.543438
0.000527
0.028313
0.095119
0.004337
0.208366
0.129594
0.207903
0.578937
0.000603
0.249821
0.236560
0.242393
0.298417
0.230910
0.660350
0.488778
0.045360
0.140608
0.015957
0.091007
0.650252
0.293249
0.225798
0.399532
0.011384
0.385679
0.198120
0.046880
0.247285
0.350736
0.333719
0.381400
0.228625
0.203168
0.157627
0.305987
0.168401
0.340535
0.645483
0.165197
0.052657
0.148741
0.084842
0.296446
0.518289
0.350257
0.273669
0.620840
0.073285
0.249071
0.654530
0.350235
0.070581
0.151156
0.074770
0.396779
0.237374
0.004709
0.471966
0.096591
0.016969
0.201205
0.197283
0.401863
0.583446
0.058376
0.322851
0.281261
0.312535
0.085053
0.261916
0.778173
0.108446
0.121223
0.165532
0.206016
0.685785
0.142098
0.527401
0.310172
0.214395
0.672314
0.003353
0.179800
0.204819
0.143499
0.234118
0.238729
0.352545
0.285820
0.256227
0.031776
0.750997
0.136831
0.082897
0.168108
0.033478
0.301107
0.382169
0.231885
0.088095
0.164541
0.305944
0.455574
0.061727
0.187511
0.301905
0.404611
0.002280
0.116289
0.376185
0.302223
0.289620
0.074108
0.414056
0.120964
0.386188
0.060782
0.605928
0.106946
0.349229
0.294229
0.113512
0.335535
0.363065
0.042345
0.084923
0.475992
0.687283
0.563982
0.296845
0.385005
0.563804
0.187973
0.245528
0.232592
0.494631
0.038404
0.526332
0.020912
0.151831
0.057612
0.475299
0.449640
0.238779
0.097806
0.002077
0.057753
0.407439
0.473062
0.132581
0.057078
0.218935
0.352875
0.056838
0.560724
0.282623
0.624065
0.526968
0.074686
0.029715
0.495654
0.502606
0.423899
0.066997
0.057972
0.000057
0.569828
0.411145
0.154672
0.369059
0.113246
0.695011
0.334387
0.654425
0.115406
0.029773
0.273438
0.032075
0.085917
0.511779
0.588706
0.331949
0.041400
0.406564
0.373202
0.159442
0.146501
0.354553
0.382346
0.134283
0.442453
0.477790
0.032142
0.318404
0.527328
0.158283
0.203199
0.262578
0.054912
0.417874
0.361478
0.159257
0.383119
0.426044
0.337548
0.097504
0.221902
0.605913
0.323963
0.377350
0.278213
0.436753
0.167248
0.117256
0.267482
0.170411
0.482740
0.240382
0.024932
0.323067
0.044896
0.521461
0.411484
0.349981
0.141193
0.498393
0.048435
0.329977
0.491782
0.422897
0.079537
0.224444
0.485331
0.223489
0.230692
0.357432
0.157446
0.328217
0.243031
0.061956
0.674428
0.045155
0.263965
0.538593
0.562851
0.021748
0.257509
0.443957
0.050124
0.297010
0.187976
0.023115
0.346681
0.292031
0.036646
0.047129
0.010615
0.121983
0.189942
0.060056
0.457298
0.219367
0.322091
0.741772
0.478181
0.464719
0.077865
0.406981
0.216852
0.605871
0.307448
0.443656
0.187105
0.090935
0.175637
0.168588
0.875333
0.149194
0.349398
0.185599
0.175811
0.283058
0.274693
0.525539
0.186772
0.017538
0.374403
0.257683
0.246650
0.270777
0.616765
0.825676
0.209304
0.038610
0.627767
0.387922
0.422337
0.200881
0.043381
0.259845
0.069193
0.550726
0.312183
0.570472
0.131560
0.099992
0.335012
0.389235
0.238183
0.166972
0.340878
0.071175
0.467759
0.494377
0.089317
0.313301
0.340871
0.407876
0.246946
0.423181
0.273767
0.308373
0.074745
0.124816
0.251080
0.448208
0.108705
0.280651
0.089494
0.261467
0.008933
0.222350
0.139105
0.083220
0.494123
0.117328
0.084646
0.332243
0.269537
0.380610
0.372507
0.065488
0.030585
0.460972
0.522360
0.001466
0.351893
0.175721
0.320790
0.369012
0.375840
0.125327
0.162560
0.660767
0.068317
0.239596
0.045633
0.169877
0.386976
0.063533
0.139849
0.370841
0.122221
0.242332
0.175093
0.195664
0.046784
0.685888
0.066532
0.129156
0.357375
0.167476
0.498598
0.107032
0.451940
0.323636
0.549381
0.647290
0.196432
0.085238
0.544913
0.106654
0.189589
0.137255
0.074022
0.327577
0.546292
0.370965
0.169512
0.502473
0.013324
0.221381
0.114935
0.061760
0.126564
0.585618
0.142389
0.387629
0.388585
0.124794
0.440925
0.613159
0.430351
0.452760
0.346776
0.159676
0.134536
0.062256
0.426148
0.032870
0.466289
0.005314
0.283233
0.023832
0.027646
0.080292
0.512430
0.261552
0.122974
0.199705
0.184515
0.385275
0.704961
0.437070
0.081893
0.343948
0.374744
0.198720
0.318355
0.222605
0.385120
0.289255
0.277166
0.085941
0.216073
0.148543
0.298778
0.010515
0.138496
0.296819
0.027472
0.232947
0.069638
0.149763
0.528308
0.339144
0.068038
0.255207
0.038287
0.439825
0.013030
0.261363
0.088734
0.148190
0.109309
0.360125
0.098946
0.724536
0.090380
0.425873
0.152083
0.276125
0.143676
0.343612
0.118925
0.304911
0.726126
0.031717
0.565106
0.148082
0.022369
0.197954
0.041879
0.384869
0.274079
0.361923
0.047410
0.292581
0.104644
0.501593
0.314800
0.139391
0.464795
0.029643
0.261522
0.011076
0.159305
0.256750
0.074211
0.413876
0.139513
0.248102
0.345076
0.346981
0.422542
0.139608
0.125708
0.045684
0.008772
0.008864
0.248474
0.138873
0.582446
0.138337
0.520665
0.043024
0.234447
0.424571
0.170042
0.253054
0.145030
0.611522
0.237270
0.027862
0.379631
0.285867
0.283115
0.494532
0.228334
0.081450
0.407969
0.113231
0.110294
0.319780
0.136814
0.028019
0.161178
0.637838
0.271119
0.264212
0.029696
0.293403
0.551791
0.404632
0.185764
0.145100
0.010899
0.039520
0.274060
0.202859
0.301683
0.625082
0.317276
0.092748
0.325514
0.332408
0.174669
0.148299
0.371633
0.252182
0.422367
0.381603
0.117166
0.151468
0.090201
0.474361
0.103167
0.150178
0.046942
0.582459
0.306707
0.126354
0.566823
0.305218
0.047899
0.024010
0.150105
0.325604
0.024067
0.220383
0.334448
0.223540
0.039418
0.065666
0.159831
0.224927
0.023827
0.341452
0.056962
0.003443
0.280173
0.244706
0.365024
0.005044
0.093380
0.185985
0.144092
0.154679
0.351483
0.351146
0.140880
0.261256
0.009857
0.482578
0.020462
0.219775
0.165140
0.141921
0.321045
0.366046
0.216098
0.054299
0.023084
0.342071
0.273888
0.196167
0.143809
0.293494
0.450610
0.317786
0.278348
0.133996
0.398619
0.183462
0.328340
0.031027
0.046755
0.361971
0.028783
0.346053
0.186237
0.396185
0.228422
0.163018
0.158242
0.697205
0.026081
0.060431
0.532065
0.037795
0.178892
0.105958
0.164886
0.083265
0.133471
0.269552
0.306665
0.339233
0.146535
0.561595
0.177998
0.233448
0.220580
0.162377
0.420354
0.187091
0.173633
0.545563
0.149496
0.241256
0.267840
0.018702
0.189146
0.330880
0.181496
0.330270
0.639680
0.073090
0.159971
0.386613
0.094848
0.059928
0.023087
0.344590
0.146293
0.215738
0.520734
0.091814
0.300675
0.153078
0.008829
0.182479
0.473800
0.052230
0.303603
0.292552
0.063837
0.386720
0.222844
0.299946
0.295813
0.162493
0.254559
0.034023
0.277958
0.132503
0.277537
0.174077
0.147502
0.105916
0.248768
0.320893
0.545237
0.540394
0.236035
0.423571
0.147401
0.487588
0.183482
0.257191
0.356653
0.405740
0.376694
0.028918
0.037189
0.552026
0.427042
0.159489
0.003779
0.498693
0.243097
0.245734
0.408046
0.006866
0.463354
0.351087
0.208310
0.192784
0.368419
0.415951
0.172163
0.300174
0.012105
0.162300
0.578458
0.317673
0.003292
0.511828
0.077620
0.404534
0.450594
0.146660
0.600077
0.422613
0.218426
0.224442
0.451975
0.248177
0.107561
0.330857
0.061394
0.253244
0.093833
0.426430
0.265829
0.020683
0.427553
0.225373
0.239470
0.312297
0.109581
0.516140
0.086725
0.176212
0.124529
0.391432
0.392026
0.045309
0.312647
0.185474
0.432540
0.072355
0.192656
0.379679
0.126777
0.242230
0.133741
0.353165
0.478305
0.151851
0.233037
0.283804
0.167716
0.320600
0.161859
0.208016
0.143321
0.121492
0.378809
0.348177
0.363846
0.218839
0.255813
0.212695
0.117167
0.444825
0.494183
0.151223
0.512471
0.166822
0.044108
0.546479
0.220962
0.089717
0.073147
0.154515
0.002607
0.032408
0.611351
0.240389
0.030900
0.041305
0.497773
0.374048
0.379421
0.244667
0.068665
0.224354
0.035881
0.039475
0.036971
0.373913
0.219591
0.038996
0.368372
0.265174
0.391901
0.396732
0.449950
0.090407
0.235768
0.033764
0.300846
0.368830
0.173195
0.536715
0.055319
0.191025
0.205752
0.235005
0.010497
0.194335
0.127474
0.191139
0.100872
0.017591
0.479561
0.185058
0.261828
0.197755
0.000390
0.564937
0.095081
0.153782
0.024373
0.125972
0.314747
0.571334
0.024112
0.218017
0.132319
0.194296
0.124180
0.128815
0.048449
0.225632
0.149054
0.545961
0.415674
0.372161
0.420608
0.153573
0.104315
0.050892
0.053256
0.390549
0.259048
0.147157
0.445944
0.178091
0.471726
0.062548
0.165482
0.141497
0.186399
0.287065
0.225110
0.217150
0.342097
0.345569
0.551303
0.312334
0.206658
0.030211
0.189508
0.244592
0.408577
0.429187
0.202772
0.544645
0.502301
0.298060
0.065320
0.315967
0.161706
0.765108
0.613262
0.181521
0.051928
0.460170
0.481946
0.389475
0.044108
0.210023
0.148308
0.342843
0.173471
0.348660
0.308648
0.651527
0.088357
0.099968
0.007653
0.287012
0.694313
0.292127
0.306228
0.325884
0.026627
0.058966
0.259939
0.158562
0.356608
0.004417
0.125351
0.051746
0.202855
0.333767
0.288190
0.187789
0.115166
0.517460
0.135064
0.185708
0.239376
0.390656
0.213219
0.270772
0.386537
0.427064
0.155652
0.433544
0.037112
0.262233
0.213035
0.491705
0.487913
0.172451
0.178211
0.013791
0.472227
0.262671
0.379598
0.197675
0.321390
0.072480
0.182710
0.497360
0.023268
0.009020
0.328185
0.358530
0.058416
0.438113
0.093072
0.177580
0.072625
0.380296
0.232777
0.038150
0.379721
0.682221
0.127409
0.088701
0.795292
0.279472
0.055491
0.206382
0.206216
0.403431
0.333232
0.021521
0.863060
0.049754
0.131198
0.374291
0.378219
0.299200
0.212726
0.553647
0.228177
0.159611
0.003303
0.218643
0.276368
0.352712
0.172234
0.159546
0.437239
0.148765
0.472114
0.368309
0.017326
0.490953
0.276301
0.381085
0.609601
0.305224
0.047666
0.357725
0.212273
0.227718
0.112775
0.387314
0.287540
0.145973
0.174969
0.205969
0.218842
0.361034
0.482722
0.243383
0.008654
0.089724
0.323341
0.431886
0.012055
0.034711
0.044691
0.172222
0.719355
0.296702
0.289149
0.104498
0.049545
0.003001
0.454130
0.707733
0.085279
0.125120
0.364180
0.523895
0.296341
0.041013
0.597763
0.119197
0.211741
0.437553
0.260770
0.084865
0.762843
0.081276
0.599492
0.042459
0.479660
0.216815
0.593722
0.293578
0.449965
0.218748
0.114337
0.334669
0.593165
0.443755
0.282459
0.377210
0.065593
0.311550
0.023864
0.101586
0.284088
0.251630
0.202679
0.102028
0.400105
0.335359
0.185734
0.020024
0.470338
0.050733
0.046183
0.082133
0.027105
0.320284
0.113156
0.361027
0.541075
0.096728
0.291672
0.278928
0.273448
0.318456
0.258253
0.520535
0.364028
0.034324
0.216874
0.059516
0.193549
0.435506
0.324337
0.299035
0.378297
0.014117
0.251276
0.158668
0.051966
0.291699
0.349524
0.312866
0.444653
0.356938
0.156272
0.050698
0.509017
0.155274
0.296045
0.650139
0.123557
0.308588
0.067435
0.145225
0.453383
0.613233
0.262925
0.161380
0.556944
0.045638
0.206525
0.601409
0.518029
0.114134
0.144274
0.025080
0.158869
0.072961
0.102629
0.308154
0.087043
0.097136
0.186033
0.143157
0.395299
0.497705
0.111962
0.258910
0.237193
0.133296
0.020243
0.351973
0.570085
0.057403
0.172633
0.065725
0.203546
0.590663
0.129173
0.349524
0.251371
0.002781
0.719622
0.221559
0.203730
0.299818
0.247579
0.288965
0.166652
0.386512
0.509005
0.345087
0.054668
0.689809
0.198026
0.031392
0.239529
0.059198
0.262980
0.331066
0.097796
0.079320
0.170463
0.269868
0.325426
0.058849
0.273216
0.348752
0.318886
0.001790
0.191803
0.226442
0.293915
0.265937
0.202857
0.424563
0.110963
0.393070
0.077492
0.408845
0.067716
0.372374
0.226790
0.053018
0.353303
0.410718
0.100913
0.037373
0.361062
0.683017
0.339390
0.299894
0.458170
0.563857
0.179477
0.001741
0.107934
0.514781
0.061745
0.553149
0.016389
0.028663
0.142068
0.427698
0.227794
0.043976
0.164316
0.040988
0.220707
0.197983
0.554374
0.230472
0.060090
0.165723
0.431955
0.038843
0.539899
0.201764
0.495972
0.469228
0.102086
0.033921
0.638198
0.481760
0.307815
0.014675
0.021403
0.010257
0.575196
0.368538
0.135910
0.228237
0.009581
0.658212
0.296563
0.695731
0.144111
0.115062
0.446847
0.002891
0.034298
0.455059
0.566856
0.291028
0.124733
0.273112
0.479861
0.060943
0.071824
0.367803
0.320661
0.056234
0.455880
0.333276
0.145972
0.192501
0.338147
0.107751
0.269525
0.169001
0.128987
0.399594
0.266124
0.074101
0.354786
0.306577
0.171838
0.141082
0.090658
0.510484
0.432957
0.357485
0.123383
0.514596
0.196047
0.054591
0.387851
0.146899
0.541691
0.120586
0.060007
0.316236
0.068768
0.553165
0.364940
0.299072
0.138301
0.544161
0.043630
0.394143
0.420936
0.396463
0.058623
0.206747
0.331364
0.033757
0.142290
0.231892
0.089506
0.256481
0.246726
0.095268
0.589859
0.030059
0.111650
0.427962
0.800735
0.026135
0.267811
0.501685
0.060992
0.350675
0.326043
0.129042
0.302603
0.380123
0.029780
0.029888
0.051994
0.275640
0.059567
0.108294
0.506920
0.193483
0.223586
0.603507
0.330995
0.482841
0.027674
0.471190
0.124449
0.416883
0.270969
0.357439
0.257774
0.083863
0.227369
0.045282
0.962533
0.194271
0.367537
0.128938
0.135597
0.175660
0.306769
0.549273
0.198962
0.010070
0.337393
0.103977
0.310950
0.132756
0.488886
0.689438
0.274488
0.105143
0.549495
0.400367
0.431737
0.189892
0.019383
0.108223
0.219115
0.424823
0.355607
0.590790
0.142319
0.077188
0.225824
0.421682
0.309416
0.018721
0.454007
0.088849
0.414973
0.409446
0.010700
0.275303
0.217897
0.247454
0.056517
0.596818
0.208189
0.323003
0.098486
0.159695
0.314471
0.543088
0.169774
0.238960
0.084661
0.169772
0.008191
0.236365
0.135503
0.088401
0.465561
0.087211
0.133004
0.340292
0.073239
0.439188
0.417458
0.010194
0.039300
0.389498
0.381248
0.080622
0.406395
0.187675
0.301436
0.236835
0.288855
0.179614
0.262665
0.608939
0.044280
0.219268
0.218193
0.122114
0.349627
0.035203
0.085339
0.350087
0.129962
0.298208
0.355556
0.135150
0.098487
0.671413
0.113427
0.139532
0.423710
0.062880
0.670124
0.096963
0.375101
0.237805
0.561388
0.584115
0.146711
0.174494
0.454891
0.102992
0.149061
0.047808
0.084172
0.370823
0.321889
0.320987
0.192544
0.442644
0.031046
0.201843
0.052216
0.070090
0.059176
0.473260
0.196985
0.506987
0.346718
0.042456
0.416355
0.452232
0.311280
0.353549
0.245563
0.161043
0.138847
0.195749
0.472682
0.188721
0.515305
0.053456
0.157923
0.078895
0.019784
0.065940
0.441174
0.244281
0.270747
0.021759
0.193140
0.362279
0.691628
0.434194
0.125358
0.260226
0.371302
0.276134
0.304955
0.263826
0.502272
0.373641
0.305366
0.086090
0.238908
0.089756
0.157082
0.025061
0.220862
0.310791
0.039060
0.129057
0.018468
0.252229
0.529776
0.394943
0.035893
0.218281
0.094040
0.304383
0.105746
0.180060
0.154262
0.146817
0.153676
0.271360
0.174759
0.661075
0.205387
0.331984
0.339779
0.241527
0.239911
0.341373
0.115978
0.195016
0.762536
0.077302
0.410078
0.077046
0.104710
0.220572
0.104387
0.320523
0.242969
0.323797
0.107608
0.342127
0.132491
0.492648
0.236284
0.145366
0.305252
0.038364
0.148900
0.089358
0.158932
0.240414
0.097355
0.229957
0.095424
0.233760
0.286115
0.478673
0.208967
0.034118
0.172390
0.018980
0.004629
0.054930
0.177009
0.202301
0.700832
0.219524
0.424271
0.133940
0.263868
0.268147
0.205474
0.032781
0.192916
0.372382
0.102315
0.077842
0.441115
0.221822
0.303398
0.423106
0.099907
0.089137
0.307049
0.147800
0.160156
0.217115
0.084327
0.122610
0.040001
0.589994
0.314434
0.278263
0.016392
0.244816
0.427712
0.419160
0.009370
0.140142
0.018092
0.043800
0.189128
0.046587
0.218360
0.610738
0.196400
0.180756
0.237637
0.167069
0.088237
0.130245
0.249103
0.177308
0.388512
0.353306
0.019120
0.196136
0.119508
0.540345
0.020550
0.148340
0.009876
0.520321
0.389622
0.292511
0.551338
0.342660
0.094884
0.036739
0.212653
0.222043
0.010954
0.097568
0.344970
0.296431
0.002641
0.139669
0.195203
0.150435
0.063805
0.368572
0.036088
0.099825
0.233000
0.306426
0.280692
0.150999
0.101723
0.218355
0.113739
0.108787
0.363834
0.441900
0.232151
0.281774
0.182656
0.358058
0.132982
0.165826
0.229344
0.065804
0.184014
0.336188
0.158628
0.176158
0.076475
0.261208
0.222518
0.079772
0.091796
0.286131
0.370065
0.269664
0.262347
0.071887
0.523613
0.312853
0.190912
0.077606
0.044940
0.370512
0.140965
0.337154
0.267854
0.381774
0.250300
0.021644
0.174409
0.480060
0.193247
0.019359
0.530115
0.049874
0.151736
0.084827
0.020415
0.030464
0.292373
0.340880
0.261030
0.353729
0.329941
0.493386
0.135541
0.082425
0.269580
0.090959
0.310889
0.133769
0.167187
0.321697
0.194951
0.288331
0.267675
0.004368
0.271961
0.142732
0.088265
0.293276
0.432990
0.045155
0.174744
0.220622
0.066567
0.004292
0.006186
0.351046
0.044708
0.324791
0.511869
0.237594
0.246034
0.174790
0.059501
0.069097
0.311399
0.046293
0.136873
0.242990
0.188394
0.340100
0.338630
0.243485
0.318003
0.195184
0.197214
0.041050
0.183315
0.043581
0.182134
0.173754
0.100211
0.232150
0.400225
0.390417
0.543482
0.584205
0.237904
0.409071
0.134533
0.531741
0.122589
0.397767
0.127725
0.390999
0.307359
0.081434
0.090692
0.692024
0.285023
0.061068
0.098292
0.616325
0.211801
0.239263
0.392072
0.011754
0.433775
0.139258
0.248178
0.181701
0.409318
0.315270
0.302340
0.282069
0.136313
0.116106
0.526566
0.378535
0.082232
0.382451
0.093582
0.311525
0.396937
0.155237
0.456121
0.368850
0.280130
0.262285
0.258531
0.263909
0.049515
0.280119
0.032281
0.237664
0.057144
0.341331
0.175100
0.049259
0.436250
0.260447
0.245238
0.216090
0.132924
0.478841
0.095268
0.095011
0.243580
0.352501
0.311749
0.072229
0.190273
0.228113
0.383934
0.081638
0.187511
0.340324
0.061334
0.304963
0.246944
0.426079
0.302295
0.232597
0.167306
0.339333
0.263821
0.337049
0.006317
0.319945
0.255535
0.214598
0.182026
0.412307
0.424120
0.104609
0.125960
0.260046
0.119834
0.304738
0.561706
0.094000
0.527337
0.039559
0.198633
0.390006
0.314861
0.010109
0.039345
0.136675
0.115228
0.012456
0.474386
0.122011
0.065157
0.162130
0.369207
0.297385
0.285966
0.126233
0.055833
0.043410
0.079521
0.250387
0.274170
0.452990
0.149184
0.193853
0.285018
0.331003
0.355580
0.578043
0.276338
0.305718
0.177716
0.008586
0.298376
0.396098
0.102726
0.552947
0.073413
0.102706
0.288124
0.356423
0.189633
0.120876
0.304763
0.306535
0.138881
0.048094
0.378721
0.125006
0.350474
0.034181
0.106662
0.469453
0.024246
0.103801
0.053722
0.114431
0.113069
0.524747
0.057317
0.221656
0.197192
0.062121
0.004636
0.046326
0.083797
0.336183
0.250157
0.480946
0.380450
0.390657
0.114522
0.142146
0.021097
0.092778
0.011383
0.465810
0.314550
0.107986
0.542516
0.308218
0.381973
0.008612
0.022224
0.013886
0.280246
0.244884
0.498074
0.233282
0.336917
0.309917
0.505122
0.228490
0.218566
0.021576
0.074920
0.063586
0.438015
0.482689
0.071629
0.402326
0.544010
0.358393
0.077558
0.407744
0.063408
0.673519
0.666686
0.193837
0.172107
0.295963
0.405376
0.329244
0.064110
0.224790
0.073860
0.362028
0.102627
0.292192
0.323041
0.601380
0.032664
0.098247
0.005086
0.283823
0.562477
0.223675
0.114214
0.417617
0.102361
0.089178
0.098638
0.105774
0.366230
0.024377
0.224028
0.059836
0.081332
0.358081
0.283697
0.133323
0.154123
0.526052
0.291385
0.296758
0.154575
0.317002
0.117668
0.278926
0.432558
0.450874
0.146108
0.355440
0.099737
0.242652
0.254354
0.428734
0.216127
0.009569
0.131938
0.246212
0.261354
0.136437
0.362394
0.233133
0.250634
0.075371
0.182373
0.282193
0.008194
0.118275
0.310083
0.361693
0.021797
0.387104
0.182436
0.187335
0.049000
0.404987
0.188780
0.008891
0.410705
0.576870
0.088090
0.043877
0.785953
0.209631
0.014197
0.292612
0.144854
0.241201
0.287068
0.094630
0.911349
0.090378
0.013583
0.335518
0.428736
0.295727
0.104586
0.568829
0.168538
0.076791
0.085372
0.132937
0.252419
0.502097
0.014987
0.017688
0.259334
0.010111
0.393660
0.390956
0.017611
0.405598
0.323540
0.275534
0.526155
0.346073
0.084614
0.293227
0.149021
0.330389
0.074973
0.347376
0.204051
0.196815
0.153930
0.204118
0.066244
0.345502
0.402981
0.320683
0.088042
0.271323
0.229350
0.508013
0.007290
0.138364
0.329528
0.143719
0.765459
0.307117
0.258344
0.174552
0.087715
0.040544
0.383453
0.701586
0.124646
0.076371
0.364184
0.599231
0.135682
0.168447
0.690039
0.041887
0.179535
0.336441
0.183170
0.123183
0.779062
0.034924
0.402431
0.002811
0.545961
0.129040
0.464836
0.357158
0.318794
0.241936
0.128976
0.360083
0.545415
0.405203
0.352471
0.486544
0.156770
0.098532
0.303532
0.087535
0.291091
0.382043
0.034556
0.151718
0.472422
0.254915
0.293787
0.082076
0.416239
0.178389
0.031420
0.088025
0.032385
0.431658
0.114509
0.419737
0.459326
0.220300
0.386582
0.356125
0.262504
0.317928
0.255115
0.356578
0.281891
0.055072
0.224921
0.099393
0.219555
0.220290
0.255075
0.378881
0.345213
0.106708
0.092993
0.113456
0.011039
0.304670
0.329087
0.266313
0.426769
0.423054
0.149790
0.109305
0.682086
0.164283
0.250794
0.539284
0.083217
0.548996
0.220514
0.213278
0.562852
0.679985
0.139558
0.105394
0.453654
0.024398
0.243899
0.529474
0.655906
0.214409
0.085656
0.057297
0.053590
0.158702
0.118925
0.191452
0.034511
0.174326
0.183488
0.083209
0.402763
0.439881
0.104603
0.153930
0.192255
0.007774
0.036706
0.348328
0.397138
0.016261
0.218870
0.012837
0.126371
0.483939
0.118889
0.142105
0.282200
0.190747
0.662477
0.459214
0.192248
0.378866
0.265446
0.290363
0.130137
0.315005
0.609224
0.427504
0.025594
0.584449
0.319475
0.139482
0.368060
0.103993
0.184520
0.207112
0.005568
0.066333
0.155492
0.255107
0.143592
0.097602
0.319505
0.394399
0.244381
0.023472
0.290054
0.019600
0.326975
0.253219
0.361104
0.424259
0.078114
0.338028
0.161436
0.214738
0.002165
0.387079
0.131700
0.023723
0.323863
0.432733
0.128862
0.037932
0.208432
0.582657
0.079358
0.230848
0.469949
0.574760
0.241390
0.292657
0.051105
0.468756
0.067623
0.509299
0.020276
0.165431
0.306900
0.284123
0.034797
0.090781
0.237337
0.081580
0.293175
0.008088
0.621764
0.262493
0.037081
0.108100
0.442512
0.048470
0.546667
0.206551
0.332096
0.317878
0.162972
0.044950
0.710728
0.456178
0.210684
0.042296
0.017524
0.029332
0.576596
0.195865
0.072479
0.044797
0.092627
0.549811
0.257144
0.634991
0.336190
0.172256
0.554676
0.035359
0.154147
0.368745
0.536035
0.206655
0.169562
0.104951
0.535510
0.032926
0.349502
0.333748
0.212887
0.019165
0.389406
0.136214
0.245935
0.056257
0.164050
0.086964
0.327964
0.112325
0.238334
0.331760
0.163627
0.016269
0.292232
0.163921
0.039520
0.160775
0.096970
0.421364
0.463134
0.252719
0.069926
0.539863
0.279331
0.042244
0.394418
0.056467
0.615379
0.068139
0.205970
0.318317
0.173750
0.460057
0.245450
0.252379
0.158316
0.532709
0.092990
0.395956
0.374128
0.247693
0.179362
0.195009
0.202884
0.170951
0.059353
0.090153
0.029811
0.246038
0.269941
0.072201
0.454675
0.055315
0.011528
0.342644
0.920867
0.021467
0.250876
0.556977
0.171042
0.395674
0.492074
0.206313
0.219577
0.405889
0.059545
0.097586
0.091893
0.392528
0.057338
0.139703
0.550054
0.081845
0.102536
0.343597
0.132596
0.451296
0.093663
0.521147
0.022741
0.208489
0.177253
0.245772
0.278356
0.094930
0.202719
0.101520
0.779395
0.212740
0.359207
0.141284
0.040215
0.084399
0.333298
0.547571
0.151769
0.130495
0.207350
0.015399
0.321028
0.031014
0.341856
0.495853
0.376825
0.172826
0.395460
0.406607
0.490104
0.181804
0.098162
0.033078
0.352928
0.247276
0.390436
0.483994
0.186639
0.180318
0.113597
0.382161
0.334727
0.206888
0.513813
0.026450
0.374597
0.313121
0.133280
0.176771
0.078354
0.114168
0.216199
0.765711
0.140113
0.327547
0.100354
0.185518
0.378889
0.609767
0.159693
0.175084
0.047978
0.039874
0.050674
0.203262
0.138232
0.101698
0.436611
0.092934
0.170187
0.255113
0.156333
0.441694
0.395948
0.048960
0.118904
0.340325
0.214887
0.211292
0.488393
0.165618
0.236272
0.183127
0.143825
0.134056
0.338134
0.517934
0.099884
0.245517
0.387770
0.036740
0.324171
0.048553
0.075066
0.337286
0.061208
0.285918
0.499890
0.063652
0.193436
0.639702
0.191537
0.209399
0.370371
0.026601
0.815257
0.087643
0.261088
0.186000
0.475932
0.477954
0.133409
0.278948
0.360602
0.070422
0.175492
0.064527
0.121289
0.390741
0.032626
0.135191
0.167417
0.343392
0.045757
0.166745
0.042900
0.202341
0.027446
0.326322
0.294486
0.551211
0.282573
0.057558
0.373551
0.189991
0.231338
0.279874
0.169155
0.182383
0.139360
0.312714
0.455863
0.377590
0.505845
0.114157
0.119835
0.065803
0.053453
0.040016
0.344500
0.114952
0.372574
0.114632
0.149141
0.368347
0.588257
0.474797
0.167735
0.185791
0.364152
0.397459
0.328651
0.231290
0.490621
0.426560
0.358575
0.082972
0.235737
0.033692
0.064550
0.000569
0.368848
0.206707
0.004599
0.021750
0.073993
0.261070
0.597657
0.379078
0.147045
0.089905
0.201996
0.153360
0.176005
0.098746
0.246420
0.141376
0.190142
0.239313
0.183458
0.534167
0.291610
0.251812
0.456211
0.219446
0.283095
0.334313
0.165022
0.041519
0.661117
0.175738
0.258942
0.007685
0.108652
0.180255
0.149301
0.255779
0.257524
0.347933
0.197919
0.282478
0.084985
0.459692
0.180491
0.132154
0.147161
0.075485
0.004823
0.108271
0.154167
0.141173
0.169160
0.105569
0.141431
0.293820
0.228782
0.627266
0.060938
0.043850
0.274606
0.025074
0.031015
0.165160
0.062852
0.308675
0.704538
0.311098
0.391680
0.180090
0.323208
0.066844
0.177214
0.093730
0.182312
0.193188
0.005902
0.104854
0.418080
0.180383
0.297465
0.388692
0.023658
0.065397
0.234937
0.167265
0.203072
0.087194
0.095822
0.153987
0.176385
0.477821
0.404771
0.257267
0.040640
0.193062
0.301538
0.438177
0.182702
0.077107
0.129369
0.147960
0.035478
0.091786
0.103180
0.490108
0.098241
0.292297
0.186284
0.044583
0.026212
0.109381
0.129415
0.188792
0.305821
0.333151
0.122474
0.233634
0.171565
0.584349
0.109684
0.073284
0.013638
0.450047
0.455177
0.462513
0.412086
0.245193
0.103676
0.112842
0.296694
0.074469
0.079474
0.025920
0.320371
0.262793
0.133931
0.215741
0.290306
0.129088
0.130307
0.384705
0.010294
0.206686
0.199662
0.343540
0.179318
0.301351
0.340929
0.240004
0.121787
0.042164
0.326163
0.487116
0.282321
0.217293
0.301157
0.151146
0.149431
0.108537
0.224425
0.023005
0.044927
0.320384
0.137453
0.309465
0.111570
0.194942
0.142970
0.055417
0.011419
0.269257
0.217659
0.185685
0.153468
0.008312
0.585556
0.429308
0.123802
0.185515
0.086550
0.319935
0.173367
0.353425
0.335755
0.328051
0.197741
0.163762
0.207497
0.262512
0.320683
0.040607
0.532769
0.029548
0.183369
0.133794
0.088592
0.022302
0.450775
0.377333
0.204581
0.370845
0.460232
0.402211
0.084137
0.004332
0.276850
0.002661
0.219142
0.026621
0.124681
0.095581
0.249442
0.242897
0.247507
0.038292
0.363505
0.043538
0.049871
0.199599
0.201389
0.076411
0.164938
0.026790
0.116660
0.094847
0.032515
0.352125
0.062123
0.321145
0.458933
0.398829
0.182167
0.163576
0.017704
0.049563
0.149874
0.015572
0.006182
0.153884
0.255292
0.276925
0.370326
0.144126
0.288188
0.222560
0.127178
0.061493
0.110218
0.074636
0.081049
0.159875
0.062431
0.249929
0.531211
0.487044
0.498269
0.609200
0.210496
0.385916
0.125512
0.495566
0.060038
0.474771
0.031277
0.353577
0.194212
0.160021
0.116867
0.702438
0.171434
0.027526
0.141576
0.676641
0.230172
0.269844
0.268760
0.054554
0.299796
0.069391
0.289214
0.204470
0.393525
0.301364
0.401362
0.270192
0.198104
0.051075
0.405318
0.338681
0.155783
0.189016
0.114124
0.231740
0.265880
0.273989
0.313992
0.290659
0.307315
0.255584
0.084129
0.302782
0.199749
0.248861
0.071035
0.220265
0.004431
0.259334
0.105388
0.119092
0.380495
0.271737
0.163199
0.128791
0.150135
0.381437
0.063141
0.005528
0.305781
0.326338
0.206244
0.172245
0.094254
0.252507
0.303853
0.056859
0.194934
0.236286
0.016340
0.280795
0.345901
0.495445
0.124433
0.324678
0.087331
0.391875
0.313992
0.291573
0.054311
0.458090
0.313903
0.228085
0.044206
0.362469
0.526949
0.032293
0.011715
0.358156
0.105414
0.163445
0.580943
0.098573
0.466464
0.057179
0.489224
0.167639
0.401179
0.045252
0.045266
0.127889
0.286253
0.057192
0.316229
0.001046
0.057358
0.243227
0.275762
0.275540
0.242458
0.064568
0.115087
0.062944
0.113248
0.464725
0.493630
0.471208
0.041197
0.261742
0.164923
0.392575
0.359273
0.604560
0.110865
0.526614
0.113920
0.097146
0.169255
0.459962
0.013249
0.452212
0.113148
0.070666
0.330683
0.489177
0.356908
0.069957
0.465595
0.417042
0.144201
0.054651
0.254189
0.145627
0.430031
0.085248
0.193246
0.385439
0.087640
0.005339
0.136378
0.133300
0.051152
0.407215
0.180276
0.187923
0.314905
0.021195
0.084774
0.005223
0.109595
0.439792
0.313028
0.414069
0.263858
0.279618
0.226969
0.114292
0.164524
0.202003
0.057677
0.514268
0.337024
0.037270
0.607171
0.466918
0.257186
0.004821
0.107631
0.242409
0.408879
0.149684
0.726617
0.204588
0.351693
0.205210
0.428789
0.061811
0.191644
0.090501
0.139253
0.100287
0.445118
0.450430
0.032556
0.267021
0.567946
0.402734
0.145739
0.417570
0.018772
0.442897
0.673679
0.235526
0.239889
0.166937
0.359051
0.248386
0.112490
0.198204
0.012693
0.279468
0.031753
0.204264
0.375605
0.439191
0.029756
0.081402
0.007857
0.271830
0.440143
0.119408
0.115764
0.510693
0.196166
0.120556
0.109451
0.008439
0.362940
0.116703
0.321385
0.098260
0.004875
0.379090
0.174428
0.096625
0.167593
0.480502
0.392648
0.394768
0.100644
0.246761
0.050184
0.352199
0.329258
0.411987
0.162872
0.209329
0.269068
0.187445
0.301029
0.317328
0.083998
0.235569
0.041141
0.437018
0.071058
0.102078
0.277124
0.343390
0.173456
0.139854
0.146590
0.060394
0.058419
0.191198
0.260912
0.288211
0.033972
0.329924
0.380991
0.159537
0.069329
0.409806
0.170486
0.050955
0.388395
0.440571
0.020687
0.031979
0.657510
0.138065
0.045838
0.398401
0.062332
0.030616
0.145249
0.167105
0.796702
0.073770
0.017213
0.361585
0.428303
0.351238
0.050703
0.527352
0.168680
0.007509
0.069707
0.144531
0.329505
0.508051
0.115808
0.131310
0.056395
0.241194
0.285880
0.323457
0.001685
0.301004
0.432777
0.114186
0.408521
0.427880
0.094753
0.295715
0.142544
0.473078
0.025962
0.231174
0.089326
0.190606
0.150761
0.272705
0.108056
0.216989
0.339443
0.436620
0.091580
0.418968
0.149315
0.552319
0.073707
0.283582
0.582818
0.090249
0.726869
0.302773
0.200137
0.165438
0.110485
0.043880
0.385909
0.504283
0.064872
0.097652
0.310156
0.601920
0.024684
0.225415
0.719754
0.005078
0.062870
0.252301
0.103312
0.221109
0.663081
0.140476
0.207813
0.045080
0.569396
0.181256
0.302784
0.380662
0.149035
0.273834
0.114161
0.341029
0.538543
0.291496
0.302757
0.584276
0.269103
0.073494
0.475612
0.174437
0.195726
0.466365
0.138421
0.235622
0.467972
0.161362
0.380112
0.175218
0.391241
0.371212
0.030101
0.110842
0.003831
0.460386
0.151776
0.447667
0.390658
0.270416
0.425074
0.411241
0.277059
0.379122
0.252506
0.241937
0.198851
0.090697
0.230102
0.180069
0.218029
0.099679
0.131649
0.489387
0.248909
0.254455
0.065892
0.069869
0.111185
0.299510
0.248023
0.275820
0.430516
0.442834
0.142615
0.275558
0.794316
0.130107
0.252482
0.455854
0.044575
0.699974
0.397940
0.167623
0.651527
0.720193
0.047432
0.003587
0.401645
0.008727
0.321290
0.495467
0.631405
0.289598
0.016561
0.113642
0.200136
0.343219
0.051589
0.062475
0.037842
0.137538
0.153935
0.011319
0.453658
0.337463
0.064180
0.015236
0.215851
0.130169
0.028673
0.265320
0.234411
0.051940
0.311628
0.000896
0.072980
0.315071
0.100731
0.016211
0.301830
0.346460
0.511894
0.645483
0.151976
0.474547
0.194865
0.155990
0.067429
0.278324
0.644893
0.416088
0.019120
0.378632
0.374583
0.214667
0.501273
0.133031
0.156070
0.079433
0.012808
0.023077
0.053342
0.194774
0.034341
0.172667
0.276240
0.366747
0.142386
0.012405
0.331282
0.141863
0.357677
0.273223
0.537397
0.425047
0.031322
0.297966
0.306153
0.061116
0.047728
0.444149
0.043152
0.074415
0.259385
0.441606
0.112621
0.023651
0.183221
0.366146
0.136126
0.211925
0.378444
0.490410
0.274459
0.491986
0.005711
0.427254
0.074406
0.439320
0.000708
0.172255
0.453011
0.139379
0.121077
0.137294
0.277121
0.151149
0.405031
0.146495
0.682220
0.266456
0.073353
0.051110
0.460465
0.090883
0.501376
0.170780
0.111098
0.135911
0.225150
0.028509
0.798942
0.434000
0.093016
0.084753
0.055822
0.105664
0.451032
0.099737
0.009883
0.190105
0.175193
0.450201
0.229072
0.480202
0.479186
0.232396
0.572429
0.072478
0.232048
0.317407
0.541370
0.199803
0.195174
0.032922
0.557698
0.085596
0.582766
0.240985
0.163832
0.047923
0.282380
0.038199
0.403746
0.066759
0.038350
0.085950
0.299621
0.100081
0.357302
0.295501
0.112027
0.038656
0.222146
0.011631
0.122827
0.094261
0.314492
0.203322
0.428667
0.086824
0.230867
0.562888
0.343076
0.127565
0.359353
0.033422
0.546620
0.187158
0.289699
0.297998
0.311607
0.376474
0.092641
0.233265
0.196704
0.336061
0.115491
0.353001
0.308914
0.098843
0.304235
0.199084
0.080056
0.333622
0.043738
0.048109
0.185218
0.241924
0.297981
0.021538
0.308952
0.064613
0.080838
0.250700
0.835312
0.018893
0.249428
0.599189
0.225277
0.355093
0.555964
0.275338
0.227085
0.419360
0.104316
0.257799
0.056938
0.500223
0.151829
0.200503
0.515118
0.006145
0.002220
0.099653
0.129899
0.411400
0.152848
0.524270
0.158119
0.062291
0.082200
0.128292
0.268718
0.174821
0.123291
0.227644
0.461552
0.218870
0.349021
0.218329
0.051936
0.006396
0.319237
0.553199
0.107318
0.244292
0.042000
0.103782
0.408265
0.089931
0.158019
0.265970
0.426019
0.214900
0.202690
0.371971
0.509329
0.153824
0.172475
0.143502
0.475834
0.017533
0.400719
0.349430
0.323606
0.192606
0.016303
0.263839
0.388657
0.340177
0.446826
0.126325
0.335324
0.224277
0.224518
0.114210
0.039067
0.020183
0.415125
0.702418
0.099185
0.345620
0.094515
0.162911
0.410030
0.561577
0.077108
0.104501
0.081489
0.294991
0.086109
0.127840
0.090769
0.173365
0.346141
0.123304
0.140107
0.137623
0.296621
0.361579
0.384848
0.108582
0.167867
0.287396
0.057084
0.303390
0.530431
0.154678
0.172864
0.154184
0.052079
0.124647
0.315985
0.435908
0.116954
0.240837
0.484424
0.125857
0.286336
0.014081
0.108811
0.278434
0.069134
0.201859
0.544514
0.027335
0.258461
0.511288
0.268020
0.248792
0.199781
0.177554
0.761182
0.008678
0.143475
0.136423
0.292625
0.377564
0.122249
0.372855
0.198099
0.092383
0.177628
0.088320
0.189225
0.444225
0.214272
0.110206
0.157561
0.308633
0.130284
0.159555
0.157640
0.477424
0.048523
0.267100
0.263046
0.497242
0.280932
0.155182
0.407177
0.063731
0.010411
0.212317
0.097323
0.195311
0.192028
0.378915
0.319962
0.451547
0.429287
0.133959
0.112521
0.037755
0.055701
0.062364
0.263369
0.018521
0.475847
0.142976
0.185746
0.346139
0.407043
0.484286
0.175645
0.072351
0.262303
0.410889
0.342349
0.148295
0.453422
0.402773
0.357560
0.059477
0.213304
0.017584
0.034406
0.046509
0.416245
0.031283
0.024437
0.022021
0.206949
0.286367
0.561330
0.342909
0.288713
0.067730
0.308189
0.037169
0.226163
0.043260
0.379375
0.077327
0.265655
0.235434
0.183154
0.448418
0.297812
0.195132
0.510140
0.256719
0.299251
0.307017
0.271391
0.278684
0.491672
0.164164
0.096411
0.069354
0.105337
0.039941
0.123898
0.208847
0.244889
0.344927
0.282372
0.272128
0.059353
0.309111
0.229402
0.166066
0.047854
0.064951
0.082338
0.055795
0.179601
0.070779
0.275930
0.026483
0.147029
0.284172
0.132228
0.696751
0.245796
0.036361
0.335285
0.058208
0.057192
0.321156
0.047250
0.412014
0.635464
0.363589
0.298905
0.191350
0.394660
0.073101
0.042668
0.195858
0.101738
0.009553
0.109164
0.210830
0.362283
0.086386
0.341116
0.400735
0.098482
0.023851
0.210435
0.105848
0.282586
0.102966
0.169250
0.185912
0.236675
0.388305
0.458351
0.282819
0.127425
0.132215
0.200392
0.390254
0.405809
0.075670
0.154042
0.332531
0.057235
0.136303
0.010963
0.260134
0.002400
0.415118
0.106013
0.227354
0.017011
0.127916
0.053555
0.132347
0.209008
0.369877
0.169147
0.214944
0.239029
0.523619
0.197247
0.049511
0.058171
0.298803
0.472148
0.569446
0.221136
0.206884
0.210777
0.194858
0.324135
0.071595
0.166510
0.082581
0.296700
0.117043
0.275981
0.199907
0.388285
0.064001
0.255252
0.432550
0.001848
0.344278
0.228618
0.369586
0.091262
0.371609
0.559981
0.270707
0.156307
0.003807
0.282915
0.521160
0.320903
0.221269
0.377963
0.013543
0.138473
0.029616
0.221412
0.025897
0.070658
0.345324
0.094171
0.420645
0.136306
0.083651
0.076469
0.177009
0.162470
0.221752
0.070040
0.011589
0.016660
0.032258
0.524938
0.507293
0.081244
0.226140
0.074266
0.253166
0.198427
0.392978
0.420241
0.318410
0.143287
0.243592
0.265049
0.016848
0.321819
0.118609
0.498847
0.011160
0.280409
0.188456
0.167823
0.083901
0.615687
0.367990
0.193071
0.398791
0.540097
0.325299
0.002601
0.034715
0.243367
0.042234
0.105902
0.122721
0.095399
0.102234
0.343056
0.133861
0.213763
0.082054
0.429025
0.023456
0.062251
0.017801
0.022359
0.119133
0.148755
0.079600
0.090231
0.227617
0.196642
0.305304
0.162922
0.309750
0.421522
0.531520
0.105400
0.114399
0.012351
0.120301
0.051748
0.224450
0.143507
0.109342
0.346094
0.172201
0.383508
0.059436
0.241140
0.246433
0.044771
0.121477
0.035393
0.201079
0.008829
0.159222
0.131650
0.306700
0.598946
0.545873
0.343053
0.545419
0.174639
0.411324
0.117352
0.294013
0.017970
0.548996
0.179948
0.217178
0.070160
0.274802
0.134173
0.582203
0.086627
0.042596
0.161329
0.705614
0.306949
0.305114
0.184796
0.097212
0.147259
0.280127
0.309436
0.181977
0.456722
0.277169
0.558827
0.220103
0.195847
0.011620
0.241329
0.318434
0.169052
0.020600
0.147966
0.183271
0.108263
0.377990
0.173997
0.173594
0.261369
0.295620
0.056998
0.392068
0.344663
0.189000
0.080948
0.231581
0.034582
0.206386
0.112312
0.068226
0.386617
0.249385
0.094234
0.014891
0.173104
0.252778
0.085933
0.085404
0.277919
0.227868
0.042224
0.133337
0.001514
0.247396
0.221984
0.041001
0.238878
0.065310
0.062956
0.270065
0.359630
0.467494
0.005219
0.430070
0.002484
0.396944
0.332536
0.231670
0.149844
0.508216
0.307615
0.245275
0.045370
0.312707
0.576189
0.029828
0.150127
0.449256
0.075601
0.029519
0.569526
0.074859
0.374441
0.133596
0.693165
0.017971
0.490789
0.081931
0.010821
0.032255
0.443471
0.151931
0.165224
0.105023
0.034416
0.238494
0.179691
0.286893
0.169074
0.065729
0.114155
0.109657
0.132897
0.623064
0.623557
0.462200
0.058141
0.313248
0.014508
0.459683
0.384847
0.568867
0.026235
0.596597
0.017020
0.224502
0.071268
0.457567
0.054166
0.384298
0.162595
0.059750
0.327146
0.575594
0.529875
0.102698
0.593394
0.550244
0.135005
0.067723
0.141245
0.197339
0.484987
0.170003
0.233043
0.195815
0.202338
0.093239
0.222446
0.159187
0.170167
0.241344
0.287613
0.120983
0.403505
0.001221
0.154333
0.028150
0.161637
0.443584
0.325462
0.333752
0.186549
0.155078
0.500814
0.034617
0.293589
0.212147
0.089116
0.485040
0.394864
0.029503
0.546582
0.552889
0.081393
0.017650
0.177515
0.436238
0.467553
0.025770
0.769437
0.103966
0.400578
0.078686
0.306993
0.102761
0.163117
0.111243
0.339463
0.198077
0.388907
0.324878
0.074945
0.243993
0.507622
0.354927
0.296785
0.376991
0.115539
0.260987
0.592722
0.279243
0.147115
0.093291
0.291869
0.172656
0.090455
0.047258
0.124103
0.158649
0.018415
0.118125
0.429223
0.278242
0.018440
0.135133
0.061475
0.290251
0.340332
0.010148
0.290652
0.529051
0.347103
0.090681
0.240394
0.168019
0.289272
0.260540
0.282774
0.159228
0.057309
0.362937
0.108621
0.133948
0.164025
0.409338
0.425801
0.432753
0.071528
0.222353
0.001496
0.398537
0.215552
0.414899
0.187686
0.009444
0.434576
0.125312
0.296599
0.235742
0.276375
0.505701
0.022010
0.533497
0.064610
0.157949
0.163889
0.339299
0.117671
0.233791
0.167638
0.104265
0.119664
0.210471
0.157979
0.340345
0.112253
0.318542
0.470053
0.203417
0.012043
0.353745
0.137138
0.133188
0.317416
0.307751
0.083110
0.089880
0.559166
0.080589
0.116028
0.481370
0.034898
0.140236
0.008740
0.247060
0.628888
0.004171
0.085677
0.324171
0.429726
0.410515
0.218873
0.419688
0.195720
0.033308
0.009927
0.132985
0.427460
0.467794
0.135771
0.274767
0.153783
0.447046
0.157383
0.212874
0.083085
0.200659
0.499593
0.002446
0.330334
0.506563
0.092858
0.300960
0.133671
0.570358
0.102675
0.128872
0.076982
0.150421
0.190428
0.388923
0.300111
0.096782
0.170506
0.520334
0.095845
0.511710
0.087705
0.526205
0.131057
0.414443
0.714482
0.006727
0.520214
0.283548
0.166022
0.094922
0.152792
0.043189
0.285410
0.323255
0.055813
0.091249
0.248529
0.572705
0.141732
0.235928
0.654792
0.016088
0.021970
0.200362
0.000317
0.260038
0.495150
0.290502
0.050392
0.058251
0.514632
0.342726
0.165170
0.483319
0.025167
0.325953
0.141607
0.355825
0.559232
0.162631
0.260672
0.584501
0.313040
0.297701
0.574022
0.182034
0.039941
0.532883
0.340143
0.297989
0.411495
0.038134
0.428033
0.279240
0.448206
0.584244
0.034786
0.117703
0.000531
0.420072
0.231342
0.395255
0.327583
0.266591
0.486896
0.437565
0.264251
0.357646
0.171866
0.123872
0.243189
0.163370
0.208461
0.242109
0.175974
0.082883
0.005324
0.532473
0.208232
0.457781
0.182952
0.050046
0.308166
0.163387
0.154572
0.282562
0.383882
0.425835
0.170601
0.403598
0.749450
0.092470
0.191964
0.305711
0.018229
0.620716
0.501383
0.092084
0.572466
0.655700
0.001171
0.076806
0.337254
0.020780
0.415723
0.488283
0.546483
0.298005
0.074011
0.139813
0.303598
0.380988
0.045422
0.086354
0.124464
0.123125
0.189512
0.077131
0.485102
0.326336
0.043342
0.090209
0.300208
0.235619
0.014224
0.124578
0.094902
0.097907
0.299200
0.088448
0.076466
0.228570
0.035201
0.138640
0.286580
0.387573
0.319476
0.618709
0.091157
0.439691
0.046543
0.017715
0.010711
0.165730
0.561162
0.373535
0.047575
0.223584
0.360276
0.225069
0.578138
0.163037
0.154083
0.027205
0.039526
0.020897
0.081081
0.157501
0.092582
0.300500
0.232184
0.362163
0.107117
0.000286
0.296003
0.271578
0.369246
0.278448
0.599855
0.459826
0.126912
0.176756
0.492356
0.047349
0.041388
0.382952
0.013908
0.119947
0.211080
0.438380
0.135829
0.044264
0.195931
0.196250
0.339674
0.159357
0.201925
0.441758
0.341764
0.607947
0.022943
0.416312
0.141933
0.270473
0.009195
0.106583
0.508795
0.008665
0.232973
0.130695
0.337820
0.230263
0.375496
0.284028
0.632182
0.234608
0.050013
0.007146
0.445267
0.119710
0.467520
0.209670
0.063677
0.019573
0.332534
0.120593
0.784664
0.432214
0.004357
0.102162
0.029018
0.197416
0.377942
0.032280
0.068385
0.463718
0.263123
0.331508
0.267511
0.370807
0.570689
0.314497
0.482307
0.176756
0.318706
0.288246
0.524804
0.149581
0.182171
0.136545
0.539850
0.143026
0.675241
0.131734
0.130701
0.111591
0.169786
0.064244
0.515614
0.195893
0.050696
0.129430
0.229308
0.127716
0.482111
0.219244
0.174669
0.015433
0.131352
0.080482
0.176354
0.034270
0.496607
0.054874
0.319780
0.080325
0.339532
0.506871
0.404039
0.249792
0.221133
0.109017
0.510318
0.269288
0.453366
0.284783
0.396277
0.216127
0.036540
0.241736
0.188849
0.109612
0.074653
0.254131
0.337738
0.117723
0.434477
0.229652
0.002999
0.460445
0.062607
0.157172
0.334666
0.313841
0.321347
0.036239
0.257410
0.093910
0.125931
0.215510
0.648701
0.066903
0.254918
0.586691
0.271277
0.339684
0.615207
0.334898
0.215747
0.358067
0.218861
0.395927
0.045195
0.498288
0.206319
0.263116
0.432012
0.134662
0.091795
0.102023
0.286221
0.340250
0.246160
0.475512
0.320875
0.034625
0.034227
0.017545
0.210115
0.243510
0.069982
0.342376
0.069704
0.137557
0.356669
0.309366
0.123062
0.048405
0.263160
0.518913
0.012654
0.395232
0.117729
0.126618
0.422300
0.202899
0.007215
0.079284
0.445765
0.215799
0.055889
0.340224
0.535453
0.137677
0.227595
0.214987
0.478662
0.200219
0.397206
0.219764
0.393105
0.145862
0.022185
0.092976
0.343465
0.472374
0.339300
0.349821
0.363469
0.136395
0.358454
0.070487
0.183980
0.005544
0.571693
0.625743
0.105416
0.337977
0.054867
0.132670
0.423417
0.522365
0.110730
0.016882
0.196614
0.535630
0.205191
0.038790
0.072764
0.210817
0.292243
0.224963
0.104182
0.027534
0.416916
0.227673
0.305440
0.129416
0.239622
0.237174
0.048535
0.409668
0.565196
0.142525
0.095845
0.152999
0.262873
0.093147
0.307766
0.375980
0.122673
0.293717
0.443407
0.309044
0.207034
0.054383
0.154936
0.199246
0.272732
0.086126
0.544181
0.077858
0.368610
0.290386
0.339857
0.295507
0.011744
0.305790
0.610771
0.094359
0.003701
0.070395
0.043678
0.253359
0.140613
0.407248
0.015700
0.178777
0.245349
0.109730
0.237564
0.484791
0.420476
0.390538
0.131144
0.285048
0.225899
0.089799
0.220872
0.654905
0.014251
0.245481
0.209291
0.421216
0.280348
0.250997
0.435399
0.321892
0.186598
0.147447
0.075277
0.255308
0.252884
0.382291
0.196077
0.531081
0.426636
0.172408
0.141361
0.058794
0.019899
0.125422
0.177256
0.120096
0.534120
0.070423
0.179247
0.396710
0.178383
0.453064
0.211793
0.074952
0.166348
0.429480
0.364964
0.020233
0.307852
0.306908
0.328507
0.090388
0.145040
0.013688
0.090164
0.155755
0.490908
0.169884
0.002810
0.005193
0.359267
0.258357
0.493491
0.270733
0.371431
0.234849
0.388192
0.195607
0.291061
0.170742
0.540306
0.065770
0.284224
0.240870
0.132776
0.467480
0.244793
0.235067
0.503440
0.303553
0.285616
0.264265
0.365738
0.497871
0.320902
0.132906
0.014086
0.146368
0.004295
0.135471
0.146392
0.222332
0.260413
0.368068
0.403422
0.174483
0.031074
0.171950
0.270955
0.131515
0.003101
0.114334
0.122767
0.041630
0.225034
0.019494
0.405496
0.106512
0.175937
0.297325
0.077009
0.641527
0.343940
0.063505
0.423200
0.010223
0.162986
0.527468
0.146772
0.441098
0.376591
0.417903
0.260808
0.130685
0.497491
0.102461
0.128385
0.212324
0.001025
0.073828
0.228589
0.311451
0.259209
0.089813
0.341273
0.379205
0.181518
0.054303
0.219743
0.003021
0.336332
0.299937
0.290676
0.284644
0.210467
0.312173
0.478069
0.255806
0.141599
0.068843
0.151549
0.365414
0.595973
0.151520
0.251823
0.494569
0.166845
0.172291
0.206084
0.011974
0.105157
0.515057
0.052821
0.426908
0.018730
0.098497
0.027899
0.021270
0.131525
0.368861
0.189034
0.157458
0.262436
0.497509
0.220911
0.042501
0.127002
0.174754
0.450683
0.529645
0.012484
0.132128
0.219606
0.361123
0.280819
0.127602
0.263639
0.128246
0.259063
0.028648
0.394055
0.140399
0.526363
0.041604
0.398521
0.402204
0.009842
0.398712
0.227070
0.331891
0.005719
0.402141
0.683326
0.268010
0.204680
0.018128
0.247550
0.518821
0.365888
0.197951
0.438219
0.205748
0.125985
0.038036
0.181745
0.004146
0.193504
0.297695
0.060304
0.471046
0.153377
0.012390
0.037367
0.280300
0.312015
0.205839
0.081387
0.152529
0.078935
0.008033
0.419337
0.541777
0.060793
0.228343
0.040656
0.048896
0.190281
0.461801
0.496408
0.318707
0.028137
0.296042
0.335765
0.238158
0.296838
0.172638
0.504693
0.019285
0.306499
0.298069
0.226482
0.150998
0.685901
0.322668
0.153987
0.386644
0.503197
0.190284
0.118828
0.019743
0.154212
0.074577
0.037774
0.343252
0.008501
0.261640
0.407948
0.042007
0.191104
0.162714
0.450697
0.034916
0.084473
0.147946
0.101880
0.088821
0.114154
0.093950
0.042805
0.367607
0.348894
0.287048
0.208793
0.254504
0.432128
0.628476
0.013716
0.053754
0.007706
0.148166
0.266763
0.400377
0.224167
0.053653
0.319149
0.056808
0.291971
0.036809
0.194773
0.248457
0.017561
0.194622
0.000683
0.310358
0.109165
0.135122
0.187400
0.306515
0.599034
0.467156
0.243636
0.466087
0.091381
0.437077
0.116643
0.143172
0.041523
0.574902
0.217961
0.043093
0.018792
0.391800
0.140878
0.356802
0.037234
0.078313
0.105695
0.577770
0.362488
0.321947
0.014376
0.210528
0.043724
0.414437
0.314279
0.130515
0.505335
0.296441
0.537190
0.189004
0.110725
0.071363
0.056134
0.255815
0.119866
0.069143
0.192581
0.144942
0.136351
0.539566
0.137472
0.061236
0.158771
0.339158
0.101108
0.464740
0.426973
0.174915
0.072383
0.133476
0.073674
0.179349
0.122415
0.024566
0.291345
0.244068
0.082031
0.120266
0.133640
0.156398
0.170040
0.126322
0.218275
0.150055
0.050184
0.101845
0.010806
0.270783
0.067356
0.047645
0.296006
0.136450
0.113321
0.200497
0.311000
0.381295
0.055801
0.509510
0.088911
0.426053
0.297815
0.178981
0.165649
0.567086
0.308715
0.265247
0.072075
0.199984
0.564158
0.060845
0.234554
0.472755
0.128059
0.012230
0.573078
0.091199
0.217754
0.177967
0.745098
0.184731
0.555747
0.165859
0.036838
0.031300
0.585688
0.229919
0.108678
0.140145
0.012708
0.315131
0.017583
0.318231
0.127141
0.081685
0.085736
0.132838
0.014932
0.672841
0.748721
0.442184
0.127778
0.291491
0.074719
0.523832
0.387271
0.495430
0.119124
0.624427
0.045944
0.350362
0.056691
0.373344
0.136102
0.314981
0.210689
0.125869
0.305250
0.625336
0.578176
0.155384
0.628968
0.587527
0.132900
0.056679
0.036167
0.285121
0.477401
0.100211
0.223610
0.107151
0.325191
0.205729
0.365082
0.180803
0.175646
0.040427
0.394431
0.052105
0.512018
0.050300
0.147306
0.102460
0.143901
0.374242
0.255215
0.280660
0.137984
0.066529
0.663199
0.048677
0.388037
0.319828
0.102651
0.443672
0.405368
0.067417
0.473128
0.585037
0.083760
0.005220
0.147693
0.683629
0.489688
0.108575
0.625289
0.062359
0.393031
0.127470
0.173755
0.263282
0.030150
0.166039
0.515958
0.245520
0.342267
0.230449
0.116843
0.259473
0.402881
0.370066
0.351879
0.383579
0.112380
0.073832
0.478999
0.344772
0.049245
0.095524
0.272799
0.072007
0.051361
0.084430
0.222834
0.004382
0.080118
0.037353
0.419876
0.104455
0.069178
0.171232
0.085274
0.344170
0.227526
0.029149
0.388579
0.540857
0.476375
0.054060
0.327812
0.375634
0.175214
0.413217
0.170053
0.258230
0.077225
0.434749
0.005471
0.182639
0.113712
0.325045
0.409018
0.454802
0.033803
0.229773
0.051687
0.487573
0.116945
0.385240
0.305012
0.247008
0.525293
0.046243
0.309281
0.135642
0.389127
0.703695
0.077642
0.474338
0.112350
0.314363
0.046472
0.414278
0.035852
0.351056
0.148266
0.206296
0.193842
0.161579
0.091818
0.318760
0.240684
0.322097
0.405756
0.280810
0.157821
0.279343
0.078017
0.184225
0.238849
0.207899
0.225706
0.101030
0.444111
0.003544
0.138397
0.574694
0.034369
0.340234
0.156285
0.299378
0.345976
0.118875
0.145678
0.371891
0.373599
0.460389
0.333520
0.319070
0.283411
0.109317
0.101514
0.138260
0.576101
0.351213
0.022027
0.274633
0.316347
0.574812
0.030727
0.097996
0.192439
0.149015
0.583814
0.169049
0.320436
0.519025
0.066990
0.298955
0.191135
0.564652
0.154919
0.045778
0.192849
0.049888
0.163695
0.508140
0.420814
0.073885
0.068951
0.570907
0.014257
0.509712
0.074729
0.467658
0.171141
0.543646
0.681721
0.053741
0.251523
0.250798
0.095480
0.003386
0.178593
0.017132
0.248051
0.107201
0.231460
0.074817
0.146862
0.487707
0.199839
0.249023
0.493809
0.049690
0.109045
0.152461
0.045449
0.206799
0.280489
0.450890
0.220871
0.035590
0.411768
0.418142
0.084653
0.491992
0.076490
0.366411
0.191645
0.343932
0.569620
0.003339
0.210946
0.558649
0.405418
0.409423
0.580509
0.265094
0.149550
0.538455
0.462888
0.341061
0.297501
0.108381
0.480235
0.291607
0.448610
0.725599
0.064459
0.130966
0.017872
0.328293
0.336719
0.322875
0.327965
0.209792
0.466431
0.391400
0.272901
0.337423
0.067698
0.093678
0.296450
0.141597
0.154987
0.373867
0.165837
0.141317
0.105063
0.536082
0.158316
0.660941
0.265481
0.084544
0.537496
0.006462
0.002936
0.337800
0.403779
0.439832
0.134240
0.416951
0.565432
0.013896
0.130283
0.238858
0.054788
0.432674
0.583579
0.068301
0.422231
0.513920
0.007047
0.187466
0.336942
0.026427
0.485505
0.434148
0.382911
0.157021
0.159235
0.041635
0.308805
0.269503
0.173765
0.119153
0.250427
0.085846
0.280480
0.150162
0.446218
0.284968
0.203694
0.258181
0.375629
0.238862
0.118569
0.037915
0.024050
0.208139
0.310981
0.193605
0.174586
0.143350
0.051932
0.194084
0.201039
0.359490
0.141545
0.495743
0.001148
0.443576
0.182004
0.213700
0.034805
0.108782
0.473411
0.239163
0.046623
0.109032
0.321005
0.160032
0.551687
0.223673
0.228488
0.049750
0.137458
0.059663
0.278103
0.104347
0.119823
0.411114
0.094776
0.372072
0.102936
0.101834
0.194069
0.335553
0.312285
0.238412
0.527313
0.446751
0.292666
0.123484
0.642372
0.144138
0.007251
0.282472
0.012994
0.143011
0.122917
0.377086
0.117665
0.050922
0.230764
0.064235
0.420997
0.132704
0.024215
0.345560
0.397844
0.626541
0.048845
0.394834
0.186126
0.115798
0.052245
0.007679
0.490731
0.026130
0.245326
0.060868
0.310395
0.340214
0.386241
0.410196
0.542801
0.140774
0.066266
0.061169
0.441825
0.096071
0.425711
0.197330
0.256320
0.196319
0.420480
0.266987
0.696474
0.385345
0.116836
0.092870
0.065702
0.347679
0.207334
0.013401
0.121752
0.707741
0.309966
0.191758
0.390435
0.264349
0.584638
0.390441
0.340800
0.256689
0.286829
0.271182
0.451417
0.159337
0.213088
0.192939
0.498771
0.210212
0.700417
0.096462
0.149738
0.146423
0.108537
0.063099
0.658407
0.278241
0.084664
0.174849
0.116448
0.214583
0.537985
0.173277
0.218871
0.062254
0.057270
0.147118
0.222446
0.057428
0.595700
0.089215
0.193624
0.215138
0.393667
0.452523
0.396904
0.320999
0.062649
0.215514
0.380957
0.284596
0.568749
0.174277
0.514800
0.119422
0.132731
0.249159
0.205134
0.116588
0.015165
0.177961
0.313306
0.206929
0.561995
0.300034
0.068840
0.445006
0.082513
0.245540
0.524037
0.381482
0.345567
0.046253
0.299603
0.065966
0.098107
0.150772
0.395610
0.105985
0.291944
0.547350
0.244666
0.259083
0.536185
0.376212
0.242699
0.326434
0.276564
0.567281
0.012230
0.481524
0.226332
0.352324
0.260924
0.197882
0.151591
0.190921
0.402566
0.258145
0.291756
0.431367
0.437949
0.096575
0.132956
0.091803
0.195762
0.307135
0.041529
0.356656
0.239989
0.054655
0.324644
0.438536
0.179889
0.066671
0.117078
0.467611
0.064810
0.431181
0.241749
0.080183
0.446465
0.248543
0.193280
0.127462
0.367458
0.145826
0.032812
0.311371
0.457334
0.112818
0.270480
0.217293
0.462402
0.398508
0.317323
0.136526
0.417276
0.095779
0.058152
0.060658
0.291418
0.415737
0.134103
0.537363
0.346288
0.007974
0.441940
0.087901
0.286762
0.015335
0.603064
0.346088
0.141661
0.342306
0.039838
0.072513
0.384302
0.451610
0.284742
0.102788
0.334272
0.615603
0.255410
0.050386
0.024506
0.257283
0.220215
0.376834
0.061546
0.034379
0.398015
0.084418
0.247628
0.208110
0.358958
0.286733
0.135936
0.397693
0.547897
0.116276
0.044542
0.224361
0.485597
0.078435
0.170492
0.297572
0.121251
0.369072
0.387408
0.546203
0.103711
0.110594
0.130982
0.067747
0.440608
0.002038
0.473073
0.139688
0.434557
0.025488
0.308367
0.248312
0.152543
0.504884
0.370464
0.201651
0.081100
0.009306
0.193905
0.131346
0.167021
0.397555
0.253856
0.283771
0.283299
0.121574
0.257425
0.500492
0.524939
0.547830
0.082530
0.278865
0.366484
0.075170
0.283463
0.750798
0.008991
0.255222
0.100688
0.296150
0.249836
0.279122
0.466713
0.460348
0.457033
0.079075
0.037545
0.303789
0.284803
0.423927
0.033743
0.556594
0.418780
0.223873
0.153079
0.152693
0.017935
0.221112
0.100156
0.156109
0.564305
0.085686
0.161466
0.454130
0.049233
0.369156
0.169802
0.230760
0.055741
0.366435
0.370649
0.104978
0.150272
0.140527
0.295337
0.079197
0.105757
0.058747
0.180964
0.278685
0.415340
0.347639
0.044218
0.091674
0.498002
0.194272
0.323519
0.260864
0.373100
0.361422
0.444903
0.402857
0.335762
0.306350
0.625115
0.073030
0.316076
0.230111
0.075565
0.498467
0.129852
0.291467
0.424299
0.390613
0.229366
0.187694
0.451773
0.496258
0.115827
0.025858
0.108344
0.215083
0.146929
0.363821
0.112990
0.214251
0.238796
0.333977
0.531158
0.091760
0.033554
0.021993
0.321505
0.077176
0.002853
0.076117
0.101453
0.154992
0.294081
0.026228
0.523904
0.227476
0.114886
0.225309
0.009870
0.560152
0.304240
0.208459
0.456766
0.105496
0.233069
0.666795
0.231438
0.403345
0.144494
0.436151
0.131949
0.044568
0.561477
0.039546
0.187716
0.251726
0.052441
0.131599
0.369878
0.455055
0.128811
0.032170
0.304955
0.317752
0.333388
0.084610
0.267618
0.151294
0.405028
0.460133
0.407043
0.396570
0.125426
0.308056
0.377047
0.275280
0.176964
0.004606
0.108636
0.297621
0.692657
0.192121
0.264996
0.629758
0.181197
0.177882
0.365687
0.230119
0.197166
0.517434
0.019425
0.495075
0.069618
0.107355
0.048201
0.059653
0.099064
0.364343
0.175727
0.066796
0.352540
0.489578
0.218015
0.017132
0.235475
0.038164
0.378741
0.427696
0.187743
0.118062
0.285778
0.547449
0.183992
0.194897
0.389538
0.166305
0.196207
0.173017
0.390967
0.075949
0.584949
0.029295
0.498159
0.356426
0.019654
0.448447
0.262941
0.207287
0.058110
0.374239
0.722818
0.225748
0.280791
0.029116
0.241260
0.459835
0.262423
0.265067
0.440412
0.377138
0.105363
0.095599
0.171833
0.078462
0.298229
0.258597
0.065997
0.437995
0.117928
0.006934
0.092818
0.390856
0.432203
0.178653
0.173256
0.303643
0.103965
0.005008
0.295605
0.519143
0.038911
0.168150
0.024153
0.200482
0.153467
0.530459
0.530856
0.285277
0.069451
0.318365
0.369919
0.421952
0.225158
0.207682
0.407933
0.052514
0.303107
0.315147
0.260035
0.218426
0.692211
0.243080
0.115705
0.342242
0.418119
0.053415
0.206566
0.036057
0.051598
0.109754
0.024858
0.590216
0.089910
0.409968
0.441518
0.086087
0.183389
0.174557
0.402422
0.026510
0.057195
0.322794
0.162745
0.019161
0.086525
0.034236
0.164393
0.463293
0.565467
0.221149
0.208917
0.190967
0.460886
0.703420
0.076424
0.000679
0.059596
0.135134
0.501209
0.536173
0.353305
0.029393
0.306582
0.053005
0.184910
0.010626
0.205536
0.244702
0.008137
0.257475
0.004237
0.380126
0.131303
0.143664
0.249862
0.329731
0.530761
0.313037
0.108699
0.318773
0.033513
0.473972
0.029466
0.028040
0.120687
0.532880
0.250081
0.099194
0.043736
0.430718
0.119558
0.098205
0.143056
0.127474
0.007435
0.389994
0.401319
0.357441
0.024203
0.258535
0.186269
0.411354
0.309304
0.053632
0.470690
0.239024
0.467617
0.195415
0.083241
0.126958
0.109009
0.235606
0.046118
0.113057
0.240126
0.108237
0.325682
0.613485
0.111017
0.015298
0.004441
0.388471
0.071693
0.496488
0.510153
0.171185
0.085874
0.050283
0.076872
0.151804
0.201072
0.090193
0.233514
0.257677
0.159488
0.185530
0.095300
0.101107
0.260882
0.112801
0.108762
0.044193
0.109387
0.028328
0.102992
0.303425
0.025376
0.123655
0.298793
0.363284
0.126885
0.162528
0.211724
0.211928
0.037607
0.543701
0.167003
0.433000
0.220172
0.131927
0.179137
0.577423
0.298956
0.286562
0.069316
0.078761
0.449412
0.043068
0.330679
0.456889
0.200194
0.049371
0.579253
0.078864
0.093807
0.190348
0.680774
0.233078
0.539295
0.241875
0.072767
0.190083
0.585331
0.280250
0.358592
0.114341
0.033603
0.342267
0.226878
0.269642
0.059151
0.145925
0.002120
0.056088
0.180596
0.612032
0.741023
0.423943
0.144254
0.236190
0.117037
0.568822
0.356038
0.507514
0.172463
0.535876
0.104785
0.425766
0.166997
0.266985
0.252320
0.328512
0.222076
0.213707
0.217841
0.597757
0.562071
0.248577
0.563227
0.569096
0.154753
0.004536
0.015346
0.356354
0.385690
0.052106
0.198478
0.049595
0.346792
0.255499
0.508467
0.269745
0.101970
0.117136
0.480250
0.010092
0.538646
0.183348
0.088333
0.209526
0.116835
0.288024
0.130304
0.222411
0.147492
0.047199
0.594323
0.085224
0.430029
0.333121
0.080956
0.406084
0.407739
0.123539
0.304376
0.473881
0.227150
0.000450
0.039224
0.767177
0.434531
0.270676
0.375972
0.270251
0.364293
0.361773
0.023028
0.375363
0.077173
0.179047
0.563542
0.261316
0.237571
0.173647
0.153360
0.284615
0.319387
0.337025
0.470777
0.369344
0.084379
0.003429
0.295872
0.366894
0.043257
0.150357
0.241134
0.043323
0.050707
0.161102
0.273692
0.140689
0.133500
0.029402
0.415583
0.000819
0.026971
0.239905
0.123832
0.410247
0.144448
0.020163
0.384540
0.482822
0.523298
0.003968
0.362643
0.523255
0.046507
0.538949
0.003801
0.334956
0.054944
0.524647
0.026447
0.249660
0.100568
0.209125
0.267377
0.453503
0.014799
0.320991
0.049873
0.437310
0.024662
0.343018
0.348054
0.452203
0.594270
0.040542
0.288180
0.082276
0.344587
0.749118
0.066653
0.339239
0.082454
0.502691
0.038429
0.419599
0.051824
0.433062
0.138443
0.228385
0.269501
0.063839
0.003801
0.390611
0.392289
0.305087
0.269903
0.393648
0.309353
0.180732
0.030966
0.206678
0.164767
0.162502
0.421623
0.099027
0.386915
0.069243
0.212127
0.553250
0.122524
0.447075
0.237210
0.386341
0.092437
0.268691
0.233870
0.335317
0.361752
0.444525
0.391412
0.159918
0.337932
0.174027
0.196038
0.116601
0.598407
0.158871
0.144159
0.285322
0.512479
0.581888
0.078183
0.018611
0.348617
0.096079
0.575130
0.258277
0.335377
0.402474
0.025225
0.271805
0.243373
0.465914
0.160685
0.087465
0.392496
0.021391
0.151894
0.502733
0.453793
0.175627
0.074722
0.521091
0.089547
0.505317
0.187310
0.358364
0.228656
0.613836
0.580859
0.084640
0.007228
0.241755
0.031870
0.133625
0.266285
0.070857
0.160976
0.037566
0.404970
0.001360
0.090136
0.412626
0.177583
0.205367
0.355622
0.107801
0.110983
0.108502
0.098561
0.124055
0.133940
0.629616
0.408752
0.022913
0.311132
0.411477
0.075043
0.518029
0.153370
0.375875
0.210856
0.333846
0.500315
0.134341
0.127813
0.463637
0.510967
0.484486
0.573862
0.278648
0.324382
0.481698
0.590516
0.347035
0.167846
0.197656
0.488411
0.284188
0.407920
0.775454
0.140948
0.129250
0.086576
0.228201
0.440396
0.211592
0.317600
0.161353
0.492985
0.373471
0.292044
0.254694
0.080368
0.096201
0.356802
0.075801
0.000780
0.480684
0.126087
0.222421
0.237216
0.432755
0.157517
0.794917
0.282698
0.182218
0.791391
0.194707
0.078271
0.341205
0.390579
0.469965
0.110401
0.401526
0.420266
0.042151
0.069368
0.164452
0.117763
0.228150
0.583919
0.173224
0.197663
0.396583
0.039021
0.253479
0.281069
0.065793
0.484153
0.365946
0.183553
0.019202
0.248536
0.134138
0.241409
0.125771
0.310928
0.243369
0.375194
0.086875
0.396674
0.231020
0.396919
0.309406
0.443816
0.313590
0.441427
0.192664
0.258897
0.192603
0.053087
0.296095
0.256164
0.328402
0.298158
0.143159
0.112294
0.214491
0.206402
0.262316
0.033257
0.334205
0.083417
0.418763
0.435016
0.389604
0.055758
0.015559
0.350320
0.103130
0.121105
0.121717
0.314585
0.075252
0.514623
0.311987
0.219469
0.040849
0.207509
0.135372
0.475443
0.035446
0.100709
0.477167
0.057531
0.407996
0.183997
0.207789
0.049007
0.430538
0.335860
0.167769
0.319432
0.443756
0.397296
0.006100
0.745814
0.184426
0.040706
0.112786
0.114435
0.161433
0.004750
0.251103
0.100944
0.055027
0.193744
0.041605
0.414804
0.036402
0.307446
0.298013
0.473206
0.612617
0.001940
0.362256
0.171111
0.023894
0.062265
0.135123
0.340297
0.034176
0.170544
0.081235
0.261658
0.438266
0.345780
0.484067
0.440309
0.036388
0.009174
0.116069
0.406181
0.080763
0.445352
0.215662
0.337405
0.350563
0.478550
0.325545
0.488883
0.347427
0.202716
0.118632
0.095370
0.496235
0.161331
0.035142
0.172711
0.801497
0.291605
0.020189
0.536551
0.165691
0.427734
0.419138
0.174880
0.389039
0.225935
0.244428
0.339651
0.149682
0.277297
0.253584
0.395699
0.143856
0.592901
0.386762
0.181665
0.158020
0.093009
0.019625
0.688844
0.305957
0.084145
0.239822
0.021024
0.342540
0.545549
0.118697
0.274034
0.148577
0.073562
0.141818
0.130938
0.130167
0.648709
0.087846
0.126775
0.307674
0.416978
0.378403
0.359570
0.351071
0.159146
0.329224
0.283258
0.281442
0.682402
0.064797
0.571970
0.008788
0.218041
0.283712
0.229133
0.316250
0.144440
0.140346
0.304603
0.275667
0.595850
0.381732
0.067521
0.351908
0.112095
0.284438
0.621696
0.434325
0.371612
0.060729
0.370679
0.037532
0.016552
0.103629
0.174847
0.120281
0.301438
0.427883
0.164234
0.265386
0.523972
0.359825
0.177937
0.296260
0.333089
0.629665
0.067199
0.443062
0.173305
0.397962
0.023834
0.214032
0.194652
0.243585
0.408609
0.143669
0.263727
0.302910
0.410595
0.131280
0.139263
0.160660
0.218269
0.334718
0.009549
0.402300
0.461318
0.056647
0.255786
0.506161
0.233849
0.053889
0.072962
0.378301
0.180232
0.416969
0.318234
0.041088
0.386067
0.203994
0.304842
0.302957
0.312113
0.063568
0.040245
0.247528
0.363413
0.127324
0.282161
0.154344
0.384748
0.496462
0.253318
0.092822
0.371791
0.005666
0.055067
0.178188
0.211537
0.367269
0.027363
0.674069
0.324345
0.090140
0.532813
0.134258
0.329799
0.022835
0.564409
0.131802
0.239417
0.336955
0.052294
0.024775
0.306069
0.337839
0.477858
0.144595
0.375785
0.618007
0.337570
0.166561
0.110257
0.277737
0.197368
0.524273
0.038471
0.014540
0.357674
0.010083
0.141381
0.237269
0.453468
0.316906
0.104090
0.399079
0.483307
0.060919
0.022977
0.330985
0.639282
0.033335
0.025314
0.215039
0.087825
0.468387
0.254607
0.718772
0.012445
0.142569
0.149763
0.020797
0.559529
0.070123
0.450474
0.177088
0.540707
0.223592
0.253379
0.250029
0.267588
0.577047
0.163902
0.338111
0.092078
0.021262
0.341293
0.022520
0.217476
0.374779
0.423876
0.345850
0.352223
0.158204
0.190961
0.438182
0.594657
0.634694
0.026308
0.223538
0.439518
0.041556
0.320125
0.622133
0.052158
0.206987
0.036353
0.210901
0.177530
0.260537
0.434027
0.493689
0.592205
0.011075
0.034429
0.317641
0.309160
0.462730
0.051099
0.597918
0.350620
0.243314
0.223668
0.277091
0.026866
0.277320
0.032218
0.200355
0.505647
0.243814
0.085914
0.514251
0.263184
0.284460
0.077086
0.361585
0.042148
0.363340
0.307611
0.237239
0.036232
0.090383
0.235925
0.131517
0.095644
0.224840
0.288601
0.431954
0.374669
0.479171
0.043733
0.166537
0.596051
0.091366
0.186827
0.263362
0.270950
0.417232
0.484794
0.480533
0.314635
0.338305
0.600390
0.158421
0.303637
0.206724
0.011753
0.512070
0.046426
0.382468
0.273259
0.442981
0.183893
0.138268
0.496928
0.478317
0.062745
0.067639
0.138523
0.187978
0.365331
0.578102
0.082772
0.191956
0.232176
0.292859
0.672273
0.051385
0.032872
0.002857
0.278138
0.083810
0.046871
0.003230
0.033666
0.250035
0.319070
0.002397
0.627582
0.263043
0.090540
0.190005
0.047358
0.428493
0.230472
0.376547
0.526755
0.240487
0.330998
0.783616
0.301358
0.392885
0.103220
0.420991
0.041767
0.084324
0.565870
0.050516
0.141482
0.202616
0.104490
0.070569
0.423489
0.482978
0.027066
0.045140
0.189861
0.253609
0.422853
0.100102
0.322199
0.235399
0.403841
0.607068
0.496191
0.498043
0.046032
0.333805
0.276088
0.242049
0.122255
0.028927
0.079523
0.268048
0.689998
0.198460
0.286398
0.661767
0.166063
0.184095
0.431380
0.415633
0.259394
0.441864
0.053000
0.474772
0.180057
0.080240
0.081108
0.043695
0.102820
0.342266
0.143014
0.007337
0.413701
0.467329
0.240932
0.084331
0.292235
0.037319
0.321233
0.313384
0.374768
0.086242
0.247396
0.747579
0.102796
0.227427
0.552202
0.177763
0.086330
0.282521
0.359988
0.096461
0.633729
0.075991
0.570648
0.213182
0.021820
0.419864
0.303100
0.009410
0.033162
0.332378
0.625360
0.145315
0.377494
0.008354
0.207220
0.377513
0.146855
0.280531
0.357446
0.544802
0.088516
0.130405
0.145640
0.196779
0.338307
0.175457
0.071850
0.394037
0.015193
0.044380
0.158915
0.484233
0.482542
0.249069
0.238175
0.421354
0.078638
0.008958
0.201045
0.474849
0.078099
0.064913
0.112400
0.477137
0.101795
0.588019
0.517327
0.213546
0.166607
0.289703
0.385304
0.510538
0.146212
0.177509
0.363142
0.073336
0.236952
0.348406
0.216929
0.240583
0.570165
0.128820
0.102004
0.259252
0.254602
0.071961
0.283118
0.101200
0.106705
0.168652
0.021841
0.727514
0.190598
0.424009
0.442396
0.181841
0.150016
0.212436
0.402493
0.042430
0.034664
0.468787
0.170451
0.085528
0.064849
0.057299
0.315729
0.570179
0.662101
0.171593
0.116544
0.058620
0.443515
0.691555
0.085715
0.014749
0.210586
0.125170
0.662021
0.550288
0.352299
0.052605
0.157519
0.087171
0.001688
0.080674
0.253953
0.273339
0.009360
0.306639
0.062235
0.417231
0.114051
0.150845
0.256555
0.217913
0.404797
0.175146
0.055294
0.186252
0.057091
0.465123
0.086426
0.003665
0.200364
0.394175
0.221247
0.216734
0.011090
0.426918
0.033913
0.165500
0.188050
0.193061
0.075614
0.198854
0.447455
0.452337
0.078924
0.300053
0.272586
0.313959
0.329150
0.021982
0.349957
0.198149
0.320737
0.201176
0.055126
0.203933
0.205699
0.139335
0.017434
0.186276
0.259870
0.066563
0.508342
0.679803
0.126299
0.036740
0.179741
0.420930
0.038843
0.442464
0.551678
0.209409
0.086047
0.019199
0.120681
0.112000
0.269884
0.143771
0.094676
0.298276
0.195337
0.186807
0.051467
0.076079
0.258132
0.020782
0.047554
0.020764
0.046659
0.150152
0.195644
0.379903
0.006277
0.209686
0.287703
0.517491
0.085800
0.099467
0.052820
0.122965
0.015485
0.554778
0.260217
0.407669
0.146340
0.069823
0.083171
0.598676
0.278186
0.273777
0.080302
0.137219
0.287900
0.024861
0.314829
0.441991
0.288333
0.032796
0.591933
0.130708
0.038733
0.215683
0.599726
0.182504
0.443671
0.290544
0.097034
0.282064
0.514083
0.225057
0.617668
0.059632
0.042980
0.376170
0.438695
0.197130
0.059388
0.257928
0.118026
0.077400
0.354598
0.453502
0.611014
0.342346
0.128993
0.066917
0.110057
0.512722
0.319616
0.428214
0.140639
0.376168
0.164649
0.442909
0.272678
0.196899
0.405073
0.324389
0.214059
0.294452
0.051577
0.484159
0.450455
0.282447
0.433805
0.436394
0.227475
0.070598
0.023236
0.416073
0.195486
0.012424
0.188896
0.112453
0.345435
0.223512
0.628822
0.360140
0.001901
0.249336
0.537822
0.029255
0.504452
0.279363
0.034340
0.291094
0.013787
0.251370
0.009033
0.197029
0.134025
0.015296
0.438824
0.068032
0.357754
0.404784
0.034298
0.395311
0.349646
0.174835
0.160883
0.371332
0.282050
0.054424
0.085118
0.670581
0.348576
0.400960
0.146688
0.422963
0.348444
0.632907
0.101604
0.445729
0.179089
0.203555
0.524583
0.296104
0.138247
0.151799
0.204685
0.246733
0.237905
0.359965
0.464123
0.349511
0.020692
0.043127
0.083311
0.323600
0.104353
0.213800
0.262408
0.009691
0.127745
0.206201
0.286776
0.301636
0.161686
0.028286
0.421953
0.088083
0.094277
0.265438
0.127770
0.418670
0.105128
0.036668
0.353267
0.401269
0.451388
0.064370
0.389756
0.603777
0.061236
0.578768
0.153685
0.436569
0.031982
0.603373
0.109291
0.273869
0.087788
0.064089
0.084856
0.476254
0.013380
0.412747
0.033242
0.360933
0.056325
0.267369
0.348484
0.580072
0.624500
0.097142
0.296782
0.018614
0.238240
0.652658
0.026499
0.118557
0.018314
0.592182
0.125565
0.464546
0.159231
0.459507
0.043114
0.205957
0.372286
0.069307
0.079902
0.320908
0.511229
0.287076
0.029025
0.472107
0.456372
0.094805
0.038759
0.216172
0.133965
0.135942
0.645116
0.114140
0.347567
0.064757
0.256056
0.479448
0.185649
0.513139
0.323829
0.462962
0.156217
0.443665
0.153234
0.341769
0.319471
0.380672
0.362677
0.024443
0.333065
0.271068
0.307774
0.165622
0.558568
0.096248
0.338900
0.190979
0.622400
0.495814
0.109266
0.100042
0.482216
0.118847
0.484862
0.373161
0.341352
0.241183
0.014036
0.243456
0.347506
0.286423
0.193838
0.208767
0.552781
0.102851
0.185093
0.461495
0.393783
0.265361
0.113323
0.487386
0.245447
0.459235
0.335455
0.258426
0.268455
0.587381
0.470438
0.089291
0.164820
0.236362
0.189457
0.310973
0.366648
0.087420
0.165537
0.215402
0.524224
0.094428
0.027395
0.302651
0.068973
0.167350
0.213637
0.143380
0.198896
0.091098
0.176433
0.104930
0.001239
0.654233
0.449089
0.011053
0.192377
0.362944
0.082574
0.477522
0.206825
0.373802
0.216042
0.310421
0.397205
0.217107
0.012052
0.413425
0.606195
0.416987
0.416238
0.306571
0.443788
0.320113
0.581409
0.373316
0.059654
0.287939
0.458080
0.204062
0.310928
0.708595
0.221396
0.150452
0.160341
0.128895
0.485770
0.092858
0.283271
0.082426
0.430509
0.354099
0.312400
0.227412
0.218575
0.170971
0.369495
0.016282
0.181806
0.566357
0.097017
0.339415
0.307867
0.342085
0.151235
0.748684
0.253907
0.299294
0.813124
0.279652
0.102669
0.367876
0.402909
0.530660
0.045888
0.353443
0.291761
0.047072
0.115632
0.156809
0.161325
0.063762
0.617124
0.312806
0.008765
0.276541
0.135619
0.305348
0.258179
0.122025
0.396066
0.345690
0.011763
0.147316
0.282773
0.350771
0.080914
0.023676
0.410123
0.332232
0.480264
0.047616
0.485298
0.287486
0.361255
0.304095
0.636366
0.287151
0.426646
0.085507
0.415802
0.302329
0.019709
0.401206
0.203995
0.421315
0.326406
0.123749
0.119348
0.147832
0.211999
0.123711
0.034103
0.289097
0.209264
0.439794
0.659007
0.577663
0.134257
0.036501
0.255934
0.004706
0.193732
0.223149
0.273768
0.014680
0.436954
0.344358
0.177185
0.003540
0.276567
0.180536
0.651717
0.025929
0.027089
0.474173
0.212131
0.395846
0.279756
0.278492
0.162684
0.485418
0.355699
0.090417
0.150484
0.434381
0.480140
0.076321
0.687334
0.155418
0.086965
0.015961
0.306159
0.093001
0.103799
0.185708
0.098549
0.037161
0.196602
0.078108
0.364314
0.038650
0.538483
0.212995
0.562938
0.496137
0.035741
0.331305
0.149202
0.067197
0.013967
0.287814
0.261125
0.035801
0.130793
0.293330
0.113685
0.517043
0.340059
0.432823
0.421021
0.041916
0.020055
0.148281
0.350461
0.083058
0.436196
0.186532
0.405101
0.481371
0.544218
0.386194
0.272431
0.288586
0.187011
0.095270
0.228647
0.610515
0.100312
0.031507
0.194762
0.750828
0.188542
0.162884
0.617822
0.077722
0.236884
0.368855
0.043777
0.506899
0.154354
0.202056
0.251005
0.172706
0.363303
0.277621
0.271597
0.121016
0.401821
0.741658
0.239360
0.169902
0.093882
0.115215
0.658610
0.275925
0.019981
0.281174
0.142455
0.451750
0.524694
0.103392
0.313182
0.268205
0.218284
0.087204
0.005225
0.248528
0.634449
0.065653
0.173521
0.410603
0.310567
0.262668
0.285738
0.297853
0.340490
0.415250
0.187045
0.243890
0.664983
0.040632
0.650087
0.008300
0.224218
0.295738
0.327490
0.485441
0.292512
0.142346
0.219546
0.265141
0.555991
0.477615
0.039630
0.231634
0.182057
0.329173
0.607595
0.443766
0.411178
0.059496
0.428828
0.050521
0.108392
0.024203
0.011754
0.165122
0.339412
0.277638
0.042805
0.285457
0.423512
0.314395
0.164010
0.313671
0.291480
0.655902
0.137855
0.392740
0.121154
0.405450
0.271329
0.137682
0.267857
0.253004
0.336692
0.028773
0.165865
0.210723
0.326481
0.123470
0.106545
0.140205
0.221626
0.413522
0.045518
0.325562
0.503178
0.131130
0.176332
0.501250
0.292834
0.076138
0.213930
0.229005
0.224934
0.341725
0.285014
0.193177
0.323625
0.134241
0.342740
0.396113
0.242766
0.026689
0.019167
0.149704
0.247719
0.155069
0.226816
0.042029
0.318530
0.528347
0.182817
0.141059
0.323721
0.073165
0.076433
0.274441
0.204920
0.193853
0.076680
0.720800
0.281176
0.185083
0.557638
0.207441
0.358262
0.086924
0.452816
0.083586
0.329580
0.321869
0.079406
0.127339
0.208963
0.184280
0.628491
0.110961
0.456392
0.541808
0.335791
0.302602
0.176485
0.373029
0.172125
0.658295
0.033592
0.079468
0.273803
0.004184
0.116036
0.238976
0.463924
0.293367
0.029560
0.332532
0.408187
0.018209
0.112680
0.413985
0.707136
0.092145
0.111695
0.104104
0.017238
0.506686
0.090595
0.809506
0.015239
0.207920
0.186792
0.046230
0.571187
0.075603
0.408564
0.277006
0.515466
0.399989
0.192907
0.231509
0.321168
0.537487
0.077280
0.473404
0.059475
0.033430
0.429367
0.165528
0.220958
0.401476
0.554893
0.425978
0.380982
0.146487
0.113259
0.356440
0.580125
0.639717
0.033084
0.221182
0.518023
0.106311
0.337420
0.436938
0.102773
0.156492
0.044202
0.144982
0.103676
0.138377
0.430471
0.434077
0.683795
0.095564
0.039956
0.226556
0.348407
0.551773
0.144093
0.498646
0.229068
0.255223
0.309489
0.380511
0.073650
0.372610
0.033672
0.139385
0.432266
0.388329
0.011349
0.467724
0.410079
0.199877
0.044657
0.418784
0.059483
0.376990
0.188503
0.309138
0.142716
0.286254
0.157582
0.159977
0.092302
0.418031
0.400049
0.495076
0.247661
0.519853
0.006811
0.246935
0.633209
0.018631
0.071953
0.280227
0.125789
0.409938
0.507669
0.404737
0.227061
0.321463
0.496107
0.229279
0.313231
0.170403
0.037985
0.470017
0.283212
0.397550
0.102585
0.534126
0.130362
0.067922
0.492415
0.440284
0.162843
0.196256
0.157107
0.107145
0.595592
0.747516
0.043886
0.174612
0.146340
0.216281
0.752843
0.101304
0.045793
0.016491
0.284156
0.191343
0.094002
0.085382
0.054340
0.294495
0.345068
0.064497
0.624785
0.331481
0.057564
0.097539
0.116140
0.300407
0.104031
0.455830
0.478967
0.332721
0.357310
0.729466
0.318134
0.318209
0.244429
0.354442
0.086311
0.200719
0.471758
0.120919
0.050158
0.178787
0.140163
0.018577
0.387398
0.455052
0.141792
0.093235
0.173668
0.216376
0.522094
0.037984
0.331123
0.291370
0.405591
0.635447
0.480702
0.525465
0.283712
0.348882
0.102017
0.302229
0.089122
0.049860
0.072758
0.257672
0.591091
0.211172
0.205224
0.705018
0.043786
0.163649
0.437112
0.578990
0.259231
0.341870
0.107000
0.398152
0.261116
0.072878
0.135325
0.039800
0.087085
0.257664
0.094541
0.067516
0.426858
0.374394
0.214748
0.149332
0.344752
0.116412
0.292074
0.252719
0.498847
0.132553
0.220557
0.763111
0.012106
0.303892
0.597909
0.184245
0.038682
0.386560
0.240669
0.258834
0.556083
0.185996
0.645911
0.096788
0.061421
0.385738
0.410076
0.147196
0.039883
0.192403
0.534969
0.066210
0.451084
0.124385
0.235206
0.237082
0.051764
0.325337
0.246701
0.626999
0.099730
0.187306
0.153014
0.322177
0.318918
0.134200
0.043841
0.280839
0.041429
0.054536
0.255809
0.549221
0.501450
0.289642
0.218276
0.524708
0.053874
0.004900
0.101412
0.428538
0.107095
0.024729
0.219359
0.652236
0.048933
0.532597
0.468687
0.147013
0.158727
0.204598
0.380263
0.537247
0.023231
0.160641
0.249714
0.094629
0.200655
0.313753
0.126894
0.242537
0.441663
0.012642
0.189604
0.172368
0.178123
0.165998
0.370351
0.194165
0.275071
0.174339
0.027675
0.773550
0.134706
0.336965
0.453811
0.251628
0.140806
0.208858
0.385859
0.080302
0.123813
0.548981
0.147401
0.131846
0.086305
0.184382
0.369027
0.637342
0.698323
0.085363
0.004115
0.031953
0.396295
0.630994
0.092398
0.004061
0.307809
0.087153
0.694889
0.476470
0.254189
0.070536
0.066018
0.090674
0.120045
0.135296
0.332999
0.313226
0.020581
0.298789
0.163672
0.450872
0.013375
0.172084
0.265284
0.134323
0.288960
0.028046
0.005832
0.039722
0.108117
0.448793
0.214357
0.034929
0.270566
0.272969
0.160626
0.317877
0.020338
0.426101
0.046626
0.392887
0.188559
0.289757
0.155061
0.052204
0.404275
0.481858
0.060990
0.291684
0.274942
0.186680
0.399893
0.110435
0.184615
0.170307
0.202693
0.182057
0.058879
0.229520
0.298779
0.106040
0.107063
0.233006
0.269972
0.081806
0.533855
0.600582
0.124809
0.122375
0.391753
0.408281
0.029837
0.352724
0.515578
0.216632
0.081540
0.046636
0.088790
0.041265
0.380439
0.280777
0.023904
0.301315
0.222050
0.207092
0.004933
0.093927
0.199013
0.096321
0.018536
0.044857
0.006696
0.307352
0.251171
0.471091
0.057806
0.266274
0.238276
0.648223
0.065411
0.088535
0.156331
0.062695
0.130952
0.586318
0.289723
0.347797
0.085878
0.056556
0.027915
0.479096
0.267197
0.271497
0.094743
0.282254
0.101490
0.098755
0.257964
0.368002
0.361137
0.005637
0.579742
0.092520
0.091109
0.152116
0.405102
0.119409
0.330438
0.245333
0.137036
0.456740
0.366971
0.127991
0.753306
0.022907
0.044593
0.324660
0.582302
0.176093
0.068728
0.395268
0.274542
0.233208
0.484209
0.285499
0.359325
0.267483
0.087198
0.068436
0.099871
0.334481
0.274266
0.369872
0.026277
0.171013
0.258489
0.416113
0.227191
0.101884
0.534970
0.359314
0.195751
0.335395
0.107319
0.360086
0.368334
0.333321
0.292643
0.342251
0.323353
0.138583
0.092939
0.455562
0.026467
0.003678
0.217176
0.210562
0.250712
0.212488
0.664647
0.395395
0.104663
0.317277
0.505281
0.001380
0.354874
0.369252
0.163315
0.347684
0.089071
0.179907
0.171757
0.151029
0.153135
0.044334
0.256375
0.024785
0.227119
0.360095
0.018235
0.375325
0.278226
0.172961
0.006572
0.239456
0.294625
0.132485
0.242220
0.429474
0.277236
0.534768
0.056553
0.495208
0.295603
0.791199
0.145657
0.516320
0.243401
0.212814
0.477215
0.270076
0.003814
0.100616
0.201573
0.241032
0.172243
0.267652
0.457804
0.285931
0.051116
0.003458
0.110283
0.271213
0.241678
0.253110
0.253502
0.003746
0.249377
0.218360
0.292296
0.395081
0.167002
0.015036
0.420684
0.069283
0.128065
0.384370
0.101404
0.382416
0.151804
0.049961
0.273016
0.237689
0.374007
0.102432
0.317310
0.522672
0.137439
0.603588
0.329280
0.463606
0.156827
0.562288
0.119780
0.275309
0.084318
0.066277
0.105961
0.495998
0.006802
0.573203
0.039340
0.235158
0.106471
0.223739
0.282537
0.588109
0.560106
0.101767
0.278295
0.044683
0.062890
0.511873
0.032137
0.100076
0.093850
0.598511
0.160688
0.422948
0.217973
0.405251
0.020117
0.119072
0.456203
0.207983
0.170347
0.328180
0.546617
0.285891
0.203647
0.501112
0.574889
0.000360
0.049099
0.250293
0.130405
0.163013
0.797396
0.064905
0.341648
0.026986
0.318147
0.294156
0.309277
0.459968
0.376025
0.490320
0.292146
0.554683
0.150596
0.313845
0.280979
0.330759
0.308336
0.113367
0.265854
0.293874
0.382481
0.267517
0.329290
0.324223
0.431172
0.113378
0.612149
0.305433
0.090405
0.176206
0.586541
0.153086
0.363410
0.429546
0.360902
0.131271
0.023798
0.195159
0.487459
0.211898
0.145935
0.368045
0.662434
0.123165
0.244556
0.416116
0.313006
0.277651
0.151237
0.424031
0.381665
0.367513
0.510555
0.167796
0.254173
0.520320
0.315468
0.162537
0.205920
0.207885
0.275800
0.435684
0.453167
0.113450
0.129140
0.307952
0.590861
0.258391
0.059658
0.232905
0.133721
0.145351
0.161607
0.210421
0.274261
0.120658
0.268976
0.361101
0.039117
0.671479
0.460096
0.059256
0.063026
0.226307
0.071977
0.439611
0.230123
0.355786
0.226000
0.324038
0.275088
0.258345
0.127856
0.361749
0.666010
0.315466
0.321160
0.282079
0.496812
0.187975
0.558263
0.315232
0.006610
0.355290
0.350258
0.104905
0.213255
0.558304
0.335164
0.171992
0.230600
0.067087
0.513589
0.031914
0.188004
0.044912
0.355254
0.336742
0.256850
0.143494
0.330799
0.231700
0.377506
0.023720
0.399704
0.574737
0.047551
0.402523
0.338234
0.245736
0.202864
0.575650
0.180379
0.433068
0.684779
0.267438
0.090512
0.332489
0.352388
0.561242
0.020277
0.231431
0.204553
0.001549
0.179247
0.123285
0.162109
0.029108
0.617165
0.385605
0.158120
0.176330
0.216096
0.291315
0.178851
0.234210
0.269238
0.347536
0.177048
0.302016
0.327579
0.474630
0.128630
0.148817
0.480115
0.459721
0.512806
0.093329
0.527589
0.285410
0.303513
0.294313
0.793587
0.199508
0.382098
0.066346
0.538321
0.389891
0.100763
0.417130
0.047553
0.542378
0.381014
0.156879
0.114410
0.013969
0.291997
0.070265
0.013614
0.231548
0.311772
0.406143
0.797146
0.660284
0.186071
0.058134
0.183596
0.064572
0.307742
0.375046
0.223432
0.080218
0.324365
0.324267
0.131172
0.076674
0.410948
0.246415
0.700397
0.066715
0.158961
0.488639
0.304673
0.396070
0.411261
0.283667
0.347518
0.434970
0.393760
0.034378
0.012972
0.437795
0.490882
0.207473
0.585440
0.030061
0.092805
0.007595
0.461536
0.084446
0.183664
0.139829
0.106818
0.108489
0.143956
0.148998
0.228234
0.120675
0.751624
0.173376
0.633642
0.345751
0.123863
0.343626
0.069285
0.109356
0.097737
0.398824
0.271145
0.067948
0.066895
0.529331
0.025018
0.514722
0.301180
0.276752
0.383088
0.137577
0.089903
0.147310
0.220946
0.099080
0.399643
0.211650
0.343277
0.535650
0.581780
0.355083
0.056252
0.249732
0.081062
0.050650
0.346998
0.619313
0.116049
0.054730
0.154728
0.577733
0.073124
0.266598
0.607594
0.013228
0.001877
0.284004
0.081983
0.567713
0.121232
0.180101
0.176654
0.187100
0.419232
0.287613
0.158523
0.012535
0.119228
0.854498
0.266264
0.171478
0.113397
0.247108
0.550835
0.202341
0.056752
0.306991
0.280915
0.491922
0.435655
0.105521
0.408078
0.354435
0.311848
0.030730
0.228233
0.350193
0.462233
0.086678
0.266519
0.578180
0.182823
0.094640
0.251092
0.274590
0.469730
0.451443
0.155007
0.238435
0.682584
0.073210
0.574379
0.017247
0.243088
0.309742
0.389275
0.567826
0.387761
0.146793
0.176417
0.322474
0.478954
0.530456
0.069469
0.091694
0.208356
0.357034
0.508131
0.380208
0.503503
0.088972
0.389785
0.071651
0.293996
0.018955
0.066155
0.250155
0.345393
0.169427
0.052542
0.327738
0.466505
0.225865
0.066129
0.337760
0.226202
0.603877
0.182364
0.357500
0.030655
0.352517
0.517704
0.029924
0.293918
0.236146
0.198320
0.001355
0.106688
0.115239
0.166305
0.083096
0.109785
0.052812
0.183160
0.476933
0.167673
0.228830
0.439276
0.166261
0.119357
0.425612
0.327227
0.227573
0.238194
0.069826
0.285422
0.268065
0.213712
0.394587
0.225570
0.001748
0.276681
0.353367
0.236343
0.115208
0.111863
0.118302
0.213198
0.189409
0.087216
0.120999
0.313524
0.406974
0.202766
0.247110
0.223304
0.216967
0.019696
0.318755
0.201420
0.065465
0.098351
0.614980
0.237631
0.170354
0.542196
0.254283
0.359597
0.228446
0.289752
0.113718
0.417990
0.358329
0.105439
0.205411
0.160309
0.045220
0.672049
0.035030
0.480769
0.483753
0.336378
0.407974
0.187492
0.492576
0.193809
0.720384
0.091897
0.162642
0.205287
0.064519
0.066554
0.116600
0.477620
0.230682
0.124742
0.313451
0.319276
0.072192
0.212318
0.411490
0.652408
0.138170
0.178569
0.024391
0.162786
0.490272
0.131183
0.726734
0.015465
0.188218
0.216356
0.046454
0.545463
0.014249
0.431649
0.396909
0.446078
0.451426
0.126867
0.298973
0.344263
0.360220
0.227246
0.518919
0.020323
0.109155
0.414068
0.271925
0.262939
0.427552
0.574446
0.491239
0.445194
0.204769
0.009448
0.275256
0.488018
0.632417
0.078297
0.204844
0.584083
0.188009
0.323389
0.148316
0.129043
0.053198
0.074888
0.141650
0.050474
0.034574
0.377758
0.380445
0.622923
0.182708
0.094399
0.191518
0.409579
0.522955
0.106082
0.401916
0.136384
0.248906
0.433984
0.506833
0.096624
0.434631
0.072854
0.106129
0.309997
0.456373
0.118044
0.386498
0.471925
0.141433
0.052161
0.421153
0.166287
0.424737
0.046789
0.348666
0.225602
0.380756
0.152569
0.244980
0.088323
0.542797
0.548085
0.589185
0.234673
0.503025
0.098234
0.327576
0.612371
0.049324
0.026015
0.256202
0.031635
0.367545
0.524661
0.169422
0.128436
0.224582
0.379686
0.273492
0.301424
0.174753
0.038284
0.366415
0.491495
0.410890
0.097887
0.572122
0.114476
0.027298
0.406428
0.422796
0.174184
0.296584
0.110570
0.030065
0.778312
0.824366
0.055412
0.124814
0.140232
0.206644
0.701608
0.168623
0.133726
0.115361
0.290171
0.278700
0.167531
0.156466
0.190574
0.285296
0.301625
0.068072
0.573157
0.285189
0.103386
0.058791
0.152995
0.148290
0.024777
0.506658
0.482436
0.378378
0.405783
0.538131
0.269893
0.213548
0.340542
0.313829
0.103167
0.247182
0.359268
0.212442
0.039797
0.091025
0.182760
0.099148
0.310910
0.357776
0.222398
0.251464
0.195270
0.193436
0.511120
0.014023
0.348044
0.313346
0.337883
0.605340
0.369406
0.441268
0.536757
0.314022
0.042382
0.311819
0.050566
0.027593
0.127085
0.343567
0.443209
0.178726
0.140198
0.664592
0.110758
0.126792
0.394980
0.608342
0.171431
0.299906
0.109167
0.312249
0.349729
0.057571
0.254928
0.021475
0.060433
0.161304
0.043876
0.078759
0.439634
0.269763
0.173855
0.224380
0.389139
0.168441
0.281185
0.222438
0.497354
0.192827
0.106052
0.664069
0.045295
0.368841
0.513288
0.190428
0.022978
0.466505
0.120655
0.421037
0.468672
0.197258
0.686968
0.055699
0.087122
0.281163
0.430196
0.217281
0.112426
0.078055
0.401255
0.002526
0.452852
0.197560
0.209725
0.083981
0.017406
0.311836
0.187981
0.730644
0.103015
0.189429
0.180370
0.417291
0.266645
0.094331
0.013464
0.143473
0.067495
0.048970
0.314078
0.523208
0.422123
0.333007
0.175025
0.581481
0.135339
0.003995
0.033662
0.364921
0.176356
0.106202
0.322887
0.698971
0.005677
0.443597
0.398453
0.062698
0.142348
0.080063
0.374176
0.505080
0.101059
0.162598
0.246659
0.113849
0.150082
0.332573
0.019294
0.155886
0.281493
0.215138
0.334410
0.085060
0.135052
0.276526
0.350630
0.381493
0.448174
0.140024
0.150591
0.631370
0.045857
0.145103
0.414681
0.196646
0.126731
0.193177
0.383282
0.083579
0.207754
0.519429
0.098603
0.173322
0.119097
0.316761
0.398431
0.605528
0.530731
0.025232
0.164977
0.160513
0.266046
0.546620
0.055987
0.005435
0.349956
0.067801
0.609946
0.358171
0.082826
0.129601
0.089513
0.005486
0.153363
0.132084
0.381652
0.389252
0.049849
0.278950
0.294729
0.478974
0.123691
0.174825
0.274969
0.021402
0.179437
0.087996
0.047336
0.068749
0.200407
0.382831
0.317904
0.004995
0.366163
0.171822
0.055892
0.339286
0.099501
0.413999
0.086001
0.520021
0.107977
0.383850
0.217676
0.042831
0.337976
0.353124
0.084720
0.314279
0.167462
0.099236
0.423080
0.176617
0.044873
0.258102
0.051514
0.127187
0.033931
0.270619
0.334985
0.063042
0.147090
0.230054
0.246475
0.104704
0.469960
0.567358
0.128103
0.159205
0.536361
0.345788
0.116781
0.195034
0.395795
0.214050
0.071988
0.044122
0.084856
0.016509
0.430756
0.291157
0.097161
0.263742
0.180995
0.170612
0.083058
0.135274
0.097287
0.156660
0.079884
0.134174
0.132956
0.381910
0.249036
0.497436
0.093279
0.277750
0.123060
0.657418
0.031974
0.089264
0.316999
0.084865
0.263251
0.578737
0.270353
0.273181
0.043240
0.066604
0.148198
0.321909
0.238305
0.182112
0.128882
0.386772
0.000784
0.140318
0.093679
0.259640
0.416985
0.004693
0.538719
0.035943
0.119948
0.052196
0.184568
0.033851
0.232471
0.197491
0.109309
0.538885
0.230477
0.064765
0.710607
0.085359
0.010791
0.276396
0.582712
0.246058
0.124028
0.469822
0.344863
0.371442
0.615584
0.127716
0.211617
0.166826
0.036633
0.193630
0.006189
0.199169
0.245553
0.255073
0.122872
0.001388
0.358877
0.368002
0.191892
0.017384
0.603849
0.336296
0.142962
0.325507
0.226409
0.224499
0.246052
0.363537
0.170741
0.182998
0.405941
0.168766
0.142763
0.461786
0.151993
0.051415
0.259646
0.188538
0.141758
0.169355
0.562923
0.354177
0.128761
0.360925
0.443227
0.085629
0.212944
0.349373
0.293890
0.320628
0.201918
0.119633
0.330068
0.170990
0.177430
0.026181
0.079297
0.054054
0.023027
0.362522
0.097736
0.296196
0.181389
0.133543
0.089605
0.186370
0.237152
0.237559
0.418460
0.230961
0.208549
0.579820
0.144091
0.398513
0.276486
0.828146
0.083341
0.574269
0.329106
0.250645
0.410068
0.247530
0.115777
0.026813
0.179109
0.221139
0.108891
0.271250
0.273179
0.223747
0.078221
0.068193
0.204115
0.224505
0.292836
0.331669
0.288147
0.015796
0.308181
0.157868
0.311370
0.476612
0.151685
0.001151
0.421726
0.042979
0.216713
0.442621
0.024744
0.317753
0.227943
0.156393
0.171074
0.089422
0.302967
0.153404
0.180379
0.420170
0.165544
0.570607
0.436216
0.503938
0.296324
0.518768
0.148446
0.261211
0.042833
0.127518
0.213865
0.433170
0.046881
0.669501
0.039103
0.197137
0.082242
0.219999
0.293035
0.518336
0.383033
0.144633
0.347558
0.094365
0.113335
0.385279
0.087111
0.279238
0.250354
0.521967
0.168700
0.453569
0.218028
0.315957
0.045720
0.004574
0.543777
0.253517
0.173712
0.280075
0.520616
0.242261
0.403220
0.431501
0.698447
0.038095
0.043171
0.240255
0.118523
0.176343
0.804168
0.018187
0.339772
0.020341
0.324367
0.142883
0.396654
0.341802
0.391502
0.508432
0.389503
0.615431
0.102587
0.333412
0.207923
0.242980
0.211123
0.136928
0.173394
0.306320
0.431095
0.409108
0.095859
0.483110
0.466384
0.009032
0.443149
0.059365
0.054206
0.297200
0.561076
0.236200
0.298829
0.446283
0.392614
0.089376
0.033868
0.146951
0.650172
0.188714
0.085570
0.474704
0.634163
0.133906
0.312353
0.438589
0.265774
0.346812
0.061985
0.410489
0.528427
0.230237
0.573642
0.146603
0.166742
0.477918
0.167767
0.249246
0.163347
0.133919
0.346765
0.505585
0.463812
0.092804
0.170257
0.407672
0.587639
0.357838
0.121462
0.138558
0.404531
0.103723
0.101464
0.323117
0.344532
0.142150
0.261800
0.560428
0.078334
0.566431
0.244832
0.152787
0.038928
0.092645
0.028608
0.351136
0.222918
0.349776
0.197021
0.327671
0.116041
0.200479
0.217952
0.385333
0.644068
0.142547
0.162569
0.334925
0.508451
0.118030
0.450722
0.312872
0.003492
0.434780
0.222942
0.047898
0.106979
0.395567
0.351811
0.180901
0.198550
0.072019
0.510660
0.078553
0.070281
0.194983
0.271545
0.342382
0.244688
0.106743
0.349831
0.307425
0.326397
0.053887
0.537327
0.581301
0.028457
0.342128
0.288841
0.161274
0.166600
0.411778
0.104806
0.521037
0.475105
0.241431
0.032737
0.310567
0.365747
0.524460
0.100216
0.123250
0.102850
0.058757
0.300334
0.116633
0.105283
0.050117
0.614919
0.431411
0.231525
0.092516
0.316396
0.286522
0.159871
0.335536
0.172618
0.334222
0.257360
0.387983
0.336479
0.579599
0.385501
0.237643
0.530474
0.508853
0.529180
0.060112
0.485928
0.200865
0.290823
0.229576
0.789862
0.088605
0.299417
0.203321
0.604166
0.424172
0.231644
0.459848
0.083995
0.608701
0.352616
0.167725
0.088066
0.182206
0.342154
0.214295
0.055375
0.227629
0.394534
0.412831
0.731464
0.717850
0.206229
0.035210
0.199208
0.075776
0.357220
0.504353
0.149614
0.129790
0.146787
0.265747
0.089532
0.227072
0.549401
0.252944
0.656461
0.081058
0.319257
0.460097
0.391624
0.407003
0.525577
0.282755
0.507740
0.241120
0.407580
0.020897
0.026466
0.407310
0.480938
0.243019
0.390783
0.153685
0.124995
0.058339
0.574302
0.067019
0.241795
0.199456
0.045254
0.206162
0.152334
0.190053
0.022134
0.126956
0.794292
0.103081
0.632457
0.181886
0.200316
0.375264
0.054033
0.167293
0.156657
0.432952
0.353131
0.158221
0.006086
0.685843
0.201171
0.488051
0.332924
0.091143
0.349943
0.244245
0.087668
0.135433
0.154292
0.141047
0.277943
0.204056
0.285806
0.511365
0.626897
0.292414
0.074693
0.198368
0.041983
0.031477
0.487801
0.607887
0.095250
0.144765
0.069386
0.381458
0.010434
0.293878
0.553251
0.105362
0.211411
0.155559
0.134104
0.515531
0.052010
0.191806
0.148818
0.248473
0.405153
0.144848
0.083415
0.041388
0.154745
0.852600
0.319562
0.150316
0.119121
0.375712
0.417665
0.064153
0.196140
0.324029
0.426310
0.482480
0.323918
0.163849
0.487632
0.402516
0.280155
0.162515
0.386956
0.482251
0.199039
0.191628
0.346017
0.716015
0.021923
0.073511
0.207527
0.162823
0.503539
0.441519
0.160398
0.233320
0.580595
0.022990
0.496877
0.107814
0.202100
0.247375
0.413719
0.571372
0.427614
0.159765
0.120524
0.348905
0.421433
0.502953
0.167813
0.122090
0.247468
0.369204
0.333303
0.262621
0.554152
0.127355
0.302776
0.084709
0.453934
0.073748
0.039431
0.341107
0.367348
0.083334
0.157576
0.290369
0.449354
0.074189
0.030837
0.410312
0.102455
0.584935
0.206632
0.307378
0.004508
0.302263
0.695742
0.092372
0.310100
0.170645
0.060123
0.071489
0.063761
0.067047
0.061001
0.009452
0.127592
0.037456
0.185173
0.548441
0.333620
0.078330
0.256161
0.136896
0.073572
0.332431
0.393056
0.354438
0.202371
0.086138
0.318211
0.201261
0.118043
0.508990
0.209330
0.044356
0.169158
0.263352
0.178642
0.155767
0.261178
0.081495
0.161714
0.197462
0.047910
0.259792
0.419686
0.275640
0.219754
0.398647
0.145861
0.323534
0.053507
0.358817
0.269468
0.068000
0.147483
0.428866
0.165175
0.075062
0.484085
0.249721
0.338916
0.398357
0.032437
0.121115
0.445032
0.366370
0.128331
0.208188
0.127828
0.053403
0.534931
0.085200
0.493759
0.354649
0.235946
0.435785
0.158909
0.557272
0.201900
0.691629
0.159454
0.218596
0.135714
0.141664
0.098455
0.025577
0.496975
0.248860
0.243870
0.203295
0.245556
0.149254
0.282660
0.346531
0.527860
0.135722
0.213323
0.047257
0.295374
0.395410
0.341869
0.596124
0.008756
0.162619
0.204777
0.086415
0.404300
0.073021
0.405560
0.496412
0.286339
0.386639
0.013107
0.327344
0.301172
0.272542
0.292519
0.511885
0.068266
0.231065
0.319693
0.309272
0.297888
0.421690
0.602226
0.507904
0.441821
0.249752
0.038381
0.286446
0.275522
0.550369
0.065409
0.220769
0.643929
0.300680
0.283265
0.001332
0.078335
0.060097
0.161266
0.161602
0.010967
0.255064
0.329235
0.287540
0.527553
0.230314
0.208528
0.132196
0.533901
0.487255
0.116712
0.246412
0.075389
0.226888
0.525217
0.505590
0.113992
0.469787
0.158975
0.096242
0.269024
0.475777
0.169280
0.262830
0.456312
0.112091
0.010599
0.429713
0.285650
0.473782
0.047359
0.311343
0.217239
0.384158
0.175263
0.260900
0.093601
0.559101
0.623858
0.630005
0.151606
0.485006
0.126628
0.432136
0.465409
0.156970
0.012947
0.265963
0.182384
0.311651
0.509531
0.045377
0.000252
0.108583
0.264625
0.237931
0.282975
0.217136
0.101115
0.208719
0.646408
0.368848
0.272284
0.558026
0.124195
0.033275
0.318438
0.338071
0.111907
0.435650
0.058765
0.155843
0.711212
0.736620
0.001167
0.072921
0.072360
0.224769
0.600250
0.165682
0.242648
0.168853
0.358596
0.282369
0.211589
0.271165
0.303060
0.248695
0.296595
0.078744
0.428225
0.219145
0.133790
0.028962
0.221344
0.088260
0.147088
0.524060
0.446110
0.317249
0.392622
0.318981
0.201362
0.164636
0.296967
0.266885
0.144038
0.241778
0.224869
0.306809
0.105836
0.074784
0.125176
0.149826
0.219884
0.254788
0.226305
0.332364
0.276833
0.149126
0.542935
0.119018
0.325549
0.317235
0.299897
0.506244
0.215919
0.378389
0.683614
0.241521
0.239219
0.355800
0.022060
0.114629
0.211481
0.412611
0.285355
0.146080
0.024002
0.522914
0.278813
0.048547
0.248172
0.505668
0.018703
0.280423
0.063781
0.236007
0.397069
0.137493
0.389976
0.013785
0.045316
0.117849
0.044999
0.016829
0.480357
0.152847
0.114851
0.256656
0.387809
0.236163
0.307006
0.216444
0.420409
0.296634
0.104935
0.491388
0.087669
0.393434
0.296707
0.201707
0.091506
0.508475
0.022036
0.556633
0.349327
0.234394
0.637781
0.122016
0.144796
0.168770
0.447128
0.184371
0.180401
0.100988
0.279999
0.045561
0.377640
0.209560
0.182780
0.019480
0.062019
0.350073
0.111131
0.714817
0.049946
0.161125
0.252323
0.416929
0.182866
0.123280
0.022934
0.051132
0.110997
0.070635
0.369821
0.446810
0.310943
0.330917
0.118110
0.604837
0.247640
0.074207
0.026806
0.209134
0.281361
0.189783
0.459454
0.629658
0.059482
0.328656
0.339194
0.015772
0.047403
0.081297
0.334444
0.442641
0.283358
0.189665
0.185218
0.098995
0.198928
0.368920
0.174233
0.098804
0.126117
0.393937
0.489889
0.055083
0.182535
0.345879
0.226269
0.490136
0.502662
0.081593
0.287600
0.421828
0.105976
0.060025
0.359790
0.086460
0.160584
0.097532
0.353150
0.066014
0.234715
0.421587
0.044996
0.174680
0.173179
0.434020
0.263270
0.417515
0.361888
0.024964
0.330205
0.302930
0.115892
0.405709
0.059736
0.012929
0.401093
0.012152
0.465441
0.216305
0.065708
0.121304
0.181323
0.084300
0.062416
0.151896
0.452909
0.420271
0.011590
0.242333
0.391159
0.451729
0.312477
0.243239
0.316397
0.031427
0.079875
0.149932
0.094558
0.148750
0.186003
0.288851
0.366529
0.001053
0.403550
0.101152
0.059384
0.333203
0.192868
0.329249
0.176593
0.557509
0.002763
0.447583
0.255716
0.146508
0.197437
0.197058
0.067586
0.326083
0.025233
0.030110
0.447908
0.198815
0.019943
0.304818
0.046960
0.113905
0.028856
0.211876
0.282422
0.099312
0.115702
0.209626
0.210108
0.172529
0.277688
0.431196
0.116514
0.128235
0.588518
0.278488
0.218292
0.079306
0.254667
0.212364
0.080875
0.070320
0.032570
0.036884
0.507924
0.279424
0.152290
0.215667
0.200738
0.145597
0.109605
0.203754
0.038876
0.175616
0.128781
0.240339
0.256682
0.420659
0.267103
0.535968
0.207358
0.287740
0.032945
0.554678
0.017478
0.156886
0.395511
0.100707
0.431309
0.548016
0.189248
0.167493
0.006328
0.144089
0.234404
0.156305
0.214305
0.061206
0.050042
0.345965
0.013873
0.181844
0.080296
0.207876
0.430344
0.008117
0.447597
0.124810
0.065625
0.079676
0.004400
0.084398
0.190329
0.179913
0.064326
0.572115
0.061719
0.261010
0.490677
0.103449
0.010988
0.175339
0.447765
0.331296
0.157117
0.509580
0.401952
0.491523
0.725340
0.007278
0.109110
0.111180
0.001911
0.310339
0.081393
0.126395
0.269173
0.172883
0.244162
0.185181
0.490881
0.352196
0.147299
0.070022
0.646862
0.351068
0.084452
0.317380
0.292699
0.115556
0.127319
0.398026
0.094582
0.130567
0.462775
0.183925
0.167468
0.379042
0.207338
0.071417
0.314591
0.183093
0.055634
0.113312
0.355876
0.310169
0.155440
0.364940
0.394960
0.174976
0.041114
0.323346
0.360806
0.221984
0.254963
0.133205
0.451707
0.154671
0.248676
0.005095
0.133947
0.140952
0.143640
0.307967
0.141312
0.228518
0.129856
0.093013
0.171333
0.128505
0.118557
0.316729
0.537032
0.014899
0.149419
0.618768
0.187492
0.227662
0.247680
0.692391
0.050924
0.617596
0.327912
0.277027
0.211757
0.185472
0.198141
0.060354
0.115041
0.263439
0.087112
0.255390
0.118336
0.211980
0.088717
0.210640
0.225209
0.135027
0.309778
0.262899
0.293056
0.047127
0.427489
0.072930
0.265843
0.537349
0.137504
0.022927
0.420506
0.032484
0.208760
0.529441
0.082015
0.222702
0.334273
0.241488
0.060392
0.060438
0.308355
0.178769
0.072291
0.253304
0.149222
0.520373
0.456776
0.460129
0.412293
0.490932
0.133546
0.314270
0.004193
0.133332
0.320584
0.368772
0.070210
0.699436
0.040811
0.073974
0.100046
0.260924
0.233086
0.365527
0.203843
0.185667
0.403984
0.197016
0.285854
0.347373
0.155272
0.426582
0.458811
0.423480
0.136728
0.412746
0.154346
0.202127
0.058987
0.158533
0.553133
0.244144
0.124245
0.355404
0.405848
0.170489
0.476940
0.281054
0.753700
0.032685
0.059993
0.195377
0.114820
0.200975
0.683527
0.131894
0.330817
0.081112
0.285286
0.017285
0.508421
0.178882
0.375428
0.496410
0.382909
0.655219
0.104050
0.270223
0.164302
0.176911
0.095618
0.095061
0.114836
0.221233
0.420673
0.538590
0.157579
0.529826
0.443492
0.056015
0.262724
0.173003
0.007966
0.345887
0.480369
0.308103
0.246564
0.393559
0.426985
0.110101
0.017247
0.160891
0.736184
0.196059
0.017086
0.565946
0.548217
0.093507
0.308018
0.413905
0.258843
0.318929
0.047816
0.326004
0.638623
0.043976
0.575162
0.168837
0.030895
0.455936
0.009349
0.388060
0.043895
0.075035
0.365428
0.543208
0.367169
0.040165
0.159048
0.423894
0.548037
0.408367
0.239950
0.108638
0.643284
0.049241
0.077278
0.467002
0.343668
0.190055
0.284698
0.607270
0.018542
0.484527
0.011167
0.212051
0.050595
0.011648
0.007111
0.279681
0.151763
0.325667
0.114376
0.328101
0.024284
0.118607
0.287191
0.421434
0.521991
0.008905
0.086214
0.349032
0.449981
0.146504
0.383489
0.297314
0.017522
0.378635
0.186406
0.137671
0.060429
0.308055
0.280261
0.179852
0.075021
0.112603
0.507637
0.066438
0.029089
0.267295
0.268121
0.353388
0.186319
0.003065
0.360034
0.381485
0.253853
0.029861
0.564079
0.580035
0.015955
0.192244
0.192793
0.057955
0.163243
0.250210
0.021074
0.531164
0.337157
0.213622
0.078595
0.273358
0.306108
0.395442
0.137500
0.006414
0.021593
0.093193
0.356706
0.064435
0.110654
0.020192
0.537723
0.354766
0.209194
0.054664
0.404358
0.240965
0.141845
0.399402
0.137358
0.321048
0.206477
0.383951
0.364195
0.548528
0.615123
0.221949
0.513233
0.563108
0.511844
0.071743
0.429008
0.085174
0.236438
0.215990
0.664927
0.063716
0.289524
0.290360
0.593491
0.363768
0.400751
0.502842
0.235337
0.610955
0.354125
0.137902
0.038370
0.372967
0.484631
0.321888
0.154223
0.210312
0.370452
0.324847
0.593755
0.669440
0.148540
0.111904
0.226941
0.002547
0.394167
0.619676
0.097399
0.154730
0.004423
0.126265
0.048283
0.379567
0.655234
0.268853
0.525819
0.065949
0.435868
0.452456
0.411021
0.374519
0.664167
0.260655
0.577286
0.107160
0.391095
0.077461
0.041582
0.401609
0.355540
0.287983
0.202810
0.338519
0.120498
0.139942
0.541903
0.108329
0.239524
0.240329
0.003278
0.365706
0.117271
0.201352
0.176284
0.027516
0.682846
0.067738
0.591606
0.013965
0.302172
0.457440
0.157473
0.246432
0.167318
0.423202
0.387610
0.245786
0.154800
0.676214
0.279512
0.392933
0.328570
0.118933
0.240475
0.345306
0.140401
0.105719
0.049474
0.261893
0.142873
0.231048
0.157622
0.437701
0.566715
0.141116
0.198180
0.210778
0.138635
0.063031
0.505940
0.462597
0.119863
0.160384
0.007867
0.197545
0.013452
0.221717
0.416107
0.107234
0.405211
0.058257
0.179856
0.406937
0.001551
0.186228
0.193264
0.301311
0.310902
0.101978
0.001712
0.194871
0.339329
0.704197
0.382551
0.114235
0.129377
0.429175
0.209505
0.089303
0.308394
0.326326
0.468343
0.426117
0.219309
0.258800
0.525650
0.419337
0.205794
0.265785
0.498420
0.615754
0.052289
0.320265
0.366411
0.757933
0.212022
0.176247
0.205636
0.026650
0.504563
0.386271
0.173614
0.198337
0.503740
0.088824
0.285690
0.166073
0.185361
0.172107
0.379307
0.464463
0.439366
0.166892
0.109212
0.378586
0.425154
0.407333
0.304800
0.337952
0.255335
0.315435
0.121478
0.131623
0.571479
0.128976
0.151978
0.029796
0.543084
0.087973
0.054732
0.407154
0.308296
0.019075
0.257442
0.276411
0.528947
0.073376
0.086047
0.456502
0.019909
0.513317
0.220976
0.259039
0.062818
0.240567
0.726854
0.259325
0.299506
0.053650
0.026057
0.233025
0.012753
0.001352
0.042343
0.093225
0.078303
0.100107
0.154782
0.572165
0.535008
0.071454
0.007315
0.097396
0.110497
0.266492
0.478965
0.393144
0.113413
0.215050
0.355562
0.148265
0.019953
0.534213
0.193219
0.083262
0.019771
0.106111
0.144087
0.151603
0.355763
0.044295
0.169143
0.195759
0.182290
0.375236
0.565376
0.092012
0.327940
0.494780
0.066459
0.419805
0.228001
0.353199
0.312184
0.118045
0.083036
0.317639
0.175868
0.140592
0.362372
0.235943
0.300932
0.588878
0.185153
0.011395
0.388652
0.326569
0.053092
0.147491
0.139630
0.081509
0.320873
0.216485
0.375010
0.231701
0.146880
0.406307
0.062956
0.518884
0.237811
0.623020
0.204384
0.213264
0.118775
0.229471
0.162700
0.075192
0.451506
0.265072
0.402832
0.121374
0.194138
0.206936
0.316317
0.227552
0.363142
0.198995
0.195491
0.069366
0.436411
0.333610
0.494153
0.407450
0.041711
0.193072
0.213085
0.005975
0.271734
0.122906
0.413964
0.511132
0.209604
0.281139
0.093326
0.347779
0.185748
0.288148
0.216420
0.399441
0.058335
0.265903
0.143985
0.274639
0.332044
0.360292
0.560835
0.500024
0.463730
0.284313
0.021752
0.247056
0.014853
0.466329
0.031410
0.226808
0.569352
0.388005
0.174989
0.129151
0.028922
0.191019
0.201893
0.204360
0.048297
0.412230
0.241542
0.190291
0.406418
0.202248
0.269633
0.129120
0.621187
0.391161
0.077794
0.173213
0.074854
0.126816
0.585186
0.473528
0.124972
0.383704
0.233361
0.122735
0.258218
0.428176
0.223148
0.203735
0.333352
0.105521
0.004028
0.388269
0.458137
0.534231
0.074223
0.303974
0.176613
0.355398
0.253098
0.291036
0.097969
0.483222
0.617843
0.649605
0.174424
0.483209
0.154360
0.470514
0.286044
0.220218
0.047781
0.250293
0.280737
0.258077
0.447941
0.297481
0.136660
0.094607
0.179467
0.216722
0.169896
0.249002
0.221680
0.115880
0.676792
0.297761
0.406565
0.465162
0.160553
0.050954
0.203110
0.294507
0.017378
0.540270
0.046704
0.205069
0.601238
0.517747
0.034422
0.040941
0.068801
0.335256
0.502439
0.179803
0.281442
0.252867
0.360967
0.262086
0.269988
0.308713
0.429097
0.190153
0.256246
0.085455
0.256057
0.073275
0.212902
0.008072
0.205920
0.073301
0.182784
0.535376
0.491855
0.229889
0.402495
0.109650
0.092142
0.169246
0.216048
0.280412
0.121848
0.220986
0.156200
0.391064
0.121700
0.001828
0.057175
0.228069
0.094565
0.161534
0.100799
0.414684
0.331709
0.090947
0.511474
0.191323
0.327157
0.227058
0.219122
0.378527
0.050773
0.285248
0.759633
0.148111
0.407581
0.326205
0.008539
0.210566
0.277813
0.536396
0.135267
0.087694
0.069726
0.281429
0.397998
0.042732
0.113777
0.340234
0.174969
0.303929
0.015568
0.217288
0.459458
0.242162
0.507065
0.086057
0.048928
0.159315
0.142810
0.052806
0.434546
0.104435
0.067843
0.227533
0.361214
0.241837
0.376785
0.200547
0.309796
0.372323
0.099646
0.290248
0.076232
0.357887
0.064968
0.189425
0.184697
0.537215
0.123037
0.662616
0.312392
0.184012
0.506124
0.224507
0.147191
0.058039
0.418638
0.094265
0.239403
0.258088
0.113080
0.057725
0.279302
0.197876
0.123347
0.060419
0.110026
0.402694
0.057092
0.591966
0.025901
0.098798
0.281744
0.390809
0.073191
0.125227
0.055045
0.012766
0.133320
0.119253
0.401170
0.353213
0.180048
0.336964
0.096155
0.614427
0.391992
0.093205
0.035750
0.072488
0.412999
0.246333
0.561458
0.587480
0.124693
0.209651
0.278131
0.041267
0.014434
0.239031
0.250918
0.279361
0.452232
0.194246
0.194651
0.054816
0.240258
0.439805
0.322756
0.063037
0.018346
0.537975
0.594460
0.018819
0.172007
0.320887
0.060851
0.523069
0.489611
0.040578
0.413791
0.150329
0.216118
0.310317
0.287582
0.114288
0.253642
0.026148
0.327155
0.072287
0.257261
0.346445
0.041280
0.093294
0.188460
0.477767
0.154375
0.212165
0.093139
0.020477
0.519909
0.432144
0.004162
0.226587
0.016440
0.013389
0.443483
0.011072
0.374276
0.040471
0.257273
0.110216
0.278943
0.243078
0.021257
0.137323
0.483695
0.445954
0.050773
0.255953
0.484718
0.342104
0.478821
0.301737
0.292787
0.113630
0.018989
0.117399
0.248073
0.127867
0.146712
0.152378
0.374785
0.055701
0.401736
0.043328
0.197700
0.297025
0.329102
0.262008
0.288476
0.530816
0.167434
0.474505
0.172977
0.173686
0.086826
0.060065
0.101966
0.413477
0.230944
0.016147
0.379992
0.195316
0.029341
0.362036
0.132539
0.132099
0.064659
0.187052
0.119086
0.138487
0.061322
0.197212
0.160237
0.270729
0.112789
0.309103
0.148349
0.073443
0.543758
0.211394
0.279886
0.048277
0.112318
0.238003
0.054242
0.208619
0.007448
0.003372
0.576408
0.154222
0.221565
0.183137
0.194324
0.062422
0.130746
0.254148
0.031650
0.213074
0.143030
0.377724
0.411903
0.302806
0.267604
0.559685
0.272371
0.289139
0.002936
0.383294
0.050020
0.215052
0.379004
0.130767
0.513970
0.447967
0.076698
0.090071
0.025237
0.216911
0.336827
0.077536
0.208085
0.055523
0.083788
0.286907
0.033649
0.268887
0.290056
0.181546
0.456338
0.002267
0.361436
0.249672
0.015724
0.197841
0.087648
0.273442
0.166906
0.234143
0.022381
0.441775
0.060746
0.396655
0.298462
0.148878
0.010898
0.111881
0.200998
0.370535
0.223846
0.532019
0.409129
0.540253
0.702386
0.084374
0.075802
0.064966
0.011934
0.441938
0.210381
0.115880
0.281428
0.070195
0.366500
0.309277
0.574254
0.316442
0.054319
0.090052
0.625513
0.336185
0.006537
0.318103
0.291226
0.039332
0.009636
0.405285
0.035338
0.046825
0.515582
0.151907
0.233341
0.230703
0.170410
0.130163
0.292177
0.035974
0.063413
0.021052
0.150705
0.240854
0.129906
0.354017
0.324934
0.234211
0.093873
0.256407
0.431712
0.103644
0.282729
0.207256
0.445878
0.231840
0.290279
0.008696
0.320981
0.240092
0.294984
0.278093
0.181593
0.178128
0.096472
0.014605
0.127030
0.161124
0.050503
0.400191
0.501209
0.141709
0.131570
0.608174
0.181280
0.037000
0.198055
0.603569
0.049507
0.606050
0.341627
0.291236
0.055796
0.169311
0.180861
0.100725
0.028946
0.295976
0.112638
0.282193
0.017891
0.234918
0.117357
0.327464
0.151524
0.058106
0.226104
0.142258
0.289357
0.058079
0.497026
0.083563
0.158263
0.610858
0.117356
0.094075
0.441439
0.031225
0.238308
0.514139
0.208108
0.137062
0.390883
0.340093
0.019263
0.143060
0.326101
0.199909
0.047397
0.105559
0.114949
0.400676
0.357801
0.444445
0.492008
0.543737
0.173865
0.348772
0.028194
0.034479
0.356856
0.293364
0.088357
0.651230
0.090463
0.023003
0.112659
0.313557
0.205547
0.130691
0.031130
0.179611
0.507169
0.299335
0.415585
0.286156
0.212917
0.528774
0.653597
0.326311
0.056023
0.393674
0.118785
0.152273
0.067796
0.280465
0.537290
0.186608
0.046955
0.380238
0.318013
0.119517
0.456197
0.162022
0.719170
0.045119
0.079138
0.133232
0.096286
0.248883
0.500754
0.234687
0.284282
0.138245
0.165565
0.097140
0.541689
0.034116
0.327771
0.439046
0.410228
0.675548
0.029841
0.202048
0.146395
0.160479
0.048802
0.056244
0.104075
0.165840
0.363400
0.634567
0.248828
0.461801
0.490867
0.152994
0.009796
0.280611
0.079286
0.413279
0.401168
0.360517
0.196613
0.366826
0.438413
0.158762
0.031800
0.222319
0.736609
0.172830
0.082025
0.579424
0.396537
0.056770
0.306800
0.416498
0.342258
0.254226
0.264308
0.256849
0.686529
0.144684
0.480902
0.201301
0.141118
0.434409
0.101690
0.435673
0.095221
0.055463
0.320709
0.504596
0.257383
0.074060
0.207705
0.488253
0.408955
0.345334
0.332811
0.066481
0.769122
0.001963
0.051005
0.612144
0.379280
0.296361
0.262831
0.541624
0.022995
0.401208
0.322909
0.274107
0.009836
0.039328
0.010523
0.164172
0.080276
0.287325
0.010820
0.278185
0.136778
0.007979
0.324133
0.468996
0.348737
0.147983
0.077929
0.406949
0.323669
0.218982
0.271087
0.296644
0.076720
0.259339
0.216695
0.229363
0.039745
0.280345
0.155370
0.195800
0.071211
0.162370
0.436283
0.038286
0.068983
0.294793
0.248205
0.318402
0.168955
0.055681
0.337458
0.452222
0.141812
0.091180
0.530806
0.624954
0.037427
0.042841
0.034192
0.001382
0.126613
0.121784
0.031187
0.529425
0.185132
0.183874
0.132028
0.235060
0.292756
0.205396
0.158582
0.077032
0.045981
0.109504
0.416826
0.057344
0.108070
0.032989
0.435789
0.249296
0.126830
0.032297
0.471193
0.130143
0.202970
0.424943
0.104346
0.274724
0.060462
0.358485
0.381088
0.491645
0.732765
0.204950
0.434626
0.541141
0.478491
0.037355
0.349712
0.038887
0.190240
0.193973
0.467801
0.162733
0.266517
0.379025
0.566212
0.221730
0.503037
0.540944
0.297385
0.517104
0.271375
0.068586
0.048874
0.527745
0.541138
0.374098
0.267440
0.232912
0.226696
0.257867
0.339316
0.601712
0.096367
0.239077
0.262669
0.125559
0.390600
0.709416
0.056495
0.071170
0.103028
0.010722
0.068984
0.550519
0.609380
0.270899
0.372599
0.046656
0.540961
0.352694
0.414587
0.272175
0.725328
0.248201
0.599052
0.062289
0.229519
0.115383
0.036368
0.381054
0.215501
0.280757
0.037860
0.518153
0.120603
0.247480
0.452475
0.147865
0.180563
0.289776
0.001334
0.509581
0.112597
0.152830
0.341192
0.122152
0.508485
0.061810
0.513219
0.144734
0.318341
0.534965
0.184449
0.294966
0.167321
0.321412
0.418705
0.442746
0.205560
0.579685
0.359547
0.324205
0.309816
0.327286
0.170235
0.366587
0.108639
0.088412
0.015826
0.399132
0.014702
0.246477
0.037890
0.329939
0.476445
0.030138
0.267866
0.211658
0.312999
0.113785
0.528357
0.352448
0.132470
0.206783
0.061184
0.063603
0.010425
0.072984
0.258312
0.020578
0.526281
0.002007
0.140745
0.294615
0.041493
0.196351
0.311577
0.368381
0.134448
0.462964
0.045027
0.299290
0.430827
0.588164
0.445453
0.070243
0.147104
0.463771
0.062473
0.179531
0.455731
0.326208
0.475347
0.324522
0.226747
0.395883
0.405524
0.428493
0.120175
0.371606
0.454326
0.690716
0.286675
0.324062
0.326234
0.630493
0.404451
0.171954
0.205324
0.192400
0.500644
0.325863
0.158657
0.132327
0.303041
0.219773
0.123177
0.231740
0.068949
0.100298
0.334320
0.344920
0.483773
0.211396
0.097713
0.280265
0.426447
0.341937
0.377413
0.456006
0.264731
0.242518
0.060758
0.006980
0.493026
0.114744
0.023164
0.005718
0.552730
0.122771
0.121366
0.388734
0.300650
0.065064
0.306192
0.235868
0.476534
0.171438
0.110121
0.535132
0.157924
0.427453
0.171961
0.220024
0.068588
0.170685
0.689233
0.406369
0.286004
0.125738
0.049728
0.365401
0.065289
0.004865
0.094429
0.208195
0.070386
0.167079
0.143589
0.528189
0.664769
0.230903
0.268284
0.088608
0.209709
0.243676
0.522793
0.423102
0.010728
0.285994
0.269599
0.095566
0.105750
0.483029
0.250969
0.104517
0.137714
0.056564
0.034961
0.100468
0.360879
0.006021
0.120212
0.179201
0.305300
0.451749
0.672447
0.068210
0.388038
0.517820
0.032778
0.405859
0.381541
0.292482
0.361528
0.122146
0.032827
0.186906
0.180182
0.307603
0.187582
0.236154
0.252354
0.697230
0.418455
0.074326
0.299711
0.219508
0.042459
0.082615
0.149348
0.079494
0.094341
0.369143
0.296450
0.054623
0.030139
0.335462
0.009678
0.488549
0.244093
0.533685
0.302458
0.218717
0.113541
0.308297
0.329160
0.140238
0.383971
0.279653
0.519106
0.031362
0.166989
0.229344
0.297868
0.113741
0.263662
0.205096
0.164188
0.052289
0.603458
0.254086
0.565186
0.274943
0.132360
0.242789
0.265329
0.113943
0.147956
0.162941
0.371059
0.484550
0.127815
0.166588
0.147625
0.343224
0.047133
0.425164
0.124263
0.249068
0.038383
0.298865
0.026678
0.182104
0.325830
0.261087
0.517327
0.459692
0.455137
0.265969
0.030970
0.150620
0.354101
0.367254
0.023105
0.252040
0.517748
0.437816
0.103257
0.122436
0.028724
0.255430
0.248787
0.243877
0.085741
0.453922
0.204153
0.076927
0.383293
0.126627
0.335320
0.174440
0.605131
0.316465
0.062555
0.089765
0.186772
0.034844
0.545430
0.477806
0.162238
0.319826
0.279157
0.025660
0.278951
0.354956
0.220992
0.162317
0.223647
0.137277
0.021301
0.291640
0.558663
0.575691
0.047490
0.296559
0.065881
0.273739
0.275534
0.245020
0.161441
0.324300
0.563490
0.545921
0.124083
0.382385
0.115335
0.443870
0.134432
0.225965
0.047456
0.242521
0.313248
0.217352
0.340167
0.521914
0.214422
0.245901
0.178666
0.162108
0.146361
0.262782
0.300531
0.018677
0.637169
0.188027
0.483175
0.357924
0.225098
0.033559
0.106732
0.227135
0.070433
0.576597
0.145378
0.168861
0.402621
0.250835
0.077814
0.043090
0.027600
0.364475
0.416475
0.083500
0.280861
0.262505
0.338106
0.193068
0.294074
0.298348
0.532278
0.142046
0.308068
0.151125
0.060797
0.033491
0.242276
0.060456
0.132441
0.115630
0.156301
0.511557
0.407018
0.144903
0.343396
0.100522
0.045449
0.122329
0.033594
0.311461
0.092507
0.194260
0.092826
0.448331
0.120073
0.046315
0.077149
0.237857
0.026826
0.096224
0.105214
0.362783
0.324746
0.009017
0.502964
0.273101
0.305210
0.135005
0.175510
0.261459
0.078489
0.188151
0.705580
0.092679
0.555203
0.338649
0.018595
0.298221
0.308195
0.563936
0.080686
0.025589
0.144803
0.002557
0.493173
0.165061
0.006820
0.186226
0.404664
0.315971
0.086207
0.109647
0.504686
0.216135
0.580082
0.118279
0.121833
0.283254
0.285915
0.120186
0.320481
0.050202
0.021714
0.133045
0.377028
0.235256
0.444532
0.259970
0.145116
0.431035
0.232554
0.056741
0.038009
0.291625
0.140302
0.138020
0.289136
0.573796
0.190730
0.662457
0.263942
0.169233
0.323678
0.270022
0.190081
0.017217
0.361169
0.036621
0.353529
0.437274
0.001384
0.038771
0.189164
0.149878
0.129974
0.064197
0.182249
0.482904
0.006692
0.407223
0.047436
0.002351
0.346531
0.332586
0.023844
0.176262
0.093395
0.064381
0.090331
0.226665
0.504082
0.257244
0.093902
0.347323
0.060112
0.597529
0.515664
0.094378
0.039901
0.072671
0.451461
0.245755
0.570423
0.480351
0.171224
0.099474
0.252336
0.017055
0.092557
0.319102
0.139631
0.120289
0.580835
0.193398
0.134730
0.017246
0.345866
0.463681
0.376696
0.048839
0.074692
0.626075
0.620493
0.005429
0.249047
0.220699
0.090367
0.475134
0.374562
0.026388
0.462870
0.081203
0.377512
0.551792
0.221425
0.300848
0.407658
0.095874
0.229653
0.127447
0.252250
0.289953
0.149394
0.063479
0.175454
0.427824
0.032441
0.000925
0.042970
0.113766
0.589943
0.399623
0.047345
0.000414
0.050578
0.029750
0.382497
0.061002
0.321321
0.124123
0.432257
0.017398
0.297365
0.345450
0.118898
0.097611
0.519196
0.412272
0.108285
0.258173
0.500000
0.164155
0.623338
0.459103
0.269756
0.160986
0.105568
0.028903
0.379684
0.021187
0.017709
0.081716
0.367160
0.089651
0.373496
0.007967
0.327571
0.236240
0.506776
0.178972
0.331753
0.426350
0.319746
0.517784
0.076194
0.123622
0.013568
0.011947
0.094803
0.451665
0.386806
0.093547
0.300795
0.220770
0.001157
0.290475
0.131221
0.147866
0.126569
0.168964
0.066856
0.226868
0.035573
0.162481
0.105242
0.397810
0.060745
0.135485
0.184277
0.007997
0.456056
0.200841
0.326624
0.143595
0.097024
0.222342
0.049342
0.326617
0.039774
0.087274
0.641778
0.124772
0.150017
0.216148
0.238215
0.016211
0.086580
0.289191
0.075328
0.209503
0.131154
0.479457
0.476932
0.127957
0.240301
0.528977
0.391794
0.205830
0.046768
0.244787
0.087596
0.294714
0.343945
0.111455
0.533824
0.294439
0.034877
0.022717
0.079661
0.312911
0.330869
0.010866
0.249087
0.058052
0.250840
0.144673
0.094837
0.352042
0.376464
0.161166
0.464584
0.001060
0.241107
0.381172
0.125114
0.278330
0.147642
0.417421
0.152101
0.292750
0.011811
0.366527
0.180247
0.432084
0.073001
0.227561
0.106421
0.087389
0.002060
0.332795
0.294201
0.604694
0.393428
0.541082
0.544828
0.146994
0.062665
0.081684
0.055169
0.409985
0.373014
0.179520
0.354232
0.012454
0.407347
0.390863
0.612651
0.269855
0.094427
0.092208
0.541225
0.337818
0.035947
0.353021
0.212119
0.027995
0.033840
0.424820
0.014764
0.008662
0.511485
0.080662
0.290977
0.088439
0.189476
0.103841
0.236788
0.126940
0.007057
0.078624
0.014356
0.165326
0.157574
0.300312
0.259063
0.210429
0.200100
0.200921
0.477942
0.045735
0.215975
0.331944
0.378320
0.292532
0.350619
0.064651
0.433452
0.356453
0.358741
0.156944
0.221507
0.141579
0.104140
0.091441
0.071546
0.184171
0.144317
0.463394
0.406750
0.280303
0.137811
0.556250
0.103860
0.269790
0.164945
0.473197
0.055582
0.537776
0.301942
0.296891
0.325195
0.125444
0.094867
0.102125
0.032453
0.337984
0.225680
0.260806
0.118718
0.276538
0.143176
0.424684
0.058053
0.021402
0.137546
0.070544
0.284552
0.040272
0.619999
0.232396
0.038814
0.575717
0.074353
0.209643
0.429155
0.024993
0.191185
0.498729
0.357488
0.098512
0.458448
0.412522
0.140190
0.204709
0.409522
0.244103
0.187376
0.000650
0.021005
0.293242
0.202290
0.401591
0.528969
0.549919
0.106295
0.421469
0.009983
0.112129
0.368362
0.241133
0.065765
0.636024
0.179330
0.055243
0.128074
0.382576
0.166842
0.089033
0.096568
0.128814
0.530846
0.402224
0.534001
0.225147
0.280156
0.583530
0.715897
0.254370
0.125142
0.293665
0.081017
0.198089
0.021128
0.381682
0.470470
0.062864
0.000169
0.454016
0.252980
0.084168
0.339677
0.106255
0.555811
0.134585
0.079627
0.064093
0.052984
0.311754
0.365499
0.323401
0.244613
0.230574
0.035171
0.138335
0.512808
0.134905
0.217821
0.233358
0.311801
0.643639
0.089988
0.104393
0.192456
0.188041
0.201099
0.214513
0.162609
0.124393
0.339559
0.683982
0.198050
0.345104
0.491016
0.214227
0.246509
0.264845
0.200427
0.410391
0.395309
0.395762
0.111585
0.259609
0.427799
0.252865
0.085604
0.310326
0.655910
0.182355
0.198175
0.556077
0.238866
0.009744
0.289503
0.385832
0.398927
0.165267
0.473327
0.122650
0.659550
0.285824
0.327146
0.200905
0.297660
0.437340
0.137961
0.390180
0.238710
0.113872
0.176886
0.378600
0.188804
0.168194
0.221917
0.426115
0.252264
0.289666
0.418021
0.061303
0.718401
0.037582
0.063267
0.700139
0.242342
0.441442
0.160354
0.401529
0.134583
0.335898
0.584578
0.214916
0.134264
0.065326
0.099495
0.110350
0.003767
0.208186
0.038917
0.237911
0.145591
0.096217
0.291726
0.477395
0.183305
0.273693
0.153057
0.379042
0.179582
0.301534
0.194658
0.217977
0.180772
0.070759
0.330579
0.310122
0.073113
0.301457
0.049437
0.164061
0.150207
0.205330
0.325067
0.129689
0.070591
0.197249
0.255790
0.266916
0.131795
0.094054
0.263602
0.463085
0.055461
0.244698
0.479931
0.619038
0.034706
0.093311
0.087645
0.032768
0.157965
0.027631
0.022312
0.516330
0.091907
0.199700
0.091128
0.188988
0.245692
0.008431
0.118613
0.146410
0.059345
0.054335
0.412729
0.038739
0.106856
0.113366
0.310857
0.097925
0.011511
0.048962
0.507474
0.005181
0.248574
0.435928
0.076917
0.281169
0.109290
0.266725
0.415428
0.332707
0.695277
0.227180
0.285391
0.610967
0.413508
0.060043
0.294658
0.145791
0.121703
0.216857
0.265827
0.252295
0.313005
0.419693
0.444219
0.046876
0.574052
0.514762
0.415316
0.470978
0.244758
0.073258
0.078624
0.630175
0.588832
0.354481
0.355180
0.204656
0.002210
0.160825
0.099031
0.518192
0.019710
0.325781
0.257857
0.315698
0.297894
0.722032
0.084597
0.081397
0.084430
0.004949
0.111771
0.662458
0.526518
0.227688
0.256909
0.006211
0.552336
0.277482
0.322388
0.145935
0.730585
0.257292
0.523190
0.219298
0.052263
0.167619
0.133297
0.390983
0.091339
0.320782
0.083564
0.670004
0.062890
0.389694
0.308835
0.259220
0.085065
0.251793
0.032348
0.642487
0.076618
0.110514
0.454432
0.188855
0.310698
0.142082
0.403501
0.272179
0.290367
0.579699
0.212353
0.277158
0.170701
0.210585
0.358574
0.602690
0.272543
0.452582
0.336514
0.239046
0.247775
0.487916
0.109649
0.296835
0.100069
0.072564
0.006919
0.534636
0.021676
0.310245
0.181900
0.158435
0.244117
0.086139
0.299425
0.203587
0.516523
0.133454
0.469492
0.176597
0.263369
0.204774
0.081305
0.003734
0.030526
0.117102
0.133807
0.128948
0.539093
0.019328
0.056537
0.198844
0.077379
0.135195
0.435911
0.328692
0.093619
0.734255
0.021541
0.378399
0.406788
0.394332
0.506691
0.003149
0.215905
0.487532
0.105179
0.209483
0.548808
0.323826
0.365741
0.210467
0.216821
0.509464
0.220108
0.509134
0.028317
0.440435
0.414967
0.672949
0.483544
0.333323
0.245176
0.481477
0.470151
0.093384
0.274527
0.355096
0.458092
0.219169
0.166777
0.080910
0.154765
0.337970
0.054784
0.267946
0.033716
0.040624
0.251476
0.156928
0.516190
0.227837
0.121331
0.200159
0.428695
0.281105
0.428980
0.441304
0.294970
0.141524
0.177016
0.118243
0.399904
0.052722
0.068953
0.073103
0.531062
0.111434
0.189865
0.255268
0.263466
0.129112
0.274447
0.252719
0.466437
0.301685
0.166376
0.516116
0.210211
0.358076
0.088044
0.225478
0.070359
0.085289
0.477013
0.578875
0.211417
0.332293
0.110020
0.475704
0.121050
0.009171
0.205877
0.296708
0.054758
0.233323
0.125602
0.457990
0.669555
0.288456
0.504565
0.073915
0.350842
0.259670
0.520826
0.431787
0.098764
0.310549
0.151941
0.065431
0.242749
0.422186
0.278987
0.149270
0.328840
0.283283
0.034880
0.006568
0.367617
0.019961
0.094662
0.161267
0.396039
0.489381
0.678698
0.218591
0.467213
0.518217
0.024727
0.365402
0.559598
0.180315
0.367840
0.027935
0.099562
0.135784
0.279473
0.418553
0.011127
0.260092
0.176830
0.698490
0.547120
0.181307
0.162706
0.138602
0.129815
0.012897
0.191754
0.006119
0.093062
0.425966
0.216756
0.089608
0.141730
0.278590
0.073556
0.406273
0.256699
0.439065
0.296459
0.171790
0.118103
0.341332
0.485201
0.224042
0.297466
0.299023
0.542814
0.088212
0.148262
0.167137
0.241431
0.063107
0.194802
0.244557
0.130695
0.030776
0.740954
0.170738
0.489467
0.168372
0.277237
0.229597
0.321592
0.307509
0.131999
0.225170
0.323398
0.406299
0.123320
0.068893
0.156765
0.312103
0.087010
0.487694
0.009879
0.125310
0.057761
0.347189
0.208589
0.045427
0.334001
0.136700
0.376672
0.408115
0.416616
0.238519
0.052764
0.047467
0.643661
0.276750
0.068199
0.275603
0.412812
0.398660
0.023190
0.142060
0.001784
0.246070
0.250478
0.324160
0.134238
0.347746
0.200750
0.013167
0.328607
0.029266
0.381020
0.233484
0.538218
0.210216
0.031652
0.083047
0.324156
0.086938
0.472944
0.491566
0.158543
0.245475
0.288607
0.034293
0.260729
0.252156
0.243613
0.198147
0.098762
0.192978
0.002974
0.148638
0.588018
0.532530
0.071351
0.240498
0.098435
0.150599
0.337871
0.161824
0.249087
0.149703
0.479697
0.447961
0.156658
0.282534
0.126551
0.347321
0.111017
0.182543
0.078984
0.181610
0.335705
0.217306
0.263472
0.640243
0.263841
0.414334
0.222016
0.134923
0.158609
0.281524
0.377309
0.027421
0.478492
0.106713
0.457994
0.232253
0.300144
0.047412
0.093587
0.185657
0.188682
0.453517
0.282164
0.053157
0.252199
0.020247
0.086556
0.095409
0.056316
0.367757
0.313208
0.016974
0.199591
0.316192
0.300329
0.118499
0.316298
0.245961
0.638888
0.130921
0.348586
0.175331
0.066445
0.138638
0.309759
0.157102
0.042260
0.203561
0.076618
0.598845
0.289137
0.106706
0.298955
0.223410
0.168549
0.144526
0.094579
0.341923
0.037671
0.129548
0.083094
0.421488
0.143233
0.165908
0.276757
0.290452
0.182870
0.073372
0.307882
0.346475
0.215227
0.028727
0.456214
0.279300
0.284419
0.013514
0.100090
0.182182
0.146820
0.070830
0.520854
0.066587
0.598731
0.311699
0.021640
0.370159
0.337720
0.571316
0.070063
0.067316
0.123296
0.196494
0.551189
0.269594
0.124203
0.060108
0.619564
0.291281
0.139570
0.020744
0.494140
0.219898
0.555390
0.139554
0.243647
0.398187
0.412075
0.233780
0.200105
0.030320
0.138968
0.042572
0.353251
0.167228
0.483733
0.346146
0.007851
0.382494
0.289403
0.088174
0.009396
0.167006
0.274953
0.063895
0.389073
0.606922
0.145298
0.596539
0.290176
0.081514
0.162854
0.271460
0.207648
0.077131
0.206806
0.218585
0.488073
0.520695
0.153753
0.014472
0.169509
0.031506
0.131290
0.045044
0.181532
0.485704
0.006807
0.246422
0.105670
0.096941
0.373844
0.381316
0.096021
0.164929
0.180648
0.119219
0.065308
0.339220
0.519079
0.164995
0.003415
0.374315
0.002854
0.621730
0.502971
0.030082
0.039692
0.102050
0.441176
0.178283
0.546458
0.362638
0.208975
0.029753
0.156317
0.010120
0.104420
0.315162
0.009335
0.012267
0.621398
0.214609
0.110396
0.021219
0.385204
0.478637
0.314968
0.005268
0.110449
0.636258
0.539812
0.006086
0.311942
0.056202
0.161880
0.490318
0.260010
0.022901
0.504933
0.271834
0.458835
0.735289
0.127900
0.433219
0.516416
0.155388
0.143777
0.219811
0.229178
0.281837
0.276512
0.188638
0.161986
0.326792
0.006859
0.126220
0.169959
0.285577
0.584541
0.331067
0.023383
0.151677
0.183680
0.047161
0.332382
0.102317
0.315758
0.265941
0.544938
0.149347
0.337699
0.459793
0.190563
0.039993
0.500441
0.375891
0.155243
0.278339
0.435705
0.058038
0.684657
0.597706
0.201622
0.234171
0.164998
0.099308
0.568746
0.197788
0.075738
0.046791
0.314847
0.187154
0.336080
0.055578
0.378231
0.140945
0.656811
0.078886
0.344517
0.273152
0.460100
0.481333
0.035313
0.018604
0.074071
0.007633
0.135717
0.410314
0.479176
0.157118
0.197321
0.168153
0.025228
0.253389
0.117128
0.142727
0.179155
0.170128
0.240103
0.294736
0.033404
0.074811
0.058337
0.528999
0.218236
0.026919
0.264164
0.114699
0.342295
0.197853
0.374047
0.219178
0.261332
0.207603
0.215312
0.422595
0.057625
0.211658
0.603251
0.077138
0.093750
0.292080
0.241654
0.059789
0.048149
0.298313
0.110657
0.198879
0.120063
0.575129
0.466878
0.066526
0.185021
0.385922
0.467270
0.151778
0.048948
0.107253
0.162501
0.384716
0.221715
0.133706
0.459458
0.125589
0.133740
0.027604
0.109715
0.350699
0.291780
0.037601
0.219389
0.030343
0.377231
0.042695
0.192424
0.460667
0.396560
0.129294
0.451495
0.022722
0.171129
0.409045
0.223334
0.292731
0.173805
0.485933
0.095584
0.317917
0.071588
0.271046
0.205549
0.423083
0.150440
0.248820
0.223404
0.084149
0.191471
0.294966
0.434769
0.567959
0.287236
0.534530
0.319782
0.176831
0.124607
0.098429
0.042711
0.309931
0.534399
0.261110
0.436643
0.035247
0.371557
0.378222
0.502561
0.219826
0.157815
0.035997
0.372108
0.295965
0.107393
0.406065
0.078337
0.100443
0.058197
0.424644
0.031390
0.074323
0.435050
0.003619
0.317069
0.071368
0.168064
0.084092
0.172926
0.324320
0.055642
0.192196
0.083407
0.128198
0.233103
0.211626
0.202701
0.178768
0.209728
0.110596
0.527826
0.153145
0.118208
0.450494
0.227755
0.353495
0.380102
0.153407
0.412012
0.477561
0.377194
0.082766
0.203110
0.126114
0.150665
0.184711
0.096202
0.299515
0.202022
0.556953
0.298197
0.341961
0.245715
0.432262
0.081138
0.465017
0.183722
0.331685
0.121730
0.409691
0.304621
0.262627
0.475682
0.065631
0.105536
0.076816
0.047441
0.382237
0.384727
0.302164
0.211632
0.301932
0.172715
0.452474
0.095802
0.044149
0.001084
0.085498
0.279833
0.011686
0.633298
0.388856
0.021058
0.498967
0.050554
0.316439
0.440734
0.023794
0.195207
0.444542
0.470908
0.122367
0.500748
0.436065
0.198791
0.194753
0.508889
0.274882
0.300723
0.032550
0.090603
0.180076
0.090989
0.450926
0.605231
0.543208
0.042194
0.461554
0.028712
0.316201
0.302709
0.202083
0.067473
0.562972
0.279921
0.009258
0.130783
0.388695
0.213720
0.277678
0.228674
0.041352
0.556116
0.462077
0.568428
0.131605
0.301942
0.593111
0.724013
0.237689
0.266089
0.243441
0.055664
0.308324
0.022615
0.452173
0.366933
0.098522
0.034286
0.396271
0.186622
0.111899
0.155703
0.054215
0.357341
0.256146
0.014592
0.068919
0.018423
0.383031
0.219334
0.383919
0.223956
0.286961
0.106370
0.107562
0.458020
0.295340
0.071240
0.009415
0.211135
0.526302
0.194590
0.118280
0.273820
0.249418
0.310150
0.385427
0.247029
0.156979
0.381870
0.684630
0.002508
0.148651
0.512829
0.312339
0.464810
0.189620
0.368825
0.342863
0.382081
0.445230
0.050936
0.102048
0.396283
0.364309
0.146598
0.410032
0.541768
0.161960
0.246589
0.422806
0.108152
0.064110
0.270620
0.393940
0.489192
0.092371
0.686733
0.103257
0.560481
0.381628
0.158239
0.180796
0.413843
0.489798
0.058090
0.243154
0.379478
0.181008
0.032117
0.235640
0.165845
0.257863
0.334060
0.324583
0.127640
0.165110
0.450627
0.073021
0.601774
0.072365
0.112473
0.656543
0.115415
0.569691
0.021676
0.250272
0.206338
0.202323
0.792325
0.125922
0.279229
0.033039
0.192736
0.047745
0.077067
0.161060
0.116123
0.158044
0.104425
0.218229
0.252619
0.490583
0.080748
0.377095
0.179924
0.409629
0.039481
0.396159
0.048695
0.170068
0.254086
0.101262
0.439298
0.312558
0.095614
0.355023
0.117761
0.076586
0.207439
0.300131
0.219310
0.250600
0.004618
0.070397
0.242503
0.223728
0.122600
0.031582
0.113167
0.475525
0.022219
0.367710
0.368783
0.583637
0.045494
0.131284
0.121608
0.014768
0.168056
0.023413
0.060761
0.532263
0.013780
0.205337
0.035575
0.161429
0.263518
0.190118
0.067189
0.090802
0.045585
0.003834
0.439916
0.080281
0.102226
0.234488
0.218180
0.060758
0.184564
0.093256
0.491073
0.103956
0.346955
0.338503
0.062971
0.323578
0.301610
0.157199
0.492668
0.240439
0.557945
0.266200
0.141795
0.596362
0.299433
0.030604
0.223999
0.209892
0.075595
0.235114
0.031552
0.238426
0.312988
0.400507
0.297646
0.129925
0.548694
0.517932
0.427995
0.420313
0.209474
0.017073
0.081768
0.673469
0.584512
0.299307
0.419462
0.195081
0.193807
0.131254
0.156574
0.375781
0.011794
0.437243
0.244265
0.491302
0.119159
0.598932
0.165946
0.248716
0.015334
0.126621
0.122502
0.714127
0.414096
0.050590
0.151914
0.052372
0.498170
0.163872
0.289536
0.031224
0.703365
0.259910
0.421054
0.352028
0.078738
0.218840
0.286605
0.352761
0.022381
0.228009
0.163794
0.737170
0.032088
0.549466
0.194616
0.340574
0.005634
0.199210
0.103154
0.611977
0.107599
0.091273
0.484213
0.195985
0.108119
0.229144
0.324533
0.266224
0.279563
0.499420
0.206242
0.258056
0.144371
0.106737
0.275965
0.734246
0.261109
0.411563
0.396484
0.212067
0.192439
0.507571
0.093260
0.209493
0.045937
0.092988
0.063186
0.642602
0.045063
0.344014
0.409255
0.016523
0.031465
0.074237
0.147226
0.140962
0.727792
0.145844
0.410644
0.070609
0.370363
0.282153
0.076674
0.043412
0.073849
0.320236
0.119382
0.270914
0.436186
0.056231
0.069941
0.138025
0.162292
0.093923
0.481752
0.298583
0.273079
0.880226
0.067727
0.329161
0.316724
0.290092
0.533232
0.103118
0.318474
0.469657
0.181808
0.227951
0.625985
0.336390
0.211320
0.110222
0.173392
0.558404
0.008326
0.600592
0.078561
0.588186
0.301166
0.631484
0.559808
0.256270
0.163008
0.343186
0.494910
0.009844
0.319492
0.517135
0.426497
0.151677
0.189140
0.022899
0.014854
0.426294
0.151582
0.351814
0.171497
0.014948
0.237643
0.034891
0.567781
0.262654
0.114556
0.091706
0.397304
0.198801
0.425576
0.374659
0.352261
0.013126
0.221548
0.169726
0.300402
0.041941
0.122194
0.057489
0.552512
0.104256
0.248655
0.083109
0.288019
0.154033
0.152499
0.231542
0.375177
0.418539
0.114196
0.473501
0.260716
0.280247
0.003738
0.243516
0.071788
0.014973
0.236949
0.616691
0.169068
0.528758
0.121604
0.522701
0.201275
0.138268
0.256905
0.360195
0.021129
0.299799
0.184171
0.318949
0.598414
0.290170
0.617484
0.095302
0.431209
0.216392
0.504115
0.407153
0.215088
0.255571
0.002860
0.063083
0.326344
0.289243
0.372718
0.129469
0.498172
0.428693
0.150688
0.065994
0.321604
0.009827
0.046438
0.121107
0.371995
0.424896
0.546581
0.309534
0.413119
0.503830
0.010282
0.208461
0.604594
0.052950
0.333808
0.024293
0.229019
0.079884
0.317622
0.473260
0.165776
0.283487
0.092141
0.641330
0.607267
0.152484
0.079409
0.102972
0.132503
0.057608
0.219008
0.086762
0.194964
0.401674
0.255772
0.194098
0.247624
0.252313
0.091022
0.360977
0.237205
0.363968
0.209887
0.125850
0.120360
0.341047
0.582790
0.265337
0.258207
0.343120
0.467957
0.125154
0.114451
0.044675
0.164717
0.031613
0.165578
0.178649
0.094693
0.128888
0.732727
0.053349
0.369359
0.162598
0.409516
0.287702
0.423436
0.414138
0.106064
0.245707
0.212285
0.230666
0.095479
0.012119
0.138618
0.252052
0.224356
0.509467
0.113944
0.057753
0.134673
0.462465
0.380219
0.062534
0.330396
0.007835
0.171825
0.329038
0.312367
0.185901
0.014728
0.001758
0.839126
0.170606
0.122470
0.265100
0.313256
0.316419
0.010020
0.009183
0.078285
0.135405
0.241826
0.409989
0.154488
0.184815
0.198323
0.096161
0.255533
0.176035
0.369932
0.251877
0.400081
0.180898
0.149257
0.020894
0.421696
0.170041
0.312622
0.403221
0.130694
0.218416
0.261498
0.120417
0.226030
0.207243
0.188344
0.194005
0.018990
0.287875
0.019886
0.038941
0.523445
0.511000
0.240595
0.230579
0.301844
0.039755
0.377306
0.025795
0.380333
0.008255
0.314923
0.319249
0.079525
0.151164
0.114879
0.256862
0.158122
0.186575
0.168923
0.158811
0.333272
0.255010
0.189675
0.634466
0.240409
0.486806
0.286467
0.036873
0.322805
0.316610
0.408435
0.055122
0.372546
0.059987
0.335676
0.115454
0.400295
0.029397
0.107392
0.133171
0.272758
0.314015
0.388767
0.065732
0.103659
0.156733
0.128459
0.248698
0.015917
0.284352
0.188206
0.224830
0.115899
0.309597
0.291523
0.016009
0.290355
0.216983
0.606015
0.227194
0.443475
0.200012
0.172257
0.172381
0.268382
0.198692
0.064838
0.308366
0.031627
0.574615
0.030663
0.037231
0.190731
0.262710
0.227514
0.178559
0.258343
0.274393
0.188857
0.053224
0.069229
0.306618
0.142733
0.296654
0.419042
0.312526
0.277652
0.113099
0.468605
0.254404
0.165637
0.024234
0.449378
0.299297
0.271852
0.085161
0.118327
0.126623
0.137203
0.026613
0.356101
0.109278
0.502357
0.308899
0.035456
0.351983
0.311799
0.486125
0.129909
0.074885
0.098462
0.274781
0.558110
0.407985
0.202857
0.039857
0.737296
0.201382
0.163658
0.025947
0.428000
0.115670
0.482495
0.148087
0.396818
0.459964
0.590282
0.330738
0.102325
0.005683
0.216746
0.054202
0.310042
0.096761
0.468361
0.400401
0.114595
0.289356
0.416634
0.188277
0.048755
0.081870
0.315443
0.035503
0.496154
0.615902
0.017019
0.461004
0.272118
0.060989
0.056516
0.075779
0.126684
0.229798
0.065624
0.367309
0.602850
0.581331
0.194057
0.138004
0.165044
0.128977
0.150469
0.010357
0.220660
0.436852
0.011153
0.132161
0.166253
0.210461
0.423202
0.390833
0.187393
0.188684
0.254107
0.103589
0.069872
0.482984
0.515187
0.140011
0.105602
0.377705
0.106296
0.654042
0.420057
0.018815
0.163287
0.089070
0.446391
0.089578
0.449812
0.201854
0.211307
0.001787
0.069403
0.054725
0.160775
0.271426
0.058700
0.041035
0.593231
0.291556
0.043258
0.024132
0.477668
0.458172
0.170986
0.013599
0.073765
0.627267
0.459976
0.035946
0.398524
0.113278
0.167025
0.465802
0.143001
0.016538
0.466695
0.312825
0.467619
0.751364
0.008602
0.490463
0.556496
0.257566
0.078229
0.377055
0.169654
0.207891
0.381775
0.265811
0.200346
0.219129
0.032513
0.176439
0.143703
0.429455
0.444734
0.153095
0.049697
0.293743
0.341887
0.125922
0.333598
0.201009
0.332713
0.284894
0.574680
0.330978
0.317095
0.533194
0.264415
0.050389
0.468045
0.321456
0.225437
0.310584
0.322724
0.264260
0.764382
0.684893
0.172064
0.254077
0.157493
0.261383
0.659639
0.401755
0.212735
0.110252
0.170167
0.184208
0.271727
0.044910
0.382708
0.049105
0.731131
0.004758
0.356651
0.107367
0.552280
0.396856
0.105455
0.166802
0.176798
0.061051
0.051165
0.276136
0.547584
0.201144
0.133783
0.088151
0.028148
0.192565
0.020799
0.184384
0.183093
0.061359
0.350861
0.360775
0.104667
0.049218
0.027052
0.612570
0.451396
0.086283
0.347546
0.236250
0.252084
0.208174
0.394090
0.189178
0.312882
0.187549
0.385211
0.527502
0.086493
0.363739
0.477383
0.017451
0.054559
0.389993
0.277282
0.099545
0.037648
0.319741
0.124391
0.194569
0.088421
0.607634
0.394127
0.204571
0.143134
0.249641
0.582174
0.070502
0.024850
0.013338
0.224202
0.428845
0.081951
0.151630
0.439156
0.034210
0.240236
0.039007
0.162827
0.384285
0.162093
0.045950
0.147774
0.000843
0.488415
0.079719
0.323523
0.561930
0.301264
0.116937
0.348042
0.101400
0.141210
0.396279
0.299563
0.241103
0.123966
0.554014
0.091615
0.274514
0.073326
0.304238
0.211785
0.356814
0.419841
0.205788
0.380325
0.002706
0.314381
0.279553
0.565551
0.446306
0.191582
0.462518
0.115124
0.113268
0.201087
0.128734
0.041026
0.161026
0.619873
0.338017
0.588470
0.056994
0.280313
0.295409
0.352148
0.189572
0.187578
0.039358
0.215571
0.292441
0.110831
0.486677
0.045655
0.188063
0.045767
0.403717
0.090880
0.092800
0.270711
0.023545
0.337310
0.145553
0.159081
0.015394
0.136928
0.401798
0.105557
0.262967
0.109876
0.150891
0.427211
0.058969
0.172601
0.124734
0.163805
0.134885
0.529679
0.205252
0.034309
0.504787
0.040714
0.360835
0.414404
0.273121
0.286774
0.548108
0.312544
0.051431
0.146383
0.130657
0.278592
0.182487
0.204612
0.373812
0.204023
0.551389
0.214446
0.322749
0.457307
0.285158
0.324053
0.543924
0.218172
0.123218
0.136308
0.245375
0.192014
0.266417
0.468844
0.024781
0.314567
0.009503
0.032235
0.414371
0.520983
0.256509
0.227766
0.341383
0.244152
0.459597
0.199772
0.052233
0.116389
0.117266
0.304794
0.061671
0.614046
0.472968
0.100779
0.350668
0.013671
0.350096
0.409324
0.004815
0.125860
0.443312
0.514744
0.190258
0.527019
0.404321
0.250137
0.162303
0.569531
0.214816
0.343410
0.043590
0.251203
0.135029
0.035641
0.506628
0.668831
0.426347
0.123050
0.498675
0.053987
0.454713
0.328024
0.209572
0.129589
0.501503
0.313399
0.038557
0.148616
0.393420
0.232987
0.507927
0.300443
0.078040
0.463392
0.506658
0.492342
0.099010
0.342592
0.606566
0.647536
0.265970
0.379423
0.169781
0.022545
0.418863
0.004687
0.446428
0.248713
0.239070
0.049225
0.398844
0.122940
0.150214
0.056251
0.034152
0.143870
0.351289
0.014924
0.152157
0.028806
0.436781
0.074540
0.422710
0.189399
0.305112
0.210904
0.042798
0.428831
0.426020
0.082534
0.204073
0.000605
0.405251
0.214522
0.142349
0.369378
0.287045
0.331791
0.491205
0.346672
0.196358
0.414002
0.655361
0.182727
0.012615
0.444323
0.401147
0.548316
0.049395
0.478886
0.179035
0.398577
0.431738
0.037757
0.092592
0.304150
0.456748
0.196123
0.503468
0.405870
0.143754
0.228140
0.314546
0.012261
0.159142
0.243693
0.365847
0.518301
0.006295
0.716970
0.074012
0.434242
0.422486
0.049573
0.146371
0.511711
0.534494
0.033093
0.108002
0.440605
0.257103
0.121385
0.117434
0.118074
0.292366
0.408931
0.093468
0.041154
0.064416
0.470942
0.158075
0.399415
0.085420
0.200754
0.516430
0.087045
0.654256
0.146764
0.098316
0.321234
0.092502
0.795160
0.026481
0.493567
0.040074
0.288627
0.030910
0.141633
0.184503
0.151510
0.126466
0.022448
0.338635
0.225568
0.416558
0.017685
0.294995
0.070943
0.408543
0.088864
0.450577
0.011351
0.062403
0.317036
0.255874
0.520522
0.222523
0.210973
0.438136
0.219401
0.052805
0.189234
0.437588
0.094271
0.306184
0.070089
0.083021
0.290898
0.261212
0.123307
0.010904
0.036438
0.437765
0.028260
0.449123
0.286443
0.521827
0.032392
0.053717
0.118347
0.011877
0.211774
0.048098
0.171687
0.463219
0.001652
0.178412
0.142824
0.136277
0.288911
0.332791
0.034654
0.011928
0.019630
0.107233
0.425668
0.088500
0.110131
0.333028
0.120930
0.193086
0.394897
0.148717
0.381258
0.185714
0.447736
0.177766
0.102436
0.422059
0.474772
0.061333
0.538013
0.111391
0.349322
0.234967
0.052492
0.583903
0.186652
0.076060
0.184752
0.246073
0.050667
0.315162
0.142395
0.219681
0.332903
0.294620
0.102888
0.229770
0.452190
0.465190
0.446543
0.393544
0.305908
0.016480
0.080212
0.618997
0.564912
0.146069
0.389256
0.121901
0.408317
0.126219
0.286567
0.222240
0.011043
0.482372
0.237460
0.589927
0.060213
0.415588
0.269152
0.337285
0.150831
0.204598
0.066264
0.683971
0.322996
0.129357
0.045631
0.127471
0.365023
0.174790
0.191356
0.047773
0.635861
0.187597
0.267964
0.385625
0.077658
0.287902
0.446423
0.320007
0.107231
0.180161
0.196758
0.696124
0.037661
0.685043
0.072078
0.361119
0.056822
0.149119
0.151172
0.491970
0.170879
0.139135
0.393480
0.131974
0.094848
0.343323
0.240808
0.209676
0.266898
0.354925
0.167494
0.240779
0.134844
0.048589
0.169395
0.776678
0.248069
0.352453
0.390485
0.215028
0.141281
0.398148
0.074623
0.128513
0.004467
0.096921
0.078590
0.577924
0.043037
0.445582
0.651773
0.220020
0.215019
0.059259
0.025187
0.110223
0.810667
0.154124
0.277490
0.001339
0.472536
0.292084
0.038315
0.008293
0.116469
0.551535
0.192338
0.383105
0.254443
0.134944
0.202100
0.151680
0.149570
0.015508
0.440744
0.226365
0.356820
0.803989
0.134941
0.221148
0.180379
0.192623
0.548611
0.186288
0.435913
0.428557
0.258124
0.238420
0.597209
0.350469
0.034621
0.058063
0.113674
0.530142
0.142324
0.673569
0.129933
0.670052
0.294450
0.555512
0.523403
0.229804
0.103185
0.348073
0.433088
0.061324
0.374081
0.607363
0.444543
0.082030
0.249912
0.049496
0.044118
0.434057
0.216362
0.424981
0.261818
0.011578
0.262508
0.235501
0.595214
0.249388
0.168108
0.010235
0.339172
0.100981
0.404346
0.287294
0.394170
0.194636
0.226028
0.096854
0.217694
0.160047
0.136458
0.100043
0.644880
0.008628
0.325578
0.077907
0.291289
0.117496
0.061910
0.245799
0.356635
0.525399
0.046058
0.349402
0.209378
0.156894
0.056086
0.339558
0.051666
0.095974
0.021715
0.584578
0.107611
0.618743
0.112434
0.482069
0.210666
0.272909
0.336882
0.379306
0.000342
0.300919
0.187067
0.191503
0.482248
0.210650
0.641949
0.121807
0.493377
0.190542
0.469195
0.309478
0.337341
0.153448
0.130190
0.080981
0.358472
0.160149
0.418445
0.107138
0.561679
0.571772
0.161542
0.061330
0.305669
0.000616
0.094850
0.130926
0.276839
0.319292
0.327839
0.373945
0.338096
0.441428
0.031756
0.023978
0.628587
0.109947
0.298190
0.070225
0.416688
0.082493
0.416953
0.514984
0.235110
0.316765
0.003502
0.538432
0.467533
0.159541
0.076015
0.095116
0.163857
0.096985
0.272743
0.210117
0.180285
0.300356
0.345918
0.232060
0.263779
0.254045
0.110102
0.269622
0.227905
0.337868
0.055464
0.060368
0.134069
0.327709
0.581149
0.278944
0.213240
0.333607
0.388856
0.083015
0.092847
0.121646
0.031822
0.054523
0.137622
0.078779
0.028433
0.259797
0.595400
0.045887
0.195321
0.168392
0.522612
0.327382
0.463959
0.503790
0.133816
0.199759
0.105799
0.006577
0.134819
0.126318
0.079429
0.229821
0.263990
0.442342
0.249197
0.038086
0.225173
0.479736
0.546190
0.210857
0.342717
0.084794
0.078987
0.294538
0.253057
0.110926
0.003185
0.015950
0.869081
0.094957
0.132884
0.242663
0.188745
0.243629
0.058455
0.141221
0.102933
0.004054
0.167568
0.452090
0.146825
0.004817
0.218114
0.178831
0.170568
0.360145
0.206371
0.251134
0.251790
0.132245
0.271274
0.063420
0.431521
0.235037
0.128411
0.334765
0.101883
0.200033
0.209735
0.174699
0.155713
0.148845
0.129598
0.230663
0.039086
0.371405
0.011154
0.071756
0.472324
0.431324
0.435860
0.267284
0.536510
0.035584
0.457925
0.046342
0.461400
0.098647
0.177928
0.181246
0.131187
0.042310
0.162162
0.165080
0.268091
0.146460
0.238543
0.117239
0.282563
0.298481
0.137866
0.644340
0.126025
0.519685
0.344938
0.054776
0.442907
0.378489
0.409422
0.011266
0.312211
0.127137
0.193684
0.058532
0.512142
0.044382
0.145660
0.085497
0.371359
0.199844
0.502880
0.166589
0.114963
0.272495
0.146701
0.405331
0.114219
0.277204
0.087120
0.393146
0.011183
0.376900
0.276561
0.123786
0.273661
0.136199
0.511091
0.330121
0.450078
0.191351
0.219281
0.238969
0.231608
0.276857
0.218906
0.332871
0.047360
0.585139
0.182589
0.005399
0.089317
0.176890
0.253565
0.227458
0.358502
0.180916
0.356315
0.018565
0.112447
0.255690
0.068210
0.490826
0.424792
0.392088
0.361268
0.154024
0.501475
0.251786
0.086469
0.137966
0.378853
0.222766
0.297628
0.168214
0.144757
0.136518
0.056798
0.113056
0.214890
0.161685
0.263440
0.261590
0.051913
0.357776
0.190867
0.435788
0.187520
0.057040
0.016062
0.235681
0.544510
0.539812
0.191059
0.127677
0.739039
0.096770
0.178999
0.040744
0.300916
0.070911
0.413381
0.121359
0.502273
0.471895
0.764526
0.370584
0.026652
0.001484
0.235789
0.104451
0.214639
0.016018
0.414943
0.379601
0.199539
0.154515
0.461450
0.204876
0.073026
0.018566
0.322516
0.036051
0.537744
0.616360
0.169244
0.259904
0.316148
0.005266
0.028509
0.120562
0.024172
0.389823
0.074440
0.509612
0.594603
0.525906
0.219007
0.264622
0.195952
0.282208
0.203369
0.117522
0.178891
0.385042
0.109997
0.122222
0.262812
0.324778
0.410629
0.405406
0.263264
0.205631
0.308852
0.030442
0.085064
0.584819
0.379341
0.159790
0.172978
0.402720
0.204286
0.621979
0.280729
0.132078
0.318713
0.018429
0.434937
0.029852
0.286884
0.062218
0.145545
0.012112
0.008513
0.188180
0.219054
0.270598
0.041465
0.076645
0.515754
0.378340
0.049754
0.002697
0.453935
0.454837
0.035771
0.028692
0.032131
0.537586
0.346226
0.062512
0.367310
0.314652
0.145159
0.401642
0.081618
0.005809
0.445283
0.294002
0.392206
0.649176
0.145901
0.547979
0.490092
0.280697
0.114636
0.508154
0.095364
0.158718
0.482196
0.307339
0.246354
0.132862
0.138906
0.129717
0.179856
0.549986
0.312561
0.008773
0.124434
0.302140
0.479933
0.213061
0.308192
0.251595
0.351055
0.225098
0.545275
0.440397
0.282349
0.586285
0.289428
0.047947
0.394823
0.326040
0.225445
0.334989
0.212769
0.336337
0.728894
0.608260
0.136645
0.295281
0.076505
0.453813
0.732522
0.488703
0.215420
0.159647
0.005438
0.202464
0.201427
0.017686
0.334212
0.014383
0.672462
0.026479
0.294950
0.070660
0.674118
0.257034
0.133913
0.250155
0.349919
0.097462
0.004619
0.127577
0.545122
0.164253
0.064706
0.028204
0.017221
0.237923
0.089120
0.234260
0.194481
0.022681
0.425572
0.378394
0.128230
0.174800
0.027021
0.639948
0.583672
0.128195
0.462704
0.300749
0.179707
0.231471
0.379905
0.080692
0.310501
0.228834
0.527764
0.549352
0.071005
0.443511
0.252122
0.024072
0.198218
0.460841
0.272701
0.115988
0.081528
0.283685
0.145205
0.172153
0.082778
0.540735
0.294827
0.292751
0.105078
0.082614
0.602256
0.028160
0.014762
0.067369
0.297723
0.382505
0.106447
0.183062
0.378318
0.023729
0.291991
0.055683
0.176241
0.335732
0.013477
0.090302
0.068044
0.034296
0.542451
0.155422
0.477517
0.610281
0.178850
0.122750
0.210889
0.144295
0.198223
0.258386
0.353463
0.138256
0.024633
0.512339
0.105672
0.182322
0.068027
0.308805
0.139118
0.257889
0.598112
0.146527
0.481522
0.100530
0.459906
0.334944
0.656078
0.187733
0.046875
0.331796
0.054119
0.009004
0.325230
0.143843
0.014680
0.082131
0.653619
0.368525
0.612500
0.122559
0.270971
0.150702
0.149497
0.178474
0.131949
0.200912
0.021366
0.270815
0.109006
0.508167
0.168290
0.279903
0.051232
0.353680
0.128404
0.147016
0.168674
0.065596
0.408290
0.269036
0.021361
0.076831
0.114654
0.470097
0.071509
0.315313
0.094495
0.175047
0.604591
0.029820
0.122835
0.114325
0.042601
0.147986
0.546465
0.202796
0.134099
0.472956
0.180145
0.378979
0.416716
0.376965
0.150437
0.583220
0.215274
0.078358
0.036741
0.110116
0.396077
0.189162
0.369776
0.477050
0.200096
0.518669
0.123839
0.223473
0.617359
0.123667
0.522710
0.519392
0.241066
0.050538
0.164311
0.068418
0.062393
0.249857
0.316745
0.091030
0.484443
0.114028
0.044335
0.433700
0.558421
0.290600
0.198540
0.375875
0.255731
0.376064
0.317214
0.070423
0.236528
0.238063
0.296025
0.127054
0.455348
0.500491
0.129795
0.246617
0.029021
0.320219
0.403530
0.064134
0.127711
0.366723
0.427488
0.292731
0.487749
0.312779
0.234981
0.077797
0.607748
0.131536
0.315812
0.007387
0.357414
0.114194
0.189867
0.611150
0.653588
0.275590
0.292411
0.504061
0.070675
0.566331
0.233720
0.153041
0.176380
0.383593
0.310986
0.243011
0.140244
0.402804
0.285960
0.634475
0.322328
0.186557
0.414469
0.543670
0.387128
0.116059
0.311551
0.529795
0.551429
0.248254
0.374325
0.114912
0.116343
0.539251
0.028293
0.416947
0.163069
0.292322
0.055025
0.327013
0.060134
0.260309
0.238020
0.072323
0.010392
0.459541
0.013861
0.194185
0.079846
0.441895
0.048475
0.346196
0.180688
0.314947
0.270838
0.084058
0.371378
0.466596
0.213741
0.340186
0.207495
0.277986
0.276256
0.261801
0.383867
0.309721
0.272122
0.508696
0.427131
0.268705
0.424783
0.589848
0.434756
0.160925
0.367106
0.496436
0.525316
0.112454
0.559606
0.014811
0.390727
0.410876
0.056439
0.227139
0.235318
0.519417
0.207562
0.541469
0.285784
0.119596
0.154764
0.242764
0.068519
0.216222
0.219884
0.360000
0.558894
0.079264
0.630965
0.195146
0.288114
0.365701
0.020327
0.140148
0.512863
0.533939
0.165905
0.068148
0.461074
0.337323
0.213513
0.019444
0.061648
0.352031
0.494233
0.146259
0.020154
0.091515
0.464187
0.245924
0.130254
0.119966
0.322002
0.350558
0.203222
0.585371
0.198033
0.011590
0.319857
0.061110
0.763160
0.013242
0.709984
0.139725
0.343670
0.002925
0.147844
0.287477
0.170475
0.098312
0.132236
0.521447
0.148189
0.298020
0.009727
0.218021
0.051192
0.462959
0.195787
0.449819
0.083358
0.030011
0.355062
0.343162
0.533630
0.158605
0.274242
0.549819
0.216689
0.149893
0.143248
0.597376
0.004173
0.332916
0.198746
0.206431
0.300131
0.351388
0.213192
0.116455
0.180507
0.389316
0.063241
0.484115
0.249029
0.474114
0.016383
0.058884
0.114287
0.085900
0.199431
0.036214
0.230404
0.363537
0.005403
0.114683
0.247025
0.127371
0.353421
0.374904
0.188435
0.167025
0.092635
0.216538
0.429236
0.126369
0.067972
0.390581
0.055380
0.252745
0.570491
0.213512
0.202547
0.199835
0.531620
0.023446
0.146218
0.486253
0.656975
0.003309
0.520375
0.016997
0.196680
0.141648
0.014245
0.579254
0.080000
0.144531
0.187986
0.271755
0.091683
0.418387
0.239360
0.183638
0.299393
0.201475
0.002556
0.280493
0.320285
0.427437
0.332059
0.311279
0.385872
0.004579
0.051271
0.447884
0.332948
0.001019
0.309931
0.111912
0.494305
0.147565
0.388837
0.062434
0.079417
0.499953
0.245087
0.555656
0.253862
0.234189
0.298474
0.370881
0.277730
0.337035
0.001758
0.561718
0.201267
0.225187
0.065294
0.167851
0.249169
0.231820
0.104522
0.085234
0.566668
0.131172
0.119896
0.354130
0.016066
0.260068
0.591841
0.271976
0.165473
0.039646
0.152470
0.544606
0.079452
0.710047
0.031886
0.320077
0.078500
0.157380
0.211895
0.276639
0.343101
0.209293
0.298729
0.085241
0.239157
0.451566
0.239653
0.102114
0.259972
0.215178
0.065297
0.181188
0.108793
0.034624
0.088275
0.789408
0.166286
0.291710
0.294270
0.296182
0.171300
0.222258
0.116116
0.070634
0.121347
0.096922
0.105841
0.406249
0.050556
0.489108
0.729996
0.385343
0.336638
0.000732
0.227329
0.101712
0.771462
0.224911
0.151272
0.034661
0.491207
0.369784
0.009076
0.094364
0.076460
0.717760
0.357846
0.381179
0.099138
0.212910
0.348836
0.209077
0.160702
0.030380
0.345243
0.151806
0.351038
0.675417
0.177669
0.022735
0.022912
0.184594
0.510547
0.255042
0.556836
0.385440
0.230851
0.203917
0.581968
0.362157
0.089090
0.045471
0.099831
0.482849
0.168258
0.587505
0.165652
0.686454
0.280527
0.430335
0.404981
0.174150
0.073133
0.392417
0.324305
0.098204
0.378679
0.608223
0.435702
0.048006
0.321869
0.115701
0.033855
0.423102
0.172060
0.480039
0.367977
0.007333
0.290734
0.332767
0.592977
0.248372
0.274003
0.105053
0.253988
0.007068
0.310075
0.164381
0.419785
0.398182
0.189152
0.077384
0.110517
0.254426
0.048563
0.096034
0.695524
0.132696
0.413366
0.200969
0.394123
0.032840
0.254428
0.244972
0.274702
0.524596
0.152018
0.217451
0.135665
0.011512
0.121238
0.413598
0.002645
0.162509
0.244637
0.445449
0.043313
0.604541
0.084597
0.391477
0.203018
0.395347
0.327876
0.369331
0.048512
0.269388
0.123089
0.091929
0.342890
0.144029
0.546195
0.149234
0.508824
0.191548
0.500069
0.263850
0.432494
0.009864
0.270671
0.114739
0.329362
0.028969
0.478405
0.025316
0.498962
0.602395
0.162590
0.016877
0.267575
0.042607
0.123973
0.178793
0.139710
0.217218
0.054090
0.372940
0.204384
0.342248
0.116091
0.165769
0.503559
0.247354
0.301954
0.065803
0.431668
0.075383
0.503585
0.456922
0.226512
0.306855
0.059662
0.322966
0.291486
0.066277
0.150159
0.096371
0.197836
0.103989
0.322214
0.276930
0.122004
0.165455
0.507767
0.255606
0.251241
0.261480
0.101325
0.233645
0.192523
0.344563
0.079476
0.010745
0.130280
0.267795
0.556465
0.213106
0.180226
0.268939
0.260541
0.042315
0.104976
0.238069
0.133805
0.112787
0.173830
0.152344
0.059485
0.383447
0.476930
0.130375
0.040493
0.185910
0.573487
0.302678
0.448846
0.481831
0.146141
0.110866
0.025260
0.211408
0.134568
0.265960
0.017592
0.148237
0.252339
0.381089
0.329109
0.004954
0.244592
0.500619
0.599203
0.403928
0.350786
0.136211
0.263214
0.280072
0.226075
0.039702
0.022660
0.104760
0.701245
0.054241
0.140325
0.280165
0.115416
0.192144
0.074524
0.371644
0.106469
0.193319
0.070271
0.478750
0.080856
0.196556
0.296202
0.269108
0.102031
0.512695
0.043589
0.219607
0.170232
0.143799
0.329821
0.052749
0.443066
0.273871
0.078484
0.260059
0.051598
0.219937
0.187552
0.219552
0.145534
0.072799
0.000532
0.230479
0.040256
0.428883
0.123955
0.147514
0.325478
0.382244
0.561206
0.276309
0.699980
0.103362
0.497955
0.110153
0.544098
0.086345
0.078104
0.027593
0.116722
0.028666
0.133174
0.110858
0.337462
0.112705
0.299226
0.126698
0.221167
0.303676
0.087242
0.630543
0.042444
0.468532
0.432555
0.132207
0.577965
0.433516
0.313239
0.130630
0.262756
0.218344
0.029316
0.064913
0.557710
0.116571
0.230468
0.016958
0.426597
0.128466
0.533509
0.254190
0.088196
0.315364
0.129802
0.554997
0.234875
0.260138
0.049026
0.538145
0.094913
0.387209
0.243517
0.212191
0.245968
0.084319
0.351557
0.451629
0.479575
0.224374
0.259222
0.223960
0.164793
0.308825
0.322594
0.321335
0.032542
0.519885
0.417876
0.073872
0.070952
0.026982
0.188748
0.216465
0.441636
0.085314
0.472961
0.099421
0.159240
0.192407
0.073469
0.629793
0.385736
0.416058
0.391460
0.186285
0.470562
0.144235
0.026143
0.257121
0.325878
0.160121
0.291103
0.133648
0.256043
0.108673
0.088007
0.086584
0.080854
0.257645
0.003728
0.239652
0.075244
0.321841
0.012656
0.352418
0.277194
0.022044
0.072269
0.153312
0.448036
0.665844
0.131760
0.195739
0.697706
0.000830
0.158844
0.075825
0.113639
0.026180
0.373325
0.061542
0.498914
0.408361
0.839880
0.371645
0.154041
0.003140
0.249106
0.132937
0.130463
0.123491
0.358214
0.359162
0.272919
0.110019
0.547070
0.149235
0.042792
0.004199
0.266335
0.072491
0.529910
0.608368
0.302131
0.030019
0.313979
0.042593
0.020368
0.354353
0.071078
0.543934
0.176091
0.573082
0.548264
0.420193
0.131452
0.398287
0.226538
0.381579
0.280634
0.237429
0.128187
0.389425
0.211246
0.201019
0.306428
0.432365
0.399110
0.307002
0.294509
0.299593
0.337005
0.098399
0.099012
0.666088
0.236467
0.146225
0.203199
0.412920
0.303529
0.516691
0.165159
0.207506
0.428136
0.089247
0.364373
0.219859
0.179538
0.031661
0.082394
0.057608
0.023583
0.364031
0.291318
0.231265
0.062754
0.102668
0.442285
0.464943
0.021139
0.018923
0.444063
0.432089
0.118088
0.046515
0.074263
0.444256
0.223790
0.110963
0.384539
0.466680
0.082761
0.304070
0.024058
0.017955
0.347663
0.222517
0.335261
0.473453
0.298241
0.499208
0.399044
0.308092
0.191597
0.529465
0.013509
0.142970
0.514702
0.282175
0.291261
0.108267
0.196937
0.014694
0.153979
0.549209
0.124222
0.212603
0.186383
0.315937
0.525186
0.236438
0.173019
0.347639
0.367250
0.109277
0.427953
0.611786
0.163962
0.503763
0.292859
0.050125
0.319704
0.308148
0.188477
0.346059
0.108597
0.292549
0.678440
0.499773
0.139869
0.280285
0.067771
0.648869
0.658934
0.516584
0.189422
0.218869
0.180237
0.172113
0.111323
0.060735
0.296423
0.028311
0.522239
0.034928
0.150491
0.268653
0.694285
0.146882
0.091942
0.287157
0.468720
0.120495
0.137824
0.028774
0.451086
0.081359
0.082169
0.089781
0.023316
0.298471
0.219008
0.243760
0.133775
0.126613
0.397951
0.415695
0.050944
0.304597
0.032180
0.597303
0.646067
0.153095
0.544757
0.314079
0.083357
0.267167
0.385253
0.119827
0.309949
0.252746
0.588045
0.489397
0.090956
0.466256
0.028207
0.009240
0.383361
0.476915
0.303858
0.085998
0.124642
0.247506
0.205771
0.126882
0.106885
0.437637
0.221776
0.271290
0.150759
0.053485
0.609348
0.124728
0.077473
0.118010
0.363367
0.307667
0.273993
0.152968
0.334227
0.054152
0.270437
0.080189
0.263841
0.316229
0.187680
0.123798
0.000049
0.094023
0.594485
0.243036
0.589405
0.525450
0.047328
0.142868
0.086222
0.186981
0.289788
0.155007
0.375034
0.009807
0.108521
0.446519
0.185012
0.139292
0.085467
0.388266
0.077065
0.187566
0.663568
0.124109
0.575885
0.145030
0.475457
0.377936
0.673277
0.005424
0.096362
0.230941
0.166028
0.130183
0.392368
0.202563
0.020269
0.001507
0.590772
0.371628
0.598247
0.158304
0.204367
0.030061
0.014730
0.211496
0.108536
0.330772
0.077132
0.258037
0.112500
0.471870
0.288040
0.335072
0.011074
0.289386
0.138271
0.101721
0.126572
0.123215
0.407534
0.397168
0.163408
0.183455
0.135260
0.488973
0.042400
0.322339
0.030469
0.228325
0.749281
0.151710
0.094579
0.123129
0.101365
0.238326
0.560748
0.162284
0.148280
0.385559
0.335377
0.331297
0.359931
0.460362
0.014933
0.576825
0.078786
0.113470
0.083318
0.108222
0.527946
0.181062
0.498265
0.481238
0.149550
0.407399
0.061601
0.075550
0.761594
0.012748
0.580402
0.349557
0.248162
0.199597
0.142482
0.081226
0.116755
0.255242
0.112092
0.172844
0.572949
0.238634
0.057458
0.417909
0.547899
0.288121
0.100995
0.413700
0.314517
0.305452
0.385690
0.111718
0.326900
0.313086
0.258705
0.215924
0.358492
0.400193
0.184001
0.117792
0.078207
0.192827
0.367893
0.181603
0.073311
0.330563
0.314288
0.405460
0.409819
0.122003
0.220624
0.023278
0.630860
0.016316
0.229914
0.052246
0.431897
0.149643
0.327036
0.627600
0.548970
0.077379
0.480752
0.486272
0.059571
0.586456
0.164833
0.121248
0.185288
0.296125
0.300045
0.372393
0.082079
0.432397
0.283892
0.672385
0.203586
0.253262
0.257153
0.549552
0.254339
0.222528
0.246059
0.344245
0.333909
0.224562
0.334376
0.045661
0.174440
0.626774
0.126583
0.372365
0.127631
0.236368
0.041348
0.281248
0.010228
0.407188
0.377588
0.176876
0.068268
0.545532
0.049331
0.180882
0.196227
0.428370
0.117822
0.193839
0.193438
0.257317
0.323797
0.190304
0.298032
0.501852
0.277813
0.398473
0.443567
0.124410
0.202079
0.341889
0.354240
0.358672
0.157838
0.499330
0.508593
0.246232
0.381301
0.496126
0.603824
0.247355
0.223746
0.502999
0.383661
0.288501
0.554644
0.148818
0.365864
0.342657
0.104534
0.345208
0.171514
0.538287
0.190528
0.541045
0.208757
0.175463
0.108376
0.215505
0.139590
0.188526
0.149001
0.271628
0.477216
0.159411
0.385165
0.323048
0.166559
0.238596
0.093930
0.170028
0.424759
0.485368
0.228462
0.161987
0.501037
0.439584
0.265199
0.118752
0.002442
0.339005
0.462660
0.426534
0.026759
0.205897
0.447260
0.368505
0.158500
0.129990
0.458668
0.155141
0.351806
0.435087
0.207879
0.057467
0.382257
0.130811
0.558470
0.074581
0.832885
0.233173
0.383555
0.023707
0.154307
0.370063
0.106250
0.140418
0.273732
0.540008
0.042938
0.106373
0.035157
0.141261
0.287816
0.476483
0.256801
0.369518
0.069523
0.156070
0.361005
0.438956
0.465621
0.084143
0.382359
0.687145
0.162190
0.254492
0.035885
0.698965
0.060953
0.299921
0.336703
0.334887
0.322336
0.439022
0.227650
0.211769
0.262207
0.323908
0.269094
0.417089
0.173336
0.379564
0.026356
0.200704
0.086508
0.172202
0.213004
0.009399
0.278828
0.214514
0.058723
0.021201
0.279884
0.125349
0.349047
0.304639
0.282221
0.249729
0.191846
0.307223
0.372743
0.181299
0.041442
0.395637
0.009847
0.309646
0.743452
0.306784
0.005209
0.157122
0.544565
0.093490
0.212994
0.559354
0.726728
0.080909
0.473097
0.123609
0.053746
0.014154
0.055968
0.605864
0.009833
0.109630
0.282296
0.295864
0.122018
0.570994
0.233962
0.123358
0.328531
0.144523
0.070016
0.280526
0.248523
0.364196
0.255934
0.266314
0.504240
0.081419
0.027251
0.269010
0.093765
0.163365
0.221391
0.068893
0.533489
0.161455
0.343949
0.024738
0.066339
0.479223
0.275946
0.417168
0.383675
0.124072
0.316906
0.363583
0.376715
0.421060
0.055195
0.364078
0.147778
0.227742
0.155123
0.148926
0.165890
0.367708
0.014016
0.049919
0.479108
0.078100
0.036800
0.244753
0.108590
0.236189
0.609642
0.277455
0.151924
0.073117
0.044038
0.343681
0.175975
0.713971
0.003223
0.330123
0.083009
0.094043
0.267700
0.101762
0.442357
0.289827
0.189946
0.010482
0.307945
0.574673
0.271672
0.045343
0.219657
0.135806
0.033924
0.094159
0.052537
0.142980
0.044509
0.749862
0.168725
0.233899
0.113846
0.345796
0.258928
0.091096
0.159838
0.033162
0.160789
0.037882
0.105880
0.175789
0.025453
0.514720
0.664131
0.465815
0.419929
0.004137
0.368279
0.181147
0.546021
0.271384
0.015678
0.027051
0.471441
0.375047
0.046376
0.253610
0.003236
0.760517
0.499935
0.317985
0.030405
0.337939
0.490081
0.294833
0.173953
0.060488
0.262475
0.081940
0.227609
0.435148
0.254265
0.144976
0.174311
0.108791
0.434934
0.312951
0.628743
0.374502
0.136327
0.134576
0.531734
0.352902
0.263150
0.090881
0.088419
0.456324
0.075462
0.424938
0.205748
0.586705
0.347113
0.297202
0.287782
0.249770
0.038796
0.494630
0.135230
0.162634
0.358692
0.428303
0.383792
0.007754
0.386350
0.172165
0.028319
0.406906
0.110409
0.466178
0.346404
0.061542
0.288565
0.399754
0.518222
0.259362
0.417554
0.187999
0.188359
0.057658
0.263331
0.019961
0.390223
0.636147
0.136121
0.324374
0.040733
0.301244
0.094689
0.135862
0.594207
0.318110
0.486168
0.295936
0.415052
0.106815
0.390687
0.262352
0.243750
0.495684
0.305018
0.042729
0.032038
0.127182
0.122763
0.504890
0.004493
0.133202
0.446177
0.328588
0.125313
0.469749
0.073745
0.305465
0.195000
0.439367
0.364435
0.312070
0.094529
0.259231
0.063738
0.034299
0.246545
0.040373
0.412021
0.174337
0.481776
0.217709
0.466614
0.271118
0.542122
0.190936
0.290576
0.170940
0.185912
0.065810
0.460584
0.058973
0.387244
0.589978
0.033635
0.051507
0.246654
0.068933
0.171252
0.306154
0.021885
0.152830
0.143138
0.327941
0.122101
0.217178
0.220262
0.246980
0.437372
0.371606
0.292655
0.099299
0.447937
0.140599
0.566392
0.362168
0.201237
0.305149
0.160412
0.085811
0.063025
0.075461
0.281679
0.148578
0.224127
0.097413
0.430521
0.348916
0.021774
0.011913
0.597241
0.198770
0.165343
0.233126
0.084496
0.223665
0.180456
0.346219
0.145303
0.026894
0.099206
0.168087
0.443346
0.118453
0.164182
0.233973
0.152416
0.082712
0.152250
0.367679
0.337324
0.200121
0.207074
0.299386
0.128021
0.526485
0.314578
0.206379
0.286286
0.163988
0.560243
0.222827
0.383306
0.515344
0.188768
0.028693
0.039861
0.400908
0.207013
0.358228
0.099663
0.072998
0.241114
0.269777
0.378156
0.029080
0.189761
0.398695
0.622353
0.627913
0.394491
0.160109
0.398636
0.302640
0.268232
0.016849
0.007416
0.213639
0.481573
0.068188
0.111965
0.328782
0.036060
0.198235
0.096370
0.491774
0.105187
0.320803
0.069656
0.489781
0.033245
0.436528
0.418399
0.283462
0.050014
0.615907
0.127513
0.204169
0.127956
0.073717
0.407518
0.111928
0.383227
0.329668
0.209823
0.170070
0.018942
0.295133
0.126957
0.218955
0.174259
0.017344
0.144530
0.211354
0.036131
0.417252
0.231014
0.184576
0.164548
0.286256
0.582811
0.216236
0.737013
0.105247
0.529844
0.131843
0.574641
0.041537
0.043581
0.074695
0.225201
0.009521
0.093914
0.096696
0.426786
0.045498
0.348295
0.152355
0.123422
0.274032
0.033936
0.542785
0.187360
0.339805
0.507032
0.099686
0.636872
0.463349
0.206914
0.271024
0.168754
0.316577
0.068089
0.075958
0.538294
0.154057
0.334243
0.035038
0.466890
0.106619
0.596233
0.290534
0.095671
0.284272
0.058415
0.655365
0.224533
0.294208
0.046009
0.506553
0.070570
0.405982
0.166766
0.233258
0.253255
0.007019
0.322111
0.530685
0.400971
0.211562
0.236213
0.225225
0.206543
0.386435
0.414582
0.291177
0.002522
0.498304
0.496544
0.168422
0.184539
0.117960
0.064198
0.236823
0.443118
0.053540
0.558060
0.177524
0.219474
0.122854
0.191401
0.727202
0.288150
0.454642
0.349681
0.237531
0.439194
0.074110
0.052598
0.395866
0.278372
0.073799
0.267419
0.102234
0.315101
0.077914
0.273290
0.054387
0.038185
0.350694
0.267354
0.200239
0.106346
0.300777
0.122095
0.340323
0.353400
0.033350
0.138249
0.012826
0.359555
0.745680
0.042118
0.232388
0.579603
0.002525
0.204370
0.099688
0.011103
0.039564
0.344511
0.016622
0.423521
0.256881
0.673943
0.305204
0.180429
0.032857
0.230546
0.094394
0.039554
0.269023
0.239474
0.317828
0.296843
0.087587
0.533477
0.016516
0.042499
0.002203
0.118633
0.057968
0.445246
0.574390
0.434252
0.147401
0.391093
0.155881
0.069693
0.492819
0.175563
0.639744
0.240064
0.589776
0.491927
0.207154
0.056984
0.509950
0.214466
0.435582
0.324563
0.372939
0.091446
0.367454
0.308676
0.352820
0.287474
0.478380
0.388440
0.257166
0.234680
0.366430
0.265113
0.242817
0.117271
0.659527
0.059827
0.127534
0.199985
0.366845
0.360421
0.363688
0.053717
0.336003
0.528900
0.148966
0.354265
0.319979
0.121473
0.085915
0.036215
0.132427
0.086472
0.487146
0.226544
0.132385
0.194020
0.157809
0.340825
0.582133
0.006662
0.006406
0.383559
0.477134
0.245829
0.137357
0.176150
0.367031
0.111601
0.119148
0.360343
0.585862
0.020103
0.245414
0.012527
0.054919
0.256161
0.094739
0.201490
0.318729
0.343133
0.398171
0.315625
0.253607
0.334719
0.437822
0.146282
0.257291
0.531022
0.214633
0.351697
0.100288
0.301711
0.085110
0.179444
0.463353
0.002472
0.327143
0.166226
0.215320
0.508400
0.256273
0.034742
0.429654
0.402381
0.001053
0.296420
0.670044
0.066063
0.429677
0.262536
0.023370
0.241058
0.368442
0.118413
0.378965
0.095260
0.166578
0.517928
0.321886
0.110264
0.217800
0.192118
0.756509
0.555693
0.454798
0.029740
0.258261
0.228415
0.172496
0.019762
0.148960
0.210306
0.057538
0.384348
0.045499
0.036909
0.491503
0.699922
0.068820
0.065120
0.372860
0.578206
0.116258
0.177897
0.143989
0.269412
0.054339
0.039181
0.130671
0.059686
0.406385
0.325448
0.267568
0.069119
0.138492
0.356681
0.394798
0.019979
0.405219
0.007283
0.474683
0.580947
0.169647
0.604378
0.310255
0.011501
0.267408
0.329561
0.290852
0.237193
0.239178
0.509799
0.365040
0.108243
0.454100
0.148985
0.064889
0.439834
0.412610
0.314930
0.134526
0.151601
0.214621
0.263925
0.106451
0.131140
0.282258
0.209453
0.203031
0.148471
0.183883
0.525421
0.128177
0.203168
0.177265
0.363446
0.212832
0.384102
0.188572
0.229208
0.112619
0.186484
0.068825
0.255319
0.245455
0.325542
0.218034
0.099238
0.120396
0.511833
0.206393
0.591075
0.387120
0.251655
0.165939
0.023572
0.211938
0.421259
0.008299
0.336940
0.159468
0.280905
0.392066
0.240088
0.099613
0.165560
0.380732
0.020579
0.115902
0.650950
0.092053
0.616707
0.129697
0.446992
0.383891
0.633250
0.181283
0.240054
0.206263
0.285101
0.235942
0.491599
0.242777
0.020872
0.027651
0.490397
0.377979
0.497260
0.168239
0.102274
0.047062
0.137304
0.236246
0.093369
0.490940
0.156464
0.161527
0.124923
0.384073
0.355692
0.290359
0.121772
0.280334
0.057152
0.072094
0.150694
0.131367
0.355990
0.509772
0.410645
0.213461
0.158395
0.537836
0.022945
0.306172
0.021807
0.265931
0.707433
0.253517
0.034562
0.145594
0.265805
0.302568
0.606695
0.081911
0.086025
0.264478
0.431499
0.308842
0.243131
0.468145
0.076519
0.552797
0.003658
0.020281
0.171812
0.055198
0.594383
0.139811
0.651101
0.490222
0.103898
0.308274
0.012850
0.042216
0.841547
0.064447
0.587306
0.169078
0.283644
0.243974
0.163295
0.211682
0.271001
0.209794
0.109070
0.179969
0.592406
0.291731
0.046346
0.327524
0.477118
0.250313
0.036860
0.372633
0.343231
0.249495
0.414913
0.220930
0.374982
0.439562
0.219660
0.334596
0.217703
0.266636
0.175065
0.043352
0.136520
0.047521
0.307164
0.303608
0.087263
0.253912
0.169342
0.536260
0.295205
0.044536
0.169245
0.158629
0.522940
0.205865
0.116318
0.162063
0.452911
0.165487
0.453577
0.544854
0.396557
0.079332
0.526052
0.374630
0.017567
0.585372
0.067594
0.125455
0.259529
0.151966
0.222763
0.477806
0.056563
0.419870
0.264640
0.575024
0.044539
0.228572
0.179021
0.471647
0.157177
0.338871
0.217840
0.068673
0.175419
0.136379
0.249698
0.049813
0.205484
0.688852
0.148406
0.299933
0.171003
0.096929
0.031214
0.184729
0.013657
0.571553
0.435542
0.362194
0.051275
0.584970
0.122731
0.144967
0.335709
0.439623
0.136242
0.054324
0.194476
0.119450
0.379138
0.283982
0.227469
0.438625
0.299543
0.306979
0.621285
0.000472
0.198385
0.392685
0.309963
0.405210
0.022654
0.474583
0.566510
0.193055
0.346340
0.377497
0.748283
0.322356
0.190047
0.497826
0.220605
0.429223
0.555632
0.218146
0.327947
0.268225
0.131169
0.346942
0.134176
0.475281
0.170672
0.479661
0.101171
0.162286
0.038004
0.122165
0.100072
0.098792
0.103128
0.234601
0.363943
0.152227
0.178530
0.522154
0.052217
0.067886
0.226368
0.231195
0.261769
0.387974
0.362341
0.288732
0.465891
0.550117
0.235283
0.106843
0.011787
0.341849
0.400478
0.669137
0.112732
0.323304
0.397616
0.419130
0.337281
0.042672
0.570958
0.016571
0.421967
0.222371
0.195963
0.100077
0.465795
0.217416
0.380596
0.075882
0.764008
0.346258
0.442189
0.059653
0.158863
0.463890
0.050230
0.206266
0.414914
0.443765
0.038550
0.077005
0.103192
0.124967
0.401442
0.526623
0.309019
0.265568
0.064642
0.215774
0.391310
0.504987
0.374830
0.001148
0.422117
0.769923
0.093613
0.331631
0.083754
0.707628
0.086376
0.267614
0.449213
0.325780
0.332157
0.506008
0.276051
0.391202
0.295643
0.291461
0.427064
0.283064
0.113879
0.335841
0.069434
0.389694
0.044754
0.231548
0.113746
0.059427
0.242422
0.088388
0.136862
0.092328
0.259080
0.156923
0.375897
0.136373
0.307702
0.353347
0.337693
0.236010
0.319889
0.300908
0.008017
0.320604
0.011046
0.353696
0.784235
0.443038
0.113219
0.091783
0.498259
0.195053
0.289393
0.630036
0.677489
0.115334
0.426273
0.180547
0.003367
0.128004
0.087931
0.530986
0.046511
0.115848
0.414988
0.338906
0.255931
0.696976
0.118544
0.017007
0.225890
0.024275
0.055909
0.220229
0.195435
0.405754
0.103056
0.218431
0.548139
0.140562
0.045585
0.162798
0.122531
0.318311
0.231197
0.073842
0.510044
0.181611
0.325968
0.037394
0.030094
0.475767
0.332436
0.297543
0.413864
0.119024
0.360244
0.306733
0.414128
0.482706
0.133353
0.197066
0.102617
0.200359
0.237061
0.092005
0.121364
0.421680
0.103747
0.063700
0.460696
0.013284
0.137912
0.128438
0.253238
0.195612
0.583490
0.267260
0.065088
0.225275
0.069777
0.173150
0.230934
0.574984
0.090325
0.308330
0.128469
0.061159
0.266214
0.074090
0.491786
0.393144
0.097727
0.039880
0.327563
0.646393
0.347699
0.176371
0.118856
0.106635
0.172371
0.078140
0.001602
0.277580
0.054040
0.705242
0.138798
0.222160
0.006074
0.431182
0.405866
0.046868
0.235211
0.045671
0.220062
0.006129
0.161304
0.015083
0.032275
0.454349
0.444559
0.456015
0.347580
0.023318
0.478375
0.296227
0.339404
0.289665
0.031748
0.093837
0.383300
0.412772
0.095902
0.431656
0.136935
0.670674
0.624655
0.241974
0.127403
0.457896
0.659544
0.383156
0.202345
0.184211
0.228193
0.048054
0.068115
0.233003
0.329006
0.294183
0.382775
0.117708
0.306486
0.353125
0.576730
0.351430
0.075955
0.043129
0.520093
0.329256
0.406151
0.165759
0.154292
0.409214
0.044546
0.222576
0.226459
0.430154
0.342834
0.166668
0.136072
0.263265
0.062427
0.520908
0.033440
0.303361
0.326475
0.221767
0.320980
0.004076
0.444258
0.197963
0.060345
0.384763
0.068472
0.451474
0.294843
0.149116
0.275939
0.358903
0.402321
0.279834
0.591459
0.288370
0.149397
0.034269
0.190129
0.090220
0.388386
0.761418
0.084810
0.602470
0.047910
0.285147
0.323399
0.141133
0.391326
0.473522
0.539135
0.328485
0.389245
0.251063
0.455487
0.295285
0.128112
0.393144
0.505869
0.059242
0.145611
0.210736
0.065579
0.480797
0.032246
0.050657
0.575376
0.186220
0.214253
0.312236
0.049183
0.246717
0.184270
0.480052
0.290040
0.315845
0.138720
0.292925
0.038672
0.014607
0.150894
0.022656
0.276709
0.203313
0.370154
0.216593
0.497591
0.273822
0.584460
0.341435
0.369149
0.235829
0.020105
0.112018
0.402248
0.153789
0.245975
0.523700
0.072678
0.088278
0.164605
0.122616
0.170948
0.488589
0.150476
0.173666
0.292022
0.281269
0.029864
0.106476
0.389048
0.317405
0.346210
0.364700
0.322799
0.091135
0.400173
0.238296
0.561584
0.226205
0.144755
0.267114
0.183872
0.089707
0.194032
0.005734
0.427639
0.196522
0.212149
0.087161
0.460116
0.375601
0.081474
0.135202
0.673268
0.097866
0.061452
0.224659
0.048112
0.226266
0.154695
0.321498
0.069251
0.025118
0.032832
0.073126
0.359987
0.006789
0.153112
0.221617
0.027070
0.169333
0.299629
0.412121
0.530893
0.316753
0.243470
0.405997
0.159608
0.605146
0.122821
0.250741
0.453719
0.189999
0.477770
0.133858
0.299307
0.480748
0.204475
0.180398
0.056116
0.504502
0.233163
0.396322
0.178202
0.033044
0.257095
0.195092
0.361545
0.045364
0.029410
0.362802
0.530123
0.782504
0.407159
0.146819
0.547391
0.306728
0.244172
0.068487
0.025643
0.291424
0.281941
0.091072
0.098109
0.404426
0.022064
0.206510
0.101442
0.571579
0.107942
0.430107
0.171734
0.423806
0.179483
0.640446
0.543994
0.267188
0.040795
0.588299
0.271054
0.140770
0.075678
0.062144
0.366687
0.081131
0.289297
0.289952
0.361957
0.051749
0.112439
0.397039
0.114613
0.204045
0.247717
0.070836
0.299987
0.143943
0.045908
0.349052
0.316746
0.188747
0.000334
0.229274
0.511248
0.157461
0.711615
0.130859
0.511298
0.123577
0.575491
0.043436
0.081874
0.184253
0.211461
0.084822
0.038352
0.097260
0.488583
0.033504
0.419547
0.231873
0.009631
0.266880
0.017709
0.402863
0.296923
0.135410
0.488976
0.002412
0.675120
0.445247
0.086929
0.376626
0.092289
0.348305
0.141919
0.064631
0.472422
0.205709
0.417094
0.081295
0.452272
0.088614
0.644318
0.301352
0.028669
0.191866
0.038403
0.690317
0.217401
0.287975
0.069862
0.464973
0.002218
0.383982
0.050343
0.280217
0.222655
0.051804
0.301996
0.591779
0.381125
0.228725
0.221878
0.120575
0.280213
0.393803
0.448595
0.253648
0.012237
0.429860
0.535926
0.249705
0.286615
0.279289
0.043499
0.186272
0.466687
0.089106
0.559862
0.217352
0.256549
0.039871
0.319328
0.756537
0.152370
0.423187
0.248349
0.294704
0.386399
0.050251
0.095379
0.498842
0.238616
0.023796
0.180610
0.022115
0.383595
0.006383
0.453788
0.041251
0.100480
0.458528
0.447173
0.255930
0.090454
0.286499
0.192218
0.298147
0.449913
0.067760
0.182469
0.153074
0.259238
0.642716
0.091723
0.216041
0.465765
0.071276
0.292106
0.133892
0.090940
0.161694
0.290401
0.038569
0.291254
0.071056
0.469760
0.173224
0.144222
0.033339
0.183164
0.051964
0.025851
0.413479
0.155186
0.350413
0.292720
0.112266
0.531968
0.163710
0.037901
0.013905
0.055643
0.040878
0.344525
0.423194
0.472446
0.248840
0.386402
0.221484
0.108040
0.621298
0.157024
0.663640
0.202678
0.513287
0.444707
0.078689
0.066490
0.559718
0.191329
0.415014
0.389544
0.479566
0.079355
0.321922
0.333809
0.447824
0.208896
0.449054
0.403783
0.190214
0.130152
0.423534
0.183430
0.382911
0.111115
0.580878
0.077966
0.131895
0.122400
0.322849
0.407953
0.217045
0.049934
0.393655
0.546661
0.181793
0.264512
0.275679
0.145487
0.088904
0.000477
0.226117
0.184503
0.502706
0.187766
0.003729
0.288646
0.185572
0.244600
0.590076
0.055584
0.022523
0.353213
0.459413
0.368704
0.266041
0.311043
0.327591
0.019910
0.179851
0.357645
0.618722
0.083260
0.143764
0.000970
0.200340
0.147597
0.087577
0.025264
0.115695
0.334260
0.208886
0.311221
0.190769
0.391569
0.274284
0.294627
0.309436
0.465750
0.109166
0.400854
0.098670
0.347527
0.160840
0.127888
0.356772
0.106228
0.353568
0.178388
0.116075
0.471038
0.258469
0.072056
0.516864
0.420210
0.138207
0.123506
0.724253
0.087394
0.267590
0.277926
0.030815
0.269688
0.417934
0.061672
0.429543
0.147167
0.014858
0.290826
0.117245
0.109771
0.091334
0.338835
0.767397
0.361879
0.430080
0.032684
0.310034
0.168480
0.141616
0.098783
0.259393
0.211498
0.104338
0.232938
0.000221
0.165125
0.668845
0.614591
0.046940
0.007854
0.424030
0.572959
0.139206
0.275208
0.182372
0.048517
0.126580
0.066451
0.113017
0.118365
0.411280
0.399054
0.306724
0.055028
0.143525
0.300817
0.389160
0.104272
0.502270
0.051558
0.382421
0.489860
0.132011
0.513933
0.282296
0.066908
0.287633
0.224187
0.525259
0.099815
0.239240
0.330297
0.215674
0.123538
0.422568
0.231697
0.060368
0.472079
0.336409
0.370082
0.132535
0.215221
0.261420
0.339170
0.090663
0.123849
0.157721
0.269085
0.087652
0.195022
0.258309
0.493554
0.157751
0.328506
0.207134
0.259812
0.133695
0.417242
0.291555
0.180546
0.160304
0.145481
0.079253
0.241749
0.190785
0.398907
0.328500
0.138388
0.165156
0.420094
0.196924
0.495372
0.193162
0.482529
0.201255
0.086130
0.281061
0.527317
0.110047
0.286521
0.317372
0.430650
0.303321
0.280300
0.105354
0.268711
0.434864
0.096047
0.016740
0.510911
0.085625
0.630673
0.022620
0.329267
0.341034
0.488532
0.225175
0.306675
0.240102
0.292877
0.289007
0.499944
0.296528
0.037950
0.063578
0.298973
0.325181
0.403197
0.118243
0.006921
0.128455
0.279847
0.212900
0.103197
0.594658
0.154600
0.097491
0.078253
0.346471
0.351795
0.205632
0.265305
0.301104
0.074747
0.064825
0.177542
0.099229
0.313594
0.530731
0.555189
0.278139
0.208068
0.450260
0.028837
0.188851
0.111269
0.308890
0.593876
0.313748
0.037131
0.185926
0.416196
0.366209
0.578140
0.035228
0.045978
0.128467
0.442471
0.208275
0.110635
0.490294
0.067829
0.521126
0.105058
0.049718
0.228296
0.050111
0.572666
0.067101
0.650827
0.396031
0.034305
0.168435
0.036779
0.161343
0.820958
0.077467
0.585555
0.069932
0.327229
0.250795
0.192802
0.281808
0.415225
0.153061
0.244464
0.212703
0.549136
0.329720
0.012701
0.198364
0.414941
0.148615
0.228685
0.349827
0.402042
0.247274
0.378947
0.260024
0.358319
0.521787
0.193895
0.408201
0.139343
0.126839
0.163500
0.050309
0.198112
0.047903
0.269907
0.446712
0.024043
0.173298
0.011988
0.530525
0.211866
0.184937
0.123662
0.315032
0.404937
0.396754
0.018942
0.255347
0.430672
0.232542
0.444182
0.384565
0.162841
0.175589
0.515121
0.260364
0.027055
0.494549
0.018944
0.172286
0.321125
0.136690
0.159858
0.449770
0.129080
0.380950
0.205211
0.402557
0.171480
0.143663
0.000480
0.368064
0.044928
0.457528
0.217993
0.135126
0.021190
0.098548
0.109005
0.087855
0.199541
0.690949
0.219560
0.233515
0.249812
0.061448
0.015558
0.143140
0.086153
0.671418
0.427952
0.540568
0.076388
0.534526
0.257282
0.122942
0.450296
0.439404
0.111196
0.059546
0.198525
0.019616
0.359742
0.329922
0.141197
0.289959
0.271980
0.159287
0.748917
0.094722
0.099660
0.370789
0.317422
0.493485
0.163989
0.443939
0.588738
0.052839
0.302087
0.296453
0.750800
0.375703
0.160322
0.425260
0.021095
0.574698
0.513102
0.269856
0.351109
0.197413
0.169413
0.356756
0.064299
0.389067
0.137506
0.416395
0.075831
0.174953
0.015763
0.063298
0.062853
0.000871
0.081067
0.126399
0.218886
0.208947
0.044523
0.626951
0.065436
0.084414
0.390767
0.327641
0.039464
0.295018
0.486253
0.333642
0.381639
0.610065
0.163463
0.014943
0.036915
0.261422
0.261282
0.873037
0.265855
0.348711
0.297782
0.514705
0.435933
0.084351
0.647990
0.121372
0.429876
0.054609
0.175708
0.119578
0.586220
0.144910
0.191576
0.094101
0.556233
0.402771
0.534913
0.174888
0.157971
0.486928
0.052500
0.334000
0.552953
0.321521
0.114224
0.172389
0.190086
0.051925
0.536595
0.487867
0.290193
0.140034
0.007520
0.227070
0.459061
0.538893
0.284731
0.082872
0.497357
0.737678
0.060902
0.398539
0.161456
0.601824
0.054466
0.222917
0.549808
0.288524
0.395728
0.514072
0.247900
0.519382
0.303734
0.222764
0.588703
0.123175
0.027548
0.312553
0.130639
0.581453
0.009788
0.266191
0.065017
0.180183
0.092316
0.017926
0.296129
0.127043
0.221109
0.186377
0.371391
0.081768
0.261997
0.403637
0.529969
0.186014
0.183320
0.422427
0.042873
0.192189
0.039359
0.389780
0.706615
0.553027
0.173522
0.029089
0.364841
0.228906
0.403228
0.710699
0.483508
0.117199
0.405628
0.250429
0.031248
0.267578
0.073296
0.476753
0.079261
0.042116
0.487745
0.407627
0.380249
0.793974
0.069229
0.066945
0.162720
0.063011
0.003748
0.160917
0.230489
0.396446
0.026990
0.211579
0.522106
0.232677
0.072769
0.110083
0.207695
0.476885
0.280700
0.149195
0.442611
0.175241
0.170092
0.003299
0.038623
0.390368
0.380567
0.217726
0.342706
0.196015
0.373919
0.210847
0.410535
0.421300
0.186336
0.014124
0.159632
0.107687
0.279316
0.004910
0.151457
0.490352
0.213442
0.233538
0.385136
0.048699
0.253535
0.000215
0.445597
0.211408
0.487988
0.286204
0.008144
0.248240
0.206149
0.080161
0.298385
0.426343
0.185707
0.297977
0.188860
0.037944
0.196961
0.195991
0.392027
0.488037
0.002002
0.057580
0.315629
0.678718
0.387158
0.228387
0.045547
0.135459
0.270666
0.079203
0.055289
0.380463
0.107756
0.597432
0.173567
0.244651
0.120387
0.463982
0.487276
0.148860
0.294512
0.051933
0.179700
0.105050
0.208303
0.139794
0.106540
0.447586
0.275454
0.379211
0.261309
0.004986
0.560526
0.418264
0.112311
0.224198
0.028267
0.120009
0.331622
0.402165
0.106721
0.565483
0.287880
0.509100
0.652444
0.185740
0.166309
0.527301
0.680876
0.472911
0.151896
0.316505
0.195428
0.038178
0.102585
0.049429
0.404271
0.342955
0.529637
0.084220
0.231358
0.359674
0.460940
0.309317
0.322306
0.025624
0.481350
0.313004
0.464458
0.244896
0.205904
0.384471
0.192427
0.058957
0.154595
0.228067
0.315905
0.012627
0.006938
0.360413
0.144148
0.460168
0.076771
0.456255
0.325951
0.006147
0.200872
0.027855
0.490705
0.223472
0.110712
0.342312
0.233942
0.396744
0.161062
0.307636
0.286892
0.286264
0.210870
0.307985
0.716472
0.299956
0.107361
0.008535
0.206510
0.223732
0.406634
0.741563
0.017693
0.795644
0.080925
0.223430
0.505416
0.155347
0.190851
0.609486
0.501051
0.325748
0.274448
0.407583
0.478688
0.304608
0.048637
0.274903
0.575400
0.120257
0.228904
0.214429
0.068378
0.450535
0.032502
0.084358
0.603571
0.106635
0.283337
0.157602
0.058361
0.204316
0.135886
0.448310
0.226801
0.297804
0.125483
0.328577
0.027698
0.034233
0.107856
0.077191
0.172861
0.200365
0.290109
0.199323
0.565425
0.316600
0.576216
0.430596
0.371459
0.346881
0.118892
0.069702
0.307516
0.259558
0.146350
0.524323
0.273363
0.107972
0.088729
0.143314
0.206526
0.644113
0.262135
0.217868
0.330274
0.231875
0.062957
0.002621
0.543048
0.271273
0.351448
0.301480
0.347178
0.131519
0.368161
0.395502
0.523045
0.067084
0.122142
0.233011
0.214787
0.170596
0.396509
0.062978
0.509228
0.268682
0.200053
0.029833
0.421735
0.400253
0.199565
0.266662
0.602829
0.029176
0.091003
0.216687
0.016754
0.193459
0.168743
0.276567
0.055851
0.003750
0.076453
0.031495
0.289249
0.071017
0.087723
0.180424
0.044062
0.266959
0.472063
0.380733
0.705321
0.436320
0.210892
0.362517
0.160397
0.589004
0.069254
0.244614
0.521178
0.223240
0.340816
0.030192
0.181895
0.462084
0.236692
0.306068
0.023710
0.534564
0.276665
0.430779
0.296382
0.032369
0.191770
0.103902
0.328092
0.014303
0.118163
0.282827
0.435097
0.846364
0.389104
0.071851
0.644504
0.295720
0.221398
0.163006
0.001077
0.298932
0.118780
0.102330
0.102105
0.445487
0.084450
0.219535
0.127175
0.479042
0.079201
0.447469
0.242748
0.312830
0.315506
0.666856
0.614561
0.209303
0.037846
0.509516
0.427162
0.098525
0.024622
0.011997
0.264593
0.095813
0.205169
0.243960
0.437077
0.066457
0.162552
0.468738
0.137512
0.128499
0.310800
0.101360
0.348897
0.098262
0.094993
0.251219
0.361986
0.166167
0.074954
0.095785
0.417839
0.131788
0.643801
0.094674
0.457242
0.041143
0.407465
0.152622
0.149600
0.221387
0.288539
0.199823
0.022932
0.132061
0.528721
0.079283
0.457164
0.339895
0.135701
0.265315
0.030397
0.301581
0.410415
0.077909
0.369732
0.168322
0.519374
0.386329
0.045735
0.451725
0.008915
0.369789
0.184412
0.047435
0.377000
0.237649
0.433259
0.168406
0.484536
0.059169
0.636378
0.314455
0.044502
0.046499
0.100495
0.598289
0.119988
0.321906
0.091243
0.324472
0.117513
0.355574
0.052912
0.294815
0.221788
0.163125
0.336571
0.561495
0.326927
0.196739
0.119545
0.066607
0.449006
0.422465
0.394179
0.182661
0.046082
0.406087
0.451114
0.288237
0.242577
0.388635
0.056327
0.145623
0.478891
0.161206
0.561592
0.166446
0.286769
0.021805
0.405235
0.730057
0.010803
0.398726
0.147606
0.406269
0.311189
0.052424
0.148891
0.534080
0.165575
0.044732
0.138085
0.030248
0.411189
0.040532
0.596224
0.157884
0.123649
0.536983
0.519298
0.333015
0.047633
0.314527
0.148870
0.269707
0.460699
0.029729
0.207861
0.287447
0.213517
0.454203
0.228429
0.168033
0.373127
0.193354
0.474719
0.226594
0.059149
0.210657
0.255785
0.055794
0.130724
0.054276
0.329201
0.002314
0.048385
0.108223
0.159209
0.051453
0.076192
0.544734
0.047364
0.380073
0.232861
0.143901
0.445536
0.309298
0.046101
0.018106
0.214248
0.027512
0.206871
0.253541
0.445251
0.307536
0.371515
0.311578
0.204345
0.641446
0.099056
0.618965
0.096418
0.412766
0.426464
0.389194
0.147900
0.542331
0.175670
0.367191
0.407715
0.598291
0.025066
0.229291
0.405832
0.463614
0.188881
0.304919
0.360460
0.182644
0.065478
0.396887
0.123522
0.498870
0.125004
0.360300
0.207220
0.169923
0.036633
0.317137
0.454547
0.100687
0.107960
0.496433
0.560206
0.254344
0.133943
0.131182
0.147987
0.072753
0.088728
0.370626
0.246507
0.510306
0.142199
0.108420
0.353863
0.253295
0.137379
0.535893
0.216208
0.043996
0.216947
0.387092
0.451149
0.401279
0.396060
0.336611
0.104623
0.239231
0.280609
0.549917
0.171109
0.091287
0.068621
0.340281
0.086435
0.253822
0.157645
0.077084
0.276390
0.058408
0.253641
0.116767
0.497198
0.067359
0.394667
0.368285
0.398812
0.049420
0.428918
0.148873
0.439780
0.201874
0.156953
0.300840
0.078544
0.289915
0.211430
0.075454
0.445998
0.199859
0.108624
0.457987
0.405399
0.251688
0.060429
0.582535
0.191869
0.185957
0.296187
0.005629
0.315491
0.503839
0.006923
0.479485
0.228416
0.149428
0.067046
0.099346
0.113572
0.064756
0.427621
0.665786
0.173107
0.408097
0.140950
0.327739
0.022771
0.208475
0.238337
0.327504
0.230619
0.175105
0.155455
0.089342
0.280811
0.733382
0.529566
0.058364
0.025607
0.443651
0.609004
0.124491
0.296043
0.165009
0.133712
0.160681
0.120838
0.079730
0.158054
0.408972
0.465433
0.353537
0.188983
0.074544
0.296487
0.344203
0.138158
0.510701
0.094202
0.315640
0.224149
0.056408
0.384891
0.209714
0.040816
0.351624
0.053204
0.706358
0.076228
0.238503
0.157294
0.041348
0.115489
0.299090
0.254747
0.019637
0.355551
0.222949
0.335573
0.103187
0.235133
0.360351
0.357418
0.084695
0.110313
0.060909
0.382453
0.044643
0.184657
0.234887
0.453529
0.127794
0.432218
0.269255
0.145921
0.116371
0.408756
0.471898
0.166020
0.181612
0.073224
0.146418
0.150898
0.099578
0.351346
0.451497
0.148051
0.247743
0.299224
0.123444
0.370337
0.035433
0.558926
0.205364
0.112765
0.319976
0.612173
0.292817
0.211685
0.386692
0.536670
0.150861
0.248176
0.080857
0.296105
0.416348
0.180671
0.089052
0.250715
0.105182
0.532290
0.072694
0.215678
0.312720
0.265069
0.322682
0.353816
0.243160
0.213044
0.289017
0.543067
0.285951
0.041397
0.080820
0.107492
0.195649
0.174755
0.016279
0.004610
0.203766
0.424736
0.141268
0.068270
0.618980
0.155739
0.008034
0.038247
0.313034
0.313278
0.097165
0.387014
0.382096
0.210301
0.174419
0.258521
0.104093
0.312104
0.501864
0.602422
0.230072
0.287468
0.361658
0.062613
0.055652
0.237258
0.291236
0.411859
0.342553
0.084153
0.149984
0.567072
0.436638
0.522474
0.153936
0.211935
0.018617
0.366032
0.166262
0.032564
0.440307
0.044045
0.488837
0.176407
0.201034
0.234732
0.066970
0.446333
0.020468
0.572864
0.340424
0.005097
0.086759
0.060836
0.249503
0.704987
0.067225
0.489088
0.305153
0.323920
0.148951
0.306244
0.246366
0.417653
0.062177
0.380116
0.219125
0.504529
0.333441
0.033014
0.059380
0.318881
0.084427
0.377827
0.348942
0.338139
0.234807
0.313989
0.322594
0.289621
0.583305
0.160052
0.430434
0.019595
0.022670
0.056974
0.052752
0.253356
0.039935
0.302456
0.541206
0.031891
0.005185
0.187850
0.429343
0.123719
0.265676
0.039512
0.491765
0.236726
0.501142
0.119254
0.350143
0.395341
0.264204
0.363347
0.188228
0.014106
0.168713
0.431820
0.182482
0.060566
0.399864
0.065804
0.254173
0.410271
0.143457
0.108734
0.424300
0.225035
0.276998
0.198805
0.162727
0.370338
0.008031
0.119896
0.271299
0.012739
0.494317
0.225233
0.305949
0.097011
0.070072
0.066997
0.189188
0.206157
0.553100
0.204823
0.196161
0.298576
0.183952
0.067384
0.105738
0.213183
0.688413
0.340398
0.599141
0.067774
0.427121
0.292063
0.093597
0.545636
0.388979
0.025675
0.056214
0.197966
0.000615
0.279002
0.407404
0.102378
0.091507
0.153785
0.065458
0.739238
0.177334
0.023183
0.334854
0.309385
0.602925
0.274147
0.398354
0.513106
0.020633
0.232769
0.222721
0.713253
0.415958
0.209132
0.372148
0.212521
0.607854
0.503511
0.249260
0.342633
0.187966
0.197174
0.277480
0.049285
0.295618
0.090417
0.284437
0.120760
0.175854
0.085891
0.020722
0.095455
0.100571
0.120582
0.095617
0.112733
0.252141
0.204948
0.676571
0.169032
0.229187
0.500633
0.451365
0.168941
0.212723
0.625069
0.386196
0.278502
0.590981
0.038264
0.124496
0.088733
0.195861
0.195655
0.933590
0.358885
0.305504
0.186731
0.510220
0.332440
0.288970
0.638237
0.197414
0.325406
0.108844
0.160762
0.085088
0.578557
0.115641
0.082727
0.054798
0.269479
0.334092
0.572887
0.316022
0.131129
0.487036
0.113912
0.392180
0.626968
0.249984
0.180608
0.184790
0.294348
0.022794
0.561335
0.438345
0.249244
0.058071
0.020635
0.151357
0.532242
0.459280
0.203610
0.127033
0.462350
0.591156
0.213258
0.398723
0.203305
0.467096
0.029963
0.254782
0.631574
0.229774
0.451625
0.459785
0.220366
0.603241
0.307661
0.249362
0.636131
0.065790
0.045951
0.316799
0.144794
0.693606
0.023482
0.311893
0.008441
0.338717
0.126403
0.034787
0.464207
0.112466
0.190173
0.249017
0.426559
0.286728
0.173489
0.419167
0.692387
0.093113
0.104511
0.566929
0.126377
0.054901
0.064455
0.341066
0.528064
0.569849
0.168582
0.046478
0.283499
0.219985
0.451227
0.710524
0.283918
0.088150
0.442230
0.202518
0.038084
0.287580
0.050290
0.328042
0.043939
0.022756
0.516165
0.372254
0.499249
0.805713
0.269069
0.132206
0.059168
0.072205
0.114138
0.119784
0.262917
0.409216
0.174944
0.130106
0.390350
0.287365
0.071248
0.133476
0.249250
0.503317
0.387125
0.237894
0.189895
0.150349
0.043630
0.078928
0.102247
0.321867
0.423990
0.164953
0.217033
0.331906
0.355068
0.066962
0.364808
0.347309
0.240717
0.099921
0.205451
0.024457
0.202286
0.084418
0.229413
0.516239
0.268418
0.375199
0.353718
0.062842
0.290845
0.109576
0.629828
0.207476
0.351393
0.265178
0.126968
0.237637
0.284256
0.011958
0.302406
0.207638
0.331445
0.258149
0.251860
0.094586
0.110402
0.225374
0.310396
0.546209
0.033248
0.048213
0.300108
0.634450
0.383414
0.255625
0.012844
0.196401
0.337760
0.113587
0.113988
0.408199
0.191855
0.396582
0.151186
0.318516
0.136499
0.481026
0.521993
0.250641
0.363739
0.101002
0.143133
0.140446
0.292193
0.168588
0.154984
0.441997
0.145252
0.233040
0.088197
0.034429
0.648286
0.485054
0.017867
0.149200
0.062932
0.196212
0.258803
0.456494
0.098634
0.602459
0.443002
0.296705
0.652648
0.185309
0.137437
0.479049
0.607294
0.474182
0.120493
0.482678
0.170516
0.013069
0.240842
0.044419
0.457939
0.399318
0.634601
0.161909
0.182111
0.298348
0.271058
0.197904
0.577663
0.060415
0.464979
0.333390
0.408908
0.297976
0.306300
0.332550
0.340414
0.101447
0.035203
0.063725
0.211915
0.143462
0.152182
0.408983
0.306582
0.259357
0.114802
0.574566
0.335805
0.195926
0.137190
0.094256
0.506960
0.217338
0.105420
0.292421
0.443063
0.370566
0.037634
0.476197
0.289594
0.106779
0.044083
0.326964
0.768410
0.261274
0.066362
0.095607
0.193501
0.358368
0.453645
0.549647
0.087684
0.778896
0.110958
0.130157
0.636480
0.059730
0.045977
0.642347
0.376444
0.300947
0.198797
0.546656
0.434673
0.262974
0.066120
0.147873
0.600399
0.071233
0.212264
0.144351
0.159007
0.325324
0.037290
0.241890
0.538516
0.012243
0.272517
0.052627
0.092536
0.207577
0.098119
0.426795
0.139959
0.322238
0.088577
0.412289
0.040984
0.022266
0.166768
0.117965
0.103769
0.168232
0.207267
0.154806
0.643611
0.359757
0.491407
0.512585
0.373374
0.403699
0.228116
0.034216
0.319448
0.342337
0.119662
0.464465
0.397834
0.094638
0.021560
0.162121
0.204034
0.733928
0.358352
0.258495
0.314981
0.160215
0.137171
0.105837
0.620848
0.193074
0.306063
0.164614
0.336515
0.135861
0.225882
0.505164
0.467883
0.115631
0.056823
0.184913
0.233708
0.189976
0.517366
0.068723
0.577823
0.281845
0.138609
0.020187
0.284251
0.413033
0.243980
0.330662
0.457437
0.167168
0.227167
0.212842
0.040110
0.197571
0.235830
0.194574
0.191915
0.021211
0.182733
0.100373
0.253084
0.116889
0.057171
0.186082
0.106586
0.298053
0.603307
0.272267
0.739418
0.470314
0.153674
0.327192
0.117910
0.455416
0.194985
0.188013
0.469384
0.280494
0.207917
0.092137
0.143279
0.392076
0.227701
0.433066
0.067292
0.531459
0.297249
0.452534
0.355052
0.068189
0.090759
0.093477
0.259615
0.144137
0.228772
0.292234
0.280993
0.712659
0.348880
0.082578
0.616527
0.202781
0.146010
0.223135
0.039826
0.285362
0.012763
0.092484
0.097289
0.426755
0.077278
0.186794
0.061607
0.466607
0.014985
0.419157
0.290191
0.185562
0.472666
0.540614
0.606659
0.184412
0.064804
0.374406
0.505262
0.149774
0.016321
0.076700
0.175958
0.059146
0.163952
0.169552
0.491885
0.154327
0.192620
0.496066
0.244506
0.063048
0.360409
0.048889
0.373785
0.032824
0.182583
0.178326
0.324777
0.159171
0.056246
0.022047
0.354124
0.163696
0.497604
0.042650
0.331373
0.050006
0.229963
0.289327
0.212428
0.226450
0.272676
0.298773
0.001998
0.179960
0.494388
0.167615
0.493842
0.410016
0.241722
0.278483
0.025051
0.244826
0.489275
0.246302
0.216543
0.337554
0.322454
0.314806
0.193343
0.478215
0.024702
0.373988
0.237812
0.077928
0.251797
0.207014
0.346872
0.277853
0.506669
0.027780
0.490634
0.327177
0.056364
0.154567
0.177616
0.419552
0.004861
0.312941
0.127930
0.189937
0.218096
0.244933
0.110372
0.274072
0.254757
0.223784
0.303918
0.495219
0.356076
0.192091
0.013785
0.055722
0.601559
0.403522
0.261260
0.151170
0.074194
0.330151
0.313909
0.323748
0.176298
0.424024
0.103383
0.064614
0.533805
0.262605
0.479175
0.063315
0.290821
0.081393
0.417735
0.623803
0.123104
0.281698
0.009378
0.565947
0.242017
0.081355
0.141513
0.544317
0.093281
0.062768
0.137453
0.112396
0.472360
0.150827
0.667745
0.266272
0.119990
0.578864
0.460621
0.399195
0.017867
0.371019
0.035313
0.171986
0.407552
0.046899
0.184816
0.339371
0.162756
0.218100
0.313341
0.087027
0.355757
0.355839
0.592835
0.191885
0.002834
0.309769
0.230246
0.062037
0.050271
0.077813
0.263694
0.095577
0.020931
0.149265
0.111955
0.080095
0.213681
0.585245
0.043750
0.432282
0.179789
0.260479
0.391900
0.428178
0.050807
0.062629
0.312074
0.090782
0.096379
0.091766
0.371245
0.350683
0.231632
0.346009
0.331901
0.623068
0.084918
0.568974
0.071405
0.186967
0.480206
0.566291
0.292593
0.522073
0.190924
0.325146
0.327246
0.656989
0.016526
0.111272
0.348158
0.387478
0.131769
0.121692
0.349902
0.098840
0.020411
0.383579
0.089134
0.530042
0.136521
0.170636
0.217044
0.211012
0.029915
0.341961
0.467211
0.031501
0.153378
0.504156
0.473046
0.338935
0.025033
0.006264
0.213975
0.021236
0.128418
0.537015
0.275941
0.444019
0.105852
0.194969
0.388010
0.300556
0.063146
0.400904
0.350515
0.113954
0.127470
0.270098
0.501674
0.566310
0.462987
0.372292
0.206260
0.323140
0.285923
0.367904
0.241234
0.064532
0.173084
0.349186
0.028021
0.411962
0.268040
0.241359
0.193701
0.076160
0.190325
0.092113
0.538713
0.118797
0.380478
0.316314
0.328965
0.013866
0.442487
0.183234
0.544406
0.264312
0.152290
0.236625
0.030381
0.178601
0.266446
0.193628
0.377364
0.059444
0.064106
0.409085
0.385538
0.400882
0.238114
0.391093
0.302678
0.124441
0.303495
0.007340
0.386249
0.520466
0.069855
0.480243
0.266657
0.305191
0.066479
0.235214
0.152173
0.201053
0.503285
0.556991
0.023587
0.437254
0.167635
0.384591
0.060412
0.251905
0.340061
0.410694
0.329051
0.212995
0.121577
0.153346
0.358468
0.651836
0.397627
0.138457
0.050759
0.412278
0.611036
0.142935
0.371627
0.065781
0.244518
0.105738
0.224719
0.008992
0.240854
0.348127
0.526981
0.392263
0.352645
0.054194
0.260547
0.323384
0.159721
0.454751
0.171928
0.233551
0.031362
0.094063
0.219733
0.107787
0.076779
0.348677
0.122590
0.810249
0.229304
0.208637
0.012731
0.092833
0.069994
0.191402
0.244759
0.105998
0.201306
0.125360
0.272775
0.039670
0.278243
0.463698
0.345010
0.080578
0.077091
0.000214
0.521576
0.176210
0.262620
0.136535
0.465221
0.081453
0.460453
0.258563
0.024336
0.127764
0.328080
0.612553
0.252932
0.120460
0.003932
0.235226
0.051916
0.070058
0.286190
0.531393
0.021031
0.356759
0.221451
0.103364
0.229656
0.044755
0.597171
0.253382
0.136124
0.375638
0.623161
0.472467
0.170056
0.387209
0.560448
0.020543
0.227386
0.077458
0.260554
0.493305
0.202528
0.177480
0.006549
0.164943
0.457786
0.184750
0.004348
0.281869
0.005540
0.323499
0.307623
0.257023
0.065629
0.277883
0.537093
0.271218
0.069403
0.140882
0.043111
0.109987
0.040741
0.139460
0.043001
0.273914
0.457293
0.050621
0.036881
0.615673
0.135569
0.024352
0.005588
0.288021
0.268655
0.029811
0.436132
0.401256
0.304648
0.319970
0.276479
0.077901
0.313303
0.414287
0.549499
0.186628
0.389898
0.169584
0.088647
0.078480
0.399215
0.215359
0.269734
0.353421
0.201000
0.073325
0.712044
0.546286
0.372271
0.277775
0.375814
0.143071
0.246162
0.148429
0.140463
0.332561
0.002744
0.398765
0.247529
0.292470
0.182219
0.109082
0.276662
0.051929
0.419527
0.229141
0.019455
0.027319
0.125453
0.370423
0.620050
0.038765
0.319086
0.478980
0.294125
0.063108
0.405784
0.127744
0.383654
0.030060
0.466790
0.215986
0.445119
0.334288
0.091762
0.034870
0.274540
0.015387
0.474963
0.410967
0.229973
0.218827
0.197490
0.304325
0.216245
0.535970
0.152307
0.330339
0.046019
0.010383
0.075676
0.010930
0.227177
0.039318
0.284263
0.576802
0.043282
0.106932
0.325235
0.248998
0.113412
0.287881
0.030923
0.640939
0.048279
0.519932
0.190475
0.370914
0.357782
0.340516
0.229283
0.030551
0.047693
0.085599
0.312257
0.190154
0.068334
0.268083
0.074137
0.267247
0.479343
0.213430
0.044769
0.303494
0.291353
0.185527
0.181084
0.097157
0.584843
0.141019
0.250470
0.223109
0.006818
0.475088
0.232577
0.398990
0.209662
0.107934
0.236665
0.242235
0.215408
0.378036
0.161980
0.171832
0.345451
0.194516
0.106394
0.150923
0.308157
0.607439
0.216438
0.506671
0.063245
0.320581
0.305892
0.068371
0.578575
0.267051
0.101836
0.032185
0.207570
0.000609
0.158987
0.532312
0.056228
0.052702
0.053524
0.307093
0.582191
0.213130
0.090535
0.214858
0.300850
0.634717
0.311534
0.326829
0.416653
0.123028
0.169767
0.129667
0.610386
0.337446
0.263833
0.294878
0.390590
0.564812
0.396023
0.197639
0.353085
0.173523
0.235892
0.236532
0.040423
0.283809
0.065334
0.151740
0.210823
0.235772
0.092387
0.084154
0.203324
0.157136
0.175033
0.055376
0.012320
0.294326
0.345254
0.578923
0.235894
0.311321
0.514203
0.535563
0.287021
0.181074
0.677248
0.367557
0.142564
0.417353
0.080508
0.214281
0.110283
0.096839
0.131741
0.845646
0.415914
0.208091
0.044220
0.531631
0.168039
0.494863
0.561803
0.184222
0.208684
0.184845
0.175674
0.062953
0.571268
0.063898
0.032659
0.065797
0.008173
0.205808
0.517916
0.459057
0.129226
0.391584
0.210765
0.439207
0.651361
0.154310
0.240639
0.137062
0.347804
0.116663
0.495940
0.338278
0.208362
0.007830
0.046676
0.060268
0.566513
0.333193
0.117781
0.179419
0.434969
0.379059
0.429694
0.318369
0.217576
0.337594
0.183336
0.240751
0.675939
0.203609
0.526063
0.386827
0.155180
0.564120
0.274542
0.255262
0.630459
0.205408
0.066139
0.306591
0.189833
0.663891
0.032863
0.333895
0.011200
0.470925
0.327327
0.030170
0.631492
0.032109
0.032319
0.288375
0.442976
0.476055
0.084961
0.361251
0.765222
0.025327
0.029190
0.617059
0.214622
0.051644
0.129290
0.298334
0.380672
0.502639
0.119275
0.133349
0.240524
0.136486
0.453673
0.649352
0.014770
0.097313
0.401594
0.155125
0.108927
0.261745
0.006735
0.248840
0.001759
0.008385
0.441560
0.263623
0.535692
0.687510
0.437120
0.171700
0.039577
0.019167
0.216418
0.095030
0.286503
0.375710
0.221552
0.112618
0.314342
0.415640
0.105238
0.150858
0.165406
0.459737
0.381692
0.287513
0.093980
0.117236
0.209063
0.200483
0.151118
0.262025
0.473276
0.137682
0.039835
0.472929
0.313566
0.117447
0.250173
0.225566
0.322248
0.195811
0.271615
0.012437
0.043200
0.126830
0.342645
0.585528
0.272599
0.458667
0.300929
0.069428
0.267787
0.194587
0.784016
0.219803
0.222161
0.304175
0.165140
0.142268
0.350196
0.021010
0.241483
0.010521
0.388622
0.212174
0.283571
0.177123
0.005853
0.179963
0.249054
0.559217
0.054714
0.036505
0.242251
0.570648
0.248686
0.233716
0.023391
0.336883
0.295240
0.135915
0.149957
0.388139
0.318581
0.161439
0.192540
0.371660
0.168527
0.420874
0.529183
0.280131
0.439105
0.165728
0.048885
0.150110
0.343235
0.140032
0.227641
0.494026
0.124458
0.102536
0.058931
0.056920
0.599868
0.502426
0.020051
0.022702
0.103132
0.255417
0.253437
0.489413
0.092716
0.618426
0.497746
0.129271
0.584760
0.270218
0.148082
0.402983
0.471253
0.439545
0.057131
0.563482
0.161622
0.004547
0.294706
0.080189
0.521341
0.386236
0.685062
0.190589
0.134807
0.152787
0.067841
0.095261
0.670339
0.057807
0.393860
0.384995
0.370342
0.355604
0.368175
0.261254
0.531207
0.186837
0.101754
0.119081
0.190604
0.238716
0.216430
0.499586
0.480491
0.041736
0.170492
0.590747
0.378993
0.362639
0.094230
0.176166
0.478296
0.207716
0.133041
0.189684
0.529478
0.343936
0.136182
0.583577
0.300365
0.082597
0.107323
0.312246
0.713523
0.150320
0.014958
0.128410
0.172039
0.463454
0.453223
0.344770
0.221413
0.635153
0.078865
0.032179
0.675052
0.001532
0.057946
0.656882
0.205147
0.239104
0.133788
0.589340
0.385027
0.215907
0.066914
0.047975
0.507030
0.012036
0.159268
0.059351
0.248958
0.217442
0.022347
0.376520
0.439165
0.028338
0.273367
0.019167
0.179569
0.211901
0.041500
0.275348
0.052872
0.299387
0.041225
0.452328
0.022890
0.067323
0.275024
0.144189
0.085359
0.091684
0.142618
0.169414
0.587784
0.348763
0.331041
0.572122
0.242459
0.452482
0.311840
0.164133
0.324031
0.366216
0.121776
0.445300
0.552437
0.085049
0.099095
0.137427
0.237940
0.673205
0.375025
0.281229
0.189357
0.048034
0.260744
0.165137
0.585969
0.065887
0.288861
0.016720
0.343411
0.122114
0.135696
0.576433
0.393684
0.211331
0.038019
0.135579
0.250272
0.115915
0.591850
0.246153
0.585186
0.321556
0.040928
0.073582
0.199632
0.413762
0.208933
0.367367
0.263971
0.293249
0.356929
0.161150
0.022148
0.246783
0.355658
0.111709
0.276468
0.057320
0.227306
0.209149
0.200838
0.143782
0.034881
0.236096
0.128965
0.306765
0.689273
0.146467
0.640199
0.497797
0.094867
0.138462
0.106222
0.320342
0.250519
0.089523
0.333889
0.313105
0.092659
0.183520
0.090302
0.372832
0.219809
0.462879
0.164624
0.467032
0.348506
0.504735
0.387284
0.085583
0.079328
0.033863
0.229317
0.324636
0.260052
0.263898
0.142371
0.506534
0.311020
0.255002
0.488624
0.138980
0.136388
0.167862
0.083545
0.291946
0.090862
0.135160
0.078142
0.347043
0.103133
0.195526
0.001762
0.429310
0.016369
0.357482
0.333197
0.072702
0.565162
0.358040
0.548453
0.118139
0.101841
0.274806
0.509517
0.247615
0.075438
0.117842
0.102193
0.094678
0.099845
0.109515
0.339046
0.152048
0.154814
0.502471
0.361037
0.022907
0.415247
0.068582
0.331979
0.010659
0.299915
0.105023
0.240288
0.102031
0.055559
0.104429
0.335206
0.194338
0.321976
0.058382
0.204706
0.127961
0.016292
0.415552
0.315484
0.196548
0.299772
0.406689
0.075128
0.287467
0.431545
0.220784
0.529814
0.468930
0.313455
0.277731
0.107216
0.166410
0.462123
0.353968
0.076425
0.514503
0.044853
0.307237
0.314873
0.441408
0.082457
0.423462
0.262042
0.115774
0.083948
0.123720
0.259256
0.375377
0.524079
0.016373
0.370701
0.307217
0.107999
0.340174
0.187695
0.251711
0.119901
0.365772
0.162241
0.063108
0.212684
0.187654
0.094685
0.243199
0.365292
0.285487
0.272796
0.377378
0.307245
0.094743
0.211112
0.096989
0.735616
0.357369
0.107953
0.144068
0.128657
0.344446
0.062632
0.321145
0.007747
0.404148
0.104087
0.065268
0.547718
0.375079
0.379274
0.089046
0.349610
0.086920
0.339350
0.475339
0.159598
0.188173
0.125502
0.678076
0.218417
0.011551
0.122267
0.519059
0.022335
0.059785
0.222839
0.152566
0.422101
0.288836
0.694922
0.373911
0.064500
0.506827
0.348721
0.376935
0.043536
0.402258
0.176571
0.151837
0.258792
0.072490
0.209298
0.398975
0.139975
0.007962
0.270318
0.025641
0.393045
0.502645
0.705531
0.203686
0.096915
0.312297
0.202012
0.110656
0.036664
0.028599
0.188146
0.122005
0.091500
0.214990
0.011029
0.054651
0.290675
0.542486
0.119760
0.425198
0.050979
0.300091
0.187242
0.495943
0.127582
0.116835
0.351863
0.158903
0.020980
0.038041
0.292422
0.312941
0.142722
0.362484
0.441915
0.466360
0.232845
0.474749
0.228849
0.039284
0.482836
0.633465
0.400303
0.436464
0.248374
0.281653
0.207141
0.600400
0.034032
0.034489
0.272802
0.283602
0.052183
0.152508
0.285310
0.095053
0.015975
0.340808
0.067240
0.490743
0.185000
0.006034
0.186401
0.279472
0.081912
0.356896
0.392960
0.043964
0.156342
0.463454
0.340294
0.421636
0.039448
0.130533
0.259951
0.039253
0.122985
0.659160
0.236235
0.344654
0.074559
0.198096
0.357469
0.316460
0.013429
0.290601
0.513032
0.180612
0.014215
0.203799
0.506456
0.666656
0.451152
0.381575
0.251726
0.331393
0.256601
0.221448
0.255062
0.135076
0.298558
0.319622
0.052504
0.522831
0.348133
0.325704
0.100034
0.128124
0.065254
0.059631
0.563417
0.263874
0.297228
0.315532
0.268949
0.100768
0.413080
0.195694
0.610504
0.317112
0.161731
0.135452
0.190793
0.061411
0.316365
0.319560
0.345427
0.064780
0.051929
0.325851
0.318105
0.476702
0.376208
0.115363
0.371472
0.164042
0.293081
0.018149
0.432334
0.522543
0.101725
0.441766
0.329265
0.435983
0.155205
0.288904
0.182992
0.251499
0.486970
0.419015
0.165713
0.443400
0.187880
0.402796
0.158709
0.360958
0.329518
0.436512
0.405022
0.272244
0.152899
0.223109
0.408977
0.497912
0.297302
0.219621
0.062369
0.401226
0.611330
0.159256
0.344271
0.066270
0.254415
0.004655
0.274022
0.029120
0.329313
0.335082
0.542206
0.377704
0.469077
0.046357
0.272762
0.278729
0.124741
0.348194
0.243569
0.154551
0.177760
0.258741
0.120274
0.014152
0.245688
0.344475
0.264539
0.739127
0.423050
0.195096
0.070716
0.139653
0.045364
0.068882
0.166145
0.183806
0.011718
0.092578
0.204811
0.011681
0.254335
0.511332
0.301355
0.092342
0.025600
0.005918
0.626796
0.329961
0.345664
0.011900
0.458842
0.056528
0.496362
0.199409
0.110977
0.173809
0.209925
0.654468
0.298961
0.014375
0.041076
0.352715
0.156831
0.087004
0.155505
0.619814
0.136482
0.387481
0.175154
0.001125
0.157043
0.004058
0.560649
0.343203
0.099708
0.375824
0.579560
0.678887
0.158118
0.369116
0.530731
0.103472
0.197328
0.054698
0.202175
0.457517
0.254109
0.229998
0.227998
0.207477
0.405206
0.248009
0.167107
0.306000
0.213431
0.243575
0.169367
0.260879
0.003122
0.224459
0.521946
0.243008
0.072765
0.119528
0.111956
0.067930
0.231845
0.333766
0.019314
0.298634
0.428706
0.044242
0.039319
0.590539
0.136208
0.025896
0.049077
0.229044
0.199730
0.026731
0.417212
0.430430
0.422724
0.412613
0.269612
0.060282
0.359172
0.321340
0.511714
0.037833
0.490412
0.058791
0.161905
0.207888
0.521401
0.125360
0.141676
0.293012
0.297858
0.008205
0.765864
0.545083
0.260307
0.418554
0.515188
0.153339
0.062440
0.164953
0.171958
0.184929
0.065278
0.243475
0.267238
0.468770
0.097507
0.138435
0.092411
0.128044
0.286853
0.200650
0.014349
0.023545
0.147094
0.428792
0.525879
0.015191
0.176079
0.559000
0.262809
0.060917
0.545877
0.043198
0.337166
0.032406
0.461661
0.144510
0.422378
0.319582
0.096657
0.084015
0.241537
0.021041
0.532452
0.487670
0.074777
0.246787
0.081375
0.234586
0.108407
0.431561
0.129108
0.206097
0.115189
0.047248
0.245024
0.151164
0.160426
0.034756
0.242541
0.521230
0.094580
0.169213
0.397732
0.095209
0.098561
0.202019
0.114737
0.666315
0.124837
0.449449
0.247110
0.381163
0.277024
0.332772
0.077249
0.102711
0.011763
0.068518
0.182622
0.231577
0.095347
0.230773
0.092872
0.226847
0.521342
0.212999
0.057913
0.165269
0.325709
0.081039
0.189333
0.294527
0.702764
0.195530
0.234759
0.216898
0.024867
0.421037
0.218433
0.402303
0.213207
0.183291
0.431096
0.275864
0.224458
0.208673
0.051567
0.127303
0.351054
0.194260
0.116569
0.189097
0.240464
0.516128
0.080395
0.350480
0.039559
0.262306
0.262418
0.055198
0.575151
0.122881
0.246665
0.118318
0.268654
0.061380
0.021707
0.632044
0.108147
0.214282
0.087515
0.548169
0.365028
0.194721
0.068280
0.148551
0.203964
0.550518
0.329410
0.258703
0.322521
0.195839
0.155525
0.044435
0.557573
0.304758
0.342318
0.272054
0.423634
0.440802
0.310862
0.098256
0.291124
0.163568
0.285808
0.164558
0.184826
0.327563
0.074759
0.035960
0.297603
0.287192
0.130098
0.137257
0.342238
0.172673
0.236776
0.126849
0.015031
0.237498
0.393651
0.475369
0.250034
0.354166
0.422508
0.552463
0.335750
0.186130
0.622958
0.321580
0.072388
0.279987
0.203234
0.275949
0.149735
0.017438
0.079930
0.653955
0.406327
0.152308
0.059857
0.465476
0.081154
0.601290
0.415699
0.087240
0.035547
0.245600
0.162833
0.037705
0.485318
0.101053
0.077277
0.080045
0.196214
0.123408
0.396228
0.513560
0.070010
0.320200
0.197563
0.413512
0.604687
0.117237
0.252338
0.002924
0.376115
0.174802
0.358662
0.249743
0.146657
0.000215
0.073317
0.047870
0.537685
0.250483
0.062406
0.204508
0.319495
0.172251
0.617417
0.089826
0.157932
0.194947
0.380872
0.273827
0.668434
0.074207
0.543127
0.298701
0.119016
0.509377
0.262879
0.329516
0.487140
0.253327
0.046179
0.283096
0.182471
0.532807
0.008929
0.351018
0.016047
0.575469
0.495928
0.032719
0.700231
0.058285
0.174658
0.352216
0.450529
0.574606
0.009314
0.334621
0.729104
0.042376
0.070138
0.622981
0.269710
0.078192
0.132760
0.252948
0.213874
0.394633
0.061263
0.214076
0.262772
0.076233
0.380665
0.564936
0.228173
0.036757
0.359280
0.010742
0.237651
0.139341
0.075031
0.127335
0.115148
0.026964
0.388695
0.097569
0.537481
0.458834
0.558864
0.182765
0.038881
0.041566
0.337719
0.067635
0.267858
0.356174
0.307856
0.025653
0.204516
0.503577
0.114311
0.203903
0.068294
0.329405
0.399731
0.302524
0.352829
0.098810
0.434261
0.316674
0.149602
0.254435
0.532916
0.140429
0.125097
0.528353
0.227131
0.280173
0.185327
0.159753
0.421864
0.192742
0.281079
0.083607
0.156366
0.157477
0.415675
0.507548
0.170199
0.435109
0.317492
0.038344
0.209432
0.252630
0.773591
0.184134
0.037335
0.302644
0.207342
0.107088
0.356837
0.028006
0.111394
0.242536
0.463730
0.124699
0.253423
0.304214
0.089313
0.108255
0.174391
0.488729
0.016123
0.074004
0.153194
0.448509
0.094823
0.191117
0.005633
0.456614
0.242587
0.183962
0.116922
0.300377
0.470726
0.113541
0.213976
0.376999
0.166776
0.360890
0.431244
0.212667
0.536710
0.292172
0.006239
0.111289
0.409410
0.001554
0.290474
0.475772
0.134039
0.092204
0.259917
0.017057
0.601832
0.502660
0.033108
0.097882
0.147192
0.340260
0.254277
0.583688
0.064545
0.563160
0.547038
0.010263
0.425553
0.361254
0.119853
0.322619
0.362550
0.339570
0.000818
0.615596
0.181593
0.041760
0.249831
0.018076
0.477223
0.307852
0.548545
0.278089
0.052639
0.036632
0.121769
0.043556
0.669785
0.041956
0.358823
0.422252
0.284183
0.364061
0.455149
0.134680
0.610688
0.238306
0.209493
0.197867
0.101119
0.298733
0.291461
0.504107
0.604777
0.212521
0.137701
0.572549
0.359043
0.460150
0.066386
0.259051
0.405186
0.139377
0.137916
0.134436
0.563328
0.325761
0.253001
0.638810
0.282605
0.203605
0.146575
0.263355
0.551889
0.008492
0.023357
0.168509
0.092399
0.451051
0.420995
0.087909
0.410099
0.422871
0.022072
0.206703
0.660262
0.114726
0.131442
0.604199
0.081561
0.108759
0.132384
0.600338
0.213208
0.165179
0.007939
0.062115
0.432766
0.126467
0.009091
0.056396
0.237853
0.089741
0.076174
0.509043
0.296326
0.020190
0.194777
0.021873
0.219161
0.268248
0.015765
0.179870
0.110972
0.351274
0.016531
0.445432
0.057030
0.179469
0.397266
0.122700
0.112491
0.048292
0.091385
0.191566
0.393382
0.325894
0.149589
0.595144
0.092396
0.480463
0.322012
0.300922
0.374058
0.319749
0.075012
0.350798
0.575187
0.062733
0.107424
0.097835
0.214562
0.529848
0.351406
0.292978
0.020643
0.031504
0.360829
0.152307
0.524408
0.041212
0.202823
0.202466
0.316467
0.098958
0.014711
0.533340
0.302423
0.247952
0.168435
0.064722
0.183182
0.024226
0.568047
0.346041
0.551046
0.315341
0.087843
0.089364
0.121207
0.362941
0.183699
0.286595
0.060876
0.423993
0.403062
0.059679
0.020124
0.387302
0.457936
0.030093
0.358940
0.128610
0.266592
0.343291
0.166503
0.106393
0.043547
0.266618
0.134873
0.284053
0.640631
0.014150
0.433966
0.431343
0.059506
0.007040
0.103267
0.216255
0.192045
0.103810
0.154635
0.352455
0.002305
0.207939
0.135510
0.335459
0.145439
0.426357
0.219425
0.380642
0.413633
0.580438
0.425583
0.043088
0.185356
0.122152
0.237728
0.466812
0.246029
0.272474
0.012398
0.229574
0.272996
0.405415
0.306270
0.080389
0.108081
0.136976
0.092472
0.311014
0.132369
0.256071
0.079522
0.246908
0.067974
0.221936
0.079040
0.456670
0.020331
0.272536
0.308743
0.029181
0.661754
0.202126
0.496132
0.090216
0.170672
0.139780
0.467463
0.327534
0.155438
0.242097
0.022932
0.123114
0.117723
0.054005
0.102464
0.063831
0.094861
0.482183
0.413560
0.051329
0.490798
0.228026
0.353652
0.065038
0.404477
0.102937
0.118638
0.064126
0.227065
0.145088
0.335335
0.253846
0.192165
0.127825
0.148791
0.200477
0.100040
0.511416
0.439463
0.121556
0.206817
0.447151
0.186765
0.373062
0.395643
0.239136
0.571387
0.451094
0.320026
0.241904
0.160017
0.107527
0.368237
0.406290
0.047247
0.648663
0.101860
0.323614
0.406411
0.345232
0.112654
0.517363
0.224518
0.162203
0.057844
0.072126
0.132476
0.488092
0.576381
0.059152
0.245713
0.187948
0.145911
0.504150
0.162062
0.075938
0.166255
0.331794
0.174374
0.205414
0.142292
0.194208
0.045965
0.294262
0.476701
0.298544
0.205497
0.286058
0.347917
0.045112
0.369722
0.143065
0.632283
0.296992
0.002141
0.178680
0.225114
0.335511
0.187628
0.267556
0.137318
0.318454
0.101472
0.097808
0.514094
0.463936
0.211691
0.233587
0.408225
0.034735
0.289133
0.288820
0.197528
0.042849
0.246587
0.702896
0.226742
0.056308
0.058506
0.544881
0.047202
0.060885
0.338203
0.179597
0.319163
0.365792
0.695777
0.420750
0.031600
0.423348
0.206384
0.328462
0.062162
0.413378
0.340539
0.148078
0.154012
0.103507
0.221002
0.440936
0.108723
0.187160
0.273516
0.091753
0.446514
0.642326
0.726810
0.198093
0.142678
0.293414
0.191903
0.137470
0.063675
0.048208
0.134130
0.112937
0.124943
0.203696
0.159149
0.015621
0.434016
0.458633
0.152347
0.386067
0.051593
0.362349
0.063713
0.422315
0.149162
0.104153
0.364538
0.182071
0.004687
0.141889
0.145028
0.211421
0.024464
0.270613
0.471960
0.334441
0.383751
0.386615
0.392248
0.274703
0.470402
0.549811
0.469007
0.410717
0.310034
0.236297
0.120239
0.434025
0.085368
0.119405
0.182284
0.183348
0.053722
0.371200
0.237500
0.047043
0.065056
0.390330
0.061190
0.397654
0.227604
0.083593
0.082895
0.327913
0.146691
0.416070
0.331310
0.068344
0.157396
0.274709
0.128231
0.493681
0.104316
0.191288
0.316700
0.133639
0.129546
0.696983
0.211477
0.213878
0.052021
0.193973
0.283207
0.278517
0.012218
0.097433
0.625771
0.211029
0.000825
0.190791
0.472553
0.655360
0.437423
0.374139
0.256468
0.311393
0.305959
0.134927
0.233984
0.212757
0.440344
0.206160
0.070353
0.599177
0.399768
0.304414
0.011556
0.120471
0.012163
0.027890
0.540421
0.344096
0.148503
0.246469
0.197880
0.155127
0.326065
0.223941
0.625727
0.296485
0.046832
0.007716
0.424056
0.238915
0.355961
0.360799
0.283230
0.223815
0.167952
0.171291
0.225440
0.522095
0.484061
0.055120
0.431068
0.197580
0.243017
0.058421
0.481267
0.447813
0.074227
0.278039
0.415886
0.457300
0.183241
0.291888
0.293272
0.240946
0.419699
0.349497
0.226295
0.444331
0.127843
0.414910
0.203054
0.434544
0.239455
0.473191
0.522917
0.233526
0.204152
0.325611
0.374337
0.316035
0.156028
0.335691
0.079160
0.400076
0.539987
0.194058
0.365796
0.203551
0.131016
0.106170
0.341079
0.107303
0.445789
0.259613
0.555773
0.281724
0.461345
0.019413
0.252588
0.279207
0.103862
0.193507
0.322186
0.083579
0.317306
0.437222
0.041647
0.143109
0.412699
0.325736
0.377645
0.613682
0.548904
0.185293
0.129045
0.084532
0.001225
0.017817
0.051049
0.233736
0.123540
0.074195
0.208217
0.072609
0.233071
0.523598
0.220503
0.102274
0.058623
0.021224
0.637781
0.390087
0.474842
0.139237
0.497267
0.149486
0.448562
0.071773
0.285538
0.245548
0.057776
0.634035
0.318292
0.128591
0.064061
0.415992
0.352311
0.167553
0.073253
0.646637
0.305188
0.331573
0.201496
0.020177
0.076708
0.101283
0.471297
0.485045
0.074190
0.357011
0.486104
0.760174
0.146224
0.310109
0.472686
0.132712
0.237654
0.129269
0.082766
0.443776
0.275673
0.257978
0.365322
0.311447
0.361801
0.367728
0.270516
0.282331
0.334067
0.008250
0.005382
0.315079
0.074944
0.145912
0.446473
0.227300
0.102191
0.038803
0.145964
0.096664
0.286482
0.508051
0.012008
0.310386
0.322004
0.083638
0.088969
0.413812
0.104638
0.034036
0.132717
0.177714
0.102182
0.061060
0.391665
0.392612
0.508333
0.513935
0.239135
0.079535
0.380602
0.212297
0.362871
0.047654
0.561670
0.071542
0.197912
0.310761
0.598045
0.000646
0.067253
0.198612
0.400261
0.022314
0.688314
0.498051
0.157865
0.504103
0.579985
0.095287
0.125202
0.193217
0.089624
0.075614
0.147017
0.023135
0.299671
0.568823
0.024295
0.188075
0.067872
0.197546
0.127820
0.100980
0.002515
0.016641
0.238294
0.472944
0.429320
0.047874
0.085375
0.536716
0.261826
0.203888
0.540791
0.227564
0.214612
0.078069
0.403019
0.049670
0.450069
0.348733
0.032001
0.061239
0.268138
0.013253
0.500258
0.541632
0.018391
0.342789
0.079816
0.117144
0.039022
0.322423
0.116309
0.116168
0.142236
0.141367
0.357919
0.289583
0.084235
0.117432
0.152816
0.439524
0.228927
0.078480
0.360699
0.017891
0.112189
0.053939
0.140432
0.600416
0.226181
0.318075
0.274510
0.407369
0.221359
0.311920
0.088273
0.178342
0.003067
0.228822
0.077529
0.298080
0.092004
0.220784
0.053127
0.160476
0.442236
0.219899
0.153293
0.019497
0.298215
0.050860
0.190841
0.396923
0.712862
0.210870
0.173601
0.203952
0.066546
0.361913
0.180085
0.323597
0.239462
0.291151
0.494927
0.272532
0.246725
0.086608
0.007820
0.073306
0.365441
0.160889
0.132558
0.276601
0.229193
0.353957
0.132603
0.210797
0.185907
0.184578
0.227704
0.047386
0.527553
0.000143
0.386791
0.162756
0.359354
0.121719
0.106730
0.668944
0.151933
0.272749
0.192046
0.648306
0.160921
0.094804
0.038780
0.070996
0.092355
0.366664
0.293721
0.211333
0.236777
0.257691
0.136170
0.075611
0.481679
0.232521
0.352305
0.226962
0.344919
0.357532
0.169185
0.066114
0.278170
0.132893
0.343924
0.136929
0.351637
0.375516
0.056556
0.001645
0.368516
0.349290
0.117593
0.223282
0.364872
0.166161
0.227742
0.191611
0.016942
0.189743
0.397434
0.324181
0.254041
0.379998
0.292119
0.472185
0.296294
0.227180
0.504794
0.219720
0.066137
0.170157
0.254586
0.344172
0.152357
0.018310
0.039751
0.415713
0.437075
0.082049
0.117626
0.453177
0.298156
0.547555
0.239266
0.095327
0.119811
0.177016
0.132675
0.057993
0.417913
0.015584
0.123669
0.123837
0.315192
0.021847
0.256650
0.545553
0.022633
0.225623
0.219156
0.418282
0.466817
0.081479
0.254908
0.136858
0.348087
0.242254
0.266715
0.134629
0.051936
0.018581
0.176182
0.162490
0.484268
0.170741
0.016758
0.167437
0.260258
0.014098
0.741426
0.159991
0.081738
0.059594
0.568605
0.255754
0.559665
0.056333
0.514862
0.186628
0.067319
0.364084
0.161291
0.328262
0.414503
0.277679
0.012029
0.229145
0.166009
0.386691
0.081112
0.334140
0.096131
0.558465
0.555143
0.074301
0.645734
0.150907
0.435634
0.427941
0.439386
0.634815
0.052361
0.248492
0.598462
0.103981
0.146409
0.517162
0.377831
0.041839
0.080699
0.147969
0.072629
0.264818
0.075518
0.241366
0.265907
0.032070
0.336228
0.462721
0.375660
0.033579
0.303694
0.172422
0.344093
0.059251
0.172693
0.089605
0.195444
0.019005
0.277804
0.024025
0.455154
0.216344
0.576410
0.193175
0.131814
0.153607
0.385320
0.008814
0.263262
0.278033
0.246310
0.089140
0.122632
0.652212
0.116552
0.225934
0.116602
0.163424
0.394915
0.267154
0.491717
0.091189
0.685063
0.393315
0.126194
0.305603
0.586156
0.181970
0.286667
0.536480
0.200831
0.424443
0.181797
0.146094
0.412619
0.175073
0.288484
0.202700
0.355462
0.146829
0.431852
0.396923
0.111420
0.320633
0.269422
0.006781
0.111063
0.216050
0.612673
0.147346
0.096409
0.376777
0.219320
0.032490
0.379481
0.120284
0.032452
0.423379
0.510153
0.033609
0.205849
0.403821
0.177225
0.014894
0.119191
0.432400
0.019366
0.153033
0.026512
0.302030
0.069237
0.063366
0.018973
0.590884
0.194680
0.271718
0.096311
0.203792
0.641844
0.275904
0.217401
0.323976
0.218807
0.302121
0.294910
0.100933
0.618813
0.365059
0.045356
0.129955
0.444565
0.157750
0.397688
0.432899
0.162880
0.258399
0.439066
0.034362
0.574712
0.563260
0.115802
0.191123
0.175464
0.339410
0.368393
0.567700
0.054838
0.505053
0.524713
0.014646
0.203270
0.476236
0.087402
0.258492
0.235472
0.322119
0.108218
0.515783
0.232576
0.124187
0.102204
0.153979
0.428879
0.190274
0.328007
0.295253
0.030445
0.262100
0.229359
0.113549
0.533217
0.185921
0.359697
0.444926
0.170104
0.341810
0.491476
0.047680
0.605465
0.184824
0.300053
0.233925
0.108194
0.278655
0.255110
0.520737
0.623469
0.409708
0.115135
0.529873
0.330439
0.499051
0.004721
0.300852
0.304195
0.024830
0.184986
0.153723
0.519774
0.229136
0.323312
0.605445
0.268390
0.236864
0.067130
0.197621
0.365009
0.175696
0.052458
0.192986
0.028006
0.363591
0.309885
0.177750
0.545986
0.241358
0.060979
0.324308
0.556172
0.161911
0.188640
0.535274
0.014317
0.002364
0.115769
0.556849
0.020640
0.225227
0.215970
0.143573
0.289735
0.242137
0.155593
0.138431
0.159863
0.026755
0.103463
0.489950
0.132561
0.074684
0.132107
0.004239
0.254077
0.291047
0.002826
0.062761
0.179839
0.386715
0.075797
0.361872
0.097192
0.339362
0.471344
0.089376
0.162245
0.021795
0.102518
0.272425
0.182735
0.260801
0.025221
0.569806
0.131624
0.496630
0.268374
0.458911
0.384833
0.268495
0.042051
0.278072
0.572550
0.025695
0.033691
0.028324
0.206872
0.340218
0.245059
0.269046
0.170279
0.078830
0.436659
0.001467
0.364790
0.149030
0.178560
0.323326
0.332618
0.077447
0.003070
0.436545
0.216011
0.223818
0.226478
0.011422
0.130957
0.099841
0.424197
0.495680
0.426891
0.330775
0.201844
0.130876
0.139699
0.308305
0.165085
0.190468
0.157091
0.494260
0.414262
0.096473
0.023158
0.497780
0.524347
0.012716
0.403014
0.181373
0.224570
0.441587
0.150822
0.001706
0.071906
0.299607
0.088218
0.257666
0.526897
0.170832
0.231503
0.344148
0.055709
0.187061
0.070296
0.092345
0.106313
0.332810
0.030307
0.351066
0.060317
0.195046
0.180060
0.350820
0.112861
0.247974
0.290140
0.213972
0.488976
0.597167
0.443560
0.005964
0.294835
0.250694
0.329233
0.535714
0.123712
0.219873
0.138724
0.008542
0.196147
0.487159
0.024683
0.045115
0.155064
0.063415
0.137099
0.317720
0.148763
0.396227
0.086792
0.170181
0.021363
0.302345
0.136396
0.391737
0.008589
0.195599
0.248458
0.072212
0.677493
0.063505
0.438557
0.022923
0.236101
0.072110
0.379074
0.379505
0.260123
0.298412
0.020807
0.178170
0.219634
0.007501
0.222412
0.096640
0.007830
0.457040
0.402418
0.060518
0.544347
0.362224
0.315905
0.025220
0.497083
0.122577
0.018179
0.026544
0.400831
0.208728
0.297583
0.288725
0.126135
0.221007
0.209632
0.251217
0.215326
0.538249
0.566960
0.053003
0.165328
0.408792
0.298785
0.487890
0.382052
0.307825
0.477774
0.438630
0.265680
0.245594
0.234016
0.061474
0.244813
0.380441
0.134012
0.697037
0.211060
0.373958
0.413462
0.282534
0.111439
0.633518
0.182277
0.208919
0.142805
0.051442
0.017788
0.485784
0.665942
0.147558
0.187094
0.065247
0.168268
0.561100
0.048723
0.122716
0.170867
0.368919
0.170857
0.256159
0.088980
0.293878
0.032690
0.252948
0.572911
0.340976
0.178725
0.178741
0.350504
0.015990
0.516905
0.157201
0.468724
0.253509
0.123903
0.223480
0.330334
0.385518
0.466223
0.138614
0.345687
0.190511
0.072079
0.193245
0.408891
0.476475
0.047354
0.324108
0.497110
0.077708
0.165533
0.099577
0.221633
0.036184
0.298684
0.612972
0.264221
0.194605
0.019732
0.523408
0.129600
0.065529
0.454252
0.177560
0.202685
0.413519
0.605376
0.366370
0.132673
0.270521
0.079748
0.288362
0.065350
0.384779
0.506284
0.196694
0.110640
0.147983
0.207937
0.455678
0.130810
0.343650
0.231893
0.102349
0.473098
0.715830
0.592400
0.219832
0.199408
0.147517
0.187905
0.071265
0.120952
0.134168
0.046934
0.050872
0.162153
0.262284
0.302709
0.019880
0.485274
0.390343
0.130127
0.286716
0.149343
0.339346
0.110739
0.277851
0.160246
0.076189
0.380389
0.190047
0.019694
0.173290
0.049015
0.127293
0.015055
0.093941
0.408215
0.134222
0.418481
0.252418
0.412222
0.412523
0.432907
0.364851
0.439443
0.376379
0.390046
0.166894
0.111817
0.278590
0.173431
0.174937
0.152346
0.076540
0.123432
0.486564
0.142788
0.111287
0.151159
0.472515
0.026870
0.297633
0.242507
0.172461
0.025040
0.350883
0.178920
0.460599
0.341845
0.035696
0.075623
0.100864
0.088683
0.540180
0.137619
0.186693
0.247640
0.274697
0.113911
0.563139
0.143778
0.088705
0.019111
0.153295
0.162948
0.194638
0.011417
0.084207
0.688883
0.189365
0.005305
0.232071
0.393646
0.544761
0.309173
0.296882
0.252809
0.202391
0.336298
0.139366
0.176922
0.270437
0.560598
0.062880
0.145605
0.573527
0.383078
0.202271
0.081054
0.091383
0.044771
0.066749
0.513982
0.359012
0.056272
0.264952
0.171280
0.153910
0.250061
0.279710
0.645531
0.171632
0.077691
0.111600
0.674682
0.357847
0.354632
0.459076
0.243183
0.334649
0.264949
0.035207
0.085893
0.440160
0.504393
0.207119
0.377215
0.284861
0.150418
0.070640
0.468761
0.380542
0.017965
0.050721
0.478307
0.433430
0.185113
0.261204
0.369574
0.173925
0.336045
0.243767
0.190233
0.413471
0.131496
0.419690
0.260679
0.513700
0.097819
0.436672
0.570957
0.164717
0.271086
0.421326
0.285406
0.127615
0.066470
0.428645
0.086542
0.368817
0.505758
0.210333
0.332639
0.321844
0.057578
0.214524
0.345436
0.141407
0.459804
0.226653
0.474286
0.178730
0.301482
0.118926
0.266062
0.272952
0.052511
0.062486
0.362298
0.042366
0.461481
0.550343
0.062610
0.246201
0.560582
0.278372
0.452566
0.431285
0.678474
0.187330
0.158289
0.037673
0.052332
0.019284
0.047518
0.191553
0.179434
0.113430
0.236917
0.145167
0.119965
0.459017
0.129856
0.105474
0.119180
0.072006
0.536341
0.388388
0.512253
0.261536
0.511821
0.272522
0.405547
0.118589
0.420024
0.347726
0.116511
0.582471
0.233631
0.276538
0.106809
0.439451
0.512180
0.174319
0.030291
0.639032
0.431653
0.243008
0.278223
0.065357
0.072763
0.188864
0.312006
0.519374
0.038706
0.302454
0.405815
0.695104
0.162170
0.167379
0.348997
0.131068
0.280700
0.204297
0.010923
0.342545
0.284377
0.285281
0.484747
0.422439
0.261836
0.421337
0.210564
0.249604
0.333953
0.277567
0.135604
0.348274
0.141988
0.062834
0.404197
0.198491
0.102569
0.064028
0.086010
0.167721
0.301968
0.600173
0.120927
0.251169
0.223144
0.153604
0.139355
0.243180
0.062488
0.124560
0.183157
0.153285
0.072453
0.044671
0.326977
0.365992
0.561102
0.509180
0.248434
0.136182
0.309876
0.130570
0.188211
0.208622
0.547528
0.119400
0.224746
0.373920
0.664355
0.119200
0.027557
0.088669
0.470777
0.005977
0.528116
0.435779
0.158115
0.537248
0.592604
0.017609
0.304295
0.282910
0.050443
0.002699
0.182988
0.151859
0.267042
0.650455
0.145387
0.247172
0.209616
0.204113
0.044825
0.051103
0.064780
0.040584
0.330122
0.458485
0.259998
0.164112
0.066140
0.395413
0.262858
0.400122
0.403097
0.379190
0.010002
0.092675
0.325909
0.040269
0.480728
0.370642
0.049983
0.016361
0.334390
0.129327
0.358818
0.477601
0.037507
0.430974
0.204837
0.044002
0.048932
0.269533
0.097455
0.090290
0.119272
0.191510
0.488176
0.425210
0.029414
0.187270
0.108418
0.332643
0.290652
0.051736
0.265656
0.022754
0.084189
0.174326
0.220668
0.513473
0.256016
0.121000
0.259968
0.395756
0.163290
0.253669
0.208729
0.173559
0.014355
0.419284
0.019326
0.345597
0.077186
0.300973
0.010384
0.179903
0.284594
0.207217
0.222002
0.058793
0.248141
0.023762
0.238212
0.456869
0.539650
0.222043
0.015808
0.222391
0.190906
0.317334
0.112762
0.284545
0.165672
0.392420
0.509302
0.282067
0.265773
0.028125
0.084196
0.086100
0.365358
0.094932
0.137714
0.288936
0.221131
0.183528
0.316815
0.120751
0.407086
0.168264
0.141373
0.049117
0.477415
0.036976
0.497193
0.180939
0.439794
0.172079
0.223811
0.606458
0.187563
0.349157
0.307529
0.689297
0.021026
0.064781
0.005790
0.053319
0.029229
0.184450
0.213853
0.130961
0.183156
0.206635
0.115603
0.140619
0.361808
0.146688
0.380878
0.239004
0.226678
0.237842
0.106319
0.002938
0.245091
0.114997
0.431540
0.084866
0.527081
0.367539
0.045991
0.045032
0.399525
0.391824
0.051782
0.246447
0.474081
0.096953
0.231264
0.305859
0.044980
0.121167
0.241885
0.242500
0.191115
0.330709
0.114365
0.301348
0.169997
0.296152
0.358355
0.115702
0.131038
0.144362
0.242211
0.362343
0.170512
0.043619
0.132430
0.150555
0.500880
0.061718
0.144136
0.405706
0.523481
0.391415
0.085369
0.305687
0.300429
0.078467
0.045447
0.229108
0.292467
0.085688
0.093276
0.154210
0.370650
0.083892
0.161139
0.495612
0.066635
0.204703
0.195488
0.374317
0.279051
0.060953
0.233843
0.266769
0.346721
0.182661
0.137003
0.104847
0.043501
0.096631
0.363405
0.305644
0.434018
0.058051
0.017176
0.082980
0.137416
0.090331
0.666647
0.432680
0.008825
0.000255
0.704042
0.255527
0.398284
0.218894
0.419703
0.072802
0.057661
0.302548
0.033549
0.340462
0.262487
0.315153
0.121063
0.182643
0.079596
0.172469
0.126876
0.324413
0.203570
0.481735
0.538531
0.163910
0.451209
0.224294
0.591975
0.475281
0.421225
0.625540
0.089636
0.168615
0.389602
0.186597
0.284408
0.407428
0.431243
0.089064
0.084852
0.041409
0.066376
0.194329
0.211743
0.244661
0.268555
0.129075
0.222573
0.356884
0.355882
0.089706
0.316794
0.435351
0.471286
0.066641
0.259129
0.024422
0.337383
0.064022
0.253655
0.099428
0.342570
0.037754
0.480525
0.233264
0.218517
0.267596
0.436759
0.064699
0.266825
0.213250
0.181349
0.161298
0.066188
0.755643
0.100007
0.296828
0.251106
0.090921
0.456405
0.226827
0.542848
0.149322
0.688078
0.418411
0.119507
0.362126
0.575384
0.205730
0.341463
0.479081
0.237265
0.473772
0.248474
0.273041
0.297790
0.057256
0.256098
0.342717
0.522474
0.154219
0.409575
0.233371
0.063840
0.227849
0.249860
0.120036
0.008184
0.107401
0.418186
0.089478
0.180822
0.404206
0.303771
0.117188
0.405904
0.201498
0.150321
0.481966
0.594729
0.014741
0.129053
0.501084
0.216268
0.162368
0.079867
0.422966
0.124376
0.249171
0.151101
0.161694
0.171478
0.026746
0.065620
0.656554
0.132298
0.378126
0.100464
0.122221
0.669563
0.361902
0.171249
0.215264
0.224245
0.273421
0.151343
0.054684
0.633972
0.484518
0.073466
0.123316
0.461980
0.309704
0.489645
0.290709
0.163753
0.374998
0.607751
0.105744
0.526941
0.660693
0.253471
0.244511
0.255124
0.341754
0.447824
0.498917
0.016993
0.397574
0.459665
0.056907
0.042621
0.517035
0.029942
0.174798
0.158157
0.354187
0.149708
0.465807
0.270358
0.247340
0.054771
0.408108
0.347465
0.046125
0.200499
0.372140
0.031073
0.416946
0.224982
0.154680
0.424890
0.326174
0.309304
0.417321
0.045487
0.256608
0.512316
0.028657
0.435517
0.116959
0.275752
0.121144
0.069054
0.262856
0.133635
0.491324
0.591109
0.540094
0.039096
0.501678
0.271862
0.438663
0.028549
0.349430
0.208728
0.117760
0.197729
0.218730
0.457343
0.111276
0.254169
0.516434
0.225993
0.235788
0.082749
0.157821
0.206637
0.320495
0.069008
0.248652
0.026152
0.262839
0.233238
0.402295
0.633425
0.076258
0.109058
0.322707
0.407585
0.211558
0.211098
0.431923
0.029242
0.054930
0.126809
0.489179
0.261653
0.366633
0.420870
0.235229
0.203998
0.377941
0.275900
0.212664
0.051464
0.001944
0.076301
0.374512
0.074133
0.157453
0.027087
0.059945
0.204939
0.325318
0.043193
0.035097
0.262363
0.465609
0.176969
0.245625
0.192675
0.459764
0.527505
0.016832
0.242832
0.008824
0.113567
0.342445
0.018781
0.203169
0.086941
0.574591
0.311698
0.454233
0.179107
0.539715
0.401276
0.165471
0.019061
0.135939
0.463609
0.036978
0.089315
0.033428
0.136662
0.176814
0.137837
0.229009
0.321235
0.135731
0.447380
0.185528
0.193365
0.232546
0.126845
0.397503
0.361778
0.093247
0.001217
0.295805
0.149725
0.151344
0.307791
0.047807
0.091804
0.188312
0.201764
0.518814
0.284305
0.291204
0.323371
0.141302
0.200349
0.226324
0.143206
0.105294
0.334111
0.516034
0.381475
0.243444
0.081686
0.563299
0.549818
0.045619
0.449670
0.225313
0.126868
0.515860
0.186925
0.149396
0.161318
0.305506
0.047456
0.230773
0.348569
0.350322
0.036178
0.213637
0.158340
0.283832
0.030091
0.031978
0.070240
0.531988
0.227208
0.343684
0.098530
0.159010
0.208372
0.310106
0.038701
0.030833
0.258448
0.008970
0.560257
0.502332
0.438765
0.094263
0.292385
0.458529
0.410219
0.594097
0.036399
0.214633
0.263859
0.235182
0.121189
0.542220
0.261872
0.005167
0.173017
0.046972
0.154683
0.318945
0.171735
0.543036
0.064166
0.107859
0.082024
0.388807
0.210816
0.357350
0.082428
0.148456
0.126554
0.059729
0.609561
0.023538
0.379503
0.095278
0.344268
0.039498
0.266332
0.387404
0.438711
0.413395
0.023560
0.160485
0.298032
0.051867
0.495325
0.227187
0.047374
0.392876
0.379691
0.020736
0.568728
0.439505
0.270578
0.003126
0.508418
0.177068
0.071857
0.021539
0.540855
0.149255
0.237572
0.365939
0.102414
0.258678
0.318978
0.282815
0.229305
0.500331
0.629288
0.203123
0.035626
0.301669
0.404420
0.554764
0.424113
0.258536
0.363146
0.377209
0.117367
0.260571
0.309078
0.085837
0.132357
0.271479
0.179585
0.647905
0.190243
0.405287
0.385327
0.236884
0.019070
0.715568
0.133524
0.253848
0.168612
0.078503
0.053670
0.415950
0.658726
0.232560
0.166015
0.079610
0.160187
0.567840
0.005365
0.281295
0.164776
0.311777
0.216714
0.128002
0.062187
0.406651
0.105380
0.180118
0.524576
0.264645
0.126648
0.111040
0.406852
0.006259
0.573950
0.183996
0.228597
0.218716
0.212751
0.290686
0.374535
0.350869
0.615579
0.014883
0.480029
0.073766
0.027117
0.278549
0.356160
0.383709
0.116644
0.321479
0.575799
0.153589
0.050478
0.064680
0.176930
0.107157
0.272575
0.490109
0.291321
0.268634
0.057395
0.471379
0.273932
0.036344
0.525038
0.201834
0.129560
0.465050
0.505800
0.295361
0.242557
0.125205
0.041581
0.239274
0.090637
0.378214
0.598107
0.191499
0.100717
0.162186
0.196004
0.429801
0.197298
0.429775
0.128361
0.084370
0.418495
0.714982
0.365977
0.187754
0.239429
0.095224
0.221780
0.010973
0.238395
0.246701
0.012926
0.053619
0.231375
0.272637
0.404473
0.010704
0.459693
0.302712
0.050529
0.203896
0.158131
0.318329
0.141882
0.154197
0.143215
0.092767
0.400568
0.194308
0.006059
0.170544
0.024528
0.041914
0.090122
0.157010
0.334313
0.026045
0.410405
0.133266
0.367525
0.494219
0.381975
0.088690
0.418090
0.453284
0.400580
0.090101
0.143257
0.180213
0.199724
0.153791
0.106507
0.011038
0.190358
0.476246
0.090952
0.145081
0.239220
0.579009
0.001705
0.193893
0.190540
0.218187
0.170688
0.359699
0.147337
0.450849
0.329766
0.093012
0.039025
0.086285
0.280745
0.542077
0.117268
0.146946
0.174414
0.421994
0.065517
0.341743
0.159824
0.056104
0.006945
0.095408
0.070978
0.037616
0.077830
0.193418
0.590967
0.122734
0.135010
0.287703
0.324562
0.431267
0.215119
0.285672
0.178848
0.108631
0.383097
0.173006
0.100171
0.266890
0.555962
0.098296
0.161861
0.453965
0.287312
0.050250
0.203385
0.109142
0.046046
0.148294
0.472742
0.256077
0.251564
0.228767
0.192752
0.149991
0.217809
0.310669
0.629465
0.050050
0.258179
0.189370
0.829754
0.337638
0.317522
0.485222
0.195960
0.326193
0.363192
0.162614
0.023513
0.365432
0.511021
0.216152
0.296318
0.300586
0.112912
0.111352
0.430096
0.337205
0.086332
0.100520
0.511536
0.419346
0.129646
0.216865
0.393260
0.074564
0.280504
0.121065
0.116531
0.415964
0.070720
0.465034
0.261033
0.486888
0.042541
0.395934
0.632345
0.085614
0.333628
0.447424
0.142757
0.021973
0.011951
0.522964
0.097577
0.358793
0.461917
0.316705
0.396022
0.414406
0.258752
0.299504
0.368330
0.153460
0.429670
0.127367
0.417947
0.096022
0.147863
0.202484
0.214330
0.301759
0.023705
0.058510
0.378062
0.066275
0.445646
0.610660
0.102722
0.259076
0.581119
0.209206
0.521370
0.272837
0.705271
0.144175
0.143775
0.247115
0.079569
0.059218
0.150641
0.147714
0.128370
0.198898
0.277580
0.136726
0.039516
0.338215
0.012955
0.064593
0.170888
0.137371
0.406488
0.331010
0.534682
0.442041
0.562997
0.313184
0.332570
0.349261
0.500852
0.446864
0.265700
0.440932
0.165641
0.424568
0.139853
0.429671
0.497282
0.198864
0.124872
0.545569
0.562581
0.146911
0.384794
0.051380
0.065370
0.220517
0.109167
0.495653
0.019011
0.239127
0.309667
0.540823
0.227163
0.023309
0.218881
0.034811
0.384649
0.307977
0.110717
0.370965
0.246320
0.269170
0.577795
0.492260
0.214914
0.403385
0.215130
0.218919
0.236873
0.546523
0.207266
0.388461
0.194119
0.039329
0.358086
0.182966
0.114614
0.141845
0.034717
0.264432
0.207232
0.608856
0.216727
0.149406
0.090010
0.189266
0.132022
0.061411
0.064909
0.282706
0.208130
0.221963
0.071342
0.040305
0.287833
0.281310
0.504521
0.427501
0.278570
0.146384
0.140903
0.070152
0.011259
0.267008
0.473557
0.177177
0.190410
0.347930
0.710212
0.149777
0.008516
0.007395
0.582397
0.036056
0.283695
0.382574
0.192455
0.499046
0.546831
0.072442
0.398712
0.338256
0.224986
0.092542
0.148779
0.236636
0.190967
0.600484
0.283622
0.286124
0.246846
0.182440
0.029612
0.012929
0.101999
0.108689
0.488491
0.420157
0.135832
0.294201
0.077456
0.183637
0.263217
0.590266
0.147009
0.538399
0.201073
0.133428
0.173810
0.121715
0.498548
0.347856
0.123854
0.126940
0.495509
0.232931
0.146746
0.358922
0.031846
0.526007
0.304074
0.021957
0.119295
0.206363
0.136610
0.072435
0.012060
0.221612
0.544592
0.437490
0.146392
0.254421
0.088235
0.231364
0.363308
0.218721
0.126654
0.004252
0.087907
0.370826
0.298046
0.374543
0.242869
0.049474
0.213259
0.385517
0.148427
0.206560
0.234666
0.119607
0.032439
0.562134
0.025193
0.386781
0.052949
0.352252
0.097603
0.217828
0.083561
0.256941
0.201221
0.041319
0.089087
0.073699
0.307272
0.427844
0.374888
0.183686
0.171737
0.203378
0.386285
0.255894
0.024540
0.190615
0.118448
0.492972
0.422493
0.316081
0.276627
0.041407
0.105456
0.144377
0.410813
0.011270
0.140220
0.346524
0.238405
0.008874
0.439337
0.072190
0.560301
0.183018
0.148660
0.081893
0.433394
0.015498
0.575217
0.186478
0.527161
0.217341
0.286060
0.487285
0.158177
0.329201
0.366855
0.672089
0.161717
0.267012
0.006458
0.033046
0.010725
0.037395
0.136171
0.093126
0.142378
0.171138
0.119448
0.195139
0.177999
0.002467
0.380995
0.245884
0.056818
0.211213
0.024883
0.035406
0.239573
0.137180
0.513476
0.074185
0.542372
0.299760
0.051213
0.046188
0.455394
0.428437
0.048932
0.304381
0.577522
0.023366
0.233176
0.311688
0.059041
0.062710
0.001625
0.160944
0.062473
0.187963
0.001630
0.125593
0.014294
0.370947
0.206907
0.013174
0.173823
0.074713
0.161938
0.399786
0.169754
0.162319
0.212997
0.079840
0.574091
0.015754
0.099583
0.390876
0.650844
0.118296
0.057273
0.506318
0.374773
0.069328
0.024442
0.390918
0.232536
0.305936
0.058139
0.190197
0.324356
0.187697
0.108947
0.449451
0.128719
0.169313
0.165060
0.320585
0.160814
0.000406
0.146513
0.380334
0.313118
0.087594
0.053007
0.091731
0.117303
0.183603
0.595995
0.423086
0.383028
0.032538
0.006352
0.013010
0.083057
0.124676
0.495135
0.523367
0.041828
0.013564
0.672347
0.208738
0.258459
0.307129
0.340625
0.010248
0.006547
0.272699
0.143176
0.297653
0.134325
0.307438
0.205609
0.120508
0.006264
0.002000
0.182114
0.324915
0.377804
0.347999
0.404315
0.278052
0.265277
0.274705
0.692775
0.494706
0.344828
0.568584
0.095812
0.069960
0.234924
0.222915
0.404933
0.224745
0.438360
0.247951
0.291051
0.248306
0.162154
0.230682
0.419879
0.213191
0.267376
0.187752
0.137206
0.250960
0.265884
0.121236
0.288386
0.615153
0.555739
0.148133
0.369993
0.066077
0.431161
0.148374
0.224806
0.153443
0.162065
0.064995
0.299897
0.249673
0.332571
0.336097
0.425756
0.137561
0.289867
0.116986
0.085466
0.311500
0.087899
0.822344
0.105431
0.379116
0.371369
0.306457
0.429926
0.166249
0.449507
0.257939
0.635265
0.413395
0.098245
0.372574
0.455807
0.236576
0.377321
0.418769
0.310345
0.470753
0.317756
0.367264
0.125897
0.102338
0.255037
0.450324
0.637510
0.155461
0.390547
0.112095
0.014938
0.149004
0.159487
0.234503
0.105452
0.001531
0.302766
0.110309
0.133416
0.502414
0.334690
0.241705
0.495309
0.307467
0.200308
0.374711
0.657941
0.035868
0.052917
0.521816
0.248513
0.329124
0.065296
0.453078
0.197754
0.230343
0.361835
0.065397
0.277668
0.060775
0.061349
0.672534
0.026434
0.436707
0.090889
0.116988
0.553822
0.336550
0.134937
0.112211
0.259789
0.195499
0.038481
0.188222
0.549567
0.546864
0.115842
0.113502
0.403180
0.426204
0.616952
0.152990
0.159178
0.408335
0.627109
0.157112
0.411226
0.722026
0.351827
0.303817
0.308046
0.319295
0.548476
0.392125
0.078854
0.294621
0.246464
0.058293
0.073502
0.544186
0.006845
0.148691
0.084750
0.477629
0.184458
0.319265
0.258653
0.419943
0.168407
0.618488
0.264746
0.130589
0.070804
0.361881
0.076113
0.457187
0.181359
0.104725
0.298467
0.418964
0.248272
0.373971
0.025365
0.151868
0.453755
0.063304
0.240436
0.016554
0.230023
0.012007
0.116019
0.144037
0.019024
0.440387
0.502241
0.502728
0.026466
0.375548
0.240656
0.306965
0.022352
0.398545
0.093755
0.247535
0.257354
0.257911
0.366003
0.007523
0.160975
0.363054
0.193912
0.155001
0.221473
0.115248
0.072516
0.431002
0.053365
0.296917
0.009454
0.172054
0.102158
0.513781
0.609361
0.020036
0.156122
0.239837
0.281108
0.191322
0.143046
0.334550
0.078931
0.098774
0.109523
0.392549
0.470721
0.580620
0.609071
0.287598
0.137775
0.427965
0.254299
0.220736
0.003104
0.047427
0.039193
0.263949
0.253398
0.273709
0.024427
0.125299
0.117021
0.355491
0.053707
0.003203
0.286623
0.462697
0.260004
0.123881
0.285541
0.549542
0.533390
0.053331
0.343588
0.012548
0.157620
0.419329
0.096125
0.139796
0.147511
0.525670
0.431964
0.370635
0.059488
0.493728
0.332755
0.014613
0.062950
0.071401
0.368564
0.094586
0.290866
0.087585
0.164652
0.012971
0.033862
0.127692
0.428433
0.174970
0.464964
0.414433
0.001502
0.331559
0.158819
0.411539
0.477374
0.124270
0.129153
0.223616
0.096561
0.024589
0.371434
0.046692
0.062919
0.265743
0.030803
0.554862
0.105024
0.238114
0.344758
0.135161
0.291236
0.160163
0.214846
0.008827
0.448693
0.504808
0.303873
0.371513
0.138842
0.498062
0.569503
0.138962
0.429658
0.273187
0.027295
0.578990
0.243496
0.247120
0.262044
0.306574
0.068323
0.189627
0.225231
0.493498
0.037902
0.109684
0.313071
0.422273
0.066075
0.190637
0.253431
0.650427
0.369986
0.288692
0.109269
0.075570
0.223778
0.292462
0.038336
0.222779
0.207543
0.206863
0.582056
0.354838
0.461089
0.171010
0.265129
0.544168
0.492631
0.604872
0.225788
0.183161
0.277640
0.373472
0.079690
0.602330
0.521526
0.017886
0.225754
0.106017
0.193718
0.279891
0.141898
0.594026
0.028745
0.110223
0.136476
0.492144
0.259342
0.257642
0.221535
0.165778
0.037910
0.023229
0.479245
0.056975
0.287216
0.193111
0.430521
0.082765
0.145322
0.369955
0.612066
0.496345
0.098816
0.189938
0.347696
0.077794
0.701400
0.326340
0.092622
0.305881
0.345422
0.001079
0.504200
0.454669
0.149928
0.087859
0.486105
0.192854
0.171403
0.003204
0.616562
0.125327
0.184094
0.466875
0.087819
0.272878
0.442956
0.293077
0.198236
0.402970
0.615192
0.322775
0.004291
0.187854
0.513394
0.553182
0.493727
0.223045
0.248623
0.317310
0.020692
0.314248
0.442782
0.112864
0.018704
0.172336
0.115258
0.518526
0.147126
0.452403
0.320666
0.244258
0.107315
0.699554
0.038952
0.318697
0.137677
0.124956
0.025836
0.364962
0.606071
0.333764
0.203154
0.245729
0.212818
0.505012
0.058288
0.307240
0.116924
0.331850
0.268129
0.017574
0.038553
0.526535
0.181228
0.126492
0.464979
0.168041
0.093973
0.034592
0.457990
0.047391
0.655717
0.194297
0.075129
0.210568
0.215130
0.345922
0.472759
0.342976
0.677978
0.162357
0.551147
0.023361
0.032333
0.390998
0.338894
0.274885
0.241012
0.313353
0.587320
0.285643
0.092042
0.167097
0.103173
0.080888
0.196327
0.337390
0.325350
0.370666
0.117125
0.384874
0.350780
0.056170
0.543714
0.211770
0.068813
0.532339
0.386064
0.232164
0.303447
0.099113
0.094566
0.204003
0.048255
0.383730
0.636870
0.195831
0.081329
0.026554
0.201860
0.375503
0.334032
0.367066
0.010289
0.096619
0.276187
0.582773
0.230534
0.175425
0.339330
0.002579
0.263483
0.058205
0.325697
0.329640
0.057240
0.096602
0.323109
0.334056
0.483499
0.001179
0.346944
0.286498
0.065815
0.131973
0.198060
0.238232
0.214611
0.073318
0.177402
0.110807
0.469820
0.209698
0.036831
0.130940
0.043218
0.077880
0.102411
0.308152
0.259984
0.030596
0.294985
0.037601
0.255177
0.486654
0.361448
0.213892
0.319052
0.535127
0.367120
0.030839
0.211161
0.143861
0.127474
0.131106
0.080207
0.043720
0.227440
0.416662
0.005405
0.251208
0.327782
0.617831
0.038844
0.025879
0.095921
0.221243
0.317129
0.438053
0.046209
0.376752
0.307097
0.250966
0.205840
0.200852
0.402419
0.506977
0.142077
0.175464
0.088396
0.570267
0.029580
0.109643
0.216820
0.151708
0.021834
0.002731
0.003435
0.085323
0.164426
0.169624
0.458942
0.062241
0.292243
0.342685
0.214642
0.291768
0.145888
0.300307
0.016101
0.014533
0.326338
0.253013
0.023216
0.215372
0.511091
0.200726
0.211562
0.279355
0.188983
0.132340
0.383140
0.091556
0.144714
0.243707
0.429898
0.135602
0.401729
0.257249
0.291889
0.151020
0.212504
0.357394
0.630380
0.021096
0.362277
0.194920
0.879484
0.325762
0.248199
0.533943
0.181044
0.261752
0.386521
0.270788
0.106332
0.316735
0.451641
0.245456
0.192094
0.337272
0.108947
0.073617
0.286147
0.364496
0.188347
0.171793
0.538385
0.418847
0.016967
0.125485
0.390401
0.040952
0.241492
0.020122
0.000095
0.391514
0.007265
0.489821
0.244939
0.393650
0.179318
0.312784
0.557048
0.034979
0.440468
0.397936
0.005862
0.114091
0.008043
0.545277
0.111097
0.384492
0.432951
0.355132
0.356216
0.518547
0.443440
0.326637
0.366256
0.048648
0.352282
0.116903
0.340164
0.106369
0.037067
0.336497
0.213412
0.297000
0.058932
0.115089
0.378683
0.078017
0.425518
0.547915
0.158993
0.161630
0.479384
0.156885
0.462986
0.127999
0.694931
0.105474
0.102808
0.440664
0.090647
0.084874
0.195613
0.126172
0.011618
0.347934
0.217124
0.112323
0.065845
0.142888
0.070543
0.057823
0.193601
0.206808
0.247223
0.277005
0.448677
0.592686
0.523018
0.354699
0.271712
0.564382
0.467127
0.499487
0.339885
0.278651
0.052337
0.508565
0.156682
0.356787
0.429293
0.178926
0.209208
0.422015
0.614894
0.053574
0.431609
0.083360
0.096573
0.254425
0.108219
0.361384
0.052182
0.173163
0.247875
0.354284
0.333787
0.095645
0.159752
0.047293
0.434783
0.365459
0.185682
0.298967
0.200797
0.213266
0.622752
0.446751
0.139472
0.277471
0.162803
0.257245
0.110482
0.676104
0.266004
0.317693
0.118254
0.081623
0.364087
0.114586
0.072352
0.202985
0.196976
0.321883
0.102382
0.589872
0.406885
0.025363
0.050536
0.223087
0.133815
0.048497
0.212504
0.416200
0.200226
0.315111
0.025845
0.164777
0.229657
0.255420
0.364520
0.296248
0.371046
0.144587
0.003860
0.070766
0.097253
0.381127
0.432665
0.169817
0.192768
0.294937
0.635658
0.083734
0.019427
0.066199
0.629408
0.099285
0.011677
0.240611
0.270151
0.436605
0.493796
0.181788
0.404708
0.349171
0.380691
0.131590
0.107078
0.183654
0.032861
0.493045
0.405861
0.353762
0.253693
0.155046
0.031450
0.020308
0.180155
0.231299
0.547681
0.351735
0.010206
0.375945
0.116895
0.087915
0.240497
0.694708
0.100604
0.609701
0.371841
0.205095
0.003775
0.217405
0.437091
0.284369
0.166581
0.254181
0.590893
0.327364
0.029023
0.203467
0.009609
0.585416
0.314638
0.062882
0.159742
0.173564
0.187183
0.130720
0.106303
0.241670
0.512915
0.391604
0.214492
0.355153
0.118547
0.139819
0.339553
0.353883
0.061220
0.048949
0.109027
0.511027
0.345601
0.271502
0.171237
0.210492
0.161421
0.292314
0.187931
0.189955
0.231675
0.026389
0.076928
0.635800
0.028689
0.359731
0.016707
0.419940
0.178380
0.300057
0.057543
0.250883
0.110304
0.076266
0.098244
0.154356
0.410797
0.318457
0.203803
0.110797
0.346266
0.183164
0.606630
0.212237
0.054244
0.042390
0.008993
0.514651
0.287823
0.336800
0.314696
0.095712
0.073540
0.236020
0.419813
0.036245
0.106531
0.296390
0.194710
0.133158
0.444696
0.049322
0.620446
0.246545
0.176016
0.149093
0.388998
0.046198
0.573869
0.125405
0.568082
0.330715
0.328962
0.348682
0.182416
0.312347
0.405654
0.604064
0.245381
0.439017
0.031453
0.069309
0.041059
0.025528
0.088468
0.031410
0.142470
0.097496
0.164089
0.170999
0.035487
0.117861
0.401183
0.252023
0.103218
0.129586
0.046183
0.063108
0.211849
0.191753
0.554871
0.015562
0.480789
0.166498
0.077734
0.059327
0.478556
0.384873
0.114579
0.377325
0.676814
0.029117
0.234912
0.327110
0.114302
0.016453
0.320824
0.098341
0.121311
0.003846
0.077902
0.083283
0.134145
0.430777
0.111612
0.137968
0.216232
0.022686
0.096918
0.435802
0.217713
0.282255
0.205044
0.255674
0.558980
0.028791
0.013370
0.310738
0.700411
0.109115
0.142223
0.646503
0.438872
0.187877
0.073539
0.505245
0.138142
0.494408
0.059651
0.120242
0.242080
0.239422
0.097247
0.381150
0.211594
0.241983
0.058828
0.244377
0.081204
0.000424
0.014351
0.431256
0.314170
0.058658
0.033052
0.150293
0.205723
0.306543
0.730412
0.449580
0.319065
0.151402
0.021423
0.079975
0.016335
0.092741
0.315463
0.557926
0.077811
0.049380
0.554493
0.182418
0.193206
0.387154
0.240565
0.021176
0.052715
0.288611
0.313186
0.313792
0.043643
0.216103
0.285322
0.085669
0.075800
0.091617
0.231847
0.335874
0.491962
0.188903
0.184603
0.405542
0.085844
0.251188
0.650436
0.517508
0.231087
0.450922
0.020249
0.039192
0.095711
0.242634
0.508547
0.101101
0.358344
0.417398
0.466982
0.413784
0.255533
0.362409
0.601943
0.094546
0.279342
0.178092
0.051431
0.183390
0.075377
0.134164
0.238948
0.696699
0.555368
0.224520
0.440306
0.043194
0.591360
0.166570
0.218603
0.154730
0.048746
0.101433
0.148172
0.243920
0.404243
0.375308
0.373944
0.198118
0.264662
0.058485
0.037628
0.354500
0.134174
0.682526
0.124977
0.523163
0.376082
0.500180
0.380363
0.101324
0.241552
0.381640
0.477089
0.381229
0.058551
0.350776
0.212471
0.293291
0.367194
0.279494
0.338130
0.362084
0.353198
0.390757
0.083126
0.335769
0.213012
0.468231
0.682420
0.152640
0.358660
0.004647
0.069814
0.094385
0.148041
0.331137
0.181655
0.107121
0.198300
0.115771
0.002513
0.518258
0.350360
0.253353
0.578582
0.376240
0.149167
0.227043
0.713091
0.104955
0.032881
0.506609
0.251725
0.479452
0.056925
0.467821
0.273408
0.155747
0.541996
0.048142
0.274354
0.127159
0.087183
0.631430
0.054123
0.553502
0.078475
0.114734
0.344173
0.302310
0.077464
0.047342
0.238035
0.148488
0.050460
0.239386
0.459967
0.558645
0.096488
0.070545
0.334100
0.454394
0.636621
0.021526
0.117986
0.406892
0.631003
0.191085
0.292588
0.673344
0.422411
0.286811
0.348786
0.372504
0.594526
0.318041
0.184532
0.216630
0.053605
0.035510
0.060521
0.492418
0.057797
0.048078
0.120058
0.568766
0.152329
0.225910
0.264284
0.589107
0.214534
0.711678
0.169873
0.295550
0.020230
0.399639
0.150665
0.390652
0.090079
0.023762
0.280348
0.462352
0.213217
0.328244
0.089561
0.085976
0.396874
0.088755
0.055272
0.163726
0.184943
0.154045
0.138769
0.037845
0.010867
0.334538
0.447065
0.366700
0.011511
0.192735
0.238215
0.104355
0.072105
0.453637
0.008473
0.372542
0.317999
0.310416
0.311513
0.063684
0.030878
0.235237
0.187762
0.101202
0.268697
0.138257
0.021372
0.398355
0.018562
0.404445
0.005921
0.079814
0.033957
0.560592
0.523894
0.085189
0.193407
0.099350
0.185313
0.199610
0.041938
0.240447
0.147322
0.127082
0.136441
0.318239
0.611262
0.668685
0.648256
0.271476
0.145749
0.461828
0.182114
0.212775
0.055638
0.107248
0.058319
0.204569
0.369003
0.326207
0.141363
0.168478
0.034307
0.420361
0.053822
0.056397
0.292835
0.438455
0.299869
0.072173
0.370362
0.517980
0.538570
0.109689
0.457230
0.054648
0.149945
0.450287
0.134954
0.088291
0.225363
0.467487
0.396875
0.218272
0.069598
0.378342
0.253002
0.165693
0.144791
0.004597
0.206231
0.119165
0.469872
0.182516
0.214665
0.192437
0.019959
0.081846
0.480259
0.141578
0.422252
0.563602
0.151394
0.377368
0.167728
0.369871
0.518409
0.162565
0.200511
0.201153
0.097510
0.085213
0.453698
0.003320
0.024630
0.334750
0.247766
0.487363
0.001313
0.150823
0.315261
0.084884
0.368693
0.124095
0.288729
0.156245
0.444147
0.460357
0.190935
0.414466
0.155090
0.390384
0.492912
0.254976
0.371049
0.315175
0.035558
0.644870
0.301718
0.345421
0.390322
0.315702
0.215767
0.087146
0.151876
0.604670
0.040134
0.030489
0.460685
0.440284
0.139151
0.300234
0.457698
0.627016
0.393548
0.210328
0.045883
0.011331
0.235911
0.257013
0.052566
0.405794
0.093148
0.331043
0.541315
0.233293
0.416994
0.259948
0.204566
0.610906
0.542353
0.518815
0.347470
0.197871
0.245089
0.457483
0.056441
0.607748
0.699952
0.052786
0.249737
0.085987
0.234259
0.203069
0.078467
0.575858
0.044019
0.166531
0.253502
0.593682
0.264988
0.244515
0.289278
0.193075
0.232566
0.143950
0.384847
0.090050
0.221277
0.223688
0.507218
0.153577
0.031716
0.332533
0.745781
0.666469
0.133671
0.219413
0.384902
0.139240
0.778509
0.399920
0.095186
0.143103
0.297333
0.058204
0.441845
0.383402
0.077250
0.157908
0.389425
0.218355
0.264023
0.010450
0.610758
0.014032
0.213651
0.601842
0.065433
0.233805
0.518361
0.255298
0.037846
0.301351
0.543549
0.363519
0.080958
0.077662
0.488334
0.495738
0.551284
0.142767
0.114294
0.260626
0.146872
0.365354
0.551168
0.139004
0.034758
0.089834
0.011599
0.411405
0.005561
0.425986
0.187083
0.278505
0.294716
0.597515
0.034167
0.398059
0.088838
0.197348
0.043840
0.325562
0.513475
0.431962
0.210368
0.350347
0.306560
0.456831
0.090754
0.217940
0.093053
0.276573
0.359542
0.200907
0.028292
0.544141
0.225274
0.114709
0.317970
0.025321
0.028724
0.015772
0.504484
0.023365
0.717635
0.207128
0.089527
0.234255
0.134903
0.396359
0.573778
0.275354
0.583081
0.309263
0.508559
0.052447
0.112999
0.411280
0.329938
0.224680
0.308029
0.230600
0.511069
0.450335
0.126786
0.199321
0.053077
0.035357
0.101143
0.211215
0.337466
0.354927
0.211907
0.282732
0.392946
0.140320
0.568124
0.226590
0.014335
0.576297
0.311766
0.162726
0.306314
0.246871
0.090573
0.180571
0.051315
0.343313
0.553799
0.139525
0.049691
0.059582
0.174093
0.293201
0.424904
0.220618
0.067068
0.101051
0.100357
0.395732
0.117956
0.178790
0.415196
0.010142
0.317401
0.085825
0.374513
0.425429
0.031466
0.116116
0.399510
0.301154
0.516905
0.017843
0.232995
0.239932
0.176689
0.131827
0.189217
0.257606
0.138597
0.003967
0.152959
0.148223
0.497902
0.146556
0.131092
0.148846
0.097829
0.200055
0.167334
0.397663
0.197662
0.008499
0.168415
0.010148
0.205329
0.468431
0.318428
0.460338
0.270784
0.601975
0.288066
0.143529
0.276921
0.102668
0.062744
0.039012
0.080173
0.050635
0.184014
0.287212
0.012477
0.330741
0.407735
0.574071
0.024596
0.182389
0.041327
0.183258
0.452200
0.477946
0.081625
0.293618
0.252644
0.432726
0.313428
0.383724
0.447582
0.470120
0.179531
0.182754
0.078302
0.663536
0.080449
0.036993
0.326046
0.195105
0.073202
0.039810
0.004666
0.217956
0.237368
0.130482
0.282757
0.005830
0.526314
0.368571
0.133371
0.158813
0.135803
0.405143
0.180332
0.016179
0.265388
0.348175
0.010749
0.104128
0.400168
0.311308
0.231020
0.087936
0.083472
0.335149
0.555342
0.083654
0.287909
0.306417
0.332179
0.009009
0.491616
0.242710
0.383060
0.117431
0.232614
0.399732
0.624577
0.066492
0.479924
0.155229
0.824960
0.221079
0.172188
0.530939
0.179615
0.239828
0.372269
0.280635
0.067512
0.315600
0.323349
0.137100
0.104820
0.363727
0.141432
0.068393
0.144482
0.333153
0.241724
0.170592
0.493023
0.397589
0.135141
0.021200
0.420805
0.140015
0.280770
0.089572
0.125418
0.384945
0.111215
0.568216
0.157648
0.226634
0.241412
0.216621
0.477247
0.075404
0.508933
0.357635
0.193598
0.125435
0.063748
0.539072
0.133307
0.396214
0.355712
0.381722
0.378727
0.674614
0.678110
0.280740
0.362329
0.015346
0.300202
0.068589
0.268648
0.107940
0.259140
0.466787
0.164842
0.331872
0.120701
0.119913
0.345111
0.116347
0.265024
0.463495
0.150545
0.007789
0.303368
0.132998
0.329618
0.083360
0.477202
0.067516
0.054041
0.562315
0.086134
0.108029
0.216676
0.143117
0.234821
0.492045
0.136218
0.134163
0.146349
0.031097
0.113632
0.075497
0.205952
0.251910
0.087522
0.174106
0.419216
0.655873
0.475278
0.271662
0.185220
0.754065
0.386188
0.421462
0.352425
0.115639
0.010448
0.484365
0.120505
0.233580
0.317811
0.190994
0.229584
0.194725
0.631704
0.015376
0.441007
0.017008
0.134912
0.283304
0.242417
0.244136
0.159904
0.099860
0.172896
0.158148
0.408617
0.195699
0.116256
0.144619
0.475296
0.425387
0.211297
0.261328
0.202092
0.106329
0.561419
0.355351
0.108359
0.208427
0.157206
0.304555
0.024595
0.744202
0.304435
0.269348
0.072813
0.110147
0.359235
0.092747
0.017209
0.246657
0.331256
0.381443
0.121176
0.525824
0.542326
0.094359
0.260538
0.256458
0.157178
0.198345
0.385108
0.548304
0.170554
0.404554
0.018848
0.336059
0.218704
0.259819
0.170158
0.210108
0.511171
0.140756
0.068432
0.106613
0.123552
0.358659
0.387612
0.183570
0.126228
0.249029
0.465868
0.007397
0.008612
0.154249
0.629497
0.186073
0.180374
0.138395
0.285350
0.345713
0.397458
0.292376
0.319615
0.313537
0.552169
0.091177
0.065369
0.059011
0.096161
0.298783
0.410138
0.460708
0.210247
0.145298
0.034647
0.041319
0.198320
0.309435
0.691685
0.339743
0.063771
0.388415
0.159460
0.276919
0.212273
0.656601
0.267603
0.617376
0.486999
0.353211
0.175457
0.259030
0.353284
0.211403
0.171408
0.403781
0.567438
0.383593
0.161010
0.082335
0.127129
0.597687
0.251754
0.108206
0.192322
0.134037
0.273479
0.178279
0.218579
0.214671
0.428264
0.264155
0.226002
0.372632
0.156835
0.111453
0.290754
0.527474
0.262107
0.112601
0.229443
0.537670
0.263806
0.197089
0.043538
0.363872
0.108834
0.217179
0.282924
0.232944
0.202056
0.048321
0.125521
0.574206
0.063133
0.315099
0.026196
0.439124
0.211411
0.300010
0.201360
0.340978
0.024007
0.189251
0.301850
0.298421
0.520754
0.131989
0.111636
0.009794
0.445798
0.135388
0.708758
0.194333
0.075137
0.141898
0.124583
0.522566
0.055735
0.335026
0.371310
0.187415
0.014197
0.287046
0.460514
0.076912
0.063741
0.291038
0.147549
0.217782
0.425161
0.069367
0.521374
0.306997
0.204578
0.211020
0.303342
0.117399
0.500634
0.053531
0.603683
0.372180
0.316298
0.218790
0.132930
0.204340
0.379530
0.492889
0.279733
0.554747
0.016282
0.090417
0.136170
0.062619
0.043109
0.040626
0.147450
0.022659
0.229358
0.097779
0.077869
0.229150
0.363494
0.279601
0.273311
0.091195
0.023877
0.072548
0.201948
0.235596
0.550699
0.040242
0.338367
0.084226
0.053389
0.023271
0.572141
0.368050
0.177899
0.490703
0.580148
0.063149
0.188305
0.270118
0.178687
0.028742
0.581655
0.036208
0.341010
0.189200
0.009491
0.245270
0.237299
0.432147
0.026166
0.217644
0.214923
0.066749
0.009146
0.478461
0.283205
0.389736
0.160563
0.336018
0.569346
0.013081
0.166787
0.257441
0.557763
0.334739
0.179608
0.734393
0.406225
0.311484
0.050600
0.502608
0.102643
0.692646
0.215208
0.024981
0.133441
0.317577
0.128980
0.335634
0.261503
0.316404
0.011973
0.210942
0.078785
0.001504
0.060044
0.473855
0.259724
0.147361
0.055635
0.218693
0.291470
0.425986
0.621784
0.446579
0.196255
0.252775
0.093925
0.180356
0.025476
0.007166
0.161486
0.466187
0.087522
0.091831
0.386240
0.126597
0.132480
0.360519
0.201989
0.019238
0.101383
0.284972
0.440749
0.269692
0.120929
0.117440
0.309467
0.039652
0.095057
0.086846
0.268846
0.342944
0.607449
0.054476
0.041548
0.495674
0.030127
0.214006
0.481691
0.480690
0.066961
0.345605
0.085920
0.037125
0.060634
0.229018
0.517203
0.020609
0.275061
0.545208
0.562896
0.532187
0.303384
0.508255
0.788624
0.046813
0.293245
0.182268
0.030933
0.135334
0.078582
0.112681
0.102559
0.617980
0.455896
0.264814
0.524900
0.045938
0.644037
0.214022
0.160896
0.094409
0.065864
0.117857
0.053698
0.183775
0.465821
0.444766
0.241713
0.219905
0.278752
0.008898
0.024881
0.439972
0.273124
0.494012
0.196906
0.619028
0.300030
0.573882
0.263037
0.072147
0.012894
0.495726
0.377938
0.324004
0.020145
0.271428
0.046860
0.344741
0.271186
0.173379
0.327625
0.199778
0.345297
0.368990
0.322207
0.489618
0.217965
0.406710
0.608197
0.062482
0.322475
0.069643
0.096472
0.088722
0.117689
0.315917
0.204188
0.248674
0.158219
0.139994
0.199849
0.576162
0.348788
0.282934
0.666440
0.460295
0.066038
0.057331
0.653717
0.167508
0.083249
0.443259
0.223448
0.621719
0.084414
0.468052
0.293118
0.025525
0.705358
0.103181
0.220961
0.239133
0.104958
0.592020
0.129597
0.580344
0.069206
0.113446
0.147209
0.190208
0.022811
0.065302
0.198498
0.159004
0.072479
0.167368
0.389285
0.469568
0.132479
0.033284
0.250526
0.412508
0.599459
0.001978
0.102480
0.300618
0.551897
0.187037
0.107353
0.545917
0.413425
0.245003
0.346783
0.402463
0.597839
0.192163
0.211652
0.199412
0.145953
0.040907
0.025858
0.405280
0.061870
0.049227
0.201209
0.621151
0.096601
0.086823
0.286631
0.704539
0.250146
0.714674
0.150772
0.433043
0.119544
0.363641
0.273202
0.282751
0.052001
0.135234
0.250293
0.436351
0.268720
0.271558
0.161204
0.039342
0.298647
0.141243
0.007616
0.349472
0.112251
0.249646
0.314502
0.133666
0.025714
0.245678
0.418175
0.141286
0.075266
0.030042
0.299648
0.079931
0.206567
0.523591
0.063756
0.403458
0.420031
0.332522
0.277996
0.099496
0.042555
0.150686
0.224916
0.032689
0.279493
0.159195
0.074993
0.280863
0.098875
0.463876
0.041045
0.001921
0.071272
0.482610
0.366954
0.083355
0.233242
0.023747
0.121046
0.186327
0.127133
0.183345
0.225530
0.111763
0.133945
0.245410
0.622632
0.627809
0.578025
0.180409
0.207095
0.407297
0.016847
0.171266
0.098496
0.186883
0.123342
0.184176
0.399672
0.389747
0.174866
0.201827
0.097525
0.390959
0.009752
0.104980
0.180757
0.294948
0.249946
0.042066
0.389093
0.411940
0.416421
0.139649
0.506487
0.105985
0.152289
0.481574
0.124088
0.053397
0.236925
0.349661
0.339557
0.135679
0.160102
0.270528
0.133575
0.291316
0.276754
0.001828
0.127052
0.105828
0.618123
0.349227
0.342343
0.357511
0.001072
0.050177
0.546600
0.130969
0.358245
0.642907
0.255432
0.421391
0.235817
0.255996
0.504239
0.183340
0.321926
0.200926
0.104912
0.212528
0.442681
0.062933
0.073203
0.385527
0.448150
0.439881
0.055121
0.153664
0.223886
0.045030
0.443811
0.134562
0.417643
0.241427
0.374821
0.383707
0.096196
0.425282
0.172560
0.241892
0.342894
0.319756
0.240826
0.346381
0.114721
0.613487
0.296293
0.419352
0.479596
0.371601
0.319152
0.020776
0.131532
0.544843
0.048794
0.006036
0.568684
0.397865
0.186688
0.372513
0.585396
0.567832
0.306786
0.152582
0.012067
0.053350
0.126612
0.231359
0.125768
0.496849
0.033749
0.397562
0.438717
0.153611
0.311884
0.233457
0.212730
0.539050
0.607954
0.366553
0.407865
0.179777
0.173584
0.423762
0.027797
0.483439
0.692511
0.130606
0.343068
0.041486
0.279063
0.189489
0.052628
0.520404
0.105989
0.231943
0.311914
0.624145
0.228773
0.244615
0.342170
0.212857
0.345708
0.346772
0.271496
0.111113
0.145395
0.304835
0.498547
0.226055
0.044664
0.325202
0.709920
0.744738
0.187014
0.319273
0.452237
0.175127
0.747587
0.437496
0.072516
0.040925
0.237963
0.081428
0.379740
0.271407
0.038521
0.337821
0.298801
0.196764
0.252806
0.031073
0.533005
0.048811
0.252421
0.587258
0.050356
0.182592
0.530958
0.163445
0.089177
0.180455
0.454308
0.428831
0.040536
0.004415
0.373889
0.421604
0.495393
0.131522
0.003415
0.225835
0.199134
0.394214
0.631303
0.141820
0.076226
0.000334
0.180075
0.273331
0.117405
0.418897
0.009154
0.355707
0.432421
0.381320
0.079152
0.501743
0.002121
0.236304
0.154944
0.236680
0.430140
0.486881
0.214583
0.414083
0.386551
0.409521
0.140061
0.076371
0.086985
0.282237
0.461874
0.261466
0.044707
0.506719
0.259530
0.087283
0.184717
0.112765
0.013032
0.030490
0.450625
0.112829
0.651437
0.202553
0.155568
0.291068
0.119349
0.430489
0.621505
0.271646
0.437011
0.411207
0.464762
0.155777
0.203751
0.357921
0.304261
0.191369
0.291038
0.088037
0.381761
0.565027
0.187009
0.155905
0.025640
0.057884
0.034472
0.059862
0.333426
0.332582
0.223280
0.165853
0.380833
0.201718
0.569261
0.214800
0.015841
0.582998
0.213010
0.101592
0.284978
0.407527
0.101496
0.169880
0.049551
0.273495
0.410928
0.129173
0.050690
0.085120
0.127965
0.202610
0.503595
0.013717
0.107025
0.109258
0.077939
0.243939
0.030611
0.197856
0.514996
0.080269
0.358246
0.093808
0.364313
0.485624
0.004840
0.188217
0.513355
0.296826
0.463545
0.003027
0.098286
0.212511
0.283585
0.117898
0.175459
0.279073
0.099228
0.035748
0.117889
0.105361
0.502077
0.103215
0.236057
0.152463
0.085381
0.327507
0.114323
0.393447
0.120636
0.087049
0.018723
0.038691
0.104766
0.339386
0.312075
0.626915
0.231081
0.498268
0.166615
0.305930
0.309556
0.060953
0.001085
0.093333
0.099428
0.021696
0.107739
0.139837
0.021714
0.469298
0.439527
0.516561
0.003824
0.360749
0.107924
0.069334
0.544981
0.466759
0.207511
0.165077
0.226947
0.586413
0.353204
0.486872
0.345390
0.402648
0.232548
0.176663
0.073159
0.718113
0.165476
0.150360
0.433577
0.130624
0.112529
0.071851
0.015949
0.301582
0.299568
0.067200
0.164076
0.097461
0.694320
0.377479
0.085041
0.074411
0.130423
0.499005
0.308898
0.014149
0.181253
0.457225
0.069927
0.005844
0.285867
0.415657
0.279515
0.063827
0.045652
0.553154
0.642003
0.093949
0.358243
0.324566
0.223554
0.105777
0.511951
0.327610
0.486126
0.100813
0.282932
0.480077
0.586713
0.112938
0.580361
0.042741
0.646772
0.124448
0.090524
0.490351
0.225068
0.241172
0.349800
0.219509
0.023099
0.282661
0.166571
0.049568
0.015119
0.429155
0.195507
0.056395
0.010555
0.289733
0.258090
0.134324
0.413491
0.351719
0.308778
0.094840
0.418999
0.185071
0.304426
0.128310
0.259105
0.296296
0.151488
0.639092
0.097253
0.125336
0.231202
0.101604
0.330903
0.149541
0.576394
0.234338
0.342210
0.092173
0.181312
0.498391
0.202431
0.393496
0.317906
0.351606
0.356205
0.730602
0.772916
0.177350
0.359532
0.170522
0.212590
0.055368
0.166340
0.110997
0.405150
0.480658
0.231100
0.263595
0.139194
0.034750
0.279114
0.161532
0.157918
0.323556
0.182546
0.158308
0.085651
0.205584
0.086657
0.163241
0.210078
0.107971
0.037512
0.586040
0.053682
0.134324
0.245396
0.126239
0.450334
0.573177
0.082924
0.042756
0.257139
0.104609
0.073807
0.070307
0.186472
0.330347
0.037481
0.092328
0.344958
0.571482
0.409358
0.210358
0.156821
0.814086
0.237052
0.305618
0.297667
0.071134
0.026851
0.403220
0.079288
0.146151
0.205699
0.145268
0.236465
0.002980
0.540242
0.018785
0.391149
0.027126
0.248835
0.332499
0.273433
0.114095
0.304050
0.035541
0.173783
0.047108
0.439079
0.262670
0.130789
0.225261
0.461155
0.426550
0.184671
0.085444
0.253673
0.047903
0.401081
0.206751
0.070080
0.196186
0.121949
0.307432
0.180392
0.688012
0.323800
0.185106
0.045734
0.099156
0.369100
0.070555
0.052950
0.212392
0.428312
0.421267
0.317238
0.437010
0.598005
0.225133
0.374792
0.384528
0.267451
0.304789
0.548206
0.590352
0.112402
0.435822
0.003472
0.492866
0.244430
0.346372
0.016018
0.119589
0.614512
0.140067
0.013209
0.198997
0.056805
0.370388
0.309738
0.106755
0.095974
0.194574
0.324937
0.032317
0.030950
0.206068
0.585252
0.267984
0.290390
0.101833
0.356958
0.240386
0.332572
0.448909
0.245031
0.283784
0.696886
0.039853
0.037217
0.127400
0.320461
0.136934
0.333986
0.505894
0.105183
0.115086
0.022391
0.176685
0.199264
0.360677
0.690764
0.321748
0.095789
0.365035
0.233902
0.420473
0.183881
0.554578
0.271782
0.515296
0.466360
0.492758
0.246597
0.226927
0.265929
0.088237
0.158501
0.515831
0.404832
0.471810
0.219663
0.035355
0.216369
0.523916
0.142704
0.224838
0.264982
0.131703
0.354246
0.272740
0.284710
0.138425
0.311358
0.204518
0.241915
0.440562
0.268863
0.118853
0.170250
0.657982
0.473422
0.254679
0.340924
0.532980
0.162586
0.150177
0.121351
0.542827
0.102061
0.159535
0.389576
0.319498
0.154683
0.139103
0.167102
0.450401
0.113502
0.235124
0.052247
0.408465
0.197089
0.341371
0.292748
0.399871
0.095259
0.323989
0.415869
0.387941
0.577332
0.035681
0.020981
0.128188
0.543284
0.099081
0.683762
0.196809
0.053556
0.232290
0.327091
0.482810
0.172402
0.353768
0.372357
0.298811
0.039000
0.308197
0.429913
0.087155
0.052298
0.224698
0.100351
0.205452
0.359221
0.074555
0.391669
0.324248
0.186491
0.202089
0.204586
0.199189
0.372222
0.018743
0.528804
0.418468
0.277995
0.084461
0.129454
0.068002
0.286434
0.357941
0.213851
0.572990
0.027565
0.114599
0.174211
0.089861
0.024924
0.067288
0.177447
0.183847
0.330898
0.048942
0.183991
0.285397
0.295018
0.334829
0.319271
0.002476
0.026717
0.073907
0.153889
0.251564
0.494650
0.130699
0.302663
0.036164
0.050530
0.143433
0.620191
0.324543
0.181798
0.469831
0.451574
0.118303
0.131114
0.260016
0.245394
0.047556
0.776395
0.015541
0.552187
0.303176
0.027629
0.317032
0.261670
0.424557
0.044473
0.222038
0.224351
0.073281
0.071375
0.424651
0.360604
0.450999
0.042530
0.323887
0.532481
0.004368
0.387147
0.130802
0.384336
0.411514
0.178940
0.700004
0.315995
0.343931
0.052636
0.451516
0.041841
0.728151
0.383121
0.081799
0.021018
0.346778
0.203346
0.266247
0.335221
0.452568
0.061868
0.165671
0.095995
0.027595
0.099375
0.464829
0.252642
0.221296
0.048452
0.287702
0.265307
0.520464
0.379927
0.431136
0.020324
0.307933
0.214701
0.255605
0.007157
0.142453
0.039566
0.339972
0.062368
0.125954
0.246080
0.140687
0.099031
0.282464
0.155452
0.014115
0.083732
0.308659
0.352531
0.262486
0.129081
0.033783
0.245551
0.071578
0.114269
0.070423
0.227522
0.334752
0.609357
0.047301
0.247266
0.515435
0.113263
0.161072
0.208283
0.427169
0.033906
0.168672
0.185438
0.038306
0.057329
0.214351
0.468516
0.050791
0.117942
0.606983
0.564770
0.586378
0.269307
0.520847
0.816703
0.150944
0.311267
0.149718
0.020055
0.162660
0.258983
0.112306
0.010723
0.559529
0.305489
0.331326
0.558038
0.007106
0.637914
0.155439
0.157892
0.035837
0.117092
0.084730
0.006665
0.046780
0.462969
0.510383
0.139859
0.222094
0.294308
0.059577
0.012632
0.460415
0.428408
0.224419
0.212180
0.717460
0.154643
0.555706
0.144446
0.068089
0.178010
0.573389
0.197941
0.281569
0.088625
0.160140
0.217414
0.369614
0.061545
0.060954
0.264589
0.034626
0.275752
0.351506
0.471626
0.599030
0.151826
0.241858
0.512507
0.017828
0.258069
0.142718
0.174958
0.138930
0.173747
0.266907
0.219390
0.297570
0.137925
0.173684
0.342938
0.477337
0.433260
0.254174
0.632676
0.425891
0.038586
0.164633
0.545546
0.186526
0.106637
0.318056
0.127740
0.711321
0.077947
0.399699
0.334175
0.186234
0.732403
0.140460
0.089730
0.272835
0.154572
0.475473
0.185708
0.559924
0.045476
0.136922
0.056169
0.104849
0.020649
0.097533
0.066018
0.200315
0.066952
0.074925
0.336984
0.349409
0.197151
0.021828
0.225164
0.381816
0.411419
0.029944
0.082559
0.133192
0.505703
0.125263
0.086818
0.466751
0.315229
0.147251
0.371610
0.448671
0.444611
0.069464
0.237815
0.131411
0.265089
0.086843
0.067070
0.313786
0.056437
0.114268
0.345799
0.569353
0.015403
0.044598
0.314779
0.698101
0.232108
0.638953
0.177228
0.528259
0.085240
0.369376
0.364812
0.137738
0.238666
0.293225
0.236761
0.316455
0.341637
0.231084
0.193149
0.051434
0.267106
0.194140
0.009879
0.518343
0.025647
0.363293
0.412287
0.258249
0.048039
0.161465
0.405266
0.126882
0.185945
0.222732
0.364682
0.272931
0.346422
0.572871
0.109227
0.384378
0.517114
0.388256
0.169693
0.054746
0.113984
0.069660
0.302554
0.021978
0.292869
0.187649
0.077075
0.053900
0.166659
0.562041
0.090618
0.075847
0.106950
0.364467
0.232915
0.063216
0.259721
0.164544
0.078335
0.193372
0.284566
0.157955
0.269533
0.050166
0.178670
0.185407
0.514222
0.468436
0.366199
0.029090
0.375323
0.340523
0.131602
0.196012
0.174309
0.246453
0.125164
0.270025
0.441849
0.413576
0.187222
0.276150
0.165309
0.344542
0.011592
0.185988
0.135987
0.175318
0.149393
0.064380
0.444083
0.288359
0.281536
0.151321
0.556589
0.145248
0.126268
0.424684
0.000360
0.015519
0.226416
0.241550
0.193902
0.072580
0.213293
0.182622
0.096815
0.392997
0.369818
0.005617
0.016495
0.037152
0.669941
0.511326
0.420931
0.431335
0.000633
0.141533
0.590300
0.103127
0.237791
0.645263
0.313292
0.403051
0.294929
0.119310
0.423170
0.169954
0.368234
0.202007
0.217799
0.304299
0.434118
0.163413
0.133512
0.421593
0.566699
0.283616
0.013857
0.179319
0.156728
0.012565
0.436395
0.214593
0.489394
0.287519
0.185704
0.396545
0.035472
0.302985
0.141320
0.126114
0.167720
0.343581
0.175046
0.364983
0.184311
0.484159
0.321193
0.425777
0.532775
0.477014
0.378285
0.080485
0.099206
0.364237
0.136067
0.003169
0.594048
0.271397
0.213064
0.336278
0.668780
0.491304
0.205460
0.120174
0.073180
0.125925
0.075311
0.245758
0.212294
0.495990
0.051266
0.382054
0.341909
0.103160
0.201467
0.266775
0.166749
0.498986
0.606008
0.238069
0.385156
0.237687
0.052013
0.310248
0.017200
0.298817
0.504953
0.256733
0.378857
0.074153
0.283949
0.218539
0.194700
0.433842
0.165102
0.291359
0.362164
0.620558
0.181002
0.323713
0.360681
0.175792
0.435516
0.492164
0.225576
0.164824
0.095676
0.321092
0.476823
0.259426
0.089907
0.328522
0.602040
0.744608
0.184726
0.448060
0.445462
0.198175
0.551791
0.413994
0.011138
0.237107
0.185798
0.016096
0.337703
0.187709
0.057322
0.514344
0.176173
0.222549
0.169339
0.067923
0.415760
0.177073
0.360415
0.440119
0.067306
0.057824
0.451701
0.048378
0.286954
0.130525
0.380154
0.421804
0.002925
0.014194
0.163830
0.315923
0.346988
0.031963
0.126039
0.212711
0.248833
0.404815
0.638530
0.142567
0.105936
0.136820
0.336186
0.190950
0.280049
0.359142
0.161673
0.448535
0.533327
0.126358
0.090883
0.526064
0.135528
0.223726
0.260597
0.163890
0.340286
0.416818
0.148808
0.429953
0.461182
0.357759
0.115569
0.051364
0.097079
0.238242
0.530750
0.264639
0.068866
0.391931
0.242264
0.077638
0.027707
0.313268
0.002395
0.098402
0.444580
0.290611
0.549925
0.140809
0.227831
0.355348
0.113265
0.515482
0.582886
0.227212
0.307394
0.417804
0.384801
0.259932
0.249743
0.304086
0.254484
0.188898
0.245758
0.079813
0.211174
0.575558
0.164574
0.012583
0.112784
0.120802
0.001714
0.075249
0.290897
0.218200
0.219594
0.061478
0.372483
0.209249
0.513841
0.105345
0.053099
0.555853
0.207753
0.030255
0.252364
0.473995
0.129183
0.210721
0.099316
0.224426
0.182629
0.090683
0.110872
0.085451
0.010808
0.082567
0.513594
0.153770
0.064721
0.078841
0.172821
0.121348
0.078536
0.160485
0.538628
0.046049
0.384600
0.048861
0.324570
0.525367
0.099258
0.244384
0.548609
0.241668
0.343389
0.039212
0.043087
0.224944
0.360443
0.148160
0.118136
0.372386
0.072623
0.122788
0.066268
0.009395
0.488940
0.042960
0.361968
0.095352
0.041050
0.404414
0.059417
0.309567
0.101473
0.229300
0.098420
0.042937
0.037797
0.185309
0.291126
0.728248
0.198571
0.402375
0.059199
0.440578
0.322753
0.063273
0.063320
0.283207
0.123120
0.131345
0.065690
0.045779
0.003627
0.498836
0.412223
0.405724
0.043857
0.460260
0.152657
0.005707
0.561335
0.398088
0.278189
0.022897
0.199581
0.747330
0.262447
0.569274
0.185018
0.299304
0.284705
0.118862
0.194030
0.713167
0.211109
0.202758
0.528071
0.048729
0.138074
0.120805
0.029171
0.338705
0.331517
0.013089
0.033191
0.152119
0.750404
0.361919
0.024806
0.088936
0.213490
0.618986
0.447149
0.041089
0.135395
0.489820
0.116234
0.020193
0.202869
0.485549
0.277511
0.176900
0.171057
0.752168
0.620564
0.068338
0.433081
0.264411
0.138924
0.226325
0.412825
0.364515
0.520527
0.069460
0.322511
0.485467
0.480217
0.098976
0.630748
0.075394
0.404306
0.017197
0.046001
0.401231
0.271238
0.186609
0.337802
0.134068
0.090104
0.268400
0.012137
0.150297
0.120301
0.455105
0.231662
0.084340
0.088539
0.185420
0.223438
0.073358
0.319593
0.262417
0.518020
0.153347
0.385770
0.165619
0.327016
0.108681
0.387850
0.209554
0.163793
0.611495
0.004218
0.017491
0.188682
0.024025
0.233789
0.258531
0.674522
0.092635
0.466850
0.011016
0.311421
0.407835
0.260125
0.423722
0.262892
0.315863
0.377687
0.692421
0.732257
0.019547
0.339913
0.272901
0.178708
0.010704
0.100201
0.065515
0.491915
0.385258
0.271144
0.235722
0.116564
0.089941
0.267628
0.246925
0.048278
0.239545
0.217267
0.313740
0.066972
0.272865
0.150733
0.279857
0.084008
0.171644
0.035787
0.544246
0.038176
0.176635
0.327091
0.166008
0.601990
0.537733
0.099788
0.078638
0.262487
0.039220
0.004709
0.126843
0.123054
0.410029
0.126254
0.010210
0.260515
0.436606
0.382106
0.134031
0.160812
0.725270
0.086509
0.139712
0.223250
0.190991
0.003581
0.272697
0.003500
0.096355
0.033264
0.122580
0.165434
0.233620
0.491909
0.042410
0.340276
0.056922
0.338747
0.408914
0.248991
0.028229
0.435789
0.018185
0.196720
0.262454
0.391638
0.291821
0.146873
0.421059
0.471583
0.420250
0.158876
0.044113
0.309219
0.183488
0.228880
0.020368
0.080076
0.261219
0.172082
0.265865
0.339219
0.586739
0.332786
0.154712
0.067552
0.072202
0.369664
0.110968
0.089611
0.182816
0.445997
0.457824
0.491302
0.336766
0.500298
0.308605
0.422838
0.459425
0.317022
0.351135
0.682067
0.577678
0.062255
0.426864
0.008169
0.594995
0.264637
0.414081
0.076061
0.120752
0.601120
0.079322
0.106545
0.247179
0.020905
0.374834
0.237763
0.096796
0.024958
0.118216
0.204621
0.088360
0.114749
0.265558
0.531259
0.286003
0.302296
0.137009
0.382400
0.129747
0.264447
0.603290
0.111493
0.231301
0.740213
0.195572
0.158623
0.286832
0.475726
0.051682
0.254006
0.474504
0.102153
0.085802
0.064051
0.269686
0.147052
0.336085
0.603521
0.299469
0.071425
0.337137
0.313365
0.464237
0.188112
0.457557
0.155247
0.402148
0.420442
0.560712
0.251489
0.157326
0.206906
0.008332
0.142370
0.590789
0.151150
0.467704
0.219314
0.089017
0.345644
0.441545
0.015327
0.363930
0.294866
0.098491
0.390980
0.389881
0.351963
0.060482
0.109586
0.095587
0.237693
0.463165
0.384431
0.132981
0.156153
0.715308
0.549583
0.323395
0.464302
0.421636
0.042009
0.120292
0.283410
0.584172
0.051570
0.165738
0.442197
0.414727
0.067636
0.223574
0.212215
0.319603
0.200151
0.164358
0.067564
0.285098
0.149975
0.342817
0.372802
0.505017
0.164301
0.377107
0.476447
0.443037
0.471676
0.157248
0.056068
0.243190
0.604891
0.043912
0.561886
0.201911
0.002375
0.337539
0.452004
0.444036
0.402735
0.302236
0.308121
0.418156
0.109163
0.314598
0.407514
0.026427
0.195595
0.254428
0.127666
0.110283
0.231760
0.131175
0.233296
0.275668
0.190807
0.145427
0.100323
0.300119
0.204010
0.061581
0.465136
0.403876
0.262778
0.025112
0.100586
0.080613
0.132584
0.255505
0.135246
0.573720
0.060661
0.090397
0.228074
0.162342
0.110626
0.170970
0.222501
0.224949
0.385336
0.164676
0.210433
0.269601
0.153722
0.344721
0.361725
0.065194
0.013196
0.003664
0.128957
0.220631
0.372854
0.177842
0.303610
0.053027
0.039785
0.268509
0.597407
0.242578
0.146414
0.448053
0.259005
0.141944
0.090364
0.209638
0.262496
0.027503
0.739467
0.039005
0.661515
0.366011
0.137507
0.240139
0.211082
0.441151
0.060077
0.222495
0.276978
0.080615
0.151273
0.336588
0.446781
0.484298
0.094004
0.266984
0.441856
0.034759
0.510603
0.015056
0.157442
0.474206
0.157053
0.631971
0.189177
0.401146
0.020349
0.342818
0.014300
0.709427
0.511873
0.127744
0.109757
0.296853
0.264434
0.210928
0.300485
0.498867
0.076117
0.162327
0.166402
0.034590
0.135322
0.431338
0.219888
0.238089
0.016947
0.314512
0.187960
0.542840
0.160062
0.381815
0.175132
0.354684
0.381943
0.291671
0.077565
0.320495
0.176777
0.134071
0.041828
0.142049
0.082465
0.184367
0.079072
0.143714
0.135618
0.025624
0.078174
0.326666
0.228839
0.152412
0.094657
0.060215
0.153000
0.139664
0.066853
0.027101
0.176762
0.317272
0.585520
0.108760
0.414158
0.444140
0.136683
0.111790
0.003805
0.416323
0.085996
0.036956
0.237478
0.022296
0.167762
0.214339
0.318561
0.085180
0.053525
0.563364
0.502995
0.526061
0.183766
0.403493
0.709732
0.278493
0.265492
0.070245
0.042306
0.157698
0.388914
0.027483
0.106290
0.432924
0.156151
0.297740
0.560601
0.020489
0.519840
0.075320
0.144098
0.101509
0.145417
0.042789
0.038530
0.112195
0.455217
0.527788
0.011296
0.096943
0.288497
0.109834
0.088000
0.432142
0.570733
0.011601
0.235299
0.616415
0.069093
0.411567
0.064019
0.108125
0.326109
0.629041
0.099839
0.267146
0.156283
0.077895
0.313873
0.403290
0.163463
0.017141
0.176914
0.113394
0.211506
0.264288
0.517766
0.591065
0.155555
0.114761
0.388997
0.083128
0.207723
0.164987
0.271578
0.183822
0.207258
0.179363
0.229695
0.278889
0.141014
0.237340
0.458495
0.426759
0.417944
0.206203
0.606243
0.359184
0.051886
0.402152
0.413388
0.184851
0.107255
0.201868
0.037000
0.647201
0.056037
0.339887
0.312364
0.332322
0.626204
0.154555
0.032006
0.262003
0.157208
0.358582
0.214246
0.484791
0.007436
0.181607
0.160715
0.071861
0.003621
0.157565
0.025954
0.292775
0.020857
0.015590
0.352442
0.165519
0.234957
0.008894
0.167111
0.292885
0.256295
0.049871
0.139016
0.118838
0.432699
0.059081
0.284055
0.377824
0.142454
0.018997
0.319556
0.408751
0.330296
0.061794
0.194369
0.082233
0.326876
0.171153
0.144304
0.236092
0.028490
0.099444
0.453313
0.490697
0.094254
0.012723
0.339075
0.578623
0.151088
0.516043
0.271218
0.418077
0.022566
0.302599
0.414189
0.040733
0.439909
0.534117
0.190283
0.186250
0.460769
0.208535
0.192856
0.067624
0.219914
0.302126
0.081199
0.614301
0.144635
0.380106
0.519326
0.410360
0.091084
0.089597
0.369024
0.428131
0.273329
0.383150
0.435008
0.401413
0.433752
0.568716
0.110387
0.279156
0.544571
0.476434
0.106081
0.003831
0.161975
0.052866
0.420539
0.095743
0.353336
0.223213
0.059553
0.192683
0.221271
0.563824
0.197901
0.117891
0.097821
0.183190
0.055837
0.004264
0.264502
0.252832
0.060046
0.134410
0.424494
0.219098
0.270637
0.014263
0.231508
0.165989
0.395418
0.335355
0.180143
0.063889
0.492536
0.266930
0.237451
0.239212
0.216124
0.288171
0.054618
0.342314
0.486795
0.439540
0.099742
0.362608
0.178219
0.227371
0.005863
0.197393
0.104187
0.038864
0.037146
0.091762
0.441281
0.224848
0.103457
0.176376
0.540642
0.177866
0.166793
0.345094
0.137456
0.013083
0.150482
0.089906
0.072221
0.132165
0.213136
0.130170
0.078854
0.351835
0.458655
0.052546
0.018648
0.066646
0.636757
0.550955
0.493735
0.385780
0.048500
0.214486
0.623553
0.108357
0.133473
0.550970
0.283343
0.341616
0.413645
0.030602
0.372502
0.114263
0.467037
0.256692
0.320523
0.397732
0.346409
0.247093
0.209634
0.454175
0.604361
0.230239
0.047928
0.259577
0.067556
0.013286
0.411943
0.285644
0.511153
0.272247
0.020963
0.426908
0.063377
0.104789
0.108859
0.019448
0.030827
0.303424
0.143002
0.388895
0.183881
0.306542
0.292077
0.361725
0.476877
0.545334
0.435610
0.075516
0.075062
0.135333
0.203876
0.029136
0.589884
0.181865
0.239794
0.303515
0.567006
0.417569
0.077439
0.152902
0.085788
0.253125
0.050807
0.285477
0.342913
0.441694
0.081323
0.350322
0.204593
0.097954
0.096369
0.285923
0.152886
0.395378
0.591461
0.163762
0.318638
0.222781
0.110296
0.127544
0.003723
0.118448
0.274177
0.363901
0.420543
0.179936
0.217316
0.195341
0.332916
0.344574
0.189847
0.268037
0.278534
0.547480
0.062140
0.353635
0.395199
0.120472
0.414394
0.621225
0.194428
0.229014
0.034593
0.367167
0.409574
0.235308
0.079570
0.328570
0.407369
0.624402
0.207844
0.574912
0.426622
0.135511
0.396019
0.407526
0.091563
0.362370
0.178601
0.092887
0.308764
0.098649
0.062968
0.716763
0.069096
0.186809
0.001509
0.154513
0.224829
0.235493
0.380347
0.280267
0.078154
0.002558
0.344019
0.066255
0.409475
0.118176
0.334056
0.360320
0.108688
0.076744
0.017089
0.282001
0.135765
0.021308
0.198487
0.239685
0.234464
0.431119
0.585886
0.149944
0.130719
0.237577
0.445613
0.100398
0.382614
0.298380
0.287910
0.576670
0.564880
0.091924
0.076750
0.491649
0.325491
0.176160
0.360981
0.113102
0.244938
0.292440
0.082479
0.375450
0.460890
0.257775
0.114117
0.203079
0.103232
0.250442
0.546990
0.205815
0.092671
0.304823
0.250363
0.087398
0.059682
0.422290
0.064936
0.194624
0.395475
0.416956
0.463574
0.089417
0.159690
0.381122
0.113556
0.501530
0.532982
0.242615
0.260572
0.391634
0.385397
0.373627
0.254310
0.232506
0.171077
0.158330
0.175748
0.231824
0.012170
0.488637
0.130774
0.165665
0.187848
0.220901
0.009768
0.202012
0.248372
0.152194
0.175938
0.022897
0.326372
0.163318
0.418150
0.008354
0.057582
0.452769
0.215688
0.035343
0.268173
0.526670
0.109867
0.292670
0.069664
0.191963
0.017855
0.130053
0.247603
0.116167
0.109532
0.000462
0.488405
0.301452
0.009900
0.040596
0.215187
0.030672
0.173207
0.180958
0.522858
0.062633
0.366272
0.025519
0.324889
0.524061
0.193857
0.229100
0.468686
0.280181
0.147181
0.062024
0.021883
0.317103
0.415183
0.167172
0.132902
0.389278
0.182906
0.170503
0.084914
0.182189
0.461666
0.068192
0.434330
0.054527
0.086841
0.372834
0.089393
0.206759
0.106599
0.403894
0.172355
0.007160
0.014963
0.008837
0.261288
0.625331
0.125858
0.227340
0.003500
0.501930
0.294218
0.116388
0.150546
0.440052
0.184146
0.276971
0.022788
0.206474
0.007807
0.518649
0.349264
0.289739
0.070054
0.439642
0.136219
0.087142
0.520688
0.403969
0.349211
0.040269
0.181064
0.779537
0.173687
0.495310
0.000127
0.177637
0.322599
0.058369
0.304899
0.636407
0.210266
0.238993
0.513881
0.044158
0.138987
0.139013
0.056677
0.291497
0.404032
0.105499
0.009745
0.188879
0.654073
0.367257
0.054000
0.145466
0.273014
0.620719
0.549441
0.105303
0.075992
0.443273
0.144193
0.019810
0.122346
0.432915
0.288416
0.247032
0.263718
0.839894
0.472243
0.002276
0.500470
0.216986
0.086069
0.320111
0.215070
0.443416
0.525723
0.079018
0.339068
0.406664
0.383409
0.103316
0.535415
0.235705
0.102625
0.087888
0.052832
0.297927
0.323831
0.123968
0.263596
0.018457
0.155531
0.248335
0.198969
0.317299
0.247795
0.448737
0.232964
0.087464
0.140499
0.154053
0.147519
0.013731
0.184506
0.157739
0.718751
0.256883
0.336135
0.065692
0.298475
0.126532
0.496085
0.136613
0.116094
0.460895
0.072289
0.028168
0.138576
0.054932
0.083096
0.264652
0.765610
0.115628
0.492270
0.104511
0.477754
0.328781
0.319777
0.378586
0.284652
0.247070
0.285881
0.539933
0.557425
0.122259
0.287600
0.327028
0.126428
0.042494
0.058553
0.044670
0.494326
0.298957
0.434607
0.140830
0.173380
0.221208
0.199659
0.352159
0.165108
0.137940
0.384728
0.420369
0.153064
0.400679
0.406017
0.412187
0.286161
0.289874
0.053245
0.469737
0.022552
0.256464
0.407024
0.162854
0.642406
0.524696
0.119107
0.190784
0.184875
0.124760
0.046679
0.199008
0.039210
0.507190
0.170799
0.110907
0.123183
0.231355
0.363746
0.087149
0.186357
0.578573
0.111270
0.013127
0.122007
0.189544
0.057324
0.166611
0.038107
0.085031
0.106386
0.090767
0.087848
0.337378
0.395012
0.082946
0.280660
0.096510
0.430863
0.444802
0.203483
0.021284
0.498298
0.111518
0.299765
0.440999
0.343764
0.325586
0.177559
0.526323
0.439625
0.337933
0.150016
0.194480
0.332844
0.286237
0.079006
0.281729
0.096299
0.244255
0.171561
0.239926
0.474223
0.425232
0.289951
0.176527
0.077648
0.019033
0.390828
0.135609
0.069015
0.176908
0.419348
0.419138
0.574599
0.261260
0.386082
0.351722
0.376863
0.500111
0.301910
0.252681
0.710710
0.422334
0.024032
0.405110
0.001758
0.612625
0.306367
0.534325
0.077235
0.141482
0.538583
0.001441
0.266891
0.301702
0.141644
0.394931
0.230550
0.049303
0.021563
0.070163
0.145400
0.192688
0.202469
0.267949
0.412878
0.242768
0.246886
0.200167
0.447933
0.054063
0.268649
0.658667
0.019095
0.172375
0.648241
0.417022
0.190112
0.441132
0.570807
0.183166
0.126022
0.435985
0.321623
0.025620
0.137695
0.373567
0.113072
0.326380
0.358633
0.212254
0.029488
0.349215
0.423459
0.432518
0.204059
0.359684
0.006441
0.300397
0.300959
0.574719
0.190891
0.104086
0.194922
0.047712
0.105033
0.610383
0.100196
0.421207
0.198958
0.101477
0.406278
0.339530
0.123349
0.523369
0.319550
0.116957
0.366730
0.454033
0.427304
0.067188
0.111935
0.047969
0.188437
0.477139
0.475250
0.118599
0.100078
0.629979
0.544262
0.360573
0.503568
0.351309
0.043925
0.108579
0.402214
0.496277
0.003717
0.157765
0.449909
0.440197
0.034903
0.318813
0.294110
0.239088
0.224554
0.100047
0.054504
0.163253
0.118851
0.380797
0.311044
0.543658
0.174678
0.437233
0.451648
0.358412
0.314026
0.242001
0.155815
0.240312
0.584386
0.037511
0.413031
0.230160
0.019670
0.330500
0.531987
0.329416
0.555696
0.249540
0.224036
0.503730
0.166715
0.295576
0.323583
0.097026
0.273186
0.296256
0.123683
0.048249
0.069112
0.149175
0.183673
0.250940
0.218497
0.047167
0.010211
0.419796
0.043510
0.120896
0.386885
0.376778
0.227124
0.016362
0.118586
0.115404
0.023484
0.160260
0.007675
0.505802
0.058552
0.120084
0.270114
0.157091
0.168175
0.262406
0.335304
0.297921
0.383123
0.258530
0.146151
0.121590
0.022649
0.382072
0.346379
0.145874
0.102563
0.112997
0.110347
0.193560
0.229187
0.230651
0.370788
0.107959
0.069314
0.376245
0.435520
0.116610
0.038667
0.336288
0.182981
0.172115
0.089349
0.222216
0.269652
0.020728
0.655517
0.118063
0.634337
0.344705
0.148829
0.078904
0.165841
0.502597
0.011211
0.144527
0.360978
0.016451
0.209607
0.260391
0.501009
0.414108
0.273718
0.149376
0.258171
0.059182
0.603532
0.092451
0.017841
0.371549
0.127787
0.464673
0.132999
0.431848
0.059401
0.220312
0.006845
0.597040
0.570255
0.169128
0.244075
0.177115
0.303081
0.161118
0.255447
0.540762
0.076359
0.154359
0.237947
0.061384
0.163383
0.421728
0.245808
0.224447
0.006697
0.333611
0.080904
0.524649
0.088379
0.276514
0.351994
0.367330
0.519163
0.273817
0.136902
0.446983
0.253603
0.089200
0.052636
0.168442
0.006531
0.296061
0.063697
0.002025
0.094268
0.081422
0.022312
0.351246
0.122965
0.073950
0.084822
0.172905
0.047760
0.305778
0.090731
0.056705
0.080596
0.273138
0.545764
0.102309
0.527832
0.362288
0.121987
0.053542
0.235464
0.452336
0.039103
0.046465
0.187510
0.045526
0.281271
0.213302
0.170394
0.138115
0.233741
0.378560
0.425357
0.452621
0.044453
0.226569
0.551187
0.383780
0.206060
0.073661
0.047538
0.199428
0.521845
0.062525
0.147310
0.344894
0.016246
0.219186
0.527964
0.061180
0.445779
0.043094
0.194022
0.245567
0.107640
0.027422
0.005407
0.281778
0.391195
0.490282
0.063655
0.030936
0.239319
0.215466
0.135709
0.285171
0.617096
0.220094
0.200088
0.512704
0.068377
0.223501
0.028766
0.186602
0.408975
0.607590
0.014256
0.317428
0.147710
0.034028
0.363605
0.361694
0.366814
0.103231
0.074724
0.238518
0.137947
0.182053
0.422172
0.586862
0.162846
0.022023
0.309543
0.070103
0.190029
0.128272
0.277281
0.220497
0.321733
0.143492
0.197708
0.196854
0.110723
0.258948
0.529975
0.301580
0.373102
0.075698
0.458706
0.273802
0.115701
0.517411
0.336080
0.105583
0.115044
0.169426
0.061264
0.449251
0.030941
0.249504
0.281724
0.360239
0.427320
0.161050
0.209209
0.210412
0.186701
0.216989
0.169813
0.436553
0.065244
0.238003
0.249630
0.248512
0.078781
0.209541
0.112105
0.370940
0.109248
0.053741
0.390719
0.020654
0.211546
0.035179
0.134764
0.240508
0.122670
0.153284
0.230332
0.328981
0.383181
0.031478
0.331725
0.313049
0.022880
0.129371
0.303625
0.396836
0.216350
0.124496
0.141332
0.009811
0.251397
0.221952
0.238191
0.111467
0.007172
0.033136
0.512429
0.359817
0.153052
0.089047
0.355128
0.430533
0.013986
0.350710
0.313233
0.259591
0.099434
0.294202
0.393990
0.208704
0.555780
0.695614
0.204220
0.081785
0.480069
0.147754
0.182210
0.140271
0.218636
0.448549
0.158814
0.556605
0.250053
0.360803
0.440442
0.457795
0.100348
0.004603
0.334724
0.688744
0.306349
0.460145
0.501727
0.463622
0.480287
0.503629
0.073251
0.130159
0.499452
0.535456
0.024979
0.092893
0.212039
0.033333
0.538651
0.138169
0.358403
0.278520
0.017512
0.441219
0.312479
0.534980
0.297355
0.144919
0.021942
0.034110
0.075478
0.062757
0.263077
0.362973
0.054653
0.070612
0.512855
0.239101
0.223644
0.013539
0.318426
0.154691
0.222935
0.207576
0.007238
0.154317
0.585988
0.237603
0.265564
0.324141
0.260963
0.341004
0.053651
0.436943
0.528170
0.442903
0.026325
0.434258
0.205235
0.198864
0.074238
0.294730
0.126569
0.012962
0.231151
0.163548
0.410125
0.220550
0.001629
0.193691
0.526107
0.177702
0.228950
0.327842
0.304281
0.024814
0.074520
0.060476
0.080457
0.198084
0.206382
0.155391
0.121511
0.282437
0.436888
0.095027
0.058792
0.182237
0.570302
0.476720
0.484387
0.267849
0.096300
0.379672
0.566431
0.050566
0.014662
0.410335
0.161466
0.284572
0.489729
0.155895
0.275347
0.075151
0.474698
0.304292
0.454049
0.397925
0.241327
0.358099
0.265307
0.456197
0.590576
0.122503
0.141760
0.355950
0.035191
0.033973
0.334714
0.346786
0.422034
0.201584
0.249843
0.438709
0.097788
0.205213
0.054614
0.048239
0.068395
0.238731
0.196354
0.424889
0.111759
0.114444
0.279198
0.267398
0.399501
0.473477
0.439058
0.006102
0.078354
0.046964
0.215851
0.073629
0.568394
0.024856
0.230959
0.189742
0.352214
0.358793
0.088812
0.287295
0.137982
0.325341
0.073006
0.300499
0.430440
0.281548
0.125930
0.285136
0.065534
0.143769
0.010310
0.347741
0.087443
0.343285
0.529661
0.175766
0.215055
0.242942
0.242076
0.091849
0.003453
0.027262
0.046179
0.410804
0.330658
0.264354
0.129028
0.173368
0.427206
0.278944
0.228674
0.226569
0.183176
0.446037
0.053063
0.372434
0.436225
0.070161
0.331518
0.607302
0.200799
0.283795
0.045834
0.353699
0.362233
0.186865
0.027829
0.331126
0.206940
0.517471
0.196553
0.579321
0.366359
0.080520
0.251599
0.427993
0.164664
0.390270
0.182419
0.197420
0.280881
0.069926
0.039882
0.690975
0.043326
0.187320
0.192743
0.199260
0.072760
0.343966
0.369537
0.099653
0.092342
0.049053
0.240080
0.131174
0.566258
0.170909
0.316678
0.247574
0.138837
0.254168
0.201752
0.270427
0.044159
0.015287
0.187326
0.281648
0.214733
0.406487
0.491012
0.214478
0.161539
0.292340
0.497148
0.034643
0.515803
0.220714
0.408167
0.684283
0.517413
0.187836
0.051991
0.451603
0.505615
0.163936
0.417271
0.057237
0.158497
0.133538
0.020691
0.240536
0.412506
0.152755
0.027627
0.366352
0.129608
0.155389
0.469421
0.196258
0.182389
0.221177
0.264370
0.099614
0.121074
0.510788
0.076917
0.308957
0.388648
0.614766
0.437386
0.049112
0.143407
0.360296
0.103379
0.438235
0.399668
0.303645
0.237592
0.260108
0.413241
0.464173
0.194084
0.149758
0.115699
0.132013
0.049940
0.402474
0.201989
0.355300
0.045422
0.323349
0.190175
0.266912
0.037106
0.273142
0.202615
0.081473
0.168879
0.027734
0.279214
0.156914
0.365795
0.066992
0.050112
0.341027
0.283313
0.099575
0.311304
0.449049
0.066235
0.408604
0.060832
0.218991
0.136959
0.166724
0.357313
0.081558
0.231787
0.073035
0.365861
0.376863
0.093410
0.001393
0.233083
0.048934
0.257503
0.151258
0.367350
0.059957
0.355558
0.125485
0.328463
0.542213
0.295586
0.180110
0.361085
0.259068
0.084068
0.036818
0.047500
0.417583
0.402243
0.241782
0.114656
0.467525
0.404762
0.171170
0.029165
0.295817
0.360061
0.088144
0.490121
0.263912
0.200524
0.279968
0.236284
0.115013
0.183707
0.549419
0.189618
0.071603
0.024803
0.147360
0.227111
0.403904
0.015548
0.103662
0.025970
0.426652
0.331589
0.176848
0.192977
0.529684
0.209831
0.415121
0.096666
0.346777
0.070122
0.450737
0.266730
0.159303
0.095208
0.382269
0.173286
0.143863
0.428434
0.345564
0.384126
0.044417
0.151899
0.718942
0.050631
0.316972
0.168538
0.069759
0.323948
0.034294
0.460620
0.481908
0.077469
0.187350
0.442688
0.112033
0.157894
0.133031
0.149205
0.218625
0.478163
0.195059
0.019983
0.190940
0.529890
0.377076
0.080235
0.202289
0.362106
0.556869
0.617120
0.198102
0.052769
0.329090
0.112625
0.054235
0.068805
0.315455
0.264949
0.260053
0.325754
0.712747
0.355264
0.060415
0.567906
0.219148
0.077413
0.360809
0.001110
0.452366
0.499096
0.087635
0.301386
0.281798
0.301408
0.042273
0.369639
0.373513
0.098610
0.214907
0.054412
0.216374
0.408343
0.052580
0.178021
0.105700
0.317329
0.258611
0.393705
0.589029
0.282401
0.367709
0.213992
0.083317
0.164652
0.116151
0.031762
0.153130
0.109421
0.067117
0.796888
0.321836
0.230290
0.093124
0.284368
0.078005
0.568183
0.148613
0.027436
0.239212
0.157981
0.034428
0.049091
0.130663
0.013036
0.243045
0.753048
0.228195
0.476631
0.235638
0.630086
0.226262
0.292211
0.238782
0.335446
0.234021
0.193911
0.353195
0.338341
0.273623
0.248523
0.278534
0.140032
0.090696
0.054514
0.065097
0.451897
0.226495
0.512232
0.091273
0.146143
0.301988
0.101366
0.521169
0.289295
0.124104
0.562347
0.488937
0.180122
0.521208
0.576649
0.543249
0.443745
0.349474
0.082847
0.370443
0.052050
0.315432
0.480711
0.186958
0.578886
0.506475
0.131408
0.225050
0.060407
0.349258
0.090721
0.221634
0.053333
0.560582
0.134865
0.204828
0.102257
0.056921
0.385205
0.044799
0.174653
0.428706
0.263013
0.142244
0.040146
0.119778
0.191309
0.085634
0.094025
0.115998
0.217034
0.116637
0.035817
0.394525
0.305283
0.089337
0.288306
0.205238
0.456393
0.464065
0.098743
0.002354
0.479809
0.224155
0.353927
0.609268
0.271918
0.344387
0.164014
0.581061
0.393966
0.225519
0.100954
0.207449
0.281338
0.347422
0.043003
0.451979
0.137213
0.273988
0.159032
0.260735
0.585925
0.265229
0.237864
0.224421
0.110355
0.001902
0.389987
0.181073
0.020646
0.144785
0.414956
0.346930
0.596259
0.153921
0.225310
0.343117
0.352234
0.471355
0.190832
0.169290
0.654890
0.259957
0.017973
0.373735
0.013680
0.614976
0.336745
0.563848
0.047700
0.203342
0.465777
0.045985
0.304194
0.316859
0.230025
0.284214
0.272735
0.019626
0.044193
0.009046
0.108555
0.342311
0.287871
0.238470
0.314851
0.175430
0.096669
0.247677
0.458221
0.037462
0.254295
0.635767
0.169286
0.141058
0.541530
0.534310
0.166083
0.506134
0.502046
0.309645
0.051945
0.365947
0.541829
0.037055
0.161757
0.387647
0.059836
0.323893
0.158255
0.118680
0.052447
0.387693
0.441679
0.289213
0.259855
0.246568
0.133404
0.217470
0.216193
0.524246
0.104045
0.072430
0.207765
0.041447
0.076530
0.589313
0.255018
0.383163
0.208635
0.060268
0.491857
0.226905
0.274531
0.570282
0.229194
0.128829
0.262390
0.369572
0.527214
0.180543
0.379967
0.022745
0.098808
0.424154
0.489782
0.077551
0.061507
0.498717
0.388400
0.335275
0.527293
0.268809
0.140804
0.112998
0.502028
0.346131
0.098048
0.167003
0.428951
0.453462
0.122959
0.395999
0.351534
0.189920
0.238212
0.094426
0.032169
0.066398
0.048793
0.300122
0.193866
0.565939
0.190704
0.472632
0.399247
0.292656
0.238202
0.265246
0.181229
0.133898
0.480429
0.066509
0.220975
0.263014
0.017712
0.243094
0.461455
0.248323
0.621084
0.192127
0.145406
0.519472
0.234287
0.272978
0.297588
0.174566
0.297652
0.419274
0.204248
0.217568
0.077038
0.227448
0.152346
0.249837
0.326493
0.036043
0.076141
0.535527
0.043229
0.107425
0.364102
0.219263
0.162967
0.018743
0.140092
0.164507
0.126134
0.051202
0.143387
0.424047
0.071415
0.175919
0.330273
0.157972
0.235589
0.366163
0.377377
0.267923
0.343981
0.322707
0.035268
0.030534
0.081221
0.385494
0.330913
0.295767
0.198056
0.255459
0.148806
0.212742
0.161741
0.241780
0.430694
0.228560
0.023056
0.499386
0.355837
0.060430
0.052206
0.296341
0.108035
0.177050
0.135717
0.171202
0.287871
0.025446
0.442772
0.257747
0.493237
0.263440
0.224730
0.164858
0.091211
0.530126
0.155069
0.013146
0.409776
0.038487
0.234103
0.211415
0.461782
0.263324
0.445119
0.023284
0.080284
0.027164
0.598402
0.145605
0.077323
0.223762
0.063682
0.245505
0.053495
0.451643
0.043123
0.163503
0.037238
0.423729
0.547184
0.158152
0.338330
0.017694
0.273345
0.158870
0.102878
0.489721
0.018374
0.118746
0.362868
0.097664
0.126773
0.346716
0.221215
0.105005
0.014678
0.293543
0.029685
0.435490
0.079216
0.145185
0.427022
0.328898
0.605919
0.232768
0.263198
0.492217
0.247571
0.377422
0.044236
0.219925
0.065790
0.358620
0.082795
0.207202
0.105949
0.214006
0.006743
0.332018
0.093847
0.041028
0.013385
0.222656
0.045802
0.436412
0.053056
0.154387
0.016952
0.235453
0.511596
0.062692
0.558003
0.306902
0.038309
0.014944
0.442145
0.493288
0.041015
0.055208
0.131989
0.057763
0.432071
0.213543
0.021575
0.133608
0.354588
0.141086
0.359488
0.347797
0.106898
0.112230
0.413136
0.472338
0.144270
0.172263
0.109580
0.186586
0.553152
0.204295
0.153288
0.140313
0.085265
0.083673
0.489087
0.046673
0.349609
0.113559
0.223471
0.332219
0.098305
0.087046
0.077366
0.377714
0.298205
0.426536
0.148149
0.151349
0.175473
0.290155
0.258481
0.153889
0.581333
0.288615
0.204068
0.291861
0.126268
0.050204
0.016451
0.324059
0.434609
0.532676
0.024938
0.384092
0.070120
0.036307
0.400060
0.321986
0.454356
0.084203
0.066226
0.300568
0.125401
0.119890
0.338170
0.497494
0.227116
0.019703
0.216733
0.028636
0.239600
0.016062
0.234909
0.262151
0.377486
0.085449
0.134832
0.120056
0.104869
0.308030
0.602635
0.246060
0.281296
0.041387
0.316399
0.232799
0.125659
0.568534
0.297735
0.056640
0.099337
0.203713
0.100710
0.256281
0.082020
0.253404
0.229733
0.384600
0.289496
0.164345
0.411245
0.147309
0.200855
0.145050
0.130765
0.330456
0.083970
0.302796
0.225204
0.509490
0.159405
0.280810
0.169939
0.434861
0.211726
0.068031
0.434392
0.086317
0.215891
0.126856
0.137803
0.269015
0.124285
0.329719
0.323183
0.469911
0.312628
0.037998
0.301146
0.284028
0.001981
0.257218
0.295803
0.362103
0.193228
0.154356
0.001893
0.020827
0.172975
0.270629
0.278101
0.024553
0.078391
0.085315
0.435687
0.244945
0.153244
0.137444
0.419074
0.286374
0.185958
0.234808
0.409129
0.078608
0.198306
0.200129
0.347982
0.314766
0.606063
0.762407
0.193308
0.030915
0.487697
0.116396
0.124687
0.211557
0.227454
0.538076
0.293189
0.452473
0.290760
0.222069
0.379797
0.523285
0.093482
0.109765
0.281820
0.839000
0.290913
0.470528
0.538066
0.410060
0.448320
0.413103
0.003128
0.007515
0.444961
0.581872
0.046775
0.193485
0.229926
0.088724
0.581073
0.163266
0.391825
0.338677
0.036348
0.583273
0.372766
0.459166
0.458654
0.140645
0.151452
0.133708
0.177249
0.164616
0.262081
0.412786
0.055837
0.009567
0.561695
0.203266
0.172519
0.025127
0.400638
0.145634
0.007733
0.101445
0.079129
0.223504
0.600422
0.187293
0.268111
0.352344
0.249244
0.385002
0.135821
0.474036
0.438528
0.416799
0.103544
0.445827
0.147951
0.144459
0.089455
0.385403
0.052318
0.024757
0.421719
0.210706
0.346175
0.287552
0.128317
0.199695
0.418349
0.157294
0.312980
0.330653
0.413976
0.060837
0.041913
0.260950
0.122883
0.330881
0.186596
0.192197
0.172132
0.126902
0.378322
0.141285
0.014845
0.196792
0.496777
0.340973
0.468731
0.138483
0.162023
0.476343
0.464621
0.006562
0.027455
0.340360
0.045214
0.237851
0.525584
0.240450
0.207314
0.007116
0.563900
0.293198
0.494314
0.391130
0.168595
0.415405
0.226209
0.384442
0.454368
0.146641
0.229626
0.420883
0.154469
0.049935
0.292432
0.389370
0.341038
0.180895
0.447916
0.408881
0.131490
0.487096
0.014188
0.083883
0.092599
0.205084
0.240797
0.440306
0.021758
0.059856
0.203192
0.115427
0.306695
0.362887
0.374912
0.084732
0.164315
0.255180
0.209885
0.186375
0.465080
0.087974
0.175382
0.062213
0.059899
0.311569
0.268767
0.449112
0.184255
0.279719
0.073545
0.280011
0.458914
0.075307
0.103914
0.226694
0.116548
0.255469
0.118836
0.323023
0.086468
0.258118
0.453748
0.263994
0.136604
0.289015
0.347016
0.353072
0.008957
0.046550
0.165237
0.414423
0.234983
0.269175
0.021631
0.170816
0.514335
0.231346
0.228543
0.186078
0.057389
0.310630
0.193588
0.320473
0.473149
0.057035
0.152297
0.546442
0.140825
0.264265
0.065639
0.327166
0.304806
0.147806
0.001558
0.372229
0.007380
0.369368
0.274824
0.460888
0.349286
0.019254
0.161867
0.436265
0.189154
0.303372
0.191719
0.304753
0.241846
0.011341
0.066477
0.613289
0.094784
0.137628
0.404330
0.196908
0.003422
0.397563
0.316935
0.075522
0.060777
0.050408
0.164355
0.180448
0.611161
0.226969
0.337336
0.181764
0.221457
0.419248
0.299305
0.311806
0.182337
0.082162
0.118264
0.340811
0.176868
0.434064
0.419937
0.194825
0.227848
0.307762
0.520684
0.052691
0.577765
0.131124
0.485898
0.729413
0.380588
0.190655
0.017960
0.480869
0.590993
0.123052
0.455352
0.011296
0.076006
0.046177
0.008648
0.056801
0.332376
0.115282
0.083218
0.529910
0.102535
0.139925
0.283711
0.159747
0.247050
0.205482
0.308319
0.019740
0.056997
0.415348
0.132692
0.414402
0.320238
0.675452
0.389600
0.047213
0.048206
0.300467
0.141290
0.368064
0.221426
0.400998
0.225120
0.121762
0.460241
0.539467
0.098370
0.113934
0.091199
0.086564
0.147389
0.511165
0.315865
0.256057
0.030559
0.403489
0.210538
0.353856
0.026467
0.305887
0.199292
0.094369
0.118012
0.037116
0.181639
0.143774
0.323650
0.070501
0.024030
0.272071
0.313862
0.132314
0.416974
0.333476
0.043993
0.494242
0.009872
0.182475
0.213321
0.294039
0.428465
0.059708
0.354836
0.160013
0.275865
0.436724
0.154918
0.019025
0.222658
0.086402
0.267721
0.075084
0.218871
0.105912
0.362455
0.221811
0.277766
0.513571
0.399178
0.131695
0.239714
0.294790
0.324679
0.010696
0.029199
0.511734
0.305364
0.305221
0.135852
0.463215
0.547827
0.154868
0.000075
0.376142
0.213069
0.108094
0.497332
0.482453
0.354986
0.171948
0.445647
0.014086
0.252097
0.590204
0.206775
0.127953
0.081154
0.266503
0.264922
0.144884
0.103263
0.017122
0.129690
0.298828
0.357015
0.246484
0.209558
0.531524
0.209580
0.496153
0.138581
0.381891
0.115002
0.369703
0.181447
0.064258
0.131104
0.272205
0.228457
0.253687
0.355863
0.305144
0.334924
0.035925
0.125321
0.566131
0.002169
0.030679
0.306140
0.003172
0.269957
0.108010
0.477333
0.313679
0.035221
0.054408
0.285922
0.235539
0.130722
0.139868
0.224140
0.120420
0.535318
0.317765
0.042270
0.159472
0.308248
0.364475
0.092254
0.275156
0.408224
0.481305
0.512622
0.246280
0.042374
0.193375
0.049551
0.104332
0.048024
0.137806
0.326727
0.179591
0.380339
0.490791
0.210024
0.088500
0.539339
0.165105
0.114247
0.332584
0.218451
0.425695
0.478676
0.098469
0.280660
0.139698
0.225788
0.074437
0.137050
0.484338
0.263461
0.262451
0.060065
0.136143
0.508907
0.080786
0.141116
0.207944
0.426719
0.217026
0.516105
0.736313
0.312362
0.299130
0.166447
0.044461
0.106576
0.137724
0.096882
0.326114
0.104155
0.018291
0.740382
0.445377
0.139789
0.297088
0.290024
0.008345
0.561191
0.202581
0.037302
0.000890
0.184863
0.009111
0.011713
0.202197
0.077448
0.159612
0.627685
0.310663
0.396938
0.333340
0.695412
0.174062
0.219269
0.049743
0.438297
0.159672
0.079818
0.253710
0.144862
0.358804
0.210271
0.207651
0.108237
0.244141
0.056282
0.146754
0.261189
0.150307
0.571089
0.001821
0.078457
0.393278
0.019146
0.619974
0.327639
0.096737
0.688705
0.447754
0.146224
0.578178
0.776770
0.651181
0.489230
0.406453
0.083908
0.269360
0.045584
0.356221
0.515411
0.169044
0.479907
0.467695
0.162977
0.290715
0.002307
0.552447
0.171149
0.234712
0.160065
0.585019
0.065462
0.231192
0.094499
0.079853
0.335173
0.094265
0.181163
0.281251
0.401579
0.162215
0.022642
0.004787
0.389901
0.011593
0.097167
0.168629
0.226147
0.165360
0.102371
0.267494
0.202412
0.093277
0.286765
0.180121
0.481025
0.475843
0.042870
0.079720
0.393068
0.262701
0.382809
0.661931
0.189855
0.324017
0.149488
0.459059
0.343990
0.122383
0.028213
0.204290
0.160966
0.406144
0.118664
0.558799
0.157199
0.229712
0.054085
0.294103
0.637173
0.133096
0.135366
0.252993
0.096277
0.047377
0.346710
0.201568
0.006980
0.033142
0.370664
0.165559
0.579390
0.067151
0.134448
0.263833
0.320810
0.482650
0.069120
0.019840
0.518399
0.073307
0.063555
0.314567
0.002530
0.505391
0.351095
0.586907
0.024943
0.216569
0.331972
0.128562
0.283054
0.330246
0.378703
0.135841
0.316474
0.080818
0.036953
0.040877
0.132671
0.474742
0.343003
0.122886
0.203532
0.059799
0.077255
0.298002
0.497059
0.055009
0.244432
0.544408
0.222552
0.061766
0.377188
0.507801
0.103736
0.574286
0.423427
0.344135
0.203842
0.242347
0.651585
0.103790
0.205740
0.429113
0.076330
0.365188
0.029859
0.054263
0.127160
0.370815
0.399119
0.127133
0.290919
0.052891
0.264084
0.126226
0.092274
0.400045
0.001191
0.066756
0.265860
0.003718
0.027596
0.525467
0.298017
0.357999
0.199900
0.051201
0.455851
0.107277
0.371134
0.569054
0.104126
0.190262
0.108325
0.287590
0.573458
0.250562
0.564165
0.042749
0.021903
0.358600
0.499111
0.038087
0.028358
0.400704
0.215392
0.377280
0.481269
0.203620
0.176730
0.168669
0.508710
0.160348
0.192895
0.156765
0.404081
0.435844
0.178973
0.490812
0.402963
0.178610
0.224556
0.118659
0.013240
0.026660
0.018241
0.276876
0.055095
0.515388
0.126475
0.542893
0.299342
0.218052
0.187924
0.184265
0.186635
0.021274
0.337704
0.134092
0.046457
0.357163
0.025732
0.173566
0.413043
0.228192
0.583169
0.189356
0.050573
0.468883
0.214265
0.300008
0.236922
0.230770
0.262887
0.517835
0.241166
0.366158
0.249380
0.277101
0.168293
0.282813
0.414940
0.141100
0.116882
0.620690
0.088158
0.077167
0.330089
0.077498
0.093441
0.031532
0.240849
0.164641
0.217613
0.038550
0.352654
0.349561
0.114766
0.322616
0.362224
0.051864
0.258731
0.421626
0.412558
0.214361
0.274186
0.421040
0.114061
0.141767
0.133529
0.427558
0.228890
0.352412
0.348161
0.340278
0.174454
0.236193
0.168196
0.271310
0.472180
0.330808
0.059678
0.525559
0.337273
0.050500
0.110501
0.211182
0.149677
0.142548
0.217772
0.144340
0.319312
0.019776
0.272950
0.364455
0.283320
0.119031
0.252264
0.371563
0.027240
0.526281
0.306754
0.123625
0.435989
0.129802
0.171461
0.125986
0.327418
0.133932
0.626965
0.130185
0.110109
0.049127
0.553277
0.127228
0.056487
0.015256
0.036828
0.007163
0.003757
0.385176
0.065231
0.158247
0.064095
0.189253
0.518899
0.090537
0.436097
0.167960
0.214632
0.154009
0.033217
0.457486
0.094653
0.061972
0.484361
0.124518
0.106523
0.278461
0.262515
0.018704
0.023967
0.247119
0.127883
0.320497
0.114306
0.018989
0.427374
0.230833
0.617598
0.142570
0.361323
0.453472
0.187570
0.561226
0.082848
0.293107
0.023273
0.428452
0.156113
0.378845
0.115965
0.376409
0.016827
0.270204
0.022944
0.005898
0.125596
0.192517
0.123665
0.601385
0.042990
0.246154
0.153138
0.220914
0.387497
0.004510
0.459699
0.331575
0.068119
0.018816
0.620366
0.548244
0.206687
0.028478
0.103527
0.030712
0.449712
0.176555
0.071230
0.164141
0.399737
0.048345
0.300084
0.165321
0.253308
0.049888
0.226233
0.488515
0.137002
0.230633
0.143770
0.220480
0.475687
0.306294
0.110502
0.003003
0.107549
0.057488
0.437638
0.001097
0.358808
0.191683
0.294925
0.327606
0.003134
0.126693
0.161676
0.388933
0.197924
0.280990
0.137045
0.289556
0.093312
0.373709
0.263984
0.022086
0.490805
0.295905
0.181407
0.133420
0.162352
0.142210
0.007992
0.368809
0.444217
0.419729
0.005539
0.427192
0.084931
0.033493
0.379673
0.329280
0.461328
0.061658
0.145304
0.288865
0.103729
0.039072
0.193003
0.441126
0.312083
0.068664
0.173354
0.037742
0.308272
0.242466
0.215597
0.340521
0.429878
0.081719
0.074066
0.016508
0.068153
0.341124
0.525303
0.133371
0.256330
0.153081
0.107977
0.135294
0.201955
0.534250
0.258138
0.245393
0.102708
0.282117
0.113197
0.091209
0.079947
0.230568
0.225014
0.284173
0.171149
0.153549
0.615925
0.066100
0.232911
0.108236
0.123785
0.277405
0.071724
0.400418
0.193065
0.661115
0.194997
0.324670
0.263152
0.425390
0.331199
0.040984
0.434471
0.077571
0.164974
0.196131
0.167846
0.284088
0.138852
0.415244
0.385382
0.471512
0.264114
0.083603
0.209989
0.231589
0.003322
0.303524
0.295484
0.366899
0.123177
0.093300
0.047554
0.035577
0.051920
0.342847
0.321463
0.045562
0.168891
0.206563
0.348265
0.082039
0.137332
0.235407
0.452044
0.111191
0.410952
0.141420
0.419694
0.075218
0.310759
0.156958
0.293325
0.365039
0.559095
0.623460
0.203420
0.071924
0.374416
0.143746
0.078955
0.349278
0.285455
0.551425
0.379890
0.309075
0.304223
0.131516
0.273010
0.415074
0.070917
0.152821
0.243861
0.804957
0.228106
0.432910
0.517957
0.311342
0.369549
0.329809
0.129350
0.120840
0.360087
0.556440
0.005535
0.286289
0.208640
0.118853
0.557591
0.106387
0.406990
0.416874
0.103400
0.586302
0.390289
0.376722
0.628710
0.106816
0.302018
0.221673
0.186563
0.256486
0.310356
0.450773
0.035943
0.025050
0.545400
0.110067
0.164712
0.022840
0.471903
0.163296
0.222329
0.002889
0.117545
0.261435
0.591069
0.146767
0.216438
0.384039
0.197777
0.396545
0.171355
0.493380
0.261024
0.309188
0.184921
0.436799
0.107982
0.176306
0.096161
0.548191
0.016377
0.027571
0.454612
0.239866
0.296111
0.358021
0.148342
0.158957
0.318179
0.097518
0.356684
0.288257
0.509165
0.097022
0.148522
0.406484
0.114878
0.419920
0.144616
0.261795
0.292520
0.009225
0.255262
0.144670
0.088684
0.124251
0.401782
0.172290
0.380036
0.003094
0.145384
0.578816
0.333481
0.044671
0.042995
0.257786
0.090511
0.157642
0.491908
0.263494
0.087953
0.037282
0.562749
0.263047
0.510514
0.336436
0.214354
0.441209
0.143255
0.253202
0.217486
0.127344
0.366789
0.457534
0.192159
0.068574
0.251751
0.407614
0.174701
0.151106
0.620148
0.337818
0.116536
0.700198
0.018380
0.018212
0.013959
0.189883
0.292512
0.403668
0.104601
0.183621
0.159004
0.055754
0.277801
0.221265
0.262474
0.159421
0.314259
0.400110
0.131765
0.289316
0.328878
0.189004
0.028103
0.186063
0.183901
0.243729
0.348799
0.570545
0.282500
0.153466
0.087717
0.175915
0.339472
0.193637
0.051236
0.166873
0.202522
0.364801
0.151731
0.321997
0.016752
0.224711
0.342114
0.397007
0.069150
0.363035
0.486952
0.585586
0.024561
0.100506
0.394928
0.423294
0.096422
0.226527
0.105911
0.167867
0.609180
0.227512
0.229645
0.213302
0.021958
0.179269
0.308612
0.288019
0.476148
0.042894
0.005644
0.443701
0.071592
0.237249
0.116704
0.169472
0.304634
0.132634
0.031406
0.361965
0.122441
0.245974
0.307791
0.290717
0.258997
0.087275
0.100595
0.361624
0.153452
0.140987
0.183873
0.325783
0.199238
0.025956
0.079171
0.461711
0.144857
0.184774
0.584919
0.147410
0.007380
0.496173
0.311573
0.162753
0.038042
0.109786
0.076436
0.200836
0.616939
0.304897
0.377109
0.121125
0.272333
0.559068
0.382804
0.368912
0.253466
0.013361
0.004603
0.354807
0.121928
0.403109
0.308770
0.239897
0.262027
0.341375
0.469886
0.124889
0.593992
0.048738
0.498745
0.661029
0.284285
0.112049
0.102426
0.434050
0.545907
0.089433
0.393716
0.029916
0.025349
0.045607
0.021779
0.079732
0.237820
0.138962
0.228421
0.601436
0.055942
0.089283
0.139817
0.179737
0.305638
0.201438
0.302375
0.033591
0.014085
0.328230
0.187826
0.509691
0.270586
0.626214
0.356307
0.029726
0.007743
0.242681
0.112897
0.306009
0.041757
0.484380
0.168000
0.080751
0.493408
0.574927
0.029345
0.103192
0.082258
0.021803
0.395085
0.518586
0.316085
0.137190
0.009010
0.424013
0.240657
0.404274
0.003828
0.282118
0.209068
0.127852
0.113859
0.179609
0.113687
0.128376
0.375207
0.040388
0.098454
0.222362
0.399165
0.192159
0.492411
0.143892
0.032947
0.492980
0.014797
0.102207
0.237304
0.375405
0.386390
0.029760
0.469947
0.217086
0.201128
0.430828
0.241793
0.051332
0.160021
0.112115
0.171642
0.016962
0.055954
0.064171
0.331381
0.329165
0.270209
0.430308
0.452707
0.068978
0.078671
0.243805
0.447446
0.063106
0.043293
0.534933
0.191949
0.361751
0.111313
0.445328
0.701914
0.145467
0.037647
0.381707
0.029628
0.097001
0.453365
0.647621
0.424381
0.086472
0.600787
0.069666
0.321417
0.547176
0.171579
0.174643
0.113441
0.367320
0.349738
0.082673
0.143898
0.009792
0.285188
0.068712
0.395887
0.304945
0.180050
0.493883
0.176729
0.545032
0.177962
0.338346
0.218803
0.207877
0.056292
0.019721
0.140762
0.133775
0.325781
0.363531
0.283454
0.253470
0.262916
0.034588
0.070221
0.426214
0.063033
0.206931
0.421752
0.011390
0.252061
0.147547
0.462923
0.159862
0.153477
0.152392
0.163851
0.316608
0.069780
0.159944
0.305327
0.016892
0.525460
0.377882
0.129232
0.070584
0.136829
0.314649
0.101452
0.379390
0.410000
0.392880
0.431399
0.312303
0.073791
0.082309
0.007209
0.174943
0.092965
0.083395
0.374022
0.016883
0.369169
0.198125
0.098997
0.142704
0.435803
0.025617
0.209832
0.262710
0.431617
0.360610
0.448553
0.097960
0.242992
0.031324
0.170575
0.311951
0.035415
0.538543
0.275742
0.273580
0.082302
0.064414
0.593731
0.226700
0.128115
0.226524
0.580501
0.180963
0.544309
0.807314
0.327521
0.233448
0.171221
0.006338
0.002876
0.113648
0.207493
0.525127
0.135147
0.031539
0.554310
0.528179
0.059734
0.492006
0.351209
0.096520
0.481333
0.249003
0.081493
0.183328
0.161730
0.031464
0.015817
0.173085
0.049232
0.108950
0.393588
0.275358
0.304407
0.404653
0.626881
0.150155
0.126310
0.049253
0.469343
0.132277
0.034507
0.219784
0.051105
0.403338
0.209086
0.005471
0.132545
0.353666
0.102409
0.207746
0.065157
0.070214
0.456785
0.007951
0.027841
0.455874
0.043097
0.695709
0.382206
0.129720
0.624130
0.366906
0.041738
0.572391
0.822722
0.606121
0.460644
0.394817
0.064819
0.217651
0.072380
0.398129
0.490540
0.154108
0.367441
0.380659
0.236634
0.306144
0.076755
0.732979
0.234243
0.234054
0.245140
0.485203
0.023174
0.206246
0.160367
0.120342
0.290978
0.089861
0.185053
0.121967
0.415460
0.077930
0.096510
0.182107
0.617748
0.003707
0.126324
0.200431
0.162469
0.259913
0.186249
0.108038
0.189264
0.078223
0.291255
0.164958
0.478733
0.517746
0.153789
0.269284
0.284130
0.198837
0.355063
0.557875
0.093808
0.238928
0.181281
0.339232
0.328369
0.059050
0.014565
0.091720
0.041362
0.422867
0.191227
0.513560
0.221750
0.215747
0.010231
0.309327
0.658588
0.082282
0.000258
0.293262
0.082347
0.061990
0.286972
0.231651
0.023983
0.046702
0.406307
0.036216
0.606389
0.004250
0.064159
0.122491
0.310136
0.481995
0.091899
0.125094
0.375351
0.048811
0.109197
0.282042
0.028901
0.299984
0.365606
0.523280
0.116470
0.227444
0.146318
0.235068
0.192844
0.309854
0.532630
0.060965
0.358315
0.236772
0.007455
0.070199
0.103313
0.566015
0.392491
0.004082
0.172783
0.076363
0.229562
0.372252
0.487460
0.037975
0.172946
0.460823
0.244225
0.040996
0.275671
0.415532
0.014766
0.564645
0.255534
0.333064
0.262045
0.058520
0.690017
0.116738
0.212954
0.373644
0.081280
0.362887
0.045656
0.021596
0.251797
0.360286
0.308195
0.078753
0.307187
0.075656
0.369053
0.049036
0.004597
0.275607
0.104532
0.081345
0.316298
0.074724
0.052090
0.473519
0.217517
0.297365
0.139885
0.249997
0.401069
0.065265
0.453445
0.525926
0.041155
0.218075
0.040450
0.139317
0.613290
0.280444
0.550056
0.143650
0.077707
0.291140
0.459447
0.056589
0.115481
0.326955
0.005289
0.402605
0.492538
0.088583
0.213264
0.266451
0.439611
0.059928
0.299630
0.182849
0.382996
0.385796
0.208955
0.525406
0.499756
0.176521
0.204403
0.221697
0.032131
0.033245
0.058432
0.196310
0.099590
0.409696
0.078662
0.493544
0.206873
0.209053
0.172553
0.092691
0.080788
0.156416
0.209583
0.195645
0.073257
0.477500
0.014528
0.196643
0.352022
0.291793
0.543217
0.173336
0.031113
0.364976
0.175755
0.335233
0.192522
0.226776
0.179549
0.651103
0.282326
0.432352
0.352758
0.434006
0.137227
0.316154
0.500140
0.240260
0.090214
0.606601
0.024345
0.004653
0.314236
0.036291
0.016647
0.075602
0.277490
0.177711
0.246851
0.058014
0.514555
0.310093
0.129442
0.432262
0.385377
0.038595
0.273447
0.436215
0.365821
0.084036
0.195256
0.551514
0.197942
0.202612
0.153327
0.424788
0.157252
0.460276
0.402735
0.367619
0.211076
0.300512
0.199202
0.329022
0.421225
0.416098
0.134592
0.446334
0.380690
0.081138
0.163912
0.199548
0.190198
0.080217
0.329343
0.102755
0.341986
0.006822
0.130096
0.457704
0.146559
0.012561
0.320083
0.555738
0.012331
0.491741
0.404465
0.160475
0.439298
0.199906
0.126165
0.082544
0.159345
0.004951
0.735015
0.225903
0.197004
0.157788
0.454716
0.032303
0.023697
0.181546
0.184808
0.151710
0.100665
0.308441
0.007562
0.198173
0.134968
0.041425
0.460232
0.029657
0.518742
0.369553
0.163853
0.159797
0.175453
0.403259
0.186203
0.028559
0.574836
0.194447
0.051830
0.256052
0.263394
0.228189
0.035185
0.145747
0.204706
0.237617
0.160563
0.054190
0.303295
0.147569
0.593230
0.062225
0.483528
0.400961
0.055868
0.684100
0.091379
0.388284
0.013866
0.378011
0.233098
0.453993
0.191041
0.582422
0.041012
0.193245
0.109708
0.069771
0.299364
0.136020
0.134702
0.693834
0.034105
0.363872
0.232433
0.194329
0.229067
0.107876
0.295692
0.334698
0.211925
0.057825
0.639258
0.570832
0.354402
0.099239
0.082745
0.054206
0.457542
0.014344
0.107805
0.165656
0.337697
0.180992
0.219515
0.080319
0.462364
0.052063
0.116872
0.487294
0.167264
0.217621
0.201554
0.235372
0.392393
0.357711
0.059021
0.129672
0.057251
0.199351
0.389719
0.121472
0.337167
0.189708
0.325881
0.257739
0.113071
0.175506
0.313890
0.291137
0.107887
0.162556
0.083267
0.418294
0.065811
0.438842
0.257681
0.024526
0.387572
0.225941
0.219876
0.039600
0.208252
0.343431
0.019156
0.419888
0.378969
0.314631
0.035021
0.461490
0.245024
0.069826
0.280682
0.391578
0.397625
0.063287
0.286088
0.181785
0.119826
0.038915
0.051494
0.335382
0.389257
0.066916
0.094464
0.019490
0.374753
0.543747
0.184519
0.384361
0.371095
0.077333
0.007435
0.041776
0.067083
0.365877
0.427275
0.120095
0.225251
0.170756
0.034617
0.080916
0.196067
0.419351
0.227850
0.346058
0.124995
0.359878
0.064385
0.067490
0.033634
0.245462
0.207249
0.136099
0.097152
0.108032
0.670964
0.009068
0.230178
0.128973
0.115082
0.135735
0.107944
0.477433
0.104596
0.725870
0.164533
0.316798
0.315702
0.421067
0.433017
0.140439
0.414014
0.096249
0.081978
0.235661
0.212875
0.308752
0.262527
0.464213
0.437588
0.462532
0.199372
0.140501
0.064661
0.162197
0.014349
0.287661
0.244526
0.320484
0.098074
0.039166
0.079785
0.106230
0.044327
0.420316
0.367139
0.037965
0.286065
0.366170
0.317410
0.071233
0.104978
0.260241
0.415109
0.028233
0.567720
0.039577
0.346851
0.201721
0.346350
0.096567
0.190523
0.340853
0.466772
0.474441
0.166357
0.122820
0.297023
0.235905
0.023962
0.496975
0.273969
0.477865
0.455918
0.165890
0.259487
0.070092
0.226014
0.346247
0.033001
0.172478
0.189022
0.642357
0.169734
0.380694
0.425020
0.161428
0.330812
0.248376
0.265982
0.255427
0.267660
0.476840
0.017465
0.390097
0.174248
0.160545
0.465914
0.000160
0.477225
0.491148
0.162388
0.432641
0.372944
0.223022
0.741330
0.062857
0.428557
0.273075
0.157857
0.380487
0.416474
0.429815
0.052616
0.071549
0.474743
0.061816
0.195683
0.044110
0.459888
0.234010
0.371536
0.078197
0.059496
0.233749
0.526920
0.113348
0.170712
0.432492
0.116242
0.378659
0.166932
0.435511
0.078718
0.241827
0.266273
0.418521
0.054953
0.172365
0.047280
0.638705
0.067550
0.061571
0.430540
0.199929
0.168063
0.434364
0.160173
0.083684
0.202986
0.054876
0.443019
0.204735
0.598912
0.162037
0.227639
0.446209
0.064752
0.491921
0.090971
0.316227
0.393323
0.177762
0.160449
0.177106
0.194039
0.005813
0.276534
0.012994
0.295680
0.155691
0.097256
0.535787
0.201829
0.099197
0.014130
0.198286
0.221075
0.076227
0.425813
0.276574
0.055266
0.081468
0.540027
0.243684
0.473054
0.241350
0.230026
0.392830
0.036707
0.168031
0.084325
0.166271
0.488473
0.437798
0.250087
0.106760
0.250434
0.439232
0.085028
0.139611
0.683536
0.226902
0.121939
0.696456
0.064926
0.062636
0.154859
0.188883
0.284337
0.308367
0.298824
0.226879
0.133198
0.204549
0.247988
0.058538
0.143002
0.230344
0.547333
0.461904
0.069473
0.369101
0.167702
0.255237
0.178688
0.416876
0.343352
0.156269
0.336050
0.543532
0.370211
0.051253
0.133845
0.090000
0.204474
0.379106
0.083406
0.076712
0.231457
0.471678
0.181078
0.242310
0.034656
0.147204
0.266218
0.452748
0.010891
0.363342
0.567622
0.730834
0.080099
0.156745
0.536991
0.427771
0.029176
0.103763
0.191900
0.206751
0.667958
0.191458
0.148375
0.265081
0.037737
0.047066
0.394244
0.251947
0.403656
0.093483
0.112766
0.392021
0.030445
0.196130
0.146158
0.007855
0.333421
0.196781
0.042582
0.343863
0.259406
0.155479
0.381591
0.160757
0.209954
0.164675
0.125719
0.282515
0.054175
0.107271
0.200159
0.320236
0.132673
0.043859
0.166339
0.416461
0.093569
0.260145
0.669330
0.082262
0.037503
0.469312
0.345803
0.185430
0.018812
0.140957
0.021791
0.225373
0.514011
0.377165
0.394856
0.118422
0.389260
0.610662
0.330657
0.384054
0.287970
0.032186
0.126726
0.368171
0.049448
0.428963
0.187106
0.280886
0.250327
0.338103
0.397198
0.205991
0.533968
0.051948
0.434810
0.557584
0.178964
0.021334
0.187381
0.418570
0.496513
0.024798
0.304878
0.020871
0.031453
0.110284
0.101090
0.211147
0.185912
0.204841
0.264775
0.524121
0.020527
0.152891
0.043919
0.227241
0.318717
0.264969
0.362249
0.023755
0.158600
0.149191
0.343389
0.528345
0.181678
0.495476
0.291842
0.108339
0.101745
0.199189
0.059628
0.233765
0.088460
0.506030
0.155534
0.196026
0.507636
0.560859
0.104637
0.069193
0.076990
0.022341
0.550676
0.490545
0.244328
0.097248
0.002377
0.415643
0.246366
0.446175
0.094131
0.247682
0.252992
0.229164
0.044099
0.355998
0.062788
0.080531
0.431848
0.019347
0.212057
0.181428
0.427712
0.191718
0.480805
0.032006
0.046130
0.477906
0.047621
0.046264
0.144956
0.455632
0.341771
0.041774
0.483144
0.235130
0.174897
0.454910
0.318718
0.070855
0.054322
0.090711
0.004446
0.091026
0.019394
0.056354
0.257037
0.373681
0.243588
0.327175
0.496817
0.011140
0.136689
0.266267
0.532760
0.090316
0.047545
0.537523
0.105599
0.355473
0.096192
0.313908
0.649865
0.172330
0.025557
0.431676
0.091272
0.092274
0.384179
0.697577
0.412839
0.003884
0.661093
0.127070
0.324488
0.381769
0.056827
0.152895
0.143023
0.468555
0.479360
0.285061
0.138342
0.054463
0.439714
0.127947
0.363428
0.365540
0.141698
0.467558
0.173078
0.489679
0.216810
0.257550
0.247290
0.062896
0.060716
0.062796
0.141418
0.056067
0.359469
0.442795
0.236104
0.258002
0.177922
0.049717
0.021756
0.188459
0.110368
0.436777
0.466683
0.000375
0.255579
0.173205
0.338562
0.060428
0.226740
0.349206
0.041397
0.390167
0.008538
0.145853
0.322253
0.062615
0.508854
0.395306
0.275401
0.026797
0.050004
0.236231
0.098997
0.494408
0.319738
0.282555
0.307811
0.351089
0.194612
0.074931
0.033075
0.226365
0.184257
0.263582
0.484460
0.272203
0.322263
0.023872
0.039644
0.217660
0.257717
0.146374
0.326162
0.159277
0.562850
0.295043
0.446279
0.051565
0.170051
0.123730
0.153764
0.461628
0.163241
0.516689
0.224175
0.188290
0.122702
0.014102
0.583748
0.331558
0.102317
0.196640
0.595097
0.135874
0.572421
0.658863
0.279772
0.209549
0.125124
0.068024
0.160927
0.100319
0.254056
0.586178
0.143441
0.041413
0.411165
0.625737
0.075692
0.540299
0.399687
0.246475
0.357242
0.286689
0.082383
0.311600
0.090365
0.143996
0.014089
0.086650
0.027910
0.014321
0.182987
0.225443
0.131509
0.407759
0.488147
0.135424
0.054134
0.106617
0.459801
0.072866
0.004591
0.222492
0.000851
0.365557
0.292443
0.214439
0.141367
0.493339
0.157251
0.252890
0.162122
0.019880
0.320426
0.035519
0.014897
0.464127
0.048720
0.645112
0.310060
0.123399
0.478097
0.200904
0.101979
0.454126
0.745863
0.475910
0.324053
0.398012
0.064049
0.152335
0.062581
0.407853
0.393757
0.089934
0.308518
0.284053
0.343005
0.274441
0.119687
0.807947
0.246716
0.227132
0.321687
0.362166
0.106398
0.133033
0.189616
0.156415
0.214846
0.142175
0.219297
0.031319
0.428013
0.073159
0.115559
0.362619
0.688619
0.010882
0.150416
0.210192
0.046805
0.297070
0.249503
0.162472
0.161741
0.045728
0.316673
0.039432
0.496482
0.474039
0.241759
0.384858
0.170418
0.086245
0.360432
0.348202
0.005754
0.157678
0.253493
0.149553
0.294207
0.020161
0.035206
0.011815
0.085548
0.407955
0.251722
0.344000
0.269009
0.207735
0.118324
0.282294
0.585042
0.093869
0.061659
0.342352
0.055584
0.117201
0.186219
0.243102
0.049252
0.127492
0.379972
0.161956
0.556847
0.035719
0.076113
0.064902
0.258486
0.536303
0.176722
0.257039
0.311883
0.137748
0.165012
0.238447
0.052947
0.105886
0.356044
0.470613
0.207212
0.193781
0.004956
0.286480
0.163187
0.262471
0.641774
0.188870
0.405566
0.424434
0.097758
0.060836
0.075542
0.549863
0.403436
0.136899
0.169724
0.194247
0.343001
0.447814
0.500955
0.044439
0.084164
0.354899
0.248803
0.146418
0.176601
0.388388
0.092409
0.535216
0.056417
0.233082
0.259344
0.076323
0.563312
0.128258
0.224632
0.322735
0.073365
0.342741
0.035184
0.010138
0.389384
0.328960
0.224483
0.253238
0.292555
0.157811
0.424738
0.004039
0.130066
0.155232
0.187892
0.087643
0.323843
0.172831
0.084231
0.363153
0.064268
0.248490
0.083096
0.442014
0.266313
0.086991
0.477783
0.475902
0.132032
0.286115
0.107386
0.004316
0.663341
0.219902
0.466100
0.238465
0.151984
0.273970
0.417559
0.078522
0.272864
0.219923
0.164652
0.444479
0.447960
0.041515
0.204507
0.357998
0.314934
0.301518
0.323575
0.188815
0.321322
0.326191
0.209715
0.525360
0.553108
0.200507
0.111903
0.315371
0.082965
0.091369
0.040131
0.246396
0.252619
0.264661
0.022430
0.433078
0.126221
0.135021
0.189217
0.018411
0.000144
0.249772
0.106785
0.295242
0.100937
0.570048
0.083191
0.197734
0.353351
0.332375
0.431971
0.180522
0.039428
0.273169
0.087878
0.403822
0.072516
0.196752
0.084324
0.622908
0.323403
0.477236
0.446055
0.577612
0.116073
0.448779
0.494953
0.315166
0.020709
0.557378
0.094528
0.038801
0.226075
0.099258
0.198198
0.057532
0.355322
0.104919
0.208448
0.015989
0.594481
0.270541
0.104450
0.521863
0.298468
0.191730
0.305524
0.369451
0.367511
0.007380
0.104731
0.655568
0.244006
0.244119
0.113078
0.442874
0.046174
0.469305
0.471401
0.337088
0.211777
0.347404
0.211388
0.345287
0.336685
0.398105
0.256538
0.343952
0.346231
0.178264
0.234742
0.189131
0.330752
0.023056
0.374324
0.173702
0.379465
0.050301
0.092106
0.507939
0.043063
0.105198
0.277455
0.634352
0.035324
0.442169
0.481373
0.161351
0.427654
0.316990
0.027755
0.044626
0.053213
0.098605
0.750243
0.294096
0.202269
0.223081
0.376567
0.135718
0.032808
0.397463
0.339575
0.238408
0.202488
0.224792
0.029243
0.253772
0.168257
0.233522
0.356614
0.016820
0.545586
0.474284
0.176403
0.142186
0.227820
0.393413
0.242161
0.042496
0.537089
0.308388
0.005436
0.253850
0.287482
0.425746
0.143958
0.075572
0.210342
0.184560
0.239232
0.062664
0.130672
0.020234
0.497276
0.025689
0.530825
0.371101
0.055699
0.653253
0.104128
0.457283
0.115502
0.313909
0.285104
0.395492
0.200799
0.720763
0.111594
0.147809
0.204115
0.216733
0.458977
0.082348
0.114331
0.729434
0.055194
0.439486
0.293748
0.178664
0.058446
0.229422
0.117207
0.360197
0.304289
0.093262
0.601879
0.508188
0.479466
0.229089
0.097678
0.175495
0.386931
0.192285
0.043090
0.192119
0.258882
0.206302
0.156335
0.299127
0.636802
0.084497
0.020947
0.430920
0.227228
0.140293
0.275777
0.287577
0.320086
0.262249
0.003523
0.119950
0.030033
0.294004
0.286567
0.215200
0.342232
0.227489
0.389573
0.125481
0.293478
0.291094
0.410149
0.137017
0.051007
0.111488
0.070613
0.442811
0.075966
0.496344
0.190365
0.020949
0.282277
0.129614
0.239003
0.051299
0.251658
0.477400
0.020021
0.396805
0.223937
0.209423
0.038246
0.447553
0.401510
0.102422
0.109145
0.395836
0.278214
0.139058
0.412132
0.039597
0.106119
0.072628
0.086789
0.274329
0.417730
0.028357
0.124930
0.005430
0.432273
0.770801
0.129587
0.375310
0.329954
0.123657
0.028006
0.110544
0.036885
0.344563
0.304778
0.079486
0.281372
0.119271
0.159859
0.035850
0.273786
0.297760
0.202940
0.372472
0.182468
0.404060
0.081024
0.193306
0.163415
0.228128
0.186549
0.101207
0.067629
0.084059
0.626689
0.109480
0.260366
0.168683
0.059775
0.094607
0.111680
0.566032
0.029922
0.622367
0.145934
0.262754
0.319773
0.437361
0.427966
0.225479
0.357999
0.105714
0.002343
0.181826
0.260100
0.317237
0.323188
0.378159
0.446306
0.376533
0.221504
0.207391
0.153841
0.104116
0.032721
0.266502
0.231082
0.314992
0.053622
0.046190
0.038660
0.163019
0.116507
0.436198
0.454904
0.014114
0.320515
0.469303
0.366754
0.193804
0.072052
0.320849
0.332340
0.134847
0.680519
0.064504
0.251438
0.276132
0.382967
0.138730
0.121294
0.229131
0.327764
0.277776
0.175139
0.198019
0.193440
0.280066
0.030123
0.553741
0.320151
0.392435
0.430334
0.039833
0.181473
0.146546
0.174062
0.249217
0.025253
0.127249
0.081798
0.445660
0.085528
0.244514
0.318178
0.000718
0.293569
0.163209
0.385354
0.324996
0.151932
0.339670
0.021367
0.482992
0.143850
0.155694
0.364651
0.102518
0.485073
0.524726
0.213866
0.215768
0.344406
0.127783
0.712868
0.018452
0.532722
0.262699
0.044332
0.496166
0.575928
0.399742
0.082990
0.102336
0.337239
0.070120
0.180009
0.105501
0.425721
0.338406
0.462277
0.112404
0.001452
0.187086
0.436612
0.123686
0.054420
0.433375
0.058838
0.282675
0.150043
0.437276
0.062189
0.224010
0.213596
0.419332
0.021587
0.201768
0.047936
0.755681
0.092869
0.141948
0.306922
0.186735
0.035067
0.464606
0.103173
0.028828
0.159930
0.001167
0.481155
0.139899
0.683025
0.254747
0.248880
0.372330
0.015415
0.475208
0.054540
0.411648
0.469160
0.282187
0.023117
0.182593
0.255468
0.107495
0.168836
0.149859
0.177559
0.298179
0.028290
0.450903
0.076626
0.176479
0.073315
0.151910
0.358037
0.021662
0.316626
0.294428
0.032858
0.040982
0.370696
0.230384
0.476685
0.093322
0.210831
0.319300
0.034205
0.084142
0.338690
0.158699
0.525725
0.412500
0.249721
0.158235
0.275910
0.498899
0.022675
0.130204
0.700079
0.127119
0.095257
0.582164
0.077238
0.176211
0.332863
0.205271
0.249250
0.165593
0.445712
0.236366
0.205054
0.291240
0.288013
0.063300
0.010982
0.254259
0.717647
0.425327
0.033164
0.450785
0.019665
0.359248
0.358294
0.662170
0.375463
0.063513
0.267797
0.460357
0.482376
0.055994
0.192881
0.025388
0.063832
0.518774
0.262511
0.060718
0.193835
0.558199
0.160532
0.197227
0.148503
0.132365
0.177133
0.430114
0.083578
0.386137
0.574157
0.771142
0.113210
0.153443
0.573781
0.370884
0.020107
0.073384
0.203039
0.250771
0.599401
0.163306
0.021216
0.397956
0.160628
0.054490
0.357673
0.216508
0.261147
0.130595
0.153370
0.333188
0.065268
0.147051
0.242765
0.176953
0.353312
0.283484
0.051415
0.348352
0.250056
0.099360
0.388405
0.068183
0.162562
0.197634
0.173383
0.188925
0.083310
0.345826
0.253583
0.207701
0.096995
0.002409
0.208970
0.359262
0.032774
0.398176
0.624671
0.073877
0.115682
0.466204
0.428206
0.169363
0.078893
0.239034
0.031576
0.134660
0.354229
0.442873
0.388143
0.086635
0.411246
0.614292
0.266386
0.360015
0.270320
0.030758
0.256394
0.403941
0.003007
0.415164
0.070945
0.332090
0.154255
0.361021
0.298063
0.216196
0.450090
0.133491
0.321709
0.423608
0.120744
0.045868
0.234422
0.336206
0.349169
0.066931
0.198154
0.048996
0.138144
0.175568
0.231980
0.276278
0.154430
0.248384
0.276390
0.441681
0.049270
0.187064
0.024818
0.377231
0.357812
0.282987
0.404260
0.049295
0.260692
0.014355
0.466403
0.469616
0.183063
0.375662
0.254917
0.165983
0.180695
0.202061
0.002315
0.280345
0.196672
0.480423
0.126042
0.325809
0.453589
0.484838
0.156595
0.060339
0.061213
0.001444
0.632580
0.375887
0.157671
0.122394
0.045359
0.381327
0.189262
0.417156
0.120726
0.193992
0.283506
0.328415
0.021831
0.545559
0.143411
0.009537
0.482408
0.064018
0.310765
0.174870
0.483505
0.172491
0.371055
0.260721
0.084182
0.426693
0.040829
0.064235
0.022031
0.421281
0.288379
0.012786
0.417898
0.184712
0.156498
0.449030
0.370260
0.101062
0.113089
0.030222
0.145966
0.183374
0.096314
0.016880
0.169774
0.434480
0.275190
0.282200
0.516140
0.041043
0.291597
0.268247
0.570262
0.061702
0.073445
0.484475
0.071440
0.340161
0.053183
0.203769
0.558136
0.204823
0.022867
0.408869
0.170004
0.016706
0.290012
0.617750
0.379351
0.036297
0.581249
0.166582
0.321413
0.219806
0.048379
0.166872
0.078598
0.472420
0.528786
0.430793
0.105233
0.070629
0.566522
0.278784
0.344007
0.392174
0.033295
0.419470
0.144516
0.357596
0.199214
0.167870
0.266290
0.074757
0.151432
0.072721
0.133574
0.270113
0.356027
0.446315
0.183330
0.236987
0.119876
0.162608
0.113937
0.002353
0.128975
0.539547
0.471970
0.058151
0.245288
0.198430
0.190525
0.009629
0.309594
0.506637
0.031824
0.379863
0.022329
0.129410
0.335136
0.060253
0.461922
0.374142
0.408769
0.129520
0.145068
0.143312
0.059227
0.588370
0.258360
0.207123
0.226045
0.392175
0.401658
0.105339
0.075345
0.286894
0.300524
0.327330
0.487730
0.501605
0.265376
0.124455
0.056419
0.286715
0.141038
0.248203
0.461776
0.116093
0.611909
0.201398
0.400848
0.028975
0.097623
0.110942
0.140709
0.530769
0.236802
0.416060
0.079529
0.127862
0.161625
0.012586
0.444206
0.390688
0.091814
0.118298
0.556323
0.179218
0.569247
0.514461
0.116452
0.204415
0.150064
0.085051
0.324754
0.027001
0.223772
0.637332
0.104438
0.047276
0.279300
0.572214
0.099840
0.431097
0.446196
0.384515
0.268115
0.285411
0.092171
0.408944
0.033472
0.271257
0.006169
0.072947
0.091969
0.067744
0.026223
0.076243
0.053777
0.416478
0.356725
0.130522
0.031835
0.093961
0.367310
0.058542
0.044465
0.209444
0.002596
0.274671
0.286539
0.445744
0.235895
0.591623
0.244517
0.229404
0.359603
0.034931
0.084939
0.158654
0.124300
0.412852
0.016428
0.612189
0.187955
0.155851
0.256403
0.056782
0.261631
0.266682
0.483696
0.317744
0.192249
0.341659
0.076845
0.117238
0.068725
0.394754
0.315002
0.013325
0.233462
0.174337
0.460687
0.218449
0.122439
0.805388
0.205464
0.197789
0.315313
0.220291
0.212182
0.026877
0.227545
0.119684
0.228698
0.168823
0.270150
0.174118
0.437647
0.204760
0.155711
0.469555
0.635024
0.103065
0.165741
0.221660
0.066414
0.360366
0.315647
0.375810
0.182896
0.053821
0.354084
0.010439
0.449901
0.424607
0.285745
0.490375
0.089110
0.013010
0.331407
0.099210
0.043751
0.091823
0.360863
0.022829
0.255123
0.066609
0.051462
0.117536
0.173017
0.395917
0.322795
0.112179
0.351879
0.256888
0.227335
0.286646
0.422930
0.168839
0.075315
0.390019
0.077452
0.161293
0.127402
0.260812
0.068237
0.194959
0.386080
0.182386
0.464260
0.035420
0.041735
0.280837
0.156065
0.541603
0.209801
0.363474
0.306908
0.150755
0.182369
0.207360
0.054106
0.003285
0.314551
0.398184
0.216867
0.186760
0.041581
0.233710
0.095538
0.191324
0.536120
0.323010
0.447219
0.566407
0.135549
0.069237
0.029352
0.502277
0.464124
0.223146
0.208362
0.270357
0.447452
0.485120
0.502580
0.086008
0.044894
0.268478
0.230163
0.175381
0.133682
0.302974
0.166666
0.505496
0.175595
0.094650
0.225967
0.163713
0.446746
0.100147
0.221850
0.267737
0.017591
0.317212
0.098631
0.035788
0.522670
0.252753
0.104261
0.400260
0.310987
0.076446
0.406820
0.038594
0.190600
0.068266
0.254298
0.074652
0.275210
0.303974
0.105473
0.250639
0.114786
0.194974
0.055198
0.626011
0.163788
0.192332
0.513677
0.428065
0.217104
0.303155
0.138784
0.133371
0.655915
0.114243
0.395790
0.200924
0.179362
0.272827
0.409386
0.130956
0.397793
0.148469
0.316026
0.435581
0.432853
0.009649
0.209572
0.427263
0.143073
0.491470
0.283647
0.207887
0.249254
0.256934
0.171261
0.443201
0.555390
0.263145
0.077348
0.459239
0.128826
0.181079
0.028014
0.207921
0.380178
0.167405
0.007773
0.325061
0.024811
0.119669
0.206598
0.038442
0.142792
0.304407
0.051599
0.404534
0.076551
0.578341
0.196153
0.168012
0.371641
0.328055
0.303302
0.172152
0.073844
0.244818
0.023714
0.466488
0.004983
0.109877
0.005734
0.566787
0.414306
0.467757
0.496832
0.764654
0.071155
0.603889
0.438901
0.320543
0.095213
0.466113
0.217389
0.108223
0.191514
0.183790
0.294606
0.078774
0.365022
0.043624
0.193615
0.077020
0.521167
0.254776
0.097880
0.516206
0.203023
0.270432
0.305172
0.262488
0.349417
0.109017
0.051424
0.671745
0.323414
0.232363
0.031495
0.452757
0.029022
0.480718
0.508383
0.265368
0.234619
0.414752
0.213981
0.324783
0.256373
0.348728
0.243336
0.289105
0.270273
0.321513
0.253754
0.236107
0.430366
0.014298
0.406988
0.300814
0.394564
0.078300
0.063689
0.544937
0.045801
0.137745
0.302789
0.655613
0.066489
0.373284
0.509890
0.145971
0.370512
0.451167
0.041211
0.079341
0.001475
0.201184
0.637371
0.309841
0.092830
0.229815
0.260679
0.374748
0.159047
0.493691
0.489013
0.213081
0.325228
0.189209
0.136730
0.348020
0.228245
0.350696
0.211277
0.079574
0.468608
0.478449
0.218923
0.130329
0.241535
0.341450
0.335750
0.089712
0.480038
0.336565
0.081009
0.272539
0.238378
0.601878
0.332915
0.038544
0.172978
0.158094
0.349040
0.000910
0.126633
0.139718
0.385464
0.010255
0.534260
0.377457
0.128391
0.500038
0.066819
0.482245
0.169736
0.242264
0.314564
0.296226
0.251801
0.797877
0.150910
0.129970
0.234525
0.256779
0.591465
0.007183
0.043856
0.663664
0.015086
0.492184
0.256659
0.157694
0.033295
0.332231
0.096530
0.339177
0.422157
0.145188
0.425662
0.365294
0.502126
0.352517
0.154023
0.240068
0.376178
0.355048
0.124474
0.176310
0.100206
0.155801
0.094756
0.504174
0.725950
0.209197
0.026714
0.298571
0.297489
0.007986
0.339955
0.259706
0.237276
0.208820
0.104761
0.124418
0.125942
0.355309
0.213540
0.343072
0.238176
0.190220
0.444573
0.007557
0.415009
0.473155
0.439556
0.004042
0.029380
0.076319
0.220151
0.395646
0.168086
0.463517
0.147257
0.074654
0.169482
0.012108
0.274769
0.117176
0.340070
0.508069
0.057480
0.410993
0.014208
0.095327
0.078600
0.413363
0.426920
0.162049
0.135716
0.354732
0.131624
0.264209
0.526365
0.074357
0.149728
0.029811
0.138539
0.201435
0.454146
0.073253
0.121007
0.056698
0.451350
0.840096
0.097468
0.332336
0.238140
0.075460
0.077379
0.206180
0.053192
0.397014
0.271448
0.084200
0.362625
0.064821
0.138157
0.084192
0.296025
0.204803
0.209776
0.349397
0.235518
0.393974
0.095693
0.276444
0.312219
0.266298
0.100675
0.298658
0.064613
0.084116
0.518660
0.252078
0.269475
0.245436
0.001617
0.059023
0.092470
0.664524
0.134461
0.505986
0.099985
0.231540
0.282436
0.466827
0.399477
0.251524
0.304368
0.110526
0.013683
0.058027
0.313620
0.345522
0.427423
0.282401
0.405696
0.260495
0.258825
0.207094
0.375076
0.007799
0.118220
0.219603
0.191551
0.276422
0.117463
0.128233
0.045859
0.210597
0.206545
0.418146
0.532933
0.142508
0.284728
0.516028
0.385836
0.240612
0.011979
0.323678
0.228549
0.155674
0.631360
0.134865
0.221338
0.348578
0.340520
0.144569
0.071673
0.059167
0.209463
0.180189
0.156486
0.244914
0.155438
0.220342
0.052961
0.460461
0.330271
0.316701
0.443092
0.040045
0.082469
0.283045
0.145577
0.226198
0.054310
0.088995
0.070190
0.252507
0.011596
0.050828
0.171023
0.183025
0.298305
0.080805
0.458331
0.430063
0.054680
0.226815
0.074896
0.517510
0.059583
0.193296
0.227191
0.101900
0.495538
0.480044
0.253931
0.052421
0.341359
0.006437
0.534376
0.119831
0.568171
0.272875
0.060744
0.560234
0.646254
0.282861
0.153282
0.145668
0.208756
0.159488
0.184815
0.139402
0.336867
0.462584
0.473301
0.060045
0.131079
0.102602
0.251645
0.146621
0.092333
0.419862
0.044161
0.207608
0.128166
0.385081
0.151348
0.249583
0.114670
0.385871
0.046356
0.167700
0.016813
0.724959
0.137259
0.158927
0.156755
0.188456
0.064456
0.461625
0.077390
0.135306
0.125014
0.010241
0.501464
0.117884
0.680299
0.363493
0.253471
0.196279
0.091602
0.451402
0.038745
0.439249
0.480310
0.346041
0.070394
0.228113
0.343331
0.188153
0.122622
0.210175
0.060404
0.446571
0.045430
0.261235
0.039387
0.186027
0.177707
0.150084
0.479483
0.105279
0.234550
0.281773
0.104550
0.010900
0.301141
0.205268
0.462370
0.034578
0.128703
0.217041
0.074565
0.028973
0.509992
0.215214
0.468690
0.368363
0.183879
0.214155
0.249146
0.539667
0.057343
0.103969
0.533171
0.009989
0.108323
0.366085
0.098793
0.291274
0.499800
0.276105
0.198240
0.036718
0.464765
0.177142
0.330598
0.391663
0.327640
0.109690
0.081330
0.284914
0.785773
0.362542
0.046205
0.486761
0.099752
0.341783
0.462082
0.779023
0.314473
0.019450
0.178690
0.343972
0.525362
0.095501
0.234149
0.057735
0.001062
0.553662
0.480758
0.209439
0.169547
0.579494
0.119502
0.157796
0.220839
0.085529
0.148548
0.332806
0.109054
0.379224
0.478963
0.675073
0.176256
0.124315
0.415474
0.246172
0.022312
0.258244
0.153213
0.234834
0.472172
0.115782
0.154339
0.487071
0.250118
0.145203
0.252640
0.124884
0.095501
0.241126
0.168262
0.287879
0.062671
0.139716
0.324701
0.275984
0.324280
0.371470
0.041978
0.359651
0.150442
0.067275
0.413387
0.004200
0.177115
0.221762
0.258219
0.083407
0.232051
0.630045
0.344441
0.062168
0.051994
0.048847
0.224523
0.372887
0.108667
0.498615
0.487322
0.222264
0.201259
0.441039
0.469960
0.102719
0.161877
0.281370
0.110816
0.054118
0.184799
0.472102
0.378605
0.076753
0.440771
0.529918
0.159171
0.303402
0.165567
0.040694
0.368674
0.430654
0.003585
0.377609
0.009520
0.392370
0.027410
0.343138
0.234328
0.228743
0.328146
0.164762
0.137985
0.337371
0.064924
0.083669
0.208400
0.254211
0.180933
0.183621
0.130913
0.040902
0.297469
0.185941
0.363184
0.309609
0.151470
0.296876
0.189936
0.338776
0.021890
0.286662
0.017017
0.500394
0.350189
0.309785
0.427481
0.085181
0.371160
0.142389
0.569425
0.390083
0.178433
0.198327
0.169395
0.161293
0.273533
0.182622
0.057525
0.316255
0.256075
0.397173
0.136184
0.370065
0.397199
0.370275
0.232324
0.056933
0.059800
0.054836
0.578935
0.165827
0.059539
0.157215
0.182252
0.325213
0.147768
0.435568
0.144322
0.056029
0.323479
0.389371
0.039521
0.629947
0.221868
0.175163
0.451204
0.104740
0.407359
0.192072
0.503056
0.071906
0.252055
0.437553
0.068723
0.345090
0.083255
0.108085
0.233237
0.397795
0.343776
0.006194
0.294061
0.017773
0.225068
0.500251
0.331925
0.105917
0.263031
0.107903
0.284610
0.282229
0.080588
0.010597
0.171247
0.414097
0.294588
0.284564
0.544402
0.052242
0.369479
0.374528
0.546432
0.038410
0.113011
0.470526
0.072177
0.292246
0.028760
0.050072
0.383095
0.243771
0.013877
0.393353
0.117778
0.125946
0.169968
0.501389
0.364625
0.060450
0.416361
0.182526
0.342543
0.089685
0.073933
0.202013
0.006688
0.414589
0.547234
0.474651
0.061766
0.081019
0.582919
0.379227
0.295470
0.428828
0.029175
0.319733
0.111183
0.214000
0.152490
0.097726
0.244087
0.146221
0.226603
0.022764
0.066090
0.489509
0.281420
0.441585
0.214212
0.233981
0.066223
0.329357
0.203103
0.169777
0.088624
0.589970
0.377355
0.104925
0.236697
0.181207
0.026360
0.054939
0.272114
0.584803
0.074397
0.353231
0.037422
0.146087
0.341618
0.015719
0.410533
0.299852
0.529412
0.210715
0.213192
0.092729
0.065773
0.611219
0.231784
0.197536
0.081835
0.385486
0.558985
0.145222
0.061023
0.275425
0.372231
0.312954
0.495545
0.585278
0.156494
0.079942
0.095222
0.316251
0.037144
0.303334
0.512140
0.135745
0.502888
0.124209
0.373582
0.039628
0.030790
0.025131
0.167983
0.460957
0.259019
0.329957
0.039220
0.006436
0.286445
0.026718
0.191982
0.386525
0.100470
0.039484
0.431871
0.206318
0.500879
0.317050
0.086347
0.283553
0.208262
0.107807
0.475543
0.033808
0.147714
0.620618
0.034180
0.053263
0.199625
0.501274
0.203927
0.278276
0.434371
0.493170
0.188950
0.299538
0.091929
0.406812
0.040697
0.374637
0.061283
0.234714
0.164310
0.182920
0.160332
0.093600
0.292070
0.336678
0.227073
0.159804
0.133649
0.009435
0.242478
0.017378
0.105828
0.190547
0.025460
0.110689
0.229088
0.522570
0.297357
0.673813
0.346141
0.226937
0.581499
0.114105
0.061615
0.218704
0.216033
0.274308
0.096569
0.546451
0.008348
0.171197
0.084658
0.134583
0.434838
0.055966
0.197353
0.237439
0.027371
0.288722
0.042844
0.100626
0.090707
0.336531
0.249728
0.069884
0.148111
0.057145
0.559949
0.195897
0.061041
0.616262
0.183709
0.157347
0.264836
0.146138
0.330172
0.082579
0.200416
0.043456
0.304120
0.266906
0.297954
0.237917
0.398519
0.312785
0.139275
0.491706
0.454381
0.222593
0.140801
0.288927
0.124387
0.373287
0.216667
0.595296
0.231681
0.146982
0.335705
0.134469
0.386520
0.259266
0.289588
0.549003
0.063487
0.071257
0.333800
0.123644
0.012393
0.050462
0.423426
0.118632
0.192569
0.110119
0.081712
0.234075
0.234873
0.296979
0.340222
0.109245
0.431938
0.247414
0.378468
0.269193
0.201837
0.251955
0.050626
0.388613
0.104860
0.242844
0.109000
0.256439
0.102902
0.286685
0.318062
0.087653
0.330625
0.010677
0.104460
0.432697
0.044199
0.477472
0.219043
0.494076
0.285524
0.142713
0.137726
0.211413
0.008171
0.032119
0.275823
0.381221
0.231544
0.149600
0.064851
0.178923
0.053922
0.163765
0.366394
0.343630
0.378715
0.644598
0.211830
0.130327
0.029401
0.448414
0.498714
0.297554
0.228205
0.263791
0.506384
0.448472
0.532652
0.128100
0.061775
0.180397
0.119674
0.163203
0.038124
0.179160
0.228236
0.473247
0.302154
0.080492
0.147501
0.187645
0.328007
0.066938
0.254213
0.290569
0.039254
0.303233
0.134581
0.097955
0.617436
0.161679
0.025597
0.394822
0.366332
0.035088
0.364531
0.069810
0.256468
0.012159
0.250859
0.081420
0.232403
0.400216
0.115695
0.086001
0.312124
0.217443
0.000170
0.642346
0.018298
0.297591
0.529055
0.429788
0.220187
0.337829
0.081707
0.190063
0.598996
0.018373
0.275416
0.146884
0.167206
0.255463
0.435613
0.229677
0.524519
0.123731
0.351474
0.408462
0.410923
0.032831
0.157120
0.456427
0.019202
0.599032
0.182319
0.233320
0.199021
0.177115
0.136724
0.343848
0.470871
0.321764
0.042420
0.532515
0.163699
0.293615
0.002518
0.210824
0.487273
0.102300
0.075866
0.209187
0.064211
0.073704
0.230251
0.096338
0.246793
0.337445
0.011312
0.510408
0.004909
0.458296
0.298860
0.149090
0.430251
0.277418
0.145110
0.286088
0.060834
0.295549
0.064140
0.511034
0.069634
0.006039
0.079383
0.369399
0.392805
0.436593
0.472895
0.792029
0.086905
0.734753
0.365144
0.253087
0.153685
0.366556
0.313851
0.123702
0.106254
0.221992
0.348299
0.067725
0.456295
0.069998
0.195349
0.224899
0.462490
0.280542
0.163183
0.495868
0.122966
0.415725
0.247869
0.099722
0.363866
0.134384
0.047644
0.610419
0.446421
0.161551
0.105705
0.478383
0.128470
0.422182
0.524125
0.139860
0.286452
0.462434
0.215308
0.263287
0.176687
0.284146
0.211792
0.289146
0.149521
0.404179
0.260182
0.232947
0.586186
0.058106
0.449626
0.493938
0.379539
0.115436
0.047785
0.496694
0.049292
0.172705
0.233144
0.603596
0.084002
0.329735
0.512626
0.064722
0.275177
0.613260
0.126248
0.143233
0.006003
0.250380
0.499395
0.331772
0.023196
0.176431
0.145568
0.617405
0.320766
0.485121
0.562916
0.137434
0.332273
0.201227
0.184337
0.386063
0.330476
0.415653
0.149296
0.252288
0.367996
0.434523
0.284222
0.115464
0.209938
0.266401
0.356937
0.048994
0.417199
0.382792
0.103266
0.321498
0.264881
0.579073
0.520678
0.097180
0.054700
0.153902
0.490913
0.112984
0.416060
0.326965
0.309331
0.018497
0.461760
0.359513
0.207208
0.229435
0.066730
0.439618
0.229394
0.254623
0.343449
0.104940
0.310856
0.741302
0.258505
0.151817
0.263536
0.341843
0.612793
0.027991
0.054561
0.508089
0.014682
0.472499
0.176848
0.175094
0.062552
0.419329
0.306285
0.304685
0.418025
0.210635
0.198099
0.196665
0.483505
0.388340
0.214576
0.313102
0.326677
0.469896
0.279670
0.189986
0.065620
0.050943
0.048563
0.638408
0.559401
0.326296
0.089612
0.132405
0.399415
0.197371
0.359448
0.286643
0.177592
0.091292
0.230186
0.042251
0.184155
0.353683
0.125125
0.453022
0.145051
0.203454
0.524232
0.066631
0.563496
0.660574
0.420258
0.093251
0.016325
0.107352
0.385183
0.336482
0.296262
0.432769
0.124663
0.209211
0.088813
0.138364
0.205071
0.056026
0.413424
0.430149
0.119454
0.357530
0.171013
0.046994
0.023552
0.372798
0.402219
0.228012
0.406685
0.278214
0.053936
0.303372
0.537620
0.127581
0.194413
0.059855
0.111514
0.205461
0.499153
0.160016
0.205781
0.064263
0.410616
0.747266
0.034372
0.267897
0.210111
0.058114
0.092160
0.311641
0.096547
0.437423
0.309810
0.051797
0.374245
0.020808
0.073261
0.144889
0.341680
0.125223
0.264535
0.296040
0.230453
0.417357
0.073657
0.246322
0.388560
0.325298
0.039734
0.480249
0.029623
0.148852
0.404243
0.408771
0.255545
0.304703
0.092264
0.137840
0.050017
0.692505
0.298885
0.370340
0.098604
0.198018
0.178561
0.467705
0.301120
0.228267
0.246923
0.075073
0.067796
0.076045
0.305400
0.341247
0.442244
0.111060
0.337789
0.071822
0.352091
0.171461
0.526300
0.018902
0.208564
0.114041
0.212054
0.276572
0.166216
0.244909
0.062488
0.256630
0.276556
0.304798
0.568136
0.313425
0.179183
0.485383
0.366391
0.301137
0.112457
0.334629
0.178890
0.101433
0.416361
0.183389
0.162426
0.407647
0.304514
0.256196
0.115868
0.083068
0.138394
0.069249
0.148420
0.220365
0.080752
0.154068
0.049109
0.349696
0.387900
0.289593
0.430463
0.091147
0.025660
0.492442
0.099899
0.155140
0.116741
0.001338
0.163505
0.061708
0.034373
0.208416
0.068850
0.267045
0.249957
0.013279
0.452019
0.453835
0.044694
0.163256
0.064640
0.476343
0.022309
0.205206
0.122864
0.122502
0.401636
0.384037
0.316474
0.290066
0.329755
0.037246
0.274581
0.210065
0.561884
0.260660
0.151749
0.570710
0.610398
0.147722
0.193782
0.188972
0.131057
0.266423
0.135920
0.172490
0.251130
0.490791
0.451152
0.033832
0.250155
0.011424
0.061744
0.180410
0.242533
0.431380
0.189857
0.151002
0.079613
0.311607
0.238836
0.267274
0.063901
0.351537
0.081241
0.191561
0.003785
0.640328
0.097935
0.197761
0.079240
0.188112
0.101098
0.417807
0.004250
0.208518
0.156140
0.068796
0.435994
0.109618
0.641045
0.371031
0.241775
0.037127
0.110509
0.382185
0.151522
0.419695
0.430942
0.331057
0.135244
0.290759
0.449449
0.193743
0.149458
0.276434
0.001031
0.541882
0.158717
0.130812
0.049025
0.151335
0.263188
0.162638
0.561684
0.198454
0.170445
0.246533
0.145483
0.103385
0.174260
0.162743
0.469936
0.016865
0.024129
0.137605
0.087506
0.006609
0.567873
0.230972
0.295387
0.303629
0.047873
0.250484
0.220024
0.554253
0.060945
0.006939
0.341361
0.080117
0.073781
0.184974
0.113062
0.385481
0.583483
0.364096
0.185704
0.069528
0.438893
0.111480
0.489716
0.451916
0.321562
0.115888
0.133889
0.314039
0.670816
0.247922
0.058764
0.464182
0.179303
0.246723
0.433361
0.773904
0.123866
0.000246
0.016376
0.243320
0.519807
0.082230
0.284490
0.099714
0.000357
0.470125
0.660563
0.363838
0.045066
0.503669
0.009200
0.149510
0.303035
0.093320
0.087050
0.291644
0.124794
0.401762
0.310880
0.551555
0.241419
0.065124
0.215692
0.147215
0.094140
0.316733
0.160399
0.216045
0.273873
0.119769
0.275537
0.597204
0.325274
0.223748
0.111498
0.057584
0.036280
0.342518
0.103222
0.225746
0.010283
0.154135
0.446170
0.417581
0.263187
0.443536
0.046939
0.327263
0.019653
0.086492
0.331977
0.102937
0.117613
0.185916
0.297376
0.028162
0.344161
0.783196
0.397437
0.123973
0.061185
0.130032
0.210140
0.270935
0.186415
0.554516
0.362992
0.330508
0.291659
0.495694
0.489965
0.010320
0.288519
0.349874
0.254116
0.024005
0.119776
0.439271
0.387005
0.002611
0.384394
0.485611
0.130842
0.232946
0.001163
0.077703
0.479951
0.440660
0.000810
0.226394
0.029920
0.539545
0.086245
0.360200
0.171610
0.203370
0.234938
0.117450
0.035729
0.231959
0.064900
0.089824
0.124350
0.144474
0.020330
0.301343
0.049689
0.061223
0.463405
0.170671
0.483881
0.244650
0.171496
0.288662
0.039010
0.278657
0.042026
0.336212
0.092502
0.563322
0.309424
0.266921
0.382443
0.116775
0.374454
0.239106
0.536877
0.363102
0.248304
0.041868
0.103520
0.144244
0.303010
0.145223
0.129862
0.323563
0.236971
0.328894
0.086963
0.378984
0.307365
0.280107
0.307991
0.124400
0.103446
0.166728
0.564583
0.108077
0.058730
0.192938
0.237396
0.250925
0.051179
0.404117
0.057222
0.157333
0.312158
0.408105
0.003792
0.594826
0.319271
0.318753
0.370196
0.160254
0.463977
0.185312
0.557519
0.044317
0.070736
0.611112
0.026151
0.211941
0.135574
0.202110
0.391807
0.318320
0.374657
0.036410
0.161572
0.203688
0.274147
0.492354
0.267499
0.142490
0.368574
0.230923
0.448962
0.262198
0.046594
0.098985
0.216913
0.397058
0.315971
0.264693
0.530225
0.010006
0.313066
0.449287
0.417679
0.176541
0.203653
0.435227
0.094297
0.203329
0.001642
0.034094
0.267332
0.277490
0.013215
0.319098
0.091237
0.174201
0.068450
0.413305
0.309258
0.043183
0.183187
0.147737
0.395946
0.034632
0.135202
0.311564
0.178061
0.350828
0.535051
0.446218
0.033332
0.036552
0.507281
0.406929
0.226699
0.416886
0.115885
0.234576
0.139607
0.099792
0.157676
0.046155
0.249693
0.167677
0.304108
0.051993
0.007702
0.647862
0.182563
0.440913
0.279714
0.217680
0.091833
0.471702
0.231955
0.227044
0.025782
0.479366
0.331039
0.188265
0.230393
0.072542
0.153674
0.084455
0.239374
0.577877
0.059531
0.359372
0.079536
0.112122
0.356386
0.003835
0.306406
0.203748
0.535304
0.254766
0.209748
0.099194
0.076976
0.557223
0.236807
0.180690
0.006016
0.352230
0.651907
0.133049
0.009047
0.330121
0.384706
0.249578
0.420095
0.592908
0.080494
0.043934
0.146652
0.389558
0.005220
0.323353
0.495515
0.227181
0.347569
0.080545
0.349212
0.033811
0.026214
0.161090
0.201185
0.429085
0.251746
0.291423
0.170898
0.117000
0.450316
0.005405
0.058603
0.323534
0.144380
0.042948
0.357169
0.298777
0.383340
0.190729
0.242345
0.409629
0.287017
0.100178
0.541604
0.045072
0.044853
0.555468
0.014146
0.078913
0.169672
0.369804
0.257755
0.081297
0.363513
0.610036
0.134279
0.328829
0.083669
0.370576
0.086637
0.415999
0.119954
0.402040
0.306350
0.248872
0.298594
0.331723
0.404377
0.304704
0.092867
0.186394
0.210473
0.122438
0.114010
0.042001
0.238047
0.169425
0.033180
0.061896
0.089578
0.557677
0.405339
0.612087
0.469121
0.221978
0.715724
0.127581
0.217632
0.291186
0.264288
0.041973
0.247697
0.591782
0.140363
0.276599
0.052278
0.323948
0.597993
0.129727
0.097266
0.187442
0.109641
0.217848
0.044547
0.139180
0.160960
0.216634
0.220502
0.119721
0.086506
0.037950
0.651828
0.186537
0.021464
0.367489
0.159742
0.078890
0.154299
0.099260
0.504463
0.176434
0.203309
0.123770
0.437726
0.249853
0.271058
0.251857
0.234205
0.355916
0.146031
0.457559
0.279342
0.402290
0.093160
0.356979
0.120572
0.436531
0.101572
0.688905
0.279220
0.259059
0.359805
0.170719
0.347664
0.146450
0.207131
0.577261
0.043436
0.129949
0.300009
0.273729
0.109053
0.201111
0.435883
0.167384
0.170397
0.186109
0.139157
0.436519
0.223696
0.162307
0.277841
0.306884
0.584292
0.280338
0.465959
0.358682
0.023921
0.371977
0.022297
0.393564
0.166036
0.301617
0.182243
0.306500
0.122883
0.271303
0.230919
0.053339
0.271169
0.102456
0.144346
0.490590
0.238379
0.343307
0.217270
0.552951
0.266875
0.077606
0.044727
0.261044
0.028422
0.019989
0.282303
0.392930
0.229427
0.141707
0.012997
0.139324
0.033804
0.127164
0.168411
0.325983
0.320260
0.645899
0.226531
0.202785
0.040114
0.411310
0.530883
0.255810
0.245189
0.197222
0.552922
0.398759
0.491688
0.138834
0.058832
0.148877
0.019003
0.070105
0.031155
0.031396
0.288960
0.447968
0.391377
0.240543
0.039057
0.165078
0.301341
0.011338
0.273183
0.311768
0.107774
0.258414
0.217754
0.143427
0.664876
0.110654
0.038446
0.361268
0.393535
0.226100
0.303201
0.078939
0.234941
0.069804
0.230159
0.074542
0.172412
0.457173
0.108863
0.021488
0.463925
0.253080
0.073716
0.583417
0.076502
0.429566
0.551167
0.453220
0.190584
0.297249
0.034763
0.204635
0.534181
0.088662
0.136756
0.050105
0.132344
0.166073
0.391333
0.399297
0.575027
0.142952
0.366644
0.375042
0.407643
0.015555
0.084696
0.394904
0.110290
0.612513
0.090179
0.284286
0.199614
0.065944
0.085626
0.209387
0.432828
0.374864
0.089816
0.534947
0.154701
0.373605
0.012144
0.226717
0.496351
0.077028
0.135476
0.085474
0.063454
0.092734
0.226120
0.081863
0.380829
0.327302
0.000752
0.531189
0.102191
0.313759
0.328095
0.099269
0.479066
0.217745
0.020369
0.376737
0.068710
0.362586
0.116066
0.462963
0.089265
0.078289
0.162035
0.276081
0.395572
0.381479
0.298975
0.725984
0.123385
0.715548
0.329354
0.094735
0.183396
0.246035
0.411740
0.158159
0.080797
0.204503
0.344174
0.127664
0.510832
0.161511
0.143600
0.357485
0.420793
0.292599
0.209746
0.417714
0.111523
0.539983
0.131726
0.020648
0.335712
0.085498
0.104543
0.519011
0.532189
0.082013
0.230748
0.422794
0.193507
0.327637
0.417708
0.043249
0.342120
0.492557
0.244782
0.155337
0.081705
0.293982
0.141837
0.345222
0.129187
0.426601
0.229449
0.227259
0.622449
0.062163
0.491103
0.612874
0.329750
0.105695
0.007130
0.513936
0.106375
0.137474
0.254103
0.546428
0.103894
0.324519
0.454642
0.072103
0.172920
0.667915
0.104028
0.184722
0.033544
0.240056
0.327805
0.345981
0.223422
0.122900
0.048270
0.748751
0.438590
0.360152
0.605536
0.020035
0.301812
0.251478
0.221622
0.365819
0.504540
0.361225
0.133112
0.369407
0.216539
0.376736
0.381239
0.127254
0.218770
0.136293
0.315542
0.065401
0.358047
0.380513
0.108035
0.409189
0.281150
0.485717
0.555320
0.202928
0.028728
0.154455
0.607753
0.219059
0.749409
0.462457
0.281697
0.012115
0.377282
0.349719
0.319802
0.095546
0.018233
0.365453
0.196532
0.210764
0.385067
0.035449
0.455045
0.614472
0.286309
0.179013
0.249193
0.366821
0.637508
0.010198
0.176762
0.353540
0.041253
0.462295
0.029039
0.223243
0.010054
0.435497
0.440741
0.231779
0.442150
0.213188
0.101583
0.063460
0.440451
0.401662
0.238790
0.347555
0.358943
0.500639
0.443225
0.170272
0.223442
0.134988
0.015786
0.649589
0.296685
0.454143
0.109769
0.011110
0.507365
0.341380
0.370267
0.282169
0.174748
0.040509
0.381569
0.052953
0.225550
0.277474
0.095974
0.584579
0.030627
0.105643
0.488957
0.083416
0.581351
0.708307
0.426997
0.207352
0.024846
0.182302
0.542536
0.230833
0.476401
0.343189
0.127183
0.317436
0.036396
0.267917
0.125088
0.070281
0.454507
0.243528
0.225002
0.297271
0.322953
0.187179
0.029142
0.347363
0.353440
0.326795
0.706946
0.197021
0.225301
0.424909
0.461269
0.158180
0.272885
0.132710
0.007161
0.192974
0.535896
0.263847
0.220164
0.087380
0.332016
0.529581
0.049148
0.187669
0.146758
0.051546
0.127879
0.363858
0.156429
0.490204
0.445487
0.043198
0.283712
0.008961
0.076655
0.258495
0.272398
0.089043
0.377333
0.246941
0.190135
0.405316
0.000395
0.151236
0.439675
0.420605
0.000944
0.568188
0.015767
0.260658
0.330768
0.508448
0.230650
0.347093
0.167184
0.147705
0.048012
0.618456
0.456543
0.271992
0.114650
0.241465
0.057958
0.443541
0.216792
0.079475
0.227147
0.049208
0.157039
0.210892
0.241618
0.337707
0.461855
0.013855
0.195802
0.079791
0.409149
0.139007
0.589666
0.023956
0.312126
0.017671
0.255001
0.201912
0.287908
0.367752
0.139132
0.302252
0.321778
0.170396
0.517611
0.494069
0.014364
0.440612
0.309789
0.333676
0.189230
0.282467
0.150921
0.042837
0.163510
0.210502
0.133130
0.408803
0.322497
0.292369
0.153376
0.209596
0.134502
0.007906
0.155861
0.122135
0.051325
0.117603
0.020687
0.275433
0.361191
0.255120
0.399384
0.101727
0.014494
0.652574
0.055015
0.229669
0.102020
0.124980
0.219428
0.041471
0.058610
0.462276
0.053615
0.326676
0.250053
0.011905
0.369573
0.426785
0.108068
0.133829
0.105050
0.397268
0.144462
0.274978
0.033237
0.113881
0.273987
0.287437
0.355710
0.420171
0.362647
0.105661
0.021341
0.270687
0.488963
0.236066
0.227788
0.554696
0.503971
0.006647
0.281004
0.213622
0.128842
0.403312
0.150024
0.180380
0.156787
0.477022
0.403667
0.172498
0.394310
0.094739
0.120953
0.211600
0.267961
0.459927
0.333186
0.187445
0.037799
0.184770
0.345227
0.308066
0.180697
0.298216
0.067262
0.229997
0.060081
0.450968
0.100673
0.232472
0.295443
0.143169
0.146671
0.387047
0.055749
0.250406
0.168536
0.095914
0.358959
0.134208
0.535454
0.321337
0.231481
0.322675
0.071349
0.391471
0.205795
0.418679
0.364342
0.278674
0.121266
0.356484
0.523801
0.129977
0.137607
0.286894
0.013728
0.563193
0.228426
0.049086
0.098220
0.060285
0.399954
0.233741
0.511085
0.237717
0.133059
0.206535
0.255981
0.150619
0.125030
0.112880
0.438997
0.033594
0.103202
0.050919
0.097409
0.051051
0.537173
0.326506
0.145261
0.178253
0.019218
0.244132
0.169836
0.475929
0.164162
0.081881
0.161477
0.119210
0.015386
0.044903
0.151588
0.428851
0.579078
0.437995
0.157501
0.139145
0.370606
0.009546
0.593193
0.448334
0.300549
0.075980
0.102867
0.357175
0.451544
0.073365
0.086905
0.396325
0.217821
0.176862
0.331298
0.595311
0.082280
0.056229
0.146928
0.140817
0.475574
0.011363
0.300987
0.197264
0.066711
0.205135
0.684703
0.453962
0.076905
0.411939
0.083417
0.139979
0.279171
0.057888
0.082388
0.266777
0.093249
0.401623
0.068789
0.434581
0.304184
0.029787
0.018363
0.113903
0.224215
0.326709
0.175138
0.237636
0.102813
0.127877
0.374970
0.585205
0.362368
0.255329
0.024759
0.008395
0.185528
0.467580
0.006370
0.196736
0.098660
0.129173
0.541576
0.491005
0.210208
0.536349
0.050894
0.277250
0.137369
0.162952
0.283969
0.199491
0.149606
0.125120
0.326432
0.062000
0.387730
0.822941
0.433200
0.260623
0.081076
0.194563
0.196932
0.191469
0.271740
0.524586
0.200585
0.380435
0.398717
0.523410
0.499963
0.148565
0.400790
0.305464
0.374986
0.081187
0.084481
0.365291
0.450457
0.017328
0.365865
0.338693
0.058676
0.160376
0.223616
0.130998
0.570112
0.406777
0.026300
0.088001
0.055767
0.638301
0.179789
0.311480
0.214757
0.142644
0.108816
0.033263
0.185588
0.189198
0.087119
0.106512
0.028669
0.113782
0.186517
0.352577
0.017118
0.092346
0.603423
0.066444
0.499871
0.193665
0.235274
0.278696
0.174359
0.212612
0.054924
0.408956
0.156196
0.499567
0.218392
0.211799
0.343513
0.093190
0.362843
0.292331
0.469497
0.390231
0.254531
0.133625
0.014314
0.074000
0.337500
0.106385
0.219990
0.319328
0.182002
0.254728
0.078650
0.320787
0.230219
0.269751
0.256690
0.179473
0.201463
0.291772
0.525946
0.356580
0.152124
0.250575
0.205080
0.161950
0.070666
0.388438
0.001415
0.427440
0.337030
0.394447
0.001478
0.500098
0.321778
0.380654
0.249641
0.232612
0.564275
0.173755
0.524980
0.218164
0.127907
0.655399
0.040115
0.092906
0.192763
0.349448
0.537925
0.303055
0.400814
0.065886
0.009830
0.414227
0.339100
0.493748
0.238046
0.120022
0.351782
0.364371
0.534176
0.165969
0.050350
0.116255
0.345716
0.288767
0.317464
0.221616
0.501506
0.062383
0.198188
0.566982
0.221133
0.249195
0.335430
0.383595
0.111659
0.074909
0.093857
0.074080
0.092302
0.328951
0.040464
0.243959
0.032851
0.126593
0.024488
0.358522
0.301330
0.004574
0.027650
0.092222
0.430715
0.004392
0.175497
0.447764
0.317899
0.254282
0.487338
0.436572
0.154679
0.040628
0.365272
0.339310
0.112774
0.429979
0.176536
0.209704
0.208239
0.038678
0.209131
0.021688
0.244666
0.159319
0.344870
0.172371
0.052454
0.705751
0.009785
0.468325
0.394563
0.229806
0.053433
0.619936
0.235802
0.236897
0.098991
0.406479
0.278059
0.269109
0.259839
0.009660
0.212910
0.048679
0.150495
0.548784
0.009115
0.429436
0.162104
0.036499
0.353075
0.020920
0.226232
0.150556
0.508794
0.243025
0.194097
0.167066
0.075113
0.474955
0.231494
0.221651
0.114958
0.288978
0.676104
0.134978
0.070109
0.406093
0.383336
0.145402
0.384155
0.543397
0.014410
0.103801
0.215677
0.424330
0.097678
0.277478
0.426319
0.256001
0.123853
0.058823
0.337143
0.103505
0.038830
0.331449
0.298823
0.340196
0.213402
0.335976
0.274247
0.241702
0.569171
0.076945
0.216207
0.155385
0.184234
0.092024
0.337376
0.366505
0.176383
0.006649
0.300664
0.498886
0.313967
0.070564
0.540986
0.182389
0.067233
0.384588
0.020658
0.044706
0.209589
0.236693
0.382104
0.086834
0.239997
0.669873
0.087451
0.393471
0.067036
0.270127
0.058235
0.419992
0.172867
0.485861
0.398775
0.305675
0.294081
0.502956
0.464958
0.286883
0.001360
0.247056
0.296051
0.288549
0.033380
0.034014
0.393439
0.207437
0.064333
0.243146
0.021794
0.470687
0.450249
0.572993
0.511256
0.248465
0.779479
0.079835
0.216063
0.308863
0.256173
0.141049
0.378580
0.554540
0.340798
0.376451
0.108904
0.539178
0.665941
0.230033
0.260596
0.200702
0.229277
0.207526
0.140274
0.193627
0.195219
0.089926
0.212766
0.135160
0.083189
0.084998
0.643458
0.170096
0.056043
0.120826
0.155309
0.011888
0.013258
0.098259
0.629636
0.275149
0.128829
0.298334
0.551643
0.287440
0.177061
0.202946
0.085170
0.314593
0.068986
0.447497
0.076889
0.528209
0.016324
0.401421
0.069883
0.424503
0.082471
0.693859
0.284905
0.352019
0.328329
0.247581
0.343444
0.006756
0.098009
0.533080
0.016672
0.181734
0.260704
0.364209
0.232669
0.288119
0.368587
0.211868
0.191327
0.227974
0.248861
0.549610
0.188635
0.080224
0.136382
0.465536
0.712954
0.297855
0.524588
0.408616
0.133019
0.487213
0.027972
0.431371
0.247894
0.376651
0.281580
0.357645
0.169185
0.298676
0.102412
0.209816
0.209906
0.195080
0.185347
0.467549
0.380893
0.182859
0.159006
0.583344
0.229955
0.037756
0.052584
0.292774
0.099084
0.139361
0.318171
0.483615
0.205346
0.086525
0.075916
0.090235
0.081287
0.153892
0.002895
0.235754
0.294153
0.568689
0.273466
0.268439
0.100302
0.354638
0.498944
0.219398
0.218390
0.079035
0.541488
0.404057
0.478814
0.180564
0.016042
0.108940
0.142149
0.074610
0.106280
0.051037
0.373770
0.430282
0.393463
0.399192
0.021826
0.071438
0.268180
0.065274
0.279111
0.337694
0.169111
0.177784
0.262209
0.155332
0.663286
0.072000
0.042676
0.236216
0.404340
0.343507
0.219304
0.077298
0.151068
0.153488
0.148426
0.044739
0.123918
0.457532
0.104516
0.119889
0.550394
0.276885
0.145871
0.493829
0.222864
0.539175
0.510232
0.407894
0.110427
0.297010
0.209960
0.135646
0.401695
0.117442
0.046152
0.005248
0.095468
0.036062
0.340510
0.538271
0.579694
0.129317
0.264314
0.329663
0.287743
0.006249
0.006784
0.343056
0.100519
0.521536
0.016330
0.306897
0.231900
0.029117
0.031777
0.100987
0.388547
0.376379
0.082700
0.446318
0.115891
0.417896
0.045985
0.295355
0.456460
0.064790
0.190425
0.014877
0.062869
0.087940
0.218492
0.048036
0.445465
0.293755
0.000286
0.471489
0.213540
0.158098
0.260639
0.017973
0.473984
0.113258
0.094083
0.427979
0.048625
0.377862
0.181311
0.378508
0.098938
0.132757
0.167472
0.136579
0.338599
0.372826
0.094545
0.515008
0.218670
0.574541
0.208636
0.061227
0.164200
0.185852
0.431106
0.143490
0.009819
0.110453
0.305386
0.188820
0.594841
0.255498
0.103529
0.494136
0.408240
0.284613
0.184371
0.332038
0.057137
0.671871
0.039148
0.015240
0.299878
0.074376
0.154617
0.405566
0.558632
0.003358
0.333470
0.387701
0.269411
0.156487
0.321663
0.237281
0.358756
0.490020
0.233553
0.053776
0.033607
0.298056
0.070877
0.382114
0.138387
0.429196
0.170711
0.181125
0.586126
0.059618
0.431893
0.676635
0.250888
0.131167
0.018454
0.469538
0.099482
0.120901
0.218612
0.399001
0.122049
0.296525
0.350252
0.177554
0.053423
0.649773
0.074200
0.170757
0.064954
0.185910
0.208877
0.361462
0.414595
0.084827
0.013066
0.692694
0.469394
0.223685
0.580847
0.067410
0.204194
0.256595
0.172862
0.271630
0.578506
0.183062
0.213619
0.354699
0.160413
0.249985
0.458017
0.165516
0.192661
0.045689
0.198113
0.202985
0.298387
0.311373
0.080928
0.447192
0.294938
0.243738
0.534303
0.340335
0.093826
0.190466
0.671020
0.318846
0.909654
0.520959
0.245793
0.012120
0.228608
0.372246
0.407361
0.393303
0.009858
0.272114
0.186465
0.168881
0.438584
0.138545
0.520641
0.435456
0.305664
0.162761
0.257641
0.435851
0.607927
0.117957
0.260678
0.202703
0.158340
0.349766
0.081473
0.293782
0.042385
0.464710
0.503341
0.128129
0.438057
0.164890
0.301348
0.008421
0.402686
0.386983
0.266559
0.362937
0.376443
0.477484
0.579464
0.208651
0.325670
0.395286
0.003364
0.525853
0.004365
0.508806
0.143609
0.144611
0.603147
0.432534
0.335553
0.344276
0.184800
0.229482
0.483100
0.225309
0.237260
0.105007
0.017147
0.624355
0.111239
0.032779
0.426531
0.033156
0.516056
0.632400
0.407784
0.289761
0.054350
0.264477
0.690584
0.092973
0.623218
0.266034
0.067233
0.348395
0.014617
0.362940
0.011189
0.007473
0.470426
0.023568
0.283639
0.178599
0.440971
0.293789
0.007706
0.333993
0.315474
0.421715
0.874539
0.099362
0.323419
0.458897
0.312145
0.174584
0.283849
0.205396
0.060133
0.233648
0.526847
0.291405
0.282487
0.052289
0.219287
0.288597
0.132753
0.122574
0.129815
0.143479
0.150449
0.417409
0.193623
0.488647
0.548158
0.048452
0.189766
0.001508
0.176758
0.356089
0.218575
0.067630
0.425292
0.214450
0.101525
0.270471
0.037311
0.004546
0.462294
0.477091
0.022086
0.558468
0.060774
0.405449
0.295588
0.520742
0.243224
0.354398
0.227065
0.215772
0.030120
0.506540
0.497682
0.160724
0.141463
0.338797
0.097792
0.451592
0.175783
0.040140
0.239356
0.023767
0.232873
0.290620
0.173916
0.322181
0.390783
0.019404
0.094426
0.201797
0.453015
0.078871
0.535629
0.051891
0.396984
0.178117
0.355243
0.200043
0.380597
0.446216
0.163719
0.384009
0.270924
0.073811
0.456210
0.610012
0.163735
0.356894
0.282119
0.318866
0.233983
0.312757
0.167904
0.195951
0.029322
0.205159
0.101857
0.351374
0.353832
0.387927
0.257876
0.282268
0.147412
0.077934
0.212176
0.014691
0.010877
0.097451
0.021177
0.192520
0.372769
0.209677
0.351051
0.090120
0.043572
0.707600
0.043583
0.310236
0.070770
0.323191
0.195843
0.118460
0.127986
0.648531
0.131656
0.303118
0.268410
0.028597
0.343140
0.326109
0.159993
0.090446
0.127407
0.314424
0.238226
0.333473
0.046689
0.122560
0.062776
0.163826
0.351086
0.478404
0.441228
0.087915
0.252131
0.284609
0.481452
0.166730
0.321473
0.437447
0.428479
0.118441
0.346350
0.260622
0.183290
0.512612
0.135600
0.176331
0.070021
0.431993
0.321969
0.317683
0.472417
0.203461
0.232079
0.224860
0.260851
0.466360
0.405529
0.208149
0.027396
0.147785
0.427705
0.320223
0.371522
0.289807
0.039774
0.299055
0.178637
0.343346
0.054690
0.368239
0.536824
0.172140
0.172135
0.345370
0.173458
0.278688
0.211779
0.104051
0.264353
0.165729
0.481284
0.276837
0.243524
0.595143
0.000169
0.377031
0.284595
0.463500
0.280222
0.148660
0.137961
0.394363
0.553896
0.021746
0.151133
0.222541
0.078163
0.523148
0.260166
0.099848
0.170677
0.014674
0.504224
0.312385
0.372226
0.186236
0.150885
0.136522
0.307891
0.241835
0.033448
0.123816
0.423803
0.037786
0.166217
0.010697
0.126757
0.153313
0.469789
0.403583
0.046840
0.093601
0.070915
0.187357
0.158060
0.387011
0.213713
0.158398
0.110003
0.085039
0.047482
0.029798
0.191013
0.385943
0.541002
0.431824
0.162972
0.175795
0.242527
0.164477
0.564257
0.352728
0.339789
0.034695
0.076596
0.310887
0.234338
0.107029
0.170571
0.303042
0.203072
0.126099
0.186880
0.393367
0.273533
0.113412
0.279348
0.077036
0.457704
0.040565
0.285167
0.274091
0.165063
0.092212
0.552668
0.465452
0.303247
0.347441
0.191036
0.171870
0.204787
0.124819
0.098883
0.259292
0.000148
0.411955
0.161890
0.366256
0.335875
0.183830
0.216145
0.180029
0.310365
0.290914
0.169998
0.302100
0.048972
0.177194
0.331100
0.560311
0.423465
0.172902
0.120162
0.099441
0.302220
0.454205
0.133209
0.161142
0.285140
0.105810
0.598488
0.516957
0.179073
0.629661
0.046945
0.206693
0.302311
0.293362
0.163507
0.246365
0.164168
0.001334
0.285761
0.075014
0.360823
0.637326
0.419533
0.337280
0.129715
0.290620
0.118957
0.061051
0.270230
0.456028
0.057770
0.434569
0.513655
0.501587
0.527427
0.242645
0.531193
0.205332
0.478147
0.192630
0.106467
0.239717
0.480903
0.004883
0.340733
0.206285
0.051936
0.118152
0.437607
0.249527
0.559294
0.346448
0.057413
0.066743
0.069228
0.677021
0.243586
0.268206
0.263342
0.021684
0.050978
0.117512
0.301294
0.176761
0.123696
0.111224
0.033971
0.113068
0.310469
0.290794
0.020691
0.118381
0.626876
0.063553
0.469511
0.085067
0.314986
0.259077
0.319836
0.135946
0.070325
0.405859
0.241935
0.350494
0.137992
0.093515
0.283266
0.056356
0.282642
0.304667
0.398375
0.447395
0.277338
0.208883
0.054663
0.043830
0.333206
0.131440
0.302730
0.272677
0.107200
0.187815
0.087447
0.253994
0.139128
0.298239
0.162526
0.235313
0.304114
0.413484
0.520319
0.556698
0.226669
0.239247
0.101624
0.097281
0.192731
0.304390
0.119583
0.625651
0.361354
0.318354
0.102034
0.452613
0.331678
0.358298
0.185171
0.246206
0.589440
0.116058
0.493825
0.343756
0.327051
0.657879
0.089234
0.005406
0.126690
0.491660
0.607366
0.247436
0.391853
0.133743
0.150587
0.548889
0.295875
0.481596
0.209894
0.057417
0.285021
0.435002
0.543015
0.012544
0.120793
0.160204
0.480063
0.148958
0.373561
0.135235
0.406812
0.149650
0.004721
0.552293
0.031189
0.246896
0.465914
0.350132
0.148621
0.000332
0.224554
0.012978
0.026930
0.326278
0.040632
0.044127
0.170066
0.135604
0.027087
0.303485
0.260861
0.096544
0.075365
0.077541
0.479520
0.016244
0.170053
0.528845
0.462106
0.141966
0.410920
0.457857
0.304975
0.161269
0.243331
0.231997
0.052797
0.397695
0.251752
0.235603
0.223685
0.057972
0.205786
0.012497
0.281082
0.141702
0.279490
0.272494
0.073012
0.655612
0.152523
0.494711
0.483663
0.149856
0.004611
0.644373
0.190521
0.132834
0.224217
0.269138
0.277441
0.395584
0.343729
0.070707
0.164281
0.081810
0.025793
0.513906
0.059197
0.447548
0.249787
0.041176
0.324726
0.055393
0.142595
0.115771
0.519616
0.204412
0.100357
0.263044
0.059445
0.374516
0.310980
0.248647
0.128390
0.232988
0.617246
0.146434
0.122084
0.458821
0.379300
0.050255
0.272421
0.417671
0.004814
0.180368
0.273843
0.424765
0.152200
0.166550
0.342666
0.241512
0.086346
0.070537
0.289477
0.158346
0.014721
0.406342
0.409747
0.213801
0.171808
0.365232
0.341386
0.285879
0.600198
0.205903
0.236060
0.026370
0.295687
0.126905
0.417103
0.430805
0.075706
0.088602
0.323085
0.566832
0.315001
0.019796
0.534401
0.328212
0.168087
0.243893
0.016515
0.035996
0.263468
0.062732
0.436916
0.247215
0.129129
0.607580
0.066316
0.474066
0.040783
0.178543
0.057306
0.397932
0.216203
0.513327
0.539733
0.258489
0.233595
0.654294
0.404949
0.334758
0.069640
0.339805
0.335225
0.483371
0.006416
0.095416
0.554882
0.284353
0.201251
0.352656
0.074025
0.337881
0.488223
0.497175
0.469220
0.241315
0.695641
0.022546
0.191923
0.399230
0.236201
0.210028
0.434820
0.483083
0.439625
0.503037
0.124496
0.602105
0.614150
0.280198
0.400592
0.220649
0.335921
0.197795
0.219069
0.283832
0.178862
0.028631
0.218751
0.032712
0.085432
0.078129
0.564050
0.146964
0.082135
0.088656
0.177238
0.023892
0.118238
0.079259
0.682566
0.372761
0.111416
0.511910
0.661219
0.291058
0.068625
0.136728
0.113165
0.262718
0.034145
0.401299
0.114877
0.605124
0.056019
0.418593
0.036635
0.394690
0.224724
0.540171
0.280391
0.456485
0.338419
0.220726
0.333418
0.071250
0.003110
0.476682
0.008294
0.263550
0.145569
0.448708
0.305323
0.334051
0.227948
0.176364
0.283182
0.213761
0.363593
0.591155
0.080132
0.062165
0.038129
0.575143
0.730508
0.338114
0.431522
0.449772
0.239635
0.529865
0.080455
0.393620
0.338537
0.416305
0.391262
0.432439
0.150812
0.281850
0.064039
0.358531
0.169296
0.270701
0.165919
0.332108
0.498158
0.041780
0.120310
0.589545
0.210054
0.210078
0.123077
0.326348
0.185446
0.219592
0.334721
0.542825
0.196446
0.071328
0.231707
0.030617
0.064336
0.202862
0.124479
0.134160
0.302637
0.482369
0.246034
0.320676
0.165331
0.264262
0.509819
0.122247
0.245809
0.064303
0.506744
0.377042
0.417498
0.219493
0.040861
0.108500
0.233848
0.226282
0.141146
0.078574
0.384692
0.366736
0.342322
0.536420
0.032836
0.029010
0.308189
0.135383
0.261752
0.312562
0.180390
0.087019
0.329424
0.210145
0.584820
0.055231
0.031813
0.058652
0.327536
0.497318
0.178005
0.064480
0.062075
0.187999
0.044652
0.016173
0.090428
0.436693
0.071920
0.146422
0.548333
0.294546
0.213361
0.327400
0.273896
0.606988
0.464339
0.283764
0.079822
0.207624
0.366345
0.046025
0.204471
0.108400
0.200081
0.077824
0.038262
0.129479
0.245194
0.656103
0.493249
0.071334
0.124067
0.283028
0.186968
0.047736
0.052085
0.236704
0.006824
0.382269
0.073618
0.354629
0.253381
0.089291
0.019334
0.006137
0.304794
0.334427
0.162352
0.321104
0.079392
0.443602
0.056371
0.273096
0.427714
0.113276
0.212215
0.020075
0.078957
0.161162
0.206940
0.010620
0.541985
0.248357
0.065003
0.302426
0.310782
0.030026
0.196423
0.032773
0.438142
0.034694
0.169290
0.391086
0.075192
0.323162
0.197481
0.249400
0.026444
0.152227
0.087488
0.104240
0.294858
0.403515
0.118670
0.309926
0.280541
0.382159
0.067360
0.221141
0.153648
0.127972
0.371665
0.144085
0.024793
0.019112
0.176865
0.304963
0.551560
0.300038
0.098252
0.563101
0.371044
0.254882
0.087757
0.230395
0.016764
0.670619
0.233481
0.125629
0.248196
0.205755
0.236881
0.314559
0.546856
0.107112
0.374228
0.323985
0.265292
0.081620
0.253167
0.451407
0.371503
0.496905
0.230660
0.001217
0.154964
0.337249
0.078558
0.357117
0.229454
0.366696
0.099546
0.181717
0.420513
0.059481
0.337887
0.653596
0.154964
0.141776
0.061624
0.400756
0.137545
0.014091
0.311207
0.279105
0.152990
0.267825
0.256659
0.209628
0.050714
0.529440
0.030623
0.163604
0.147898
0.130723
0.131241
0.309400
0.588458
0.020587
0.060531
0.527174
0.456061
0.065404
0.542413
0.200008
0.113144
0.250753
0.137847
0.192307
0.626859
0.032735
0.265645
0.260601
0.076045
0.190585
0.470737
0.227588
0.162018
0.035251
0.109884
0.299043
0.232496
0.207536
0.089218
0.425217
0.191260
0.015016
0.464088
0.441224
0.121467
0.230553
0.621973
0.366364
0.895039
0.460068
0.244121
0.021542
0.096513
0.454100
0.498859
0.621857
0.025876
0.198009
0.180490
0.115019
0.491751
0.204164
0.573819
0.305561
0.255594
0.140529
0.192665
0.443911
0.542242
0.235510
0.351780
0.040434
0.189351
0.231684
0.173911
0.370020
0.049174
0.487892
0.524862
0.002256
0.517151
0.132530
0.460697
0.009941
0.326530
0.368169
0.253668
0.367767
0.397315
0.372500
0.611856
0.266551
0.375917
0.603329
0.031551
0.329274
0.148809
0.556323
0.119208
0.232367
0.587231
0.464703
0.296098
0.353839
0.154948
0.323966
0.563245
0.347960
0.230954
0.048195
0.019261
0.655136
0.186464
0.021895
0.284857
0.060074
0.326141
0.454490
0.391741
0.278790
0.102404
0.284746
0.716701
0.048040
0.724058
0.186376
0.044977
0.265771
0.020303
0.453057
0.100414
0.059186
0.474458
0.159156
0.382952
0.120383
0.463835
0.342190
0.113570
0.362741
0.254136
0.504352
0.867261
0.111270
0.384965
0.523916
0.159022
0.169151
0.316195
0.263454
0.113817
0.215230
0.487378
0.329632
0.253477
0.052415
0.124798
0.115517
0.108103
0.126036
0.102438
0.200147
0.155255
0.430695
0.235086
0.523846
0.539716
0.107751
0.162547
0.011548
0.313835
0.458718
0.102586
0.126941
0.429441
0.208986
0.009364
0.082591
0.085695
0.129005
0.460733
0.467630
0.017354
0.420185
0.058903
0.517596
0.307589
0.516068
0.272190
0.344938
0.251697
0.166697
0.047554
0.362503
0.466287
0.157982
0.101102
0.501980
0.180234
0.446464
0.176249
0.124622
0.272209
0.100062
0.228966
0.307171
0.142006
0.367051
0.350941
0.069497
0.014533
0.268246
0.438832
0.015252
0.435388
0.141619
0.469068
0.257605
0.417417
0.195853
0.466822
0.445037
0.201254
0.466694
0.165856
0.013805
0.383219
0.660905
0.262032
0.267610
0.262199
0.207562
0.254516
0.363339
0.170067
0.359198
0.209420
0.125731
0.142432
0.258455
0.389589
0.417396
0.348665
0.296781
0.204049
0.062149
0.239978
0.226753
0.073815
0.146713
0.054282
0.090473
0.315743
0.134489
0.329500
0.036428
0.078710
0.626487
0.070501
0.399338
0.027707
0.479261
0.119103
0.125949
0.218222
0.718325
0.203952
0.253315
0.366082
0.138577
0.372369
0.209408
0.188271
0.061399
0.263833
0.240816
0.348622
0.433319
0.087828
0.093188
0.043334
0.086154
0.353832
0.497191
0.464057
0.110894
0.416075
0.293153
0.440241
0.115711
0.440511
0.356570
0.336568
0.221659
0.428398
0.261118
0.218420
0.587858
0.188125
0.140239
0.021358
0.421600
0.219747
0.471095
0.566964
0.309542
0.301390
0.220713
0.176170
0.457696
0.452867
0.219756
0.105665
0.173202
0.401682
0.340379
0.521108
0.278026
0.009876
0.280792
0.362524
0.221335
0.058272
0.484561
0.652811
0.197618
0.176817
0.331533
0.206873
0.292704
0.190843
0.088921
0.219969
0.221095
0.416122
0.266904
0.258949
0.698853
0.081143
0.384553
0.339160
0.416439
0.219556
0.018959
0.068990
0.415839
0.572540
0.101366
0.147416
0.116513
0.150605
0.452738
0.298084
0.171086
0.283097
0.103895
0.544180
0.417996
0.171320
0.068640
0.188079
0.033977
0.363605
0.253726
0.056923
0.159973
0.388483
0.076127
0.172584
0.034459
0.160478
0.323931
0.363950
0.525889
0.021515
0.031370
0.143560
0.113597
0.175376
0.284301
0.315189
0.195216
0.098822
0.023205
0.051404
0.055685
0.196693
0.375336
0.493030
0.405763
0.137010
0.178604
0.077101
0.331663
0.461748
0.210506
0.336760
0.048994
0.037212
0.184405
0.093517
0.221456
0.282867
0.219845
0.100377
0.034278
0.023238
0.198635
0.433994
0.203535
0.367788
0.029726
0.443566
0.059382
0.269799
0.344351
0.260746
0.376044
0.348966
0.377598
0.460703
0.290919
0.243878
0.140209
0.029611
0.218600
0.201431
0.170020
0.066631
0.380048
0.324871
0.247774
0.311496
0.338108
0.382904
0.247026
0.365429
0.213134
0.130799
0.375518
0.166944
0.218194
0.293546
0.485070
0.423179
0.030353
0.127859
0.166624
0.343696
0.417720
0.205600
0.195507
0.443905
0.109180
0.547810
0.464488
0.169968
0.646238
0.044496
0.117536
0.450172
0.427344
0.108669
0.239862
0.209887
0.048598
0.304529
0.018588
0.301363
0.406003
0.394378
0.304984
0.140477
0.318413
0.048962
0.035778
0.291699
0.327158
0.089184
0.325300
0.587016
0.428044
0.527268
0.273604
0.590356
0.035354
0.464662
0.234582
0.094363
0.132891
0.547093
0.064962
0.355521
0.065066
0.045181
0.101802
0.589857
0.291147
0.463944
0.289773
0.060712
0.121960
0.058249
0.534291
0.299246
0.175113
0.321463
0.136947
0.031983
0.284372
0.373420
0.179073
0.134974
0.139265
0.106951
0.201360
0.294042
0.165401
0.099993
0.202927
0.567597
0.203209
0.399295
0.024652
0.380272
0.232584
0.421851
0.054008
0.023495
0.428082
0.306400
0.182864
0.001497
0.016709
0.205984
0.017729
0.241221
0.319788
0.354493
0.469238
0.220702
0.220326
0.062279
0.030921
0.286787
0.156406
0.320379
0.143812
0.002350
0.144821
0.153500
0.126451
0.100289
0.278996
0.032107
0.227304
0.384223
0.508579
0.456642
0.668034
0.263879
0.229711
0.004773
0.029577
0.203477
0.200216
0.155775
0.699995
0.422144
0.219374
0.189974
0.366360
0.299616
0.318744
0.114241
0.213609
0.580295
0.077214
0.408183
0.469266
0.376148
0.601569
0.127200
0.021286
0.070351
0.539700
0.534844
0.272829
0.415393
0.127451
0.340331
0.595272
0.237384
0.467260
0.155621
0.028783
0.189639
0.500836
0.470940
0.169579
0.239120
0.148188
0.624985
0.034447
0.416582
0.071628
0.376602
0.230212
0.229764
0.571624
0.090678
0.190605
0.575920
0.308130
0.211744
0.010968
0.287203
0.011787
0.020521
0.341287
0.061876
0.112196
0.401125
0.128185
0.100919
0.271390
0.216137
0.198044
0.059278
0.068746
0.476561
0.001667
0.189169
0.510799
0.586055
0.034949
0.312344
0.450173
0.390131
0.310529
0.114255
0.097605
0.006347
0.420977
0.208091
0.231153
0.273951
0.134116
0.194103
0.005812
0.275098
0.079287
0.185742
0.398248
0.024313
0.490925
0.335912
0.552029
0.551172
0.100451
0.087524
0.584471
0.087389
0.009018
0.318492
0.167079
0.263718
0.487953
0.451295
0.128922
0.019168
0.245691
0.181347
0.427827
0.145154
0.471380
0.343976
0.095493
0.272049
0.064776
0.134551
0.129337
0.517921
0.114420
0.040069
0.387499
0.064875
0.264797
0.386226
0.296510
0.187322
0.222195
0.469066
0.182098
0.145133
0.459592
0.344438
0.008991
0.197428
0.208462
0.047066
0.323555
0.283820
0.291038
0.165989
0.058245
0.230344
0.247023
0.263725
0.140006
0.228372
0.215494
0.063156
0.412737
0.495859
0.004433
0.073015
0.401428
0.335462
0.358403
0.531551
0.360580
0.193261
0.036955
0.410060
0.099436
0.468479
0.402019
0.309273
0.187907
0.272583
0.568184
0.290123
0.034111
0.462609
0.525681
0.213935
0.103531
0.092206
0.088627
0.310470
0.032375
0.429617
0.364685
0.049390
0.535895
0.053187
0.502058
0.030865
0.007294
0.106210
0.410121
0.229159
0.412336
0.555079
0.170535
0.037745
0.769616
0.296919
0.332344
0.115585
0.411417
0.273005
0.584019
0.016976
0.249599
0.678344
0.344083
0.284127
0.411647
0.034519
0.096470
0.434439
0.435923
0.288761
0.300067
0.526746
0.042491
0.019641
0.468656
0.194897
0.279137
0.468096
0.329473
0.509311
0.530570
0.039784
0.594830
0.516333
0.213207
0.404026
0.304503
0.391379
0.233919
0.294207
0.385553
0.141576
0.008343
0.256283
0.133379
0.123589
0.009467
0.432661
0.154639
0.089893
0.215025
0.260915
0.038608
0.224390
0.117089
0.643266
0.386207
0.052181
0.685741
0.701028
0.351707
0.029224
0.024380
0.317155
0.246480
0.007063
0.318451
0.273331
0.615827
0.068630
0.424838
0.006317
0.289372
0.350349
0.425499
0.284937
0.489391
0.293925
0.275772
0.335084
0.137261
0.110706
0.409922
0.007753
0.314786
0.053774
0.566858
0.341205
0.355982
0.159539
0.124898
0.359263
0.163821
0.383609
0.481601
0.058969
0.064861
0.113407
0.571057
0.630210
0.326595
0.303439
0.373524
0.257621
0.478971
0.156150
0.340395
0.384762
0.436003
0.485466
0.449002
0.098523
0.240101
0.043602
0.416312
0.111649
0.307274
0.188815
0.111849
0.525020
0.043886
0.055817
0.555806
0.227202
0.391752
0.207497
0.381617
0.216681
0.258963
0.381220
0.567118
0.211421
0.043141
0.389151
0.010431
0.021334
0.326424
0.179150
0.019835
0.256132
0.454498
0.275790
0.266427
0.279036
0.122180
0.548767
0.065195
0.324765
0.226559
0.341576
0.346306
0.336328
0.249855
0.078712
0.122418
0.260102
0.323991
0.115996
0.052856
0.335485
0.270887
0.191426
0.661194
0.027379
0.178097
0.324455
0.217018
0.267978
0.316813
0.113442
0.016813
0.334872
0.235897
0.518052
0.021261
0.073060
0.153014
0.190254
0.608299
0.174057
0.033076
0.090637
0.177317
0.074656
0.099236
0.122612
0.382704
0.037338
0.149858
0.523243
0.226324
0.300012
0.143509
0.274428
0.652060
0.348963
0.122574
0.074304
0.081619
0.550122
0.075123
0.004049
0.094862
0.407795
0.063819
0.049742
0.199067
0.151270
0.690299
0.347354
0.003404
0.053019
0.238723
0.073122
0.147584
0.146790
0.157924
0.171349
0.242198
0.125674
0.406828
0.300072
0.064702
0.068749
0.003914
0.169158
0.287061
0.193681
0.175550
0.061947
0.419077
0.094638
0.306316
0.345372
0.214486
0.257893
0.043290
0.085432
0.235376
0.212998
0.034003
0.557451
0.121999
0.152402
0.124861
0.430710
0.087185
0.182126
0.031018
0.361160
0.040397
0.196206
0.415877
0.142488
0.254876
0.226692
0.098569
0.073348
0.169532
0.036821
0.031736
0.189173
0.460461
0.279156
0.035268
0.394725
0.169481
0.087318
0.304229
0.178873
0.071410
0.230449
0.097299
0.060437
0.106541
0.040301
0.366327
0.460233
0.387399
0.075672
0.474642
0.353321
0.226612
0.003974
0.145786
0.014780
0.594518
0.400974
0.313692
0.239320
0.311732
0.305059
0.310627
0.495706
0.226089
0.351758
0.276886
0.243551
0.077136
0.217814
0.544858
0.331154
0.443470
0.242611
0.040980
0.189196
0.298208
0.099887
0.285742
0.281453
0.247461
0.025451
0.160871
0.304578
0.074553
0.218723
0.562217
0.068008
0.132998
0.200908
0.261765
0.185493
0.018956
0.336928
0.136720
0.229316
0.240848
0.155753
0.293405
0.102494
0.448845
0.108424
0.160874
0.231364
0.026804
0.137024
0.240560
0.638358
0.011847
0.066493
0.289567
0.397565
0.068878
0.464143
0.311814
0.034060
0.275253
0.007836
0.102544
0.608500
0.239889
0.320918
0.132466
0.106221
0.172249
0.429508
0.284065
0.038475
0.015813
0.035410
0.384274
0.192947
0.103364
0.022404
0.328404
0.092285
0.254358
0.363644
0.473723
0.156982
0.289619
0.563754
0.337088
0.678590
0.413473
0.268947
0.012861
0.051383
0.464659
0.567228
0.731213
0.039962
0.129210
0.202213
0.155099
0.538961
0.291528
0.516152
0.160369
0.267226
0.130813
0.150003
0.494783
0.360090
0.334166
0.433869
0.085139
0.277263
0.139023
0.196814
0.477851
0.037376
0.560183
0.432631
0.082369
0.496950
0.114596
0.497048
0.050751
0.251213
0.311141
0.162017
0.397067
0.386961
0.234944
0.502201
0.320247
0.346318
0.692221
0.119969
0.120370
0.224864
0.588936
0.064412
0.294337
0.520095
0.449248
0.234362
0.398347
0.153427
0.457439
0.599536
0.414223
0.242740
0.218501
0.048590
0.585775
0.179682
0.046222
0.222355
0.172838
0.140567
0.303763
0.272894
0.168500
0.181619
0.264671
0.645619
0.148715
0.694664
0.206236
0.236600
0.172580
0.109265
0.460770
0.275755
0.032369
0.460553
0.276675
0.435565
0.074312
0.395957
0.270087
0.200498
0.390392
0.228703
0.563138
0.688708
0.084587
0.396556
0.528162
0.002641
0.155653
0.281702
0.313908
0.101393
0.273010
0.406423
0.316448
0.262569
0.057358
0.020940
0.023370
0.024987
0.117781
0.145543
0.293918
0.093894
0.426870
0.211224
0.512790
0.356626
0.135718
0.129355
0.018715
0.382652
0.468275
0.051265
0.143548
0.320065
0.193475
0.098645
0.075852
0.084381
0.288951
0.382919
0.416791
0.046238
0.287948
0.037801
0.549029
0.326624
0.489652
0.292685
0.267058
0.228622
0.139926
0.038633
0.223131
0.336876
0.181694
0.083775
0.589006
0.284706
0.393366
0.166068
0.124718
0.335134
0.207788
0.223832
0.291491
0.097476
0.346754
0.251119
0.166364
0.081573
0.306489
0.368491
0.015745
0.296858
0.254898
0.441360
0.317368
0.458539
0.227239
0.450646
0.376538
0.149556
0.478480
0.014876
0.075517
0.291965
0.561816
0.322395
0.210250
0.230580
0.079641
0.211480
0.476316
0.145383
0.423592
0.291779
0.020705
0.124977
0.093420
0.424919
0.430513
0.472517
0.286998
0.228380
0.067968
0.308676
0.417376
0.142724
0.182833
0.056594
0.065271
0.268348
0.074781
0.235549
0.069451
0.155218
0.458883
0.095281
0.363870
0.011638
0.598369
0.004757
0.085937
0.222345
0.668029
0.255119
0.108860
0.396314
0.253821
0.422916
0.090182
0.159225
0.073334
0.337776
0.171301
0.363236
0.486503
0.138184
0.048908
0.066995
0.024034
0.349378
0.386433
0.411181
0.047761
0.442559
0.258085
0.361122
0.010253
0.524594
0.307216
0.299835
0.290955
0.466854
0.177928
0.223331
0.521226
0.233968
0.086206
0.045076
0.368331
0.106322
0.571743
0.551391
0.306329
0.313388
0.228009
0.051332
0.441716
0.460544
0.170207
0.177191
0.282261
0.307271
0.409741
0.593864
0.301414
0.047475
0.271693
0.435238
0.180712
0.021190
0.665527
0.679595
0.199132
0.121286
0.379974
0.281662
0.299668
0.194443
0.088306
0.201940
0.337731
0.362298
0.183512
0.210959
0.665614
0.169575
0.341386
0.311930
0.362895
0.144854
0.142992
0.005009
0.393104
0.492862
0.217437
0.146292
0.021742
0.278690
0.440716
0.352452
0.104091
0.380104
0.153930
0.486259
0.492752
0.007813
0.089546
0.286935
0.023194
0.344061
0.293713
0.073288
0.247852
0.409655
0.114899
0.104340
0.023407
0.210826
0.425009
0.206411
0.581526
0.033780
0.028674
0.164783
0.047424
0.254519
0.250974
0.310165
0.247723
0.163352
0.169602
0.038974
0.135266
0.211573
0.341959
0.417923
0.381545
0.162087
0.142375
0.098477
0.456095
0.322590
0.032966
0.389086
0.135298
0.028112
0.013368
0.000060
0.303949
0.374133
0.215081
0.018086
0.066376
0.186953
0.094300
0.557689
0.278747
0.344040
0.030767
0.424689
0.088342
0.290347
0.381269
0.369020
0.624392
0.130363
0.248932
0.625916
0.276075
0.329230
0.171498
0.084151
0.405726
0.280085
0.104729
0.079199
0.304249
0.348515
0.161959
0.218560
0.524165
0.478610
0.344248
0.400019
0.097187
0.049099
0.440675
0.249471
0.289246
0.169405
0.446859
0.446050
0.155374
0.158446
0.256465
0.284877
0.295808
0.273520
0.206923
0.600943
0.119489
0.464553
0.414956
0.187276
0.556435
0.059754
0.021099
0.567156
0.514617
0.065701
0.168456
0.229886
0.108850
0.279508
0.047536
0.139515
0.182053
0.320433
0.229770
0.144252
0.377018
0.082616
0.010156
0.268181
0.231116
0.161029
0.205975
0.592729
0.318512
0.497502
0.312741
0.652324
0.144786
0.401527
0.285950
0.159516
0.023544
0.572932
0.106453
0.323238
0.014277
0.082149
0.105331
0.626212
0.311669
0.311465
0.239267
0.060677
0.175675
0.003343
0.422699
0.373280
0.088664
0.343673
0.317279
0.103881
0.456314
0.424450
0.153500
0.212206
0.208460
0.158339
0.264695
0.137053
0.011966
0.227367
0.305016
0.512785
0.388879
0.354622
0.132932
0.388586
0.237809
0.416550
0.029829
0.043366
0.370155
0.375715
0.114982
0.113885
0.062380
0.089003
0.021645
0.208474
0.235278
0.315776
0.415237
0.210216
0.160208
0.144521
0.039434
0.204258
0.220202
0.231609
0.022364
0.179784
0.153154
0.207772
0.028573
0.055348
0.253818
0.093628
0.173245
0.448398
0.595841
0.370406
0.670923
0.333579
0.186269
0.161103
0.027151
0.259607
0.080564
0.172805
0.625930
0.413939
0.087977
0.266675
0.323617
0.340746
0.201499
0.070213
0.109766
0.527398
0.082535
0.401292
0.507555
0.398172
0.527316
0.170283
0.001899
0.046944
0.499251
0.325685
0.265698
0.428228
0.134229
0.502858
0.494519
0.156068
0.377941
0.101452
0.102272
0.135924
0.477086
0.325826
0.361346
0.285930
0.151428
0.667333
0.140998
0.490946
0.043986
0.394314
0.271523
0.450956
0.505629
0.192641
0.047886
0.671320
0.252242
0.299853
0.048121
0.340638
0.067049
0.041549
0.285784
0.078878
0.187373
0.535782
0.105087
0.199830
0.285211
0.130583
0.265863
0.026060
0.121465
0.493484
0.060445
0.229897
0.500702
0.651871
0.010667
0.202372
0.362195
0.424828
0.446637
0.013125
0.072297
0.018284
0.458160
0.135892
0.219897
0.393584
0.291896
0.171721
0.015617
0.351547
0.008444
0.096742
0.531024
0.152319
0.307705
0.453618
0.519553
0.501226
0.061174
0.151229
0.454943
0.102067
0.192556
0.304193
0.039393
0.287572
0.496773
0.581373
0.192560
0.193385
0.371121
0.301966
0.295541
0.259579
0.432715
0.358144
0.132335
0.234321
0.056459
0.140334
0.107791
0.487994
0.039718
0.224631
0.510684
0.057143
0.121644
0.461351
0.313956
0.196964
0.258133
0.314594
0.204711
0.185412
0.440756
0.324253
0.079878
0.084539
0.010887
0.077957
0.360963
0.244844
0.164992
0.080828
0.043539
0.209048
0.269517
0.384638
0.268856
0.151487
0.198050
0.173013
0.440313
0.536249
0.159674
0.072711
0.386467
0.376137
0.336900
0.415293
0.425614
0.055670
0.109219
0.440878
0.077008
0.517128
0.386365
0.454291
0.167891
0.198358
0.544172
0.230145
0.082505
0.300404
0.640327
0.224014
0.036983
0.190408
0.173089
0.381071
0.097234
0.385653
0.471313
0.033007
0.490071
0.140545
0.458322
0.042230
0.183754
0.105228
0.393939
0.225103
0.324205
0.549479
0.023051
0.165433
0.797492
0.170344
0.298813
0.125742
0.481741
0.126812
0.556935
0.027090
0.428346
0.689523
0.392766
0.354329
0.337829
0.022679
0.121159
0.391530
0.313257
0.151939
0.343910
0.268459
0.148335
0.104926
0.537234
0.118403
0.342169
0.384426
0.182107
0.487831
0.523901
0.102690
0.528777
0.433751
0.083453
0.355887
0.351734
0.347659
0.225061
0.251983
0.452408
0.137138
0.093343
0.334019
0.231958
0.134929
0.115944
0.302250
0.147352
0.059748
0.280439
0.350821
0.071710
0.323554
0.157961
0.528728
0.272822
0.018411
0.756273
0.607771
0.293689
0.089313
0.076069
0.469020
0.256871
0.050357
0.251746
0.337508
0.568041
0.006234
0.357830
0.083603
0.174619
0.376151
0.350174
0.244149
0.458027
0.282998
0.233241
0.334439
0.137807
0.200615
0.380239
0.010288
0.303641
0.045300
0.608464
0.314016
0.292983
0.134715
0.055369
0.402088
0.151420
0.348658
0.389820
0.208626
0.035547
0.207461
0.542399
0.480926
0.345993
0.105163
0.340643
0.205772
0.399624
0.226981
0.288706
0.404879
0.462680
0.533749
0.391066
0.007610
0.084886
0.098364
0.405890
0.047783
0.353220
0.195381
0.079775
0.394356
0.129323
0.013727
0.390214
0.242485
0.549028
0.251151
0.419748
0.237522
0.280514
0.454859
0.506702
0.235932
0.068864
0.522975
0.067641
0.095235
0.379932
0.204118
0.147436
0.205105
0.380049
0.199353
0.102024
0.322052
0.022509
0.571886
0.036260
0.440056
0.346976
0.210769
0.303953
0.215318
0.229256
0.044919
0.207100
0.157156
0.363305
0.051864
0.003544
0.268355
0.166863
0.065379
0.688706
0.043677
0.327921
0.382289
0.242970
0.296786
0.314452
0.025952
0.060316
0.440582
0.240944
0.390799
0.009274
0.227975
0.264393
0.045344
0.742854
0.196232
0.001358
0.100530
0.123186
0.146279
0.217530
0.188964
0.326442
0.021316
0.093699
0.402262
0.158059
0.316147
0.027922
0.166102
0.590687
0.262317
0.042347
0.101661
0.034957
0.637683
0.165127
0.147997
0.052403
0.573868
0.082462
0.126939
0.199367
0.013178
0.573390
0.160717
0.060742
0.192031
0.186947
0.043844
0.218053
0.181192
0.084444
0.345637
0.085369
0.133754
0.465565
0.304655
0.031279
0.108396
0.029205
0.065758
0.282464
0.264668
0.011890
0.069987
0.393678
0.079907
0.217889
0.213278
0.346286
0.223756
0.056889
0.065375
0.348072
0.245529
0.066710
0.532452
0.009290
0.312093
0.003391
0.444752
0.178570
0.177379
0.003014
0.245445
0.038290
0.148328
0.374153
0.285704
0.188917
0.191027
0.036470
0.252218
0.196542
0.016804
0.069748
0.164681
0.488787
0.410584
0.119661
0.455909
0.024612
0.217122
0.336095
0.197402
0.019062
0.113887
0.073284
0.192294
0.218673
0.166910
0.462501
0.268429
0.388229
0.029692
0.271989
0.282271
0.253986
0.130217
0.055313
0.093209
0.405127
0.466106
0.497391
0.260156
0.304045
0.322384
0.340364
0.388945
0.220311
0.309747
0.160088
0.139063
0.168994
0.134334
0.540461
0.290321
0.330492
0.301175
0.102119
0.177772
0.276520
0.046112
0.209686
0.294812
0.105004
0.014025
0.207642
0.180115
0.061334
0.155962
0.483135
0.010115
0.095614
0.301451
0.122466
0.294799
0.003713
0.435511
0.031668
0.329444
0.274540
0.136359
0.300808
0.128441
0.316161
0.170523
0.233347
0.376812
0.028461
0.186489
0.191629
0.617327
0.068945
0.090998
0.074339
0.259092
0.205806
0.396833
0.485661
0.102337
0.297732
0.079270
0.066592
0.575937
0.421530
0.334772
0.002097
0.110166
0.164562
0.363784
0.353410
0.083946
0.042411
0.127575
0.502590
0.138111
0.002082
0.033496
0.219961
0.015224
0.421817
0.224912
0.423456
0.189539
0.315076
0.488160
0.330558
0.418848
0.287586
0.310500
0.043923
0.138010
0.454599
0.517781
0.717496
0.052341
0.048866
0.193360
0.243013
0.543159
0.323426
0.448380
0.095043
0.281293
0.190759
0.012227
0.477696
0.182891
0.407544
0.501719
0.126429
0.325379
0.082456
0.235552
0.499632
0.077040
0.582551
0.321268
0.143121
0.474042
0.113556
0.500359
0.130163
0.220201
0.264727
0.093814
0.403052
0.365863
0.031371
0.342570
0.314711
0.291303
0.695831
0.225343
0.071233
0.178776
0.557606
0.080472
0.313452
0.390659
0.354442
0.230498
0.367023
0.194728
0.484792
0.523070
0.440025
0.269638
0.303067
0.006410
0.444673
0.147041
0.098453
0.132067
0.346115
0.016063
0.166433
0.208811
0.077628
0.223000
0.293194
0.526384
0.234389
0.624200
0.187432
0.374749
0.081515
0.185601
0.487870
0.332504
0.065388
0.403209
0.305704
0.499031
0.113443
0.238298
0.121506
0.350689
0.396981
0.088826
0.539184
0.447223
0.110929
0.341261
0.515363
0.069941
0.142606
0.223416
0.352728
0.109049
0.277581
0.320142
0.257241
0.202403
0.147818
0.018060
0.095166
0.041377
0.170877
0.244834
0.269320
0.000168
0.278923
0.236813
0.466820
0.140987
0.181151
0.108843
0.029812
0.500150
0.468667
0.042862
0.153429
0.258730
0.191244
0.153877
0.096489
0.082571
0.427645
0.292283
0.346390
0.077523
0.051905
0.023185
0.570447
0.348381
0.415030
0.301549
0.175137
0.164027
0.089499
0.035837
0.061418
0.199452
0.314938
0.049397
0.608777
0.384537
0.313221
0.164275
0.127223
0.380111
0.283182
0.199865
0.257108
0.117356
0.285846
0.223368
0.334572
0.137397
0.252456
0.275855
0.007610
0.185415
0.348463
0.425906
0.330871
0.452793
0.213411
0.457044
0.267466
0.102465
0.472209
0.083770
0.178181
0.236401
0.359107
0.290317
0.212830
0.193181
0.074795
0.120632
0.503296
0.125503
0.470300
0.351346
0.116083
0.147302
0.047049
0.369729
0.355959
0.535681
0.325105
0.281771
0.039816
0.358083
0.560151
0.259782
0.222333
0.049014
0.003382
0.128557
0.049718
0.153528
0.199087
0.237739
0.339667
0.129602
0.353228
0.002100
0.588585
0.135501
0.010091
0.176264
0.585514
0.230886
0.023094
0.415491
0.360085
0.477045
0.024577
0.068810
0.157398
0.472416
0.107441
0.311340
0.578966
0.122614
0.028555
0.024237
0.077268
0.358976
0.203142
0.315041
0.035198
0.361388
0.170012
0.239463
0.067373
0.552137
0.331918
0.211006
0.362986
0.540346
0.058955
0.218370
0.477705
0.341167
0.041143
0.165822
0.262505
0.039399
0.619346
0.530267
0.253528
0.290806
0.235408
0.100584
0.351910
0.367012
0.138840
0.192996
0.359031
0.176743
0.411963
0.510628
0.293089
0.112804
0.216899
0.345828
0.050866
0.070725
0.724605
0.520084
0.152173
0.051315
0.427257
0.310698
0.257073
0.197000
0.017610
0.243008
0.441754
0.273038
0.062707
0.095372
0.504752
0.199851
0.343805
0.167100
0.294503
0.098685
0.252692
0.143336
0.369009
0.385184
0.327585
0.163885
0.170365
0.396515
0.462943
0.355779
0.077204
0.421878
0.193926
0.359095
0.500042
0.117580
0.237108
0.368305
0.057465
0.354368
0.251762
0.160193
0.309519
0.477515
0.180020
0.004266
0.051058
0.200402
0.503755
0.007872
0.622789
0.021691
0.083312
0.169090
0.031129
0.339119
0.207139
0.293965
0.233377
0.149959
0.320942
0.012523
0.157034
0.199704
0.409703
0.301377
0.360964
0.151036
0.048691
0.268910
0.538693
0.243437
0.279890
0.435516
0.267340
0.185584
0.136744
0.029011
0.343089
0.420345
0.270093
0.174494
0.104201
0.388996
0.021950
0.637044
0.388643
0.260381
0.080943
0.321161
0.145758
0.255646
0.404014
0.477240
0.781213
0.055733
0.094558
0.597852
0.267040
0.299843
0.151374
0.197629
0.531630
0.366244
0.052018
0.059679
0.257729
0.317944
0.047407
0.112707
0.656611
0.524560
0.416246
0.459475
0.013559
0.030662
0.488384
0.272454
0.400763
0.100520
0.340520
0.403310
0.305192
0.193499
0.266070
0.193926
0.193679
0.278437
0.248098
0.576373
0.123057
0.399659
0.251267
0.234169
0.389467
0.053916
0.044020
0.591739
0.552773
0.087652
0.078517
0.319334
0.143237
0.326575
0.170324
0.083493
0.056264
0.278810
0.103154
0.147965
0.352078
0.206433
0.046036
0.291816
0.138732
0.169992
0.013751
0.516013
0.196702
0.374443
0.316304
0.619450
0.358884
0.295081
0.283428
0.220492
0.028240
0.600685
0.193578
0.281328
0.078325
0.198175
0.112821
0.569975
0.194631
0.120262
0.177534
0.095222
0.125285
0.071228
0.262936
0.423465
0.036007
0.348586
0.490745
0.166888
0.546542
0.440841
0.185671
0.294078
0.309789
0.183048
0.310231
0.089645
0.193065
0.416428
0.382877
0.450744
0.545605
0.312852
0.155477
0.348843
0.264449
0.398925
0.013048
0.076532
0.374481
0.403076
0.077912
0.169611
0.044041
0.026360
0.005452
0.270992
0.125202
0.342426
0.292866
0.161562
0.077081
0.129238
0.079164
0.161741
0.246168
0.091862
0.095684
0.361569
0.214135
0.240143
0.071349
0.057504
0.267786
0.253711
0.126449
0.475460
0.641489
0.266157
0.563597
0.363977
0.112275
0.226580
0.102209
0.286969
0.055833
0.158887
0.539521
0.417791
0.010826
0.250894
0.339697
0.388992
0.077640
0.016632
0.037300
0.517733
0.112681
0.424230
0.564270
0.347102
0.416388
0.224610
0.098885
0.152799
0.438968
0.104525
0.288304
0.469949
0.090163
0.592063
0.363853
0.122486
0.295868
0.022366
0.142885
0.095090
0.445300
0.133476
0.484108
0.320113
0.072949
0.611140
0.198762
0.507646
0.049488
0.407101
0.325231
0.627272
0.382354
0.273958
0.116555
0.610037
0.213359
0.300235
0.113327
0.339951
0.086347
0.075887
0.199594
0.053804
0.170147
0.643129
0.021270
0.324906
0.314626
0.075903
0.257385
0.039443
0.158951
0.455563
0.149394
0.275336
0.453406
0.562655
0.010239
0.114881
0.227342
0.433706
0.611333
0.058512
0.282535
0.038505
0.474268
0.071776
0.183323
0.465230
0.458493
0.148989
0.021181
0.416867
0.063861
0.032969
0.649297
0.295221
0.173143
0.510243
0.458837
0.366829
0.112905
0.182515
0.393055
0.304426
0.349256
0.308608
0.037268
0.295281
0.395195
0.646644
0.143195
0.353911
0.439799
0.409994
0.120929
0.381343
0.373707
0.378233
0.107905
0.229702
0.052243
0.192201
0.128158
0.445187
0.051386
0.382821
0.557667
0.026057
0.009853
0.447501
0.303087
0.184280
0.289949
0.163500
0.274523
0.210948
0.311426
0.309918
0.175678
0.082925
0.134081
0.065219
0.426861
0.172552
0.016779
0.044329
0.137426
0.210809
0.283779
0.481083
0.422703
0.082706
0.144476
0.342042
0.547879
0.537050
0.276133
0.228845
0.371869
0.362512
0.326053
0.220155
0.454126
0.053828
0.183624
0.398221
0.020064
0.431289
0.353497
0.503270
0.115502
0.103087
0.441288
0.145704
0.139271
0.064673
0.648639
0.207486
0.013243
0.301149
0.268688
0.389830
0.054475
0.384683
0.552425
0.054050
0.423921
0.253904
0.403540
0.047095
0.388959
0.116603
0.429657
0.186803
0.262354
0.429591
0.187001
0.385988
0.664217
0.083441
0.216037
0.076925
0.548164
0.030663
0.506582
0.109381
0.511774
0.610529
0.406279
0.359552
0.221917
0.123628
0.407126
0.260933
0.197234
0.042991
0.508816
0.045908
0.224597
0.290593
0.540160
0.038114
0.383101
0.286540
0.031374
0.456242
0.437418
0.300354
0.363337
0.313570
0.133055
0.132999
0.428859
0.255125
0.201696
0.158228
0.412467
0.092501
0.164053
0.400657
0.261046
0.140926
0.264959
0.111379
0.131051
0.044244
0.239522
0.407296
0.108240
0.382652
0.235667
0.439155
0.110607
0.016782
0.682944
0.527181
0.283869
0.120771
0.187606
0.520704
0.288585
0.078416
0.177897
0.293830
0.496783
0.055316
0.250187
0.179235
0.009135
0.373782
0.317728
0.202474
0.357950
0.254884
0.220908
0.364620
0.163897
0.157087
0.289048
0.012426
0.262085
0.031973
0.427019
0.282596
0.146888
0.081643
0.232331
0.388314
0.126182
0.213900
0.325802
0.317249
0.014325
0.283723
0.407582
0.313936
0.366878
0.103915
0.281205
0.067484
0.281125
0.248716
0.316885
0.402897
0.493260
0.545362
0.302276
0.083789
0.038696
0.136993
0.327373
0.002044
0.365671
0.195479
0.239960
0.254910
0.209317
0.058606
0.219630
0.266133
0.640217
0.248814
0.450223
0.247984
0.285631
0.501017
0.413907
0.291634
0.114824
0.588999
0.177489
0.163755
0.432253
0.214336
0.230036
0.126693
0.276773
0.149719
0.083986
0.394771
0.027501
0.494755
0.086910
0.509700
0.424131
0.070830
0.312512
0.104919
0.213742
0.091919
0.306446
0.029706
0.382037
0.042911
0.121188
0.153197
0.083465
0.102449
0.628670
0.012347
0.434055
0.388275
0.175323
0.344512
0.404766
0.064622
0.024406
0.539304
0.242541
0.284144
0.006525
0.404467
0.358495
0.093134
0.674431
0.182910
0.060473
0.102243
0.058770
0.206710
0.286837
0.315160
0.217614
0.075273
0.009898
0.347985
0.122075
0.247133
0.071687
0.077277
0.503006
0.147110
0.183603
0.098832
0.089323
0.694237
0.253115
0.205579
0.030976
0.623703
0.025421
0.171313
0.126233
0.078300
0.376552
0.040092
0.102367
0.336756
0.175618
0.015237
0.404514
0.186176
0.071892
0.510832
0.086147
0.112658
0.465072
0.298801
0.008119
0.130939
0.092860
0.019956
0.310648
0.244339
0.128611
0.043455
0.391128
0.055033
0.186711
0.110656
0.433132
0.209511
0.012692
0.098938
0.400162
0.265496
0.075497
0.458204
0.133588
0.452210
0.024473
0.453667
0.221618
0.148949
0.018333
0.119405
0.029371
0.078656
0.321205
0.401476
0.156291
0.128429
0.043547
0.406141
0.191560
0.001746
0.076934
0.112890
0.453047
0.451687
0.264275
0.489138
0.162423
0.302498
0.302102
0.251751
0.023594
0.081063
0.004594
0.304563
0.297374
0.327081
0.470051
0.105958
0.372981
0.018446
0.111273
0.224849
0.280151
0.226722
0.022268
0.175535
0.260732
0.425969
0.561046
0.324111
0.252637
0.358260
0.350818
0.233066
0.140643
0.233584
0.079191
0.045094
0.224386
0.089276
0.460164
0.280189
0.186771
0.360518
0.183389
0.109069
0.250317
0.035257
0.166591
0.212218
0.014316
0.093821
0.254802
0.133997
0.016166
0.092714
0.410221
0.007597
0.075329
0.428583
0.043129
0.362083
0.006414
0.435823
0.060095
0.452697
0.315298
0.123126
0.227198
0.109390
0.229146
0.146610
0.299157
0.469947
0.051049
0.275690
0.221953
0.526364
0.108124
0.074379
0.109306
0.117242
0.253961
0.315304
0.627635
0.175435
0.283101
0.217247
0.034898
0.420918
0.554080
0.361836
0.143514
0.217515
0.119229
0.320124
0.418408
0.219569
0.164941
0.197810
0.577542
0.062033
0.030450
0.123793
0.075902
0.039201
0.519719
0.119319
0.362292
0.228056
0.359158
0.409323
0.293284
0.158763
0.126219
0.330472
0.082617
0.160658
0.410094
0.342259
0.638170
0.094026
0.005933
0.231872
0.374967
0.483140
0.297072
0.345087
0.092813
0.342394
0.308372
0.087668
0.537749
0.015165
0.467349
0.461386
0.077134
0.361522
0.011463
0.211525
0.498533
0.138805
0.536020
0.163051
0.156102
0.335831
0.081637
0.384177
0.206260
0.304047
0.179541
0.036509
0.304247
0.328796
0.153189
0.186835
0.325024
0.229177
0.519932
0.355192
0.264618
0.088819
0.465015
0.192774
0.315608
0.361889
0.226122
0.204811
0.363892
0.222234
0.457334
0.450454
0.419778
0.306708
0.286332
0.078414
0.259671
0.004037
0.107431
0.132471
0.446389
0.102582
0.109744
0.084746
0.034677
0.295892
0.307241
0.390820
0.270700
0.477163
0.205242
0.451485
0.045611
0.273457
0.423269
0.337953
0.235972
0.327642
0.243433
0.454825
0.155996
0.104743
0.102697
0.437959
0.406567
0.041358
0.457664
0.174633
0.098954
0.201261
0.448079
0.082726
0.165199
0.142588
0.358687
0.085011
0.309216
0.208816
0.117940
0.169212
0.170029
0.021685
0.128071
0.097512
0.248145
0.397883
0.240584
0.122581
0.118637
0.229612
0.412885
0.083158
0.201679
0.076916
0.045447
0.569275
0.423038
0.077385
0.176247
0.205312
0.170338
0.208823
0.079533
0.056387
0.546907
0.185875
0.270607
0.138444
0.144809
0.109911
0.586842
0.381278
0.300562
0.253005
0.068778
0.102825
0.083877
0.022024
0.056170
0.035761
0.425348
0.063450
0.554365
0.476409
0.231619
0.200047
0.018421
0.393716
0.377964
0.136436
0.196141
0.131578
0.222375
0.180956
0.438122
0.075972
0.149562
0.245338
0.013730
0.065652
0.450641
0.401310
0.352818
0.478725
0.224134
0.429784
0.186657
0.016322
0.437520
0.152881
0.241089
0.216873
0.097569
0.235219
0.201058
0.171329
0.268924
0.012651
0.494198
0.121578
0.448020
0.294515
0.218259
0.138236
0.159096
0.360713
0.302501
0.611979
0.303071
0.327424
0.127425
0.437275
0.579588
0.306278
0.252438
0.013895
0.005306
0.005634
0.056638
0.070452
0.319486
0.280829
0.261452
0.190354
0.325954
0.011516
0.516987
0.281718
0.155431
0.089284
0.477445
0.126810
0.141462
0.311846
0.386525
0.477639
0.119117
0.072176
0.298301
0.510931
0.038070
0.173505
0.568550
0.114577
0.103223
0.106469
0.121653
0.336066
0.024508
0.267688
0.226592
0.145481
0.006570
0.135334
0.159653
0.488655
0.311671
0.136689
0.411981
0.574419
0.055915
0.189691
0.415237
0.418625
0.020099
0.302605
0.120306
0.210659
0.555468
0.437692
0.158780
0.178189
0.284111
0.156134
0.239194
0.211392
0.189969
0.164751
0.466587
0.018628
0.401721
0.321898
0.296212
0.183521
0.246128
0.206457
0.005205
0.192544
0.717350
0.304687
0.156168
0.036469
0.420972
0.390424
0.221925
0.278568
0.061108
0.240796
0.467874
0.218502
0.088003
0.007678
0.339460
0.162772
0.355838
0.032006
0.228714
0.042787
0.329141
0.268827
0.363167
0.284559
0.361767
0.201540
0.293182
0.523811
0.464574
0.358901
0.074761
0.452118
0.216208
0.208938
0.402569
0.151053
0.348738
0.425590
0.097747
0.318089
0.190328
0.200789
0.389093
0.571414
0.288601
0.134949
0.061465
0.172941
0.468673
0.166008
0.565624
0.021965
0.071305
0.246220
0.128509
0.409447
0.183111
0.138166
0.201779
0.125341
0.417147
0.051912
0.168362
0.116059
0.428267
0.173733
0.330493
0.166062
0.066730
0.486992
0.555892
0.191326
0.518943
0.524826
0.363125
0.343881
0.246558
0.045086
0.370164
0.421327
0.328861
0.340381
0.116700
0.510895
0.034528
0.585235
0.478297
0.118401
0.175882
0.208350
0.138083
0.169843
0.422567
0.530417
0.761857
0.126112
0.045042
0.569560
0.300063
0.284549
0.139364
0.224391
0.599565
0.380347
0.095122
0.107582
0.283234
0.209283
0.014738
0.052599
0.707427
0.504018
0.477343
0.495102
0.068311
0.118912
0.469278
0.260747
0.572274
0.042985
0.275954
0.333413
0.424473
0.265614
0.286162
0.062256
0.056793
0.262952
0.251169
0.493557
0.141022
0.348208
0.093409
0.302884
0.242945
0.042174
0.074869
0.591264
0.531235
0.095486
0.029618
0.352385
0.192977
0.273248
0.266217
0.355330
0.046143
0.203692
0.043316
0.215987
0.337019
0.335753
0.070875
0.248929
0.065742
0.111132
0.085366
0.354972
0.090866
0.233920
0.322796
0.545169
0.478244
0.242622
0.306676
0.330293
0.029569
0.497132
0.228380
0.172134
0.058239
0.222523
0.116265
0.486302
0.138850
0.004657
0.132827
0.084403
0.053997
0.151014
0.094484
0.359651
0.091799
0.309283
0.563658
0.271196
0.530907
0.371417
0.220225
0.393538
0.413456
0.176668
0.348068
0.243672
0.353879
0.556989
0.389206
0.378197
0.648325
0.276454
0.235669
0.340837
0.305146
0.307028
0.040828
0.109145
0.376453
0.446523
0.071857
0.176338
0.009967
0.156345
0.019898
0.339164
0.006976
0.367591
0.143581
0.197148
0.049213
0.194860
0.092228
0.169051
0.310952
0.080661
0.096057
0.503922
0.316644
0.206388
0.104540
0.072580
0.318468
0.370625
0.127888
0.473865
0.575353
0.265572
0.470128
0.419468
0.026960
0.248258
0.207393
0.273521
0.060828
0.210115
0.439267
0.420696
0.074197
0.250787
0.374396
0.514297
0.032272
0.038842
0.047918
0.498067
0.143363
0.508240
0.589815
0.277347
0.276185
0.282377
0.162289
0.214581
0.385230
0.041442
0.262904
0.476848
0.030307
0.566568
0.213026
0.105702
0.183908
0.093938
0.160497
0.157254
0.362392
0.039704
0.599593
0.312002
0.030720
0.469224
0.170669
0.476553
0.067459
0.393341
0.373801
0.711785
0.182966
0.345935
0.255356
0.495252
0.149546
0.267157
0.192578
0.246446
0.170983
0.165923
0.097007
0.051193
0.137290
0.518806
0.072272
0.427241
0.324190
0.034070
0.286133
0.090272
0.144846
0.415589
0.253971
0.297499
0.417219
0.370498
0.047516
0.020974
0.071561
0.452405
0.645959
0.085090
0.424008
0.062687
0.415833
0.029009
0.145049
0.431607
0.562926
0.072022
0.052772
0.532755
0.150151
0.045120
0.574936
0.351353
0.070398
0.477761
0.383467
0.185181
0.205734
0.139464
0.330745
0.503579
0.512957
0.261056
0.166485
0.313857
0.270454
0.697549
0.103812
0.411184
0.502871
0.412508
0.029476
0.509240
0.266390
0.354046
0.098911
0.216201
0.001515
0.228643
0.164522
0.397349
0.133184
0.548050
0.539552
0.009267
0.098975
0.409721
0.261475
0.062219
0.281337
0.006377
0.332948
0.218414
0.190534
0.310908
0.181742
0.052057
0.198431
0.002836
0.411358
0.101760
0.172364
0.241998
0.235132
0.257667
0.302395
0.474695
0.548204
0.027389
0.118341
0.539307
0.525273
0.477159
0.207985
0.353460
0.334584
0.369695
0.206734
0.039338
0.445026
0.205147
0.198401
0.336630
0.016939
0.273336
0.387213
0.412445
0.028612
0.005114
0.334332
0.062299
0.215007
0.132578
0.529261
0.213990
0.004122
0.413147
0.371498
0.393825
0.001916
0.347665
0.586314
0.121503
0.323876
0.382186
0.385090
0.037999
0.512055
0.156868
0.376311
0.178738
0.285511
0.340209
0.344774
0.508047
0.445822
0.081518
0.154649
0.015317
0.540246
0.185706
0.423542
0.253098
0.502891
0.438573
0.379397
0.343127
0.081604
0.214913
0.611384
0.168062
0.061664
0.013145
0.598149
0.137139
0.271573
0.376383
0.528330
0.088573
0.327083
0.168778
0.037062
0.306330
0.367714
0.481886
0.075526
0.204931
0.319188
0.053218
0.489758
0.171082
0.174204
0.081894
0.351291
0.082533
0.199817
0.450405
0.279355
0.144999
0.422718
0.010151
0.082546
0.092299
0.107794
0.392849
0.046013
0.381620
0.327273
0.395260
0.015590
0.151090
0.613730
0.466229
0.191960
0.072193
0.306440
0.480152
0.318835
0.160205
0.067618
0.161998
0.468131
0.152268
0.110037
0.194690
0.028656
0.280032
0.285587
0.109991
0.217912
0.236046
0.094300
0.380869
0.064574
0.056430
0.247146
0.088955
0.209327
0.028068
0.151770
0.239954
0.071813
0.022217
0.414221
0.375459
0.109670
0.064815
0.344246
0.439908
0.067281
0.300263
0.228221
0.153404
0.374661
0.314682
0.322159
0.102443
0.134298
0.193682
0.315816
0.369113
0.452298
0.524262
0.217821
0.167767
0.183613
0.265711
0.219065
0.034583
0.407934
0.148415
0.349746
0.088829
0.245535
0.077470
0.051381
0.351530
0.665769
0.200085
0.464147
0.191901
0.280052
0.477050
0.308316
0.269748
0.221874
0.549026
0.246269
0.238599
0.416019
0.190146
0.285047
0.108860
0.158091
0.056307
0.203495
0.471161
0.018773
0.361619
0.171429
0.506606
0.454645
0.020345
0.361981
0.039262
0.215734
0.123963
0.440782
0.207653
0.352881
0.150621
0.218919
0.007292
0.044022
0.207640
0.488057
0.020642
0.445591
0.457371
0.071500
0.373824
0.506162
0.155335
0.079099
0.614487
0.236556
0.166890
0.018142
0.530311
0.406838
0.185018
0.529160
0.184349
0.182377
0.059239
0.016678
0.205110
0.251835
0.438888
0.159852
0.140511
0.122703
0.343409
0.114221
0.151642
0.068463
0.042920
0.372834
0.085740
0.242790
0.086584
0.111207
0.631484
0.376074
0.184281
0.032175
0.518373
0.042403
0.200770
0.061132
0.171174
0.195003
0.268113
0.079485
0.395028
0.222341
0.111950
0.495147
0.181901
0.033030
0.613992
0.210996
0.009967
0.424958
0.226410
0.030741
0.131257
0.115395
0.032607
0.310290
0.236196
0.175109
0.019815
0.394206
0.001906
0.137004
0.034698
0.476166
0.181664
0.113141
0.158903
0.457340
0.299689
0.098039
0.407822
0.237341
0.537631
0.021198
0.357834
0.181391
0.131588
0.057751
0.038171
0.035958
0.028823
0.227586
0.488771
0.213410
0.034495
0.031354
0.544379
0.114043
0.023286
0.187260
0.144785
0.341805
0.363968
0.271728
0.479879
0.230363
0.327953
0.286240
0.370735
0.038560
0.125700
0.054089
0.482007
0.387053
0.415896
0.430722
0.015297
0.293963
0.007888
0.018369
0.176777
0.308714
0.299944
0.055575
0.248224
0.096598
0.318544
0.584319
0.351741
0.117514
0.362985
0.309413
0.129710
0.020441
0.157253
0.004335
0.096865
0.254214
0.061282
0.314789
0.294397
0.075782
0.396429
0.212375
0.011905
0.305100
0.077768
0.139298
0.169715
0.049683
0.117047
0.324100
0.063278
0.056425
0.116350
0.328719
0.022373
0.080188
0.462598
0.061542
0.464450
0.042337
0.518840
0.069113
0.494682
0.404113
0.144903
0.077537
0.105146
0.099715
0.151621
0.428661
0.514295
0.045256
0.294631
0.264706
0.435572
0.150772
0.032427
0.235572
0.067883
0.244071
0.253023
0.712270
0.195185
0.259577
0.292442
0.100205
0.312412
0.643521
0.296272
0.255549
0.305712
0.118138
0.302282
0.473901
0.263705
0.250037
0.197257
0.601362
0.008549
0.028267
0.161094
0.030958
0.067411
0.486876
0.030103
0.338613
0.219147
0.371231
0.296007
0.215115
0.056719
0.097881
0.325923
0.153716
0.039995
0.363354
0.169841
0.440513
0.164853
0.036756
0.296168
0.452737
0.407635
0.196373
0.247197
0.169303
0.340561
0.470179
0.202269
0.608401
0.183121
0.419102
0.316305
0.067340
0.309860
0.004711
0.152103
0.384093
0.229581
0.414896
0.000928
0.076227
0.272694
0.054948
0.233106
0.269066
0.379726
0.083379
0.021462
0.158736
0.274660
0.300625
0.087507
0.279514
0.140880
0.310166
0.477835
0.362346
0.109199
0.346862
0.304110
0.280676
0.325753
0.073911
0.150388
0.304782
0.254441
0.290963
0.430450
0.394133
0.314137
0.177722
0.211271
0.090060
0.145740
0.120469
0.131545
0.482049
0.191902
0.033085
0.024778
0.122044
0.364142
0.348412
0.257870
0.269642
0.321453
0.216261
0.421775
0.012069
0.338428
0.289068
0.214260
0.263377
0.262631
0.145898
0.407964
0.240650
0.084677
0.359293
0.532647
0.451465
0.225468
0.372946
0.031090
0.102271
0.079201
0.368076
0.008277
0.173460
0.135129
0.319829
0.071655
0.280399
0.142220
0.001705
0.070399
0.148996
0.036399
0.104527
0.145251
0.323091
0.507145
0.204718
0.173990
0.079587
0.240531
0.412710
0.217926
0.261322
0.099314
0.072591
0.633092
0.388434
0.160289
0.261921
0.218524
0.178843
0.207986
0.019228
0.073445
0.579383
0.195314
0.174536
0.245024
0.337812
0.227524
0.590216
0.381809
0.200780
0.141450
0.002571
0.005637
0.081240
0.017941
0.093418
0.125396
0.501628
0.057664
0.483136
0.428932
0.153849
0.246855
0.127713
0.335520
0.534787
0.035264
0.140978
0.168018
0.219231
0.191163
0.509491
0.003445
0.054437
0.222234
0.015453
0.033966
0.516274
0.358814
0.274012
0.463611
0.217202
0.487940
0.132949
0.027304
0.422758
0.109022
0.247175
0.216265
0.103470
0.138527
0.228437
0.177092
0.473999
0.056598
0.424539
0.144970
0.325636
0.201044
0.309481
0.168997
0.177042
0.318571
0.176671
0.576562
0.217546
0.431537
0.288928
0.444090
0.504378
0.322754
0.319909
0.001941
0.049651
0.102157
0.088954
0.028865
0.438593
0.299741
0.254336
0.279037
0.337181
0.004410
0.370987
0.404699
0.316725
0.014115
0.397966
0.057138
0.223506
0.218341
0.349282
0.371167
0.167604
0.267192
0.437576
0.542879
0.005168
0.068431
0.464025
0.082319
0.170857
0.243613
0.163393
0.295777
0.211403
0.279089
0.398318
0.111374
0.156198
0.015663
0.230561
0.377001
0.340505
0.034922
0.395654
0.618879
0.106148
0.178889
0.393577
0.501982
0.053875
0.434807
0.000304
0.357434
0.410891
0.294353
0.090906
0.020124
0.328991
0.187727
0.076108
0.103174
0.282285
0.094243
0.510539
0.173627
0.311011
0.070188
0.220935
0.262300
0.251214
0.078020
0.062865
0.248886
0.578327
0.070314
0.172888
0.133367
0.408574
0.444467
0.172875
0.357919
0.155572
0.264763
0.508324
0.222488
0.155295
0.093345
0.198575
0.109507
0.339172
0.105121
0.191089
0.075771
0.399860
0.368395
0.402418
0.202010
0.311991
0.203759
0.383051
0.638525
0.446259
0.299291
0.162956
0.440833
0.201894
0.106998
0.278068
0.120989
0.382082
0.388771
0.106149
0.334346
0.054357
0.307878
0.424357
0.662323
0.386692
0.300746
0.027825
0.071657
0.474400
0.267136
0.513149
0.155208
0.012755
0.256955
0.138379
0.345268
0.112636
0.071863
0.094937
0.064544
0.452247
0.109172
0.138583
0.011001
0.450792
0.058377
0.327163
0.117289
0.124704
0.579002
0.594013
0.218004
0.732697
0.542157
0.467393
0.530098
0.236880
0.037285
0.416607
0.376731
0.350746
0.468261
0.116478
0.530564
0.073687
0.425911
0.505002
0.025397
0.251251
0.087353
0.132251
0.075961
0.454518
0.513658
0.586142
0.107885
0.184776
0.464094
0.337910
0.229595
0.138304
0.278860
0.530871
0.414809
0.163054
0.098214
0.325774
0.038049
0.060321
0.019503
0.622841
0.471371
0.493304
0.489465
0.176170
0.206958
0.319993
0.205314
0.633046
0.029029
0.156238
0.213741
0.528478
0.325192
0.332865
0.076612
0.004211
0.218337
0.286271
0.351210
0.166259
0.342899
0.088105
0.397059
0.146551
0.059698
0.029176
0.485876
0.458731
0.173958
0.157578
0.397914
0.156203
0.241005
0.342542
0.584958
0.093891
0.168576
0.023501
0.321119
0.296144
0.431252
0.174057
0.271691
0.026776
0.047170
0.196052
0.239217
0.003607
0.062623
0.390112
0.354529
0.568472
0.229172
0.253958
0.417802
0.048917
0.348500
0.224865
0.088368
0.006060
0.230831
0.084022
0.407428
0.011562
0.087937
0.065694
0.052016
0.103922
0.234372
0.047340
0.265343
0.149916
0.356485
0.540327
0.364886
0.394285
0.277546
0.304459
0.459812
0.508597
0.156712
0.359934
0.408196
0.474549
0.589753
0.416730
0.301625
0.704546
0.185469
0.272589
0.324028
0.356590
0.148648
0.077758
0.089712
0.415750
0.455113
0.085714
0.164486
0.110784
0.250028
0.047692
0.470516
0.081893
0.368000
0.015802
0.200771
0.136001
0.221719
0.077284
0.171471
0.380501
0.180494
0.075458
0.602230
0.453507
0.207270
0.139143
0.110967
0.412291
0.469406
0.154578
0.466914
0.441489
0.278204
0.274987
0.398986
0.028763
0.259612
0.297537
0.179560
0.125032
0.157303
0.354864
0.459658
0.073071
0.276438
0.364693
0.520180
0.138575
0.130954
0.085479
0.475922
0.231433
0.566636
0.525115
0.137766
0.109313
0.348573
0.238056
0.167232
0.382176
0.118708
0.296156
0.483924
0.054845
0.489514
0.051877
0.175841
0.154181
0.127569
0.201230
0.237800
0.369307
0.202780
0.667671
0.324652
0.096865
0.324294
0.150796
0.310738
0.160348
0.318381
0.410497
0.551746
0.036211
0.410521
0.356271
0.331750
0.132066
0.229721
0.235835
0.086820
0.284835
0.241113
0.061244
0.063903
0.012089
0.377398
0.169348
0.465292
0.316086
0.004977
0.244097
0.159268
0.098732
0.333031
0.302873
0.268539
0.375540
0.120170
0.085176
0.023206
0.056534
0.410224
0.577883
0.039426
0.440260
0.081172
0.324756
0.052283
0.115144
0.356397
0.581722
0.010125
0.097766
0.565858
0.221557
0.108884
0.396498
0.344375
0.010147
0.330965
0.340649
0.067428
0.333660
0.107912
0.320861
0.579155
0.565273
0.179492
0.185986
0.273237
0.206770
0.730646
0.071340
0.428379
0.549940
0.403408
0.129895
0.636515
0.167250
0.311753
0.044776
0.205389
0.097517
0.279061
0.244666
0.326196
0.196378
0.607507
0.459049
0.017142
0.171102
0.319788
0.279116
0.065342
0.254159
0.091127
0.457447
0.193389
0.054519
0.376766
0.130844
0.155615
0.223126
0.023986
0.484419
0.074779
0.287833
0.439671
0.319148
0.308620
0.294061
0.486609
0.547345
0.031285
0.076084
0.648145
0.476900
0.420073
0.077299
0.393555
0.301233
0.341814
0.094555
0.116939
0.453744
0.341321
0.193549
0.214093
0.023058
0.099281
0.385509
0.240548
0.116010
0.125761
0.216729
0.032857
0.225896
0.309787
0.464438
0.210600
0.014067
0.489293
0.447223
0.423827
0.115476
0.281086
0.498635
0.178215
0.248040
0.478880
0.316252
0.013466
0.607034
0.199002
0.318951
0.182756
0.335431
0.187828
0.416673
0.629275
0.181335
0.187444
0.092414
0.095512
0.437084
0.298073
0.363653
0.425707
0.316481
0.237198
0.337954
0.395934
0.060845
0.327839
0.650942
0.103084
0.018375
0.026255
0.601703
0.264598
0.305538
0.532808
0.414656
0.238510
0.290205
0.123261
0.080296
0.163232
0.215640
0.525837
0.228178
0.102154
0.506807
0.258302
0.528370
0.145569
0.150284
0.015388
0.277893
0.102136
0.135251
0.480891
0.252667
0.198841
0.588907
0.141042
0.014148
0.121058
0.041479
0.357697
0.107830
0.344211
0.447831
0.311733
0.130048
0.321376
0.474606
0.414033
0.093005
0.002811
0.398342
0.294319
0.329845
0.146240
0.033902
0.025793
0.405770
0.181569
0.036843
0.185909
0.008774
0.204117
0.294335
0.084703
0.064018
0.152706
0.017712
0.368004
0.052950
0.074511
0.187463
0.182891
0.152901
0.178327
0.066573
0.217213
0.254324
0.011923
0.541387
0.355724
0.106144
0.046640
0.311258
0.514518
0.145326
0.367694
0.077422
0.028943
0.355113
0.438198
0.317564
0.293726
0.062829
0.068034
0.324269
0.301585
0.443339
0.482607
0.181621
0.163150
0.200756
0.355207
0.127187
0.131509
0.404573
0.219694
0.363050
0.158016
0.258343
0.076334
0.037614
0.434945
0.625815
0.117331
0.451402
0.142225
0.277170
0.358028
0.198325
0.190021
0.303532
0.356636
0.175179
0.347274
0.418726
0.102620
0.287017
0.060576
0.060443
0.050031
0.314353
0.538234
0.086807
0.183812
0.212704
0.403404
0.415384
0.049182
0.409874
0.052860
0.226840
0.136742
0.492027
0.398840
0.343451
0.292509
0.316229
0.093651
0.004716
0.311931
0.368822
0.035588
0.383244
0.466864
0.109094
0.359668
0.568725
0.251143
0.210935
0.578023
0.235485
0.085029
0.017441
0.609009
0.436575
0.197906
0.284777
0.164555
0.298218
0.021657
0.051334
0.198449
0.133889
0.563512
0.072123
0.166904
0.229506
0.341981
0.124057
0.032472
0.019943
0.138657
0.288014
0.032637
0.215552
0.050866
0.022061
0.460241
0.491847
0.143378
0.065836
0.415940
0.153926
0.199667
0.012592
0.214134
0.079984
0.405073
0.033580
0.372166
0.250947
0.203778
0.442138
0.192996
0.075985
0.556625
0.282241
0.077714
0.330850
0.149025
0.115702
0.112630
0.193165
0.038522
0.285044
0.164643
0.125408
0.075211
0.411288
0.015985
0.139944
0.037801
0.451031
0.150680
0.212499
0.190773
0.471210
0.366348
0.082705
0.341243
0.323870
0.558085
0.009438
0.312842
0.066695
0.091535
0.085557
0.020620
0.124956
0.042662
0.159653
0.520410
0.307308
0.004462
0.024318
0.632423
0.002977
0.024271
0.152881
0.123739
0.206048
0.221518
0.288328
0.422105
0.231425
0.364954
0.220869
0.462104
0.043612
0.161859
0.114776
0.610812
0.393931
0.421739
0.337525
0.103169
0.155650
0.035215
0.019782
0.184390
0.361564
0.278820
0.135919
0.267862
0.008394
0.131570
0.509288
0.350750
0.002756
0.279307
0.284019
0.088199
0.073118
0.101789
0.043515
0.241774
0.229479
0.149183
0.088004
0.336721
0.026585
0.379822
0.221098
0.216925
0.357091
0.183228
0.115296
0.123786
0.034775
0.118873
0.362962
0.084651
0.085916
0.184908
0.202424
0.034792
0.069249
0.471067
0.113154
0.475603
0.049904
0.500783
0.052697
0.370240
0.445418
0.136395
0.033043
0.050612
0.002703
0.105100
0.537717
0.505225
0.021974
0.277155
0.319072
0.330507
0.129330
0.166260
0.286504
0.037404
0.193836
0.193842
0.680678
0.188448
0.270129
0.339571
0.237307
0.163098
0.657155
0.296838
0.379609
0.473897
0.131492
0.233109
0.504601
0.259597
0.329267
0.139961
0.562664
0.068903
0.019826
0.251798
0.068065
0.066109
0.397080
0.024666
0.355375
0.217460
0.379042
0.214748
0.106470
0.236854
0.355277
0.282670
0.195961
0.110450
0.269041
0.041998
0.151675
0.143373
0.028717
0.378164
0.485861
0.336984
0.052899
0.054343
0.230451
0.350988
0.611310
0.292655
0.642521
0.333875
0.324129
0.186457
0.198725
0.260642
0.028983
0.053251
0.257550
0.332323
0.271195
0.152262
0.060696
0.156029
0.035943
0.052784
0.346081
0.416668
0.031916
0.067016
0.036412
0.208833
0.351496
0.058793
0.220478
0.033907
0.128768
0.553833
0.369095
0.235271
0.205296
0.367375
0.165038
0.358595
0.015873
0.099458
0.297440
0.292922
0.136790
0.348536
0.357891
0.271115
0.052294
0.288825
0.102901
0.362906
0.098241
0.227466
0.408231
0.172278
0.022779
0.020171
0.216897
0.420264
0.422565
0.195725
0.153727
0.130946
0.321702
0.283995
0.014264
0.401784
0.136623
0.037234
0.367410
0.167299
0.006459
0.320559
0.284679
0.249648
0.573361
0.465138
0.463866
0.397585
0.333430
0.194167
0.123078
0.045986
0.273111
0.098838
0.146888
0.140756
0.311068
0.041984
0.302402
0.104784
0.073494
0.054420
0.125048
0.086217
0.041751
0.135938
0.302688
0.527312
0.221481
0.202470
0.243864
0.237530
0.359356
0.263797
0.348794
0.049188
0.079701
0.576764
0.332058
0.158020
0.285792
0.244716
0.171623
0.183392
0.095461
0.122476
0.579803
0.253843
0.104790
0.360781
0.445085
0.333088
0.522113
0.296170
0.048808
0.016490
0.005932
0.076610
0.168416
0.038105
0.039482
0.232797
0.474979
0.094596
0.381234
0.361001
0.115782
0.247582
0.240822
0.298208
0.577931
0.042588
0.022301
0.193225
0.195695
0.190415
0.493139
0.145700
0.005482
0.222512
0.077930
0.120270
0.522489
0.275534
0.139937
0.410579
0.286596
0.516640
0.098429
0.106444
0.442261
0.032514
0.280453
0.245892
0.259725
0.038874
0.252343
0.281194
0.651650
0.123720
0.401236
0.201627
0.150710
0.059542
0.402014
0.207877
0.187154
0.259548
0.105673
0.505838
0.084200
0.542439
0.412721
0.416367
0.274418
0.293405
0.362656
0.010337
0.145144
0.076170
0.123179
0.019694
0.518762
0.339856
0.300247
0.393118
0.294141
0.012545
0.246318
0.548511
0.454501
0.114101
0.274374
0.320380
0.332063
0.066306
0.308019
0.216017
0.213370
0.455798
0.488753
0.489143
0.007995
0.057973
0.238957
0.101903
0.117806
0.331605
0.128617
0.235577
0.358811
0.336841
0.591918
0.365078
0.292891
0.040400
0.280826
0.232952
0.313490
0.004978
0.299632
0.598370
0.148633
0.123494
0.365570
0.480072
0.050760
0.541447
0.078683
0.384458
0.263349
0.073513
0.005009
0.246307
0.361892
0.144205
0.057649
0.012177
0.368843
0.085412
0.497735
0.267281
0.193050
0.136057
0.128404
0.319952
0.279137
0.075454
0.042835
0.274168
0.359388
0.131913
0.160841
0.208326
0.335072
0.505347
0.128196
0.453986
0.176292
0.269838
0.468494
0.256288
0.208082
0.124490
0.073583
0.071635
0.235722
0.221471
0.219929
0.092476
0.366443
0.437563
0.422470
0.168588
0.235566
0.214087
0.363209
0.591354
0.342298
0.189324
0.311720
0.426690
0.161479
0.034391
0.143805
0.064533
0.371773
0.329852
0.121836
0.295709
0.011018
0.300848
0.374836
0.703710
0.409115
0.407400
0.044799
0.002279
0.420588
0.345864
0.411162
0.279430
0.212107
0.226519
0.118253
0.257968
0.134624
0.034346
0.009901
0.046810
0.395607
0.208082
0.107040
0.107555
0.418437
0.033193
0.278093
0.118873
0.162171
0.521977
0.602617
0.246057
0.856854
0.541497
0.514313
0.600258
0.195510
0.053248
0.454477
0.254939
0.358305
0.590129
0.068125
0.430760
0.081897
0.301551
0.481306
0.139058
0.347802
0.009626
0.066075
0.006627
0.393693
0.475459
0.391144
0.009945
0.327237
0.394990
0.332139
0.188225
0.173265
0.282992
0.399011
0.397883
0.219868
0.082600
0.311328
0.165686
0.024588
0.008539
0.450377
0.397311
0.467521
0.474720
0.215093
0.244373
0.118152
0.098707
0.617129
0.182810
0.102993
0.151535
0.591151
0.359254
0.394380
0.198767
0.088788
0.099790
0.305155
0.259419
0.165838
0.268402
0.260118
0.436060
0.037087
0.055141
0.038166
0.368035
0.384057
0.170058
0.321250
0.390631
0.167231
0.179054
0.400898
0.680956
0.104028
0.138474
0.064796
0.467970
0.263781
0.524456
0.232855
0.213432
0.051460
0.055190
0.243146
0.108590
0.011039
0.018943
0.368888
0.178744
0.575725
0.243236
0.220269
0.458630
0.133353
0.125487
0.131816
0.038327
0.171222
0.162287
0.094139
0.295426
0.053603
0.067368
0.036648
0.039560
0.242116
0.324249
0.092435
0.159109
0.170909
0.366603
0.437930
0.479920
0.290257
0.138768
0.377688
0.454868
0.524379
0.094669
0.317923
0.554518
0.553160
0.532757
0.432460
0.254377
0.687057
0.161178
0.273525
0.316285
0.389056
0.059687
0.151023
0.071138
0.373057
0.500191
0.123087
0.139420
0.193495
0.290271
0.000010
0.538671
0.151367
0.340204
0.070233
0.237427
0.272004
0.269179
0.008096
0.146086
0.508864
0.252873
0.047578
0.547738
0.552551
0.193056
0.117173
0.196595
0.467915
0.499819
0.185071
0.438453
0.273933
0.342630
0.102203
0.326444
0.076227
0.327989
0.363377
0.047954
0.159279
0.130707
0.285933
0.413861
0.052457
0.361921
0.319347
0.533112
0.218636
0.224265
0.053316
0.442641
0.337694
0.617038
0.362849
0.026722
0.019843
0.350256
0.265326
0.175191
0.361531
0.163442
0.313741
0.406394
0.073060
0.368789
0.025846
0.228290
0.111313
0.122570
0.198965
0.334800
0.416542
0.301878
0.676100
0.401212
0.165313
0.142465
0.081767
0.107926
0.246689
0.230072
0.442882
0.426848
0.198333
0.423972
0.417629
0.169358
0.120551
0.118547
0.288917
0.071551
0.422133
0.364047
0.082342
0.130334
0.081669
0.224646
0.196391
0.388650
0.284062
0.030944
0.280409
0.268636
0.006777
0.257992
0.321676
0.255475
0.328328
0.033024
0.187158
0.023459
0.217891
0.368205
0.459669
0.061861
0.327465
0.158206
0.152010
0.057763
0.110237
0.316358
0.489560
0.079502
0.142889
0.555672
0.359137
0.113775
0.179258
0.315658
0.057060
0.066938
0.292228
0.020441
0.407530
0.014462
0.262643
0.625643
0.595528
0.117141
0.220262
0.286254
0.197178
0.663369
0.070962
0.371720
0.590203
0.306321
0.184451
0.722597
0.023868
0.262725
0.048882
0.155456
0.233990
0.310328
0.293209
0.241277
0.255230
0.671885
0.324090
0.059354
0.211693
0.168878
0.307173
0.260844
0.231965
0.109691
0.517133
0.188702
0.001341
0.454955
0.110758
0.225658
0.142280
0.112362
0.439504
0.145971
0.352223
0.598281
0.369678
0.365258
0.251906
0.418456
0.519854
0.088610
0.044848
0.659446
0.352099
0.317794
0.136218
0.439603
0.212049
0.293721
0.099221
0.230985
0.412368
0.492225
0.182943
0.060696
0.006666
0.036440
0.341561
0.072228
0.248075
0.200531
0.133782
0.070524
0.249210
0.387832
0.352654
0.242027
0.067653
0.498496
0.441145
0.440735
0.223120
0.199850
0.388984
0.287895
0.171246
0.529633
0.228462
0.053648
0.617363
0.293763
0.261607
0.189691
0.361940
0.134421
0.444377
0.683251
0.030626
0.314645
0.077886
0.212567
0.367768
0.399396
0.253457
0.582575
0.163223
0.031695
0.254674
0.423423
0.177572
0.398200
0.495728
0.102921
0.115046
0.059678
0.502317
0.375016
0.296965
0.556378
0.275660
0.387552
0.166359
0.062917
0.032602
0.017333
0.110322
0.505993
0.439800
0.025617
0.654552
0.395225
0.494113
0.103411
0.122206
0.122184
0.222659
0.050329
0.109070
0.492835
0.134794
0.203807
0.717563
0.148143
0.039676
0.064841
0.218429
0.240608
0.234777
0.316366
0.514728
0.214903
0.203332
0.509250
0.383287
0.413299
0.098068
0.076526
0.490580
0.159607
0.379471
0.185199
0.052127
0.260288
0.376450
0.186881
0.183227
0.066985
0.140541
0.082204
0.315722
0.060517
0.086058
0.102176
0.196200
0.324430
0.244624
0.153578
0.194962
0.273540
0.082612
0.368986
0.227481
0.199252
0.423335
0.019993
0.590035
0.363734
0.106151
0.098351
0.290210
0.577891
0.209835
0.304390
0.032462
0.015735
0.315346
0.473379
0.400787
0.486457
0.074125
0.081203
0.372476
0.248421
0.448878
0.448197
0.200603
0.130158
0.137504
0.519504
0.060063
0.311442
0.455182
0.260794
0.329337
0.486125
0.208361
0.038802
0.084801
0.544055
0.532527
0.007439
0.441843
0.146284
0.315655
0.244869
0.126615
0.100476
0.393152
0.195839
0.131175
0.398570
0.403010
0.007505
0.137972
0.086437
0.026540
0.015153
0.369681
0.576441
0.236006
0.031709
0.267074
0.300875
0.290868
0.060176
0.362521
0.131503
0.212912
0.124105
0.498701
0.511891
0.255733
0.501991
0.402952
0.189632
0.024575
0.360729
0.283434
0.035364
0.309823
0.487267
0.268052
0.338057
0.537476
0.293167
0.328252
0.566322
0.219488
0.060827
0.075881
0.594889
0.324262
0.158440
0.170950
0.196506
0.425087
0.071651
0.088636
0.168547
0.025452
0.676118
0.001974
0.148630
0.371730
0.337968
0.164010
0.085819
0.167561
0.255354
0.234736
0.104858
0.106445
0.014138
0.043574
0.277698
0.545253
0.015734
0.143465
0.384529
0.252719
0.161737
0.050093
0.241908
0.091314
0.442908
0.229517
0.304344
0.308881
0.372471
0.305015
0.086748
0.073121
0.437859
0.357452
0.089605
0.207620
0.081601
0.230937
0.134824
0.252886
0.028492
0.289026
0.166421
0.004109
0.149632
0.412583
0.030106
0.126625
0.142932
0.388685
0.051032
0.317466
0.168074
0.427755
0.404745
0.061612
0.273566
0.289531
0.513987
0.055656
0.264166
0.146944
0.103153
0.108301
0.023738
0.313921
0.122799
0.089826
0.490213
0.441604
0.001598
0.117558
0.611694
0.108243
0.031870
0.152824
0.178589
0.074685
0.067525
0.269820
0.364601
0.145658
0.302550
0.156327
0.563745
0.006045
0.211616
0.058731
0.693180
0.357408
0.422350
0.238787
0.195990
0.007318
0.087746
0.009728
0.259346
0.390427
0.225852
0.197782
0.336596
0.086748
0.011284
0.449843
0.243649
0.103675
0.167177
0.291575
0.114838
0.198476
0.070389
0.060585
0.285254
0.187295
0.196701
0.090477
0.371010
0.068251
0.351356
0.196595
0.445549
0.429784
0.189698
0.133231
0.172770
0.035441
0.134220
0.330958
0.154369
0.130649
0.291708
0.109340
0.106535
0.042973
0.396327
0.206777
0.507709
0.089405
0.551987
0.029152
0.235050
0.493524
0.129074
0.193984
0.049099
0.071425
0.040298
0.657565
0.454346
0.068718
0.233983
0.313053
0.234846
0.085644
0.361389
0.247005
0.043030
0.091597
0.161785
0.567020
0.095372
0.278782
0.285046
0.441386
0.169548
0.599532
0.241268
0.497558
0.601017
0.173462
0.184786
0.450248
0.216510
0.415051
0.036316
0.419107
0.078253
0.047198
0.326785
0.014282
0.061400
0.205414
0.076173
0.439026
0.181189
0.399403
0.126144
0.012950
0.374704
0.504941
0.262128
0.199362
0.231915
0.178568
0.025608
0.089633
0.190410
0.002416
0.439992
0.480809
0.252753
0.163435
0.083059
0.299271
0.274561
0.664645
0.367396
0.584250
0.340068
0.207341
0.115159
0.330559
0.143564
0.099434
0.034493
0.082034
0.435887
0.149089
0.275504
0.196449
0.135626
0.031546
0.107133
0.380169
0.435790
0.035960
0.079637
0.082905
0.179169
0.368852
0.129075
0.169176
0.034854
0.085306
0.512550
0.317522
0.365584
0.024528
0.379913
0.046842
0.380250
0.119092
0.111130
0.276968
0.319346
0.029898
0.274114
0.347125
0.264259
0.037156
0.393512
0.231904
0.497443
0.127363
0.322343
0.242834
0.106293
0.057636
0.050775
0.253488
0.404471
0.461878
0.195003
0.010702
0.018367
0.418969
0.139830
0.082274
0.451023
0.025692
0.171774
0.359422
0.143995
0.142150
0.301758
0.366422
0.307660
0.739942
0.382492
0.480396
0.517291
0.292087
0.242014
0.246119
0.165845
0.284274
0.241999
0.095111
0.176844
0.335595
0.019839
0.296287
0.112918
0.061908
0.062968
0.076204
0.204492
0.068746
0.092103
0.258236
0.477289
0.187734
0.178341
0.369877
0.235345
0.281915
0.213063
0.422687
0.045507
0.133052
0.451426
0.267429
0.074411
0.342975
0.269917
0.218224
0.105948
0.251249
0.117782
0.551093
0.318085
0.016718
0.452024
0.526430
0.409539
0.417831
0.220005
0.121244
0.138635
0.007357
0.148304
0.260035
0.088975
0.047427
0.265147
0.365054
0.154259
0.231266
0.210799
0.044629
0.156554
0.270019
0.175366
0.475266
0.152064
0.025563
0.255538
0.318046
0.227881
0.441879
0.267349
0.012294
0.118379
0.184491
0.141097
0.409458
0.236823
0.005264
0.381688
0.310243
0.519413
0.072283
0.135968
0.468391
0.098367
0.254887
0.276039
0.376326
0.039956
0.320167
0.378492
0.682305
0.206697
0.300921
0.263630
0.030264
0.018294
0.477326
0.346818
0.153444
0.192215
0.008565
0.338177
0.067977
0.629739
0.553669
0.316934
0.039212
0.245533
0.354550
0.046086
0.212883
0.044667
0.126371
0.019693
0.587559
0.294011
0.347472
0.442578
0.279469
0.038283
0.158340
0.583602
0.536216
0.165112
0.199617
0.536464
0.290281
0.006819
0.309416
0.018072
0.247601
0.581592
0.428123
0.455523
0.057261
0.104526
0.016777
0.119248
0.075889
0.462423
0.097043
0.194885
0.396769
0.354480
0.655280
0.491358
0.403443
0.087159
0.242143
0.128930
0.323472
0.012765
0.167789
0.484354
0.170086
0.047321
0.380403
0.437004
0.041469
0.630804
0.084442
0.283417
0.150133
0.083997
0.072385
0.491868
0.416422
0.136763
0.141788
0.105204
0.444590
0.102526
0.463621
0.302882
0.109995
0.351108
0.075655
0.277871
0.298313
0.189309
0.031166
0.192190
0.092461
0.334741
0.142374
0.244438
0.248995
0.474326
0.074161
0.437698
0.207433
0.298940
0.401941
0.318121
0.073154
0.071022
0.023742
0.007340
0.077428
0.350924
0.272611
0.183519
0.262031
0.415464
0.383381
0.152122
0.070634
0.218580
0.286211
0.421819
0.270728
0.041459
0.306745
0.378185
0.074646
0.036044
0.089448
0.051486
0.340614
0.238086
0.151462
0.313862
0.048864
0.349951
0.280485
0.714310
0.418920
0.462979
0.161361
0.051607
0.383557
0.282601
0.264548
0.414667
0.388275
0.153056
0.030348
0.085907
0.142627
0.003365
0.077191
0.063857
0.282888
0.251310
0.042987
0.129521
0.425667
0.069529
0.300427
0.107550
0.161181
0.290214
0.546806
0.358632
0.832308
0.478243
0.662280
0.656194
0.130574
0.046097
0.397615
0.148541
0.312426
0.603762
0.014790
0.304962
0.032824
0.268523
0.404009
0.253995
0.412470
0.014394
0.006984
0.017996
0.356099
0.359946
0.166380
0.132636
0.392068
0.271122
0.285657
0.106772
0.185938
0.322306
0.214645
0.389660
0.254577
0.112365
0.271528
0.331650
0.071192
0.009514
0.244015
0.252074
0.337363
0.417288
0.214411
0.253508
0.027112
0.001975
0.480025
0.279049
0.006881
0.073665
0.561401
0.344496
0.440843
0.245093
0.070784
0.026023
0.337385
0.115516
0.206290
0.220761
0.467915
0.454829
0.011924
0.054311
0.233166
0.299648
0.325092
0.208683
0.491630
0.374587
0.119498
0.184387
0.482272
0.556059
0.042939
0.169237
0.095900
0.572963
0.216205
0.527450
0.366276
0.209313
0.146443
0.076457
0.253527
0.044761
0.002114
0.079871
0.339457
0.052948
0.519529
0.269254
0.127681
0.414287
0.234497
0.013650
0.121299
0.104001
0.388968
0.126513
0.139799
0.175835
0.144107
0.027810
0.028438
0.027621
0.425909
0.400900
0.077997
0.065341
0.209150
0.422473
0.352699
0.534689
0.169756
0.026106
0.454365
0.400366
0.539978
0.036880
0.305310
0.751974
0.587506
0.392298
0.477151
0.246265
0.489001
0.141768
0.165329
0.304218
0.374764
0.215489
0.125330
0.000304
0.363726
0.516574
0.161002
0.093280
0.339889
0.213896
0.007043
0.621383
0.213101
0.297467
0.124570
0.245213
0.361024
0.249100
0.049877
0.078990
0.584117
0.245283
0.190224
0.359256
0.619559
0.251390
0.091261
0.283398
0.444289
0.437303
0.206544
0.427482
0.172215
0.320580
0.137992
0.208426
0.165393
0.351869
0.428175
0.182758
0.219679
0.029627
0.220192
0.354274
0.006045
0.279023
0.248140
0.434411
0.289625
0.278839
0.052701
0.405047
0.493294
0.568915
0.183925
0.199637
0.108895
0.276119
0.308407
0.171778
0.360842
0.137614
0.375922
0.337055
0.077095
0.140533
0.001107
0.298639
0.078506
0.063744
0.185000
0.368514
0.508900
0.345148
0.541008
0.497998
0.300824
0.019537
0.032361
0.114149
0.340341
0.171697
0.482227
0.305200
0.272838
0.448233
0.389993
0.001827
0.124526
0.064636
0.348883
0.175760
0.539461
0.397111
0.133345
0.159813
0.225032
0.210017
0.156367
0.334296
0.263688
0.026571
0.308171
0.354078
0.107040
0.195087
0.334315
0.183500
0.329252
0.136556
0.208401
0.041575
0.357980
0.269595
0.346816
0.194465
0.150346
0.205133
0.000972
0.069771
0.177757
0.285637
0.361977
0.156151
0.210952
0.474469
0.519785
0.119814
0.046101
0.302401
0.036657
0.242909
0.218862
0.018972
0.457505
0.010266
0.241816
0.572090
0.503502
0.085651
0.165100
0.246490
0.200219
0.468457
0.005232
0.272927
0.616972
0.227521
0.176287
0.703429
0.146003
0.190494
0.031228
0.139857
0.344687
0.383792
0.383103
0.142268
0.238656
0.591319
0.206974
0.121481
0.148738
0.028632
0.397801
0.429035
0.202223
0.006845
0.546865
0.105282
0.028346
0.459573
0.105974
0.344667
0.049029
0.180204
0.441773
0.327207
0.337622
0.639122
0.366998
0.369915
0.192361
0.299661
0.407649
0.206536
0.029717
0.584283
0.255368
0.252078
0.310343
0.440260
0.116294
0.263780
0.206002
0.313537
0.399288
0.570100
0.133982
0.075905
0.002729
0.126608
0.253287
0.093799
0.284579
0.247647
0.112862
0.070346
0.202542
0.389714
0.231268
0.186240
0.095104
0.543053
0.340348
0.419298
0.337923
0.200330
0.233876
0.387183
0.140144
0.537027
0.112753
0.127510
0.603639
0.387890
0.208835
0.184294
0.318775
0.071988
0.403824
0.722437
0.183686
0.321289
0.094333
0.373863
0.287815
0.410790
0.200831
0.670804
0.013113
0.122018
0.146555
0.396722
0.243316
0.421524
0.332208
0.145394
0.119530
0.119814
0.350543
0.413354
0.299908
0.577687
0.085938
0.413559
0.023852
0.048242
0.000858
0.067324
0.058762
0.442883
0.580731
0.020629
0.655961
0.526242
0.394139
0.099494
0.092432
0.164890
0.141497
0.009494
0.030908
0.434193
0.032445
0.209432
0.679558
0.153072
0.042490
0.036679
0.376656
0.161554
0.359242
0.231980
0.519112
0.067076
0.199686
0.531574
0.267755
0.398254
0.190084
0.191320
0.569847
0.021641
0.423519
0.082657
0.095156
0.493270
0.293648
0.162181
0.289196
0.057839
0.170608
0.038031
0.345800
0.163873
0.183609
0.041923
0.288619
0.256062
0.380980
0.246803
0.186829
0.339664
0.067521
0.558483
0.333303
0.218288
0.457542
0.085593
0.557850
0.319538
0.115316
0.114557
0.211561
0.552973
0.237925
0.176497
0.142130
0.026866
0.270532
0.342215
0.383087
0.638618
0.162692
0.208654
0.399371
0.260349
0.449403
0.363791
0.238024
0.101445
0.019335
0.635291
0.031483
0.459649
0.444386
0.278291
0.230166
0.701591
0.171701
0.026898
0.001953
0.558347
0.377293
0.107114
0.396838
0.197321
0.345764
0.131150
0.081374
0.065378
0.438582
0.081752
0.063769
0.387536
0.401705
0.128015
0.005757
0.118862
0.016947
0.019113
0.378145
0.532981
0.414365
0.067598
0.217845
0.189278
0.189814
0.052600
0.292081
0.269846
0.190469
0.150625
0.438371
0.556358
0.171020
0.652317
0.468769
0.247494
0.033353
0.382661
0.160503
0.039877
0.250704
0.367443
0.413885
0.291186
0.450079
0.291746
0.437242
0.413728
0.229385
0.098813
0.147861
0.511209
0.240544
0.035495
0.074702
0.224340
0.479490
0.166030
0.117947
0.170749
0.065390
0.678428
0.051524
0.097763
0.449462
0.315504
0.241681
0.156375
0.271358
0.333010
0.225058
0.229690
0.033223
0.071328
0.157153
0.089409
0.512642
0.127529
0.117726
0.345253
0.336902
0.103293
0.125484
0.210952
0.117351
0.413732
0.423390
0.187159
0.340795
0.506031
0.170957
0.018295
0.110284
0.286325
0.437873
0.107372
0.131353
0.063388
0.382683
0.099150
0.385814
0.098558
0.326596
0.107847
0.143312
0.225679
0.366873
0.119018
0.154093
0.188804
0.286536
0.086817
0.435472
0.103704
0.301515
0.403702
0.040283
0.152463
0.221774
0.401504
0.116854
0.267713
0.385385
0.154490
0.110252
0.015919
0.501222
0.113593
0.070380
0.351948
0.511799
0.015113
0.238265
0.478196
0.185396
0.069490
0.048453
0.196018
0.003655
0.057722
0.198493
0.246493
0.006477
0.153462
0.070265
0.601016
0.000005
0.242890
0.032625
0.663690
0.261075
0.379247
0.169240
0.189919
0.180799
0.048126
0.049205
0.348435
0.407632
0.071822
0.244889
0.417339
0.121778
0.197290
0.310078
0.154653
0.194986
0.057895
0.315759
0.188429
0.265818
0.073481
0.042989
0.290625
0.172949
0.278698
0.230584
0.358770
0.081290
0.305315
0.148137
0.628352
0.416529
0.142386
0.150976
0.229684
0.163883
0.203141
0.287420
0.279526
0.114092
0.354179
0.031130
0.230947
0.009285
0.361805
0.346431
0.419028
0.109558
0.503849
0.084287
0.061636
0.431471
0.120112
0.305700
0.203357
0.062711
0.120546
0.643977
0.392043
0.197905
0.217252
0.246279
0.163103
0.087557
0.529096
0.088200
0.083318
0.023883
0.135946
0.377252
0.002334
0.192088
0.215682
0.604977
0.129748
0.438509
0.270712
0.508860
0.712100
0.194823
0.095468
0.348002
0.190410
0.466762
0.086697
0.213725
0.030677
0.056211
0.365462
0.090841
0.026995
0.013829
0.221311
0.518833
0.142340
0.414772
0.056318
0.038551
0.427258
0.518414
0.248816
0.165889
0.320584
0.099038
0.039400
0.286909
0.236584
0.043482
0.474827
0.458563
0.154283
0.325707
0.213887
0.301346
0.187962
0.657851
0.361559
0.461302
0.257383
0.123071
0.107764
0.373146
0.000325
0.095716
0.177958
0.030548
0.496817
0.028069
0.353367
0.344393
0.052872
0.094782
0.221774
0.400144
0.384003
0.042070
0.063793
0.197015
0.157754
0.265259
0.151784
0.219605
0.107562
0.067263
0.399685
0.160813
0.378709
0.168215
0.337571
0.066533
0.411048
0.159805
0.167461
0.306480
0.240370
0.170038
0.154861
0.309903
0.294331
0.085451
0.452795
0.302561
0.644123
0.097587
0.449301
0.070669
0.034230
0.032600
0.056210
0.235638
0.382873
0.393685
0.243055
0.158903
0.135839
0.551989
0.005836
0.199833
0.482134
0.094359
0.334486
0.442432
0.103348
0.242113
0.263260
0.427626
0.264781
0.771558
0.217637
0.411526
0.534939
0.264675
0.221695
0.401023
0.246973
0.317476
0.321778
0.008842
0.186830
0.391833
0.078707
0.302277
0.106664
0.025344
0.193165
0.025315
0.292285
0.187783
0.037279
0.199036
0.458694
0.192790
0.155484
0.370830
0.203355
0.111118
0.075324
0.476498
0.003604
0.162550
0.231265
0.199450
0.027936
0.357785
0.308969
0.282197
0.051311
0.422840
0.099955
0.434596
0.318903
0.027252
0.468686
0.418698
0.439791
0.306760
0.183368
0.278264
0.239318
0.032256
0.161382
0.374301
0.145421
0.178280
0.163731
0.247380
0.250023
0.102836
0.117531
0.029682
0.078013
0.298435
0.092858
0.310668
0.262845
0.116485
0.300853
0.393959
0.219817
0.403709
0.454046
0.068551
0.017834
0.234651
0.151297
0.322622
0.225583
0.101347
0.354566
0.355879
0.493740
0.081632
0.175645
0.493128
0.192013
0.223139
0.302280
0.451763
0.102841
0.356253
0.478209
0.659543
0.227697
0.225885
0.361621
0.196822
0.085202
0.582312
0.480388
0.117879
0.138209
0.022189
0.167480
0.237593
0.594158
0.541112
0.245406
0.194577
0.158703
0.298856
0.053495
0.250510
0.039910
0.187430
0.041430
0.539123
0.223234
0.357891
0.456765
0.292577
0.029350
0.140489
0.506318
0.565604
0.190986
0.165162
0.683525
0.221933
0.085055
0.337809
0.111812
0.275750
0.638023
0.350549
0.394797
0.137655
0.166508
0.168971
0.187982
0.016083
0.499227
0.094275
0.193589
0.269567
0.317667
0.634160
0.573988
0.414922
0.067746
0.117194
0.087346
0.261741
0.083015
0.067434
0.363793
0.151895
0.023531
0.386268
0.396003
0.007547
0.637439
0.067420
0.181306
0.136476
0.193850
0.116082
0.688897
0.480715
0.037991
0.111291
0.176505
0.416613
0.077850
0.387178
0.367571
0.098844
0.505454
0.101808
0.179186
0.313017
0.235222
0.010157
0.106269
0.102197
0.446415
0.188043
0.274338
0.132301
0.376834
0.007911
0.367836
0.193772
0.278711
0.301455
0.363904
0.065248
0.083762
0.092054
0.082337
0.040574
0.382873
0.301619
0.259220
0.111287
0.366393
0.346281
0.159248
0.117596
0.252360
0.161050
0.194257
0.173614
0.047131
0.353299
0.327998
0.048869
0.065454
0.042283
0.205718
0.282491
0.135878
0.182490
0.333417
0.052660
0.379754
0.205211
0.632905
0.406526
0.499408
0.286420
0.104845
0.295713
0.185177
0.113602
0.477977
0.574180
0.055408
0.017612
0.038343
0.181239
0.002165
0.110145
0.147488
0.165720
0.287785
0.000133
0.095218
0.331489
0.027488
0.296351
0.191093
0.217589
0.040383
0.382798
0.487547
0.659612
0.401146
0.635073
0.625330
0.143808
0.026103
0.244506
0.107156
0.301995
0.577964
0.011847
0.074435
0.067212
0.171152
0.313978
0.304586
0.528269
0.003443
0.089637
0.011100
0.282707
0.244334
0.040973
0.302373
0.421796
0.199070
0.184620
0.076533
0.203043
0.299180
0.012660
0.310410
0.309190
0.212767
0.229488
0.462276
0.232789
0.034405
0.091599
0.084968
0.272407
0.363171
0.178278
0.237498
0.050004
0.114196
0.364506
0.327793
0.017262
0.040087
0.520582
0.308421
0.462206
0.367987
0.060918
0.148253
0.377016
0.028175
0.288263
0.179889
0.605355
0.417477
0.077982
0.057304
0.380852
0.272639
0.335186
0.229978
0.567857
0.294952
0.064458
0.151303
0.434182
0.346758
0.054628
0.228499
0.070313
0.644487
0.190387
0.469869
0.407390
0.110661
0.286346
0.084994
0.229849
0.016335
0.075538
0.103328
0.344856
0.012084
0.327862
0.307972
0.022514
0.380687
0.299298
0.030868
0.102604
0.137481
0.650916
0.006440
0.276772
0.068304
0.158602
0.050242
0.102500
0.021729
0.520485
0.460610
0.026019
0.021663
0.198897
0.423078
0.238839
0.570718
0.117741
0.205540
0.461498
0.278697
0.480766
0.057851
0.301651
0.843494
0.501314
0.232264
0.449811
0.270907
0.254254
0.219237
0.089679
0.328195
0.338643
0.326402
0.078225
0.075347
0.271023
0.521792
0.200760
0.040379
0.428574
0.119447
0.072239
0.552001
0.248173
0.212912
0.149696
0.318924
0.448251
0.284311
0.079806
0.045567
0.669293
0.158425
0.377292
0.127281
0.680449
0.253642
0.077922
0.363023
0.381457
0.275799
0.257677
0.410333
0.083020
0.329419
0.313306
0.126468
0.227070
0.323524
0.436982
0.445638
0.214709
0.046341
0.169601
0.266988
0.070381
0.188084
0.199494
0.370395
0.261802
0.311910
0.127154
0.341627
0.547112
0.435528
0.008985
0.322962
0.146027
0.152493
0.273847
0.162230
0.319776
0.003452
0.361951
0.216145
0.081896
0.069166
0.098219
0.367622
0.017535
0.001003
0.125242
0.370113
0.552926
0.294907
0.372159
0.585758
0.334736
0.074813
0.016286
0.196495
0.404259
0.228137
0.367155
0.209035
0.272048
0.368826
0.282849
0.137462
0.131831
0.025478
0.413459
0.205580
0.571676
0.391069
0.194538
0.251921
0.350642
0.142526
0.061887
0.281093
0.250317
0.017606
0.335786
0.404361
0.193831
0.192609
0.431472
0.101534
0.297532
0.181588
0.227194
0.173981
0.497217
0.226170
0.210965
0.301025
0.037884
0.230365
0.135919
0.103439
0.261633
0.275584
0.183836
0.252392
0.259688
0.344495
0.690083
0.148033
0.058396
0.271171
0.068372
0.450266
0.118537
0.001275
0.559254
0.032417
0.203001
0.462630
0.450760
0.111610
0.169160
0.171906
0.231524
0.215872
0.023681
0.089228
0.580957
0.095508
0.106744
0.571689
0.205352
0.083025
0.055241
0.097901
0.420943
0.427904
0.415449
0.102504
0.186362
0.542340
0.182503
0.136978
0.052891
0.078653
0.440444
0.637994
0.161123
0.148232
0.508241
0.006986
0.037369
0.433368
0.047632
0.375869
0.097923
0.268260
0.405080
0.498352
0.222871
0.619148
0.332036
0.373132
0.145904
0.090894
0.301228
0.338568
0.075192
0.484864
0.120102
0.182598
0.487770
0.457433
0.048255
0.274663
0.230769
0.269432
0.350641
0.599621
0.057185
0.150656
0.044760
0.158123
0.221954
0.242871
0.360960
0.263636
0.195574
0.014141
0.102176
0.278378
0.072788
0.069279
0.185865
0.542283
0.225185
0.381942
0.408454
0.194967
0.094571
0.505343
0.068327
0.517922
0.022549
0.190737
0.478855
0.482930
0.109418
0.154520
0.175996
0.072589
0.294196
0.705750
0.288904
0.336666
0.160109
0.489188
0.256436
0.393037
0.199918
0.660267
0.036394
0.231910
0.022467
0.337658
0.245712
0.382817
0.067129
0.210869
0.109160
0.128243
0.170922
0.375511
0.287808
0.470568
0.060184
0.465201
0.194631
0.030036
0.087280
0.183144
0.154343
0.374655
0.573332
0.038957
0.570738
0.513848
0.340608
0.142179
0.067340
0.120537
0.097700
0.081926
0.016017
0.336420
0.044598
0.254062
0.480713
0.076331
0.007195
0.001651
0.519881
0.091797
0.453626
0.096169
0.419456
0.067939
0.137260
0.450983
0.183070
0.416615
0.308348
0.292005
0.566232
0.126012
0.470425
0.026657
0.129704
0.669521
0.235336
0.136936
0.301120
0.235334
0.231332
0.197334
0.328696
0.246265
0.258710
0.014845
0.364985
0.208361
0.477284
0.265861
0.205703
0.430873
0.085597
0.690104
0.362891
0.207650
0.369062
0.179234
0.506515
0.269124
0.128321
0.091619
0.155827
0.481990
0.240471
0.010194
0.249537
0.043619
0.184403
0.184694
0.414683
0.679312
0.278408
0.322481
0.398784
0.329756
0.365625
0.256987
0.245452
0.114528
0.033443
0.721546
0.053656
0.595959
0.453740
0.332443
0.074900
0.735584
0.118521
0.025306
0.097316
0.533415
0.231792
0.201419
0.435395
0.201236
0.352799
0.037876
0.112791
0.052897
0.534856
0.018158
0.002233
0.367682
0.341069
0.312681
0.101684
0.175724
0.057644
0.082391
0.278140
0.450438
0.547144
0.092602
0.161968
0.113061
0.126830
0.092918
0.192672
0.408870
0.139015
0.214870
0.419632
0.546595
0.112356
0.713153
0.416214
0.253239
0.037944
0.292419
0.005972
0.002892
0.234096
0.302345
0.436698
0.269177
0.337199
0.242477
0.520810
0.236788
0.256960
0.153706
0.265860
0.394544
0.043214
0.117430
0.038837
0.294189
0.526656
0.230223
0.193276
0.047043
0.139902
0.650057
0.076772
0.042263
0.496324
0.248506
0.317288
0.238400
0.404582
0.397780
0.204853
0.272850
0.222575
0.087892
0.308398
0.055773
0.424433
0.319292
0.089919
0.275681
0.410574
0.055582
0.206978
0.114448
0.171726
0.332841
0.619901
0.074898
0.384686
0.649117
0.032872
0.128894
0.086818
0.131760
0.378921
0.150340
0.112295
0.094539
0.471507
0.043039
0.424195
0.221101
0.384523
0.116575
0.256385
0.263946
0.305116
0.242981
0.155970
0.110071
0.231329
0.281925
0.487910
0.036129
0.204462
0.367321
0.045731
0.081376
0.156513
0.250062
0.216607
0.246768
0.586730
0.257069
0.123558
0.103660
0.680452
0.064731
0.010087
0.222135
0.544320
0.061321
0.333703
0.305077
0.277828
0.064766
0.058626
0.258244
0.045825
0.188221
0.005970
0.105664
0.127849
0.048099
0.019845
0.609363
0.047064
0.320816
0.113872
0.573181
0.228988
0.277692
0.089605
0.068206
0.325293
0.044755
0.068617
0.367128
0.378541
0.078564
0.272119
0.533520
0.126649
0.341332
0.223951
0.080947
0.276095
0.017871
0.338366
0.289283
0.321187
0.108007
0.023324
0.198273
0.188793
0.286117
0.315031
0.327474
0.007751
0.269656
0.090120
0.704517
0.424209
0.114861
0.177420
0.363224
0.250558
0.186593
0.242517
0.332772
0.085980
0.381285
0.011708
0.309224
0.015555
0.283973
0.461222
0.356904
0.142028
0.392692
0.155525
0.111118
0.394770
0.194399
0.400528
0.268055
0.015415
0.212241
0.578321
0.339898
0.298398
0.157107
0.146182
0.109383
0.101984
0.669860
0.154210
0.149670
0.125484
0.143705
0.134936
0.059280
0.126762
0.118853
0.748190
0.190685
0.343458
0.262219
0.331425
0.707850
0.181612
0.038666
0.225355
0.159052
0.463372
0.193085
0.022804
0.026843
0.073214
0.354143
0.220241
0.138431
0.190426
0.286506
0.580415
0.051530
0.383265
0.017760
0.032548
0.443620
0.441289
0.305600
0.105579
0.379594
0.118601
0.007250
0.370889
0.299061
0.052417
0.483598
0.404265
0.042755
0.390701
0.227117
0.325812
0.066765
0.585202
0.282851
0.283824
0.083480
0.005521
0.168330
0.436409
0.163811
0.125141
0.313565
0.128870
0.497109
0.089285
0.356508
0.499234
0.022829
0.125966
0.267166
0.374829
0.289405
0.053511
0.038233
0.231670
0.173995
0.117010
0.156272
0.276665
0.160933
0.034938
0.254132
0.036805
0.409910
0.301643
0.298290
0.129189
0.350932
0.147268
0.236641
0.315878
0.186282
0.321818
0.067535
0.255248
0.353911
0.130314
0.519007
0.284373
0.703096
0.113816
0.476722
0.069779
0.124551
0.057713
0.106779
0.158822
0.389096
0.309732
0.311454
0.252645
0.147917
0.509956
0.114907
0.285938
0.449136
0.157811
0.463382
0.460851
0.096736
0.299609
0.270484
0.454983
0.230002
0.708524
0.101406
0.355169
0.424436
0.239849
0.089400
0.553182
0.343237
0.330199
0.366909
0.069548
0.222371
0.343678
0.105612
0.238571
0.115168
0.069233
0.343901
0.144473
0.449930
0.325911
0.040659
0.189590
0.426079
0.171464
0.081181
0.362338
0.147173
0.032713
0.087722
0.511691
0.024344
0.271164
0.043953
0.170613
0.100451
0.398313
0.391564
0.356642
0.059487
0.524082
0.046310
0.273970
0.307855
0.061354
0.414810
0.250533
0.424778
0.192670
0.139697
0.328893
0.255517
0.055533
0.176233
0.410104
0.119171
0.229810
0.021124
0.128828
0.251986
0.022779
0.028058
0.109302
0.006343
0.278704
0.016663
0.160902
0.325637
0.114705
0.331143
0.440894
0.241615
0.344698
0.590807
0.105304
0.125774
0.227368
0.148889
0.228096
0.241225
0.243292
0.354685
0.330326
0.472334
0.132934
0.182302
0.494184
0.339544
0.159499
0.332133
0.442864
0.172047
0.406983
0.474658
0.610772
0.243491
0.099463
0.450550
0.303864
0.139574
0.641742
0.575053
0.044233
0.117872
0.087798
0.019266
0.356356
0.521937
0.492484
0.152674
0.326333
0.088165
0.274188
0.040593
0.287121
0.081641
0.257863
0.056113
0.431764
0.111749
0.363162
0.438280
0.341201
0.129549
0.125890
0.357986
0.572073
0.211722
0.172485
0.695812
0.134383
0.084704
0.401619
0.254077
0.241296
0.611784
0.261642
0.349545
0.197395
0.176974
0.199993
0.256208
0.073486
0.554273
0.207051
0.199713
0.106618
0.206733
0.460155
0.551872
0.386506
0.013405
0.012113
0.076240
0.246687
0.175141
0.040244
0.246391
0.086166
0.052994
0.392569
0.440004
0.034184
0.558137
0.004314
0.071390
0.153229
0.186084
0.133345
0.709776
0.493753
0.041385
0.010422
0.203074
0.351514
0.017138
0.301747
0.416254
0.110743
0.607523
0.216058
0.055721
0.268167
0.273094
0.046189
0.000779
0.226725
0.485205
0.235729
0.276058
0.047462
0.221059
0.100004
0.234528
0.234720
0.300001
0.162511
0.426340
0.274316
0.201110
0.119835
0.165003
0.062103
0.317701
0.295501
0.377543
0.019227
0.344095
0.312754
0.236348
0.219729
0.285412
0.020141
0.009469
0.163926
0.165733
0.248458
0.252518
0.203909
0.195770
0.043867
0.343468
0.226150
0.084480
0.155000
0.389958
0.063444
0.389765
0.134319
0.569085
0.309031
0.467714
0.394727
0.185000
0.261168
0.064055
0.026956
0.522813
0.665790
0.055633
0.023500
0.152351
0.131453
0.108020
0.198853
0.229366
0.099350
0.279164
0.002145
0.009865
0.284255
0.093702
0.358187
0.258728
0.255992
0.196141
0.185884
0.628146
0.403460
0.307528
0.475329
0.593461
0.105015
0.004781
0.056650
0.173454
0.254215
0.499869
0.025604
0.163455
0.186844
0.118410
0.200351
0.225060
0.618429
0.022993
0.043293
0.040520
0.267386
0.119274
0.203919
0.435581
0.389554
0.106921
0.083803
0.006552
0.213399
0.226909
0.162451
0.218935
0.357202
0.230803
0.190903
0.512175
0.349340
0.048133
0.032576
0.022992
0.214160
0.289782
0.108576
0.187376
0.086521
0.215069
0.263131
0.297048
0.074565
0.040209
0.445224
0.233085
0.408398
0.449517
0.011804
0.219333
0.451553
0.039900
0.334094
0.188906
0.678706
0.360363
0.056549
0.083651
0.499656
0.226265
0.383645
0.252410
0.533543
0.233480
0.052970
0.213268
0.354800
0.085901
0.177950
0.329644
0.045049
0.581391
0.132422
0.373409
0.434035
0.066002
0.399198
0.068706
0.236420
0.035368
0.221411
0.125586
0.322197
0.038211
0.084044
0.326601
0.101222
0.362332
0.384321
0.041968
0.161817
0.086440
0.839358
0.109303
0.393698
0.011739
0.214823
0.124349
0.203455
0.027560
0.549792
0.450914
0.087392
0.044626
0.234202
0.428774
0.134208
0.539253
0.101422
0.368419
0.412363
0.140576
0.395167
0.167285
0.327374
0.897751
0.413661
0.137296
0.438548
0.334734
0.035165
0.262165
0.039275
0.322114
0.298174
0.312331
0.033922
0.135307
0.200518
0.454011
0.213742
0.001530
0.496893
0.013807
0.068759
0.441664
0.175198
0.169362
0.112859
0.360888
0.500686
0.305330
0.090540
0.069948
0.636018
0.016653
0.484620
0.090080
0.722363
0.254134
0.077122
0.408991
0.384508
0.086323
0.278797
0.404897
0.010761
0.349694
0.459643
0.094198
0.329973
0.248878
0.431158
0.609365
0.198117
0.185181
0.177495
0.229709
0.204006
0.090728
0.204749
0.236924
0.224960
0.350485
0.209999
0.274617
0.554104
0.373475
0.181145
0.382889
0.124797
0.004762
0.237550
0.098654
0.318752
0.157196
0.394779
0.097622
0.048718
0.209877
0.213354
0.462839
0.018753
0.115841
0.089266
0.317553
0.571633
0.178616
0.222038
0.664438
0.357445
0.105133
0.018055
0.204068
0.469003
0.336274
0.194630
0.108262
0.183463
0.162173
0.179721
0.200246
0.188865
0.024789
0.432832
0.179691
0.560175
0.328443
0.285250
0.249739
0.450246
0.118818
0.014475
0.220999
0.275893
0.022636
0.257128
0.467567
0.279504
0.223342
0.564627
0.002323
0.243300
0.221257
0.247001
0.310870
0.559578
0.161284
0.128278
0.376826
0.183391
0.174906
0.232977
0.088760
0.349605
0.273772
0.016176
0.324701
0.274747
0.157749
0.780236
0.211562
0.074882
0.184022
0.171642
0.525955
0.147915
0.084740
0.686758
0.002173
0.243718
0.244144
0.384604
0.160465
0.090895
0.076582
0.241223
0.030360
0.056949
0.023101
0.429875
0.049033
0.031419
0.379935
0.172151
0.049362
0.118914
0.092750
0.383652
0.412549
0.397067
0.120705
0.097104
0.373181
0.229477
0.155560
0.099515
0.109804
0.497183
0.746777
0.179380
0.282539
0.481515
0.150292
0.075879
0.377496
0.003460
0.387088
0.236855
0.311924
0.467574
0.636581
0.090478
0.521322
0.255059
0.315807
0.168990
0.087575
0.156784
0.494854
0.112371
0.344786
0.105119
0.174714
0.580488
0.421439
0.064649
0.337691
0.156870
0.179599
0.253110
0.573187
0.017569
0.167628
0.061386
0.103716
0.224939
0.371173
0.355409
0.259042
0.326998
0.130938
0.028138
0.099892
0.026344
0.059645
0.257741
0.515158
0.121483
0.335666
0.487717
0.248506
0.063607
0.479780
0.096772
0.445897
0.101064
0.185253
0.336344
0.443561
0.088347
0.089861
0.010865
0.041253
0.102981
0.638806
0.321000
0.239807
0.261731
0.598226
0.211451
0.294000
0.216257
0.584048
0.092849
0.272042
0.068947
0.330366
0.251103
0.316231
0.175941
0.252320
0.004346
0.100920
0.058437
0.279851
0.285365
0.383031
0.167001
0.390275
0.329002
0.022563
0.167306
0.270973
0.253037
0.306822
0.478519
0.130651
0.438584
0.481240
0.292368
0.211068
0.061150
0.018021
0.032384
0.109642
0.121333
0.267714
0.135334
0.349419
0.226273
0.042339
0.055682
0.002897
0.608716
0.065909
0.478856
0.021044
0.295287
0.147448
0.050857
0.307750
0.072335
0.403088
0.283883
0.322921
0.460161
0.316004
0.462390
0.122577
0.195055
0.733376
0.168663
0.060509
0.202195
0.361648
0.294583
0.336944
0.288813
0.361311
0.316679
0.045895
0.308487
0.168106
0.462467
0.247407
0.218963
0.393715
0.066455
0.740882
0.348053
0.188910
0.191912
0.310165
0.429616
0.126490
0.175305
0.109519
0.101306
0.337904
0.262934
0.119934
0.287733
0.058869
0.105007
0.039564
0.339383
0.610516
0.382698
0.363623
0.384039
0.389380
0.201296
0.195612
0.261014
0.189166
0.047415
0.770063
0.076263
0.675452
0.382388
0.412976
0.068688
0.675465
0.054828
0.079704
0.206631
0.444018
0.079261
0.272794
0.474000
0.175952
0.372305
0.053860
0.183738
0.068427
0.532553
0.012969
0.088927
0.373395
0.305078
0.447714
0.133516
0.195589
0.082790
0.066197
0.133551
0.343860
0.561493
0.060281
0.122641
0.028928
0.045771
0.263043
0.122039
0.569768
0.084852
0.341767
0.396794
0.451424
0.123104
0.622692
0.352720
0.183504
0.144574
0.216924
0.157539
0.035486
0.216329
0.173680
0.414858
0.223976
0.290001
0.176004
0.521022
0.002302
0.272698
0.238816
0.337986
0.274507
0.114703
0.295802
0.040752
0.382487
0.509055
0.246039
0.335200
0.082192
0.253288
0.482643
0.095587
0.003529
0.456460
0.149351
0.417013
0.232708
0.478539
0.358071
0.221057
0.270558
0.437589
0.121914
0.490045
0.121163
0.252528
0.493721
0.011614
0.149858
0.478798
0.000327
0.293851
0.045890
0.188003
0.164319
0.715079
0.021597
0.385089
0.725336
0.113430
0.191837
0.118597
0.017132
0.220094
0.166614
0.162363
0.181797
0.514188
0.053259
0.413104
0.310215
0.369124
0.106419
0.365451
0.300419
0.247223
0.330268
0.180458
0.008960
0.213605
0.419538
0.480115
0.063460
0.167584
0.365539
0.026963
0.009560
0.062013
0.102817
0.296252
0.233273
0.627410
0.333912
0.124510
0.200108
0.660165
0.009930
0.015735
0.096064
0.495355
0.123789
0.385757
0.134645
0.299912
0.077129
0.052238
0.277643
0.088563
0.258833
0.172520
0.016771
0.213406
0.255234
0.136466
0.539576
0.187301
0.355275
0.252474
0.469012
0.181021
0.117115
0.023848
0.106367
0.407487
0.051340
0.121397
0.327498
0.324876
0.217825
0.291458
0.609779
0.061391
0.441892
0.157129
0.076938
0.268711
0.073248
0.325571
0.311972
0.303265
0.155031
0.162326
0.076005
0.245853
0.328754
0.353846
0.271355
0.087197
0.248633
0.056275
0.691498
0.337752
0.149980
0.227834
0.427964
0.387336
0.226693
0.181037
0.417858
0.039578
0.390562
0.006091
0.381766
0.056029
0.275590
0.553134
0.256512
0.090252
0.169300
0.227088
0.249428
0.301473
0.220705
0.349960
0.328991
0.108022
0.280849
0.453324
0.298039
0.412590
0.068809
0.084842
0.055425
0.083651
0.706200
0.407382
0.229167
0.227271
0.149891
0.130246
0.113686
0.111268
0.005019
0.845539
0.161892
0.281693
0.358898
0.075407
0.629241
0.123383
0.006185
0.150679
0.169769
0.400154
0.237735
0.121898
0.091850
0.106848
0.338055
0.349377
0.272613
0.324828
0.334997
0.576865
0.041013
0.313417
0.020871
0.039269
0.396713
0.318816
0.374235
0.010494
0.422035
0.204888
0.083164
0.389747
0.246344
0.086479
0.458986
0.334535
0.023629
0.406829
0.228703
0.315752
0.004799
0.502428
0.177195
0.124880
0.119843
0.094891
0.207295
0.482784
0.274627
0.176982
0.378413
0.138448
0.425273
0.188567
0.315966
0.599223
0.037356
0.116827
0.302393
0.371200
0.174873
0.111787
0.021273
0.202450
0.213181
0.030748
0.142415
0.324195
0.199230
0.057889
0.110005
0.183733
0.309767
0.324726
0.252812
0.162618
0.325108
0.027786
0.298933
0.410363
0.140307
0.354353
0.051609
0.132495
0.396988
0.132797
0.462729
0.226250
0.719101
0.128695
0.454415
0.193410
0.240449
0.214152
0.110749
0.027275
0.402358
0.227318
0.362915
0.280761
0.093976
0.442609
0.248074
0.387093
0.397157
0.176078
0.484262
0.546097
0.068955
0.247656
0.221203
0.454896
0.146930
0.505187
0.022417
0.303291
0.270116
0.227991
0.056687
0.564293
0.365880
0.386094
0.366748
0.137669
0.235041
0.274329
0.132068
0.180082
0.109999
0.171841
0.478884
0.214114
0.536650
0.422302
0.160271
0.147996
0.396788
0.201713
0.018101
0.294129
0.131045
0.134733
0.294996
0.531707
0.012248
0.347447
0.128139
0.182406
0.199492
0.362815
0.480446
0.344856
0.148104
0.569247
0.023979
0.185414
0.310758
0.161991
0.264756
0.090278
0.414175
0.125417
0.102823
0.281001
0.212395
0.108553
0.152993
0.410905
0.078429
0.286992
0.257239
0.059881
0.281000
0.099164
0.043809
0.135493
0.040621
0.166252
0.020747
0.017735
0.299641
0.142328
0.318150
0.366144
0.206133
0.305120
0.677791
0.184994
0.166266
0.114482
0.146589
0.233537
0.269450
0.306170
0.283994
0.311194
0.398467
0.205846
0.157618
0.520005
0.422601
0.126790
0.339600
0.398815
0.229812
0.462407
0.420267
0.565429
0.186378
0.015320
0.516275
0.351862
0.253578
0.673663
0.596233
0.031009
0.117300
0.117334
0.030921
0.396553
0.394133
0.333852
0.180496
0.391827
0.120074
0.232918
0.003134
0.313805
0.173655
0.326685
0.111387
0.297870
0.018054
0.317346
0.443186
0.363754
0.219023
0.115218
0.224909
0.522491
0.203580
0.124480
0.595257
0.107046
0.080950
0.466993
0.296100
0.197786
0.502266
0.224538
0.258726
0.246504
0.199762
0.154502
0.359273
0.144138
0.506917
0.352165
0.229899
0.007637
0.148759
0.284993
0.503519
0.342117
0.101523
0.149526
0.064710
0.191896
0.263317
0.111695
0.194075
0.016145
0.071842
0.341333
0.466004
0.038653
0.471058
0.052977
0.092292
0.173178
0.163190
0.137740
0.619118
0.453073
0.145849
0.195332
0.228234
0.263086
0.033141
0.237419
0.407047
0.150284
0.599425
0.326408
0.067766
0.230704
0.321607
0.012028
0.090174
0.228954
0.446566
0.249880
0.271208
0.013336
0.128941
0.183926
0.198206
0.251728
0.335571
0.006686
0.467429
0.378509
0.331318
0.108417
0.229466
0.000585
0.170163
0.305723
0.420331
0.153668
0.317268
0.238869
0.272553
0.283730
0.358896
0.110213
0.150934
0.141597
0.261521
0.239866
0.188182
0.303162
0.318842
0.085539
0.411619
0.153762
0.151960
0.119875
0.387666
0.009101
0.340099
0.102580
0.432176
0.156844
0.372667
0.406863
0.206389
0.270754
0.008148
0.055484
0.496847
0.639558
0.148441
0.034601
0.136611
0.098148
0.188985
0.267439
0.352570
0.070399
0.255692
0.069817
0.131917
0.190853
0.299054
0.359855
0.347003
0.313310
0.325962
0.041634
0.703762
0.077419
0.230191
0.213186
0.470526
0.017958
0.062222
0.138473
0.273443
0.259391
0.439016
0.032627
0.351548
0.323365
0.017302
0.096259
0.134794
0.642962
0.107948
0.018446
0.089087
0.226018
0.079130
0.315256
0.545625
0.343301
0.078471
0.020252
0.028665
0.229652
0.036263
0.255806
0.123112
0.410042
0.252669
0.092795
0.539630
0.511567
0.062525
0.073040
0.064764
0.175077
0.240930
0.000216
0.064220
0.095506
0.349799
0.192652
0.276608
0.014784
0.118294
0.394354
0.167625
0.314419
0.476622
0.029017
0.191705
0.442650
0.039186
0.319449
0.223871
0.603854
0.302442
0.007327
0.048976
0.516112
0.224284
0.409123
0.237782
0.470538
0.213074
0.057920
0.182876
0.144226
0.128656
0.257502
0.415157
0.012881
0.436179
0.073579
0.289505
0.364557
0.022992
0.475188
0.066342
0.152606
0.098048
0.383683
0.091870
0.315835
0.002689
0.121161
0.365190
0.151310
0.352298
0.480929
0.107483
0.228680
0.003490
0.882850
0.262215
0.470677
0.020333
0.252515
0.258588
0.319978
0.006486
0.455325
0.393771
0.219860
0.084946
0.223532
0.366929
0.022841
0.434814
0.135704
0.481469
0.325764
0.028075
0.272612
0.259080
0.410760
0.819429
0.323616
0.080882
0.344948
0.421602
0.063442
0.295133
0.165080
0.300854
0.305017
0.306522
0.088727
0.216354
0.108122
0.341411
0.217581
0.066585
0.460548
0.081052
0.064953
0.296147
0.085110
0.136675
0.061817
0.449252
0.510575
0.374984
0.072783
0.187603
0.559080
0.201326
0.584726
0.278432
0.726484
0.202208
0.071139
0.409497
0.437160
0.109122
0.281676
0.377782
0.092378
0.336687
0.440921
0.138718
0.404809
0.156434
0.388120
0.620303
0.170670
0.200918
0.187554
0.201372
0.245785
0.031499
0.252827
0.110039
0.146167
0.398846
0.263542
0.226189
0.543910
0.301943
0.294874
0.377349
0.079749
0.162504
0.195256
0.083427
0.277348
0.348165
0.400699
0.035368
0.025613
0.292048
0.343770
0.554982
0.030251
0.184147
0.085290
0.285671
0.483143
0.038861
0.135606
0.640805
0.289540
0.113477
0.022000
0.086497
0.502501
0.489697
0.013539
0.036386
0.077761
0.070106
0.058328
0.151452
0.288552
0.063021
0.439135
0.122042
0.547337
0.281458
0.323743
0.175801
0.424054
0.018427
0.101824
0.177077
0.338275
0.007366
0.229365
0.574895
0.338522
0.249173
0.707858
0.106364
0.171030
0.215390
0.297286
0.450186
0.559223
0.160142
0.065105
0.480184
0.301689
0.224238
0.298740
0.057307
0.416294
0.349500
0.107121
0.392833
0.262548
0.033770
0.748127
0.265707
0.080646
0.039451
0.235286
0.513453
0.237445
0.193554
0.630919
0.020163
0.242710
0.036497
0.406426
0.246661
0.059428
0.025196
0.298604
0.075708
0.058026
0.105272
0.328736
0.202794
0.215313
0.238478
0.134509
0.136549
0.128269
0.044602
0.234540
0.280203
0.337665
0.211549
0.018938
0.212202
0.341384
0.202866
0.247778
0.080043
0.516487
0.636882
0.201131
0.398167
0.368469
0.230229
0.032118
0.375880
0.038740
0.350840
0.419902
0.361455
0.449380
0.651070
0.049959
0.440258
0.158602
0.305459
0.153652
0.281166
0.027638
0.634913
0.173400
0.181292
0.112839
0.160110
0.586134
0.355731
0.091698
0.466812
0.120343
0.010391
0.146708
0.565761
0.051657
0.122847
0.081240
0.003840
0.281275
0.442622
0.450878
0.184166
0.400647
0.276878
0.078771
0.151896
0.098481
0.138087
0.374533
0.427685
0.002315
0.339437
0.485273
0.293008
0.143623
0.484340
0.145989
0.400062
0.186689
0.139895
0.202430
0.258493
0.053888
0.070409
0.107129
0.090406
0.069693
0.504776
0.332056
0.110963
0.337963
0.623409
0.199442
0.160757
0.236112
0.483757
0.099593
0.268327
0.051977
0.410005
0.188939
0.293793
0.382959
0.275671
0.115060
0.021405
0.049976
0.146996
0.273171
0.234092
0.177859
0.214271
0.460974
0.001102
0.259933
0.402689
0.181380
0.270223
0.297733
0.279611
0.299503
0.425104
0.248206
0.273027
0.104507
0.068374
0.039818
0.117182
0.108730
0.189190
0.191276
0.396544
0.035292
0.042105
0.130391
0.027685
0.603915
0.070214
0.432444
0.110793
0.158744
0.167092
0.084447
0.175655
0.002766
0.378414
0.203358
0.303948
0.339396
0.490411
0.435084
0.237814
0.285649
0.688485
0.127118
0.009702
0.004840
0.478173
0.473183
0.485829
0.248748
0.351731
0.262333
0.070656
0.319610
0.159812
0.516117
0.255097
0.226054
0.321620
0.041698
0.612999
0.350000
0.194477
0.035639
0.454667
0.322826
0.041168
0.281810
0.092665
0.079374
0.167073
0.227502
0.236629
0.267170
0.081438
0.033908
0.067648
0.290426
0.453990
0.454782
0.421404
0.338364
0.368668
0.027091
0.149515
0.253386
0.282809
0.039924
0.734381
0.090467
0.678761
0.325631
0.372519
0.243335
0.568774
0.060031
0.124650
0.295480
0.357968
0.007869
0.346895
0.463713
0.188539
0.422498
0.126770
0.279950
0.077231
0.476360
0.060990
0.074266
0.347204
0.243718
0.576984
0.119972
0.250312
0.039560
0.035894
0.077039
0.242758
0.517223
0.005281
0.173798
0.019835
0.023687
0.502066
0.056884
0.600953
0.074572
0.438440
0.428251
0.254678
0.128724
0.426709
0.290589
0.056726
0.251659
0.126276
0.317298
0.064296
0.261587
0.094595
0.321407
0.203904
0.219665
0.084026
0.529039
0.129287
0.222474
0.297884
0.409026
0.192364
0.266710
0.511869
0.111806
0.469180
0.483239
0.266776
0.458724
0.239410
0.356279
0.252642
0.017198
0.011869
0.379062
0.031989
0.514118
0.127223
0.532775
0.321585
0.205870
0.202111
0.676148
0.145337
0.578730
0.113139
0.080294
0.583812
0.078900
0.015322
0.489266
0.072111
0.322250
0.238910
0.194841
0.004709
0.694971
0.108374
0.294219
0.693813
0.246630
0.245023
0.124350
0.022897
0.072141
0.143426
0.270125
0.295095
0.527312
0.120904
0.310923
0.371336
0.354717
0.148532
0.418853
0.336358
0.220715
0.341459
0.168534
0.133958
0.261717
0.543759
0.414420
0.136528
0.200903
0.388928
0.002090
0.030470
0.032217
0.026015
0.419944
0.164557
0.564559
0.382227
0.106825
0.271513
0.512918
0.080080
0.083132
0.004487
0.424436
0.183439
0.398051
0.044359
0.254053
0.095499
0.181638
0.361444
0.097163
0.260712
0.382279
0.090410
0.290573
0.432717
0.204195
0.402326
0.374955
0.346221
0.400956
0.392646
0.199636
0.031654
0.006904
0.326604
0.435647
0.067959
0.214333
0.276405
0.291780
0.265075
0.320695
0.593359
0.008136
0.474736
0.177667
0.101655
0.185595
0.151655
0.326457
0.300291
0.284238
0.254195
0.326666
0.088078
0.348089
0.325433
0.347018
0.240047
0.214842
0.204092
0.076341
0.556073
0.259763
0.106077
0.252895
0.483037
0.506069
0.261430
0.127154
0.407486
0.032132
0.376476
0.019243
0.438837
0.034358
0.190437
0.551482
0.227993
0.091983
0.013265
0.351225
0.336446
0.243705
0.315129
0.253690
0.311939
0.191205
0.278604
0.390858
0.251209
0.453376
0.008770
0.026034
0.004459
0.060933
0.609326
0.578508
0.319147
0.262818
0.150110
0.329871
0.147456
0.129513
0.195043
0.805643
0.186319
0.280200
0.439498
0.176931
0.439289
0.045475
0.059383
0.152432
0.150111
0.299236
0.284466
0.248069
0.156114
0.081120
0.279517
0.404366
0.377604
0.407098
0.395320
0.534530
0.105010
0.218172
0.015132
0.211119
0.249275
0.146599
0.416346
0.081195
0.374133
0.279518
0.173971
0.331543
0.107487
0.149416
0.461075
0.266966
0.054598
0.349042
0.196828
0.310056
0.020312
0.400438
0.040858
0.025918
0.375949
0.176438
0.266215
0.522140
0.415133
0.223690
0.374995
0.110117
0.333701
0.259768
0.210207
0.662023
0.000956
0.114781
0.254008
0.370749
0.058996
0.219241
0.037865
0.083466
0.251816
0.130105
0.165673
0.290440
0.138678
0.144873
0.030471
0.250892
0.239101
0.258553
0.241728
0.113327
0.266947
0.086677
0.336152
0.415843
0.130489
0.374824
0.083559
0.077650
0.375978
0.126385
0.371432
0.129431
0.614298
0.121824
0.308754
0.240763
0.355724
0.362184
0.211308
0.125264
0.357359
0.182800
0.376881
0.237461
0.013469
0.238508
0.369970
0.446658
0.309688
0.121058
0.436664
0.516261
0.095668
0.116779
0.216632
0.497650
0.058015
0.319992
0.046563
0.257126
0.116093
0.224591
0.213595
0.555962
0.255812
0.374684
0.381684
0.198961
0.312169
0.204509
0.141161
0.065585
0.145289
0.287612
0.525178
0.253799
0.599921
0.504328
0.241345
0.118225
0.346094
0.221481
0.095431
0.179051
0.165039
0.164402
0.481256
0.529934
0.047064
0.336895
0.221747
0.244398
0.237084
0.326251
0.595678
0.323366
0.235371
0.566550
0.044702
0.154136
0.384987
0.308941
0.068646
0.021721
0.435670
0.106914
0.088020
0.216150
0.106363
0.211106
0.130835
0.347543
0.066879
0.334271
0.422351
0.001820
0.312043
0.102308
0.078926
0.112194
0.006858
0.003365
0.030630
0.109715
0.259438
0.182789
0.339921
0.298077
0.181423
0.246164
0.680240
0.225029
0.150825
0.020053
0.075888
0.309430
0.298783
0.359433
0.230826
0.263046
0.328213
0.313095
0.057124
0.492673
0.465606
0.069360
0.359712
0.258243
0.326413
0.470100
0.303313
0.431489
0.102443
0.069711
0.530526
0.310619
0.335451
0.635827
0.595502
0.138340
0.159081
0.126090
0.008591
0.393984
0.345917
0.222359
0.180740
0.334354
0.258390
0.233417
0.031219
0.285503
0.230653
0.371246
0.225676
0.212444
0.083417
0.297056
0.418519
0.326982
0.207169
0.123116
0.176345
0.402363
0.119469
0.068534
0.391456
0.060495
0.018083
0.554569
0.261947
0.198918
0.339699
0.178241
0.238558
0.271055
0.160587
0.000004
0.484529
0.172977
0.487318
0.546534
0.241596
0.079100
0.074382
0.110766
0.389140
0.258585
0.254444
0.298723
0.059167
0.182352
0.373169
0.180461
0.172836
0.120732
0.040441
0.342309
0.464307
0.021330
0.363102
0.121083
0.214845
0.148149
0.056531
0.161919
0.442290
0.413531
0.223583
0.361808
0.216288
0.183970
0.087837
0.175420
0.265181
0.166286
0.502599
0.352184
0.188175
0.141789
0.274405
0.007220
0.191264
0.185098
0.311141
0.236666
0.254388
0.010623
0.096626
0.235585
0.119068
0.290152
0.401289
0.085925
0.458346
0.456553
0.431582
0.109857
0.282259
0.112933
0.017818
0.339450
0.465452
0.282172
0.317593
0.186592
0.319961
0.357343
0.392062
0.187108
0.210361
0.157656
0.321025
0.133272
0.179492
0.310725
0.408151
0.203857
0.398287
0.066303
0.223654
0.093602
0.378037
0.030127
0.349210
0.119316
0.258569
0.011560
0.215521
0.348691
0.244847
0.330277
0.079128
0.059621
0.459729
0.594247
0.199440
0.060596
0.055702
0.039585
0.315923
0.347520
0.432036
0.085651
0.185218
0.184635
0.204772
0.191747
0.472363
0.380802
0.345481
0.269829
0.382671
0.019742
0.615831
0.211191
0.149852
0.017219
0.279340
0.086284
0.151353
0.272674
0.355681
0.237987
0.430497
0.037286
0.521225
0.410617
0.008888
0.043125
0.013032
0.577634
0.202654
0.107032
0.098461
0.204379
0.045160
0.428002
0.556058
0.233736
0.003940
0.027457
0.127503
0.202258
0.096957
0.334167
0.141003
0.454305
0.233124
0.066618
0.514765
0.600682
0.070856
0.146012
0.059127
0.132188
0.192844
0.046129
0.119048
0.095359
0.445188
0.166054
0.187422
0.074480
0.153428
0.334689
0.074361
0.190180
0.406558
0.021399
0.099052
0.427872
0.110303
0.258544
0.300993
0.444923
0.295576
0.152262
0.015601
0.447544
0.202061
0.339726
0.187772
0.355249
0.286023
0.065750
0.249483
0.047282
0.320226
0.326919
0.461725
0.017659
0.281330
0.014486
0.144514
0.340747
0.034005
0.512073
0.044766
0.098124
0.178353
0.547260
0.041426
0.283956
0.029816
0.272686
0.334301
0.200307
0.285677
0.584554
0.170734
0.375991
0.100515
0.781306
0.304782
0.504180
0.043061
0.274990
0.344883
0.433267
0.044539
0.383726
0.320299
0.270097
0.122730
0.131088
0.310505
0.093430
0.279560
0.174450
0.561669
0.269366
0.099713
0.186867
0.298713
0.467493
0.718683
0.232164
0.051064
0.224896
0.504270
0.139986
0.317197
0.300944
0.289341
0.299308
0.215464
0.188634
0.270204
0.108708
0.213236
0.167735
0.103585
0.436741
0.181204
0.028307
0.168632
0.013072
0.135472
0.027533
0.405460
0.393858
0.351040
0.021279
0.285458
0.357471
0.341934
0.566544
0.377792
0.571607
0.141500
0.006659
0.374370
0.455301
0.248274
0.263745
0.294751
0.116749
0.293434
0.327961
0.165332
0.460546
0.052032
0.312610
0.546941
0.181805
0.170591
0.284645
0.230154
0.335581
0.016651
0.305424
0.085124
0.014171
0.430368
0.282559
0.246030
0.473549
0.174029
0.285437
0.371237
0.020379
0.311387
0.250214
0.018839
0.200137
0.450724
0.377589
0.141525
0.041046
0.360625
0.420853
0.536908
0.019979
0.244310
0.062695
0.231368
0.360249
0.177401
0.122119
0.517872
0.189125
0.097325
0.042649
0.078096
0.486460
0.538880
0.058003
0.025934
0.057417
0.241754
0.094589
0.009678
0.451145
0.156049
0.399255
0.080834
0.442078
0.233543
0.347707
0.085889
0.283053
0.051205
0.143109
0.200234
0.384907
0.112746
0.163499
0.686268
0.392710
0.226737
0.764435
0.139088
0.082622
0.126658
0.332498
0.504105
0.500122
0.171206
0.046793
0.539377
0.401947
0.300191
0.311432
0.050243
0.462933
0.392949
0.185462
0.320542
0.165756
0.243808
0.625492
0.279779
0.051921
0.082479
0.310115
0.405906
0.364584
0.288227
0.544302
0.050327
0.235356
0.184482
0.417468
0.344750
0.066565
0.068334
0.354587
0.085399
0.056750
0.079576
0.214549
0.270508
0.390554
0.107735
0.073284
0.178067
0.113351
0.013354
0.050371
0.175894
0.301690
0.279899
0.015592
0.021305
0.401265
0.241527
0.476901
0.025114
0.514508
0.494763
0.275575
0.501725
0.367018
0.264577
0.005737
0.306054
0.066331
0.380218
0.501418
0.341063
0.433634
0.601956
0.181782
0.339577
0.047717
0.286440
0.100133
0.441362
0.101185
0.556876
0.157381
0.049726
0.187943
0.187477
0.497760
0.251098
0.172147
0.507404
0.042267
0.149283
0.042410
0.430852
0.043593
0.042052
0.123832
0.096609
0.288919
0.422999
0.498353
0.141557
0.383775
0.415571
0.099882
0.398606
0.089124
0.167754
0.482994
0.351383
0.047443
0.363253
0.506582
0.355616
0.232381
0.358349
0.202351
0.349239
0.290578
0.065424
0.150754
0.051459
0.088926
0.070590
0.148733
0.145864
0.269936
0.347279
0.252548
0.071504
0.398906
0.578273
0.210015
0.005907
0.308495
0.362383
0.051610
0.189661
0.047211
0.503507
0.072397
0.258303
0.433704
0.262719
0.286040
0.037672
0.102215
0.096140
0.183617
0.174999
0.096745
0.022069
0.457652
0.009295
0.382132
0.473427
0.041496
0.211539
0.094205
0.432894
0.158084
0.385922
0.255027
0.333135
0.224326
0.160243
0.153973
0.137491
0.053392
0.163183
0.183791
0.390619
0.104536
0.114634
0.195816
0.003215
0.476461
0.116801
0.352076
0.144280
0.076011
0.092693
0.190884
0.084749
0.042320
0.357023
0.021325
0.256232
0.208049
0.567142
0.393369
0.354861
0.328594
0.630858
0.112198
0.144470
0.295318
0.450813
0.613318
0.523176
0.267010
0.343052
0.134224
0.055074
0.225582
0.193482
0.539822
0.287290
0.182216
0.196028
0.024468
0.448882
0.325940
0.194119
0.141951
0.574728
0.169121
0.185482
0.402963
0.074130
0.093435
0.016653
0.100730
0.258988
0.209277
0.034893
0.005614
0.108458
0.176262
0.280266
0.477658
0.396880
0.288939
0.300077
0.141076
0.172670
0.263630
0.338799
0.102749
0.608654
0.079688
0.622162
0.276674
0.291684
0.352485
0.443695
0.195844
0.080246
0.396710
0.223265
0.060644
0.316042
0.400586
0.184715
0.379293
0.150203
0.354600
0.127685
0.305536
0.156951
0.076932
0.328214
0.283046
0.611982
0.059842
0.307377
0.060228
0.035517
0.303777
0.188919
0.386859
0.094521
0.174902
0.022608
0.084020
0.597923
0.014753
0.615602
0.114092
0.477845
0.419947
0.038161
0.146171
0.205757
0.211743
0.075634
0.352255
0.066276
0.339464
0.018948
0.273645
0.044530
0.195893
0.175510
0.248023
0.011342
0.561896
0.185065
0.218210
0.373606
0.446283
0.102397
0.270245
0.655582
0.148183
0.485898
0.475659
0.220171
0.555037
0.336288
0.420142
0.022062
0.112541
0.033051
0.293327
0.005367
0.553678
0.001233
0.581058
0.258711
0.250225
0.105770
0.847265
0.190188
0.664306
0.038525
0.047900
0.540172
0.252085
0.180904
0.527298
0.122311
0.264852
0.428753
0.186557
0.145922
0.580620
0.180638
0.154158
0.526034
0.312210
0.196172
0.210324
0.038763
0.072666
0.045101
0.367457
0.444406
0.522614
0.178051
0.258320
0.365642
0.311599
0.197314
0.474400
0.408465
0.240104
0.327576
0.163656
0.265056
0.264156
0.496951
0.323356
0.197027
0.227063
0.389546
0.000511
0.065210
0.132304
0.138817
0.475811
0.164685
0.438498
0.380177
0.065813
0.303563
0.305413
0.159551
0.077496
0.062081
0.289964
0.202238
0.359963
0.000200
0.145876
0.031231
0.250974
0.334002
0.068222
0.260972
0.467132
0.063406
0.352662
0.526115
0.307810
0.254045
0.555757
0.288128
0.430694
0.358902
0.216865
0.188811
0.045406
0.489161
0.442180
0.067631
0.309056
0.232559
0.258210
0.340323
0.322362
0.498302
0.131379
0.417195
0.213663
0.145434
0.088080
0.267384
0.344438
0.251157
0.210791
0.340073
0.477987
0.185193
0.481049
0.342425
0.294818
0.167111
0.334128
0.186062
0.015912
0.424308
0.120398
0.101217
0.264663
0.419835
0.600776
0.285891
0.089495
0.435314
0.136455
0.260510
0.048673
0.528715
0.038628
0.180740
0.537039
0.219679
0.096409
0.158982
0.438254
0.382837
0.130884
0.300067
0.075835
0.325102
0.249242
0.198052
0.244764
0.143198
0.339876
0.054519
0.001472
0.002512
0.036043
0.399338
0.653096
0.378491
0.298473
0.182038
0.479425
0.125059
0.172308
0.349894
0.579547
0.111287
0.251164
0.557227
0.387885
0.254426
0.022399
0.146387
0.184889
0.118275
0.260740
0.284826
0.326500
0.239239
0.012158
0.170914
0.420313
0.514805
0.395080
0.446431
0.424018
0.165346
0.168047
0.133060
0.302176
0.029885
0.038946
0.397129
0.129919
0.272800
0.323967
0.233852
0.208206
0.075368
0.271137
0.459204
0.214731
0.011384
0.230304
0.142342
0.260807
0.060579
0.329889
0.160310
0.097054
0.543535
0.224973
0.292159
0.490908
0.470656
0.277012
0.312489
0.000219
0.236016
0.178212
0.126568
0.655840
0.014232
0.125503
0.218000
0.382818
0.021854
0.334335
0.091272
0.023046
0.291956
0.208515
0.219149
0.307299
0.033810
0.232515
0.112791
0.235080
0.192526
0.146870
0.236371
0.044293
0.339564
0.205463
0.295509
0.404810
0.178495
0.294742
0.091196
0.011636
0.325464
0.060919
0.261495
0.041167
0.483817
0.031960
0.209234
0.227700
0.495278
0.492360
0.210676
0.227543
0.330546
0.131305
0.339056
0.180566
0.070901
0.112621
0.385597
0.478248
0.281662
0.045939
0.259898
0.528214
0.149354
0.001300
0.182667
0.462992
0.027138
0.157504
0.071809
0.189235
0.050960
0.208878
0.270285
0.387544
0.115535
0.367439
0.326900
0.234533
0.390241
0.180847
0.113882
0.039010
0.202965
0.375127
0.510589
0.297892
0.548753
0.483203
0.237731
0.144146
0.278470
0.261826
0.174493
0.022623
0.181897
0.118953
0.607291
0.557939
0.104344
0.292947
0.280003
0.293312
0.182583
0.250025
0.604662
0.274662
0.257294
0.487524
0.116635
0.231048
0.473810
0.455307
0.109618
0.142563
0.445070
0.084309
0.107378
0.133735
0.011882
0.337425
0.089281
0.208617
0.050540
0.449700
0.501932
0.001485
0.339067
0.009441
0.123719
0.017862
0.103501
0.084098
0.168433
0.156665
0.189667
0.320490
0.325026
0.211875
0.130192
0.171274
0.657930
0.232321
0.053861
0.148014
0.066370
0.394003
0.271313
0.307621
0.228575
0.228099
0.231058
0.405242
0.000865
0.427622
0.389602
0.045019
0.337630
0.057376
0.332063
0.451243
0.186259
0.286266
0.007634
0.054555
0.525811
0.165609
0.356845
0.549939
0.509090
0.183897
0.272038
0.038841
0.070628
0.426739
0.292532
0.034073
0.214211
0.205657
0.447517
0.237212
0.030072
0.279766
0.320819
0.412523
0.337746
0.160487
0.166737
0.233086
0.379810
0.290879
0.170048
0.108309
0.178965
0.324879
0.081540
0.017315
0.108605
0.030573
0.063218
0.658122
0.130340
0.178593
0.168202
0.125974
0.203568
0.323258
0.142618
0.093364
0.589858
0.164539
0.378191
0.661051
0.223124
0.110328
0.098274
0.029998
0.357088
0.080240
0.420863
0.375076
0.087781
0.150389
0.443184
0.244043
0.158737
0.219109
0.048162
0.333962
0.368810
0.010090
0.246398
0.167484
0.292030
0.135680
0.114623
0.213516
0.327967
0.388751
0.293586
0.502671
0.213049
0.144598
0.110427
0.140017
0.130885
0.234495
0.335446
0.329554
0.313321
0.138512
0.212934
0.113987
0.273411
0.025759
0.126299
0.225491
0.205202
0.028518
0.180653
0.328409
0.121937
0.207826
0.473344
0.090589
0.365219
0.463705
0.505526
0.106286
0.276746
0.180448
0.242154
0.327226
0.460276
0.338764
0.336269
0.136036
0.331600
0.433593
0.426501
0.174203
0.184899
0.154633
0.270087
0.185834
0.219398
0.225690
0.391153
0.369674
0.440846
0.038579
0.344729
0.065520
0.318573
0.103830
0.305494
0.184640
0.110134
0.083778
0.046494
0.273730
0.219164
0.379673
0.086137
0.080334
0.390536
0.472559
0.240818
0.096153
0.087345
0.037741
0.374508
0.360803
0.563639
0.148832
0.128403
0.330085
0.244957
0.164266
0.630813
0.356430
0.393262
0.209654
0.390365
0.008410
0.427552
0.442559
0.153926
0.227235
0.065254
0.226000
0.264836
0.354433
0.427378
0.281801
0.407944
0.007056
0.545098
0.458252
0.013358
0.008576
0.203765
0.418898
0.342517
0.223668
0.157315
0.163041
0.047250
0.457578
0.533189
0.079744
0.015226
0.070596
0.134451
0.201176
0.221299
0.323728
0.192053
0.491385
0.236782
0.116728
0.436695
0.649433
0.169524
0.151957
0.053508
0.145424
0.203613
0.060606
0.260194
0.001830
0.525473
0.113117
0.126947
0.231686
0.235207
0.285845
0.014173
0.107163
0.334153
0.009200
0.036980
0.351375
0.271944
0.295341
0.379710
0.162720
0.296514
0.263340
0.026498
0.276698
0.158553
0.248385
0.106720
0.260918
0.344152
0.002981
0.213590
0.262873
0.415178
0.348383
0.433458
0.048895
0.107769
0.027952
0.053423
0.291991
0.066228
0.581465
0.070728
0.003817
0.249737
0.649902
0.092218
0.274785
0.104239
0.394264
0.317974
0.188749
0.251229
0.632772
0.213477
0.430764
0.197634
0.558229
0.404573
0.521145
0.003409
0.240448
0.366581
0.496285
0.124557
0.281529
0.196666
0.316504
0.175230
0.015366
0.229480
0.157867
0.199875
0.276121
0.509652
0.220347
0.167309
0.132782
0.274149
0.504217
0.533094
0.131737
0.059349
0.114430
0.571372
0.129788
0.355864
0.336755
0.267367
0.319186
0.096798
0.303796
0.265302
0.117161
0.066082
0.166188
0.149175
0.370758
0.272394
0.038731
0.027357
0.029189
0.183265
0.115349
0.340225
0.325442
0.370775
0.014178
0.421599
0.199622
0.390945
0.453375
0.394594
0.342337
0.099009
0.010385
0.314712
0.424930
0.382982
0.178272
0.225253
0.123620
0.187881
0.080580
0.190604
0.524683
0.008146
0.258149
0.414195
0.236728
0.098748
0.336038
0.288055
0.373875
0.030040
0.342553
0.196954
0.180909
0.464457
0.199137
0.201851
0.325796
0.016095
0.230212
0.321676
0.131157
0.365643
0.290504
0.070504
0.104854
0.490005
0.318165
0.170165
0.050450
0.323704
0.479103
0.397450
0.009468
0.300359
0.035303
0.188130
0.239421
0.391848
0.152851
0.353340
0.043395
0.004169
0.035073
0.281955
0.413982
0.501799
0.168735
0.057293
0.168532
0.368285
0.197832
0.230996
0.536414
0.224096
0.375554
0.026679
0.323764
0.200017
0.313003
0.053817
0.120708
0.127845
0.194907
0.259908
0.468585
0.234590
0.185276
0.628334
0.339069
0.209479
0.703902
0.096136
0.003304
0.007795
0.342144
0.547039
0.323967
0.233959
0.028037
0.556808
0.450907
0.378930
0.263807
0.100327
0.501069
0.416729
0.214305
0.182897
0.091950
0.387554
0.398868
0.255532
0.014646
0.144545
0.428312
0.234228
0.358121
0.368821
0.425888
0.020875
0.249435
0.311525
0.432544
0.374981
0.117211
0.129294
0.417249
0.026564
0.011448
0.045672
0.189208
0.354567
0.528737
0.016461
0.021275
0.225926
0.034939
0.012800
0.102087
0.055565
0.223760
0.406985
0.010445
0.127588
0.442484
0.215847
0.612593
0.182522
0.468557
0.327652
0.294972
0.541423
0.364124
0.204567
0.131720
0.274464
0.066689
0.349242
0.512082
0.295558
0.326124
0.408226
0.316341
0.263449
0.012364
0.317431
0.013104
0.495242
0.158633
0.448227
0.142189
0.014052
0.239149
0.223572
0.327069
0.194218
0.276031
0.522377
0.009763
0.313673
0.023449
0.370953
0.036949
0.207640
0.166363
0.221769
0.326644
0.378110
0.566103
0.107903
0.349047
0.466949
0.130386
0.653005
0.052939
0.138519
0.532442
0.243917
0.027456
0.386922
0.427388
0.418391
0.251347
0.341608
0.218467
0.332082
0.337698
0.028799
0.149163
0.155979
0.057908
0.115384
0.102538
0.281807
0.421123
0.232954
0.160237
0.194080
0.429034
0.509317
0.183317
0.140358
0.307097
0.248200
0.088208
0.103144
0.216129
0.578102
0.053613
0.208697
0.448418
0.258647
0.421822
0.111569
0.226663
0.285875
0.124254
0.094262
0.073349
0.214923
0.429756
0.024246
0.523262
0.543532
0.184279
0.145317
0.099935
0.611259
0.043133
0.253420
0.247623
0.382850
0.396219
0.217898
0.303860
0.087876
0.043190
0.117638
0.147680
0.367720
0.227766
0.245290
0.239503
0.051081
0.294516
0.129797
0.249623
0.148169
0.001852
0.028246
0.217987
0.093817
0.006719
0.327805
0.084319
0.183779
0.106925
0.449075
0.295902
0.336509
0.352845
0.528839
0.116319
0.232614
0.560751
0.374075
0.703740
0.475736
0.284536
0.228957
0.037298
0.047591
0.139775
0.210893
0.558155
0.249286
0.168552
0.112306
0.026228
0.309383
0.305598
0.175027
0.291849
0.606512
0.038996
0.226173
0.466309
0.001716
0.093026
0.203608
0.073197
0.268384
0.062224
0.007615
0.034575
0.102217
0.129334
0.094702
0.373374
0.337632
0.185975
0.221715
0.250928
0.118835
0.208044
0.315601
0.187842
0.448681
0.091859
0.456714
0.272569
0.212191
0.441232
0.295281
0.325238
0.024986
0.419790
0.150498
0.061834
0.253651
0.314217
0.112338
0.346195
0.097874
0.402921
0.189238
0.176896
0.284263
0.057016
0.310785
0.312189
0.575532
0.034190
0.382382
0.176785
0.043770
0.536962
0.177207
0.271212
0.203826
0.151008
0.140691
0.075545
0.634392
0.017194
0.516658
0.194404
0.466844
0.346220
0.147748
0.138259
0.017926
0.142525
0.252076
0.418968
0.010040
0.341649
0.093938
0.268492
0.074105
0.029143
0.185777
0.254373
0.047814
0.517970
0.157321
0.189939
0.434190
0.476432
0.060163
0.199070
0.657125
0.116337
0.475187
0.449393
0.120352
0.536877
0.436013
0.405372
0.110522
0.293624
0.068237
0.277829
0.042250
0.504491
0.126529
0.603360
0.213624
0.302770
0.027596
0.856969
0.173227
0.665156
0.090525
0.112881
0.347703
0.390159
0.336157
0.460796
0.167371
0.200350
0.530422
0.160199
0.233394
0.433846
0.160932
0.027288
0.346558
0.332602
0.132160
0.286758
0.049880
0.223616
0.058987
0.429313
0.508421
0.526396
0.204478
0.262114
0.374214
0.353065
0.232342
0.454366
0.404062
0.241225
0.290205
0.120660
0.365430
0.282393
0.441807
0.256001
0.218827
0.320266
0.399361
0.005347
0.057880
0.196561
0.189112
0.549475
0.168326
0.331849
0.311542
0.019352
0.314705
0.182269
0.229890
0.016106
0.103785
0.175680
0.182529
0.321158
0.028919
0.017391
0.075577
0.392003
0.335238
0.003095
0.235118
0.553926
0.020030
0.404039
0.581607
0.317784
0.175551
0.670203
0.230259
0.443596
0.274122
0.271293
0.327858
0.160626
0.568033
0.393100
0.130138
0.312794
0.187477
0.265591
0.315561
0.258341
0.374510
0.278846
0.250935
0.280383
0.206690
0.011068
0.360051
0.321481
0.170951
0.133229
0.464395
0.558936
0.286130
0.517393
0.306136
0.218301
0.191292
0.468670
0.163679
0.028716
0.266886
0.038707
0.108915
0.213779
0.379505
0.534045
0.151951
0.098320
0.384325
0.228448
0.192276
0.147319
0.612831
0.038479
0.111948
0.380172
0.235539
0.131332
0.230937
0.458080
0.336924
0.078173
0.370476
0.087996
0.318758
0.240432
0.085197
0.190820
0.071352
0.115828
0.045342
0.012796
0.016394
0.016978
0.179864
0.613977
0.315502
0.230070
0.207377
0.503473
0.080714
0.251214
0.454806
0.331889
0.132217
0.255388
0.528916
0.494593
0.085265
0.007467
0.264397
0.242550
0.042313
0.254239
0.277211
0.285472
0.317206
0.085987
0.029979
0.409543
0.546805
0.319986
0.453622
0.269684
0.206720
0.155552
0.244441
0.393150
0.188979
0.217224
0.330733
0.113419
0.219798
0.364152
0.288811
0.093917
0.278677
0.378059
0.435939
0.160252
0.024559
0.047778
0.047245
0.192867
0.212308
0.301493
0.351114
0.161113
0.585099
0.186043
0.345827
0.441441
0.424666
0.343780
0.240800
0.119595
0.160929
0.039569
0.023639
0.597173
0.098740
0.124604
0.107693
0.356341
0.109381
0.416498
0.186361
0.104666
0.336518
0.211549
0.270232
0.303527
0.113538
0.290820
0.151433
0.150750
0.255856
0.006514
0.293803
0.005871
0.391649
0.245092
0.228886
0.279765
0.306419
0.185917
0.026352
0.031422
0.275574
0.014071
0.188459
0.253688
0.356067
0.086640
0.137952
0.120140
0.485893
0.532711
0.232332
0.320884
0.249986
0.138220
0.267193
0.127068
0.125221
0.018394
0.342300
0.486100
0.254548
0.085278
0.009682
0.417315
0.194762
0.099165
0.191041
0.380855
0.034394
0.030767
0.047411
0.113082
0.198064
0.185408
0.325356
0.242216
0.116315
0.301938
0.218864
0.200469
0.486984
0.158089
0.071896
0.013902
0.292342
0.461461
0.501660
0.296491
0.451411
0.456331
0.198183
0.233551
0.226696
0.262331
0.278896
0.085771
0.236932
0.024638
0.618858
0.574055
0.219598
0.196508
0.291398
0.353071
0.081817
0.199307
0.578427
0.226321
0.261694
0.333562
0.195232
0.277738
0.594997
0.573172
0.171758
0.205670
0.450542
0.092035
0.114015
0.065484
0.088705
0.492315
0.086419
0.086024
0.048954
0.436332
0.483084
0.066396
0.284467
0.132881
0.186853
0.108546
0.198832
0.186047
0.330481
0.119717
0.090444
0.378403
0.297630
0.208820
0.146101
0.066983
0.552468
0.178782
0.042404
0.236884
0.297365
0.493361
0.271405
0.255876
0.281279
0.206355
0.126163
0.510215
0.075585
0.365060
0.283118
0.003018
0.365794
0.233839
0.341655
0.420811
0.048743
0.129451
0.079401
0.050156
0.501182
0.052776
0.321947
0.412572
0.332604
0.253358
0.369156
0.094975
0.193211
0.469555
0.303981
0.069492
0.254384
0.051428
0.580766
0.260454
0.004595
0.272814
0.385369
0.495537
0.429452
0.145816
0.209674
0.187026
0.329680
0.222349
0.104297
0.127984
0.219144
0.261516
0.047193
0.031582
0.169480
0.034883
0.203454
0.692966
0.037315
0.161626
0.003758
0.082643
0.215120
0.363654
0.121216
0.187097
0.586841
0.136770
0.309525
0.700196
0.200833
0.139769
0.096068
0.173876
0.309059
0.134585
0.570117
0.375417
0.162483
0.181849
0.507841
0.321167
0.135015
0.265059
0.190482
0.336735
0.261781
0.025001
0.170469
0.236450
0.303949
0.084192
0.332477
0.249809
0.242467
0.371843
0.234862
0.584124
0.211122
0.139128
0.128456
0.115534
0.036689
0.286506
0.106846
0.295445
0.432281
0.159062
0.152451
0.179221
0.341096
0.144778
0.064097
0.185339
0.125382
0.063116
0.294205
0.503035
0.148313
0.119655
0.490162
0.049256
0.267889
0.460076
0.488916
0.133094
0.237786
0.204129
0.319298
0.280796
0.484411
0.326382
0.321869
0.100659
0.344221
0.427464
0.423957
0.107801
0.137383
0.210442
0.161111
0.229036
0.273583
0.140497
0.366720
0.542371
0.423685
0.078032
0.386504
0.004381
0.327095
0.100789
0.318355
0.291161
0.027654
0.164849
0.064326
0.216450
0.185597
0.423130
0.093308
0.051935
0.311497
0.255636
0.243591
0.084742
0.211191
0.062462
0.435630
0.355661
0.621117
0.279057
0.016916
0.444252
0.248639
0.228466
0.653251
0.428397
0.334843
0.091543
0.413229
0.044226
0.206670
0.568847
0.230131
0.317415
0.096383
0.375819
0.371155
0.354177
0.467396
0.277542
0.351423
0.022853
0.529295
0.459275
0.130224
0.000712
0.377326
0.190543
0.436750
0.338711
0.210629
0.167666
0.016322
0.336738
0.466618
0.076188
0.005238
0.139383
0.117791
0.189302
0.285319
0.239609
0.291055
0.473419
0.148766
0.189928
0.321445
0.582170
0.244150
0.138146
0.058735
0.195213
0.221311
0.044857
0.426046
0.083417
0.519754
0.041495
0.035517
0.365384
0.281215
0.188968
0.140600
0.068611
0.205835
0.071097
0.164256
0.387884
0.363539
0.321151
0.510530
0.103259
0.286157
0.440360
0.028386
0.164367
0.120430
0.120757
0.010348
0.218843
0.429913
0.009497
0.304569
0.308936
0.482446
0.405006
0.376004
0.031357
0.027935
0.008331
0.248062
0.321526
0.011093
0.595956
0.080857
0.031709
0.363675
0.668527
0.201820
0.252099
0.186895
0.469290
0.249618
0.168394
0.260581
0.595498
0.270709
0.451830
0.251622
0.334564
0.397032
0.477574
0.088417
0.163806
0.356225
0.520796
0.188085
0.238684
0.131402
0.344399
0.159044
0.126321
0.155706
0.189072
0.209057
0.357225
0.366435
0.215654
0.144460
0.167288
0.220130
0.534011
0.383403
0.070788
0.077097
0.017345
0.584537
0.104995
0.359723
0.317217
0.215973
0.325873
0.022425
0.390568
0.211367
0.159500
0.087404
0.155011
0.203115
0.321633
0.391563
0.011415
0.082299
0.099342
0.277194
0.247747
0.225458
0.227822
0.398985
0.038479
0.547311
0.057965
0.368642
0.235344
0.287131
0.118057
0.046859
0.053278
0.232589
0.356134
0.408325
0.124694
0.174011
0.050672
0.096687
0.108785
0.198653
0.553908
0.013566
0.203302
0.241812
0.288063
0.023000
0.364262
0.352642
0.426648
0.032766
0.316499
0.294461
0.332888
0.484602
0.165315
0.193812
0.210371
0.082530
0.092048
0.261069
0.286758
0.358910
0.396011
0.138519
0.061604
0.432847
0.294919
0.118330
0.077672
0.167384
0.383659
0.258957
0.097074
0.349634
0.037411
0.149342
0.136052
0.523299
0.183314
0.216402
0.049494
0.134037
0.049991
0.443882
0.291468
0.363793
0.180753
0.028309
0.252583
0.443816
0.218246
0.402222
0.568217
0.294712
0.342563
0.045751
0.198424
0.145408
0.283099
0.014143
0.023932
0.151790
0.216349
0.361136
0.540203
0.391927
0.209508
0.487384
0.266475
0.208667
0.591272
0.031376
0.029369
0.108290
0.289548
0.511305
0.085843
0.292783
0.062928
0.502109
0.388110
0.397917
0.103127
0.099424
0.582426
0.359381
0.205313
0.017646
0.036520
0.463550
0.206629
0.195433
0.099572
0.119938
0.531227
0.060630
0.295830
0.391985
0.360034
0.023914
0.276854
0.382547
0.411369
0.354601
0.080725
0.193715
0.441595
0.092386
0.016416
0.102427
0.193490
0.373332
0.609402
0.157879
0.183559
0.292368
0.022588
0.016272
0.220597
0.036938
0.194192
0.443098
0.019856
0.217389
0.424618
0.217048
0.694349
0.390936
0.483237
0.180692
0.363913
0.550598
0.395555
0.180160
0.263871
0.211659
0.006474
0.331267
0.445636
0.223980
0.265305
0.158598
0.353125
0.150800
0.022004
0.323941
0.040952
0.497898
0.201851
0.266263
0.109689
0.041135
0.323549
0.261552
0.079815
0.101854
0.416161
0.532651
0.017108
0.444854
0.049181
0.286935
0.007935
0.374241
0.186057
0.351143
0.307104
0.287009
0.534219
0.119565
0.303748
0.445183
0.161622
0.785973
0.006390
0.007083
0.470470
0.166840
0.066908
0.414108
0.363591
0.514555
0.273177
0.294632
0.281759
0.329936
0.340110
0.072477
0.201117
0.314896
0.072437
0.106788
0.002313
0.350665
0.503731
0.175671
0.010646
0.274389
0.510479
0.469994
0.125773
0.235701
0.287951
0.199670
0.224542
0.008956
0.341475
0.658201
0.100584
0.159450
0.381202
0.272538
0.532363
0.212391
0.276854
0.384073
0.048227
0.077422
0.262944
0.400622
0.304440
0.130995
0.634600
0.443730
0.364729
0.071788
0.222633
0.745805
0.067389
0.131097
0.225439
0.426423
0.561569
0.237695
0.495769
0.030238
0.099835
0.099203
0.115914
0.341083
0.320021
0.300406
0.243894
0.124345
0.182192
0.170366
0.129875
0.129061
0.045088
0.212973
0.190243
0.158485
0.055811
0.258466
0.203051
0.124790
0.017171
0.296634
0.166204
0.327095
0.363069
0.429708
0.087111
0.216460
0.715848
0.287026
0.641789
0.389837
0.330106
0.141955
0.192585
0.182042
0.016656
0.248795
0.481120
0.186332
0.159371
0.001307
0.032217
0.232485
0.217004
0.141697
0.364682
0.572270
0.077251
0.176107
0.456779
0.085741
0.071171
0.399562
0.188152
0.235231
0.126290
0.095708
0.012086
0.080078
0.057605
0.041211
0.250567
0.238674
0.100866
0.111771
0.300096
0.103757
0.156503
0.202489
0.184261
0.233736
0.080157
0.246487
0.251566
0.137559
0.415998
0.143713
0.422901
0.060172
0.367795
0.079663
0.055818
0.175913
0.230170
0.045037
0.334146
0.009509
0.374665
0.259983
0.041980
0.449901
0.064346
0.226356
0.394378
0.441658
0.119034
0.400522
0.256497
0.091954
0.608355
0.189353
0.143794
0.282543
0.023388
0.278845
0.087736
0.630603
0.038428
0.415606
0.259623
0.466940
0.229056
0.301307
0.169404
0.141380
0.111071
0.395540
0.471059
0.003590
0.257466
0.179738
0.221499
0.129927
0.099909
0.186344
0.260094
0.077633
0.452746
0.123506
0.198287
0.524551
0.425614
0.026223
0.046315
0.531729
0.017720
0.370839
0.399960
0.017815
0.432982
0.447694
0.329068
0.142650
0.419587
0.129785
0.294015
0.177405
0.410387
0.244156
0.496954
0.140559
0.367939
0.162445
0.730471
0.143906
0.614604
0.254839
0.114310
0.134628
0.436664
0.429975
0.374179
0.154809
0.178287
0.610840
0.122026
0.325511
0.283849
0.098074
0.102565
0.168429
0.277626
0.042323
0.444885
0.068258
0.369645
0.167222
0.428737
0.545049
0.539371
0.225534
0.378670
0.353495
0.391532
0.220033
0.446981
0.292648
0.290853
0.211071
0.153300
0.448807
0.264146
0.389839
0.196217
0.284305
0.405605
0.400654
0.048929
0.039213
0.246841
0.132428
0.520329
0.256502
0.261773
0.210117
0.122080
0.351238
0.078729
0.223241
0.115776
0.127838
0.076272
0.181040
0.315613
0.099124
0.117000
0.124842
0.456014
0.298449
0.096830
0.177504
0.551384
0.196411
0.389805
0.530494
0.333305
0.147812
0.735105
0.171342
0.338097
0.245077
0.247889
0.407254
0.277462
0.520243
0.279357
0.147962
0.345373
0.141947
0.317817
0.231206
0.197758
0.271298
0.489980
0.078511
0.305260
0.277954
0.098592
0.430767
0.302225
0.045967
0.032322
0.464880
0.548129
0.274580
0.556420
0.334108
0.104035
0.252476
0.509711
0.210909
0.102948
0.158701
0.034028
0.147665
0.134954
0.259739
0.471820
0.064634
0.168177
0.321347
0.226942
0.139546
0.239146
0.573174
0.061118
0.109090
0.246583
0.256768
0.130995
0.244603
0.416781
0.232866
0.081518
0.380022
0.287044
0.291114
0.244745
0.000299
0.127482
0.002298
0.091244
0.012745
0.012597
0.093313
0.002492
0.009796
0.526339
0.203417
0.127323
0.271552
0.444487
0.068752
0.345099
0.479741
0.066148
0.111520
0.239044
0.481612
0.524092
0.023560
0.069478
0.321955
0.259027
0.024553
0.299600
0.217847
0.184513
0.395374
0.110681
0.103702
0.336815
0.571457
0.158048
0.392663
0.091539
0.218948
0.207483
0.375186
0.441771
0.337820
0.360126
0.248352
0.069871
0.160725
0.393459
0.250833
0.003020
0.418378
0.509966
0.315709
0.123226
0.107510
0.055205
0.080162
0.140505
0.367777
0.263978
0.490577
0.156595
0.485857
0.125360
0.367928
0.362137
0.213081
0.323533
0.113983
0.269213
0.124559
0.133134
0.063056
0.546907
0.163365
0.116001
0.056927
0.297865
0.160284
0.404032
0.277442
0.158481
0.402330
0.227219
0.336750
0.298401
0.245442
0.353400
0.124095
0.029891
0.287005
0.162528
0.344024
0.072868
0.486504
0.281832
0.163506
0.247370
0.398817
0.041585
0.034933
0.045100
0.265177
0.058321
0.143119
0.494690
0.265139
0.164802
0.159715
0.035528
0.398676
0.530962
0.207411
0.326990
0.210958
0.131950
0.172407
0.083539
0.179313
0.021752
0.256870
0.506642
0.230847
0.224767
0.262389
0.362543
0.181415
0.206516
0.179223
0.292442
0.104994
0.101959
0.038044
0.042253
0.348773
0.142734
0.311504
0.001542
0.314470
0.274434
0.115811
0.168756
0.510703
0.232807
0.029343
0.014232
0.392750
0.456045
0.519987
0.275132
0.285805
0.363408
0.119783
0.284653
0.202983
0.246239
0.292068
0.096983
0.320847
0.097637
0.480774
0.500510
0.324500
0.059134
0.212421
0.382390
0.011336
0.119701
0.444336
0.131798
0.145405
0.163894
0.274952
0.317408
0.606632
0.650432
0.150834
0.233284
0.407644
0.102912
0.147595
0.003716
0.218570
0.616631
0.069955
0.048877
0.067479
0.424408
0.422617
0.222570
0.205137
0.270533
0.179874
0.220414
0.312022
0.263613
0.521887
0.052799
0.004199
0.405905
0.223474
0.161614
0.161428
0.021204
0.385641
0.137838
0.185210
0.290226
0.521922
0.562328
0.268533
0.108754
0.256035
0.221773
0.020977
0.565667
0.112365
0.349528
0.083707
0.001341
0.380569
0.518423
0.290724
0.397163
0.049422
0.063734
0.129969
0.044491
0.446460
0.261230
0.252802
0.282985
0.112629
0.216833
0.445049
0.289299
0.336669
0.385334
0.229764
0.127923
0.371995
0.090989
0.662040
0.201610
0.033223
0.265633
0.402228
0.601644
0.412870
0.109590
0.152259
0.128824
0.314392
0.193314
0.042847
0.173250
0.249797
0.200703
0.004106
0.016545
0.379271
0.060245
0.356509
0.635800
0.225897
0.106349
0.136578
0.124401
0.197300
0.349363
0.161638
0.209330
0.491822
0.121532
0.180615
0.586504
0.171065
0.168201
0.120462
0.255697
0.303572
0.276897
0.645087
0.364266
0.259324
0.229154
0.508514
0.348401
0.172972
0.277713
0.362949
0.315650
0.143939
0.007121
0.104651
0.286280
0.298335
0.087697
0.436437
0.274634
0.218300
0.325107
0.148864
0.654824
0.196796
0.160204
0.168416
0.056985
0.185957
0.382151
0.121391
0.301229
0.510254
0.269100
0.155973
0.316838
0.367286
0.381338
0.226458
0.151409
0.106342
0.136084
0.394813
0.581767
0.276858
0.033282
0.470425
0.009722
0.202800
0.423523
0.464816
0.162459
0.153645
0.232354
0.307316
0.258586
0.436477
0.290073
0.312254
0.059231
0.295725
0.354182
0.436419
0.081730
0.124756
0.248130
0.021463
0.430384
0.343510
0.029440
0.345977
0.614418
0.385556
0.161832
0.398351
0.037348
0.353419
0.140755
0.350634
0.393088
0.057207
0.196497
0.135650
0.184556
0.006348
0.399745
0.063786
0.050343
0.237127
0.042153
0.246502
0.092927
0.360618
0.177058
0.393774
0.304680
0.634330
0.418915
0.077739
0.508122
0.259790
0.305533
0.605225
0.500402
0.253893
0.027676
0.370935
0.130350
0.024303
0.585694
0.380439
0.294299
0.179605
0.465219
0.414086
0.326388
0.446534
0.300658
0.291976
0.044129
0.404940
0.478093
0.191764
0.030061
0.397390
0.022449
0.454024
0.337469
0.212746
0.138897
0.020167
0.140910
0.426219
0.219006
0.101786
0.210229
0.016058
0.193072
0.338106
0.083624
0.268323
0.437739
0.074001
0.257770
0.223969
0.542106
0.364588
0.007033
0.053470
0.330689
0.278450
0.060107
0.524676
0.196098
0.510471
0.046712
0.200473
0.500141
0.328962
0.098748
0.218395
0.061778
0.098447
0.129052
0.264074
0.400569
0.487492
0.376514
0.566761
0.345349
0.219491
0.555283
0.150506
0.135800
0.140216
0.018222
0.065450
0.240343
0.472189
0.025908
0.378347
0.313549
0.448172
0.405685
0.400823
0.000937
0.087407
0.046169
0.353387
0.325706
0.073299
0.568773
0.144284
0.076534
0.450917
0.613988
0.335750
0.255095
0.245291
0.463679
0.218965
0.092746
0.267508
0.459193
0.317952
0.412155
0.297465
0.122545
0.399152
0.461034
0.190474
0.071611
0.350085
0.551677
0.178706
0.220314
0.120887
0.278742
0.133567
0.211556
0.068024
0.148574
0.235322
0.428015
0.188113
0.240430
0.067910
0.235696
0.146100
0.526977
0.241081
0.035401
0.065867
0.079030
0.468162
0.019316
0.408254
0.251937
0.159493
0.359295
0.099938
0.433546
0.116651
0.145335
0.198710
0.126020
0.297830
0.266606
0.488084
0.052729
0.180291
0.157159
0.358414
0.353762
0.152505
0.191599
0.464364
0.064619
0.716070
0.012912
0.249480
0.104909
0.096057
0.016752
0.015633
0.081803
0.197672
0.308667
0.316246
0.147813
0.115434
0.037470
0.003287
0.265211
0.231918
0.500852
0.001172
0.154882
0.061834
0.318755
0.109973
0.323051
0.356174
0.408569
0.031013
0.237170
0.315215
0.450523
0.540934
0.125004
0.192106
0.125088
0.121516
0.125653
0.199791
0.383880
0.278754
0.418606
0.182289
0.079514
0.413098
0.270329
0.022401
0.082288
0.022631
0.318716
0.136418
0.215190
0.332028
0.061411
0.168278
0.055239
0.547277
0.123984
0.102760
0.157456
0.297970
0.060052
0.636466
0.221542
0.204970
0.217071
0.055005
0.326566
0.494067
0.209648
0.506196
0.558647
0.306345
0.323396
0.106283
0.116512
0.126323
0.196660
0.013759
0.077984
0.199489
0.262975
0.454240
0.519862
0.495437
0.269698
0.275068
0.120128
0.240916
0.448943
0.031291
0.061595
0.213941
0.184435
0.518010
0.129573
0.434379
0.123067
0.423563
0.253834
0.442468
0.080586
0.089537
0.526030
0.291405
0.147708
0.141973
0.066737
0.433097
0.027134
0.128849
0.145292
0.078691
0.591270
0.117915
0.190120
0.348024
0.252544
0.110900
0.273323
0.359706
0.443773
0.361103
0.075378
0.260870
0.475076
0.256177
0.056598
0.218256
0.240725
0.358286
0.567466
0.233657
0.364651
0.259174
0.029594
0.074015
0.334434
0.023766
0.165917
0.448935
0.056058
0.184184
0.410438
0.220574
0.694370
0.577104
0.431658
0.048975
0.427997
0.507529
0.336573
0.090782
0.406971
0.201325
0.045204
0.293370
0.428420
0.223206
0.118061
0.134971
0.310347
0.096404
0.052491
0.372210
0.026127
0.466876
0.202308
0.148749
0.038830
0.155594
0.378700
0.295811
0.204916
0.011661
0.491699
0.529669
0.048878
0.567450
0.053786
0.277602
0.031059
0.500904
0.212440
0.515733
0.259707
0.167381
0.547502
0.113146
0.253972
0.373444
0.139642
0.753626
0.028882
0.177460
0.418186
0.078858
0.206129
0.421053
0.265621
0.587267
0.227011
0.371594
0.301061
0.298561
0.241443
0.080270
0.288707
0.403775
0.052913
0.098958
0.083072
0.443690
0.443846
0.173276
0.176302
0.280812
0.589724
0.435370
0.094482
0.271988
0.228973
0.130500
0.305125
0.149827
0.445193
0.631345
0.096156
0.106442
0.273734
0.260894
0.480662
0.348306
0.269693
0.396634
0.064577
0.000282
0.420591
0.441425
0.254463
0.242730
0.699753
0.282948
0.519036
0.018546
0.300584
0.778021
0.083937
0.040314
0.185982
0.465828
0.626026
0.228289
0.665705
0.041867
0.252349
0.060888
0.046023
0.287416
0.286701
0.345538
0.263285
0.168621
0.151105
0.244701
0.012770
0.102679
0.105229
0.383759
0.155784
0.286126
0.184701
0.171656
0.292851
0.122571
0.065675
0.157091
0.129994
0.214397
0.323099
0.364261
0.058617
0.104089
0.728151
0.237741
0.491269
0.292173
0.361400
0.022308
0.318040
0.381569
0.107962
0.281492
0.419340
0.132073
0.161159
0.055863
0.087839
0.155357
0.098238
0.141057
0.330509
0.430756
0.144150
0.045690
0.407318
0.192190
0.049538
0.502928
0.298441
0.203008
0.318163
0.209639
0.016064
0.018269
0.096943
0.158961
0.079812
0.163566
0.098029
0.002025
0.275906
0.101241
0.098838
0.088683
0.177307
0.048509
0.100322
0.041564
0.280062
0.073926
0.363695
0.025745
0.496547
0.077044
0.283668
0.094672
0.000476
0.107485
0.164355
0.020122
0.350755
0.137608
0.331392
0.259164
0.012413
0.572468
0.056612
0.122442
0.396648
0.300479
0.234093
0.414916
0.308576
0.079600
0.559620
0.222820
0.035949
0.352375
0.086743
0.393679
0.114357
0.587286
0.143256
0.285306
0.250451
0.479367
0.161744
0.453155
0.228875
0.245722
0.089367
0.367789
0.462695
0.039000
0.157086
0.233563
0.205593
0.212904
0.208121
0.216738
0.221846
0.076880
0.366581
0.007833
0.149128
0.593222
0.362641
0.043620
0.032155
0.374413
0.078714
0.230406
0.299974
0.045398
0.305843
0.445568
0.147180
0.042888
0.564202
0.157845
0.302757
0.331625
0.341122
0.312023
0.341447
0.130985
0.369848
0.295635
0.482900
0.102448
0.412233
0.443841
0.018790
0.018702
0.354741
0.438363
0.288029
0.121230
0.203475
0.690631
0.066041
0.383237
0.201447
0.037301
0.159042
0.001131
0.116806
0.016746
0.542933
0.045013
0.478960
0.237339
0.411499
0.515268
0.496547
0.205130
0.456143
0.364221
0.479726
0.225063
0.464504
0.117790
0.297555
0.128139
0.186825
0.496009
0.299548
0.392769
0.174506
0.286748
0.414021
0.334104
0.075309
0.035531
0.289635
0.022503
0.537597
0.335951
0.233102
0.180908
0.166951
0.393473
0.036213
0.200359
0.225418
0.144873
0.087685
0.139725
0.302223
0.176535
0.210466
0.156737
0.606842
0.311535
0.179182
0.070647
0.599974
0.392128
0.304550
0.363349
0.245994
0.169752
0.682036
0.108176
0.209711
0.160623
0.253800
0.395191
0.370850
0.393677
0.123281
0.182204
0.412993
0.108021
0.377123
0.065396
0.124125
0.212905
0.635588
0.113416
0.285589
0.362040
0.198461
0.462997
0.269026
0.002741
0.048065
0.438043
0.461293
0.267658
0.488232
0.304632
0.020261
0.423251
0.481052
0.176747
0.149557
0.057562
0.021873
0.123098
0.084062
0.204691
0.328759
0.061913
0.259105
0.217451
0.131588
0.099749
0.322171
0.434294
0.028565
0.030461
0.125055
0.292518
0.101074
0.152283
0.349262
0.102489
0.198780
0.500103
0.393373
0.217445
0.222649
0.131652
0.149759
0.001875
0.285531
0.120453
0.088295
0.166865
0.002578
0.134781
0.457524
0.110881
0.036012
0.352054
0.283047
0.081423
0.396303
0.451208
0.101579
0.231773
0.248928
0.385249
0.475997
0.094342
0.161802
0.396378
0.258934
0.101200
0.380126
0.216116
0.067179
0.485269
0.140616
0.267030
0.230752
0.478411
0.029230
0.353839
0.041042
0.188131
0.257900
0.499062
0.488557
0.430285
0.445329
0.176789
0.064096
0.101002
0.419976
0.182746
0.055919
0.510027
0.574009
0.173168
0.161274
0.156494
0.127691
0.261432
0.131356
0.438449
0.272359
0.513984
0.092672
0.376210
0.040174
0.351002
0.323746
0.055499
0.308257
0.002733
0.362443
0.153667
0.242879
0.091926
0.460754
0.294878
0.096853
0.052640
0.222931
0.154998
0.327930
0.335129
0.237275
0.498911
0.197427
0.389445
0.264729
0.386702
0.388135
0.036908
0.062909
0.360647
0.318043
0.392391
0.137233
0.470881
0.275721
0.102528
0.189098
0.445945
0.026865
0.152675
0.163934
0.249276
0.101941
0.160397
0.682380
0.163804
0.218343
0.168465
0.123000
0.264539
0.505793
0.270706
0.221917
0.151923
0.190001
0.119390
0.016525
0.245871
0.037937
0.120602
0.525931
0.185249
0.326183
0.489138
0.227200
0.181873
0.252049
0.214433
0.225412
0.166466
0.162048
0.077892
0.007968
0.487115
0.087321
0.388283
0.151024
0.487973
0.273684
0.042897
0.114739
0.571910
0.277819
0.041945
0.047272
0.506492
0.409311
0.527823
0.230614
0.195615
0.271174
0.030855
0.324041
0.256683
0.155651
0.254436
0.089908
0.397487
0.258566
0.285820
0.361936
0.417077
0.074810
0.084280
0.387809
0.122537
0.139990
0.303381
0.021915
0.020717
0.028169
0.256988
0.296074
0.539585
0.560847
0.068123
0.220148
0.334743
0.091890
0.207308
0.051688
0.371805
0.693504
0.020117
0.102552
0.076158
0.348137
0.294597
0.368841
0.100818
0.382724
0.186881
0.311836
0.412836
0.260065
0.575999
0.079274
0.053481
0.324902
0.181860
0.180885
0.220919
0.000521
0.220392
0.074483
0.310077
0.219446
0.635455
0.549631
0.266883
0.006529
0.247313
0.232096
0.062903
0.588767
0.144529
0.291883
0.059528
0.007145
0.408434
0.730575
0.199284
0.336814
0.105653
0.009390
0.174642
0.086870
0.379828
0.477816
0.145238
0.151876
0.097708
0.155994
0.516915
0.454685
0.470089
0.167465
0.205276
0.016208
0.459036
0.259398
0.650196
0.143923
0.075254
0.313026
0.379550
0.659285
0.354145
0.088816
0.091704
0.127523
0.310120
0.158421
0.030975
0.288816
0.298904
0.111398
0.002127
0.100913
0.474746
0.003537
0.493795
0.501933
0.363507
0.003232
0.278602
0.199571
0.196840
0.281535
0.184886
0.277414
0.345279
0.081799
0.111214
0.441082
0.128010
0.211385
0.104493
0.271936
0.221631
0.373385
0.625708
0.287867
0.363296
0.287731
0.500028
0.348055
0.249171
0.257319
0.504263
0.290676
0.050548
0.054628
0.049627
0.345780
0.221218
0.044236
0.451960
0.269266
0.144591
0.264848
0.085184
0.585465
0.184759
0.207538
0.176004
0.014241
0.312985
0.446827
0.297019
0.324029
0.536032
0.400607
0.132414
0.396035
0.283937
0.535367
0.351630
0.201990
0.116068
0.257303
0.402952
0.534041
0.412159
0.015247
0.439281
0.069866
0.178677
0.386922
0.368893
0.183393
0.064434
0.281386
0.214262
0.218651
0.354767
0.241515
0.265202
0.048995
0.261228
0.297471
0.343554
0.044480
0.125933
0.395312
0.149156
0.553744
0.393549
0.103480
0.367682
0.623736
0.297840
0.219783
0.344531
0.086635
0.453094
0.129611
0.412877
0.440894
0.104468
0.168505
0.143453
0.149559
0.179652
0.396328
0.098968
0.197943
0.245377
0.139098
0.246620
0.096809
0.423916
0.294709
0.372591
0.275313
0.540331
0.577913
0.215733
0.468070
0.236087
0.426000
0.399920
0.602208
0.178950
0.008341
0.275659
0.249207
0.023638
0.475092
0.481638
0.158562
0.209042
0.474513
0.421664
0.301119
0.357579
0.279420
0.261612
0.078998
0.170731
0.454809
0.262630
0.117113
0.316655
0.171116
0.425238
0.327350
0.212874
0.179960
0.053229
0.038520
0.360044
0.333788
0.187695
0.321248
0.088888
0.136370
0.288102
0.095099
0.254788
0.365998
0.010851
0.300393
0.173031
0.471659
0.415473
0.114287
0.037017
0.375969
0.278322
0.023584
0.501829
0.244451
0.431111
0.072931
0.434366
0.539699
0.302931
0.044514
0.239494
0.089420
0.017439
0.233748
0.327874
0.495802
0.478097
0.358831
0.563713
0.464152
0.175409
0.660037
0.249228
0.198603
0.251053
0.087188
0.120962
0.340627
0.471634
0.019144
0.548341
0.157715
0.345247
0.409201
0.400365
0.029646
0.054707
0.137485
0.421847
0.352732
0.197248
0.412145
0.209853
0.018770
0.513761
0.480929
0.424762
0.246423
0.299666
0.429670
0.170470
0.025027
0.300255
0.288424
0.377521
0.355781
0.340973
0.073051
0.272221
0.386950
0.275965
0.119171
0.380944
0.524879
0.155597
0.283755
0.183204
0.170633
0.074632
0.312425
0.003953
0.079067
0.236515
0.438334
0.034220
0.320771
0.022823
0.345099
0.058282
0.449667
0.130137
0.096626
0.043486
0.134610
0.261064
0.104831
0.396549
0.179427
0.146754
0.326448
0.158926
0.432215
0.029338
0.180344
0.241114
0.089294
0.329448
0.270475
0.577253
0.056782
0.185251
0.179356
0.448806
0.447082
0.115401
0.100904
0.479494
0.074985
0.761435
0.018662
0.113141
0.010200
0.162644
0.089342
0.008586
0.139160
0.208837
0.193413
0.153627
0.205012
0.080145
0.149610
0.003013
0.334727
0.310939
0.406550
0.014617
0.138665
0.099651
0.334033
0.203330
0.318894
0.321139
0.370248
0.012745
0.165776
0.304692
0.468065
0.576810
0.101620
0.202362
0.046926
0.077585
0.270669
0.138636
0.421852
0.138953
0.462341
0.222737
0.200160
0.362890
0.263994
0.101800
0.092209
0.165100
0.251426
0.099538
0.344536
0.296615
0.106811
0.206860
0.035589
0.555882
0.041598
0.022083
0.218028
0.420737
0.082301
0.715942
0.233819
0.081580
0.172219
0.115051
0.372726
0.464376
0.198529
0.582923
0.487416
0.324468
0.249065
0.106665
0.028623
0.144572
0.159441
0.085069
0.086131
0.195431
0.231056
0.503026
0.417063
0.529305
0.196177
0.111763
0.017993
0.258840
0.238871
0.116533
0.013349
0.312117
0.079471
0.468425
0.301451
0.469433
0.257759
0.351830
0.096451
0.397898
0.294364
0.122115
0.438184
0.184474
0.040139
0.279128
0.069379
0.377686
0.087169
0.085069
0.201625
0.072275
0.474927
0.286292
0.146017
0.256901
0.195479
0.169300
0.228144
0.338798
0.448191
0.343604
0.009972
0.315613
0.466656
0.421965
0.124465
0.370952
0.293339
0.243552
0.443699
0.269317
0.537333
0.149952
0.038638
0.164660
0.398260
0.116254
0.141874
0.327111
0.062716
0.179353
0.335039
0.213655
0.647681
0.716710
0.364316
0.027071
0.459539
0.354343
0.238256
0.072549
0.477249
0.150400
0.069442
0.317792
0.283319
0.177054
0.030208
0.302979
0.228978
0.063022
0.098814
0.330873
0.030994
0.414449
0.200177
0.042119
0.117263
0.313552
0.379311
0.328682
0.398889
0.143255
0.558405
0.439699
0.079772
0.666875
0.015217
0.200783
0.061492
0.544451
0.180874
0.643979
0.184708
0.083362
0.490528
0.104803
0.200845
0.314555
0.085060
0.566168
0.101888
0.318687
0.352320
0.079813
0.342605
0.422704
0.232256
0.567592
0.221072
0.345193
0.330670
0.263132
0.100234
0.109402
0.346308
0.399552
0.012334
0.062333
0.148136
0.489737
0.307134
0.172887
0.369770
0.245365
0.643536
0.393917
0.082489
0.268759
0.212537
0.108913
0.249623
0.313619
0.472741
0.479200
0.026670
0.063289
0.071248
0.259075
0.379368
0.459498
0.178533
0.378690
0.158971
0.010026
0.499423
0.445794
0.142477
0.378298
0.583444
0.021380
0.590962
0.041425
0.258005
0.635714
0.065021
0.009976
0.158321
0.486769
0.593561
0.155777
0.751251
0.121052
0.340901
0.080151
0.018313
0.256128
0.174002
0.313347
0.253163
0.200387
0.188898
0.378718
0.070986
0.105130
0.105045
0.533808
0.103621
0.474149
0.269820
0.072637
0.381227
0.148170
0.101618
0.120664
0.140138
0.121459
0.184031
0.338772
0.002784
0.050757
0.681411
0.125964
0.227056
0.154459
0.370815
0.091992
0.374876
0.588446
0.230445
0.329567
0.349086
0.103969
0.231905
0.069749
0.198911
0.065050
0.064630
0.104726
0.261330
0.329215
0.185417
0.117160
0.353255
0.216960
0.117730
0.480846
0.384739
0.064941
0.487464
0.320766
0.095628
0.081185
0.150317
0.201094
0.043115
0.046339
0.127854
0.058429
0.182803
0.220951
0.135288
0.032406
0.115807
0.077950
0.165975
0.111412
0.246735
0.069708
0.236105
0.233181
0.532112
0.078234
0.227649
0.097135
0.059361
0.006777
0.109852
0.017450
0.368290
0.297935
0.271851
0.223403
0.026377
0.611324
0.111330
0.060607
0.409549
0.153221
0.366138
0.376934
0.298467
0.102254
0.360540
0.254868
0.062917
0.357254
0.207468
0.435233
0.127893
0.407386
0.245209
0.196991
0.229429
0.489162
0.148589
0.505060
0.280791
0.285394
0.120842
0.304683
0.446054
0.088636
0.031568
0.302816
0.159282
0.259291
0.237652
0.242122
0.238613
0.042869
0.310426
0.069639
0.182461
0.585606
0.263677
0.102385
0.076119
0.172589
0.160548
0.069690
0.160315
0.097994
0.183301
0.333868
0.078660
0.084088
0.626549
0.159374
0.300155
0.518531
0.295345
0.349543
0.132888
0.085798
0.332201
0.382989
0.211997
0.042082
0.158179
0.571811
0.134215
0.064378
0.272107
0.329322
0.233686
0.058734
0.252636
0.735297
0.031831
0.351018
0.195251
0.049456
0.160883
0.099992
0.061017
0.054615
0.638812
0.025316
0.488358
0.259499
0.373896
0.500031
0.374658
0.155733
0.529960
0.325325
0.466672
0.208199
0.550408
0.066638
0.343404
0.065460
0.232541
0.474434
0.304916
0.340850
0.163387
0.288846
0.350322
0.196674
0.096636
0.133869
0.239067
0.139682
0.474423
0.414267
0.239566
0.117893
0.228186
0.428864
0.008607
0.132919
0.331624
0.083533
0.132181
0.105232
0.271984
0.262489
0.258309
0.193754
0.647680
0.276281
0.225500
0.022558
0.500779
0.552883
0.188861
0.154077
0.208195
0.195499
0.515156
0.039663
0.008695
0.115345
0.205173
0.281864
0.430345
0.244911
0.079728
0.187265
0.511108
0.112118
0.420028
0.048855
0.094444
0.136929
0.669359
0.268141
0.175325
0.409106
0.229177
0.420235
0.252367
0.075504
0.117070
0.333678
0.345435
0.158202
0.386771
0.336642
0.031640
0.522839
0.348929
0.189746
0.261306
0.021932
0.047433
0.149739
0.090703
0.124503
0.185915
0.144619
0.371161
0.175646
0.011972
0.063859
0.353977
0.251261
0.041355
0.018709
0.110570
0.297720
0.001782
0.030313
0.241099
0.000724
0.320938
0.472479
0.502466
0.155927
0.218078
0.225790
0.152518
0.015366
0.384026
0.222023
0.195696
0.273592
0.003854
0.201611
0.433215
0.074829
0.023204
0.463941
0.063489
0.096922
0.396360
0.337944
0.194517
0.335587
0.207583
0.369768
0.323319
0.087623
0.251441
0.409581
0.257419
0.180084
0.453604
0.177756
0.045919
0.550887
0.203980
0.405629
0.127046
0.388904
0.214304
0.336621
0.112752
0.146496
0.293132
0.579341
0.414061
0.483592
0.467982
0.097276
0.227324
0.042789
0.435512
0.097297
0.094387
0.491113
0.551552
0.033314
0.219522
0.209093
0.185731
0.407040
0.148012
0.472958
0.276215
0.372691
0.058877
0.245931
0.069322
0.290278
0.192902
0.072885
0.276899
0.144791
0.429696
0.229786
0.292756
0.061041
0.334834
0.354327
0.115524
0.143231
0.164034
0.057218
0.237412
0.312593
0.320011
0.555766
0.152656
0.354422
0.259239
0.410751
0.408602
0.103869
0.127584
0.372600
0.440713
0.414302
0.158537
0.414715
0.244256
0.068424
0.263337
0.388116
0.087833
0.217284
0.249566
0.225735
0.082247
0.199976
0.759279
0.087218
0.246001
0.174152
0.154358
0.225000
0.468592
0.281601
0.071945
0.183879
0.223640
0.100962
0.092582
0.313071
0.105422
0.014490
0.493071
0.135986
0.339292
0.620895
0.188751
0.126028
0.210745
0.226589
0.146406
0.163547
0.160146
0.198572
0.008099
0.534152
0.091099
0.416543
0.270847
0.557009
0.346200
0.024404
0.093712
0.550588
0.324031
0.071158
0.130758
0.615472
0.330889
0.505080
0.209043
0.169715
0.190932
0.100270
0.297440
0.330180
0.053282
0.149562
0.088886
0.391241
0.420118
0.115902
0.202086
0.350641
0.179966
0.092965
0.394957
0.168727
0.194656
0.163536
0.181008
0.190601
0.165225
0.194273
0.311362
0.376321
0.424970
0.028543
0.202063
0.306581
0.100871
0.290005
0.072698
0.472579
0.653807
0.121084
0.111543
0.063934
0.355659
0.182764
0.529625
0.011362
0.451142
0.113727
0.423472
0.465489
0.134998
0.613707
0.190272
0.089825
0.312750
0.134984
0.170837
0.262036
0.060930
0.053916
0.036257
0.463651
0.060825
0.644258
0.485315
0.280729
0.123688
0.184670
0.235299
0.091723
0.563032
0.139087
0.219714
0.146563
0.123022
0.406340
0.725299
0.098114
0.271356
0.065087
0.034900
0.228731
0.205640
0.333843
0.645785
0.017420
0.108661
0.227384
0.056727
0.458775
0.581942
0.547498
0.068437
0.135331
0.169941
0.556979
0.370969
0.589356
0.093731
0.089573
0.393187
0.393452
0.628159
0.238157
0.057315
0.006860
0.152537
0.329659
0.205202
0.059329
0.401778
0.292698
0.021354
0.003785
0.239900
0.433791
0.077116
0.529683
0.341046
0.434798
0.151355
0.347281
0.267802
0.106944
0.208417
0.281306
0.305518
0.195954
0.028344
0.026224
0.304198
0.108102
0.226256
0.144339
0.191382
0.180157
0.411560
0.523294
0.186640
0.435327
0.303093
0.385983
0.251961
0.357399
0.182324
0.664458
0.246665
0.037779
0.093691
0.015303
0.367547
0.137090
0.054730
0.418882
0.234449
0.102080
0.222325
0.110136
0.499554
0.146105
0.244268
0.149520
0.018208
0.372403
0.478724
0.391890
0.338155
0.459070
0.591388
0.146096
0.482780
0.154423
0.627709
0.404391
0.271036
0.127374
0.430980
0.388942
0.416297
0.551046
0.067877
0.431271
0.180132
0.150011
0.221504
0.248311
0.153032
0.091200
0.328803
0.099021
0.170836
0.260786
0.185837
0.216109
0.064312
0.229059
0.229499
0.217477
0.035406
0.121252
0.517513
0.312207
0.680889
0.439094
0.219993
0.366213
0.543447
0.226383
0.219848
0.309046
0.126183
0.483918
0.173745
0.401797
0.437122
0.126138
0.090997
0.144942
0.142016
0.404803
0.383299
0.045440
0.349495
0.304307
0.245280
0.234802
0.150462
0.469901
0.449890
0.312554
0.227975
0.405044
0.632627
0.301389
0.392840
0.199232
0.445340
0.194722
0.576854
0.156855
0.049364
0.156673
0.347747
0.004434
0.314547
0.544620
0.043113
0.136872
0.431225
0.412341
0.265727
0.234874
0.279817
0.282756
0.074124
0.147710
0.491512
0.279481
0.225008
0.151396
0.226196
0.416859
0.250420
0.246889
0.203509
0.118482
0.163759
0.355923
0.390175
0.371163
0.407821
0.239235
0.138062
0.201672
0.307787
0.211735
0.324192
0.038356
0.293125
0.182922
0.457394
0.430259
0.261184
0.015098
0.423960
0.304436
0.025282
0.379736
0.303081
0.366842
0.077004
0.558885
0.485642
0.285413
0.032299
0.137223
0.151707
0.078743
0.353052
0.310385
0.575322
0.431337
0.278927
0.517819
0.564870
0.138710
0.570288
0.347150
0.221197
0.379157
0.125636
0.079993
0.459617
0.438627
0.011570
0.512195
0.001221
0.181909
0.383525
0.362058
0.021344
0.009131
0.283024
0.387723
0.311220
0.272346
0.237004
0.339005
0.042897
0.517058
0.370771
0.489808
0.252385
0.348591
0.302081
0.193500
0.055412
0.379344
0.166299
0.451435
0.203080
0.390821
0.245934
0.168558
0.304583
0.350583
0.297452
0.425699
0.438039
0.112251
0.308329
0.199702
0.104338
0.007099
0.335515
0.024768
0.040748
0.229715
0.425187
0.243791
0.367113
0.154526
0.427846
0.040947
0.346749
0.021587
0.166736
0.047580
0.148020
0.069062
0.278639
0.369277
0.032508
0.176433
0.259480
0.159083
0.392641
0.235272
0.114783
0.228619
0.107640
0.342335
0.284773
0.572274
0.102799
0.136318
0.138461
0.480278
0.514280
0.148512
0.071976
0.484622
0.052003
0.685203
0.081075
0.026926
0.029740
0.376205
0.077689
0.041580
0.101483
0.236260
0.116908
0.008343
0.229618
0.085718
0.212134
0.023095
0.393827
0.405145
0.328904
0.011434
0.147990
0.240432
0.343563
0.281199
0.265859
0.306323
0.280921
0.032624
0.126684
0.200298
0.394364
0.585546
0.061008
0.196801
0.007941
0.041813
0.319242
0.087485
0.389054
0.010810
0.419204
0.284409
0.273506
0.353971
0.237243
0.205402
0.147155
0.343465
0.223197
0.062785
0.406651
0.263923
0.165445
0.266026
0.059034
0.544816
0.044432
0.030396
0.248029
0.544500
0.062071
0.713655
0.254575
0.009527
0.133819
0.158996
0.439156
0.406589
0.167569
0.589089
0.308895
0.313604
0.221939
0.126482
0.024371
0.175204
0.111701
0.130072
0.053703
0.134027
0.125642
0.512529
0.306346
0.466703
0.126305
0.036819
0.095781
0.287137
0.050930
0.211478
0.126006
0.385095
0.012871
0.488816
0.409133
0.436492
0.349320
0.260566
0.107978
0.343674
0.423328
0.152334
0.286092
0.129349
0.143070
0.368020
0.096420
0.199266
0.219348
0.045664
0.219376
0.026888
0.291344
0.438857
0.114910
0.163784
0.133451
0.244657
0.084910
0.237331
0.464334
0.256185
0.021975
0.356091
0.376610
0.502667
0.116282
0.448345
0.358096
0.120188
0.330641
0.257242
0.651550
0.032801
0.148716
0.216426
0.398063
0.187814
0.154079
0.247837
0.038239
0.055794
0.270684
0.192733
0.544844
0.655735
0.234432
0.087430
0.420270
0.111507
0.055498
0.002881
0.583957
0.151161
0.069688
0.322007
0.209004
0.071344
0.066033
0.419822
0.137155
0.099437
0.089113
0.339283
0.056505
0.258058
0.124798
0.026819
0.186229
0.465020
0.383573
0.374889
0.439248
0.231183
0.571155
0.357566
0.136003
0.632063
0.021205
0.166779
0.066639
0.453524
0.140346
0.718956
0.201281
0.031043
0.419152
0.147537
0.196826
0.255382
0.010303
0.341985
0.223565
0.390339
0.297491
0.108173
0.398185
0.311576
0.151593
0.433038
0.148100
0.330264
0.316848
0.245489
0.111363
0.173334
0.358384
0.364999
0.012632
0.017752
0.171397
0.542218
0.182776
0.194130
0.441328
0.155142
0.566033
0.305659
0.110638
0.175913
0.209268
0.078888
0.191666
0.443993
0.511779
0.292070
0.073830
0.052350
0.045390
0.234837
0.178642
0.509539
0.091765
0.290514
0.162539
0.033104
0.511708
0.340364
0.066717
0.477003
0.360978
0.193418
0.645809
0.087514
0.232841
0.461129
0.078459
0.016114
0.157889
0.395453
0.471472
0.083069
0.769505
0.216664
0.444719
0.095977
0.000732
0.241091
0.055719
0.341337
0.241212
0.219926
0.272007
0.490165
0.168567
0.149792
0.090982
0.584654
0.056312
0.591183
0.338802
0.035654
0.372375
0.167549
0.028426
0.012150
0.199284
0.033624
0.052589
0.305095
0.006970
0.261269
0.515289
0.023840
0.020215
0.052212
0.318967
0.177649
0.409008
0.704537
0.253076
0.357636
0.320282
0.080826
0.286283
0.015972
0.358193
0.012125
0.211734
0.080918
0.140474
0.289542
0.155519
0.279679
0.334660
0.216634
0.227547
0.360207
0.500760
0.055658
0.613976
0.385061
0.194123
0.166527
0.256215
0.206658
0.098377
0.067176
0.148539
0.036722
0.030381
0.306893
0.143692
0.201485
0.100915
0.130470
0.307529
0.202036
0.246231
0.151291
0.153480
0.377490
0.627413
0.065700
0.188118
0.093081
0.105550
0.130785
0.093075
0.066748
0.419692
0.393481
0.234068
0.163608
0.016332
0.514387
0.110360
0.036215
0.334808
0.094064
0.438196
0.378107
0.279816
0.138621
0.088045
0.253100
0.086109
0.336907
0.280865
0.401410
0.106811
0.263134
0.315497
0.135555
0.245859
0.389397
0.155414
0.443044
0.353221
0.231055
0.148377
0.276342
0.441940
0.153889
0.212742
0.289930
0.139398
0.330637
0.272910
0.288552
0.258120
0.028952
0.208131
0.247354
0.186968
0.476337
0.221228
0.274734
0.050971
0.022498
0.216643
0.033596
0.023866
0.098119
0.079953
0.251606
0.284004
0.243315
0.615227
0.115009
0.259064
0.652422
0.225397
0.322101
0.011416
0.108233
0.262519
0.423699
0.051279
0.087536
0.079653
0.631424
0.268998
0.020007
0.146736
0.124022
0.192213
0.018677
0.287082
0.668220
0.062611
0.251869
0.229437
0.167376
0.099967
0.146147
0.237291
0.122083
0.663409
0.022925
0.365911
0.197273
0.334460
0.474225
0.269593
0.059613
0.492466
0.318963
0.392413
0.216739
0.530230
0.232724
0.326524
0.022366
0.197875
0.400880
0.355478
0.285895
0.166517
0.249055
0.266595
0.064015
0.086486
0.284906
0.100120
0.277535
0.378573
0.407209
0.283949
0.090843
0.252543
0.425111
0.050008
0.009314
0.361509
0.029274
0.208081
0.046702
0.248862
0.288487
0.236309
0.248865
0.636837
0.332293
0.290086
0.152435
0.436757
0.604598
0.062447
0.003781
0.065551
0.218879
0.319197
0.036226
0.124360
0.031841
0.196171
0.163504
0.477007
0.100020
0.283621
0.218108
0.561285
0.169113
0.449124
0.212381
0.123151
0.080700
0.576778
0.389029
0.101108
0.425656
0.236592
0.267575
0.233240
0.173660
0.209162
0.297514
0.268952
0.072897
0.239809
0.297979
0.001364
0.584501
0.226135
0.148599
0.327143
0.024405
0.240048
0.161271
0.119997
0.163629
0.022576
0.237830
0.387312
0.139272
0.140755
0.010876
0.382053
0.062594
0.030349
0.120995
0.093997
0.309365
0.126867
0.246805
0.116163
0.113278
0.474252
0.471277
0.453656
0.089005
0.246892
0.343041
0.180945
0.078905
0.393200
0.307435
0.329582
0.358210
0.048253
0.205688
0.426456
0.058693
0.032572
0.471309
0.163841
0.098971
0.309210
0.225500
0.172508
0.574325
0.178897
0.311452
0.114078
0.027628
0.296319
0.423313
0.275284
0.276358
0.506022
0.108394
0.166798
0.607882
0.316825
0.489638
0.038558
0.256872
0.307194
0.304876
0.112195
0.062683
0.271291
0.603734
0.263565
0.529630
0.409719
0.071210
0.320084
0.018534
0.395018
0.028580
0.060366
0.391585
0.402785
0.038743
0.290568
0.200714
0.235537
0.473550
0.212109
0.418153
0.286917
0.214870
0.192412
0.159819
0.164671
0.216526
0.108841
0.104292
0.240963
0.255780
0.428791
0.287229
0.288665
0.017037
0.176237
0.444704
0.153125
0.202960
0.091406
0.124231
0.147168
0.235322
0.360663
0.548875
0.080468
0.351262
0.238851
0.460521
0.454798
0.208662
0.209018
0.445793
0.541502
0.414459
0.142134
0.282544
0.197155
0.106291
0.287750
0.358536
0.063354
0.295582
0.367188
0.192219
0.014542
0.241185
0.685832
0.051832
0.222085
0.166430
0.149062
0.163395
0.365132
0.334729
0.074626
0.211342
0.258931
0.097265
0.125570
0.372504
0.139141
0.122680
0.435125
0.086471
0.378800
0.566885
0.119309
0.087632
0.124148
0.261847
0.100859
0.077123
0.087045
0.350276
0.035684
0.490657
0.206354
0.467180
0.288154
0.500866
0.398791
0.072576
0.006831
0.486302
0.353632
0.128050
0.184468
0.683085
0.270873
0.427426
0.180141
0.221190
0.174123
0.199597
0.290140
0.343746
0.041875
0.080556
0.043064
0.326978
0.530135
0.015404
0.052361
0.229748
0.278753
0.281454
0.405551
0.126165
0.230205
0.065189
0.323562
0.264316
0.259991
0.056327
0.366486
0.231459
0.241960
0.160873
0.171306
0.248484
0.138061
0.342213
0.071128
0.518239
0.559741
0.194462
0.018885
0.049075
0.303861
0.075116
0.596231
0.116021
0.502033
0.079963
0.534881
0.456674
0.025314
0.575156
0.252807
0.111826
0.207411
0.139788
0.183676
0.291499
0.134358
0.043256
0.048962
0.579645
0.153330
0.514157
0.380549
0.312907
0.195104
0.106919
0.227696
0.084406
0.471522
0.156236
0.097106
0.163955
0.260988
0.395109
0.579130
0.042976
0.180562
0.030759
0.046825
0.262400
0.296374
0.279706
0.708448
0.054889
0.067841
0.328652
0.046479
0.342601
0.613699
0.601761
0.261129
0.146511
0.393110
0.487983
0.436214
0.437618
0.037754
0.083859
0.452497
0.428820
0.518234
0.188139
0.061095
0.063859
0.218989
0.385014
0.252714
0.090017
0.540151
0.322859
0.022392
0.007589
0.376607
0.270544
0.199188
0.534494
0.156074
0.437557
0.244470
0.338724
0.293256
0.088078
0.193168
0.327276
0.382035
0.032253
0.071666
0.133579
0.204111
0.102453
0.164607
0.151154
0.083147
0.109341
0.370155
0.452969
0.032488
0.413690
0.358722
0.243014
0.143872
0.424469
0.036708
0.764772
0.209664
0.087142
0.091378
0.018751
0.374875
0.043648
0.063600
0.390970
0.166357
0.026722
0.158282
0.093940
0.350680
0.049980
0.291431
0.096628
0.029268
0.448090
0.444796
0.467813
0.329327
0.263559
0.686453
0.133089
0.476676
0.026928
0.569371
0.361805
0.333841
0.130628
0.605030
0.364890
0.292475
0.599150
0.067303
0.466132
0.311075
0.159889
0.061577
0.080938
0.098512
0.186853
0.404649
0.057843
0.180020
0.189150
0.109182
0.159409
0.120627
0.223849
0.143857
0.067342
0.115398
0.139335
0.633804
0.416369
0.606762
0.423877
0.252013
0.372296
0.440527
0.150564
0.157913
0.207436
0.153440
0.532591
0.206586
0.395178
0.418970
0.061374
0.014522
0.103582
0.190073
0.536175
0.357947
0.005685
0.447921
0.385147
0.249298
0.148504
0.142013
0.468789
0.529079
0.268236
0.185023
0.258002
0.659776
0.333381
0.290868
0.118154
0.409037
0.077258
0.464628
0.119868
0.073022
0.011909
0.452441
0.042822
0.060552
0.537714
0.296698
0.084893
0.347228
0.472231
0.125017
0.114325
0.297039
0.297510
0.023482
0.419844
0.426729
0.357042
0.306506
0.000700
0.194600
0.371981
0.091652
0.306372
0.307421
0.185740
0.212170
0.351603
0.377044
0.486350
0.449492
0.324031
0.167773
0.060504
0.499058
0.236339
0.281707
0.099518
0.292232
0.202668
0.377936
0.333558
0.324021
0.001945
0.424872
0.304567
0.054353
0.240974
0.343229
0.324714
0.052766
0.575479
0.350446
0.250693
0.064823
0.020668
0.236324
0.184444
0.497556
0.264573
0.668218
0.285402
0.153810
0.442673
0.572969
0.140026
0.499280
0.358496
0.245505
0.482042
0.145220
0.062995
0.533553
0.439082
0.035298
0.511207
0.211214
0.016701
0.384590
0.285185
0.026283
0.103144
0.457767
0.296587
0.288507
0.385310
0.119529
0.405430
0.071514
0.518391
0.205765
0.522370
0.226783
0.396024
0.151113
0.191563
0.085269
0.398153
0.041955
0.549350
0.073884
0.358268
0.325642
0.058411
0.197896
0.407171
0.467997
0.425927
0.315755
0.056731
0.346541
0.206119
0.095966
0.097399
0.265231
0.022351
0.219972
0.260667
0.364704
0.440209
0.426550
0.251601
0.481367
0.130958
0.246339
0.027009
0.195237
0.099938
0.133910
0.040463
0.428894
0.270501
0.114464
0.213793
0.131092
0.106433
0.302841
0.419908
0.058289
0.206308
0.151668
0.308561
0.311289
0.547172
0.119581
0.006573
0.083965
0.460442
0.559154
0.220021
0.048647
0.433559
0.038094
0.440960
0.221626
0.096022
0.022010
0.523589
0.047390
0.106339
0.087242
0.275820
0.058625
0.193996
0.243053
0.100594
0.300781
0.057456
0.353221
0.433097
0.253985
0.029328
0.174188
0.347526
0.302789
0.310143
0.291840
0.312862
0.197634
0.088021
0.109458
0.071118
0.261079
0.507220
0.066679
0.232818
0.072388
0.002538
0.303684
0.046815
0.341672
0.071390
0.402055
0.315251
0.332069
0.333984
0.219230
0.309974
0.140728
0.455674
0.204700
0.077031
0.389180
0.221708
0.200558
0.349406
0.105992
0.490608
0.088980
0.054601
0.185382
0.602450
0.081008
0.601383
0.267871
0.038772
0.009796
0.191823
0.479312
0.295878
0.147248
0.512519
0.169446
0.215059
0.212266
0.173811
0.051200
0.199673
0.154182
0.182892
0.042927
0.009663
0.058306
0.497515
0.209795
0.400963
0.048181
0.077891
0.122997
0.324833
0.139054
0.276112
0.329389
0.437333
0.031399
0.464377
0.466099
0.254765
0.458670
0.119176
0.307730
0.263943
0.544969
0.121751
0.200689
0.070259
0.366706
0.419844
0.050242
0.040416
0.281299
0.047557
0.279213
0.071056
0.044979
0.473257
0.111360
0.144035
0.151956
0.262087
0.010548
0.109120
0.414320
0.117436
0.142172
0.352535
0.274856
0.553159
0.095572
0.490573
0.403512
0.009319
0.252691
0.250310
0.596677
0.047194
0.196557
0.290137
0.362499
0.334837
0.210516
0.172032
0.047386
0.061034
0.193268
0.181781
0.509863
0.586793
0.111168
0.162158
0.365149
0.080150
0.011782
0.032783
0.624147
0.117640
0.061562
0.361616
0.134638
0.045700
0.082988
0.366712
0.071153
0.163892
0.033533
0.362783
0.106986
0.050368
0.024838
0.009105
0.263231
0.533305
0.417087
0.442559
0.394232
0.291964
0.542839
0.238772
0.111837
0.497566
0.124508
0.103823
0.021758
0.310728
0.091126
0.705759
0.165961
0.043895
0.278481
0.123317
0.260245
0.247915
0.062064
0.122626
0.367433
0.378221
0.211261
0.228825
0.337383
0.183051
0.111696
0.303148
0.129277
0.200719
0.282740
0.246078
0.369253
0.198055
0.334480
0.273802
0.047533
0.057215
0.181523
0.464143
0.078822
0.210566
0.510582
0.098685
0.426214
0.276640
0.167791
0.073050
0.261556
0.118770
0.142117
0.518774
0.574933
0.124764
0.206368
0.034416
0.141831
0.286662
0.042777
0.500631
0.060278
0.188215
0.104006
0.056432
0.433728
0.273579
0.010264
0.533660
0.097063
0.404124
0.589480
0.120135
0.140696
0.227229
0.197794
0.021208
0.158076
0.183956
0.386202
0.033840
0.669491
0.289561
0.551119
0.134166
0.030890
0.223126
0.222011
0.332626
0.166259
0.205817
0.340794
0.570660
0.211758
0.213613
0.002392
0.598302
0.006647
0.652372
0.333814
0.045365
0.415923
0.194659
0.067621
0.034497
0.258202
0.161647
0.005653
0.220365
0.025579
0.468226
0.351170
0.064828
0.234521
0.070388
0.228248
0.123181
0.437874
0.744000
0.288193
0.354956
0.233495
0.098714
0.298605
0.025647
0.514179
0.024079
0.308425
0.088274
0.008758
0.271640
0.064479
0.451133
0.327839
0.139914
0.310276
0.153939
0.578461
0.125163
0.634097
0.446549
0.314301
0.243303
0.275224
0.123113
0.035084
0.144429
0.198722
0.009051
0.123290
0.430736
0.187668
0.338226
0.048988
0.115944
0.379868
0.249824
0.227189
0.228286
0.015415
0.470278
0.637045
0.064293
0.192479
0.076171
0.160060
0.211287
0.045501
0.070682
0.402314
0.438678
0.235195
0.087036
0.086914
0.389085
0.081606
0.019079
0.242009
0.010048
0.398257
0.320414
0.199763
0.197686
0.237305
0.195407
0.078068
0.249904
0.293363
0.345575
0.117081
0.145786
0.379985
0.175262
0.215495
0.294825
0.168453
0.367062
0.419675
0.122015
0.179599
0.191640
0.390712
0.129418
0.401771
0.307395
0.142919
0.397569
0.255707
0.277700
0.265928
0.058618
0.149952
0.384213
0.239155
0.310480
0.207009
0.453223
0.057767
0.151361
0.291753
0.032113
0.014535
0.021708
0.039365
0.131764
0.445920
0.320571
0.566960
0.027134
0.222727
0.627267
0.176835
0.237385
0.040908
0.121105
0.267082
0.381781
0.206892
0.218952
0.211321
0.627823
0.354135
0.094605
0.044172
0.081032
0.173019
0.059400
0.284511
0.546950
0.220562
0.090568
0.291932
0.230875
0.012309
0.093422
0.405163
0.189160
0.682991
0.044060
0.171337
0.083375
0.298489
0.419703
0.172595
0.017983
0.480401
0.242919
0.233191
0.251348
0.414075
0.347135
0.282193
0.006661
0.174302
0.299522
0.398339
0.148364
0.148853
0.141900
0.177662
0.037767
0.055095
0.437372
0.023087
0.395313
0.199812
0.382259
0.349736
0.072668
0.256036
0.408817
0.170211
0.192856
0.379988
0.159305
0.236523
0.002616
0.204736
0.316168
0.242030
0.241467
0.418118
0.337450
0.363180
0.309478
0.324125
0.529974
0.003485
0.138111
0.131374
0.232651
0.103136
0.090892
0.234301
0.049407
0.146496
0.039596
0.485548
0.035186
0.453433
0.161448
0.558718
0.239633
0.459062
0.339283
0.202189
0.061696
0.458664
0.407421
0.062719
0.407073
0.155703
0.091212
0.234403
0.249630
0.259635
0.270159
0.217716
0.045771
0.141787
0.333373
0.011090
0.514398
0.103563
0.200435
0.334017
0.024432
0.460970
0.104722
0.144521
0.216236
0.051047
0.187551
0.389040
0.181246
0.252015
0.052317
0.359764
0.098805
0.061728
0.155993
0.169662
0.294532
0.182186
0.477998
0.004336
0.218892
0.553791
0.347524
0.372229
0.073434
0.285736
0.372402
0.165090
0.192773
0.325863
0.386395
0.444518
0.502509
0.122129
0.170285
0.413559
0.130764
0.153422
0.516606
0.343404
0.113177
0.141567
0.070946
0.188466
0.714547
0.110839
0.294570
0.118633
0.095326
0.338372
0.419866
0.293003
0.387228
0.476077
0.017410
0.272734
0.571714
0.431125
0.464983
0.018580
0.181882
0.338139
0.302986
0.061016
0.064182
0.200927
0.586011
0.096674
0.496575
0.282852
0.055845
0.333987
0.064711
0.343771
0.030693
0.003584
0.201141
0.225346
0.110619
0.343883
0.218499
0.257935
0.433455
0.259462
0.280058
0.271604
0.064730
0.305583
0.080230
0.219958
0.177984
0.039371
0.062657
0.170727
0.358886
0.410996
0.343833
0.253978
0.003848
0.010638
0.477988
0.180892
0.200549
0.039280
0.341915
0.087576
0.145544
0.341102
0.463813
0.026851
0.317340
0.253325
0.460561
0.553627
0.279209
0.245405
0.417782
0.544233
0.350927
0.079395
0.174521
0.182381
0.223197
0.376113
0.267066
0.040200
0.292624
0.427895
0.169767
0.019426
0.243017
0.572762
0.067858
0.142224
0.157555
0.072758
0.124324
0.252446
0.287326
0.202670
0.286654
0.242508
0.109265
0.151189
0.399239
0.238154
0.141981
0.385416
0.069689
0.365578
0.377676
0.189864
0.069290
0.084342
0.334149
0.116590
0.001014
0.013546
0.444894
0.107190
0.401391
0.353014
0.419422
0.308631
0.397231
0.461341
0.084756
0.101232
0.383475
0.395059
0.137536
0.308810
0.651572
0.162998
0.302345
0.158203
0.271566
0.201476
0.284712
0.330054
0.324270
0.104254
0.015189
0.051338
0.262338
0.602494
0.087881
0.081763
0.051252
0.288163
0.432219
0.420208
0.027728
0.234164
0.002241
0.385355
0.308014
0.285846
0.031219
0.413180
0.054929
0.127637
0.237351
0.129947
0.256070
0.209834
0.422900
0.103208
0.462902
0.373225
0.256698
0.058453
0.051181
0.281844
0.044118
0.555004
0.144422
0.545933
0.050413
0.644617
0.431422
0.085918
0.499632
0.230790
0.086223
0.092568
0.215379
0.189418
0.241888
0.285683
0.097913
0.123114
0.635164
0.324714
0.364642
0.289223
0.297909
0.254927
0.014117
0.221365
0.030406
0.356041
0.139895
0.023833
0.173738
0.415079
0.298689
0.366355
0.011173
0.091603
0.183171
0.109357
0.217983
0.427488
0.223806
0.661170
0.084021
0.071937
0.344829
0.029688
0.197942
0.567184
0.606649
0.379837
0.131578
0.495042
0.386267
0.448897
0.306742
0.052028
0.002685
0.438637
0.470739
0.379915
0.169814
0.005030
0.134212
0.241007
0.381896
0.353349
0.083428
0.592816
0.360861
0.036097
0.013665
0.482696
0.079750
0.316156
0.509158
0.046636
0.418927
0.340272
0.228898
0.307653
0.040242
0.243465
0.312321
0.423156
0.093024
0.171310
0.248785
0.058995
0.146132
0.104031
0.200240
0.044945
0.081713
0.247518
0.364220
0.104774
0.338422
0.390811
0.006854
0.025426
0.468557
0.085404
0.766209
0.158182
0.092691
0.056404
0.066283
0.406289
0.047264
0.194846
0.346677
0.049815
0.012912
0.089795
0.097319
0.223987
0.040104
0.327243
0.031691
0.112234
0.455103
0.406271
0.499697
0.319861
0.013327
0.649453
0.076986
0.497499
0.231865
0.429556
0.280747
0.372523
0.192125
0.656365
0.336116
0.096432
0.568475
0.046924
0.418966
0.374057
0.184003
0.028877
0.038907
0.020089
0.345603
0.461559
0.193694
0.235564
0.100283
0.047600
0.114203
0.172549
0.241881
0.051523
0.066607
0.221090
0.176604
0.652904
0.458952
0.485220
0.347304
0.260987
0.361191
0.316752
0.188458
0.109810
0.105135
0.155815
0.557698
0.273227
0.387957
0.466886
0.042016
0.166458
0.020571
0.276316
0.587711
0.289874
0.103724
0.499400
0.416527
0.186675
0.077200
0.153030
0.454293
0.582273
0.157849
0.156626
0.131067
0.625658
0.295222
0.287385
0.017733
0.325208
0.256278
0.261897
0.110509
0.124342
0.207112
0.488128
0.048300
0.102788
0.454651
0.506132
0.005966
0.235090
0.534004
0.055016
0.037380
0.375439
0.277291
0.056370
0.635872
0.343868
0.298854
0.396139
0.174629
0.098015
0.350049
0.113494
0.370210
0.363804
0.257011
0.207666
0.387029
0.287494
0.636410
0.381357
0.394410
0.232527
0.050336
0.683496
0.236334
0.280349
0.113950
0.251229
0.193122
0.311096
0.239041
0.420888
0.052490
0.412119
0.359050
0.056701
0.081159
0.419284
0.362421
0.019228
0.393788
0.261898
0.226482
0.088243
0.095501
0.285168
0.245138
0.569080
0.178292
0.626710
0.158332
0.072014
0.258575
0.481814
0.129966
0.352613
0.316961
0.269820
0.569460
0.041539
0.006494
0.517498
0.359330
0.048846
0.387753
0.359898
0.144977
0.313650
0.220496
0.005601
0.170843
0.517267
0.116731
0.222318
0.416684
0.065941
0.301936
0.000068
0.472403
0.085953
0.566557
0.263115
0.445321
0.003251
0.275363
0.119402
0.360643
0.070111
0.580781
0.077113
0.322332
0.292543
0.020255
0.148822
0.420327
0.584094
0.423013
0.196668
0.009656
0.355360
0.162047
0.105720
0.194753
0.145703
0.118291
0.458674
0.299772
0.336638
0.518853
0.426291
0.348153
0.486944
0.208017
0.133879
0.028941
0.223379
0.225597
0.019834
0.084063
0.523620
0.168273
0.311163
0.244613
0.043921
0.025051
0.166712
0.522422
0.010788
0.147186
0.228969
0.238430
0.315412
0.462697
0.178790
0.151405
0.015640
0.404096
0.514952
0.344917
0.122810
0.352661
0.035260
0.202478
0.408340
0.129204
0.065366
0.545318
0.016920
0.229798
0.031134
0.305438
0.007046
0.316537
0.183155
0.147067
0.358680
0.079272
0.226043
0.419214
0.126934
0.017533
0.201182
0.313570
0.235484
0.318458
0.264837
0.375531
0.094409
0.186267
0.100859
0.079521
0.140945
0.399929
0.056084
0.225510
0.160046
0.008703
0.229908
0.074460
0.265838
0.097799
0.269824
0.320802
0.325826
0.311084
0.190969
0.340784
0.123778
0.470686
0.233573
0.055857
0.329365
0.140955
0.197229
0.495518
0.188868
0.411543
0.106299
0.081936
0.180840
0.611677
0.138929
0.442454
0.217405
0.056722
0.098848
0.242084
0.497939
0.166256
0.178441
0.403728
0.085928
0.133474
0.280088
0.143248
0.004304
0.185330
0.202032
0.144871
0.082478
0.100385
0.219748
0.399611
0.142362
0.348514
0.103047
0.071740
0.123544
0.414341
0.212357
0.252829
0.498512
0.487361
0.046243
0.545812
0.430968
0.137330
0.503773
0.001813
0.475376
0.179874
0.571160
0.109640
0.078707
0.022449
0.533079
0.418442
0.034767
0.338516
0.318138
0.004216
0.334944
0.250815
0.107863
0.473342
0.110295
0.240285
0.183414
0.220922
0.004774
0.117576
0.355799
0.004685
0.187424
0.398676
0.197679
0.510527
0.066988
0.431359
0.386225
0.100477
0.241833
0.157493
0.437741
0.171233
0.260006
0.332110
0.284247
0.418411
0.274821
0.200620
0.050197
0.230784
0.163108
0.156285
0.480404
0.486792
0.005553
0.216616
0.274993
0.214907
0.084065
0.109431
0.632951
0.155535
0.015121
0.335134
0.134156
0.139759
0.099694
0.309067
0.004805
0.247708
0.068109
0.382223
0.199271
0.110168
0.180221
0.068526
0.276857
0.550841
0.335844
0.494196
0.279089
0.224458
0.399299
0.151899
0.115197
0.308320
0.264565
0.079174
0.020405
0.147455
0.043768
0.661745
0.133257
0.061543
0.177019
0.061750
0.356409
0.238164
0.137561
0.012882
0.516817
0.369532
0.162055
0.388963
0.201864
0.027287
0.048198
0.229506
0.119396
0.185897
0.202498
0.250567
0.669209
0.193649
0.294184
0.116499
0.147177
0.070694
0.201420
0.356258
0.040676
0.245477
0.504566
0.010686
0.252494
0.290615
0.244147
0.021353
0.320783
0.144439
0.131723
0.530445
0.640988
0.031657
0.219114
0.061071
0.209690
0.362093
0.123268
0.438245
0.149184
0.061394
0.007760
0.095021
0.353328
0.090048
0.076711
0.547052
0.148988
0.488898
0.541787
0.076043
0.058828
0.002934
0.311350
0.070770
0.143130
0.028252
0.279984
0.130945
0.484513
0.335047
0.627980
0.173135
0.017307
0.174917
0.379728
0.330832
0.083923
0.141008
0.358113
0.568034
0.167648
0.252420
0.101859
0.528608
0.043678
0.663523
0.366928
0.113556
0.429708
0.237752
0.184387
0.117135
0.379740
0.336214
0.006984
0.133421
0.127234
0.600047
0.172968
0.117342
0.324128
0.162007
0.144964
0.060901
0.434824
0.681947
0.251561
0.271219
0.200762
0.154140
0.259815
0.101772
0.629474
0.172454
0.355552
0.229223
0.100332
0.299851
0.095149
0.567496
0.304987
0.087111
0.315068
0.117374
0.595362
0.117037
0.533553
0.490943
0.389081
0.252498
0.341361
0.034578
0.033847
0.184320
0.256725
0.019204
0.294357
0.485005
0.163529
0.446406
0.032760
0.049184
0.465723
0.282970
0.326275
0.281571
0.063028
0.458522
0.569900
0.072284
0.260157
0.153824
0.184913
0.241089
0.016235
0.068637
0.388717
0.454520
0.272537
0.019790
0.156986
0.254906
0.007223
0.054401
0.098531
0.016011
0.303321
0.282919
0.158830
0.249530
0.561911
0.151249
0.002562
0.219733
0.217708
0.273911
0.090179
0.075095
0.477852
0.212487
0.181970
0.196748
0.210653
0.295882
0.410816
0.002577
0.205238
0.047012
0.301909
0.089675
0.546744
0.374954
0.174872
0.456738
0.244240
0.256195
0.221157
0.158108
0.076020
0.515347
0.250220
0.180401
0.278344
0.622905
0.050177
0.159331
0.333774
0.004501
0.039177
0.081171
0.067187
0.066347
0.561043
0.428099
0.496242
0.066002
0.173366
0.494437
0.119441
0.139788
0.032913
0.188609
0.316605
0.349748
0.242495
0.298006
0.270062
0.565721
0.430105
0.218267
0.020569
0.238126
0.176115
0.112545
0.221010
0.429863
0.423166
0.092406
0.378630
0.232307
0.162410
0.039677
0.581501
0.176344
0.596056
0.087244
0.024899
0.032482
0.308928
0.359139
0.117690
0.108797
0.343495
0.190326
0.116287
0.307348
0.244586
0.437081
0.187136
0.009848
0.189771
0.271302
0.461615
0.013012
0.143332
0.036470
0.107662
0.088292
0.044856
0.568551
0.128102
0.503238
0.071449
0.287813
0.412655
0.136550
0.203572
0.350244
0.364941
0.408154
0.383504
0.274043
0.221614
0.063550
0.163346
0.306592
0.186715
0.214773
0.249268
0.349330
0.468536
0.400302
0.255259
0.388057
0.038236
0.144400
0.352199
0.276468
0.077715
0.197745
0.265628
0.067505
0.148147
0.110757
0.474722
0.153000
0.480707
0.103038
0.516477
0.324571
0.414051
0.391591
0.261839
0.093582
0.394433
0.354203
0.101920
0.391791
0.104942
0.064061
0.223342
0.280908
0.313970
0.339920
0.176421
0.105857
0.048003
0.358214
0.054503
0.450313
0.117533
0.209757
0.307687
0.035520
0.613345
0.009140
0.165648
0.372427
0.087151
0.160683
0.339218
0.237290
0.308421
0.062634
0.356920
0.207801
0.124169
0.165855
0.202387
0.314644
0.186922
0.640529
0.120067
0.328829
0.620188
0.313062
0.221856
0.134173
0.339296
0.341975
0.210693
0.341327
0.228685
0.534163
0.530039
0.613424
0.187779
0.062149
0.369858
0.176898
0.248713
0.475457
0.478600
0.077168
0.049094
0.101718
0.136239
0.799173
0.101300
0.192914
0.302332
0.255369
0.344128
0.437680
0.298011
0.454679
0.420357
0.006379
0.349694
0.470600
0.473793
0.371803
0.025675
0.062594
0.336341
0.348932
0.051648
0.173279
0.139739
0.539115
0.029630
0.468524
0.146846
0.127057
0.300576
0.059076
0.304638
0.006291
0.028774
0.038093
0.041968
0.089155
0.410128
0.186736
0.222805
0.349472
0.307070
0.076734
0.245133
0.079120
0.381597
0.009753
0.219560
0.165755
0.064550
0.001130
0.143976
0.407037
0.341836
0.401272
0.222735
0.021303
0.138306
0.551696
0.190414
0.247557
0.003083
0.551459
0.033879
0.061555
0.305418
0.367528
0.022061
0.237325
0.260991
0.402651
0.558635
0.302328
0.233862
0.435853
0.494147
0.331401
0.008725
0.053160
0.117212
0.275888
0.383556
0.210087
0.026678
0.304479
0.470493
0.211856
0.044754
0.195465
0.450989
0.135035
0.091987
0.152891
0.006034
0.092646
0.151083
0.261082
0.306936
0.332300
0.278552
0.109356
0.204134
0.384370
0.359069
0.161575
0.351517
0.106456
0.322043
0.134860
0.241864
0.102425
0.010157
0.407184
0.201983
0.087104
0.030983
0.514211
0.213639
0.311533
0.490965
0.421421
0.215450
0.320160
0.475910
0.011124
0.193160
0.291294
0.384998
0.090498
0.394038
0.527280
0.098607
0.143776
0.087368
0.319802
0.283986
0.349561
0.366356
0.330097
0.147897
0.026728
0.129451
0.208601
0.615556
0.093250
0.262535
0.102367
0.283395
0.518580
0.477938
0.036539
0.263127
0.020060
0.308091
0.285855
0.327113
0.083076
0.422622
0.096234
0.034653
0.305648
0.093070
0.238546
0.262374
0.472001
0.136196
0.341779
0.179669
0.311603
0.195765
0.001670
0.231829
0.048999
0.365583
0.115149
0.479960
0.086534
0.667301
0.345708
0.202157
0.346549
0.229391
0.061967
0.117108
0.329631
0.251605
0.176188
0.409240
0.099754
0.231298
0.611950
0.457025
0.202101
0.278254
0.253915
0.210385
0.053712
0.204060
0.018428
0.260864
0.094698
0.001705
0.120466
0.459965
0.223401
0.162835
0.087604
0.050697
0.285141
0.159100
0.148463
0.431048
0.157400
0.488978
0.073620
0.064473
0.294075
0.064873
0.100334
0.450714
0.551582
0.422879
0.147435
0.550022
0.213362
0.383746
0.150795
0.071812
0.063331
0.431186
0.435600
0.252787
0.216514
0.041485
0.135123
0.218168
0.365102
0.420632
0.024920
0.558468
0.412887
0.148245
0.073345
0.559330
0.119314
0.401865
0.443130
0.010112
0.382209
0.394297
0.063529
0.313159
0.081217
0.311274
0.219303
0.454648
0.176484
0.260927
0.270991
0.052156
0.186081
0.040284
0.223262
0.174399
0.043224
0.095958
0.272588
0.268150
0.278930
0.391896
0.163314
0.020065
0.464390
0.176968
0.608453
0.139242
0.060745
0.025436
0.115379
0.471659
0.163569
0.282996
0.305382
0.092779
0.017964
0.042326
0.042022
0.094668
0.126004
0.369818
0.091671
0.273095
0.372087
0.374397
0.411203
0.302984
0.269801
0.449053
0.053050
0.476107
0.428939
0.211624
0.191515
0.380030
0.235467
0.551271
0.293352
0.067792
0.469122
0.018029
0.340595
0.388209
0.227041
0.054475
0.080764
0.188226
0.473983
0.480834
0.297728
0.318846
0.081078
0.002664
0.100788
0.241803
0.268809
0.047079
0.192554
0.224322
0.148138
0.615516
0.427968
0.256135
0.207381
0.207371
0.376440
0.248935
0.211178
0.047611
0.067002
0.166427
0.561821
0.236781
0.473907
0.478808
0.203521
0.269790
0.086145
0.326808
0.438838
0.200256
0.187853
0.511604
0.368998
0.060027
0.026957
0.118523
0.412954
0.516301
0.043888
0.135237
0.011704
0.558947
0.223951
0.259992
0.167524
0.255844
0.358117
0.094624
0.074500
0.214683
0.355976
0.447609
0.019508
0.274135
0.336256
0.644594
0.105883
0.097268
0.553992
0.201296
0.023170
0.421200
0.239329
0.106438
0.601564
0.153371
0.199348
0.483914
0.277019
0.013449
0.320207
0.262669
0.436902
0.471547
0.310726
0.238320
0.399743
0.151730
0.615034
0.323290
0.408456
0.279138
0.228253
0.702867
0.257590
0.268629
0.122368
0.236158
0.144362
0.169030
0.115825
0.472197
0.106403
0.359718
0.314814
0.091816
0.043855
0.433031
0.348673
0.086031
0.134010
0.236113
0.155433
0.123455
0.203359
0.294241
0.246913
0.574006
0.099097
0.536967
0.018753
0.028504
0.103297
0.276122
0.105094
0.285053
0.177519
0.326286
0.576750
0.077981
0.091354
0.434441
0.283791
0.053582
0.309214
0.508909
0.210421
0.247885
0.129488
0.070049
0.233834
0.431850
0.025858
0.192709
0.468227
0.032084
0.100107
0.056345
0.463012
0.067476
0.548644
0.284511
0.459425
0.106265
0.375843
0.087270
0.230551
0.155747
0.478882
0.162490
0.230903
0.182027
0.148976
0.085652
0.358978
0.591966
0.409743
0.098880
0.035664
0.367436
0.138157
0.108031
0.343498
0.000177
0.240610
0.625856
0.369558
0.308445
0.502125
0.400946
0.404783
0.472482
0.240281
0.046399
0.062418
0.168063
0.339555
0.129087
0.120122
0.523220
0.053099
0.412121
0.301400
0.015331
0.137595
0.057407
0.511520
0.073564
0.043856
0.276499
0.140022
0.333604
0.389220
0.230915
0.298871
0.039169
0.352184
0.473423
0.483207
0.187882
0.232421
0.059331
0.017203
0.533136
0.114131
0.155926
0.534721
0.034266
0.293284
0.018100
0.370805
0.081221
0.362229
0.110501
0.204615
0.437930
0.059950
0.006591
0.327390
0.011701
0.009138
0.270263
0.197298
0.157393
0.247404
0.270919
0.421394
0.094709
0.354522
0.093699
0.210629
0.006460
0.283951
0.058831
0.230559
0.226611
0.030432
0.087242
0.108331
0.271249
0.098582
0.177390
0.256650
0.325168
0.224822
0.142051
0.375831
0.087930
0.396626
0.234164
0.110748
0.303852
0.020888
0.154373
0.632399
0.240120
0.312838
0.025905
0.060845
0.214744
0.522591
0.230109
0.196383
0.123843
0.004466
0.204217
0.233886
0.522030
0.002912
0.187881
0.318553
0.069266
0.121628
0.334533
0.081520
0.074023
0.182247
0.228717
0.019356
0.038698
0.173580
0.336517
0.311973
0.095474
0.379003
0.136862
0.008568
0.095045
0.494369
0.174976
0.190091
0.656246
0.485690
0.026622
0.529900
0.350040
0.031150
0.550923
0.098147
0.545564
0.099348
0.596692
0.159441
0.007745
0.022690
0.563222
0.411881
0.053007
0.577321
0.280433
0.049215
0.448833
0.439128
0.205629
0.378024
0.152840
0.346537
0.227659
0.117426
0.117566
0.322360
0.267742
0.118537
0.251779
0.429367
0.173814
0.406945
0.047841
0.363425
0.281187
0.144458
0.232246
0.038159
0.314391
0.287672
0.248123
0.389019
0.166861
0.476576
0.265158
0.217993
0.047055
0.343363
0.142913
0.122887
0.464308
0.376430
0.045784
0.182078
0.181811
0.224021
0.040528
0.102910
0.487106
0.185513
0.042760
0.335834
0.097484
0.178245
0.023599
0.213092
0.025554
0.310867
0.193030
0.338274
0.431275
0.219040
0.361949
0.107593
0.269894
0.521677
0.327268
0.532819
0.119054
0.066831
0.278516
0.059037
0.060058
0.127217
0.437103
0.017129
0.040105
0.009066
0.026692
0.499729
0.026715
0.045426
0.104018
0.059083
0.440405
0.274865
0.168025
0.112468
0.659550
0.344204
0.144248
0.527787
0.140582
0.036664
0.059702
0.190302
0.129134
0.129964
0.113126
0.278376
0.878156
0.162834
0.234634
0.070898
0.203556
0.087518
0.228117
0.218943
0.167599
0.247983
0.480313
0.095074
0.139039
0.329399
0.296616
0.075429
0.408301
0.239127
0.072658
0.503665
0.579319
0.158520
0.186718
0.100463
0.243863
0.452481
0.156600
0.332421
0.277745
0.048729
0.099148
0.153747
0.289098
0.043462
0.117995
0.485090
0.348810
0.544023
0.404175
0.038799
0.076884
0.171670
0.344792
0.100565
0.155510
0.158907
0.177533
0.227367
0.274212
0.299068
0.590118
0.248964
0.075596
0.137785
0.415986
0.281675
0.036015
0.063439
0.337003
0.495799
0.085857
0.262242
0.179281
0.450376
0.055709
0.616238
0.337479
0.232540
0.392392
0.245082
0.275945
0.146651
0.474089
0.440143
0.001515
0.075029
0.184129
0.535669
0.038614
0.126560
0.318024
0.285164
0.096424
0.143146
0.385135
0.499782
0.216190
0.174441
0.135075
0.193834
0.176535
0.159450
0.600414
0.295268
0.414184
0.389714
0.127505
0.349785
0.230611
0.699853
0.250039
0.044272
0.253995
0.394435
0.503527
0.126587
0.382232
0.541198
0.430879
0.181678
0.316327
0.099293
0.224801
0.200264
0.316226
0.022339
0.445531
0.565559
0.202367
0.546816
0.010671
0.071155
0.548169
0.268368
0.421935
0.348042
0.135483
0.409223
0.425244
0.157955
0.317418
0.260809
0.222803
0.244974
0.006475
0.089801
0.310128
0.451288
0.330047
0.034315
0.217663
0.184188
0.011958
0.146762
0.029987
0.007320
0.209008
0.240637
0.139144
0.324019
0.735679
0.127464
0.078598
0.173912
0.165522
0.169483
0.023540
0.034852
0.619884
0.303046
0.173326
0.232132
0.302127
0.191983
0.320122
0.154824
0.217863
0.065765
0.217528
0.006870
0.649480
0.397601
0.218901
0.487074
0.179217
0.187076
0.166714
0.257208
0.014659
0.611443
0.290598
0.116049
0.321283
0.682753
0.033043
0.194718
0.409125
0.106054
0.152769
0.157001
0.026218
0.016573
0.574346
0.501289
0.403305
0.141059
0.134892
0.320675
0.074829
0.004394
0.041557
0.196921
0.422622
0.310357
0.093914
0.269724
0.241217
0.467977
0.498253
0.339623
0.036728
0.346554
0.216162
0.133320
0.151166
0.409058
0.612504
0.303185
0.442865
0.158652
0.287601
0.093203
0.603814
0.101834
0.477298
0.153989
0.181882
0.083112
0.307225
0.287893
0.080592
0.145812
0.165612
0.164081
0.056751
0.373646
0.135494
0.474489
0.109718
0.008893
0.247218
0.257167
0.507493
0.221402
0.174167
0.203891
0.052691
0.053545
0.090646
0.588805
0.154633
0.559855
0.084570
0.225779
0.470943
0.189269
0.170215
0.337533
0.496587
0.577943
0.397995
0.406393
0.185371
0.117149
0.115545
0.343965
0.131522
0.204823
0.064018
0.321763
0.515416
0.383491
0.134282
0.281290
0.002944
0.146406
0.443439
0.334540
0.250157
0.336199
0.287060
0.208492
0.188423
0.257068
0.411124
0.200502
0.378526
0.029263
0.416349
0.381968
0.337697
0.316696
0.291985
0.146807
0.367052
0.224983
0.182853
0.360670
0.014438
0.215256
0.227115
0.320767
0.279773
0.356942
0.198100
0.173469
0.033818
0.405021
0.068277
0.305117
0.131202
0.305925
0.240152
0.009295
0.618760
0.066229
0.243298
0.424549
0.030754
0.099224
0.309855
0.292374
0.265598
0.012484
0.352953
0.252475
0.237577
0.079355
0.294007
0.350737
0.190310
0.668565
0.212227
0.359428
0.612167
0.195649
0.097698
0.234002
0.388255
0.238456
0.154371
0.471100
0.102690
0.671357
0.589143
0.637394
0.200235
0.067523
0.322743
0.256755
0.344755
0.462130
0.567503
0.011927
0.198954
0.266579
0.040987
0.653846
0.069010
0.168840
0.393066
0.453390
0.318040
0.433626
0.266474
0.426913
0.326166
0.034351
0.372715
0.372286
0.462800
0.257699
0.024052
0.006778
0.334563
0.321366
0.195928
0.200288
0.099906
0.529844
0.154019
0.410586
0.055518
0.198392
0.257831
0.000680
0.281242
0.108193
0.020620
0.123343
0.079114
0.042622
0.418368
0.221183
0.105822
0.274045
0.351022
0.075354
0.153264
0.202693
0.437893
0.046444
0.207898
0.168200
0.064686
0.014209
0.124561
0.479376
0.330550
0.401431
0.239603
0.027975
0.222535
0.535967
0.199431
0.230853
0.022406
0.703015
0.032811
0.073874
0.296291
0.294610
0.051731
0.121233
0.317879
0.172718
0.418105
0.375616
0.144170
0.400764
0.403794
0.344838
0.084996
0.027007
0.042785
0.263629
0.450554
0.112849
0.033662
0.255997
0.411138
0.316701
0.046881
0.145678
0.340272
0.198187
0.002272
0.179911
0.014435
0.066744
0.159549
0.171856
0.354417
0.405644
0.290168
0.115787
0.226469
0.342055
0.517369
0.174784
0.321209
0.175453
0.217368
0.179830
0.383039
0.164303
0.048703
0.425698
0.284511
0.131202
0.054100
0.523606
0.352973
0.205534
0.546498
0.386117
0.142563
0.261421
0.451169
0.094962
0.204147
0.204168
0.382470
0.020293
0.501739
0.350816
0.006839
0.045360
0.008299
0.362948
0.336803
0.384250
0.316067
0.350759
0.129916
0.000744
0.199616
0.110806
0.569826
0.023743
0.380288
0.296124
0.208393
0.573239
0.510005
0.174564
0.215436
0.061593
0.104022
0.226854
0.263170
0.078893
0.439984
0.215855
0.138984
0.361274
0.061363
0.247957
0.328824
0.423243
0.170243
0.247918
0.017334
0.339781
0.328316
0.014083
0.201088
0.126232
0.231152
0.075165
0.360771
0.058855
0.569640
0.239629
0.264415
0.205228
0.166948
0.078509
0.233008
0.364272
0.234839
0.106329
0.511846
0.087745
0.336853
0.543617
0.510928
0.048643
0.311486
0.199193
0.110014
0.050402
0.246126
0.083940
0.230656
0.032262
0.038163
0.049386
0.525851
0.148610
0.022255
0.151264
0.160850
0.384509
0.261935
0.007376
0.450195
0.127176
0.271333
0.070840
0.111168
0.100553
0.052590
0.009442
0.310366
0.421985
0.408829
0.102784
0.501531
0.103405
0.237141
0.050496
0.069451
0.083883
0.417630
0.345261
0.135675
0.242299
0.034536
0.146506
0.172486
0.285758
0.498711
0.018774
0.461395
0.392046
0.241517
0.109603
0.590420
0.278896
0.389752
0.388633
0.022237
0.277900
0.379376
0.144039
0.346361
0.077183
0.393183
0.177977
0.394490
0.158588
0.270119
0.258145
0.092617
0.247069
0.003070
0.263537
0.304543
0.092785
0.026962
0.157404
0.395050
0.187646
0.311683
0.281663
0.062315
0.422912
0.275788
0.378208
0.117824
0.059992
0.008439
0.169267
0.543019
0.206891
0.408047
0.280128
0.252181
0.014215
0.039567
0.008099
0.035886
0.161859
0.404936
0.186667
0.435623
0.141797
0.340628
0.245680
0.324270
0.483405
0.211890
0.152724
0.432095
0.540924
0.070313
0.086061
0.296084
0.275855
0.396424
0.286526
0.200321
0.385728
0.104123
0.301271
0.375286
0.260952
0.112613
0.039074
0.401489
0.605308
0.420526
0.367277
0.420723
0.075071
0.050889
0.079861
0.335193
0.252504
0.166943
0.160511
0.208018
0.056557
0.540929
0.369017
0.110417
0.088161
0.129147
0.378597
0.222291
0.260345
0.029253
0.169017
0.152305
0.492416
0.218535
0.554037
0.488701
0.407847
0.345764
0.186641
0.355176
0.272277
0.155538
0.271700
0.449305
0.316812
0.086614
0.015034
0.095976
0.382564
0.436576
0.029874
0.114855
0.085185
0.399217
0.091732
0.233782
0.306872
0.195152
0.286380
0.049456
0.077795
0.274980
0.444135
0.339262
0.011020
0.350759
0.167509
0.710031
0.258763
0.012376
0.483741
0.288769
0.010708
0.483728
0.199231
0.175224
0.562749
0.021896
0.092860
0.593614
0.388311
0.147547
0.284667
0.298315
0.474027
0.524177
0.329782
0.305792
0.392618
0.068104
0.584959
0.247711
0.430305
0.311792
0.335428
0.656506
0.253926
0.268492
0.083166
0.255854
0.078960
0.089107
0.036931
0.542139
0.122465
0.363346
0.294820
0.105826
0.188764
0.435709
0.337298
0.229817
0.179550
0.291206
0.154821
0.150797
0.327221
0.288206
0.163626
0.454630
0.042419
0.321165
0.016346
0.085230
0.005796
0.081093
0.099761
0.171986
0.073161
0.396691
0.552763
0.254214
0.198234
0.322082
0.203559
0.083370
0.125456
0.572340
0.273330
0.174913
0.067733
0.112704
0.251622
0.338122
0.196204
0.121643
0.470782
0.030886
0.046311
0.117267
0.385281
0.179320
0.473577
0.342530
0.420446
0.215202
0.556427
0.013084
0.123605
0.070794
0.353918
0.235825
0.182935
0.014663
0.191150
0.009125
0.293079
0.413392
0.397678
0.015602
0.073261
0.350860
0.162117
0.155896
0.485423
0.112591
0.361611
0.716101
0.375445
0.288062
0.352222
0.371402
0.469123
0.387490
0.237761
0.053663
0.165962
0.105876
0.439696
0.269255
0.118994
0.491747
0.006986
0.393710
0.405422
0.031326
0.205387
0.026664
0.476778
0.213571
0.072339
0.311804
0.043003
0.348312
0.285698
0.321475
0.442781
0.084748
0.326456
0.410036
0.603410
0.207664
0.163163
0.109820
0.085083
0.614099
0.020810
0.267696
0.448088
0.116259
0.369736
0.063647
0.385314
0.070836
0.288557
0.049700
0.248608
0.444050
0.043666
0.218621
0.239090
0.069263
0.000805
0.402155
0.098446
0.106426
0.132956
0.186837
0.463375
0.123804
0.505225
0.128797
0.321297
0.159815
0.190598
0.039461
0.207194
0.321759
0.085411
0.054420
0.189610
0.247885
0.093853
0.033445
0.155200
0.350633
0.170519
0.084082
0.319050
0.095946
0.301418
0.287221
0.141186
0.331697
0.066079
0.164510
0.676617
0.309952
0.180852
0.027730
0.046943
0.219745
0.396309
0.268358
0.035260
0.067988
0.058755
0.261094
0.244384
0.496709
0.154896
0.132406
0.290087
0.083233
0.176842
0.388501
0.059927
0.179515
0.165715
0.185640
0.117606
0.025734
0.221056
0.330507
0.194420
0.057282
0.341945
0.044724
0.065867
0.144565
0.558788
0.027955
0.086822
0.685025
0.454212
0.019298
0.541577
0.234481
0.032401
0.508666
0.131890
0.521832
0.104157
0.562169
0.186924
0.061198
0.004991
0.531764
0.268389
0.039420
0.771724
0.212191
0.106138
0.508135
0.533464
0.169349
0.220043
0.199325
0.423010
0.180353
0.003740
0.257327
0.509289
0.234606
0.227618
0.279590
0.431952
0.214737
0.273380
0.028127
0.230203
0.146403
0.141429
0.222824
0.117937
0.230332
0.377188
0.257850
0.415902
0.023846
0.487989
0.187767
0.302450
0.025063
0.435504
0.188951
0.109358
0.381062
0.166136
0.029605
0.137736
0.056785
0.166063
0.021498
0.051903
0.305394
0.287527
0.036711
0.278149
0.112065
0.115093
0.144216
0.131746
0.037710
0.320173
0.266948
0.275533
0.639286
0.344959
0.525598
0.203595
0.192252
0.445095
0.343515
0.508680
0.074392
0.176570
0.147335
0.051364
0.028666
0.071629
0.564285
0.070392
0.017668
0.142346
0.051524
0.314733
0.026843
0.059506
0.098615
0.210606
0.520046
0.268827
0.205540
0.122088
0.763807
0.269144
0.132198
0.538665
0.085751
0.025881
0.052252
0.150537
0.062240
0.202988
0.015952
0.340619
0.897321
0.085256
0.202826
0.214336
0.329013
0.051857
0.270806
0.142095
0.301724
0.258142
0.340305
0.216022
0.029616
0.329004
0.358209
0.126603
0.391620
0.294065
0.053396
0.433776
0.495599
0.192228
0.121575
0.193508
0.230085
0.492835
0.139855
0.267357
0.311906
0.162880
0.216037
0.146857
0.282265
0.185237
0.187882
0.334679
0.496754
0.421850
0.292404
0.195509
0.191495
0.249860
0.382412
0.146704
0.148332
0.222112
0.062656
0.273151
0.098918
0.255078
0.496049
0.306077
0.202540
0.064934
0.455585
0.215437
0.009491
0.050068
0.245177
0.344061
0.036708
0.262789
0.136319
0.307541
0.053411
0.508052
0.282794
0.345957
0.332339
0.254951
0.395414
0.238134
0.489267
0.414228
0.073116
0.045050
0.235308
0.375962
0.018928
0.076450
0.228855
0.374987
0.078802
0.300170
0.323694
0.282850
0.101873
0.100082
0.081129
0.182046
0.084520
0.272032
0.467859
0.378945
0.392281
0.562958
0.101570
0.396255
0.294180
0.736194
0.196495
0.020399
0.180778
0.630625
0.357601
0.082790
0.236535
0.502743
0.491181
0.035676
0.330652
0.236552
0.386378
0.171862
0.389467
0.010813
0.567717
0.540105
0.212624
0.599434
0.040445
0.247682
0.570925
0.206824
0.549465
0.401644
0.151971
0.265054
0.251499
0.153373
0.361688
0.380950
0.257148
0.201646
0.026561
0.085908
0.243155
0.399724
0.404559
0.077888
0.267697
0.173321
0.075213
0.263934
0.071513
0.076853
0.064337
0.265622
0.198559
0.345139
0.690295
0.111742
0.189677
0.190141
0.148583
0.037077
0.119483
0.008105
0.714564
0.293440
0.212586
0.305970
0.367863
0.024176
0.165430
0.328909
0.260794
0.163235
0.133067
0.063412
0.656008
0.262762
0.276660
0.491077
0.089006
0.158301
0.110491
0.290503
0.008164
0.653988
0.263047
0.082318
0.359286
0.611957
0.012708
0.190118
0.501583
0.245651
0.266683
0.195618
0.123851
0.101607
0.506077
0.565701
0.300776
0.163141
0.054936
0.109182
0.065458
0.180219
0.134614
0.225900
0.460902
0.293143
0.085930
0.221295
0.197137
0.367036
0.497460
0.408856
0.096426
0.431090
0.252755
0.096883
0.082678
0.374370
0.632637
0.393628
0.458358
0.076854
0.329046
0.216909
0.505946
0.043060
0.349320
0.226799
0.306301
0.133067
0.312011
0.160404
0.098494
0.130794
0.106027
0.186057
0.043029
0.399965
0.087710
0.457532
0.048542
0.031431
0.217554
0.238012
0.546138
0.369985
0.238126
0.354524
0.086653
0.075636
0.056407
0.562031
0.138600
0.587084
0.123566
0.139197
0.463152
0.310173
0.084752
0.302528
0.527933
0.700912
0.364292
0.472845
0.200652
0.145902
0.085922
0.351913
0.005693
0.222844
0.004780
0.306002
0.538224
0.380988
0.113542
0.211479
0.055116
0.147460
0.508781
0.387544
0.311321
0.493899
0.252432
0.315275
0.221509
0.305403
0.347065
0.177058
0.266791
0.030676
0.293815
0.380081
0.270678
0.203450
0.322414
0.185584
0.323592
0.130716
0.288260
0.394178
0.007564
0.291323
0.202580
0.302257
0.217714
0.408223
0.202068
0.179769
0.026605
0.360124
0.088473
0.204273
0.221830
0.330240
0.133202
0.020386
0.527572
0.140918
0.314280
0.502475
0.071127
0.005649
0.214937
0.269489
0.153361
0.100745
0.418826
0.249270
0.278451
0.007064
0.328476
0.377942
0.193493
0.609870
0.264908
0.361331
0.564532
0.210699
0.085701
0.324367
0.422501
0.147373
0.159113
0.550627
0.005098
0.683376
0.651345
0.533112
0.160047
0.173625
0.266661
0.326469
0.312839
0.375605
0.619210
0.100753
0.262681
0.357021
0.144563
0.479076
0.114444
0.142876
0.384215
0.565868
0.263507
0.452142
0.237048
0.360957
0.229087
0.014937
0.413534
0.288315
0.426469
0.117552
0.040462
0.101802
0.313154
0.263881
0.364586
0.198827
0.074503
0.500008
0.218791
0.435759
0.021536
0.287832
0.189461
0.086236
0.283368
0.254881
0.033141
0.208713
0.128144
0.066268
0.383980
0.276833
0.011086
0.265395
0.394503
0.206972
0.061624
0.312642
0.478577
0.029701
0.230986
0.129805
0.110555
0.102878
0.121661
0.411257
0.319410
0.343439
0.235919
0.073274
0.253242
0.519081
0.189299
0.213560
0.076179
0.797405
0.100564
0.139165
0.274708
0.266482
0.111792
0.024236
0.385689
0.050180
0.315291
0.449111
0.061427
0.402079
0.371285
0.384722
0.150883
0.015133
0.014281
0.230246
0.443686
0.015342
0.078248
0.223285
0.395420
0.412991
0.072686
0.166484
0.249007
0.262000
0.108409
0.205271
0.009735
0.016590
0.168154
0.150166
0.311546
0.369794
0.344299
0.151270
0.226774
0.274007
0.597668
0.127250
0.309185
0.246314
0.151761
0.516201
0.427161
0.274821
0.053023
0.444051
0.363266
0.133869
0.051994
0.503804
0.463791
0.067143
0.499189
0.372296
0.034688
0.189653
0.352218
0.231330
0.195067
0.166303
0.380133
0.078556
0.486924
0.211710
0.102221
0.001865
0.092092
0.430878
0.415795
0.353225
0.209474
0.409559
0.055869
0.071630
0.210460
0.053592
0.508973
0.109926
0.458901
0.428415
0.093564
0.574584
0.566529
0.299227
0.157468
0.072123
0.097019
0.098059
0.111798
0.111898
0.430518
0.215494
0.258336
0.368814
0.003377
0.192272
0.435340
0.308475
0.163932
0.211336
0.119259
0.364494
0.473424
0.024538
0.169253
0.248836
0.156434
0.020467
0.195437
0.005148
0.496502
0.139687
0.289835
0.055207
0.096106
0.112223
0.354534
0.400352
0.240055
0.077366
0.559405
0.018344
0.371696
0.484297
0.477763
0.061240
0.373566
0.117509
0.048048
0.042654
0.315694
0.143298
0.231730
0.122057
0.094225
0.077774
0.509442
0.133739
0.123895
0.137405
0.193587
0.441149
0.389536
0.166843
0.424005
0.130211
0.118034
0.004876
0.173131
0.100079
0.075295
0.018528
0.197896
0.293559
0.409294
0.129931
0.551089
0.022530
0.105763
0.025792
0.000665
0.045712
0.407288
0.267586
0.040535
0.304736
0.054964
0.129228
0.163955
0.224294
0.462572
0.041301
0.400562
0.361391
0.284667
0.124181
0.543160
0.412889
0.367580
0.292514
0.018369
0.207014
0.292715
0.331564
0.421497
0.152150
0.426801
0.066504
0.361989
0.055944
0.186475
0.172739
0.017972
0.335997
0.018102
0.275742
0.397520
0.146473
0.134212
0.074228
0.460776
0.111052
0.271361
0.302829
0.068344
0.370413
0.368323
0.100048
0.120233
0.252997
0.003246
0.201660
0.521873
0.224911
0.401478
0.274445
0.373418
0.054153
0.059825
0.103040
0.032567
0.208343
0.444385
0.201095
0.579021
0.082342
0.291293
0.056001
0.305316
0.634945
0.064897
0.276622
0.274872
0.526294
0.046450
0.026552
0.189332
0.367772
0.232376
0.280494
0.281278
0.301549
0.220162
0.254207
0.420422
0.236738
0.141747
0.070297
0.520452
0.558399
0.368783
0.370876
0.531372
0.117759
0.038663
0.067477
0.468082
0.263901
0.295056
0.029143
0.147383
0.074903
0.507470
0.283950
0.054080
0.048962
0.031226
0.377945
0.256286
0.247765
0.082851
0.220747
0.186524
0.397374
0.152195
0.595904
0.424961
0.573953
0.378363
0.268440
0.334993
0.056317
0.163854
0.276888
0.356141
0.287259
0.252239
0.004749
0.047474
0.361982
0.320819
0.057196
0.071881
0.095196
0.270775
0.014995
0.160255
0.388644
0.173432
0.169009
0.108210
0.061124
0.268909
0.449492
0.261012
0.009708
0.330717
0.017826
0.662862
0.340309
0.015997
0.403922
0.330333
0.023581
0.493668
0.217602
0.230143
0.385758
0.202634
0.041002
0.617843
0.439133
0.323514
0.220878
0.249171
0.406958
0.551050
0.322677
0.382431
0.316509
0.009807
0.428971
0.174851
0.346592
0.349347
0.424349
0.513802
0.368851
0.281629
0.014405
0.289497
0.008415
0.036550
0.078466
0.464922
0.045624
0.325058
0.227459
0.073194
0.264029
0.411109
0.246330
0.481211
0.381207
0.317087
0.199949
0.176574
0.360181
0.274019
0.086994
0.296418
0.187514
0.125659
0.007906
0.103012
0.013037
0.181103
0.101425
0.132691
0.042423
0.488635
0.531292
0.331990
0.261109
0.142976
0.158640
0.001202
0.040203
0.626581
0.240446
0.142848
0.040193
0.107623
0.325656
0.214971
0.320749
0.123631
0.473924
0.049066
0.200699
0.138554
0.289475
0.257081
0.351411
0.351096
0.354267
0.296802
0.648317
0.074654
0.080833
0.050432
0.302709
0.226768
0.129131
0.193654
0.254391
0.160699
0.232935
0.213163
0.392195
0.017143
0.143104
0.336958
0.176834
0.184769
0.530120
0.167484
0.445794
0.646997
0.368702
0.290270
0.204678
0.335676
0.434519
0.270164
0.188855
0.140122
0.273798
0.028469
0.514712
0.348619
0.058779
0.451908
0.041935
0.211519
0.480530
0.084399
0.223685
0.051593
0.382304
0.418852
0.285829
0.275809
0.057060
0.253829
0.198837
0.304374
0.456501
0.045048
0.283927
0.392165
0.632600
0.213443
0.108244
0.200324
0.132147
0.516666
0.060897
0.356649
0.401767
0.181832
0.362092
0.066072
0.401295
0.007707
0.159731
0.079246
0.272315
0.455598
0.069575
0.413002
0.137618
0.116117
0.021841
0.535909
0.006210
0.008150
0.036346
0.130159
0.449523
0.212102
0.590481
0.176245
0.408103
0.287673
0.097066
0.046065
0.271217
0.461950
0.194555
0.146040
0.216322
0.275369
0.120166
0.014632
0.014873
0.428276
0.140536
0.008302
0.272238
0.076391
0.178927
0.277085
0.232433
0.404328
0.187156
0.142728
0.560498
0.328793
0.098252
0.081099
0.001361
0.229887
0.267409
0.313587
0.087280
0.096162
0.144804
0.338791
0.244345
0.399296
0.265663
0.045482
0.302421
0.109587
0.213228
0.357578
0.058368
0.271497
0.196397
0.155381
0.197708
0.075042
0.242879
0.309560
0.143561
0.052496
0.247468
0.039584
0.175505
0.139058
0.520698
0.122798
0.028786
0.666734
0.321693
0.087929
0.450281
0.090711
0.048033
0.435338
0.140913
0.446482
0.120119
0.532065
0.190261
0.042299
0.039182
0.466670
0.099918
0.058806
0.786796
0.098223
0.099948
0.561056
0.523635
0.076845
0.012435
0.296617
0.437837
0.140793
0.090856
0.393839
0.565748
0.155090
0.245927
0.328682
0.415421
0.303235
0.209910
0.080466
0.130462
0.016872
0.103968
0.240564
0.265105
0.144986
0.390723
0.165914
0.448964
0.069455
0.461299
0.089254
0.313143
0.100615
0.428148
0.265103
0.128534
0.327302
0.053941
0.094897
0.041172
0.036911
0.017965
0.105713
0.019080
0.109432
0.316304
0.042703
0.275512
0.108302
0.003908
0.309479
0.008597
0.014829
0.296575
0.317373
0.203479
0.704109
0.463643
0.510711
0.237795
0.114339
0.320911
0.279005
0.459189
0.283241
0.403381
0.106057
0.068966
0.048468
0.185684
0.639207
0.099533
0.022670
0.182441
0.125109
0.059362
0.001405
0.092757
0.047918
0.302113
0.554226
0.316925
0.198120
0.111325
0.757783
0.185452
0.196849
0.537198
0.096000
0.094083
0.110969
0.158010
0.088730
0.222283
0.029973
0.406491
0.709119
0.054986
0.177417
0.313660
0.453289
0.029537
0.316538
0.011749
0.390427
0.254319
0.234322
0.308858
0.030359
0.304616
0.404499
0.139037
0.363320
0.382382
0.033291
0.339826
0.340915
0.089055
0.131639
0.275896
0.269058
0.458519
0.008242
0.234994
0.368802
0.188469
0.267757
0.188565
0.322607
0.223293
0.210613
0.209408
0.501526
0.284549
0.203847
0.370749
0.319464
0.266012
0.293940
0.201090
0.140524
0.211565
0.018986
0.221798
0.019851
0.149991
0.323242
0.327606
0.227586
0.015785
0.447601
0.118028
0.005675
0.174438
0.146970
0.142915
0.187858
0.205281
0.120852
0.238995
0.012686
0.444438
0.189922
0.438321
0.310359
0.227841
0.503283
0.258790
0.471041
0.268077
0.169864
0.052811
0.286847
0.145346
0.025199
0.002258
0.098207
0.453417
0.106974
0.527698
0.211761
0.096219
0.081354
0.169087
0.050455
0.146587
0.112227
0.347576
0.314436
0.428325
0.343640
0.609137
0.054134
0.467351
0.290463
0.673270
0.141938
0.037835
0.145030
0.733650
0.169845
0.010487
0.100329
0.471344
0.596966
0.109902
0.253578
0.449718
0.529791
0.163889
0.435648
0.017562
0.565399
0.503908
0.268788
0.554753
0.159830
0.464330
0.502853
0.039904
0.587875
0.389417
0.185194
0.084841
0.102497
0.102862
0.405623
0.432513
0.321984
0.152512
0.078188
0.093670
0.215501
0.381958
0.419898
0.063279
0.306213
0.231570
0.143398
0.365332
0.054479
0.120817
0.047716
0.245218
0.279651
0.339974
0.516247
0.100303
0.258755
0.243918
0.117785
0.026632
0.238285
0.015715
0.637009
0.265356
0.293130
0.445493
0.368088
0.127995
0.008094
0.555370
0.229239
0.278958
0.072846
0.141952
0.599193
0.110212
0.278662
0.428839
0.014159
0.125267
0.091235
0.267250
0.063236
0.596667
0.206998
0.100265
0.350414
0.494001
0.088704
0.136161
0.654800
0.313215
0.394953
0.194432
0.280630
0.184138
0.367123
0.481974
0.199772
0.173109
0.001325
0.029065
0.074626
0.299731
0.196472
0.212014
0.468381
0.279892
0.319136
0.140009
0.087052
0.265870
0.482037
0.415229
0.156106
0.489078
0.325274
0.028834
0.070824
0.322371
0.533964
0.391778
0.421051
0.010169
0.325200
0.449268
0.364649
0.183538
0.244871
0.371415
0.363609
0.153242
0.255071
0.058827
0.092837
0.061909
0.313103
0.189797
0.076075
0.380405
0.137716
0.333606
0.057479
0.021153
0.186982
0.190483
0.531376
0.567160
0.239035
0.415524
0.167212
0.290512
0.016609
0.457403
0.111996
0.566935
0.177838
0.093599
0.429300
0.372291
0.006848
0.303787
0.433787
0.737688
0.348073
0.524376
0.232008
0.089778
0.057406
0.366729
0.070225
0.166150
0.038094
0.251990
0.457521
0.343748
0.069919
0.201111
0.154539
0.133836
0.464276
0.455182
0.323541
0.571903
0.182065
0.512012
0.215062
0.264706
0.262358
0.053226
0.137214
0.102058
0.207089
0.380005
0.225872
0.058377
0.333004
0.269659
0.250189
0.034222
0.389710
0.392190
0.004180
0.250273
0.197173
0.292601
0.085887
0.380795
0.231559
0.189714
0.109415
0.346112
0.093052
0.035779
0.251325
0.419867
0.039765
0.077205
0.442810
0.216519
0.405040
0.510056
0.208853
0.163302
0.144307
0.253550
0.032376
0.193728
0.447903
0.229033
0.290308
0.178963
0.396704
0.352329
0.184348
0.480488
0.227408
0.337732
0.460902
0.167585
0.246507
0.409874
0.436387
0.018791
0.142349
0.515947
0.084257
0.502965
0.618519
0.392033
0.103703
0.282134
0.222251
0.442437
0.258803
0.286987
0.582272
0.174903
0.213633
0.374705
0.304273
0.252847
0.130486
0.200739
0.340471
0.591247
0.179774
0.456100
0.239956
0.223809
0.143299
0.007435
0.403519
0.200336
0.352118
0.041074
0.059546
0.105975
0.268158
0.166598
0.496911
0.159164
0.077497
0.377579
0.256231
0.433705
0.049219
0.351953
0.128657
0.203917
0.291678
0.322077
0.087646
0.267315
0.071498
0.123381
0.306080
0.448007
0.111087
0.283237
0.439885
0.316863
0.054926
0.390512
0.536613
0.000151
0.227056
0.003593
0.162767
0.167602
0.138732
0.292719
0.345810
0.320013
0.235634
0.152849
0.252459
0.419137
0.181013
0.096275
0.186689
0.783409
0.189527
0.135743
0.236504
0.240499
0.150460
0.117235
0.408388
0.207187
0.199298
0.555926
0.059279
0.313231
0.361516
0.398336
0.173343
0.097653
0.009649
0.196444
0.469730
0.115942
0.094006
0.135888
0.333769
0.469978
0.089714
0.250369
0.178199
0.298350
0.180938
0.266758
0.012396
0.015171
0.217315
0.106575
0.250227
0.349357
0.296708
0.251516
0.180468
0.258720
0.622738
0.061791
0.265905
0.324409
0.108269
0.751252
0.508683
0.405731
0.023546
0.447979
0.365061
0.080208
0.076967
0.435626
0.537253
0.032568
0.363815
0.307244
0.173692
0.086323
0.246645
0.391903
0.160848
0.149158
0.390457
0.149611
0.476400
0.074682
0.218054
0.000733
0.109122
0.475812
0.429853
0.313936
0.081528
0.441467
0.061258
0.219827
0.126266
0.062428
0.459801
0.249716
0.392032
0.432621
0.019805
0.532937
0.529148
0.383009
0.074135
0.072653
0.279796
0.006813
0.111214
0.125676
0.430811
0.154562
0.253352
0.270646
0.060105
0.193242
0.570798
0.182410
0.130928
0.103928
0.187215
0.397771
0.558046
0.054118
0.244204
0.384799
0.148795
0.093911
0.066077
0.090218
0.422257
0.034848
0.313722
0.039991
0.025025
0.147105
0.385865
0.375604
0.245312
0.062855
0.562722
0.154768
0.289077
0.418790
0.387590
0.058597
0.385803
0.044616
0.122251
0.152352
0.432109
0.231851
0.246492
0.206563
0.175995
0.198495
0.416389
0.103258
0.157585
0.079036
0.112819
0.495719
0.512093
0.304059
0.393502
0.143755
0.012055
0.022903
0.246661
0.335962
0.019003
0.040732
0.174378
0.189933
0.372102
0.108389
0.528533
0.062434
0.028223
0.096994
0.052936
0.003351
0.370064
0.228250
0.048056
0.339039
0.235582
0.080304
0.154632
0.120446
0.411489
0.053359
0.313681
0.289985
0.318404
0.097467
0.442910
0.526630
0.347878
0.211555
0.007201
0.129120
0.171602
0.556510
0.492005
0.160040
0.410871
0.079208
0.342565
0.107432
0.085814
0.061022
0.108017
0.461519
0.073180
0.362420
0.449357
0.199760
0.230371
0.001474
0.509027
0.019043
0.182790
0.285069
0.110429
0.337495
0.339202
0.116158
0.109573
0.488475
0.006959
0.245538
0.437355
0.237081
0.426457
0.269024
0.382978
0.025433
0.103388
0.140467
0.143271
0.251076
0.476143
0.168554
0.635004
0.321828
0.245093
0.115204
0.270602
0.677327
0.220828
0.384500
0.173903
0.436350
0.061194
0.075640
0.088800
0.420345
0.092009
0.293681
0.339756
0.221442
0.289032
0.190694
0.505526
0.223829
0.107182
0.176577
0.581115
0.412809
0.309768
0.322205
0.607377
0.130572
0.011641
0.066860
0.578549
0.266275
0.357146
0.128290
0.108770
0.217453
0.419345
0.235752
0.065067
0.077830
0.052565
0.321826
0.293009
0.241489
0.110898
0.145482
0.183298
0.287315
0.101438
0.538497
0.338425
0.653533
0.436419
0.354904
0.277322
0.116326
0.227952
0.261732
0.311936
0.287681
0.375041
0.030110
0.011026
0.380080
0.243730
0.020834
0.018739
0.026111
0.143268
0.155304
0.126747
0.327780
0.164822
0.030788
0.110289
0.058302
0.235468
0.409976
0.191213
0.085134
0.185457
0.136484
0.543098
0.378458
0.018591
0.330659
0.336689
0.006534
0.492796
0.254686
0.206314
0.170408
0.261007
0.016439
0.620077
0.511728
0.450875
0.182951
0.151484
0.299193
0.437073
0.305796
0.399308
0.231936
0.064331
0.303850
0.028865
0.241358
0.441336
0.452868
0.495527
0.470520
0.354521
0.127396
0.365409
0.034413
0.111883
0.101577
0.406158
0.033416
0.328297
0.214836
0.015591
0.284849
0.375816
0.151073
0.663053
0.572878
0.380492
0.279350
0.165353
0.375275
0.259231
0.068395
0.116075
0.315902
0.057366
0.041349
0.083757
0.000841
0.378653
0.138377
0.076486
0.127422
0.541445
0.504536
0.435220
0.272076
0.045716
0.176240
0.070524
0.046310
0.552317
0.205599
0.131727
0.041929
0.105056
0.426397
0.113318
0.458247
0.129862
0.353456
0.095503
0.247547
0.099968
0.134969
0.249226
0.268967
0.381376
0.312116
0.286274
0.691540
0.059636
0.113089
0.177761
0.254402
0.200784
0.110977
0.395394
0.287434
0.306227
0.190964
0.018705
0.350902
0.030608
0.212558
0.291727
0.192489
0.186244
0.425682
0.173277
0.499148
0.504143
0.272522
0.297558
0.006550
0.262091
0.330913
0.148866
0.114432
0.176938
0.385758
0.114326
0.534865
0.402820
0.085013
0.443414
0.056045
0.013684
0.557446
0.224478
0.233095
0.040432
0.229908
0.539820
0.531162
0.267344
0.113546
0.160110
0.137350
0.290920
0.437444
0.001778
0.279607
0.381657
0.603069
0.209378
0.110448
0.252127
0.106631
0.415189
0.157574
0.443457
0.333589
0.301442
0.335326
0.115247
0.342987
0.148161
0.003847
0.126912
0.292970
0.455275
0.176477
0.473931
0.095521
0.142929
0.032334
0.627199
0.076527
0.018483
0.186824
0.051788
0.413780
0.281398
0.576521
0.255619
0.491999
0.420265
0.067086
0.030637
0.265747
0.565341
0.299446
0.142686
0.242434
0.282546
0.139696
0.020667
0.161210
0.449908
0.138387
0.000007
0.259276
0.061196
0.091769
0.291792
0.271408
0.432544
0.234253
0.155948
0.427934
0.319159
0.044248
0.098953
0.067668
0.271232
0.208664
0.265847
0.090479
0.154348
0.199767
0.381461
0.295281
0.271279
0.273824
0.035388
0.366296
0.127142
0.256038
0.348557
0.008733
0.358347
0.254109
0.093907
0.251902
0.096381
0.243877
0.237780
0.114351
0.063065
0.117505
0.158123
0.248668
0.121444
0.465369
0.271488
0.092040
0.484925
0.189103
0.169009
0.382433
0.083929
0.130651
0.380885
0.090621
0.342516
0.172034
0.448457
0.143849
0.005685
0.140230
0.434628
0.090108
0.021496
0.695469
0.022960
0.111527
0.493663
0.466315
0.087269
0.129528
0.357310
0.425918
0.169968
0.143518
0.501251
0.465278
0.077617
0.145662
0.279015
0.435445
0.369238
0.196266
0.126176
0.048343
0.030815
0.044274
0.287532
0.413725
0.078668
0.343445
0.085210
0.417665
0.140110
0.376661
0.012142
0.328369
0.204183
0.376823
0.361688
0.116543
0.267491
0.094396
0.227895
0.066254
0.091089
0.159838
0.198814
0.003305
0.010966
0.373263
0.080291
0.246362
0.142761
0.093863
0.391263
0.154083
0.021943
0.272274
0.346040
0.156676
0.626065
0.563671
0.504870
0.276875
0.012520
0.233683
0.176441
0.334966
0.476540
0.549465
0.061770
0.210136
0.077800
0.289988
0.587521
0.003122
0.067737
0.162495
0.148814
0.108063
0.047643
0.130236
0.038902
0.306298
0.480590
0.314414
0.174309
0.008619
0.679187
0.090904
0.246747
0.429560
0.092039
0.238837
0.157265
0.207114
0.059116
0.313214
0.024163
0.457267
0.470969
0.212948
0.138214
0.366088
0.536810
0.041078
0.356154
0.037810
0.454829
0.269538
0.117772
0.369288
0.073317
0.209250
0.432236
0.122070
0.293648
0.405806
0.086282
0.213526
0.284329
0.061585
0.083660
0.369032
0.282512
0.379682
0.109712
0.226920
0.370932
0.190216
0.295446
0.229401
0.371433
0.287667
0.267327
0.149064
0.418827
0.038086
0.181991
0.514485
0.330370
0.236742
0.225722
0.281311
0.103257
0.164295
0.036069
0.073844
0.059667
0.093304
0.144218
0.319676
0.237147
0.036904
0.399221
0.066871
0.067082
0.266723
0.060806
0.048372
0.389065
0.137818
0.128108
0.175335
0.137729
0.376049
0.136024
0.519570
0.245551
0.168728
0.570570
0.300780
0.418003
0.170722
0.276726
0.077818
0.351619
0.057635
0.096346
0.094180
0.115353
0.459240
0.161172
0.625076
0.068226
0.020093
0.024824
0.270945
0.083656
0.144979
0.180568
0.436342
0.214826
0.476149
0.254081
0.605016
0.038776
0.543393
0.339200
0.574130
0.120509
0.079913
0.111425
0.710976
0.021660
0.038195
0.033382
0.391099
0.643417
0.259741
0.228241
0.642446
0.590941
0.104683
0.439680
0.065310
0.433352
0.361475
0.264010
0.402535
0.269582
0.583209
0.367846
0.188005
0.549700
0.340054
0.179680
0.133704
0.028357
0.015601
0.401467
0.396002
0.340724
0.076521
0.154607
0.095794
0.207542
0.382641
0.386312
0.009835
0.326158
0.279339
0.151292
0.502794
0.045641
0.279008
0.093066
0.230667
0.399201
0.217211
0.261140
0.156945
0.333890
0.401880
0.023259
0.032685
0.316399
0.017298
0.462059
0.158159
0.400981
0.502389
0.246525
0.282396
0.180746
0.726812
0.202077
0.361856
0.049471
0.156898
0.477852
0.053241
0.276662
0.382630
0.095939
0.155211
0.100633
0.175178
0.165013
0.573411
0.132255
0.139088
0.401694
0.336236
0.200527
0.035521
0.672253
0.341005
0.497112
0.153130
0.402300
0.148279
0.164323
0.369843
0.186656
0.166157
0.060081
0.167373
0.098786
0.274876
0.300452
0.266434
0.426792
0.231267
0.485458
0.063447
0.034296
0.176801
0.435157
0.320490
0.161195
0.458956
0.368489
0.075103
0.051843
0.259399
0.396295
0.313028
0.341616
0.090825
0.300933
0.570802
0.217088
0.287642
0.153186
0.467777
0.361085
0.172370
0.243677
0.027190
0.157200
0.023339
0.439225
0.215892
0.166394
0.376956
0.231111
0.198837
0.064757
0.035858
0.124340
0.174577
0.542037
0.704256
0.270071
0.389240
0.286615
0.535298
0.099600
0.349474
0.074824
0.478310
0.144063
0.005829
0.388465
0.415725
0.088061
0.258148
0.254862
0.655369
0.322393
0.563224
0.318840
0.041098
0.078364
0.314675
0.165298
0.131559
0.006764
0.221461
0.345654
0.250558
0.122551
0.179608
0.257761
0.044078
0.398706
0.558241
0.217303
0.533567
0.101993
0.609143
0.227193
0.129705
0.187622
0.069030
0.011712
0.158503
0.144184
0.398797
0.185835
0.091166
0.343618
0.341072
0.152997
0.009478
0.483138
0.404731
0.052763
0.104008
0.182359
0.225492
0.012246
0.382832
0.189548
0.155820
0.186395
0.250938
0.120074
0.029979
0.348561
0.403371
0.072831
0.103846
0.359375
0.236939
0.449150
0.501752
0.312006
0.232706
0.082367
0.247728
0.145504
0.322794
0.488509
0.151013
0.228122
0.307292
0.373520
0.262607
0.167372
0.380019
0.155455
0.250496
0.358333
0.215592
0.306563
0.558524
0.460099
0.152916
0.193102
0.461441
0.148593
0.283588
0.597908
0.235818
0.013496
0.353510
0.188509
0.467102
0.121206
0.167247
0.506957
0.279143
0.137235
0.334116
0.487449
0.121855
0.207093
0.168321
0.169769
0.541932
0.129531
0.450428
0.278586
0.044762
0.103739
0.075076
0.406050
0.144521
0.258482
0.154242
0.014756
0.098995
0.195564
0.163931
0.569783
0.098040
0.129630
0.236405
0.224365
0.461590
0.100969
0.422576
0.041563
0.305212
0.353156
0.335356
0.106648
0.256060
0.055725
0.243308
0.266157
0.608445
0.166478
0.278154
0.495954
0.407470
0.148231
0.384232
0.478858
0.030841
0.201914
0.147060
0.265927
0.268322
0.193703
0.165051
0.304487
0.274023
0.254951
0.214856
0.208971
0.399220
0.159190
0.005993
0.274056
0.651298
0.292034
0.051582
0.181681
0.226369
0.181773
0.157112
0.430476
0.278862
0.125548
0.610619
0.169628
0.287387
0.320998
0.396130
0.173869
0.178639
0.008093
0.140155
0.391915
0.144434
0.127271
0.089504
0.301696
0.476432
0.119193
0.396480
0.105188
0.341170
0.214972
0.378149
0.070919
0.000569
0.215247
0.123681
0.145672
0.287383
0.295641
0.367053
0.086041
0.260869
0.550653
0.073954
0.201818
0.431780
0.137988
0.807885
0.453145
0.503931
0.004112
0.419998
0.344871
0.080626
0.148182
0.347199
0.532279
0.131080
0.206216
0.285749
0.323250
0.049832
0.144082
0.541037
0.088691
0.200220
0.432795
0.238587
0.368915
0.000674
0.211959
0.020710
0.115101
0.459922
0.433217
0.225209
0.041232
0.444752
0.146839
0.298153
0.020174
0.102620
0.356775
0.381918
0.319948
0.341395
0.017183
0.453417
0.470982
0.365746
0.031604
0.073267
0.408895
0.059829
0.287037
0.186500
0.441886
0.015494
0.206890
0.132338
0.130284
0.171665
0.688494
0.051782
0.069858
0.011032
0.159272
0.405953
0.608887
0.129872
0.229798
0.507066
0.167502
0.197500
0.011229
0.125486
0.306158
0.048767
0.349819
0.064802
0.035515
0.158361
0.395679
0.305374
0.304262
0.087227
0.454382
0.351473
0.152296
0.375973
0.276444
0.005365
0.412881
0.035389
0.178837
0.314764
0.476349
0.301901
0.255486
0.216851
0.228584
0.367456
0.260167
0.127275
0.089381
0.010937
0.009665
0.448780
0.547131
0.332186
0.293695
0.149245
0.080439
0.080145
0.345577
0.497253
0.023608
0.001485
0.178595
0.106703
0.266534
0.151844
0.551659
0.117947
0.138821
0.242237
0.177968
0.027969
0.375324
0.214651
0.127600
0.386056
0.422440
0.018023
0.167029
0.082904
0.317937
0.070125
0.277564
0.249478
0.371889
0.025072
0.341109
0.610238
0.346783
0.087631
0.034614
0.100581
0.026414
0.664029
0.500629
0.225199
0.406948
0.251412
0.359677
0.204599
0.011676
0.136906
0.246851
0.519116
0.101848
0.475284
0.429721
0.222757
0.238132
0.011211
0.574098
0.027132
0.151755
0.183168
0.144682
0.266907
0.257826
0.299462
0.088416
0.648936
0.026282
0.278315
0.367711
0.254445
0.339204
0.270815
0.295761
0.018021
0.130800
0.201368
0.282895
0.299177
0.453561
0.171829
0.638752
0.505977
0.211881
0.275663
0.210829
0.673195
0.326809
0.465469
0.102287
0.302653
0.065137
0.139468
0.014112
0.311022
0.030369
0.306120
0.378847
0.155434
0.286639
0.151615
0.536289
0.191802
0.002237
0.264356
0.524439
0.105762
0.269238
0.227984
0.586859
0.184346
0.013009
0.102601
0.610966
0.253823
0.399066
0.209758
0.024659
0.368093
0.362849
0.151526
0.009198
0.116146
0.087310
0.288252
0.307388
0.245015
0.096510
0.015073
0.209280
0.215834
0.017893
0.430913
0.181428
0.638244
0.427672
0.402084
0.220671
0.293755
0.298139
0.155518
0.291343
0.251145
0.439356
0.027896
0.061564
0.415640
0.157415
0.063193
0.031123
0.092322
0.094807
0.245602
0.054358
0.210786
0.185133
0.260924
0.056444
0.064863
0.245878
0.323828
0.157063
0.195468
0.077632
0.217034
0.352879
0.376310
0.017588
0.295349
0.309123
0.001012
0.430407
0.276574
0.128390
0.133370
0.315942
0.035500
0.514621
0.426016
0.514574
0.176910
0.011671
0.247823
0.306021
0.272462
0.267346
0.127938
0.149808
0.116176
0.085661
0.088381
0.452041
0.485432
0.470192
0.554341
0.352263
0.251684
0.456672
0.025577
0.187511
0.088187
0.297497
0.083273
0.309708
0.133179
0.002554
0.243803
0.264208
0.068771
0.702345
0.643853
0.327704
0.358223
0.157982
0.372594
0.271738
0.181527
0.020513
0.338309
0.159104
0.108104
0.043601
0.055673
0.508097
0.197287
0.117845
0.218298
0.581101
0.391868
0.456367
0.240245
0.221747
0.263446
0.216975
0.016398
0.474146
0.092892
0.182956
0.059691
0.105917
0.517381
0.047243
0.564959
0.238510
0.248811
0.166882
0.248354
0.009941
0.018510
0.197718
0.215883
0.348085
0.290110
0.216363
0.569811
0.010118
0.179833
0.255591
0.210283
0.093447
0.090514
0.550545
0.315738
0.426212
0.141001
0.158308
0.223698
0.012417
0.250621
0.316096
0.182291
0.224702
0.284931
0.153701
0.526370
0.292443
0.219395
0.284312
0.146068
0.219933
0.165640
0.075749
0.013884
0.160423
0.514371
0.198347
0.431592
0.462456
0.250669
0.378333
0.054860
0.187643
0.589345
0.353709
0.204685
0.025242
0.028245
0.619074
0.745779
0.239559
0.154533
0.089888
0.130659
0.243592
0.405258
0.074238
0.250115
0.405318
0.518924
0.241507
0.127283
0.269737
0.007964
0.272724
0.191679
0.476323
0.265828
0.338950
0.237096
0.100926
0.341889
0.297574
0.156100
0.130757
0.324130
0.429301
0.285445
0.445969
0.058702
0.168276
0.070240
0.664224
0.150145
0.031915
0.346060
0.010464
0.315810
0.382463
0.540198
0.329681
0.529838
0.471531
0.064149
0.070125
0.253467
0.633947
0.429161
0.109511
0.237134
0.283287
0.113723
0.104647
0.313072
0.497955
0.117308
0.003844
0.386425
0.061191
0.076498
0.285899
0.326769
0.405339
0.253666
0.148022
0.266449
0.267140
0.048552
0.111402
0.226312
0.308405
0.173825
0.204410
0.074604
0.233380
0.277109
0.393806
0.322450
0.155209
0.233269
0.136466
0.479844
0.136539
0.277439
0.322422
0.053194
0.407976
0.390800
0.075472
0.239034
0.123211
0.223649
0.146608
0.138568
0.129204
0.081972
0.200430
0.344021
0.037185
0.367932
0.359339
0.173504
0.307780
0.030004
0.284061
0.238789
0.186794
0.127136
0.380857
0.028589
0.207192
0.218670
0.342149
0.100200
0.110079
0.242466
0.358476
0.190229
0.069616
0.474672
0.159062
0.115278
0.428419
0.376267
0.251721
0.289520
0.393369
0.388016
0.290985
0.098797
0.569248
0.240395
0.008019
0.016110
0.225607
0.476085
0.422795
0.232860
0.188505
0.027555
0.007380
0.000381
0.333134
0.534547
0.051144
0.198556
0.079634
0.356295
0.205251
0.332433
0.087148
0.301221
0.245165
0.297696
0.415564
0.049188
0.241197
0.145997
0.398241
0.202235
0.034701
0.423759
0.371324
0.004181
0.100460
0.391984
0.072679
0.257340
0.148369
0.122178
0.502765
0.316737
0.070005
0.283717
0.390016
0.139983
0.480078
0.587116
0.442552
0.261860
0.052890
0.214805
0.084746
0.230488
0.589843
0.613086
0.089425
0.357020
0.109697
0.268023
0.471354
0.103206
0.122557
0.057737
0.130253
0.226437
0.052908
0.129742
0.034709
0.297654
0.390629
0.365140
0.086848
0.084886
0.531237
0.025764
0.297244
0.264513
0.130649
0.407249
0.212579
0.263754
0.010432
0.312364
0.008696
0.431156
0.217352
0.311486
0.096718
0.320679
0.544817
0.110634
0.344651
0.079706
0.469837
0.296889
0.073959
0.357053
0.039631
0.150160
0.495232
0.091699
0.208287
0.468964
0.191845
0.080729
0.226754
0.262963
0.063085
0.360433
0.260922
0.399887
0.310237
0.237598
0.436526
0.189953
0.283902
0.377441
0.391224
0.232590
0.258206
0.139372
0.230828
0.096625
0.145161
0.602425
0.298806
0.191912
0.213474
0.323580
0.071709
0.077859
0.084111
0.076379
0.057606
0.027306
0.008559
0.314649
0.179779
0.061978
0.287690
0.050518
0.157983
0.282525
0.024512
0.182567
0.537758
0.038617
0.204756
0.149594
0.214902
0.303592
0.047682
0.569635
0.192757
0.037880
0.530463
0.228760
0.373618
0.054305
0.363922
0.097669
0.390098
0.257282
0.176443
0.122237
0.238891
0.404241
0.243074
0.648891
0.017187
0.041776
0.002558
0.436798
0.141233
0.126891
0.288504
0.437371
0.128585
0.490293
0.165292
0.448945
0.154374
0.536112
0.413823
0.476957
0.062094
0.107352
0.094199
0.599619
0.098340
0.040662
0.142095
0.324390
0.600786
0.349426
0.191414
0.747143
0.631933
0.012599
0.404323
0.156711
0.247720
0.270443
0.276015
0.205114
0.336524
0.570562
0.192355
0.430391
0.363502
0.304136
0.193201
0.322030
0.014509
0.019245
0.307152
0.285632
0.381662
0.029220
0.213671
0.088853
0.178371
0.373595
0.307002
0.068496
0.311989
0.353408
0.059176
0.531050
0.077408
0.369226
0.089218
0.148379
0.453305
0.069385
0.005960
0.253483
0.330028
0.507128
0.046694
0.037953
0.346084
0.020194
0.250233
0.111511
0.517963
0.537489
0.154680
0.350819
0.282798
0.847722
0.168028
0.361470
0.041207
0.204464
0.391204
0.215037
0.278110
0.315122
0.215234
0.186337
0.170489
0.005009
0.287981
0.484259
0.127041
0.155834
0.437472
0.136034
0.319532
0.147382
0.614856
0.371732
0.518113
0.097207
0.429721
0.089315
0.073656
0.169495
0.118452
0.124395
0.046445
0.199514
0.153891
0.228879
0.388283
0.264350
0.436777
0.154275
0.641658
0.097460
0.196690
0.157866
0.363757
0.175138
0.119407
0.314394
0.413084
0.170506
0.054232
0.222993
0.252922
0.206454
0.238996
0.161121
0.245896
0.651479
0.009712
0.317983
0.092311
0.514595
0.282711
0.138266
0.199238
0.071633
0.186708
0.187521
0.383617
0.215935
0.303016
0.376042
0.331598
0.011509
0.106175
0.049609
0.118124
0.166113
0.518175
0.731046
0.326514
0.307048
0.371395
0.729950
0.181511
0.218726
0.029667
0.343847
0.148340
0.040885
0.354683
0.358229
0.086573
0.269553
0.092310
0.470439
0.374615
0.631210
0.446383
0.015179
0.119750
0.309038
0.190620
0.072376
0.039072
0.181516
0.209291
0.136768
0.158080
0.168284
0.390994
0.042605
0.182143
0.627115
0.124917
0.413094
0.055972
0.640212
0.206575
0.034998
0.142968
0.213112
0.137807
0.158588
0.081584
0.463236
0.185914
0.188050
0.327684
0.435509
0.095085
0.078191
0.475102
0.369784
0.119344
0.067206
0.220683
0.131292
0.114627
0.312166
0.201685
0.151522
0.269515
0.182666
0.096856
0.084879
0.355098
0.468219
0.216187
0.184832
0.331654
0.149692
0.457063
0.428043
0.424339
0.291890
0.107577
0.272817
0.278176
0.468434
0.503897
0.026669
0.111632
0.473430
0.373671
0.161426
0.135533
0.227148
0.095085
0.092200
0.244798
0.187141
0.270352
0.662776
0.468482
0.299728
0.269883
0.398124
0.186175
0.053733
0.454797
0.083515
0.067724
0.405379
0.148235
0.408974
0.007677
0.100262
0.411488
0.340613
0.043767
0.262332
0.605121
0.026117
0.232394
0.167635
0.025313
0.443671
0.151723
0.418360
0.381267
0.152686
0.130012
0.100815
0.302535
0.148071
0.120906
0.266923
0.146390
0.034102
0.064734
0.184056
0.530325
0.026460
0.148737
0.080432
0.146984
0.406622
0.143476
0.433814
0.002904
0.405281
0.434126
0.328285
0.107766
0.208285
0.191393
0.304117
0.146653
0.778724
0.188425
0.281851
0.471632
0.391757
0.208891
0.313992
0.361272
0.058438
0.196933
0.245844
0.349099
0.277510
0.258439
0.049878
0.247977
0.233836
0.340147
0.213423
0.116849
0.363659
0.189783
0.142996
0.361762
0.480080
0.367929
0.025676
0.130496
0.190016
0.162778
0.093711
0.484478
0.356718
0.055575
0.616105
0.289098
0.203521
0.257558
0.359491
0.169389
0.310224
0.018507
0.106816
0.370746
0.115778
0.098803
0.058761
0.215564
0.418130
0.099418
0.517990
0.051751
0.329887
0.241261
0.547326
0.121526
0.091300
0.261682
0.130344
0.054438
0.263317
0.234866
0.449913
0.034596
0.314655
0.441149
0.064502
0.148645
0.512259
0.238880
0.782214
0.425243
0.523226
0.002445
0.315876
0.266718
0.074815
0.263090
0.276454
0.471994
0.261828
0.079718
0.217839
0.360473
0.130078
0.083818
0.588366
0.029398
0.253979
0.455329
0.324942
0.280323
0.087160
0.184789
0.022670
0.106613
0.405269
0.384792
0.127956
0.143113
0.370481
0.195036
0.275234
0.087852
0.149314
0.233748
0.476104
0.172286
0.219171
0.026672
0.361695
0.387699
0.357547
0.036331
0.242890
0.487749
0.092309
0.400624
0.183201
0.440838
0.137794
0.052209
0.005417
0.201535
0.200370
0.683188
0.045473
0.000161
0.063336
0.085463
0.341326
0.578819
0.117131
0.255418
0.593922
0.212548
0.263445
0.020759
0.162788
0.178272
0.113676
0.355830
0.008161
0.129614
0.128374
0.293138
0.202983
0.326422
0.136321
0.325937
0.466905
0.038154
0.215390
0.158150
0.100200
0.398231
0.031404
0.154707
0.474383
0.526709
0.369815
0.269577
0.255749
0.294708
0.456826
0.115048
0.200343
0.063866
0.044643
0.201058
0.378357
0.552223
0.293185
0.224354
0.167323
0.094621
0.056025
0.471055
0.640467
0.063633
0.063624
0.264100
0.085012
0.122206
0.142101
0.496769
0.104672
0.217571
0.412736
0.283240
0.063102
0.383481
0.239723
0.133602
0.389013
0.576605
0.006590
0.194796
0.046593
0.285016
0.085353
0.236510
0.218810
0.367234
0.043453
0.278850
0.655533
0.335075
0.022045
0.112433
0.075427
0.115580
0.663757
0.421380
0.287838
0.458857
0.412654
0.329439
0.246440
0.045111
0.355396
0.333499
0.535127
0.089124
0.529520
0.431344
0.266757
0.195084
0.011233
0.509639
0.080544
0.095146
0.083709
0.201819
0.170995
0.179708
0.405614
0.063180
0.720372
0.050268
0.335762
0.280594
0.229233
0.320412
0.315970
0.170752
0.167532
0.171373
0.227826
0.392175
0.245496
0.395451
0.160041
0.496834
0.580889
0.180527
0.391261
0.155971
0.569467
0.310615
0.414983
0.137495
0.134045
0.001278
0.165452
0.019276
0.214808
0.059340
0.312260
0.411466
0.126861
0.252926
0.148906
0.493051
0.198965
0.098165
0.313675
0.426305
0.189400
0.216752
0.129637
0.485135
0.209219
0.034731
0.134785
0.564420
0.250872
0.381911
0.319083
0.021124
0.464634
0.258776
0.067166
0.114225
0.182240
0.056126
0.222268
0.284856
0.260338
0.049533
0.137913
0.175581
0.162375
0.007878
0.228936
0.103186
0.585220
0.340925
0.391069
0.176038
0.451149
0.364812
0.050707
0.292922
0.161536
0.355479
0.025366
0.124186
0.451511
0.130944
0.176498
0.085834
0.162729
0.024677
0.310311
0.010554
0.024595
0.225275
0.494994
0.034568
0.080231
0.276277
0.193420
0.102099
0.341036
0.002210
0.194738
0.232110
0.293507
0.115017
0.285260
0.237325
0.042851
0.375812
0.297287
0.064444
0.403413
0.330620
0.133316
0.428305
0.276292
0.481269
0.169654
0.183928
0.182819
0.109988
0.217857
0.090731
0.085856
0.240779
0.048051
0.238938
0.030448
0.447256
0.456630
0.478461
0.538838
0.364734
0.384579
0.468865
0.088049
0.159107
0.020663
0.234523
0.075523
0.295963
0.156342
0.069555
0.159766
0.173705
0.040736
0.567709
0.586439
0.275995
0.409448
0.151387
0.273105
0.343922
0.243264
0.139792
0.281643
0.176008
0.171739
0.060120
0.094746
0.558602
0.254895
0.158706
0.255188
0.581880
0.320817
0.491702
0.207288
0.318405
0.379413
0.337321
0.039083
0.376591
0.027618
0.189574
0.081169
0.108287
0.548189
0.002088
0.628822
0.324541
0.127907
0.276217
0.193239
0.054460
0.157566
0.048527
0.270039
0.280501
0.259831
0.140638
0.391628
0.032513
0.258771
0.321460
0.198864
0.031030
0.119588
0.650704
0.308134
0.421485
0.137032
0.319413
0.111494
0.043692
0.257163
0.346690
0.223401
0.272692
0.088278
0.122057
0.508259
0.109630
0.102017
0.277880
0.359483
0.207193
0.084646
0.018100
0.116164
0.131706
0.570683
0.204082
0.304242
0.495334
0.364738
0.285766
0.091022
0.252544
0.550347
0.518180
0.179427
0.140922
0.089479
0.556318
0.783155
0.188651
0.150049
0.101944
0.139999
0.179166
0.375635
0.065466
0.255359
0.444465
0.423591
0.241414
0.133314
0.250285
0.102740
0.159168
0.198487
0.448546
0.108750
0.360312
0.142219
0.125433
0.289852
0.472841
0.233421
0.146761
0.344061
0.354114
0.453328
0.370432
0.065511
0.132138
0.113345
0.643354
0.213620
0.009192
0.395926
0.039286
0.271456
0.462050
0.432381
0.381516
0.518809
0.454147
0.054380
0.107043
0.251652
0.614622
0.462960
0.029012
0.301109
0.253184
0.022935
0.238110
0.396630
0.479675
0.077586
0.054150
0.491867
0.077141
0.087024
0.255775
0.270873
0.349339
0.217946
0.179866
0.167253
0.238828
0.053457
0.091266
0.403883
0.314679
0.196805
0.154093
0.086630
0.369221
0.274718
0.399128
0.373723
0.097374
0.110899
0.156951
0.505602
0.131571
0.289540
0.267510
0.109399
0.458203
0.469440
0.068802
0.220381
0.090441
0.177227
0.001357
0.156834
0.219329
0.054370
0.318904
0.390227
0.009063
0.261664
0.459641
0.223265
0.087875
0.049107
0.358921
0.161557
0.257680
0.163765
0.367905
0.093217
0.061363
0.327547
0.212642
0.034123
0.189746
0.384278
0.257091
0.257764
0.194333
0.291183
0.351531
0.135784
0.316179
0.267531
0.435559
0.380894
0.440365
0.348105
0.376538
0.034630
0.487445
0.108240
0.038361
0.154776
0.144866
0.494864
0.440769
0.245082
0.218324
0.016792
0.075052
0.047916
0.322124
0.565889
0.158652
0.069720
0.167321
0.240002
0.290509
0.349851
0.102349
0.282349
0.191713
0.270350
0.428856
0.021693
0.242032
0.226503
0.487628
0.336834
0.064970
0.651840
0.441340
0.025677
0.103444
0.402928
0.025731
0.221848
0.247618
0.152677
0.536612
0.396644
0.030439
0.281948
0.345150
0.151453
0.301341
0.512593
0.420548
0.279620
0.121916
0.205918
0.031721
0.096760
0.624118
0.624208
0.065667
0.509325
0.071226
0.160131
0.355812
0.277774
0.182850
0.083511
0.095695
0.248274
0.112692
0.139354
0.071784
0.207122
0.281873
0.307164
0.043276
0.245323
0.301815
0.046891
0.349616
0.059050
0.158638
0.446775
0.222252
0.333699
0.104763
0.373699
0.014772
0.351810
0.009186
0.313070
0.060278
0.270066
0.582897
0.186574
0.306899
0.011870
0.311409
0.318099
0.013003
0.258575
0.044470
0.073555
0.545079
0.073879
0.070772
0.463780
0.350497
0.029910
0.232055
0.390953
0.041193
0.362650
0.203160
0.422282
0.444480
0.239209
0.511193
0.176540
0.245931
0.451026
0.413027
0.240879
0.243581
0.097088
0.018203
0.192441
0.163104
0.626799
0.173046
0.032742
0.320431
0.380802
0.081321
0.017043
0.088276
0.226158
0.015066
0.045121
0.066850
0.366439
0.149719
0.049422
0.264718
0.101173
0.246791
0.276347
0.058373
0.307369
0.576747
0.080836
0.319021
0.144472
0.269584
0.205654
0.044940
0.536130
0.129052
0.051827
0.512829
0.240995
0.272115
0.086445
0.430065
0.148992
0.423107
0.319923
0.226592
0.168705
0.339051
0.297144
0.354142
0.490731
0.021222
0.029642
0.113591
0.554113
0.233574
0.105119
0.371404
0.428763
0.065205
0.507621
0.058612
0.289361
0.190660
0.414248
0.388497
0.378391
0.019603
0.094581
0.120168
0.498287
0.175616
0.086979
0.226948
0.267002
0.443232
0.290995
0.260180
0.728305
0.562255
0.103098
0.357457
0.228765
0.041012
0.264126
0.230962
0.070865
0.318663
0.408935
0.025152
0.608807
0.193161
0.262968
0.170318
0.461662
0.000323
0.027558
0.205027
0.165990
0.401565
0.005491
0.289172
0.019362
0.215288
0.329657
0.300788
0.192229
0.326542
0.481951
0.042984
0.424373
0.179516
0.456779
0.059435
0.090673
0.462935
0.074678
0.258938
0.379335
0.374975
0.597526
0.105103
0.193859
0.310176
0.110784
0.034893
0.037467
0.587431
0.459542
0.059690
0.381020
0.334410
0.834541
0.165416
0.351925
0.111330
0.244284
0.321958
0.343997
0.279165
0.291181
0.289488
0.257400
0.266467
0.180394
0.376031
0.452098
0.097344
0.190290
0.474735
0.040261
0.367425
0.193059
0.395770
0.359268
0.424005
0.068776
0.456950
0.036127
0.278472
0.093054
0.037669
0.023701
0.005590
0.189669
0.268667
0.166004
0.450769
0.258504
0.435258
0.134287
0.681987
0.244924
0.320924
0.173894
0.244468
0.063247
0.083065
0.092671
0.426543
0.226889
0.022060
0.168026
0.131162
0.069564
0.153636
0.162738
0.172650
0.546445
0.118004
0.309218
0.024565
0.500795
0.184230
0.063141
0.214539
0.062601
0.254423
0.334147
0.318040
0.232275
0.472698
0.316778
0.389409
0.137604
0.139832
0.138388
0.136926
0.212721
0.490479
0.625075
0.343553
0.185735
0.408335
0.765781
0.217666
0.144268
0.019179
0.186153
0.059305
0.046689
0.311049
0.312031
0.106850
0.293613
0.034386
0.228684
0.381699
0.592360
0.592843
0.068718
0.191584
0.225301
0.230554
0.014313
0.005771
0.184862
0.156324
0.019241
0.287770
0.211781
0.486825
0.176665
0.050853
0.606059
0.022791
0.232860
0.047505
0.556693
0.211848
0.201442
0.110056
0.308191
0.258484
0.123967
0.056072
0.565522
0.223856
0.230975
0.327127
0.462248
0.093699
0.097686
0.464949
0.304962
0.231104
0.229088
0.271644
0.007423
0.112184
0.242285
0.202529
0.086561
0.301702
0.073580
0.055420
0.038629
0.404657
0.482503
0.365688
0.226739
0.306003
0.063930
0.389272
0.362727
0.479957
0.278586
0.132443
0.345628
0.339926
0.545968
0.502605
0.198785
0.095846
0.567398
0.300762
0.102677
0.046305
0.097728
0.047534
0.016927
0.179342
0.191064
0.245491
0.706311
0.466608
0.350397
0.395047
0.325944
0.142290
0.102475
0.313926
0.049978
0.151619
0.403110
0.141314
0.333690
0.099941
0.013303
0.316763
0.342927
0.028870
0.193919
0.667101
0.048399
0.258113
0.056830
0.093114
0.318677
0.133959
0.394232
0.468618
0.376731
0.218103
0.142810
0.224861
0.231794
0.055868
0.373148
0.282880
0.214186
0.129528
0.334202
0.406479
0.013494
0.181191
0.009243
0.015837
0.300456
0.162974
0.462883
0.068103
0.419442
0.541758
0.293981
0.116453
0.170715
0.374371
0.368391
0.110510
0.812247
0.162486
0.271730
0.447317
0.298318
0.212273
0.189363
0.219877
0.081192
0.166026
0.235404
0.455119
0.251324
0.304847
0.124266
0.149259
0.175349
0.460575
0.216681
0.000313
0.421219
0.232535
0.238748
0.404491
0.341340
0.359733
0.076020
0.046870
0.239844
0.091631
0.028974
0.469935
0.396668
0.041698
0.503640
0.336416
0.227124
0.225436
0.296153
0.118240
0.401991
0.041786
0.072741
0.321770
0.049234
0.074873
0.073144
0.170425
0.342144
0.066231
0.614540
0.090871
0.304245
0.287340
0.725291
0.152367
0.132101
0.344023
0.166866
0.045923
0.188989
0.175583
0.425744
0.146867
0.417646
0.314307
0.079162
0.095295
0.597280
0.375657
0.602472
0.316387
0.457761
0.022137
0.190586
0.171663
0.023276
0.405941
0.221861
0.374204
0.330253
0.048959
0.202006
0.422112
0.150920
0.051211
0.619564
0.114301
0.303799
0.473562
0.384001
0.158072
0.085470
0.063806
0.050152
0.080226
0.347031
0.336732
0.020187
0.237271
0.276874
0.238391
0.155819
0.145609
0.213831
0.138763
0.528636
0.059790
0.001790
0.005183
0.261053
0.344780
0.298001
0.071167
0.454043
0.483289
0.121218
0.443784
0.215631
0.435303
0.277623
0.094540
0.106488
0.234452
0.187514
0.521218
0.080885
0.026387
0.053399
0.078916
0.199807
0.476804
0.105877
0.251646
0.578740
0.194732
0.301470
0.047379
0.144749
0.048639
0.081682
0.304169
0.081693
0.152758
0.046252
0.256102
0.177975
0.423855
0.204298
0.186937
0.550920
0.196720
0.057240
0.005636
0.187740
0.341543
0.041234
0.139454
0.640207
0.500657
0.350882
0.239069
0.231726
0.302811
0.455611
0.004880
0.320121
0.220834
0.026519
0.438640
0.251008
0.523587
0.219940
0.163302
0.150155
0.072126
0.050933
0.568987
0.628332
0.147851
0.193481
0.340452
0.095508
0.001234
0.157656
0.474743
0.103518
0.209772
0.537150
0.378408
0.124475
0.382440
0.257120
0.072037
0.417591
0.629721
0.053579
0.213641
0.083678
0.274432
0.079107
0.271789
0.204525
0.330697
0.084210
0.229458
0.557551
0.367356
0.088580
0.206109
0.087139
0.226730
0.543720
0.313179
0.388046
0.534426
0.579145
0.221044
0.196667
0.057121
0.626973
0.358235
0.487250
0.018352
0.504587
0.436309
0.318112
0.173000
0.008040
0.361015
0.158771
0.096485
0.043567
0.151218
0.049685
0.146779
0.435503
0.011010
0.657370
0.052138
0.345780
0.220882
0.134928
0.216856
0.377888
0.047382
0.279566
0.220735
0.298754
0.485923
0.151567
0.370914
0.130820
0.343715
0.483720
0.212498
0.401161
0.123845
0.396779
0.253975
0.325551
0.234481
0.021516
0.083770
0.241050
0.100629
0.117496
0.191771
0.347237
0.356853
0.161955
0.202442
0.192101
0.460079
0.232676
0.225110
0.346354
0.264322
0.460589
0.185924
0.010399
0.316820
0.259568
0.071358
0.159186
0.473506
0.250511
0.296550
0.402809
0.004228
0.542993
0.204842
0.033164
0.183868
0.212780
0.086246
0.232944
0.286263
0.206137
0.041723
0.289795
0.127242
0.142680
0.018729
0.150641
0.081713
0.536316
0.223322
0.341272
0.214953
0.589222
0.349947
0.089230
0.242213
0.053084
0.255811
0.034146
0.229040
0.422601
0.087667
0.296663
0.145223
0.195374
0.037539
0.234112
0.059288
0.168362
0.263764
0.649943
0.029605
0.154388
0.291301
0.002624
0.064720
0.502741
0.016203
0.026203
0.156940
0.187083
0.227453
0.316467
0.125219
0.081122
0.245082
0.293124
0.016242
0.575544
0.310084
0.253433
0.355504
0.095135
0.415891
0.186004
0.320030
0.086299
0.002192
0.156017
0.082092
0.041085
0.282855
0.044135
0.281204
0.090214
0.447385
0.363954
0.442152
0.447849
0.330042
0.434234
0.486471
0.108837
0.078694
0.064417
0.208617
0.094173
0.268000
0.174821
0.144672
0.096132
0.052645
0.043768
0.407146
0.448968
0.184708
0.404386
0.196932
0.110744
0.461798
0.257738
0.209204
0.136938
0.098501
0.266739
0.201443
0.202183
0.522972
0.311006
0.271754
0.234464
0.610390
0.296452
0.421580
0.200168
0.304899
0.464865
0.391399
0.184722
0.256019
0.020443
0.183925
0.143805
0.050478
0.554534
0.025432
0.581774
0.482241
0.102464
0.407332
0.188613
0.035529
0.245987
0.102910
0.332540
0.184303
0.267741
0.054154
0.123151
0.149983
0.396917
0.351217
0.242616
0.203208
0.178304
0.735440
0.297830
0.349819
0.135574
0.452377
0.050911
0.112765
0.219786
0.389853
0.310170
0.252451
0.104927
0.084561
0.426383
0.088205
0.082401
0.237021
0.477100
0.245707
0.018438
0.021220
0.179975
0.044083
0.621046
0.215348
0.158902
0.448825
0.420292
0.131977
0.229489
0.285177
0.536293
0.603587
0.155283
0.285767
0.201234
0.518785
0.672015
0.090145
0.114790
0.129653
0.200551
0.035906
0.342211
0.011583
0.222519
0.436724
0.344448
0.221323
0.136844
0.224131
0.239926
0.084978
0.139975
0.424215
0.000531
0.364630
0.060046
0.099264
0.279521
0.592850
0.276132
0.178152
0.367076
0.363686
0.554430
0.285982
0.101399
0.030088
0.152078
0.623923
0.232115
0.026798
0.447409
0.021873
0.234607
0.488593
0.342168
0.390036
0.418998
0.352564
0.005387
0.106041
0.305455
0.563422
0.527157
0.070955
0.296615
0.231101
0.018039
0.418731
0.456998
0.457292
0.038165
0.114875
0.564565
0.056057
0.029529
0.172097
0.251571
0.298037
0.127722
0.100881
0.035454
0.195407
0.089747
0.038233
0.579518
0.257983
0.240637
0.090740
0.224449
0.538401
0.268627
0.348613
0.311715
0.097238
0.011116
0.166056
0.498311
0.190092
0.227794
0.195467
0.143795
0.496935
0.583923
0.094003
0.158669
0.045724
0.151885
0.115227
0.176900
0.363772
0.085045
0.302035
0.406032
0.094599
0.177549
0.428691
0.275462
0.073024
0.139269
0.310778
0.096984
0.268171
0.126331
0.417459
0.222414
0.079264
0.398734
0.145743
0.109184
0.273010
0.428582
0.137476
0.232222
0.260683
0.092107
0.488904
0.117336
0.245277
0.161428
0.500320
0.476257
0.507323
0.281821
0.387698
0.176613
0.384552
0.014865
0.020327
0.287277
0.092951
0.422214
0.475430
0.279964
0.181506
0.043501
0.181450
0.090385
0.265264
0.483369
0.253122
0.072982
0.282217
0.152680
0.355723
0.364055
0.091323
0.215021
0.090708
0.251103
0.429774
0.133637
0.269278
0.177886
0.591105
0.440543
0.168668
0.743446
0.536487
0.021393
0.107063
0.346766
0.148981
0.246907
0.325925
0.132162
0.570897
0.449184
0.008483
0.335515
0.213258
0.157052
0.087759
0.393849
0.286078
0.265659
0.164909
0.117760
0.058007
0.034554
0.568446
0.550139
0.112137
0.545871
0.033641
0.049315
0.280696
0.409057
0.232148
0.251002
0.037656
0.255607
0.173940
0.090968
0.082571
0.088088
0.237934
0.262922
0.057492
0.306600
0.057691
0.080987
0.447315
0.086786
0.211710
0.446042
0.242671
0.413537
0.171995
0.341453
0.041751
0.224010
0.198620
0.282378
0.110975
0.174014
0.512418
0.256507
0.261558
0.111266
0.114271
0.301965
0.003009
0.108939
0.158769
0.091576
0.518807
0.011601
0.028222
0.459775
0.389374
0.106947
0.209834
0.532264
0.108493
0.312240
0.141263
0.459563
0.611714
0.255086
0.621910
0.102009
0.135999
0.532800
0.412564
0.152428
0.224055
0.104670
0.259413
0.167629
0.179974
0.520138
0.076431
0.210493
0.366626
0.372574
0.068868
0.153265
0.054757
0.263797
0.022400
0.058273
0.099900
0.418180
0.113566
0.017632
0.195186
0.134084
0.276062
0.214138
0.136451
0.331779
0.529660
0.184634
0.442242
0.182790
0.355057
0.189525
0.102003
0.402259
0.079219
0.066019
0.439108
0.224476
0.139182
0.236482
0.398768
0.146578
0.351953
0.313820
0.310131
0.200991
0.338168
0.159102
0.428203
0.317439
0.045401
0.038893
0.185249
0.625068
0.342916
0.048066
0.420388
0.313904
0.007347
0.476687
0.000405
0.119237
0.190557
0.244652
0.334148
0.281822
0.005250
0.014921
0.157938
0.362385
0.252612
0.098748
0.239685
0.204368
0.208910
0.155789
0.305278
0.630667
0.431196
0.214980
0.250738
0.295510
0.093443
0.249426
0.265513
0.050978
0.279445
0.231034
0.094602
0.650092
0.014152
0.163525
0.086382
0.488701
0.025345
0.082078
0.129622
0.005341
0.393182
0.005192
0.316384
0.098666
0.217307
0.284979
0.313536
0.358344
0.304430
0.563625
0.021382
0.310367
0.324988
0.471625
0.032820
0.032125
0.359597
0.213268
0.490235
0.420449
0.314549
0.606771
0.204312
0.355073
0.212565
0.278528
0.167713
0.051181
0.538913
0.423255
0.048800
0.314433
0.203787
0.663052
0.121861
0.232443
0.170687
0.266987
0.189347
0.443091
0.273068
0.226367
0.358719
0.302947
0.348483
0.282589
0.475345
0.376504
0.092575
0.226186
0.420910
0.147897
0.317302
0.246934
0.217523
0.299599
0.229919
0.095158
0.411735
0.166030
0.401220
0.002251
0.015869
0.044342
0.188911
0.090506
0.391606
0.102678
0.439948
0.213037
0.391775
0.096486
0.651686
0.393876
0.391841
0.206057
0.153112
0.026106
0.050320
0.146721
0.442247
0.200161
0.029619
0.205242
0.022437
0.000495
0.100174
0.148167
0.109656
0.411953
0.162385
0.208081
0.004751
0.516939
0.105207
0.088447
0.276063
0.011712
0.314873
0.443288
0.160009
0.210506
0.607717
0.170933
0.404432
0.243705
0.211102
0.223724
0.226964
0.257658
0.440127
0.430065
0.312227
0.032666
0.424838
0.670369
0.195064
0.079924
0.001871
0.098320
0.005946
0.012473
0.250833
0.192890
0.080464
0.356226
0.014893
0.077849
0.425829
0.454029
0.722765
0.175496
0.237996
0.198220
0.192634
0.129445
0.011776
0.198538
0.110738
0.110762
0.399368
0.324253
0.557221
0.306150
0.320389
0.561176
0.169452
0.049645
0.065816
0.504670
0.177114
0.231398
0.102950
0.430909
0.363661
0.038683
0.077892
0.572397
0.295171
0.230183
0.334550
0.416623
0.134680
0.156005
0.366047
0.202869
0.321480
0.354746
0.360000
0.009927
0.115972
0.072674
0.246511
0.056068
0.409487
0.060545
0.044248
0.031526
0.334543
0.515498
0.464591
0.270311
0.286832
0.017141
0.287352
0.273794
0.425051
0.215216
0.240180
0.443325
0.273358
0.592720
0.437727
0.409938
0.253401
0.593063
0.270818
0.064394
0.102946
0.049484
0.024778
0.092420
0.140451
0.141070
0.219283
0.587050
0.400464
0.420057
0.492124
0.279538
0.053703
0.197019
0.099621
0.089436
0.189643
0.424155
0.171174
0.311068
0.148314
0.007316
0.232303
0.271572
0.138402
0.130871
0.701740
0.085752
0.252703
0.041995
0.127362
0.206224
0.131741
0.334164
0.518247
0.571913
0.309545
0.203836
0.121510
0.272178
0.160987
0.432432
0.358010
0.447530
0.258560
0.473099
0.254374
0.022943
0.162943
0.069628
0.159565
0.099144
0.143519
0.399800
0.027586
0.366155
0.587134
0.258574
0.100890
0.197217
0.518576
0.340092
0.153888
0.731912
0.096563
0.203401
0.346159
0.094389
0.126759
0.112733
0.130877
0.121222
0.145044
0.113391
0.525081
0.104456
0.353049
0.301134
0.118116
0.137492
0.537694
0.238267
0.154617
0.382489
0.354641
0.240746
0.464010
0.192454
0.317587
0.136044
0.072022
0.295608
0.033743
0.226972
0.412678
0.391769
0.039065
0.442597
0.377042
0.225011
0.193026
0.206967
0.070296
0.466988
0.048700
0.109320
0.331567
0.194061
0.014774
0.071597
0.136110
0.222847
0.011427
0.650078
0.150706
0.256066
0.255058
0.789712
0.196164
0.130226
0.454364
0.160715
0.120139
0.139078
0.098296
0.303058
0.233045
0.476948
0.217288
0.066711
0.111832
0.573226
0.489117
0.359214
0.306225
0.352783
0.069114
0.044071
0.074137
0.032084
0.482800
0.228150
0.263088
0.378163
0.138916
0.205100
0.395284
0.147958
0.005229
0.534477
0.160677
0.292428
0.416150
0.295775
0.085562
0.069789
0.074834
0.013749
0.053460
0.361313
0.327354
0.031729
0.197742
0.221010
0.279043
0.048872
0.198861
0.283811
0.051880
0.529758
0.131140
0.203529
0.007656
0.160357
0.345664
0.211078
0.071910
0.570372
0.472642
0.090611
0.460594
0.186288
0.358534
0.415213
0.286448
0.147786
0.254870
0.203368
0.338576
0.076593
0.025825
0.044074
0.230510
0.039547
0.356052
0.027904
0.334157
0.429632
0.249547
0.326830
0.122481
0.108497
0.012240
0.022873
0.217438
0.185942
0.129462
0.044813
0.124612
0.125968
0.419869
0.279243
0.130132
0.540941
0.333924
0.080056
0.173223
0.267503
0.242234
0.023975
0.100988
0.703977
0.474082
0.293340
0.207593
0.180807
0.337311
0.318124
0.050204
0.455133
0.368308
0.021675
0.658141
0.224608
0.505195
0.092794
0.126596
0.152361
0.014637
0.030095
0.586343
0.519915
0.206851
0.271800
0.445843
0.171553
0.106827
0.191492
0.371932
0.090652
0.226344
0.604332
0.442335
0.149933
0.324381
0.283481
0.076046
0.449287
0.544559
0.029454
0.268042
0.147406
0.298548
0.056527
0.311134
0.199700
0.223204
0.051819
0.222306
0.415019
0.334907
0.074835
0.286474
0.103156
0.298729
0.381060
0.219455
0.428057
0.564401
0.616428
0.106407
0.226393
0.064221
0.757326
0.357470
0.469262
0.019831
0.414366
0.480514
0.381409
0.158980
0.024640
0.163814
0.203392
0.099226
0.167707
0.126511
0.003283
0.105820
0.338957
0.030129
0.511336
0.039288
0.357611
0.180253
0.043507
0.174840
0.436878
0.086715
0.388561
0.280133
0.304872
0.497236
0.013948
0.344330
0.078172
0.146441
0.342821
0.204405
0.298090
0.093252
0.174558
0.087144
0.157812
0.320686
0.147931
0.199961
0.271470
0.268418
0.032046
0.341193
0.383447
0.214290
0.203662
0.118120
0.245475
0.413477
0.349345
0.295940
0.307519
0.146645
0.606224
0.187996
0.114135
0.157252
0.287363
0.130042
0.165051
0.325837
0.309239
0.145203
0.471083
0.033103
0.562919
0.098100
0.047116
0.240691
0.286351
0.145259
0.224567
0.218797
0.167052
0.122481
0.409060
0.027486
0.150395
0.009309
0.094902
0.130153
0.383239
0.149462
0.292392
0.294062
0.572904
0.301313
0.198738
0.212898
0.010557
0.170178
0.077206
0.327114
0.338155
0.082917
0.430075
0.182374
0.209130
0.042491
0.175651
0.065091
0.308151
0.318939
0.656586
0.076546
0.311049
0.289101
0.206437
0.018234
0.632904
0.013813
0.156833
0.048025
0.050208
0.323919
0.312226
0.052614
0.122312
0.104793
0.293912
0.085570
0.553505
0.146990
0.356940
0.386379
0.038029
0.379281
0.189221
0.444170
0.011209
0.078577
0.098945
0.180839
0.059159
0.301015
0.044866
0.326971
0.110438
0.447379
0.217692
0.402677
0.274136
0.368610
0.426319
0.398694
0.049396
0.065166
0.180330
0.198986
0.078013
0.293753
0.289376
0.143644
0.008503
0.028933
0.115308
0.264213
0.273340
0.162649
0.357060
0.215398
0.038832
0.510860
0.268169
0.259057
0.027922
0.043514
0.391378
0.372746
0.297213
0.323202
0.359759
0.296676
0.060006
0.514800
0.284329
0.414456
0.212003
0.139609
0.486157
0.302283
0.319993
0.102834
0.041587
0.160833
0.241913
0.038197
0.538380
0.082235
0.486627
0.537545
0.043132
0.520105
0.113562
0.043615
0.326838
0.274142
0.383973
0.130890
0.246319
0.044778
0.095930
0.276931
0.544262
0.381740
0.259263
0.320822
0.206161
0.699166
0.239556
0.172849
0.156847
0.524210
0.012625
0.168940
0.181245
0.415057
0.382577
0.220735
0.233902
0.019476
0.302870
0.221556
0.074054
0.207699
0.587380
0.292641
0.015743
0.055019
0.219932
0.078864
0.606869
0.169495
0.057946
0.399290
0.402755
0.050855
0.409860
0.255384
0.480991
0.635332
0.115850
0.378972
0.217073
0.414110
0.451439
0.020714
0.045887
0.203875
0.269707
0.060878
0.326927
0.098546
0.239724
0.370252
0.248382
0.148890
0.122606
0.128845
0.359074
0.095352
0.038755
0.343841
0.112897
0.455120
0.087150
0.091533
0.285655
0.686612
0.256569
0.172113
0.406370
0.356697
0.687474
0.166254
0.157276
0.165466
0.134727
0.482543
0.264725
0.105283
0.395607
0.029222
0.214076
0.500359
0.260564
0.406751
0.345719
0.246769
0.022676
0.127828
0.282651
0.449151
0.517240
0.197592
0.316916
0.216057
0.058896
0.506746
0.433881
0.392060
0.011305
0.250623
0.496949
0.002013
0.025669
0.189762
0.179298
0.242526
0.003078
0.039951
0.043409
0.122547
0.171887
0.012382
0.657996
0.186909
0.279883
0.016279
0.412151
0.640535
0.249555
0.280912
0.192626
0.135029
0.092425
0.124173
0.390780
0.260220
0.219296
0.126540
0.184778
0.506187
0.564403
0.155118
0.158762
0.011005
0.174311
0.236152
0.158944
0.452783
0.118019
0.314631
0.415814
0.147182
0.164310
0.395536
0.259687
0.207780
0.110001
0.217181
0.102165
0.286557
0.194069
0.419665
0.376206
0.236984
0.380638
0.093190
0.116123
0.278772
0.427324
0.054717
0.179838
0.357125
0.019068
0.575947
0.163407
0.156913
0.050690
0.451356
0.472730
0.587267
0.239788
0.335268
0.334780
0.303728
0.081425
0.015682
0.412153
0.010938
0.352166
0.468993
0.303937
0.125755
0.094211
0.258080
0.139155
0.203921
0.323907
0.315502
0.138533
0.331956
0.076295
0.408640
0.357187
0.018349
0.164801
0.023045
0.252615
0.411368
0.219945
0.264250
0.168902
0.564325
0.508588
0.280541
0.607814
0.530789
0.037394
0.045727
0.320280
0.199388
0.230781
0.385208
0.113593
0.468573
0.429878
0.084415
0.337086
0.071565
0.144775
0.106428
0.228153
0.258914
0.297690
0.153924
0.077175
0.132559
0.030539
0.506911
0.478109
0.085909
0.523365
0.029236
0.234257
0.230019
0.520878
0.223991
0.350008
0.021229
0.149822
0.261938
0.080142
0.109221
0.011724
0.207944
0.164779
0.091296
0.406753
0.145140
0.051435
0.461664
0.189372
0.276218
0.409739
0.278572
0.415280
0.265912
0.298051
0.091053
0.127390
0.366402
0.233543
0.183654
0.096824
0.394152
0.307513
0.195050
0.241365
0.077419
0.287305
0.015435
0.036154
0.266947
0.120968
0.518174
0.039033
0.001066
0.392727
0.360295
0.102029
0.255011
0.640582
0.202134
0.201638
0.012075
0.397495
0.596569
0.249640
0.614426
0.036192
0.013393
0.464712
0.331293
0.103930
0.185119
0.118417
0.451477
0.134981
0.220766
0.346778
0.066962
0.501922
0.412051
0.366790
0.103917
0.235421
0.019165
0.243253
0.137833
0.167500
0.134513
0.453965
0.121961
0.110652
0.215955
0.212734
0.225428
0.114078
0.234085
0.301189
0.420352
0.263829
0.564440
0.234991
0.318607
0.191879
0.210217
0.255661
0.085138
0.042108
0.368926
0.273619
0.010287
0.327482
0.338730
0.115401
0.278327
0.235910
0.339846
0.256718
0.359286
0.019839
0.483902
0.102666
0.117302
0.089153
0.283595
0.562209
0.420707
0.017643
0.424646
0.221055
0.002149
0.467528
0.035220
0.058555
0.211087
0.145635
0.289871
0.197461
0.064498
0.070400
0.259254
0.251706
0.334572
0.070418
0.231993
0.153383
0.020255
0.001261
0.375180
0.491525
0.211567
0.294193
0.161057
0.340107
0.248377
0.237825
0.253883
0.156630
0.201506
0.124249
0.154590
0.620428
0.135584
0.100594
0.042496
0.469047
0.044467
0.187466
0.073091
0.077979
0.297776
0.044527
0.383096
0.181053
0.219374
0.262238
0.356612
0.478504
0.295637
0.575890
0.059529
0.218132
0.376002
0.476451
0.165488
0.081286
0.250960
0.327445
0.654298
0.439652
0.238763
0.551037
0.238581
0.466701
0.042617
0.453229
0.266082
0.040981
0.375038
0.356347
0.091084
0.234668
0.039849
0.430601
0.141218
0.053911
0.238358
0.228213
0.047111
0.467415
0.254804
0.212811
0.300095
0.388112
0.382895
0.285659
0.452906
0.307342
0.075024
0.284894
0.319351
0.159636
0.225596
0.331388
0.044096
0.180613
0.033322
0.098696
0.378385
0.321863
0.454645
0.041329
0.071361
0.157717
0.402136
0.023011
0.566640
0.021923
0.418388
0.169425
0.272334
0.074859
0.518404
0.469389
0.375964
0.249877
0.039034
0.011198
0.028965
0.366232
0.407773
0.126274
0.056671
0.206209
0.047364
0.084049
0.076874
0.099142
0.113866
0.174633
0.077688
0.109193
0.001233
0.405861
0.064404
0.236039
0.393881
0.101587
0.376185
0.363654
0.021270
0.216484
0.630688
0.002886
0.403397
0.305518
0.276671
0.305651
0.324185
0.340791
0.428712
0.205078
0.267457
0.103092
0.403689
0.528037
0.148632
0.083507
0.028972
0.147763
0.147566
0.095097
0.196169
0.067029
0.065207
0.356088
0.054839
0.325535
0.451901
0.244456
0.731252
0.279908
0.283205
0.123381
0.187085
0.176960
0.129990
0.211582
0.083992
0.197306
0.551508
0.428502
0.529471
0.467783
0.515996
0.448548
0.357196
0.084214
0.081501
0.413801
0.193331
0.181510
0.088604
0.490935
0.425663
0.136553
0.145125
0.486047
0.387809
0.226923
0.334546
0.325230
0.169943
0.146288
0.309966
0.126176
0.376324
0.482962
0.387125
0.004560
0.123702
0.043742
0.257374
0.043035
0.467189
0.042917
0.108031
0.179973
0.323014
0.446237
0.441517
0.298042
0.204734
0.072841
0.131679
0.197857
0.273930
0.049491
0.281400
0.511559
0.175765
0.614306
0.342406
0.574245
0.321103
0.475997
0.160718
0.102890
0.206391
0.115613
0.162952
0.130474
0.126310
0.132920
0.156925
0.335047
0.284731
0.328292
0.559725
0.301230
0.033446
0.250572
0.008855
0.081722
0.194374
0.449395
0.221077
0.225017
0.210622
0.053505
0.166507
0.106058
0.229006
0.107116
0.655903
0.024289
0.282233
0.005914
0.181813
0.100731
0.113987
0.250708
0.490075
0.694636
0.382497
0.278945
0.121132
0.315946
0.265480
0.426948
0.450253
0.592488
0.345598
0.563767
0.129377
0.061365
0.174092
0.028422
0.292588
0.032396
0.139712
0.374277
0.037854
0.258934
0.577336
0.216950
0.086020
0.191818
0.593033
0.341276
0.235352
0.468403
0.041166
0.074456
0.299719
0.059852
0.002109
0.049116
0.083685
0.137271
0.081841
0.079389
0.603075
0.056162
0.441352
0.425377
0.096176
0.125244
0.551019
0.230924
0.296122
0.375163
0.431660
0.184865
0.472570
0.097254
0.223011
0.145586
0.098015
0.412465
0.000109
0.439489
0.325035
0.363775
0.063468
0.355214
0.340963
0.325298
0.224686
0.122615
0.007490
0.501312
0.053739
0.168726
0.329398
0.399168
0.045231
0.087070
0.096080
0.115513
0.009873
0.641029
0.245529
0.213852
0.207179
0.681512
0.244506
0.114738
0.512674
0.221704
0.180140
0.066203
0.088190
0.119290
0.315377
0.477620
0.140532
0.091892
0.144716
0.522084
0.553854
0.055841
0.308098
0.194116
0.128677
0.049774
0.077024
0.054481
0.528350
0.218352
0.169742
0.371884
0.164347
0.278201
0.361688
0.141477
0.000598
0.399148
0.163748
0.276473
0.266978
0.139124
0.028623
0.001603
0.281753
0.043149
0.051513
0.355619
0.404121
0.092927
0.107128
0.286321
0.291645
0.059721
0.158239
0.283371
0.026115
0.441723
0.291681
0.403202
0.080643
0.094762
0.365747
0.104247
0.012954
0.682987
0.463791
0.024327
0.439628
0.149014
0.331158
0.493708
0.423195
0.108572
0.234074
0.191699
0.181843
0.031509
0.051806
0.069694
0.394979
0.108039
0.248357
0.016599
0.401216
0.195730
0.368378
0.326842
0.191940
0.072632
0.017041
0.168396
0.097675
0.279836
0.052473
0.116463
0.013984
0.064978
0.431195
0.352837
0.135904
0.485573
0.371984
0.085211
0.295811
0.316640
0.138731
0.011143
0.096230
0.655074
0.349438
0.218070
0.105048
0.074032
0.354242
0.195734
0.090850
0.608557
0.457915
0.040427
0.781618
0.156960
0.482775
0.039466
0.120678
0.172895
0.087567
0.058235
0.555888
0.291989
0.179156
0.360315
0.492519
0.228005
0.144484
0.264819
0.315486
0.027868
0.230498
0.597465
0.573687
0.176534
0.279772
0.275788
0.240359
0.413929
0.378495
0.030949
0.292531
0.237963
0.289003
0.033821
0.385019
0.193755
0.161994
0.016186
0.213309
0.227415
0.255651
0.019794
0.299592
0.138476
0.303613
0.196317
0.177276
0.443787
0.531116
0.530357
0.025600
0.249142
0.022941
0.723650
0.328677
0.454371
0.046539
0.294672
0.463850
0.392296
0.131497
0.085253
0.037343
0.227297
0.170789
0.337310
0.057127
0.002359
0.041356
0.185642
0.034906
0.322303
0.003761
0.355226
0.201022
0.079437
0.095329
0.501938
0.192351
0.447939
0.335898
0.291317
0.480486
0.086413
0.308428
0.047608
0.012755
0.184932
0.218326
0.124704
0.134600
0.080815
0.101804
0.001316
0.359098
0.275900
0.295119
0.311975
0.402562
0.040314
0.452112
0.430165
0.032267
0.258810
0.021839
0.286911
0.292596
0.453822
0.333567
0.228149
0.032694
0.699684
0.260762
0.246915
0.043298
0.345154
0.190862
0.218922
0.183347
0.406184
0.062779
0.460893
0.011039
0.475197
0.050194
0.069813
0.314895
0.338243
0.215876
0.220719
0.150164
0.064229
0.217254
0.470984
0.050747
0.180587
0.029157
0.085861
0.128575
0.215455
0.076171
0.211906
0.359238
0.444756
0.246426
0.265909
0.192893
0.005444
0.186225
0.096441
0.377807
0.229524
0.087869
0.537285
0.183662
0.266707
0.104285
0.075704
0.064813
0.437268
0.398184
0.608607
0.181369
0.452621
0.282192
0.408069
0.007196
0.670601
0.050419
0.342552
0.041632
0.060001
0.374381
0.286572
0.250583
0.174366
0.027911
0.336869
0.136599
0.465973
0.104336
0.505973
0.384894
0.133171
0.362797
0.197210
0.502585
0.020851
0.079867
0.076246
0.222801
0.053910
0.282423
0.133557
0.232620
0.109239
0.422294
0.069075
0.289670
0.116015
0.384247
0.356602
0.303053
0.055766
0.184052
0.251992
0.190652
0.069171
0.255785
0.340475
0.054731
0.105723
0.032368
0.209976
0.191431
0.030462
0.096860
0.317350
0.215026
0.181276
0.525046
0.192893
0.214530
0.075666
0.240365
0.520159
0.430804
0.388007
0.107404
0.418554
0.352377
0.150216
0.375479
0.257566
0.369534
0.271450
0.062793
0.484932
0.200915
0.496435
0.038364
0.081065
0.169629
0.350507
0.000027
0.520948
0.156636
0.330123
0.498920
0.034038
0.551356
0.011375
0.049494
0.288074
0.385936
0.352713
0.026050
0.237135
0.112086
0.258408
0.350436
0.644079
0.378997
0.316846
0.382857
0.226070
0.583980
0.121956
0.044805
0.172224
0.534037
0.047273
0.209850
0.084548
0.409231
0.407782
0.184757
0.260055
0.041008
0.191145
0.313581
0.199698
0.205392
0.578395
0.351197
0.018172
0.098659
0.265609
0.228677
0.541371
0.179767
0.010951
0.256900
0.435971
0.062123
0.479619
0.198408
0.364506
0.475170
0.030284
0.451540
0.265874
0.402385
0.234609
0.118894
0.087570
0.263117
0.312826
0.160117
0.261578
0.153093
0.205320
0.288341
0.179205
0.100550
0.121911
0.023476
0.465087
0.148531
0.023050
0.288077
0.127633
0.528125
0.145773
0.011235
0.333700
0.750893
0.214052
0.180980
0.419806
0.363127
0.704377
0.046043
0.201440
0.382516
0.101049
0.351772
0.348881
0.165490
0.306024
0.095404
0.157479
0.509822
0.218952
0.404200
0.293814
0.094439
0.004292
0.050715
0.281380
0.303351
0.489283
0.277295
0.271655
0.210988
0.045104
0.585384
0.390162
0.277916
0.044749
0.427732
0.388600
0.027396
0.078747
0.249572
0.241491
0.144836
0.076030
0.018726
0.141801
0.026796
0.238141
0.027304
0.648758
0.134388
0.278440
0.013212
0.497738
0.625688
0.285046
0.229644
0.049615
0.248469
0.128626
0.100376
0.269051
0.324046
0.176365
0.056467
0.171716
0.509332
0.471010
0.254244
0.069204
0.031497
0.257367
0.299915
0.174292
0.478968
0.217435
0.272293
0.401655
0.233245
0.175839
0.355840
0.211242
0.178836
0.061111
0.141361
0.088538
0.246536
0.159007
0.364993
0.495082
0.388540
0.268416
0.060177
0.028328
0.299006
0.380574
0.023249
0.068720
0.373832
0.070187
0.567310
0.208302
0.105677
0.069935
0.328746
0.462046
0.637268
0.242446
0.310906
0.455678
0.298451
0.150377
0.040321
0.430900
0.002828
0.279251
0.420644
0.392049
0.081475
0.155595
0.289599
0.155381
0.216405
0.151965
0.323810
0.247916
0.369284
0.040494
0.351214
0.304418
0.149126
0.118692
0.145640
0.232656
0.377207
0.286007
0.287494
0.005533
0.534280
0.491912
0.344646
0.349502
0.571513
0.028492
0.053478
0.328913
0.225383
0.282846
0.350696
0.094838
0.302986
0.419742
0.122843
0.390460
0.051125
0.137689
0.226285
0.077220
0.234235
0.315391
0.070657
0.091491
0.257233
0.010017
0.387812
0.412034
0.121331
0.420576
0.047852
0.358292
0.154605
0.511142
0.212066
0.418211
0.061311
0.025393
0.323802
0.047721
0.130290
0.043833
0.251503
0.126032
0.139607
0.415233
0.265448
0.022933
0.471415
0.196374
0.320286
0.385665
0.358939
0.361887
0.262090
0.129495
0.201405
0.079788
0.454681
0.203719
0.283368
0.016150
0.189426
0.295171
0.114164
0.324861
0.229655
0.287765
0.131159
0.057406
0.359873
0.208461
0.483939
0.022822
0.023675
0.359754
0.272298
0.000490
0.276453
0.708256
0.204406
0.035567
0.104876
0.328478
0.577787
0.235508
0.580226
0.219915
0.110283
0.439838
0.240063
0.031704
0.111133
0.154751
0.559194
0.064137
0.276703
0.145597
0.107066
0.675822
0.348012
0.285207
0.127731
0.290898
0.107091
0.185408
0.302863
0.331734
0.087004
0.438102
0.046181
0.170842
0.190872
0.296522
0.134507
0.002013
0.281543
0.203486
0.235171
0.272668
0.611494
0.258184
0.235273
0.192282
0.275776
0.152449
0.162592
0.008452
0.240928
0.175487
0.002381
0.384214
0.222338
0.080827
0.168559
0.116139
0.327162
0.280165
0.354528
0.082782
0.466211
0.000566
0.248983
0.193323
0.285817
0.492104
0.470531
0.061946
0.439919
0.145808
0.032073
0.454336
0.025517
0.011809
0.207060
0.093033
0.220776
0.179804
0.138143
0.114303
0.375860
0.150066
0.388199
0.028793
0.084609
0.128030
0.194222
0.128944
0.328907
0.299786
0.020903
0.335283
0.061109
0.392399
0.356638
0.218897
0.279509
0.214758
0.123246
0.048649
0.145368
0.529172
0.246376
0.066777
0.119427
0.409319
0.057206
0.196606
0.099831
0.113007
0.192398
0.096859
0.449276
0.238229
0.275233
0.196225
0.364954
0.502542
0.217876
0.508309
0.094048
0.116549
0.449782
0.401401
0.256203
0.143830
0.148805
0.372179
0.651159
0.428911
0.121569
0.371844
0.272443
0.490058
0.093218
0.641106
0.242470
0.108329
0.166117
0.315280
0.172949
0.117991
0.149552
0.228693
0.149588
0.168076
0.248869
0.199708
0.099923
0.470617
0.262398
0.163742
0.228210
0.463832
0.415914
0.223825
0.469952
0.228926
0.074116
0.300811
0.188436
0.080501
0.137152
0.368318
0.040709
0.104267
0.124394
0.092519
0.262141
0.390621
0.450488
0.087915
0.141695
0.248782
0.646502
0.245985
0.693116
0.060856
0.421260
0.044567
0.129762
0.021683
0.343914
0.495596
0.367581
0.265213
0.032407
0.048985
0.032585
0.477157
0.412951
0.013222
0.016147
0.245835
0.066600
0.179369
0.059908
0.011853
0.172721
0.044925
0.045707
0.009851
0.017795
0.301756
0.005347
0.340734
0.437507
0.232280
0.374335
0.253749
0.236497
0.255264
0.559073
0.129101
0.380869
0.340825
0.375168
0.239603
0.475889
0.378074
0.438677
0.035657
0.192203
0.218744
0.362858
0.398375
0.065246
0.079805
0.026449
0.236421
0.246407
0.191861
0.183935
0.100159
0.034284
0.368632
0.132140
0.495215
0.441598
0.009011
0.595868
0.332472
0.291892
0.131569
0.101646
0.234603
0.195291
0.248297
0.008018
0.201940
0.555676
0.467217
0.470447
0.549732
0.640651
0.329425
0.431323
0.107493
0.071884
0.364011
0.157608
0.092705
0.053323
0.555772
0.400321
0.305149
0.208010
0.367845
0.460182
0.183952
0.270327
0.291251
0.197748
0.178373
0.251723
0.035085
0.363970
0.533480
0.407877
0.048491
0.169053
0.131986
0.317922
0.073831
0.481788
0.102073
0.177830
0.328676
0.241007
0.458741
0.384601
0.346702
0.172933
0.151432
0.012045
0.109004
0.140215
0.040539
0.316437
0.533575
0.035333
0.611541
0.202206
0.568114
0.324458
0.331299
0.077315
0.204086
0.303171
0.184979
0.339415
0.138262
0.139336
0.060175
0.049174
0.039874
0.155880
0.186786
0.535904
0.311054
0.114038
0.249724
0.078965
0.007946
0.184858
0.485280
0.299439
0.134504
0.222581
0.023226
0.126555
0.099117
0.322079
0.023327
0.443426
0.020067
0.304654
0.096475
0.129846
0.069700
0.090114
0.133771
0.434918
0.678451
0.400241
0.246796
0.105592
0.333202
0.265016
0.401638
0.435604
0.676478
0.336046
0.579301
0.100155
0.028018
0.190015
0.028378
0.369601
0.131746
0.133005
0.327747
0.131363
0.223677
0.429943
0.171468
0.072307
0.146778
0.552941
0.323977
0.317322
0.248591
0.024635
0.049523
0.242321
0.210698
0.121864
0.006414
0.066605
0.160694
0.027250
0.243977
0.616585
0.237580
0.430902
0.396184
0.155338
0.155921
0.495698
0.183992
0.417909
0.345018
0.502447
0.172871
0.453560
0.092089
0.130490
0.075393
0.085477
0.469171
0.019828
0.633819
0.259288
0.369565
0.088842
0.285615
0.269352
0.394695
0.274765
0.076801
0.085762
0.543187
0.068120
0.301532
0.346292
0.470106
0.097480
0.126133
0.060560
0.017933
0.011762
0.565832
0.270457
0.180518
0.167424
0.515885
0.277935
0.093146
0.555526
0.271664
0.244524
0.073411
0.029396
0.049632
0.327282
0.430823
0.063486
0.045541
0.202626
0.378858
0.615539
0.160186
0.375074
0.017476
0.206028
0.119136
0.085641
0.068058
0.532278
0.220532
0.144863
0.332090
0.119835
0.301467
0.265885
0.087253
0.003859
0.201658
0.098185
0.216894
0.116936
0.054472
0.076344
0.038276
0.437762
0.183134
0.024247
0.352944
0.453606
0.098008
0.030218
0.350557
0.322357
0.093733
0.071390
0.269310
0.037914
0.304731
0.481440
0.561804
0.129078
0.055245
0.362374
0.024832
0.081445
0.676400
0.417549
0.007127
0.368810
0.042113
0.266861
0.525832
0.518529
0.010921
0.168158
0.232445
0.084188
0.088611
0.015356
0.186521
0.501348
0.200722
0.167023
0.101405
0.477934
0.059184
0.520766
0.314967
0.263785
0.080584
0.025024
0.323233
0.005202
0.412397
0.021387
0.159471
0.135943
0.010490
0.378554
0.449846
0.161146
0.308399
0.357677
0.083478
0.387886
0.358048
0.119243
0.058067
0.035347
0.513358
0.241086
0.225088
0.047075
0.012889
0.347236
0.001703
0.141023
0.689584
0.511646
0.123238
0.790303
0.149736
0.408897
0.177395
0.158402
0.245291
0.151229
0.063337
0.515392
0.172992
0.178125
0.390567
0.483777
0.281956
0.159211
0.328863
0.233532
0.048384
0.183836
0.505539
0.571892
0.183520
0.232772
0.277509
0.418343
0.341139
0.302257
0.007841
0.349892
0.288054
0.268971
0.162035
0.376913
0.189091
0.128148
0.039309
0.226299
0.082266
0.155758
0.066117
0.282741
0.175507
0.263095
0.078760
0.173683
0.412634
0.393372
0.350356
0.015044
0.347764
0.025717
0.597527
0.311666
0.452285
0.021467
0.223766
0.490186
0.405257
0.104784
0.166880
0.265740
0.215201
0.221261
0.495339
0.047470
0.065830
0.015388
0.035316
0.016797
0.138942
0.074398
0.357942
0.218936
0.212692
0.086371
0.501162
0.278236
0.518152
0.375991
0.189758
0.409393
0.115484
0.258231
0.179710
0.100130
0.031857
0.201013
0.041021
0.186863
0.317686
0.373759
0.160607
0.373322
0.378473
0.423426
0.264768
0.430504
0.018991
0.467033
0.465399
0.098997
0.340514
0.102283
0.314319
0.144062
0.559729
0.316833
0.078033
0.060913
0.643937
0.331985
0.327586
0.031370
0.429510
0.224156
0.253914
0.053018
0.485605
0.033493
0.461368
0.040544
0.333697
0.029559
0.036208
0.408264
0.385776
0.234566
0.156365
0.071300
0.020096
0.302969
0.463061
0.162407
0.193537
0.003522
0.101276
0.152287
0.025823
0.044713
0.139590
0.415521
0.318463
0.216701
0.276820
0.197504
0.063738
0.251843
0.137863
0.326062
0.097302
0.193875
0.598742
0.211461
0.324419
0.175943
0.008277
0.051321
0.534454
0.454678
0.502336
0.284702
0.516543
0.242488
0.554123
0.008944
0.639344
0.085406
0.435048
0.064993
0.106226
0.371620
0.187486
0.371760
0.223343
0.096303
0.431524
0.128111
0.347520
0.420851
0.594477
0.400634
0.147858
0.384051
0.199722
0.413878
0.004464
0.033503
0.071446
0.234328
0.066107
0.238448
0.342455
0.129133
0.076372
0.408914
0.135938
0.197394
0.032131
0.462747
0.240483
0.226458
0.207764
0.312444
0.316016
0.146777
0.080791
0.258765
0.412030
0.061871
0.177136
0.001971
0.341374
0.080797
0.173171
0.087931
0.249170
0.199570
0.305679
0.522969
0.129000
0.127991
0.178315
0.380995
0.570572
0.433765
0.391594
0.127797
0.516939
0.309576
0.397566
0.144201
0.208448
0.455478
0.351469
0.282658
0.435090
0.082684
0.604993
0.166288
0.064935
0.195722
0.420834
0.019037
0.382822
0.230125
0.172731
0.304769
0.022150
0.519188
0.150651
0.011977
0.229970
0.497314
0.284411
0.028026
0.260931
0.153604
0.252133
0.357527
0.700810
0.367709
0.386968
0.466183
0.224539
0.393003
0.048250
0.289180
0.203840
0.461411
0.003069
0.228620
0.023152
0.361357
0.389778
0.150597
0.302744
0.096897
0.099052
0.250616
0.310126
0.242729
0.537069
0.376466
0.044063
0.110016
0.253874
0.410342
0.432121
0.155257
0.044472
0.061713
0.499888
0.121913
0.483074
0.134147
0.268334
0.342038
0.020010
0.429640
0.248023
0.353027
0.070318
0.137729
0.222488
0.303808
0.298266
0.222768
0.240488
0.160120
0.217110
0.237051
0.089528
0.028548
0.131024
0.139987
0.521928
0.277899
0.022427
0.246793
0.092905
0.581817
0.259918
0.022463
0.299596
0.731459
0.135248
0.224078
0.426227
0.332740
0.645319
0.107942
0.230929
0.605877
0.108037
0.181289
0.409247
0.253677
0.129813
0.170056
0.096006
0.467526
0.118285
0.427306
0.324987
0.069913
0.074400
0.053346
0.252238
0.195671
0.379480
0.345913
0.245696
0.165721
0.014447
0.534754
0.286858
0.156399
0.036935
0.613155
0.243915
0.044249
0.180937
0.300015
0.298846
0.053295
0.125316
0.012800
0.138531
0.028054
0.289075
0.030144
0.454617
0.027704
0.277899
0.045601
0.610805
0.508956
0.357775
0.200065
0.029772
0.335681
0.154266
0.026317
0.147863
0.356720
0.167231
0.013215
0.146775
0.501839
0.286350
0.312236
0.003670
0.054482
0.358755
0.268684
0.215846
0.429313
0.239496
0.222571
0.399217
0.243496
0.257783
0.384120
0.100265
0.105790
0.048267
0.061884
0.134793
0.214069
0.190380
0.296750
0.578577
0.479307
0.097290
0.026458
0.044733
0.313844
0.351505
0.049290
0.003325
0.404317
0.073076
0.519714
0.178755
0.069369
0.183373
0.220295
0.361125
0.535530
0.332754
0.226604
0.461757
0.311616
0.169838
0.111358
0.377676
0.042108
0.249043
0.315190
0.430591
0.013719
0.198025
0.295671
0.137473
0.261133
0.017783
0.322549
0.312680
0.318424
0.000210
0.225436
0.274937
0.332629
0.145157
0.240411
0.207793
0.270705
0.256242
0.317391
0.187176
0.446257
0.345509
0.368031
0.025891
0.501257
0.079518
0.205542
0.373787
0.235292
0.373654
0.284427
0.129455
0.119416
0.415167
0.132272
0.384251
0.174138
0.159998
0.261562
0.066281
0.304989
0.378809
0.061655
0.100019
0.342758
0.055773
0.227036
0.332252
0.156321
0.321133
0.054001
0.376583
0.074872
0.494321
0.194027
0.441211
0.098871
0.173911
0.387903
0.062141
0.194162
0.063932
0.262468
0.064214
0.169362
0.428059
0.213351
0.015288
0.438037
0.120622
0.282470
0.315796
0.432901
0.324515
0.263056
0.001912
0.268191
0.128339
0.445040
0.182222
0.340864
0.001131
0.032722
0.238865
0.043363
0.420200
0.371032
0.333408
0.285591
0.168254
0.404048
0.306787
0.414981
0.010459
0.039995
0.336880
0.224013
0.135033
0.327902
0.603118
0.281506
0.114042
0.231592
0.261990
0.452002
0.194744
0.446511
0.350317
0.180704
0.354503
0.115817
0.065365
0.089519
0.150370
0.573153
0.067480
0.361574
0.050101
0.110531
0.698355
0.257543
0.271013
0.237793
0.267908
0.168539
0.097675
0.480437
0.394686
0.034722
0.427850
0.031997
0.252492
0.236117
0.395421
0.045552
0.087878
0.271181
0.106970
0.116083
0.251687
0.605704
0.247882
0.154522
0.175323
0.387588
0.112488
0.163811
0.092054
0.107120
0.059192
0.036856
0.378069
0.099601
0.104940
0.070837
0.061820
0.313278
0.328684
0.333282
0.157684
0.346921
0.073757
0.355941
0.284071
0.252748
0.370896
0.457525
0.068453
0.403931
0.155869
0.116531
0.415973
0.042629
0.030415
0.169210
0.085407
0.148333
0.186881
0.224265
0.120307
0.472847
0.145283
0.362821
0.040460
0.080214
0.152228
0.281914
0.288122
0.289729
0.129828
0.121809
0.303889
0.017884
0.398222
0.389620
0.207081
0.250187
0.241152
0.027439
0.004075
0.114216
0.397111
0.245772
0.041790
0.173059
0.281729
0.029395
0.217324
0.158873
0.097581
0.090819
0.129560
0.538657
0.260936
0.350056
0.112091
0.368440
0.431791
0.145565
0.359181
0.061448
0.027692
0.445169
0.317885
0.294204
0.176061
0.106535
0.368523
0.569086
0.469491
0.088766
0.156607
0.260850
0.427654
0.183070
0.725514
0.153187
0.098016
0.055468
0.229084
0.206203
0.054253
0.287759
0.099411
0.197089
0.294404
0.243754
0.135116
0.195901
0.413437
0.261365
0.145083
0.089542
0.539624
0.399585
0.073935
0.558240
0.144171
0.049828
0.283341
0.102894
0.039528
0.033533
0.438204
0.137436
0.068166
0.153919
0.132250
0.172796
0.415223
0.412445
0.194737
0.189331
0.329979
0.726593
0.428306
0.741830
0.225272
0.437426
0.072554
0.022012
0.006873
0.199455
0.359817
0.332936
0.266019
0.133848
0.044579
0.046720
0.431404
0.411677
0.084934
0.116614
0.248712
0.038432
0.269720
0.080259
0.071330
0.242022
0.078617
0.156777
0.072071
0.048480
0.201732
0.011483
0.327459
0.481149
0.360819
0.373536
0.143628
0.431979
0.345745
0.403837
0.211365
0.326213
0.327331
0.409535
0.148172
0.550446
0.382573
0.430016
0.264806
0.154776
0.312372
0.345539
0.179940
0.009220
0.100951
0.057109
0.334522
0.381063
0.250172
0.240993
0.208387
0.037404
0.218462
0.230761
0.550367
0.340086
0.202140
0.418307
0.252638
0.318039
0.128174
0.034668
0.236786
0.281067
0.301423
0.034847
0.152537
0.539518
0.461386
0.413494
0.550866
0.591329
0.127628
0.515801
0.117002
0.091678
0.245773
0.093162
0.030606
0.006401
0.480135
0.331389
0.386505
0.309663
0.258045
0.494056
0.111868
0.183322
0.308329
0.257430
0.153420
0.246258
0.003951
0.270389
0.526313
0.379294
0.134427
0.189760
0.075402
0.325067
0.081235
0.526170
0.113390
0.240431
0.544081
0.251447
0.421459
0.347045
0.370956
0.181210
0.196789
0.133576
0.057168
0.025799
0.082390
0.278022
0.459405
0.087655
0.574845
0.082764
0.485615
0.286041
0.166270
0.026450
0.355378
0.354791
0.179331
0.488731
0.131140
0.179679
0.027979
0.029331
0.239245
0.009762
0.053860
0.537698
0.319720
0.206501
0.175294
0.089568
0.101625
0.184517
0.447082
0.389892
0.028368
0.190472
0.033575
0.084489
0.307037
0.337051
0.071670
0.155863
0.132202
0.374952
0.178950
0.008473
0.028871
0.014256
0.012596
0.361831
0.517611
0.334491
0.235595
0.162845
0.382011
0.154506
0.327955
0.388520
0.622036
0.288402
0.567185
0.166464
0.046145
0.253114
0.143217
0.437633
0.108724
0.129537
0.325502
0.165661
0.139357
0.238597
0.107083
0.113339
0.075506
0.577664
0.366070
0.458829
0.015411
0.138452
0.164327
0.256358
0.305820
0.213916
0.075863
0.067814
0.161986
0.033145
0.396653
0.547079
0.282419
0.353865
0.270349
0.180912
0.245177
0.392328
0.114210
0.479889
0.373413
0.522807
0.141464
0.349591
0.107521
0.054285
0.018617
0.061080
0.538376
0.011469
0.611848
0.166279
0.315973
0.134424
0.199443
0.178709
0.481125
0.346597
0.069862
0.189714
0.500927
0.104650
0.416135
0.325453
0.484751
0.117947
0.155788
0.085548
0.032246
0.003876
0.461953
0.243161
0.157535
0.194202
0.416845
0.291783
0.093931
0.541876
0.341282
0.313858
0.072316
0.045451
0.177106
0.258825
0.362398
0.008126
0.009457
0.240549
0.268964
0.597550
0.338758
0.386938
0.098701
0.262211
0.112881
0.151855
0.092150
0.519009
0.190217
0.160470
0.268738
0.017436
0.297164
0.227407
0.005466
0.034585
0.029559
0.015922
0.212663
0.014015
0.207566
0.137397
0.146622
0.543165
0.377064
0.014509
0.290054
0.498258
0.084850
0.168247
0.406772
0.327321
0.092004
0.025237
0.297894
0.121266
0.146699
0.579862
0.635237
0.151777
0.064373
0.304754
0.090436
0.137641
0.585754
0.281508
0.027973
0.277083
0.038582
0.205076
0.482091
0.595223
0.083647
0.099457
0.267639
0.028567
0.289392
0.035952
0.262516
0.597451
0.264620
0.054598
0.113736
0.510805
0.242986
0.617198
0.332580
0.338317
0.060185
0.013481
0.453237
0.042710
0.600769
0.141821
0.205700
0.236586
0.002762
0.343913
0.510633
0.210102
0.187597
0.247653
0.030343
0.404713
0.367748
0.159763
0.172416
0.012243
0.329879
0.077449
0.252062
0.027098
0.140934
0.318114
0.128976
0.170923
0.682319
0.472367
0.253171
0.665104
0.105805
0.290275
0.282233
0.275652
0.369130
0.181628
0.092816
0.408716
0.033675
0.109945
0.456170
0.424761
0.325303
0.155565
0.400963
0.216195
0.137280
0.076695
0.421618
0.505959
0.120821
0.229024
0.257907
0.583439
0.319626
0.294975
0.001557
0.400550
0.316883
0.213218
0.239020
0.340882
0.204667
0.169990
0.129591
0.235282
0.040047
0.049575
0.151113
0.251988
0.236454
0.222947
0.008398
0.197159
0.397354
0.340102
0.174058
0.021206
0.424780
0.087567
0.429937
0.321874
0.431897
0.028923
0.219042
0.476320
0.417503
0.095614
0.309317
0.408720
0.241168
0.286279
0.619008
0.032898
0.129889
0.057906
0.256743
0.096940
0.018630
0.101953
0.384299
0.243990
0.314773
0.058419
0.445622
0.330883
0.534878
0.423890
0.043286
0.325721
0.086411
0.245397
0.194322
0.134429
0.130784
0.209334
0.182245
0.270798
0.479102
0.603890
0.266919
0.361260
0.405783
0.519935
0.229443
0.398109
0.060203
0.406759
0.470490
0.205433
0.444745
0.148043
0.300159
0.015573
0.539152
0.330556
0.035046
0.158797
0.484261
0.403238
0.411237
0.039056
0.495368
0.180946
0.313677
0.041589
0.558036
0.138212
0.403927
0.082868
0.160653
0.032667
0.000445
0.440794
0.404478
0.239963
0.096705
0.063854
0.012417
0.347445
0.389072
0.235128
0.190645
0.055564
0.142734
0.158542
0.109999
0.034321
0.041557
0.448582
0.169541
0.155422
0.234831
0.243288
0.110465
0.345218
0.162046
0.186754
0.008638
0.299971
0.525249
0.203718
0.379225
0.334723
0.120690
0.164712
0.496267
0.496958
0.391249
0.352413
0.520932
0.184235
0.600290
0.034161
0.523158
0.091895
0.547963
0.047221
0.099032
0.287636
0.134601
0.411257
0.294920
0.134551
0.504036
0.093168
0.207710
0.652554
0.576045
0.330634
0.181064
0.417112
0.217235
0.239659
0.104822
0.098146
0.056075
0.271418
0.123582
0.251567
0.436249
0.039332
0.055570
0.319400
0.317231
0.074967
0.128242
0.454331
0.121738
0.166924
0.381088
0.380257
0.363203
0.068606
0.101083
0.256247
0.442298
0.165181
0.205072
0.071194
0.414967
0.011617
0.370601
0.040411
0.164655
0.200883
0.351544
0.469217
0.080798
0.010229
0.275999
0.525116
0.530408
0.400267
0.289713
0.293378
0.542445
0.301553
0.494970
0.085055
0.075413
0.465224
0.364587
0.385977
0.351326
0.051771
0.649343
0.223650
0.103562
0.249479
0.462339
0.079031
0.244777
0.268072
0.035699
0.060467
0.065793
0.424626
0.254603
0.019197
0.056306
0.580127
0.210225
0.086800
0.264239
0.201751
0.247443
0.412594
0.699255
0.346685
0.445290
0.506783
0.178383
0.181690
0.148798
0.562694
0.249763
0.278985
0.127231
0.330767
0.041411
0.305530
0.374346
0.079570
0.274710
0.171435
0.061785
0.151929
0.438221
0.321752
0.388892
0.345606
0.099782
0.112562
0.146986
0.543872
0.326598
0.105989
0.103593
0.100039
0.555222
0.233613
0.435264
0.058530
0.261803
0.177701
0.093419
0.390032
0.225521
0.356515
0.016146
0.076266
0.344593
0.236811
0.241381
0.279354
0.183948
0.051160
0.214314
0.272684
0.008763
0.053374
0.174769
0.280084
0.536708
0.383294
0.026666
0.204607
0.021235
0.508537
0.302638
0.070661
0.269046
0.654901
0.019655
0.232613
0.413630
0.380708
0.489392
0.238876
0.244688
0.704126
0.129876
0.083520
0.404521
0.304592
0.051568
0.316809
0.022779
0.417508
0.061588
0.430658
0.377454
0.263470
0.136094
0.229042
0.266826
0.150560
0.318093
0.413925
0.212774
0.166181
0.078130
0.524743
0.193965
0.066724
0.012287
0.663959
0.119494
0.040345
0.220150
0.312404
0.380817
0.049263
0.131915
0.072296
0.122404
0.075915
0.329795
0.070612
0.244870
0.077864
0.288016
0.043767
0.625515
0.394437
0.434854
0.238176
0.039588
0.436336
0.131451
0.013185
0.118668
0.379608
0.087137
0.056413
0.077841
0.460952
0.130151
0.375131
0.006582
0.062077
0.438638
0.065355
0.315291
0.407748
0.253022
0.110343
0.394693
0.308223
0.302131
0.399304
0.065793
0.039242
0.172036
0.012460
0.173308
0.136284
0.180541
0.224844
0.565204
0.494058
0.069228
0.021190
0.172219
0.319604
0.248529
0.082997
0.130050
0.308119
0.079940
0.389490
0.152295
0.079763
0.202395
0.168462
0.189566
0.380856
0.407204
0.211284
0.423618
0.364370
0.133412
0.240903
0.338530
0.063445
0.250508
0.204278
0.472620
0.054920
0.204096
0.253957
0.067796
0.328622
0.051894
0.316085
0.319434
0.243837
0.002374
0.126392
0.287019
0.508139
0.168886
0.304341
0.235884
0.172252
0.153802
0.365264
0.443992
0.417159
0.209148
0.356977
0.195489
0.468592
0.148949
0.323634
0.331392
0.187909
0.444913
0.153494
0.160495
0.016669
0.407461
0.041861
0.429137
0.181882
0.224467
0.203038
0.209383
0.315736
0.380055
0.255666
0.150663
0.323270
0.187347
0.067786
0.280283
0.299617
0.250197
0.014586
0.381299
0.006188
0.374339
0.149783
0.441993
0.096662
0.312481
0.380582
0.022691
0.290144
0.071888
0.283505
0.085830
0.193760
0.393755
0.085553
0.032898
0.417847
0.027421
0.276489
0.240965
0.510715
0.269894
0.174762
0.163854
0.301440
0.121510
0.369351
0.157136
0.394848
0.014773
0.082273
0.099025
0.021138
0.434854
0.445150
0.342265
0.444274
0.269412
0.420815
0.451269
0.294175
0.084557
0.090166
0.359451
0.227720
0.288601
0.311299
0.501019
0.259982
0.256087
0.247578
0.239251
0.339946
0.188072
0.244702
0.449761
0.236424
0.314976
0.051552
0.077652
0.068443
0.157532
0.523335
0.005533
0.385278
0.216282
0.075566
0.527310
0.114239
0.210076
0.367697
0.267463
0.179842
0.013428
0.602712
0.437274
0.155998
0.451160
0.121005
0.314175
0.252522
0.464064
0.074394
0.154191
0.222825
0.013493
0.029615
0.197622
0.512271
0.260532
0.101264
0.212923
0.495470
0.163163
0.081362
0.183950
0.017635
0.066996
0.219069
0.275151
0.025031
0.195782
0.038279
0.174515
0.308813
0.283700
0.255926
0.225578
0.205906
0.019510
0.360866
0.370836
0.109681
0.287371
0.387442
0.087997
0.388363
0.163204
0.160971
0.356499
0.026142
0.089431
0.061770
0.071110
0.115615
0.249041
0.257709
0.089004
0.477383
0.186188
0.285293
0.013724
0.228352
0.222226
0.319382
0.428995
0.214293
0.022737
0.161164
0.204779
0.110295
0.320683
0.256713
0.224448
0.253147
0.248525
0.050090
0.001597
0.013097
0.242630
0.165504
0.048026
0.227130
0.078901
0.052264
0.125839
0.225876
0.008299
0.001330
0.161594
0.535902
0.221727
0.439737
0.074979
0.405632
0.347433
0.011423
0.223213
0.004248
0.020227
0.512901
0.206684
0.274925
0.203061
0.097040
0.277672
0.398105
0.488795
0.014445
0.089045
0.199925
0.326044
0.200879
0.653015
0.005522
0.205865
0.212128
0.178000
0.252319
0.025105
0.428608
0.021901
0.177004
0.389709
0.198919
0.050853
0.220325
0.331101
0.256989
0.127488
0.057989
0.499227
0.410687
0.074155
0.608248
0.064383
0.016189
0.294793
0.047764
0.233710
0.048229
0.430767
0.135334
0.075847
0.045252
0.141504
0.114574
0.428305
0.371989
0.228474
0.233626
0.329331
0.684616
0.602153
0.632873
0.350733
0.401250
0.134844
0.078538
0.024610
0.126765
0.240101
0.327278
0.266112
0.173240
0.091076
0.005980
0.271736
0.444019
0.157338
0.226451
0.291590
0.010716
0.308808
0.141667
0.141111
0.310767
0.083449
0.264407
0.186911
0.140375
0.170003
0.021904
0.321488
0.445350
0.455067
0.289886
0.063982
0.589799
0.437832
0.260897
0.238655
0.280578
0.336986
0.425939
0.049996
0.592584
0.401099
0.364832
0.442351
0.116991
0.314322
0.291070
0.004489
0.073099
0.139407
0.077404
0.343344
0.430858
0.359490
0.251660
0.288392
0.047993
0.105064
0.332096
0.492933
0.263615
0.288666
0.219880
0.104330
0.292933
0.197216
0.038493
0.223713
0.324078
0.314630
0.088967
0.079699
0.370954
0.420458
0.435681
0.542236
0.492688
0.019631
0.502548
0.077899
0.038070
0.195696
0.017922
0.010227
0.016528
0.427109
0.202663
0.454650
0.402867
0.177184
0.445932
0.080925
0.096342
0.401338
0.392510
0.104530
0.267581
0.006240
0.125537
0.445508
0.381515
0.260287
0.231483
0.008650
0.398539
0.005558
0.566406
0.160016
0.253708
0.623588
0.203999
0.421933
0.261437
0.444262
0.274750
0.232518
0.194993
0.100050
0.045075
0.150211
0.273771
0.381152
0.237792
0.518642
0.060395
0.311846
0.169601
0.078109
0.035664
0.543971
0.307254
0.148292
0.573616
0.087703
0.226731
0.053844
0.126947
0.440754
0.065859
0.260331
0.537227
0.255681
0.243012
0.067381
0.093212
0.234606
0.109805
0.403658
0.477887
0.014643
0.087302
0.181714
0.003468
0.419154
0.383907
0.176674
0.113240
0.214586
0.361231
0.294275
0.163044
0.067457
0.036282
0.072349
0.319513
0.275688
0.283118
0.240268
0.145610
0.405686
0.025994
0.250489
0.314443
0.528173
0.157031
0.496838
0.283946
0.095467
0.332331
0.280418
0.440479
0.109922
0.090090
0.301745
0.206070
0.107707
0.077194
0.091659
0.111312
0.051650
0.618847
0.349816
0.531979
0.176897
0.271826
0.182159
0.269127
0.408123
0.310716
0.118621
0.115153
0.163711
0.108876
0.499173
0.516902
0.356061
0.308873
0.106130
0.262292
0.343085
0.241408
0.022634
0.525832
0.363797
0.497993
0.063856
0.232367
0.128481
0.026997
0.030568
0.029419
0.548926
0.013737
0.478212
0.065683
0.161519
0.167922
0.169672
0.122224
0.488229
0.419096
0.102690
0.233374
0.412378
0.131859
0.490876
0.272344
0.377358
0.183484
0.202229
0.145392
0.054956
0.070575
0.298320
0.184503
0.145741
0.178249
0.353639
0.270929
0.146145
0.513214
0.378327
0.304886
0.127981
0.059479
0.199256
0.236846
0.363177
0.006483
0.060701
0.317710
0.173425
0.462922
0.395362
0.453179
0.117813
0.308603
0.062434
0.187701
0.093055
0.457601
0.172547
0.235287
0.196023
0.114416
0.309606
0.202179
0.069375
0.093216
0.107100
0.116360
0.172031
0.060476
0.354020
0.063821
0.243664
0.515308
0.581199
0.034014
0.249995
0.505065
0.022568
0.309174
0.377412
0.280950
0.056192
0.083397
0.314052
0.206340
0.023670
0.634664
0.556782
0.104941
0.086469
0.223313
0.136654
0.220100
0.428358
0.204889
0.060422
0.147156
0.098325
0.173198
0.422870
0.629783
0.162138
0.065758
0.363078
0.013705
0.464780
0.026924
0.205555
0.544523
0.324499
0.102119
0.078568
0.526064
0.334069
0.564184
0.375272
0.429257
0.001310
0.037609
0.493659
0.077565
0.710532
0.224626
0.239069
0.314822
0.019181
0.246332
0.555988
0.272240
0.084817
0.077468
0.114776
0.380122
0.349570
0.201788
0.305559
0.062461
0.180971
0.002362
0.310852
0.083698
0.195602
0.319260
0.248661
0.150987
0.541364
0.404738
0.365490
0.600694
0.116188
0.139561
0.359253
0.372833
0.486653
0.185178
0.087706
0.253270
0.009424
0.122904
0.447352
0.361906
0.334613
0.137068
0.459781
0.169549
0.230253
0.001848
0.318056
0.444597
0.020715
0.242440
0.257037
0.663374
0.292420
0.325631
0.004833
0.433105
0.272528
0.149665
0.254188
0.237906
0.170835
0.248714
0.184309
0.230586
0.118054
0.099746
0.276123
0.225975
0.269834
0.131187
0.011806
0.182648
0.335939
0.333253
0.024328
0.081539
0.524999
0.178941
0.326598
0.364161
0.415121
0.039191
0.261280
0.437758
0.445543
0.086968
0.403836
0.540532
0.274334
0.297193
0.663083
0.113075
0.237016
0.159816
0.498428
0.244801
0.091922
0.093723
0.420524
0.233148
0.363218
0.101859
0.349400
0.364486
0.520469
0.444954
0.113613
0.238334
0.102567
0.270277
0.207999
0.160356
0.245690
0.211987
0.273011
0.302749
0.578651
0.783749
0.358127
0.381820
0.297133
0.601448
0.131245
0.274453
0.185731
0.303340
0.420835
0.271869
0.519891
0.130381
0.365501
0.123105
0.468536
0.358158
0.136755
0.190057
0.244180
0.364626
0.426152
0.095230
0.535971
0.181040
0.338006
0.142579
0.532066
0.282816
0.411400
0.099884
0.100100
0.010434
0.035463
0.428408
0.397051
0.249322
0.040914
0.085700
0.137900
0.341846
0.289709
0.270597
0.192958
0.133799
0.189939
0.191269
0.150825
0.058019
0.030851
0.433888
0.005292
0.192167
0.195869
0.297595
0.208979
0.348418
0.149596
0.025481
0.045467
0.427619
0.400177
0.199184
0.446710
0.530346
0.178670
0.344713
0.389425
0.455416
0.260785
0.387082
0.479892
0.130412
0.527771
0.104427
0.412240
0.111657
0.621840
0.035156
0.058164
0.158452
0.109267
0.408489
0.395805
0.094330
0.502642
0.080255
0.015297
0.780202
0.425485
0.261873
0.149459
0.394961
0.226910
0.073585
0.257441
0.288593
0.045026
0.277765
0.204786
0.262329
0.579554
0.199309
0.033996
0.211666
0.476697
0.031697
0.152082
0.484728
0.021357
0.128202
0.526379
0.435259
0.421262
0.015504
0.055303
0.297949
0.464450
0.232769
0.162399
0.123289
0.409961
0.049725
0.425740
0.068494
0.034415
0.220081
0.332623
0.409373
0.073334
0.197524
0.335210
0.564547
0.433061
0.404463
0.176822
0.446030
0.533379
0.198348
0.464631
0.231221
0.020096
0.544056
0.362637
0.478888
0.252442
0.033744
0.573236
0.216947
0.104847
0.283475
0.470765
0.163022
0.082807
0.273432
0.237982
0.168614
0.111362
0.407167
0.360642
0.094770
0.185994
0.603875
0.179763
0.028830
0.331873
0.218241
0.164628
0.414602
0.646313
0.385332
0.479622
0.470286
0.121888
0.036497
0.188233
0.740781
0.320502
0.054781
0.161298
0.445245
0.173985
0.224876
0.354494
0.024746
0.158618
0.221302
0.066719
0.049607
0.464786
0.416894
0.244469
0.294147
0.217240
0.008562
0.061721
0.654495
0.245874
0.007885
0.160801
0.229866
0.567939
0.249616
0.371347
0.027257
0.252970
0.137821
0.107882
0.292629
0.147283
0.288284
0.016305
0.088214
0.425025
0.151126
0.230157
0.285485
0.207267
0.030107
0.298037
0.235763
0.050338
0.061235
0.229684
0.424476
0.490095
0.452766
0.016275
0.137901
0.122175
0.362345
0.353761
0.056715
0.157493
0.539770
0.148185
0.191120
0.390011
0.431771
0.297202
0.307413
0.267961
0.641345
0.153345
0.016848
0.317502
0.405333
0.199409
0.463372
0.050257
0.348823
0.000695
0.407797
0.379858
0.348909
0.268015
0.303506
0.284936
0.108770
0.234286
0.424528
0.169847
0.186692
0.140549
0.437108
0.011834
0.004311
0.093773
0.662719
0.051816
0.028621
0.255875
0.331357
0.401082
0.112051
0.239933
0.075319
0.019997
0.058108
0.318691
0.140314
0.023956
0.261237
0.352896
0.025407
0.554269
0.283234
0.541836
0.234862
0.004383
0.435405
0.085972
0.017376
0.101163
0.445687
0.083045
0.161405
0.013844
0.433386
0.052301
0.332920
0.059859
0.097729
0.427161
0.070388
0.421474
0.370182
0.224440
0.004462
0.399425
0.288645
0.361986
0.416177
0.206348
0.183414
0.317599
0.052905
0.270044
0.036867
0.253217
0.161799
0.561200
0.415282
0.150829
0.034011
0.239728
0.319084
0.110477
0.160235
0.213513
0.287784
0.007895
0.264274
0.148329
0.143690
0.199645
0.146024
0.072206
0.200537
0.546491
0.159199
0.281511
0.375136
0.024116
0.422554
0.272455
0.087339
0.247472
0.100353
0.477178
0.150242
0.247661
0.231126
0.004379
0.411926
0.092100
0.353552
0.282421
0.197277
0.020833
0.014804
0.315551
0.571437
0.237156
0.348669
0.316161
0.075899
0.023517
0.379965
0.538663
0.366476
0.076652
0.326957
0.320451
0.389515
0.248718
0.425503
0.307141
0.058406
0.464944
0.020251
0.120788
0.019558
0.332800
0.083985
0.420706
0.142842
0.299033
0.143641
0.301139
0.342009
0.396296
0.392833
0.218901
0.317465
0.228216
0.058008
0.192512
0.421259
0.203288
0.054332
0.312348
0.000138
0.330993
0.047646
0.394538
0.093377
0.460834
0.385759
0.076902
0.396139
0.037016
0.293456
0.069279
0.215980
0.382365
0.091449
0.031055
0.303653
0.123648
0.271906
0.161862
0.497584
0.217769
0.108862
0.170901
0.313689
0.162631
0.168057
0.094196
0.401853
0.073550
0.138482
0.016212
0.120776
0.401797
0.487235
0.345050
0.535941
0.329589
0.403047
0.543668
0.167707
0.190134
0.155191
0.339076
0.247109
0.389392
0.368169
0.412939
0.266287
0.330685
0.238052
0.227286
0.157007
0.220180
0.047502
0.445883
0.188426
0.189546
0.050771
0.015367
0.107776
0.196044
0.421650
0.027766
0.314935
0.391939
0.047175
0.391341
0.031288
0.162711
0.509415
0.277680
0.115877
0.089582
0.637709
0.326043
0.244907
0.401013
0.141951
0.380659
0.301066
0.450005
0.189258
0.167735
0.172385
0.106068
0.040038
0.136887
0.404243
0.276363
0.024793
0.256957
0.605963
0.254221
0.022408
0.295729
0.047302
0.096990
0.319911
0.117779
0.096748
0.342091
0.137557
0.318877
0.241085
0.217296
0.182795
0.274320
0.078143
0.041213
0.259941
0.396636
0.009183
0.093027
0.323328
0.042691
0.367067
0.202513
0.233300
0.222749
0.029608
0.222422
0.017098
0.122538
0.106881
0.320197
0.292696
0.081907
0.384604
0.283270
0.148245
0.019814
0.366100
0.293699
0.223716
0.468328
0.262428
0.132838
0.098813
0.112236
0.243478
0.285251
0.036857
0.251022
0.228280
0.256844
0.108284
0.031654
0.099975
0.051027
0.007778
0.119672
0.295609
0.107758
0.116541
0.039946
0.261782
0.103493
0.046417
0.112707
0.461423
0.184051
0.549297
0.036754
0.439400
0.192995
0.044295
0.125438
0.037041
0.013811
0.463481
0.151689
0.236524
0.119818
0.089104
0.129299
0.220354
0.498463
0.042709
0.263233
0.049284
0.214495
0.151785
0.516744
0.149653
0.275954
0.307003
0.096486
0.238350
0.016005
0.511009
0.024440
0.224259
0.407513
0.139389
0.043431
0.221775
0.176841
0.226348
0.184871
0.204605
0.465617
0.343902
0.261284
0.553643
0.000094
0.001281
0.295816
0.049462
0.414269
0.126761
0.367326
0.176127
0.127761
0.083987
0.136267
0.119662
0.452456
0.273479
0.287709
0.251942
0.252162
0.509474
0.608754
0.477826
0.505959
0.361366
0.059118
0.200755
0.023020
0.038785
0.069569
0.270893
0.252512
0.182559
0.122503
0.104554
0.130654
0.400356
0.237886
0.298332
0.280407
0.070964
0.298943
0.283049
0.192256
0.318037
0.043554
0.329670
0.271249
0.299546
0.070334
0.003639
0.249712
0.402024
0.527871
0.244200
0.071191
0.660719
0.436503
0.192338
0.240026
0.171898
0.280192
0.398494
0.025750
0.522223
0.387708
0.294504
0.575064
0.116594
0.194085
0.324690
0.080355
0.148916
0.211249
0.072028
0.387597
0.569256
0.410559
0.286363
0.346770
0.072238
0.022784
0.442735
0.347168
0.106331
0.329273
0.051127
0.064169
0.263590
0.253058
0.049126
0.221473
0.429568
0.384208
0.096804
0.018687
0.253280
0.342440
0.516088
0.542430
0.233646
0.156469
0.473224
0.030435
0.022645
0.145711
0.027877
0.008175
0.027938
0.284579
0.027924
0.384345
0.484015
0.053616
0.404857
0.046269
0.093598
0.425704
0.530161
0.009999
0.303015
0.076774
0.080087
0.289343
0.380028
0.360343
0.213529
0.219995
0.380519
0.070235
0.516624
0.198744
0.179521
0.648225
0.185009
0.370678
0.160003
0.463169
0.331809
0.274803
0.211673
0.227160
0.035423
0.217412
0.255449
0.306198
0.288106
0.471638
0.105724
0.207515
0.046935
0.025326
0.069323
0.677679
0.223004
0.063943
0.531270
0.010544
0.263394
0.057170
0.182232
0.511637
0.144229
0.439586
0.515847
0.229401
0.253220
0.062950
0.047405
0.322496
0.062161
0.292355
0.501166
0.053430
0.008098
0.334650
0.043465
0.436650
0.401381
0.208864
0.282994
0.318870
0.361750
0.345166
0.253774
0.056498
0.043267
0.138153
0.232893
0.040144
0.252613
0.275938
0.203582
0.487153
0.230195
0.120142
0.233787
0.360496
0.000320
0.376062
0.383540
0.113604
0.408327
0.423421
0.400833
0.057713
0.091963
0.267732
0.214776
0.100358
0.014207
0.133500
0.079387
0.010353
0.608523
0.322443
0.533713
0.308941
0.339984
0.151132
0.368946
0.513679
0.416055
0.193274
0.181936
0.205806
0.186490
0.565174
0.460613
0.261585
0.191044
0.034987
0.319006
0.397319
0.048453
0.184276
0.542734
0.356493
0.463715
0.047699
0.131495
0.116982
0.056250
0.044826
0.022978
0.532271
0.029493
0.234295
0.044291
0.036430
0.234018
0.121745
0.075046
0.463875
0.466582
0.175438
0.227988
0.264303
0.174015
0.498462
0.171288
0.274299
0.226152
0.243086
0.255274
0.058268
0.111913
0.104272
0.124308
0.192041
0.196742
0.340200
0.249691
0.231564
0.386157
0.438621
0.257825
0.177612
0.199277
0.191117
0.258260
0.372823
0.018493
0.133139
0.388559
0.107016
0.265123
0.375476
0.438821
0.079203
0.248173
0.069854
0.296815
0.033600
0.330136
0.176726
0.287439
0.105264
0.259353
0.350074
0.257104
0.134201
0.199099
0.175627
0.162380
0.188855
0.085057
0.336253
0.025026
0.396449
0.452124
0.741505
0.003058
0.202940
0.551593
0.037945
0.380153
0.394300
0.208365
0.045657
0.153032
0.277777
0.247909
0.029171
0.603688
0.397649
0.056700
0.183445
0.178019
0.071005
0.285370
0.357676
0.118913
0.091761
0.039524
0.146627
0.181994
0.378202
0.636422
0.227801
0.039672
0.459733
0.034821
0.528442
0.002383
0.173820
0.415366
0.349927
0.192530
0.028506
0.405157
0.262400
0.441455
0.362424
0.496514
0.042225
0.128190
0.462952
0.208371
0.720999
0.263884
0.271300
0.311114
0.109257
0.155092
0.530878
0.408103
0.113803
0.117181
0.306361
0.214781
0.308911
0.271166
0.384570
0.030240
0.012547
0.087547
0.375184
0.197121
0.246509
0.346237
0.315408
0.036749
0.424954
0.289530
0.454135
0.437775
0.067470
0.044241
0.392506
0.453523
0.598868
0.124301
0.135870
0.153262
0.054392
0.095811
0.438805
0.256774
0.314984
0.103388
0.461971
0.143884
0.318546
0.104389
0.303446
0.377300
0.065911
0.253270
0.236349
0.684725
0.271920
0.291417
0.047769
0.407006
0.183877
0.109956
0.215247
0.158336
0.162727
0.325317
0.225231
0.180160
0.200805
0.220560
0.351443
0.189146
0.359560
0.012039
0.055673
0.221676
0.359977
0.304980
0.244601
0.177986
0.510707
0.234214
0.271612
0.419970
0.381861
0.037644
0.271497
0.373743
0.454129
0.033856
0.460492
0.625666
0.318979
0.314511
0.636816
0.254408
0.334864
0.235456
0.663987
0.430215
0.117965
0.002985
0.449104
0.246976
0.352661
0.166845
0.273501
0.309301
0.509048
0.445153
0.231234
0.196057
0.088583
0.294195
0.185981
0.165686
0.329387
0.224110
0.341237
0.310673
0.557744
0.778482
0.371084
0.403659
0.138694
0.617125
0.030133
0.129393
0.310129
0.194769
0.316115
0.284674
0.526304
0.142208
0.433994
0.158862
0.322314
0.366077
0.143885
0.178858
0.056494
0.298599
0.413844
0.162449
0.529000
0.104969
0.363044
0.181416
0.469297
0.292004
0.325127
0.157084
0.088005
0.090364
0.010987
0.371026
0.386741
0.237525
0.020262
0.128625
0.218611
0.278223
0.208700
0.249147
0.190117
0.197306
0.259233
0.213391
0.143610
0.035018
0.042882
0.427182
0.218959
0.255050
0.113710
0.346821
0.263459
0.299185
0.039125
0.155122
0.009776
0.458009
0.229460
0.121005
0.455709
0.682835
0.238414
0.439734
0.217148
0.424665
0.186017
0.395232
0.380479
0.078705
0.388782
0.213121
0.252018
0.162274
0.629550
0.131619
0.027525
0.011003
0.128598
0.256957
0.487286
0.047983
0.454323
0.035491
0.117042
0.733278
0.351518
0.162155
0.131130
0.342103
0.218702
0.018085
0.385441
0.483453
0.011826
0.212964
0.271229
0.246979
0.582725
0.467477
0.011971
0.058682
0.542239
0.019702
0.069291
0.445835
0.077193
0.038575
0.570777
0.474802
0.428926
0.060040
0.000176
0.281849
0.488029
0.247044
0.085394
0.191504
0.309097
0.005824
0.393393
0.111317
0.013504
0.220891
0.256446
0.303730
0.021951
0.386427
0.346960
0.498267
0.360265
0.310547
0.084605
0.471674
0.437950
0.191491
0.322408
0.266960
0.053910
0.500168
0.333584
0.486462
0.214701
0.061361
0.512465
0.126247
0.142880
0.342236
0.475149
0.229629
0.008610
0.302170
0.377220
0.301914
0.092929
0.423177
0.351502
0.186373
0.517900
0.560961
0.142141
0.009841
0.411410
0.134743
0.093656
0.351566
0.517396
0.358197
0.413913
0.417134
0.087849
0.174849
0.171320
0.818033
0.406581
0.188812
0.198861
0.559457
0.326030
0.185231
0.305805
0.029898
0.009870
0.188160
0.106024
0.177033
0.510917
0.464785
0.025268
0.252656
0.323182
0.171692
0.240271
0.698633
0.186380
0.064396
0.217133
0.310265
0.494706
0.239324
0.290174
0.115098
0.213899
0.075031
0.152793
0.188166
0.121127
0.296556
0.103722
0.211771
0.412198
0.038535
0.192781
0.239056
0.192166
0.152002
0.343276
0.214882
0.043015
0.144830
0.305444
0.432840
0.439779
0.529035
0.079728
0.094851
0.234017
0.175295
0.339498
0.039498
0.095429
0.404125
0.326554
0.120762
0.345149
0.522483
0.066700
0.332948
0.274630
0.511702
0.149403
0.048338
0.201995
0.442992
0.288870
0.633499
0.116318
0.279212
0.026046
0.333506
0.366954
0.456891
0.411591
0.351016
0.332257
0.132430
0.200023
0.455896
0.108926
0.243071
0.188706
0.406799
0.184531
0.006430
0.181936
0.573998
0.000344
0.001671
0.200963
0.316905
0.459073
0.177617
0.301300
0.099910
0.080377
0.005464
0.283036
0.222144
0.170644
0.386522
0.403055
0.107691
0.386991
0.162815
0.626031
0.244433
0.015309
0.443841
0.026639
0.047664
0.130169
0.508011
0.069734
0.279471
0.142959
0.456607
0.157264
0.293642
0.081922
0.143106
0.387574
0.171899
0.529050
0.349991
0.237869
0.063161
0.405607
0.335428
0.350582
0.399131
0.305251
0.386760
0.414879
0.075225
0.377981
0.117962
0.276044
0.139170
0.483190
0.252209
0.062541
0.003494
0.247692
0.309665
0.034444
0.221544
0.300702
0.232872
0.041239
0.145777
0.118314
0.240101
0.058277
0.181185
0.029236
0.114043
0.626595
0.135124
0.157714
0.339282
0.143420
0.497074
0.173229
0.098288
0.183979
0.024850
0.496497
0.197206
0.232015
0.187394
0.095538
0.474935
0.094055
0.354553
0.252197
0.180364
0.045725
0.072040
0.323005
0.575095
0.241550
0.369828
0.425795
0.059262
0.112628
0.403091
0.619248
0.335817
0.007290
0.293576
0.248492
0.359001
0.280347
0.436265
0.269530
0.029185
0.414011
0.054281
0.112282
0.067698
0.250895
0.186961
0.415084
0.082978
0.376960
0.059996
0.366421
0.285667
0.384562
0.460149
0.336655
0.328726
0.310095
0.153064
0.097551
0.523405
0.159008
0.125968
0.229402
0.040295
0.250257
0.090620
0.355049
0.011032
0.522562
0.354533
0.080308
0.440347
0.007780
0.345440
0.122413
0.244687
0.278374
0.200581
0.008569
0.269404
0.332035
0.292633
0.111266
0.441335
0.186175
0.025327
0.152701
0.356433
0.185711
0.069243
0.007950
0.454058
0.154198
0.098518
0.101900
0.251168
0.347903
0.421057
0.334362
0.514366
0.378505
0.400453
0.599510
0.095800
0.324088
0.284425
0.336293
0.273512
0.441442
0.353451
0.404729
0.205442
0.316935
0.134851
0.243559
0.064138
0.262255
0.301607
0.426815
0.140428
0.114935
0.085623
0.058417
0.117185
0.225023
0.345075
0.105021
0.201090
0.477794
0.022697
0.187738
0.024243
0.047305
0.541523
0.349402
0.003059
0.163152
0.517429
0.237483
0.285362
0.328821
0.145278
0.309079
0.294454
0.366801
0.324331
0.157534
0.135296
0.251225
0.149682
0.085487
0.266094
0.309017
0.014567
0.318687
0.571311
0.341591
0.190623
0.331506
0.048024
0.156009
0.501996
0.064868
0.116180
0.502938
0.199301
0.404229
0.204003
0.118345
0.098025
0.307264
0.021838
0.171624
0.140609
0.408307
0.131275
0.007078
0.248195
0.078541
0.351568
0.207066
0.283867
0.098413
0.014711
0.272292
0.108109
0.211263
0.142773
0.380787
0.251779
0.103168
0.242742
0.335993
0.022195
0.032409
0.443857
0.342887
0.054414
0.438058
0.304670
0.182249
0.055898
0.007272
0.357934
0.233664
0.187864
0.281749
0.255174
0.251211
0.132782
0.157817
0.221435
0.072313
0.195342
0.176835
0.272217
0.211580
0.214870
0.153209
0.306887
0.220726
0.012830
0.051982
0.312866
0.171666
0.618074
0.083138
0.446072
0.047771
0.090455
0.078324
0.064157
0.050705
0.424283
0.112313
0.128945
0.039580
0.098245
0.091901
0.012566
0.457194
0.040711
0.397749
0.049167
0.197293
0.064845
0.433257
0.298380
0.443822
0.334133
0.092836
0.292203
0.065819
0.557091
0.054903
0.203403
0.361478
0.065993
0.064927
0.213899
0.000921
0.179732
0.288590
0.325740
0.421424
0.356735
0.403047
0.475792
0.075734
0.018105
0.319500
0.054533
0.553174
0.160811
0.291009
0.096299
0.204307
0.220672
0.094868
0.122072
0.441798
0.140645
0.293112
0.237805
0.084042
0.280171
0.550688
0.303110
0.623128
0.337568
0.009309
0.375103
0.065476
0.027701
0.047264
0.203900
0.243700
0.053329
0.247995
0.133954
0.057168
0.286221
0.267920
0.352648
0.282969
0.142948
0.253348
0.410865
0.249949
0.323179
0.098890
0.358688
0.359941
0.404620
0.004500
0.041066
0.176572
0.320387
0.528668
0.180389
0.205626
0.660260
0.447361
0.203432
0.148618
0.118487
0.168959
0.407558
0.130273
0.418142
0.320547
0.193221
0.531259
0.126591
0.004705
0.352107
0.021746
0.235261
0.265855
0.058241
0.385005
0.624321
0.440205
0.259725
0.317438
0.127433
0.010012
0.480371
0.184712
0.012936
0.263402
0.056155
0.193104
0.205520
0.333097
0.124898
0.216048
0.487006
0.447617
0.098037
0.130519
0.134099
0.237551
0.564534
0.467026
0.032944
0.187874
0.351139
0.096060
0.073503
0.179385
0.071616
0.070575
0.122513
0.146134
0.155913
0.248970
0.490406
0.065737
0.358091
0.020774
0.110840
0.433565
0.602565
0.079504
0.277275
0.153376
0.271470
0.147402
0.458263
0.468146
0.192619
0.422092
0.397744
0.129949
0.477355
0.306963
0.072771
0.582248
0.116588
0.381124
0.033582
0.486325
0.407623
0.234722
0.184133
0.411829
0.019970
0.209450
0.252174
0.253953
0.356990
0.369808
0.132262
0.088388
0.080546
0.059504
0.029943
0.698255
0.123792
0.028805
0.484405
0.109613
0.327842
0.057997
0.185326
0.420147
0.145022
0.501817
0.468488
0.196969
0.266808
0.175428
0.014749
0.436577
0.037677
0.175786
0.470310
0.074658
0.129425
0.491240
0.008091
0.349864
0.371247
0.219800
0.340989
0.351928
0.274726
0.417345
0.344242
0.134672
0.000178
0.141837
0.140445
0.350989
0.276018
0.227758
0.213493
0.532359
0.393821
0.038799
0.118237
0.242742
0.123454
0.235201
0.424606
0.153106
0.447713
0.525261
0.370344
0.045018
0.044737
0.226859
0.197021
0.148265
0.070263
0.180994
0.009467
0.046187
0.504498
0.238722
0.423395
0.266456
0.334148
0.016571
0.464541
0.619319
0.540418
0.258869
0.299292
0.292484
0.237005
0.528733
0.423383
0.168810
0.077487
0.184330
0.373973
0.435635
0.091669
0.293227
0.567835
0.371753
0.401535
0.124276
0.134656
0.187085
0.085749
0.083784
0.024925
0.443700
0.007047
0.032332
0.112227
0.090510
0.281241
0.109416
0.018902
0.351254
0.487660
0.245239
0.200111
0.199791
0.181153
0.455806
0.101901
0.120729
0.233604
0.300763
0.370983
0.071308
0.190242
0.090421
0.128215
0.291206
0.198764
0.309157
0.202047
0.338857
0.292519
0.489378
0.151234
0.262469
0.305937
0.048955
0.257023
0.424951
0.082574
0.224082
0.472202
0.001575
0.094504
0.262600
0.468826
0.053271
0.203072
0.195754
0.366242
0.045177
0.192499
0.262208
0.330820
0.007138
0.352162
0.396118
0.255647
0.159380
0.343684
0.195645
0.190632
0.125908
0.061192
0.298801
0.091324
0.497682
0.298177
0.763420
0.070473
0.164683
0.514301
0.082782
0.453558
0.375076
0.134989
0.047445
0.206499
0.238240
0.269341
0.024562
0.518542
0.218028
0.004277
0.315318
0.146212
0.020595
0.323742
0.269002
0.063746
0.089821
0.035127
0.188959
0.173554
0.407771
0.527163
0.326587
0.011964
0.516648
0.059890
0.519030
0.011295
0.129584
0.245482
0.272148
0.177196
0.011051
0.317790
0.074148
0.298369
0.300660
0.508748
0.080289
0.233533
0.386615
0.294074
0.622161
0.272022
0.223909
0.278110
0.214768
0.075474
0.495935
0.556351
0.133067
0.290521
0.425232
0.015106
0.274094
0.352784
0.430348
0.059447
0.085615
0.052001
0.419597
0.355000
0.238855
0.339169
0.351620
0.133553
0.294388
0.181371
0.435386
0.277480
0.103407
0.010515
0.393157
0.471219
0.640812
0.072977
0.157869
0.081983
0.008215
0.070592
0.418438
0.164264
0.248443
0.038105
0.474659
0.146077
0.392900
0.199117
0.252593
0.276280
0.129091
0.247921
0.295307
0.594720
0.170560
0.303845
0.065810
0.401836
0.116131
0.117350
0.155254
0.098711
0.133009
0.377657
0.219496
0.114479
0.228983
0.255621
0.407257
0.171092
0.429185
0.133920
0.168339
0.315668
0.347942
0.228123
0.418003
0.287459
0.513880
0.256470
0.276761
0.475311
0.290673
0.038732
0.243549
0.348300
0.444651
0.007382
0.456157
0.663417
0.344994
0.294749
0.549313
0.321945
0.434825
0.322247
0.726354
0.544451
0.108272
0.057091
0.463354
0.210302
0.278602
0.322794
0.189427
0.227761
0.485471
0.371011
0.278740
0.206082
0.128881
0.316853
0.093511
0.134157
0.342045
0.205954
0.346827
0.300395
0.437658
0.669912
0.362574
0.414686
0.035685
0.605304
0.149087
0.002419
0.462720
0.117986
0.225472
0.260656
0.430462
0.102196
0.445524
0.167651
0.202197
0.368596
0.128822
0.143846
0.142596
0.206695
0.320686
0.275495
0.497927
0.002747
0.350363
0.177869
0.355567
0.274882
0.298175
0.172833
0.151358
0.163667
0.020803
0.295599
0.353314
0.186878
0.022584
0.130402
0.355312
0.160055
0.154178
0.208198
0.202794
0.203900
0.305870
0.260112
0.081543
0.053829
0.088704
0.359917
0.388514
0.396794
0.022578
0.373368
0.361551
0.200494
0.130246
0.269776
0.049136
0.442538
0.036058
0.088637
0.457383
0.720601
0.219105
0.519044
0.017178
0.352071
0.140855
0.354426
0.231229
0.003739
0.197276
0.314637
0.161608
0.217643
0.496393
0.267936
0.127180
0.073231
0.121787
0.066116
0.481501
0.133525
0.444157
0.037681
0.212702
0.626967
0.306667
0.068975
0.074061
0.274649
0.148397
0.123385
0.442698
0.624776
0.024187
0.070018
0.322080
0.178246
0.642386
0.679123
0.094984
0.071288
0.508169
0.089940
0.083882
0.438345
0.196706
0.061519
0.490931
0.534726
0.446778
0.093840
0.037774
0.312996
0.522103
0.195665
0.060225
0.266005
0.193910
0.096062
0.308511
0.225669
0.015641
0.204268
0.125669
0.249579
0.103109
0.501065
0.275824
0.386931
0.283626
0.240234
0.063064
0.407368
0.364360
0.176662
0.204456
0.226088
0.019966
0.446142
0.297960
0.465188
0.167950
0.080467
0.430023
0.039299
0.105587
0.446689
0.527117
0.213764
0.031456
0.352938
0.477206
0.368180
0.105207
0.463724
0.334072
0.255651
0.754462
0.483762
0.094821
0.078475
0.489904
0.012737
0.075111
0.194520
0.335679
0.307180
0.286667
0.351005
0.080916
0.244324
0.113758
0.738089
0.441320
0.394798
0.220631
0.576934
0.433730
0.170684
0.225382
0.062824
0.128265
0.117399
0.121264
0.268135
0.495975
0.498764
0.136702
0.213271
0.439361
0.375762
0.387127
0.594573
0.181768
0.081547
0.301273
0.289715
0.375322
0.124923
0.218249
0.138133
0.179086
0.136242
0.209308
0.111828
0.050971
0.307305
0.217254
0.340096
0.335471
0.014334
0.136317
0.150478
0.241059
0.191218
0.456952
0.188493
0.003795
0.169556
0.307867
0.382739
0.378030
0.593450
0.161920
0.045872
0.284922
0.054219
0.332286
0.006292
0.059743
0.219248
0.425515
0.096039
0.310116
0.506965
0.119152
0.344170
0.294817
0.379549
0.138520
0.101842
0.087290
0.448377
0.366882
0.728308
0.248796
0.161992
0.099760
0.264649
0.343649
0.502600
0.521290
0.308425
0.319936
0.162944
0.154181
0.402939
0.072303
0.305104
0.222463
0.309601
0.397568
0.012308
0.272435
0.468792
0.015595
0.002785
0.135306
0.330221
0.435124
0.186810
0.418245
0.141661
0.255618
0.140770
0.228457
0.307622
0.301451
0.447683
0.455478
0.234753
0.263734
0.023850
0.608750
0.218497
0.017415
0.350030
0.000548
0.089868
0.155375
0.527087
0.143665
0.319166
0.258576
0.414501
0.208010
0.246273
0.125484
0.183137
0.355893
0.212256
0.567898
0.328450
0.198700
0.053023
0.403812
0.258290
0.361010
0.426323
0.368366
0.546622
0.512771
0.043893
0.463251
0.230957
0.368103
0.155022
0.377902
0.067418
0.112360
0.084397
0.205722
0.283601
0.089948
0.302359
0.330153
0.184859
0.170668
0.080176
0.091314
0.348728
0.098772
0.215260
0.161900
0.062634
0.676736
0.091426
0.007980
0.272007
0.330769
0.522143
0.087077
0.105757
0.087730
0.010722
0.405375
0.234669
0.191337
0.158369
0.173637
0.458117
0.062581
0.292480
0.106685
0.143990
0.043224
0.096075
0.293414
0.540733
0.280227
0.322620
0.477202
0.088759
0.219983
0.395054
0.557190
0.267458
0.018854
0.248000
0.134598
0.256651
0.300940
0.393634
0.247700
0.006573
0.328281
0.062183
0.166431
0.175411
0.156729
0.225111
0.316000
0.024368
0.447532
0.024215
0.377882
0.307564
0.454311
0.415596
0.452035
0.367422
0.288568
0.141918
0.041449
0.513374
0.136541
0.158746
0.164556
0.119275
0.260280
0.210006
0.295750
0.091407
0.554338
0.376969
0.096411
0.363036
0.002314
0.403306
0.146219
0.258328
0.196246
0.250311
0.051524
0.261569
0.532519
0.323981
0.106594
0.366600
0.200998
0.120113
0.044451
0.347691
0.264877
0.318588
0.094388
0.474900
0.260438
0.040931
0.103872
0.347946
0.323596
0.246202
0.334964
0.392778
0.380264
0.407556
0.597795
0.045637
0.380557
0.428323
0.256425
0.216664
0.440388
0.355283
0.404183
0.152211
0.202023
0.020335
0.247421
0.049166
0.300332
0.495381
0.356341
0.054267
0.013785
0.128977
0.046412
0.154707
0.202715
0.334618
0.145773
0.134906
0.439111
0.061122
0.061142
0.084985
0.022845
0.535075
0.376489
0.141551
0.225513
0.270219
0.081978
0.277915
0.276782
0.051409
0.224881
0.307123
0.305253
0.413693
0.133450
0.148111
0.353510
0.216430
0.000338
0.186380
0.300042
0.015717
0.341817
0.471026
0.365825
0.309378
0.339664
0.024614
0.157748
0.600829
0.249847
0.080911
0.634606
0.171926
0.457837
0.166551
0.076914
0.080091
0.317064
0.030781
0.225986
0.022675
0.361814
0.192009
0.094762
0.190121
0.084643
0.291176
0.244519
0.323416
0.000169
0.012655
0.286556
0.153997
0.298539
0.212766
0.387097
0.211994
0.146670
0.106828
0.394961
0.118481
0.007196
0.425904
0.385169
0.158346
0.401207
0.376161
0.173530
0.188818
0.135769
0.514893
0.199823
0.394276
0.354952
0.272638
0.208073
0.138252
0.304573
0.310790
0.112054
0.426967
0.207948
0.253643
0.276307
0.340395
0.254894
0.323985
0.359066
0.091432
0.032549
0.202603
0.145358
0.610582
0.174608
0.404009
0.046239
0.041578
0.046669
0.089190
0.057968
0.369604
0.135747
0.034928
0.257791
0.126445
0.321281
0.144402
0.424143
0.132898
0.414998
0.127520
0.208134
0.061373
0.271281
0.395295
0.509835
0.282314
0.045230
0.333591
0.097070
0.449596
0.052769
0.221915
0.221335
0.077358
0.087224
0.153069
0.170205
0.072234
0.404483
0.435722
0.405166
0.370903
0.533714
0.358734
0.106018
0.052917
0.360732
0.065917
0.620720
0.222576
0.248067
0.000223
0.242092
0.313682
0.067292
0.146231
0.362246
0.039072
0.367201
0.202761
0.030223
0.011563
0.435219
0.204069
0.685417
0.305301
0.102786
0.505678
0.117018
0.047741
0.150141
0.142657
0.265217
0.087951
0.363985
0.137266
0.250306
0.110752
0.241849
0.300510
0.237865
0.268016
0.173079
0.510377
0.230903
0.317970
0.270363
0.342774
0.460670
0.470148
0.044757
0.073733
0.044510
0.279369
0.462195
0.129168
0.380948
0.644542
0.428963
0.271360
0.040601
0.085242
0.005191
0.410041
0.194287
0.262375
0.187351
0.084135
0.359821
0.136333
0.174256
0.361974
0.043947
0.258122
0.330663
0.097384
0.425591
0.700635
0.425491
0.288006
0.183148
0.177871
0.060525
0.482249
0.025100
0.036915
0.165916
0.100877
0.303442
0.192663
0.361098
0.172363
0.171060
0.561080
0.472247
0.074870
0.194801
0.136204
0.161098
0.521401
0.304722
0.280961
0.184955
0.263666
0.199737
0.097179
0.228617
0.087587
0.114202
0.227167
0.074469
0.296486
0.055441
0.547591
0.169654
0.331202
0.035122
0.147316
0.368697
0.576024
0.196300
0.237468
0.245614
0.388064
0.036443
0.529173
0.527600
0.165385
0.616077
0.345385
0.161294
0.399113
0.423089
0.075729
0.513100
0.128988
0.392571
0.073946
0.478027
0.431741
0.160877
0.114944
0.536986
0.131329
0.169314
0.215062
0.210041
0.357545
0.236419
0.041851
0.066661
0.174598
0.061517
0.013076
0.574931
0.029148
0.168542
0.377304
0.250802
0.414522
0.032831
0.146245
0.204797
0.133805
0.481608
0.418165
0.253209
0.227074
0.337321
0.135598
0.468919
0.121137
0.026555
0.422758
0.111155
0.207050
0.554742
0.064229
0.261092
0.374098
0.167151
0.283998
0.452521
0.192959
0.451509
0.351469
0.150675
0.051915
0.087494
0.033417
0.631691
0.304962
0.206591
0.297458
0.586716
0.458061
0.068875
0.055332
0.115148
0.176444
0.205754
0.399126
0.156580
0.491860
0.592841
0.361392
0.057936
0.014896
0.236737
0.108360
0.158020
0.116095
0.169393
0.112857
0.083257
0.321244
0.252787
0.322652
0.145743
0.305878
0.140495
0.572571
0.638038
0.619875
0.357978
0.422716
0.367000
0.258438
0.444477
0.371971
0.040265
0.010810
0.295806
0.319473
0.454492
0.101448
0.289372
0.518015
0.389065
0.278049
0.219238
0.187389
0.278436
0.149776
0.107628
0.060464
0.390299
0.014899
0.116357
0.153038
0.185824
0.328241
0.067384
0.020928
0.239617
0.535896
0.265809
0.210683
0.206296
0.162702
0.363430
0.062004
0.008655
0.193227
0.284355
0.502434
0.031754
0.216490
0.195135
0.171603
0.422474
0.206981
0.259746
0.118013
0.457429
0.189606
0.530651
0.029943
0.307552
0.418794
0.101874
0.228426
0.473505
0.168196
0.233534
0.514836
0.074750
0.057372
0.154569
0.432965
0.172920
0.083189
0.336801
0.405696
0.113003
0.076051
0.313919
0.330349
0.146526
0.418078
0.400243
0.265635
0.174311
0.514617
0.142832
0.213661
0.135437
0.055591
0.192085
0.146150
0.613186
0.099364
0.693399
0.158408
0.077117
0.455384
0.096519
0.466363
0.339967
0.100941
0.109465
0.223162
0.221100
0.305241
0.011286
0.359133
0.013630
0.032466
0.491309
0.146506
0.073885
0.343269
0.249042
0.053079
0.047202
0.022547
0.244429
0.205919
0.482279
0.507233
0.425806
0.026429
0.541574
0.090340
0.539735
0.030887
0.076305
0.169110
0.126957
0.150839
0.059679
0.236580
0.178194
0.174201
0.203310
0.428828
0.086043
0.408566
0.275693
0.239773
0.445727
0.285391
0.074606
0.168729
0.405001
0.106002
0.410089
0.686048
0.215961
0.396963
0.555029
0.254765
0.195570
0.446535
0.426556
0.035045
0.103580
0.059727
0.434647
0.451003
0.247562
0.309026
0.290579
0.284381
0.203898
0.053186
0.397816
0.079635
0.111576
0.014147
0.356132
0.440154
0.588967
0.004319
0.172752
0.044608
0.044796
0.033675
0.453950
0.052442
0.217873
0.076817
0.438482
0.220303
0.431481
0.298502
0.270998
0.248532
0.137716
0.320702
0.367551
0.452395
0.099449
0.323925
0.124116
0.351481
0.052501
0.181399
0.093145
0.111058
0.164182
0.424603
0.195046
0.045361
0.263595
0.206980
0.372898
0.148634
0.525017
0.234222
0.250215
0.432190
0.395766
0.187233
0.523934
0.392689
0.446620
0.266919
0.273527
0.477018
0.129997
0.051844
0.188390
0.295588
0.357094
0.054731
0.437172
0.621723
0.349534
0.332547
0.307014
0.400011
0.417512
0.340385
0.623898
0.641214
0.011797
0.125682
0.454564
0.175654
0.143901
0.440879
0.148372
0.102524
0.433699
0.331347
0.255719
0.239776
0.084289
0.326246
0.002028
0.023053
0.279821
0.207339
0.272798
0.347612
0.218492
0.473275
0.282526
0.399466
0.188988
0.495548
0.299098
0.036424
0.519172
0.094139
0.233247
0.249682
0.299284
0.017122
0.343721
0.111977
0.119889
0.403396
0.040547
0.077890
0.328825
0.155709
0.221548
0.359018
0.420620
0.134848
0.320781
0.137030
0.274511
0.301580
0.205053
0.196752
0.178915
0.286740
0.054405
0.284095
0.292260
0.155416
0.094593
0.179291
0.460278
0.072353
0.167054
0.124504
0.228998
0.167937
0.383239
0.276442
0.050408
0.200567
0.137114
0.330523
0.495054
0.515651
0.062296
0.367503
0.417777
0.157089
0.277350
0.346910
0.124027
0.388712
0.117720
0.089409
0.423117
0.751564
0.208293
0.535631
0.184872
0.259740
0.200448
0.315077
0.088924
0.082878
0.010002
0.433457
0.051354
0.301184
0.365672
0.358993
0.301140
0.135295
0.190278
0.185155
0.476526
0.354334
0.405712
0.055478
0.290636
0.505360
0.158551
0.029678
0.050831
0.163435
0.057832
0.164217
0.408507
0.591665
0.070333
0.071608
0.345016
0.009326
0.561921
0.780335
0.177760
0.150309
0.313125
0.138051
0.298691
0.387820
0.263572
0.069595
0.377544
0.594178
0.421105
0.081249
0.035473
0.321585
0.476819
0.152132
0.245996
0.305348
0.105680
0.252678
0.234840
0.333126
0.098946
0.183793
0.081261
0.201569
0.188498
0.520185
0.237647
0.273882
0.284819
0.179308
0.070058
0.260999
0.271975
0.242593
0.019339
0.138877
0.018298
0.319973
0.192438
0.363770
0.108859
0.069515
0.361428
0.197005
0.057685
0.583710
0.588565
0.196654
0.016093
0.433058
0.525311
0.312774
0.047017
0.477460
0.255446
0.252220
0.835891
0.368941
0.059248
0.120411
0.481182
0.074845
0.250689
0.052726
0.152822
0.264123
0.187316
0.256437
0.120388
0.207398
0.078696
0.567551
0.509471
0.546758
0.215169
0.520512
0.483981
0.200228
0.213516
0.140665
0.270468
0.020892
0.185521
0.233785
0.463805
0.445706
0.340314
0.214618
0.548566
0.494710
0.382935
0.382605
0.189689
0.065591
0.365921
0.174806
0.243200
0.013124
0.145245
0.153122
0.192658
0.196341
0.288933
0.086156
0.027503
0.399751
0.323445
0.499438
0.253094
0.028188
0.088236
0.072765
0.243099
0.222858
0.518239
0.222188
0.095151
0.257753
0.326341
0.219745
0.359145
0.625767
0.222962
0.082758
0.347044
0.020448
0.281643
0.044272
0.085501
0.067559
0.402907
0.091038
0.277019
0.430448
0.305109
0.309070
0.336346
0.174421
0.087184
0.040963
0.031708
0.384859
0.411564
0.685087
0.301647
0.022007
0.230119
0.227096
0.324331
0.467475
0.548406
0.211217
0.312481
0.182008
0.160385
0.300474
0.050891
0.376826
0.303148
0.340583
0.551460
0.088829
0.382417
0.342500
0.071756
0.001282
0.009341
0.292853
0.383532
0.199380
0.438129
0.202062
0.400020
0.301253
0.189587
0.430522
0.330877
0.454321
0.455190
0.332005
0.053806
0.061367
0.502017
0.259475
0.015018
0.233931
0.066872
0.023989
0.215141
0.474526
0.160967
0.359417
0.319360
0.385602
0.112705
0.201166
0.095569
0.234652
0.353984
0.230095
0.590354
0.317511
0.247241
0.042803
0.322572
0.135375
0.373269
0.406186
0.412277
0.647227
0.530148
0.056899
0.483943
0.341107
0.362773
0.211397
0.227828
0.079067
0.265542
0.215492
0.184135
0.248490
0.133752
0.391806
0.340210
0.075489
0.242128
0.011017
0.050304
0.429287
0.238155
0.270913
0.246618
0.027412
0.626705
0.156727
0.074723
0.231251
0.432936
0.498224
0.002950
0.112861
0.053260
0.022515
0.346371
0.225959
0.155248
0.146004
0.158021
0.421875
0.038640
0.130426
0.049981
0.142070
0.067726
0.084594
0.252800
0.517470
0.333239
0.179696
0.386444
0.180985
0.259204
0.366373
0.514823
0.206771
0.000107
0.141393
0.032515
0.185949
0.268722
0.259858
0.193092
0.073793
0.231927
0.057980
0.150942
0.339179
0.123387
0.333615
0.253372
0.073059
0.487282
0.157326
0.318329
0.271681
0.435830
0.303333
0.579993
0.442349
0.292945
0.039734
0.156699
0.520126
0.124365
0.225641
0.178791
0.235609
0.313116
0.274085
0.218609
0.195015
0.502974
0.391569
0.052610
0.244681
0.018060
0.437347
0.226352
0.265430
0.065906
0.220907
0.091533
0.282701
0.628119
0.321078
0.144067
0.317906
0.226233
0.244556
0.069882
0.345742
0.330069
0.483124
0.155127
0.477192
0.265371
0.006476
0.064924
0.415185
0.277080
0.014890
0.297130
0.224038
0.368284
0.419000
0.553399
0.017591
0.373815
0.598643
0.206293
0.128575
0.434419
0.274101
0.362257
0.000582
0.030464
0.094050
0.305654
0.043390
0.342677
0.553576
0.291111
0.014631
0.032803
0.191084
0.080597
0.182809
0.200178
0.326444
0.169900
0.127633
0.287583
0.077301
0.054867
0.178176
0.071675
0.422334
0.394834
0.288779
0.254628
0.055032
0.019466
0.269319
0.203248
0.087515
0.161375
0.227889
0.215394
0.404312
0.107085
0.136533
0.461903
0.241567
0.117128
0.080684
0.263907
0.020586
0.367638
0.316716
0.346294
0.391326
0.263429
0.007846
0.169724
0.610439
0.338987
0.001128
0.657140
0.067889
0.360450
0.125376
0.015111
0.060000
0.276101
0.020206
0.345937
0.160675
0.332028
0.273543
0.031903
0.103529
0.062377
0.265743
0.222311
0.318172
0.034333
0.034207
0.188382
0.206678
0.367302
0.322114
0.318827
0.088438
0.195320
0.003352
0.312845
0.195574
0.006635
0.410921
0.409545
0.337049
0.261762
0.376693
0.151023
0.335668
0.199108
0.527038
0.199452
0.589138
0.435321
0.299534
0.131810
0.113777
0.402417
0.459741
0.046132
0.585243
0.217436
0.259912
0.262935
0.474345
0.310653
0.306539
0.468002
0.237014
0.150013
0.076449
0.110406
0.539387
0.234586
0.327072
0.088993
0.002245
0.027488
0.055272
0.030775
0.432198
0.166843
0.052254
0.378803
0.145476
0.433344
0.261447
0.364071
0.189004
0.368693
0.137313
0.234036
0.209398
0.140200
0.466634
0.551148
0.139450
0.049937
0.400308
0.174645
0.353698
0.057669
0.202149
0.140307
0.066905
0.068778
0.093586
0.270283
0.043475
0.404867
0.453810
0.357997
0.438340
0.561518
0.266943
0.050532
0.111741
0.422224
0.095776
0.612126
0.256893
0.224193
0.172565
0.291117
0.336857
0.023180
0.141961
0.231417
0.174843
0.368690
0.212401
0.181343
0.162932
0.393802
0.135965
0.608664
0.289354
0.179987
0.591934
0.169508
0.088091
0.193719
0.148025
0.320090
0.210671
0.469042
0.157714
0.374704
0.027347
0.176595
0.191728
0.236952
0.375062
0.103311
0.514286
0.196365
0.270266
0.445158
0.287128
0.559485
0.466399
0.017112
0.109972
0.097614
0.213087
0.347368
0.017905
0.495814
0.598691
0.374463
0.351863
0.076440
0.072784
0.121348
0.401536
0.201904
0.160093
0.098289
0.016734
0.182408
0.126178
0.316869
0.333977
0.143265
0.260271
0.376756
0.107391
0.422874
0.647278
0.398359
0.288147
0.022828
0.155407
0.189619
0.409847
0.149244
0.019346
0.087111
0.118944
0.357462
0.165997
0.439749
0.222170
0.081441
0.533586
0.518592
0.001536
0.223399
0.126618
0.080144
0.397228
0.105071
0.432465
0.119712
0.098969
0.366201
0.188506
0.317718
0.068870
0.082444
0.317808
0.185179
0.393725
0.128798
0.547333
0.233275
0.298120
0.064540
0.179624
0.321514
0.484214
0.240488
0.137902
0.365251
0.380673
0.106566
0.591298
0.517562
0.140945
0.742092
0.333680
0.217865
0.340388
0.510090
0.263353
0.363199
0.086094
0.466719
0.194892
0.456825
0.453869
0.091624
0.008909
0.544975
0.265596
0.120588
0.237828
0.179083
0.309520
0.129694
0.052848
0.083099
0.299075
0.029083
0.145966
0.404049
0.028853
0.370762
0.201353
0.334754
0.481854
0.182665
0.099154
0.116878
0.062649
0.297830
0.321933
0.259194
0.124115
0.519260
0.220567
0.537840
0.255283
0.073381
0.396971
0.074179
0.255944
0.577174
0.170572
0.197993
0.400384
0.115634
0.145620
0.513158
0.085240
0.472667
0.277966
0.261957
0.179602
0.003859
0.028516
0.818661
0.334487
0.172754
0.274009
0.544119
0.467236
0.168565
0.007373
0.014248
0.185419
0.165061
0.343727
0.130704
0.477244
0.569820
0.318858
0.176929
0.075461
0.225500
0.012190
0.190783
0.149233
0.170702
0.199176
0.117781
0.085128
0.274410
0.230644
0.073910
0.145365
0.278070
0.588710
0.617380
0.648402
0.379965
0.524983
0.393906
0.244221
0.303423
0.377867
0.000942
0.019565
0.363011
0.269581
0.442557
0.064751
0.253772
0.415008
0.349682
0.141686
0.302135
0.287010
0.406154
0.270691
0.091970
0.157619
0.294702
0.037095
0.185161
0.077107
0.302689
0.342184
0.105717
0.035634
0.103726
0.553612
0.277390
0.130951
0.222235
0.161816
0.264646
0.089410
0.077976
0.196171
0.277864
0.581854
0.000988
0.202467
0.212104
0.247733
0.530808
0.115990
0.136233
0.096685
0.568902
0.163972
0.539703
0.095449
0.334449
0.522058
0.323005
0.225278
0.441901
0.275276
0.234352
0.550064
0.147016
0.188815
0.024540
0.394749
0.270694
0.055670
0.421252
0.359884
0.173673
0.021357
0.344831
0.357100
0.248130
0.444831
0.370377
0.212385
0.177794
0.608811
0.061193
0.194640
0.136480
0.178120
0.113091
0.243802
0.672996
0.096174
0.578683
0.248634
0.028866
0.322235
0.130771
0.401683
0.286307
0.093789
0.198189
0.135308
0.198517
0.350478
0.037989
0.261094
0.127116
0.012709
0.612799
0.195467
0.099091
0.342089
0.202094
0.120823
0.024542
0.039368
0.340828
0.284927
0.609368
0.524274
0.513943
0.007685
0.575726
0.157022
0.509762
0.006891
0.006565
0.153888
0.078063
0.032494
0.016391
0.155111
0.449580
0.067726
0.110512
0.330401
0.087314
0.602597
0.147147
0.173082
0.280675
0.263876
0.159588
0.074744
0.559480
0.132759
0.299246
0.670597
0.314858
0.464526
0.597329
0.411392
0.085646
0.529191
0.434972
0.037380
0.069706
0.003945
0.481701
0.563065
0.242671
0.285137
0.236444
0.478241
0.138772
0.021284
0.239693
0.064859
0.190719
0.052089
0.284217
0.379765
0.485886
0.051682
0.147018
0.049497
0.163451
0.127578
0.423135
0.023163
0.246419
0.213120
0.426530
0.294897
0.386847
0.266463
0.268870
0.224763
0.087392
0.400633
0.466859
0.287938
0.054626
0.311518
0.104641
0.309533
0.032324
0.247773
0.035859
0.106661
0.181360
0.433550
0.113463
0.018182
0.240843
0.166103
0.357878
0.178399
0.589858
0.270767
0.317454
0.513296
0.387038
0.154500
0.572751
0.486078
0.425766
0.201941
0.303705
0.442972
0.025086
0.077741
0.108775
0.255064
0.273575
0.149821
0.422848
0.484242
0.354409
0.353962
0.010111
0.331193
0.371066
0.290636
0.469934
0.601881
0.125385
0.163101
0.390770
0.113782
0.020690
0.537954
0.127145
0.000626
0.375521
0.293943
0.199557
0.249927
0.011027
0.291202
0.062392
0.107274
0.195360
0.167324
0.113776
0.306008
0.000713
0.288099
0.202991
0.327651
0.273429
0.311875
0.443736
0.071363
0.432491
0.079474
0.246003
0.225158
0.164239
0.117105
0.283863
0.008078
0.115576
0.393560
0.045665
0.006024
0.495990
0.149348
0.111929
0.426806
0.385763
0.196301
0.237472
0.069925
0.205844
0.346904
0.144741
0.186718
0.213761
0.340352
0.140064
0.295239
0.286014
0.062960
0.181461
0.221976
0.590554
0.016743
0.213442
0.053850
0.306652
0.099355
0.433735
0.348505
0.213714
0.309602
0.157743
0.304527
0.468214
0.596737
0.145561
0.368401
0.477382
0.130684
0.373738
0.370377
0.160601
0.368252
0.140799
0.123150
0.366318
0.691250
0.139622
0.508632
0.326572
0.145009
0.217935
0.256795
0.042280
0.146113
0.177859
0.478225
0.015682
0.372195
0.280258
0.444859
0.459753
0.167402
0.265267
0.391932
0.460700
0.568962
0.354566
0.084393
0.349014
0.368095
0.069683
0.089196
0.029090
0.103516
0.053621
0.148292
0.368980
0.437042
0.192724
0.181279
0.416876
0.181248
0.442251
0.641593
0.222189
0.187587
0.137915
0.213609
0.478482
0.351046
0.271903
0.022344
0.276389
0.638286
0.316890
0.084667
0.008033
0.380613
0.420521
0.104944
0.338644
0.357375
0.010532
0.380788
0.108737
0.480322
0.125861
0.167636
0.271117
0.181871
0.252847
0.480322
0.169970
0.195574
0.302543
0.185583
0.133374
0.111457
0.178338
0.227110
0.101641
0.013644
0.099348
0.243951
0.083553
0.305942
0.027686
0.032971
0.324084
0.384197
0.008154
0.602403
0.578047
0.110489
0.093007
0.448509
0.406290
0.227241
0.000405
0.503489
0.233819
0.172651
0.669873
0.257878
0.022145
0.177935
0.429014
0.149644
0.453113
0.118107
0.011715
0.269388
0.156462
0.128557
0.165477
0.126149
0.048220
0.406079
0.500668
0.622904
0.147032
0.464285
0.481682
0.240022
0.189258
0.214141
0.363154
0.094344
0.224362
0.167863
0.379701
0.380076
0.403220
0.224366
0.663942
0.538872
0.306486
0.149228
0.153114
0.049488
0.417446
0.008885
0.145016
0.197707
0.132241
0.183529
0.211540
0.306224
0.302344
0.109958
0.032948
0.391022
0.344675
0.615152
0.174375
0.128338
0.058478
0.011993
0.312034
0.187901
0.561037
0.252318
0.168144
0.307306
0.285741
0.072415
0.274132
0.536543
0.287635
0.134308
0.306001
0.092027
0.239410
0.056893
0.180221
0.084737
0.316218
0.111411
0.215806
0.301266
0.342365
0.247438
0.371566
0.026478
0.009524
0.025299
0.125942
0.296281
0.465736
0.589190
0.347461
0.105495
0.302334
0.268870
0.365029
0.301307
0.538601
0.060999
0.338613
0.194388
0.179248
0.198690
0.100309
0.439523
0.243809
0.327881
0.599288
0.145835
0.442510
0.220261
0.196395
0.002466
0.142209
0.260363
0.252081
0.158437
0.418442
0.199149
0.528781
0.471579
0.147999
0.506857
0.284898
0.428116
0.407982
0.362542
0.060126
0.099500
0.409510
0.313249
0.027402
0.097058
0.089733
0.001645
0.248408
0.379909
0.225588
0.382942
0.335410
0.273178
0.003416
0.190959
0.103796
0.228944
0.323880
0.166193
0.540274
0.275361
0.296337
0.066637
0.262301
0.090593
0.384114
0.362618
0.364288
0.649348
0.501678
0.224840
0.401714
0.373229
0.373059
0.237448
0.077863
0.202476
0.370724
0.329835
0.075802
0.196614
0.065140
0.468676
0.341263
0.017035
0.323641
0.050249
0.043366
0.513021
0.314119
0.312454
0.320291
0.043927
0.579073
0.264118
0.170805
0.148252
0.516799
0.489634
0.055433
0.052121
0.151316
0.082896
0.212908
0.212187
0.169569
0.172248
0.072791
0.327456
0.138063
0.003325
0.256886
0.086394
0.086032
0.056020
0.251296
0.508651
0.392530
0.017944
0.252498
0.249828
0.299236
0.331559
0.358187
0.134450
0.079776
0.051168
0.157026
0.043528
0.167377
0.125164
0.144343
0.170629
0.170668
0.005268
0.130763
0.395608
0.071685
0.374208
0.147045
0.179158
0.522458
0.316572
0.219698
0.298813
0.432760
0.148542
0.692077
0.530430
0.205532
0.117143
0.184099
0.443443
0.151519
0.314478
0.200201
0.367750
0.440865
0.307953
0.155562
0.286079
0.444868
0.370969
0.027502
0.160543
0.071033
0.443132
0.236298
0.168138
0.022809
0.212471
0.096675
0.254563
0.591782
0.286061
0.221477
0.316038
0.252015
0.240606
0.263078
0.310292
0.427256
0.576785
0.211382
0.424382
0.250495
0.007863
0.000549
0.405101
0.254626
0.138160
0.268968
0.047148
0.300212
0.399097
0.470224
0.058458
0.305767
0.690971
0.112955
0.080908
0.378738
0.252630
0.288503
0.094120
0.175087
0.176723
0.368528
0.090152
0.361796
0.494282
0.149574
0.098958
0.027321
0.280112
0.091568
0.153499
0.132383
0.392739
0.139068
0.171989
0.030187
0.052385
0.023141
0.338657
0.037469
0.402739
0.339251
0.413814
0.184266
0.114965
0.197616
0.221226
0.195012
0.149345
0.124679
0.199354
0.220543
0.407535
0.089359
0.156660
0.457979
0.162250
0.176219
0.016680
0.226645
0.010712
0.359477
0.214804
0.352919
0.381006
0.191977
0.079991
0.045230
0.433497
0.372441
0.084104
0.649146
0.145107
0.183658
0.051654
0.035060
0.088534
0.193741
0.124813
0.365063
0.263007
0.275085
0.346775
0.064912
0.049806
0.019541
0.294878
0.188282
0.280205
0.002230
0.081084
0.132085
0.256262
0.448895
0.352025
0.264322
0.052158
0.165916
0.042634
0.248491
0.264401
0.001599
0.340795
0.422017
0.497707
0.079961
0.387960
0.081228
0.407111
0.204409
0.480612
0.226897
0.672187
0.524779
0.281401
0.016308
0.101038
0.461442
0.535095
0.090474
0.724712
0.244321
0.249046
0.141027
0.542141
0.252754
0.237087
0.569780
0.366402
0.221274
0.038481
0.081557
0.399536
0.291099
0.276041
0.121796
0.079734
0.025232
0.031029
0.024120
0.496463
0.208111
0.123079
0.459589
0.156715
0.450875
0.322115
0.354501
0.292475
0.197659
0.131169
0.233960
0.310289
0.005216
0.483940
0.477726
0.028346
0.000884
0.415234
0.162327
0.196126
0.025850
0.250319
0.068154
0.163613
0.025491
0.013884
0.340903
0.016677
0.427130
0.488234
0.319550
0.488177
0.580904
0.212884
0.074052
0.175677
0.481996
0.142212
0.532986
0.254974
0.208283
0.320401
0.294762
0.372178
0.033505
0.206445
0.069595
0.303344
0.492582
0.201480
0.252794
0.244168
0.404261
0.111152
0.431332
0.340200
0.294343
0.609513
0.245324
0.118830
0.224943
0.120578
0.389172
0.255390
0.473181
0.107460
0.434785
0.122564
0.055991
0.114170
0.196767
0.507226
0.049109
0.489941
0.178868
0.209426
0.567539
0.192534
0.568356
0.433142
0.039735
0.150551
0.264756
0.157318
0.249652
0.044665
0.463921
0.518336
0.245892
0.371851
0.182744
0.062765
0.157164
0.389412
0.106899
0.064470
0.055670
0.063485
0.025774
0.166674
0.350050
0.280414
0.240133
0.225746
0.422531
0.065189
0.401957
0.539457
0.409280
0.352306
0.195211
0.138843
0.266669
0.403193
0.299325
0.010592
0.019805
0.079136
0.355167
0.182961
0.446399
0.231977
0.033518
0.485944
0.539290
0.131828
0.212956
0.207967
0.057016
0.276089
0.097968
0.521763
0.006289
0.059947
0.462572
0.241475
0.377789
0.018021
0.090778
0.410766
0.283954
0.405157
0.280749
0.511656
0.190924
0.264527
0.087939
0.243183
0.261439
0.316265
0.301779
0.075596
0.475608
0.264504
0.194100
0.608969
0.376156
0.080296
0.752329
0.299743
0.183433
0.238673
0.493298
0.408263
0.215223
0.109824
0.505606
0.305349
0.412803
0.446096
0.033744
0.175005
0.434080
0.434644
0.027006
0.261954
0.159290
0.236667
0.045716
0.172153
0.169670
0.350417
0.125966
0.337656
0.273291
0.135055
0.591242
0.080962
0.328200
0.445819
0.344673
0.015197
0.403498
0.045492
0.105239
0.221695
0.243566
0.000976
0.652886
0.318203
0.544365
0.372218
0.133264
0.385962
0.000596
0.294119
0.563835
0.255588
0.039150
0.400806
0.000429
0.002238
0.647492
0.036185
0.450709
0.091141
0.344025
0.276400
0.186268
0.034555
0.810664
0.374705
0.069892
0.215412
0.563645
0.364974
0.242304
0.076454
0.096844
0.112321
0.128275
0.269405
0.049944
0.431177
0.507612
0.224181
0.339181
0.136727
0.226810
0.097069
0.182909
0.112815
0.121889
0.288527
0.167473
0.095875
0.390440
0.128368
0.275829
0.094629
0.360316
0.588869
0.463916
0.603665
0.426480
0.593327
0.413561
0.252362
0.174446
0.361301
0.123343
0.006317
0.343139
0.184053
0.413794
0.041363
0.194690
0.230932
0.336409
0.016062
0.283327
0.316250
0.468628
0.371221
0.109099
0.212498
0.274065
0.063097
0.152452
0.055116
0.451963
0.397055
0.123190
0.033101
0.030675
0.560451
0.257849
0.081328
0.256840
0.174088
0.199677
0.165246
0.024170
0.179875
0.271950
0.548888
0.108449
0.129814
0.151066
0.360930
0.582638
0.034807
0.038971
0.058523
0.573224
0.165809
0.450299
0.235821
0.311065
0.598744
0.476052
0.194111
0.374497
0.370144
0.162108
0.505051
0.130994
0.292105
0.177350
0.251979
0.357152
0.216592
0.508794
0.366600
0.157865
0.111906
0.274136
0.416856
0.338733
0.448634
0.374365
0.195790
0.174257
0.650447
0.079204
0.149863
0.272312
0.324675
0.018049
0.282223
0.706727
0.245281
0.405622
0.303638
0.061487
0.150722
0.101339
0.305366
0.245746
0.092096
0.200601
0.056647
0.163680
0.379927
0.065158
0.181219
0.230547
0.034963
0.620051
0.219394
0.160263
0.274889
0.181058
0.171687
0.095609
0.154339
0.342262
0.398213
0.618265
0.545899
0.467231
0.014751
0.562206
0.218448
0.453166
0.009394
0.012085
0.191096
0.257914
0.107035
0.010773
0.063265
0.602116
0.034440
0.050685
0.253476
0.087650
0.749873
0.050937
0.121478
0.077670
0.250329
0.284128
0.023197
0.698581
0.252605
0.176126
0.596797
0.451363
0.501063
0.606643
0.512982
0.001782
0.560779
0.404610
0.047207
0.015090
0.029727
0.477236
0.611312
0.279070
0.311890
0.090136
0.665306
0.135253
0.078445
0.136906
0.172522
0.225721
0.095049
0.157693
0.318613
0.378076
0.057547
0.115107
0.110517
0.186950
0.216723
0.357521
0.093974
0.277604
0.271374
0.394716
0.304963
0.325573
0.265196
0.312759
0.166655
0.031682
0.456830
0.444302
0.127503
0.079528
0.246182
0.115124
0.252170
0.022210
0.344631
0.049246
0.103416
0.236955
0.429595
0.001857
0.014570
0.215243
0.112968
0.315939
0.194926
0.588941
0.284363
0.316274
0.512249
0.368181
0.199272
0.526659
0.588065
0.337341
0.104356
0.314559
0.380807
0.195613
0.079055
0.080557
0.163532
0.115439
0.193906
0.435404
0.247076
0.340226
0.363946
0.264588
0.273441
0.267117
0.174870
0.286902
0.495161
0.254211
0.201702
0.328131
0.067223
0.177255
0.551876
0.205881
0.026012
0.299018
0.334734
0.127441
0.282191
0.118045
0.279447
0.052469
0.271719
0.167780
0.184710
0.087606
0.338155
0.234353
0.090396
0.064321
0.290868
0.246140
0.103418
0.466101
0.014058
0.297093
0.121214
0.280190
0.193432
0.078871
0.220628
0.273652
0.227428
0.173889
0.374211
0.177756
0.104779
0.516611
0.192021
0.004953
0.448493
0.342172
0.227851
0.141201
0.047751
0.157241
0.233262
0.093159
0.100804
0.227722
0.431667
0.182071
0.271708
0.299293
0.015086
0.322328
0.280156
0.617441
0.053813
0.289154
0.051028
0.395124
0.036115
0.478145
0.403956
0.372209
0.373144
0.198750
0.316246
0.423134
0.578269
0.199077
0.320337
0.469160
0.092765
0.360952
0.325291
0.203640
0.330333
0.087571
0.136868
0.262408
0.561948
0.068855
0.409394
0.374596
0.070059
0.324303
0.251730
0.124352
0.195802
0.259496
0.508308
0.029170
0.411405
0.215590
0.486067
0.576146
0.201330
0.394259
0.558980
0.446078
0.711955
0.212846
0.111749
0.396695
0.257570
0.014052
0.136313
0.000277
0.075101
0.108082
0.093594
0.314973
0.251177
0.333507
0.222512
0.447095
0.391956
0.228275
0.430297
0.300517
0.189534
0.094681
0.277797
0.622909
0.232295
0.190283
0.108566
0.231353
0.626425
0.236575
0.023203
0.033995
0.382075
0.331917
0.043207
0.309130
0.390268
0.053369
0.481650
0.006767
0.556400
0.197888
0.139963
0.462369
0.189390
0.294430
0.451085
0.208081
0.110765
0.361449
0.219116
0.198884
0.054291
0.096567
0.311867
0.200472
0.122833
0.241571
0.116520
0.000869
0.243121
0.007606
0.012410
0.271309
0.517684
0.045924
0.539480
0.495640
0.081853
0.158116
0.371748
0.167352
0.067054
0.189701
0.500314
0.151910
0.092935
0.461781
0.181084
0.029981
0.183865
0.329021
0.254355
0.567831
0.164329
0.155877
0.292054
0.179272
0.039135
0.197112
0.055809
0.054123
0.271693
0.422872
0.527429
0.088346
0.342658
0.397753
0.292035
0.243020
0.312041
0.389080
0.206309
0.364353
0.079737
0.384562
0.261913
0.521297
0.270986
0.696848
0.542463
0.165016
0.016459
0.118511
0.026213
0.410964
0.181636
0.069780
0.392720
0.130919
0.120203
0.238672
0.339242
0.249014
0.143293
0.053304
0.353048
0.310428
0.616305
0.103792
0.241073
0.047162
0.105211
0.360596
0.118702
0.515277
0.302018
0.284749
0.399991
0.341420
0.057278
0.219049
0.375333
0.264936
0.211117
0.253532
0.125302
0.184263
0.096536
0.312085
0.140366
0.160155
0.107905
0.193276
0.238695
0.331345
0.181406
0.415288
0.178128
0.056500
0.097889
0.159138
0.194524
0.395154
0.419104
0.352826
0.173843
0.273704
0.394822
0.392196
0.106901
0.529001
0.110247
0.421038
0.301050
0.239327
0.112849
0.150717
0.471166
0.208978
0.369561
0.470420
0.233210
0.401987
0.076506
0.348502
0.012144
0.292993
0.185359
0.121580
0.063160
0.292774
0.183990
0.552350
0.630996
0.085614
0.465354
0.098831
0.353662
0.315973
0.362391
0.137154
0.014573
0.319773
0.365705
0.062795
0.005124
0.107437
0.079867
0.313251
0.269801
0.209960
0.426556
0.342645
0.209456
0.198702
0.176222
0.005393
0.190500
0.307642
0.093879
0.439321
0.302090
0.325314
0.185930
0.203120
0.275768
0.355786
0.268551
0.270143
0.601808
0.355254
0.397609
0.267922
0.380249
0.317533
0.250115
0.094872
0.302434
0.449706
0.453699
0.055255
0.210332
0.029201
0.478744
0.269088
0.046441
0.323704
0.105783
0.010068
0.571921
0.356548
0.360465
0.358300
0.078024
0.480463
0.362324
0.235850
0.099603
0.457124
0.428705
0.097966
0.021707
0.250950
0.190938
0.151763
0.108603
0.196090
0.238057
0.067971
0.310117
0.293248
0.110310
0.389814
0.039597
0.139238
0.021926
0.270764
0.400443
0.397194
0.161176
0.103726
0.346954
0.258611
0.237048
0.294790
0.084274
0.134841
0.056397
0.382048
0.034222
0.015617
0.016899
0.144466
0.173545
0.098490
0.099128
0.096492
0.429244
0.050596
0.402045
0.162184
0.218705
0.518232
0.437656
0.096354
0.256893
0.357058
0.010447
0.728757
0.580793
0.244080
0.256252
0.120803
0.360855
0.208632
0.340679
0.209913
0.478072
0.551016
0.217902
0.104998
0.362410
0.392994
0.318753
0.003527
0.204097
0.129076
0.472263
0.272824
0.066758
0.012132
0.207172
0.042430
0.265266
0.531040
0.195679
0.310393
0.313027
0.300571
0.253266
0.479725
0.251017
0.514847
0.584652
0.271855
0.443153
0.194275
0.031833
0.031075
0.395975
0.204808
0.289576
0.210258
0.112356
0.243846
0.334404
0.376130
0.130370
0.158209
0.750094
0.127651
0.035115
0.280750
0.231686
0.245596
0.253449
0.364284
0.277192
0.511170
0.047150
0.354632
0.269339
0.042453
0.201328
0.110912
0.374287
0.145707
0.076927
0.043781
0.398971
0.096440
0.235923
0.292285
0.074904
0.004661
0.462566
0.057782
0.374998
0.328613
0.511620
0.098881
0.249653
0.284328
0.149084
0.202371
0.191726
0.145470
0.141466
0.207312
0.361989
0.092853
0.128041
0.454034
0.009311
0.191764
0.099571
0.210027
0.024075
0.418877
0.135149
0.332740
0.430528
0.125352
0.122190
0.002704
0.252710
0.315873
0.175560
0.529642
0.349741
0.026870
0.024326
0.004766
0.084547
0.137719
0.216732
0.351681
0.227055
0.239740
0.478028
0.221287
0.023993
0.075944
0.400675
0.083796
0.213760
0.100793
0.178970
0.052699
0.280120
0.421385
0.382354
0.232727
0.004035
0.154337
0.059445
0.120259
0.239776
0.016127
0.246979
0.373738
0.586930
0.112862
0.350662
0.042420
0.406898
0.170177
0.392136
0.265253
0.633598
0.495253
0.257247
0.048192
0.070736
0.513036
0.608702
0.202158
0.717064
0.222983
0.173511
0.024882
0.522857
0.153928
0.205696
0.587887
0.486099
0.255709
0.006892
0.069805
0.293751
0.316782
0.190118
0.088479
0.126348
0.031725
0.047592
0.111367
0.559533
0.227807
0.153154
0.473455
0.151921
0.375424
0.363600
0.308169
0.328491
0.007367
0.032078
0.202590
0.373535
0.062593
0.437338
0.367890
0.155837
0.010500
0.444525
0.167714
0.073450
0.082267
0.232257
0.046726
0.221071
0.093434
0.114098
0.366442
0.078877
0.371901
0.434066
0.244014
0.530967
0.513807
0.189388
0.228038
0.200364
0.475936
0.164273
0.442902
0.248611
0.238686
0.451631
0.356164
0.402590
0.088400
0.220566
0.106788
0.349227
0.517591
0.245588
0.324879
0.267270
0.463771
0.090523
0.237684
0.321679
0.370345
0.543305
0.316986
0.202705
0.250125
0.149068
0.469937
0.362584
0.432796
0.000543
0.490575
0.186396
0.112355
0.132488
0.191830
0.530356
0.011813
0.448481
0.177471
0.141178
0.631124
0.150749
0.510852
0.387936
0.153518
0.161076
0.420823
0.087510
0.194745
0.105870
0.313837
0.431692
0.077139
0.360607
0.273373
0.086283
0.188036
0.416247
0.004923
0.010719
0.045791
0.006497
0.109786
0.204550
0.290656
0.234076
0.385721
0.131359
0.439838
0.013257
0.304426
0.351490
0.415039
0.343987
0.394377
0.099396
0.355015
0.374606
0.375604
0.033313
0.039612
0.009917
0.260082
0.178035
0.481892
0.266507
0.084249
0.383992
0.518936
0.343535
0.190615
0.276576
0.036023
0.095535
0.201882
0.468612
0.134098
0.027602
0.476006
0.296072
0.454973
0.050225
0.095890
0.500422
0.198782
0.304601
0.355242
0.421508
0.105264
0.292316
0.122843
0.307618
0.238083
0.138423
0.282678
0.008831
0.543978
0.103015
0.166513
0.569216
0.211930
0.040441
0.681752
0.322271
0.153933
0.160817
0.473397
0.533322
0.070073
0.061714
0.467964
0.355205
0.351696
0.455316
0.054070
0.312744
0.280384
0.510534
0.075059
0.388835
0.127897
0.134260
0.012058
0.291696
0.233175
0.329281
0.209688
0.556057
0.178407
0.190953
0.708985
0.038947
0.251866
0.384132
0.451060
0.051217
0.624557
0.201603
0.122984
0.150259
0.205177
0.161715
0.676029
0.373286
0.551302
0.424637
0.153254
0.373253
0.126812
0.323709
0.528607
0.376631
0.140098
0.397699
0.003608
0.179976
0.637028
0.002141
0.502963
0.070597
0.463589
0.393092
0.393957
0.137809
0.658801
0.442347
0.091423
0.139535
0.488537
0.264945
0.229005
0.181664
0.144129
0.079724
0.098505
0.171038
0.004131
0.310769
0.372060
0.177530
0.455691
0.160126
0.204361
0.101928
0.229252
0.012287
0.095345
0.351414
0.172135
0.272569
0.441610
0.082512
0.464364
0.301131
0.366727
0.485032
0.297324
0.533447
0.356993
0.580045
0.470718
0.192978
0.054938
0.336004
0.200449
0.101795
0.214055
0.110034
0.372124
0.159570
0.098342
0.096407
0.322438
0.119903
0.245968
0.366898
0.485545
0.454066
0.038209
0.266690
0.213060
0.088672
0.058929
0.241391
0.552578
0.397838
0.173775
0.052467
0.059562
0.473948
0.287683
0.007464
0.233923
0.120014
0.145224
0.278490
0.053170
0.131437
0.357908
0.461506
0.200976
0.084040
0.093692
0.532091
0.554600
0.095363
0.092831
0.039140
0.473628
0.201016
0.223110
0.369636
0.234423
0.512662
0.565585
0.148655
0.224925
0.436972
0.071152
0.455412
0.060268
0.357942
0.337976
0.168363
0.423287
0.328516
0.521128
0.362358
0.123831
0.194555
0.219032
0.450206
0.338004
0.434713
0.368654
0.196673
0.123859
0.607262
0.230784
0.124035
0.358376
0.459623
0.067744
0.345718
0.625747
0.385973
0.194619
0.267096
0.067064
0.009773
0.090969
0.215459
0.220129
0.066023
0.245888
0.058543
0.148177
0.347040
0.175995
0.155981
0.279548
0.080658
0.498639
0.255068
0.163189
0.202805
0.145172
0.219288
0.088987
0.299511
0.320999
0.467932
0.566676
0.457792
0.386929
0.005008
0.484898
0.292305
0.410740
0.002833
0.090706
0.270788
0.390619
0.285788
0.006222
0.012730
0.655841
0.061319
0.004687
0.218232
0.134717
0.795008
0.009365
0.019624
0.048553
0.168985
0.334783
0.051736
0.767386
0.317692
0.039671
0.479819
0.524291
0.455120
0.487647
0.484322
0.054042
0.554354
0.411135
0.048414
0.054718
0.199661
0.491300
0.665599
0.272495
0.363428
0.020431
0.752825
0.202646
0.054109
0.049438
0.219721
0.338093
0.177427
0.053611
0.213747
0.325372
0.003876
0.045235
0.244389
0.247503
0.242344
0.237804
0.093804
0.363764
0.258549
0.396992
0.306438
0.241138
0.221709
0.335727
0.076887
0.131252
0.423601
0.392749
0.000943
0.112437
0.116431
0.076026
0.251833
0.107028
0.398562
0.017324
0.103116
0.285587
0.370450
0.087770
0.046365
0.082056
0.079504
0.274774
0.237059
0.456735
0.279118
0.272279
0.420630
0.336250
0.218407
0.385086
0.645466
0.318538
0.054551
0.328617
0.299053
0.281310
0.060975
0.079412
0.080704
0.020630
0.179304
0.465678
0.001787
0.302316
0.296263
0.367116
0.112756
0.220769
0.092186
0.156373
0.368454
0.312376
0.231265
0.270082
0.003910
0.361932
0.579539
0.284830
0.010853
0.271677
0.367227
0.074704
0.253407
0.113256
0.307424
0.106984
0.369092
0.149865
0.212330
0.255134
0.291121
0.372164
0.087500
0.094687
0.215616
0.173846
0.085384
0.441898
0.051612
0.098128
0.202177
0.266703
0.156739
0.033891
0.290250
0.295735
0.489743
0.288907
0.306814
0.259026
0.191498
0.466674
0.269086
0.125550
0.411411
0.323594
0.261138
0.068753
0.190311
0.101603
0.074389
0.112365
0.031077
0.286574
0.451934
0.213964
0.184172
0.340347
0.131694
0.434693
0.309913
0.530137
0.070098
0.349021
0.124036
0.511648
0.032369
0.393019
0.481302
0.517339
0.312300
0.241141
0.277869
0.358508
0.539380
0.171968
0.269143
0.435701
0.044586
0.322807
0.204545
0.269310
0.341113
0.036548
0.211271
0.193500
0.398669
0.050014
0.341810
0.351210
0.031633
0.373018
0.266635
0.131699
0.256729
0.274841
0.473628
0.004431
0.332629
0.159035
0.494403
0.599799
0.184751
0.501847
0.604151
0.367524
0.812135
0.105265
0.143136
0.342929
0.210475
0.038309
0.118836
0.032980
0.091927
0.100733
0.090793
0.227517
0.103982
0.491546
0.190600
0.508716
0.500991
0.030141
0.231200
0.340298
0.138702
0.335028
0.379520
0.643213
0.115053
0.132886
0.178814
0.216411
0.617946
0.099213
0.059923
0.087999
0.368470
0.264010
0.057287
0.205515
0.351043
0.143456
0.487703
0.105097
0.614046
0.246744
0.174153
0.569375
0.232327
0.301785
0.439998
0.223968
0.068987
0.378221
0.263704
0.324808
0.189600
0.048874
0.384610
0.228712
0.290262
0.389382
0.063809
0.030687
0.247825
0.041960
0.059817
0.259180
0.590345
0.092613
0.352024
0.339571
0.048589
0.217302
0.263969
0.046085
0.081414
0.394026
0.497754
0.072984
0.009575
0.208621
0.106577
0.080383
0.240184
0.247189
0.317055
0.624718
0.188451
0.238161
0.341251
0.234194
0.032214
0.239341
0.266791
0.046803
0.168892
0.247751
0.381157
0.083274
0.203469
0.228332
0.318442
0.273834
0.399638
0.304841
0.224330
0.454493
0.078753
0.395190
0.163202
0.511499
0.316984
0.600654
0.539785
0.084644
0.094987
0.098542
0.089360
0.448559
0.369413
0.071804
0.562982
0.135685
0.029162
0.279635
0.389023
0.139819
0.210371
0.095548
0.249495
0.286803
0.537709
0.006062
0.381621
0.049152
0.209513
0.439793
0.013964
0.452701
0.316461
0.396997
0.402137
0.314140
0.156820
0.134674
0.183395
0.179897
0.236193
0.166755
0.101491
0.130914
0.080958
0.393690
0.129855
0.018316
0.164404
0.170435
0.186830
0.219995
0.145105
0.429975
0.239800
0.061868
0.156302
0.123538
0.127839
0.270584
0.221174
0.377726
0.195253
0.179579
0.469266
0.354998
0.112815
0.473273
0.233085
0.509868
0.306663
0.253941
0.029013
0.177632
0.489279
0.142001
0.311648
0.268562
0.314939
0.341185
0.037230
0.511524
0.057826
0.417627
0.134089
0.002276
0.084570
0.168675
0.183990
0.555824
0.718606
0.059182
0.365196
0.151438
0.227674
0.242083
0.268560
0.107062
0.101678
0.223889
0.362776
0.045379
0.070359
0.043592
0.104843
0.359032
0.234495
0.228812
0.415196
0.225688
0.127416
0.306140
0.152333
0.009345
0.101419
0.267360
0.026073
0.358811
0.296573
0.270129
0.287376
0.195023
0.469278
0.334777
0.208173
0.168192
0.405968
0.211774
0.577511
0.142220
0.336128
0.319191
0.204106
0.253474
0.399569
0.447176
0.521368
0.193965
0.246173
0.216168
0.422664
0.195250
0.068745
0.362656
0.038539
0.051252
0.592371
0.324292
0.320244
0.401070
0.102048
0.401074
0.374350
0.322319
0.061103
0.326551
0.422012
0.049992
0.123247
0.277653
0.301522
0.041433
0.052267
0.281638
0.377160
0.152527
0.277345
0.401310
0.169953
0.550652
0.013885
0.175105
0.033016
0.280459
0.218015
0.368530
0.294729
0.018878
0.422193
0.174169
0.095429
0.188419
0.064000
0.226295
0.097455
0.574821
0.092027
0.182608
0.047330
0.192368
0.253739
0.068575
0.210977
0.057018
0.382264
0.022710
0.296521
0.173125
0.229724
0.497359
0.463658
0.011999
0.253282
0.271769
0.136504
0.688704
0.518264
0.290184
0.370949
0.001226
0.242371
0.212323
0.258772
0.196596
0.528650
0.593299
0.109695
0.102243
0.413557
0.424240
0.266353
0.066216
0.256957
0.184867
0.444097
0.266469
0.018120
0.027240
0.247822
0.022408
0.264444
0.468290
0.108757
0.376041
0.350797
0.363468
0.213759
0.704465
0.184513
0.535808
0.565110
0.298130
0.349462
0.144256
0.095256
0.047197
0.397039
0.213813
0.397967
0.175112
0.226651
0.174353
0.242539
0.221792
0.189190
0.020990
0.703929
0.116207
0.002050
0.197628
0.269442
0.137853
0.247364
0.515574
0.301854
0.576103
0.042804
0.288856
0.015000
0.215785
0.275370
0.116934
0.452350
0.089666
0.034488
0.018234
0.410349
0.020285
0.344000
0.630682
0.108789
0.185422
0.555654
0.189061
0.365420
0.256792
0.600441
0.028996
0.296996
0.313174
0.044188
0.255145
0.237392
0.210341
0.137128
0.253450
0.281934
0.065160
0.190957
0.391296
0.180652
0.173858
0.129902
0.239635
0.093214
0.434805
0.061761
0.268730
0.401411
0.126068
0.133742
0.082944
0.063536
0.263799
0.219349
0.369244
0.547640
0.090071
0.023018
0.022560
0.115909
0.070772
0.312950
0.318650
0.168816
0.212836
0.490168
0.319221
0.055472
0.218200
0.488380
0.042421
0.126167
0.208858
0.280258
0.044807
0.239488
0.374719
0.328843
0.231624
0.053943
0.150247
0.036747
0.079081
0.256962
0.011399
0.088093
0.326188
0.612343
0.259217
0.324324
0.042686
0.414973
0.124611
0.299423
0.352719
0.524984
0.436349
0.234744
0.062950
0.072979
0.562691
0.590134
0.287462
0.594375
0.205137
0.057492
0.178319
0.451315
0.018868
0.197717
0.560708
0.545487
0.222045
0.088742
0.032715
0.177754
0.392732
0.128844
0.016849
0.228230
0.173216
0.038193
0.241320
0.494980
0.275093
0.148949
0.502763
0.125614
0.260283
0.389782
0.281415
0.409830
0.270846
0.069027
0.216812
0.344275
0.085087
0.358298
0.196044
0.239448
0.058717
0.483092
0.101848
0.054378
0.200346
0.265026
0.023106
0.352228
0.109912
0.243625
0.389329
0.159488
0.347360
0.303987
0.193746
0.476112
0.404606
0.189408
0.329548
0.202048
0.414870
0.194140
0.391117
0.253394
0.284636
0.490518
0.378164
0.456876
0.092580
0.250577
0.240676
0.390627
0.589071
0.331444
0.332210
0.219659
0.481962
0.082863
0.046387
0.233784
0.435116
0.406122
0.392397
0.326595
0.253193
0.156460
0.561454
0.436714
0.360255
0.097637
0.474496
0.245341
0.260120
0.165534
0.195547
0.508757
0.102012
0.443326
0.166271
0.081818
0.608200
0.101745
0.338248
0.343651
0.313072
0.077355
0.435025
0.120519
0.160933
0.057928
0.191387
0.322268
0.093524
0.361706
0.287297
0.156162
0.218800
0.464038
0.204211
0.008677
0.045337
0.168523
0.201409
0.250295
0.159406
0.231365
0.428612
0.024633
0.403822
0.045312
0.217415
0.239771
0.417504
0.423476
0.471548
0.056660
0.387738
0.361066
0.366041
0.023388
0.099775
0.169436
0.103182
0.214713
0.460399
0.196830
0.108602
0.293144
0.475938
0.556318
0.093539
0.355191
0.037817
0.025335
0.252662
0.369674
0.260602
0.036711
0.313312
0.293374
0.548902
0.181014
0.105814
0.558659
0.096116
0.148668
0.373866
0.323626
0.006823
0.342601
0.133335
0.372866
0.173328
0.009156
0.263064
0.002202
0.560633
0.072560
0.013076
0.522345
0.071598
0.177929
0.482907
0.296899
0.026287
0.038782
0.404028
0.555863
0.041773
0.063519
0.384852
0.383260
0.278625
0.401064
0.103494
0.430913
0.162183
0.472323
0.167525
0.445425
0.100009
0.015383
0.015417
0.418303
0.302816
0.238183
0.270023
0.646775
0.076217
0.221924
0.699920
0.036829
0.157108
0.376956
0.489753
0.083856
0.675537
0.321321
0.323650
0.082421
0.219629
0.286007
0.606426
0.450793
0.475030
0.359542
0.131547
0.373561
0.247394
0.272482
0.412722
0.479112
0.310977
0.427960
0.021504
0.371206
0.578056
0.019377
0.473386
0.267428
0.467496
0.422432
0.639985
0.175982
0.401786
0.478340
0.209885
0.116519
0.475904
0.129270
0.203428
0.309663
0.129441
0.024544
0.145122
0.092236
0.067063
0.172348
0.258632
0.130337
0.564002
0.149918
0.210423
0.119167
0.259551
0.123102
0.089714
0.382093
0.148489
0.324858
0.466293
0.100267
0.583759
0.455802
0.344001
0.390469
0.118280
0.419646
0.293138
0.472039
0.440414
0.130145
0.031305
0.224008
0.280676
0.229533
0.045731
0.069122
0.307954
0.314869
0.049109
0.011332
0.295420
0.205787
0.220849
0.353893
0.364092
0.467567
0.055241
0.288224
0.226164
0.147752
0.089988
0.412784
0.525207
0.392864
0.177447
0.074405
0.115440
0.389119
0.289614
0.015215
0.234625
0.061866
0.092618
0.382268
0.200227
0.070132
0.389377
0.331527
0.321303
0.004812
0.006679
0.641231
0.438196
0.147485
0.141210
0.019511
0.365631
0.211166
0.026667
0.439420
0.131962
0.414087
0.515395
0.079954
0.110449
0.437545
0.088902
0.336318
0.112456
0.352694
0.378816
0.084093
0.424114
0.420456
0.498563
0.385216
0.092799
0.238571
0.174921
0.407748
0.305806
0.391425
0.348554
0.193398
0.065806
0.523075
0.341771
0.116493
0.456543
0.549936
0.159516
0.338603
0.537193
0.481059
0.010367
0.149073
0.043321
0.117382
0.013537
0.176463
0.202517
0.078811
0.165123
0.134924
0.197460
0.303545
0.252404
0.122488
0.272516
0.068568
0.360282
0.254535
0.182902
0.103587
0.165154
0.289942
0.034895
0.442505
0.218414
0.532554
0.344288
0.327808
0.193943
0.067799
0.378056
0.359560
0.396967
0.004293
0.074233
0.350222
0.421577
0.427418
0.000194
0.051875
0.575378
0.146932
0.046367
0.165522
0.154724
0.704515
0.008885
0.128948
0.128033
0.071330
0.347444
0.073127
0.699683
0.355904
0.092718
0.330665
0.518172
0.308155
0.353519
0.351202
0.065327
0.476979
0.387234
0.023790
0.208410
0.360498
0.404107
0.610194
0.249581
0.397650
0.135807
0.661500
0.331494
0.054151
0.244322
0.221451
0.415714
0.254281
0.034536
0.124535
0.308223
0.079362
0.003919
0.369467
0.217854
0.252152
0.179796
0.063933
0.398342
0.169892
0.362041
0.299167
0.159311
0.190450
0.375431
0.040939
0.199082
0.363205
0.261731
0.071392
0.173783
0.021428
0.051223
0.251242
0.199241
0.469158
0.033872
0.151704
0.397319
0.310469
0.169011
0.127091
0.065779
0.013498
0.230171
0.286626
0.307654
0.254280
0.189746
0.283278
0.306223
0.281014
0.122440
0.618484
0.227744
0.193256
0.316427
0.241085
0.309567
0.036109
0.150711
0.009311
0.130217
0.122948
0.531613
0.268289
0.225272
0.228115
0.324189
0.055438
0.180965
0.017486
0.054065
0.271614
0.406323
0.239613
0.202079
0.046447
0.474709
0.599999
0.371022
0.006055
0.215756
0.422853
0.022618
0.222331
0.063330
0.379045
0.157440
0.438273
0.110611
0.324375
0.368040
0.320385
0.466443
0.287363
0.241707
0.145363
0.095270
0.176773
0.332819
0.187966
0.156129
0.337519
0.257807
0.107231
0.071738
0.343217
0.342772
0.673826
0.407826
0.229139
0.342497
0.290874
0.347036
0.348851
0.238671
0.288340
0.288590
0.230136
0.004821
0.354061
0.091975
0.099153
0.064315
0.150118
0.304845
0.523028
0.205509
0.039641
0.374035
0.179141
0.541818
0.322401
0.367484
0.014766
0.430003
0.204659
0.567624
0.031795
0.290102
0.472415
0.531345
0.173747
0.249899
0.222324
0.272458
0.526209
0.101766
0.223042
0.341424
0.049737
0.223375
0.049729
0.340149
0.307183
0.213818
0.311466
0.101135
0.184571
0.111517
0.263117
0.229437
0.058363
0.467752
0.319765
0.031761
0.235667
0.260829
0.510091
0.009055
0.255339
0.191097
0.427592
0.536362
0.093822
0.607439
0.583336
0.322801
0.802448
0.010346
0.143551
0.230091
0.226956
0.107271
0.052635
0.105645
0.127340
0.038460
0.035654
0.198845
0.004626
0.590704
0.085102
0.528225
0.561090
0.137816
0.096298
0.322300
0.039567
0.594955
0.424959
0.588512
0.016005
0.049981
0.224295
0.226343
0.514603
0.020902
0.226646
0.116139
0.344783
0.219372
0.144620
0.093557
0.295618
0.210592
0.453026
0.135288
0.553260
0.356325
0.237988
0.650773
0.271519
0.224558
0.448417
0.209286
0.042566
0.407676
0.248265
0.412529
0.307028
0.045580
0.463502
0.229800
0.454488
0.488744
0.008051
0.042634
0.275002
0.096453
0.127808
0.226024
0.555405
0.093677
0.188894
0.137029
0.077209
0.282460
0.196035
0.230720
0.244126
0.623058
0.392328
0.010566
0.091540
0.032771
0.089397
0.194522
0.238939
0.142208
0.324156
0.557967
0.105904
0.230361
0.358850
0.275129
0.091278
0.305540
0.455106
0.048409
0.149512
0.099441
0.177281
0.137850
0.036917
0.093828
0.318591
0.315746
0.507299
0.281124
0.208250
0.541653
0.066685
0.416157
0.106258
0.425743
0.362957
0.423035
0.513119
0.012981
0.071372
0.129018
0.210899
0.496852
0.528051
0.090106
0.629356
0.114212
0.138084
0.323599
0.348198
0.004574
0.285461
0.093403
0.197463
0.321147
0.413636
0.043528
0.461084
0.026028
0.365922
0.426241
0.049867
0.365769
0.287373
0.483498
0.405083
0.314325
0.250205
0.103930
0.031999
0.091502
0.237170
0.135335
0.027657
0.094103
0.035247
0.419573
0.042290
0.201569
0.243553
0.237567
0.166379
0.089373
0.080652
0.367406
0.199326
0.011207
0.306573
0.079977
0.046797
0.152060
0.055940
0.360300
0.185436
0.089274
0.516426
0.256326
0.288269
0.347625
0.256742
0.529233
0.344103
0.302789
0.008855
0.177738
0.466679
0.115920
0.254944
0.073208
0.444501
0.277948
0.106253
0.599317
0.117372
0.521577
0.131777
0.014778
0.294697
0.016284
0.207468
0.538406
0.710679
0.096879
0.243138
0.462540
0.110177
0.193828
0.127233
0.081072
0.259813
0.101139
0.384280
0.036556
0.090691
0.045074
0.170521
0.450543
0.263440
0.174486
0.427829
0.143338
0.089232
0.403142
0.142490
0.025539
0.041210
0.288212
0.010627
0.262715
0.291473
0.219915
0.327199
0.226638
0.515946
0.338119
0.124374
0.009879
0.211434
0.055586
0.689402
0.095266
0.294233
0.335802
0.148978
0.398947
0.432954
0.410485
0.550274
0.231113
0.285585
0.357203
0.365604
0.108158
0.094873
0.356324
0.040129
0.081641
0.494697
0.326118
0.235281
0.341210
0.026253
0.234405
0.399740
0.333261
0.106042
0.127590
0.397447
0.028380
0.199189
0.264143
0.428277
0.041011
0.024707
0.295042
0.525462
0.196937
0.258033
0.498890
0.188828
0.614867
0.004145
0.273810
0.111906
0.262582
0.008029
0.315508
0.349777
0.014661
0.497609
0.080695
0.039385
0.168204
0.078520
0.280448
0.089150
0.746769
0.068012
0.348992
0.020824
0.207252
0.314156
0.033173
0.321639
0.020130
0.367034
0.045313
0.219685
0.285569
0.203492
0.391330
0.455865
0.065136
0.218158
0.109670
0.218094
0.588303
0.478790
0.427777
0.422497
0.136336
0.214889
0.196474
0.129291
0.226680
0.525384
0.574598
0.029115
0.118036
0.418519
0.506371
0.213577
0.149577
0.327016
0.305209
0.437180
0.305826
0.087898
0.046390
0.338650
0.027433
0.253071
0.410659
0.009439
0.427921
0.366891
0.400792
0.227136
0.758322
0.182468
0.489080
0.471982
0.295547
0.272821
0.001855
0.210995
0.025977
0.432523
0.204557
0.460722
0.150418
0.250345
0.080697
0.205941
0.016215
0.243218
0.147191
0.529051
0.200051
0.034370
0.168806
0.224289
0.044035
0.282208
0.550745
0.213195
0.599477
0.040819
0.183487
0.232254
0.286865
0.312714
0.214488
0.471711
0.062719
0.015000
0.030394
0.387835
0.013594
0.440851
0.876685
0.157424
0.319851
0.590271
0.253043
0.287770
0.163327
0.651979
0.069813
0.159446
0.214991
0.016469
0.294548
0.287129
0.238132
0.102666
0.281716
0.146221
0.031136
0.278447
0.270148
0.282226
0.147803
0.129415
0.325623
0.131616
0.426286
0.030333
0.204523
0.335877
0.112727
0.128500
0.098774
0.021047
0.155066
0.318218
0.201784
0.599337
0.199813
0.047235
0.101491
0.165105
0.033847
0.392465
0.308161
0.078586
0.202387
0.430764
0.443061
0.037469
0.290732
0.560271
0.013630
0.034311
0.352503
0.348930
0.017866
0.201721
0.334623
0.254875
0.212490
0.125014
0.188282
0.044184
0.011782
0.234187
0.045303
0.002445
0.245352
0.516192
0.393412
0.247091
0.132293
0.428840
0.056611
0.181800
0.389030
0.381049
0.362883
0.223292
0.063074
0.069810
0.555915
0.510073
0.358616
0.365180
0.189517
0.070821
0.318446
0.368311
0.170450
0.221249
0.492687
0.551605
0.130198
0.171823
0.033512
0.044230
0.449742
0.104608
0.078827
0.328741
0.323782
0.017805
0.331712
0.409266
0.245400
0.112197
0.507442
0.092841
0.096465
0.368562
0.187861
0.438670
0.455731
0.153831
0.247403
0.276440
0.016602
0.374049
0.072051
0.278595
0.027083
0.482073
0.012313
0.067589
0.295192
0.275965
0.062060
0.408980
0.145714
0.346295
0.350528
0.267216
0.308053
0.045867
0.148099
0.496655
0.186943
0.187463
0.420166
0.213557
0.365990
0.211036
0.384667
0.199191
0.294811
0.552302
0.367519
0.455740
0.100613
0.182069
0.298807
0.309615
0.534734
0.414967
0.342799
0.123575
0.505486
0.086562
0.082281
0.085313
0.391468
0.253712
0.475185
0.459487
0.208304
0.190328
0.621284
0.470736
0.323803
0.145253
0.367520
0.270209
0.303199
0.188306
0.257853
0.392931
0.172672
0.395411
0.184436
0.012840
0.519919
0.071128
0.142130
0.301208
0.470094
0.030477
0.321407
0.158163
0.126480
0.024432
0.047150
0.166228
0.181192
0.360013
0.287843
0.287062
0.234266
0.468870
0.366943
0.001860
0.034377
0.345668
0.236080
0.286489
0.064151
0.256702
0.468798
0.081153
0.325252
0.057733
0.154180
0.129089
0.332633
0.459698
0.471289
0.012929
0.440552
0.275419
0.284223
0.029308
0.170821
0.351329
0.084882
0.274794
0.431816
0.138299
0.113117
0.190547
0.371117
0.658846
0.018881
0.327093
0.082447
0.209095
0.234797
0.191327
0.357560
0.064565
0.175083
0.329337
0.581685
0.332073
0.112507
0.460986
0.113776
0.037296
0.311273
0.191094
0.068180
0.375695
0.180707
0.384812
0.190580
0.056060
0.193404
0.020764
0.546110
0.220936
0.246948
0.495051
0.006529
0.278553
0.297557
0.300947
0.189206
0.051376
0.361679
0.493703
0.121290
0.049910
0.273294
0.390776
0.202552
0.284462
0.109265
0.508048
0.074828
0.362609
0.203936
0.475290
0.093104
0.196471
0.030815
0.529352
0.299891
0.117704
0.362732
0.671316
0.034198
0.196986
0.546278
0.083495
0.090743
0.365299
0.469782
0.061510
0.549394
0.437656
0.474472
0.018669
0.230295
0.418073
0.436433
0.472885
0.435448
0.318726
0.096353
0.416172
0.381536
0.206227
0.260428
0.580518
0.390447
0.419562
0.015772
0.550287
0.432118
0.043532
0.428426
0.426909
0.480318
0.410489
0.783200
0.229982
0.076492
0.453241
0.282727
0.059521
0.324372
0.014772
0.158467
0.378404
0.058978
0.047634
0.169601
0.048490
0.091858
0.043697
0.150833
0.089642
0.603990
0.150592
0.234366
0.079337
0.300018
0.287471
0.133406
0.357209
0.056937
0.248222
0.356149
0.142555
0.649686
0.532598
0.358342
0.244484
0.056363
0.364208
0.147053
0.339916
0.316636
0.029372
0.007483
0.182283
0.257808
0.382689
0.076964
0.047912
0.193492
0.414923
0.177542
0.050259
0.226928
0.225430
0.230869
0.373375
0.257028
0.389805
0.154764
0.305158
0.236234
0.214514
0.262036
0.532385
0.424556
0.361210
0.180679
0.007054
0.159116
0.293133
0.296605
0.063540
0.238264
0.011412
0.093193
0.528070
0.333438
0.040205
0.421538
0.178612
0.413943
0.089720
0.107263
0.639209
0.285878
0.220644
0.171368
0.025979
0.262788
0.292668
0.189221
0.470245
0.029715
0.308748
0.502857
0.038541
0.014485
0.407059
0.191255
0.282202
0.298372
0.228381
0.347802
0.117372
0.381120
0.363368
0.388672
0.346591
0.083608
0.159901
0.212259
0.381801
0.218737
0.349400
0.299762
0.171121
0.028378
0.462216
0.389456
0.083450
0.420319
0.502716
0.195098
0.344594
0.389529
0.529108
0.121831
0.012064
0.123279
0.194694
0.058665
0.184072
0.239728
0.092551
0.096687
0.152678
0.222440
0.255053
0.365754
0.105420
0.216517
0.056082
0.217344
0.299165
0.154458
0.030383
0.175434
0.339734
0.024181
0.518715
0.112928
0.553490
0.104912
0.142115
0.022119
0.110831
0.213000
0.428061
0.290973
0.034989
0.033696
0.417154
0.381239
0.536633
0.038569
0.030599
0.456566
0.262966
0.125643
0.098397
0.185111
0.645161
0.047883
0.200958
0.174613
0.037559
0.327779
0.055183
0.435249
0.299279
0.154919
0.160671
0.454864
0.094712
0.202281
0.103872
0.106342
0.408710
0.333354
0.096009
0.453919
0.552849
0.338681
0.478404
0.199794
0.408593
0.196498
0.480834
0.458018
0.007936
0.456322
0.129653
0.501807
0.303460
0.099285
0.014232
0.291220
0.189433
0.017688
0.462503
0.223793
0.196219
0.180010
0.023385
0.429260
0.107237
0.339429
0.353855
0.119721
0.100337
0.357393
0.051200
0.199240
0.224330
0.164288
0.078413
0.216755
0.076603
0.043638
0.269702
0.338108
0.488752
0.127994
0.198830
0.456289
0.200287
0.248158
0.263579
0.282420
0.043841
0.218205
0.313138
0.104231
0.210349
0.181955
0.110001
0.213318
0.287469
0.134559
0.483070
0.190969
0.305439
0.294908
0.214454
0.249733
0.008769
0.261679
0.021306
0.168551
0.034253
0.543580
0.429578
0.118593
0.167013
0.144689
0.263782
0.209480
0.083045
0.014885
0.202602
0.421293
0.185053
0.141292
0.061764
0.513452
0.548694
0.391011
0.066374
0.119527
0.411194
0.042549
0.194041
0.086911
0.413780
0.187570
0.471710
0.061509
0.433977
0.380035
0.308094
0.422650
0.396129
0.288593
0.042676
0.000911
0.173051
0.229140
0.286010
0.352723
0.486424
0.250698
0.020402
0.166728
0.355135
0.392769
0.724865
0.454542
0.142745
0.353555
0.380537
0.238589
0.402547
0.337549
0.143182
0.298471
0.134870
0.033739
0.519847
0.097230
0.215815
0.104016
0.289276
0.369280
0.478576
0.209764
0.121116
0.406067
0.179005
0.580731
0.378706
0.223355
0.056757
0.541667
0.208009
0.600703
0.033522
0.192185
0.412803
0.488268
0.006315
0.236685
0.132765
0.098899
0.507380
0.032454
0.173373
0.297279
0.033781
0.123232
0.101957
0.328654
0.293112
0.373079
0.367477
0.098355
0.004414
0.183653
0.216379
0.074959
0.082357
0.439932
0.341346
0.061430
0.159075
0.203052
0.516712
0.106578
0.127710
0.242122
0.443608
0.417972
0.057526
0.626624
0.442922
0.265284
0.694572
0.024108
0.114973
0.107521
0.239494
0.115485
0.098532
0.076497
0.166174
0.124191
0.006702
0.173890
0.013027
0.668595
0.001521
0.554418
0.592598
0.197305
0.002170
0.228712
0.071637
0.681688
0.495299
0.477303
0.063183
0.072051
0.317531
0.280937
0.386005
0.061162
0.405911
0.130534
0.364308
0.204398
0.199136
0.013047
0.259109
0.223590
0.306011
0.190166
0.525067
0.420194
0.392444
0.587498
0.340504
0.144449
0.440944
0.084318
0.080041
0.376306
0.250280
0.512814
0.397056
0.125823
0.464201
0.161639
0.560832
0.571673
0.070259
0.021552
0.298859
0.156237
0.180056
0.142008
0.454307
0.100457
0.079301
0.055562
0.095676
0.346625
0.174702
0.384438
0.374352
0.663315
0.295639
0.021171
0.140823
0.164821
0.083904
0.348190
0.281627
0.121637
0.323696
0.443341
0.046464
0.093168
0.396286
0.320840
0.087586
0.392033
0.552252
0.013501
0.163827
0.014162
0.102849
0.167515
0.095524
0.052997
0.294702
0.297864
0.562263
0.236373
0.205773
0.507024
0.102698
0.364024
0.100144
0.166577
0.420026
0.249470
0.505002
0.064125
0.017700
0.180746
0.283646
0.589793
0.603744
0.200639
0.599601
0.102713
0.188579
0.288783
0.344673
0.162244
0.341057
0.099384
0.114876
0.327847
0.297299
0.046163
0.536836
0.006554
0.461818
0.426553
0.153195
0.320455
0.180321
0.474134
0.365387
0.255835
0.280021
0.061112
0.068269
0.108587
0.225263
0.078557
0.086582
0.116252
0.001757
0.360368
0.046583
0.317822
0.323292
0.313465
0.110904
0.077724
0.016457
0.269832
0.077776
0.081145
0.386181
0.017083
0.000105
0.076853
0.045797
0.380304
0.200730
0.012884
0.506300
0.127408
0.468327
0.176762
0.194172
0.521948
0.352211
0.327358
0.041827
0.193310
0.434925
0.029393
0.157653
0.131810
0.562145
0.236499
0.120430
0.650325
0.120166
0.568072
0.137592
0.053859
0.507553
0.013190
0.173337
0.516513
0.635092
0.127447
0.104168
0.707354
0.069791
0.159402
0.031104
0.016337
0.409604
0.002737
0.352705
0.146903
0.124965
0.141137
0.153281
0.460810
0.323979
0.189403
0.421874
0.039091
0.056430
0.447622
0.148981
0.016406
0.010958
0.292647
0.085757
0.219044
0.224522
0.085004
0.394504
0.282178
0.468370
0.348847
0.039299
0.157111
0.094033
0.040488
0.697890
0.120263
0.216697
0.354144
0.088639
0.462284
0.466323
0.393331
0.577719
0.267071
0.319483
0.503511
0.295485
0.000819
0.052889
0.419032
0.206240
0.139576
0.298534
0.249457
0.116419
0.233046
0.052702
0.127875
0.405485
0.289342
0.198077
0.003257
0.414469
0.123939
0.187502
0.194495
0.518727
0.047946
0.061932
0.244810
0.640669
0.223458
0.209056
0.560717
0.137352
0.577095
0.048738
0.355508
0.144784
0.202263
0.152745
0.321943
0.304028
0.018097
0.503717
0.030947
0.084586
0.125284
0.108931
0.315252
0.034683
0.696274
0.024502
0.443054
0.063717
0.236423
0.368327
0.084001
0.389589
0.069606
0.271066
0.036498
0.064557
0.353722
0.122576
0.267151
0.349176
0.108501
0.249169
0.008307
0.275826
0.463220
0.463459
0.504062
0.407776
0.209138
0.194458
0.176998
0.011187
0.261551
0.510051
0.462675
0.101468
0.147240
0.343901
0.582414
0.155027
0.216433
0.324664
0.377373
0.423888
0.273630
0.149750
0.117711
0.477613
0.058171
0.195075
0.406200
0.067768
0.457826
0.346147
0.420931
0.160704
0.668055
0.217900
0.473372
0.353829
0.277402
0.196106
0.164206
0.355072
0.025725
0.421493
0.224796
0.411757
0.237358
0.196124
0.010231
0.193598
0.161317
0.303630
0.242487
0.306839
0.204069
0.074591
0.128752
0.199331
0.032414
0.251975
0.548312
0.030237
0.503476
0.091320
0.079767
0.422365
0.284835
0.320485
0.295581
0.478426
0.004529
0.090244
0.000035
0.388850
0.040190
0.496957
0.897853
0.232029
0.498074
0.564580
0.231430
0.212356
0.030589
0.656848
0.169631
0.063413
0.123752
0.016600
0.308745
0.323948
0.262824
0.089440
0.326820
0.023836
0.042058
0.410635
0.135310
0.354959
0.130464
0.040856
0.352440
0.148898
0.366124
0.015586
0.126846
0.254997
0.148611
0.120390
0.156544
0.078131
0.038195
0.411364
0.102595
0.547318
0.251954
0.079488
0.102541
0.259825
0.158256
0.475600
0.240942
0.049451
0.146008
0.215011
0.493567
0.089788
0.351333
0.544066
0.033735
0.016665
0.409844
0.324943
0.075508
0.130943
0.265105
0.132352
0.202429
0.266952
0.194854
0.171093
0.019426
0.210679
0.120508
0.033866
0.180489
0.413360
0.450371
0.181554
0.238912
0.409128
0.044789
0.180856
0.419493
0.233873
0.343780
0.218900
0.080120
0.064472
0.535851
0.335547
0.386445
0.189240
0.208733
0.186092
0.405474
0.259297
0.334332
0.278115
0.422984
0.459384
0.050249
0.297647
0.039662
0.057480
0.452275
0.116862
0.193497
0.428516
0.472537
0.031968
0.387523
0.216279
0.224346
0.018366
0.443408
0.058595
0.037210
0.246967
0.047673
0.524185
0.598873
0.190560
0.303068
0.184317
0.154695
0.380210
0.032390
0.289270
0.023845
0.366930
0.154755
0.115221
0.427254
0.315310
0.056586
0.477365
0.184992
0.461880
0.276969
0.384485
0.283097
0.220380
0.126863
0.428425
0.060880
0.226179
0.458600
0.198428
0.308138
0.282708
0.409833
0.145631
0.261941
0.550279
0.245472
0.402494
0.041063
0.107391
0.343691
0.260356
0.504106
0.404649
0.247867
0.000781
0.463373
0.084930
0.142375
0.034699
0.290341
0.067524
0.510533
0.425162
0.158679
0.188054
0.565613
0.338476
0.256075
0.143654
0.263497
0.258785
0.247339
0.182097
0.274721
0.289932
0.216198
0.340585
0.152617
0.003272
0.474646
0.040024
0.069605
0.256891
0.602339
0.125226
0.163943
0.247053
0.140328
0.172621
0.119446
0.076364
0.207924
0.350126
0.273109
0.448750
0.236388
0.448605
0.468733
0.008437
0.030438
0.432230
0.222843
0.382607
0.014929
0.313140
0.461059
0.172393
0.246678
0.019989
0.173283
0.092057
0.233681
0.538125
0.437207
0.059308
0.362822
0.215464
0.149982
0.077944
0.217684
0.487149
0.226466
0.348103
0.363542
0.046365
0.062522
0.127373
0.271556
0.608052
0.059184
0.252752
0.175664
0.286921
0.150477
0.062614
0.430174
0.043734
0.021234
0.258828
0.566014
0.414922
0.117486
0.319937
0.305309
0.176459
0.253495
0.098007
0.133794
0.390352
0.201609
0.432701
0.193231
0.039738
0.120083
0.091240
0.490768
0.322676
0.485781
0.474197
0.014635
0.350097
0.098387
0.227580
0.361643
0.130210
0.271454
0.346748
0.141854
0.093089
0.165017
0.317878
0.114474
0.152451
0.112509
0.556361
0.068570
0.261228
0.247642
0.419151
0.076101
0.310177
0.092461
0.586651
0.308388
0.060913
0.366557
0.565552
0.142862
0.140381
0.383463
0.153345
0.088494
0.339047
0.486277
0.017037
0.382862
0.454620
0.518722
0.014086
0.288771
0.467394
0.314438
0.472216
0.354777
0.238630
0.045816
0.442468
0.490364
0.133663
0.170997
0.619595
0.372199
0.354165
0.001659
0.598234
0.297352
0.158951
0.367691
0.545190
0.348275
0.347693
0.781329
0.218889
0.209167
0.363761
0.265524
0.072132
0.217695
0.069344
0.081237
0.432373
0.022125
0.119955
0.224207
0.084199
0.051968
0.030185
0.134743
0.088681
0.608669
0.063888
0.246458
0.045617
0.267116
0.406069
0.166453
0.296173
0.031913
0.117764
0.284172
0.229980
0.588584
0.508477
0.379567
0.126662
0.020302
0.269691
0.010535
0.195328
0.181412
0.161238
0.037735
0.112726
0.240928
0.385534
0.197196
0.109229
0.049201
0.446132
0.321326
0.078606
0.148978
0.176384
0.153929
0.368124
0.124937
0.259258
0.179840
0.241036
0.253704
0.239027
0.425198
0.588056
0.319571
0.350748
0.143864
0.104467
0.146165
0.258187
0.272875
0.053719
0.231624
0.054282
0.147632
0.618614
0.408769
0.022980
0.371850
0.038643
0.475704
0.205786
0.263303
0.470607
0.164985
0.269279
0.045829
0.066312
0.171038
0.299957
0.245979
0.385416
0.022103
0.224519
0.399984
0.091868
0.093335
0.322822
0.245738
0.207681
0.440909
0.035812
0.268130
0.133817
0.287936
0.290542
0.318167
0.380806
0.075053
0.042752
0.244105
0.314617
0.149459
0.302444
0.237082
0.197154
0.093724
0.417941
0.400614
0.067819
0.416317
0.457860
0.236590
0.300353
0.278009
0.441117
0.155698
0.129372
0.266538
0.177803
0.136395
0.225018
0.335212
0.117779
0.028007
0.114676
0.243008
0.203402
0.382630
0.104591
0.110309
0.049758
0.107245
0.364842
0.189903
0.051174
0.265008
0.330785
0.014478
0.511768
0.005968
0.543782
0.126618
0.065441
0.167965
0.161794
0.076287
0.505286
0.150936
0.005566
0.101161
0.464268
0.219446
0.549568
0.032854
0.022270
0.285000
0.369452
0.164295
0.021789
0.123262
0.583158
0.175610
0.268137
0.152982
0.089070
0.202565
0.010784
0.187295
0.273375
0.154075
0.019655
0.373027
0.098970
0.110066
0.132498
0.055494
0.396379
0.223108
0.132647
0.632105
0.593430
0.276530
0.299642
0.138775
0.428387
0.269971
0.348762
0.547727
0.009885
0.516572
0.006505
0.468309
0.334703
0.168961
0.035910
0.259627
0.260114
0.002046
0.517823
0.179603
0.125476
0.244798
0.139073
0.430602
0.007770
0.282069
0.378834
0.196292
0.110490
0.358796
0.049573
0.093918
0.061010
0.101554
0.041315
0.313944
0.066143
0.102962
0.254502
0.433480
0.419300
0.170304
0.282763
0.536342
0.097695
0.280879
0.370628
0.507879
0.104192
0.191216
0.347792
0.029240
0.124213
0.179559
0.057746
0.121934
0.320500
0.339381
0.343003
0.142240
0.342409
0.233878
0.242340
0.158545
0.010087
0.352275
0.019305
0.189681
0.105456
0.526305
0.484641
0.007988
0.158724
0.060067
0.412002
0.234352
0.174864
0.095456
0.145426
0.425103
0.077263
0.079180
0.003110
0.422481
0.408826
0.400789
0.135327
0.053787
0.381444
0.043577
0.161377
0.178831
0.387930
0.177511
0.481878
0.024934
0.543324
0.285983
0.361440
0.372971
0.459703
0.263008
0.000062
0.035206
0.107860
0.092476
0.415905
0.480085
0.635298
0.249788
0.072439
0.269372
0.293780
0.357682
0.680678
0.467231
0.076781
0.344860
0.447700
0.135446
0.431330
0.308298
0.001393
0.278691
0.062545
0.031642
0.652982
0.147096
0.346706
0.124344
0.408987
0.330471
0.357338
0.212473
0.229109
0.409783
0.144797
0.574576
0.451434
0.014725
0.201267
0.561143
0.191003
0.515551
0.002880
0.161015
0.314422
0.366204
0.160668
0.261112
0.066606
0.071108
0.391192
0.000522
0.113611
0.264389
0.088483
0.013768
0.248535
0.315844
0.275533
0.457931
0.351982
0.120798
0.177989
0.205483
0.159878
0.027117
0.148437
0.458198
0.374017
0.129102
0.026831
0.146448
0.526010
0.197280
0.028658
0.314814
0.417255
0.253322
0.230830
0.635082
0.316511
0.189838
0.452317
0.043169
0.042296
0.012316
0.242309
0.093047
0.310328
0.057225
0.231119
0.348319
0.002928
0.098557
0.025603
0.624805
0.022833
0.569469
0.559638
0.234568
0.003972
0.125338
0.208190
0.678572
0.417976
0.353647
0.056980
0.189590
0.391720
0.337556
0.263687
0.075604
0.588577
0.173361
0.324648
0.194939
0.195205
0.051769
0.271528
0.097151
0.158946
0.171462
0.416970
0.463916
0.508476
0.439449
0.343121
0.003493
0.373244
0.108139
0.177486
0.372419
0.159350
0.523131
0.459042
0.228158
0.476086
0.122723
0.542020
0.562183
0.100585
0.037263
0.235539
0.225834
0.212991
0.020797
0.247785
0.089205
0.064282
0.207751
0.131577
0.413149
0.164682
0.477833
0.519314
0.567826
0.095597
0.010353
0.192394
0.255749
0.147942
0.467767
0.318502
0.115130
0.314840
0.287393
0.081402
0.090881
0.346989
0.333552
0.020090
0.429639
0.554592
0.019430
0.237438
0.022850
0.356814
0.291617
0.160616
0.160306
0.273901
0.265741
0.561897
0.198915
0.196474
0.440221
0.143157
0.319925
0.114171
0.064684
0.481796
0.102232
0.476979
0.116566
0.148214
0.236160
0.344688
0.632615
0.557505
0.306201
0.469273
0.122243
0.175697
0.224163
0.323880
0.287422
0.291416
0.062977
0.105124
0.300271
0.194052
0.076019
0.534375
0.056863
0.490922
0.328339
0.182871
0.251996
0.106347
0.409585
0.242869
0.272325
0.298446
0.063578
0.089039
0.092929
0.261870
0.073167
0.266033
0.171737
0.038895
0.272149
0.152063
0.377107
0.381989
0.351922
0.103888
0.246790
0.092469
0.154690
0.024952
0.174903
0.526677
0.044724
0.034549
0.004149
0.099633
0.383095
0.178859
0.036819
0.465843
0.071759
0.478783
0.009729
0.064607
0.518370
0.411252
0.396079
0.026171
0.189129
0.412332
0.021115
0.116328
0.313936
0.583842
0.121543
0.099080
0.585156
0.060513
0.540937
0.094739
0.215842
0.706045
0.038942
0.101666
0.383390
0.463463
0.171256
0.004781
0.810630
0.027793
0.141661
0.149834
0.129730
0.552478
0.023593
0.343809
0.280867
0.073269
0.201373
0.159194
0.463866
0.354431
0.137825
0.422881
0.030246
0.045113
0.516135
0.174357
0.042360
0.000881
0.272299
0.125183
0.181246
0.179370
0.027200
0.452262
0.323711
0.273137
0.362962
0.001174
0.198202
0.006916
0.148752
0.625415
0.229290
0.123908
0.350327
0.084396
0.485411
0.448017
0.310189
0.567638
0.252015
0.345747
0.549861
0.231018
0.120251
0.047713
0.397892
0.348591
0.233620
0.043235
0.211608
0.068738
0.131031
0.162120
0.004710
0.400768
0.185645
0.356676
0.066158
0.316282
0.211755
0.169948
0.099493
0.590445
0.062906
0.117114
0.121664
0.618343
0.253858
0.168759
0.572007
0.016036
0.398622
0.101709
0.437281
0.183938
0.167253
0.273878
0.383357
0.234781
0.109664
0.459905
0.032240
0.029912
0.192510
0.104478
0.329507
0.056051
0.606175
0.046266
0.393897
0.101929
0.225013
0.283319
0.122933
0.383824
0.074998
0.176605
0.020145
0.082806
0.457536
0.014788
0.122138
0.212784
0.091730
0.285866
0.052344
0.271990
0.326279
0.373607
0.592119
0.318854
0.240589
0.202398
0.164273
0.137915
0.287909
0.453229
0.299437
0.122993
0.173173
0.234228
0.554616
0.064428
0.208537
0.295116
0.332713
0.373547
0.272425
0.196423
0.224673
0.611346
0.095397
0.209419
0.436955
0.136786
0.415443
0.319110
0.399219
0.141422
0.430005
0.184778
0.446409
0.241786
0.235989
0.177994
0.323717
0.517904
0.023347
0.401034
0.210157
0.349680
0.341203
0.050535
0.021271
0.232460
0.273834
0.363942
0.265012
0.105143
0.322459
0.057878
0.106438
0.125300
0.020095
0.194325
0.470033
0.113866
0.350922
0.192339
0.009607
0.541500
0.225529
0.283893
0.404147
0.438975
0.025022
0.175161
0.098399
0.360855
0.140547
0.507821
0.765438
0.295423
0.528030
0.497914
0.143131
0.111215
0.078332
0.654175
0.212599
0.322697
0.001576
0.028117
0.264198
0.315545
0.268905
0.077195
0.315103
0.106545
0.097021
0.456199
0.084628
0.393030
0.084551
0.054683
0.397930
0.173548
0.319960
0.076756
0.093215
0.184970
0.163084
0.151930
0.145240
0.018511
0.074638
0.389841
0.031494
0.410992
0.271886
0.213255
0.059266
0.372139
0.294780
0.545307
0.200709
0.223305
0.081598
0.057849
0.535253
0.153342
0.309038
0.445389
0.083685
0.058742
0.463138
0.276039
0.123114
0.081440
0.180708
0.052085
0.228523
0.299511
0.193207
0.360799
0.064079
0.142361
0.178707
0.022061
0.098750
0.349590
0.432606
0.085438
0.328199
0.338697
0.034643
0.165963
0.362239
0.112922
0.351091
0.229187
0.114751
0.100540
0.510122
0.168194
0.432232
0.080675
0.204628
0.287328
0.422116
0.185567
0.454746
0.351091
0.347583
0.385496
0.015683
0.360276
0.078710
0.103925
0.440344
0.139082
0.348524
0.443820
0.586382
0.066647
0.370494
0.042753
0.187924
0.039488
0.356256
0.033807
0.154728
0.114570
0.100945
0.494632
0.627030
0.225918
0.383726
0.086522
0.315575
0.366637
0.036258
0.266842
0.017019
0.279255
0.215894
0.059572
0.473736
0.275838
0.111651
0.456081
0.131497
0.522992
0.177156
0.497412
0.268865
0.482391
0.123838
0.407491
0.113516
0.291250
0.509483
0.113368
0.295140
0.357404
0.403820
0.039602
0.233006
0.484117
0.124079
0.285255
0.038485
0.008562
0.332560
0.172866
0.417199
0.370395
0.142582
0.182763
0.399066
0.061067
0.139371
0.083848
0.118478
0.091139
0.477977
0.370196
0.082022
0.218459
0.483544
0.224242
0.240132
0.132032
0.203151
0.197707
0.159653
0.199783
0.334597
0.194310
0.236529
0.256817
0.107341
0.029720
0.457010
0.041424
0.217575
0.213457
0.667776
0.180413
0.046471
0.289945
0.158457
0.309675
0.262642
0.038990
0.148491
0.340372
0.246020
0.593234
0.264334
0.451625
0.435338
0.041895
0.071068
0.437307
0.216171
0.400218
0.074207
0.361395
0.452848
0.214469
0.208321
0.021741
0.190766
0.040554
0.107347
0.455421
0.346133
0.154055
0.300401
0.131460
0.026765
0.173825
0.262967
0.570178
0.297492
0.358642
0.272591
0.064415
0.020577
0.083644
0.144998
0.493986
0.099691
0.095669
0.242646
0.305412
0.016637
0.094292
0.490089
0.159372
0.019215
0.208311
0.485330
0.476549
0.030503
0.142067
0.487757
0.279071
0.133634
0.028768
0.224988
0.364499
0.160259
0.441926
0.188309
0.063276
0.006379
0.181210
0.400929
0.378282
0.620860
0.390850
0.130864
0.436855
0.044949
0.126791
0.443223
0.065569
0.202494
0.182170
0.137435
0.111244
0.039338
0.184484
0.080901
0.038197
0.034308
0.559650
0.125419
0.166250
0.221212
0.350314
0.116444
0.288934
0.188740
0.589607
0.234978
0.164268
0.339811
0.475145
0.197452
0.040256
0.253292
0.226126
0.121337
0.314785
0.526587
0.030226
0.235773
0.491678
0.478543
0.017801
0.313747
0.497609
0.147146
0.403302
0.334319
0.142230
0.030671
0.434261
0.502046
0.071573
0.108792
0.639229
0.314611
0.230839
0.042932
0.555116
0.110981
0.270230
0.370334
0.546075
0.322734
0.306469
0.662395
0.234367
0.467224
0.264229
0.252052
0.085171
0.029061
0.078659
0.015622
0.394666
0.186596
0.106773
0.331072
0.163150
0.000405
0.017621
0.154068
0.125325
0.564863
0.025710
0.264881
0.000179
0.159976
0.533650
0.226531
0.216727
0.179342
0.046748
0.168136
0.397404
0.510174
0.413682
0.430574
0.040835
0.026510
0.159231
0.159506
0.126614
0.009446
0.289320
0.049262
0.145341
0.090162
0.359689
0.237768
0.194291
0.028575
0.420215
0.419120
0.155233
0.072950
0.116503
0.077956
0.414709
0.157278
0.141100
0.175902
0.197913
0.243094
0.229109
0.503156
0.551315
0.160495
0.333065
0.157513
0.198134
0.093026
0.219408
0.287393
0.065463
0.223359
0.093122
0.179461
0.650272
0.383310
0.056298
0.385920
0.086009
0.498091
0.249221
0.383498
0.274349
0.068827
0.343288
0.147628
0.110056
0.090433
0.362890
0.259453
0.224669
0.079489
0.109435
0.368097
0.268986
0.131582
0.241088
0.278074
0.119027
0.515441
0.125952
0.151226
0.232847
0.183159
0.189435
0.301322
0.377541
0.039367
0.133597
0.250141
0.277975
0.056557
0.278107
0.216487
0.197570
0.161776
0.339469
0.394244
0.052579
0.397315
0.369184
0.151742
0.297113
0.140930
0.238299
0.149498
0.265067
0.426797
0.093830
0.137809
0.269405
0.439468
0.163311
0.016260
0.058624
0.226188
0.229296
0.404937
0.138336
0.052871
0.023906
0.020429
0.396625
0.220441
0.087014
0.316056
0.310196
0.019000
0.458506
0.123101
0.438406
0.250549
0.026710
0.232505
0.173553
0.029518
0.516791
0.045013
0.041128
0.204060
0.458699
0.023476
0.501080
0.000786
0.014244
0.108135
0.383393
0.128397
0.060298
0.065484
0.447689
0.279464
0.307450
0.080642
0.107203
0.125451
0.014158
0.015174
0.219799
0.103860
0.136572
0.277545
0.232270
0.021427
0.334759
0.065714
0.419038
0.124693
0.210646
0.681889
0.577883
0.237863
0.100555
0.025997
0.415404
0.282689
0.296607
0.545687
0.134222
0.485580
0.192847
0.388662
0.352498
0.199325
0.061259
0.253013
0.289165
0.045727
0.575914
0.236828
0.036713
0.321682
0.282490
0.418222
0.077250
0.278409
0.399055
0.275541
0.119604
0.318757
0.079729
0.059584
0.052219
0.124773
0.006422
0.350860
0.013928
0.143314
0.196209
0.494884
0.261541
0.195601
0.324230
0.484471
0.007847
0.273042
0.477183
0.689437
0.124444
0.189635
0.379087
0.151106
0.029309
0.219115
0.206343
0.024046
0.283171
0.469592
0.172403
0.142796
0.311484
0.185379
0.260774
0.095564
0.000999
0.414133
0.102625
0.101848
0.233101
0.430784
0.520748
0.065635
0.142353
0.282023
0.525541
0.320157
0.179010
0.142897
0.079947
0.408227
0.106652
0.057266
0.137994
0.278153
0.181192
0.361211
0.210230
0.029669
0.311263
0.013094
0.175099
0.297919
0.246270
0.198087
0.475112
0.003688
0.535761
0.126323
0.359315
0.265528
0.364343
0.216331
0.015214
0.078969
0.008503
0.017556
0.447136
0.454421
0.687974
0.223310
0.169271
0.345022
0.210237
0.306497
0.553172
0.479975
0.038985
0.336156
0.446381
0.065334
0.437860
0.209259
0.038630
0.258144
0.035319
0.007106
0.719789
0.149884
0.384260
0.228552
0.503958
0.306530
0.151836
0.218271
0.260914
0.442130
0.106735
0.529420
0.541359
0.149188
0.290294
0.533142
0.114843
0.447834
0.071111
0.191846
0.287166
0.327464
0.310187
0.321172
0.008316
0.214280
0.289499
0.038504
0.038361
0.265645
0.142412
0.067915
0.341002
0.263227
0.314020
0.495980
0.283758
0.201776
0.233599
0.233623
0.145606
0.078677
0.155700
0.427727
0.349723
0.214204
0.262375
0.041061
0.483351
0.328041
0.157925
0.378885
0.368735
0.108848
0.416658
0.576982
0.120601
0.085707
0.211626
0.005671
0.028421
0.131819
0.290403
0.039076
0.507887
0.035980
0.293099
0.565057
0.022985
0.055624
0.018036
0.538077
0.021726
0.575020
0.413531
0.211437
0.050377
0.026863
0.319676
0.526803
0.359479
0.232273
0.040483
0.265073
0.440756
0.388439
0.165584
0.082755
0.700819
0.204498
0.304912
0.170897
0.153636
0.122752
0.276883
0.103552
0.011058
0.165305
0.295859
0.470434
0.581892
0.267861
0.313281
0.139540
0.303828
0.335648
0.308148
0.341649
0.110087
0.545539
0.398726
0.331856
0.428780
0.012872
0.503059
0.491433
0.174425
0.125548
0.166934
0.329995
0.205611
0.086923
0.090547
0.074882
0.064183
0.299308
0.115782
0.443170
0.147055
0.491094
0.588786
0.337416
0.053068
0.025068
0.224993
0.271583
0.238679
0.510656
0.418533
0.186462
0.269665
0.215901
0.110773
0.360547
0.285402
0.341723
0.095358
0.443444
0.426570
0.072683
0.276623
0.019391
0.514095
0.412485
0.126133
0.263344
0.210683
0.186606
0.495448
0.174546
0.127228
0.303445
0.273758
0.243967
0.149588
0.271179
0.543084
0.025644
0.460243
0.085260
0.299601
0.314755
0.371086
0.613625
0.473047
0.421063
0.304081
0.222552
0.130186
0.158551
0.333923
0.373521
0.233465
0.002813
0.072545
0.248264
0.149283
0.083173
0.505432
0.128869
0.391638
0.314879
0.208002
0.231190
0.071712
0.288089
0.032354
0.286046
0.259938
0.061391
0.060054
0.070503
0.269165
0.069389
0.392375
0.276492
0.063372
0.163763
0.266106
0.374703
0.449542
0.306129
0.071861
0.460089
0.119441
0.078228
0.116490
0.246020
0.531518
0.117702
0.025050
0.104863
0.142448
0.392776
0.113975
0.068840
0.409667
0.031848
0.448627
0.165215
0.053019
0.477160
0.466588
0.479840
0.034011
0.191791
0.379353
0.117938
0.088635
0.444560
0.480812
0.024968
0.051790
0.509686
0.028278
0.438299
0.076713
0.400531
0.790818
0.049852
0.001784
0.180894
0.297317
0.211570
0.064316
0.696455
0.012003
0.111221
0.301918
0.306686
0.576432
0.077435
0.308172
0.494257
0.005614
0.242744
0.091018
0.459411
0.381491
0.134296
0.327043
0.108122
0.026930
0.562215
0.195264
0.048050
0.016324
0.212673
0.149069
0.204973
0.147090
0.113269
0.489700
0.319034
0.128834
0.378417
0.023024
0.216952
0.046065
0.193817
0.496715
0.358361
0.018085
0.336517
0.126426
0.363654
0.394131
0.201518
0.533931
0.220514
0.363254
0.541228
0.144246
0.176584
0.043139
0.402216
0.519691
0.283364
0.082902
0.138483
0.003843
0.005711
0.216111
0.069834
0.360166
0.096422
0.504417
0.059618
0.306642
0.307252
0.106942
0.039612
0.604130
0.084875
0.144521
0.062339
0.567725
0.254194
0.121823
0.472278
0.215259
0.179128
0.166218
0.471598
0.168980
0.131170
0.392122
0.459736
0.170014
0.237123
0.391870
0.026033
0.025884
0.199716
0.109308
0.339835
0.208999
0.434213
0.084549
0.289048
0.189185
0.265467
0.242693
0.236104
0.339047
0.025793
0.077490
0.075062
0.256382
0.478338
0.081983
0.054484
0.116346
0.072899
0.327130
0.011763
0.179289
0.215613
0.230002
0.571690
0.206968
0.252724
0.125995
0.182946
0.273429
0.289192
0.350447
0.110778
0.090399
0.212911
0.052206
0.452496
0.013063
0.179329
0.233705
0.205971
0.297677
0.167990
0.263236
0.383335
0.676642
0.136000
0.195507
0.437079
0.112115
0.391882
0.255493
0.387634
0.043867
0.205160
0.134968
0.465268
0.236210
0.207042
0.196720
0.345243
0.547714
0.044751
0.375185
0.221492
0.249535
0.474295
0.095726
0.051228
0.274011
0.267428
0.390310
0.237055
0.046083
0.384537
0.033125
0.072170
0.114724
0.030023
0.019095
0.287045
0.249462
0.151308
0.289988
0.072174
0.545507
0.202052
0.225007
0.415890
0.377028
0.098174
0.226931
0.237573
0.326384
0.180293
0.492059
0.517360
0.341407
0.635292
0.427982
0.095768
0.042137
0.206112
0.582694
0.169801
0.506429
0.090685
0.131700
0.233834
0.225677
0.270855
0.124363
0.299985
0.183120
0.132064
0.524679
0.038701
0.433112
0.027317
0.175372
0.384623
0.188476
0.210237
0.208588
0.098371
0.047521
0.257034
0.196408
0.165561
0.128294
0.148201
0.314768
0.036382
0.301805
0.252053
0.280787
0.027234
0.421602
0.369204
0.583647
0.191801
0.304339
0.025348
0.127666
0.457511
0.247148
0.292944
0.265766
0.060051
0.073635
0.439859
0.150540
0.220695
0.068658
0.126815
0.031241
0.272149
0.349190
0.140124
0.514552
0.051454
0.154188
0.201741
0.062911
0.110944
0.271139
0.394102
0.021397
0.395641
0.244773
0.009663
0.173300
0.363372
0.004019
0.333715
0.226600
0.175433
0.126654
0.513236
0.050064
0.427702
0.021701
0.259894
0.250316
0.370753
0.081739
0.520476
0.380408
0.252790
0.280422
0.001975
0.423233
0.096618
0.112414
0.507736
0.156645
0.505244
0.399908
0.608270
0.169281
0.359265
0.151310
0.134782
0.044613
0.296817
0.023041
0.233650
0.078421
0.252434
0.405307
0.634523
0.173488
0.435892
0.024827
0.313757
0.290755
0.016543
0.227479
0.007877
0.190962
0.294408
0.015300
0.531320
0.234877
0.110070
0.444775
0.044446
0.554042
0.056763
0.534121
0.302676
0.645777
0.177013
0.353892
0.245596
0.363452
0.496119
0.016501
0.283952
0.412936
0.347134
0.076383
0.187691
0.359597
0.044222
0.160758
0.159627
0.017291
0.286098
0.065341
0.413487
0.238754
0.023637
0.331076
0.270280
0.084698
0.123897
0.041073
0.026877
0.176969
0.378513
0.278473
0.048810
0.231552
0.310400
0.076015
0.173175
0.113384
0.166208
0.109911
0.059715
0.180007
0.393031
0.158307
0.244283
0.132441
0.012987
0.008406
0.479528
0.001349
0.374167
0.157554
0.637193
0.232802
0.255223
0.310939
0.170710
0.476385
0.301270
0.054479
0.068800
0.316492
0.180156
0.631969
0.227320
0.428448
0.330263
0.136454
0.090668
0.389188
0.195387
0.388639
0.172778
0.392303
0.436413
0.190850
0.189934
0.114330
0.245640
0.040469
0.027558
0.379528
0.168634
0.241521
0.150126
0.099641
0.063048
0.290682
0.278987
0.611649
0.299701
0.366372
0.186561
0.220798
0.008723
0.050159
0.018898
0.379869
0.136218
0.003062
0.255999
0.156977
0.147992
0.132002
0.523037
0.386039
0.038148
0.137940
0.360977
0.464403
0.129276
0.044473
0.556570
0.334747
0.010876
0.033766
0.401470
0.323957
0.059041
0.415118
0.131774
0.168518
0.103007
0.296120
0.300661
0.405717
0.635152
0.334067
0.256101
0.451967
0.172001
0.009282
0.481392
0.030488
0.127428
0.032127
0.064037
0.149773
0.049074
0.064967
0.097511
0.034112
0.088159
0.545239
0.217792
0.053189
0.157403
0.280605
0.161232
0.254747
0.305916
0.538708
0.199811
0.258893
0.284273
0.354296
0.193972
0.039039
0.211456
0.246954
0.136902
0.283944
0.580730
0.110524
0.046248
0.462240
0.378318
0.111858
0.350886
0.448413
0.047494
0.404934
0.272065
0.009028
0.123872
0.369486
0.345659
0.003697
0.099462
0.580309
0.196961
0.164876
0.043556
0.514498
0.012402
0.423926
0.314346
0.489145
0.244501
0.283355
0.497988
0.254587
0.609405
0.143033
0.203735
0.151795
0.062531
0.046345
0.053678
0.349989
0.375276
0.103072
0.427222
0.253632
0.028708
0.044608
0.211702
0.141331
0.576580
0.103225
0.281887
0.050344
0.074267
0.567603
0.293097
0.087365
0.286200
0.212625
0.098568
0.550310
0.310512
0.264066
0.460644
0.017015
0.035274
0.041815
0.320586
0.078926
0.122714
0.371501
0.120693
0.121847
0.006102
0.282929
0.245303
0.291614
0.028327
0.362097
0.366089
0.219021
0.011908
0.060627
0.040506
0.425124
0.149507
0.017741
0.144918
0.153113
0.232452
0.146529
0.509813
0.450139
0.027171
0.347558
0.205068
0.209874
0.035031
0.160062
0.320616
0.075090
0.222247
0.045205
0.204553
0.596931
0.334634
0.097352
0.321085
0.160269
0.466101
0.278887
0.435469
0.086745
0.051663
0.346053
0.420065
0.114126
0.031495
0.342647
0.220062
0.051431
0.202785
0.026126
0.332064
0.423271
0.125589
0.138860
0.314369
0.008679
0.522257
0.256762
0.026876
0.230426
0.101424
0.123714
0.297697
0.375731
0.010679
0.269719
0.226583
0.228301
0.033682
0.288615
0.200663
0.218293
0.128043
0.298612
0.320112
0.036808
0.491181
0.256065
0.100704
0.266302
0.030823
0.050394
0.118481
0.382433
0.488583
0.092881
0.150845
0.275006
0.456519
0.186419
0.070165
0.025353
0.216304
0.194260
0.362927
0.251671
0.202169
0.030671
0.139679
0.426922
0.267900
0.058430
0.377381
0.322661
0.008271
0.372613
0.221017
0.277193
0.332952
0.007014
0.255828
0.155346
0.061430
0.502524
0.009109
0.062458
0.363865
0.439007
0.186862
0.368489
0.002832
0.012948
0.079641
0.339654
0.073142
0.078841
0.060118
0.265775
0.324543
0.287869
0.054091
0.093435
0.051236
0.026521
0.166113
0.226531
0.008832
0.183736
0.258980
0.323826
0.021039
0.407065
0.246915
0.450436
0.044963
0.218744
0.669025
0.486155
0.179516
0.098390
0.073389
0.416325
0.308759
0.223944
0.517332
0.275430
0.358330
0.387407
0.275529
0.422429
0.226093
0.026902
0.275148
0.267941
0.062847
0.635587
0.275910
0.037461
0.335058
0.413161
0.360265
0.169143
0.300883
0.364532
0.362922
0.105935
0.328812
0.167394
0.201186
0.065228
0.129187
0.056166
0.429357
0.089226
0.190382
0.139282
0.496266
0.102610
0.181300
0.406760
0.414982
0.030939
0.249100
0.520742
0.760327
0.090783
0.171673
0.410028
0.169148
0.135490
0.191018
0.272267
0.019469
0.266215
0.511306
0.024487
0.107446
0.237119
0.097969
0.285148
0.017129
0.039700
0.429608
0.156926
0.045364
0.342249
0.367737
0.532007
0.018198
0.143659
0.452815
0.544228
0.409339
0.186338
0.186533
0.046659
0.414892
0.247211
0.087134
0.302504
0.136752
0.008315
0.316903
0.246117
0.081665
0.266556
0.063079
0.227279
0.316652
0.062947
0.160487
0.409144
0.017108
0.514534
0.078863
0.380849
0.175275
0.248532
0.216699
0.053638
0.114756
0.098058
0.101147
0.441060
0.327498
0.607890
0.222788
0.219874
0.417364
0.124052
0.278187
0.353561
0.482891
0.001144
0.334318
0.417467
0.041225
0.421997
0.106559
0.028664
0.172380
0.181812
0.028375
0.687577
0.164335
0.330636
0.280965
0.477893
0.206106
0.003878
0.182538
0.232215
0.459091
0.052137
0.407102
0.588286
0.268129
0.396422
0.453509
0.030541
0.328454
0.190419
0.189639
0.279990
0.273558
0.425780
0.397310
0.004944
0.333800
0.153009
0.083519
0.007114
0.251612
0.234000
0.135839
0.393802
0.248560
0.341150
0.461236
0.164212
0.230322
0.261174
0.203558
0.170616
0.104611
0.190341
0.459393
0.318360
0.317748
0.464217
0.089382
0.427554
0.412253
0.241036
0.405629
0.288619
0.027557
0.516101
0.503733
0.010635
0.023553
0.036796
0.089729
0.097678
0.325728
0.335673
0.071438
0.627969
0.010198
0.384494
0.654038
0.018068
0.047733
0.049519
0.419178
0.004566
0.547989
0.242058
0.168747
0.179728
0.037882
0.359730
0.366057
0.184630
0.136006
0.157002
0.266325
0.469947
0.365388
0.072133
0.028796
0.701988
0.241888
0.190590
0.144953
0.054862
0.224241
0.249869
0.314212
0.055095
0.093830
0.173608
0.521514
0.469840
0.154056
0.244716
0.348969
0.222737
0.459994
0.414357
0.289184
0.033237
0.486547
0.314625
0.384294
0.357354
0.062154
0.450298
0.432476
0.204526
0.179735
0.063951
0.473098
0.134063
0.142096
0.022773
0.014839
0.099845
0.300956
0.095937
0.442837
0.128458
0.418500
0.560545
0.118616
0.245923
0.112762
0.227307
0.140899
0.361810
0.443885
0.436146
0.183180
0.130792
0.183592
0.122648
0.599657
0.243195
0.339754
0.238420
0.426760
0.312930
0.078371
0.350862
0.128915
0.523894
0.492144
0.021415
0.293262
0.162063
0.178445
0.416148
0.203292
0.027399
0.231962
0.392621
0.182300
0.157394
0.363289
0.594435
0.101454
0.460324
0.099100
0.474213
0.397936
0.376503
0.538791
0.355044
0.496483
0.143590
0.369076
0.040558
0.143423
0.287295
0.329732
0.188303
0.082238
0.106740
0.202953
0.128865
0.062887
0.393217
0.215790
0.251237
0.264023
0.162863
0.216682
0.077603
0.222395
0.191123
0.364399
0.230562
0.113398
0.053312
0.045867
0.338691
0.100093
0.505340
0.342706
0.068680
0.071439
0.455383
0.315733
0.512323
0.210488
0.090666
0.576150
0.132725
0.037539
0.204133
0.289114
0.536625
0.159908
0.017519
0.177251
0.168338
0.337974
0.020937
0.048927
0.362339
0.056869
0.302917
0.330599
0.146598
0.410493
0.537264
0.517853
0.042633
0.190965
0.326042
0.184505
0.117273
0.478465
0.371539
0.159391
0.049893
0.297388
0.023354
0.308239
0.065668
0.584538
0.778506
0.135536
0.120621
0.062784
0.152468
0.256326
0.107313
0.500948
0.068710
0.085146
0.352302
0.379460
0.542242
0.216459
0.261291
0.671171
0.075780
0.241647
0.002042
0.457429
0.353778
0.113829
0.271404
0.105925
0.054909
0.578356
0.198244
0.104146
0.010977
0.189690
0.093580
0.242779
0.216591
0.092695
0.412339
0.292013
0.069806
0.400338
0.072233
0.236187
0.017604
0.259482
0.312134
0.477793
0.113072
0.307772
0.207657
0.163912
0.322112
0.115432
0.412171
0.178672
0.416782
0.392907
0.109637
0.163098
0.050151
0.344526
0.571610
0.279620
0.158660
0.082135
0.038201
0.197010
0.291082
0.142280
0.355919
0.014124
0.616431
0.055824
0.255377
0.353485
0.059220
0.163753
0.556703
0.000492
0.135649
0.033203
0.498595
0.196165
0.099203
0.382720
0.452546
0.035951
0.179524
0.437514
0.118990
0.163458
0.475367
0.496234
0.070060
0.326994
0.301197
0.022331
0.088364
0.208120
0.155775
0.295180
0.397826
0.323055
0.139814
0.153490
0.245551
0.267787
0.154732
0.295695
0.324320
0.020606
0.085216
0.132001
0.338145
0.497423
0.187495
0.009539
0.025930
0.030248
0.317031
0.089563
0.042914
0.107092
0.171905
0.552813
0.105305
0.306862
0.083787
0.192765
0.276343
0.307639
0.253182
0.062866
0.073942
0.228406
0.112227
0.282193
0.074173
0.097641
0.203746
0.081672
0.272658
0.066964
0.350264
0.534311
0.606171
0.164826
0.211549
0.419803
0.075548
0.318464
0.163323
0.324810
0.060899
0.060748
0.073326
0.476828
0.239217
0.139270
0.251717
0.320466
0.544278
0.080649
0.381785
0.201980
0.143345
0.544493
0.253498
0.083346
0.330422
0.186829
0.441924
0.126939
0.140059
0.514822
0.218091
0.104953
0.083019
0.128705
0.102007
0.114882
0.304177
0.036845
0.445195
0.098569
0.465300
0.115495
0.210682
0.429996
0.311492
0.112664
0.274072
0.390279
0.209065
0.183869
0.422463
0.265295
0.383671
0.626535
0.380884
0.085272
0.014605
0.293592
0.465142
0.124834
0.637968
0.156437
0.253179
0.213306
0.116639
0.280991
0.155722
0.206814
0.228401
0.128704
0.541226
0.055289
0.421254
0.060180
0.296228
0.401940
0.145211
0.094991
0.289261
0.198564
0.057726
0.310499
0.299029
0.006765
0.334762
0.244016
0.269256
0.064165
0.190765
0.166316
0.313509
0.092910
0.382716
0.365529
0.518909
0.185071
0.341981
0.002547
0.214599
0.387397
0.317587
0.211634
0.107062
0.038306
0.039238
0.462706
0.028323
0.288917
0.152688
0.156479
0.057632
0.353830
0.310610
0.105468
0.627915
0.065191
0.091678
0.185539
0.172676
0.173407
0.164660
0.387538
0.003255
0.434248
0.135724
0.066189
0.207053
0.330252
0.081469
0.321496
0.251026
0.228564
0.147836
0.437293
0.193704
0.433152
0.017413
0.334178
0.196005
0.326693
0.016209
0.450731
0.384189
0.219544
0.227968
0.011950
0.400862
0.164377
0.061455
0.547707
0.205399
0.592382
0.304146
0.562396
0.194943
0.251228
0.254642
0.068742
0.007262
0.317834
0.058744
0.275048
0.217216
0.318492
0.265046
0.538667
0.098147
0.424577
0.107812
0.282534
0.304503
0.149337
0.138812
0.029837
0.149010
0.257562
0.095937
0.537035
0.192511
0.150987
0.354666
0.001647
0.524358
0.080951
0.541623
0.305812
0.786992
0.273521
0.357729
0.378254
0.404308
0.574618
0.017964
0.307250
0.389683
0.229154
0.189407
0.146237
0.270182
0.151215
0.065582
0.256660
0.091236
0.201525
0.121896
0.348218
0.064488
0.153949
0.472586
0.149177
0.201149
0.059779
0.043923
0.021484
0.161104
0.300145
0.193010
0.009451
0.284596
0.173039
0.013826
0.183061
0.087124
0.136284
0.060193
0.072459
0.180680
0.506864
0.122618
0.218250
0.021539
0.015975
0.033797
0.478745
0.019705
0.499995
0.083034
0.557257
0.258383
0.364119
0.270511
0.166964
0.592043
0.306079
0.099089
0.039978
0.287338
0.072647
0.574602
0.180071
0.389903
0.108144
0.257740
0.115385
0.356768
0.119704
0.334048
0.270105
0.374624
0.430883
0.203367
0.250325
0.155200
0.231588
0.028071
0.009000
0.237072
0.071979
0.329653
0.088601
0.039907
0.117465
0.375162
0.247474
0.530350
0.240131
0.331880
0.121942
0.286384
0.049830
0.026377
0.062886
0.299885
0.101565
0.088118
0.195472
0.049407
0.239300
0.175731
0.551950
0.533047
0.031801
0.120787
0.179422
0.398063
0.274228
0.048391
0.587244
0.355488
0.150519
0.048236
0.592437
0.264248
0.022755
0.309468
0.100981
0.316821
0.218239
0.342536
0.204438
0.356103
0.543994
0.313017
0.372812
0.368843
0.185458
0.045244
0.362789
0.200933
0.114084
0.089697
0.011079
0.189536
0.124936
0.034848
0.182836
0.099833
0.242680
0.463420
0.325168
0.026962
0.139719
0.232932
0.308582
0.182719
0.388803
0.455498
0.138587
0.293596
0.276185
0.283207
0.100600
0.108977
0.213549
0.239424
0.131627
0.310902
0.527274
0.221723
0.082064
0.440552
0.165406
0.221415
0.347532
0.321766
0.027655
0.407425
0.279628
0.092908
0.214488
0.304616
0.195536
0.042681
0.060252
0.465554
0.076186
0.099396
0.081583
0.447251
0.138421
0.484039
0.285628
0.354800
0.276854
0.253825
0.292343
0.341577
0.682771
0.026585
0.166758
0.147145
0.170960
0.009518
0.062520
0.224408
0.590787
0.115175
0.451110
0.332158
0.066714
0.122368
0.200498
0.076469
0.505784
0.124748
0.271441
0.124284
0.083841
0.634576
0.338257
0.040018
0.319656
0.340342
0.044913
0.649047
0.109924
0.106586
0.448797
0.019072
0.068576
0.062337
0.423250
0.089317
0.212326
0.475035
0.113550
0.192629
0.122112
0.246574
0.200317
0.368206
0.047627
0.303069
0.235927
0.354560
0.010818
0.017122
0.048976
0.378113
0.219850
0.135674
0.105831
0.109018
0.228030
0.098289
0.523224
0.359233
0.204484
0.408843
0.310352
0.243548
0.197704
0.059939
0.383945
0.088127
0.204128
0.002719
0.184578
0.526511
0.246492
0.104259
0.329046
0.147140
0.426628
0.216023
0.422712
0.003732
0.076178
0.308193
0.552098
0.141951
0.067026
0.345079
0.153330
0.095760
0.311887
0.036460
0.375247
0.453037
0.084640
0.028875
0.278967
0.073988
0.493079
0.397718
0.157860
0.244581
0.032476
0.012961
0.276556
0.336955
0.052257
0.399750
0.234574
0.276860
0.136651
0.328138
0.249668
0.227950
0.070000
0.273679
0.217740
0.008367
0.571502
0.170290
0.073874
0.272186
0.086379
0.315799
0.073754
0.453238
0.536092
0.294466
0.088189
0.252892
0.374413
0.161035
0.123332
0.013665
0.153068
0.175490
0.342087
0.397252
0.344218
0.054101
0.271519
0.458986
0.241409
0.080200
0.413745
0.249015
0.047943
0.234319
0.298442
0.119551
0.307210
0.024771
0.168876
0.109483
0.010559
0.416561
0.038527
0.098337
0.505479
0.397122
0.324270
0.235535
0.013215
0.044182
0.182289
0.284575
0.018213
0.003188
0.110042
0.066466
0.298991
0.199786
0.224887
0.087621
0.029581
0.036804
0.275428
0.193202
0.107818
0.207145
0.260664
0.380840
0.062756
0.412086
0.415737
0.436999
0.028119
0.249809
0.559341
0.417083
0.190386
0.253750
0.182268
0.378844
0.333569
0.222682
0.431654
0.467239
0.232322
0.610903
0.200274
0.474811
0.229945
0.028324
0.298733
0.261545
0.102453
0.659076
0.340823
0.127172
0.248913
0.478021
0.318508
0.265350
0.366416
0.349033
0.435073
0.067303
0.270954
0.257089
0.306526
0.002278
0.159858
0.149759
0.453606
0.206270
0.230036
0.148867
0.447108
0.036111
0.165034
0.481682
0.319248
0.069334
0.222677
0.559158
0.718010
0.033836
0.162253
0.407102
0.150087
0.268296
0.158702
0.260501
0.004154
0.165781
0.515928
0.076747
0.110299
0.126378
0.040362
0.307195
0.133739
0.055884
0.393917
0.221459
0.280802
0.382755
0.280386
0.405157
0.139864
0.128839
0.565091
0.513894
0.503559
0.167131
0.146019
0.041350
0.408572
0.323067
0.158119
0.469231
0.006963
0.154945
0.262721
0.243272
0.173821
0.243706
0.138462
0.303707
0.337049
0.105087
0.104629
0.351755
0.059114
0.439534
0.263188
0.300011
0.048816
0.024783
0.151865
0.160292
0.129092
0.207111
0.193719
0.432672
0.096994
0.430340
0.264679
0.288737
0.452424
0.064742
0.325524
0.174295
0.395512
0.012723
0.311604
0.291122
0.143799
0.329774
0.005478
0.171189
0.109717
0.276292
0.142182
0.538495
0.171342
0.190601
0.392829
0.327891
0.207457
0.112796
0.100365
0.182988
0.497374
0.030417
0.280465
0.571808
0.288559
0.396965
0.397731
0.062446
0.276372
0.263660
0.185751
0.274265
0.265097
0.494933
0.443270
0.017339
0.432717
0.024402
0.089637
0.032922
0.271749
0.294252
0.140520
0.394327
0.248153
0.383841
0.367862
0.033490
0.252121
0.173979
0.166924
0.207581
0.161223
0.185815
0.437623
0.238353
0.350484
0.596841
0.211331
0.342817
0.476442
0.280710
0.377779
0.289267
0.104597
0.572734
0.378004
0.197645
0.075030
0.062113
0.227472
0.119444
0.524411
0.363734
0.234118
0.621930
0.101993
0.471443
0.594413
0.021107
0.089196
0.139989
0.266418
0.027131
0.518967
0.059792
0.088404
0.290800
0.069832
0.379411
0.084309
0.092155
0.085894
0.318137
0.217765
0.467512
0.297585
0.011403
0.019169
0.600838
0.212713
0.098297
0.166657
0.006233
0.367195
0.202476
0.457539
0.032802
0.121862
0.131839
0.485847
0.353674
0.038598
0.188029
0.502758
0.084824
0.506400
0.446466
0.168583
0.025851
0.429841
0.204589
0.437534
0.218783
0.125475
0.420266
0.400435
0.256798
0.272308
0.020175
0.538552
0.019521
0.117290
0.047934
0.035064
0.110555
0.233795
0.026621
0.440344
0.159051
0.298733
0.464540
0.123063
0.293052
0.152482
0.151033
0.046620
0.447736
0.308903
0.493779
0.183423
0.011480
0.187702
0.098266
0.739051
0.180856
0.352900
0.354505
0.421299
0.248705
0.069418
0.372740
0.225406
0.446240
0.533812
0.125691
0.350018
0.074649
0.165338
0.373290
0.212853
0.137984
0.144475
0.464317
0.069696
0.200062
0.398540
0.608413
0.122807
0.469187
0.014851
0.606116
0.466019
0.299947
0.374913
0.291178
0.533295
0.020284
0.552770
0.066509
0.112347
0.258543
0.181572
0.140953
0.116435
0.107423
0.210562
0.087659
0.015051
0.267103
0.234862
0.077041
0.280937
0.142004
0.260281
0.073941
0.156895
0.350682
0.415520
0.152853
0.160546
0.231084
0.042207
0.405393
0.081807
0.508634
0.354624
0.088248
0.024906
0.585715
0.182788
0.528060
0.101235
0.044331
0.664380
0.115164
0.047820
0.329744
0.300519
0.469724
0.193909
0.055640
0.222314
0.163403
0.320653
0.107977
0.051194
0.334665
0.123584
0.170707
0.444619
0.174564
0.344384
0.463548
0.504007
0.047873
0.232676
0.250535
0.243678
0.140172
0.471541
0.260233
0.191303
0.188632
0.124514
0.018774
0.091211
0.097847
0.672595
0.617037
0.219084
0.224862
0.233610
0.087782
0.341365
0.143240
0.338604
0.097676
0.087791
0.347617
0.414148
0.455613
0.408630
0.160036
0.716115
0.076666
0.247310
0.090759
0.409850
0.357888
0.145984
0.215224
0.100127
0.125623
0.548916
0.213602
0.036930
0.028238
0.191319
0.023277
0.318861
0.262907
0.047852
0.300443
0.311238
0.248258
0.404306
0.116564
0.225741
0.088716
0.250320
0.139176
0.549973
0.238587
0.240501
0.348747
0.101462
0.237821
0.113852
0.296415
0.158726
0.490862
0.267994
0.109282
0.137840
0.029709
0.322679
0.587946
0.242432
0.105357
0.008924
0.031526
0.321300
0.312174
0.144053
0.323778
0.100782
0.596870
0.047380
0.332503
0.348793
0.033202
0.296074
0.466387
0.044221
0.109330
0.004086
0.490202
0.120302
0.129215
0.268599
0.598238
0.211129
0.171973
0.365793
0.066079
0.212732
0.465315
0.537031
0.031880
0.401895
0.213742
0.010339
0.148432
0.167661
0.238137
0.238261
0.550055
0.180243
0.175262
0.011413
0.332573
0.289439
0.041876
0.394995
0.350518
0.098094
0.120228
0.197647
0.403106
0.439800
0.293678
0.002306
0.059320
0.028065
0.339094
0.248395
0.111319
0.011787
0.144309
0.504784
0.046682
0.364520
0.034284
0.273772
0.260458
0.316658
0.159543
0.171966
0.040134
0.267200
0.224244
0.091240
0.053066
0.033392
0.145569
0.064101
0.278700
0.050228
0.414653
0.671032
0.499996
0.195334
0.213725
0.405722
0.058604
0.279881
0.041847
0.304520
0.208829
0.014898
0.026113
0.467685
0.250796
0.058204
0.295968
0.257390
0.485356
0.090254
0.392765
0.214809
0.035515
0.591013
0.363133
0.124376
0.362933
0.041490
0.504075
0.098374
0.163825
0.526088
0.354245
0.161341
0.094703
0.252739
0.248087
0.020386
0.291875
0.203059
0.531275
0.056260
0.390915
0.047140
0.219476
0.420670
0.229226
0.176303
0.252405
0.498197
0.094796
0.090936
0.318724
0.007326
0.408306
0.603216
0.311488
0.093385
0.028772
0.342816
0.284659
0.098770
0.733894
0.130280
0.402396
0.216442
0.028322
0.301623
0.238528
0.077969
0.190514
0.095382
0.545086
0.086249
0.469498
0.154429
0.398419
0.362074
0.068285
0.045796
0.340196
0.337224
0.167048
0.382963
0.402598
0.105756
0.514742
0.302461
0.272777
0.159489
0.106155
0.032857
0.295222
0.211283
0.333838
0.317650
0.434037
0.132118
0.321817
0.029238
0.280430
0.275313
0.426889
0.119113
0.085960
0.017987
0.046558
0.437324
0.112328
0.342705
0.268570
0.229579
0.049493
0.401755
0.287117
0.050297
0.641887
0.010969
0.123231
0.100397
0.233614
0.321179
0.011372
0.364484
0.035139
0.492106
0.067603
0.116728
0.290473
0.299172
0.121614
0.371315
0.272141
0.210502
0.098895
0.410110
0.240184
0.389804
0.053599
0.430994
0.186153
0.323011
0.092389
0.312945
0.312956
0.175531
0.174333
0.013759
0.407734
0.260834
0.006274
0.580511
0.276624
0.606875
0.205042
0.496386
0.197616
0.155344
0.343365
0.012235
0.004877
0.352688
0.148919
0.202042
0.303198
0.321407
0.111007
0.467627
0.018979
0.402378
0.114646
0.218014
0.290140
0.261503
0.075687
0.015022
0.068094
0.192448
0.158706
0.535025
0.182019
0.077754
0.358893
0.013660
0.464009
0.180264
0.492580
0.277474
0.743747
0.366271
0.300097
0.408256
0.372679
0.561257
0.002398
0.280896
0.333974
0.093201
0.186735
0.095520
0.197971
0.208833
0.022501
0.333780
0.242763
0.089389
0.278196
0.355890
0.168983
0.297462
0.501435
0.010481
0.339801
0.043890
0.183023
0.044271
0.070731
0.197939
0.076726
0.081285
0.278602
0.017407
0.056423
0.191443
0.036697
0.120015
0.244921
0.174017
0.214825
0.538255
0.106645
0.146072
0.053339
0.086714
0.125977
0.453145
0.014558
0.553318
0.035320
0.456295
0.241184
0.367372
0.256988
0.181177
0.651982
0.352494
0.093333
0.151351
0.247715
0.015412
0.416114
0.089173
0.342685
0.085525
0.322322
0.083443
0.320272
0.029920
0.285866
0.359379
0.332912
0.412637
0.192059
0.319570
0.156899
0.231901
0.090078
0.029185
0.157780
0.026550
0.288499
0.021699
0.033689
0.169872
0.502924
0.227117
0.387614
0.126050
0.288602
0.050378
0.232607
0.051259
0.061984
0.041209
0.211006
0.054545
0.094598
0.095916
0.304732
0.241439
0.199985
0.549451
0.631596
0.125448
0.011182
0.012532
0.287827
0.381072
0.044519
0.479800
0.340788
0.206992
0.083157
0.757079
0.209674
0.134059
0.166772
0.098815
0.464831
0.271201
0.366176
0.110529
0.292920
0.419279
0.335959
0.508675
0.238959
0.173100
0.052006
0.256484
0.368927
0.072583
0.172781
0.051819
0.285806
0.159188
0.143117
0.274517
0.175626
0.343115
0.400581
0.394209
0.097211
0.159090
0.196593
0.426089
0.054239
0.477393
0.362309
0.132973
0.334617
0.269386
0.241471
0.061411
0.128589
0.253336
0.195993
0.088882
0.332993
0.413701
0.273427
0.175971
0.327644
0.103202
0.341688
0.351538
0.125394
0.002623
0.460872
0.241855
0.147373
0.314822
0.227522
0.099251
0.051065
0.090935
0.348391
0.093282
0.045701
0.016936
0.309388
0.118420
0.496413
0.235202
0.179720
0.237106
0.221556
0.146545
0.396227
0.662480
0.061018
0.071144
0.161554
0.123035
0.009543
0.030403
0.179905
0.660249
0.191617
0.430111
0.376803
0.060305
0.187395
0.211951
0.019154
0.365824
0.132701
0.302822
0.183207
0.145253
0.671011
0.306826
0.183998
0.324306
0.481500
0.076878
0.641309
0.089282
0.042403
0.384730
0.074679
0.086719
0.089951
0.419206
0.157195
0.198186
0.565310
0.167783
0.247189
0.145416
0.191565
0.149660
0.440429
0.188115
0.275108
0.121633
0.428688
0.010638
0.124843
0.120144
0.279957
0.148279
0.307326
0.087288
0.033974
0.281273
0.029303
0.529662
0.243463
0.300857
0.447070
0.411800
0.235185
0.346068
0.007426
0.429849
0.073371
0.224065
0.089166
0.169051
0.452283
0.159414
0.148854
0.290613
0.064837
0.353683
0.128973
0.401290
0.018116
0.149165
0.196573
0.644735
0.155024
0.144216
0.306663
0.004287
0.203783
0.417781
0.035837
0.352613
0.428380
0.028749
0.045325
0.184636
0.093779
0.453219
0.505490
0.264974
0.218917
0.008597
0.063712
0.261217
0.307369
0.072906
0.434527
0.240507
0.355115
0.166720
0.388210
0.358461
0.253701
0.033472
0.268083
0.172385
0.049455
0.594033
0.151269
0.117156
0.292426
0.173523
0.496350
0.032399
0.415365
0.481047
0.470803
0.002950
0.206391
0.290449
0.099928
0.193754
0.025834
0.130582
0.105723
0.323115
0.542711
0.400748
0.062997
0.387981
0.509386
0.224473
0.241974
0.465269
0.097927
0.081395
0.113497
0.328081
0.030647
0.231738
0.124263
0.106947
0.043673
0.123269
0.370345
0.089677
0.154535
0.604517
0.356330
0.426995
0.127754
0.026321
0.121251
0.161155
0.252460
0.119873
0.130943
0.130689
0.078580
0.280437
0.103116
0.435998
0.012010
0.104109
0.028966
0.281202
0.234368
0.218912
0.154381
0.236960
0.392815
0.074480
0.355584
0.464453
0.429975
0.043135
0.194024
0.460931
0.297744
0.230019
0.341355
0.267534
0.379828
0.362783
0.193641
0.354977
0.554050
0.056952
0.682343
0.166844
0.551185
0.247084
0.085256
0.296151
0.283252
0.130232
0.586843
0.399729
0.209260
0.168309
0.491621
0.331194
0.326945
0.456161
0.299184
0.502636
0.064060
0.179029
0.378022
0.383855
0.073059
0.166230
0.277436
0.471995
0.317576
0.254120
0.189496
0.363670
0.053889
0.175204
0.542069
0.281911
0.072869
0.100091
0.492263
0.523921
0.029543
0.150561
0.369918
0.048064
0.303955
0.095583
0.172614
0.035203
0.113885
0.517196
0.086324
0.108210
0.024162
0.020399
0.320079
0.340856
0.072748
0.304497
0.293193
0.487240
0.309656
0.253745
0.275251
0.301603
0.151488
0.659621
0.360621
0.529267
0.161392
0.132176
0.053169
0.437224
0.312993
0.273043
0.565538
0.155379
0.176673
0.218398
0.182056
0.334729
0.256258
0.190792
0.359213
0.294060
0.193945
0.018889
0.317356
0.048781
0.377836
0.376509
0.288960
0.040589
0.150481
0.103192
0.351462
0.095760
0.287218
0.326701
0.426249
0.124899
0.252145
0.329819
0.305901
0.496782
0.029066
0.317853
0.027037
0.313866
0.053392
0.293049
0.176228
0.215217
0.235153
0.093315
0.322691
0.064152
0.292164
0.226710
0.433983
0.247754
0.057966
0.395146
0.167423
0.189338
0.125584
0.034610
0.085898
0.478056
0.007468
0.186910
0.461198
0.273110
0.372703
0.325884
0.123173
0.214329
0.330227
0.161599
0.235234
0.197047
0.497943
0.441659
0.093420
0.456627
0.076687
0.076469
0.110495
0.259218
0.336146
0.102261
0.347923
0.233899
0.370749
0.164589
0.106202
0.237594
0.078112
0.055657
0.244453
0.207404
0.177712
0.432886
0.267501
0.330905
0.653371
0.212188
0.297422
0.488390
0.217168
0.304335
0.278650
0.121491
0.543253
0.353635
0.343268
0.090984
0.124469
0.284806
0.136018
0.550319
0.345430
0.345654
0.535140
0.184573
0.554436
0.430537
0.015650
0.144243
0.191585
0.107432
0.072890
0.354080
0.101090
0.011823
0.399595
0.039914
0.363629
0.112080
0.041252
0.153409
0.453699
0.117512
0.468365
0.162942
0.004211
0.099506
0.436814
0.155003
0.043522
0.165782
0.073070
0.455825
0.143659
0.576830
0.073272
0.122083
0.112662
0.464902
0.245865
0.272883
0.134730
0.612860
0.067829
0.457555
0.369169
0.065663
0.025371
0.294773
0.146399
0.440347
0.121109
0.116267
0.338632
0.374699
0.279807
0.300583
0.033285
0.540557
0.084945
0.056785
0.075934
0.060496
0.157036
0.115982
0.037329
0.445061
0.198822
0.151659
0.423667
0.260477
0.352149
0.134933
0.035901
0.262991
0.510722
0.171391
0.507850
0.146331
0.206883
0.207358
0.111771
0.666684
0.126489
0.393045
0.407263
0.441356
0.263828
0.038486
0.393418
0.336459
0.250872
0.542297
0.254034
0.287343
0.047370
0.226396
0.337909
0.194734
0.280307
0.144087
0.477179
0.018859
0.191950
0.277648
0.565285
0.122853
0.457944
0.025297
0.651936
0.514717
0.225751
0.202185
0.229611
0.526952
0.026045
0.661056
0.094698
0.175420
0.208354
0.044600
0.068733
0.132163
0.174462
0.241438
0.045259
0.016426
0.164498
0.209586
0.066750
0.257379
0.110509
0.263162
0.061980
0.186978
0.436640
0.473580
0.073295
0.293572
0.398389
0.008091
0.414001
0.136128
0.537242
0.317760
0.087299
0.029356
0.639567
0.036317
0.486988
0.039008
0.063786
0.641785
0.125681
0.123696
0.405927
0.297925
0.496098
0.202389
0.126004
0.270632
0.099093
0.279739
0.245048
0.057315
0.272514
0.252936
0.005392
0.468193
0.145914
0.250055
0.382501
0.492437
0.103323
0.258751
0.125887
0.251209
0.191930
0.343091
0.222886
0.103488
0.394992
0.101241
0.010696
0.173589
0.048674
0.635105
0.423975
0.262725
0.252642
0.339979
0.069122
0.442334
0.166607
0.202129
0.146866
0.132688
0.274074
0.394385
0.428088
0.511220
0.106117
0.620245
0.066461
0.203904
0.138696
0.342290
0.321643
0.162674
0.242602
0.043396
0.220846
0.508101
0.269073
0.028165
0.047326
0.207389
0.006463
0.360362
0.403139
0.016634
0.098889
0.337834
0.401469
0.368420
0.140988
0.115515
0.215616
0.187539
0.114567
0.544127
0.339704
0.199323
0.562203
0.397783
0.115348
0.115108
0.129990
0.132935
0.534709
0.092049
0.143482
0.122025
0.035157
0.259522
0.535073
0.180715
0.076380
0.008187
0.020025
0.311087
0.382624
0.145520
0.347456
0.164728
0.511205
0.128754
0.303959
0.313850
0.045030
0.320861
0.437339
0.157582
0.044043
0.037634
0.504143
0.018371
0.163246
0.222629
0.563127
0.308174
0.098593
0.314103
0.018051
0.315552
0.342514
0.556440
0.078687
0.381468
0.135881
0.003358
0.207528
0.133542
0.335122
0.198753
0.638174
0.033356
0.243110
0.168414
0.341043
0.304410
0.113917
0.423860
0.365371
0.110012
0.221016
0.286599
0.322845
0.384883
0.343029
0.016292
0.143896
0.024172
0.384451
0.396253
0.267426
0.097344
0.137788
0.457123
0.004822
0.397706
0.090199
0.326341
0.210478
0.356900
0.132000
0.208119
0.028143
0.269107
0.268108
0.101362
0.015846
0.022629
0.106940
0.161836
0.328300
0.089996
0.412655
0.683677
0.306143
0.163253
0.207960
0.351087
0.132208
0.288512
0.068746
0.264039
0.235955
0.003721
0.008195
0.375567
0.218631
0.053824
0.304992
0.187864
0.378812
0.079841
0.377946
0.220034
0.126580
0.488719
0.455848
0.137097
0.413832
0.109449
0.524540
0.048616
0.091234
0.542117
0.392835
0.202880
0.127359
0.397929
0.303299
0.152387
0.171585
0.258898
0.592152
0.037524
0.326576
0.034883
0.239391
0.394064
0.142322
0.195151
0.148194
0.614758
0.025386
0.015783
0.194155
0.197040
0.325564
0.435241
0.207704
0.152904
0.017829
0.280381
0.173493
0.038071
0.813478
0.099737
0.551618
0.218911
0.078855
0.294228
0.253573
0.096604
0.124540
0.034240
0.448642
0.140620
0.494823
0.184451
0.465658
0.369352
0.023380
0.073563
0.356986
0.452664
0.216269
0.355647
0.509471
0.240673
0.645328
0.287205
0.265628
0.262070
0.033445
0.126856
0.307216
0.290827
0.277166
0.287374
0.303558
0.064672
0.255004
0.013038
0.294894
0.197126
0.493099
0.017781
0.264767
0.073298
0.144088
0.467054
0.230468
0.314741
0.333012
0.357185
0.085968
0.408237
0.278503
0.062984
0.613051
0.029025
0.155508
0.010946
0.316126
0.402036
0.103918
0.331398
0.118137
0.506865
0.003141
0.187743
0.342866
0.237136
0.104333
0.421512
0.328461
0.105799
0.039490
0.400838
0.198609
0.355117
0.061587
0.491931
0.191902
0.281349
0.104782
0.113041
0.207497
0.155231
0.236334
0.021587
0.388165
0.359238
0.085566
0.568203
0.423691
0.556680
0.118897
0.419091
0.165262
0.019296
0.316441
0.013766
0.019755
0.427644
0.259322
0.111054
0.283955
0.249937
0.019307
0.443671
0.017003
0.413729
0.111000
0.165869
0.300855
0.366434
0.061643
0.062187
0.040029
0.048877
0.309841
0.453228
0.168977
0.052687
0.306720
0.066170
0.360369
0.249597
0.380984
0.230002
0.662698
0.427384
0.240951
0.355511
0.273457
0.560315
0.112063
0.314220
0.232446
0.048925
0.133060
0.079119
0.168709
0.118317
0.038991
0.331039
0.322414
0.023954
0.391023
0.322881
0.325571
0.294825
0.471130
0.081455
0.406979
0.016511
0.319660
0.052020
0.066410
0.130740
0.105379
0.241450
0.279270
0.062312
0.048505
0.267548
0.074711
0.082166
0.462642
0.269577
0.211000
0.520111
0.063268
0.061458
0.089262
0.151508
0.195093
0.379479
0.036841
0.425595
0.074923
0.316761
0.173715
0.313169
0.221063
0.201007
0.664523
0.312618
0.152419
0.308819
0.250736
0.010656
0.209037
0.078109
0.316686
0.284774
0.334785
0.024849
0.297624
0.042505
0.219138
0.363232
0.254206
0.345297
0.176499
0.420567
0.098310
0.226327
0.154491
0.099292
0.030255
0.002504
0.231305
0.074215
0.041373
0.174377
0.647516
0.259633
0.250865
0.050355
0.213307
0.008803
0.110090
0.076283
0.094069
0.014404
0.143462
0.022712
0.053222
0.002222
0.463408
0.225259
0.253174
0.550998
0.571165
0.258010
0.059829
0.138484
0.200639
0.448837
0.048297
0.422779
0.275288
0.222709
0.148615
0.733273
0.141132
0.209440
0.070769
0.146437
0.590063
0.318453
0.302463
0.073659
0.187367
0.286920
0.342373
0.634750
0.070010
0.050872
0.034192
0.117553
0.549262
0.145472
0.196025
0.087689
0.385402
0.171067
0.229896
0.362198
0.200040
0.440013
0.272043
0.406696
0.077469
0.141988
0.163856
0.527313
0.064907
0.491645
0.223045
0.157415
0.252823
0.290651
0.220851
0.233045
0.191789
0.264878
0.165842
0.047289
0.413154
0.266308
0.322492
0.177950
0.235690
0.314875
0.451932
0.328345
0.089131
0.000942
0.373132
0.279178
0.161747
0.364428
0.172044
0.015138
0.014466
0.168998
0.239182
0.192842
0.014990
0.025419
0.186659
0.076116
0.459862
0.244239
0.035229
0.257882
0.156028
0.034905
0.435013
0.607399
0.121730
0.015894
0.126389
0.100595
0.045792
0.022802
0.126232
0.594785
0.198945
0.370200
0.386934
0.032665
0.248517
0.197129
0.025974
0.188124
0.070822
0.328524
0.238517
0.214072
0.696137
0.240702
0.260428
0.278530
0.541195
0.112877
0.624242
0.147621
0.164326
0.338545
0.100324
0.120011
0.042575
0.324548
0.325022
0.149408
0.582963
0.215819
0.374986
0.199400
0.159919
0.101275
0.498989
0.404082
0.257074
0.007131
0.557782
0.032128
0.200989
0.185531
0.221187
0.125755
0.471169
0.129222
0.000610
0.357503
0.001248
0.378737
0.115422
0.331830
0.472729
0.478318
0.240256
0.444886
0.024130
0.482578
0.070620
0.247140
0.200108
0.173166
0.420438
0.106051
0.129228
0.313069
0.059293
0.279273
0.012134
0.374280
0.076326
0.258943
0.087975
0.561542
0.162899
0.200645
0.315351
0.181101
0.264206
0.473471
0.006263
0.373521
0.291702
0.006066
0.061123
0.066646
0.025290
0.423950
0.490931
0.276921
0.202466
0.024790
0.097464
0.293372
0.290579
0.086855
0.424996
0.312065
0.448406
0.198354
0.457428
0.470058
0.280966
0.106720
0.271137
0.144212
0.122343
0.460034
0.185238
0.107345
0.349363
0.224692
0.584015
0.153413
0.352143
0.503348
0.564130
0.130870
0.127213
0.243678
0.044853
0.217372
0.022556
0.096445
0.073885
0.354967
0.574750
0.430579
0.128715
0.427635
0.506205
0.137351
0.442234
0.422194
0.071956
0.148526
0.035414
0.299197
0.156108
0.065411
0.176440
0.057309
0.034307
0.275089
0.326940
0.123717
0.213117
0.552296
0.366510
0.436649
0.046703
0.023084
0.253247
0.035102
0.255996
0.233328
0.285653
0.088734
0.142052
0.247454
0.034162
0.627917
0.086017
0.116614
0.028494
0.180869
0.225825
0.328560
0.098391
0.238843
0.346026
0.078970
0.213522
0.404749
0.372924
0.080512
0.142882
0.338093
0.212520
0.314819
0.353774
0.337356
0.373424
0.309332
0.205125
0.261974
0.568284
0.041734
0.619298
0.189547
0.615919
0.261982
0.129816
0.229792
0.298392
0.152206
0.448342
0.505665
0.277420
0.103726
0.483277
0.420830
0.281546
0.487280
0.356075
0.462225
0.032809
0.084237
0.480377
0.403284
0.192483
0.221202
0.447831
0.382819
0.470698
0.258461
0.272168
0.322388
0.008396
0.155423
0.516746
0.263483
0.027915
0.046494
0.445640
0.328762
0.071490
0.161947
0.366950
0.081344
0.246353
0.063839
0.021800
0.092624
0.017980
0.389686
0.051622
0.173517
0.134083
0.047923
0.321007
0.525711
0.048118
0.139155
0.350748
0.661134
0.139569
0.224385
0.136995
0.431926
0.192509
0.729112
0.212036
0.551155
0.058703
0.060758
0.068040
0.481762
0.241534
0.336351
0.573264
0.280117
0.139026
0.187901
0.088734
0.478184
0.257348
0.223818
0.393121
0.289485
0.209459
0.072095
0.314914
0.102956
0.222484
0.385246
0.290048
0.132967
0.347645
0.011293
0.522678
0.025304
0.365653
0.377177
0.370727
0.365233
0.063360
0.384628
0.296174
0.542743
0.103247
0.245975
0.087852
0.225189
0.056784
0.238418
0.055113
0.209203
0.177440
0.117286
0.443972
0.067938
0.300104
0.311111
0.339222
0.325381
0.097330
0.395192
0.004205
0.267065
0.146959
0.030418
0.074799
0.396117
0.012263
0.166880
0.355712
0.193584
0.261401
0.260896
0.178798
0.250716
0.335013
0.152049
0.231217
0.176347
0.475772
0.377004
0.129830
0.403280
0.086097
0.058410
0.284803
0.255945
0.320698
0.023565
0.210629
0.170248
0.322135
0.030659
0.193087
0.269534
0.084130
0.050106
0.255718
0.209255
0.145283
0.310457
0.322856
0.287058
0.661840
0.184347
0.214691
0.487545
0.116436
0.261128
0.280632
0.023519
0.507827
0.302393
0.534901
0.053009
0.137744
0.320561
0.100954
0.432698
0.290647
0.466791
0.392958
0.262674
0.609630
0.269157
0.037568
0.222034
0.281171
0.055389
0.074007
0.199660
0.246994
0.138291
0.484070
0.003110
0.336323
0.294409
0.075563
0.269640
0.565080
0.020608
0.399353
0.076337
0.068655
0.167100
0.243595
0.052684
0.062909
0.217917
0.101917
0.436334
0.143593
0.630873
0.162302
0.144324
0.148573
0.390783
0.208219
0.413344
0.155608
0.572302
0.247521
0.438825
0.346801
0.000033
0.054743
0.253190
0.050962
0.445054
0.050296
0.110083
0.280577
0.380778
0.399096
0.344605
0.075404
0.524351
0.156251
0.022662
0.022593
0.072239
0.199375
0.005531
0.157729
0.486926
0.231680
0.015399
0.403522
0.402577
0.269688
0.134912
0.058811
0.423195
0.496884
0.065690
0.571690
0.140122
0.365602
0.282360
0.102837
0.533784
0.167195
0.429350
0.340032
0.420112
0.272876
0.016430
0.348815
0.355124
0.054547
0.408771
0.378543
0.187495
0.020376
0.231800
0.300247
0.224621
0.406981
0.106130
0.429001
0.123764
0.225817
0.179743
0.530268
0.062632
0.358537
0.089884
0.592060
0.557870
0.130636
0.041184
0.180206
0.485607
0.066404
0.696904
0.104281
0.226878
0.202766
0.117886
0.012546
0.093654
0.230097
0.289956
0.091759
0.111589
0.149637
0.107138
0.178778
0.236799
0.050567
0.311841
0.092856
0.270369
0.418594
0.438791
0.001917
0.422472
0.473477
0.038017
0.319890
0.152161
0.462318
0.281639
0.093756
0.045366
0.609591
0.070036
0.484420
0.028156
0.062057
0.604593
0.061688
0.320963
0.448724
0.213928
0.374334
0.221349
0.162166
0.283248
0.008139
0.290542
0.350145
0.170434
0.219339
0.366800
0.105289
0.409848
0.044383
0.179514
0.276743
0.451535
0.130465
0.281438
0.021131
0.270742
0.291145
0.168709
0.220679
0.044688
0.608224
0.201666
0.048044
0.375502
0.041790
0.528863
0.172023
0.192837
0.223775
0.333237
0.080014
0.510772
0.112889
0.136527
0.171990
0.212826
0.152790
0.401440
0.380610
0.569313
0.056902
0.441213
0.004031
0.121722
0.211727
0.236627
0.327662
0.184792
0.202385
0.006482
0.300793
0.398367
0.331080
0.069813
0.045255
0.184836
0.029875
0.382522
0.498194
0.063115
0.065781
0.324631
0.421562
0.280195
0.196140
0.009204
0.332782
0.002893
0.268683
0.435755
0.379865
0.155873
0.719092
0.679229
0.006253
0.119220
0.014445
0.052924
0.504611
0.009879
0.192793
0.064923
0.090396
0.228545
0.439783
0.073024
0.005408
0.006318
0.088115
0.207759
0.433057
0.087305
0.362867
0.176933
0.326265
0.222919
0.364241
0.254039
0.037608
0.338763
0.376744
0.250441
0.037701
0.033257
0.485446
0.128651
0.178805
0.154366
0.409255
0.292098
0.028944
0.259350
0.012683
0.338911
0.127125
0.560953
0.058744
0.333179
0.131340
0.017446
0.289305
0.073154
0.454564
0.180497
0.610436
0.138035
0.302447
0.340884
0.386966
0.334545
0.144559
0.475035
0.342433
0.114722
0.271311
0.372150
0.212335
0.301798
0.315856
0.093093
0.171787
0.042510
0.447225
0.556234
0.369205
0.062040
0.145051
0.409201
0.025413
0.401178
0.141143
0.362689
0.113400
0.349389
0.058885
0.180461
0.041710
0.290762
0.260442
0.254174
0.037559
0.069235
0.077883
0.268659
0.317057
0.065780
0.365300
0.595344
0.148020
0.134359
0.169878
0.245272
0.226869
0.354947
0.174580
0.266132
0.259276
0.022740
0.040509
0.298206
0.224907
0.176104
0.299716
0.060888
0.187291
0.011103
0.324405
0.256847
0.243150
0.348961
0.442110
0.186993
0.469919
0.275702
0.540472
0.030511
0.041260
0.443728
0.378291
0.218893
0.205209
0.519507
0.359966
0.201248
0.088592
0.222285
0.495935
0.160583
0.257838
0.099273
0.228679
0.319736
0.112909
0.243638
0.005453
0.650298
0.076043
0.064809
0.106810
0.289517
0.162938
0.351808
0.175011
0.215407
0.065893
0.209677
0.072255
0.062437
0.740259
0.035448
0.634723
0.247950
0.112214
0.278383
0.298902
0.188290
0.042273
0.042348
0.295996
0.181031
0.457192
0.205271
0.535944
0.329352
0.115370
0.080780
0.343262
0.490301
0.217594
0.330523
0.497173
0.230572
0.646186
0.186263
0.269139
0.382378
0.063268
0.225339
0.222494
0.332900
0.248210
0.202899
0.271220
0.043062
0.101841
0.062138
0.295729
0.141983
0.504467
0.122994
0.355275
0.192665
0.209196
0.404761
0.298482
0.283553
0.404801
0.459917
0.110464
0.381811
0.288505
0.055674
0.549068
0.130445
0.288801
0.142045
0.333527
0.513751
0.215941
0.273319
0.197944
0.510599
0.026219
0.262902
0.414791
0.195544
0.070964
0.481576
0.359532
0.042023
0.048796
0.401882
0.162097
0.379020
0.077274
0.539078
0.151281
0.219310
0.069756
0.098985
0.086295
0.096138
0.273187
0.024747
0.399503
0.353363
0.166849
0.522667
0.587721
0.414995
0.042561
0.314062
0.202346
0.051787
0.224431
0.024302
0.081626
0.480869
0.368821
0.004839
0.261581
0.123946
0.002918
0.485000
0.106629
0.444415
0.155778
0.100757
0.269509
0.410849
0.110208
0.137865
0.061682
0.010526
0.346603
0.379317
0.233677
0.019723
0.323784
0.068185
0.310548
0.324552
0.205549
0.237182
0.370705
0.436470
0.129978
0.221828
0.129454
0.487074
0.255378
0.334284
0.188771
0.139542
0.040541
0.059025
0.129590
0.026306
0.103838
0.329033
0.361163
0.168320
0.434199
0.344637
0.424711
0.223945
0.408136
0.195712
0.427643
0.036660
0.495357
0.077122
0.224420
0.057779
0.138994
0.352378
0.248041
0.126710
0.096836
0.287988
0.194443
0.009875
0.645141
0.316547
0.167302
0.414363
0.080367
0.028012
0.072333
0.151701
0.309380
0.378143
0.055124
0.260819
0.154647
0.119045
0.078601
0.199332
0.178717
0.212506
0.598404
0.165268
0.125432
0.466386
0.281795
0.083646
0.007306
0.028136
0.293139
0.332231
0.320066
0.195337
0.254399
0.085909
0.182515
0.337842
0.194583
0.236470
0.132093
0.461194
0.056946
0.248372
0.286114
0.250783
0.011011
0.025100
0.151568
0.093750
0.163254
0.122461
0.723306
0.283144
0.158526
0.006164
0.140729
0.087289
0.037658
0.132655
0.056555
0.153200
0.087339
0.024833
0.060511
0.027960
0.536324
0.200041
0.221636
0.540966
0.482231
0.374271
0.081851
0.162494
0.090910
0.428378
0.031377
0.300416
0.154478
0.219760
0.187966
0.577431
0.070682
0.229509
0.021330
0.220598
0.679970
0.262898
0.300110
0.087912
0.071572
0.165014
0.361656
0.567061
0.121569
0.082652
0.122853
0.055790
0.555328
0.163138
0.197437
0.173834
0.483468
0.129159
0.230045
0.412633
0.155571
0.436859
0.200517
0.389900
0.005239
0.106878
0.141341
0.495702
0.094860
0.551100
0.105134
0.236088
0.149031
0.284760
0.167873
0.427671
0.205628
0.296574
0.206460
0.002491
0.456574
0.172385
0.340267
0.165043
0.120852
0.452529
0.496762
0.340195
0.295473
0.048688
0.311891
0.274495
0.180527
0.415241
0.074273
0.037785
0.047178
0.317347
0.132474
0.228580
0.034393
0.147082
0.113193
0.049765
0.464389
0.164545
0.231616
0.227666
0.048593
0.005000
0.413507
0.509384
0.108366
0.068440
0.122772
0.063361
0.063774
0.060747
0.111369
0.416397
0.231671
0.287924
0.349157
0.011758
0.281047
0.305405
0.068533
0.032403
0.054675
0.402696
0.258811
0.305235
0.604626
0.142335
0.315849
0.238574
0.521694
0.186987
0.398326
0.142345
0.235996
0.336339
0.148020
0.092060
0.050058
0.205632
0.503228
0.021223
0.483800
0.296815
0.431925
0.155924
0.114821
0.044357
0.612096
0.546706
0.277591
0.118136
0.587609
0.061015
0.248769
0.221756
0.171108
0.029459
0.584911
0.181735
0.039053
0.436486
0.053471
0.187747
0.020257
0.283090
0.494287
0.472541
0.181443
0.467493
0.022974
0.462328
0.067838
0.354592
0.350142
0.232002
0.388333
0.118170
0.048367
0.267716
0.186778
0.177390
0.033865
0.386915
0.153076
0.361624
0.076349
0.433318
0.143902
0.153582
0.291708
0.308315
0.272196
0.562588
0.070499
0.371786
0.084175
0.099990
0.033080
0.055431
0.096595
0.439468
0.454448
0.254324
0.167350
0.092849
0.084903
0.307089
0.320007
0.080617
0.387906
0.375282
0.483167
0.161624
0.460468
0.512900
0.317560
0.214240
0.249293
0.088113
0.162688
0.295549
0.204251
0.058093
0.399169
0.210995
0.588567
0.320440
0.209786
0.480507
0.577650
0.196352
0.030139
0.205460
0.026417
0.239069
0.056270
0.107806
0.069581
0.354906
0.517472
0.411034
0.246635
0.433227
0.503842
0.130186
0.574204
0.388188
0.163267
0.114445
0.027702
0.175269
0.200548
0.069741
0.298989
0.188663
0.085734
0.430797
0.290545
0.144704
0.236429
0.495524
0.406229
0.379360
0.028661
0.025321
0.363358
0.134059
0.258516
0.306851
0.397845
0.120693
0.159099
0.211684
0.047359
0.772912
0.197054
0.122540
0.096303
0.013433
0.330287
0.396627
0.011534
0.266920
0.231960
0.074810
0.006558
0.335173
0.326005
0.142455
0.034301
0.197807
0.103140
0.356001
0.286245
0.347282
0.374961
0.255045
0.193102
0.190765
0.483999
0.165723
0.480733
0.225597
0.628874
0.284044
0.189273
0.148118
0.303058
0.135659
0.340667
0.546893
0.305206
0.058750
0.448322
0.474322
0.210481
0.462056
0.362805
0.429767
0.029779
0.062695
0.540459
0.323558
0.331584
0.279442
0.548022
0.278764
0.513691
0.223264
0.294021
0.307010
0.107430
0.076348
0.467536
0.295436
0.090648
0.019000
0.394374
0.156194
0.058705
0.164193
0.356818
0.266217
0.147284
0.055055
0.126731
0.131307
0.029780
0.148998
0.007415
0.225037
0.222103
0.140355
0.292770
0.681543
0.015331
0.021891
0.403326
0.702935
0.049475
0.261846
0.013548
0.453513
0.286793
0.717117
0.073812
0.508677
0.023428
0.032409
0.040355
0.517978
0.114110
0.348940
0.520439
0.389775
0.068488
0.162900
0.042978
0.540265
0.267233
0.238632
0.376712
0.219306
0.153322
0.211213
0.292241
0.149009
0.108037
0.295017
0.386007
0.200101
0.487449
0.110525
0.583256
0.086050
0.431102
0.365434
0.288728
0.563213
0.044427
0.471594
0.223444
0.567370
0.152816
0.190784
0.137248
0.246556
0.076118
0.167814
0.033454
0.191428
0.126906
0.073348
0.515087
0.087546
0.288950
0.340242
0.243409
0.435408
0.192266
0.300591
0.110722
0.263414
0.113510
0.103009
0.310977
0.227026
0.091625
0.199644
0.270266
0.075534
0.199756
0.172165
0.187640
0.255907
0.312548
0.154378
0.251060
0.172053
0.419582
0.281437
0.239642
0.296604
0.055997
0.103149
0.481172
0.232552
0.327037
0.046579
0.035851
0.098749
0.236355
0.153696
0.188926
0.268389
0.211551
0.121693
0.261164
0.165636
0.126649
0.232003
0.452965
0.264969
0.569083
0.119971
0.156035
0.384709
0.020511
0.216525
0.248034
0.082194
0.369472
0.325055
0.565064
0.023432
0.105469
0.292589
0.046523
0.227206
0.277778
0.558113
0.212527
0.309316
0.531575
0.134797
0.126097
0.313954
0.328713
0.183614
0.093729
0.015763
0.337874
0.296540
0.582552
0.088615
0.287436
0.413640
0.133259
0.410232
0.606743
0.064559
0.319842
0.038192
0.158616
0.244530
0.046013
0.046565
0.080281
0.242421
0.144579
0.298406
0.166319
0.673759
0.230789
0.041008
0.141449
0.261772
0.176939
0.395037
0.244696
0.444367
0.386954
0.385542
0.309493
0.057880
0.095004
0.185467
0.018472
0.427999
0.046825
0.083563
0.283411
0.353476
0.509031
0.394724
0.134224
0.487639
0.217062
0.101268
0.044454
0.131565
0.297800
0.148547
0.236818
0.481504
0.270963
0.063078
0.428051
0.424854
0.166609
0.164520
0.113320
0.532065
0.483740
0.001785
0.522632
0.145386
0.434472
0.390617
0.160632
0.344401
0.254978
0.456045
0.242645
0.353811
0.328175
0.011395
0.289123
0.393279
0.124573
0.257033
0.450332
0.004604
0.064185
0.265808
0.262684
0.264923
0.444155
0.128746
0.350818
0.132857
0.246055
0.029122
0.455973
0.046575
0.235935
0.050178
0.555512
0.561925
0.052646
0.126046
0.121409
0.393416
0.025536
0.632343
0.075448
0.290040
0.199746
0.200358
0.090481
0.037273
0.305468
0.276706
0.124869
0.173725
0.171921
0.006189
0.211441
0.162345
0.051596
0.372259
0.141416
0.400264
0.272304
0.405294
0.025321
0.546157
0.506642
0.088636
0.203888
0.236177
0.387116
0.234817
0.099914
0.045815
0.560339
0.150013
0.427543
0.099957
0.188233
0.483229
0.026704
0.532990
0.498811
0.142579
0.326239
0.179098
0.240749
0.260812
0.145474
0.341513
0.436368
0.287372
0.146972
0.421087
0.153535
0.279982
0.011596
0.166365
0.212395
0.344350
0.160268
0.299998
0.108314
0.210236
0.425118
0.040908
0.262101
0.213292
0.685165
0.292343
0.121677
0.440349
0.005585
0.380153
0.004436
0.080337
0.215750
0.302521
0.102570
0.506395
0.028197
0.104714
0.190530
0.343342
0.011892
0.340494
0.320369
0.533225
0.041618
0.129053
0.008635
0.033281
0.225129
0.173101
0.285852
0.140015
0.226139
0.077730
0.328920
0.234217
0.375184
0.050814
0.112297
0.171039
0.052728
0.381982
0.612881
0.138654
0.174692
0.264127
0.376138
0.205478
0.282945
0.142072
0.386574
0.188384
0.391857
0.310376
0.345322
0.140538
0.734477
0.818011
0.145230
0.095568
0.153152
0.064092
0.437374
0.075506
0.258169
0.035472
0.139756
0.170314
0.307452
0.067967
0.080634
0.034595
0.167247
0.064729
0.507563
0.090792
0.446024
0.132801
0.207364
0.235515
0.348110
0.101955
0.005020
0.350223
0.343156
0.415345
0.104442
0.031092
0.412594
0.265034
0.211311
0.179311
0.265385
0.241228
0.044899
0.231577
0.073026
0.359966
0.118111
0.466021
0.038142
0.243872
0.189562
0.039279
0.377415
0.058097
0.539272
0.078463
0.463828
0.179738
0.401419
0.430215
0.401820
0.350229
0.184399
0.413429
0.286050
0.087908
0.360363
0.447288
0.050241
0.236269
0.223459
0.177146
0.133662
0.027358
0.463969
0.649971
0.342856
0.008098
0.196381
0.409221
0.005583
0.398029
0.254950
0.429440
0.026423
0.307885
0.023004
0.088212
0.066550
0.286843
0.215716
0.351862
0.092703
0.112921
0.094633
0.342372
0.262840
0.033805
0.244129
0.465829
0.055174
0.080124
0.177812
0.153118
0.213393
0.433247
0.233210
0.272435
0.222714
0.070252
0.106742
0.214381
0.213449
0.275194
0.252531
0.039645
0.012889
0.094692
0.267024
0.250301
0.278915
0.147690
0.392453
0.175371
0.491319
0.457881
0.528972
0.128185
0.201837
0.384392
0.379815
0.196300
0.229112
0.619063
0.312285
0.175762
0.004946
0.092620
0.376332
0.261967
0.173387
0.243577
0.220745
0.229065
0.109064
0.188826
0.183883
0.542412
0.084172
0.080135
0.044845
0.251999
0.021891
0.301334
0.132576
0.313827
0.211621
0.025394
0.024419
0.114424
0.501898
0.028879
0.600419
0.279628
0.093319
0.279582
0.259182
0.242343
0.194273
0.118190
0.135552
0.217106
0.339496
0.132003
0.542101
0.353225
0.175586
0.024615
0.233329
0.512235
0.130492
0.305836
0.440651
0.220568
0.538932
0.084620
0.306673
0.425716
0.103598
0.254940
0.189029
0.318888
0.217165
0.100612
0.249381
0.039916
0.026746
0.204668
0.226600
0.170415
0.438854
0.260955
0.306505
0.266093
0.257441
0.420727
0.292779
0.250879
0.364091
0.534899
0.122542
0.332295
0.180132
0.070518
0.452728
0.163742
0.292742
0.245608
0.363028
0.509284
0.275796
0.194901
0.287764
0.435758
0.110947
0.366963
0.395413
0.111495
0.016230
0.521250
0.372827
0.023489
0.156466
0.340088
0.131409
0.437952
0.055488
0.524810
0.105272
0.097353
0.000246
0.307644
0.062425
0.084103
0.360557
0.067109
0.360821
0.358421
0.249041
0.408925
0.735425
0.237173
0.020921
0.227363
0.174692
0.166896
0.072221
0.026135
0.157604
0.518628
0.421634
0.060588
0.211731
0.048436
0.034828
0.539036
0.145149
0.476289
0.126764
0.123342
0.270995
0.442254
0.162671
0.272220
0.120913
0.086407
0.405347
0.281061
0.285466
0.052181
0.288860
0.046377
0.297508
0.388066
0.037802
0.265643
0.090770
0.379042
0.044962
0.089994
0.009480
0.472189
0.370931
0.402848
0.166259
0.148028
0.060019
0.151785
0.127214
0.261052
0.216206
0.301984
0.339227
0.315654
0.424923
0.255117
0.420545
0.122085
0.298276
0.252886
0.430944
0.037452
0.650890
0.074333
0.369541
0.000418
0.248080
0.436925
0.218415
0.125958
0.157354
0.372502
0.292191
0.138618
0.747840
0.285502
0.126850
0.339231
0.090781
0.070484
0.034782
0.069040
0.442122
0.367396
0.063929
0.034374
0.318426
0.061056
0.023786
0.046202
0.092966
0.207291
0.485247
0.020099
0.143132
0.564796
0.297532
0.155915
0.109877
0.033368
0.286636
0.321679
0.281737
0.320330
0.208064
0.079370
0.154236
0.268099
0.183830
0.157816
0.083436
0.439685
0.029474
0.259385
0.355374
0.397654
0.013085
0.043898
0.125330
0.200793
0.266822
0.013921
0.745694
0.312877
0.114077
0.023282
0.082839
0.081625
0.199327
0.190517
0.023379
0.311237
0.087178
0.133180
0.194319
0.006109
0.455248
0.180264
0.207811
0.483311
0.351149
0.445610
0.047675
0.143448
0.029061
0.318838
0.127194
0.165123
0.033707
0.159496
0.224709
0.342349
0.026878
0.161962
0.002773
0.361728
0.662460
0.249043
0.278859
0.157487
0.086235
0.089842
0.374699
0.305789
0.280600
0.246934
0.222797
0.069981
0.517611
0.233580
0.185130
0.265682
0.509161
0.123351
0.197843
0.403411
0.068534
0.374670
0.099105
0.334546
0.184108
0.066165
0.157782
0.477776
0.106298
0.507685
0.010961
0.293318
0.018760
0.314133
0.140872
0.571635
0.228666
0.258682
0.290740
0.041669
0.463579
0.075834
0.318410
0.060162
0.076717
0.538833
0.511216
0.359070
0.426144
0.077671
0.199646
0.278791
0.159497
0.481352
0.001880
0.018267
0.119002
0.450801
0.067870
0.174122
0.057739
0.153149
0.085709
0.109295
0.504263
0.109449
0.407930
0.275917
0.050021
0.000564
0.458746
0.365277
0.047804
0.120266
0.137864
0.209700
0.073926
0.057149
0.088367
0.264068
0.231123
0.171563
0.308006
0.051717
0.274807
0.367671
0.034611
0.025047
0.127542
0.460399
0.312078
0.354199
0.504547
0.029530
0.284692
0.131935
0.396959
0.221958
0.151626
0.003228
0.243613
0.354054
0.188093
0.033793
0.149333
0.089460
0.684648
0.131773
0.369025
0.283708
0.500570
0.143661
0.095107
0.051343
0.659860
0.651006
0.235172
0.230662
0.592957
0.102186
0.289495
0.249982
0.179074
0.040619
0.520031
0.222300
0.008507
0.491069
0.101227
0.021870
0.093084
0.200361
0.506392
0.407937
0.154033
0.445695
0.023795
0.428691
0.099197
0.477732
0.466420
0.206542
0.387230
0.153414
0.045996
0.270791
0.297003
0.116309
0.137349
0.380651
0.238084
0.460360
0.154398
0.251234
0.128854
0.075727
0.312434
0.319650
0.228437
0.579725
0.149495
0.407825
0.138325
0.187970
0.195555
0.170699
0.227978
0.419635
0.398343
0.130250
0.206000
0.164865
0.094615
0.301031
0.330727
0.050414
0.403510
0.416329
0.432123
0.130151
0.421128
0.518779
0.339491
0.296605
0.220865
0.064741
0.175826
0.111874
0.212829
0.006986
0.442992
0.116011
0.536909
0.452528
0.004468
0.499058
0.477163
0.264519
0.021312
0.217079
0.018119
0.156676
0.095811
0.144728
0.173837
0.363155
0.399778
0.338006
0.325184
0.353998
0.445548
0.098253
0.586041
0.324798
0.265659
0.100905
0.034453
0.048265
0.140857
0.260245
0.373288
0.326484
0.093380
0.535478
0.227253
0.120041
0.216004
0.356136
0.532995
0.281721
0.075586
0.043404
0.480689
0.330876
0.262742
0.341684
0.467433
0.123808
0.183781
0.211269
0.147886
0.770804
0.280082
0.046574
0.138463
0.182505
0.356549
0.474327
0.111853
0.307811
0.122805
0.083045
0.187199
0.246285
0.260042
0.222468
0.003929
0.071733
0.082384
0.384240
0.152648
0.335169
0.366107
0.191667
0.192745
0.126998
0.393794
0.242728
0.338696
0.299237
0.571238
0.290596
0.272112
0.074293
0.340413
0.097682
0.293154
0.621389
0.258665
0.022210
0.356992
0.491941
0.110164
0.383590
0.365314
0.359203
0.101474
0.125032
0.541673
0.160711
0.435664
0.385202
0.618578
0.168865
0.491738
0.169709
0.291972
0.294502
0.214333
0.033321
0.365540
0.358059
0.251289
0.039209
0.379699
0.056167
0.012748
0.194402
0.340633
0.405435
0.055233
0.144352
0.260249
0.190551
0.055398
0.117742
0.076912
0.335534
0.219432
0.252823
0.234468
0.699142
0.118940
0.170624
0.380196
0.613431
0.227489
0.276423
0.137865
0.406077
0.419421
0.610394
0.036769
0.492983
0.090741
0.199898
0.018521
0.460102
0.024016
0.358031
0.402447
0.427229
0.021364
0.121733
0.144393
0.495769
0.240924
0.215534
0.331729
0.159661
0.103981
0.290000
0.241988
0.182528
0.031781
0.158123
0.379055
0.263727
0.592851
0.195043
0.506349
0.151581
0.453540
0.227550
0.185581
0.685611
0.098835
0.482176
0.187066
0.589195
0.160027
0.110715
0.059148
0.276186
0.040979
0.070728
0.013497
0.142798
0.104298
0.028472
0.615882
0.120490
0.193461
0.388028
0.134359
0.481045
0.269740
0.268637
0.181294
0.310257
0.084189
0.165779
0.565184
0.051027
0.132467
0.256284
0.253308
0.080807
0.132253
0.090483
0.212849
0.292735
0.214486
0.184473
0.309271
0.244994
0.379901
0.161925
0.271983
0.263306
0.015532
0.097198
0.646282
0.206560
0.248614
0.081361
0.167597
0.071102
0.243875
0.219397
0.181742
0.314038
0.350248
0.156966
0.242692
0.085996
0.084801
0.118511
0.493288
0.228215
0.446011
0.030110
0.074311
0.300210
0.044958
0.111696
0.236953
0.185983
0.185455
0.309847
0.568687
0.139387
0.018637
0.313196
0.042985
0.009053
0.278012
0.544278
0.052909
0.318370
0.415871
0.060575
0.149887
0.349348
0.401060
0.253897
0.147057
0.117628
0.381278
0.401062
0.651350
0.205260
0.267125
0.508038
0.118453
0.466299
0.551813
0.083116
0.216812
0.090382
0.287716
0.293397
0.110641
0.120557
0.133253
0.352184
0.156691
0.135263
0.204005
0.583772
0.243131
0.027933
0.130146
0.118835
0.194273
0.322805
0.380801
0.228942
0.479931
0.312798
0.342105
0.153156
0.033701
0.251464
0.059888
0.384091
0.037252
0.065534
0.331079
0.355369
0.642194
0.424605
0.150303
0.433008
0.276243
0.209266
0.174830
0.142443
0.360885
0.326454
0.300822
0.462871
0.269103
0.120404
0.415829
0.380174
0.063765
0.194905
0.117062
0.547967
0.425596
0.013431
0.497418
0.166330
0.442486
0.515055
0.220858
0.169007
0.360601
0.514256
0.165166
0.224307
0.356112
0.029886
0.133879
0.389288
0.251337
0.119122
0.548514
0.089279
0.111314
0.267194
0.176288
0.260993
0.370524
0.120889
0.247570
0.158825
0.337060
0.094175
0.396882
0.174151
0.045033
0.009265
0.473146
0.489002
0.056500
0.188533
0.057559
0.334167
0.000125
0.568136
0.091714
0.371908
0.205261
0.277291
0.098728
0.037569
0.326991
0.284287
0.114287
0.187369
0.226005
0.171923
0.159041
0.108409
0.097766
0.411893
0.222487
0.483172
0.049849
0.350000
0.083356
0.611833
0.454470
0.123679
0.045829
0.254166
0.240524
0.178302
0.080208
0.052191
0.476694
0.190328
0.313090
0.152725
0.315630
0.405795
0.123368
0.732252
0.466704
0.024446
0.188168
0.192147
0.301535
0.223343
0.278608
0.455783
0.444685
0.338146
0.124077
0.394990
0.109759
0.068511
0.058202
0.175129
0.137594
0.227887
0.155793
0.352409
0.205757
0.138900
0.566015
0.178895
0.294144
0.365919
0.669491
0.274180
0.182419
0.379385
0.039557
0.301961
0.185687
0.006932
0.143265
0.172394
0.104076
0.451403
0.102021
0.077842
0.194331
0.444514
0.169137
0.296066
0.193253
0.500715
0.009936
0.199331
0.016583
0.024798
0.220484
0.142470
0.317116
0.131367
0.223631
0.084267
0.297120
0.033691
0.418181
0.121793
0.143179
0.109440
0.083649
0.404681
0.575201
0.170087
0.175361
0.194941
0.232145
0.138397
0.418207
0.289484
0.385246
0.388005
0.376227
0.170485
0.316611
0.123662
0.619286
0.806837
0.264131
0.116487
0.216256
0.157361
0.345875
0.075271
0.300717
0.026983
0.178043
0.131611
0.235261
0.178278
0.249124
0.053486
0.236640
0.055847
0.515125
0.031391
0.567742
0.057206
0.046717
0.302522
0.415989
0.012799
0.024619
0.400331
0.273637
0.502391
0.104570
0.152910
0.366964
0.336030
0.256615
0.160507
0.103552
0.187941
0.070543
0.152114
0.101062
0.362431
0.326863
0.340836
0.004481
0.243902
0.266336
0.083127
0.431555
0.081930
0.521534
0.000526
0.264240
0.138520
0.498287
0.395118
0.416972
0.373842
0.167080
0.364175
0.182534
0.133452
0.384593
0.479931
0.028153
0.176712
0.128803
0.302660
0.049448
0.011930
0.432916
0.590528
0.235609
0.127380
0.194269
0.411410
0.075795
0.354080
0.374746
0.500023
0.123968
0.247005
0.010746
0.045785
0.073604
0.336834
0.097341
0.375280
0.210547
0.149935
0.129942
0.409678
0.165969
0.169260
0.115191
0.371264
0.068808
0.016037
0.209589
0.079817
0.291964
0.511168
0.286330
0.295361
0.209950
0.140778
0.187102
0.127899
0.187073
0.309087
0.190466
0.197905
0.176593
0.167670
0.193110
0.319235
0.322432
0.029470
0.318768
0.134474
0.461693
0.606227
0.436831
0.179074
0.316419
0.265579
0.318282
0.159768
0.286208
0.578240
0.266785
0.050881
0.071176
0.044217
0.224972
0.291640
0.140484
0.394726
0.118401
0.085371
0.192614
0.106142
0.375333
0.334276
0.007503
0.078477
0.029155
0.170542
0.126876
0.262451
0.134607
0.406852
0.422030
0.184522
0.031502
0.135812
0.187512
0.010765
0.509824
0.348142
0.113759
0.317704
0.273559
0.202091
0.297799
0.164476
0.037546
0.262161
0.310073
0.004138
0.468247
0.333348
0.182066
0.149727
0.200881
0.545798
0.060468
0.352757
0.334558
0.173253
0.421465
0.049633
0.311651
0.433353
0.194597
0.214546
0.132922
0.281418
0.236170
0.009355
0.312901
0.063167
0.016078
0.351094
0.148455
0.230000
0.458191
0.367837
0.177919
0.347526
0.287290
0.402867
0.277339
0.250017
0.335051
0.536046
0.107022
0.253474
0.110116
0.066751
0.331899
0.226809
0.304469
0.279787
0.312907
0.509066
0.262584
0.086189
0.342237
0.387616
0.264718
0.393796
0.327329
0.055224
0.100096
0.582282
0.312215
0.047584
0.257765
0.344599
0.063507
0.452992
0.029726
0.420470
0.034211
0.024797
0.073192
0.502261
0.188189
0.065031
0.387649
0.123353
0.388392
0.301217
0.354263
0.300788
0.816270
0.130362
0.019000
0.129013
0.140067
0.144349
0.109543
0.010661
0.229909
0.471713
0.448137
0.119743
0.219503
0.247919
0.088151
0.612408
0.187848
0.483905
0.042991
0.145024
0.176962
0.488836
0.272322
0.420562
0.191724
0.139047
0.363529
0.195944
0.324237
0.163134
0.298822
0.017170
0.319856
0.390223
0.133594
0.281696
0.243401
0.303254
0.008400
0.093587
0.028841
0.339275
0.374793
0.407935
0.192012
0.047144
0.102461
0.239567
0.100169
0.487579
0.347775
0.314352
0.299359
0.400590
0.333686
0.201944
0.377731
0.081174
0.198202
0.250177
0.385804
0.045822
0.760080
0.128998
0.499547
0.050218
0.319721
0.410819
0.148956
0.128308
0.183291
0.414412
0.376794
0.236295
0.700066
0.205083
0.105939
0.265320
0.146388
0.062875
0.007875
0.048886
0.617664
0.386142
0.052388
0.155493
0.469158
0.168882
0.112976
0.050872
0.047761
0.235634
0.391447
0.081878
0.070642
0.575829
0.294466
0.249898
0.140749
0.171494
0.291032
0.218482
0.216043
0.412274
0.209322
0.051370
0.168450
0.178309
0.199418
0.081703
0.025739
0.318463
0.131241
0.227769
0.420038
0.496805
0.123451
0.084624
0.079302
0.256078
0.434526
0.098609
0.637593
0.385007
0.167819
0.036845
0.095217
0.002881
0.244721
0.175308
0.081818
0.452904
0.121918
0.174254
0.361127
0.073381
0.385581
0.118717
0.150809
0.402945
0.297752
0.418006
0.048185
0.003625
0.179073
0.194061
0.283827
0.067661
0.110881
0.106060
0.254203
0.199207
0.010875
0.109353
0.010167
0.490319
0.559750
0.204313
0.338903
0.238387
0.243502
0.063174
0.406998
0.023722
0.425496
0.290739
0.290490
0.148398
0.362716
0.221884
0.148710
0.359892
0.504853
0.047424
0.183855
0.352186
0.073680
0.246232
0.039569
0.311319
0.289691
0.003388
0.227141
0.376176
0.110621
0.371999
0.007822
0.334313
0.128408
0.311409
0.131369
0.693469
0.190010
0.199463
0.316960
0.096285
0.364117
0.036745
0.227466
0.077205
0.063190
0.574628
0.451523
0.384406
0.542127
0.162633
0.103729
0.231753
0.163688
0.591290
0.049493
0.055365
0.147930
0.570995
0.003393
0.091113
0.129875
0.170792
0.110058
0.185308
0.552154
0.011273
0.528264
0.258875
0.171347
0.042658
0.473029
0.185946
0.056594
0.154039
0.223705
0.441785
0.092393
0.039529
0.177852
0.138833
0.202737
0.082754
0.264015
0.135784
0.284624
0.489337
0.105563
0.028791
0.210223
0.502264
0.286834
0.374809
0.391560
0.133588
0.247927
0.020106
0.260127
0.338449
0.038608
0.137619
0.256873
0.386239
0.253782
0.082858
0.254561
0.051786
0.689681
0.301598
0.147165
0.284979
0.478587
0.089216
0.083276
0.139662
0.615154
0.671100
0.156905
0.271858
0.550555
0.199418
0.304999
0.223242
0.208624
0.037006
0.357293
0.258941
0.071245
0.501799
0.182378
0.171258
0.094061
0.108870
0.488666
0.324434
0.004366
0.471102
0.012041
0.369507
0.087006
0.597888
0.475865
0.153855
0.339528
0.211086
0.091904
0.227991
0.435530
0.109687
0.260383
0.400126
0.324508
0.454461
0.283146
0.203276
0.091461
0.028504
0.315209
0.258634
0.157676
0.563520
0.267789
0.429673
0.340846
0.366323
0.386326
0.188187
0.318656
0.405327
0.281392
0.028176
0.272852
0.303227
0.115562
0.265815
0.375183
0.067211
0.440218
0.422781
0.337535
0.019954
0.310755
0.469237
0.317390
0.329847
0.157009
0.091544
0.111892
0.001412
0.235540
0.047034
0.490218
0.030832
0.444753
0.550848
0.241678
0.444567
0.323002
0.349708
0.086143
0.232678
0.027418
0.072301
0.092533
0.243116
0.237406
0.311899
0.303308
0.220456
0.357577
0.222704
0.340181
0.160100
0.548221
0.271331
0.244611
0.019348
0.102566
0.075209
0.009903
0.390145
0.468136
0.366355
0.029226
0.576531
0.173327
0.048129
0.228118
0.217930
0.553170
0.178619
0.143003
0.024990
0.551750
0.499338
0.240189
0.356877
0.503476
0.127667
0.150056
0.225515
0.110312
0.576084
0.382675
0.039343
0.151619
0.359821
0.404389
0.510862
0.221669
0.323779
0.037422
0.030323
0.303041
0.129179
0.252943
0.267126
0.060371
0.007277
0.038671
0.348032
0.060104
0.288239
0.342103
0.129562
0.114875
0.096871
0.214186
0.330483
0.198226
0.378950
0.481992
0.267135
0.401218
0.036654
0.392662
0.024634
0.285829
0.585097
0.186128
0.061213
0.218544
0.430624
0.064858
0.318276
0.300140
0.313320
0.206146
0.243662
0.475824
0.030861
0.496786
0.369486
0.595549
0.133197
0.365965
0.066627
0.257368
0.231218
0.328056
0.138702
0.291878
0.418278
0.366267
0.030645
0.321117
0.048871
0.099143
0.213051
0.301610
0.511062
0.025894
0.213037
0.371239
0.225579
0.050393
0.261447
0.161921
0.434830
0.214142
0.382490
0.216750
0.656457
0.242996
0.249062
0.281311
0.436186
0.372293
0.347475
0.246939
0.346798
0.531378
0.493805
0.164127
0.413822
0.089038
0.359831
0.003208
0.377239
0.099931
0.395506
0.265226
0.386087
0.148953
0.076142
0.208935
0.391496
0.227898
0.172362
0.273532
0.000311
0.013010
0.342039
0.183103
0.163986
0.079473
0.005112
0.378889
0.269923
0.595603
0.261191
0.405704
0.187956
0.443487
0.085219
0.123945
0.614722
0.085529
0.400142
0.091437
0.581005
0.085807
0.049391
0.017473
0.328201
0.004942
0.017206
0.083554
0.138367
0.115150
0.022219
0.688006
0.159736
0.051413
0.403092
0.043899
0.539095
0.275889
0.195085
0.171077
0.240999
0.037447
0.239043
0.639477
0.118757
0.177435
0.257343
0.166069
0.271267
0.111883
0.026818
0.137350
0.246205
0.123089
0.261637
0.297837
0.307194
0.296764
0.093989
0.361612
0.166091
0.006649
0.086222
0.708226
0.163296
0.177553
0.012435
0.355610
0.105772
0.300903
0.237804
0.176031
0.309107
0.419808
0.193828
0.241447
0.000649
0.117530
0.115062
0.522240
0.245972
0.296103
0.070052
0.061343
0.210327
0.132363
0.008358
0.176409
0.230690
0.010848
0.337646
0.472190
0.316239
0.055021
0.291468
0.062388
0.201217
0.266868
0.436659
0.083041
0.244884
0.299191
0.017420
0.144936
0.354287
0.446759
0.289178
0.222532
0.200815
0.361474
0.462647
0.600789
0.350258
0.233226
0.498822
0.117818
0.461371
0.390785
0.090749
0.105122
0.079480
0.391391
0.327213
0.225845
0.204455
0.188044
0.406377
0.209596
0.065694
0.184167
0.468043
0.272975
0.148089
0.085421
0.030439
0.167897
0.207662
0.470382
0.080293
0.470250
0.180361
0.392667
0.310464
0.047974
0.259342
0.111597
0.314846
0.050012
0.037901
0.389200
0.277714
0.656247
0.321870
0.130121
0.370405
0.311225
0.303746
0.212331
0.140748
0.403291
0.485432
0.321499
0.387977
0.215652
0.120681
0.400218
0.219039
0.229913
0.166676
0.104340
0.537029
0.379011
0.087402
0.523628
0.203743
0.410122
0.615607
0.300504
0.040097
0.411117
0.553900
0.092945
0.143569
0.374998
0.098361
0.006710
0.417642
0.297409
0.044700
0.614534
0.161397
0.188967
0.282314
0.154426
0.223280
0.263105
0.205632
0.140545
0.114665
0.404898
0.256229
0.302545
0.295134
0.112117
0.063722
0.318347
0.394695
0.109999
0.150204
0.037015
0.284108
0.066122
0.482586
0.108038
0.527442
0.212464
0.295070
0.037524
0.090643
0.351033
0.297243
0.094322
0.137605
0.236192
0.307760
0.102125
0.056489
0.132500
0.365603
0.308664
0.515793
0.224743
0.300741
0.130354
0.566746
0.365376
0.169670
0.099052
0.327764
0.165616
0.113068
0.032163
0.070278
0.410924
0.229889
0.151299
0.215479
0.464839
0.289238
0.151688
0.757275
0.384434
0.030506
0.211142
0.144034
0.400397
0.192731
0.381717
0.604303
0.426803
0.364835
0.150876
0.334297
0.063275
0.205771
0.112339
0.234631
0.071432
0.176676
0.184953
0.342426
0.289189
0.089866
0.603744
0.307168
0.339803
0.501239
0.543640
0.295260
0.236000
0.188832
0.116739
0.271191
0.268377
0.120452
0.062897
0.042485
0.132435
0.388478
0.255597
0.074684
0.169979
0.504243
0.315923
0.181393
0.112342
0.468741
0.021751
0.502106
0.067652
0.121866
0.163937
0.210115
0.301960
0.172915
0.298267
0.078067
0.268454
0.137302
0.439248
0.077163
0.153102
0.069804
0.068194
0.358852
0.563286
0.224724
0.186202
0.155729
0.020480
0.134300
0.520108
0.394316
0.332470
0.450874
0.323485
0.081653
0.222329
0.143299
0.530646
0.678676
0.395442
0.150640
0.202594
0.268047
0.239281
0.052870
0.399758
0.106454
0.104497
0.062051
0.177964
0.268934
0.437920
0.054982
0.267025
0.179363
0.526102
0.044598
0.686746
0.031729
0.005571
0.340488
0.397181
0.133059
0.063202
0.422261
0.226264
0.628327
0.059583
0.349206
0.312989
0.312466
0.351913
0.227062
0.024181
0.097610
0.108892
0.071876
0.124338
0.348283
0.508787
0.242580
0.045841
0.287039
0.355229
0.135905
0.436693
0.180589
0.490507
0.070188
0.168503
0.045191
0.574815
0.329895
0.369679
0.420607
0.203665
0.246952
0.037243
0.115600
0.418318
0.459489
0.164109
0.126827
0.008834
0.439481
0.039713
0.013531
0.374236
0.408729
0.128003
0.224408
0.225538
0.417174
0.136228
0.322135
0.471847
0.524456
0.158881
0.195085
0.017575
0.198025
0.104223
0.353574
0.020253
0.285994
0.388625
0.124146
0.225353
0.424111
0.151719
0.317499
0.033221
0.321230
0.124312
0.032689
0.294145
0.007400
0.334028
0.558035
0.278779
0.278829
0.144267
0.197920
0.219062
0.010927
0.152882
0.303807
0.113682
0.320530
0.262148
0.191258
0.101189
0.386435
0.292879
0.164176
0.273429
0.030321
0.429051
0.685863
0.287641
0.271069
0.379471
0.189692
0.225458
0.128303
0.316266
0.512397
0.159208
0.093770
0.092997
0.213252
0.132165
0.332495
0.102443
0.508563
0.011639
0.001392
0.235485
0.001350
0.505981
0.139111
0.151523
0.032251
0.001884
0.031633
0.281686
0.214310
0.148263
0.472150
0.663590
0.400431
0.021281
0.134327
0.070952
0.084772
0.388549
0.385818
0.150114
0.331769
0.274376
0.133536
0.325854
0.213813
0.012533
0.260988
0.221903
0.114614
0.363375
0.382695
0.187825
0.314966
0.254058
0.573432
0.028450
0.298874
0.195355
0.167452
0.276872
0.153139
0.269080
0.373508
0.259199
0.100877
0.166741
0.206428
0.271013
0.084256
0.339212
0.092877
0.004407
0.435610
0.050281
0.306547
0.445393
0.400007
0.035557
0.345235
0.306893
0.457763
0.190858
0.235980
0.230909
0.482041
0.096993
0.199914
0.011518
0.076099
0.213192
0.225470
0.222998
0.226778
0.258552
0.413381
0.160818
0.008425
0.391476
0.296301
0.394266
0.382267
0.221804
0.063537
0.201673
0.629318
0.280090
0.053624
0.289943
0.343546
0.056506
0.424508
0.060149
0.272525
0.003849
0.124016
0.177095
0.624983
0.243197
0.131198
0.428331
0.132260
0.370123
0.210136
0.435251
0.207680
0.728141
0.025428
0.065368
0.076616
0.105071
0.102173
0.352070
0.132428
0.262481
0.405812
0.422940
0.086513
0.213109
0.482013
0.155241
0.562255
0.178589
0.470520
0.062319
0.207864
0.080916
0.543137
0.366606
0.520492
0.278365
0.224251
0.365095
0.092754
0.310736
0.153302
0.276171
0.064853
0.303473
0.314158
0.279877
0.269304
0.427370
0.175072
0.043471
0.210670
0.019559
0.217557
0.280579
0.424700
0.142543
0.089693
0.088693
0.356597
0.119749
0.655927
0.511957
0.300022
0.232982
0.422358
0.258376
0.125393
0.237102
0.081820
0.084363
0.100809
0.269967
0.016012
0.753803
0.125847
0.536470
0.108395
0.461441
0.318119
0.120956
0.039431
0.265217
0.435364
0.351309
0.259165
0.606999
0.118998
0.075050
0.263452
0.196714
0.003062
0.049558
0.011542
0.588722
0.350746
0.032307
0.302725
0.564862
0.216344
0.191909
0.130938
0.071441
0.326635
0.300532
0.191415
0.048258
0.546950
0.238146
0.286757
0.097832
0.280390
0.290824
0.067181
0.147839
0.510554
0.270296
0.012886
0.182023
0.090802
0.240564
0.057406
0.114197
0.215163
0.153024
0.183927
0.414706
0.501299
0.210364
0.161392
0.051017
0.370563
0.504726
0.254855
0.377059
0.442969
0.229719
0.037033
0.116181
0.168155
0.224598
0.200187
0.206388
0.544421
0.170930
0.150412
0.504649
0.178424
0.235423
0.070111
0.128532
0.359148
0.228024
0.385134
0.028261
0.166846
0.191731
0.100263
0.356549
0.002751
0.220565
0.071621
0.247534
0.132842
0.060842
0.065986
0.010403
0.621281
0.364960
0.156392
0.373618
0.312712
0.362994
0.067954
0.358929
0.247803
0.460398
0.324405
0.404902
0.256512
0.241524
0.253447
0.103400
0.398393
0.438921
0.046553
0.138210
0.273410
0.207321
0.156524
0.030545
0.331852
0.381309
0.096532
0.312103
0.335118
0.069631
0.206573
0.019123
0.312867
0.205498
0.362939
0.146742
0.661936
0.097443
0.034599
0.288275
0.102076
0.300813
0.158032
0.103669
0.282638
0.141628
0.498599
0.384591
0.372356
0.594400
0.198190
0.054472
0.212249
0.113906
0.584904
0.046955
0.158304
0.124234
0.610291
0.011708
0.028473
0.141627
0.106339
0.193633
0.187630
0.525915
0.005946
0.580600
0.276133
0.267637
0.082395
0.504970
0.055889
0.193134
0.170272
0.287292
0.551272
0.184947
0.080013
0.285945
0.072373
0.084690
0.070852
0.250973
0.197247
0.323756
0.535307
0.195235
0.016475
0.263452
0.485503
0.267601
0.347164
0.305410
0.255235
0.163945
0.105073
0.138821
0.410340
0.138757
0.308633
0.237602
0.440473
0.346408
0.167993
0.380426
0.168065
0.599267
0.432471
0.084882
0.263878
0.512468
0.089824
0.124633
0.175502
0.480119
0.639755
0.081710
0.282825
0.539805
0.337174
0.284332
0.170673
0.326929
0.165393
0.102324
0.267774
0.207182
0.449958
0.193824
0.269502
0.058973
0.029552
0.380477
0.212037
0.142584
0.475213
0.061679
0.345267
0.059443
0.627910
0.417926
0.072846
0.346073
0.305535
0.150678
0.204109
0.521815
0.145519
0.412469
0.398349
0.440294
0.368659
0.359004
0.164957
0.081098
0.147818
0.368897
0.186239
0.076955
0.452984
0.426455
0.452101
0.550307
0.518950
0.588454
0.151807
0.413979
0.395599
0.129275
0.123742
0.389061
0.441701
0.136613
0.236266
0.369839
0.117515
0.504253
0.417214
0.268367
0.036953
0.209352
0.379048
0.248417
0.324215
0.173584
0.135185
0.021348
0.097973
0.240444
0.099041
0.480679
0.194487
0.308155
0.578739
0.460152
0.413936
0.162989
0.445676
0.152863
0.302071
0.046420
0.011006
0.079231
0.264391
0.366739
0.318095
0.249887
0.040308
0.285786
0.015006
0.215695
0.185151
0.421788
0.242029
0.171315
0.059916
0.251518
0.198125
0.183137
0.575080
0.492101
0.375244
0.003858
0.518738
0.123058
0.069047
0.201418
0.049880
0.531696
0.022189
0.199427
0.050553
0.624151
0.591736
0.275554
0.300929
0.499788
0.106852
0.085851
0.200234
0.093001
0.339860
0.388980
0.147254
0.141131
0.482696
0.359470
0.539872
0.309099
0.303844
0.021736
0.051771
0.365226
0.006969
0.270157
0.316303
0.135665
0.036215
0.101976
0.318761
0.284114
0.191255
0.310240
0.004916
0.079213
0.083072
0.119630
0.277666
0.119904
0.432674
0.366105
0.114989
0.493410
0.061441
0.413123
0.026714
0.316083
0.508868
0.047967
0.057651
0.074347
0.391274
0.003689
0.242247
0.319614
0.190760
0.173878
0.375775
0.441387
0.175829
0.516398
0.415454
0.506427
0.113984
0.244349
0.037441
0.261610
0.210760
0.341160
0.173912
0.205098
0.445575
0.390935
0.032803
0.241124
0.105203
0.117443
0.266862
0.287731
0.537164
0.074419
0.337962
0.464766
0.290127
0.129603
0.392629
0.255906
0.577038
0.141273
0.450549
0.220027
0.474323
0.272895
0.284880
0.196954
0.247753
0.460772
0.357637
0.318243
0.292390
0.570990
0.322308
0.227427
0.372149
0.096532
0.509079
0.066584
0.293411
0.140521
0.457662
0.136309
0.275046
0.254752
0.002773
0.202322
0.249128
0.148629
0.093869
0.259128
0.097100
0.133565
0.378399
0.127650
0.111890
0.145002
0.129206
0.274572
0.264830
0.551029
0.263310
0.293068
0.113539
0.396975
0.084509
0.042335
0.427776
0.000633
0.260618
0.023232
0.564277
0.025400
0.004357
0.171510
0.347445
0.040850
0.107921
0.146268
0.164721
0.153735
0.026631
0.727799
0.238293
0.028561
0.365473
0.040040
0.618421
0.258146
0.144018
0.161985
0.251601
0.153537
0.247902
0.619824
0.250339
0.149681
0.215466
0.114312
0.458278
0.077169
0.014034
0.049975
0.274451
0.006176
0.380070
0.317133
0.403789
0.196804
0.017181
0.349824
0.029042
0.114516
0.027060
0.661166
0.165179
0.082141
0.074256
0.492334
0.213186
0.416708
0.174437
0.159292
0.331412
0.518808
0.192034
0.233988
0.102792
0.145940
0.095337
0.465731
0.267765
0.169249
0.126763
0.090195
0.239812
0.172594
0.004332
0.184882
0.294380
0.137869
0.354380
0.369736
0.450124
0.140214
0.303742
0.061960
0.342141
0.217224
0.306748
0.125106
0.158638
0.213932
0.032763
0.157432
0.381577
0.569575
0.268249
0.269974
0.200834
0.313339
0.485910
0.468055
0.412861
0.202538
0.442153
0.039374
0.410640
0.195412
0.058544
0.016620
0.040506
0.552167
0.317809
0.279252
0.300653
0.336773
0.473979
0.205090
0.222404
0.224600
0.284884
0.269025
0.128284
0.090654
0.008879
0.193466
0.093898
0.464224
0.094902
0.411022
0.021181
0.430960
0.426313
0.158902
0.371260
0.206086
0.257023
0.059417
0.006369
0.475435
0.220102
0.625347
0.202022
0.095417
0.339848
0.266494
0.427110
0.234979
0.098597
0.384899
0.577144
0.320379
0.325726
0.196060
0.100236
0.384280
0.047366
0.414097
0.104855
0.089445
0.491555
0.311333
0.207354
0.559153
0.291898
0.354385
0.714415
0.290616
0.151818
0.473612
0.592220
0.006838
0.075961
0.307172
0.144649
0.153540
0.375220
0.275532
0.029615
0.572401
0.185099
0.269170
0.260415
0.083269
0.173849
0.150033
0.248459
0.114809
0.053475
0.442683
0.335021
0.225315
0.364156
0.253545
0.124779
0.149168
0.322047
0.160279
0.041907
0.128725
0.257582
0.102038
0.342704
0.147154
0.579096
0.236415
0.276503
0.034887
0.091540
0.340110
0.325425
0.046533
0.126591
0.266154
0.486101
0.028556
0.054718
0.103166
0.307745
0.368035
0.454725
0.445264
0.195762
0.173021
0.460992
0.268114
0.173482
0.189689
0.365946
0.126002
0.092081
0.022027
0.085064
0.354472
0.214996
0.062187
0.251537
0.505889
0.197466
0.155559
0.680532
0.241821
0.012423
0.201958
0.133394
0.459861
0.159108
0.458910
0.673969
0.354009
0.303183
0.224976
0.266934
0.024574
0.467908
0.162042
0.252130
0.034451
0.223561
0.184067
0.299241
0.332094
0.068636
0.561169
0.324467
0.320078
0.595541
0.417668
0.284901
0.244903
0.056622
0.241051
0.265167
0.325926
0.243425
0.053221
0.154966
0.198632
0.395161
0.430219
0.068996
0.122384
0.488184
0.385807
0.119193
0.021824
0.427527
0.059856
0.662688
0.136274
0.189886
0.112873
0.255433
0.352510
0.253848
0.324735
0.016470
0.229714
0.252830
0.407653
0.112054
0.147211
0.000034
0.043443
0.283557
0.409222
0.272015
0.122594
0.154649
0.195747
0.166482
0.530733
0.352335
0.241973
0.465014
0.201912
0.017209
0.067361
0.113193
0.407209
0.536207
0.441434
0.250189
0.110132
0.278190
0.230008
0.061593
0.465397
0.200767
0.006457
0.021568
0.178223
0.315361
0.663291
0.036900
0.285019
0.225279
0.394945
0.209024
0.747318
0.083885
0.070205
0.414756
0.433782
0.158973
0.137944
0.388568
0.181583
0.636926
0.024012
0.525861
0.331128
0.244732
0.475501
0.208347
0.128702
0.005871
0.112130
0.001605
0.151982
0.296979
0.618402
0.216283
0.106479
0.339551
0.428740
0.174667
0.462864
0.269908
0.472719
0.114621
0.109885
0.201321
0.653902
0.221108
0.318703
0.491392
0.187774
0.166550
0.068059
0.141310
0.367361
0.400678
0.242520
0.083468
0.144260
0.509414
0.127909
0.025353
0.257224
0.215384
0.044594
0.354139
0.239067
0.405310
0.199439
0.231473
0.461136
0.473890
0.116855
0.173709
0.033122
0.331599
0.107353
0.396642
0.144584
0.110809
0.503786
0.032232
0.315556
0.457102
0.166793
0.390148
0.135272
0.277889
0.207337
0.036458
0.363040
0.141483
0.410089
0.569908
0.236264
0.261996
0.131286
0.242691
0.322733
0.088637
0.162774
0.297309
0.085338
0.371035
0.321484
0.194420
0.003864
0.465073
0.291849
0.248446
0.240000
0.024505
0.381985
0.643204
0.151593
0.329853
0.426608
0.062146
0.100509
0.138257
0.391295
0.421330
0.115600
0.317406
0.111567
0.346741
0.079424
0.362169
0.045874
0.450802
0.073930
0.087216
0.260418
0.087889
0.584360
0.081733
0.344279
0.058781
0.031877
0.174152
0.386823
0.229490
0.213634
0.486225
0.822424
0.553079
0.021772
0.117219
0.195413
0.143044
0.287613
0.396019
0.225924
0.349819
0.326724
0.017476
0.363380
0.211243
0.001984
0.218967
0.094649
0.168910
0.293932
0.388672
0.141354
0.402828
0.338719
0.504037
0.051565
0.271753
0.101823
0.089725
0.137065
0.207515
0.286080
0.306495
0.314037
0.027656
0.160149
0.096430
0.334004
0.151892
0.370968
0.140831
0.011354
0.525623
0.017919
0.333100
0.439392
0.346214
0.250160
0.344053
0.312872
0.414504
0.097505
0.209888
0.173459
0.382768
0.097848
0.193313
0.045827
0.065275
0.084797
0.234903
0.165296
0.103714
0.225475
0.310863
0.018331
0.085056
0.412345
0.267833
0.584659
0.373716
0.158191
0.128774
0.310198
0.680059
0.243614
0.078381
0.255572
0.335037
0.196451
0.313367
0.139945
0.166473
0.085949
0.222064
0.310415
0.630560
0.190756
0.216523
0.387737
0.137324
0.389244
0.087108
0.487737
0.156158
0.497307
0.001962
0.163599
0.038619
0.058492
0.032496
0.538445
0.264470
0.277130
0.318565
0.360875
0.071127
0.188766
0.674307
0.183530
0.464208
0.199780
0.426429
0.187386
0.286599
0.013536
0.574437
0.469901
0.543853
0.304610
0.210665
0.224315
0.000575
0.276459
0.091576
0.316872
0.190339
0.282964
0.194851
0.387592
0.261504
0.554642
0.117828
0.069301
0.326719
0.047347
0.162361
0.200859
0.432033
0.119166
0.247787
0.074492
0.355663
0.146167
0.692827
0.582374
0.268704
0.178175
0.360627
0.148924
0.159912
0.047815
0.068277
0.006907
0.075549
0.175170
0.057085
0.665190
0.188015
0.570308
0.179348
0.535710
0.109496
0.104408
0.072391
0.341401
0.334194
0.210441
0.226538
0.416617
0.009640
0.057728
0.294849
0.270809
0.054501
0.127955
0.062709
0.485154
0.289114
0.025484
0.345732
0.458534
0.182520
0.186948
0.168417
0.158097
0.372307
0.223283
0.257837
0.106202
0.466467
0.217020
0.335044
0.012830
0.382997
0.290606
0.107968
0.050220
0.522607
0.373642
0.033287
0.210692
0.028404
0.307475
0.077270
0.220773
0.098030
0.120271
0.172459
0.489554
0.426274
0.404073
0.191823
0.027523
0.399359
0.552857
0.362473
0.022535
0.383196
0.324562
0.033558
0.165486
0.322497
0.142028
0.234521
0.403908
0.618285
0.206915
0.083841
0.613208
0.260757
0.152200
0.012320
0.071350
0.263757
0.239078
0.345369
0.046407
0.390711
0.176209
0.005592
0.458177
0.028400
0.339748
0.061490
0.211815
0.158343
0.157116
0.056562
0.126779
0.613372
0.167250
0.056827
0.449021
0.404761
0.366076
0.097976
0.294423
0.442962
0.382394
0.259764
0.543036
0.274194
0.058667
0.256378
0.099911
0.416392
0.317844
0.234208
0.126359
0.243245
0.362007
0.004778
0.061823
0.437341
0.461426
0.155049
0.382394
0.180525
0.013006
0.098305
0.112609
0.331761
0.161109
0.365211
0.209094
0.540271
0.068647
0.101484
0.284065
0.152142
0.246944
0.218396
0.051510
0.496840
0.167429
0.345153
0.338338
0.362673
0.597961
0.260388
0.144229
0.160193
0.075673
0.523154
0.001456
0.276894
0.062613
0.625550
0.004947
0.023231
0.222672
0.104581
0.239868
0.187341
0.456365
0.025009
0.511015
0.191152
0.295257
0.151719
0.467272
0.069023
0.347574
0.215865
0.325628
0.627709
0.296233
0.131151
0.378043
0.006724
0.017503
0.098078
0.252405
0.217573
0.305074
0.593842
0.264655
0.049662
0.341909
0.490018
0.256288
0.303270
0.169201
0.338630
0.045143
0.219193
0.069343
0.509634
0.236242
0.405006
0.171780
0.491084
0.435678
0.165095
0.522173
0.258525
0.398598
0.598846
0.297237
0.210540
0.506538
0.018542
0.180859
0.182400
0.323616
0.522658
0.080160
0.254741
0.470055
0.499909
0.239445
0.088226
0.392850
0.219469
0.123400
0.197687
0.272723
0.349528
0.185195
0.247557
0.001128
0.037820
0.222085
0.123879
0.320258
0.460442
0.155132
0.315367
0.005446
0.606150
0.316543
0.062328
0.317862
0.411027
0.163955
0.147888
0.505958
0.219386
0.431853
0.473990
0.452961
0.260471
0.400001
0.226043
0.072575
0.298349
0.343194
0.140928
0.002096
0.360494
0.607560
0.387224
0.635816
0.649507
0.725143
0.096416
0.489356
0.408916
0.042656
0.261829
0.475414
0.500671
0.158910
0.231901
0.321387
0.160699
0.499573
0.422953
0.151464
0.092900
0.067342
0.235995
0.164436
0.315498
0.222419
0.122746
0.060847
0.150010
0.244683
0.105227
0.467974
0.331681
0.127737
0.556505
0.590898
0.345737
0.052835
0.455962
0.234457
0.367139
0.063910
0.054244
0.062910
0.250554
0.466842
0.328402
0.254359
0.087973
0.217220
0.240023
0.078102
0.210144
0.293553
0.262031
0.016546
0.110669
0.357814
0.289025
0.297928
0.674175
0.470150
0.319608
0.057318
0.486365
0.120576
0.167512
0.137023
0.019351
0.501999
0.101300
0.256914
0.101325
0.618959
0.548330
0.295526
0.166483
0.472151
0.144227
0.017967
0.195384
0.074959
0.127470
0.334512
0.144217
0.084052
0.492920
0.391051
0.502694
0.427046
0.275448
0.112667
0.229463
0.390041
0.072441
0.321101
0.266796
0.242416
0.018163
0.164963
0.249963
0.518863
0.096887
0.294985
0.095890
0.107174
0.123497
0.043800
0.215407
0.030408
0.421538
0.291301
0.033188
0.580177
0.111167
0.485782
0.036171
0.359491
0.345399
0.068513
0.002496
0.033913
0.287387
0.011542
0.232398
0.344759
0.201486
0.104194
0.498613
0.379202
0.283506
0.410505
0.375822
0.374108
0.119816
0.045534
0.129963
0.288332
0.203835
0.351671
0.119437
0.213509
0.423867
0.364898
0.001927
0.169192
0.131346
0.088597
0.277326
0.251921
0.517474
0.114792
0.392351
0.584780
0.313533
0.261816
0.480721
0.373536
0.583789
0.093676
0.439122
0.250798
0.272251
0.235638
0.260963
0.152146
0.040434
0.467577
0.342190
0.380253
0.233037
0.548548
0.234166
0.270748
0.251373
0.083793
0.594377
0.150970
0.241205
0.211461
0.486018
0.009459
0.096511
0.374290
0.045779
0.226623
0.117722
0.115945
0.004939
0.234417
0.164686
0.283880
0.403432
0.099525
0.023629
0.108006
0.237075
0.242001
0.240258
0.433518
0.196874
0.183761
0.031039
0.374056
0.184648
0.026680
0.189430
0.133126
0.101161
0.166629
0.513971
0.156708
0.019452
0.345310
0.385870
0.033244
0.167508
0.254312
0.213212
0.234094
0.001551
0.621673
0.327358
0.084833
0.327397
0.062519
0.660983
0.121037
0.024478
0.126413
0.168853
0.297211
0.263392
0.484720
0.318974
0.121206
0.140815
0.035006
0.589029
0.095764
0.000710
0.094342
0.260456
0.114909
0.464593
0.345410
0.419604
0.037567
0.039466
0.316674
0.184936
0.242452
0.032134
0.566441
0.154238
0.063149
0.127975
0.564000
0.349988
0.423002
0.065175
0.096893
0.317608
0.503893
0.128400
0.195709
0.175649
0.252094
0.135653
0.470355
0.259784
0.067473
0.157809
0.191000
0.242731
0.181414
0.039376
0.258473
0.285771
0.269920
0.339093
0.146262
0.450255
0.222116
0.313215
0.083000
0.384403
0.194499
0.191517
0.071688
0.063149
0.131122
0.059013
0.119105
0.327715
0.614140
0.240148
0.279250
0.194765
0.252661
0.455373
0.285171
0.430122
0.144592
0.266554
0.021105
0.360357
0.033922
0.020012
0.041826
0.019244
0.674229
0.264953
0.250222
0.317558
0.405089
0.441404
0.183373
0.299997
0.313542
0.169611
0.324670
0.160213
0.093888
0.023114
0.216278
0.047952
0.366972
0.202733
0.285456
0.142390
0.450973
0.522308
0.243036
0.397947
0.265028
0.196153
0.113038
0.056897
0.510322
0.169904
0.513462
0.046142
0.070475
0.306473
0.207941
0.539821
0.183727
0.059646
0.326847
0.569471
0.237339
0.248102
0.193592
0.051671
0.417840
0.167609
0.454812
0.060401
0.107247
0.417328
0.287877
0.313837
0.462742
0.352869
0.265025
0.666308
0.253683
0.219282
0.501216
0.575515
0.082260
0.080520
0.281510
0.212965
0.182775
0.360623
0.265532
0.002049
0.431286
0.203553
0.382096
0.229805
0.006079
0.079608
0.020337
0.344846
0.110577
0.089401
0.445770
0.352339
0.146412
0.385076
0.301475
0.167008
0.066748
0.231299
0.206918
0.064036
0.174519
0.272463
0.165059
0.156870
0.147399
0.563896
0.239827
0.173682
0.100136
0.056732
0.357608
0.337160
0.039909
0.069292
0.271875
0.573098
0.028308
0.024339
0.073270
0.255141
0.429798
0.319976
0.622408
0.073469
0.158422
0.324361
0.213614
0.169770
0.204193
0.459384
0.202373
0.106610
0.060513
0.149903
0.296500
0.159151
0.237454
0.305220
0.511906
0.069003
0.065502
0.479736
0.138193
0.025208
0.245582
0.081666
0.496838
0.074194
0.513426
0.598064
0.345989
0.279986
0.270530
0.210620
0.067165
0.651702
0.125280
0.263657
0.055476
0.359934
0.237400
0.229189
0.307556
0.010411
0.494869
0.309970
0.299414
0.580665
0.243127
0.341388
0.171757
0.319641
0.276722
0.244156
0.278414
0.390396
0.081789
0.346280
0.338789
0.406008
0.499762
0.070936
0.066988
0.405313
0.414073
0.058060
0.046360
0.298560
0.153745
0.715081
0.257549
0.196220
0.020830
0.309784
0.352752
0.362272
0.382215
0.065465
0.214350
0.289404
0.406797
0.139826
0.144720
0.052524
0.040834
0.197502
0.310914
0.327463
0.006966
0.176642
0.317217
0.222432
0.484070
0.294735
0.211636
0.408959
0.090383
0.008602
0.067036
0.106375
0.270429
0.372898
0.446047
0.328144
0.021078
0.213080
0.231920
0.190564
0.529120
0.233568
0.072664
0.019338
0.169495
0.284828
0.703473
0.102759
0.309302
0.264768
0.303767
0.349152
0.729142
0.051446
0.100216
0.468793
0.410800
0.171329
0.193742
0.317610
0.175513
0.512132
0.084946
0.570784
0.307050
0.091556
0.512911
0.226284
0.151440
0.036124
0.122451
0.013562
0.192902
0.266852
0.551359
0.189446
0.101267
0.326297
0.440814
0.232679
0.510605
0.390740
0.422834
0.108484
0.093601
0.399055
0.701495
0.035327
0.186117
0.533477
0.240993
0.064993
0.105817
0.148502
0.348536
0.292993
0.327766
0.042855
0.298039
0.504710
0.213977
0.018790
0.183587
0.012374
0.017637
0.471074
0.256735
0.412900
0.225352
0.166525
0.393535
0.364255
0.037321
0.149075
0.110690
0.425397
0.091130
0.393350
0.215123
0.095823
0.523974
0.017432
0.414809
0.424815
0.195881
0.460476
0.257625
0.279863
0.277429
0.015694
0.444204
0.180153
0.414192
0.543086
0.121399
0.220273
0.059613
0.250761
0.426430
0.183010
0.171086
0.220752
0.045517
0.323752
0.269132
0.136748
0.103038
0.447424
0.220434
0.282857
0.227248
0.107964
0.299754
0.510767
0.053749
0.372468
0.435973
0.000339
0.032698
0.194569
0.398287
0.296767
0.029677
0.497911
0.194997
0.468851
0.088436
0.353577
0.045218
0.334895
0.133245
0.116101
0.243698
0.187342
0.542099
0.240917
0.522685
0.024047
0.049926
0.451031
0.427325
0.249653
0.288852
0.446815
0.877619
0.641205
0.115977
0.044674
0.154176
0.208966
0.159087
0.362238
0.273024
0.365899
0.325334
0.074004
0.363856
0.155611
0.107154
0.209983
0.052709
0.179954
0.293718
0.423251
0.033965
0.480333
0.449764
0.432990
0.192667
0.182502
0.055717
0.059229
0.002637
0.239237
0.307125
0.242637
0.299046
0.079448
0.210014
0.017414
0.386572
0.201181
0.356053
0.164793
0.062192
0.643050
0.011781
0.348434
0.407929
0.330226
0.453191
0.301976
0.256975
0.438599
0.048133
0.205222
0.021509
0.295807
0.112673
0.242605
0.088690
0.074069
0.014204
0.201358
0.026201
0.021339
0.215847
0.169890
0.121665
0.162722
0.466016
0.278027
0.677549
0.333371
0.137450
0.179201
0.343087
0.631206
0.238437
0.107003
0.164090
0.320174
0.273486
0.165680
0.253974
0.062580
0.122854
0.303741
0.419453
0.555410
0.100619
0.357508
0.364903
0.114813
0.406210
0.045056
0.493533
0.140855
0.313383
0.032096
0.338287
0.058784
0.081617
0.091115
0.709728
0.381368
0.265541
0.296060
0.308681
0.033567
0.137554
0.806058
0.230418
0.321590
0.164096
0.387807
0.293218
0.408182
0.005975
0.638828
0.529893
0.554376
0.323918
0.219339
0.138989
0.015735
0.175962
0.027271
0.307030
0.307985
0.227195
0.001057
0.346129
0.277952
0.526579
0.142793
0.153576
0.394701
0.169400
0.174326
0.166966
0.490393
0.067405
0.414159
0.030834
0.357797
0.218469
0.660849
0.571703
0.236833
0.174868
0.282086
0.042631
0.181676
0.183889
0.002475
0.057188
0.324119
0.166665
0.062602
0.464252
0.203889
0.563866
0.219618
0.605889
0.076691
0.101857
0.302206
0.408358
0.237853
0.083401
0.134842
0.260751
0.105292
0.070683
0.375248
0.354985
0.100514
0.244467
0.132188
0.335794
0.191832
0.173197
0.383904
0.296015
0.069863
0.146445
0.144734
0.225121
0.417518
0.120857
0.231240
0.176562
0.394490
0.309656
0.383711
0.096172
0.368956
0.309524
0.211265
0.037839
0.441416
0.459655
0.050154
0.235593
0.047305
0.344996
0.079248
0.307361
0.094364
0.073249
0.171897
0.436715
0.331097
0.482769
0.278080
0.103038
0.472761
0.481536
0.496456
0.297775
0.301471
0.369854
0.041954
0.186683
0.427141
0.077849
0.252521
0.566772
0.521677
0.258103
0.004895
0.551230
0.325043
0.085040
0.007909
0.048990
0.228527
0.252963
0.334985
0.059774
0.553071
0.082838
0.112819
0.451247
0.016816
0.345123
0.028965
0.209598
0.163031
0.234126
0.001373
0.310375
0.600082
0.050720
0.008404
0.416745
0.475622
0.303600
0.210565
0.244100
0.460148
0.211760
0.190030
0.685510
0.317476
0.012141
0.286717
0.079619
0.383579
0.229383
0.405937
0.061307
0.231114
0.497588
0.177316
0.022762
0.494438
0.533400
0.191960
0.438733
0.072066
0.010107
0.068544
0.171472
0.368502
0.102190
0.409332
0.276939
0.353644
0.200094
0.252233
0.350372
0.148688
0.295002
0.221839
0.186151
0.647219
0.218524
0.209893
0.223827
0.346079
0.494328
0.273073
0.175031
0.171585
0.012597
0.401201
0.104824
0.388302
0.003240
0.571232
0.044109
0.015882
0.238216
0.107325
0.236008
0.164539
0.371361
0.066099
0.378270
0.136954
0.236825
0.182118
0.458218
0.117698
0.501172
0.184122
0.307378
0.554311
0.381509
0.125735
0.378199
0.015424
0.135588
0.117544
0.267559
0.157673
0.306449
0.519467
0.314467
0.124291
0.320560
0.471510
0.243291
0.217592
0.065988
0.401684
0.094393
0.311766
0.078774
0.491975
0.190922
0.486087
0.116027
0.521482
0.493782
0.084412
0.604510
0.330772
0.266695
0.710325
0.397382
0.068515
0.524570
0.046676
0.232212
0.138789
0.190097
0.387542
0.152422
0.188424
0.431456
0.565795
0.183216
0.037939
0.401331
0.377274
0.378070
0.084982
0.294572
0.280173
0.143474
0.145937
0.119781
0.065287
0.101627
0.057438
0.366770
0.435820
0.270291
0.297334
0.099506
0.547063
0.199664
0.065771
0.372366
0.469242
0.126823
0.150474
0.450804
0.292155
0.444042
0.540332
0.421593
0.249341
0.366886
0.264542
0.011209
0.419333
0.366912
0.111707
0.059908
0.230371
0.689959
0.318226
0.536257
0.642735
0.811893
0.025952
0.565012
0.452549
0.168360
0.334445
0.579252
0.450451
0.148058
0.277852
0.211734
0.190321
0.486222
0.417692
0.072825
0.084908
0.042963
0.101851
0.103738
0.246904
0.380183
0.170486
0.148403
0.129400
0.292159
0.088650
0.395065
0.489346
0.027700
0.497795
0.561913
0.375245
0.067413
0.395448
0.336769
0.427329
0.114368
0.129130
0.064882
0.210661
0.631448
0.383533
0.240227
0.159439
0.110229
0.524703
0.039225
0.146465
0.178459
0.265968
0.070734
0.039506
0.416773
0.300071
0.363690
0.760342
0.341900
0.337770
0.055783
0.407789
0.091971
0.264442
0.037669
0.099664
0.488263
0.205667
0.297115
0.160862
0.601456
0.443777
0.348538
0.082105
0.403861
0.110611
0.105902
0.196961
0.038326
0.050377
0.225087
0.122717
0.043585
0.499501
0.388561
0.439801
0.494644
0.222196
0.145509
0.388184
0.344887
0.093419
0.359969
0.184953
0.225948
0.036929
0.308259
0.193461
0.653199
0.002520
0.240046
0.180899
0.170451
0.199184
0.070291
0.130343
0.007110
0.328162
0.201259
0.193086
0.610166
0.153840
0.498117
0.001446
0.327279
0.140381
0.194112
0.124995
0.126636
0.193704
0.003231
0.186186
0.429593
0.209056
0.030870
0.583384
0.254446
0.366158
0.323178
0.386351
0.282022
0.077162
0.056708
0.218872
0.340911
0.253834
0.273831
0.089485
0.234545
0.333328
0.333430
0.010003
0.139202
0.126303
0.088516
0.342528
0.206174
0.415966
0.148247
0.464429
0.710268
0.364828
0.364314
0.547652
0.438956
0.554648
0.034213
0.343188
0.275390
0.045095
0.205580
0.177327
0.155800
0.124121
0.379915
0.250511
0.380077
0.197528
0.496673
0.134806
0.310659
0.142124
0.106960
0.625664
0.260538
0.220154
0.239564
0.484482
0.042774
0.087670
0.436397
0.036799
0.224905
0.046558
0.087775
0.150791
0.271464
0.140657
0.394814
0.362982
0.149522
0.020289
0.045554
0.336535
0.188789
0.214156
0.364045
0.109836
0.047790
0.050295
0.346553
0.287035
