# G_4, p = 0.1000 GPa (dir_1000.0_bar).
# 4MR distortion Lambda = (1/2)|d_02 - d_13|.
# 1080 rings x 101 frames = 109080 samples.
# Column: per-4MR Lambda [A]
0.141820
0.131795
0.308883
0.268203
0.008140
0.300494
0.066622
0.233730
0.270883
0.356050
0.141224
0.131772
0.186887
0.011145
0.260881
0.006860
0.234486
0.267830
0.006436
0.207290
0.263126
0.268531
0.006062
0.159707
0.052114
0.250702
0.248208
0.053527
0.190516
0.247635
0.000049
0.260388
0.308837
0.141843
0.131799
0.268177
0.008044
0.300505
0.066599
0.233630
0.270854
0.356133
0.131788
0.141187
0.186949
0.011145
0.234469
0.006810
0.260910
0.267863
0.207413
0.006444
0.006128
0.268528
0.263188
0.159765
0.052065
0.250743
0.248140
0.053666
0.190439
0.000018
0.247459
0.260312
0.308937
0.141512
0.131795
0.008162
0.268539
0.300575
0.066622
0.233191
0.270921
0.140933
0.131833
0.356141
0.011123
0.187151
0.234612
0.260519
0.006860
0.006658
0.268167
0.207416
0.262961
0.005906
0.268210
0.250870
0.052170
0.159086
0.247781
0.190506
0.053605
0.247730
0.000089
0.260337
0.309070
0.131778
0.141513
0.007984
0.268521
0.300552
0.233163
0.066473
0.270961
0.131794
0.356106
0.140867
0.187197
0.011145
0.234490
0.260586
0.006703
0.006613
0.207448
0.268130
0.268219
0.006017
0.263067
0.159152
0.250711
0.052208
0.247880
0.053744
0.190500
0.000058
0.247592
0.260321
0.141657
0.309034
0.008007
0.268450
0.300526
0.066575
0.233230
0.271103
0.356211
0.140869
0.187202
0.234681
0.006659
0.260597
0.207284
0.006569
0.268206
0.263006
0.005996
0.268416
0.159221
0.052263
0.250764
0.190346
0.247878
0.053777
0.000084
0.260289
0.247434
0.309109
0.141537
0.268357
0.008087
0.300509
0.066619
0.233232
0.271133
0.356123
0.140964
0.187210
0.234585
0.006804
0.260650
0.268205
0.006599
0.207298
0.268422
0.005883
0.262972
0.250834
0.159083
0.052301
0.053643
0.247788
0.190433
0.260340
0.247577
0.000086
0.308988
0.141820
0.268229
0.007963
0.300450
0.233381
0.066597
0.271059
0.141347
0.356099
0.186972
0.260901
0.006839
0.234642
0.267855
0.006549
0.207495
0.006131
0.263145
0.268346
0.159746
0.052163
0.250835
0.190373
0.053706
0.248172
0.000063
0.260302
0.247684
0.308886
0.141851
0.268310
0.008165
0.300504
0.233562
0.066702
0.271059
0.141373
0.356122
0.186946
0.006904
0.260823
0.234442
0.006458
0.207563
0.267893
0.263122
0.268331
0.006040
0.250786
0.159765
0.052145
0.248286
0.053519
0.190338
0.000001
0.247794
0.260432
0.141483
0.132370
0.305614
0.268119
0.009017
0.297322
0.067172
0.233329
0.269320
0.352658
0.132320
0.140748
0.186617
0.010063
0.263288
0.005772
0.232469
0.209328
0.270895
0.260374
0.006993
0.052535
0.159186
0.247917
0.186691
0.052833
0.000964
0.250673
0.305623
0.141421
0.132341
0.268066
0.008968
0.297329
0.067140
0.233333
0.269305
0.352693
0.132309
0.140925
0.186565
0.010028
0.005809
0.232596
0.263308
0.209353
0.270890
0.006985
0.260303
0.248025
0.159162
0.052436
0.052893
0.186723
0.000897
0.250672
0.305542
0.141678
0.132242
0.267940
0.009061
0.297292
0.233463
0.067172
0.269260
0.141196
0.132256
0.352604
0.009981
0.186273
0.232595
0.263329
0.005906
0.209538
0.260355
0.006926
0.270953
0.159586
0.247981
0.052541
0.052904
0.186620
0.250765
0.000944
0.305572
0.132280
0.141868
0.009054
0.267980
0.297294
0.233646
0.067179
0.269236
0.141165
0.352611
0.132236
0.009972
0.186333
0.263302
0.232506
0.005793
0.209354
0.271001
0.007016
0.260440
0.247765
0.159610
0.052668
0.052915
0.186598
0.000904
0.250855
0.141875
0.305438
0.008948
0.267938
0.297457
0.066903
0.233650
0.268686
0.352531
0.141263
0.186359
0.232353
0.263351
0.005837
0.209456
0.260594
0.007021
0.271046
0.159677
0.052599
0.247452
0.186975
0.053009
0.250712
0.000938
0.305458
0.141955
0.009001
0.267880
0.297421
0.066965
0.233657
0.268703
0.352538
0.141276
0.186414
0.263462
0.232404
0.005957
0.209344
0.271047
0.260550
0.007018
0.159604
0.052655
0.247579
0.186975
0.052974
0.250719
0.000851
0.305430
0.141464
0.008993
0.268089
0.297321
0.066903
0.233268
0.268626
0.140814
0.352489
0.186649
0.232443
0.005952
0.263293
0.209563
0.260451
0.270920
0.006974
0.247557
0.052681
0.159275
0.053056
0.186839
0.250706
0.000875
0.305413
0.141516
0.009023
0.268183
0.297416
0.233438
0.066920
0.268651
0.352508
0.140968
0.186559
0.263231
0.232368
0.005860
0.209469
0.007020
0.260436
0.270930
0.247471
0.159356
0.052565
0.052998
0.186897
0.250748
0.000992
0.133015
0.144543
0.305912
0.010057
0.271070
0.297897
0.067400
0.235491
0.268955
0.143945
0.353015
0.133011
0.190330
0.009297
0.232326
0.006327
0.207431
0.260143
0.053338
0.161660
0.248007
0.187451
0.052417
0.000984
0.305986
0.144457
0.133008
0.010036
0.271047
0.297941
0.067337
0.235371
0.268929
0.353002
0.132977
0.143819
0.190338
0.009308
0.232459
0.006305
0.207515
0.260088
0.248111
0.053177
0.161844
0.052531
0.187452
0.000916
0.306001
0.144733
0.132926
0.270809
0.010167
0.297854
0.235833
0.067311
0.268917
0.144018
0.132878
0.353026
0.009246
0.190084
0.006507
0.232423
0.207276
0.260034
0.161989
0.053240
0.248024
0.187393
0.052497
0.000989
0.132922
0.305973
0.144647
0.010060
0.270882
0.297792
0.235700
0.067295
0.268877
0.143902
0.132927
0.353008
0.190114
0.009180
0.006418
0.232464
0.207187
0.260149
0.248003
0.161862
0.053387
0.052569
0.187256
0.001008
0.144718
0.306215
0.270953
0.009924
0.297850
0.067311
0.235540
0.269328
0.353176
0.144125
0.190179
0.232440
0.006325
0.207476
0.260113
0.162016
0.053173
0.248172
0.187207
0.052664
0.000949
0.306228
0.144594
0.270985
0.010022
0.297845
0.067399
0.235442
0.269344
0.353087
0.144041
0.190227
0.232525
0.006384
0.207381
0.260151
0.161900
0.053389
0.248226
0.052604
0.187271
0.000984
0.144485
0.306020
0.010035
0.270904
0.297760
0.067400
0.235473
0.269237
0.143883
0.352959
0.190266
0.232548
0.006421
0.207244
0.260014
0.161725
0.248168
0.053347
0.187020
0.052618
0.001029
0.305990
0.144354
0.010090
0.270892
0.297838
0.235451
0.067453
0.269213
0.143849
0.353038
0.190196
0.232637
0.006441
0.207329
0.259934
0.161768
0.248240
0.053188
0.052517
0.187082
0.000916
0.132134
0.308094
0.268369
0.008215
0.300150
0.066781
0.232836
0.354938
0.132134
0.011026
0.260126
0.233716
0.007449
0.006716
0.208067
0.268053
0.262945
0.006180
0.268518
0.259866
0.308098
0.132096
0.268299
0.008040
0.300094
0.066695
0.232707
0.132105
0.354947
0.010920
0.233885
0.007305
0.260174
0.208025
0.006706
0.267994
0.006271
0.268640
0.263045
0.259772
0.308132
0.132197
0.008127
0.268646
0.300117
0.066736
0.232508
0.132268
0.354983
0.010970
0.233626
0.260018
0.007291
0.006689
0.268165
0.208237
0.262984
0.006047
0.268280
0.259741
0.308182
0.132206
0.007999
0.268679
0.300183
0.232248
0.066630
0.354995
0.132177
0.011065
0.260000
0.233812
0.007200
0.006667
0.208311
0.268228
0.268276
0.006139
0.263014
0.259663
0.308233
0.008016
0.268475
0.300056
0.066735
0.232454
0.354996
0.233830
0.007318
0.260137
0.268268
0.006740
0.208080
0.262988
0.006271
0.268510
0.259687
0.308197
0.008152
0.268511
0.300120
0.066801
0.232456
0.354990
0.233884
0.007366
0.260114
0.268278
0.006702
0.208127
0.268483
0.262858
0.006177
0.259805
0.308237
0.268444
0.007927
0.300128
0.232567
0.066668
0.355061
0.260150
0.007201
0.233746
0.268028
0.006668
0.208363
0.268433
0.006138
0.263089
0.259694
0.308242
0.008129
0.268458
0.300140
0.232545
0.066825
0.355021
0.260175
0.007314
0.233777
0.006714
0.208310
0.268099
0.263020
0.268358
0.006060
0.259745
0.132727
0.304821
0.268164
0.008887
0.297028
0.067125
0.232204
0.351439
0.132749
0.009813
0.231814
0.262633
0.006181
0.210143
0.271093
0.007136
0.260341
0.304918
0.132731
0.268151
0.008948
0.297055
0.067126
0.232179
0.351372
0.132804
0.009791
0.006295
0.231794
0.262664
0.210238
0.271057
0.007058
0.260307
0.304766
0.132656
0.268077
0.008976
0.296890
0.232583
0.067170
0.132658
0.351352
0.009775
0.231814
0.006428
0.262900
0.210263
0.260437
0.007246
0.271075
0.304616
0.132683
0.009092
0.268087
0.296960
0.232688
0.067274
0.132638
0.351413
0.009771
0.231630
0.262796
0.006384
0.210326
0.271027
0.007157
0.260419
0.304577
0.268061
0.009131
0.297005
0.067126
0.232841
0.351267
0.231632
0.006337
0.262912
0.210142
0.260502
0.007157
0.271174
0.304525
0.267964
0.009049
0.296974
0.067116
0.232694
0.351356
0.231621
0.006428
0.262948
0.210332
0.271163
0.007180
0.260533
0.304656
0.009065
0.268194
0.297087
0.232244
0.067104
0.351356
0.231795
0.006361
0.262624
0.210265
0.006978
0.260328
0.270973
0.304758
0.008957
0.268222
0.297072
0.232339
0.067019
0.351290
0.231579
0.006239
0.262590
0.210294
0.007048
0.260413
0.270973
0.133348
0.304943
0.010087
0.271188
0.297332
0.067469
0.234451
0.351667
0.133364
0.009054
0.006891
0.231613
0.208400
0.260043
0.304957
0.133384
0.010109
0.271214
0.297391
0.067440
0.234642
0.351691
0.133333
0.009065
0.231599
0.006904
0.208380
0.260003
0.305114
0.133332
0.010020
0.270926
0.297405
0.234728
0.067337
0.133363
0.351762
0.009059
0.231599
0.006821
0.208284
0.260109
0.305125
0.133341
0.270923
0.010025
0.297359
0.234777
0.067387
0.351718
0.133398
0.009050
0.006914
0.231637
0.208103
0.260183
0.305239
0.271021
0.010045
0.297327
0.067605
0.234486
0.351885
0.231811
0.006867
0.208339
0.259957
0.305246
0.271032
0.010022
0.297258
0.067605
0.234561
0.351851
0.231759
0.006802
0.208170
0.260056
0.305069
0.010111
0.271115
0.297240
0.234543
0.067717
0.351791
0.231753
0.006756
0.208079
0.259901
0.305124
0.010071
0.271070
0.297293
0.234614
0.067643
0.351820
0.231827
0.006778
0.208154
0.259834
0.251013
0.247882
0.247240
0.000020
0.251049
0.247731
0.247175
0.000021
0.251033
0.247616
0.247410
0.000032
0.251022
0.247556
0.000012
0.247388
0.251120
0.247512
0.000035
0.247167
0.251227
0.247536
0.247267
0.000044
0.251182
0.247736
0.000012
0.247299
0.251211
0.247830
0.000081
0.247390
0.248068
0.250493
0.000999
0.248259
0.000977
0.250255
0.248255
0.250562
0.000906
0.248096
0.000974
0.250557
0.247890
0.250238
0.001019
0.247908
0.250300
0.000939
0.247997
0.250335
0.000934
0.248008
0.250364
0.001020
0.248265
0.000882
0.248327
0.000871
0.248556
0.000908
0.248345
0.000998
0.248487
0.000839
0.248369
0.000915
0.248632
0.001000
0.248661
0.000907
0.059758
0.276769
0.246720
0.203294
0.097089
0.201640
0.069738
0.335960
0.142021
0.386287
0.027787
0.035506
0.019001
0.099770
0.510389
0.180222
0.185462
0.294149
0.048918
0.022937
0.329759
0.399447
0.033399
0.170480
0.077079
0.120876
0.193356
0.059136
0.227027
0.407439
0.209351
0.201711
0.291859
0.171716
0.042815
0.284497
0.091389
0.324806
0.149154
0.234385
0.316778
0.295336
0.084596
0.305145
0.198261
0.059992
0.119824
0.047967
0.347006
0.206076
0.286909
0.109109
0.057554
0.388942
0.329748
0.215301
0.013940
0.199783
0.284167
0.082256
0.131533
0.012972
0.258556
0.180192
0.226478
0.241734
0.240898
0.114416
0.383391
0.257688
0.058387
0.285512
0.144698
0.012614
0.271387
0.469821
0.129964
0.154123
0.059337
0.182967
0.036087
0.091232
0.120883
0.266056
0.195382
0.121261
0.385755
0.193013
0.117102
0.226149
0.278026
0.207432
0.048990
0.417018
0.012916
0.405357
0.241133
0.082720
0.197386
0.034073
0.341572
0.271900
0.297825
0.019675
0.166171
0.160887
0.187439
0.138926
0.282235
0.155402
0.147841
0.220210
0.091652
0.279197
0.260895
0.140597
0.260308
0.059974
0.020090
0.316122
0.201740
0.034701
0.278673
0.126446
0.163972
0.023142
0.445663
0.207116
0.154693
0.194321
0.205158
0.422998
0.191626
0.087988
0.128650
0.300657
0.401552
0.221470
0.216110
0.419355
0.011632
0.189822
0.209545
0.064871
0.395551
0.256448
0.034995
0.395627
0.094752
0.153175
0.278026
0.169191
0.264542
0.132944
0.120429
0.228960
0.256530
0.321814
0.067469
0.250689
0.009617
0.299781
0.130319
0.418564
0.271714
0.405878
0.186522
0.307916
0.341709
0.063545
0.141805
0.407961
0.083292
0.195178
0.327506
0.133977
0.303228
0.302583
0.077927
0.168712
0.072186
0.219791
0.216795
0.258859
0.279678
0.050676
0.331817
0.283534
0.443409
0.074683
0.371832
0.220749
0.023904
0.218640
0.251815
0.345958
0.217478
0.202370
0.013820
0.186164
0.309083
0.086668
0.172055
0.005373
0.216666
0.268086
0.218791
0.024471
0.239089
0.104366
0.094358
0.142283
0.004955
0.413783
0.193316
0.303264
0.163150
0.286888
0.151811
0.273394
0.348856
0.021169
0.143454
0.012313
0.223897
0.376639
0.043932
0.411950
0.163642
0.038748
0.305522
0.183802
0.339939
0.248337
0.001222
0.349432
0.020401
0.147584
0.101831
0.103351
0.175645
0.096107
0.282037
0.424426
0.064663
0.088374
0.105620
0.430079
0.060753
0.264323
0.145913
0.087330
0.363377
0.338117
0.182044
0.135221
0.011249
0.109318
0.274052
0.016976
0.219621
0.137849
0.449652
0.355170
0.094357
0.081254
0.326228
0.160085
0.166936
0.227301
0.202009
0.255933
0.438622
0.044776
0.288560
0.353484
0.088210
0.096787
0.014949
0.350430
0.376881
0.278636
0.091458
0.232638
0.040587
0.116880
0.174782
0.243106
0.035088
0.219864
0.296276
0.047081
0.378979
0.358565
0.289310
0.042633
0.178921
0.065011
0.087286
0.140075
0.156478
0.178747
0.036405
0.201268
0.182776
0.261058
0.147934
0.028286
0.276745
0.107685
0.115668
0.471517
0.054026
0.161369
0.384077
0.314531
0.024855
0.267344
0.360792
0.022877
0.277404
0.129233
0.331171
0.203832
0.102847
0.163008
0.317341
0.194169
0.197741
0.124934
0.164713
0.237243
0.177235
0.229682
0.340703
0.039931
0.263354
0.009669
0.489427
0.159842
0.131724
0.115784
0.336248
0.229616
0.100864
0.045909
0.406650
0.081285
0.334687
0.301188
0.031007
0.014903
0.129925
0.224739
0.073650
0.119585
0.299918
0.326526
0.075529
0.288626
0.395259
0.179912
0.088013
0.391012
0.434421
0.016183
0.046658
0.371721
0.158564
0.014101
0.002290
0.158067
0.118054
0.321563
0.233134
0.040348
0.112440
0.263981
0.111633
0.295685
0.081014
0.402791
0.058891
0.129889
0.382712
0.088768
0.088490
0.203436
0.215843
0.162923
0.203025
0.057457
0.218203
0.067099
0.037115
0.002625
0.498316
0.293444
0.023912
0.088177
0.102554
0.278524
0.158502
0.080880
0.098553
0.010519
0.457462
0.184326
0.252404
0.279948
0.336598
0.071276
0.287103
0.366148
0.190646
0.270661
0.250892
0.207755
0.135078
0.416341
0.215538
0.170156
0.150181
0.010941
0.243090
0.150565
0.356606
0.139175
0.060488
0.098012
0.072317
0.313156
0.213689
0.073573
0.198184
0.323785
0.192145
0.116696
0.356354
0.157501
0.002551
0.011445
0.315845
0.177371
0.184619
0.161701
0.084860
0.281827
0.169998
0.340018
0.077018
0.049235
0.240556
0.162293
0.237010
0.201097
0.060086
0.108092
0.091825
0.091259
0.501899
0.071593
0.092231
0.115962
0.143018
0.035733
0.409240
0.238971
0.133905
0.110592
0.380663
0.044532
0.105498
0.155997
0.034199
0.209752
0.372136
0.201239
0.050616
0.137731
0.229860
0.161167
0.122771
0.039554
0.199129
0.356107
0.136867
0.131794
0.157089
0.234803
0.162963
0.016022
0.296217
0.051102
0.241466
0.037035
0.124291
0.061350
0.283777
0.105091
0.291124
0.080701
0.289910
0.154474
0.410349
0.246943
0.199646
0.238338
0.002724
0.299134
0.080567
0.151503
0.249474
0.176273
0.000390
0.479800
0.080387
0.290458
0.079028
0.379709
0.229070
0.269745
0.013999
0.074210
0.368431
0.370354
0.081894
0.208225
0.035796
0.351442
0.330490
0.207656
0.300466
0.166002
0.036536
0.008125
0.136007
0.130518
0.305524
0.490622
0.166173
0.026663
0.063439
0.171784
0.186646
0.183920
0.289726
0.014275
0.149511
0.054978
0.246185
0.012150
0.178937
0.359701
0.169210
0.069042
0.305122
0.147898
0.229949
0.319494
0.315833
0.194233
0.245903
0.376341
0.106936
0.203091
0.331576
0.139032
0.003046
0.286985
0.045080
0.201516
0.175187
0.512971
0.197936
0.119018
0.214433
0.349547
0.036965
0.206296
0.149409
0.307224
0.178141
0.324886
0.275236
0.047490
0.176696
0.176596
0.216127
0.050407
0.136368
0.104256
0.366103
0.104700
0.242581
0.234882
0.011584
0.343425
0.205091
0.004879
0.269613
0.108938
0.182253
0.394450
0.251710
0.287726
0.012606
0.185959
0.347233
0.071154
0.250281
0.161599
0.260217
0.029081
0.177597
0.327298
0.202834
0.155086
0.265411
0.286903
0.365288
0.162947
0.500839
0.051871
0.239914
0.151616
0.204380
0.044374
0.243829
0.200527
0.055255
0.147543
0.212905
0.092471
0.159830
0.095343
0.274326
0.258966
0.202522
0.101403
0.273000
0.127691
0.303213
0.276103
0.141949
0.254744
0.030571
0.137192
0.054318
0.152132
0.189900
0.320668
0.286301
0.111086
0.283091
0.233839
0.386620
0.119925
0.245851
0.048485
0.339672
0.059270
0.241452
0.014344
0.294612
0.087611
0.344242
0.055117
0.292691
0.234789
0.206664
0.235480
0.092727
0.310646
0.188463
0.098811
0.258237
0.144418
0.278519
0.194852
0.113953
0.024500
0.239885
0.188573
0.344912
0.065071
0.188606
0.162187
0.079989
0.047338
0.066380
0.302354
0.073011
0.312125
0.365424
0.140533
0.362796
0.215046
0.034827
0.251660
0.140385
0.221482
0.005160
0.412720
0.071232
0.167226
0.370132
0.177793
0.221392
0.054617
0.279944
0.085639
0.248102
0.075505
0.214198
0.214937
0.286725
0.018522
0.184154
0.314414
0.240690
0.260406
0.340997
0.235216
0.062663
0.124655
0.199282
0.124801
0.377917
0.210949
0.155677
0.279757
0.257725
0.457802
0.104667
0.175965
0.326359
0.076552
0.038479
0.331497
0.264278
0.046509
0.187247
0.366317
0.129582
0.228517
0.313910
0.272644
0.092194
0.165057
0.383048
0.198035
0.096331
0.351597
0.182891
0.025877
0.329120
0.488910
0.024214
0.106451
0.274756
0.037414
0.193461
0.259380
0.044253
0.332516
0.091330
0.291202
0.134044
0.319412
0.173378
0.234002
0.189541
0.339187
0.151233
0.070145
0.361726
0.003139
0.242355
0.208193
0.355063
0.210285
0.020537
0.276875
0.045361
0.155210
0.372454
0.102093
0.249996
0.222113
0.198589
0.336711
0.059917
0.078780
0.223246
0.393555
0.216840
0.378032
0.297059
0.108944
0.345665
0.475957
0.236569
0.234630
0.137764
0.349181
0.123353
0.367713
0.296399
0.071834
0.082623
0.036540
0.314760
0.155965
0.272054
0.214240
0.027072
0.291505
0.401567
0.032319
0.217788
0.153270
0.162842
0.081350
0.016491
0.237266
0.400421
0.009252
0.132387
0.100568
0.217924
0.260995
0.269898
0.025486
0.238339
0.345192
0.332389
0.089696
0.288294
0.220885
0.214240
0.084210
0.193626
0.360597
0.025203
0.147272
0.127236
0.071773
0.345557
0.473971
0.127411
0.304605
0.524122
0.163748
0.082944
0.198853
0.031180
0.259554
0.242745
0.244388
0.093527
0.245145
0.153261
0.116540
0.172086
0.264806
0.180575
0.200795
0.077459
0.344655
0.023248
0.204098
0.230581
0.296600
0.081756
0.326926
0.132111
0.372484
0.056565
0.095353
0.205589
0.047321
0.373368
0.398072
0.168493
0.134734
0.421502
0.096968
0.131138
0.100438
0.422466
0.054083
0.183396
0.325034
0.254031
0.083021
0.319475
0.427907
0.283026
0.044745
0.338351
0.323306
0.029072
0.191129
0.162690
0.085970
0.420512
0.150829
0.144339
0.304281
0.082424
0.057215
0.311855
0.038324
0.209549
0.270519
0.207224
0.068646
0.181166
0.198946
0.100874
0.348307
0.201510
0.194217
0.047472
0.309814
0.116020
0.182349
0.238293
0.513723
0.332568
0.020219
0.198623
0.079736
0.234550
0.261335
0.217849
0.112281
0.020748
0.246734
0.302382
0.177842
0.247523
0.105243
0.357356
0.070869
0.131677
0.088810
0.270963
0.346476
0.291470
0.073743
0.266004
0.062404
0.355751
0.391631
0.052075
0.284073
0.138529
0.013895
0.007318
0.195802
0.313105
0.020100
0.352203
0.054370
0.151499
0.396416
0.062968
0.068576
0.283606
0.174003
0.000184
0.222903
0.332471
0.093875
0.202251
0.014244
0.257326
0.164575
0.040051
0.330212
0.104208
0.246060
0.385389
0.233324
0.345355
0.052230
0.091736
0.343438
0.196331
0.182860
0.269148
0.324053
0.019535
0.390164
0.275868
0.338728
0.096699
0.124992
0.291914
0.381182
0.090444
0.278621
0.290844
0.012363
0.071679
0.453653
0.154040
0.409508
0.145513
0.079500
0.234293
0.205430
0.224608
0.073587
0.293853
0.392762
0.244891
0.137968
0.154107
0.227935
0.003860
0.400281
0.376030
0.120671
0.078033
0.283545
0.301405
0.450945
0.229912
0.140657
0.178124
0.340164
0.097605
0.200980
0.210315
0.341265
0.119285
0.401746
0.192675
0.298458
0.085351
0.229996
0.144350
0.342041
0.119716
0.319691
0.079878
0.076607
0.117477
0.219591
0.248145
0.327728
0.024226
0.284170
0.268865
0.015048
0.242567
0.266269
0.057028
0.170496
0.332910
0.060562
0.307059
0.152375
0.388742
0.190443
0.166443
0.116024
0.222099
0.041754
0.149304
0.171736
0.068957
0.019261
0.154772
0.071050
0.066113
0.138043
0.013564
0.452846
0.168439
0.157744
0.198532
0.080737
0.206257
0.426198
0.020393
0.421181
0.133403
0.190731
0.197330
0.256194
0.768796
0.409702
0.132890
0.336994
0.087067
0.192329
0.378922
0.543013
0.040649
0.152574
0.225670
0.045368
0.111429
0.086387
0.305260
0.541433
0.476153
0.185913
0.233223
0.241574
0.269195
0.282804
0.214952
0.320801
0.256981
0.247273
0.349515
0.222195
0.042547
0.493949
0.224776
0.093608
0.020408
0.085994
0.403960
0.191085
0.309748
0.264990
0.129169
0.481079
0.385669
0.291129
0.093713
0.167303
0.394567
0.204030
0.081761
0.011573
0.286052
0.074103
0.148041
0.330809
0.309703
0.296384
0.536576
0.206818
0.190141
0.385535
0.033041
0.182378
0.433362
0.609246
0.250823
0.167253
0.116969
0.140114
0.044375
0.201762
0.066513
0.313400
0.086340
0.262017
0.548006
0.104224
0.150147
0.299166
0.322170
0.244188
0.002592
0.595419
0.007429
0.581701
0.170107
0.005024
0.255463
0.063905
0.449777
0.243603
0.328520
0.045770
0.089533
0.170841
0.001181
0.169904
0.384340
0.395017
0.041746
0.166417
0.222679
0.563619
0.321925
0.020506
0.261446
0.158854
0.233362
0.440783
0.168562
0.017424
0.332620
0.215744
0.116112
0.002703
0.609429
0.175925
0.225256
0.047686
0.438598
0.591930
0.009389
0.083999
0.015046
0.380391
0.485354
0.322138
0.301555
0.574497
0.002274
0.117271
0.168470
0.136795
0.522617
0.265504
0.128659
0.478729
0.000895
0.271685
0.346904
0.137401
0.319087
0.171629
0.225476
0.195611
0.259667
0.341361
0.053455
0.263191
0.027428
0.282312
0.238080
0.612824
0.347345
0.380174
0.211029
0.416970
0.451554
0.140252
0.020033
0.577413
0.090599
0.211765
0.373322
0.292433
0.375713
0.344557
0.037588
0.268907
0.067145
0.200660
0.246595
0.221184
0.348908
0.131562
0.294351
0.403370
0.660458
0.124639
0.483581
0.191265
0.098590
0.115006
0.355484
0.284730
0.250381
0.094282
0.021195
0.057853
0.388442
0.136483
0.093509
0.020253
0.180986
0.282135
0.300507
0.040214
0.246464
0.034089
0.090811
0.045767
0.009689
0.583127
0.137355
0.307160
0.197098
0.296208
0.342345
0.231091
0.483889
0.140597
0.068893
0.138237
0.088690
0.600082
0.092438
0.563428
0.081954
0.081576
0.454976
0.105890
0.422584
0.188263
0.014076
0.477399
0.142695
0.240696
0.087577
0.149861
0.090313
0.195166
0.316889
0.551195
0.046345
0.021996
0.121438
0.645597
0.118997
0.213271
0.233131
0.099584
0.492123
0.351698
0.198718
0.152535
0.196668
0.243859
0.273865
0.069973
0.142640
0.044132
0.600876
0.452708
0.254915
0.286533
0.528747
0.099964
0.125537
0.422317
0.431220
0.286706
0.597110
0.070497
0.450835
0.479812
0.215067
0.133016
0.049626
0.508137
0.463774
0.197674
0.346540
0.317090
0.128740
0.240815
0.385952
0.229297
0.204813
0.189124
0.370267
0.119436
0.496753
0.477107
0.487586
0.124968
0.338528
0.042056
0.189343
0.008485
0.008762
0.208355
0.078246
0.165476
0.345210
0.255731
0.009067
0.014399
0.313211
0.054066
0.101821
0.587509
0.110652
0.138897
0.473550
0.397902
0.081225
0.290978
0.443228
0.101146
0.259776
0.081393
0.459507
0.328996
0.269572
0.167906
0.403239
0.387402
0.065730
0.126533
0.213208
0.452953
0.082398
0.142472
0.438078
0.003536
0.231666
0.140397
0.619398
0.188345
0.322430
0.047632
0.374411
0.217344
0.207262
0.166541
0.584675
0.153036
0.394295
0.320745
0.203810
0.010143
0.334108
0.285478
0.170507
0.035161
0.495915
0.325847
0.141246
0.304423
0.508005
0.337285
0.090672
0.532090
0.482378
0.198358
0.129243
0.583161
0.023793
0.040518
0.239771
0.064973
0.240398
0.318816
0.390810
0.077568
0.034391
0.321926
0.166931
0.352031
0.157999
0.494812
0.303271
0.286985
0.529306
0.145672
0.233389
0.180862
0.127991
0.055333
0.251859
0.078560
0.145521
0.086825
0.104293
0.238144
0.726014
0.362638
0.070627
0.039561
0.161024
0.360078
0.140711
0.207818
0.051472
0.012614
0.628917
0.238261
0.551137
0.297053
0.353263
0.244784
0.341568
0.439735
0.269186
0.206774
0.329152
0.137793
0.217171
0.592735
0.222323
0.080100
0.007516
0.029470
0.226713
0.269785
0.570851
0.217794
0.071756
0.100378
0.146439
0.334268
0.262883
0.127613
0.129451
0.370855
0.145635
0.345553
0.456454
0.058341
0.119876
0.243031
0.397388
0.126674
0.393192
0.119759
0.169328
0.309833
0.053534
0.450957
0.300542
0.026794
0.432177
0.126075
0.208740
0.451059
0.305543
0.017835
0.139428
0.229073
0.720430
0.178421
0.101402
0.028851
0.013520
0.249322
0.487491
0.386013
0.060529
0.207679
0.554539
0.071868
0.023372
0.024771
0.022612
0.284492
0.516003
0.227863
0.067014
0.287836
0.164958
0.193948
0.062550
0.037856
0.112393
0.399879
0.365059
0.004440
0.091017
0.105766
0.176581
0.173297
0.391897
0.090321
0.274490
0.079130
0.063115
0.173514
0.329353
0.265248
0.450745
0.124345
0.370414
0.324234
0.537016
0.383086
0.202095
0.162562
0.063826
0.295094
0.093049
0.280344
0.250255
0.262138
0.137190
0.641566
0.179445
0.356364
0.192828
0.549182
0.249614
0.267740
0.128595
0.115615
0.526970
0.564275
0.130076
0.426494
0.072222
0.361846
0.518571
0.468225
0.269583
0.003187
0.195015
0.044830
0.050483
0.128634
0.485915
0.614212
0.111391
0.050759
0.148698
0.096089
0.202163
0.085867
0.373789
0.130314
0.220999
0.049435
0.351798
0.001889
0.241881
0.426671
0.037642
0.119998
0.263839
0.192971
0.204501
0.378005
0.247849
0.283827
0.313105
0.519441
0.193806
0.241112
0.414380
0.080796
0.057204
0.296682
0.137213
0.397480
0.399287
0.704509
0.263995
0.068244
0.436751
0.403302
0.025081
0.189006
0.003586
0.217509
0.205072
0.482466
0.341404
0.126828
0.150476
0.075672
0.251846
0.191900
0.042466
0.274379
0.554236
0.202866
0.349731
0.171514
0.001292
0.405757
0.129121
0.083813
0.299831
0.026877
0.245220
0.389318
0.305239
0.385845
0.002601
0.139696
0.447038
0.069465
0.266658
0.286302
0.325753
0.000101
0.402038
0.355270
0.239818
0.375372
0.239382
0.245260
0.491825
0.300413
0.697372
0.003649
0.076731
0.134634
0.171700
0.096400
0.304034
0.152726
0.058888
0.014099
0.431169
0.132885
0.164855
0.219343
0.407460
0.184010
0.128742
0.199296
0.301748
0.161549
0.382137
0.136167
0.102969
0.530412
0.338475
0.060707
0.090260
0.379268
0.223272
0.421502
0.326016
0.214804
0.321823
0.195143
0.450702
0.091607
0.215338
0.056006
0.382460
0.139240
0.240102
0.159581
0.221334
0.164441
0.505876
0.162210
0.277911
0.246580
0.426479
0.223395
0.214908
0.379672
0.097423
0.096563
0.197609
0.193755
0.553194
0.059610
0.108916
0.075724
0.249429
0.222458
0.333237
0.242969
0.088032
0.025699
0.170139
0.099354
0.164582
0.416209
0.188173
0.658344
0.464424
0.011216
0.435036
0.269910
0.048449
0.218984
0.064339
0.227681
0.064299
0.431592
0.001097
0.313605
0.544337
0.097876
0.471399
0.161984
0.384265
0.140832
0.235118
0.143242
0.149773
0.145784
0.241657
0.050679
0.081916
0.322549
0.432269
0.273289
0.350861
0.204687
0.170967
0.024999
0.105691
0.246318
0.530200
0.152835
0.252615
0.319089
0.242619
0.632231
0.218244
0.056449
0.343268
0.032823
0.158351
0.300164
0.207536
0.053964
0.109103
0.450659
0.310587
0.279096
0.338877
0.294804
0.150736
0.051638
0.506084
0.139931
0.171076
0.410663
0.148355
0.017328
0.280715
0.773156
0.066538
0.038301
0.304698
0.068292
0.201658
0.234223
0.069232
0.393697
0.123148
0.274620
0.256839
0.420502
0.044001
0.255023
0.326431
0.289054
0.050796
0.194304
0.442759
0.020627
0.284862
0.138994
0.484641
0.148444
0.043273
0.278400
0.230848
0.029381
0.460009
0.232496
0.242846
0.377670
0.201861
0.341957
0.030714
0.153863
0.260634
0.566747
0.463450
0.527264
0.289438
0.249200
0.440954
0.663885
0.366494
0.246648
0.315115
0.369889
0.154012
0.513986
0.276581
0.067204
0.210054
0.098776
0.364355
0.049878
0.354798
0.096170
0.035746
0.312710
0.493662
0.170235
0.173550
0.309096
0.003995
0.096627
0.124310
0.295452
0.461055
0.003344
0.042201
0.205244
0.126554
0.305770
0.283144
0.007511
0.195819
0.369113
0.542573
0.181187
0.315880
0.130048
0.204219
0.096415
0.300670
0.396863
0.077142
0.073343
0.002693
0.209027
0.518969
0.655462
0.245999
0.372381
0.749267
0.072150
0.181524
0.068698
0.012324
0.274360
0.129182
0.271899
0.186224
0.276228
0.113112
0.087952
0.346466
0.271730
0.012031
0.157456
0.158529
0.352070
0.047978
0.186267
0.100969
0.417331
0.146350
0.356239
0.015773
0.455066
0.124819
0.101153
0.121282
0.103281
0.520378
0.540574
0.109719
0.219111
0.496065
0.047440
0.203693
0.099340
0.648605
0.071343
0.112107
0.413024
0.247650
0.206809
0.417584
0.593403
0.383648
0.051029
0.258597
0.489148
0.026958
0.153113
0.137005
0.231756
0.578973
0.031348
0.214424
0.294858
0.157058
0.184035
0.340746
0.023585
0.207111
0.181878
0.312337
0.173454
0.381612
0.188232
0.024144
0.445535
0.105453
0.244710
0.127533
0.360143
0.107894
0.296252
0.252491
0.596136
0.552366
0.030480
0.178215
0.138524
0.281688
0.231942
0.140225
0.395600
0.066091
0.213723
0.287198
0.113340
0.411073
0.055877
0.324494
0.175731
0.021662
0.159529
0.339566
0.510030
0.258154
0.324237
0.248537
0.130008
0.424586
0.622948
0.180648
0.231537
0.139615
0.016389
0.047501
0.110374
0.413823
0.254251
0.428713
0.203054
0.317987
0.524522
0.020674
0.129828
0.242998
0.074902
0.057625
0.233031
0.412420
0.144742
0.142438
0.041253
0.245813
0.234847
0.191786
0.299864
0.039539
0.560934
0.564955
0.226582
0.421413
0.148301
0.152363
0.348316
0.162690
0.304265
0.211962
0.409634
0.023481
0.597977
0.340990
0.363483
0.234862
0.032570
0.292862
0.552685
0.272026
0.160538
0.374447
0.031764
0.099968
0.680896
0.006670
0.570161
0.024661
0.174359
0.232405
0.181985
0.222686
0.176849
0.338538
0.542101
0.264203
0.283510
0.047273
0.202420
0.025158
0.515621
0.541097
0.003171
0.176876
0.302547
0.333578
0.680700
0.177609
0.278782
0.087228
0.444661
0.260084
0.139175
0.151100
0.401174
0.231089
0.547864
0.159241
0.318168
0.173711
0.225347
0.296309
0.462738
0.040793
0.390648
0.133213
0.113509
0.231553
0.179962
0.241835
0.405886
0.051698
0.324018
0.251839
0.055222
0.214053
0.281402
0.133405
0.077162
0.432283
0.072527
0.397731
0.303991
0.507288
0.357273
0.083743
0.257357
0.200357
0.060850
0.004402
0.357658
0.122861
0.079719
0.017410
0.156373
0.183212
0.292711
0.068463
0.556371
0.144967
0.157488
0.236419
0.030741
0.274637
0.444317
0.037013
0.466580
0.250613
0.239832
0.376226
0.340172
0.864142
0.513961
0.076982
0.349806
0.116918
0.337164
0.344998
0.667193
0.051365
0.104365
0.395671
0.186270
0.040473
0.159188
0.382042
0.572911
0.655247
0.205313
0.183927
0.302808
0.416830
0.262620
0.308420
0.279099
0.295717
0.251013
0.386148
0.127733
0.001129
0.607818
0.312813
0.129315
0.131844
0.105068
0.363412
0.228868
0.312202
0.407462
0.170074
0.507043
0.395802
0.345155
0.121621
0.206625
0.535468
0.255989
0.084574
0.008245
0.311607
0.061363
0.103152
0.398707
0.339397
0.453590
0.622079
0.189301
0.174724
0.457797
0.010802
0.323487
0.541597
0.674214
0.322532
0.189652
0.218967
0.177562
0.004902
0.307626
0.231580
0.323197
0.030482
0.365893
0.694434
0.036832
0.157021
0.351617
0.353540
0.299704
0.025882
0.684948
0.053754
0.709883
0.101669
0.030853
0.276026
0.053296
0.540512
0.253860
0.334868
0.135593
0.034777
0.131145
0.157589
0.200644
0.401843
0.584252
0.050473
0.118515
0.323847
0.650994
0.366371
0.126596
0.317030
0.193561
0.371173
0.545361
0.162233
0.023844
0.392762
0.275895
0.032352
0.001176
0.659211
0.210051
0.309798
0.054378
0.575077
0.692881
0.164244
0.033129
0.034213
0.425103
0.479414
0.361798
0.412186
0.610854
0.021995
0.070711
0.162197
0.206568
0.557740
0.314564
0.151464
0.486524
0.074260
0.324917
0.402236
0.083316
0.359359
0.144692
0.300102
0.128034
0.245951
0.390214
0.144891
0.317138
0.021113
0.241692
0.305066
0.694577
0.429579
0.299923
0.213766
0.364108
0.544698
0.150778
0.032538
0.687144
0.070425
0.258839
0.376769
0.418376
0.538416
0.366194
0.123177
0.369467
0.001034
0.185475
0.269204
0.133814
0.387526
0.172356
0.201411
0.411238
0.698219
0.111832
0.589021
0.145392
0.154468
0.002027
0.448965
0.190351
0.286042
0.028717
0.025273
0.094759
0.453279
0.127027
0.014562
0.024188
0.139414
0.310396
0.330538
0.093796
0.276353
0.174907
0.106078
0.008136
0.035588
0.677835
0.112275
0.349978
0.225287
0.250608
0.481467
0.182423
0.528646
0.230469
0.042235
0.263676
0.035941
0.718963
0.141997
0.681416
0.046203
0.158156
0.535235
0.049931
0.512209
0.108246
0.030703
0.564850
0.307443
0.313727
0.261258
0.154480
0.071986
0.285420
0.377020
0.541253
0.126206
0.081701
0.280402
0.814935
0.113807
0.129881
0.274702
0.231932
0.582019
0.353927
0.186860
0.170690
0.358074
0.357566
0.278425
0.096516
0.058090
0.017190
0.624624
0.520016
0.373127
0.436004
0.679098
0.074908
0.106180
0.543733
0.622973
0.310188
0.688826
0.152910
0.622944
0.555405
0.291899
0.312140
0.139297
0.582034
0.468390
0.152776
0.507890
0.360682
0.255629
0.331248
0.483313
0.242633
0.364202
0.165703
0.453993
0.225208
0.562234
0.537341
0.602891
0.157818
0.444545
0.082702
0.241950
0.077226
0.054365
0.238000
0.184523
0.171217
0.465258
0.270955
0.081998
0.035077
0.384747
0.033086
0.120607
0.618935
0.140824
0.084000
0.462027
0.498107
0.138265
0.279913
0.467275
0.175057
0.301529
0.123199
0.527761
0.417955
0.374724
0.223799
0.499069
0.480412
0.014163
0.158294
0.337413
0.497095
0.048553
0.058170
0.525227
0.058702
0.215645
0.238063
0.658082
0.230469
0.519981
0.016806
0.335484
0.165192
0.256196
0.324659
0.735804
0.178994
0.406206
0.241485
0.373234
0.085413
0.460045
0.264856
0.270612
0.149126
0.608920
0.250447
0.151196
0.326608
0.601566
0.468460
0.187995
0.602314
0.475969
0.314994
0.284312
0.725033
0.057717
0.075882
0.402032
0.037228
0.319067
0.301919
0.515671
0.121822
0.150096
0.291135
0.187413
0.408427
0.193709
0.529037
0.472531
0.367401
0.654533
0.309129
0.292350
0.200071
0.084726
0.189704
0.279720
0.165674
0.078461
0.139273
0.167188
0.313193
0.826441
0.438724
0.144118
0.025332
0.117609
0.461098
0.149605
0.289529
0.109508
0.051581
0.702121
0.286539
0.758909
0.323335
0.348255
0.370482
0.379170
0.411266
0.293329
0.186140
0.453165
0.089543
0.252348
0.711180
0.203833
0.043389
0.117629
0.036649
0.189778
0.372624
0.659973
0.298450
0.164051
0.209260
0.244314
0.357921
0.282400
0.157214
0.139053
0.402237
0.111303
0.467928
0.524446
0.185343
0.174256
0.388628
0.451251
0.079013
0.537837
0.118351
0.267154
0.326442
0.050590
0.527568
0.409912
0.028432
0.545012
0.093540
0.213809
0.581197
0.468686
0.090930
0.316051
0.338722
0.740390
0.348492
0.093177
0.019296
0.032659
0.418168
0.557249
0.471999
0.009103
0.232961
0.624537
0.094808
0.027311
0.058598
0.030214
0.318987
0.565388
0.285113
0.039113
0.372049
0.109706
0.277558
0.008640
0.010741
0.066446
0.433623
0.444341
0.090659
0.113140
0.039504
0.199439
0.271470
0.507332
0.163479
0.368079
0.101848
0.039391
0.294439
0.377859
0.360089
0.537707
0.174499
0.382294
0.441943
0.612448
0.504752
0.151711
0.077561
0.121892
0.295482
0.169206
0.414073
0.215364
0.395495
0.201867
0.681295
0.235974
0.310272
0.267273
0.657621
0.249365
0.251894
0.199444
0.162853
0.658439
0.698116
0.184114
0.524896
0.095306
0.369338
0.715700
0.676062
0.155181
0.122267
0.314328
0.101493
0.214285
0.185433
0.563753
0.669667
0.035547
0.036502
0.198889
0.059308
0.254233
0.020976
0.482824
0.213354
0.235250
0.039297
0.545286
0.004302
0.322759
0.505156
0.032031
0.167085
0.237779
0.187709
0.197045
0.449026
0.167782
0.391677
0.393536
0.562456
0.279879
0.282685
0.439802
0.057672
0.091427
0.316439
0.263536
0.488331
0.594675
0.703574
0.276187
0.220226
0.550054
0.395868
0.037677
0.146707
0.115981
0.119979
0.280992
0.612319
0.429405
0.207303
0.118296
0.027875
0.316389
0.349676
0.059624
0.386866
0.695802
0.267973
0.382089
0.200286
0.027983
0.458263
0.104839
0.140735
0.342497
0.057548
0.282925
0.372484
0.356821
0.519542
0.027361
0.060411
0.520524
0.147864
0.308106
0.415134
0.373295
0.026581
0.499476
0.366789
0.254304
0.538817
0.185984
0.195533
0.533449
0.389734
0.765012
0.020465
0.055047
0.175123
0.166277
0.085341
0.311359
0.100412
0.160595
0.036387
0.550316
0.222573
0.197403
0.307514
0.469272
0.151227
0.058992
0.247286
0.414017
0.203941
0.420093
0.019997
0.024424
0.733143
0.490026
0.061447
0.058088
0.554157
0.335305
0.512056
0.356805
0.313919
0.369510
0.135816
0.423219
0.073642
0.209989
0.040727
0.477087
0.130871
0.233648
0.275540
0.151625
0.221255
0.576897
0.281306
0.217205
0.323546
0.541048
0.237128
0.280311
0.465631
0.034823
0.230247
0.190510
0.249137
0.731627
0.044886
0.229122
0.167457
0.269912
0.212668
0.336040
0.411843
0.031387
0.044730
0.208476
0.185058
0.301021
0.483315
0.385384
0.777744
0.535700
0.074590
0.492949
0.253968
0.033381
0.206301
0.194691
0.270482
0.065727
0.400284
0.069529
0.380001
0.714637
0.057708
0.638258
0.228419
0.451642
0.305932
0.241145
0.227863
0.070381
0.115579
0.230202
0.137432
0.015501
0.317250
0.514587
0.248526
0.420151
0.149506
0.221284
0.144788
0.030397
0.364099
0.620708
0.121885
0.224657
0.383269
0.212148
0.655325
0.318766
0.050311
0.377351
0.033228
0.309312
0.323707
0.135023
0.066598
0.038928
0.491555
0.397969
0.301676
0.324657
0.329697
0.159575
0.043775
0.585411
0.072856
0.223203
0.480992
0.115805
0.027922
0.243207
0.903580
0.072666
0.128111
0.367071
0.061977
0.225270
0.236170
0.094824
0.374558
0.269867
0.237175
0.354894
0.531646
0.030046
0.282388
0.411452
0.218133
0.037531
0.300855
0.383016
0.046606
0.316939
0.098536
0.613834
0.066525
0.083678
0.299752
0.344237
0.192556
0.467126
0.361219
0.285624
0.433439
0.238087
0.388146
0.125558
0.159646
0.331717
0.679382
0.650165
0.678028
0.248935
0.329692
0.519627
0.719386
0.420980
0.287718
0.446945
0.336703
0.155876
0.565330
0.340464
0.102804
0.277645
0.145099
0.421008
0.007725
0.435590
0.010697
0.046206
0.324719
0.534645
0.268052
0.148404
0.403480
0.177224
0.217216
0.149272
0.279575
0.498295
0.016425
0.212670
0.229814
0.016056
0.350312
0.281779
0.055190
0.179811
0.368748
0.633402
0.201051
0.295882
0.081902
0.201022
0.086006
0.356066
0.457252
0.090451
0.059148
0.038229
0.293742
0.641793
0.692693
0.320838
0.430174
0.785948
0.079443
0.265168
0.011774
0.058597
0.227991
0.054117
0.329488
0.230910
0.415596
0.121434
0.263318
0.435540
0.285632
0.133226
0.182695
0.242607
0.319586
0.101733
0.136988
0.005170
0.475318
0.207510
0.348482
0.126578
0.468519
0.192737
0.246398
0.098546
0.197827
0.606862
0.664397
0.065198
0.228548
0.437477
0.126733
0.154780
0.239875
0.746122
0.074139
0.091604
0.495410
0.299482
0.307061
0.480732
0.716680
0.466339
0.060199
0.120955
0.618512
0.043149
0.179286
0.213555
0.368112
0.618273
0.202620
0.311328
0.258876
0.212989
0.326642
0.370873
0.048144
0.269938
0.107348
0.384028
0.270250
0.507926
0.189918
0.007106
0.508240
0.058017
0.281529
0.200294
0.418711
0.269994
0.309538
0.290856
0.570351
0.739290
0.010535
0.173753
0.155248
0.312932
0.149484
0.092655
0.572355
0.111064
0.209965
0.253137
0.095158
0.546388
0.023985
0.264581
0.238631
0.017946
0.169185
0.353380
0.686680
0.224529
0.486276
0.236077
0.184515
0.461587
0.733081
0.272213
0.205517
0.170431
0.041281
0.062961
0.056223
0.478731
0.431175
0.485674
0.350508
0.441133
0.599526
0.013443
0.232521
0.231118
0.024858
0.141094
0.286395
0.436765
0.290175
0.083706
0.046713
0.289470
0.273331
0.334932
0.247418
0.136514
0.752677
0.652184
0.239505
0.486552
0.267153
0.384432
0.266311
0.147802
0.389960
0.225699
0.400508
0.025887
0.667801
0.464132
0.364915
0.346808
0.132328
0.316863
0.629138
0.347924
0.056445
0.428060
0.058733
0.223360
0.830227
0.136276
0.622641
0.055136
0.230159
0.264537
0.183915
0.249538
0.263561
0.360591
0.597172
0.358620
0.387907
0.017042
0.161736
0.073350
0.560835
0.668939
0.052034
0.314041
0.303243
0.321478
0.799727
0.116602
0.382894
0.023846
0.506286
0.382245
0.151870
0.093144
0.369096
0.335499
0.590544
0.135342
0.321744
0.241207
0.241809
0.370259
0.572602
0.173520
0.424855
0.132308
0.252115
0.241734
0.129163
0.233188
0.402420
0.036855
0.322917
0.215803
0.099583
0.151246
0.338939
0.186688
0.026076
0.520497
0.054888
0.438378
0.399677
0.511081
0.425280
0.059956
0.390054
0.211555
0.072744
0.128702
0.456135
0.235773
0.141258
0.098943
0.224758
0.424310
0.413190
0.092995
0.513394
0.181260
0.180935
0.241151
0.017079
0.240939
0.390412
0.026491
0.519507
0.242771
0.176756
0.475119
0.332446
0.756377
0.492108
0.074478
0.332748
0.189922
0.319709
0.227787
0.658403
0.073581
0.055306
0.483451
0.262386
0.041957
0.194296
0.437933
0.500251
0.674843
0.271494
0.129476
0.387226
0.422183
0.263031
0.323607
0.247216
0.339484
0.276675
0.452789
0.062850
0.037043
0.635322
0.412157
0.166058
0.167526
0.102762
0.263212
0.310272
0.284067
0.509165
0.152930
0.534591
0.377969
0.361627
0.107696
0.266418
0.715917
0.286839
0.155386
0.030382
0.311676
0.174661
0.112717
0.494089
0.353219
0.532406
0.643620
0.178899
0.081461
0.503589
0.002001
0.399979
0.654321
0.670314
0.352374
0.258618
0.257070
0.347932
0.091852
0.371558
0.299873
0.296521
0.097966
0.427018
0.741662
0.001028
0.125625
0.378169
0.394188
0.319534
0.053557
0.626089
0.098777
0.746132
0.085141
0.041697
0.262389
0.020992
0.594309
0.283176
0.340261
0.194616
0.016219
0.048528
0.225146
0.255464
0.376302
0.655533
0.089506
0.093431
0.374671
0.584878
0.382559
0.208432
0.438845
0.196875
0.397485
0.629502
0.205712
0.055640
0.381126
0.266898
0.064309
0.043680
0.591219
0.242136
0.373997
0.083044
0.683651
0.776930
0.267950
0.002409
0.018393
0.478733
0.417132
0.378032
0.497026
0.567385
0.018207
0.047960
0.234035
0.192266
0.573848
0.318144
0.090866
0.434939
0.104380
0.264412
0.428303
0.005541
0.371143
0.095303
0.321957
0.035757
0.226170
0.417001
0.151479
0.344483
0.047770
0.210108
0.312256
0.652881
0.480278
0.151811
0.234704
0.251486
0.577463
0.154802
0.076034
0.740034
0.085170
0.236511
0.317029
0.444070
0.689787
0.381547
0.143161
0.455045
0.095111
0.211491
0.298704
0.055099
0.384218
0.130652
0.066265
0.393137
0.592191
0.036285
0.611204
0.134874
0.177816
0.056094
0.559907
0.073885
0.332326
0.099843
0.076215
0.150210
0.476426
0.152257
0.055171
0.056549
0.127662
0.321223
0.298243
0.106466
0.288987
0.267465
0.181833
0.031020
0.059142
0.642306
0.103515
0.441011
0.226742
0.181001
0.532779
0.184359
0.548550
0.237262
0.007362
0.347242
0.033300
0.688858
0.210763
0.690815
0.017847
0.214205
0.497535
0.056811
0.502364
0.011320
0.070921
0.573480
0.403438
0.423973
0.351581
0.115408
0.264917
0.418500
0.411327
0.437459
0.157811
0.128749
0.353490
0.812248
0.073683
0.069786
0.219587
0.257959
0.609570
0.371327
0.160054
0.158635
0.458058
0.435923
0.247061
0.089819
0.010163
0.003658
0.554876
0.566692
0.349749
0.448538
0.726851
0.099994
0.071246
0.581988
0.730592
0.410060
0.705710
0.175810
0.715209
0.531398
0.410684
0.379477
0.204961
0.510203
0.446980
0.163066
0.527272
0.343988
0.257596
0.380714
0.459615
0.322267
0.418852
0.101385
0.500849
0.306621
0.516462
0.533113
0.602009
0.149254
0.480913
0.019032
0.225972
0.057942
0.023570
0.262865
0.282992
0.212301
0.502339
0.311188
0.163808
0.021777
0.477392
0.006430
0.156955
0.579500
0.090566
0.000810
0.400451
0.566680
0.157646
0.295499
0.475379
0.240983
0.328118
0.192699
0.624491
0.456478
0.375801
0.278314
0.525120
0.494748
0.019979
0.153519
0.472424
0.411029
0.092915
0.037869
0.603122
0.159393
0.271851
0.272919
0.634535
0.285360
0.614596
0.061041
0.231372
0.097038
0.266221
0.369607
0.820060
0.155448
0.401786
0.117004
0.424037
0.209405
0.445418
0.260420
0.363621
0.226272
0.602164
0.161467
0.144567
0.301658
0.638804
0.500069
0.226722
0.596848
0.452458
0.318952
0.378858
0.697688
0.104209
0.099854
0.472094
0.126273
0.326289
0.279638
0.601312
0.111997
0.181830
0.198744
0.183549
0.456178
0.194250
0.500655
0.529546
0.370559
0.754411
0.391333
0.343881
0.225020
0.080319
0.195765
0.289280
0.158254
0.058477
0.068306
0.185844
0.247047
0.815623
0.485046
0.184528
0.033612
0.038015
0.589706
0.180805
0.265486
0.106483
0.108965
0.635766
0.323230
0.757469
0.293103
0.328495
0.421150
0.301782
0.366154
0.278827
0.240319
0.547797
0.126743
0.220362
0.675842
0.192583
0.053246
0.178807
0.038290
0.127800
0.379694
0.616680
0.395065
0.218608
0.249171
0.334395
0.326982
0.261637
0.133485
0.140928
0.417624
0.109587
0.468473
0.594348
0.205960
0.177039
0.454831
0.525451
0.047403
0.576073
0.184923
0.363442
0.322286
0.048412
0.528956
0.380138
0.013895
0.619409
0.073444
0.186338
0.564496
0.468144
0.143675
0.421533
0.412225
0.551192
0.427517
0.091587
0.044384
0.015795
0.501978
0.591850
0.478649
0.065254
0.226395
0.565042
0.077716
0.008350
0.082514
0.022309
0.331493
0.495524
0.305358
0.002744
0.356699
0.075004
0.382794
0.028212
0.048132
0.068063
0.431802
0.454066
0.097808
0.224288
0.038188
0.208153
0.346030
0.628472
0.228359
0.432621
0.074771
0.066415
0.319057
0.405544
0.333163
0.514959
0.200819
0.318405
0.466360
0.610832
0.563105
0.105963
0.007077
0.155611
0.286535
0.164965
0.451511
0.185134
0.479128
0.161586
0.640327
0.286860
0.216185
0.272158
0.636641
0.213396
0.191617
0.187672
0.240716
0.686322
0.665886
0.198908
0.549328
0.011510
0.336465
0.807423
0.746683
0.053927
0.153121
0.306996
0.134268
0.298281
0.305387
0.519322
0.598232
0.013006
0.039198
0.185384
0.056011
0.327820
0.019270
0.513481
0.217251
0.209297
0.023788
0.640396
0.011344
0.382029
0.562917
0.109753
0.221267
0.216115
0.124121
0.217045
0.525436
0.117213
0.543922
0.506356
0.484491
0.305258
0.318405
0.398807
0.075196
0.096501
0.347621
0.338031
0.398833
0.670997
0.545979
0.165894
0.314786
0.600355
0.347215
0.037493
0.095876
0.172777
0.033151
0.353317
0.627796
0.439720
0.268681
0.052526
0.023618
0.367554
0.496937
0.131314
0.456181
0.734790
0.269347
0.362245
0.278042
0.023208
0.432210
0.126920
0.143923
0.392963
0.005031
0.360533
0.295209
0.390844
0.580599
0.019612
0.037410
0.558197
0.146471
0.331131
0.531262
0.483114
0.041800
0.453020
0.336753
0.238635
0.562528
0.066069
0.129471
0.461084
0.407933
0.710202
0.066622
0.174691
0.217225
0.194717
0.075871
0.269572
0.046660
0.247552
0.029430
0.498377
0.318750
0.271281
0.328002
0.491770
0.136716
0.014753
0.288594
0.516508
0.259050
0.385165
0.063733
0.017437
0.864975
0.456743
0.107723
0.032585
0.596061
0.495513
0.547787
0.439520
0.401915
0.482414
0.088281
0.371642
0.078354
0.223995
0.006890
0.519241
0.119827
0.181279
0.369284
0.138767
0.284578
0.602539
0.367981
0.183140
0.418740
0.537726
0.304765
0.256761
0.532494
0.021253
0.316196
0.222443
0.241366
0.720025
0.167658
0.269666
0.212310
0.332865
0.169150
0.336302
0.475967
0.091277
0.040596
0.228493
0.275532
0.377395
0.551178
0.488548
0.681533
0.594820
0.050238
0.454592
0.212870
0.022326
0.164204
0.237295
0.314436
0.055401
0.291703
0.130344
0.350469
0.816183
0.047204
0.721440
0.218882
0.481206
0.441782
0.263849
0.346093
0.042973
0.092081
0.206194
0.205103
0.028298
0.324750
0.457324
0.223932
0.514025
0.093883
0.248740
0.195417
0.016630
0.435974
0.660855
0.146685
0.110332
0.466862
0.111213
0.600995
0.393843
0.139440
0.387707
0.074072
0.371683
0.362532
0.115010
0.116520
0.012514
0.446969
0.437120
0.336882
0.315577
0.372307
0.152624
0.094627
0.605112
0.021858
0.190659
0.511510
0.063035
0.006922
0.251234
0.776115
0.064437
0.076771
0.383090
0.012329
0.262248
0.283587
0.071505
0.325296
0.379946
0.220474
0.373973
0.567475
0.068793
0.256208
0.383195
0.143017
0.072554
0.351665
0.238773
0.010301
0.341089
0.050642
0.629716
0.059807
0.069085
0.301664
0.421795
0.308054
0.389919
0.467236
0.355659
0.416378
0.292266
0.430610
0.196131
0.097738
0.406873
0.727370
0.694496
0.718555
0.273173
0.270978
0.514143
0.655017
0.343631
0.321736
0.511260
0.263393
0.151531
0.495583
0.460645
0.128473
0.269052
0.135458
0.395840
0.006385
0.462912
0.144745
0.039593
0.279989
0.537255
0.257292
0.173111
0.369499
0.297483
0.290181
0.136726
0.232458
0.527150
0.083690
0.320920
0.162784
0.044657
0.361106
0.260817
0.112175
0.204885
0.332459
0.604847
0.199460
0.278204
0.099549
0.211709
0.044670
0.343123
0.468881
0.079361
0.115070
0.028941
0.297886
0.616046
0.548260
0.283977
0.446093
0.679565
0.156374
0.311218
0.014801
0.119609
0.145163
0.006006
0.367508
0.251732
0.528461
0.174525
0.375212
0.374700
0.303396
0.232775
0.313158
0.261205
0.260648
0.086216
0.067668
0.031421
0.466862
0.301640
0.283426
0.163230
0.381387
0.167399
0.349643
0.142124
0.262170
0.611704
0.698800
0.099437
0.176500
0.299375
0.144292
0.077703
0.334449
0.737649
0.062426
0.108009
0.522370
0.391578
0.301107
0.509549
0.726147
0.483964
0.056750
0.036743
0.618718
0.092285
0.226994
0.370644
0.425458
0.503270
0.306768
0.348127
0.309808
0.225333
0.336300
0.413378
0.101467
0.373634
0.121357
0.403769
0.344546
0.521702
0.248343
0.044543
0.492508
0.075089
0.316017
0.274696
0.449475
0.315641
0.256404
0.336692
0.534693
0.851714
0.043781
0.182716
0.143238
0.316343
0.062538
0.116121
0.656606
0.139583
0.272377
0.182857
0.115603
0.584332
0.114772
0.247618
0.270466
0.017558
0.087266
0.318339
0.778177
0.261317
0.513692
0.254130
0.262319
0.458037
0.720466
0.296273
0.259114
0.222348
0.009627
0.059922
0.056256
0.479287
0.500634
0.500245
0.375299
0.487111
0.575977
0.002142
0.235580
0.230030
0.049134
0.181520
0.370538
0.442041
0.373802
0.132373
0.095251
0.365697
0.282527
0.397565
0.194009
0.173588
0.743376
0.567397
0.318768
0.515645
0.316388
0.477071
0.140843
0.147715
0.409043
0.274682
0.486483
0.049966
0.632131
0.604844
0.364906
0.397033
0.201851
0.353014
0.645845
0.301841
0.012559
0.459473
0.098690
0.269975
0.814269
0.228903
0.567842
0.080991
0.284969
0.308854
0.246817
0.326472
0.297296
0.310134
0.545267
0.477764
0.452777
0.048346
0.165403
0.147983
0.561009
0.716146
0.046268
0.426177
0.271102
0.270277
0.788719
0.094909
0.455515
0.041823
0.556374
0.438988
0.196384
0.049026
0.341740
0.405172
0.530681
0.114033
0.289188
0.233752
0.291401
0.341292
0.600363
0.259939
0.381397
0.120335
0.331057
0.233101
0.121677
0.211369
0.286033
0.013017
0.303308
0.176279
0.084482
0.054838
0.313390
0.177066
0.080503
0.537310
0.023004
0.419926
0.464220
0.412186
0.388611
0.061190
0.448412
0.255705
0.053102
0.216356
0.466562
0.290958
0.142399
0.189873
0.238625
0.574032
0.460293
0.078266
0.348846
0.269152
0.241370
0.174035
0.016084
0.147464
0.250529
0.054419
0.551393
0.140514
0.015951
0.480451
0.291193
0.598034
0.490329
0.161138
0.315093
0.303376
0.202080
0.089882
0.596422
0.085101
0.043742
0.490708
0.262937
0.080090
0.207111
0.419027
0.488661
0.639462
0.283771
0.093114
0.452334
0.346109
0.313556
0.293879
0.266334
0.348685
0.306374
0.477419
0.011422
0.004798
0.635459
0.495075
0.217467
0.168122
0.027461
0.137194
0.402496
0.282983
0.510698
0.097115
0.545083
0.325524
0.302345
0.079993
0.363405
0.784552
0.274250
0.268028
0.056894
0.300707
0.243728
0.145086
0.525078
0.305332
0.487458
0.522269
0.144948
0.046715
0.499549
0.035680
0.399151
0.650899
0.571463
0.347326
0.321134
0.281853
0.540381
0.211349
0.339582
0.282917
0.250036
0.146839
0.461224
0.701252
0.023861
0.102622
0.359136
0.413068
0.294232
0.119229
0.492919
0.131580
0.599709
0.062429
0.016073
0.274509
0.066760
0.552971
0.320910
0.362568
0.227483
0.046481
0.026857
0.234531
0.283701
0.297376
0.615479
0.103833
0.115612
0.353421
0.404946
0.382586
0.179115
0.606405
0.192819
0.304266
0.614159
0.283487
0.098299
0.373429
0.184682
0.155189
0.067417
0.526780
0.292502
0.404030
0.022646
0.714718
0.739755
0.250180
0.082062
0.138491
0.532515
0.356773
0.392515
0.484069
0.389602
0.008064
0.066242
0.298163
0.144121
0.583750
0.279056
0.011309
0.407015
0.107132
0.236144
0.394223
0.064605
0.329438
0.004847
0.253456
0.079827
0.217591
0.412921
0.083979
0.421349
0.083851
0.205405
0.180506
0.515486
0.528449
0.039255
0.255072
0.085056
0.577783
0.150408
0.080736
0.682794
0.021637
0.192743
0.257900
0.392487
0.781909
0.430122
0.130416
0.430541
0.203054
0.235319
0.306294
0.050260
0.293146
0.122031
0.049343
0.414879
0.389907
0.051161
0.515617
0.142670
0.141226
0.040883
0.628901
0.036406
0.402701
0.125130
0.095188
0.069850
0.423756
0.136907
0.057778
0.119386
0.087457
0.314146
0.276734
0.079132
0.237668
0.256053
0.237425
0.070856
0.070771
0.531551
0.180719
0.512695
0.245180
0.179562
0.475733
0.173635
0.524531
0.230871
0.052606
0.340723
0.110299
0.550832
0.231331
0.639540
0.049108
0.207965
0.439150
0.092456
0.482697
0.040758
0.046715
0.432525
0.431757
0.481266
0.376086
0.046022
0.476866
0.408775
0.415535
0.320393
0.106482
0.152141
0.317324
0.683235
0.010095
0.005094
0.174758
0.160087
0.665752
0.350493
0.159525
0.217177
0.505191
0.391946
0.224128
0.062970
0.047304
0.082126
0.415470
0.583782
0.284349
0.407628
0.718779
0.125955
0.062715
0.493817
0.752767
0.475015
0.634526
0.128945
0.616263
0.437642
0.464823
0.332469
0.246394
0.392101
0.379885
0.190843
0.366953
0.397215
0.177945
0.370942
0.398354
0.474020
0.461805
0.102050
0.483679
0.346469
0.429678
0.511559
0.535533
0.082194
0.440034
0.063470
0.175153
0.018842
0.070623
0.365794
0.251007
0.207123
0.497577
0.323226
0.165762
0.047179
0.572143
0.031672
0.159596
0.481367
0.048890
0.063149
0.328122
0.561088
0.185101
0.291926
0.469366
0.277445
0.342982
0.271276
0.697963
0.386096
0.307981
0.315309
0.465891
0.447179
0.034080
0.152298
0.538502
0.232502
0.184204
0.126651
0.645118
0.184603
0.340011
0.215514
0.571081
0.298497
0.531736
0.108264
0.095960
0.041413
0.201424
0.265311
0.812874
0.097323
0.369195
0.051614
0.275254
0.329815
0.321526
0.168929
0.451491
0.223558
0.501526
0.051218
0.107669
0.320470
0.593031
0.467877
0.120030
0.490057
0.414119
0.149985
0.372194
0.586691
0.076200
0.098751
0.395152
0.286911
0.325881
0.266274
0.600016
0.096156
0.153152
0.050142
0.143072
0.477737
0.225218
0.385526
0.486741
0.297345
0.764687
0.434407
0.282453
0.340912
0.095111
0.080360
0.281775
0.038976
0.083808
0.076209
0.146938
0.124523
0.677817
0.484038
0.219570
0.129429
0.113289
0.732961
0.249428
0.239550
0.047850
0.167112
0.468431
0.337304
0.652249
0.274631
0.388722
0.356535
0.222523
0.283158
0.316339
0.258673
0.532205
0.200437
0.177854
0.517716
0.240869
0.056875
0.197288
0.005049
0.082283
0.331266
0.416959
0.332924
0.232405
0.212764
0.382499
0.309148
0.211771
0.073484
0.176442
0.335138
0.165667
0.329852
0.556285
0.102473
0.136415
0.337583
0.581455
0.021197
0.533509
0.263631
0.379507
0.286999
0.023633
0.477429
0.271554
0.001556
0.523606
0.094805
0.171818
0.449616
0.357619
0.137702
0.407499
0.364233
0.357860
0.447853
0.022657
0.117090
0.028302
0.489229
0.626157
0.473248
0.105417
0.195804
0.492098
0.036295
0.041214
0.000672
0.042312
0.281829
0.394969
0.329865
0.034434
0.307726
0.012653
0.453852
0.023846
0.005317
0.115274
0.415569
0.343041
0.042382
0.388101
0.058681
0.218130
0.413787
0.696379
0.271175
0.449047
0.067311
0.069630
0.241305
0.459159
0.200881
0.439655
0.199319
0.256365
0.415807
0.550858
0.512572
0.047585
0.000830
0.169818
0.270297
0.094492
0.423852
0.204620
0.478733
0.109567
0.614140
0.278591
0.138642
0.273712
0.534575
0.226002
0.152595
0.079165
0.305776
0.711700
0.571615
0.245929
0.465987
0.110995
0.368498
0.708015
0.734554
0.017249
0.136706
0.264257
0.155470
0.221602
0.408103
0.385574
0.490380
0.037394
0.123297
0.143630
0.102210
0.388267
0.015352
0.461459
0.170197
0.091545
0.058959
0.616129
0.021736
0.383894
0.509561
0.123154
0.210031
0.222768
0.009273
0.235104
0.524906
0.087691
0.586242
0.595689
0.372801
0.252856
0.333256
0.276996
0.134381
0.069309
0.440633
0.390147
0.204728
0.606212
0.338100
0.069656
0.374746
0.585852
0.296981
0.005565
0.084477
0.135077
0.048448
0.417424
0.586612
0.396328
0.275659
0.019613
0.132483
0.369751
0.509340
0.242689
0.366609
0.592734
0.216279
0.286224
0.367838
0.049845
0.340862
0.164242
0.111541
0.425346
0.149933
0.441343
0.242668
0.428726
0.533045
0.031657
0.070758
0.570877
0.065726
0.427361
0.560167
0.591430
0.054274
0.354504
0.225018
0.183280
0.475080
0.038098
0.058629
0.311230
0.360810
0.571473
0.159862
0.283319
0.205239
0.249147
0.024508
0.185129
0.021479
0.256864
0.198075
0.317940
0.384527
0.363828
0.301727
0.456465
0.183852
0.060239
0.303525
0.621381
0.228860
0.337759
0.112734
0.065162
0.849310
0.249821
0.155940
0.149206
0.531339
0.575507
0.566370
0.491845
0.452138
0.551074
0.052492
0.308085
0.113994
0.300040
0.016510
0.499841
0.038491
0.134095
0.319677
0.158474
0.314932
0.569247
0.411382
0.213932
0.444794
0.414276
0.368442
0.181252
0.528315
0.043055
0.306794
0.273340
0.174048
0.576453
0.221309
0.211041
0.211385
0.398195
0.159951
0.394291
0.427373
0.034543
0.064238
0.238005
0.353633
0.366576
0.573590
0.466801
0.490222
0.605504
0.034902
0.367988
0.223229
0.090181
0.147847
0.189977
0.388740
0.001801
0.186129
0.164897
0.261766
0.750886
0.120633
0.609871
0.240022
0.479859
0.520070
0.288338
0.417076
0.013157
0.187942
0.212644
0.226733
0.044704
0.337966
0.310054
0.255461
0.580732
0.036313
0.274090
0.197857
0.029351
0.458308
0.597365
0.191808
0.092401
0.515408
0.035953
0.473864
0.369999
0.181634
0.382968
0.135341
0.352961
0.366091
0.104180
0.131561
0.027676
0.441352
0.404397
0.410567
0.352487
0.432102
0.087561
0.090649
0.544206
0.001061
0.083873
0.506787
0.092762
0.102274
0.302354
0.535680
0.034539
0.011706
0.348571
0.068965
0.295576
0.348727
0.005951
0.162006
0.422923
0.265387
0.334462
0.467826
0.090985
0.298673
0.289869
0.043709
0.184622
0.296666
0.130953
0.000839
0.361856
0.046609
0.502452
0.031487
0.036947
0.277208
0.395931
0.376614
0.361574
0.521214
0.439550
0.318697
0.300401
0.472544
0.222617
0.007983
0.409391
0.640371
0.597065
0.650566
0.293264
0.179129
0.501586
0.522824
0.199745
0.329061
0.409044
0.202323
0.177912
0.354718
0.589512
0.215441
0.237894
0.108799
0.317719
0.088461
0.461909
0.239874
0.084006
0.167664
0.511480
0.237222
0.231004
0.325193
0.327355
0.236249
0.100881
0.218846
0.526001
0.110300
0.319050
0.093751
0.011247
0.346700
0.264556
0.130296
0.288798
0.300516
0.519668
0.187367
0.247264
0.119205
0.193330
0.003498
0.321557
0.415909
0.084604
0.208714
0.004616
0.246761
0.530150
0.310462
0.206102
0.427161
0.498807
0.262659
0.289466
0.065422
0.163305
0.121999
0.016693
0.383571
0.208623
0.594320
0.271107
0.317622
0.221428
0.344808
0.203197
0.413877
0.288057
0.265855
0.003806
0.014732
0.002859
0.452471
0.351869
0.226682
0.077195
0.274763
0.090677
0.342847
0.232366
0.286546
0.528767
0.625598
0.187368
0.084754
0.191463
0.060234
0.017768
0.342427
0.622134
0.023765
0.120233
0.459276
0.465554
0.205499
0.530174
0.565119
0.467571
0.109190
0.160226
0.551631
0.133307
0.259324
0.481577
0.474890
0.346490
0.309217
0.324705
0.430718
0.237693
0.254760
0.459422
0.179807
0.415550
0.168626
0.345819
0.298240
0.473008
0.260981
0.086935
0.427117
0.116689
0.284611
0.319219
0.446612
0.277783
0.136019
0.328682
0.526602
0.757017
0.048281
0.211937
0.137904
0.274671
0.018943
0.147161
0.661882
0.178155
0.405944
0.062710
0.174913
0.476795
0.117316
0.220662
0.261519
0.071799
0.002748
0.248174
0.667838
0.306456
0.473039
0.293509
0.313681
0.457153
0.600616
0.237114
0.325248
0.273498
0.015395
0.018942
0.120383
0.471013
0.482764
0.437941
0.308617
0.512308
0.516114
0.000313
0.178010
0.234048
0.151589
0.226710
0.469387
0.401621
0.370571
0.186982
0.151738
0.398788
0.233543
0.375071
0.136416
0.125555
0.552802
0.450041
0.349259
0.507202
0.275638
0.443481
0.020304
0.155812
0.318831
0.381723
0.535169
0.108915
0.523515
0.653023
0.339124
0.395174
0.234516
0.372255
0.637233
0.144838
0.002921
0.517786
0.159038
0.214489
0.670003
0.272287
0.458495
0.015305
0.335411
0.352302
0.345061
0.421147
0.279840
0.237940
0.399349
0.669823
0.442207
0.037483
0.212085
0.149447
0.571426
0.664965
0.001730
0.440841
0.267127
0.202489
0.690320
0.118745
0.486301
0.076210
0.561408
0.407812
0.307937
0.011935
0.304248
0.404216
0.404630
0.099499
0.298413
0.167995
0.359906
0.266917
0.504202
0.232869
0.289271
0.079827
0.409170
0.200735
0.123376
0.181754
0.079701
0.117200
0.288033
0.157811
0.055402
0.026945
0.308536
0.087289
0.152471
0.481341
0.026020
0.316163
0.446681
0.284350
0.296010
0.079082
0.464243
0.295632
0.040916
0.251258
0.425799
0.281557
0.097567
0.233388
0.183277
0.632342
0.428724
0.010193
0.147260
0.365686
0.293563
0.167732
0.038185
0.013153
0.123812
0.153041
0.630872
0.001943
0.208990
0.399028
0.261043
0.434688
0.472061
0.251454
0.316009
0.310297
0.063550
0.003272
0.478254
0.028512
0.094211
0.375276
0.190506
0.179533
0.178518
0.343119
0.455366
0.552970
0.321887
0.076957
0.502804
0.271826
0.443314
0.220548
0.311407
0.390898
0.348316
0.451937
0.002855
0.077610
0.622554
0.511368
0.219146
0.095785
0.027471
0.026741
0.532450
0.243711
0.459367
0.030533
0.526035
0.241920
0.275379
0.000462
0.453842
0.776547
0.259075
0.366224
0.077351
0.270082
0.205602
0.186293
0.491343
0.215961
0.340967
0.351772
0.088682
0.182200
0.472276
0.134561
0.323717
0.561712
0.474592
0.347633
0.389644
0.226420
0.670956
0.327321
0.198189
0.192753
0.224536
0.112852
0.382979
0.580340
0.034468
0.077819
0.340679
0.429232
0.245377
0.198757
0.373605
0.133953
0.385218
0.107216
0.050820
0.301424
0.095427
0.437902
0.340127
0.362394
0.202758
0.117653
0.075291
0.130748
0.332065
0.227365
0.518132
0.076218
0.149189
0.266388
0.193805
0.332774
0.121050
0.672418
0.169163
0.164984
0.485896
0.368862
0.119896
0.306134
0.094932
0.179828
0.046134
0.411429
0.299497
0.401786
0.096660
0.707700
0.629809
0.105196
0.100061
0.261447
0.534146
0.311182
0.438342
0.418212
0.170270
0.035876
0.109545
0.330041
0.001018
0.588234
0.191528
0.022616
0.365116
0.055127
0.209882
0.324269
0.106554
0.287772
0.033917
0.111975
0.124915
0.281599
0.374580
0.049362
0.469538
0.170747
0.264119
0.052282
0.376568
0.567168
0.017551
0.276095
0.015072
0.540114
0.173942
0.082668
0.548378
0.074918
0.111624
0.254037
0.269533
0.757820
0.469278
0.053864
0.313374
0.269176
0.272836
0.346033
0.110179
0.280017
0.170938
0.137720
0.477483
0.222327
0.107714
0.317513
0.190882
0.082112
0.067788
0.612680
0.104247
0.479372
0.111960
0.094206
0.086630
0.356629
0.123316
0.050530
0.224551
0.101758
0.254594
0.266140
0.074577
0.195120
0.178295
0.252217
0.105274
0.089118
0.392898
0.295499
0.534724
0.222285
0.260719
0.348700
0.254624
0.523028
0.178860
0.067423
0.220868
0.241831
0.366796
0.273391
0.506243
0.101030
0.125482
0.365116
0.155617
0.403620
0.040734
0.004009
0.240321
0.337647
0.449979
0.300956
0.025574
0.557114
0.282963
0.334133
0.237701
0.000291
0.144764
0.259588
0.456379
0.035439
0.006250
0.073475
0.007380
0.690910
0.329433
0.112891
0.234564
0.508225
0.231456
0.179312
0.042141
0.055167
0.158895
0.288095
0.519534
0.195905
0.350628
0.543385
0.176500
0.054253
0.369613
0.593681
0.525450
0.557473
0.020793
0.431555
0.345550
0.511739
0.202150
0.238467
0.247739
0.313460
0.279170
0.124604
0.433207
0.029981
0.275912
0.327036
0.606897
0.366349
0.076719
0.414265
0.387212
0.312974
0.448718
0.418459
0.013814
0.342895
0.155109
0.102558
0.161151
0.208432
0.448767
0.079804
0.187029
0.383020
0.337476
0.157158
0.075371
0.549842
0.099772
0.151974
0.395924
0.024114
0.160529
0.296504
0.448031
0.180643
0.307214
0.441419
0.309894
0.316957
0.282960
0.773074
0.168479
0.167500
0.262254
0.396461
0.340520
0.116113
0.108885
0.556222
0.061238
0.293779
0.277593
0.585056
0.138983
0.460543
0.121019
0.514845
0.272344
0.345944
0.136782
0.023817
0.089026
0.006050
0.068358
0.647025
0.023467
0.263146
0.068697
0.037971
0.356435
0.145822
0.117048
0.428628
0.131769
0.356462
0.040649
0.076062
0.299662
0.512842
0.410134
0.040158
0.306406
0.383753
0.043304
0.309838
0.395503
0.028785
0.035998
0.187161
0.529590
0.239655
0.283054
0.434586
0.039066
0.013874
0.047874
0.071055
0.469522
0.229332
0.240686
0.355176
0.200890
0.657011
0.381617
0.145531
0.432791
0.141347
0.062756
0.277997
0.105496
0.158851
0.267284
0.046335
0.013912
0.457948
0.438164
0.202327
0.186331
0.132330
0.757827
0.303083
0.163943
0.021275
0.238050
0.344064
0.225249
0.487670
0.229959
0.434879
0.244125
0.131663
0.242128
0.339430
0.325797
0.429145
0.286560
0.103748
0.331621
0.306083
0.106225
0.146362
0.058695
0.052417
0.221741
0.153797
0.243680
0.206263
0.105249
0.384954
0.260852
0.169126
0.027414
0.126725
0.235086
0.249147
0.148582
0.423402
0.077023
0.086149
0.170419
0.638697
0.048593
0.343551
0.322195
0.327875
0.253560
0.088826
0.358634
0.113563
0.053531
0.320094
0.104508
0.149251
0.282936
0.165319
0.063329
0.317763
0.242584
0.257746
0.402585
0.083929
0.214502
0.010164
0.357286
0.616594
0.408293
0.099959
0.156202
0.430192
0.047085
0.119583
0.123109
0.114582
0.188106
0.309336
0.321087
0.040164
0.261237
0.103868
0.539246
0.003741
0.103091
0.174756
0.392128
0.199955
0.067984
0.508293
0.097186
0.251485
0.388501
0.709597
0.230884
0.363172
0.079869
0.085461
0.151884
0.421820
0.020249
0.362365
0.127435
0.176953
0.292105
0.404699
0.398458
0.042651
0.044389
0.249190
0.280528
0.011086
0.344897
0.211971
0.387054
0.027779
0.525354
0.259678
0.096283
0.262447
0.430846
0.199696
0.135287
0.109287
0.310682
0.630999
0.390860
0.261350
0.330553
0.184235
0.358269
0.515297
0.586962
0.084152
0.071959
0.163058
0.118973
0.082419
0.503088
0.206564
0.294280
0.048324
0.152289
0.127614
0.201980
0.395820
0.027513
0.246016
0.043151
0.039396
0.084628
0.439249
0.080035
0.356918
0.356550
0.110260
0.134761
0.212557
0.081031
0.260171
0.401341
0.129555
0.524372
0.638669
0.231396
0.153171
0.277158
0.168976
0.198346
0.013507
0.538273
0.395903
0.032892
0.417981
0.151400
0.014503
0.337622
0.506636
0.302882
0.053644
0.117816
0.026776
0.136354
0.456310
0.467720
0.312046
0.202202
0.027319
0.227468
0.345547
0.355241
0.331078
0.145456
0.375090
0.091158
0.209887
0.407017
0.056007
0.205292
0.204598
0.028988
0.433529
0.337612
0.469524
0.228825
0.461894
0.414319
0.019362
0.031472
0.571762
0.044548
0.536704
0.505504
0.584691
0.071383
0.263343
0.152054
0.141460
0.317097
0.113515
0.015744
0.211418
0.243696
0.295973
0.289199
0.385300
0.124667
0.245908
0.014829
0.133925
0.032418
0.171704
0.402827
0.108792
0.364130
0.452073
0.232466
0.364156
0.205540
0.132264
0.336714
0.658151
0.171735
0.244066
0.124591
0.049425
0.661098
0.020575
0.230506
0.238474
0.423013
0.666406
0.526744
0.514687
0.415015
0.585125
0.083345
0.251565
0.107399
0.334635
0.035363
0.373624
0.026521
0.106326
0.189342
0.190785
0.300894
0.509988
0.408175
0.271427
0.409184
0.292353
0.456429
0.133728
0.484013
0.092950
0.285392
0.345644
0.077220
0.310160
0.247817
0.063454
0.198100
0.426223
0.158070
0.470865
0.315613
0.078268
0.235302
0.210384
0.309580
0.291404
0.486914
0.354238
0.218315
0.528447
0.143105
0.267485
0.255305
0.202107
0.152172
0.101449
0.471296
0.061118
0.059153
0.123896
0.158025
0.559607
0.189030
0.384562
0.305159
0.450928
0.551797
0.360187
0.389761
0.079973
0.264077
0.228239
0.103777
0.050658
0.377408
0.122588
0.337956
0.542115
0.056007
0.321854
0.151006
0.024585
0.383279
0.528775
0.261103
0.244738
0.460515
0.127669
0.341511
0.245527
0.179659
0.394528
0.153340
0.248397
0.307200
0.122476
0.122134
0.113670
0.419534
0.292190
0.464030
0.392684
0.500582
0.028417
0.042193
0.431514
0.053778
0.060699
0.508159
0.178350
0.183374
0.399470
0.282815
0.007716
0.120364
0.235502
0.161423
0.357814
0.429214
0.086889
0.078941
0.453992
0.385188
0.246188
0.224943
0.107578
0.312905
0.104646
0.040296
0.300653
0.240299
0.020457
0.054113
0.428365
0.036614
0.293985
0.100089
0.033598
0.215921
0.269502
0.358793
0.319635
0.518684
0.493038
0.171459
0.269273
0.488498
0.178897
0.052841
0.432384
0.487936
0.389959
0.491445
0.327157
0.039647
0.376843
0.378210
0.020545
0.410526
0.254905
0.188924
0.203877
0.213047
0.591639
0.304596
0.225298
0.066567
0.218701
0.236051
0.419269
0.315853
0.104846
0.001819
0.428243
0.116707
0.319244
0.294903
0.218743
0.062494
0.103426
0.197628
0.448046
0.104391
0.217789
0.017647
0.144677
0.257073
0.231576
0.100669
0.375935
0.277073
0.389521
0.189525
0.251987
0.161169
0.169132
0.002602
0.292345
0.255522
0.145716
0.290366
0.056009
0.182621
0.445450
0.130215
0.006278
0.374619
0.312177
0.356811
0.171214
0.122420
0.133827
0.128361
0.053856
0.322339
0.145783
0.527741
0.349935
0.144621
0.034927
0.393751
0.121982
0.517146
0.264715
0.317989
0.133667
0.050935
0.062633
0.418539
0.328173
0.195996
0.053193
0.184606
0.006102
0.270707
0.333726
0.249666
0.431426
0.453200
0.276092
0.015896
0.146528
0.054881
0.005346
0.257973
0.424084
0.057712
0.144875
0.367871
0.602039
0.116072
0.500686
0.361023
0.409790
0.150431
0.242660
0.407187
0.137928
0.246662
0.466146
0.443692
0.204590
0.230429
0.212369
0.655234
0.250339
0.050915
0.472550
0.255612
0.364816
0.279986
0.286520
0.159961
0.328699
0.242071
0.183150
0.304585
0.180148
0.288215
0.291645
0.345881
0.159956
0.076180
0.343960
0.567768
0.480740
0.034199
0.237949
0.128938
0.220202
0.054751
0.209928
0.515967
0.190704
0.548382
0.056884
0.224167
0.259148
0.073056
0.288311
0.251611
0.161423
0.097783
0.187525
0.490700
0.412802
0.366558
0.303910
0.328525
0.371029
0.392746
0.126624
0.387882
0.251797
0.015506
0.004589
0.193120
0.408071
0.410839
0.383397
0.225740
0.508873
0.433920
0.034148
0.050250
0.303175
0.217554
0.223129
0.537090
0.366012
0.294817
0.324148
0.213600
0.369063
0.169573
0.284156
0.127723
0.033351
0.308622
0.346329
0.295383
0.464764
0.159839
0.294843
0.008995
0.225918
0.164189
0.444407
0.516582
0.061968
0.328999
0.628559
0.336098
0.345284
0.223202
0.387788
0.598433
0.016946
0.081752
0.529119
0.204059
0.127400
0.443546
0.219951
0.373573
0.170796
0.362393
0.342074
0.435288
0.517674
0.174625
0.168528
0.285046
0.724531
0.264413
0.066291
0.295159
0.142297
0.532202
0.552792
0.051380
0.326009
0.197732
0.130718
0.542425
0.182840
0.409558
0.068804
0.531118
0.366928
0.365650
0.011107
0.283798
0.225510
0.244136
0.145866
0.339694
0.103565
0.422365
0.200627
0.370237
0.145765
0.209889
0.006263
0.403176
0.250827
0.180264
0.129135
0.201849
0.201122
0.287220
0.170898
0.014971
0.110832
0.204135
0.076794
0.111937
0.391376
0.023906
0.200581
0.324615
0.152322
0.169905
0.089164
0.386180
0.281756
0.053061
0.221230
0.305409
0.227684
0.021110
0.250864
0.062786
0.544838
0.334689
0.059413
0.119769
0.429668
0.390200
0.108823
0.045218
0.087146
0.045636
0.254121
0.670334
0.157845
0.368987
0.225809
0.219746
0.277150
0.348234
0.323994
0.298358
0.284492
0.034687
0.089160
0.342392
0.005152
0.157669
0.191383
0.121046
0.286142
0.159071
0.271246
0.451714
0.385199
0.378457
0.053072
0.531275
0.115987
0.601712
0.113598
0.415646
0.332712
0.325308
0.397003
0.009084
0.179915
0.507444
0.445131
0.216903
0.034890
0.115740
0.128279
0.601464
0.266035
0.333982
0.058932
0.459316
0.185416
0.314376
0.171459
0.539973
0.638683
0.271505
0.446086
0.133964
0.287161
0.108170
0.195093
0.477991
0.150503
0.098615
0.175707
0.049162
0.282292
0.351437
0.184583
0.194160
0.419878
0.363841
0.305903
0.394494
0.053407
0.668128
0.378174
0.038693
0.084050
0.256939
0.010403
0.229380
0.454084
0.002624
0.134980
0.330287
0.428785
0.181112
0.237120
0.333895
0.118589
0.160577
0.145501
0.132217
0.327051
0.091410
0.289043
0.359456
0.282208
0.146097
0.178164
0.147823
0.021947
0.318996
0.162571
0.354691
0.026977
0.202328
0.095104
0.016548
0.272110
0.041215
0.637171
0.163997
0.007926
0.382663
0.444381
0.163286
0.257466
0.002603
0.137471
0.029592
0.301765
0.309663
0.340245
0.239440
0.642024
0.526802
0.137135
0.034504
0.336386
0.456290
0.291765
0.354437
0.311167
0.055257
0.029421
0.154004
0.371315
0.106829
0.528782
0.135278
0.056997
0.296884
0.042193
0.186494
0.221234
0.130739
0.242980
0.058780
0.056916
0.130222
0.347503
0.345652
0.188954
0.498644
0.250055
0.343987
0.129086
0.226657
0.563102
0.102190
0.247750
0.138966
0.543879
0.155146
0.015215
0.376555
0.133942
0.042155
0.330999
0.112868
0.649116
0.428988
0.049931
0.195922
0.282060
0.283553
0.376318
0.188912
0.295994
0.155725
0.169225
0.501159
0.084223
0.108709
0.133646
0.240469
0.005055
0.222317
0.513429
0.154894
0.533242
0.059583
0.088054
0.232422
0.336655
0.121181
0.000027
0.319566
0.071364
0.217164
0.248794
0.027149
0.160153
0.006800
0.268694
0.133010
0.044544
0.270976
0.453450
0.488507
0.251066
0.342256
0.200528
0.318806
0.502110
0.088862
0.028625
0.004462
0.386890
0.170730
0.223878
0.375695
0.108520
0.004847
0.282050
0.237318
0.348699
0.045570
0.073023
0.059920
0.162608
0.448140
0.137637
0.017685
0.459544
0.094742
0.229252
0.207989
0.152786
0.090441
0.141151
0.303066
0.060345
0.048750
0.006159
0.136724
0.636193
0.257998
0.089171
0.281658
0.447529
0.103344
0.182351
0.026479
0.008826
0.234883
0.145381
0.401832
0.077792
0.218275
0.399354
0.231721
0.108620
0.183145
0.398513
0.516486
0.405952
0.124401
0.186354
0.225183
0.429703
0.026654
0.210625
0.130790
0.241767
0.389175
0.141589
0.377600
0.084617
0.115359
0.261928
0.672216
0.269597
0.106321
0.352020
0.384761
0.249263
0.446626
0.281181
0.073789
0.189176
0.199211
0.003996
0.310869
0.381720
0.454766
0.090887
0.157008
0.285679
0.274797
0.026052
0.145758
0.437356
0.080362
0.098400
0.359730
0.040753
0.245536
0.281796
0.314722
0.192665
0.310770
0.410074
0.305299
0.348581
0.339766
0.662115
0.036399
0.049746
0.186490
0.355689
0.208674
0.182462
0.102080
0.493832
0.090145
0.394021
0.463403
0.490734
0.078618
0.483533
0.070416
0.490684
0.248611
0.155143
0.177814
0.072092
0.104227
0.178181
0.164711
0.401708
0.116383
0.176495
0.134838
0.237391
0.310170
0.027322
0.030537
0.378219
0.033081
0.190709
0.176734
0.040008
0.305409
0.344795
0.325316
0.251642
0.100808
0.332367
0.262995
0.172816
0.189837
0.109787
0.039580
0.068717
0.704641
0.078872
0.282739
0.277840
0.065759
0.169743
0.131575
0.000762
0.387215
0.270645
0.118159
0.184541
0.066595
0.498767
0.273391
0.037710
0.472214
0.218650
0.238298
0.309827
0.275856
0.234518
0.450691
0.064890
0.175512
0.199399
0.403017
0.138870
0.223419
0.118653
0.695824
0.354941
0.081908
0.141299
0.228528
0.259414
0.079554
0.308210
0.176529
0.466825
0.086993
0.036505
0.265012
0.375454
0.341116
0.302226
0.386265
0.072350
0.181717
0.298330
0.163415
0.114375
0.097493
0.060595
0.128328
0.076288
0.140730
0.143629
0.057239
0.338112
0.231373
0.141641
0.018256
0.092834
0.161087
0.325638
0.064966
0.286234
0.271812
0.007687
0.098827
0.614836
0.101100
0.116012
0.371056
0.262324
0.231295
0.157562
0.229961
0.061809
0.048059
0.097739
0.090496
0.180580
0.022613
0.079428
0.029595
0.122765
0.132039
0.195455
0.259397
0.187067
0.361211
0.073398
0.176366
0.557535
0.330446
0.093648
0.156375
0.382856
0.071666
0.148154
0.264969
0.125232
0.129784
0.244064
0.323777
0.044752
0.227583
0.164907
0.555965
0.090382
0.222737
0.216160
0.356934
0.023138
0.157373
0.483751
0.147233
0.252336
0.281751
0.624299
0.169180
0.284254
0.102510
0.085796
0.003249
0.354433
0.184259
0.201513
0.019878
0.162231
0.170093
0.236271
0.226345
0.084034
0.118278
0.311062
0.281328
0.102891
0.271017
0.219583
0.286805
0.033413
0.431794
0.219142
0.048119
0.201368
0.269118
0.213864
0.130870
0.261343
0.253582
0.575634
0.217644
0.281421
0.112187
0.255162
0.431871
0.419720
0.407175
0.170139
0.002727
0.062410
0.088623
0.115208
0.528612
0.016609
0.118841
0.024665
0.165423
0.115641
0.337773
0.364040
0.111065
0.075289
0.078646
0.202624
0.155349
0.214288
0.085072
0.273337
0.183702
0.003149
0.065345
0.225729
0.122763
0.263573
0.234115
0.175455
0.427696
0.595085
0.183480
0.099108
0.179358
0.046892
0.260049
0.033735
0.613201
0.337168
0.137949
0.190008
0.030124
0.022519
0.191743
0.389357
0.305624
0.125998
0.089832
0.083366
0.304221
0.452221
0.355457
0.200841
0.084290
0.095368
0.358202
0.335478
0.149251
0.418624
0.123047
0.080373
0.032754
0.130734
0.390028
0.030166
0.089384
0.223500
0.134465
0.471199
0.553361
0.420558
0.263849
0.480156
0.230002
0.015772
0.020122
0.541957
0.170014
0.595395
0.392445
0.501700
0.058436
0.117543
0.103456
0.121380
0.104891
0.096940
0.029900
0.105640
0.091758
0.058921
0.404361
0.359140
0.011056
0.238261
0.132870
0.142984
0.021775
0.018333
0.615061
0.086664
0.348212
0.506184
0.155635
0.312805
0.257536
0.153263
0.316838
0.587806
0.099548
0.192417
0.128361
0.009002
0.391696
0.289068
0.267630
0.294926
0.243320
0.669631
0.467461
0.486367
0.316503
0.500359
0.099807
0.199663
0.180357
0.407910
0.042302
0.216073
0.122666
0.150487
0.008477
0.219369
0.251526
0.399475
0.342554
0.342350
0.363162
0.196452
0.489239
0.071247
0.417195
0.147518
0.200952
0.435245
0.000508
0.053618
0.185372
0.080370
0.111258
0.427940
0.227032
0.521117
0.146545
0.214838
0.390807
0.127640
0.230508
0.131759
0.421923
0.160826
0.120231
0.383985
0.243752
0.228172
0.250964
0.311718
0.190832
0.013133
0.492777
0.146374
0.038139
0.032553
0.098024
0.349728
0.313162
0.070983
0.340333
0.416074
0.432505
0.446440
0.343039
0.104545
0.354497
0.279358
0.002153
0.042559
0.381877
0.083288
0.403036
0.462216
0.117057
0.358182
0.030673
0.116077
0.293208
0.431616
0.256396
0.282995
0.342173
0.127946
0.201226
0.089415
0.153912
0.348021
0.197385
0.104086
0.248929
0.152978
0.073045
0.225951
0.441745
0.113921
0.463305
0.404127
0.570230
0.077891
0.045205
0.278324
0.135277
0.169639
0.495227
0.227387
0.242625
0.473592
0.106983
0.055124
0.173177
0.159774
0.198463
0.437744
0.487169
0.163079
0.013900
0.372799
0.464624
0.162333
0.025925
0.094776
0.369239
0.054917
0.081799
0.432626
0.086113
0.003489
0.106360
0.454036
0.106380
0.079761
0.089082
0.066275
0.152377
0.117255
0.289848
0.286165
0.417715
0.486340
0.020328
0.198243
0.457070
0.093380
0.127325
0.366187
0.364938
0.193455
0.288149
0.294049
0.078180
0.305591
0.182957
0.102836
0.498568
0.024117
0.194750
0.243281
0.127421
0.484714
0.403568
0.191086
0.029105
0.117502
0.375940
0.360277
0.292449
0.122246
0.141478
0.363217
0.005172
0.380671
0.237744
0.033802
0.216205
0.119284
0.236220
0.250621
0.097474
0.002680
0.058640
0.325912
0.192730
0.236148
0.025730
0.449696
0.272083
0.249202
0.172284
0.273153
0.183975
0.130463
0.025098
0.219520
0.099765
0.189890
0.324528
0.138755
0.049732
0.287390
0.021685
0.108305
0.287558
0.151059
0.477479
0.003894
0.177461
0.086566
0.187632
0.106477
0.233220
0.070460
0.446611
0.372915
0.122644
0.116002
0.438460
0.024859
0.522849
0.231666
0.361600
0.245262
0.061916
0.179808
0.394994
0.242589
0.187970
0.237433
0.106602
0.099342
0.106600
0.388173
0.215838
0.391632
0.325609
0.356638
0.066676
0.166162
0.194392
0.005705
0.135664
0.198557
0.127764
0.167100
0.298813
0.709721
0.010012
0.431320
0.104931
0.336290
0.176317
0.263348
0.276776
0.169470
0.211906
0.447699
0.332081
0.071086
0.070591
0.076128
0.795262
0.247761
0.149404
0.437299
0.311980
0.358806
0.367256
0.196974
0.002237
0.158103
0.237516
0.251110
0.170176
0.231645
0.246976
0.220636
0.245042
0.003914
0.109250
0.395981
0.658274
0.190668
0.014543
0.261118
0.124295
0.199824
0.070346
0.253181
0.279791
0.186909
0.659299
0.097717
0.266088
0.066085
0.014320
0.312387
0.211039
0.213089
0.133088
0.166010
0.270554
0.452004
0.191897
0.310407
0.309945
0.308120
0.186668
0.005005
0.372758
0.199582
0.036651
0.017139
0.286241
0.356167
0.189919
0.382757
0.042407
0.419523
0.339923
0.031990
0.101882
0.416231
0.314222
0.179168
0.531403
0.291546
0.109975
0.371625
0.252664
0.261247
0.075328
0.106647
0.189945
0.111327
0.026071
0.237026
0.164888
0.386037
0.014138
0.112571
0.049427
0.304887
0.008273
0.485703
0.424813
0.083638
0.108161
0.452180
0.360763
0.231738
0.165249
0.384831
0.455012
0.179765
0.260693
0.542116
0.187609
0.003698
0.248060
0.114596
0.282627
0.356712
0.347084
0.345519
0.476041
0.559844
0.013457
0.159735
0.191721
0.607450
0.034948
0.225287
0.346629
0.060532
0.467611
0.414807
0.130513
0.183876
0.190290
0.061638
0.408428
0.215257
0.243302
0.028407
0.467385
0.220379
0.444358
0.040211
0.269041
0.036485
0.012018
0.225726
0.432979
0.038788
0.504718
0.142786
0.246191
0.024083
0.135726
0.053259
0.274714
0.277366
0.212884
0.128085
0.456474
0.262128
0.292409
0.210625
0.042977
0.146506
0.151437
0.243617
0.040772
0.297462
0.091330
0.047701
0.176834
0.032522
0.092391
0.107587
0.283923
0.260711
0.105392
0.138148
0.141141
0.174787
0.031849
0.255198
0.109146
0.322990
0.177338
0.097558
0.359637
0.458823
0.457365
0.015487
0.030115
0.154606
0.059020
0.363970
0.658282
0.309505
0.420127
0.064555
0.159032
0.194985
0.222441
0.362703
0.237265
0.190861
0.126776
0.127054
0.243638
0.021365
0.274213
0.012909
0.009408
0.384366
0.080112
0.240926
0.306914
0.165802
0.438856
0.015167
0.436253
0.047858
0.675035
0.007827
0.464955
0.279225
0.254114
0.383122
0.097361
0.255267
0.317445
0.308006
0.152426
0.129622
0.166554
0.280570
0.601956
0.271678
0.220049
0.124726
0.369972
0.183691
0.314188
0.360857
0.548579
0.446987
0.276413
0.457173
0.126675
0.280545
0.048488
0.212764
0.492449
0.132450
0.115607
0.056745
0.042941
0.360401
0.228163
0.284053
0.025025
0.281129
0.291181
0.240084
0.356867
0.213771
0.569761
0.333049
0.114392
0.055245
0.331539
0.190443
0.000090
0.327129
0.109539
0.132661
0.346729
0.404772
0.114434
0.219631
0.308676
0.053895
0.037187
0.210092
0.130959
0.330491
0.103193
0.134792
0.342865
0.135374
0.041416
0.248936
0.160468
0.094256
0.310593
0.118655
0.162141
0.127408
0.296982
0.041387
0.217888
0.232576
0.158326
0.548659
0.132127
0.153240
0.307268
0.483227
0.191557
0.131570
0.027232
0.042022
0.071223
0.129369
0.294647
0.284625
0.317436
0.434647
0.322629
0.376710
0.049661
0.374821
0.316441
0.272484
0.184310
0.233511
0.192775
0.048412
0.238669
0.437122
0.203995
0.409413
0.092040
0.032943
0.172566
0.186961
0.085317
0.175883
0.108662
0.217875
0.043722
0.205908
0.028679
0.394851
0.294450
0.276542
0.407758
0.249424
0.396976
0.243119
0.092778
0.546832
0.203254
0.221546
0.214632
0.533953
0.158693
0.102118
0.209754
0.174490
0.012576
0.401223
0.053539
0.483236
0.352442
0.181682
0.097955
0.202870
0.290131
0.409319
0.195622
0.322929
0.145246
0.155089
0.471355
0.048453
0.081805
0.058578
0.281250
0.053166
0.352794
0.336595
0.186398
0.546286
0.039779
0.022319
0.343862
0.325673
0.169454
0.079798
0.350760
0.101519
0.188390
0.164014
0.014978
0.146387
0.160813
0.243009
0.149570
0.004449
0.137092
0.573415
0.430374
0.257876
0.331068
0.033415
0.435141
0.504043
0.054987
0.056809
0.220940
0.442363
0.027844
0.151488
0.238554
0.065456
0.109828
0.208708
0.285909
0.288638
0.183713
0.098990
0.065838
0.074452
0.414162
0.092158
0.006525
0.239979
0.091074
0.074608
0.187198
0.309387
0.022036
0.006333
0.200762
0.105483
0.159952
0.104850
0.245213
0.472129
0.201116
0.069749
0.322222
0.326319
0.038414
0.158939
0.079670
0.088627
0.294535
0.057333
0.229763
0.094885
0.003766
0.216434
0.283811
0.144656
0.010856
0.188161
0.559202
0.247769
0.265573
0.076903
0.172828
0.252054
0.148727
0.073373
0.059025
0.200001
0.515861
0.390416
0.279742
0.233219
0.044422
0.185723
0.670028
0.089829
0.070362
0.306687
0.276324
0.162455
0.328296
0.126993
0.126420
0.035425
0.240164
0.093035
0.493259
0.518663
0.364571
0.276193
0.173700
0.137812
0.198960
0.082543
0.159005
0.254452
0.001286
0.003688
0.348251
0.088546
0.306831
0.282509
0.211263
0.150966
0.318269
0.317611
0.273541
0.323546
0.349546
0.476396
0.190176
0.066769
0.114502
0.376099
0.004580
0.268821
0.100392
0.415126
0.235835
0.478241
0.565566
0.350726
0.000897
0.437032
0.294412
0.406979
0.184525
0.051040
0.149567
0.092280
0.192634
0.246367
0.402564
0.215313
0.207337
0.141319
0.159880
0.464616
0.213487
0.180245
0.011944
0.273811
0.254207
0.010012
0.285893
0.011244
0.310440
0.195914
0.156923
0.426084
0.050611
0.277006
0.388025
0.040293
0.013982
0.236746
0.109575
0.313006
0.729629
0.101156
0.300593
0.139127
0.101095
0.377404
0.185900
0.082171
0.290730
0.251855
0.006472
0.044633
0.012283
0.274783
0.110772
0.081102
0.452207
0.311764
0.378126
0.257731
0.395551
0.289188
0.586118
0.161593
0.292944
0.060884
0.363881
0.061488
0.273089
0.095407
0.495355
0.320296
0.020709
0.254453
0.210827
0.239924
0.091099
0.119859
0.187952
0.444904
0.076492
0.036460
0.320307
0.258482
0.381289
0.227328
0.481759
0.016120
0.071100
0.271998
0.252511
0.037395
0.106180
0.059852
0.043543
0.142142
0.053243
0.082049
0.271746
0.223865
0.201473
0.066478
0.024308
0.030340
0.168655
0.374347
0.232982
0.143882
0.409412
0.146639
0.341280
0.599691
0.166062
0.122283
0.361622
0.162044
0.165051
0.256130
0.140866
0.241233
0.049597
0.027984
0.048067
0.194278
0.226949
0.331293
0.141810
0.094100
0.038670
0.197183
0.016348
0.260674
0.490619
0.143896
0.004646
0.489646
0.213160
0.059570
0.128398
0.322912
0.079098
0.188406
0.358496
0.122249
0.132390
0.177739
0.286551
0.006367
0.176434
0.111866
0.548452
0.186664
0.315599
0.284355
0.330046
0.208763
0.259706
0.423735
0.231068
0.177545
0.117448
0.466596
0.040700
0.202856
0.091243
0.113913
0.110093
0.212564
0.330060
0.036482
0.078927
0.144754
0.024923
0.118961
0.095669
0.113911
0.212815
0.323654
0.296729
0.266061
0.109455
0.283268
0.225626
0.098234
0.344974
0.161212
0.015167
0.083639
0.101178
0.228886
0.136295
0.421421
0.208438
0.526440
0.083764
0.307187
0.070714
0.327409
0.513931
0.379097
0.210962
0.240100
0.154170
0.097563
0.012624
0.323291
0.583858
0.203442
0.008949
0.021440
0.155737
0.129933
0.456448
0.313991
0.211108
0.013887
0.205362
0.349107
0.171923
0.040967
0.152963
0.166225
0.086039
0.097928
0.007780
0.235649
0.152894
0.232292
0.069038
0.243134
0.284728
0.465043
0.171637
0.076053
0.063632
0.020367
0.276913
0.049859
0.599367
0.142577
0.268431
0.000316
0.008218
0.050944
0.067351
0.238782
0.349575
0.176497
0.007274
0.195590
0.495470
0.440901
0.238100
0.107882
0.064981
0.162089
0.400665
0.320829
0.047259
0.495957
0.356558
0.143882
0.060345
0.040255
0.331182
0.019005
0.035985
0.247263
0.266034
0.478047
0.713166
0.340681
0.283094
0.430433
0.035971
0.006305
0.044472
0.482403
0.285892
0.571390
0.270171
0.369243
0.026658
0.010453
0.150002
0.144186
0.112303
0.044987
0.028112
0.074122
0.109138
0.070960
0.450219
0.293840
0.071431
0.237534
0.224594
0.163380
0.060525
0.142139
0.715411
0.222239
0.325244
0.543560
0.068143
0.281737
0.253852
0.153630
0.267184
0.463295
0.063281
0.105707
0.092665
0.131698
0.157965
0.422930
0.266846
0.278926
0.062015
0.541344
0.409396
0.468618
0.188006
0.399485
0.169798
0.224565
0.261738
0.421467
0.055965
0.055406
0.163513
0.201540
0.151640
0.235984
0.177397
0.363109
0.265231
0.399204
0.343181
0.124726
0.481767
0.028344
0.348892
0.210229
0.060202
0.455736
0.060302
0.202164
0.101318
0.214389
0.027071
0.424434
0.258092
0.508286
0.001598
0.370712
0.446134
0.089263
0.095581
0.042844
0.401745
0.001132
0.442291
0.211404
0.348277
0.227749
0.199088
0.359868
0.245107
0.124939
0.463973
0.186628
0.143887
0.094266
0.030774
0.154807
0.340207
0.222151
0.351326
0.367082
0.254356
0.478950
0.245020
0.199525
0.326163
0.320257
0.105213
0.042208
0.391886
0.252481
0.433763
0.448706
0.178303
0.351199
0.115124
0.300619
0.134315
0.336826
0.249626
0.247597
0.195893
0.029171
0.112716
0.084833
0.072257
0.277712
0.229276
0.138921
0.248587
0.164501
0.023926
0.340855
0.421439
0.032759
0.426387
0.363268
0.513968
0.141500
0.161868
0.165390
0.274310
0.253286
0.464147
0.246099
0.250961
0.481041
0.058689
0.106459
0.255170
0.091082
0.187790
0.476667
0.512920
0.178391
0.035703
0.247201
0.522553
0.101358
0.167799
0.069635
0.394453
0.233151
0.069815
0.482691
0.026974
0.042995
0.166245
0.444771
0.149997
0.072486
0.124786
0.103117
0.093967
0.008621
0.150557
0.237569
0.263402
0.425341
0.081495
0.159016
0.426099
0.006428
0.154213
0.297998
0.285106
0.015847
0.057896
0.299013
0.181471
0.216596
0.025488
0.198958
0.539949
0.189188
0.167480
0.280230
0.090699
0.322369
0.349804
0.100765
0.010133
0.030817
0.453512
0.275966
0.184646
0.143363
0.236351
0.329404
0.152569
0.418233
0.116621
0.204682
0.443883
0.136696
0.205237
0.058192
0.105362
0.274185
0.131304
0.478749
0.148464
0.209076
0.032902
0.468210
0.242071
0.082297
0.123727
0.305686
0.202530
0.125446
0.038154
0.107371
0.002591
0.167255
0.387753
0.291974
0.127794
0.129768
0.161364
0.174262
0.218969
0.060319
0.558740
0.130203
0.225181
0.047479
0.214880
0.174526
0.127502
0.039386
0.322899
0.426721
0.409094
0.257578
0.456505
0.150626
0.516998
0.136551
0.371656
0.317259
0.051093
0.303680
0.349338
0.126763
0.184501
0.381600
0.096896
0.161758
0.087983
0.431496
0.136434
0.377115
0.176741
0.401124
0.051825
0.225664
0.323253
0.006857
0.024631
0.004411
0.170253
0.211184
0.270257
0.715287
0.083035
0.344896
0.088938
0.243761
0.116648
0.211381
0.186572
0.217411
0.183762
0.387293
0.174835
0.019556
0.127783
0.067296
0.846802
0.200815
0.364355
0.367736
0.349974
0.356407
0.457611
0.116708
0.085133
0.048447
0.275362
0.334768
0.064451
0.237376
0.259898
0.099127
0.155952
0.198179
0.178525
0.473138
0.697152
0.028867
0.024002
0.285116
0.037615
0.161523
0.062633
0.293796
0.021074
0.121412
0.662074
0.060828
0.246015
0.144737
0.096292
0.381691
0.123924
0.251792
0.134542
0.195083
0.085716
0.480829
0.075187
0.328614
0.294236
0.251908
0.071031
0.187694
0.328909
0.110867
0.003433
0.017663
0.343079
0.302961
0.057400
0.390253
0.131922
0.251669
0.204769
0.069391
0.247948
0.526977
0.390588
0.096925
0.466311
0.215440
0.069242
0.439660
0.246915
0.111931
0.050135
0.103372
0.311844
0.263783
0.333946
0.161271
0.040277
0.281301
0.140261
0.076672
0.116780
0.432519
0.166585
0.476902
0.310389
0.045487
0.078029
0.230063
0.410860
0.045107
0.050280
0.421545
0.246750
0.308645
0.432371
0.541863
0.162800
0.108957
0.050131
0.024855
0.200396
0.500796
0.280431
0.332192
0.510072
0.558815
0.119452
0.165292
0.110779
0.373614
0.166426
0.409761
0.385268
0.027969
0.379449
0.285126
0.183913
0.049324
0.108107
0.006193
0.313128
0.265247
0.065985
0.062580
0.399510
0.054773
0.472831
0.143480
0.261300
0.174278
0.193658
0.279889
0.512124
0.037571
0.572822
0.040685
0.149650
0.161804
0.105287
0.051368
0.050172
0.289321
0.281663
0.144276
0.580610
0.263800
0.301322
0.239699
0.152079
0.183123
0.075688
0.333625
0.142932
0.187012
0.100330
0.058719
0.055625
0.063041
0.006279
0.154343
0.177645
0.254499
0.189537
0.006538
0.012198
0.065137
0.093406
0.183749
0.256053
0.040199
0.039319
0.160683
0.418362
0.433020
0.480366
0.181253
0.121125
0.165206
0.119425
0.463397
0.523200
0.434863
0.427520
0.077832
0.050579
0.126159
0.109527
0.424562
0.180091
0.068119
0.234745
0.125527
0.194960
0.027760
0.346316
0.115902
0.091378
0.460897
0.030677
0.261618
0.157365
0.014722
0.447332
0.037027
0.327246
0.214659
0.636635
0.112189
0.505780
0.100971
0.148071
0.290968
0.203669
0.330033
0.087769
0.191893
0.000543
0.160585
0.239301
0.479064
0.518123
0.259324
0.125013
0.124191
0.243265
0.202119
0.247366
0.451708
0.517680
0.186400
0.260443
0.410406
0.100728
0.307173
0.181989
0.246851
0.482391
0.138669
0.331713
0.010805
0.060814
0.388133
0.097211
0.369204
0.165873
0.124376
0.210555
0.138857
0.297547
0.463741
0.406212
0.196065
0.239074
0.160584
0.380765
0.382580
0.186409
0.180030
0.275658
0.131657
0.362664
0.382464
0.038427
0.206230
0.267031
0.001464
0.198660
0.260271
0.138694
0.304136
0.093239
0.007273
0.272962
0.045126
0.092498
0.353670
0.105117
0.159875
0.247147
0.089914
0.067842
0.221138
0.359415
0.151003
0.400257
0.213668
0.369523
0.438065
0.080536
0.305449
0.250499
0.537016
0.171222
0.052584
0.049917
0.059525
0.151273
0.000751
0.320132
0.255379
0.349864
0.135379
0.132525
0.554006
0.135344
0.388808
0.165709
0.236118
0.000762
0.142089
0.289560
0.011764
0.339168
0.372190
0.207602
0.239571
0.123663
0.059521
0.014558
0.340993
0.006701
0.153193
0.062806
0.220220
0.072200
0.341573
0.110308
0.328577
0.267634
0.267630
0.288890
0.218776
0.392915
0.339496
0.046313
0.474266
0.344716
0.174299
0.260580
0.506864
0.175750
0.274949
0.009484
0.247798
0.004936
0.432186
0.209706
0.296631
0.260742
0.257824
0.000383
0.099307
0.311815
0.414359
0.197371
0.285955
0.129599
0.089437
0.406679
0.050240
0.096664
0.081729
0.294818
0.101521
0.464470
0.127127
0.214535
0.516614
0.152043
0.043971
0.338821
0.329457
0.165364
0.169253
0.337931
0.112228
0.157254
0.073129
0.045748
0.167984
0.350475
0.170717
0.163050
0.139687
0.054950
0.665978
0.354823
0.302826
0.239888
0.143670
0.473398
0.449935
0.151231
0.182498
0.446967
0.477424
0.096921
0.007812
0.141630
0.051630
0.126816
0.211117
0.346495
0.240681
0.325119
0.110496
0.153431
0.313419
0.335725
0.368262
0.031844
0.016498
0.233325
0.032990
0.227187
0.404675
0.030162
0.206436
0.181377
0.150635
0.262228
0.170272
0.318740
0.248929
0.169366
0.064589
0.431221
0.154345
0.090007
0.197646
0.148512
0.178509
0.360651
0.016348
0.096202
0.184519
0.131932
0.064543
0.321858
0.241387
0.210915
0.009661
0.542610
0.058951
0.373274
0.291945
0.186245
0.000197
0.310556
0.117042
0.094286
0.141580
0.603920
0.529894
0.231715
0.315953
0.158975
0.097874
0.598041
0.026827
0.093662
0.252330
0.085567
0.126302
0.227596
0.019651
0.167475
0.062965
0.244769
0.170920
0.621310
0.606898
0.250528
0.400579
0.191589
0.018093
0.102093
0.264102
0.143932
0.062691
0.144056
0.092159
0.369613
0.175839
0.312839
0.287289
0.190966
0.107822
0.295107
0.194251
0.227883
0.351768
0.304103
0.154091
0.280398
0.181013
0.117394
0.412884
0.190896
0.385616
0.160198
0.337759
0.389608
0.457867
0.580561
0.189970
0.082258
0.297249
0.508548
0.363588
0.147601
0.192888
0.088935
0.082147
0.302372
0.287296
0.586509
0.049303
0.278472
0.128807
0.123975
0.609259
0.138896
0.326210
0.013641
0.155368
0.525951
0.103518
0.307041
0.058974
0.342733
0.092239
0.033713
0.596476
0.118412
0.233319
0.396778
0.085513
0.188120
0.381563
0.155086
0.515207
0.580354
0.295685
0.312395
0.000322
0.046674
0.553664
0.195009
0.127933
0.234779
0.225683
0.035345
0.300538
0.060949
0.097112
0.085097
0.157599
0.480086
0.448654
0.553862
0.162382
0.476920
0.299012
0.603084
0.173006
0.336364
0.255279
0.368685
0.038053
0.359845
0.049175
0.266798
0.268141
0.102035
0.364004
0.142194
0.240953
0.193873
0.020044
0.229784
0.385332
0.216553
0.066939
0.384546
0.077673
0.424530
0.209929
0.537150
0.068532
0.020207
0.207781
0.311476
0.031086
0.088730
0.144590
0.024053
0.132606
0.050326
0.035767
0.485536
0.098614
0.192380
0.039908
0.042187
0.026268
0.251158
0.370179
0.316631
0.021360
0.491349
0.324589
0.587933
0.479320
0.229582
0.310783
0.293996
0.048503
0.091851
0.279460
0.172642
0.362123
0.047506
0.125678
0.024577
0.220870
0.418737
0.474410
0.249296
0.336623
0.170730
0.183412
0.260981
0.236350
0.624034
0.197969
0.183203
0.405135
0.120829
0.046671
0.065717
0.283879
0.021932
0.254795
0.428002
0.065233
0.179656
0.100010
0.280645
0.019394
0.100157
0.007093
0.490090
0.278804
0.378828
0.315608
0.301894
0.395199
0.328393
0.315066
0.305955
0.097005
0.076404
0.304567
0.089734
0.168121
0.122377
0.157711
0.239986
0.145833
0.441276
0.123970
0.122503
0.160254
0.169595
0.008582
0.040105
0.097925
0.338034
0.282381
0.280097
0.471711
0.014717
0.332114
0.169794
0.148800
0.254350
0.079111
0.046595
0.009640
0.090587
0.319866
0.164840
0.519783
0.137994
0.453197
0.028262
0.339907
0.316747
0.355797
0.608238
0.262026
0.017781
0.257154
0.282859
0.222177
0.137113
0.502035
0.572932
0.255900
0.096851
0.072668
0.167699
0.135519
0.533717
0.242525
0.292586
0.002245
0.341836
0.471563
0.176497
0.057051
0.139740
0.056093
0.052728
0.218222
0.126028
0.240502
0.130413
0.159949
0.096615
0.246722
0.088016
0.263793
0.203491
0.049753
0.024219
0.047036
0.227093
0.038636
0.511719
0.059337
0.344076
0.120603
0.004074
0.006299
0.386897
0.036725
0.350011
0.175508
0.058893
0.312255
0.651730
0.414574
0.146763
0.086690
0.172891
0.272862
0.436497
0.307642
0.281968
0.534491
0.569911
0.337936
0.168984
0.047473
0.255751
0.037441
0.056148
0.233251
0.353988
0.442041
0.757138
0.178813
0.301126
0.362136
0.189422
0.028162
0.054987
0.345662
0.371084
0.463050
0.142026
0.220592
0.023247
0.101511
0.159425
0.128513
0.285475
0.080475
0.141734
0.083066
0.256542
0.119328
0.481557
0.171833
0.111873
0.228986
0.328297
0.221301
0.128064
0.307967
0.710503
0.283924
0.287502
0.518400
0.017113
0.197061
0.269889
0.075633
0.114640
0.399667
0.016869
0.037966
0.008910
0.188290
0.048097
0.495544
0.187468
0.209321
0.131806
0.319278
0.363277
0.387345
0.068148
0.244738
0.238260
0.246809
0.314580
0.433999
0.072661
0.002961
0.264405
0.207550
0.334879
0.278960
0.083175
0.312762
0.161497
0.443390
0.257076
0.045505
0.386907
0.021312
0.276152
0.284572
0.202788
0.385713
0.030712
0.361264
0.028423
0.324253
0.180173
0.304475
0.260136
0.401579
0.139422
0.572250
0.395321
0.077485
0.012326
0.246768
0.341375
0.145892
0.651449
0.068359
0.433384
0.227890
0.116049
0.336093
0.309626
0.275913
0.368532
0.238270
0.132933
0.174463
0.009047
0.015624
0.367188
0.519691
0.282511
0.349428
0.054926
0.401451
0.159757
0.224990
0.281593
0.354696
0.143958
0.141254
0.328722
0.342057
0.413513
0.524334
0.243004
0.294211
0.316926
0.506667
0.028878
0.228697
0.261182
0.153547
0.076966
0.114639
0.051854
0.278408
0.048668
0.192659
0.201392
0.357121
0.243704
0.127064
0.004053
0.446666
0.422459
0.153715
0.408620
0.300778
0.371078
0.223474
0.273954
0.074494
0.352427
0.337654
0.468606
0.272775
0.267886
0.408812
0.167107
0.141957
0.234903
0.072858
0.140967
0.500168
0.478599
0.162881
0.087413
0.036642
0.493753
0.029408
0.166783
0.009018
0.446314
0.351287
0.005394
0.539409
0.133453
0.130423
0.188182
0.421987
0.221278
0.196925
0.108331
0.111223
0.075202
0.136344
0.020692
0.226720
0.063898
0.352671
0.110034
0.131136
0.386614
0.104886
0.166101
0.182984
0.161487
0.178837
0.144061
0.257715
0.140917
0.195292
0.237134
0.213674
0.545539
0.331513
0.102037
0.322356
0.132908
0.214023
0.322577
0.005234
0.047718
0.067032
0.452225
0.159245
0.021013
0.189502
0.254495
0.351922
0.248854
0.410596
0.029119
0.412351
0.629388
0.086992
0.161227
0.108589
0.065974
0.569901
0.171936
0.551449
0.167405
0.183939
0.101112
0.439626
0.204642
0.060907
0.000600
0.334609
0.188641
0.110476
0.093107
0.008284
0.018654
0.044986
0.398150
0.398020
0.292201
0.001610
0.304378
0.143159
0.118310
0.004763
0.609069
0.257606
0.291880
0.039652
0.301928
0.263292
0.095735
0.021653
0.221814
0.445511
0.681735
0.364615
0.455893
0.312221
0.442950
0.032234
0.348673
0.349381
0.041164
0.407344
0.284350
0.055001
0.209708
0.444037
0.082038
0.144204
0.350676
0.394072
0.084704
0.376326
0.067985
0.438938
0.015653
0.321680
0.440620
0.131785
0.212220
0.159028
0.129693
0.202877
0.283780
0.532223
0.144377
0.291431
0.280192
0.207250
0.102838
0.054467
0.156454
0.217729
0.169890
0.307652
0.087890
0.073903
0.302120
0.143034
0.650611
0.078543
0.491443
0.271345
0.311836
0.302967
0.533256
0.043448
0.163433
0.239561
0.310253
0.373910
0.007166
0.260792
0.195591
0.032406
0.142196
0.420493
0.177782
0.475330
0.685395
0.196583
0.048331
0.329171
0.025977
0.132233
0.038738
0.312421
0.321055
0.075115
0.520331
0.078892
0.226589
0.280683
0.198256
0.382519
0.048369
0.297308
0.056698
0.255160
0.084951
0.478619
0.311214
0.383159
0.287158
0.212810
0.034435
0.399103
0.270563
0.003807
0.016381
0.058707
0.350688
0.258254
0.361150
0.386331
0.335692
0.045124
0.132316
0.059781
0.352961
0.576795
0.440261
0.029040
0.296954
0.135294
0.258444
0.377866
0.184339
0.043192
0.159532
0.304224
0.403908
0.440568
0.565055
0.065724
0.043542
0.222141
0.212084
0.258561
0.227158
0.494380
0.289329
0.504291
0.177505
0.088742
0.225225
0.003657
0.430705
0.131658
0.075164
0.474143
0.042945
0.409411
0.595542
0.545424
0.109939
0.252585
0.055031
0.138655
0.158373
0.508311
0.174760
0.414003
0.527392
0.471120
0.255611
0.250120
0.060553
0.132845
0.323650
0.496285
0.366537
0.007064
0.282319
0.162556
0.294727
0.025017
0.090868
0.006489
0.207568
0.260924
0.123487
0.196220
0.374531
0.128426
0.478842
0.219973
0.263926
0.305995
0.367328
0.284166
0.596839
0.113573
0.617850
0.125547
0.047926
0.335628
0.099011
0.052464
0.214604
0.225261
0.313914
0.246610
0.537135
0.160638
0.284464
0.275594
0.209628
0.115358
0.070108
0.290855
0.273639
0.075406
0.074058
0.170005
0.029070
0.145215
0.069056
0.204857
0.044083
0.232424
0.265645
0.143987
0.160003
0.048441
0.132225
0.075323
0.321840
0.255863
0.244724
0.282542
0.319910
0.346477
0.454766
0.297722
0.205518
0.152955
0.209513
0.501654
0.346039
0.546568
0.428854
0.201169
0.035697
0.094529
0.014855
0.475896
0.141003
0.133673
0.372947
0.007552
0.183867
0.045778
0.474549
0.253276
0.211867
0.532868
0.026625
0.326101
0.038422
0.204295
0.462955
0.030654
0.261060
0.408796
0.511093
0.234489
0.441099
0.010508
0.128953
0.227904
0.356635
0.378619
0.079647
0.127602
0.165505
0.203887
0.275120
0.543475
0.425665
0.184902
0.066591
0.126264
0.138320
0.234061
0.183040
0.452363
0.403181
0.014922
0.173246
0.266600
0.048292
0.292161
0.359468
0.281503
0.458104
0.185490
0.441483
0.012556
0.119323
0.334929
0.026499
0.443433
0.373394
0.025214
0.179630
0.060789
0.272935
0.647372
0.195372
0.053471
0.268978
0.286783
0.400422
0.549432
0.345353
0.017872
0.388501
0.077169
0.370083
0.386511
0.028693
0.162152
0.230479
0.055156
0.271873
0.324503
0.121464
0.252865
0.034819
0.112330
0.178950
0.018678
0.200407
0.491453
0.004174
0.218787
0.211205
0.124535
0.235880
0.257229
0.393422
0.215392
0.523852
0.202770
0.587360
0.252297
0.020210
0.389551
0.188149
0.498483
0.102645
0.052428
0.050249
0.159885
0.196196
0.071423
0.315480
0.294071
0.332727
0.195237
0.114881
0.568604
0.254851
0.364682
0.077567
0.160348
0.093270
0.060689
0.231154
0.055034
0.449008
0.299763
0.233980
0.096067
0.164719
0.121501
0.145038
0.452324
0.050171
0.201927
0.015603
0.255362
0.057773
0.437022
0.273288
0.266214
0.254531
0.249224
0.121410
0.182868
0.359488
0.304820
0.048843
0.384379
0.454982
0.123889
0.172950
0.384112
0.172150
0.437717
0.127329
0.249037
0.034206
0.376024
0.308823
0.090936
0.197975
0.340565
0.116726
0.046730
0.308799
0.384378
0.194997
0.271065
0.089060
0.058493
0.297584
0.152435
0.095498
0.134077
0.299093
0.141678
0.474331
0.072850
0.199380
0.453106
0.277994
0.125823
0.368760
0.290781
0.110703
0.271585
0.247618
0.192235
0.068238
0.009907
0.101793
0.208021
0.487419
0.101931
0.220389
0.228528
0.005945
0.657002
0.299492
0.327892
0.129956
0.324476
0.486213
0.410132
0.262005
0.259352
0.644043
0.427194
0.141406
0.149687
0.061129
0.058718
0.074841
0.194539
0.366857
0.121585
0.427970
0.131559
0.181680
0.561494
0.222689
0.609448
0.049533
0.315698
0.315792
0.135168
0.276345
0.509619
0.064102
0.422948
0.108954
0.138617
0.361170
0.183666
0.310689
0.028663
0.242081
0.007960
0.460588
0.074359
0.092939
0.198799
0.174577
0.335272
0.422836
0.011741
0.033797
0.259430
0.208244
0.099321
0.391242
0.301731
0.374384
0.255782
0.500539
0.027757
0.433367
0.423129
0.248483
0.201270
0.448057
0.302662
0.140703
0.161830
0.652313
0.477289
0.166955
0.384254
0.236364
0.041390
0.459724
0.193750
0.093629
0.186430
0.107072
0.028128
0.078146
0.041373
0.168669
0.117837
0.278780
0.223732
0.694123
0.597699
0.119506
0.464533
0.226504
0.240082
0.090579
0.355194
0.089562
0.116436
0.229257
0.119393
0.405052
0.230732
0.342016
0.312249
0.199804
0.027577
0.306530
0.116828
0.197847
0.274808
0.180128
0.049612
0.353091
0.291731
0.118838
0.468713
0.342141
0.514195
0.187832
0.247132
0.477840
0.393266
0.536232
0.010812
0.151608
0.227272
0.616452
0.290316
0.126872
0.307390
0.033969
0.036558
0.422527
0.282873
0.603540
0.077187
0.296105
0.112636
0.025966
0.660902
0.134869
0.420122
0.068916
0.048398
0.746816
0.177135
0.172878
0.097131
0.383052
0.066852
0.219060
0.654977
0.117320
0.198079
0.341080
0.158797
0.269147
0.418086
0.208432
0.601064
0.387057
0.433526
0.375614
0.103067
0.067638
0.654351
0.147451
0.080018
0.219974
0.138099
0.034841
0.534883
0.087138
0.088965
0.333209
0.183061
0.433952
0.496736
0.662211
0.057156
0.432567
0.273600
0.522667
0.141376
0.356971
0.358015
0.368025
0.009963
0.400704
0.006485
0.027924
0.199939
0.215061
0.397656
0.086902
0.255954
0.247761
0.066262
0.282203
0.301401
0.308451
0.059025
0.488125
0.073239
0.520668
0.229019
0.524241
0.147548
0.003060
0.150162
0.378696
0.136215
0.092200
0.213201
0.103438
0.046638
0.126406
0.165325
0.670252
0.038423
0.154010
0.087573
0.061794
0.032648
0.391296
0.362253
0.336736
0.053236
0.473081
0.479856
0.671369
0.366945
0.241824
0.465240
0.228223
0.075134
0.029234
0.352206
0.204599
0.411099
0.059589
0.163887
0.070523
0.206416
0.480854
0.496644
0.303733
0.472598
0.209890
0.183151
0.519425
0.159867
0.675252
0.289952
0.384987
0.355077
0.024021
0.003046
0.032863
0.234948
0.039592
0.383111
0.433119
0.048686
0.219486
0.042622
0.224779
0.051176
0.040652
0.103316
0.406994
0.316429
0.350394
0.339813
0.312539
0.432788
0.410956
0.221156
0.386974
0.015855
0.239310
0.140378
0.232174
0.120498
0.099916
0.256531
0.345334
0.092285
0.510979
0.178436
0.129476
0.173765
0.306365
0.045080
0.137647
0.009229
0.486051
0.250764
0.285039
0.586021
0.143101
0.328996
0.124299
0.225678
0.167765
0.018468
0.036463
0.105358
0.298796
0.365872
0.183893
0.552261
0.084688
0.338055
0.077000
0.323393
0.485933
0.362518
0.565999
0.087866
0.213709
0.254293
0.433521
0.368003
0.250383
0.602284
0.523702
0.241740
0.135092
0.148906
0.194642
0.173670
0.540415
0.171837
0.353883
0.027062
0.479506
0.503384
0.094285
0.106944
0.080739
0.034070
0.163847
0.231524
0.240411
0.230424
0.090490
0.095127
0.216468
0.273520
0.094683
0.071819
0.190219
0.062172
0.085881
0.173030
0.176245
0.059375
0.367116
0.292748
0.333415
0.187088
0.018402
0.039612
0.710646
0.164059
0.353232
0.127086
0.045758
0.428199
0.756371
0.346334
0.070659
0.104721
0.236964
0.398402
0.385644
0.284114
0.502529
0.535398
0.660829
0.381033
0.273515
0.095314
0.132451
0.103281
0.145226
0.214729
0.405302
0.364761
0.662972
0.024937
0.291778
0.284934
0.355844
0.061083
0.086164
0.152751
0.363152
0.318383
0.026648
0.106353
0.063457
0.164694
0.211960
0.095950
0.402311
0.229061
0.304168
0.143526
0.341965
0.106228
0.500297
0.042722
0.104092
0.239033
0.343060
0.326678
0.256217
0.457053
0.566013
0.310640
0.154983
0.445305
0.131895
0.144760
0.236738
0.022970
0.011674
0.303096
0.012406
0.001818
0.183426
0.236260
0.192853
0.525794
0.083021
0.106858
0.261723
0.065220
0.299343
0.317390
0.052863
0.139519
0.368806
0.274179
0.302364
0.373386
0.081249
0.011170
0.292684
0.188774
0.456552
0.343580
0.048782
0.357538
0.015800
0.461125
0.188822
0.071086
0.281944
0.082971
0.243513
0.356674
0.448708
0.219399
0.047540
0.452201
0.180944
0.427056
0.322983
0.166226
0.282678
0.300832
0.202755
0.695069
0.270480
0.092689
0.143209
0.409597
0.257496
0.258138
0.678817
0.059798
0.526770
0.221693
0.041914
0.281501
0.346263
0.412027
0.252462
0.259692
0.052847
0.238074
0.082233
0.059952
0.386918
0.684680
0.131561
0.322025
0.106829
0.234572
0.006056
0.302934
0.172485
0.364718
0.166721
0.251969
0.299695
0.344170
0.363344
0.589303
0.355702
0.205552
0.504917
0.667242
0.249722
0.121181
0.325990
0.006113
0.054214
0.293552
0.057655
0.372736
0.238284
0.161491
0.136521
0.476428
0.217440
0.100869
0.012226
0.473590
0.356433
0.192359
0.425686
0.243928
0.127238
0.222780
0.373947
0.022457
0.380818
0.406121
0.464408
0.298913
0.225433
0.276877
0.265199
0.118696
0.269066
0.044549
0.089267
0.477900
0.396882
0.121264
0.231201
0.164746
0.422259
0.052261
0.078407
0.075634
0.433192
0.413452
0.131035
0.542217
0.137637
0.232910
0.240768
0.371686
0.242619
0.274535
0.276000
0.085073
0.085504
0.238506
0.273669
0.201739
0.153019
0.255520
0.083668
0.135090
0.405860
0.183575
0.154944
0.116726
0.062813
0.301962
0.348785
0.253263
0.078615
0.119312
0.385888
0.212636
0.546327
0.364212
0.030432
0.347738
0.218404
0.149745
0.279826
0.076963
0.075934
0.127856
0.403067
0.029299
0.146758
0.186257
0.252857
0.372819
0.358830
0.400251
0.139303
0.594991
0.654856
0.094335
0.064076
0.149214
0.026069
0.828633
0.203907
0.519016
0.196589
0.077844
0.182965
0.373189
0.114576
0.174517
0.100743
0.383129
0.219460
0.149393
0.120027
0.074110
0.032183
0.108579
0.382324
0.494537
0.418930
0.074285
0.384710
0.132968
0.073060
0.027692
0.576965
0.319204
0.428104
0.089205
0.322416
0.374836
0.079317
0.024732
0.077871
0.376367
0.819381
0.423078
0.410160
0.451763
0.304610
0.123051
0.319438
0.341276
0.105253
0.473814
0.208977
0.198540
0.255681
0.444526
0.079639
0.080559
0.588314
0.372998
0.012565
0.383264
0.074237
0.458315
0.086694
0.412507
0.477881
0.253008
0.339720
0.213693
0.044172
0.232380
0.314429
0.360537
0.170570
0.357179
0.339087
0.165680
0.056915
0.170692
0.109544
0.138591
0.161520
0.212947
0.007828
0.205787
0.459469
0.166171
0.374646
0.068739
0.600524
0.198735
0.206417
0.202789
0.557030
0.018300
0.155715
0.410678
0.299058
0.355090
0.016885
0.289417
0.097976
0.032883
0.097525
0.649004
0.152184
0.465038
0.589612
0.294277
0.099063
0.362365
0.079328
0.122033
0.076242
0.348890
0.598314
0.003999
0.324562
0.242816
0.187607
0.422439
0.208348
0.438074
0.004542
0.390020
0.023012
0.362065
0.171851
0.465743
0.503447
0.463242
0.247761
0.132878
0.097319
0.465838
0.253614
0.090688
0.093277
0.107845
0.282304
0.170875
0.577313
0.344648
0.441114
0.161459
0.110024
0.061099
0.390842
0.584887
0.422234
0.061788
0.131880
0.115088
0.392080
0.365353
0.063950
0.181063
0.286170
0.503529
0.481541
0.559849
0.627607
0.022113
0.039173
0.156140
0.216154
0.432763
0.364104
0.483859
0.326530
0.512558
0.135871
0.039877
0.302223
0.209944
0.480592
0.269294
0.221498
0.602616
0.096316
0.368259
0.682047
0.479531
0.067816
0.383544
0.138801
0.237643
0.173962
0.462539
0.010269
0.465477
0.545408
0.394380
0.351610
0.305488
0.042459
0.099770
0.413995
0.494668
0.338597
0.059941
0.138864
0.045901
0.364164
0.087243
0.023881
0.042871
0.120359
0.310937
0.277483
0.311888
0.384036
0.206093
0.389947
0.272517
0.275690
0.440580
0.402798
0.278222
0.622747
0.178443
0.608446
0.247467
0.067396
0.407704
0.126247
0.064744
0.476463
0.182155
0.358658
0.365038
0.363414
0.026959
0.258919
0.287145
0.213432
0.016910
0.008247
0.176933
0.418370
0.001041
0.010708
0.187418
0.135893
0.195623
0.133357
0.213122
0.127941
0.217108
0.279852
0.346830
0.319563
0.194359
0.094916
0.078365
0.297949
0.545412
0.367802
0.419824
0.174995
0.279388
0.400179
0.481726
0.281599
0.125209
0.278646
0.475344
0.165549
0.596780
0.360682
0.322273
0.180857
0.031077
0.173773
0.522303
0.144625
0.278178
0.508032
0.199215
0.195385
0.031843
0.563190
0.370505
0.291245
0.534067
0.024088
0.396456
0.138518
0.351757
0.410871
0.082694
0.232626
0.588883
0.358433
0.305631
0.371366
0.204070
0.080861
0.147779
0.486627
0.403921
0.224939
0.093708
0.290501
0.290668
0.318633
0.515443
0.307458
0.146113
0.020822
0.108842
0.081236
0.284365
0.088544
0.401188
0.308070
0.206294
0.099406
0.090535
0.018160
0.265014
0.466903
0.276341
0.387357
0.235576
0.457126
0.026381
0.200948
0.217162
0.003450
0.442117
0.558471
0.054916
0.153704
0.009341
0.242831
0.718616
0.020731
0.112150
0.196997
0.334574
0.392054
0.602239
0.411986
0.097250
0.463683
0.060405
0.323708
0.371516
0.086660
0.063767
0.168526
0.091144
0.293037
0.394052
0.082444
0.217824
0.054433
0.186707
0.147263
0.011940
0.238492
0.531054
0.107657
0.288904
0.107084
0.184542
0.370563
0.308340
0.425822
0.301146
0.485644
0.164630
0.793983
0.007544
0.043616
0.515869
0.165463
0.441591
0.013241
0.083860
0.002892
0.296186
0.194197
0.008850
0.310327
0.296401
0.342736
0.474542
0.324625
0.555687
0.344333
0.351070
0.010102
0.100942
0.120176
0.060312
0.102326
0.107806
0.549100
0.222141
0.236794
0.039547
0.260401
0.042213
0.187177
0.494312
0.070726
0.235703
0.136967
0.266744
0.016961
0.473126
0.337960
0.180017
0.254943
0.261206
0.015916
0.086059
0.320832
0.287115
0.069319
0.268831
0.559334
0.040082
0.067220
0.220362
0.098107
0.511480
0.222129
0.135551
0.094102
0.304869
0.353246
0.095808
0.121361
0.410550
0.179735
0.190048
0.245132
0.309635
0.221752
0.255420
0.029218
0.259099
0.205584
0.242051
0.066555
0.229126
0.292878
0.159362
0.392770
0.262105
0.107356
0.368109
0.409675
0.153609
0.349973
0.221528
0.004138
0.316894
0.138823
0.251797
0.021489
0.006741
0.201696
0.271028
0.614288
0.105734
0.325038
0.265483
0.007849
0.524568
0.220072
0.376359
0.052282
0.447985
0.417834
0.260225
0.274121
0.282178
0.754573
0.404691
0.147644
0.298093
0.022083
0.065923
0.026772
0.146514
0.384365
0.020819
0.496865
0.129099
0.133307
0.691510
0.097635
0.724661
0.042127
0.618202
0.362660
0.150581
0.321771
0.592708
0.144534
0.604265
0.054422
0.097242
0.396030
0.096311
0.275018
0.172644
0.320602
0.015696
0.467505
0.296133
0.048883
0.252366
0.215184
0.431984
0.459679
0.044959
0.125979
0.306276
0.227635
0.188260
0.434958
0.363023
0.493470
0.415084
0.391822
0.098864
0.468713
0.472085
0.240184
0.358042
0.553027
0.378266
0.193506
0.209872
0.538930
0.293031
0.151268
0.363470
0.248375
0.005475
0.297841
0.284024
0.150491
0.063857
0.265476
0.028687
0.000757
0.046279
0.127174
0.156058
0.228484
0.242840
0.638066
0.465364
0.003772
0.396437
0.216101
0.414967
0.075060
0.455936
0.044231
0.170432
0.286303
0.075517
0.420347
0.267395
0.350605
0.308909
0.220052
0.062851
0.329197
0.108608
0.168667
0.274313
0.112229
0.314324
0.281908
0.306291
0.135974
0.480861
0.413835
0.557751
0.270139
0.150096
0.478318
0.299669
0.486839
0.112730
0.185939
0.206022
0.656766
0.225016
0.192045
0.323156
0.149875
0.041486
0.449659
0.170610
0.481082
0.202409
0.218177
0.140220
0.091963
0.590314
0.176306
0.424302
0.087277
0.234428
0.857183
0.221057
0.057532
0.095472
0.385802
0.032441
0.265595
0.584492
0.082731
0.126636
0.303617
0.244017
0.228350
0.491409
0.220629
0.572983
0.221465
0.432672
0.451978
0.181352
0.175598
0.688513
0.068149
0.006442
0.223611
0.092313
0.018436
0.668342
0.135522
0.170906
0.521761
0.138954
0.371361
0.497130
0.663707
0.027056
0.356141
0.259430
0.388295
0.061314
0.376645
0.351197
0.334368
0.065444
0.377746
0.069684
0.312832
0.155387
0.276090
0.447815
0.041228
0.194738
0.169716
0.130179
0.291975
0.214742
0.376806
0.008939
0.503744
0.095420
0.549247
0.202464
0.506855
0.120780
0.025623
0.124498
0.360237
0.238243
0.136986
0.281235
0.168152
0.037577
0.199872
0.275975
0.736748
0.146115
0.150330
0.026523
0.075031
0.111338
0.486065
0.349616
0.305903
0.013940
0.460663
0.544778
0.657689
0.219155
0.289701
0.574166
0.164499
0.137442
0.007966
0.370747
0.256658
0.341309
0.017736
0.169948
0.157974
0.200066
0.470649
0.523679
0.320176
0.559796
0.246588
0.166530
0.621957
0.007005
0.631401
0.377016
0.581436
0.322987
0.063930
0.083427
0.041607
0.158726
0.162233
0.461366
0.438433
0.047096
0.255302
0.024117
0.204394
0.059159
0.005941
0.216807
0.299509
0.300830
0.292581
0.364563
0.320288
0.416046
0.483317
0.091599
0.441541
0.057994
0.289378
0.009519
0.296073
0.123981
0.063403
0.304816
0.483254
0.134252
0.500356
0.125465
0.117452
0.234355
0.316973
0.094539
0.184286
0.046113
0.616068
0.139014
0.251497
0.570362
0.160880
0.291065
0.066678
0.272130
0.093507
0.076185
0.057642
0.143577
0.453557
0.430679
0.217074
0.457103
0.023014
0.187568
0.085774
0.195635
0.540182
0.406362
0.483634
0.091198
0.425371
0.287205
0.480609
0.439247
0.270902
0.623467
0.374751
0.195286
0.156203
0.269391
0.199299
0.152749
0.517873
0.141755
0.354145
0.108620
0.555162
0.445634
0.010576
0.121040
0.062294
0.112945
0.298155
0.283748
0.305674
0.226486
0.013317
0.100230
0.277583
0.299129
0.225173
0.030217
0.150175
0.120200
0.201432
0.264852
0.172874
0.103489
0.244739
0.405948
0.275785
0.211180
0.024421
0.116146
0.858525
0.326981
0.326423
0.037374
0.021050
0.491400
0.684616
0.299199
0.002270
0.139971
0.232437
0.460949
0.394762
0.282295
0.708750
0.473300
0.550808
0.377388
0.305019
0.078238
0.044428
0.181290
0.305307
0.165581
0.433074
0.338027
0.476966
0.135096
0.284477
0.252286
0.432263
0.063993
0.124287
0.037962
0.387466
0.145925
0.095440
0.031905
0.103151
0.246472
0.223150
0.076255
0.475283
0.427392
0.474270
0.182197
0.319131
0.052433
0.435052
0.170812
0.047565
0.251579
0.312119
0.444644
0.333859
0.544227
0.432737
0.287598
0.062523
0.299014
0.233868
0.117500
0.239196
0.211709
0.192044
0.238258
0.000195
0.041088
0.398583
0.215955
0.314784
0.532965
0.002983
0.012024
0.328612
0.172301
0.237045
0.229766
0.092380
0.003395
0.432998
0.260549
0.312647
0.335457
0.087324
0.119558
0.306649
0.174028
0.472462
0.422160
0.135220
0.342207
0.135471
0.442539
0.110384
0.195907
0.110252
0.161124
0.183850
0.426393
0.674871
0.055087
0.142056
0.462007
0.400942
0.495138
0.445040
0.013136
0.367191
0.231463
0.325914
0.709417
0.118194
0.097811
0.197324
0.526400
0.136160
0.390513
0.590143
0.124727
0.539760
0.199928
0.023737
0.228152
0.340500
0.542111
0.130727
0.258224
0.188357
0.248960
0.143977
0.097708
0.442530
0.722229
0.079056
0.296425
0.271534
0.035365
0.072484
0.288139
0.183049
0.372045
0.155605
0.329040
0.274709
0.305597
0.296744
0.557966
0.443146
0.052445
0.596416
0.589545
0.385173
0.017001
0.421125
0.152112
0.049976
0.448362
0.086451
0.434333
0.423904
0.208734
0.070459
0.455260
0.182993
0.118559
0.028104
0.425930
0.269666
0.218988
0.413675
0.219085
0.062799
0.250197
0.448381
0.030931
0.323146
0.340213
0.478393
0.273399
0.127985
0.185160
0.287352
0.059925
0.289204
0.042020
0.047160
0.351294
0.258203
0.049905
0.316462
0.411301
0.315227
0.112598
0.075989
0.221241
0.414911
0.366111
0.294016
0.535122
0.195203
0.361081
0.231862
0.273949
0.305290
0.325209
0.416267
0.012854
0.126580
0.304350
0.534717
0.197879
0.349579
0.160485
0.040178
0.113335
0.427174
0.258391
0.081469
0.047255
0.046803
0.373068
0.394009
0.186549
0.006706
0.149018
0.468513
0.169643
0.479717
0.355479
0.010392
0.308773
0.328542
0.125074
0.229022
0.149177
0.078213
0.098143
0.333317
0.058182
0.308080
0.149809
0.138616
0.388090
0.370611
0.323322
0.211962
0.699985
0.593304
0.054842
0.014316
0.180230
0.035256
0.943221
0.175652
0.459857
0.251771
0.024601
0.305861
0.352918
0.016481
0.240316
0.222104
0.348876
0.225982
0.169682
0.134103
0.086678
0.133501
0.239532
0.297217
0.485076
0.457693
0.066712
0.382887
0.032256
0.034356
0.093196
0.515294
0.332859
0.527634
0.108170
0.304062
0.493169
0.108034
0.042032
0.024686
0.249679
0.801002
0.400404
0.307030
0.610083
0.083466
0.219574
0.261662
0.270752
0.163336
0.548322
0.114733
0.321485
0.314754
0.479178
0.056478
0.046144
0.769439
0.356213
0.020145
0.357374
0.173377
0.509701
0.148071
0.517668
0.446228
0.322598
0.478904
0.204626
0.071946
0.224350
0.316179
0.139562
0.220174
0.376902
0.321246
0.158247
0.019269
0.449900
0.086558
0.088538
0.172608
0.210589
0.097443
0.307463
0.516538
0.093006
0.037260
0.182076
0.631195
0.155371
0.045136
0.154041
0.467134
0.014089
0.162649
0.471077
0.281205
0.255689
0.022572
0.326000
0.071853
0.100602
0.066619
0.719418
0.086378
0.394952
0.463341
0.319126
0.126442
0.317868
0.116506
0.115871
0.253087
0.370086
0.748752
0.067956
0.100706
0.422435
0.158770
0.503943
0.243307
0.450283
0.065600
0.460780
0.047679
0.410359
0.242851
0.454933
0.615943
0.579765
0.178043
0.066186
0.146776
0.413261
0.219360
0.133354
0.129671
0.164567
0.250271
0.123257
0.646185
0.295806
0.526429
0.328008
0.151043
0.023648
0.373212
0.540417
0.406058
0.130982
0.013270
0.100269
0.481295
0.299276
0.101225
0.292953
0.339146
0.629434
0.482187
0.629137
0.509652
0.009480
0.008939
0.081942
0.183942
0.554425
0.436268
0.353581
0.251954
0.488275
0.112699
0.073121
0.339258
0.389555
0.483226
0.338263
0.365211
0.637160
0.173929
0.353882
0.732718
0.331572
0.016275
0.456537
0.140924
0.336326
0.225842
0.315649
0.204382
0.533287
0.480716
0.240288
0.368648
0.400629
0.094638
0.294813
0.403430
0.410644
0.285419
0.071612
0.025220
0.030052
0.441345
0.116519
0.055090
0.157421
0.042765
0.358971
0.344947
0.411485
0.334249
0.261800
0.313090
0.285915
0.280260
0.477880
0.366682
0.237367
0.622090
0.201824
0.524052
0.304071
0.185883
0.466856
0.172824
0.079921
0.623732
0.083170
0.373736
0.483335
0.111604
0.136965
0.229187
0.336422
0.173135
0.189749
0.012209
0.055837
0.442492
0.006586
0.000390
0.163902
0.166179
0.191646
0.157210
0.182047
0.309483
0.188516
0.292632
0.558897
0.448419
0.324910
0.036929
0.243683
0.227291
0.746726
0.395391
0.542444
0.026585
0.243115
0.290958
0.528381
0.410162
0.098311
0.351952
0.406986
0.021262
0.594352
0.256007
0.374367
0.285582
0.010249
0.281365
0.527500
0.154808
0.388074
0.648609
0.473773
0.227398
0.061497
0.618060
0.475187
0.349114
0.503378
0.049103
0.393086
0.224175
0.447437
0.386533
0.259531
0.167462
0.622008
0.180600
0.336904
0.223588
0.250507
0.135348
0.039057
0.575847
0.452734
0.257066
0.080102
0.356951
0.365496
0.299063
0.235290
0.234501
0.108718
0.076166
0.023071
0.071279
0.359988
0.001022
0.324859
0.181227
0.278699
0.014423
0.089969
0.037765
0.187342
0.592556
0.240274
0.272358
0.301004
0.409560
0.133476
0.247434
0.106017
0.030819
0.426996
0.674485
0.064421
0.194269
0.062872
0.272302
0.651836
0.180370
0.206592
0.076206
0.401753
0.325422
0.539206
0.417741
0.177117
0.455306
0.014354
0.279277
0.363264
0.130662
0.020182
0.156071
0.170800
0.257178
0.489439
0.020450
0.231430
0.144636
0.209400
0.190218
0.017547
0.251010
0.504996
0.249181
0.402241
0.071355
0.277205
0.426562
0.261898
0.429886
0.279346
0.363917
0.194244
0.788333
0.212145
0.138423
0.572592
0.106363
0.317425
0.136969
0.116552
0.047724
0.436889
0.079180
0.198639
0.268490
0.320421
0.334244
0.644213
0.474959
0.503473
0.404966
0.359501
0.040739
0.014207
0.000984
0.082576
0.064388
0.096211
0.609186
0.136690
0.261576
0.119299
0.346386
0.057190
0.165487
0.499313
0.040389
0.262030
0.311128
0.275237
0.094131
0.432414
0.422633
0.160801
0.244081
0.268052
0.035988
0.008807
0.271255
0.166598
0.073790
0.195100
0.574785
0.029463
0.110162
0.005590
0.045909
0.473400
0.210588
0.006597
0.223093
0.242772
0.293887
0.266101
0.065079
0.453765
0.202895
0.309625
0.170966
0.242914
0.232918
0.255857
0.005851
0.489624
0.108822
0.372754
0.000634
0.274347
0.265025
0.168782
0.284456
0.356204
0.043587
0.253755
0.498378
0.166620
0.233315
0.120175
0.086657
0.344877
0.039240
0.339903
0.118096
0.030077
0.251487
0.306289
0.569984
0.095937
0.438557
0.209710
0.034927
0.329535
0.147117
0.404012
0.014362
0.504728
0.346298
0.170915
0.267277
0.304903
0.748175
0.289340
0.080139
0.334009
0.013964
0.112335
0.074445
0.076823
0.378147
0.075936
0.542926
0.101923
0.056254
0.657293
0.021646
0.719948
0.013593
0.823716
0.363225
0.128636
0.383996
0.577901
0.214107
0.661665
0.066454
0.003581
0.403670
0.020337
0.210728
0.294179
0.393879
0.012638
0.383534
0.463340
0.030722
0.231576
0.171902
0.476901
0.488416
0.158728
0.211848
0.305658
0.280365
0.241095
0.412559
0.338639
0.448011
0.538660
0.250767
0.048478
0.469406
0.435497
0.192190
0.396764
0.601765
0.445860
0.234113
0.309415
0.344531
0.145289
0.114893
0.347897
0.191392
0.030798
0.164458
0.402859
0.165857
0.043039
0.362389
0.107295
0.085409
0.007128
0.047740
0.188754
0.162599
0.210544
0.532151
0.248511
0.070110
0.295531
0.191237
0.535271
0.097376
0.465966
0.004245
0.123523
0.294447
0.023475
0.473803
0.286489
0.289356
0.283052
0.181956
0.127909
0.327218
0.150917
0.140329
0.210867
0.059705
0.411120
0.162548
0.301163
0.147138
0.421106
0.376716
0.552330
0.370816
0.108258
0.408311
0.289122
0.451576
0.158966
0.114959
0.226357
0.624918
0.094252
0.278337
0.283967
0.232724
0.099107
0.491518
0.062717
0.258181
0.281838
0.089203
0.202163
0.121550
0.437983
0.179059
0.340237
0.111721
0.428060
0.738395
0.261892
0.328290
0.052676
0.323729
0.079132
0.280607
0.437825
0.026065
0.044669
0.270843
0.286738
0.143975
0.498777
0.231610
0.477513
0.108574
0.336146
0.547241
0.191466
0.210325
0.664787
0.032360
0.048865
0.218068
0.087412
0.085096
0.715104
0.126383
0.269555
0.646495
0.104967
0.303445
0.506911
0.554343
0.011429
0.211696
0.270638
0.279945
0.014883
0.396506
0.259420
0.280591
0.105819
0.362977
0.147157
0.566482
0.078978
0.318315
0.479737
0.129594
0.177514
0.107649
0.212113
0.315703
0.191961
0.367524
0.094911
0.456599
0.110104
0.535082
0.193405
0.378559
0.035828
0.053655
0.156232
0.379638
0.381647
0.189577
0.309118
0.163899
0.170789
0.212588
0.335173
0.706106
0.271953
0.189488
0.051205
0.062576
0.234065
0.506475
0.312501
0.203899
0.120547
0.415512
0.488244
0.507429
0.147293
0.336809
0.575431
0.141039
0.147623
0.010898
0.403951
0.262219
0.221022
0.010245
0.146310
0.329130
0.120115
0.298641
0.486456
0.272783
0.517132
0.263657
0.177535
0.599911
0.163756
0.415224
0.425708
0.628713
0.318946
0.182606
0.193521
0.158448
0.109342
0.224308
0.519470
0.381844
0.056291
0.230946
0.036123
0.169504
0.138131
0.059024
0.346972
0.156218
0.192754
0.173683
0.404194
0.368348
0.305869
0.532560
0.006191
0.463254
0.107671
0.280625
0.141512
0.286182
0.115684
0.044295
0.335950
0.593139
0.150650
0.459326
0.006011
0.073046
0.314915
0.310161
0.058249
0.111050
0.070125
0.650411
0.016566
0.259620
0.498683
0.210827
0.254060
0.001517
0.312469
0.037845
0.161168
0.150147
0.161340
0.439424
0.438034
0.245524
0.365264
0.008947
0.006125
0.019300
0.077316
0.538343
0.416923
0.302453
0.207678
0.602289
0.319180
0.498974
0.409774
0.204138
0.512316
0.218394
0.099885
0.120568
0.388758
0.182288
0.150208
0.424809
0.154159
0.379300
0.176972
0.554310
0.241582
0.049509
0.113321
0.145831
0.222928
0.334017
0.331922
0.304831
0.248110
0.074417
0.153342
0.235557
0.355940
0.289063
0.051819
0.076326
0.106392
0.294605
0.339439
0.171196
0.157607
0.161748
0.479371
0.153354
0.232779
0.086716
0.191788
0.756698
0.430367
0.259757
0.072466
0.082439
0.444861
0.529394
0.253409
0.058860
0.229761
0.166355
0.489307
0.366960
0.221385
0.748850
0.358304
0.372586
0.254503
0.280763
0.002071
0.005143
0.211917
0.438741
0.175299
0.384050
0.300006
0.226880
0.220730
0.285751
0.169737
0.343861
0.020044
0.193172
0.173338
0.406078
0.000982
0.184182
0.012168
0.128335
0.272259
0.314944
0.117346
0.476451
0.540231
0.551711
0.294403
0.260456
0.060673
0.317656
0.413928
0.030263
0.281213
0.169274
0.499453
0.438826
0.491558
0.265363
0.197098
0.046550
0.139732
0.283219
0.112093
0.144531
0.390225
0.270045
0.143374
0.000619
0.118455
0.579041
0.222188
0.378365
0.536764
0.051123
0.058914
0.279702
0.281177
0.203293
0.156369
0.148746
0.071641
0.485410
0.250867
0.239702
0.270978
0.093203
0.233680
0.263908
0.150931
0.452124
0.445905
0.203929
0.341192
0.230914
0.387090
0.104472
0.253752
0.005404
0.242296
0.171209
0.465766
0.717945
0.069972
0.246299
0.404959
0.573640
0.500634
0.467341
0.035057
0.371376
0.210004
0.382898
0.591060
0.005601
0.097108
0.233276
0.495186
0.011389
0.516302
0.528790
0.150057
0.480886
0.158831
0.021391
0.181967
0.335082
0.628611
0.031339
0.203702
0.387697
0.234069
0.199676
0.075713
0.398740
0.600341
0.286749
0.278411
0.444006
0.103282
0.197593
0.354661
0.186124
0.376364
0.136498
0.426594
0.266332
0.201053
0.232599
0.488082
0.474858
0.069700
0.538262
0.430126
0.446213
0.108409
0.478437
0.273704
0.060058
0.533675
0.152220
0.450913
0.563522
0.324919
0.006022
0.423571
0.176751
0.134941
0.020267
0.333400
0.100197
0.210267
0.331516
0.221185
0.201971
0.214930
0.482143
0.103306
0.257881
0.191349
0.416387
0.270875
0.035719
0.075865
0.242854
0.025042
0.398884
0.012734
0.101967
0.166815
0.152290
0.004304
0.442908
0.601740
0.242323
0.171595
0.200022
0.338929
0.381965
0.264419
0.442467
0.417733
0.174403
0.400924
0.223699
0.219132
0.387476
0.293999
0.599311
0.031593
0.211899
0.319893
0.737662
0.179023
0.481656
0.094443
0.011430
0.117384
0.501094
0.281783
0.034572
0.101391
0.097658
0.446712
0.311951
0.167761
0.077238
0.134908
0.462589
0.122534
0.403008
0.304099
0.031936
0.246085
0.407286
0.127183
0.087616
0.190966
0.084181
0.008213
0.297813
0.038506
0.424328
0.083072
0.015591
0.418542
0.382048
0.282983
0.263512
0.762986
0.446209
0.019564
0.076009
0.107026
0.117467
0.800960
0.163094
0.365618
0.249746
0.105175
0.306517
0.305410
0.170290
0.273619
0.277387
0.307592
0.295811
0.220569
0.149376
0.138171
0.309394
0.285065
0.253049
0.483740
0.398062
0.045090
0.290953
0.032489
0.089222
0.227993
0.410344
0.282789
0.610561
0.074772
0.235485
0.600275
0.163654
0.014109
0.148605
0.096018
0.610896
0.336556
0.171182
0.633450
0.102275
0.245775
0.269818
0.197088
0.253664
0.546202
0.011959
0.344958
0.321525
0.442039
0.054344
0.164993
0.787405
0.326847
0.085181
0.298441
0.243315
0.529892
0.179011
0.599523
0.323869
0.250166
0.518602
0.108140
0.147977
0.264902
0.278214
0.005614
0.188770
0.393880
0.128796
0.177503
0.115139
0.683266
0.033459
0.048573
0.152046
0.204454
0.162145
0.401755
0.483452
0.082381
0.153567
0.278166
0.595485
0.124872
0.088289
0.130550
0.391303
0.001343
0.101179
0.484561
0.305003
0.216070
0.039970
0.384372
0.152809
0.197052
0.017912
0.687594
0.016542
0.346786
0.374130
0.311258
0.162300
0.252880
0.123825
0.060975
0.493874
0.427790
0.708071
0.152497
0.086430
0.543808
0.116294
0.549084
0.241666
0.548073
0.086253
0.519855
0.060712
0.359188
0.214799
0.527570
0.649096
0.587447
0.083578
0.061010
0.096873
0.283093
0.246787
0.173745
0.230760
0.210814
0.274426
0.069789
0.581186
0.224542
0.535703
0.466263
0.203145
0.033528
0.383070
0.492031
0.333128
0.181583
0.040237
0.121759
0.564516
0.289986
0.222457
0.350429
0.313582
0.616852
0.475896
0.613391
0.220641
0.073784
0.068528
0.017997
0.133147
0.641522
0.496078
0.197526
0.116387
0.437284
0.209102
0.056114
0.264843
0.502941
0.496514
0.329102
0.465553
0.630490
0.172578
0.317993
0.730492
0.110497
0.114880
0.436378
0.128458
0.425571
0.263047
0.195340
0.384780
0.490852
0.369464
0.084706
0.301750
0.422928
0.214408
0.425386
0.339145
0.371317
0.253607
0.077208
0.202933
0.076272
0.430788
0.164555
0.014110
0.226120
0.009064
0.450892
0.375983
0.437259
0.280298
0.230602
0.243471
0.287260
0.292333
0.497351
0.247294
0.241355
0.563283
0.231182
0.389638
0.307074
0.298872
0.460806
0.175338
0.030375
0.714968
0.015940
0.377486
0.533637
0.160742
0.129596
0.228211
0.370575
0.096355
0.346158
0.003499
0.057713
0.455422
0.059196
0.036637
0.061411
0.130254
0.125546
0.155694
0.129792
0.472476
0.167369
0.244205
0.741661
0.485258
0.447441
0.000319
0.388765
0.147872
0.810458
0.390983
0.557788
0.248318
0.207156
0.140505
0.503964
0.581871
0.014487
0.398565
0.367790
0.108645
0.503885
0.155069
0.395971
0.320424
0.086488
0.353146
0.517253
0.204220
0.346234
0.641587
0.720477
0.250960
0.076214
0.595895
0.485672
0.367696
0.414894
0.033641
0.320124
0.176405
0.463498
0.306787
0.437967
0.115515
0.474008
0.032211
0.319533
0.192918
0.270959
0.225710
0.058404
0.560385
0.455746
0.287422
0.059609
0.359324
0.417069
0.303207
0.083800
0.187968
0.131554
0.147361
0.075835
0.074396
0.430238
0.102112
0.242341
0.104913
0.304195
0.037491
0.191143
0.071228
0.122310
0.591735
0.189966
0.133658
0.290221
0.329730
0.216859
0.306695
0.013969
0.045921
0.389742
0.623605
0.074603
0.236431
0.118209
0.293891
0.492598
0.255609
0.302560
0.009250
0.426931
0.214070
0.435207
0.304381
0.183557
0.454135
0.096802
0.186748
0.338061
0.171600
0.089920
0.108645
0.220176
0.199514
0.608494
0.010968
0.223462
0.240628
0.158700
0.333266
0.024814
0.234743
0.465995
0.354958
0.524932
0.036918
0.350800
0.460439
0.211377
0.382646
0.257015
0.165578
0.241322
0.705068
0.342713
0.221583
0.612476
0.043470
0.239917
0.238008
0.077130
0.066080
0.564456
0.001276
0.392623
0.225970
0.318492
0.351930
0.620236
0.488469
0.473239
0.344257
0.344037
0.022094
0.007116
0.120356
0.067588
0.178983
0.093600
0.519325
0.005045
0.189242
0.153602
0.476534
0.130011
0.051427
0.370159
0.026244
0.232395
0.506730
0.258930
0.167327
0.359245
0.462027
0.088772
0.224973
0.232826
0.052618
0.097761
0.252789
0.059700
0.072387
0.107102
0.546281
0.068278
0.233134
0.165105
0.028818
0.373831
0.179697
0.166804
0.370687
0.243853
0.194602
0.361862
0.000029
0.395371
0.209443
0.380194
0.120823
0.207950
0.240094
0.256820
0.032015
0.662144
0.018193
0.418471
0.117257
0.301091
0.223081
0.181176
0.212361
0.412348
0.246546
0.155953
0.505408
0.126012
0.029228
0.004125
0.183495
0.358789
0.178190
0.337902
0.148659
0.129970
0.272034
0.320082
0.466347
0.093918
0.529664
0.162942
0.121944
0.121033
0.066457
0.450857
0.015856
0.444407
0.250702
0.074058
0.166209
0.384472
0.651206
0.163850
0.058178
0.355899
0.028377
0.165859
0.118044
0.071616
0.439424
0.077521
0.535326
0.041467
0.046822
0.519622
0.145808
0.559304
0.024798
0.808418
0.281573
0.002364
0.471186
0.464175
0.305433
0.624907
0.113046
0.074665
0.368247
0.027900
0.177266
0.329007
0.411341
0.029580
0.301634
0.576198
0.011646
0.230454
0.117041
0.383142
0.438347
0.262022
0.239438
0.188522
0.292567
0.206636
0.326861
0.322786
0.378040
0.528202
0.105429
0.002080
0.455618
0.350144
0.103074
0.403356
0.541669
0.417021
0.338481
0.356706
0.116838
0.048911
0.131562
0.336432
0.142882
0.062619
0.038552
0.441166
0.204458
0.079277
0.449603
0.076226
0.074224
0.034126
0.018848
0.215033
0.045032
0.152142
0.462771
0.037826
0.147349
0.125457
0.143711
0.472905
0.084661
0.431156
0.005334
0.002133
0.325835
0.137059
0.459388
0.318609
0.153421
0.231310
0.166180
0.144106
0.268731
0.198469
0.083334
0.244858
0.017545
0.524542
0.015089
0.218148
0.184130
0.279144
0.263309
0.470190
0.375885
0.078044
0.308916
0.262764
0.423894
0.142687
0.029012
0.209612
0.551362
0.006501
0.319344
0.140633
0.291417
0.193054
0.465984
0.021239
0.075537
0.378522
0.051680
0.267584
0.070228
0.296306
0.175553
0.186719
0.117915
0.500508
0.487208
0.208583
0.486135
0.014682
0.227641
0.077867
0.225917
0.296161
0.089374
0.036784
0.269022
0.341465
0.004787
0.554397
0.196999
0.340314
0.019823
0.231992
0.519832
0.175480
0.210531
0.569374
0.130998
0.055943
0.235068
0.067608
0.160731
0.555701
0.095276
0.285085
0.695505
0.062620
0.282580
0.451911
0.369985
0.067162
0.112589
0.310072
0.123456
0.099231
0.393883
0.097191
0.199881
0.161360
0.297582
0.213626
0.693055
0.041330
0.220350
0.549725
0.259376
0.157647
0.038492
0.226060
0.319630
0.210838
0.292737
0.185776
0.345540
0.070743
0.457459
0.171665
0.171158
0.094661
0.114461
0.252403
0.406886
0.480996
0.217094
0.350884
0.042768
0.266818
0.196851
0.383182
0.551165
0.313472
0.289858
0.127040
0.047911
0.396596
0.444367
0.230736
0.074066
0.284602
0.351176
0.375796
0.320480
0.073535
0.357343
0.457532
0.149630
0.088103
0.079711
0.371219
0.315519
0.141954
0.029651
0.136393
0.476374
0.099879
0.094893
0.480629
0.235848
0.401466
0.219982
0.148810
0.447292
0.276868
0.229895
0.362957
0.566563
0.270040
0.209060
0.274187
0.265007
0.129860
0.267071
0.539423
0.343670
0.047226
0.227519
0.012885
0.189277
0.196978
0.166469
0.482310
0.019688
0.150141
0.053117
0.443368
0.406238
0.194336
0.470585
0.003935
0.416171
0.093740
0.269760
0.209957
0.167227
0.153003
0.159823
0.312292
0.619282
0.192286
0.360179
0.128266
0.008828
0.382315
0.212681
0.012861
0.042573
0.036057
0.554097
0.084950
0.257522
0.393673
0.177918
0.206421
0.018026
0.321964
0.054993
0.224079
0.273931
0.165027
0.318133
0.446043
0.291168
0.256915
0.032275
0.117165
0.074674
0.056454
0.538221
0.329083
0.188765
0.240667
0.701927
0.312426
0.407367
0.284430
0.093374
0.374300
0.001199
0.042425
0.009167
0.487611
0.101338
0.107586
0.285268
0.143061
0.341560
0.295238
0.464969
0.031281
0.087271
0.102645
0.244443
0.288177
0.321514
0.465691
0.231480
0.259513
0.159433
0.200516
0.126550
0.394421
0.232520
0.003491
0.058060
0.069185
0.380581
0.324792
0.178583
0.146329
0.119092
0.447338
0.062495
0.215575
0.154828
0.243849
0.529571
0.475057
0.142873
0.202090
0.140072
0.376356
0.365812
0.267953
0.125286
0.342279
0.039618
0.446585
0.402237
0.199394
0.656825
0.230950
0.175607
0.117834
0.184727
0.106990
0.056653
0.170323
0.549039
0.226981
0.304712
0.276532
0.004346
0.240713
0.311500
0.105594
0.208901
0.057227
0.266148
0.245884
0.432224
0.145410
0.242696
0.009386
0.146195
0.273099
0.373825
0.209735
0.452883
0.598427
0.558665
0.342318
0.066090
0.176726
0.160388
0.659558
0.155441
0.292169
0.029212
0.446657
0.503914
0.400270
0.141834
0.000345
0.135361
0.025507
0.266859
0.108199
0.084723
0.586119
0.348003
0.099778
0.053422
0.218488
0.662148
0.180888
0.410425
0.520475
0.056968
0.103534
0.184543
0.328081
0.224430
0.071059
0.189678
0.136669
0.453285
0.248375
0.221551
0.205242
0.088721
0.386813
0.186039
0.153632
0.413749
0.457527
0.239126
0.276980
0.295564
0.305459
0.087461
0.280369
0.107795
0.336790
0.170444
0.446014
0.593842
0.111243
0.274561
0.228830
0.649560
0.429545
0.450938
0.067965
0.396754
0.163937
0.404090
0.437186
0.053322
0.102492
0.241501
0.422249
0.048793
0.598636
0.393956
0.083914
0.312003
0.139335
0.038738
0.110781
0.361271
0.696592
0.214072
0.159618
0.577827
0.245180
0.197652
0.034859
0.336319
0.407387
0.416724
0.298675
0.642056
0.177398
0.240471
0.332770
0.253691
0.374620
0.063694
0.473671
0.235073
0.116394
0.191329
0.402969
0.435253
0.217077
0.383581
0.181502
0.427496
0.186619
0.456981
0.323165
0.052832
0.528614
0.186866
0.445469
0.612284
0.416987
0.072592
0.362578
0.195132
0.163413
0.005392
0.236457
0.045267
0.197028
0.270029
0.224014
0.186251
0.240982
0.434391
0.180726
0.145669
0.010513
0.347968
0.305124
0.050174
0.048706
0.074327
0.102072
0.472533
0.032919
0.220482
0.036956
0.092124
0.062333
0.479860
0.788631
0.171840
0.159512
0.318183
0.490729
0.336420
0.068020
0.559469
0.247434
0.129248
0.428116
0.167175
0.105541
0.532672
0.187700
0.601039
0.068849
0.310854
0.332283
0.746179
0.214738
0.515258
0.073625
0.000445
0.162050
0.524656
0.251826
0.149740
0.179308
0.115027
0.371769
0.106641
0.099941
0.244120
0.209050
0.396976
0.084363
0.386256
0.276446
0.164787
0.110788
0.462272
0.159124
0.017184
0.156512
0.072513
0.172683
0.274333
0.077636
0.508120
0.029548
0.152633
0.472317
0.312361
0.238349
0.264092
0.684841
0.273193
0.086544
0.114104
0.021461
0.221204
0.510375
0.122971
0.252753
0.216576
0.074753
0.254075
0.310286
0.299361
0.244428
0.300570
0.214721
0.350802
0.264475
0.183201
0.174131
0.502784
0.273877
0.209501
0.425691
0.220648
0.186330
0.149228
0.149104
0.171628
0.375509
0.303040
0.210897
0.571624
0.026790
0.218541
0.626383
0.311612
0.026567
0.192456
0.013091
0.309648
0.201978
0.012941
0.565449
0.246994
0.157025
0.319994
0.093370
0.343492
0.545051
0.053248
0.333958
0.279835
0.344004
0.035393
0.277300
0.643347
0.205020
0.097722
0.168040
0.200487
0.515745
0.187199
0.640889
0.217586
0.150442
0.509557
0.035757
0.245778
0.254379
0.169377
0.183867
0.148172
0.355314
0.108254
0.269665
0.091966
0.817116
0.058903
0.019514
0.191687
0.188426
0.156367
0.419737
0.368133
0.033312
0.312390
0.316854
0.423862
0.104128
0.173307
0.160876
0.280126
0.037264
0.112280
0.342984
0.360154
0.199018
0.113700
0.447831
0.218052
0.255858
0.031679
0.536210
0.048746
0.278966
0.311475
0.308885
0.136135
0.191234
0.042592
0.021997
0.630990
0.478540
0.505284
0.180073
0.260158
0.609299
0.125703
0.398419
0.246678
0.556873
0.077252
0.492012
0.116796
0.211522
0.161681
0.537290
0.579394
0.471736
0.008355
0.097241
0.017784
0.143838
0.289059
0.210400
0.240808
0.237824
0.293406
0.110114
0.497138
0.204924
0.564480
0.512962
0.266614
0.025136
0.431824
0.424490
0.246924
0.113712
0.114680
0.072609
0.686636
0.241501
0.308796
0.309988
0.223500
0.600325
0.452423
0.580855
0.083472
0.140916
0.169898
0.046106
0.024099
0.677374
0.512916
0.085021
0.003627
0.361262
0.289162
0.141063
0.145428
0.512690
0.407618
0.257882
0.492604
0.437906
0.131289
0.272276
0.627642
0.077166
0.246658
0.384715
0.061424
0.499440
0.250096
0.071570
0.493202
0.461689
0.265966
0.103932
0.203888
0.483547
0.307910
0.453717
0.238250
0.362820
0.209118
0.000673
0.332749
0.064026
0.439437
0.181508
0.084820
0.291018
0.032378
0.479070
0.416469
0.399693
0.180669
0.224956
0.205630
0.257518
0.299388
0.407530
0.098728
0.245562
0.443579
0.194071
0.262892
0.281986
0.356862
0.463580
0.151534
0.016519
0.697484
0.058683
0.300209
0.500211
0.457546
0.082809
0.205801
0.430258
0.062158
0.511210
0.114408
0.206242
0.370756
0.134828
0.030548
0.005530
0.072677
0.011546
0.144651
0.099277
0.589827
0.120918
0.188504
0.794102
0.472859
0.486053
0.022072
0.485105
0.069602
0.695910
0.319780
0.460917
0.403340
0.207869
0.029931
0.308828
0.771223
0.015859
0.453037
0.298899
0.166868
0.389752
0.041178
0.359836
0.284308
0.047524
0.296129
0.448543
0.282321
0.281040
0.515032
0.827941
0.317888
0.090373
0.619225
0.508944
0.374090
0.366713
0.018306
0.200532
0.121537
0.437925
0.284927
0.539992
0.056607
0.232848
0.074739
0.321815
0.182900
0.123525
0.408418
0.122081
0.492553
0.445981
0.205149
0.039880
0.329256
0.372725
0.198229
0.479836
0.201656
0.107972
0.189504
0.171192
0.081184
0.494038
0.156303
0.172282
0.015694
0.224125
0.118165
0.220205
0.098360
0.053298
0.573282
0.169741
0.017232
0.272183
0.132959
0.331112
0.357496
0.060503
0.097776
0.334099
0.491401
0.018612
0.287384
0.173728
0.341295
0.298367
0.268998
0.342266
0.099780
0.432296
0.109432
0.369175
0.121320
0.160979
0.399717
0.164158
0.082897
0.300370
0.177648
0.156263
0.101775
0.274363
0.069412
0.728862
0.026030
0.220574
0.330601
0.063339
0.542148
0.007532
0.176377
0.405876
0.418477
0.590463
0.025168
0.388938
0.447426
0.173259
0.348319
0.189786
0.034678
0.244471
0.491952
0.352952
0.276029
0.626364
0.000672
0.151699
0.297053
0.030564
0.071908
0.572413
0.060071
0.487370
0.166074
0.299838
0.327810
0.525865
0.449082
0.409427
0.270132
0.299445
0.042117
0.043106
0.282359
0.063175
0.349557
0.012240
0.392002
0.031557
0.124405
0.142767
0.553817
0.161223
0.066406
0.179296
0.076510
0.234147
0.650730
0.288981
0.216858
0.228701
0.521105
0.074390
0.199499
0.220413
0.189622
0.169822
0.248987
0.100538
0.053697
0.096495
0.445656
0.049796
0.417633
0.287764
0.111373
0.314068
0.121084
0.326262
0.460125
0.272571
0.081052
0.366290
0.024445
0.369237
0.155948
0.390509
0.098143
0.175934
0.240468
0.254331
0.048834
0.791399
0.061081
0.447216
0.239904
0.259612
0.258439
0.207915
0.118360
0.384266
0.447266
0.025884
0.467487
0.072887
0.058136
0.101228
0.216196
0.322235
0.230260
0.331127
0.135798
0.225973
0.187899
0.348669
0.282268
0.072660
0.511031
0.061965
0.196917
0.018067
0.007067
0.411685
0.000697
0.308238
0.258372
0.106454
0.140476
0.406102
0.494940
0.005728
0.021502
0.246476
0.030963
0.243427
0.101874
0.103155
0.472283
0.022597
0.507140
0.050631
0.150702
0.407277
0.203722
0.379228
0.065451
0.614386
0.171420
0.111917
0.525566
0.338068
0.378172
0.517218
0.153164
0.154599
0.330583
0.040282
0.135036
0.268709
0.408679
0.058717
0.151992
0.635341
0.042585
0.213064
0.041007
0.336181
0.301556
0.411617
0.204401
0.042373
0.305099
0.204030
0.203457
0.216591
0.222897
0.461057
0.037286
0.108463
0.453572
0.221926
0.041046
0.293493
0.381873
0.303182
0.389525
0.395264
0.059952
0.037092
0.110270
0.427953
0.072974
0.091780
0.045797
0.521795
0.233956
0.029780
0.493684
0.054097
0.110281
0.022086
0.031181
0.213897
0.017894
0.086973
0.437708
0.140252
0.197329
0.017413
0.135400
0.362768
0.117844
0.347506
0.000375
0.106165
0.286244
0.222203
0.423296
0.264161
0.001568
0.209193
0.166172
0.135311
0.224486
0.237699
0.049490
0.192358
0.052332
0.497620
0.173157
0.098400
0.199200
0.141570
0.099957
0.399824
0.272942
0.099710
0.194418
0.245352
0.362969
0.099394
0.046376
0.249374
0.457853
0.091394
0.241895
0.000175
0.382660
0.306604
0.396790
0.116399
0.106364
0.380670
0.152720
0.298701
0.039406
0.193459
0.227427
0.009582
0.186870
0.516780
0.177080
0.133187
0.579492
0.043578
0.131131
0.129957
0.065864
0.144752
0.241291
0.070668
0.250286
0.337358
0.151105
0.509658
0.177741
0.187813
0.040589
0.148630
0.434225
0.131906
0.222695
0.459016
0.201169
0.064818
0.259248
0.009080
0.250100
0.318215
0.035538
0.351153
0.686354
0.029214
0.229759
0.351219
0.163333
0.139240
0.013610
0.324941
0.038382
0.164033
0.367971
0.081123
0.121838
0.207772
0.211901
0.190228
0.652049
0.010884
0.106052
0.555282
0.303328
0.200681
0.147896
0.230272
0.337422
0.248310
0.172037
0.210156
0.240946
0.066198
0.379989
0.209064
0.016137
0.171613
0.207298
0.401128
0.515736
0.583662
0.191522
0.371073
0.036932
0.407116
0.129578
0.400918
0.381254
0.326711
0.369636
0.185004
0.008902
0.535724
0.368852
0.127533
0.030911
0.397310
0.281660
0.232726
0.088441
0.087905
0.360978
0.279684
0.178411
0.057310
0.204589
0.374772
0.375073
0.072221
0.087698
0.087992
0.586120
0.099998
0.044281
0.411181
0.185032
0.258963
0.115377
0.156966
0.325895
0.294096
0.026699
0.334876
0.349645
0.191628
0.161808
0.340819
0.355028
0.136473
0.221357
0.469229
0.229862
0.012393
0.189795
0.011153
0.205298
0.239393
0.188124
0.550565
0.046710
0.149591
0.096961
0.471765
0.476760
0.011981
0.413991
0.044201
0.317516
0.098099
0.283670
0.243297
0.084244
0.176953
0.310112
0.356747
0.529040
0.211022
0.201148
0.245535
0.080991
0.372873
0.119285
0.095405
0.228816
0.041735
0.371119
0.140522
0.311293
0.262680
0.123999
0.202241
0.029470
0.317318
0.119116
0.318944
0.388771
0.126251
0.137065
0.420870
0.355995
0.193903
0.051314
0.246094
0.154512
0.168785
0.490195
0.168288
0.096193
0.159434
0.631022
0.268656
0.327206
0.197527
0.032821
0.209433
0.094648
0.203968
0.171997
0.548072
0.019121
0.041332
0.134990
0.120508
0.289454
0.383305
0.351894
0.199292
0.173900
0.067367
0.247398
0.347773
0.242300
0.481041
0.102744
0.285608
0.284882
0.292230
0.032156
0.406744
0.090064
0.065576
0.062433
0.046237
0.398775
0.271359
0.206657
0.153820
0.075926
0.435138
0.067025
0.165976
0.255286
0.200733
0.297257
0.442626
0.097957
0.315525
0.215119
0.231850
0.212254
0.273122
0.159819
0.436974
0.084358
0.358630
0.345161
0.194237
0.388127
0.129016
0.003972
0.070310
0.077130
0.249582
0.148131
0.138043
0.606050
0.337370
0.198768
0.257903
0.139327
0.128331
0.358760
0.050232
0.012529
0.124906
0.296803
0.281835
0.421445
0.211804
0.257208
0.018645
0.104597
0.178241
0.468419
0.355864
0.331726
0.522103
0.504051
0.439765
0.106584
0.306493
0.029667
0.734087
0.303543
0.298691
0.115554
0.322410
0.619404
0.261164
0.005834
0.156888
0.230485
0.143822
0.207976
0.114944
0.040574
0.653275
0.276716
0.060260
0.069266
0.289277
0.627978
0.209363
0.324974
0.493398
0.016207
0.091024
0.053051
0.260242
0.267166
0.027354
0.258485
0.137808
0.404499
0.294064
0.178779
0.089917
0.076269
0.511841
0.023960
0.180594
0.255503
0.401074
0.230744
0.292933
0.341360
0.230326
0.122680
0.273053
0.097971
0.342030
0.225980
0.390838
0.318799
0.042360
0.216292
0.004236
0.562617
0.319754
0.359549
0.008922
0.368019
0.178118
0.303063
0.288741
0.023179
0.043868
0.288706
0.290703
0.034696
0.572724
0.214745
0.005230
0.185848
0.129913
0.116482
0.044122
0.447797
0.677340
0.359055
0.120098
0.665478
0.262604
0.196226
0.063935
0.237739
0.149077
0.424394
0.301047
0.792729
0.205985
0.275413
0.347879
0.276823
0.350289
0.011226
0.513506
0.216378
0.022790
0.105662
0.369447
0.487000
0.363541
0.208056
0.001482
0.355821
0.143144
0.407598
0.374986
0.053599
0.499002
0.228498
0.312886
0.515730
0.461393
0.092179
0.266869
0.221276
0.209006
0.033971
0.198518
0.191466
0.160566
0.194327
0.230581
0.127067
0.231545
0.393722
0.271841
0.065599
0.194457
0.212030
0.345499
0.088527
0.081565
0.158224
0.185907
0.588537
0.076582
0.318826
0.205980
0.095022
0.091458
0.542777
0.801617
0.181629
0.134949
0.385621
0.564871
0.211524
0.126465
0.636556
0.070726
0.004630
0.418736
0.158534
0.025941
0.640205
0.047789
0.604110
0.128359
0.398116
0.260811
0.598192
0.228050
0.452542
0.062094
0.008439
0.224788
0.584813
0.234198
0.253850
0.291094
0.029945
0.244102
0.090092
0.096828
0.312990
0.224471
0.321873
0.031744
0.444290
0.187443
0.306797
0.026034
0.436792
0.187405
0.047727
0.077612
0.057665
0.342758
0.252993
0.246993
0.545012
0.029615
0.250514
0.515906
0.222006
0.248010
0.232195
0.499448
0.073164
0.112764
0.163142
0.133760
0.274671
0.249032
0.067881
0.167837
0.121193
0.015371
0.102390
0.292187
0.378229
0.212525
0.263542
0.126660
0.429661
0.340782
0.172470
0.134317
0.654609
0.231177
0.190965
0.429644
0.018359
0.315521
0.054009
0.180116
0.323762
0.494849
0.176433
0.072963
0.498283
0.065230
0.155756
0.637377
0.488999
0.080735
0.188572
0.029173
0.050806
0.002155
0.098953
0.379360
0.289092
0.068699
0.355449
0.032850
0.441334
0.488590
0.089272
0.241397
0.234330
0.267607
0.078692
0.336960
0.359269
0.123492
0.137257
0.047390
0.102030
0.404800
0.151074
0.622192
0.154347
0.003972
0.470745
0.217558
0.294560
0.268570
0.067635
0.245504
0.035625
0.373105
0.408777
0.343707
0.063879
0.741933
0.116677
0.015106
0.254208
0.161325
0.147346
0.372242
0.252912
0.006009
0.317264
0.302058
0.257301
0.129011
0.203641
0.182293
0.207037
0.034669
0.121112
0.169527
0.372541
0.181103
0.283518
0.478534
0.181198
0.273418
0.072860
0.364517
0.063948
0.263229
0.249521
0.263370
0.075686
0.218895
0.011101
0.031314
0.650796
0.527888
0.261130
0.174804
0.358389
0.574703
0.152538
0.191383
0.151288
0.590463
0.048789
0.470448
0.081840
0.025184
0.007778
0.484770
0.452119
0.274130
0.089994
0.143957
0.210405
0.039303
0.401604
0.189733
0.263710
0.190096
0.382602
0.133092
0.386467
0.213690
0.513235
0.453432
0.316590
0.052066
0.546278
0.365892
0.086084
0.069494
0.150737
0.059684
0.745456
0.249521
0.336989
0.156491
0.152528
0.554774
0.433422
0.557517
0.376600
0.227921
0.299130
0.057195
0.053870
0.638680
0.510682
0.058537
0.086601
0.271598
0.393169
0.165307
0.067790
0.405178
0.328595
0.166888
0.487504
0.283034
0.027768
0.130483
0.436773
0.188735
0.322754
0.314370
0.026718
0.550809
0.195301
0.012199
0.494853
0.339692
0.191654
0.209800
0.086393
0.441463
0.376981
0.382015
0.130414
0.384147
0.203978
0.077228
0.439663
0.006020
0.419470
0.134295
0.090148
0.296378
0.018387
0.503880
0.393929
0.335317
0.137020
0.240151
0.159368
0.282995
0.269691
0.305283
0.038422
0.263863
0.269741
0.095218
0.128313
0.229875
0.331374
0.415965
0.145068
0.029936
0.589931
0.115378
0.206057
0.378682
0.717235
0.049828
0.157244
0.416429
0.211565
0.578483
0.212349
0.322449
0.352062
0.229420
0.009177
0.133069
0.094720
0.209399
0.098455
0.132602
0.584935
0.121360
0.094317
0.702523
0.349893
0.502457
0.061461
0.552043
0.003729
0.422726
0.226670
0.267674
0.456629
0.250761
0.138894
0.116636
0.820138
0.063099
0.450852
0.227153
0.203574
0.297125
0.064988
0.366382
0.231650
0.017895
0.206255
0.375269
0.380616
0.146731
0.263589
0.684208
0.354017
0.056886
0.559131
0.453639
0.323343
0.323391
0.125030
0.084398
0.005250
0.322334
0.288759
0.505463
0.102370
0.005714
0.160944
0.279634
0.236286
0.022615
0.493775
0.136385
0.329236
0.304085
0.085479
0.000886
0.287769
0.248227
0.070773
0.696244
0.191762
0.114147
0.222796
0.219287
0.102130
0.523517
0.194286
0.131875
0.071561
0.113966
0.198593
0.177271
0.106062
0.085913
0.466743
0.112334
0.038175
0.214620
0.029282
0.378652
0.405667
0.118195
0.159386
0.232383
0.262181
0.032043
0.282423
0.257633
0.343229
0.134188
0.211242
0.387860
0.181614
0.357780
0.068722
0.291759
0.089703
0.070221
0.347932
0.121651
0.034355
0.203245
0.167036
0.229750
0.093632
0.270216
0.075849
0.785008
0.087956
0.155483
0.330171
0.081514
0.741558
0.053658
0.111524
0.335125
0.439440
0.542362
0.002682
0.401310
0.399795
0.189759
0.306908
0.140186
0.222714
0.238201
0.304597
0.249749
0.287815
0.628885
0.025636
0.137050
0.257359
0.128051
0.116284
0.510547
0.028195
0.444734
0.146943
0.223758
0.306368
0.436705
0.324787
0.308049
0.172846
0.259567
0.101860
0.183415
0.347080
0.177635
0.441733
0.024098
0.268792
0.016299
0.022736
0.085675
0.546911
0.202237
0.235342
0.000807
0.136769
0.187191
0.722090
0.346801
0.165854
0.131318
0.513220
0.061150
0.205211
0.207490
0.355288
0.250769
0.257562
0.169453
0.084273
0.046718
0.329786
0.006418
0.487179
0.291978
0.208195
0.266736
0.027764
0.415749
0.460278
0.312834
0.057270
0.258793
0.030282
0.330751
0.077623
0.311671
0.124125
0.102473
0.311172
0.272973
0.102513
0.763809
0.124962
0.341772
0.314804
0.188715
0.351615
0.203025
0.134398
0.285658
0.592742
0.089913
0.348808
0.010624
0.072617
0.141462
0.191631
0.261014
0.244248
0.245329
0.063591
0.307103
0.154950
0.387408
0.159070
0.031735
0.419203
0.014135
0.277152
0.099399
0.052157
0.386464
0.039708
0.084442
0.246351
0.101295
0.057534
0.459893
0.285690
0.106089
0.079663
0.153040
0.000182
0.303257
0.072404
0.167684
0.546404
0.102508
0.430643
0.184139
0.233289
0.228894
0.198221
0.242513
0.082549
0.292706
0.076222
0.242631
0.543602
0.173151
0.443325
0.438423
0.081045
0.201777
0.284318
0.069649
0.149522
0.158282
0.380579
0.114233
0.031093
0.617979
0.026368
0.253033
0.002982
0.315998
0.163752
0.475386
0.109092
0.123311
0.255345
0.073522
0.125554
0.130238
0.119856
0.305423
0.034687
0.185466
0.381497
0.079263
0.016649
0.172281
0.210556
0.081431
0.411691
0.319100
0.120860
0.139468
0.173348
0.520639
0.005103
0.166053
0.065335
0.458485
0.284828
0.172185
0.463204
0.015054
0.079997
0.040651
0.034836
0.126709
0.061800
0.038183
0.371526
0.169392
0.202341
0.122841
0.163220
0.190023
0.150359
0.340845
0.041106
0.227566
0.255870
0.294380
0.333720
0.180803
0.178895
0.222770
0.175632
0.045582
0.221123
0.276656
0.169003
0.166874
0.207203
0.431292
0.359797
0.040156
0.222588
0.023408
0.038281
0.346557
0.183497
0.191017
0.091845
0.166848
0.280071
0.028845
0.020002
0.239356
0.377705
0.048741
0.148832
0.151817
0.478642
0.446451
0.233994
0.212864
0.238683
0.407127
0.221171
0.319699
0.191447
0.123396
0.255433
0.137601
0.276805
0.388180
0.062960
0.016791
0.557863
0.066108
0.111668
0.129105
0.177277
0.072312
0.413936
0.082990
0.198212
0.350600
0.371974
0.435715
0.107913
0.051688
0.063719
0.084683
0.292210
0.066383
0.208426
0.274054
0.252387
0.042795
0.230232
0.061327
0.357654
0.045064
0.010175
0.330293
0.536462
0.015025
0.232526
0.234730
0.024245
0.127667
0.043578
0.312133
0.024370
0.248586
0.312115
0.241833
0.077645
0.193037
0.110238
0.129873
0.427894
0.030137
0.015535
0.546701
0.370455
0.256504
0.332147
0.195004
0.300230
0.248430
0.059288
0.218226
0.124377
0.024613
0.310357
0.217882
0.058779
0.294355
0.334809
0.477682
0.580116
0.593311
0.115112
0.435912
0.093194
0.468905
0.071410
0.418772
0.152812
0.306130
0.428274
0.236296
0.027923
0.652418
0.296375
0.015154
0.090002
0.462846
0.267719
0.134873
0.073117
0.074459
0.340509
0.083236
0.172884
0.004993
0.346260
0.301038
0.472430
0.060075
0.185304
0.052520
0.565168
0.188151
0.119926
0.289664
0.190115
0.139180
0.008279
0.155806
0.174522
0.258227
0.099880
0.333760
0.136121
0.111357
0.024314
0.348596
0.406642
0.173286
0.158582
0.265553
0.164046
0.001127
0.185135
0.003068
0.248005
0.261600
0.160502
0.538620
0.049432
0.153857
0.221140
0.434858
0.409951
0.170180
0.301682
0.074379
0.225694
0.047208
0.335394
0.229116
0.009650
0.238900
0.436239
0.389146
0.384738
0.266916
0.009045
0.315347
0.165748
0.334585
0.044037
0.156211
0.326298
0.145078
0.192154
0.198121
0.401195
0.141487
0.030901
0.215849
0.047736
0.214435
0.196310
0.381102
0.519439
0.071612
0.044960
0.345259
0.470635
0.106637
0.085063
0.283007
0.256791
0.253492
0.452287
0.004584
0.063331
0.046107
0.425256
0.219137
0.249866
0.089471
0.128893
0.071864
0.165865
0.324640
0.356098
0.547741
0.106920
0.125988
0.000143
0.111885
0.193544
0.514053
0.219120
0.381807
0.160688
0.003414
0.229981
0.294831
0.152494
0.512900
0.047218
0.269382
0.389553
0.390056
0.231567
0.410688
0.080748
0.152071
0.125797
0.043071
0.363659
0.187269
0.195801
0.069994
0.079540
0.332847
0.130014
0.126970
0.328039
0.146244
0.044520
0.391626
0.083348
0.364589
0.309975
0.147548
0.024544
0.284833
0.174777
0.515624
0.177446
0.251045
0.356220
0.196514
0.063824
0.076880
0.179500
0.194466
0.027110
0.340980
0.322695
0.053946
0.616018
0.427702
0.088746
0.218104
0.216477
0.006524
0.411045
0.042426
0.240541
0.156536
0.279928
0.310827
0.417909
0.220489
0.209293
0.006169
0.024472
0.055975
0.490610
0.436247
0.206115
0.441329
0.426563
0.435293
0.294835
0.419496
0.086650
0.688800
0.427487
0.278441
0.126585
0.167604
0.620927
0.130370
0.092542
0.225438
0.225199
0.218763
0.127988
0.125534
0.108087
0.617217
0.211481
0.088914
0.084137
0.346517
0.516614
0.199701
0.198158
0.500181
0.119323
0.078273
0.040750
0.165037
0.333365
0.013326
0.325961
0.127659
0.307805
0.294940
0.198736
0.006885
0.041145
0.615720
0.117880
0.271213
0.083544
0.311098
0.175173
0.241395
0.370867
0.179508
0.144381
0.244849
0.041305
0.247258
0.244268
0.342101
0.068557
0.116808
0.152550
0.253326
0.414713
0.244285
0.206442
0.048978
0.297403
0.180654
0.197419
0.171584
0.056468
0.062727
0.258239
0.260046
0.025229
0.507917
0.005333
0.111505
0.075171
0.184750
0.149127
0.028652
0.521561
0.596779
0.337371
0.077661
0.721063
0.244237
0.143514
0.158737
0.128834
0.033901
0.344229
0.327653
0.892265
0.245022
0.247802
0.251455
0.349478
0.348525
0.124524
0.471237
0.172337
0.050486
0.016585
0.258430
0.494996
0.486590
0.029283
0.191894
0.213610
0.014516
0.318893
0.375440
0.079903
0.419293
0.260108
0.174655
0.380081
0.435441
0.089598
0.172062
0.192643
0.304040
0.054818
0.206368
0.193557
0.171564
0.112423
0.233240
0.003096
0.192423
0.315328
0.350326
0.024712
0.366714
0.116332
0.368590
0.082862
0.218973
0.439942
0.211391
0.596754
0.201339
0.313645
0.273358
0.139318
0.119905
0.501243
0.761186
0.164953
0.117158
0.439406
0.683094
0.057423
0.309828
0.680435
0.036747
0.012777
0.361944
0.103016
0.217424
0.703218
0.106265
0.424647
0.172403
0.437012
0.186924
0.369088
0.305728
0.240220
0.091235
0.004712
0.236596
0.565744
0.227466
0.282405
0.323461
0.053052
0.029936
0.296955
0.045147
0.319355
0.313419
0.220885
0.023233
0.492851
0.132660
0.441123
0.157348
0.394836
0.257585
0.066831
0.028867
0.022192
0.459317
0.229441
0.347805
0.499904
0.100698
0.397525
0.552070
0.070151
0.211389
0.185282
0.294941
0.052562
0.152850
0.120249
0.237579
0.270204
0.011011
0.055116
0.139122
0.055670
0.103371
0.052701
0.260847
0.293519
0.170404
0.245587
0.065565
0.433028
0.337664
0.186217
0.042407
0.693951
0.192345
0.176486
0.342503
0.195135
0.394501
0.226373
0.228022
0.449501
0.592004
0.042899
0.049533
0.385889
0.119151
0.143393
0.623524
0.625549
0.186888
0.101250
0.075605
0.163678
0.262620
0.122811
0.208862
0.304937
0.033908
0.356432
0.115553
0.503626
0.479226
0.043253
0.102371
0.165976
0.262027
0.098881
0.314723
0.136557
0.051556
0.139254
0.024596
0.070809
0.288851
0.087342
0.569467
0.193829
0.123511
0.423515
0.404465
0.289563
0.278035
0.007121
0.274345
0.052518
0.290132
0.614622
0.395650
0.002200
0.623655
0.243692
0.036326
0.370057
0.170697
0.098301
0.242420
0.128454
0.057157
0.328051
0.276327
0.054671
0.167488
0.204250
0.211306
0.126007
0.040379
0.148812
0.091508
0.390600
0.166934
0.447619
0.450044
0.126021
0.237185
0.184415
0.203520
0.031457
0.259495
0.153750
0.179836
0.030869
0.244754
0.057000
0.002322
0.500525
0.514086
0.024326
0.134232
0.368247
0.528773
0.248683
0.082381
0.089326
0.509292
0.017366
0.379321
0.029625
0.124544
0.121362
0.325283
0.257068
0.118633
0.180538
0.178155
0.308486
0.177513
0.504473
0.069129
0.218197
0.127274
0.409798
0.143536
0.346328
0.227934
0.467818
0.307996
0.379131
0.057259
0.581080
0.326419
0.014102
0.008933
0.118739
0.063124
0.716119
0.159586
0.286877
0.049303
0.048815
0.462109
0.376042
0.457635
0.525149
0.245055
0.390551
0.024586
0.117560
0.532794
0.495001
0.014214
0.147676
0.158449
0.453254
0.243376
0.320478
0.258323
0.189356
0.100015
0.411391
0.073037
0.091203
0.020366
0.215344
0.227484
0.400823
0.278197
0.157853
0.513305
0.154396
0.090753
0.418467
0.200330
0.132559
0.263489
0.098648
0.406153
0.362549
0.212924
0.007001
0.380756
0.208113
0.199689
0.430533
0.056466
0.394203
0.016626
0.219850
0.300654
0.000470
0.428632
0.308565
0.272631
0.102901
0.292452
0.143422
0.268132
0.267744
0.128925
0.113063
0.301481
0.117120
0.031030
0.029621
0.160235
0.215212
0.407706
0.173631
0.010307
0.430231
0.201450
0.116842
0.288648
0.860919
0.008417
0.074530
0.400508
0.345706
0.572838
0.380049
0.339676
0.287693
0.317827
0.045499
0.210089
0.093773
0.420510
0.054562
0.196309
0.536015
0.099293
0.011441
0.487757
0.179375
0.497598
0.148976
0.568513
0.074833
0.126153
0.075145
0.084496
0.449377
0.292655
0.179862
0.131354
0.643912
0.090666
0.407096
0.226822
0.194305
0.173979
0.119219
0.309567
0.109938
0.196983
0.082177
0.300813
0.406556
0.033904
0.027006
0.442870
0.406975
0.034779
0.428910
0.368568
0.271530
0.258666
0.241632
0.023537
0.060410
0.133797
0.350009
0.421759
0.173074
0.173819
0.184536
0.156714
0.230977
0.204357
0.512942
0.070238
0.173825
0.191502
0.062557
0.022809
0.211303
0.121312
0.120398
0.847318
0.204169
0.111518
0.191687
0.244331
0.139397
0.512256
0.142243
0.063712
0.118132
0.081287
0.273723
0.080238
0.115448
0.173808
0.409152
0.083577
0.055955
0.101719
0.187275
0.394094
0.397164
0.169980
0.265995
0.195011
0.033650
0.129008
0.322586
0.293793
0.307759
0.060394
0.088030
0.259166
0.268930
0.293288
0.061550
0.255465
0.265942
0.057149
0.253296
0.133638
0.086848
0.121152
0.084950
0.265881
0.134928
0.262987
0.233453
0.773070
0.217294
0.113162
0.239202
0.219494
0.873578
0.116505
0.062268
0.277803
0.344055
0.421827
0.058178
0.420379
0.320402
0.167696
0.323961
0.028892
0.233650
0.199487
0.069073
0.039973
0.236039
0.551023
0.043960
0.129285
0.178269
0.298760
0.155488
0.374541
0.082048
0.323673
0.132552
0.229492
0.230377
0.301287
0.223609
0.222984
0.148209
0.226867
0.180084
0.312017
0.379263
0.310171
0.491543
0.066305
0.217285
0.063581
0.022413
0.010262
0.453968
0.165450
0.361029
0.115426
0.127797
0.178336
0.663266
0.434882
0.108095
0.049493
0.481962
0.152342
0.244755
0.239167
0.447415
0.358261
0.289986
0.248792
0.112597
0.024545
0.201457
0.096077
0.575863
0.172377
0.207786
0.232560
0.088861
0.407790
0.502942
0.271058
0.207270
0.065570
0.032495
0.290392
0.001968
0.188144
0.178209
0.029757
0.354808
0.339826
0.147556
0.600990
0.171592
0.261551
0.348101
0.104562
0.407705
0.183459
0.189863
0.070145
0.657575
0.190103
0.230199
0.024859
0.024587
0.117077
0.112213
0.196428
0.258342
0.255524
0.030050
0.317627
0.063954
0.427424
0.057205
0.031963
0.288306
0.071640
0.323577
0.110618
0.034884
0.333837
0.157092
0.091640
0.272815
0.205968
0.037894
0.527878
0.016646
0.210572
0.210807
0.044393
0.054990
0.339816
0.016171
0.271355
0.553082
0.258516
0.372837
0.279596
0.345321
0.033102
0.196121
0.137183
0.094911
0.025005
0.001377
0.306420
0.464423
0.035228
0.417186
0.348960
0.050433
0.213886
0.260514
0.059454
0.177807
0.004897
0.373797
0.185702
0.207333
0.563407
0.054703
0.283435
0.067132
0.312787
0.046967
0.507744
0.023550
0.292291
0.267558
0.125148
0.033177
0.021464
0.010529
0.142240
0.049945
0.312395
0.295718
0.099150
0.025630
0.038136
0.049670
0.042838
0.385031
0.244059
0.144524
0.201051
0.258230
0.642683
0.110618
0.165008
0.060974
0.422846
0.321149
0.347769
0.337455
0.034627
0.075333
0.124252
0.128697
0.000991
0.025513
0.013943
0.250291
0.110705
0.111505
0.145326
0.243943
0.090032
0.235642
0.329416
0.079353
0.326164
0.177878
0.348594
0.228742
0.009496
0.344791
0.243466
0.212531
0.063539
0.188871
0.327686
0.236612
0.047583
0.303192
0.257651
0.381814
0.112995
0.207365
0.108261
0.146563
0.284834
0.106846
0.304818
0.012690
0.127722
0.167691
0.177794
0.046662
0.244569
0.224757
0.010597
0.007125
0.247243
0.539075
0.560778
0.175581
0.281518
0.309099
0.379192
0.207345
0.353876
0.333625
0.072276
0.212907
0.214919
0.340975
0.274382
0.280563
0.147731
0.551233
0.041427
0.098894
0.208528
0.354415
0.039643
0.536127
0.067363
0.120909
0.330436
0.558235
0.283749
0.042945
0.051711
0.037404
0.015009
0.188799
0.018979
0.151856
0.129660
0.265653
0.030538
0.175396
0.130217
0.445486
0.112329
0.009652
0.264777
0.345867
0.009050
0.185555
0.063936
0.132425
0.065392
0.111361
0.306419
0.068506
0.239337
0.230248
0.410164
0.038137
0.146230
0.042477
0.039331
0.193122
0.054213
0.102390
0.420870
0.337830
0.334921
0.445923
0.130769
0.223833
0.231267
0.027458
0.213954
0.016760
0.068413
0.225633
0.228260
0.060067
0.324394
0.438526
0.521115
0.586920
0.555501
0.006406
0.467696
0.126432
0.466938
0.044791
0.372544
0.051643
0.255331
0.407662
0.276574
0.096276
0.639579
0.245169
0.018594
0.109867
0.500617
0.299622
0.070631
0.239272
0.112862
0.275647
0.120382
0.171254
0.024376
0.401466
0.332183
0.488984
0.093447
0.220626
0.026522
0.472950
0.225757
0.186602
0.095180
0.168814
0.051336
0.106086
0.236326
0.090391
0.212602
0.224836
0.295705
0.021115
0.058972
0.134911
0.360682
0.430088
0.207238
0.035934
0.062031
0.115963
0.050565
0.130903
0.050186
0.181648
0.228112
0.126045
0.423062
0.027977
0.135078
0.313942
0.371663
0.288335
0.293930
0.218238
0.132171
0.179927
0.026179
0.378211
0.176869
0.060570
0.236885
0.451895
0.413809
0.251556
0.305224
0.174076
0.404421
0.191067
0.239131
0.093244
0.265148
0.358081
0.183147
0.079260
0.213709
0.526859
0.079767
0.114998
0.277984
0.030360
0.100502
0.242451
0.416484
0.598591
0.041334
0.307085
0.199228
0.536478
0.094983
0.050550
0.280743
0.361057
0.296329
0.368271
0.127417
0.045372
0.027248
0.186952
0.200242
0.226474
0.040788
0.125392
0.023033
0.173315
0.363544
0.483375
0.482255
0.189478
0.235568
0.046340
0.148781
0.144457
0.493384
0.104428
0.534128
0.136999
0.169698
0.107094
0.284929
0.010939
0.371962
0.155078
0.250414
0.431044
0.502203
0.380667
0.429418
0.227665
0.209412
0.155586
0.004094
0.294408
0.154195
0.197764
0.013949
0.072358
0.311109
0.169189
0.068648
0.409035
0.061935
0.181434
0.301340
0.137935
0.356005
0.448923
0.103577
0.162247
0.269866
0.134385
0.539863
0.251149
0.170560
0.291183
0.154721
0.262712
0.062069
0.334760
0.358222
0.082067
0.433403
0.446083
0.016394
0.578693
0.543431
0.037943
0.152987
0.277552
0.210465
0.447651
0.001135
0.487472
0.140639
0.285794
0.292574
0.363473
0.116486
0.111697
0.052225
0.111929
0.046131
0.469866
0.435451
0.090539
0.356496
0.368596
0.381738
0.377616
0.446505
0.131045
0.492728
0.523234
0.282452
0.130462
0.058560
0.605194
0.016836
0.202950
0.241531
0.176804
0.203884
0.069017
0.099200
0.227967
0.462610
0.101187
0.099251
0.097487
0.376631
0.460345
0.170355
0.010000
0.496569
0.250382
0.077550
0.153724
0.006247
0.368880
0.020872
0.360559
0.048853
0.214906
0.323041
0.130827
0.035825
0.011928
0.570417
0.241413
0.333584
0.021996
0.188636
0.147114
0.243415
0.261989
0.138511
0.194493
0.181940
0.111105
0.096793
0.272263
0.287206
0.170386
0.355005
0.062911
0.437199
0.227639
0.242908
0.026994
0.175827
0.183421
0.227590
0.043991
0.048388
0.170856
0.166562
0.195524
0.213971
0.073485
0.408688
0.160670
0.187582
0.072354
0.276362
0.193944
0.117866
0.549185
0.464302
0.220205
0.006838
0.675315
0.183383
0.100593
0.292203
0.043314
0.210909
0.176931
0.321893
0.801283
0.232861
0.247145
0.260768
0.391147
0.403251
0.246963
0.395409
0.183951
0.119011
0.046678
0.139199
0.538231
0.498314
0.107433
0.288478
0.038845
0.192524
0.240689
0.229775
0.143226
0.346371
0.377851
0.008698
0.243248
0.413415
0.104327
0.138093
0.194084
0.413306
0.118079
0.209141
0.173473
0.111440
0.063349
0.289281
0.106962
0.055743
0.223622
0.472133
0.045833
0.466507
0.038203
0.402838
0.075817
0.400926
0.672820
0.179785
0.542713
0.329674
0.247319
0.236330
0.202731
0.160960
0.508606
0.538502
0.199710
0.143431
0.411857
0.672587
0.115109
0.381177
0.628490
0.110274
0.049101
0.301278
0.072691
0.293056
0.635806
0.235497
0.284895
0.215074
0.426969
0.166187
0.086448
0.341143
0.017265
0.122765
0.006792
0.227964
0.517274
0.148661
0.230102
0.373808
0.162746
0.131048
0.399054
0.098613
0.216231
0.333823
0.095104
0.111808
0.471235
0.084484
0.519766
0.263126
0.393456
0.360230
0.083325
0.006365
0.000941
0.426537
0.264575
0.424536
0.385326
0.140298
0.491160
0.573147
0.019135
0.267529
0.175184
0.137420
0.145540
0.172411
0.100654
0.337641
0.228204
0.131352
0.148291
0.213382
0.015850
0.259635
0.189059
0.189453
0.110903
0.103896
0.199350
0.099208
0.479037
0.320111
0.192863
0.091513
0.738782
0.164509
0.249006
0.308101
0.366216
0.455989
0.424031
0.135784
0.574204
0.650795
0.049621
0.203450
0.322458
0.159983
0.173422
0.634788
0.591942
0.256885
0.013151
0.111861
0.312294
0.445941
0.049028
0.046356
0.228913
0.039119
0.284948
0.177912
0.562704
0.450977
0.010002
0.065782
0.150252
0.225564
0.187694
0.203434
0.055275
0.054626
0.180581
0.037666
0.177113
0.147961
0.036509
0.442955
0.224472
0.237141
0.344557
0.555781
0.236929
0.342418
0.026210
0.126978
0.155931
0.210274
0.744544
0.367778
0.020349
0.411422
0.311749
0.063480
0.510147
0.154242
0.105229
0.118217
0.092469
0.076863
0.266590
0.194959
0.072752
0.250842
0.130808
0.189234
0.058420
0.032216
0.110757
0.303193
0.402091
0.199230
0.610793
0.413176
0.039778
0.199961
0.326219
0.095728
0.017176
0.287090
0.063191
0.082046
0.096021
0.306067
0.091448
0.037950
0.345614
0.472631
0.182506
0.131380
0.304434
0.412585
0.325132
0.313321
0.005250
0.463945
0.030906
0.289185
0.049801
0.142619
0.266128
0.159718
0.020484
0.039337
0.260277
0.215959
0.419860
0.237077
0.614701
0.060635
0.229135
0.037865
0.395466
0.115019
0.282143
0.221677
0.356953
0.131834
0.371892
0.115054
0.580058
0.314096
0.062636
0.057594
0.005429
0.145870
0.580536
0.128706
0.188338
0.296373
0.064025
0.395685
0.344326
0.311979
0.600958
0.271331
0.440369
0.091513
0.131743
0.391733
0.483837
0.036211
0.176827
0.054431
0.459526
0.170936
0.570857
0.046185
0.120652
0.010227
0.287503
0.032409
0.278898
0.154637
0.012628
0.202844
0.381926
0.261257
0.332084
0.477920
0.152236
0.095060
0.311240
0.003702
0.076759
0.190325
0.332990
0.224429
0.325115
0.018555
0.151721
0.414018
0.226855
0.273800
0.402432
0.095723
0.287132
0.090216
0.293039
0.299688
0.081400
0.368404
0.186991
0.208082
0.119732
0.230803
0.107984
0.300774
0.282322
0.026082
0.215823
0.381455
0.017423
0.146989
0.007077
0.090159
0.050505
0.380878
0.246505
0.054189
0.252953
0.225007
0.064607
0.206706
0.830476
0.016038
0.017807
0.386368
0.386651
0.426190
0.448923
0.335008
0.315899
0.430689
0.067023
0.361852
0.094230
0.570772
0.032452
0.300790
0.420517
0.062949
0.123442
0.271434
0.061587
0.484052
0.175174
0.530231
0.171031
0.158631
0.053555
0.051848
0.394002
0.338293
0.153778
0.309052
0.342342
0.117342
0.329641
0.286583
0.178885
0.069428
0.104366
0.306090
0.018041
0.324681
0.021691
0.225512
0.413817
0.109310
0.177513
0.185599
0.437668
0.019004
0.226202
0.200754
0.239064
0.159037
0.314198
0.131698
0.170401
0.115824
0.388316
0.313566
0.331445
0.268306
0.146492
0.025171
0.311992
0.322973
0.418860
0.057853
0.055919
0.048692
0.178363
0.000583
0.072583
0.040416
0.273649
0.718683
0.197446
0.181894
0.142403
0.213964
0.182176
0.431495
0.002515
0.027915
0.059552
0.300446
0.252670
0.078404
0.048200
0.299463
0.282099
0.069042
0.043008
0.021126
0.256976
0.354950
0.402054
0.219754
0.317421
0.175451
0.160453
0.162381
0.375361
0.284546
0.234520
0.059568
0.052545
0.135320
0.303600
0.260154
0.097123
0.198423
0.411878
0.224331
0.178037
0.074940
0.072716
0.039401
0.050486
0.258279
0.150641
0.196898
0.342186
0.643232
0.352074
0.042963
0.044749
0.348214
0.843019
0.262813
0.029921
0.210673
0.182405
0.302083
0.134196
0.417591
0.186178
0.168923
0.284483
0.015956
0.224129
0.133044
0.091529
0.176342
0.142698
0.472802
0.145703
0.163819
0.028077
0.533417
0.154905
0.316013
0.051167
0.181134
0.183501
0.283830
0.230252
0.138658
0.002992
0.178477
0.124280
0.224333
0.257280
0.442021
0.296109
0.373354
0.475037
0.078223
0.205478
0.125510
0.038586
0.136845
0.353104
0.147278
0.488509
0.154864
0.140454
0.160566
0.502976
0.487434
0.004610
0.018738
0.324338
0.209150
0.303579
0.228563
0.505832
0.427433
0.297230
0.242125
0.146459
0.005096
0.112303
0.221340
0.514120
0.024075
0.222576
0.198812
0.220382
0.360774
0.464205
0.219340
0.314947
0.164230
0.116996
0.167852
0.102595
0.010197
0.255035
0.035485
0.404232
0.421148
0.187426
0.397782
0.171802
0.195043
0.327105
0.099778
0.419671
0.150635
0.289795
0.144616
0.644367
0.221517
0.093416
0.068280
0.103863
0.031530
0.061976
0.147754
0.227831
0.265651
0.147924
0.348232
0.011169
0.381902
0.055535
0.025604
0.195644
0.089531
0.389570
0.062876
0.017759
0.282602
0.318443
0.221081
0.251169
0.240547
0.017988
0.575573
0.182631
0.250159
0.266872
0.053970
0.127326
0.375342
0.011793
0.343204
0.541582
0.408776
0.275345
0.268676
0.483030
0.116996
0.129949
0.047983
0.064480
0.317835
0.104919
0.385269
0.352378
0.056187
0.352894
0.309862
0.044984
0.212290
0.257378
0.051668
0.229054
0.183310
0.378925
0.256749
0.268919
0.486657
0.083398
0.343817
0.062004
0.263251
0.008848
0.434562
0.200547
0.458229
0.189365
0.381975
0.004859
0.104617
0.033402
0.089340
0.077476
0.398434
0.178821
0.239067
0.029733
0.025053
0.053497
0.142611
0.322992
0.194390
0.156130
0.239193
0.337123
0.624807
0.205013
0.179689
0.011535
0.271172
0.375156
0.447123
0.159794
0.096183
0.016826
0.224775
0.197751
0.128829
0.037429
0.016381
0.122025
0.057768
0.031313
0.051763
0.345971
0.071060
0.330784
0.347535
0.131130
0.414492
0.164657
0.368930
0.087274
0.136359
0.488844
0.248060
0.284434
0.117882
0.157671
0.381173
0.288845
0.009540
0.338202
0.138077
0.323841
0.165137
0.194512
0.196751
0.202158
0.275455
0.064499
0.355132
0.057189
0.061153
0.049136
0.292909
0.175351
0.229579
0.054654
0.140586
0.133305
0.296063
0.480369
0.610655
0.142018
0.280134
0.277846
0.308327
0.166863
0.414834
0.480152
0.080612
0.167392
0.206915
0.349342
0.077107
0.418036
0.327572
0.482676
0.043303
0.105617
0.296704
0.469059
0.069497
0.602920
0.020607
0.039923
0.359364
0.680821
0.178734
0.039887
0.071135
0.027737
0.107129
0.081445
0.148006
0.111774
0.029411
0.292126
0.041181
0.114038
0.153088
0.502571
0.168263
0.034245
0.103082
0.147313
0.004556
0.133014
0.067675
0.137061
0.053427
0.325852
0.270786
0.109924
0.226516
0.186879
0.545219
0.039008
0.094156
0.002289
0.043442
0.065715
0.180506
0.167680
0.304869
0.304721
0.359409
0.487614
0.029144
0.132328
0.194822
0.108654
0.269131
0.073526
0.128839
0.108663
0.199054
0.077490
0.372033
0.498208
0.535019
0.460816
0.451215
0.104910
0.515048
0.137021
0.292336
0.019646
0.331772
0.274792
0.107480
0.351320
0.328293
0.152360
0.529175
0.181533
0.004934
0.091288
0.517578
0.422397
0.039847
0.307495
0.082984
0.208600
0.326148
0.162464
0.069264
0.495383
0.322715
0.521918
0.109095
0.219629
0.000349
0.317595
0.289698
0.203641
0.055628
0.190438
0.005620
0.254956
0.298693
0.008473
0.152204
0.268455
0.251538
0.091958
0.087348
0.317814
0.328727
0.338509
0.275636
0.045702
0.116887
0.159114
0.017086
0.111355
0.115295
0.114510
0.126142
0.091796
0.267644
0.076685
0.092803
0.327202
0.303056
0.090698
0.248356
0.122502
0.183091
0.193574
0.048164
0.402446
0.042514
0.153701
0.261875
0.330670
0.373030
0.137007
0.345726
0.349396
0.469759
0.209836
0.166047
0.154073
0.318684
0.356270
0.204262
0.012612
0.214361
0.582588
0.015898
0.240135
0.337197
0.012404
0.000276
0.304964
0.408632
0.590733
0.010626
0.515259
0.073111
0.606469
0.093749
0.006823
0.147292
0.448181
0.358407
0.239516
0.221971
0.062235
0.058829
0.015968
0.231202
0.177685
0.034772
0.055057
0.052650
0.190928
0.358377
0.500243
0.386353
0.214973
0.306911
0.073164
0.214567
0.121545
0.416157
0.014793
0.529092
0.098950
0.367715
0.051508
0.255237
0.138708
0.294721
0.254994
0.210024
0.385082
0.558758
0.504240
0.421728
0.349272
0.296107
0.174468
0.030426
0.212714
0.151080
0.199923
0.072980
0.070958
0.197918
0.171372
0.014736
0.450537
0.011977
0.358410
0.156465
0.180501
0.289194
0.532669
0.128957
0.347529
0.297884
0.086843
0.457930
0.283296
0.089353
0.269230
0.132580
0.441973
0.013133
0.465614
0.407157
0.128745
0.481204
0.557439
0.081105
0.453188
0.553200
0.150502
0.041188
0.260606
0.418205
0.412426
0.032513
0.639365
0.094191
0.341733
0.224972
0.248035
0.008683
0.036955
0.046506
0.257507
0.118763
0.341625
0.370266
0.008298
0.343478
0.274480
0.257435
0.514373
0.420262
0.153821
0.328448
0.528356
0.246238
0.044541
0.011167
0.447515
0.040822
0.229782
0.183598
0.094724
0.157145
0.004367
0.056026
0.420251
0.272473
0.030714
0.139209
0.108458
0.421182
0.439031
0.033870
0.111025
0.415237
0.416540
0.070573
0.208036
0.201339
0.343053
0.109832
0.232022
0.043486
0.081403
0.326208
0.081773
0.015639
0.020357
0.488699
0.316592
0.338064
0.046992
0.104253
0.117552
0.252347
0.118352
0.136337
0.229112
0.092834
0.230814
0.053363
0.254958
0.252394
0.252478
0.554469
0.013622
0.522277
0.083917
0.279519
0.097194
0.193038
0.109699
0.281839
0.039295
0.027350
0.266663
0.224066
0.103113
0.272870
0.142046
0.321189
0.283041
0.332186
0.103845
0.369942
0.261352
0.220814
0.485769
0.317296
0.044533
0.069120
0.632695
0.123731
0.007529
0.427324
0.148896
0.339175
0.049858
0.293390
0.638043
0.127547
0.209729
0.239037
0.450413
0.449294
0.332354
0.280723
0.198656
0.135702
0.032788
0.025328
0.542866
0.458353
0.171158
0.376531
0.134075
0.394561
0.142962
0.051874
0.250413
0.262046
0.485540
0.109192
0.214037
0.406360
0.117308
0.105286
0.182989
0.486976
0.098381
0.212949
0.062889
0.016349
0.085957
0.380054
0.255491
0.022978
0.077959
0.550837
0.078395
0.486599
0.011260
0.383148
0.083096
0.603286
0.749212
0.105586
0.360449
0.427204
0.170447
0.102865
0.252515
0.166420
0.390731
0.343183
0.217621
0.149459
0.356592
0.615244
0.212100
0.360856
0.469157
0.115443
0.065071
0.269966
0.008588
0.272767
0.501864
0.395750
0.063392
0.213725
0.359141
0.213177
0.150514
0.472621
0.139511
0.173551
0.016326
0.240484
0.430600
0.067545
0.174980
0.326708
0.220974
0.338599
0.442496
0.130992
0.105817
0.372070
0.083250
0.185986
0.372573
0.009403
0.553453
0.366757
0.432437
0.492262
0.011119
0.005078
0.045979
0.346500
0.320633
0.430461
0.264116
0.135378
0.580224
0.523909
0.095994
0.284641
0.129003
0.026292
0.093105
0.229124
0.051265
0.378911
0.160780
0.172850
0.175408
0.336809
0.071016
0.469620
0.235322
0.191853
0.187033
0.034744
0.133531
0.165665
0.478621
0.256884
0.221129
0.226132
0.691002
0.129003
0.292526
0.184196
0.485096
0.411588
0.536617
0.014292
0.562174
0.607945
0.084084
0.321661
0.263790
0.114940
0.246523
0.608921
0.504585
0.292353
0.104858
0.106451
0.409420
0.489430
0.065949
0.019865
0.115744
0.083484
0.210106
0.210141
0.530743
0.485294
0.136338
0.178757
0.184845
0.155308
0.273088
0.035172
0.160338
0.085845
0.151015
0.032256
0.323120
0.069561
0.015197
0.317090
0.227522
0.265916
0.268242
0.565717
0.195748
0.296135
0.091914
0.008566
0.205675
0.062464
0.662505
0.310337
0.087568
0.216060
0.328455
0.064780
0.608129
0.143614
0.133644
0.000596
0.132722
0.154447
0.182821
0.117132
0.201530
0.358617
0.071619
0.206695
0.026646
0.012680
0.109850
0.479599
0.394319
0.217382
0.600003
0.401262
0.194922
0.130133
0.510347
0.020734
0.017657
0.249608
0.047126
0.020853
0.120200
0.315508
0.150592
0.118083
0.206061
0.415432
0.356874
0.109380
0.154506
0.320567
0.409084
0.517034
0.060091
0.388023
0.128962
0.128499
0.051837
0.062671
0.341478
0.000111
0.203775
0.006342
0.332489
0.270975
0.385426
0.254861
0.658624
0.190605
0.176812
0.029359
0.318766
0.096539
0.266946
0.223978
0.276545
0.007292
0.350744
0.154061
0.515753
0.333279
0.080272
0.062064
0.094073
0.226175
0.433171
0.040099
0.053567
0.543919
0.180610
0.306192
0.321242
0.206730
0.570043
0.333860
0.424647
0.277655
0.181486
0.253976
0.445025
0.028825
0.203403
0.040461
0.386420
0.114779
0.675187
0.134831
0.086066
0.063998
0.155098
0.161617
0.446505
0.261659
0.121671
0.092549
0.286028
0.252208
0.502969
0.393581
0.227991
0.049645
0.209037
0.115674
0.046708
0.106135
0.523490
0.098409
0.260621
0.169695
0.263021
0.335523
0.226074
0.358595
0.246331
0.116975
0.242111
0.164055
0.432264
0.305219
0.144108
0.210240
0.072897
0.184927
0.098615
0.133036
0.140219
0.321655
0.361507
0.237073
0.323005
0.425706
0.100318
0.257489
0.014111
0.016735
0.142502
0.421291
0.311343
0.145146
0.159337
0.201870
0.043897
0.181440
0.701223
0.037543
0.020551
0.383579
0.381058
0.307596
0.541875
0.324303
0.294680
0.474094
0.178619
0.459852
0.066930
0.579591
0.032237
0.346756
0.299403
0.024193
0.180921
0.061503
0.223684
0.429695
0.188165
0.486865
0.257206
0.349099
0.221654
0.125658
0.296327
0.321866
0.119138
0.439004
0.006234
0.072128
0.235275
0.332140
0.126088
0.032163
0.060519
0.261648
0.173566
0.455045
0.119716
0.146264
0.356523
0.199205
0.303822
0.016393
0.451504
0.004222
0.062967
0.035213
0.239831
0.081196
0.309372
0.234417
0.211617
0.333278
0.421353
0.214897
0.412707
0.293677
0.053269
0.166304
0.336629
0.442638
0.310438
0.296433
0.031195
0.102039
0.330832
0.085477
0.118641
0.040525
0.410185
0.555927
0.213699
0.241009
0.064966
0.165245
0.250223
0.330575
0.225766
0.136817
0.002897
0.519449
0.274105
0.228681
0.032597
0.361383
0.217193
0.150309
0.020046
0.118534
0.351107
0.277535
0.346770
0.192379
0.359778
0.184025
0.254667
0.229751
0.454659
0.245386
0.147972
0.097582
0.198640
0.051868
0.334157
0.278807
0.132563
0.216499
0.491650
0.385801
0.090240
0.015712
0.027429
0.009044
0.230319
0.218106
0.218173
0.130874
0.464033
0.422083
0.454982
0.033937
0.151426
0.427911
0.660781
0.360805
0.009800
0.137141
0.035808
0.149173
0.235885
0.367997
0.018805
0.192697
0.299298
0.086894
0.155038
0.079838
0.252226
0.394809
0.032990
0.350003
0.244537
0.129683
0.125292
0.671598
0.105714
0.294109
0.036351
0.061898
0.266453
0.337866
0.225373
0.055300
0.170283
0.139859
0.169658
0.278026
0.342878
0.487046
0.208810
0.435584
0.511123
0.127437
0.222807
0.233424
0.014412
0.226491
0.245824
0.056054
0.558087
0.084076
0.116005
0.229974
0.310548
0.488749
0.039825
0.116747
0.199856
0.302117
0.358866
0.240945
0.478179
0.436013
0.268707
0.247052
0.157183
0.045812
0.065443
0.371833
0.480407
0.213104
0.171074
0.224926
0.358968
0.241411
0.383580
0.154331
0.386087
0.377585
0.201159
0.032078
0.245596
0.149748
0.334529
0.028891
0.383442
0.475452
0.168535
0.285982
0.159525
0.222908
0.301806
0.132215
0.377459
0.129544
0.381667
0.320696
0.541342
0.244070
0.034319
0.089336
0.272231
0.141378
0.035666
0.166207
0.212754
0.356272
0.305033
0.308299
0.091030
0.294642
0.046175
0.020834
0.122513
0.163359
0.409958
0.028104
0.128482
0.172001
0.478305
0.291415
0.237520
0.286013
0.024729
0.536801
0.311513
0.222318
0.342760
0.218402
0.240606
0.411093
0.045390
0.314634
0.379616
0.511972
0.226260
0.173147
0.610481
0.159317
0.007988
0.028508
0.029741
0.502124
0.210749
0.468292
0.223898
0.049668
0.280287
0.257909
0.127874
0.210919
0.251386
0.052254
0.248258
0.407138
0.405965
0.385247
0.255200
0.409420
0.143487
0.367120
0.080229
0.212718
0.011137
0.330269
0.382592
0.455929
0.155970
0.563541
0.053955
0.202799
0.145932
0.243667
0.119723
0.479111
0.068415
0.383763
0.026475
0.112029
0.106420
0.236752
0.224720
0.180349
0.200244
0.250115
0.289193
0.575223
0.265390
0.196472
0.057947
0.194795
0.388087
0.470338
0.040393
0.155451
0.041983
0.395241
0.221393
0.179326
0.152925
0.049202
0.032127
0.203056
0.226929
0.095724
0.493714
0.191888
0.461785
0.304890
0.149234
0.431128
0.137072
0.351631
0.005905
0.270369
0.553915
0.241414
0.338883
0.136092
0.150765
0.451354
0.330343
0.046881
0.369466
0.033282
0.223158
0.176789
0.159555
0.209740
0.269993
0.223915
0.047286
0.388344
0.104775
0.068775
0.071245
0.384209
0.286336
0.258528
0.110113
0.234135
0.216009
0.273502
0.392748
0.585079
0.140656
0.248090
0.176026
0.083893
0.108383
0.473583
0.632732
0.137885
0.092714
0.167262
0.363112
0.087824
0.499574
0.442491
0.454558
0.104696
0.082276
0.478606
0.498989
0.123545
0.559295
0.062025
0.015733
0.368658
0.683211
0.041525
0.109877
0.003253
0.123518
0.198044
0.020963
0.385656
0.025355
0.121675
0.290609
0.056192
0.120764
0.181041
0.504440
0.131803
0.077558
0.073445
0.020324
0.027025
0.034639
0.091466
0.038472
0.205465
0.494789
0.246077
0.084959
0.195106
0.218978
0.615124
0.004962
0.081011
0.000586
0.108135
0.310328
0.302221
0.170836
0.116030
0.203707
0.366360
0.397045
0.010990
0.084546
0.142459
0.126708
0.304783
0.104980
0.159291
0.033829
0.137237
0.231589
0.315370
0.503244
0.414283
0.354344
0.354356
0.210031
0.565861
0.148251
0.132794
0.081354
0.282284
0.388863
0.045537
0.248326
0.373472
0.189740
0.295053
0.046566
0.047254
0.025969
0.451854
0.507701
0.028497
0.353844
0.115022
0.121202
0.455963
0.188087
0.086895
0.555964
0.389556
0.425426
0.105029
0.180875
0.061323
0.118299
0.283422
0.153225
0.186490
0.193680
0.017722
0.413186
0.412374
0.035098
0.063495
0.257694
0.230097
0.091485
0.165999
0.426708
0.293663
0.177169
0.261462
0.133823
0.226587
0.196421
0.008709
0.036317
0.201018
0.041255
0.073380
0.024549
0.150397
0.201619
0.029607
0.305494
0.240631
0.056744
0.178001
0.124723
0.313786
0.217160
0.110481
0.387756
0.137777
0.199246
0.252716
0.165213
0.315629
0.079388
0.356372
0.472493
0.511142
0.176896
0.095151
0.149431
0.425667
0.367110
0.249456
0.002363
0.157161
0.549015
0.030768
0.268539
0.349080
0.064232
0.004080
0.376484
0.414497
0.470857
0.001674
0.621404
0.080190
0.638403
0.156619
0.041274
0.015746
0.531038
0.348547
0.012081
0.217756
0.064448
0.167477
0.204883
0.279140
0.137163
0.068800
0.021862
0.042112
0.095596
0.327686
0.495972
0.288099
0.187431
0.303165
0.027002
0.297082
0.178440
0.264764
0.045621
0.524558
0.110755
0.571271
0.001349
0.225329
0.302432
0.159006
0.326710
0.202304
0.311267
0.610763
0.537090
0.401899
0.415026
0.322257
0.199519
0.051235
0.114664
0.201566
0.194335
0.003275
0.032124
0.183135
0.166413
0.123309
0.528807
0.024750
0.391780
0.035099
0.244716
0.182120
0.592878
0.199416
0.467490
0.312240
0.012967
0.329347
0.214291
0.082118
0.228040
0.121000
0.518974
0.011119
0.517191
0.508462
0.156223
0.506613
0.526731
0.091864
0.280084
0.523213
0.219631
0.044854
0.123625
0.673064
0.361864
0.071461
0.671427
0.061037
0.367651
0.047517
0.096256
0.141262
0.084048
0.111924
0.393602
0.183987
0.224925
0.326773
0.106332
0.321293
0.225363
0.242803
0.502045
0.426496
0.079891
0.150588
0.450218
0.233784
0.044284
0.011752
0.305779
0.074983
0.188710
0.081688
0.011991
0.024354
0.077698
0.012523
0.547240
0.080513
0.135781
0.127651
0.056701
0.445700
0.405024
0.015175
0.203058
0.340113
0.542865
0.079837
0.218569
0.448342
0.234013
0.236319
0.061012
0.195607
0.009706
0.401295
0.010850
0.091218
0.080351
0.323327
0.357865
0.335114
0.055750
0.074007
0.070093
0.327935
0.010638
0.127139
0.362730
0.027643
0.348875
0.182689
0.275884
0.209709
0.255588
0.668684
0.078976
0.475123
0.007289
0.369817
0.182097
0.294406
0.002972
0.385580
0.113576
0.070005
0.346883
0.244983
0.044376
0.296264
0.227032
0.236449
0.304778
0.465189
0.240801
0.415926
0.312059
0.274976
0.364388
0.169837
0.174304
0.131092
0.545184
0.048975
0.082368
0.568959
0.157317
0.466334
0.267344
0.273403
0.383485
0.057680
0.163161
0.322796
0.466644
0.474812
0.351730
0.185632
0.261219
0.173676
0.012824
0.126368
0.564671
0.339940
0.128749
0.347475
0.306870
0.546656
0.049861
0.105291
0.357219
0.232837
0.604696
0.260989
0.217460
0.386457
0.090755
0.102316
0.224665
0.465532
0.059026
0.226913
0.047488
0.097885
0.099679
0.464033
0.353859
0.129010
0.032832
0.556563
0.033001
0.422605
0.001399
0.360993
0.071846
0.707756
0.646317
0.064554
0.153505
0.480739
0.079094
0.081119
0.272373
0.125646
0.312109
0.141998
0.273056
0.142709
0.266534
0.487412
0.226237
0.315030
0.264759
0.129991
0.085812
0.216638
0.013676
0.117652
0.297348
0.542335
0.064700
0.165870
0.280068
0.215100
0.349706
0.513769
0.246702
0.214881
0.075489
0.274801
0.359081
0.030678
0.150100
0.292948
0.338762
0.430550
0.425577
0.243580
0.070117
0.308758
0.248646
0.241756
0.212709
0.103997
0.556038
0.350749
0.428284
0.587179
0.038636
0.014587
0.083817
0.252977
0.401973
0.410370
0.196267
0.116167
0.519518
0.392501
0.088274
0.335256
0.087473
0.013289
0.001820
0.200308
0.002386
0.468539
0.105728
0.135209
0.154542
0.481336
0.144780
0.683342
0.266023
0.248087
0.488512
0.149053
0.001716
0.302600
0.556290
0.255869
0.197931
0.272269
0.566905
0.084517
0.301906
0.136152
0.447810
0.346935
0.622063
0.173272
0.483507
0.493545
0.053600
0.420232
0.279985
0.078157
0.328072
0.517950
0.342437
0.177258
0.164126
0.001766
0.379441
0.381875
0.228621
0.035139
0.126870
0.122144
0.195959
0.217286
0.420693
0.498094
0.279436
0.310845
0.264843
0.128171
0.403378
0.150094
0.209671
0.207465
0.147877
0.126285
0.384970
0.034641
0.088653
0.197805
0.191582
0.262271
0.188064
0.461205
0.121569
0.294488
0.240830
0.207818
0.195281
0.024707
0.516682
0.188717
0.088293
0.020252
0.286492
0.067506
0.547953
0.150210
0.210893
0.035655
0.237570
0.232885
0.026760
0.016944
0.242961
0.462403
0.029846
0.253482
0.067838
0.117248
0.096924
0.489971
0.287747
0.240079
0.455584
0.377412
0.387352
0.112623
0.613184
0.048399
0.011407
0.184042
0.096657
0.179558
0.107357
0.279746
0.160073
0.189964
0.103677
0.383515
0.438230
0.126863
0.011907
0.187034
0.449030
0.607488
0.088756
0.347500
0.200046
0.039789
0.095415
0.092458
0.399276
0.063531
0.314216
0.014892
0.337959
0.327451
0.410613
0.283359
0.615371
0.260035
0.166978
0.103507
0.255432
0.050553
0.256811
0.217139
0.087866
0.160054
0.269612
0.246115
0.438554
0.342220
0.131144
0.000794
0.235801
0.374640
0.211657
0.073801
0.068213
0.753868
0.237539
0.174760
0.358748
0.151292
0.500670
0.430963
0.388762
0.456624
0.120627
0.112845
0.339665
0.059329
0.243285
0.113860
0.317722
0.023631
0.746518
0.381074
0.165408
0.121067
0.072609
0.193229
0.604221
0.338459
0.208276
0.073307
0.126619
0.285205
0.616152
0.331920
0.290973
0.075963
0.151196
0.246553
0.041197
0.032430
0.601651
0.049727
0.208169
0.337792
0.302985
0.250475
0.226978
0.365543
0.070508
0.185070
0.143818
0.184474
0.510474
0.248718
0.276098
0.133288
0.023174
0.168235
0.116361
0.005290
0.190033
0.378839
0.377733
0.324366
0.440423
0.450597
0.161382
0.266837
0.028548
0.078705
0.399853
0.430453
0.380620
0.205163
0.159345
0.090335
0.079017
0.130247
0.527181
0.055423
0.032855
0.402652
0.300401
0.158426
0.474706
0.290328
0.309934
0.470446
0.283469
0.590503
0.087571
0.503723
0.001854
0.374526
0.104399
0.095954
0.194775
0.077135
0.332745
0.373141
0.171343
0.486591
0.330080
0.481903
0.358855
0.140726
0.204810
0.249554
0.065309
0.420770
0.273130
0.039367
0.117325
0.416655
0.046875
0.134354
0.025833
0.303119
0.297359
0.451999
0.250797
0.131921
0.273598
0.223448
0.392887
0.144039
0.369028
0.042030
0.070522
0.122629
0.213592
0.016119
0.227827
0.273492
0.276319
0.459719
0.313310
0.101785
0.429761
0.281134
0.063218
0.228966
0.384568
0.348352
0.093776
0.494520
0.006814
0.296840
0.427430
0.214243
0.296985
0.061431
0.472041
0.218986
0.225262
0.300053
0.009097
0.063348
0.298859
0.214150
0.450293
0.193642
0.121648
0.609003
0.253287
0.363032
0.140005
0.409705
0.117340
0.288523
0.031126
0.156904
0.334543
0.161628
0.292574
0.196288
0.408595
0.312889
0.305882
0.251316
0.481305
0.168981
0.073615
0.188906
0.344737
0.174682
0.255324
0.297670
0.140763
0.284212
0.539073
0.553587
0.039525
0.084333
0.004847
0.025678
0.389853
0.175825
0.267779
0.018580
0.528657
0.160785
0.432809
0.006337
0.318096
0.494460
0.387081
0.447411
0.014582
0.053645
0.195502
0.033662
0.324111
0.293811
0.229427
0.236972
0.290832
0.161485
0.111849
0.028257
0.333171
0.514437
0.090298
0.247445
0.358728
0.125533
0.282582
0.717377
0.065199
0.317041
0.018707
0.026036
0.335560
0.312636
0.303550
0.230279
0.383269
0.064985
0.176728
0.328636
0.411146
0.571279
0.043442
0.483400
0.499311
0.212072
0.212863
0.289306
0.029787
0.328021
0.159436
0.003019
0.574392
0.065507
0.087988
0.310335
0.166986
0.444123
0.125023
0.174483
0.065117
0.303465
0.386730
0.213441
0.367651
0.321896
0.236602
0.175520
0.170923
0.115642
0.095182
0.485274
0.330298
0.375262
0.127802
0.279926
0.494850
0.049502
0.238816
0.175479
0.362957
0.522533
0.283399
0.177588
0.356193
0.306353
0.382439
0.027847
0.343875
0.481562
0.107066
0.165487
0.122938
0.219938
0.244158
0.247515
0.282715
0.068197
0.470430
0.335265
0.406569
0.195418
0.006862
0.128908
0.383941
0.395048
0.086221
0.206717
0.168242
0.392019
0.520149
0.252926
0.092415
0.160944
0.087892
0.019788
0.099959
0.178297
0.400602
0.096462
0.221339
0.096304
0.577870
0.358342
0.150461
0.279465
0.059899
0.526114
0.318848
0.084844
0.354254
0.367996
0.352244
0.458929
0.072273
0.262810
0.221717
0.540917
0.150258
0.051239
0.678944
0.140581
0.128013
0.102734
0.007920
0.641679
0.315027
0.592374
0.092452
0.055485
0.222777
0.201801
0.309683
0.133869
0.250755
0.073739
0.274944
0.605783
0.385069
0.438234
0.164027
0.361940
0.156759
0.436053
0.036869
0.089355
0.073044
0.182173
0.544834
0.382784
0.060262
0.706092
0.055255
0.210351
0.268193
0.369556
0.186495
0.443158
0.043581
0.410942
0.099476
0.144488
0.093120
0.270895
0.177063
0.168444
0.241498
0.232536
0.280853
0.521681
0.271801
0.157022
0.135722
0.076191
0.366763
0.406750
0.211645
0.241824
0.111639
0.567928
0.217089
0.241436
0.287054
0.020759
0.016454
0.329559
0.335845
0.177871
0.587919
0.357821
0.506495
0.258932
0.147870
0.451880
0.175006
0.233630
0.044295
0.328126
0.564706
0.217454
0.384217
0.118207
0.164076
0.448579
0.230101
0.005948
0.381394
0.190113
0.120315
0.137721
0.153115
0.223045
0.313512
0.197918
0.063549
0.330519
0.113993
0.131901
0.100252
0.476706
0.355858
0.245339
0.216160
0.283545
0.167956
0.241914
0.287311
0.476088
0.140010
0.188747
0.014554
0.173969
0.034104
0.507577
0.734440
0.178157
0.020759
0.117910
0.391932
0.240294
0.474848
0.510718
0.359879
0.154681
0.077749
0.544555
0.441918
0.222578
0.506383
0.146918
0.074306
0.386299
0.618892
0.041983
0.144542
0.064915
0.190301
0.290839
0.041688
0.621042
0.023856
0.242337
0.292400
0.002007
0.154003
0.151927
0.423310
0.092690
0.110674
0.276566
0.075413
0.112677
0.009076
0.014462
0.077909
0.330377
0.647432
0.194106
0.053879
0.144044
0.294366
0.653450
0.013014
0.054101
0.064501
0.133845
0.578968
0.459307
0.205939
0.054522
0.156474
0.306767
0.298480
0.014218
0.088680
0.112426
0.076389
0.357695
0.074466
0.238435
0.158558
0.112558
0.404785
0.262599
0.454641
0.243996
0.221157
0.246925
0.258143
0.617931
0.230428
0.018553
0.199012
0.254474
0.444942
0.190710
0.195357
0.355116
0.172211
0.023429
0.110584
0.120600
0.065730
0.349074
0.598074
0.046638
0.265125
0.093390
0.046654
0.447399
0.249139
0.113284
0.560629
0.351525
0.344608
0.153413
0.191605
0.096346
0.084974
0.309325
0.052175
0.215290
0.244731
0.090148
0.436799
0.442433
0.078858
0.045974
0.164901
0.238981
0.009483
0.240631
0.508860
0.225233
0.024085
0.263113
0.199531
0.297129
0.309237
0.085980
0.055090
0.289172
0.032700
0.051766
0.025845
0.113163
0.284353
0.021665
0.201199
0.162609
0.177268
0.010662
0.144376
0.413307
0.287661
0.219278
0.303274
0.358433
0.203440
0.280759
0.036604
0.192505
0.048196
0.339424
0.507039
0.466260
0.132276
0.027355
0.180084
0.522793
0.396006
0.305009
0.004099
0.058759
0.402550
0.050442
0.313944
0.390055
0.185599
0.023960
0.469470
0.340552
0.326532
0.018798
0.637445
0.134561
0.583934
0.204748
0.116792
0.188215
0.566389
0.302495
0.257365
0.166312
0.103188
0.259560
0.392986
0.280941
0.050496
0.147454
0.142090
0.049666
0.084790
0.287043
0.456240
0.183417
0.122072
0.263421
0.039298
0.363985
0.215996
0.231565
0.095292
0.429853
0.070236
0.634285
0.071723
0.154974
0.390701
0.141077
0.303796
0.217683
0.183656
0.599183
0.508552
0.374742
0.439599
0.328872
0.249275
0.079253
0.091128
0.253440
0.161250
0.007999
0.009019
0.099009
0.099512
0.222000
0.620643
0.019585
0.363697
0.213913
0.290722
0.049196
0.563217
0.315419
0.500175
0.337229
0.033619
0.211230
0.081753
0.125157
0.239367
0.160064
0.468063
0.027597
0.467228
0.510315
0.158686
0.469307
0.429656
0.142643
0.054893
0.364027
0.253733
0.088053
0.124550
0.735260
0.242473
0.027097
0.570098
0.060288
0.362426
0.176605
0.062351
0.257614
0.176258
0.153297
0.445903
0.238582
0.054140
0.293402
0.222358
0.321714
0.224768
0.206974
0.518247
0.364111
0.013691
0.068527
0.325235
0.204852
0.097299
0.051285
0.153803
0.021302
0.055061
0.003661
0.069394
0.097111
0.170394
0.016357
0.671131
0.023504
0.204401
0.147957
0.008126
0.463220
0.347504
0.033836
0.251462
0.238481
0.552244
0.109634
0.207283
0.589137
0.093763
0.339909
0.113779
0.325127
0.085678
0.465489
0.006740
0.176493
0.106821
0.162186
0.305644
0.356645
0.066556
0.141219
0.034885
0.263251
0.089264
0.110249
0.452278
0.159383
0.379343
0.276046
0.252020
0.177014
0.143147
0.619295
0.111611
0.372387
0.029095
0.449815
0.228739
0.350287
0.077561
0.428423
0.169223
0.050253
0.405308
0.199834
0.086401
0.379489
0.339236
0.171325
0.284720
0.620681
0.333702
0.424830
0.344600
0.273091
0.202684
0.085478
0.460214
0.173824
0.510940
0.033716
0.226045
0.595005
0.024964
0.501306
0.370541
0.306591
0.136281
0.300068
0.049656
0.294797
0.516445
0.398965
0.346706
0.065400
0.288898
0.182893
0.095733
0.188851
0.456924
0.107898
0.026409
0.314199
0.477050
0.592556
0.073483
0.212208
0.485700
0.172529
0.635046
0.308524
0.266563
0.279502
0.037211
0.138018
0.236867
0.330525
0.011003
0.281578
0.262271
0.127299
0.140692
0.446211
0.403864
0.179421
0.153476
0.460978
0.059216
0.353448
0.092563
0.286477
0.097809
0.741892
0.494861
0.006855
0.040284
0.517347
0.041909
0.290501
0.299313
0.071865
0.142772
0.030098
0.278421
0.059435
0.194703
0.357825
0.167910
0.224094
0.100489
0.108037
0.002812
0.122591
0.047001
0.033595
0.161885
0.668300
0.251868
0.066895
0.236911
0.190453
0.436491
0.547623
0.349591
0.250146
0.128493
0.289415
0.239692
0.100188
0.106445
0.217544
0.473298
0.504403
0.414658
0.306600
0.238462
0.272855
0.432727
0.269442
0.057591
0.143990
0.483328
0.277553
0.334324
0.654147
0.129712
0.019644
0.134934
0.174392
0.418149
0.330511
0.187285
0.084135
0.461813
0.295789
0.068952
0.308703
0.046713
0.067833
0.162864
0.154012
0.133746
0.535541
0.056342
0.017156
0.150943
0.491147
0.268771
0.797515
0.204243
0.325908
0.773652
0.265589
0.076696
0.387012
0.607466
0.264331
0.181798
0.281984
0.445051
0.026196
0.287088
0.045312
0.399199
0.260978
0.600792
0.264739
0.314149
0.357474
0.011245
0.430461
0.251879
0.003710
0.394335
0.337263
0.157876
0.081554
0.248231
0.179234
0.247406
0.197171
0.381556
0.137135
0.376732
0.174196
0.251927
0.208983
0.310391
0.541065
0.469803
0.330877
0.333360
0.090160
0.493055
0.314569
0.139641
0.332078
0.067098
0.253521
0.496643
0.110205
0.128263
0.143605
0.233378
0.202895
0.162284
0.272032
0.016070
0.268603
0.354485
0.316737
0.139151
0.156491
0.319412
0.078179
0.142055
0.101682
0.255778
0.069125
0.430296
0.207492
0.206658
0.028690
0.284424
0.302958
0.239545
0.084572
0.248433
0.508867
0.114182
0.323476
0.184718
0.199480
0.072917
0.448609
0.237712
0.223960
0.183088
0.393883
0.471998
0.076087
0.675944
0.083028
0.035396
0.048394
0.230341
0.317709
0.116058
0.177985
0.163308
0.277735
0.015898
0.365132
0.412709
0.112872
0.223121
0.131258
0.497696
0.638470
0.008593
0.238669
0.154648
0.002810
0.076653
0.293164
0.374269
0.111975
0.308407
0.011210
0.308252
0.377542
0.410749
0.278333
0.465608
0.274219
0.105304
0.146955
0.200345
0.033921
0.331022
0.227235
0.045565
0.293206
0.217512
0.217962
0.294121
0.355077
0.151545
0.006544
0.321740
0.473282
0.074028
0.070182
0.184378
0.816565
0.280897
0.043152
0.435374
0.120187
0.259547
0.448547
0.324081
0.570377
0.033991
0.015468
0.212837
0.092208
0.306011
0.182834
0.231801
0.005119
0.685153
0.615885
0.263603
0.181074
0.049187
0.204919
0.652152
0.332983
0.229087
0.256491
0.034111
0.340884
0.623971
0.215222
0.352155
0.213716
0.052514
0.306047
0.067001
0.144510
0.593656
0.065234
0.165636
0.490805
0.318736
0.142175
0.218351
0.370467
0.183310
0.250369
0.082327
0.161747
0.592644
0.189307
0.357648
0.041943
0.107627
0.205201
0.122873
0.139793
0.292031
0.409827
0.388124
0.372770
0.465564
0.430368
0.155081
0.155721
0.028056
0.197074
0.612385
0.434350
0.408340
0.224201
0.206782
0.011840
0.126980
0.097728
0.328320
0.008339
0.096116
0.397976
0.188246
0.107907
0.456329
0.190170
0.244870
0.404317
0.401538
0.627302
0.093409
0.428719
0.034379
0.352362
0.104691
0.114133
0.195327
0.197791
0.377185
0.242446
0.126440
0.446945
0.286398
0.526192
0.409349
0.121243
0.163863
0.167826
0.011942
0.440347
0.431790
0.018967
0.003975
0.462470
0.117842
0.229016
0.011106
0.318507
0.418503
0.387957
0.333191
0.174590
0.170058
0.205640
0.380331
0.248987
0.276428
0.039158
0.135984
0.204601
0.206733
0.011593
0.110499
0.234367
0.301387
0.443570
0.212347
0.023653
0.345578
0.188149
0.193816
0.239354
0.349404
0.278088
0.038639
0.664299
0.042325
0.367324
0.500544
0.352368
0.379279
0.134167
0.472779
0.037009
0.281142
0.329540
0.009371
0.084214
0.333266
0.111901
0.641244
0.185821
0.199344
0.603900
0.243895
0.459451
0.183171
0.414162
0.084575
0.476982
0.077833
0.111698
0.297976
0.075069
0.181633
0.152163
0.483391
0.424410
0.250660
0.282611
0.447062
0.068723
0.021516
0.293896
0.422967
0.335624
0.138780
0.314961
0.151913
0.396685
0.487229
0.652628
0.004723
0.122051
0.051862
0.003121
0.514847
0.152954
0.353695
0.063974
0.585450
0.121593
0.354505
0.052386
0.378051
0.470786
0.123054
0.472021
0.102232
0.007993
0.308812
0.103779
0.398257
0.233675
0.411566
0.284559
0.310500
0.271939
0.001272
0.008190
0.398757
0.593008
0.191636
0.110627
0.381187
0.073880
0.392904
0.602419
0.016661
0.261662
0.025183
0.079093
0.356951
0.265968
0.332665
0.347919
0.478744
0.038926
0.185830
0.348910
0.493611
0.583602
0.032826
0.553340
0.396058
0.318798
0.232149
0.345785
0.024824
0.371946
0.085958
0.102576
0.501840
0.241951
0.021777
0.428258
0.040331
0.378364
0.188908
0.213705
0.001810
0.337038
0.337489
0.189372
0.179474
0.089549
0.189709
0.184601
0.180253
0.258613
0.156117
0.538711
0.263078
0.458276
0.044776
0.345187
0.597359
0.170517
0.131466
0.207006
0.255588
0.569082
0.364980
0.269353
0.396432
0.352576
0.393044
0.133868
0.216372
0.428643
0.018080
0.065159
0.045500
0.254956
0.166763
0.333474
0.223217
0.013161
0.479916
0.329390
0.259285
0.102525
0.029328
0.113231
0.521685
0.644573
0.149048
0.219048
0.125309
0.383488
0.759945
0.108222
0.110250
0.125532
0.063670
0.090776
0.083202
0.179467
0.373106
0.125800
0.298736
0.037998
0.629610
0.345306
0.119727
0.325350
0.154341
0.443226
0.280736
0.085631
0.427845
0.519602
0.435702
0.536037
0.107329
0.257983
0.017826
0.503987
0.095495
0.069443
0.685062
0.078451
0.161871
0.105211
0.005615
0.628681
0.322761
0.596888
0.070899
0.021957
0.096638
0.153086
0.445353
0.027359
0.264671
0.044109
0.291607
0.776396
0.353063
0.476026
0.004624
0.321058
0.164085
0.419656
0.016262
0.012220
0.149326
0.088032
0.667488
0.240834
0.029524
0.740562
0.037924
0.202262
0.348843
0.375984
0.189767
0.391487
0.109778
0.394577
0.243136
0.157055
0.067964
0.155821
0.185953
0.204440
0.240376
0.125375
0.220461
0.478370
0.245012
0.005562
0.211741
0.028855
0.311343
0.327288
0.360392
0.331705
0.122457
0.701403
0.205991
0.249738
0.444521
0.033444
0.064814
0.378100
0.407427
0.318614
0.657934
0.424675
0.553352
0.150350
0.136191
0.390189
0.211021
0.064041
0.006247
0.332999
0.510513
0.162080
0.433842
0.045217
0.160007
0.411864
0.101632
0.045007
0.326959
0.412996
0.014202
0.092088
0.136004
0.182938
0.296791
0.138440
0.040354
0.248554
0.074116
0.277534
0.081623
0.524091
0.342113
0.311068
0.259894
0.311788
0.052005
0.165465
0.216156
0.328773
0.200453
0.078369
0.188637
0.466355
0.034445
0.483620
0.721839
0.193385
0.146059
0.042868
0.423226
0.327440
0.406481
0.497100
0.317476
0.157190
0.090122
0.602993
0.287485
0.280322
0.405775
0.225556
0.100634
0.368425
0.450017
0.118629
0.151856
0.147195
0.274815
0.318420
0.064323
0.708110
0.076218
0.246932
0.274807
0.073342
0.208566
0.151349
0.354991
0.004482
0.064124
0.467847
0.107796
0.211967
0.000667
0.079114
0.211584
0.446890
0.640070
0.155105
0.074856
0.029856
0.366201
0.634797
0.075931
0.030203
0.215989
0.158396
0.730151
0.521329
0.174748
0.251845
0.023903
0.255157
0.085139
0.057474
0.131402
0.106878
0.016539
0.393264
0.017827
0.272784
0.227006
0.103244
0.457849
0.068075
0.335081
0.077601
0.152318
0.147427
0.253590
0.594236
0.289403
0.008651
0.272092
0.190070
0.407994
0.252082
0.160166
0.309247
0.172454
0.257648
0.208720
0.250181
0.112996
0.281122
0.625026
0.115442
0.147656
0.119734
0.024521
0.321158
0.331565
0.071316
0.503653
0.330101
0.246198
0.245042
0.145353
0.143785
0.188062
0.287846
0.012643
0.251136
0.242136
0.189958
0.413724
0.468000
0.054907
0.025401
0.035251
0.278800
0.070607
0.290084
0.516116
0.188192
0.090448
0.249256
0.311465
0.308976
0.360404
0.104531
0.059551
0.358321
0.000089
0.035918
0.072572
0.098856
0.281109
0.016405
0.125649
0.108541
0.167261
0.117004
0.191877
0.515349
0.355681
0.291052
0.192626
0.521902
0.143421
0.274988
0.253708
0.147065
0.072170
0.333005
0.477370
0.376982
0.119579
0.049777
0.119834
0.655132
0.376005
0.329305
0.012076
0.125392
0.241706
0.010757
0.255734
0.446206
0.313211
0.021428
0.552749
0.265295
0.145447
0.051268
0.619300
0.095278
0.403797
0.231752
0.177023
0.307617
0.513632
0.145567
0.490118
0.062547
0.086109
0.364008
0.561074
0.265526
0.031405
0.279306
0.267901
0.186647
0.299295
0.243000
0.446789
0.051800
0.045660
0.096957
0.147797
0.379043
0.299357
0.197044
0.093989
0.255789
0.027396
0.611480
0.202243
0.113500
0.482918
0.083452
0.234303
0.233839
0.017254
0.533227
0.392345
0.299026
0.394454
0.278861
0.300482
0.109763
0.108708
0.298718
0.129541
0.047268
0.055270
0.133499
0.076363
0.242013
0.666782
0.057319
0.263576
0.368749
0.339635
0.049604
0.518418
0.392604
0.402265
0.332483
0.138532
0.156560
0.039993
0.204754
0.193715
0.161383
0.369928
0.027315
0.302105
0.578251
0.094149
0.438643
0.242706
0.179422
0.156017
0.222486
0.193948
0.044522
0.356826
0.646339
0.148530
0.022613
0.480339
0.074236
0.343767
0.428407
0.145563
0.417201
0.254246
0.265365
0.407173
0.309653
0.096669
0.254571
0.333023
0.242668
0.265573
0.279229
0.409414
0.289147
0.056814
0.013982
0.198124
0.172346
0.086138
0.144099
0.137163
0.042267
0.079970
0.066888
0.140483
0.263161
0.243904
0.047238
0.712735
0.093792
0.345392
0.180604
0.029587
0.393121
0.343171
0.031240
0.327768
0.166124
0.418449
0.117363
0.182989
0.646199
0.037128
0.377761
0.253194
0.487138
0.058249
0.557337
0.071303
0.216302
0.076402
0.050185
0.183842
0.389720
0.059688
0.258426
0.029266
0.204535
0.166786
0.091766
0.451476
0.280319
0.434441
0.288939
0.250514
0.131863
0.022279
0.524399
0.080880
0.207666
0.066060
0.458548
0.216690
0.455376
0.160885
0.439381
0.278661
0.001235
0.442405
0.126244
0.173122
0.341496
0.402547
0.104336
0.171317
0.631808
0.416552
0.416207
0.304028
0.220738
0.063064
0.020457
0.729875
0.177589
0.468758
0.087249
0.339615
0.561115
0.129262
0.459055
0.423736
0.357811
0.122416
0.541356
0.010714
0.321469
0.517917
0.253284
0.285780
0.029804
0.296631
0.233999
0.184810
0.131152
0.312167
0.209963
0.118991
0.204375
0.542312
0.534177
0.076842
0.289815
0.535468
0.179896
0.552560
0.354124
0.264421
0.153996
0.046221
0.189910
0.310426
0.139120
0.031567
0.358735
0.455778
0.164363
0.213555
0.382389
0.340153
0.236841
0.209022
0.365063
0.238740
0.261056
0.187974
0.237190
0.103858
0.604173
0.356863
0.100859
0.158313
0.503512
0.163235
0.514421
0.336627
0.007291
0.080492
0.121817
0.280859
0.051263
0.099868
0.200382
0.036451
0.131772
0.021236
0.066944
0.020317
0.058191
0.103154
0.275458
0.042753
0.609315
0.333437
0.034277
0.210584
0.174705
0.475566
0.475170
0.418097
0.281504
0.176968
0.322480
0.168972
0.140729
0.048926
0.221165
0.597449
0.465941
0.345601
0.353877
0.376029
0.157423
0.508085
0.297102
0.053241
0.176067
0.373724
0.126484
0.181840
0.639855
0.208948
0.029080
0.183218
0.083149
0.372604
0.226396
0.195457
0.041922
0.351485
0.256163
0.021572
0.351153
0.006748
0.189652
0.281035
0.089549
0.266850
0.597270
0.003713
0.142439
0.104716
0.451855
0.353475
0.727156
0.136762
0.364758
0.817752
0.331952
0.138147
0.442655
0.632856
0.353326
0.097857
0.266439
0.358577
0.001969
0.325993
0.037243
0.277222
0.218012
0.590349
0.369609
0.167080
0.256477
0.134850
0.380190
0.255632
0.097309
0.354018
0.215357
0.041737
0.068643
0.271299
0.407728
0.005240
0.045446
0.472098
0.236509
0.613249
0.148225
0.343447
0.216578
0.234037
0.551387
0.564767
0.251888
0.352206
0.027422
0.586434
0.402191
0.043004
0.461877
0.006961
0.379371
0.470429
0.181295
0.093444
0.107839
0.237511
0.122472
0.170487
0.200024
0.137072
0.312831
0.466353
0.471016
0.137349
0.182576
0.176837
0.029485
0.139744
0.153880
0.187270
0.058078
0.294540
0.226025
0.164627
0.027210
0.319981
0.316471
0.513793
0.163583
0.156792
0.482819
0.187797
0.339049
0.340173
0.236126
0.025479
0.380039
0.187992
0.222492
0.029473
0.415516
0.528201
0.021094
0.580909
0.041368
0.063770
0.046095
0.368113
0.341826
0.125272
0.155711
0.158692
0.283822
0.004674
0.376797
0.357557
0.097639
0.377733
0.075145
0.584992
0.531277
0.075428
0.163617
0.121689
0.082938
0.010927
0.474087
0.404430
0.071218
0.277682
0.053758
0.182486
0.400848
0.409094
0.213818
0.330359
0.249162
0.074397
0.193578
0.166475
0.055154
0.382655
0.232820
0.209073
0.392514
0.175184
0.237640
0.141287
0.332893
0.084026
0.064643
0.448159
0.527871
0.048434
0.187975
0.249004
0.735451
0.229199
0.102381
0.519383
0.126626
0.037465
0.422098
0.259846
0.642036
0.043711
0.098033
0.156195
0.155625
0.341514
0.230777
0.160948
0.091258
0.522743
0.862592
0.362559
0.247676
0.073976
0.120873
0.641902
0.266518
0.198123
0.385192
0.246066
0.375403
0.572742
0.118831
0.384663
0.373970
0.074734
0.358390
0.169580
0.313274
0.537286
0.064036
0.174699
0.638151
0.248638
0.111459
0.204007
0.261138
0.368719
0.307756
0.010045
0.103603
0.553586
0.146973
0.470727
0.065874
0.132321
0.229968
0.183178
0.262886
0.383174
0.433719
0.301974
0.303754
0.462156
0.400576
0.088243
0.030942
0.060483
0.333864
0.706454
0.351600
0.428991
0.193673
0.264233
0.179465
0.201216
0.056982
0.145227
0.034153
0.194383
0.311384
0.029689
0.048101
0.315348
0.078931
0.244426
0.391281
0.444071
0.693510
0.125496
0.344780
0.078445
0.325690
0.348275
0.035823
0.226520
0.267523
0.376199
0.095418
0.025584
0.382458
0.199175
0.530035
0.341086
0.000873
0.109392
0.160287
0.104707
0.372606
0.432538
0.032866
0.070224
0.449442
0.272604
0.219730
0.034240
0.309646
0.423140
0.270586
0.315575
0.239752
0.055901
0.164611
0.291225
0.299820
0.139614
0.048373
0.138609
0.278979
0.180114
0.031992
0.005339
0.095899
0.359717
0.375962
0.084395
0.027508
0.313578
0.080586
0.296030
0.235593
0.339670
0.094995
0.164422
0.719026
0.063567
0.430541
0.479515
0.441263
0.423188
0.248535
0.383024
0.314974
0.317586
0.356891
0.023181
0.228438
0.355129
0.031734
0.723057
0.110601
0.319463
0.499992
0.155306
0.534204
0.207837
0.446501
0.027484
0.650926
0.180301
0.027288
0.223494
0.038710
0.135275
0.116260
0.453226
0.437776
0.118473
0.249880
0.382983
0.029025
0.019277
0.389253
0.459991
0.377659
0.012086
0.267997
0.219730
0.442396
0.343003
0.715222
0.034229
0.208330
0.150684
0.034845
0.559696
0.168030
0.429789
0.185116
0.516338
0.335599
0.237842
0.095215
0.367062
0.358344
0.151372
0.501313
0.211867
0.043463
0.362249
0.149696
0.396019
0.225642
0.505219
0.373233
0.296586
0.287518
0.078670
0.007445
0.376859
0.582938
0.272828
0.046869
0.437550
0.106849
0.446800
0.461676
0.128645
0.218776
0.057704
0.084174
0.347656
0.150773
0.430702
0.392922
0.566597
0.130677
0.105386
0.268658
0.562326
0.641677
0.078474
0.555697
0.248632
0.383183
0.266661
0.362637
0.028691
0.406425
0.043601
0.112125
0.430607
0.379466
0.045144
0.462915
0.051147
0.305542
0.214877
0.212673
0.045167
0.318874
0.241061
0.121550
0.023608
0.178616
0.162022
0.162771
0.221791
0.404000
0.271053
0.532099
0.123279
0.480215
0.062453
0.380877
0.613715
0.338879
0.067501
0.260168
0.049019
0.501580
0.438202
0.261520
0.358286
0.335852
0.374744
0.236151
0.092020
0.341069
0.009451
0.067052
0.150006
0.207069
0.039408
0.461851
0.193809
0.050697
0.458166
0.306280
0.204463
0.065563
0.055832
0.060628
0.623764
0.765415
0.188034
0.194868
0.033170
0.286016
0.907836
0.004008
0.064874
0.125313
0.083475
0.111938
0.070495
0.143545
0.338511
0.101231
0.378357
0.041860
0.589606
0.316499
0.087471
0.301230
0.147497
0.343442
0.165933
0.264744
0.415555
0.539622
0.436979
0.515331
0.155907
0.198342
0.122815
0.396634
0.009288
0.181740
0.595341
0.016922
0.161470
0.084857
0.004460
0.505864
0.246597
0.469415
0.207462
0.064434
0.014299
0.131504
0.562802
0.100217
0.282131
0.002216
0.333250
0.750848
0.271954
0.419639
0.268669
0.256288
0.111278
0.419889
0.067258
0.040686
0.225908
0.049222
0.706008
0.141646
0.069747
0.801635
0.042123
0.109892
0.391434
0.365182
0.146514
0.293062
0.168877
0.375684
0.330583
0.077244
0.006511
0.044309
0.161089
0.157397
0.168148
0.003773
0.149968
0.363597
0.174577
0.107686
0.312470
0.069015
0.269087
0.222112
0.443376
0.458147
0.172362
0.675837
0.169114
0.303340
0.541567
0.083416
0.083487
0.394071
0.368141
0.373286
0.601117
0.476298
0.603209
0.062579
0.153914
0.324384
0.299002
0.057619
0.079251
0.241296
0.531942
0.082506
0.456961
0.124708
0.190051
0.293027
0.015202
0.146815
0.246536
0.571229
0.091536
0.104793
0.152947
0.120181
0.208710
0.156002
0.009752
0.099914
0.077320
0.351555
0.012582
0.538110
0.328157
0.332538
0.197814
0.334203
0.158029
0.062910
0.147600
0.185618
0.229077
0.045580
0.409431
0.628124
0.051340
0.401097
0.605102
0.203345
0.228058
0.072940
0.410560
0.435570
0.276620
0.487889
0.219265
0.136386
0.145404
0.521529
0.083171
0.261838
0.347819
0.296532
0.058316
0.332837
0.316612
0.105382
0.177893
0.262554
0.341161
0.228029
0.048933
0.706931
0.024746
0.215062
0.309302
0.114303
0.269580
0.120849
0.282775
0.077273
0.013156
0.604210
0.150673
0.210345
0.081902
0.211020
0.272606
0.521833
0.562398
0.111251
0.248511
0.071868
0.403923
0.607878
0.205433
0.018128
0.277532
0.161444
0.746688
0.502197
0.077451
0.350482
0.065283
0.205783
0.094689
0.115566
0.188366
0.130427
0.067226
0.360260
0.149502
0.332955
0.186768
0.093886
0.467504
0.091803
0.221594
0.109719
0.081311
0.046660
0.200204
0.526203
0.296227
0.049928
0.304173
0.165363
0.339458
0.331334
0.159107
0.267099
0.105406
0.460464
0.236749
0.409340
0.150955
0.241361
0.545182
0.177822
0.037755
0.145172
0.089843
0.155926
0.368572
0.023439
0.399797
0.237437
0.165768
0.332042
0.070890
0.167408
0.266484
0.326575
0.069289
0.212676
0.257208
0.306822
0.333904
0.444097
0.047262
0.039698
0.157653
0.299889
0.200102
0.299005
0.441198
0.125409
0.186867
0.243537
0.345636
0.280327
0.428989
0.209682
0.125608
0.413168
0.011499
0.014174
0.111484
0.125657
0.228385
0.053295
0.052539
0.113315
0.143778
0.285306
0.197829
0.543970
0.396339
0.385084
0.084029
0.632284
0.069121
0.304082
0.460527
0.112692
0.124422
0.357308
0.363060
0.270997
0.127301
0.066979
0.050014
0.590310
0.350362
0.340000
0.009904
0.252104
0.079288
0.051778
0.185775
0.386443
0.431728
0.021130
0.599914
0.023921
0.002978
0.029958
0.486463
0.011085
0.178705
0.184708
0.154686
0.461267
0.395338
0.013442
0.616318
0.031461
0.063807
0.405818
0.610626
0.262093
0.018495
0.423449
0.384294
0.332503
0.472315
0.223971
0.401077
0.047131
0.049167
0.073527
0.195801
0.320711
0.314491
0.241957
0.044751
0.039512
0.018418
0.506166
0.195405
0.078001
0.482390
0.132781
0.160052
0.222080
0.208292
0.437224
0.281255
0.218675
0.301736
0.286463
0.364174
0.137745
0.122241
0.343655
0.112992
0.126382
0.044840
0.107817
0.006162
0.266989
0.604248
0.134283
0.135756
0.442963
0.336418
0.101850
0.403729
0.468785
0.257842
0.261030
0.245326
0.081288
0.185546
0.221345
0.164103
0.182877
0.205543
0.075614
0.119510
0.525648
0.002148
0.386643
0.079861
0.151888
0.331343
0.051194
0.098281
0.033761
0.548686
0.456939
0.066204
0.137962
0.326301
0.080143
0.295630
0.587161
0.196523
0.554866
0.296311
0.335642
0.302246
0.292822
0.320175
0.179427
0.374671
0.185332
0.274137
0.256720
0.338186
0.174423
0.096902
0.002575
0.127355
0.131495
0.118349
0.183585
0.099859
0.149674
0.243294
0.096958
0.195279
0.358427
0.307292
0.095793
0.652639
0.105413
0.376074
0.352865
0.070066
0.279707
0.394238
0.041170
0.362620
0.053262
0.278272
0.111645
0.086931
0.547205
0.096704
0.428455
0.409092
0.543277
0.007115
0.559317
0.074229
0.244725
0.011174
0.195356
0.034348
0.398416
0.045665
0.442579
0.006449
0.084357
0.157542
0.152191
0.354177
0.322550
0.431773
0.221173
0.224434
0.138216
0.135271
0.422353
0.016290
0.007408
0.137945
0.411085
0.146439
0.433103
0.200964
0.374979
0.280655
0.068873
0.429689
0.001537
0.254251
0.319593
0.422252
0.104169
0.020020
0.595821
0.407483
0.368016
0.216642
0.167001
0.075725
0.033183
0.852077
0.115272
0.416055
0.110654
0.411215
0.396632
0.327523
0.317682
0.427747
0.406901
0.313689
0.677836
0.170371
0.291346
0.454758
0.111380
0.194435
0.140723
0.252522
0.213354
0.251184
0.025645
0.071945
0.487098
0.231331
0.104474
0.493946
0.368273
0.018492
0.331565
0.579445
0.162317
0.395841
0.345482
0.289107
0.040802
0.132256
0.211724
0.405468
0.055086
0.011365
0.410185
0.633707
0.112062
0.316325
0.297622
0.265794
0.255205
0.202030
0.278527
0.396401
0.155617
0.327770
0.167309
0.072013
0.428992
0.165398
0.231469
0.201041
0.408401
0.222244
0.682522
0.371825
0.081877
0.013963
0.224974
0.249117
0.225542
0.076705
0.098705
0.152622
0.057425
0.042446
0.045755
0.049229
0.062591
0.194822
0.463550
0.016445
0.528049
0.424373
0.037203
0.157693
0.082924
0.446083
0.430224
0.425159
0.308283
0.246695
0.366350
0.104068
0.137974
0.031382
0.190092
0.642436
0.364612
0.331015
0.326305
0.450068
0.119626
0.549113
0.270034
0.068904
0.200447
0.188215
0.027927
0.037787
0.563053
0.294503
0.059652
0.234660
0.049456
0.290578
0.095233
0.191442
0.032777
0.249700
0.223575
0.001662
0.336256
0.079663
0.292606
0.392691
0.037860
0.459725
0.564354
0.056886
0.241063
0.057512
0.336934
0.450572
0.535869
0.001928
0.436380
0.722624
0.332433
0.178070
0.403643
0.521063
0.429590
0.014967
0.223240
0.239426
0.050924
0.296459
0.013225
0.159155
0.211954
0.512125
0.389105
0.003132
0.179289
0.244174
0.256068
0.215399
0.237447
0.267578
0.146822
0.186875
0.203586
0.349914
0.523718
0.254437
0.233742
0.483069
0.390790
0.670102
0.180164
0.417809
0.222948
0.164876
0.514554
0.629788
0.126356
0.338623
0.012062
0.575613
0.423023
0.110903
0.464669
0.113141
0.549804
0.434772
0.248976
0.013489
0.145305
0.271775
0.010223
0.262715
0.174996
0.245990
0.284295
0.505307
0.487471
0.160746
0.169437
0.055341
0.079751
0.177066
0.112276
0.143094
0.045571
0.178202
0.230576
0.134799
0.083167
0.357822
0.336814
0.680586
0.220476
0.047327
0.459996
0.172313
0.343409
0.492747
0.213579
0.134607
0.255234
0.186117
0.211036
0.188585
0.416508
0.470238
0.098905
0.450554
0.084509
0.098473
0.058813
0.480202
0.329223
0.173064
0.123645
0.159724
0.337545
0.018076
0.363427
0.249259
0.058069
0.540071
0.115269
0.635508
0.371384
0.228290
0.090714
0.111643
0.130997
0.157898
0.517217
0.468735
0.031639
0.199609
0.184163
0.002918
0.390655
0.348696
0.105126
0.209546
0.204076
0.033389
0.160269
0.138858
0.108493
0.403325
0.245406
0.248889
0.414488
0.211534
0.158986
0.036151
0.316045
0.036946
0.105817
0.523463
0.498648
0.098614
0.253028
0.231674
0.551338
0.152079
0.172338
0.551271
0.099756
0.208932
0.330419
0.148128
0.611760
0.034086
0.114910
0.146651
0.177777
0.328458
0.220825
0.099957
0.102970
0.194521
0.818819
0.378355
0.320156
0.124169
0.001525
0.531885
0.137071
0.125437
0.477515
0.411960
0.335552
0.411600
0.002162
0.421123
0.464197
0.181450
0.275406
0.353284
0.467766
0.358847
0.072584
0.201003
0.742977
0.173117
0.096239
0.199586
0.137613
0.520938
0.336699
0.051037
0.039571
0.524050
0.159889
0.459493
0.052405
0.147114
0.284598
0.201460
0.340254
0.413032
0.414194
0.229568
0.300155
0.428664
0.363198
0.034940
0.212685
0.064478
0.412983
0.645660
0.189562
0.464273
0.160484
0.263065
0.280516
0.309426
0.062615
0.034593
0.010845
0.262111
0.209856
0.109311
0.096372
0.326917
0.005521
0.164016
0.368995
0.430113
0.644068
0.142949
0.257911
0.082605
0.249130
0.521359
0.082375
0.203317
0.299580
0.305130
0.048704
0.055932
0.279045
0.076539
0.449834
0.282428
0.143403
0.005097
0.199908
0.263704
0.329344
0.344395
0.046453
0.106501
0.373339
0.389969
0.166207
0.088235
0.197773
0.394393
0.185590
0.254005
0.324050
0.045946
0.076685
0.088002
0.251720
0.066087
0.084623
0.031889
0.249696
0.194856
0.079683
0.112288
0.072568
0.449889
0.195690
0.059445
0.119677
0.250785
0.092671
0.412015
0.191677
0.280129
0.004527
0.174114
0.669362
0.146981
0.361000
0.433358
0.468085
0.396678
0.372674
0.270770
0.393598
0.354296
0.412795
0.083783
0.323887
0.396522
0.001635
0.697546
0.007782
0.389191
0.387479
0.118956
0.545581
0.203930
0.517471
0.054728
0.768679
0.253936
0.164217
0.200256
0.071322
0.098689
0.010905
0.431800
0.361271
0.090073
0.266811
0.311850
0.113892
0.065356
0.397016
0.470917
0.387248
0.120680
0.206223
0.303188
0.441301
0.113146
0.691783
0.065159
0.200514
0.199599
0.092969
0.561021
0.222730
0.567987
0.286818
0.365226
0.465702
0.115778
0.220708
0.298184
0.210330
0.345414
0.442441
0.285679
0.113301
0.375561
0.136894
0.377975
0.223936
0.508835
0.457612
0.335261
0.321777
0.169494
0.067949
0.339813
0.551530
0.309107
0.038877
0.476895
0.129258
0.393802
0.252885
0.210625
0.112662
0.004001
0.014002
0.311377
0.029943
0.450696
0.416437
0.567282
0.204045
0.002836
0.227295
0.609441
0.581341
0.001875
0.505268
0.115110
0.402196
0.321915
0.422407
0.086841
0.379969
0.015590
0.111312
0.341704
0.445591
0.134584
0.501064
0.106425
0.218072
0.152886
0.216518
0.015737
0.348729
0.162397
0.080584
0.111112
0.369733
0.201712
0.216444
0.247288
0.519869
0.386254
0.543461
0.087216
0.393391
0.213707
0.398213
0.547440
0.417630
0.089297
0.241417
0.161028
0.375830
0.532641
0.134039
0.292373
0.241271
0.363976
0.297313
0.050083
0.249669
0.001967
0.140129
0.372871
0.198619
0.108553
0.508353
0.187177
0.082818
0.347351
0.328154
0.161978
0.220548
0.129933
0.055610
0.718202
0.746882
0.221870
0.137913
0.037048
0.256287
0.831550
0.116269
0.047600
0.167652
0.075736
0.128263
0.073270
0.094354
0.307843
0.077127
0.423107
0.021375
0.503644
0.201730
0.109734
0.292561
0.121712
0.173500
0.073734
0.418553
0.460363
0.443986
0.388453
0.407725
0.197517
0.117282
0.233018
0.307938
0.041687
0.236222
0.455249
0.119971
0.151315
0.032253
0.006810
0.263011
0.115562
0.284803
0.320686
0.244870
0.013137
0.113181
0.570060
0.229300
0.335760
0.022581
0.355619
0.593780
0.145414
0.329563
0.552064
0.158311
0.055200
0.352331
0.123290
0.027384
0.288799
0.104172
0.674826
0.023727
0.088620
0.755451
0.120654
0.031511
0.399800
0.276909
0.000555
0.284074
0.165140
0.380259
0.402869
0.086443
0.101169
0.066590
0.113739
0.140944
0.071804
0.177975
0.113268
0.238980
0.122311
0.233120
0.411899
0.096476
0.240357
0.099009
0.399628
0.558762
0.151753
0.594274
0.149302
0.323570
0.553433
0.104064
0.073291
0.362088
0.334189
0.388827
0.497419
0.372930
0.639314
0.027889
0.114730
0.188726
0.297679
0.041209
0.142611
0.151336
0.506832
0.004470
0.423277
0.239853
0.186845
0.154240
0.000962
0.183185
0.206404
0.727637
0.128420
0.087612
0.183616
0.001286
0.094250
0.169085
0.041413
0.011146
0.106541
0.408085
0.129279
0.495051
0.285771
0.344551
0.114451
0.338107
0.342647
0.099417
0.108845
0.070418
0.269890
0.156075
0.585557
0.684508
0.038840
0.294276
0.473822
0.230208
0.326369
0.167235
0.350759
0.462731
0.156811
0.435482
0.198991
0.088067
0.200109
0.459952
0.138502
0.168755
0.227689
0.376389
0.082351
0.248814
0.134180
0.134159
0.175032
0.426528
0.422230
0.091897
0.042390
0.541321
0.037019
0.103571
0.344760
0.082828
0.346879
0.075260
0.230498
0.140193
0.103839
0.649114
0.177054
0.190123
0.195849
0.309418
0.316244
0.507619
0.343631
0.109845
0.466786
0.202086
0.372186
0.558356
0.323011
0.011291
0.269840
0.149270
0.584085
0.331594
0.069584
0.426067
0.202627
0.224819
0.190556
0.102066
0.238427
0.187522
0.141580
0.311560
0.280699
0.411212
0.078923
0.050047
0.409993
0.274020
0.119583
0.251584
0.079471
0.059988
0.137802
0.400951
0.229207
0.005584
0.333046
0.145805
0.219993
0.310261
0.143680
0.301589
0.029227
0.546704
0.207973
0.573927
0.150567
0.193827
0.416978
0.183888
0.164609
0.240414
0.208941
0.002693
0.369628
0.048913
0.253452
0.238077
0.019833
0.329985
0.009204
0.199681
0.245721
0.330286
0.087940
0.206369
0.234345
0.394642
0.225819
0.535673
0.019609
0.082404
0.345653
0.332666
0.316964
0.271701
0.274974
0.095695
0.253183
0.240612
0.320152
0.168155
0.405760
0.223254
0.117602
0.439813
0.065478
0.103417
0.169660
0.171867
0.152670
0.100536
0.000724
0.160305
0.010861
0.324303
0.181757
0.512703
0.405149
0.362903
0.055635
0.586975
0.013570
0.317589
0.547925
0.121979
0.281424
0.406571
0.185127
0.182365
0.123953
0.042201
0.065163
0.475036
0.305946
0.306445
0.025970
0.309709
0.007101
0.087405
0.032072
0.292068
0.484711
0.029166
0.565783
0.210297
0.091114
0.027167
0.318707
0.055377
0.003171
0.168493
0.112546
0.557151
0.260137
0.213042
0.605203
0.092149
0.016501
0.447007
0.546224
0.301736
0.057702
0.541951
0.387780
0.448147
0.649626
0.201668
0.409591
0.131043
0.147361
0.220922
0.273700
0.264554
0.357406
0.235084
0.051914
0.094064
0.044769
0.382749
0.162227
0.119018
0.513119
0.127243
0.083352
0.180574
0.359069
0.357914
0.166446
0.135691
0.191191
0.275470
0.404041
0.113539
0.116447
0.414093
0.167107
0.114054
0.025291
0.198799
0.028531
0.262238
0.420701
0.171743
0.006892
0.466826
0.341183
0.090981
0.320894
0.430247
0.070127
0.102787
0.379195
0.012536
0.308994
0.259197
0.120618
0.162970
0.075604
0.166690
0.087896
0.489567
0.106560
0.271248
0.073025
0.076287
0.386857
0.015221
0.005162
0.136467
0.648803
0.352981
0.035857
0.220223
0.253461
0.049553
0.230818
0.675630
0.159453
0.668681
0.329149
0.478723
0.171740
0.237456
0.492113
0.084755
0.382435
0.136092
0.288801
0.333619
0.078362
0.059398
0.129360
0.012791
0.133879
0.139918
0.124587
0.242774
0.147355
0.233690
0.374315
0.122169
0.241543
0.455076
0.293085
0.118939
0.543015
0.093808
0.405927
0.502495
0.121765
0.133556
0.496095
0.160073
0.361550
0.024105
0.185681
0.070828
0.088595
0.479795
0.100438
0.472716
0.491878
0.595326
0.136982
0.603162
0.070180
0.270703
0.093352
0.291059
0.082449
0.337421
0.044351
0.636651
0.024154
0.061285
0.089847
0.274764
0.301297
0.333249
0.441765
0.161966
0.248609
0.126099
0.269915
0.360208
0.082552
0.161163
0.229527
0.353220
0.073680
0.469674
0.243885
0.315795
0.293688
0.101902
0.410307
0.126334
0.239165
0.259779
0.399134
0.086906
0.143894
0.413246
0.416531
0.340787
0.108381
0.083074
0.165534
0.029983
0.793964
0.005858
0.351519
0.100162
0.403927
0.212613
0.474576
0.097999
0.361899
0.435223
0.450119
0.674791
0.245598
0.306873
0.332560
0.003891
0.091240
0.194067
0.215835
0.199115
0.294452
0.116512
0.141362
0.652801
0.316702
0.027706
0.384613
0.170428
0.108971
0.374350
0.525072
0.199407
0.275290
0.327143
0.287642
0.011455
0.224007
0.227655
0.551384
0.032573
0.053627
0.382821
0.699331
0.032173
0.406029
0.284757
0.198643
0.316680
0.085764
0.244996
0.527758
0.069559
0.404478
0.143265
0.025266
0.282949
0.016271
0.317130
0.139440
0.257396
0.260342
0.698977
0.382111
0.167945
0.029655
0.354878
0.290664
0.328683
0.091371
0.000291
0.376941
0.016332
0.009218
0.207104
0.114529
0.093620
0.192299
0.571048
0.025128
0.373134
0.332648
0.105090
0.099368
0.009909
0.363310
0.325633
0.334966
0.331390
0.293129
0.416519
0.101935
0.077969
0.105889
0.261296
0.631581
0.143817
0.250487
0.328422
0.515537
0.078186
0.551635
0.272331
0.023232
0.217839
0.021609
0.198536
0.091929
0.431847
0.272202
0.102287
0.203954
0.083606
0.210724
0.034209
0.158968
0.079258
0.147596
0.228389
0.068141
0.295299
0.140943
0.361021
0.392845
0.038035
0.555123
0.537414
0.058078
0.271751
0.012069
0.219792
0.444669
0.375360
0.082686
0.477379
0.526286
0.271099
0.219587
0.347693
0.435524
0.489963
0.171654
0.170429
0.123210
0.074945
0.273021
0.060624
0.011778
0.255491
0.484205
0.366880
0.065870
0.150306
0.342708
0.140436
0.231186
0.362304
0.164800
0.139919
0.278056
0.343510
0.411929
0.611512
0.525287
0.353438
0.442334
0.497291
0.697338
0.124995
0.403517
0.178361
0.119072
0.377874
0.572125
0.010194
0.283294
0.003448
0.533463
0.387965
0.243360
0.416987
0.195766
0.646315
0.294523
0.266592
0.052559
0.217136
0.294308
0.085033
0.381675
0.224691
0.316291
0.292064
0.485666
0.573106
0.180254
0.035139
0.047716
0.102660
0.180187
0.001172
0.123073
0.035243
0.039961
0.241684
0.124076
0.200134
0.427459
0.277642
0.757030
0.254435
0.107921
0.380479
0.173271
0.359296
0.611471
0.178385
0.253300
0.027054
0.177131
0.238449
0.249047
0.383535
0.469042
0.198180
0.228072
0.247419
0.124047
0.011518
0.527438
0.321839
0.182975
0.199437
0.082628
0.373648
0.024416
0.310775
0.060840
0.069409
0.582360
0.125228
0.587938
0.178289
0.363520
0.100715
0.060932
0.172801
0.235887
0.452954
0.534102
0.062983
0.076925
0.293374
0.225878
0.370561
0.341747
0.016602
0.137219
0.168151
0.067841
0.118552
0.179848
0.188094
0.331611
0.244460
0.269287
0.386148
0.274762
0.078892
0.139191
0.264114
0.164347
0.122631
0.601547
0.454258
0.183103
0.364757
0.165227
0.308972
0.042707
0.194896
0.543791
0.034594
0.361437
0.191841
0.070218
0.509863
0.044821
0.075037
0.178874
0.205050
0.248048
0.103196
0.095146
0.111215
0.106670
0.637795
0.368889
0.349257
0.163998
0.162568
0.374907
0.026761
0.008162
0.509652
0.542770
0.304466
0.212216
0.039025
0.419773
0.500642
0.195791
0.150328
0.520210
0.619892
0.127945
0.163144
0.238737
0.762122
0.049573
0.095939
0.190921
0.071303
0.592224
0.340086
0.104570
0.021806
0.425177
0.237308
0.457247
0.097598
0.120878
0.307171
0.199589
0.410115
0.372109
0.389263
0.149266
0.263869
0.429170
0.301356
0.192774
0.374964
0.088116
0.439538
0.453393
0.038956
0.462566
0.124339
0.215585
0.359736
0.398456
0.080922
0.011338
0.115763
0.342891
0.138482
0.251596
0.110029
0.321562
0.085456
0.128735
0.394270
0.318228
0.622685
0.156826
0.163739
0.100279
0.218112
0.647162
0.186172
0.180109
0.260580
0.232337
0.063199
0.091859
0.150378
0.011464
0.341151
0.197307
0.330230
0.062137
0.247180
0.459994
0.234783
0.141652
0.028574
0.077864
0.286108
0.448630
0.087319
0.178076
0.101452
0.320272
0.134040
0.138279
0.345714
0.067214
0.050115
0.133533
0.210815
0.056979
0.092622
0.134451
0.140465
0.224923
0.098868
0.196887
0.231805
0.598728
0.006802
0.054362
0.266242
0.184022
0.206183
0.497774
0.164725
0.289649
0.084499
0.210205
0.502353
0.162077
0.194219
0.381161
0.382155
0.310884
0.461538
0.073828
0.422499
0.352637
0.441876
0.130432
0.327054
0.403093
0.016641
0.559686
0.171608
0.452172
0.222567
0.031865
0.473070
0.173948
0.511770
0.078511
0.752543
0.330025
0.269053
0.149097
0.157430
0.133283
0.074885
0.411576
0.344953
0.289040
0.214819
0.259532
0.202206
0.088015
0.364770
0.454944
0.270349
0.216304
0.105567
0.364770
0.345220
0.130794
0.609307
0.107422
0.191132
0.241125
0.103785
0.437103
0.262237
0.636658
0.361356
0.180538
0.450512
0.073344
0.319673
0.175953
0.121067
0.435424
0.424440
0.290488
0.198380
0.258924
0.024140
0.328159
0.191131
0.494013
0.486049
0.356649
0.324807
0.143309
0.180397
0.160342
0.452269
0.249767
0.045339
0.512636
0.195154
0.284765
0.099949
0.199741
0.029449
0.031491
0.105269
0.271073
0.106296
0.459831
0.404860
0.565388
0.251508
0.201626
0.192145
0.662181
0.539162
0.036435
0.392277
0.009390
0.363585
0.370300
0.348623
0.139955
0.357031
0.025851
0.063575
0.316768
0.495332
0.153830
0.452727
0.115141
0.147064
0.101212
0.178061
0.047933
0.372981
0.156096
0.019805
0.159769
0.498457
0.240487
0.188487
0.243787
0.526317
0.510411
0.539455
0.004127
0.293040
0.290984
0.384247
0.392170
0.461473
0.096874
0.253089
0.386204
0.234773
0.590333
0.043056
0.185818
0.141726
0.351552
0.270934
0.111884
0.188161
0.040509
0.200039
0.593863
0.155719
0.254698
0.505077
0.204344
0.112434
0.256759
0.348533
0.174112
0.381762
0.177609
0.150472
0.612745
0.631670
0.166600
0.086612
0.041975
0.234638
0.623648
0.162590
0.045297
0.156655
0.103832
0.116116
0.090825
0.053431
0.269241
0.070732
0.482632
0.013171
0.358693
0.058223
0.106506
0.239979
0.027098
0.074474
0.028666
0.578101
0.442190
0.220945
0.280569
0.321775
0.215491
0.145912
0.194433
0.196479
0.080541
0.241699
0.235445
0.252753
0.126580
0.003772
0.070572
0.025940
0.012635
0.116967
0.329954
0.347570
0.039619
0.108711
0.588591
0.391986
0.366616
0.006079
0.377369
0.378775
0.007783
0.245473
0.704726
0.068367
0.041330
0.310408
0.160561
0.108364
0.343332
0.171126
0.543022
0.030106
0.128773
0.608457
0.192522
0.094958
0.255241
0.201739
0.173341
0.268460
0.122276
0.361211
0.393612
0.073686
0.228227
0.163453
0.087779
0.167863
0.067770
0.359019
0.127312
0.128876
0.050605
0.307825
0.504368
0.161321
0.254400
0.005650
0.278332
0.593135
0.207384
0.492648
0.139896
0.315823
0.441985
0.138053
0.018319
0.366180
0.270291
0.328289
0.333641
0.267587
0.554325
0.038595
0.076167
0.097051
0.300816
0.045374
0.182311
0.043544
0.425195
0.039956
0.333162
0.267807
0.169455
0.025963
0.045905
0.281568
0.141090
0.689193
0.132110
0.059939
0.231961
0.082858
0.036847
0.265686
0.065817
0.084253
0.065096
0.386985
0.296645
0.411593
0.260249
0.302803
0.018411
0.339977
0.492512
0.221020
0.072163
0.045519
0.352493
0.255424
0.721058
0.612310
0.020172
0.219700
0.305724
0.259274
0.337359
0.276915
0.253433
0.416742
0.010235
0.404172
0.156539
0.009267
0.277949
0.387635
0.321516
0.112861
0.113482
0.430538
0.269550
0.190087
0.034302
0.156680
0.119923
0.504619
0.417822
0.027867
0.154898
0.352628
0.142321
0.021009
0.417256
0.022954
0.413451
0.044103
0.185735
0.153496
0.117471
0.584972
0.195950
0.150532
0.336130
0.399329
0.275972
0.399804
0.150702
0.114015
0.583491
0.304318
0.290764
0.421936
0.411954
0.013474
0.283955
0.053282
0.363930
0.126065
0.192946
0.361861
0.326395
0.236189
0.161111
0.072303
0.290097
0.242086
0.212134
0.291330
0.399065
0.516354
0.113816
0.051711
0.386927
0.313849
0.050041
0.334168
0.091644
0.133382
0.022201
0.258672
0.128701
0.012281
0.308837
0.149077
0.081242
0.262622
0.199226
0.329075
0.139965
0.526791
0.131923
0.639685
0.128343
0.117815
0.245128
0.182697
0.299885
0.282773
0.346352
0.099716
0.349402
0.096250
0.145911
0.179919
0.136481
0.338392
0.013708
0.189224
0.175007
0.351955
0.013723
0.194898
0.239221
0.449193
0.005035
0.573012
0.056887
0.080411
0.484151
0.376436
0.400639
0.256757
0.110832
0.085003
0.262763
0.311498
0.264612
0.014550
0.425068
0.220761
0.140820
0.444305
0.067434
0.182891
0.143271
0.262204
0.118006
0.119620
0.043765
0.237914
0.105267
0.334227
0.172960
0.439697
0.418329
0.290862
0.179919
0.411571
0.049319
0.352712
0.523363
0.100962
0.454799
0.486441
0.024981
0.108198
0.136010
0.051229
0.126721
0.326963
0.291616
0.203514
0.020936
0.249148
0.012609
0.119012
0.122996
0.257000
0.489106
0.034817
0.441724
0.419713
0.122255
0.073360
0.177266
0.147857
0.055502
0.193125
0.059100
0.616935
0.118536
0.345944
0.464761
0.097538
0.007194
0.439057
0.392091
0.339311
0.066273
0.536862
0.368796
0.501140
0.728274
0.165218
0.418206
0.190900
0.232736
0.324780
0.301579
0.259252
0.361014
0.236892
0.149574
0.235711
0.160032
0.302599
0.120091
0.115177
0.504836
0.215276
0.000798
0.154137
0.402235
0.284057
0.080297
0.104971
0.146111
0.367568
0.433021
0.094964
0.111998
0.460226
0.165115
0.105268
0.144037
0.216416
0.013166
0.228299
0.215853
0.275535
0.102740
0.437280
0.367292
0.029421
0.195340
0.356508
0.115442
0.098891
0.448052
0.004701
0.394553
0.262944
0.147478
0.100750
0.072121
0.219368
0.236347
0.324963
0.153132
0.133786
0.081105
0.056681
0.346290
0.074698
0.099439
0.226881
0.621908
0.174151
0.021418
0.313131
0.192030
0.003980
0.188982
0.633935
0.109207
0.682846
0.261173
0.522117
0.009521
0.136486
0.611269
0.025388
0.298119
0.185676
0.298208
0.356659
0.089207
0.008877
0.149059
0.137753
0.168752
0.114650
0.114459
0.223746
0.159712
0.295767
0.541078
0.115206
0.237620
0.472719
0.246537
0.152414
0.459225
0.024994
0.308556
0.653400
0.180715
0.018517
0.606686
0.242791
0.281691
0.106296
0.160418
0.002940
0.215187
0.375909
0.034457
0.506507
0.480980
0.541331
0.236344
0.605514
0.062926
0.334479
0.161926
0.292847
0.220766
0.264077
0.029751
0.777852
0.057599
0.058588
0.038161
0.410754
0.206261
0.302662
0.439853
0.123278
0.256635
0.151333
0.387896
0.301387
0.183155
0.270213
0.362155
0.290083
0.016053
0.434761
0.226637
0.223844
0.257751
0.129711
0.372062
0.217365
0.186737
0.279494
0.387750
0.056649
0.265284
0.199027
0.398428
0.312427
0.041936
0.023810
0.191986
0.033578
0.614677
0.110237
0.326852
0.064858
0.344178
0.008883
0.560147
0.132309
0.220068
0.393461
0.468772
0.603992
0.280716
0.205441
0.216870
0.067025
0.005386
0.210723
0.196141
0.104403
0.309743
0.226646
0.341671
0.619022
0.379921
0.083433
0.241683
0.008905
0.213249
0.298788
0.439019
0.221202
0.173596
0.212295
0.341351
0.040101
0.252922
0.254424
0.628153
0.018530
0.069710
0.355525
0.678076
0.104246
0.469168
0.293186
0.182000
0.317807
0.076818
0.171470
0.597235
0.045684
0.463620
0.132082
0.152248
0.214677
0.163357
0.417052
0.009108
0.112515
0.271372
0.622374
0.326293
0.207193
0.045791
0.418362
0.357699
0.392723
0.168716
0.038941
0.580744
0.080199
0.058928
0.405485
0.101906
0.152557
0.249956
0.526137
0.022264
0.246983
0.211362
0.174012
0.081275
0.087847
0.188301
0.239757
0.153086
0.352431
0.311792
0.415438
0.126900
0.020591
0.166557
0.340062
0.500346
0.056080
0.205104
0.280521
0.523197
0.126294
0.569228
0.259604
0.070179
0.139959
0.032852
0.281428
0.156094
0.324091
0.236498
0.130431
0.087459
0.178702
0.153533
0.000453
0.133583
0.093639
0.107165
0.204809
0.099444
0.168096
0.178328
0.392223
0.366782
0.045590
0.534699
0.512110
0.015951
0.245227
0.049704
0.064398
0.406174
0.231034
0.151616
0.476657
0.425851
0.224507
0.186992
0.258462
0.239810
0.443819
0.279773
0.143370
0.018617
0.088326
0.224147
0.055986
0.076517
0.282262
0.395207
0.239420
0.078533
0.139287
0.422098
0.012916
0.244753
0.448162
0.100624
0.135929
0.230739
0.380517
0.506626
0.606552
0.736874
0.386992
0.351953
0.590544
0.619363
0.096908
0.336948
0.094988
0.048964
0.234703
0.482498
0.129818
0.245512
0.092192
0.416423
0.292741
0.400948
0.371787
0.262120
0.661837
0.213808
0.270831
0.111463
0.323039
0.368829
0.155090
0.465304
0.291089
0.317832
0.203032
0.393136
0.563963
0.140317
0.080909
0.107132
0.020564
0.228923
0.164869
0.155505
0.027789
0.069660
0.222523
0.100672
0.297958
0.470119
0.238409
0.683504
0.233379
0.256629
0.339939
0.167881
0.323635
0.721248
0.124919
0.356143
0.149612
0.198994
0.300521
0.248268
0.368921
0.380332
0.266817
0.056800
0.356501
0.124456
0.069181
0.535060
0.293820
0.082610
0.254952
0.037353
0.460986
0.048475
0.196452
0.130011
0.103919
0.518261
0.183276
0.489516
0.024109
0.468994
0.144502
0.008401
0.213357
0.277692
0.309241
0.537744
0.176197
0.117271
0.353028
0.350855
0.333326
0.287851
0.137402
0.035017
0.168757
0.150370
0.044767
0.183531
0.331592
0.251013
0.286295
0.196734
0.306323
0.381142
0.080693
0.218130
0.259609
0.229853
0.071742
0.533831
0.333962
0.207170
0.355623
0.099206
0.067058
0.029159
0.142244
0.454005
0.016166
0.509259
0.034148
0.008350
0.367668
0.016866
0.034204
0.230643
0.225602
0.120970
0.147319
0.114276
0.013542
0.308298
0.314361
0.349804
0.344445
0.200032
0.304231
0.168323
0.197798
0.124958
0.501491
0.532024
0.265121
0.023322
0.020450
0.393436
0.469567
0.152652
0.013430
0.546789
0.665682
0.098303
0.278584
0.265904
0.689274
0.043906
0.075533
0.201162
0.260508
0.660106
0.293635
0.222857
0.074047
0.343321
0.334411
0.336879
0.103649
0.100000
0.301190
0.131385
0.417982
0.343809
0.358081
0.130977
0.237306
0.466339
0.205422
0.352151
0.480314
0.114802
0.406827
0.178768
0.213153
0.372211
0.024919
0.122112
0.287477
0.442077
0.130439
0.032514
0.181104
0.381308
0.108524
0.353060
0.176166
0.431980
0.134881
0.011519
0.343687
0.125887
0.493806
0.129110
0.075970
0.094797
0.196619
0.610178
0.271693
0.152293
0.187069
0.158468
0.016357
0.088126
0.034780
0.060004
0.187746
0.089500
0.431417
0.093294
0.254766
0.654431
0.126777
0.149464
0.035116
0.038822
0.204615
0.523591
0.009098
0.310794
0.023193
0.273511
0.118252
0.010095
0.313323
0.009521
0.027540
0.327900
0.114021
0.122899
0.067662
0.288778
0.036405
0.314319
0.131612
0.284940
0.326805
0.687954
0.241812
0.147277
0.388535
0.117440
0.323713
0.572858
0.140107
0.271083
0.083583
0.134851
0.350054
0.246877
0.113783
0.279333
0.291902
0.187803
0.561439
0.117181
0.284666
0.323876
0.408356
0.096679
0.233500
0.404456
0.016910
0.363425
0.319074
0.397728
0.076441
0.008948
0.376258
0.076786
0.391188
0.169985
0.657799
0.342931
0.311546
0.156499
0.261739
0.191939
0.154316
0.387366
0.318818
0.499087
0.181087
0.225434
0.307866
0.111073
0.291171
0.399091
0.201294
0.231447
0.008191
0.418570
0.263712
0.333906
0.476146
0.163658
0.191302
0.287802
0.151487
0.303358
0.258783
0.674315
0.350174
0.070206
0.396556
0.186005
0.420014
0.005672
0.131999
0.402599
0.347971
0.204940
0.226172
0.081645
0.124403
0.302042
0.128544
0.445401
0.441544
0.371060
0.277607
0.041171
0.290893
0.102038
0.318019
0.126086
0.031694
0.412441
0.237980
0.155622
0.051140
0.154322
0.077144
0.087767
0.229758
0.228010
0.190694
0.371494
0.315011
0.500761
0.241744
0.404595
0.188905
0.698130
0.406553
0.073477
0.273733
0.073069
0.257005
0.405243
0.280809
0.188291
0.287746
0.075950
0.054714
0.281624
0.497620
0.134461
0.435286
0.085818
0.110085
0.018726
0.119927
0.156995
0.462415
0.212448
0.006095
0.170775
0.600302
0.284409
0.176370
0.211568
0.463410
0.565194
0.537136
0.013998
0.203845
0.340812
0.340933
0.220703
0.428955
0.109642
0.234239
0.516464
0.122936
0.559020
0.115375
0.024251
0.015897
0.359934
0.239262
0.195819
0.115718
0.130127
0.179272
0.694107
0.147860
0.368939
0.394595
0.234725
0.078676
0.143764
0.396195
0.181794
0.509715
0.242355
0.219943
0.506013
0.498976
0.090223
0.046988
0.082177
0.290166
0.422933
0.210054
0.106178
0.169229
0.081829
0.100303
0.139136
0.157447
0.259428
0.092576
0.521350
0.013592
0.193557
0.122831
0.145487
0.268096
0.054618
0.020204
0.066967
0.650135
0.466374
0.025389
0.191915
0.270651
0.205407
0.226283
0.113457
0.131343
0.055267
0.212528
0.056378
0.377960
0.050174
0.054633
0.107243
0.202821
0.073126
0.041528
0.233457
0.445728
0.103098
0.089413
0.502879
0.507305
0.420879
0.014057
0.342083
0.174294
0.124487
0.162225
0.692459
0.025625
0.109569
0.231865
0.168944
0.236415
0.362984
0.301093
0.361951
0.108359
0.092774
0.314949
0.206252
0.164240
0.063114
0.131449
0.384552
0.316451
0.003460
0.373197
0.393436
0.082924
0.329045
0.285407
0.055773
0.317592
0.222598
0.457212
0.112629
0.093585
0.035063
0.343913
0.579238
0.150133
0.299386
0.048138
0.143866
0.519742
0.223933
0.354585
0.144934
0.226140
0.269816
0.150949
0.081274
0.374775
0.198476
0.315531
0.219485
0.079637
0.392972
0.066024
0.026451
0.029228
0.265594
0.196282
0.243815
0.077140
0.288733
0.010105
0.237639
0.269513
0.143696
0.032585
0.061436
0.368765
0.053494
0.560436
0.097545
0.018655
0.255502
0.198164
0.169339
0.284874
0.080565
0.074663
0.006324
0.358222
0.416520
0.294691
0.192546
0.308330
0.051340
0.333858
0.560809
0.330455
0.070732
0.078698
0.452031
0.300502
0.741484
0.612261
0.011268
0.154237
0.097369
0.251857
0.300918
0.349993
0.123890
0.274345
0.204308
0.353697
0.152810
0.077019
0.331431
0.333378
0.461986
0.085757
0.024628
0.443786
0.482942
0.111336
0.078335
0.143429
0.037591
0.507522
0.400618
0.112671
0.283951
0.150290
0.204689
0.232905
0.448977
0.069281
0.556287
0.150180
0.173499
0.193537
0.132911
0.492375
0.126308
0.052329
0.365559
0.425960
0.249646
0.272290
0.061375
0.187387
0.685747
0.367263
0.208672
0.230644
0.459366
0.050826
0.301298
0.033277
0.169540
0.113456
0.309486
0.245557
0.456100
0.304929
0.092721
0.016618
0.344124
0.277809
0.273285
0.295048
0.508572
0.537699
0.308791
0.076969
0.265848
0.314789
0.013753
0.284607
0.179834
0.129387
0.113567
0.103388
0.050710
0.054743
0.268003
0.142868
0.097008
0.165801
0.294409
0.372725
0.154436
0.466776
0.000440
0.656777
0.055598
0.068818
0.059816
0.190803
0.347746
0.376296
0.409232
0.158568
0.280601
0.179707
0.062702
0.189071
0.317109
0.345638
0.108552
0.173825
0.009798
0.314316
0.093548
0.193771
0.211485
0.460554
0.195999
0.547301
0.119704
0.051236
0.546166
0.403721
0.416605
0.239808
0.049243
0.087170
0.212865
0.377878
0.186189
0.188811
0.418192
0.142725
0.114947
0.453295
0.046456
0.209979
0.067717
0.328044
0.111346
0.128233
0.054930
0.316077
0.254118
0.205120
0.197886
0.386844
0.387386
0.163118
0.248552
0.187760
0.065500
0.374809
0.387524
0.138120
0.595128
0.531548
0.171320
0.075830
0.153426
0.135640
0.228325
0.265998
0.263514
0.103727
0.124309
0.207554
0.025414
0.239216
0.318115
0.217194
0.523193
0.003488
0.302795
0.482814
0.099186
0.124214
0.124418
0.279545
0.053546
0.223766
0.009675
0.510318
0.029845
0.368360
0.336624
0.108208
0.014301
0.390558
0.166667
0.314577
0.113165
0.492449
0.283573
0.456195
0.710450
0.141668
0.416293
0.219504
0.254805
0.433618
0.346570
0.269839
0.391650
0.204297
0.266903
0.301453
0.270962
0.243986
0.079790
0.118654
0.487180
0.272771
0.090779
0.152961
0.335339
0.225963
0.014469
0.118961
0.108444
0.404753
0.482505
0.053591
0.138709
0.402205
0.190486
0.002799
0.227447
0.292405
0.067941
0.165533
0.007800
0.338982
0.216196
0.377686
0.352643
0.035852
0.092213
0.264197
0.317667
0.240489
0.450496
0.090709
0.367149
0.354004
0.165605
0.022236
0.238007
0.280436
0.364606
0.162390
0.198530
0.029519
0.054945
0.039438
0.203889
0.012836
0.189199
0.354421
0.444191
0.051162
0.086878
0.382232
0.151573
0.109740
0.148624
0.585077
0.009688
0.653137
0.187247
0.549676
0.227659
0.057268
0.562191
0.075046
0.175982
0.294104
0.337404
0.408390
0.235946
0.003253
0.225323
0.236799
0.240443
0.126289
0.028690
0.167604
0.196944
0.320213
0.631958
0.048925
0.178135
0.500864
0.157202
0.162539
0.427329
0.017328
0.226112
0.660834
0.227147
0.058446
0.608341
0.282061
0.197024
0.117290
0.169224
0.108181
0.309405
0.318833
0.025043
0.477439
0.383898
0.484988
0.357686
0.644921
0.108406
0.373172
0.223725
0.242407
0.310431
0.201684
0.012118
0.809923
0.117922
0.119169
0.041343
0.511053
0.140532
0.202159
0.411877
0.068843
0.299175
0.215508
0.441636
0.229823
0.294133
0.336971
0.490242
0.257832
0.073976
0.393818
0.184237
0.177151
0.198781
0.184206
0.326694
0.252512
0.082331
0.260296
0.463845
0.015868
0.317924
0.008124
0.398514
0.299050
0.001109
0.146594
0.169285
0.021952
0.397671
0.216096
0.278262
0.000158
0.189866
0.141490
0.549204
0.311234
0.089143
0.343818
0.466463
0.524638
0.130903
0.119258
0.119545
0.074023
0.053668
0.108181
0.246453
0.066314
0.285308
0.346403
0.363208
0.431462
0.473131
0.159405
0.018664
0.089720
0.346602
0.257401
0.327961
0.266621
0.075932
0.127691
0.356823
0.152337
0.257351
0.280765
0.674826
0.009356
0.025625
0.325795
0.559154
0.196361
0.494323
0.367500
0.194713
0.250761
0.299199
0.103792
0.598265
0.177851
0.445193
0.127381
0.288700
0.191443
0.164944
0.445626
0.145181
0.003159
0.263663
0.469672
0.257207
0.260694
0.140637
0.506210
0.399760
0.353179
0.262490
0.090764
0.709233
0.114111
0.144939
0.563319
0.139152
0.276541
0.282046
0.470100
0.028305
0.160391
0.029197
0.227170
0.094022
0.097545
0.034013
0.070018
0.045262
0.345334
0.256187
0.332237
0.183632
0.102101
0.190823
0.443606
0.378254
0.267235
0.081360
0.290757
0.445792
0.184503
0.495501
0.241719
0.171862
0.043433
0.005439
0.339965
0.144395
0.207417
0.120088
0.161946
0.050630
0.255399
0.100416
0.054291
0.139708
0.097438
0.054805
0.173210
0.143250
0.065392
0.208784
0.417445
0.279658
0.002922
0.427370
0.539353
0.034027
0.213554
0.093850
0.037906
0.336501
0.130527
0.145082
0.431140
0.286033
0.209435
0.195406
0.197518
0.088717
0.307293
0.344759
0.124271
0.108622
0.087802
0.215735
0.118037
0.134899
0.329183
0.290424
0.088332
0.025111
0.157404
0.487750
0.108393
0.299966
0.465011
0.032506
0.117354
0.093776
0.428399
0.543987
0.584408
0.821752
0.378804
0.250725
0.545413
0.536670
0.011065
0.237688
0.005127
0.014856
0.053627
0.323916
0.216821
0.182958
0.234438
0.335318
0.145842
0.500987
0.371061
0.227104
0.505811
0.071839
0.238418
0.180731
0.347677
0.328293
0.192282
0.492574
0.418911
0.243549
0.154241
0.239257
0.573510
0.128395
0.239561
0.205467
0.148494
0.289165
0.316207
0.166907
0.043277
0.157936
0.188954
0.137162
0.418899
0.439147
0.221700
0.534876
0.154961
0.448996
0.261461
0.190062
0.214734
0.743193
0.085279
0.465413
0.286899
0.139921
0.363081
0.153036
0.354020
0.276240
0.311962
0.103649
0.435794
0.117339
0.159247
0.493217
0.271475
0.068705
0.328454
0.003396
0.540546
0.086893
0.078185
0.309675
0.127027
0.400679
0.229531
0.369302
0.204871
0.428548
0.265129
0.042375
0.237725
0.286198
0.139448
0.540271
0.408279
0.259270
0.380527
0.383566
0.306210
0.237981
0.274120
0.016032
0.133238
0.163702
0.048006
0.184164
0.458628
0.140349
0.360460
0.120680
0.183820
0.437419
0.120240
0.195052
0.214987
0.332379
0.056567
0.447770
0.222540
0.168859
0.406524
0.027767
0.119049
0.018472
0.006026
0.298473
0.052997
0.567995
0.059440
0.054178
0.268660
0.009836
0.034577
0.319635
0.275831
0.067808
0.437531
0.104064
0.038859
0.390496
0.093549
0.357965
0.273522
0.256139
0.435783
0.053538
0.294270
0.266319
0.458511
0.419424
0.248233
0.152835
0.106295
0.310020
0.382221
0.082321
0.174717
0.445028
0.590454
0.295553
0.260878
0.297209
0.506988
0.171780
0.093577
0.256410
0.474080
0.640807
0.258732
0.277725
0.076777
0.193435
0.393958
0.239650
0.125028
0.002230
0.277920
0.090446
0.397177
0.364315
0.352455
0.114878
0.107826
0.486444
0.126810
0.465090
0.463047
0.157567
0.321029
0.063616
0.323148
0.221412
0.033469
0.059596
0.244550
0.473477
0.173083
0.043547
0.218217
0.426038
0.071528
0.387111
0.176036
0.393549
0.145867
0.043849
0.341157
0.151529
0.376607
0.060433
0.012492
0.084763
0.176225
0.558258
0.300712
0.132639
0.037864
0.083740
0.141369
0.097913
0.040544
0.080923
0.015721
0.003157
0.447471
0.082897
0.231631
0.736308
0.007232
0.479841
0.025812
0.223150
0.129261
0.537404
0.149752
0.411902
0.071921
0.147582
0.107640
0.169579
0.241130
0.108086
0.133362
0.444115
0.005268
0.246384
0.033458
0.408958
0.200204
0.369936
0.115527
0.340084
0.398224
0.697122
0.408493
0.214869
0.425788
0.092275
0.348359
0.597419
0.123010
0.312524
0.087214
0.102289
0.151620
0.262448
0.338114
0.153369
0.167331
0.064984
0.640661
0.343202
0.215029
0.288429
0.293698
0.020823
0.128755
0.349168
0.047344
0.144961
0.420656
0.362512
0.069933
0.114113
0.288928
0.029137
0.259883
0.223535
0.561884
0.346211
0.328377
0.184434
0.364113
0.332300
0.201009
0.335334
0.272183
0.619319
0.058386
0.210344
0.368220
0.065526
0.204899
0.368716
0.075830
0.211748
0.057700
0.465758
0.153010
0.489365
0.320182
0.270011
0.237424
0.350828
0.216880
0.172495
0.229261
0.550104
0.279072
0.026714
0.244310
0.248303
0.465415
0.142581
0.215673
0.297107
0.281992
0.080770
0.257766
0.157554
0.320040
0.269262
0.072289
0.377587
0.357390
0.345500
0.148419
0.140018
0.335686
0.438298
0.178904
0.019102
0.083129
0.359159
0.278140
0.081804
0.068294
0.099865
0.112738
0.071900
0.321955
0.200348
0.249891
0.334879
0.210853
0.465483
0.194117
0.569034
0.253052
0.578878
0.259270
0.042382
0.120042
0.003586
0.142539
0.376759
0.280371
0.256565
0.278973
0.174472
0.023901
0.244597
0.380521
0.060449
0.373022
0.047018
0.105684
0.070762
0.033974
0.221943
0.497535
0.262425
0.022382
0.112581
0.624960
0.240222
0.092718
0.240490
0.303772
0.566310
0.461326
0.004995
0.164316
0.323186
0.266835
0.075067
0.358189
0.068307
0.215652
0.516112
0.029455
0.401522
0.309470
0.126762
0.111138
0.393762
0.183799
0.115355
0.087919
0.189150
0.159732
0.723479
0.098258
0.421300
0.333469
0.274249
0.018850
0.094611
0.369777
0.195090
0.577106
0.265773
0.213552
0.296711
0.286988
0.039342
0.017656
0.116241
0.272239
0.239519
0.153072
0.163686
0.139269
0.080342
0.052314
0.200208
0.207296
0.273339
0.125018
0.564666
0.061454
0.013922
0.243815
0.174985
0.311219
0.140426
0.047608
0.131989
0.631116
0.333740
0.166986
0.113389
0.224114
0.158252
0.248866
0.070778
0.106087
0.028784
0.122554
0.128258
0.458588
0.056122
0.102667
0.152145
0.348477
0.108472
0.019482
0.037643
0.464425
0.158202
0.050151
0.392835
0.546829
0.448315
0.049571
0.305408
0.001814
0.202950
0.055304
0.557905
0.085843
0.146341
0.184149
0.197780
0.356973
0.341839
0.392503
0.211436
0.164079
0.072922
0.010882
0.205236
0.274831
0.130762
0.146945
0.603250
0.335750
0.115378
0.261684
0.368361
0.018343
0.430448
0.321890
0.038675
0.514660
0.408958
0.465109
0.097404
0.057377
0.118661
0.298429
0.565798
0.163620
0.368668
0.021433
0.037388
0.398167
0.286031
0.159607
0.125057
0.137363
0.063274
0.132787
0.189807
0.405224
0.057695
0.204829
0.128113
0.046543
0.146648
0.059839
0.024803
0.029812
0.248575
0.324464
0.339871
0.223378
0.202665
0.071242
0.152322
0.217807
0.150699
0.088741
0.064633
0.508850
0.039391
0.356531
0.021611
0.117144
0.292179
0.319197
0.229972
0.305917
0.041154
0.092077
0.017119
0.322719
0.577456
0.179619
0.135388
0.292330
0.124456
0.294813
0.598708
0.371579
0.070148
0.063515
0.417627
0.256232
0.601187
0.496010
0.001567
0.099643
0.099578
0.260947
0.208364
0.381726
0.021475
0.151743
0.400125
0.288303
0.093511
0.146562
0.388312
0.231899
0.483541
0.038287
0.071062
0.444187
0.590504
0.086239
0.052478
0.046382
0.047768
0.412182
0.301826
0.214235
0.362996
0.039615
0.295066
0.429284
0.437418
0.127144
0.713700
0.272827
0.115576
0.181550
0.087745
0.380939
0.027044
0.123735
0.312516
0.400233
0.210082
0.119542
0.196603
0.282769
0.657280
0.326591
0.180040
0.015740
0.491898
0.076601
0.222340
0.144062
0.039611
0.253733
0.353293
0.010741
0.480174
0.345347
0.024134
0.029037
0.396297
0.281136
0.264785
0.287757
0.563746
0.479002
0.493954
0.209253
0.183649
0.220911
0.042423
0.125529
0.266864
0.044698
0.285560
0.032530
0.002581
0.088798
0.242183
0.149958
0.294007
0.086318
0.482333
0.353832
0.137467
0.326261
0.160635
0.616173
0.034616
0.080871
0.092096
0.233044
0.352026
0.412655
0.400679
0.207823
0.232946
0.176810
0.007932
0.100533
0.414357
0.363102
0.157783
0.098804
0.150045
0.276390
0.148829
0.122639
0.171826
0.456243
0.371630
0.356308
0.144506
0.023068
0.524027
0.445824
0.412604
0.250344
0.217806
0.062604
0.185365
0.421336
0.044455
0.374492
0.451767
0.110182
0.190670
0.463206
0.058556
0.217959
0.059501
0.364265
0.188561
0.094165
0.072993
0.376328
0.326252
0.076778
0.214063
0.305093
0.343074
0.020247
0.241223
0.000784
0.074295
0.416341
0.183884
0.153962
0.565812
0.471011
0.278089
0.051523
0.140940
0.216028
0.239358
0.225411
0.237784
0.050587
0.264253
0.112731
0.061798
0.338764
0.373801
0.185191
0.539473
0.024579
0.145573
0.469316
0.038287
0.142337
0.071720
0.385748
0.041325
0.272820
0.046056
0.393352
0.153922
0.315957
0.138919
0.119162
0.097716
0.343127
0.035201
0.234267
0.189737
0.471987
0.187167
0.379218
0.569781
0.111219
0.419388
0.142735
0.247794
0.412337
0.383966
0.325833
0.401497
0.212652
0.349864
0.304467
0.360300
0.161506
0.037587
0.091769
0.404915
0.385308
0.164051
0.192881
0.179126
0.144635
0.002315
0.153185
0.079414
0.376999
0.508743
0.020370
0.180159
0.290211
0.138906
0.079790
0.283918
0.290075
0.067060
0.086524
0.135235
0.416730
0.315255
0.249200
0.328466
0.044913
0.000992
0.188249
0.483907
0.311467
0.383017
0.200851
0.276858
0.385582
0.260444
0.022242
0.361484
0.317130
0.335091
0.084022
0.220139
0.037733
0.063610
0.013065
0.048247
0.081686
0.176701
0.460687
0.248251
0.085302
0.130843
0.472726
0.115031
0.191009
0.143871
0.448880
0.061869
0.542352
0.096974
0.429836
0.408389
0.030771
0.422207
0.091258
0.071588
0.453867
0.385538
0.395661
0.293942
0.028451
0.270032
0.343965
0.297863
0.151098
0.057982
0.100684
0.202945
0.334327
0.677748
0.055389
0.130876
0.421196
0.064815
0.209795
0.383133
0.077677
0.068414
0.579227
0.278780
0.059567
0.535046
0.285583
0.067766
0.134456
0.220817
0.239954
0.381095
0.288960
0.136735
0.437561
0.275485
0.395593
0.403220
0.537547
0.076878
0.468844
0.292752
0.089569
0.316739
0.147099
0.034012
0.782113
0.211841
0.199525
0.020321
0.524223
0.090539
0.095579
0.305211
0.004230
0.299424
0.323701
0.435051
0.151485
0.385311
0.421665
0.552302
0.249409
0.205949
0.202519
0.127940
0.204120
0.030165
0.252557
0.299462
0.219527
0.009535
0.269507
0.579547
0.010392
0.292379
0.098647
0.336335
0.261603
0.013924
0.210858
0.114849
0.044722
0.217411
0.260886
0.222996
0.127359
0.004984
0.271593
0.499084
0.417563
0.016633
0.196169
0.362472
0.435289
0.023300
0.017202
0.061918
0.041552
0.126297
0.039664
0.302519
0.024407
0.298099
0.474218
0.218492
0.147910
0.521134
0.184584
0.199567
0.077536
0.383528
0.132122
0.272891
0.303217
0.021130
0.006213
0.375507
0.289832
0.249933
0.304959
0.620183
0.040212
0.055182
0.288958
0.342493
0.263322
0.482104
0.378351
0.218682
0.138865
0.517235
0.014147
0.509562
0.246271
0.358669
0.054179
0.352029
0.210955
0.090818
0.371483
0.303987
0.041689
0.192930
0.244269
0.174859
0.297433
0.182995
0.433397
0.386284
0.284531
0.364896
0.083597
0.668707
0.150613
0.248824
0.654492
0.076607
0.414507
0.265394
0.313187
0.119463
0.155323
0.281905
0.181373
0.152816
0.103026
0.308948
0.036131
0.243773
0.302857
0.189641
0.204812
0.255079
0.202119
0.183091
0.483915
0.286779
0.384869
0.029003
0.293943
0.311317
0.315800
0.369328
0.153030
0.284321
0.066631
0.122222
0.361841
0.036835
0.095698
0.009360
0.156838
0.160080
0.306062
0.080136
0.074442
0.192713
0.020001
0.043295
0.111694
0.183022
0.022480
0.225543
0.404149
0.199751
0.077948
0.387193
0.561805
0.067887
0.142555
0.069201
0.097950
0.283983
0.071215
0.098967
0.370580
0.212022
0.173958
0.254922
0.122418
0.063522
0.124427
0.307684
0.084772
0.123835
0.142091
0.159743
0.174949
0.176709
0.358636
0.143184
0.103225
0.076999
0.178459
0.504126
0.215401
0.299534
0.475943
0.021008
0.132570
0.134731
0.370262
0.539976
0.438489
0.723554
0.346168
0.159004
0.541580
0.353653
0.009787
0.174346
0.109374
0.045943
0.047360
0.197762
0.263935
0.180923
0.383364
0.198555
0.025880
0.566801
0.329612
0.248703
0.365298
0.043082
0.227927
0.189794
0.357936
0.321769
0.198217
0.462127
0.470871
0.089315
0.091462
0.078956
0.462575
0.078066
0.332843
0.298095
0.415929
0.263240
0.405896
0.210154
0.098384
0.175318
0.179841
0.209951
0.518740
0.407344
0.226974
0.360693
0.028826
0.555318
0.222408
0.169639
0.128677
0.678355
0.082284
0.465799
0.351387
0.087110
0.388779
0.013908
0.372382
0.129184
0.348375
0.169206
0.466931
0.064788
0.272436
0.381343
0.303408
0.161012
0.282649
0.036546
0.615438
0.088845
0.035167
0.390374
0.064388
0.285056
0.321843
0.231840
0.321882
0.336214
0.352905
0.116585
0.219075
0.264611
0.001537
0.449779
0.627560
0.350517
0.396201
0.331851
0.290539
0.169067
0.381063
0.033720
0.039335
0.194549
0.012988
0.196674
0.583356
0.079492
0.460656
0.061294
0.023770
0.410953
0.158648
0.142395
0.176171
0.426037
0.035831
0.277868
0.076674
0.014931
0.396558
0.037214
0.194425
0.080706
0.171491
0.108130
0.121657
0.486497
0.075286
0.074778
0.180641
0.019371
0.063472
0.379083
0.227993
0.266578
0.690843
0.100219
0.130714
0.381699
0.118043
0.416918
0.121478
0.330817
0.518994
0.059635
0.302894
0.412369
0.348865
0.164365
0.227988
0.250240
0.181845
0.201479
0.290853
0.022357
0.334742
0.318995
0.445785
0.463022
0.240904
0.275364
0.300894
0.219369
0.155395
0.342550
0.548395
0.539812
0.185371
0.351045
0.062936
0.062299
0.407790
0.070892
0.141782
0.101828
0.205667
0.035976
0.290125
0.432149
0.308417
0.128627
0.040522
0.444386
0.056519
0.454712
0.355882
0.195919
0.159858
0.234120
0.315476
0.066896
0.105467
0.043142
0.141951
0.469945
0.234912
0.028583
0.170916
0.415345
0.023132
0.342522
0.229867
0.424146
0.163484
0.149898
0.273283
0.333982
0.250964
0.017397
0.015203
0.066706
0.122080
0.368859
0.402929
0.062366
0.153890
0.041653
0.248873
0.086687
0.051438
0.135224
0.170266
0.036688
0.380177
0.042464
0.192880
0.664431
0.021311
0.736390
0.045046
0.453163
0.078263
0.528289
0.283552
0.432138
0.147512
0.002986
0.118020
0.286992
0.170847
0.218792
0.244909
0.550904
0.197390
0.275754
0.029609
0.491689
0.360330
0.398615
0.109481
0.355745
0.402486
0.612994
0.516265
0.320180
0.424954
0.028451
0.333581
0.578519
0.063081
0.320048
0.005569
0.023472
0.068348
0.343600
0.525828
0.022072
0.053456
0.081665
0.616112
0.489043
0.083292
0.218654
0.150277
0.070711
0.029405
0.300579
0.105337
0.023233
0.461475
0.319974
0.178524
0.140395
0.243184
0.151791
0.163615
0.272290
0.462747
0.232489
0.249327
0.231728
0.393078
0.440618
0.276850
0.329413
0.230206
0.613470
0.025359
0.172769
0.339309
0.010569
0.110555
0.299470
0.004718
0.208131
0.074812
0.539386
0.076750
0.541556
0.187605
0.405608
0.245928
0.320594
0.335092
0.128391
0.150681
0.376185
0.175186
0.061767
0.121674
0.257427
0.472083
0.269790
0.295396
0.100236
0.193717
0.000983
0.308594
0.386879
0.464349
0.214887
0.036270
0.248328
0.264305
0.272457
0.026842
0.263400
0.363335
0.688508
0.091466
0.156466
0.201647
0.303162
0.242727
0.004565
0.043707
0.033377
0.092857
0.068024
0.406504
0.155229
0.225412
0.329089
0.146160
0.365948
0.086030
0.597046
0.312666
0.428771
0.033100
0.068525
0.011556
0.108394
0.009721
0.325035
0.298996
0.269025
0.267113
0.269836
0.012115
0.193603
0.217584
0.008816
0.378988
0.013057
0.128681
0.184856
0.026682
0.280136
0.513328
0.309104
0.056403
0.012085
0.462040
0.206359
0.020785
0.300057
0.154989
0.485370
0.328689
0.064154
0.126389
0.278566
0.209644
0.009653
0.216212
0.097109
0.147180
0.459307
0.007109
0.235142
0.468915
0.228148
0.205660
0.420258
0.143726
0.012419
0.074578
0.251150
0.088660
0.616758
0.110254
0.368767
0.245334
0.331636
0.026938
0.107339
0.335474
0.200056
0.532973
0.298235
0.157268
0.188634
0.105544
0.139870
0.022867
0.181483
0.238537
0.105219
0.073236
0.143534
0.168198
0.077407
0.012956
0.276137
0.206710
0.332516
0.211265
0.531686
0.107799
0.118763
0.302111
0.240234
0.337706
0.184700
0.116754
0.122621
0.596947
0.169482
0.283405
0.086695
0.217686
0.088673
0.253659
0.223277
0.135910
0.065536
0.028280
0.227660
0.523837
0.161407
0.209951
0.213066
0.465627
0.161374
0.071293
0.173187
0.470837
0.181646
0.069506
0.262162
0.456934
0.431864
0.067992
0.244128
0.108634
0.207305
0.031471
0.388059
0.078906
0.138609
0.113832
0.185146
0.445630
0.258113
0.466411
0.084744
0.230906
0.014977
0.270131
0.204432
0.350219
0.245676
0.182043
0.781736
0.336044
0.216122
0.144275
0.348486
0.022588
0.469014
0.341709
0.071494
0.677431
0.546782
0.454270
0.072515
0.019066
0.194562
0.260526
0.454808
0.120949
0.417817
0.146763
0.038083
0.243746
0.286234
0.015833
0.094814
0.016061
0.111954
0.091525
0.283387
0.429289
0.021350
0.121809
0.119015
0.187330
0.021843
0.023924
0.006419
0.076055
0.142458
0.456771
0.459817
0.354486
0.101930
0.151258
0.116080
0.060180
0.135662
0.072318
0.049764
0.538075
0.071291
0.228794
0.092343
0.222613
0.303178
0.481194
0.261770
0.251724
0.043504
0.068171
0.028629
0.325204
0.627804
0.099239
0.060981
0.308195
0.176797
0.302482
0.515583
0.391951
0.130521
0.059672
0.347539
0.148565
0.418032
0.360712
0.005051
0.041565
0.270155
0.222979
0.137108
0.334062
0.066798
0.035847
0.566972
0.217799
0.061705
0.189374
0.391282
0.176505
0.378144
0.016488
0.118583
0.411339
0.624427
0.059967
0.025117
0.094375
0.085784
0.310322
0.217065
0.225193
0.464728
0.060516
0.315572
0.646664
0.333485
0.140706
0.782353
0.296516
0.079259
0.225458
0.051306
0.287806
0.140499
0.254229
0.276133
0.322249
0.173867
0.047960
0.274876
0.368667
0.571781
0.215705
0.161571
0.113757
0.497828
0.121646
0.159757
0.177171
0.044242
0.327628
0.354852
0.266399
0.497990
0.384074
0.139869
0.093925
0.449214
0.285771
0.233756
0.271295
0.455014
0.305461
0.600213
0.370975
0.068683
0.141205
0.044755
0.077639
0.424794
0.107246
0.394973
0.159791
0.037812
0.184473
0.258671
0.139607
0.420888
0.072187
0.568239
0.319703
0.084212
0.141048
0.330518
0.502907
0.018687
0.151398
0.160428
0.260615
0.285780
0.395092
0.349527
0.234125
0.196214
0.158260
0.044052
0.081726
0.436679
0.333980
0.187973
0.011768
0.300026
0.217038
0.166937
0.019333
0.106056
0.480344
0.486490
0.156510
0.228745
0.042342
0.402862
0.431222
0.375149
0.277959
0.353582
0.063944
0.222120
0.410354
0.109626
0.567488
0.429089
0.049400
0.223913
0.468998
0.154247
0.167562
0.116004
0.354000
0.287358
0.074161
0.131938
0.418389
0.376891
0.054743
0.261413
0.191369
0.312708
0.112673
0.192316
0.152174
0.098483
0.440797
0.074794
0.187135
0.463169
0.321217
0.362767
0.050582
0.069231
0.251143
0.230942
0.208263
0.156353
0.064460
0.381638
0.036945
0.163249
0.481830
0.375192
0.162917
0.460221
0.046170
0.038899
0.330736
0.040099
0.077780
0.028204
0.390609
0.043532
0.305549
0.063079
0.238715
0.237477
0.231242
0.074927
0.100178
0.196266
0.336906
0.203034
0.182976
0.371777
0.420124
0.068422
0.327464
0.365879
0.085190
0.434908
0.031340
0.162315
0.319822
0.473739
0.387026
0.466743
0.235308
0.402489
0.221077
0.349864
0.103397
0.073829
0.121758
0.306619
0.362973
0.223312
0.282545
0.012424
0.126387
0.002314
0.170898
0.050515
0.227278
0.460545
0.007544
0.218331
0.234027
0.123688
0.212174
0.337613
0.319010
0.063386
0.022841
0.268243
0.465079
0.463789
0.094252
0.304123
0.037812
0.036015
0.065552
0.611722
0.270451
0.254562
0.339101
0.127349
0.387549
0.345283
0.056114
0.370413
0.377199
0.228379
0.237934
0.183539
0.053465
0.179279
0.015343
0.153480
0.276808
0.133928
0.555319
0.089398
0.180293
0.243797
0.490020
0.148736
0.241477
0.190658
0.296770
0.209787
0.378934
0.072436
0.339733
0.475870
0.104441
0.098907
0.053786
0.007286
0.562742
0.447153
0.426205
0.345891
0.102981
0.353683
0.348245
0.359772
0.207491
0.155413
0.089820
0.231846
0.312482
0.617164
0.148174
0.122084
0.335081
0.020377
0.241062
0.346882
0.092678
0.004418
0.422564
0.298087
0.013549
0.371787
0.309764
0.027240
0.103980
0.298259
0.357319
0.408400
0.334686
0.244595
0.341407
0.180146
0.433621
0.483606
0.419906
0.030612
0.561403
0.335734
0.119954
0.281960
0.138613
0.065817
0.665358
0.331803
0.127711
0.037311
0.460380
0.114812
0.005106
0.146035
0.109709
0.370071
0.444809
0.404214
0.077537
0.416695
0.512785
0.582360
0.307303
0.272488
0.083594
0.082027
0.287059
0.099372
0.311911
0.274178
0.137416
0.048721
0.199562
0.582505
0.051165
0.193262
0.166485
0.277476
0.237685
0.059561
0.260444
0.002088
0.111694
0.073932
0.298997
0.153506
0.232684
0.214959
0.321586
0.362580
0.441502
0.099652
0.072929
0.190865
0.327266
0.109024
0.027106
0.080306
0.048212
0.168934
0.221751
0.366473
0.038386
0.337025
0.632118
0.089480
0.177260
0.516044
0.275209
0.347892
0.008884
0.418410
0.013959
0.189055
0.374250
0.081608
0.101275
0.344181
0.436732
0.236426
0.345958
0.528063
0.082036
0.048498
0.210617
0.137773
0.277501
0.414952
0.366462
0.250616
0.044958
0.706152
0.024541
0.400695
0.243467
0.223268
0.012247
0.369822
0.232256
0.042429
0.177955
0.478905
0.037893
0.114093
0.014164
0.112376
0.336417
0.311297
0.275866
0.375045
0.111299
0.413994
0.057042
0.550782
0.171850
0.363082
0.622848
0.069742
0.518088
0.144721
0.166593
0.178245
0.130881
0.573803
0.075278
0.229315
0.004842
0.550271
0.167050
0.413826
0.274673
0.091065
0.079953
0.353465
0.281989
0.164442
0.535842
0.240883
0.436726
0.006783
0.380243
0.152965
0.434780
0.163514
0.080225
0.346913
0.165787
0.251260
0.306170
0.085852
0.058301
0.136648
0.096222
0.240430
0.353146
0.071182
0.133257
0.277623
0.071368
0.039236
0.095558
0.207707
0.009903
0.168812
0.394751
0.086127
0.159904
0.317712
0.564354
0.095551
0.098923
0.019565
0.090358
0.230877
0.047633
0.019081
0.320040
0.159711
0.132484
0.322126
0.095217
0.095007
0.039755
0.225123
0.082733
0.046609
0.134281
0.129542
0.297840
0.226203
0.433684
0.058340
0.307160
0.267393
0.242725
0.416476
0.278863
0.326500
0.395262
0.061695
0.190097
0.363670
0.316559
0.519600
0.335602
0.541600
0.280953
0.085397
0.487523
0.167260
0.059137
0.134141
0.182117
0.005754
0.110245
0.049383
0.225798
0.171839
0.501818
0.122183
0.173295
0.555700
0.301649
0.218628
0.258770
0.024258
0.127119
0.145585
0.335583
0.313078
0.190669
0.406036
0.477820
0.035534
0.097094
0.083930
0.330053
0.043716
0.453560
0.368744
0.619176
0.133184
0.407934
0.244026
0.176472
0.140621
0.206071
0.253395
0.619657
0.398112
0.116784
0.223073
0.082311
0.599245
0.134451
0.174879
0.042971
0.547512
0.110815
0.393586
0.398926
0.030992
0.389938
0.143761
0.347677
0.074840
0.282970
0.224286
0.498084
0.001678
0.387212
0.227728
0.352727
0.188881
0.259055
0.124109
0.568750
0.106043
0.101029
0.402719
0.026742
0.160557
0.375477
0.166654
0.350418
0.243691
0.435824
0.167550
0.190630
0.172290
0.079319
0.321356
0.826506
0.338985
0.446678
0.282852
0.290554
0.110559
0.417407
0.002509
0.039412
0.158083
0.049114
0.222026
0.666691
0.028954
0.497274
0.246803
0.106373
0.307647
0.087879
0.033137
0.095994
0.584334
0.030570
0.146428
0.008173
0.130871
0.456077
0.097028
0.222791
0.177525
0.333613
0.024542
0.172076
0.225524
0.040526
0.036260
0.147283
0.059002
0.084665
0.404868
0.191055
0.385025
0.793311
0.152996
0.134358
0.308693
0.178081
0.460452
0.071064
0.422502
0.515736
0.091079
0.249634
0.536672
0.240676
0.142809
0.206217
0.257089
0.263451
0.087119
0.222956
0.026887
0.478521
0.216987
0.382547
0.534682
0.119833
0.237735
0.135205
0.243130
0.240910
0.390549
0.578160
0.358964
0.146205
0.367120
0.004807
0.066808
0.415195
0.029927
0.225182
0.219924
0.131793
0.075328
0.140513
0.489147
0.223039
0.097330
0.069404
0.398893
0.006867
0.386947
0.211717
0.262056
0.048229
0.324317
0.247078
0.011701
0.187392
0.062056
0.099824
0.463913
0.275565
0.034801
0.076986
0.380968
0.039636
0.229916
0.260600
0.375311
0.225415
0.149310
0.239050
0.497509
0.155996
0.074786
0.075722
0.031803
0.052162
0.173072
0.507090
0.013034
0.360150
0.108072
0.359292
0.085459
0.011244
0.178123
0.336033
0.097991
0.319503
0.047204
0.188073
0.543932
0.038565
0.802780
0.102458
0.614002
0.024420
0.496394
0.398507
0.438020
0.163012
0.144687
0.114803
0.336710
0.038250
0.336520
0.260406
0.576471
0.350436
0.336233
0.051410
0.490791
0.420763
0.350785
0.080571
0.261421
0.351399
0.460494
0.504521
0.363714
0.408051
0.027577
0.213623
0.445906
0.001331
0.307643
0.037055
0.140698
0.011853
0.342152
0.630586
0.051066
0.075398
0.218947
0.497638
0.534493
0.077914
0.173876
0.039262
0.132550
0.080186
0.232227
0.150036
0.120171
0.449513
0.349957
0.184891
0.185603
0.217912
0.206971
0.155681
0.258548
0.359547
0.074430
0.125789
0.199226
0.351410
0.486373
0.312079
0.329155
0.234044
0.502408
0.015086
0.101981
0.222344
0.063601
0.064222
0.257404
0.129868
0.185342
0.057654
0.542757
0.027515
0.517816
0.095459
0.459209
0.354717
0.329410
0.405497
0.127265
0.025816
0.159607
0.037421
0.106862
0.023272
0.230514
0.408133
0.348116
0.317309
0.086671
0.172666
0.040753
0.396799
0.550859
0.493539
0.178470
0.003066
0.064510
0.173379
0.178409
0.094416
0.328054
0.371614
0.789496
0.002745
0.264658
0.314706
0.272123
0.208430
0.048803
0.086735
0.030511
0.019551
0.024174
0.485632
0.132251
0.123340
0.302106
0.040667
0.234659
0.063303
0.492937
0.331133
0.274505
0.115362
0.129433
0.120340
0.245700
0.126469
0.249660
0.262437
0.214041
0.276606
0.320062
0.007514
0.165304
0.105559
0.099505
0.316515
0.012666
0.171332
0.205814
0.074571
0.329838
0.535255
0.386164
0.131839
0.159401
0.270498
0.176769
0.083353
0.400630
0.012526
0.381891
0.184198
0.050521
0.114200
0.175337
0.132975
0.022998
0.106169
0.150016
0.145844
0.379219
0.014051
0.075133
0.493050
0.272292
0.221107
0.394118
0.047834
0.282590
0.096951
0.266082
0.012055
0.442325
0.123572
0.255378
0.191461
0.404788
0.086332
0.182684
0.287161
0.211252
0.475213
0.325330
0.070028
0.047277
0.063229
0.247111
0.083363
0.143173
0.156248
0.018369
0.123215
0.140950
0.155309
0.128838
0.067768
0.333323
0.242895
0.354186
0.361544
0.525971
0.180555
0.223819
0.279304
0.218046
0.283320
0.189598
0.228146
0.184722
0.472214
0.071152
0.393416
0.074568
0.246192
0.002107
0.275036
0.371496
0.121102
0.173097
0.166713
0.278347
0.438290
0.226680
0.307885
0.264712
0.578795
0.176051
0.128681
0.384964
0.381210
0.239878
0.155478
0.189713
0.354157
0.381455
0.081507
0.250185
0.120901
0.143261
0.101271
0.290826
0.003274
0.041985
0.071186
0.131495
0.394928
0.155005
0.451244
0.026410
0.162970
0.050193
0.364246
0.226037
0.459980
0.304707
0.261652
0.791499
0.234198
0.257742
0.013664
0.250447
0.054879
0.539501
0.301674
0.196385
0.659037
0.612689
0.375100
0.112947
0.044747
0.224798
0.185898
0.296081
0.113470
0.458559
0.265274
0.090930
0.116073
0.338007
0.055136
0.033876
0.045364
0.197676
0.088853
0.354346
0.466201
0.080818
0.026654
0.112423
0.220992
0.135174
0.169798
0.011782
0.213260
0.066205
0.461905
0.552304
0.409552
0.038223
0.246098
0.084685
0.108850
0.098505
0.018816
0.098182
0.509630
0.059707
0.129342
0.188153
0.308130
0.354074
0.550631
0.294632
0.232592
0.155481
0.000348
0.066309
0.305649
0.596872
0.078436
0.024681
0.283957
0.219946
0.336930
0.358720
0.350933
0.205166
0.186801
0.287908
0.042378
0.185459
0.112555
0.014013
0.023385
0.313790
0.168650
0.025504
0.234398
0.092382
0.053272
0.655637
0.201276
0.003701
0.218238
0.407001
0.126204
0.188081
0.045961
0.064376
0.407271
0.544750
0.083747
0.159897
0.245946
0.107183
0.190872
0.100074
0.170243
0.493766
0.081843
0.280317
0.716626
0.192246
0.154635
0.675853
0.307172
0.059872
0.285792
0.028688
0.177283
0.287966
0.325970
0.310082
0.240386
0.156833
0.006895
0.247261
0.398841
0.362851
0.032805
0.178677
0.219701
0.507993
0.120854
0.146104
0.188226
0.079645
0.253996
0.324453
0.531935
0.437747
0.372929
0.276053
0.066714
0.461157
0.309070
0.142665
0.306800
0.305739
0.104944
0.712658
0.491185
0.029936
0.007277
0.023916
0.300562
0.526889
0.296195
0.444034
0.222336
0.057249
0.180278
0.216215
0.151944
0.483049
0.186912
0.620360
0.277881
0.010797
0.103710
0.458604
0.327396
0.048472
0.229143
0.143939
0.320885
0.282537
0.267747
0.282471
0.219823
0.165583
0.115841
0.069617
0.032522
0.392593
0.335669
0.186716
0.100299
0.344098
0.203815
0.197678
0.108656
0.066254
0.472735
0.588163
0.026014
0.289265
0.102293
0.258067
0.358305
0.333266
0.382830
0.339779
0.081014
0.271782
0.406600
0.250436
0.646046
0.413325
0.014131
0.332644
0.443484
0.276764
0.140632
0.145846
0.362220
0.338796
0.097411
0.204760
0.440106
0.351269
0.120823
0.269528
0.088114
0.301627
0.172279
0.072511
0.249931
0.109108
0.427914
0.285746
0.184452
0.329639
0.166855
0.425170
0.087783
0.044570
0.268404
0.116099
0.144205
0.066661
0.084472
0.459314
0.071994
0.295455
0.588270
0.269648
0.176999
0.317680
0.073553
0.017784
0.186224
0.135606
0.000213
0.065267
0.384863
0.031062
0.306196
0.108020
0.195287
0.260716
0.138951
0.371479
0.055339
0.322646
0.233305
0.328000
0.168903
0.554409
0.315501
0.002139
0.271708
0.141381
0.093471
0.470371
0.089429
0.043898
0.186950
0.493186
0.404407
0.565828
0.298221
0.318585
0.133416
0.313226
0.089404
0.084510
0.160313
0.210364
0.365710
0.219728
0.405525
0.179190
0.104112
0.047528
0.164982
0.003161
0.083259
0.311737
0.014188
0.235832
0.286682
0.060492
0.243457
0.396601
0.256873
0.029191
0.137621
0.307704
0.535126
0.612056
0.111771
0.285040
0.070691
0.034969
0.000952
0.663314
0.166307
0.099825
0.431803
0.036563
0.335013
0.463078
0.111834
0.291409
0.384808
0.046832
0.412326
0.107655
0.031103
0.325661
0.012002
0.280888
0.400549
0.059953
0.556734
0.025624
0.284785
0.380377
0.446750
0.214783
0.237014
0.246860
0.106123
0.263728
0.143769
0.004908
0.213004
0.392095
0.208164
0.279281
0.023627
0.057059
0.612971
0.434984
0.317962
0.254800
0.206231
0.449478
0.356746
0.356632
0.239828
0.215245
0.062331
0.284951
0.274326
0.507202
0.228765
0.059422
0.192036
0.105566
0.243155
0.235146
0.140134
0.087719
0.331630
0.307026
0.138940
0.197944
0.265555
0.141583
0.066335
0.324480
0.338594
0.347791
0.312013
0.384170
0.275394
0.063574
0.487685
0.505109
0.176936
0.084708
0.602027
0.310389
0.339749
0.352977
0.141665
0.019697
0.513286
0.380978
0.019292
0.092457
0.364723
0.139691
0.162174
0.031542
0.216472
0.403605
0.540656
0.360855
0.031960
0.423913
0.589378
0.543192
0.391964
0.324380
0.017874
0.018490
0.340532
0.215718
0.305472
0.248625
0.035772
0.102953
0.184163
0.511124
0.171264
0.034064
0.128279
0.170380
0.193216
0.021650
0.226092
0.141116
0.243137
0.039246
0.325324
0.097330
0.270898
0.385322
0.318269
0.255660
0.389428
0.212257
0.056196
0.066649
0.240163
0.147804
0.009373
0.171939
0.151388
0.158104
0.374481
0.390338
0.043476
0.358868
0.735626
0.382028
0.415607
0.485410
0.381532
0.411980
0.123167
0.362340
0.169290
0.150835
0.384014
0.084515
0.229162
0.310238
0.497712
0.174119
0.352427
0.377078
0.129960
0.013544
0.137621
0.005627
0.281449
0.366278
0.291674
0.276311
0.063504
0.719352
0.084260
0.294340
0.241724
0.154769
0.004950
0.386268
0.253898
0.145243
0.015602
0.544543
0.019377
0.002519
0.127018
0.036273
0.272054
0.411674
0.025205
0.309673
0.017327
0.431848
0.042414
0.355081
0.186343
0.478320
0.514852
0.025032
0.589132
0.013992
0.049293
0.287542
0.127963
0.708390
0.036673
0.392708
0.093796
0.711074
0.197167
0.494376
0.320394
0.013527
0.036981
0.417625
0.320264
0.150054
0.458127
0.212077
0.302613
0.088992
0.464512
0.028237
0.525704
0.022410
0.024266
0.366618
0.262244
0.357947
0.155383
0.252887
0.143458
0.157222
0.003236
0.233102
0.436165
0.067756
0.141516
0.344726
0.127599
0.123363
0.114735
0.218717
0.019479
0.062064
0.366138
0.011635
0.230674
0.278532
0.485042
0.099978
0.126841
0.128361
0.070600
0.219759
0.033261
0.162038
0.255216
0.187829
0.074825
0.253120
0.074052
0.098681
0.177113
0.072625
0.101130
0.076639
0.098028
0.107511
0.353143
0.237003
0.426174
0.020919
0.475390
0.473304
0.266463
0.257647
0.273291
0.326739
0.205109
0.014905
0.293669
0.550287
0.195998
0.459579
0.179893
0.330172
0.171450
0.058153
0.437708
0.051771
0.116097
0.146056
0.209681
0.083436
0.076174
0.000294
0.193127
0.213567
0.461527
0.026603
0.243974
0.461339
0.278124
0.228349
0.279000
0.155399
0.047010
0.075644
0.359721
0.340685
0.147124
0.282191
0.354325
0.220580
0.113974
0.171125
0.180691
0.026217
0.490407
0.423463
0.733886
0.017005
0.378179
0.281739
0.196509
0.025443
0.189638
0.224748
0.643463
0.383071
0.056530
0.125277
0.195879
0.514300
0.142059
0.122031
0.002350
0.413411
0.083829
0.220977
0.357059
0.065053
0.373672
0.307646
0.279315
0.049590
0.186772
0.205946
0.498190
0.078888
0.478230
0.077247
0.285844
0.165243
0.225223
0.165138
0.460268
0.117524
0.127678
0.360442
0.156429
0.073601
0.435436
0.104682
0.267132
0.165100
0.428087
0.159630
0.200958
0.159175
0.113662
0.140542
0.817594
0.227229
0.467008
0.223603
0.288020
0.026576
0.312822
0.048139
0.099126
0.149702
0.053558
0.149027
0.615817
0.029493
0.511692
0.464227
0.245459
0.192478
0.051745
0.203473
0.083557
0.658804
0.089824
0.023707
0.025910
0.286418
0.382975
0.116739
0.163857
0.210054
0.506450
0.090141
0.212035
0.026208
0.072679
0.044304
0.182325
0.075414
0.048866
0.344993
0.172640
0.395447
0.759444
0.171638
0.120631
0.192423
0.240027
0.481561
0.242247
0.487077
0.457152
0.127973
0.166044
0.584375
0.139833
0.407940
0.222528
0.241866
0.320186
0.043625
0.174536
0.021351
0.559030
0.176035
0.359842
0.468905
0.044995
0.166255
0.092824
0.177101
0.290788
0.405963
0.536603
0.236921
0.096422
0.427701
0.055845
0.089929
0.371752
0.129216
0.303714
0.326598
0.047534
0.141868
0.057648
0.488440
0.117642
0.119084
0.146464
0.353197
0.039504
0.251163
0.072957
0.311255
0.257285
0.346501
0.076299
0.024210
0.280766
0.104955
0.035045
0.484108
0.355106
0.148646
0.048292
0.307355
0.046014
0.030591
0.336276
0.400059
0.290726
0.143609
0.143867
0.569426
0.003225
0.100385
0.183152
0.011112
0.004409
0.063631
0.606569
0.026894
0.496126
0.136193
0.395901
0.069832
0.057841
0.236798
0.468259
0.133555
0.245522
0.118529
0.221543
0.409427
0.014399
0.699680
0.160762
0.684498
0.001437
0.481779
0.466332
0.424071
0.146662
0.250650
0.095887
0.321113
0.067868
0.426164
0.257263
0.535845
0.504073
0.244597
0.004802
0.465359
0.395407
0.300825
0.120179
0.122446
0.256587
0.233862
0.417046
0.414901
0.371919
0.083213
0.048432
0.326801
0.098290
0.271156
0.093389
0.379334
0.036998
0.442457
0.622775
0.070666
0.121927
0.289946
0.403687
0.409007
0.048185
0.168204
0.044435
0.191948
0.170093
0.195684
0.229317
0.111889
0.381190
0.406837
0.114215
0.110710
0.245512
0.208405
0.129430
0.285354
0.278234
0.130092
0.029711
0.152396
0.276609
0.449438
0.287247
0.329378
0.205198
0.368987
0.013280
0.069576
0.084598
0.124347
0.077880
0.186818
0.179525
0.144498
0.021031
0.471259
0.080552
0.421275
0.068816
0.456972
0.422491
0.242915
0.472015
0.197978
0.074507
0.004044
0.116574
0.189846
0.173213
0.101815
0.349976
0.337943
0.313299
0.295596
0.121490
0.050802
0.430408
0.636340
0.474009
0.174711
0.018652
0.135375
0.121119
0.146411
0.186727
0.347011
0.359009
0.709696
0.084659
0.277588
0.361670
0.190882
0.172052
0.128662
0.225119
0.057612
0.178901
0.002367
0.535031
0.093407
0.060964
0.251038
0.088099
0.080984
0.264782
0.235205
0.339115
0.190315
0.249640
0.224875
0.114815
0.347001
0.265827
0.166497
0.277947
0.136903
0.267442
0.318307
0.005323
0.140236
0.014995
0.152798
0.303030
0.020408
0.216693
0.219892
0.078072
0.411854
0.501796
0.496009
0.208963
0.343912
0.077132
0.234402
0.082184
0.449185
0.076728
0.262123
0.044082
0.116917
0.104385
0.096485
0.096142
0.094505
0.018923
0.209876
0.113956
0.247287
0.056415
0.016942
0.552387
0.243152
0.206185
0.349402
0.021664
0.484129
0.121264
0.244367
0.171641
0.255748
0.263859
0.161146
0.131448
0.473687
0.182344
0.280300
0.226667
0.226086
0.385142
0.365102
0.018937
0.048628
0.132366
0.272806
0.186756
0.046555
0.148689
0.084992
0.308619
0.079295
0.183860
0.179635
0.116383
0.390736
0.250510
0.361366
0.521769
0.423771
0.203498
0.270170
0.254781
0.224142
0.227515
0.106231
0.264550
0.268871
0.365171
0.205262
0.353308
0.066850
0.283783
0.100617
0.250605
0.466923
0.098874
0.305767
0.236914
0.222549
0.389084
0.243135
0.451061
0.259980
0.712579
0.173995
0.169352
0.514209
0.339364
0.241005
0.305890
0.103618
0.184402
0.317544
0.083428
0.241592
0.014515
0.024969
0.182143
0.244946
0.108288
0.094545
0.030758
0.056135
0.372509
0.043146
0.430434
0.019706
0.074602
0.157656
0.332656
0.289945
0.511803
0.256372
0.321273
0.670654
0.155747
0.288385
0.048170
0.139065
0.064462
0.573656
0.219695
0.315629
0.577288
0.641898
0.241429
0.130852
0.113650
0.186980
0.154988
0.167162
0.037262
0.483897
0.339530
0.131957
0.002075
0.373568
0.042534
0.053754
0.103285
0.226221
0.074870
0.375169
0.494803
0.184725
0.033031
0.179574
0.279894
0.115146
0.347239
0.065867
0.359691
0.014120
0.455983
0.604766
0.336193
0.058395
0.323816
0.089456
0.251494
0.139961
0.143672
0.066785
0.442662
0.030375
0.143133
0.282408
0.368726
0.366285
0.556996
0.280747
0.173769
0.202384
0.130987
0.129211
0.297232
0.411825
0.095013
0.094042
0.300670
0.218932
0.421600
0.120932
0.319714
0.302027
0.349446
0.260143
0.056797
0.043057
0.091670
0.041008
0.051399
0.240019
0.154906
0.196254
0.125077
0.099601
0.091562
0.654838
0.182972
0.012426
0.200092
0.363618
0.174215
0.013748
0.032824
0.023878
0.375106
0.416937
0.073606
0.215481
0.368190
0.102507
0.087236
0.042449
0.080017
0.500122
0.126122
0.199035
0.694026
0.036169
0.272962
0.439356
0.264124
0.166111
0.359812
0.072431
0.084333
0.469123
0.349389
0.345089
0.114959
0.195917
0.035783
0.207128
0.426626
0.151357
0.167000
0.198795
0.219563
0.468305
0.114865
0.149292
0.136105
0.079116
0.125603
0.302762
0.676358
0.364488
0.343927
0.347711
0.038949
0.462289
0.352633
0.052080
0.342234
0.196134
0.088025
0.689398
0.489623
0.004316
0.067509
0.145760
0.519131
0.591611
0.398574
0.344281
0.266451
0.118030
0.170668
0.176382
0.149878
0.471343
0.248998
0.535121
0.257049
0.055968
0.316250
0.578051
0.162888
0.055304
0.269575
0.053383
0.348311
0.274049
0.144198
0.189838
0.111224
0.137343
0.099541
0.059108
0.115809
0.293592
0.298239
0.230549
0.174743
0.362621
0.179470
0.194131
0.162116
0.016544
0.454158
0.639880
0.106699
0.390218
0.136408
0.120228
0.263568
0.250013
0.493151
0.257643
0.139468
0.321726
0.330745
0.311596
0.629662
0.307059
0.032053
0.389417
0.382004
0.341479
0.120717
0.114902
0.291856
0.401446
0.165014
0.301732
0.381879
0.283297
0.217024
0.293541
0.010742
0.273452
0.150608
0.069358
0.322479
0.144544
0.380917
0.433500
0.217486
0.234838
0.043563
0.396566
0.128712
0.147538
0.288551
0.001111
0.069135
0.057625
0.149597
0.480355
0.160267
0.459666
0.668332
0.103563
0.182324
0.145640
0.077319
0.005449
0.034907
0.242327
0.056860
0.135962
0.309997
0.141638
0.249316
0.133261
0.148625
0.217024
0.062079
0.594765
0.019960
0.389892
0.063076
0.420515
0.211492
0.658721
0.117526
0.087082
0.186023
0.049979
0.158342
0.490701
0.192132
0.087879
0.061976
0.454063
0.380690
0.600082
0.292616
0.283172
0.024117
0.217025
0.097967
0.045750
0.252558
0.086057
0.299871
0.192068
0.456099
0.320681
0.126759
0.087125
0.107422
0.057560
0.090208
0.178015
0.003135
0.284030
0.353266
0.109515
0.282058
0.412808
0.245532
0.031863
0.270598
0.310808
0.483061
0.695835
0.238067
0.207751
0.135309
0.038503
0.016732
0.670260
0.001278
0.053729
0.471453
0.218334
0.319008
0.478935
0.181248
0.221973
0.388788
0.112475
0.447781
0.027251
0.013508
0.370340
0.000256
0.460185
0.529673
0.028197
0.539101
0.116725
0.267345
0.506334
0.351524
0.355739
0.228746
0.286006
0.010521
0.273301
0.098993
0.064584
0.132250
0.215432
0.289620
0.666011
0.158732
0.139327
0.544039
0.361521
0.264272
0.144157
0.325671
0.503227
0.302797
0.334958
0.275039
0.256581
0.120572
0.344103
0.191674
0.309187
0.257486
0.033274
0.120975
0.199916
0.156839
0.163280
0.192159
0.099705
0.259522
0.229474
0.275753
0.041279
0.171591
0.199194
0.044955
0.368232
0.265269
0.256747
0.298935
0.411652
0.218345
0.090395
0.584061
0.493423
0.016930
0.219173
0.583498
0.238659
0.512516
0.344466
0.118599
0.046644
0.324860
0.346348
0.215505
0.145907
0.309852
0.201403
0.289655
0.046241
0.269019
0.451752
0.572759
0.358295
0.023310
0.366894
0.540729
0.428890
0.424801
0.320830
0.040867
0.147658
0.369929
0.280951
0.304731
0.220110
0.035893
0.197798
0.138325
0.378894
0.364092
0.141855
0.030629
0.124579
0.190461
0.030005
0.174839
0.305159
0.344009
0.109257
0.278852
0.090463
0.270664
0.487537
0.217019
0.176391
0.314012
0.297702
0.116656
0.321377
0.187298
0.193333
0.129804
0.260054
0.302870
0.108822
0.450815
0.433617
0.114544
0.361188
0.691257
0.722647
0.543055
0.443821
0.510178
0.410321
0.282351
0.360668
0.283326
0.094511
0.350906
0.035074
0.287018
0.245602
0.547296
0.066808
0.310080
0.255841
0.188646
0.040696
0.075156
0.079177
0.223391
0.290602
0.244870
0.315286
0.156505
0.581120
0.256976
0.190890
0.194965
0.140432
0.053480
0.330564
0.285700
0.269331
0.170370
0.543845
0.122884
0.091845
0.233963
0.001346
0.238180
0.529097
0.325416
0.247668
0.201789
0.368721
0.140933
0.128825
0.190868
0.567825
0.415936
0.065925
0.541339
0.126967
0.024491
0.248816
0.084568
0.746986
0.098987
0.580827
0.239054
0.727738
0.224326
0.463481
0.412757
0.086067
0.107505
0.452392
0.373962
0.110635
0.299127
0.205560
0.177147
0.168078
0.560216
0.211725
0.480513
0.114430
0.076958
0.337396
0.285644
0.418471
0.027543
0.349856
0.329524
0.129848
0.040145
0.172329
0.514726
0.059679
0.164440
0.381510
0.134275
0.181030
0.194812
0.284419
0.124634
0.047470
0.313347
0.002369
0.277257
0.274377
0.421294
0.036792
0.186441
0.168348
0.002355
0.135591
0.008569
0.277920
0.176622
0.207761
0.027013
0.173491
0.097864
0.021978
0.216042
0.098090
0.164460
0.221496
0.073590
0.126794
0.397080
0.202639
0.355632
0.041554
0.485679
0.602113
0.314939
0.069951
0.184945
0.316977
0.004761
0.092011
0.376763
0.713587
0.095768
0.344104
0.043181
0.147550
0.043522
0.068493
0.361738
0.165632
0.203438
0.164705
0.222558
0.207581
0.039903
0.000266
0.120418
0.241957
0.338458
0.032642
0.299986
0.296674
0.282359
0.175768
0.261941
0.242250
0.034952
0.011189
0.288370
0.255721
0.109364
0.149759
0.282748
0.363420
0.145711
0.225096
0.066194
0.047980
0.491913
0.406387
0.629721
0.099551
0.369963
0.239747
0.191351
0.121754
0.215574
0.160038
0.585946
0.358150
0.202341
0.049902
0.273838
0.444216
0.212561
0.064334
0.000269
0.325583
0.099057
0.041306
0.254730
0.122385
0.241593
0.458243
0.197845
0.116926
0.074782
0.147419
0.482107
0.155738
0.483080
0.021734
0.172932
0.119511
0.254206
0.187710
0.238432
0.191192
0.061121
0.293892
0.230422
0.010575
0.471299
0.139307
0.129982
0.119257
0.433416
0.076856
0.249318
0.135056
0.072927
0.030422
0.695903
0.082943
0.461652
0.152048
0.321210
0.014129
0.175037
0.176996
0.108154
0.050054
0.079032
0.068053
0.442880
0.053967
0.475494
0.562940
0.346265
0.109408
0.078545
0.379680
0.095096
0.716873
0.029097
0.053603
0.070543
0.399081
0.373983
0.118487
0.049202
0.188954
0.651573
0.042043
0.183143
0.206917
0.211349
0.184609
0.276996
0.103040
0.057589
0.287640
0.172299
0.338450
0.683437
0.184636
0.015474
0.021457
0.235431
0.452867
0.389884
0.563062
0.393980
0.077347
0.049996
0.575586
0.084122
0.517566
0.287599
0.183247
0.474358
0.058000
0.123266
0.026284
0.577114
0.178658
0.308786
0.286119
0.035955
0.139984
0.101011
0.130916
0.270611
0.389595
0.480991
0.116970
0.149941
0.458054
0.147073
0.073764
0.325108
0.082888
0.368620
0.455205
0.054610
0.259019
0.217323
0.425970
0.048216
0.183144
0.216390
0.275279
0.046493
0.101783
0.086225
0.388900
0.427279
0.260610
0.169727
0.000060
0.283479
0.180013
0.072534
0.516543
0.348825
0.286949
0.116881
0.288913
0.013690
0.191349
0.345512
0.283741
0.278317
0.003428
0.090348
0.585961
0.162744
0.081211
0.267524
0.013324
0.049044
0.265247
0.537996
0.067657
0.583001
0.129758
0.412135
0.057968
0.110366
0.210064
0.514238
0.160426
0.147647
0.136700
0.275382
0.284667
0.018031
0.441077
0.189417
0.619878
0.003458
0.484745
0.519256
0.364730
0.007792
0.334894
0.083404
0.269984
0.131405
0.479179
0.172317
0.419905
0.576403
0.114499
0.084949
0.457792
0.256100
0.216955
0.156399
0.069670
0.186239
0.020876
0.242857
0.413784
0.323337
0.130189
0.132619
0.151368
0.161188
0.261556
0.080736
0.506747
0.077811
0.494414
0.446750
0.057146
0.171240
0.287616
0.297690
0.260851
0.105035
0.219581
0.069425
0.237198
0.218209
0.216974
0.308349
0.044699
0.188004
0.529143
0.002136
0.046712
0.239244
0.161983
0.111543
0.306713
0.221459
0.267923
0.131380
0.085506
0.157773
0.408384
0.177463
0.310342
0.167663
0.203000
0.015169
0.114555
0.026574
0.242812
0.141559
0.172852
0.292955
0.078958
0.151364
0.369469
0.083007
0.247208
0.047883
0.408116
0.411587
0.148794
0.427206
0.244548
0.123490
0.158979
0.258106
0.241457
0.334216
0.031595
0.149847
0.258487
0.241504
0.429908
0.067541
0.079654
0.470159
0.604186
0.503062
0.169775
0.006849
0.275394
0.138474
0.212003
0.243212
0.318534
0.381949
0.502679
0.134504
0.257488
0.440480
0.152570
0.199583
0.154608
0.365981
0.083976
0.363362
0.021263
0.563480
0.060562
0.227578
0.250358
0.211557
0.050224
0.491545
0.062612
0.300068
0.110164
0.279526
0.293116
0.064691
0.440800
0.377115
0.089807
0.293070
0.079299
0.269380
0.346293
0.049210
0.168720
0.043105
0.189102
0.236444
0.002615
0.237417
0.272990
0.049404
0.424125
0.432744
0.523266
0.252593
0.494342
0.104870
0.281194
0.064181
0.479682
0.084304
0.173468
0.095789
0.127214
0.152005
0.032183
0.055239
0.189959
0.111805
0.264495
0.148379
0.133146
0.133343
0.068671
0.565706
0.119639
0.146860
0.307654
0.065113
0.666328
0.172529
0.145104
0.384258
0.129781
0.393121
0.060505
0.122536
0.482043
0.250386
0.447542
0.119579
0.238264
0.258118
0.339892
0.089430
0.037399
0.164180
0.238402
0.330959
0.059441
0.163861
0.078506
0.461409
0.094008
0.161587
0.238688
0.172781
0.406114
0.232915
0.300818
0.641256
0.314410
0.222973
0.256056
0.153828
0.202016
0.185535
0.005494
0.288736
0.312132
0.268962
0.352510
0.279161
0.030324
0.285684
0.161769
0.179282
0.491019
0.077158
0.421430
0.281191
0.125374
0.337583
0.190931
0.544854
0.281564
0.748587
0.180594
0.180432
0.572801
0.228288
0.263149
0.408163
0.038537
0.006537
0.213973
0.151958
0.304521
0.093980
0.125211
0.175990
0.226173
0.241427
0.201464
0.028438
0.028932
0.313512
0.070791
0.321780
0.055252
0.023851
0.210847
0.203261
0.294995
0.577706
0.174697
0.362624
0.539443
0.072838
0.256493
0.114933
0.013243
0.102833
0.584517
0.062140
0.366230
0.349553
0.655893
0.083110
0.158364
0.149894
0.133070
0.054614
0.052965
0.026326
0.482681
0.427530
0.190513
0.072006
0.441152
0.022306
0.182703
0.080166
0.169083
0.052267
0.390783
0.529033
0.239782
0.100685
0.240779
0.273397
0.065585
0.536836
0.022017
0.503945
0.017361
0.384852
0.572437
0.209458
0.112437
0.378785
0.084471
0.337114
0.224210
0.267186
0.033150
0.439500
0.113663
0.175421
0.311787
0.395341
0.386989
0.447916
0.204215
0.185612
0.311143
0.268387
0.147599
0.280847
0.203155
0.179066
0.111776
0.298059
0.242074
0.472383
0.063830
0.249400
0.354149
0.440393
0.202364
0.198395
0.207737
0.284910
0.013657
0.099658
0.065154
0.178702
0.322551
0.028388
0.078543
0.089616
0.572848
0.198230
0.017561
0.145177
0.338608
0.233752
0.167134
0.072864
0.210483
0.327666
0.227254
0.113602
0.295700
0.463325
0.042366
0.045474
0.020135
0.023942
0.397033
0.068388
0.145493
0.503159
0.089439
0.341573
0.188823
0.229083
0.301518
0.383171
0.159228
0.023577
0.546488
0.304742
0.340906
0.071087
0.246702
0.092302
0.128466
0.402962
0.102467
0.328662
0.251576
0.211459
0.370373
0.091174
0.111789
0.208442
0.032214
0.079236
0.219768
0.760507
0.225447
0.267849
0.383466
0.010756
0.423496
0.368207
0.046454
0.365565
0.122590
0.202293
0.641811
0.469334
0.038532
0.123755
0.337361
0.694052
0.502749
0.436954
0.198260
0.296301
0.179397
0.083071
0.071969
0.161569
0.424110
0.182371
0.408775
0.203304
0.098403
0.536073
0.632183
0.014569
0.100866
0.252267
0.041516
0.309618
0.308615
0.018224
0.110808
0.059293
0.199336
0.001513
0.004718
0.183361
0.178939
0.195516
0.148610
0.253939
0.305421
0.203987
0.091650
0.215336
0.054312
0.432320
0.611837
0.128930
0.490753
0.141192
0.042257
0.180149
0.182129
0.628084
0.110231
0.210019
0.349340
0.278121
0.350012
0.509496
0.222459
0.046366
0.470493
0.263634
0.444737
0.109288
0.054297
0.243105
0.477786
0.253165
0.395353
0.337609
0.181630
0.213102
0.364003
0.068582
0.285953
0.079722
0.244680
0.347937
0.182245
0.342474
0.486991
0.193300
0.167168
0.014326
0.304182
0.170578
0.242296
0.361078
0.166045
0.000945
0.136208
0.178697
0.488844
0.260326
0.568010
0.568094
0.177263
0.189974
0.013217
0.085134
0.094016
0.055722
0.332451
0.107341
0.228320
0.281045
0.301430
0.262492
0.132649
0.186236
0.097681
0.006007
0.713754
0.016355
0.435560
0.056256
0.417994
0.249912
0.635852
0.021363
0.156010
0.146738
0.217535
0.172243
0.447390
0.310342
0.165767
0.067817
0.329038
0.326694
0.530594
0.250505
0.175084
0.183930
0.154087
0.154405
0.048367
0.265763
0.004092
0.293986
0.180135
0.447281
0.430833
0.181448
0.194634
0.058551
0.064775
0.169381
0.143995
0.027846
0.303623
0.419608
0.163724
0.255146
0.416200
0.219700
0.017235
0.385959
0.220273
0.371796
0.661031
0.363980
0.124246
0.189476
0.132091
0.059202
0.654009
0.184208
0.135513
0.433900
0.308651
0.208012
0.410590
0.281340
0.172654
0.368686
0.244193
0.458106
0.085787
0.001721
0.408553
0.015443
0.595799
0.575523
0.031389
0.466474
0.133913
0.194296
0.623685
0.253654
0.480687
0.135766
0.304031
0.088912
0.245007
0.277780
0.122686
0.039103
0.017896
0.318370
0.874912
0.300301
0.206160
0.416623
0.299695
0.198611
0.019438
0.471880
0.506031
0.314914
0.258759
0.300087
0.231328
0.147878
0.368738
0.138963
0.170605
0.241634
0.002107
0.043858
0.258004
0.044934
0.106876
0.277343
0.098524
0.247526
0.166979
0.393696
0.064255
0.031808
0.258667
0.171310
0.397198
0.097354
0.137158
0.242078
0.391882
0.212197
0.242414
0.550373
0.381329
0.205878
0.366441
0.508331
0.100798
0.634375
0.271582
0.099172
0.132595
0.142167
0.265395
0.358905
0.133841
0.295300
0.213819
0.381823
0.032772
0.279329
0.368206
0.519325
0.380132
0.089031
0.267495
0.379937
0.247951
0.420445
0.285638
0.050786
0.250768
0.409768
0.354932
0.267593
0.210463
0.034332
0.258115
0.164564
0.261086
0.567163
0.261762
0.166844
0.101065
0.220704
0.122163
0.051984
0.472932
0.409859
0.153621
0.146290
0.152277
0.243810
0.543255
0.121079
0.112642
0.249600
0.303875
0.164496
0.552559
0.130227
0.151863
0.243334
0.336795
0.458076
0.050016
0.525060
0.449528
0.122795
0.335497
0.531981
0.846159
0.534549
0.393288
0.531606
0.346880
0.379876
0.293134
0.338981
0.072533
0.282390
0.070062
0.323208
0.197874
0.523700
0.007802
0.277826
0.169410
0.245774
0.022682
0.033628
0.127196
0.129135
0.136558
0.165484
0.329157
0.229405
0.333967
0.411024
0.123576
0.111408
0.209597
0.165317
0.201100
0.308789
0.302325
0.248330
0.442867
0.278878
0.203049
0.259380
0.039290
0.160081
0.501265
0.617520
0.193683
0.329606
0.308807
0.273431
0.111512
0.168644
0.648377
0.286483
0.153489
0.439563
0.242939
0.023127
0.260178
0.083864
0.574313
0.178742
0.698610
0.302520
0.629072
0.151614
0.352211
0.470943
0.125040
0.116898
0.424470
0.367092
0.056243
0.041006
0.225285
0.015637
0.340033
0.590914
0.350397
0.332955
0.166817
0.146903
0.303196
0.335199
0.436799
0.095161
0.435549
0.531530
0.045685
0.062847
0.040078
0.599167
0.074426
0.152552
0.363219
0.162963
0.272116
0.244736
0.286033
0.214935
0.139498
0.234166
0.100120
0.254500
0.241740
0.337559
0.022065
0.259642
0.186238
0.123082
0.105181
0.001763
0.329050
0.098216
0.265790
0.079707
0.067156
0.119394
0.024242
0.190567
0.243164
0.200047
0.301324
0.099642
0.146019
0.403108
0.137701
0.221631
0.079978
0.419647
0.652887
0.340298
0.090825
0.040226
0.280373
0.188346
0.240299
0.468230
0.809997
0.034316
0.230424
0.112076
0.012094
0.126675
0.109893
0.387397
0.255143
0.223674
0.215652
0.219336
0.302725
0.064716
0.086286
0.003067
0.339226
0.226154
0.045719
0.289940
0.172127
0.277340
0.139053
0.284607
0.367264
0.040897
0.024324
0.233683
0.226251
0.019628
0.035877
0.124044
0.489976
0.156042
0.160799
0.024774
0.009106
0.368535
0.410030
0.361555
0.164801
0.430710
0.207610
0.180545
0.293404
0.251069
0.067458
0.407796
0.340982
0.267966
0.026048
0.297415
0.377344
0.358107
0.002247
0.082163
0.259644
0.130423
0.142205
0.132372
0.210898
0.102543
0.529919
0.168306
0.145316
0.040947
0.007948
0.409740
0.228595
0.514917
0.027681
0.143305
0.053624
0.154644
0.173763
0.019928
0.240978
0.011497
0.182664
0.247604
0.043102
0.523424
0.216745
0.046689
0.092462
0.385395
0.006338
0.260330
0.066672
0.043647
0.169297
0.540295
0.018079
0.432430
0.043400
0.334637
0.086136
0.081685
0.323966
0.077745
0.009115
0.016483
0.013357
0.242460
0.101253
0.363068
0.549489
0.381887
0.064467
0.152063
0.455316
0.202077
0.592608
0.032085
0.107115
0.150951
0.494701
0.262302
0.068064
0.114255
0.098423
0.697781
0.065075
0.108252
0.302071
0.365404
0.333787
0.349592
0.130799
0.088327
0.239423
0.166862
0.157160
0.530867
0.229160
0.046916
0.204717
0.268945
0.412497
0.484840
0.607525
0.309995
0.029266
0.084599
0.457866
0.065082
0.491787
0.346960
0.122601
0.590976
0.126212
0.092470
0.021014
0.547586
0.182288
0.230276
0.095324
0.031462
0.117846
0.173759
0.001654
0.248043
0.324294
0.268736
0.047973
0.202583
0.486585
0.178778
0.016903
0.285210
0.040427
0.384704
0.436933
0.132600
0.337616
0.345207
0.314357
0.018133
0.292968
0.199121
0.181003
0.035807
0.012947
0.251186
0.412325
0.562815
0.117126
0.474835
0.040133
0.264235
0.268062
0.169450
0.479356
0.326989
0.382746
0.180877
0.302929
0.076481
0.340039
0.347319
0.221150
0.225730
0.091159
0.022790
0.389751
0.329510
0.041025
0.341730
0.028328
0.040240
0.443992
0.437765
0.163464
0.539752
0.113006
0.397849
0.056040
0.166176
0.208039
0.465066
0.149304
0.044459
0.181939
0.280684
0.195105
0.005516
0.191412
0.250021
0.479723
0.022152
0.503911
0.555698
0.311034
0.144844
0.318471
0.117461
0.152629
0.118652
0.507058
0.066628
0.281253
0.604389
0.137315
0.142146
0.456961
0.136334
0.157326
0.259706
0.208598
0.129422
0.212729
0.057635
0.394309
0.239823
0.172408
0.245905
0.090135
0.200496
0.250093
0.120914
0.621708
0.180762
0.579220
0.274017
0.015384
0.151190
0.265693
0.156322
0.059570
0.046750
0.309610
0.027512
0.279854
0.196504
0.295497
0.364951
0.051949
0.050257
0.555484
0.120066
0.072381
0.215807
0.067814
0.091665
0.352768
0.201407
0.297583
0.209892
0.010506
0.017888
0.334478
0.032252
0.292166
0.130791
0.047754
0.130466
0.199964
0.137096
0.365052
0.196970
0.164361
0.276994
0.016085
0.301182
0.196406
0.045284
0.013388
0.062801
0.394659
0.319267
0.076580
0.406972
0.292861
0.166123
0.217482
0.364997
0.374314
0.418163
0.249560
0.014457
0.152041
0.174366
0.516883
0.006685
0.099882
0.429654
0.531460
0.562153
0.215036
0.040717
0.366297
0.213037
0.334277
0.198455
0.252327
0.370005
0.281623
0.102139
0.193592
0.486406
0.103841
0.246430
0.161840
0.430294
0.120551
0.465153
0.013044
0.501128
0.046279
0.426972
0.307440
0.270545
0.162381
0.636104
0.353657
0.244118
0.063564
0.365118
0.392583
0.051809
0.416051
0.472663
0.032271
0.274801
0.000974
0.316984
0.357334
0.028644
0.191465
0.063550
0.193979
0.169812
0.013374
0.224301
0.286793
0.017227
0.387320
0.325404
0.466129
0.274625
0.598952
0.251767
0.345335
0.030466
0.480903
0.013170
0.084505
0.201161
0.228410
0.263969
0.162701
0.075545
0.287600
0.222926
0.332054
0.159125
0.000418
0.209128
0.095711
0.511560
0.029592
0.080373
0.338014
0.013073
0.727925
0.220509
0.028485
0.608712
0.031117
0.525604
0.005222
0.084396
0.413916
0.272787
0.535384
0.047517
0.221048
0.141083
0.339762
0.155245
0.084101
0.115061
0.122002
0.446094
0.115818
0.226842
0.008213
0.494390
0.132721
0.173681
0.259672
0.191352
0.415294
0.169654
0.290942
0.658097
0.120134
0.195806
0.138967
0.066343
0.263792
0.208210
0.141438
0.274903
0.264445
0.230025
0.377719
0.180001
0.013372
0.266726
0.191154
0.098035
0.441939
0.104874
0.530162
0.286013
0.020767
0.281965
0.067721
0.603330
0.287700
0.702324
0.178374
0.242448
0.581878
0.141322
0.242887
0.478600
0.010519
0.146708
0.097381
0.166831
0.333400
0.198268
0.280358
0.101509
0.203394
0.371094
0.287002
0.009073
0.073752
0.278877
0.181532
0.273864
0.120017
0.101134
0.212610
0.046223
0.272679
0.615266
0.039909
0.348411
0.425694
0.090860
0.252871
0.153448
0.066967
0.067434
0.533322
0.066760
0.383768
0.057380
0.542715
0.105871
0.178195
0.165838
0.102257
0.033784
0.024733
0.166442
0.385052
0.530282
0.248541
0.134345
0.461912
0.148233
0.260954
0.065596
0.007640
0.022322
0.371892
0.525818
0.299815
0.099052
0.388638
0.315877
0.071360
0.574578
0.035227
0.585816
0.044245
0.337685
0.545332
0.037040
0.154157
0.427635
0.071186
0.390845
0.313452
0.412910
0.029205
0.377655
0.200345
0.271116
0.296663
0.406761
0.425401
0.348299
0.070177
0.195311
0.337670
0.447133
0.112724
0.327622
0.008226
0.232204
0.139177
0.296049
0.223314
0.492272
0.214808
0.186952
0.453808
0.478447
0.208338
0.302292
0.257097
0.399604
0.055131
0.139064
0.146239
0.241778
0.290152
0.083285
0.015855
0.108852
0.447789
0.258562
0.017502
0.094925
0.333541
0.365561
0.288668
0.213146
0.390536
0.302968
0.049957
0.123326
0.375814
0.538275
0.009633
0.079033
0.016103
0.202548
0.266594
0.018679
0.001216
0.337561
0.151967
0.337790
0.018207
0.109821
0.485446
0.356993
0.236349
0.053184
0.604328
0.203842
0.388509
0.065332
0.340917
0.127343
0.014518
0.356189
0.232906
0.410674
0.214339
0.101285
0.236746
0.086970
0.076972
0.292048
0.070548
0.275347
0.156122
0.677122
0.057474
0.251600
0.392897
0.034719
0.379265
0.393708
0.102521
0.374889
0.080168
0.273156
0.497995
0.427875
0.043985
0.143057
0.465843
0.760521
0.408663
0.331232
0.059278
0.254311
0.160554
0.070883
0.009360
0.170828
0.328995
0.117092
0.244004
0.121318
0.085074
0.673910
0.655231
0.109669
0.060844
0.275857
0.148570
0.199380
0.295583
0.145610
0.050735
0.206533
0.268302
0.117682
0.088287
0.316984
0.024572
0.110794
0.021602
0.271735
0.271274
0.179018
0.004560
0.235739
0.137246
0.386084
0.439624
0.122917
0.618391
0.182869
0.162708
0.080961
0.069554
0.644062
0.032703
0.240743
0.350965
0.205058
0.345184
0.364013
0.111211
0.086267
0.444626
0.095413
0.488178
0.035435
0.006132
0.166890
0.528311
0.353830
0.422359
0.262054
0.153306
0.199043
0.392798
0.076339
0.297228
0.000215
0.371277
0.357088
0.190171
0.302142
0.393844
0.233032
0.110456
0.054030
0.122549
0.160572
0.257238
0.423672
0.273002
0.020824
0.180541
0.170828
0.409393
0.219839
0.582729
0.441189
0.433889
0.204827
0.066802
0.128057
0.220049
0.173031
0.341384
0.173658
0.352295
0.286784
0.393106
0.287241
0.094141
0.200843
0.042162
0.036674
0.721427
0.048216
0.471153
0.138843
0.398315
0.266238
0.543899
0.093323
0.200824
0.152956
0.347068
0.165279
0.406644
0.378767
0.205272
0.162118
0.259320
0.274746
0.426420
0.157668
0.066544
0.304768
0.062519
0.204179
0.031091
0.304556
0.050660
0.167860
0.131281
0.424189
0.454795
0.187089
0.310821
0.056632
0.009688
0.228285
0.151389
0.041328
0.290639
0.450821
0.286608
0.298499
0.394970
0.241790
0.047321
0.462060
0.147443
0.185268
0.524544
0.425349
0.005635
0.216741
0.250906
0.129260
0.646256
0.379276
0.168956
0.342923
0.366621
0.169981
0.273932
0.326992
0.144189
0.395265
0.198808
0.335300
0.193186
0.045498
0.384640
0.025364
0.692476
0.612589
0.002768
0.378692
0.104113
0.077779
0.758349
0.184306
0.580199
0.056551
0.320399
0.068297
0.222645
0.340715
0.139737
0.022840
0.290678
0.258519
0.895287
0.378880
0.199959
0.202230
0.243929
0.136431
0.168380
0.542377
0.478288
0.275841
0.149788
0.333590
0.216320
0.228362
0.391577
0.091492
0.043674
0.172522
0.015318
0.068070
0.304815
0.057815
0.084235
0.368190
0.031335
0.202428
0.041938
0.465814
0.178057
0.071847
0.268126
0.347467
0.348237
0.067402
0.024790
0.260604
0.328897
0.195659
0.415160
0.439651
0.309466
0.286061
0.395337
0.388208
0.087283
0.669436
0.135371
0.141212
0.255532
0.076241
0.170680
0.492446
0.043049
0.264120
0.195404
0.395853
0.031838
0.181349
0.306749
0.400307
0.373316
0.203324
0.199884
0.118431
0.075570
0.365308
0.205142
0.014945
0.284375
0.445079
0.323154
0.266039
0.259546
0.010047
0.269498
0.210576
0.169957
0.697089
0.298035
0.383384
0.170130
0.264664
0.218688
0.087850
0.597356
0.466891
0.123335
0.055770
0.202839
0.149472
0.550025
0.004689
0.040517
0.147701
0.260367
0.103613
0.682375
0.099578
0.198323
0.341453
0.376703
0.573737
0.084372
0.526492
0.434623
0.138251
0.280657
0.389895
0.851002
0.442467
0.358471
0.546752
0.222896
0.390414
0.302522
0.266735
0.035069
0.241124
0.150505
0.258586
0.130049
0.501929
0.039272
0.253698
0.181772
0.245706
0.038473
0.025504
0.108234
0.018708
0.035110
0.180025
0.336286
0.231798
0.117337
0.562348
0.080773
0.005841
0.297592
0.332047
0.046231
0.280902
0.391184
0.340524
0.271543
0.451383
0.223707
0.161402
0.008235
0.135188
0.450516
0.765291
0.187459
0.442237
0.275330
0.358273
0.272614
0.045218
0.694069
0.172035
0.203537
0.281055
0.349775
0.056170
0.274796
0.068050
0.400236
0.215379
0.646620
0.380007
0.470928
0.037491
0.208014
0.497144
0.154424
0.013504
0.419207
0.314605
0.016139
0.163658
0.250517
0.069727
0.425663
0.560997
0.455139
0.152548
0.223618
0.175520
0.301114
0.360994
0.434422
0.177871
0.479592
0.674345
0.037578
0.077254
0.143623
0.632842
0.062286
0.174885
0.296887
0.114091
0.325798
0.286047
0.276632
0.366770
0.208588
0.213166
0.162917
0.209971
0.166789
0.327360
0.101694
0.388369
0.170763
0.244388
0.003898
0.030020
0.238683
0.051604
0.265454
0.188333
0.050420
0.175849
0.152250
0.080091
0.314004
0.248105
0.390719
0.004809
0.201111
0.455570
0.048235
0.080743
0.126782
0.310717
0.614804
0.427298
0.164206
0.076631
0.240030
0.328846
0.375510
0.531490
0.738254
0.114768
0.149736
0.163585
0.057967
0.256661
0.153358
0.359386
0.231458
0.227510
0.303374
0.260963
0.432148
0.230972
0.165300
0.142616
0.307063
0.073993
0.137515
0.208073
0.076546
0.327215
0.073469
0.246729
0.397077
0.026770
0.017225
0.201578
0.175641
0.081629
0.034933
0.027057
0.520934
0.191264
0.094132
0.004298
0.071526
0.306972
0.397751
0.073099
0.122858
0.526672
0.218467
0.149853
0.398238
0.291600
0.080984
0.229978
0.286088
0.291053
0.104403
0.277449
0.335205
0.430934
0.042439
0.220060
0.263038
0.120110
0.231496
0.044164
0.285527
0.003582
0.492770
0.149981
0.097266
0.195114
0.121009
0.326466
0.249573
0.483840
0.124932
0.155740
0.027339
0.136292
0.130987
0.182651
0.339164
0.179208
0.085757
0.203642
0.077909
0.539287
0.327059
0.217561
0.026056
0.402036
0.084982
0.294347
0.066374
0.233183
0.232758
0.449388
0.081534
0.397121
0.090425
0.399000
0.254843
0.014440
0.467167
0.007913
0.113125
0.027356
0.001540
0.034179
0.125203
0.205078
0.367193
0.314845
0.073281
0.234445
0.504090
0.297323
0.413140
0.059843
0.069002
0.279014
0.484957
0.214774
0.002700
0.278582
0.006689
0.653681
0.200464
0.068215
0.374692
0.482249
0.525453
0.379174
0.189136
0.192265
0.259042
0.188429
0.072033
0.303713
0.257716
0.138273
0.450978
0.176208
0.303094
0.526266
0.556275
0.220733
0.191506
0.191893
0.339192
0.062666
0.415566
0.352840
0.002223
0.636282
0.195940
0.066033
0.023010
0.480300
0.167039
0.134392
0.087919
0.117693
0.197935
0.198050
0.008362
0.254295
0.264916
0.025309
0.008706
0.325925
0.453232
0.140978
0.048811
0.233738
0.135508
0.417895
0.337195
0.273166
0.401381
0.347693
0.211310
0.002151
0.413088
0.217071
0.088137
0.070798
0.015328
0.402176
0.454242
0.602123
0.046482
0.775035
0.078541
0.187858
0.385828
0.216382
0.366960
0.242478
0.433267
0.208013
0.310206
0.162635
0.451747
0.305764
0.055336
0.175697
0.256500
0.022874
0.150145
0.387561
0.012553
0.394238
0.018931
0.018786
0.557479
0.285814
0.213682
0.418807
0.090657
0.391783
0.047189
0.254237
0.147219
0.385817
0.104183
0.039145
0.247808
0.275803
0.119142
0.003249
0.030799
0.319406
0.289184
0.057478
0.544653
0.533050
0.287190
0.323275
0.330123
0.162352
0.066001
0.056354
0.456307
0.042972
0.114442
0.534029
0.298699
0.128987
0.405120
0.022974
0.070273
0.406413
0.354006
0.162799
0.403007
0.066871
0.317345
0.136547
0.274297
0.337558
0.019185
0.174246
0.283772
0.116824
0.596265
0.265273
0.591308
0.097869
0.056692
0.138521
0.151437
0.079330
0.185061
0.015800
0.423507
0.058935
0.283546
0.172642
0.321823
0.360266
0.143416
0.238738
0.554727
0.260125
0.126569
0.175325
0.055713
0.095140
0.355884
0.185953
0.179331
0.170896
0.145149
0.093424
0.308983
0.119545
0.269008
0.119522
0.111102
0.204083
0.363784
0.276159
0.529983
0.283014
0.200832
0.261589
0.124086
0.430322
0.008524
0.010216
0.257307
0.082733
0.416288
0.215442
0.081420
0.363853
0.259092
0.227193
0.232670
0.372342
0.477412
0.470598
0.406344
0.134693
0.039579
0.104677
0.483921
0.011893
0.154770
0.429329
0.355617
0.653523
0.247263
0.113887
0.429067
0.323503
0.381609
0.155435
0.111704
0.274652
0.133312
0.008967
0.115652
0.533792
0.044597
0.294855
0.147740
0.466033
0.119198
0.481902
0.016023
0.347719
0.069429
0.566181
0.405221
0.261738
0.191006
0.656953
0.549669
0.161984
0.001978
0.368880
0.443102
0.142573
0.346227
0.464855
0.046895
0.188046
0.083170
0.390275
0.406927
0.031636
0.192183
0.031491
0.223468
0.068665
0.024713
0.187347
0.266937
0.045301
0.322461
0.224622
0.344763
0.287694
0.652151
0.378717
0.365351
0.004244
0.481858
0.065823
0.089269
0.284211
0.253401
0.413577
0.286808
0.069969
0.383093
0.262942
0.365675
0.243730
0.110216
0.226428
0.102520
0.345004
0.151040
0.006367
0.300527
0.080964
0.735376
0.266076
0.065736
0.682544
0.118756
0.516174
0.048924
0.072166
0.309645
0.280341
0.553975
0.013128
0.231291
0.070581
0.333178
0.211410
0.055634
0.050856
0.021314
0.503242
0.183544
0.235964
0.048948
0.518008
0.191186
0.182486
0.286296
0.248647
0.378868
0.111769
0.294141
0.593324
0.003887
0.204719
0.006341
0.056538
0.356738
0.233396
0.265451
0.263217
0.215674
0.180457
0.361238
0.089083
0.004135
0.243619
0.201542
0.005559
0.382459
0.125383
0.521019
0.226860
0.182213
0.189050
0.102480
0.578695
0.252808
0.505979
0.144371
0.332188
0.531665
0.003585
0.180177
0.462181
0.048556
0.228036
0.033315
0.206472
0.363006
0.263244
0.425198
0.011095
0.157371
0.487706
0.356714
0.084768
0.121878
0.214143
0.230774
0.243625
0.218910
0.174183
0.126578
0.146808
0.228585
0.550111
0.111390
0.304686
0.355035
0.106508
0.255593
0.129390
0.119299
0.124514
0.413318
0.123292
0.388293
0.255450
0.393479
0.289525
0.223136
0.154971
0.109259
0.146968
0.056390
0.290894
0.314110
0.644081
0.281884
0.159621
0.445099
0.257025
0.264724
0.072623
0.190960
0.014787
0.369365
0.458861
0.281329
0.072799
0.423042
0.273674
0.183088
0.554825
0.067399
0.586837
0.028265
0.205410
0.488554
0.162789
0.119637
0.434105
0.069038
0.337744
0.383216
0.490703
0.074167
0.293348
0.274661
0.316384
0.209114
0.336092
0.436436
0.230940
0.043386
0.252638
0.301909
0.587974
0.080209
0.330142
0.159084
0.249972
0.103363
0.292460
0.225669
0.486969
0.298287
0.065470
0.487877
0.450090
0.168221
0.317228
0.165328
0.444845
0.125982
0.194103
0.381605
0.312552
0.273873
0.214433
0.060785
0.101559
0.279164
0.307907
0.072564
0.032743
0.360327
0.443016
0.360391
0.349312
0.524709
0.326609
0.106993
0.205093
0.454997
0.580384
0.084142
0.084433
0.017892
0.372002
0.131150
0.155605
0.151593
0.117611
0.193075
0.235432
0.126562
0.025039
0.484616
0.210892
0.304526
0.058489
0.558715
0.065127
0.416204
0.104528
0.362779
0.120393
0.102674
0.325232
0.304762
0.381303
0.163272
0.039039
0.184002
0.095790
0.043005
0.381001
0.207975
0.489326
0.046366
0.546946
0.186489
0.223130
0.407671
0.083942
0.365788
0.394730
0.180363
0.372748
0.112949
0.264103
0.316703
0.350416
0.101115
0.127823
0.536059
0.714251
0.274350
0.262578
0.223620
0.110416
0.085746
0.092883
0.067454
0.237133
0.307567
0.022261
0.105816
0.051866
0.083772
0.745211
0.616337
0.159730
0.031996
0.282107
0.237986
0.078416
0.291833
0.207621
0.018952
0.279000
0.378627
0.224684
0.214496
0.331340
0.225841
0.068409
0.148970
0.262581
0.240382
0.213893
0.110429
0.287316
0.225880
0.317579
0.232073
0.064447
0.558430
0.217500
0.192177
0.034156
0.040820
0.631310
0.197539
0.270940
0.244285
0.136476
0.263352
0.214321
0.074272
0.119275
0.412168
0.112687
0.577611
0.008411
0.022800
0.130979
0.528880
0.351553
0.364849
0.205258
0.234849
0.161188
0.395739
0.043588
0.327193
0.095613
0.476719
0.307109
0.136352
0.214168
0.249563
0.343644
0.050329
0.070348
0.035813
0.168417
0.239698
0.419167
0.329813
0.022371
0.099454
0.091618
0.325827
0.166728
0.501653
0.242027
0.662601
0.213361
0.080296
0.196398
0.320259
0.257901
0.343810
0.223608
0.396025
0.275397
0.396381
0.312752
0.010321
0.268771
0.164438
0.112184
0.586189
0.121702
0.483611
0.122229
0.321087
0.246655
0.385936
0.044307
0.198043
0.222088
0.346958
0.127913
0.345879
0.450748
0.216134
0.180834
0.110379
0.181910
0.300099
0.077436
0.076632
0.372725
0.033175
0.214501
0.049200
0.310286
0.067279
0.071837
0.072563
0.422650
0.395662
0.178309
0.440243
0.153799
0.111896
0.160489
0.153814
0.008965
0.250465
0.430212
0.340906
0.284976
0.360960
0.165073
0.014605
0.417500
0.020257
0.058933
0.327530
0.392465
0.021917
0.239268
0.382430
0.223561
0.570519
0.562387
0.127546
0.193610
0.360329
0.090244
0.166018
0.419424
0.155173
0.421973
0.125510
0.232185
0.279592
0.167864
0.381182
0.032421
0.576717
0.461818
0.058756
0.206654
0.005151
0.033310
0.805039
0.168432
0.604593
0.036805
0.335434
0.040068
0.180008
0.265572
0.184271
0.071389
0.466491
0.213560
0.733343
0.410468
0.139591
0.010043
0.190701
0.024838
0.367207
0.517192
0.399098
0.301723
0.025581
0.278407
0.194466
0.294444
0.405056
0.066717
0.027075
0.104630
0.039264
0.051211
0.311345
0.084666
0.097774
0.476720
0.094535
0.131658
0.064726
0.415553
0.221648
0.173883
0.229353
0.483829
0.264217
0.278405
0.224769
0.191143
0.296747
0.230592
0.462739
0.266386
0.195798
0.315533
0.321175
0.230197
0.252873
0.576856
0.005547
0.219924
0.338599
0.197263
0.085966
0.536933
0.049316
0.210597
0.160819
0.371054
0.152407
0.038967
0.153941
0.336491
0.303000
0.339328
0.167731
0.116161
0.108001
0.305926
0.061741
0.082552
0.285611
0.463147
0.305861
0.269142
0.351740
0.066705
0.227720
0.276765
0.129107
0.718123
0.315573
0.578261
0.166333
0.278820
0.345085
0.185394
0.592018
0.513849
0.084585
0.021225
0.217816
0.086004
0.442554
0.117808
0.005667
0.015157
0.215676
0.023410
0.714260
0.076989
0.147415
0.376731
0.376744
0.609575
0.180052
0.498979
0.354795
0.100713
0.200348
0.323776
0.703180
0.310751
0.336446
0.475538
0.071149
0.394906
0.308295
0.204967
0.088659
0.237365
0.216172
0.215162
0.105162
0.401673
0.070301
0.191273
0.251699
0.221384
0.073738
0.052445
0.067780
0.169590
0.153374
0.178224
0.359656
0.251069
0.076331
0.598196
0.023159
0.053404
0.400564
0.524380
0.119057
0.220933
0.477112
0.369625
0.120290
0.551127
0.242431
0.046369
0.042696
0.051009
0.280828
0.804629
0.207621
0.420972
0.263377
0.458225
0.354365
0.102438
0.667678
0.063258
0.233803
0.139738
0.352830
0.086755
0.406377
0.123625
0.227062
0.255454
0.491831
0.372290
0.361193
0.176473
0.033854
0.438095
0.108513
0.147439
0.384800
0.263579
0.046022
0.334575
0.309711
0.160452
0.508617
0.434746
0.432854
0.022729
0.230024
0.171318
0.349066
0.368774
0.400543
0.243351
0.505332
0.691607
0.222067
0.067626
0.295770
0.603596
0.130376
0.168986
0.282652
0.042504
0.416003
0.301413
0.222119
0.443179
0.299262
0.156816
0.281697
0.137641
0.081178
0.320391
0.175128
0.508914
0.125882
0.324182
0.046157
0.085793
0.023975
0.034700
0.319210
0.203245
0.157671
0.197340
0.284251
0.055799
0.309782
0.279354
0.476366
0.075793
0.255326
0.476778
0.016807
0.038893
0.158846
0.204952
0.496002
0.457499
0.141907
0.139161
0.150566
0.379856
0.490207
0.546626
0.455309
0.186048
0.123603
0.217744
0.075386
0.354383
0.220433
0.363919
0.215573
0.138501
0.384207
0.330620
0.553490
0.465447
0.279174
0.248078
0.288969
0.037898
0.182451
0.095875
0.048455
0.360368
0.020563
0.294017
0.421761
0.052700
0.000768
0.219844
0.181174
0.179099
0.056343
0.022087
0.486307
0.218149
0.029285
0.067729
0.121165
0.253823
0.394278
0.159268
0.005941
0.572468
0.271347
0.108874
0.445403
0.291942
0.204616
0.037208
0.260011
0.220083
0.152000
0.170806
0.300887
0.506282
0.105654
0.395339
0.235073
0.092795
0.322093
0.059341
0.393883
0.025295
0.415458
0.186034
0.071893
0.304349
0.299389
0.249795
0.259630
0.455361
0.252813
0.180154
0.027106
0.124505
0.062033
0.287208
0.383117
0.374360
0.007071
0.124918
0.081446
0.549788
0.400737
0.325561
0.033293
0.429790
0.155187
0.278883
0.174211
0.399434
0.198549
0.330787
0.098201
0.366911
0.215516
0.472084
0.377200
0.027522
0.554895
0.093919
0.153671
0.168647
0.061217
0.116873
0.166621
0.108071
0.225763
0.189397
0.148907
0.233460
0.514005
0.415675
0.134347
0.047253
0.026862
0.357687
0.492987
0.141700
0.033833
0.461532
0.174507
0.537880
0.299117
0.087864
0.353830
0.524051
0.611207
0.354313
0.168122
0.306739
0.266934
0.212882
0.298734
0.115922
0.261676
0.160414
0.594581
0.120781
0.258755
0.509165
0.494030
0.132546
0.313326
0.235412
0.239027
0.079641
0.273256
0.312896
0.121569
0.564793
0.267223
0.077066
0.061228
0.352082
0.131290
0.049127
0.226795
0.312672
0.346659
0.213521
0.021358
0.340395
0.222247
0.209909
0.006458
0.422486
0.401843
0.062212
0.106134
0.135743
0.276267
0.397208
0.166382
0.440108
0.414748
0.301933
0.099116
0.034891
0.518105
0.182122
0.034874
0.202015
0.017675
0.464009
0.473349
0.494976
0.218922
0.926757
0.154709
0.110215
0.509309
0.309031
0.254850
0.194963
0.395745
0.208569
0.285828
0.234261
0.545196
0.294611
0.028277
0.093871
0.312541
0.050550
0.120080
0.323335
0.103396
0.421995
0.027697
0.095892
0.604586
0.235217
0.226978
0.232146
0.116852
0.357513
0.061155
0.361560
0.113503
0.269736
0.064257
0.067144
0.263669
0.252401
0.068419
0.026153
0.029591
0.356274
0.172630
0.148567
0.584659
0.425570
0.257354
0.409263
0.330717
0.299811
0.043962
0.101567
0.408656
0.128027
0.019884
0.458504
0.527641
0.075021
0.299023
0.146897
0.043984
0.587106
0.424366
0.229497
0.501024
0.165990
0.282914
0.052809
0.440673
0.337102
0.033924
0.148078
0.258785
0.144718
0.557587
0.393194
0.621435
0.073275
0.039881
0.038500
0.001610
0.038749
0.393155
0.164405
0.450895
0.190465
0.214624
0.067506
0.319224
0.317903
0.204465
0.386255
0.439350
0.370664
0.260741
0.133997
0.127998
0.117060
0.338472
0.204264
0.015626
0.096179
0.261549
0.139505
0.273699
0.240079
0.208166
0.092202
0.208864
0.263622
0.529817
0.371786
0.597537
0.380804
0.205415
0.157199
0.196486
0.505844
0.135145
0.060552
0.409402
0.166073
0.412535
0.069806
0.033400
0.347405
0.196378
0.277244
0.174331
0.320780
0.558784
0.481411
0.509503
0.161720
0.094588
0.074617
0.429079
0.058256
0.172416
0.360242
0.217430
0.661837
0.246610
0.191029
0.463597
0.429561
0.394469
0.096877
0.023084
0.148647
0.002999
0.113840
0.049728
0.511687
0.030708
0.307866
0.123664
0.453590
0.117743
0.431385
0.008525
0.135140
0.095556
0.544505
0.481802
0.194582
0.190333
0.576118
0.623504
0.101459
0.034905
0.365861
0.426610
0.252989
0.271729
0.409800
0.083842
0.086867
0.096617
0.424868
0.415122
0.123010
0.191254
0.001669
0.197420
0.027052
0.097519
0.155397
0.244511
0.093373
0.273927
0.080764
0.202065
0.293738
0.640534
0.449063
0.397292
0.115507
0.394135
0.193061
0.139121
0.320098
0.336126
0.531085
0.313584
0.133823
0.432570
0.324070
0.403458
0.321059
0.265150
0.250322
0.068996
0.263292
0.293147
0.057384
0.243342
0.236700
0.589991
0.293160
0.123034
0.624099
0.172435
0.493895
0.105191
0.043767
0.201528
0.259532
0.470108
0.009651
0.287566
0.002195
0.382673
0.261896
0.096246
0.039218
0.133359
0.500757
0.195325
0.272972
0.110614
0.380572
0.168141
0.225517
0.288527
0.277299
0.316265
0.031012
0.344682
0.460644
0.127643
0.161125
0.163144
0.120672
0.519289
0.260488
0.354914
0.205342
0.110902
0.193710
0.254663
0.017789
0.081288
0.194593
0.203785
0.048867
0.329604
0.177988
0.493553
0.076954
0.353343
0.101434
0.248388
0.534247
0.147461
0.294880
0.108181
0.469249
0.412428
0.064180
0.095274
0.412828
0.064236
0.295619
0.112557
0.194532
0.370051
0.319999
0.509434
0.148724
0.074199
0.602746
0.348855
0.186131
0.131425
0.200631
0.189162
0.303291
0.301596
0.151505
0.061450
0.346679
0.201348
0.400081
0.241777
0.238620
0.316826
0.158722
0.329104
0.033323
0.054374
0.115668
0.284858
0.151384
0.340952
0.453942
0.254322
0.442849
0.295600
0.098523
0.112885
0.266368
0.022297
0.450271
0.228161
0.667176
0.277362
0.154115
0.351729
0.344327
0.199105
0.127092
0.378217
0.059393
0.342713
0.347038
0.245543
0.019235
0.396374
0.245966
0.325550
0.470072
0.180836
0.519057
0.126576
0.123447
0.480761
0.340464
0.101306
0.415106
0.122056
0.255520
0.371070
0.567659
0.068971
0.142847
0.394377
0.334384
0.166428
0.187049
0.354512
0.160053
0.114988
0.231003
0.244939
0.718865
0.068840
0.285755
0.267006
0.242546
0.070368
0.329511
0.313633
0.470491
0.341431
0.062275
0.526973
0.407421
0.106236
0.216825
0.012515
0.375550
0.130559
0.289451
0.528360
0.368178
0.266757
0.336392
0.162916
0.130919
0.115722
0.317229
0.190100
0.056442
0.351768
0.454586
0.404278
0.466840
0.567745
0.371186
0.211966
0.250979
0.452860
0.535141
0.169215
0.141617
0.064469
0.431639
0.061570
0.274343
0.262879
0.043973
0.236525
0.160190
0.186154
0.110393
0.479201
0.077670
0.304887
0.113964
0.522576
0.034045
0.391459
0.141441
0.391103
0.113180
0.183022
0.291816
0.220809
0.268506
0.084439
0.274092
0.180833
0.056353
0.025007
0.340544
0.366159
0.588757
0.079454
0.329682
0.391139
0.237874
0.477916
0.125815
0.359166
0.422239
0.214345
0.338518
0.167526
0.227578
0.119861
0.236176
0.158390
0.104372
0.484664
0.560685
0.164049
0.199502
0.320963
0.062418
0.030913
0.224614
0.133313
0.274414
0.349094
0.000471
0.010971
0.046623
0.072628
0.668898
0.553577
0.120521
0.017113
0.262527
0.345876
0.054992
0.252337
0.171837
0.058766
0.272263
0.411050
0.260355
0.315273
0.340773
0.431288
0.063809
0.272850
0.169612
0.266174
0.278803
0.203657
0.326383
0.271769
0.258460
0.081468
0.022804
0.438899
0.241142
0.094454
0.073337
0.116292
0.523575
0.308738
0.329481
0.097692
0.070280
0.143948
0.057277
0.064611
0.149098
0.267843
0.280146
0.566958
0.075853
0.036889
0.153042
0.481481
0.272103
0.236271
0.126414
0.429462
0.104543
0.406280
0.061583
0.353344
0.195520
0.506091
0.260453
0.097235
0.150761
0.154287
0.484449
0.046625
0.051580
0.131303
0.239713
0.195061
0.378612
0.276960
0.131635
0.005627
0.054375
0.228659
0.025127
0.414969
0.108542
0.689767
0.188026
0.132823
0.225933
0.388566
0.373576
0.325167
0.205520
0.428191
0.208497
0.313274
0.241912
0.075799
0.314528
0.291779
0.157410
0.306207
0.229762
0.413557
0.064146
0.229058
0.263382
0.199031
0.041539
0.192436
0.254163
0.254695
0.050558
0.303637
0.475399
0.177443
0.127642
0.032445
0.062044
0.125656
0.063631
0.088362
0.404679
0.173445
0.168757
0.086467
0.350436
0.056640
0.080915
0.012114
0.400139
0.277671
0.152986
0.510352
0.292672
0.190580
0.081450
0.208237
0.050489
0.243268
0.366101
0.404071
0.273630
0.373548
0.135481
0.023138
0.323540
0.147831
0.090328
0.145952
0.287281
0.050538
0.190284
0.494911
0.347432
0.466492
0.660244
0.028315
0.043823
0.271124
0.089087
0.074303
0.475265
0.163294
0.514139
0.003731
0.008291
0.243908
0.302143
0.330767
0.063575
0.404935
0.324289
0.122416
0.033942
0.123260
0.131104
0.749097
0.167586
0.492115
0.131486
0.332172
0.041344
0.265184
0.082596
0.175631
0.063469
0.541025
0.175277
0.574775
0.389908
0.025413
0.157287
0.139831
0.026664
0.479450
0.456898
0.237391
0.293382
0.076292
0.230343
0.151012
0.412383
0.383786
0.074302
0.079180
0.011178
0.037009
0.124523
0.256782
0.007225
0.160459
0.588123
0.147028
0.006772
0.166170
0.301372
0.201909
0.230631
0.132184
0.585911
0.175776
0.371913
0.366079
0.152137
0.280274
0.231995
0.408172
0.102876
0.193364
0.185732
0.201739
0.121383
0.336459
0.431106
0.153745
0.347432
0.376350
0.286419
0.053610
0.561146
0.158379
0.154827
0.172968
0.286315
0.277532
0.134459
0.046884
0.286370
0.242158
0.449392
0.138941
0.345654
0.184509
0.274112
0.091576
0.180438
0.278685
0.436126
0.232022
0.312566
0.401478
0.120043
0.137583
0.321179
0.125343
0.613095
0.278996
0.591624
0.217402
0.242900
0.340822
0.223258
0.557756
0.496242
0.033171
0.008412
0.187573
0.077540
0.266761
0.277380
0.006632
0.118165
0.089704
0.224954
0.670736
0.021577
0.074632
0.415299
0.330429
0.623758
0.269248
0.447147
0.264934
0.102784
0.069650
0.312057
0.551920
0.208259
0.294407
0.435246
0.093844
0.348314
0.377367
0.103752
0.126376
0.302353
0.275039
0.124466
0.110386
0.345071
0.040830
0.141785
0.365558
0.180464
0.107122
0.033754
0.076841
0.257873
0.197551
0.255422
0.370200
0.268036
0.202402
0.578853
0.020766
0.123353
0.434990
0.657706
0.247653
0.150781
0.598825
0.385634
0.005793
0.566326
0.181078
0.256299
0.107863
0.061979
0.176769
0.705485
0.227990
0.396128
0.265472
0.531271
0.272462
0.332246
0.561073
0.027704
0.168229
0.010473
0.285898
0.033230
0.463814
0.141818
0.129954
0.219065
0.254742
0.303589
0.303902
0.368739
0.143498
0.345679
0.093073
0.287895
0.409979
0.243799
0.112232
0.416485
0.345207
0.164000
0.522719
0.288317
0.303431
0.125409
0.226653
0.109099
0.420389
0.278335
0.324675
0.238830
0.437377
0.593149
0.332974
0.042892
0.401736
0.502268
0.229809
0.251043
0.321844
0.035200
0.477505
0.319604
0.170691
0.511969
0.374117
0.164584
0.361312
0.051590
0.000262
0.295292
0.232753
0.536713
0.028301
0.362376
0.097517
0.157811
0.220763
0.061679
0.402079
0.135164
0.189292
0.227888
0.474602
0.196667
0.205491
0.252104
0.623953
0.165928
0.332110
0.500583
0.068469
0.118650
0.176717
0.048488
0.344216
0.428227
0.084860
0.200129
0.111549
0.377031
0.574741
0.535788
0.153558
0.168516
0.138433
0.176015
0.058726
0.334685
0.288885
0.284190
0.091145
0.072400
0.464210
0.338585
0.578393
0.678014
0.349330
0.319392
0.217052
0.082485
0.242507
0.034779
0.011068
0.417331
0.118694
0.249296
0.351305
0.131776
0.016634
0.246610
0.209873
0.206925
0.006656
0.032238
0.298201
0.234961
0.077998
0.240183
0.131652
0.274545
0.347114
0.338482
0.092393
0.631493
0.316369
0.016237
0.438644
0.302629
0.343133
0.093146
0.257249
0.089343
0.121587
0.019374
0.293828
0.536794
0.152426
0.492135
0.210795
0.122827
0.334379
0.184145
0.498586
0.001331
0.277830
0.207306
0.000079
0.324621
0.414160
0.193136
0.242135
0.357049
0.353375
0.205002
0.071715
0.176621
0.028807
0.280333
0.441509
0.592707
0.026371
0.032746
0.097967
0.472683
0.449955
0.355327
0.078862
0.469303
0.229417
0.273820
0.275958
0.503427
0.117726
0.171256
0.077332
0.399341
0.256263
0.512296
0.453975
0.056937
0.557078
0.189602
0.206232
0.242570
0.176410
0.167378
0.175818
0.145348
0.117763
0.039650
0.210608
0.209219
0.553635
0.453901
0.046965
0.037562
0.181394
0.434060
0.414868
0.207140
0.042072
0.538373
0.310125
0.365304
0.380079
0.150579
0.260766
0.456719
0.596941
0.268033
0.170309
0.430635
0.299632
0.204373
0.465852
0.033572
0.294347
0.204612
0.675561
0.027580
0.206120
0.419176
0.373122
0.029472
0.455905
0.167291
0.217625
0.182988
0.028332
0.245136
0.292965
0.449336
0.298513
0.094584
0.100002
0.233922
0.092966
0.021273
0.308265
0.464023
0.539261
0.156659
0.048753
0.413194
0.184620
0.361238
0.026339
0.497331
0.294470
0.018245
0.130684
0.032238
0.467939
0.384901
0.021204
0.580769
0.373530
0.204813
0.041605
0.097825
0.609327
0.110543
0.023440
0.379647
0.092594
0.478525
0.504609
0.258402
0.379126
0.794556
0.236735
0.009406
0.598895
0.260074
0.196893
0.140470
0.329001
0.186549
0.241787
0.290953
0.570424
0.230666
0.149782
0.045757
0.374784
0.146147
0.319752
0.117430
0.150399
0.373188
0.042445
0.203616
0.530128
0.221360
0.200904
0.107400
0.159119
0.374841
0.083767
0.441142
0.059179
0.216362
0.073277
0.160168
0.227509
0.281513
0.101796
0.006931
0.007477
0.329431
0.105473
0.244296
0.536573
0.320501
0.228120
0.495419
0.318921
0.414762
0.171503
0.275610
0.402129
0.223836
0.024335
0.341454
0.595551
0.033144
0.139441
0.246272
0.027980
0.705889
0.462316
0.287985
0.545612
0.223804
0.308078
0.009414
0.575176
0.269802
0.036834
0.083895
0.212509
0.139282
0.378275
0.466770
0.534942
0.250057
0.047466
0.095209
0.139338
0.001790
0.538931
0.274587
0.456075
0.260564
0.053357
0.044503
0.235991
0.284916
0.260446
0.425550
0.271918
0.483517
0.334983
0.059572
0.229908
0.191173
0.332143
0.210082
0.185611
0.007420
0.361626
0.076172
0.265952
0.273913
0.146067
0.132001
0.216757
0.258812
0.637797
0.425796
0.632630
0.459785
0.251999
0.140614
0.201170
0.516190
0.201962
0.140159
0.460474
0.215600
0.341073
0.079356
0.099767
0.308313
0.109978
0.321892
0.152206
0.261269
0.522859
0.467518
0.473168
0.102776
0.234799
0.075268
0.292175
0.185998
0.133289
0.361247
0.095208
0.589761
0.215936
0.310469
0.439385
0.431744
0.336842
0.086563
0.125223
0.037487
0.087449
0.208651
0.004012
0.465904
0.075139
0.307278
0.048045
0.485120
0.054345
0.320286
0.029676
0.078182
0.171262
0.438056
0.532260
0.126152
0.109405
0.462915
0.553719
0.125913
0.026580
0.216877
0.381586
0.328576
0.241732
0.268070
0.085346
0.011942
0.067603
0.414275
0.397117
0.175190
0.185525
0.058367
0.165046
0.017185
0.201467
0.169586
0.144444
0.060852
0.238985
0.033284
0.105258
0.311704
0.497165
0.413438
0.397483
0.203939
0.270819
0.325558
0.272298
0.316454
0.334038
0.609311
0.255287
0.142652
0.480144
0.362976
0.393672
0.359194
0.367408
0.225175
0.038557
0.204373
0.410651
0.114367
0.121762
0.377761
0.435504
0.298952
0.186754
0.453872
0.139465
0.429030
0.214479
0.076430
0.132843
0.196658
0.368595
0.082730
0.374300
0.007230
0.336896
0.328477
0.114014
0.192943
0.232211
0.403173
0.168714
0.282366
0.122222
0.240516
0.157535
0.221285
0.265482
0.259454
0.254843
0.157579
0.355094
0.315722
0.148915
0.190250
0.319928
0.216972
0.607297
0.302234
0.416264
0.219601
0.061273
0.217038
0.100105
0.084892
0.180934
0.145878
0.104092
0.062731
0.331312
0.231775
0.362719
0.083943
0.485970
0.002765
0.359605
0.458705
0.051234
0.067770
0.046552
0.590749
0.286556
0.200624
0.060954
0.374240
0.076295
0.317088
0.099819
0.159201
0.404099
0.402593
0.545585
0.272738
0.020497
0.612384
0.239411
0.328467
0.147368
0.240403
0.046792
0.280855
0.352183
0.141931
0.052649
0.505912
0.206804
0.229824
0.310061
0.149329
0.305014
0.248977
0.352104
0.014529
0.000559
0.127397
0.185259
0.193801
0.290779
0.501388
0.197988
0.479122
0.392425
0.020102
0.037088
0.376922
0.082928
0.539115
0.135231
0.561983
0.258873
0.054614
0.275882
0.380645
0.117427
0.122532
0.484687
0.110744
0.288656
0.250031
0.196034
0.090865
0.237390
0.207359
0.410122
0.432779
0.333937
0.447728
0.290544
0.072616
0.533537
0.408933
0.039821
0.389976
0.216716
0.174373
0.269955
0.575057
0.091165
0.002750
0.383978
0.279278
0.047763
0.029717
0.253351
0.088075
0.178364
0.276169
0.178283
0.694828
0.018453
0.199994
0.249239
0.228958
0.084975
0.392047
0.361826
0.477074
0.350998
0.166224
0.457642
0.361361
0.109418
0.090374
0.200528
0.245657
0.127617
0.441318
0.570321
0.354983
0.190900
0.334152
0.261092
0.173051
0.022867
0.284489
0.338994
0.084037
0.347509
0.370796
0.409016
0.581341
0.590039
0.481662
0.316423
0.318124
0.528276
0.419943
0.220924
0.205147
0.179893
0.372737
0.032676
0.392067
0.309794
0.220115
0.252240
0.095349
0.203333
0.147335
0.460733
0.075187
0.227138
0.140300
0.444206
0.082328
0.319638
0.188025
0.454884
0.103983
0.215036
0.249136
0.007270
0.091312
0.044731
0.436512
0.213880
0.056256
0.098352
0.293919
0.525594
0.634949
0.187142
0.149096
0.533513
0.244697
0.475576
0.172737
0.309989
0.434658
0.258119
0.280421
0.227818
0.120402
0.026805
0.144585
0.300217
0.089092
0.433000
0.447299
0.027234
0.228566
0.270608
0.267369
0.105857
0.299759
0.237860
0.294485
0.437549
0.055045
0.001362
0.036279
0.024805
0.494677
0.435948
0.018429
0.054712
0.210028
0.435486
0.133656
0.217698
0.047620
0.050500
0.156239
0.400492
0.333323
0.423672
0.278378
0.564363
0.046647
0.383512
0.064730
0.315527
0.377164
0.298441
0.394418
0.327875
0.170322
0.287740
0.190020
0.258101
0.204563
0.050147
0.119071
0.111078
0.409147
0.420926
0.393369
0.051615
0.034425
0.024614
0.059664
0.140174
0.213339
0.108843
0.348303
0.467795
0.117882
0.024772
0.243324
0.364774
0.156924
0.085967
0.103747
0.603861
0.006816
0.404316
0.190993
0.404022
0.277975
0.475152
0.168177
0.042134
0.101237
0.027006
0.563756
0.113481
0.008090
0.134142
0.301760
0.127341
0.317519
0.217126
0.255912
0.182882
0.049203
0.171496
0.041016
0.284371
0.019477
0.635933
0.194316
0.207804
0.261908
0.404446
0.442564
0.329392
0.169536
0.401835
0.160951
0.249240
0.127277
0.160683
0.401297
0.389366
0.165486
0.035092
0.363584
0.333487
0.049471
0.048074
0.263073
0.033950
0.009789
0.129146
0.272184
0.093481
0.019827
0.245616
0.456455
0.087163
0.089374
0.027828
0.007135
0.043314
0.122666
0.092030
0.417204
0.263360
0.085605
0.156643
0.349810
0.001944
0.163719
0.086862
0.325873
0.178453
0.127832
0.502042
0.389118
0.283228
0.052447
0.220932
0.073908
0.264969
0.297776
0.388443
0.177420
0.414276
0.033923
0.058551
0.218490
0.368421
0.172515
0.041402
0.181085
0.211913
0.103011
0.600336
0.501937
0.285357
0.650677
0.143284
0.086204
0.145003
0.107495
0.003945
0.486775
0.147734
0.478461
0.079948
0.173435
0.152750
0.370395
0.287793
0.088419
0.214541
0.098152
0.141795
0.085426
0.277995
0.205766
0.605831
0.170346
0.279980
0.232405
0.281789
0.087865
0.343756
0.114305
0.142070
0.093447
0.483874
0.109285
0.440759
0.352890
0.108152
0.241811
0.124605
0.061095
0.532713
0.434465
0.061929
0.323616
0.171537
0.139699
0.073547
0.447564
0.337122
0.109182
0.080045
0.063075
0.095717
0.173003
0.112717
0.060761
0.194730
0.627569
0.095492
0.055552
0.207223
0.141419
0.095561
0.214486
0.001152
0.657871
0.119595
0.448193
0.401632
0.133442
0.275241
0.278030
0.330011
0.031773
0.194582
0.019847
0.109380
0.045547
0.346309
0.279677
0.228368
0.365091
0.368751
0.287719
0.044388
0.460258
0.226614
0.111800
0.167763
0.137686
0.411289
0.262116
0.046270
0.252603
0.202895
0.491295
0.105291
0.511612
0.240450
0.319936
0.243768
0.209395
0.242719
0.376427
0.157206
0.342502
0.422696
0.127938
0.051538
0.326926
0.154426
0.447695
0.197382
0.499692
0.236027
0.174107
0.324223
0.266741
0.436398
0.396681
0.134656
0.093361
0.176983
0.087040
0.073488
0.458626
0.039964
0.173995
0.016407
0.431585
0.513486
0.018322
0.049496
0.431044
0.233896
0.602723
0.254528
0.390863
0.156219
0.046101
0.055063
0.261670
0.365172
0.073924
0.273907
0.322859
0.179263
0.275414
0.344051
0.040195
0.257693
0.328250
0.329400
0.084025
0.134422
0.275112
0.016833
0.129672
0.362764
0.176414
0.080466
0.082615
0.177984
0.248424
0.165989
0.312345
0.359276
0.235242
0.330086
0.451618
0.061919
0.155272
0.399492
0.623444
0.302827
0.143804
0.638408
0.305859
0.103381
0.464568
0.123459
0.470070
0.147720
0.089894
0.071579
0.582641
0.188720
0.344770
0.240379
0.634345
0.111961
0.506259
0.447162
0.035032
0.112965
0.108842
0.238996
0.051434
0.559016
0.165257
0.044476
0.154514
0.019527
0.174755
0.276982
0.563154
0.259765
0.173256
0.028645
0.441128
0.430016
0.235345
0.192508
0.372395
0.350825
0.169092
0.501253
0.115078
0.128256
0.216544
0.213094
0.017964
0.469638
0.172366
0.214029
0.212805
0.406300
0.403769
0.507863
0.028774
0.417700
0.365597
0.372618
0.272272
0.349199
0.035957
0.532194
0.308266
0.139997
0.464961
0.367079
0.133465
0.482682
0.042557
0.004694
0.198826
0.230333
0.433094
0.062025
0.343827
0.046542
0.212400
0.394578
0.059621
0.513976
0.013267
0.281149
0.248269
0.563186
0.342188
0.129193
0.209945
0.691321
0.238362
0.365524
0.456818
0.072579
0.161386
0.153307
0.083909
0.192562
0.281807
0.004086
0.232019
0.096021
0.257859
0.576905
0.525786
0.174147
0.172730
0.168679
0.139019
0.039848
0.263890
0.350687
0.253581
0.076202
0.013635
0.429777
0.263863
0.494383
0.765937
0.416285
0.365020
0.238197
0.058442
0.246346
0.148330
0.039013
0.409344
0.109324
0.302925
0.317397
0.321915
0.008573
0.277956
0.293301
0.200067
0.060378
0.075286
0.049670
0.207825
0.179150
0.396142
0.124625
0.296379
0.307656
0.371337
0.191343
0.661089
0.322258
0.077310
0.378053
0.284643
0.446273
0.207988
0.282181
0.010248
0.007170
0.087830
0.297844
0.621245
0.170151
0.479953
0.182677
0.134761
0.262368
0.263868
0.647923
0.059254
0.183499
0.278929
0.035068
0.261404
0.509431
0.189592
0.158302
0.258270
0.402038
0.198366
0.126019
0.201238
0.031124
0.186759
0.469708
0.720465
0.055444
0.072862
0.074292
0.398495
0.383272
0.329449
0.097902
0.469525
0.208879
0.240938
0.319475
0.451384
0.044478
0.005737
0.018296
0.416226
0.256497
0.504163
0.466419
0.094535
0.517869
0.250218
0.220744
0.285316
0.260273
0.149613
0.222531
0.246132
0.134540
0.055711
0.294079
0.128682
0.493359
0.463449
0.174672
0.014332
0.283511
0.409393
0.384434
0.273968
0.088832
0.605581
0.343561
0.223620
0.440644
0.275895
0.217370
0.360429
0.507691
0.177042
0.125002
0.497822
0.350795
0.206552
0.535936
0.027912
0.366882
0.192664
0.645561
0.181953
0.208572
0.210980
0.219162
0.007183
0.476631
0.075356
0.221072
0.358276
0.173143
0.177958
0.463148
0.279405
0.354358
0.139082
0.108052
0.099135
0.103948
0.027892
0.220115
0.620375
0.651812
0.118245
0.068381
0.479687
0.199409
0.430993
0.048556
0.466704
0.205432
0.111031
0.168334
0.061111
0.559115
0.368455
0.176108
0.602000
0.291605
0.070024
0.028932
0.196290
0.657456
0.069049
0.048570
0.491173
0.151087
0.416807
0.504042
0.009779
0.503027
0.495386
0.354190
0.118786
0.616465
0.219914
0.180198
0.159348
0.232056
0.157511
0.203342
0.292711
0.428208
0.202843
0.131705
0.016009
0.338479
0.258901
0.464692
0.123068
0.193403
0.251553
0.052309
0.293633
0.399256
0.291551
0.184378
0.023887
0.203343
0.357612
0.067897
0.430156
0.031727
0.171785
0.090672
0.208206
0.178117
0.339964
0.179599
0.058028
0.076319
0.255324
0.060144
0.413402
0.427408
0.164410
0.153135
0.505730
0.248768
0.552427
0.296296
0.435329
0.404991
0.319156
0.078701
0.282724
0.662477
0.016335
0.030218
0.302688
0.089777
0.682581
0.429225
0.318366
0.404394
0.290607
0.371804
0.038868
0.584821
0.169869
0.089619
0.031781
0.166184
0.106004
0.212880
0.499212
0.432366
0.340232
0.052301
0.285960
0.218844
0.005454
0.615528
0.514077
0.378492
0.363539
0.147791
0.161811
0.187285
0.298342
0.262572
0.408761
0.056323
0.488973
0.431553
0.022416
0.229939
0.247298
0.355707
0.231952
0.343012
0.045822
0.387598
0.049764
0.236390
0.269526
0.096854
0.224107
0.144824
0.219670
0.645761
0.404421
0.496083
0.545802
0.263815
0.028505
0.208560
0.440724
0.180025
0.239830
0.449030
0.322168
0.259762
0.249624
0.142393
0.296870
0.048290
0.273134
0.066705
0.144364
0.405126
0.454112
0.407691
0.003323
0.394702
0.078070
0.201508
0.313809
0.019558
0.338904
0.000271
0.449936
0.185294
0.417323
0.361480
0.400607
0.294309
0.016832
0.164952
0.032567
0.136003
0.350344
0.028175
0.411693
0.141860
0.298641
0.000776
0.450113
0.019749
0.218341
0.105687
0.272713
0.239413
0.338618
0.529589
0.056518
0.034193
0.354479
0.396317
0.194258
0.091973
0.073172
0.275986
0.407903
0.125116
0.112462
0.070140
0.057028
0.013101
0.362399
0.342319
0.229912
0.242867
0.146443
0.109169
0.042221
0.310208
0.154901
0.009590
0.052129
0.236181
0.148057
0.059066
0.289270
0.287938
0.312985
0.402077
0.237987
0.078124
0.477454
0.379274
0.234080
0.313138
0.579004
0.212035
0.226148
0.477833
0.322392
0.428753
0.346186
0.430073
0.264867
0.151220
0.135561
0.428890
0.114625
0.022597
0.519104
0.218087
0.301326
0.250886
0.282448
0.146034
0.446882
0.358838
0.112276
0.004389
0.078585
0.224969
0.175579
0.471568
0.062257
0.340298
0.326596
0.162975
0.371375
0.246018
0.319300
0.144972
0.348840
0.160228
0.003024
0.018453
0.243282
0.238585
0.203748
0.208434
0.299753
0.345932
0.135310
0.180859
0.195804
0.468583
0.249826
0.658261
0.299898
0.448575
0.263515
0.036481
0.318596
0.104081
0.159422
0.355888
0.123769
0.027797
0.007145
0.322916
0.339224
0.222883
0.258717
0.599043
0.081593
0.386159
0.420407
0.007773
0.114642
0.028114
0.665191
0.167387
0.228711
0.023197
0.354048
0.070563
0.265417
0.010679
0.065082
0.390386
0.477936
0.530341
0.377032
0.010056
0.519014
0.075001
0.396563
0.140740
0.292251
0.193127
0.297847
0.302716
0.119712
0.041714
0.638538
0.226941
0.045716
0.248824
0.035312
0.260595
0.364118
0.368390
0.126554
0.127568
0.098866
0.055863
0.156114
0.269946
0.404196
0.112598
0.335406
0.430344
0.092041
0.066542
0.342204
0.185759
0.547204
0.048944
0.349231
0.165767
0.035523
0.150814
0.404116
0.010350
0.095618
0.471108
0.150762
0.194192
0.157256
0.211499
0.232502
0.133938
0.166415
0.440145
0.341611
0.360422
0.337292
0.406944
0.234588
0.526877
0.391162
0.001033
0.332211
0.333022
0.121743
0.189220
0.525297
0.108126
0.155295
0.351050
0.166748
0.028500
0.211881
0.130280
0.126802
0.169562
0.309571
0.119707
0.559662
0.004401
0.157060
0.183653
0.208385
0.134965
0.470648
0.319158
0.415585
0.243726
0.267808
0.351524
0.332288
0.230924
0.025451
0.441011
0.039411
0.105955
0.543803
0.461336
0.309196
0.115490
0.285652
0.279280
0.243373
0.099814
0.275734
0.490795
0.108297
0.293639
0.307451
0.400905
0.642444
0.473214
0.508691
0.320561
0.316472
0.471020
0.313836
0.207239
0.331546
0.331188
0.278164
0.066642
0.434426
0.310453
0.304754
0.245467
0.047878
0.214183
0.167778
0.438169
0.143913
0.058278
0.257868
0.357426
0.185100
0.284528
0.158616
0.546577
0.159780
0.255197
0.154548
0.237829
0.165842
0.033123
0.545980
0.264426
0.163704
0.253659
0.204354
0.595577
0.564594
0.256791
0.013495
0.576640
0.263443
0.377913
0.208209
0.286539
0.415928
0.189042
0.231659
0.258203
0.034322
0.034297
0.058275
0.384763
0.049546
0.339563
0.318028
0.056962
0.194799
0.179395
0.438637
0.188683
0.425087
0.249158
0.271107
0.453968
0.089899
0.004146
0.092531
0.039772
0.252314
0.285808
0.172442
0.066545
0.196659
0.485202
0.124230
0.146310
0.097846
0.005317
0.045308
0.329003
0.264124
0.463842
0.280874
0.646601
0.031535
0.409742
0.039587
0.380497
0.425595
0.291574
0.427554
0.349870
0.114385
0.502644
0.338246
0.140759
0.148148
0.262373
0.204089
0.057373
0.283119
0.535450
0.430870
0.143705
0.049322
0.116368
0.129509
0.198650
0.203268
0.066365
0.233711
0.313399
0.178252
0.037866
0.348087
0.218459
0.043057
0.105573
0.126191
0.734097
0.106848
0.372309
0.340847
0.493997
0.374427
0.425251
0.006170
0.045921
0.098242
0.063377
0.542218
0.239280
0.092654
0.113863
0.328642
0.022499
0.329749
0.093574
0.407040
0.383216
0.077078
0.162173
0.177809
0.218107
0.045496
0.472006
0.257349
0.230609
0.295839
0.399573
0.516764
0.348043
0.110840
0.388837
0.072527
0.192099
0.008536
0.237055
0.426455
0.508286
0.138696
0.256994
0.471264
0.313172
0.146137
0.109388
0.321792
0.210569
0.022410
0.034664
0.291804
0.034096
0.053324
0.240456
0.454300
0.033887
0.032582
0.057398
0.011290
0.161907
0.258436
0.027154
0.319396
0.333460
0.044780
0.173437
0.412663
0.072001
0.186187
0.158781
0.227015
0.066206
0.097294
0.384751
0.462622
0.393912
0.146332
0.236329
0.158512
0.292737
0.213416
0.401733
0.118357
0.433180
0.040372
0.164794
0.052478
0.579779
0.256029
0.163565
0.064532
0.375446
0.003239
0.635746
0.522674
0.153904
0.592030
0.334328
0.090296
0.002507
0.203210
0.036387
0.377562
0.113367
0.396992
0.202263
0.448873
0.021697
0.436954
0.191918
0.087528
0.107112
0.007222
0.178421
0.114461
0.389382
0.271070
0.479016
0.199684
0.092311
0.298220
0.224583
0.145661
0.446998
0.301761
0.057185
0.001960
0.350052
0.040055
0.345791
0.389015
0.181330
0.330494
0.155545
0.009940
0.507638
0.389534
0.086131
0.357085
0.211786
0.072135
0.068533
0.469537
0.294527
0.114660
0.051849
0.058752
0.168651
0.324033
0.058438
0.174301
0.221931
0.565430
0.034740
0.050753
0.277829
0.004356
0.034341
0.131489
0.123278
0.627509
0.095332
0.407745
0.410637
0.153487
0.249948
0.241128
0.182856
0.183930
0.267797
0.243798
0.044538
0.048372
0.294382
0.171654
0.241492
0.337606
0.294550
0.283705
0.014921
0.330921
0.203770
0.060164
0.142944
0.003873
0.513009
0.302188
0.050529
0.173283
0.180039
0.487867
0.063081
0.608799
0.186383
0.401752
0.412791
0.243810
0.215011
0.306579
0.047696
0.326373
0.388535
0.132436
0.039197
0.289021
0.099235
0.271046
0.103925
0.354326
0.336177
0.177301
0.217932
0.255284
0.367579
0.267879
0.296526
0.202811
0.221576
0.114566
0.147956
0.590894
0.157920
0.219193
0.170462
0.577868
0.276380
0.049917
0.062918
0.477908
0.088994
0.508086
0.212069
0.333760
0.125017
0.028303
0.107913
0.228586
0.303279
0.015345
0.196562
0.263575
0.215418
0.187479
0.337390
0.071662
0.299674
0.299705
0.381451
0.010218
0.221853
0.275699
0.067435
0.180131
0.326685
0.231962
0.073392
0.216356
0.275408
0.205238
0.077842
0.358065
0.315667
0.151459
0.377177
0.352331
0.037947
0.174203
0.284871
0.547537
0.286755
0.197123
0.614841
0.215381
0.098699
0.365773
0.044990
0.596061
0.200937
0.059489
0.044541
0.440191
0.162369
0.322921
0.245685
0.671769
0.152878
0.603003
0.358494
0.000340
0.030585
0.203846
0.173762
0.157305
0.561746
0.124279
0.009444
0.096757
0.192418
0.076690
0.253406
0.599495
0.377634
0.012013
0.085224
0.575935
0.428216
0.201930
0.219466
0.165189
0.337677
0.143377
0.408911
0.030689
0.057154
0.203668
0.177466
0.091875
0.449787
0.126466
0.116764
0.195779
0.293851
0.223541
0.658611
0.072570
0.357531
0.152903
0.485308
0.306388
0.363916
0.062430
0.543263
0.277308
0.125071
0.427348
0.334260
0.187780
0.477166
0.118994
0.022167
0.121025
0.224877
0.302562
0.180748
0.347992
0.004900
0.313857
0.526318
0.096322
0.565237
0.117869
0.366945
0.294800
0.610355
0.444993
0.017086
0.210367
0.752465
0.265666
0.408613
0.408039
0.013378
0.115276
0.185895
0.192599
0.106032
0.161586
0.052729
0.226073
0.168098
0.132498
0.430409
0.548199
0.385069
0.102945
0.236461
0.017449
0.034497
0.114853
0.394258
0.198215
0.320783
0.024747
0.376050
0.126868
0.356062
0.692103
0.403316
0.311096
0.255542
0.023802
0.323423
0.222945
0.058072
0.409404
0.129689
0.210806
0.218569
0.483871
0.002026
0.316004
0.318598
0.170944
0.165826
0.123870
0.229687
0.186481
0.256964
0.528243
0.071545
0.325265
0.263487
0.358484
0.271470
0.573269
0.287830
0.202301
0.312915
0.258328
0.515130
0.213576
0.299513
0.116341
0.156232
0.175415
0.272775
0.544821
0.125309
0.340377
0.180205
0.184874
0.119013
0.308602
0.704274
0.105583
0.017161
0.295815
0.122758
0.187271
0.486880
0.159313
0.035214
0.076900
0.417209
0.108964
0.171162
0.277475
0.073673
0.024180
0.429384
0.719256
0.023788
0.230434
0.029774
0.316361
0.260213
0.283601
0.188607
0.427967
0.159367
0.196424
0.295640
0.339864
0.253841
0.177280
0.091312
0.371371
0.238210
0.431435
0.364367
0.068841
0.456683
0.351461
0.261031
0.194968
0.326100
0.036507
0.246771
0.327607
0.160589
0.194279
0.305128
0.096909
0.466367
0.407323
0.156740
0.015282
0.372325
0.348739
0.344299
0.480910
0.089241
0.559550
0.343945
0.158219
0.434139
0.368177
0.155830
0.262383
0.428853
0.063822
0.069458
0.534801
0.380203
0.220559
0.443038
0.006725
0.355833
0.140295
0.492539
0.397603
0.143863
0.018206
0.000748
0.072362
0.489241
0.106872
0.225196
0.511900
0.380030
0.112986
0.575109
0.098638
0.336361
0.184645
0.077779
0.008363
0.088459
0.024633
0.159485
0.672232
0.682285
0.064128
0.130236
0.489249
0.174474
0.403881
0.062868
0.422445
0.094721
0.161790
0.221616
0.070040
0.603315
0.358334
0.336850
0.532563
0.174508
0.016086
0.020747
0.259551
0.582235
0.210839
0.055861
0.513270
0.223780
0.263745
0.440156
0.234015
0.578151
0.155497
0.426406
0.239980
0.551584
0.053448
0.195548
0.163266
0.216873
0.079998
0.179690
0.304673
0.189360
0.129314
0.079935
0.001092
0.320307
0.411472
0.424339
0.384335
0.175428
0.149749
0.092606
0.433896
0.234375
0.320647
0.147186
0.028088
0.188424
0.415046
0.040197
0.401930
0.086362
0.150217
0.094615
0.241929
0.136009
0.399049
0.323723
0.089395
0.183581
0.190463
0.020152
0.522771
0.202298
0.057433
0.149632
0.549751
0.172541
0.578365
0.287883
0.498160
0.430795
0.336938
0.080520
0.214753
0.540783
0.068155
0.134344
0.298000
0.158729
0.530310
0.363787
0.284452
0.200133
0.333795
0.438187
0.137046
0.473116
0.057443
0.125230
0.115215
0.164663
0.076260
0.021947
0.420340
0.216194
0.370613
0.074595
0.440899
0.250287
0.026885
0.578689
0.596430
0.291581
0.413793
0.310516
0.185941
0.105350
0.261536
0.297160
0.249896
0.132100
0.472732
0.355560
0.116686
0.229367
0.347153
0.344889
0.198129
0.473462
0.156838
0.397697
0.205427
0.243067
0.179640
0.068506
0.288280
0.043693
0.109745
0.572265
0.339577
0.353485
0.551154
0.258061
0.127513
0.174801
0.361283
0.054681
0.403893
0.342090
0.361822
0.175206
0.345389
0.302529
0.280438
0.050154
0.179483
0.033567
0.069158
0.240195
0.477271
0.289106
0.132309
0.482191
0.166042
0.142028
0.436066
0.093146
0.279932
0.083198
0.271707
0.160890
0.516977
0.226620
0.280249
0.199818
0.039496
0.179589
0.047996
0.142826
0.472704
0.049881
0.338727
0.137104
0.319586
0.091157
0.439371
0.049876
0.073108
0.121854
0.422527
0.335463
0.251924
0.526190
0.034318
0.093802
0.264013
0.220785
0.262925
0.202777
0.132088
0.132166
0.466282
0.047777
0.047971
0.258882
0.025871
0.023298
0.351731
0.245956
0.228650
0.325203
0.269884
0.116404
0.078764
0.419999
0.165016
0.122826
0.030859
0.264573
0.158017
0.031288
0.285740
0.157068
0.194906
0.445512
0.255027
0.061341
0.538917
0.502516
0.091491
0.193067
0.470646
0.186342
0.268318
0.479204
0.215102
0.481263
0.294743
0.372145
0.303139
0.265659
0.069391
0.365148
0.098775
0.081736
0.569948
0.103121
0.362073
0.301199
0.088203
0.102865
0.540568
0.389119
0.166101
0.068465
0.013820
0.050498
0.290712
0.573800
0.043663
0.300138
0.284878
0.183967
0.558303
0.184990
0.265673
0.133508
0.331528
0.141866
0.135263
0.109502
0.301925
0.217526
0.195510
0.180237
0.370983
0.272466
0.023118
0.142573
0.273725
0.555011
0.273172
0.552300
0.285233
0.437401
0.326055
0.092700
0.392792
0.286471
0.208693
0.436305
0.076122
0.056883
0.132827
0.318796
0.435324
0.023624
0.403193
0.659301
0.095753
0.387949
0.360617
0.018341
0.309417
0.097176
0.631438
0.118171
0.179020
0.025415
0.399487
0.002570
0.187358
0.121660
0.019045
0.334146
0.468511
0.567580
0.393505
0.013517
0.368406
0.067166
0.433645
0.136121
0.310228
0.405756
0.249744
0.252386
0.104508
0.008951
0.708991
0.241267
0.124928
0.175495
0.137925
0.219749
0.459133
0.338672
0.238135
0.167366
0.129498
0.065551
0.093068
0.247114
0.204775
0.057372
0.116314
0.390499
0.203420
0.199630
0.246444
0.370474
0.440629
0.006097
0.157837
0.067979
0.168571
0.085899
0.373562
0.081766
0.010847
0.427612
0.128845
0.109563
0.095677
0.191804
0.324285
0.024104
0.068805
0.369930
0.307960
0.311404
0.221447
0.552894
0.420110
0.476969
0.286003
0.095420
0.298849
0.455493
0.078984
0.112419
0.351825
0.080228
0.234685
0.277228
0.027145
0.132868
0.451901
0.056056
0.163921
0.140337
0.453162
0.124462
0.344784
0.059817
0.099249
0.063546
0.140870
0.173280
0.538424
0.236237
0.346735
0.093571
0.333873
0.162366
0.304056
0.387696
0.092935
0.563439
0.185680
0.057625
0.602985
0.306765
0.225605
0.044047
0.200121
0.262001
0.233252
0.159780
0.216741
0.622029
0.084501
0.254454
0.261454
0.338370
0.567381
0.382035
0.527129
0.259502
0.341470
0.392358
0.289333
0.151386
0.397143
0.450093
0.106509
0.080291
0.450595
0.301394
0.344596
0.213884
0.084880
0.169506
0.162988
0.404727
0.189332
0.146425
0.330373
0.180842
0.246523
0.199606
0.208770
0.626490
0.170369
0.278736
0.014837
0.515594
0.361262
0.111413
0.533266
0.307602
0.281128
0.385884
0.092689
0.565795
0.454143
0.284446
0.060048
0.529934
0.291413
0.259654
0.254308
0.269315
0.356379
0.060204
0.108697
0.339022
0.214615
0.018961
0.006871
0.523787
0.019832
0.267116
0.217864
0.091464
0.215864
0.024540
0.587086
0.213933
0.465851
0.170399
0.269187
0.424226
0.185993
0.056736
0.191993
0.098852
0.060294
0.141818
0.398447
0.056333
0.219066
0.448401
0.072367
0.101041
0.233592
0.113238
0.196354
0.246933
0.159011
0.462108
0.227452
0.663295
0.020894
0.280151
0.152238
0.358754
0.422445
0.217062
0.399796
0.358237
0.069764
0.618732
0.482768
0.044830
0.065926
0.469214
0.284902
0.000422
0.201935
0.577218
0.392896
0.215679
0.112889
0.144905
0.145897
0.281077
0.127745
0.154319
0.055697
0.187600
0.149481
0.029232
0.421431
0.056697
0.065289
0.303601
0.190288
0.707315
0.196142
0.337278
0.495875
0.611150
0.455527
0.389626
0.232827
0.195754
0.111093
0.150557
0.513845
0.319563
0.151894
0.113165
0.307982
0.192422
0.402027
0.000581
0.524708
0.535113
0.055508
0.187136
0.232266
0.118526
0.102286
0.262178
0.347555
0.232084
0.299476
0.373535
0.495255
0.325183
0.045732
0.392655
0.054671
0.206930
0.063561
0.251814
0.423525
0.593969
0.128436
0.437925
0.576109
0.338138
0.287198
0.230734
0.295635
0.328439
0.138572
0.058542
0.331207
0.145558
0.037865
0.246976
0.413860
0.052682
0.015932
0.119706
0.101242
0.217400
0.379352
0.030342
0.173126
0.344190
0.061930
0.198743
0.345548
0.153265
0.097961
0.209973
0.144988
0.030779
0.097733
0.232779
0.466066
0.487406
0.243123
0.271371
0.226925
0.293469
0.157499
0.318997
0.004632
0.400903
0.148956
0.234193
0.108990
0.731633
0.289151
0.260471
0.056136
0.524764
0.036012
0.550872
0.456521
0.059689
0.437860
0.517412
0.072914
0.130075
0.245496
0.014150
0.227099
0.077561
0.166904
0.288734
0.596361
0.102457
0.480933
0.132968
0.074843
0.045256
0.119136
0.200253
0.138520
0.514389
0.316532
0.339036
0.217184
0.084691
0.333501
0.158879
0.210602
0.404968
0.429764
0.025539
0.013182
0.191624
0.027645
0.278874
0.462072
0.162010
0.331604
0.240398
0.079988
0.434008
0.345441
0.169531
0.461860
0.240382
0.034246
0.194263
0.478922
0.272758
0.130633
0.014529
0.040751
0.187076
0.450113
0.178085
0.266387
0.202858
0.393481
0.114554
0.037707
0.233486
0.058814
0.144985
0.002769
0.196144
0.463417
0.090811
0.327145
0.302942
0.205268
0.267716
0.179895
0.039884
0.322587
0.230127
0.405298
0.030229
0.055263
0.171467
0.070387
0.188332
0.293596
0.160010
0.199619
0.020703
0.162865
0.141324
0.029877
0.154918
0.116827
0.544892
0.277103
0.004603
0.089037
0.167113
0.385102
0.040515
0.532347
0.091606
0.426122
0.438301
0.241838
0.242094
0.203601
0.039668
0.251451
0.338297
0.117967
0.111304
0.242937
0.116599
0.104008
0.062174
0.271310
0.429244
0.228564
0.120053
0.178457
0.301519
0.132952
0.414289
0.215573
0.297080
0.191820
0.320567
0.645164
0.308867
0.172721
0.254823
0.562874
0.049573
0.029239
0.079588
0.450696
0.073570
0.357826
0.147069
0.286262
0.111828
0.101214
0.102083
0.110524
0.266375
0.089455
0.139987
0.167820
0.163535
0.148667
0.218028
0.156880
0.391941
0.243643
0.390235
0.000906
0.341884
0.217072
0.050358
0.233050
0.237899
0.283715
0.063359
0.373648
0.259223
0.170096
0.036747
0.327677
0.262522
0.057598
0.366047
0.210677
0.006915
0.174467
0.174813
0.384976
0.187331
0.276677
0.545468
0.109047
0.029823
0.255463
0.019726
0.652113
0.239999
0.007128
0.013303
0.345079
0.131839
0.231956
0.255587
0.659685
0.395834
0.562946
0.228162
0.108783
0.030412
0.200429
0.100490
0.249335
0.579092
0.142058
0.004722
0.076608
0.341509
0.068377
0.219055
0.567986
0.437781
0.136511
0.183624
0.701168
0.340448
0.195239
0.241203
0.078300
0.277889
0.133733
0.356828
0.148011
0.228395
0.118971
0.070541
0.185805
0.438734
0.080884
0.044147
0.154703
0.249547
0.083950
0.710401
0.172924
0.236359
0.004244
0.558722
0.300823
0.336797
0.049465
0.531959
0.205788
0.105141
0.313940
0.248355
0.221755
0.518466
0.204674
0.053580
0.052918
0.214848
0.187030
0.266496
0.350144
0.128526
0.400557
0.548801
0.098616
0.515267
0.250563
0.494946
0.380770
0.567003
0.494478
0.068814
0.157475
0.639581
0.194274
0.430534
0.311264
0.119832
0.004980
0.216515
0.295064
0.060140
0.035824
0.177870
0.155207
0.246583
0.080593
0.292193
0.521047
0.514559
0.040069
0.314490
0.172693
0.124718
0.017680
0.422123
0.235361
0.503046
0.099623
0.260085
0.005749
0.201354
0.532230
0.319032
0.210440
0.326233
0.048657
0.332889
0.311774
0.042736
0.346965
0.067412
0.185768
0.168584
0.642218
0.000850
0.377617
0.316038
0.127550
0.286844
0.143891
0.430200
0.152694
0.403957
0.531763
0.004196
0.356548
0.313916
0.220681
0.372253
0.443845
0.283706
0.312946
0.299941
0.246266
0.439486
0.187912
0.284466
0.257271
0.315239
0.224277
0.221770
0.417429
0.113438
0.171861
0.210227
0.193207
0.035186
0.266460
0.651176
0.153937
0.071467
0.382325
0.153202
0.038893
0.416655
0.162920
0.089510
0.046448
0.469696
0.008394
0.195971
0.294198
0.113798
0.195422
0.348256
0.590867
0.012193
0.297510
0.073266
0.247081
0.091884
0.152823
0.270062
0.375023
0.132445
0.217025
0.221745
0.200140
0.481356
0.306807
0.191475
0.296354
0.241325
0.350550
0.214686
0.050276
0.462097
0.401916
0.283984
0.156622
0.357391
0.127187
0.330497
0.335728
0.193943
0.279385
0.371303
0.026954
0.415881
0.407056
0.101343
0.021779
0.420844
0.261480
0.433174
0.561738
0.132174
0.535901
0.313459
0.159618
0.385168
0.426867
0.059947
0.193009
0.324180
0.043271
0.048058
0.441730
0.384220
0.269621
0.182331
0.150321
0.329605
0.030268
0.251028
0.487605
0.154708
0.265214
0.153519
0.063361
0.370906
0.277533
0.248034
0.617686
0.488283
0.068577
0.611337
0.045543
0.289455
0.263687
0.049174
0.046789
0.094286
0.016144
0.085733
0.670860
0.590402
0.049556
0.106012
0.477308
0.168135
0.290426
0.079723
0.324040
0.024972
0.156027
0.270741
0.010149
0.491565
0.268170
0.432529
0.390159
0.071092
0.022102
0.037728
0.311579
0.419747
0.349237
0.014098
0.463288
0.296365
0.110080
0.282567
0.410269
0.557809
0.116410
0.451671
0.296314
0.418424
0.057553
0.197819
0.231801
0.240754
0.040892
0.177874
0.295575
0.096685
0.145128
0.094264
0.063917
0.268553
0.481065
0.361081
0.522410
0.122281
0.084731
0.077588
0.474624
0.077411
0.334995
0.105192
0.048714
0.150850
0.414768
0.021894
0.315603
0.133864
0.136081
0.083687
0.183385
0.074012
0.455131
0.439696
0.083846
0.307209
0.121660
0.044712
0.616092
0.029381
0.090712
0.164716
0.523464
0.053074
0.525342
0.228734
0.527202
0.453376
0.287358
0.041992
0.180590
0.411640
0.136481
0.160108
0.197443
0.271052
0.341489
0.217347
0.228368
0.079928
0.292203
0.452310
0.304441
0.271850
0.099573
0.214979
0.160370
0.203642
0.060255
0.038153
0.346299
0.028218
0.338833
0.074214
0.550482
0.245811
0.098073
0.448005
0.622066
0.156757
0.430149
0.378488
0.259831
0.081655
0.191422
0.316210
0.084198
0.285527
0.342326
0.313136
0.235304
0.154284
0.414665
0.287567
0.190554
0.547411
0.255499
0.286179
0.342263
0.267749
0.028794
0.065677
0.310309
0.080973
0.012623
0.455168
0.207889
0.157912
0.425501
0.180597
0.299150
0.086935
0.219835
0.078217
0.524227
0.135979
0.384278
0.150437
0.343776
0.409249
0.274863
0.108347
0.002053
0.010500
0.010666
0.099104
0.483630
0.181552
0.204539
0.517741
0.350548
0.201524
0.497183
0.186549
0.171621
0.155488
0.069235
0.147574
0.499145
0.041656
0.154486
0.155142
0.101472
0.139030
0.052519
0.146739
0.581213
0.077108
0.284945
0.084193
0.372830
0.212271
0.369592
0.027329
0.043119
0.080835
0.496073
0.446601
0.123756
0.486147
0.028048
0.203434
0.179610
0.044415
0.318724
0.341793
0.248976
0.016564
0.493209
0.048029
0.156904
0.475917
0.081566
0.084672
0.341582
0.117960
0.146989
0.451522
0.315265
0.093581
0.024985
0.499814
0.173608
0.189961
0.052295
0.302157
0.168348
0.039459
0.273831
0.076537
0.033426
0.549012
0.252244
0.160159
0.535747
0.572692
0.113716
0.152546
0.291070
0.185228
0.378417
0.406239
0.172006
0.447388
0.265561
0.264679
0.392740
0.372123
0.052179
0.284550
0.063296
0.116505
0.540931
0.002101
0.449298
0.315825
0.024234
0.024320
0.670089
0.333415
0.190414
0.108729
0.075515
0.149754
0.337934
0.681633
0.017930
0.323043
0.218651
0.198285
0.681814
0.058151
0.165438
0.131291
0.367373
0.156960
0.198339
0.217747
0.401929
0.230647
0.144592
0.211988
0.444964
0.237497
0.168968
0.122035
0.346799
0.571519
0.258500
0.406420
0.261843
0.347385
0.369412
0.157381
0.495316
0.448661
0.200308
0.477046
0.049245
0.096052
0.297847
0.304841
0.467464
0.133717
0.449023
0.662419
0.034543
0.321651
0.287548
0.053595
0.425411
0.136006
0.537890
0.137316
0.008218
0.062761
0.464774
0.147626
0.099391
0.256129
0.125102
0.254280
0.407814
0.610382
0.327986
0.023387
0.208493
0.212383
0.421395
0.088421
0.334701
0.575612
0.233514
0.195724
0.007496
0.072153
0.655610
0.263887
0.242804
0.069355
0.275031
0.143935
0.541613
0.255780
0.302287
0.249206
0.065114
0.155237
0.055514
0.237958
0.026278
0.031239
0.096914
0.307857
0.339803
0.297642
0.101897
0.521433
0.313569
0.004370
0.009992
0.061133
0.262984
0.016211
0.316866
0.141620
0.124436
0.374889
0.094574
0.013304
0.059548
0.184994
0.324138
0.001055
0.045538
0.290550
0.211083
0.178728
0.090947
0.524705
0.489437
0.448307
0.114583
0.180507
0.260112
0.540995
0.072173
0.067115
0.205289
0.056643
0.286496
0.265926
0.099363
0.157090
0.595837
0.002009
0.257543
0.137463
0.565758
0.128366
0.128980
0.094959
0.076181
0.037923
0.109505
0.188700
0.513011
0.213622
0.294041
0.136706
0.399201
0.024392
0.244540
0.463941
0.135296
0.514896
0.442449
0.048593
0.518346
0.161177
0.125178
0.061549
0.104106
0.189740
0.158620
0.143552
0.062537
0.696862
0.094864
0.232238
0.261881
0.266424
0.429757
0.166906
0.499744
0.161606
0.267830
0.281896
0.284954
0.082958
0.429393
0.512922
0.103380
0.117480
0.376970
0.278452
0.267502
0.173379
0.155280
0.097695
0.165051
0.416903
0.184544
0.332555
0.419503
0.079433
0.275515
0.130569
0.274090
0.704956
0.112133
0.307099
0.099888
0.745721
0.418210
0.141494
0.490416
0.321829
0.376111
0.429418
0.050144
0.424428
0.271187
0.249324
0.104336
0.384156
0.371988
0.118614
0.244930
0.267172
0.330721
0.097180
0.071464
0.370337
0.350780
0.024965
0.012217
0.587546
0.040063
0.179968
0.071369
0.020061
0.231765
0.093223
0.672993
0.255917
0.528979
0.019376
0.269336
0.298154
0.218299
0.147186
0.303538
0.195808
0.096628
0.041852
0.605114
0.033260
0.256348
0.413945
0.016491
0.048127
0.362358
0.302886
0.296636
0.115613
0.003276
0.397754
0.225743
0.606604
0.023587
0.088169
0.230653
0.306412
0.388917
0.084412
0.335927
0.293981
0.067709
0.673820
0.538825
0.045748
0.047508
0.654846
0.353036
0.075506
0.109028
0.479123
0.312893
0.238735
0.212428
0.144653
0.095076
0.278545
0.033517
0.187187
0.166660
0.084957
0.122717
0.050307
0.413869
0.061645
0.110887
0.443604
0.230287
0.543034
0.287166
0.275452
0.571286
0.676569
0.513113
0.323508
0.486289
0.322248
0.197051
0.193471
0.507470
0.317976
0.209226
0.120121
0.237585
0.363961
0.413684
0.115227
0.579129
0.547416
0.053554
0.232141
0.276892
0.091834
0.123885
0.010563
0.374025
0.191445
0.230969
0.322855
0.409775
0.248821
0.036097
0.343719
0.045206
0.249296
0.129248
0.219939
0.342061
0.599460
0.095373
0.562009
0.614653
0.343471
0.370729
0.191845
0.241221
0.318618
0.255194
0.098757
0.371371
0.249964
0.004756
0.260512
0.345804
0.102644
0.060886
0.249527
0.196316
0.258810
0.414301
0.219520
0.038082
0.304982
0.095548
0.186037
0.322738
0.236744
0.011762
0.245142
0.093038
0.080351
0.164576
0.109772
0.434682
0.525074
0.248965
0.329527
0.310852
0.269096
0.097297
0.241383
0.003180
0.354028
0.210093
0.291121
0.295341
0.757504
0.293100
0.245084
0.158587
0.600298
0.050846
0.440561
0.378824
0.059285
0.280383
0.616697
0.022819
0.235022
0.335095
0.061775
0.105149
0.025881
0.025407
0.403948
0.738244
0.225482
0.473388
0.084092
0.036185
0.147389
0.101325
0.211790
0.082181
0.621181
0.363886
0.202998
0.243957
0.174423
0.276342
0.087841
0.296533
0.322894
0.536618
0.153941
0.048642
0.019208
0.086777
0.180681
0.450279
0.062283
0.235588
0.342233
0.221928
0.262759
0.242526
0.225071
0.509520
0.216083
0.010461
0.285425
0.484030
0.237810
0.181790
0.076123
0.095797
0.258433
0.569528
0.255236
0.305350
0.194901
0.171571
0.192202
0.118921
0.174834
0.028387
0.222418
0.191390
0.246375
0.316056
0.087864
0.148690
0.135307
0.241689
0.283577
0.069573
0.092559
0.410428
0.194005
0.553020
0.022875
0.089968
0.017324
0.041148
0.114199
0.320255
0.009947
0.109410
0.029056
0.087268
0.103905
0.047587
0.203616
0.235086
0.490672
0.213782
0.118714
0.011639
0.139442
0.309888
0.015996
0.401683
0.068983
0.415597
0.396022
0.283523
0.233647
0.122692
0.128136
0.226768
0.272914
0.077435
0.223578
0.205489
0.140303
0.088126
0.294161
0.201795
0.556742
0.301432
0.021234
0.065201
0.325431
0.030835
0.525193
0.179451
0.401766
0.257203
0.473292
0.658663
0.440150
0.139612
0.363904
0.530991
0.122193
0.134034
0.049264
0.381349
0.180670
0.187198
0.078397
0.186887
0.157519
0.101548
0.050255
0.011899
0.279046
0.113044
0.102295
0.152793
0.123803
0.129293
0.157488
0.228159
0.395316
0.180119
0.401120
0.013128
0.428685
0.171940
0.066872
0.288742
0.161296
0.340995
0.032251
0.489936
0.312847
0.106952
0.203186
0.309827
0.207833
0.013939
0.211449
0.163367
0.085490
0.136741
0.077568
0.140940
0.002501
0.384584
0.454389
0.033709
0.138887
0.172871
0.067676
0.566337
0.304169
0.001338
0.037980
0.201724
0.176544
0.173084
0.233431
0.566408
0.576380
0.439663
0.120382
0.197031
0.161111
0.094784
0.004581
0.366975
0.502296
0.183883
0.079009
0.021557
0.481385
0.173306
0.189200
0.416525
0.429358
0.201570
0.189118
0.696334
0.271985
0.176444
0.232524
0.303413
0.251893
0.044843
0.223458
0.189963
0.272415
0.048559
0.110894
0.271460
0.440439
0.019480
0.000648
0.075361
0.143632
0.033331
0.520612
0.318720
0.161283
0.117701
0.602979
0.298904
0.290645
0.084514
0.424721
0.178384
0.149213
0.272023
0.118208
0.296569
0.436641
0.270894
0.103810
0.061148
0.110731
0.107449
0.327879
0.347690
0.272507
0.478479
0.472298
0.146310
0.334179
0.301352
0.581437
0.479842
0.532332
0.516790
0.161958
0.084840
0.485513
0.082133
0.407276
0.234253
0.205539
0.137330
0.280937
0.401881
0.037827
0.027094
0.300265
0.089948
0.334686
0.255095
0.094616
0.453882
0.453447
0.045121
0.409992
0.413908
0.242764
0.110490
0.432905
0.200919
0.706072
0.138457
0.232416
0.039024
0.039544
0.364968
0.183416
0.088325
0.344574
0.113936
0.344844
0.359081
0.007907
0.299823
0.012173
0.117155
0.100433
0.712360
0.009841
0.448699
0.250547
0.073708
0.447401
0.198576
0.536053
0.157645
0.401702
0.478756
0.031329
0.392425
0.350061
0.055237
0.406347
0.281396
0.319166
0.406789
0.279802
0.341038
0.280825
0.067721
0.212307
0.390475
0.423096
0.264864
0.142744
0.226317
0.106765
0.001702
0.243537
0.232641
0.248425
0.146505
0.522040
0.212225
0.132231
0.453392
0.222418
0.106537
0.303343
0.144987
0.179785
0.138330
0.555729
0.058658
0.173108
0.371621
0.123995
0.422966
0.268453
0.479023
0.085850
0.324435
0.191315
0.186549
0.062483
0.009049
0.284470
0.320582
0.086361
0.258957
0.200901
0.075172
0.595100
0.348170
0.255778
0.186204
0.225743
0.246018
0.097389
0.004821
0.418050
0.449613
0.268675
0.055984
0.401086
0.292362
0.425012
0.299191
0.194895
0.346192
0.409472
0.012301
0.344897
0.442187
0.065853
0.039868
0.427510
0.237016
0.475835
0.592092
0.073540
0.417961
0.259546
0.139674
0.333431
0.420904
0.039903
0.119611
0.261609
0.082719
0.098442
0.331924
0.368287
0.321629
0.101939
0.307250
0.329691
0.089903
0.114756
0.523826
0.140253
0.461124
0.229653
0.055180
0.295660
0.417292
0.222261
0.604847
0.467309
0.031213
0.588305
0.094071
0.170312
0.325755
0.018453
0.021103
0.079781
0.049723
0.030867
0.532804
0.466449
0.005697
0.141907
0.407984
0.168154
0.132585
0.140189
0.244242
0.043111
0.127501
0.290970
0.106276
0.380241
0.129637
0.365096
0.241710
0.017017
0.048983
0.194989
0.345115
0.235025
0.412651
0.048392
0.401248
0.392888
0.011019
0.150378
0.480220
0.489104
0.343401
0.402522
0.297981
0.205323
0.258043
0.233915
0.262255
0.313533
0.058071
0.176772
0.268251
0.361079
0.163276
0.205646
0.168903
0.299798
0.474514
0.239166
0.565083
0.040467
0.081624
0.003861
0.434486
0.130475
0.251952
0.035434
0.085655
0.070526
0.403328
0.022339
0.257864
0.203504
0.171392
0.080594
0.129145
0.042625
0.461692
0.515927
0.048804
0.425838
0.059783
0.059570
0.626790
0.092005
0.130235
0.179179
0.519896
0.060002
0.388917
0.105830
0.455707
0.442943
0.217218
0.008172
0.152580
0.223776
0.180667
0.111168
0.039959
0.338490
0.143776
0.097388
0.156195
0.299399
0.218001
0.420558
0.436719
0.038855
0.250091
0.261944
0.190556
0.278512
0.055304
0.075859
0.254651
0.165535
0.227608
0.124892
0.547540
0.218033
0.185953
0.219684
0.439381
0.037860
0.400086
0.408024
0.253049
0.074051
0.076527
0.295766
0.073178
0.326496
0.233030
0.223243
0.328842
0.047802
0.508609
0.197077
0.187102
0.590745
0.361877
0.110558
0.430805
0.323727
0.198534
0.072392
0.330468
0.198895
0.069955
0.325867
0.012031
0.026829
0.202723
0.201834
0.339840
0.018674
0.106936
0.255453
0.609352
0.129352
0.343719
0.149737
0.283565
0.468218
0.216301
0.179308
0.196544
0.001610
0.094772
0.000425
0.458215
0.066640
0.299457
0.426779
0.541863
0.280711
0.600648
0.279593
0.153483
0.241355
0.100211
0.109815
0.442248
0.184727
0.048138
0.136220
0.138970
0.122042
0.042782
0.164725
0.659944
0.115908
0.210315
0.009658
0.466473
0.300355
0.334120
0.027348
0.169096
0.030151
0.433545
0.521072
0.069379
0.430916
0.087964
0.342980
0.117192
0.129603
0.359613
0.549109
0.385824
0.087839
0.408618
0.093984
0.251371
0.581487
0.244212
0.092315
0.276037
0.034163
0.010898
0.545844
0.314090
0.070086
0.065472
0.518698
0.224836
0.215435
0.004418
0.346395
0.074255
0.089890
0.293537
0.004583
0.132349
0.667692
0.242103
0.175295
0.447492
0.643998
0.272896
0.086334
0.068807
0.175785
0.387458
0.377901
0.104550
0.361398
0.230360
0.035476
0.411230
0.438768
0.072734
0.214628
0.028909
0.145277
0.441556
0.009598
0.556491
0.268974
0.104821
0.224168
0.689095
0.272089
0.219823
0.038324
0.093898
0.236555
0.344417
0.694879
0.081314
0.328035
0.114352
0.197196
0.670845
0.016496
0.019291
0.065816
0.304062
0.215617
0.073783
0.205187
0.477923
0.261228
0.073207
0.213643
0.399011
0.155474
0.254015
0.041240
0.411233
0.487348
0.254948
0.237407
0.269480
0.220575
0.433743
0.242944
0.493023
0.502961
0.116344
0.434588
0.072275
0.129101
0.464726
0.314193
0.423689
0.243788
0.396060
0.588645
0.018984
0.245432
0.142791
0.001491
0.480344
0.196211
0.406615
0.195704
0.108774
0.087286
0.505935
0.337339
0.036405
0.362503
0.173196
0.208002
0.376835
0.657000
0.250894
0.068119
0.040469
0.298126
0.385737
0.085065
0.349902
0.654124
0.139557
0.159797
0.088623
0.136833
0.537158
0.289107
0.326038
0.003860
0.380678
0.116949
0.543548
0.117543
0.295601
0.308288
0.073831
0.172595
0.027809
0.278464
0.251616
0.076356
0.243181
0.275999
0.458388
0.338727
0.003937
0.567130
0.148323
0.050574
0.139288
0.157318
0.387874
0.030170
0.256862
0.175407
0.177110
0.329443
0.034691
0.069541
0.072874
0.158391
0.302319
0.031975
0.179333
0.177465
0.181610
0.058220
0.022590
0.421563
0.509076
0.353612
0.110870
0.333575
0.279637
0.540077
0.039691
0.035078
0.076293
0.165740
0.239065
0.225992
0.155375
0.197809
0.649081
0.010714
0.303465
0.147750
0.649584
0.134334
0.064718
0.085225
0.038281
0.187161
0.130123
0.143016
0.394005
0.166870
0.246396
0.350965
0.445779
0.111047
0.220612
0.477624
0.103370
0.406512
0.597899
0.079506
0.325487
0.095902
0.013450
0.160647
0.034125
0.114782
0.010121
0.075599
0.079914
0.661192
0.130870
0.278406
0.245299
0.174994
0.311863
0.008087
0.518619
0.039761
0.224809
0.208966
0.318990
0.046943
0.388056
0.404093
0.264222
0.126148
0.335448
0.230347
0.170783
0.087532
0.126742
0.047922
0.131137
0.409454
0.148316
0.446997
0.398066
0.000698
0.278037
0.099866
0.335303
0.705195
0.022051
0.302477
0.184370
0.836693
0.389404
0.216819
0.392340
0.316486
0.346109
0.425521
0.088410
0.229940
0.098782
0.212836
0.035899
0.204666
0.353900
0.007400
0.171265
0.250117
0.333559
0.235880
0.202800
0.412628
0.439552
0.027253
0.010178
0.561643
0.119120
0.116980
0.041860
0.053868
0.321534
0.209546
0.730405
0.237552
0.463872
0.163353
0.234814
0.230155
0.218768
0.284436
0.352863
0.243075
0.154589
0.008700
0.687398
0.034943
0.321969
0.370605
0.086189
0.077364
0.508406
0.499772
0.383865
0.071677
0.089966
0.341749
0.140081
0.484634
0.027170
0.056917
0.275322
0.172429
0.360101
0.024864
0.253290
0.234051
0.126645
0.460891
0.568082
0.068458
0.118323
0.636192
0.338258
0.147498
0.045894
0.278579
0.215013
0.249318
0.334861
0.134616
0.019433
0.315395
0.006149
0.123339
0.432324
0.019092
0.137846
0.082543
0.319171
0.120036
0.112026
0.457416
0.299000
0.306230
0.320095
0.204764
0.594073
0.668346
0.458814
0.272632
0.714256
0.428341
0.282420
0.193005
0.437497
0.191365
0.251924
0.129554
0.174657
0.420615
0.368630
0.182241
0.543558
0.530040
0.048040
0.312498
0.200154
0.047294
0.084034
0.203914
0.350221
0.133319
0.152256
0.238283
0.271928
0.209459
0.067171
0.276366
0.088365
0.284307
0.104638
0.168362
0.326829
0.503769
0.060884
0.627939
0.571126
0.381016
0.398041
0.175143
0.158630
0.194676
0.455198
0.148348
0.419113
0.352131
0.060767
0.237928
0.243148
0.156207
0.083787
0.308331
0.280878
0.227644
0.417865
0.368813
0.072441
0.193292
0.123795
0.155239
0.244880
0.368424
0.179276
0.228478
0.110660
0.032690
0.298343
0.039126
0.356402
0.487610
0.264358
0.379576
0.306277
0.162251
0.078367
0.119598
0.048291
0.256110
0.219522
0.284985
0.428026
0.695973
0.183341
0.154607
0.196904
0.656984
0.013302
0.283377
0.278215
0.123833
0.101412
0.604538
0.016586
0.278993
0.326551
0.179898
0.004894
0.074228
0.175981
0.446144
0.688390
0.311502
0.407184
0.150798
0.014461
0.258030
0.080406
0.187085
0.026836
0.656455
0.369033
0.078599
0.262199
0.209354
0.152359
0.023984
0.355584
0.131664
0.655813
0.264955
0.003388
0.152367
0.113605
0.085068
0.359156
0.079479
0.005842
0.519715
0.363784
0.059813
0.165546
0.185463
0.566419
0.158195
0.020415
0.324558
0.364731
0.223650
0.247205
0.159743
0.159207
0.259433
0.531707
0.307424
0.312598
0.246976
0.040193
0.266352
0.211674
0.041157
0.041386
0.340388
0.422924
0.308833
0.145890
0.138698
0.000383
0.056314
0.297530
0.316952
0.002049
0.124351
0.450460
0.106392
0.613496
0.077301
0.130101
0.127193
0.048153
0.006121
0.329674
0.153952
0.079263
0.012253
0.054284
0.013132
0.099757
0.301878
0.291717
0.425247
0.063163
0.194110
0.030386
0.188143
0.222886
0.007684
0.192226
0.226597
0.409459
0.321930
0.366697
0.184304
0.113127
0.147602
0.242710
0.259717
0.020719
0.292705
0.174385
0.143789
0.240563
0.468775
0.146108
0.561514
0.357973
0.070461
0.064370
0.343915
0.025890
0.531909
0.106263
0.517336
0.292652
0.546989
0.599142
0.522084
0.070097
0.386250
0.487431
0.246437
0.279875
0.075872
0.243089
0.146097
0.036945
0.060492
0.111030
0.221072
0.078804
0.059776
0.096596
0.202607
0.166152
0.058194
0.138243
0.037319
0.164510
0.054848
0.263489
0.420734
0.162791
0.418070
0.033141
0.394720
0.064815
0.073185
0.338775
0.135160
0.338890
0.152591
0.552905
0.381170
0.014184
0.394943
0.206825
0.147864
0.063082
0.027018
0.120041
0.201101
0.013668
0.101385
0.086218
0.185548
0.489464
0.323788
0.045487
0.229215
0.054820
0.111294
0.492490
0.322877
0.145427
0.082700
0.089970
0.291967
0.087520
0.216842
0.416301
0.650397
0.158239
0.009988
0.289253
0.208344
0.078135
0.075873
0.416974
0.474640
0.315634
0.143076
0.019201
0.496834
0.281758
0.185700
0.273771
0.339298
0.218659
0.200589
0.569099
0.227046
0.086155
0.190726
0.519410
0.236148
0.069186
0.129320
0.163136
0.246622
0.217053
0.350976
0.338470
0.427411
0.060773
0.022006
0.038666
0.079046
0.016644
0.308595
0.324504
0.057430
0.122873
0.589421
0.250316
0.262740
0.112170
0.280997
0.200365
0.141898
0.230364
0.044869
0.312497
0.317822
0.311933
0.136425
0.082477
0.046537
0.072853
0.338483
0.348977
0.492068
0.543035
0.317112
0.254006
0.159101
0.283735
0.586153
0.534147
0.398331
0.513654
0.212120
0.034252
0.253244
0.041929
0.351077
0.131520
0.265549
0.293543
0.355417
0.457025
0.033703
0.033012
0.449779
0.025184
0.364111
0.373029
0.078650
0.381179
0.330594
0.069917
0.439608
0.587282
0.340927
0.190357
0.411417
0.226906
0.752296
0.201366
0.208437
0.060628
0.103073
0.232368
0.102470
0.006342
0.377113
0.178228
0.264681
0.324781
0.057911
0.240826
0.031448
0.170459
0.117873
0.716016
0.039275
0.528036
0.180459
0.022942
0.593032
0.252225
0.495674
0.214338
0.394550
0.364785
0.030319
0.355975
0.383365
0.130939
0.394236
0.134711
0.374975
0.390380
0.259768
0.378794
0.089947
0.087989
0.174251
0.512719
0.489846
0.256264
0.113326
0.074062
0.025920
0.144778
0.262745
0.262829
0.391087
0.012795
0.463380
0.282256
0.079119
0.546452
0.248942
0.187896
0.263209
0.125194
0.203933
0.109679
0.623567
0.066483
0.145509
0.385174
0.106049
0.578368
0.173574
0.342980
0.199973
0.296926
0.350562
0.098233
0.211751
0.081331
0.238387
0.285456
0.013906
0.256109
0.164886
0.018374
0.567178
0.348433
0.297542
0.079880
0.245376
0.125941
0.027339
0.051894
0.352026
0.402980
0.160996
0.002719
0.379147
0.405305
0.559662
0.197993
0.157293
0.324090
0.391574
0.039151
0.249486
0.491454
0.172294
0.040689
0.401817
0.193724
0.483594
0.461534
0.009592
0.338975
0.136196
0.081903
0.274561
0.430950
0.079277
0.101568
0.152957
0.173199
0.148936
0.185879
0.307304
0.426632
0.300233
0.493937
0.301197
0.261960
0.001681
0.405121
0.176510
0.509361
0.200183
0.030771
0.214525
0.485691
0.161891
0.511784
0.298182
0.050465
0.484350
0.087374
0.060959
0.460339
0.122041
0.015519
0.102801
0.002664
0.127241
0.359635
0.278917
0.009573
0.100553
0.328472
0.183928
0.027537
0.209480
0.170719
0.049006
0.067436
0.296325
0.197529
0.208634
0.002042
0.289045
0.050664
0.090642
0.043497
0.318067
0.363926
0.056218
0.400774
0.129156
0.342536
0.477174
0.047332
0.009632
0.452396
0.412143
0.493370
0.310552
0.194425
0.019185
0.335185
0.300350
0.304919
0.348995
0.075645
0.151725
0.239719
0.587433
0.253190
0.327638
0.275927
0.313806
0.376562
0.125270
0.497118
0.006377
0.140433
0.104835
0.346192
0.339645
0.216469
0.008813
0.113462
0.021478
0.327216
0.002211
0.183998
0.219952
0.222185
0.092605
0.083854
0.098447
0.416265
0.491680
0.032413
0.491969
0.051749
0.132730
0.566811
0.124389
0.127387
0.174258
0.449925
0.173748
0.246083
0.012607
0.330166
0.384351
0.090479
0.032960
0.128506
0.122971
0.218107
0.008722
0.141924
0.386129
0.035442
0.081308
0.054394
0.478414
0.096747
0.390744
0.506490
0.135696
0.417999
0.366952
0.174695
0.333106
0.101084
0.035572
0.238863
0.270064
0.018315
0.187000
0.477904
0.169636
0.202552
0.036772
0.290273
0.074727
0.307923
0.374159
0.177496
0.125000
0.011361
0.292506
0.207218
0.273246
0.128263
0.145674
0.369220
0.111007
0.520030
0.160050
0.250610
0.559064
0.459952
0.068197
0.533673
0.351056
0.413940
0.084505
0.351006
0.314805
0.107328
0.186382
0.194364
0.097500
0.016005
0.234964
0.433116
0.138889
0.025930
0.449616
0.576344
0.374734
0.322636
0.177996
0.236344
0.456838
0.164494
0.170576
0.367939
0.035509
0.181617
0.009471
0.371112
0.040911
0.388595
0.267041
0.650311
0.439967
0.662460
0.390470
0.147271
0.242327
0.188536
0.123777
0.373450
0.409454
0.009173
0.161556
0.141588
0.018092
0.021677
0.103238
0.637949
0.153519
0.147481
0.124220
0.543253
0.320945
0.256008
0.108835
0.168129
0.057487
0.250588
0.555051
0.133627
0.335013
0.135280
0.426377
0.041873
0.228427
0.392405
0.768618
0.440784
0.116273
0.344741
0.142503
0.274936
0.609187
0.355296
0.062426
0.191916
0.027620
0.124014
0.577735
0.331047
0.038373
0.194931
0.432801
0.262071
0.218748
0.033698
0.381051
0.004386
0.173588
0.312151
0.088148
0.310177
0.744229
0.229696
0.162642
0.344700
0.589432
0.356043
0.166668
0.160164
0.199429
0.383455
0.370506
0.068074
0.261432
0.215379
0.155525
0.392567
0.436277
0.118709
0.157091
0.004080
0.055962
0.343116
0.032214
0.658869
0.155482
0.084823
0.357039
0.606206
0.154048
0.250023
0.072720
0.080415
0.240810
0.335511
0.637976
0.152837
0.361659
0.054634
0.231973
0.546903
0.064316
0.053803
0.003026
0.313192
0.283106
0.074283
0.165157
0.488809
0.297780
0.022208
0.235320
0.314217
0.122185
0.293048
0.064335
0.377855
0.461305
0.174261
0.130761
0.269447
0.088460
0.452211
0.356883
0.476799
0.492441
0.033325
0.387261
0.149091
0.119237
0.624604
0.359357
0.335730
0.271826
0.317324
0.441700
0.122481
0.132166
0.040520
0.071816
0.425032
0.260706
0.269733
0.275782
0.241985
0.095048
0.526075
0.519185
0.117695
0.476950
0.177865
0.170911
0.362885
0.619673
0.178876
0.118097
0.126870
0.295397
0.334255
0.004357
0.363063
0.639534
0.094344
0.123044
0.150767
0.232665
0.396027
0.365011
0.295384
0.047017
0.375881
0.056468
0.531521
0.047874
0.251381
0.446822
0.015314
0.109591
0.040931
0.311259
0.486386
0.088501
0.282426
0.268452
0.523700
0.327037
0.122438
0.524205
0.043296
0.086144
0.256916
0.277312
0.466580
0.076120
0.231276
0.222118
0.156422
0.337268
0.018303
0.150851
0.119214
0.191020
0.278149
0.018819
0.236512
0.096780
0.159496
0.092611
0.000626
0.226651
0.398681
0.294611
0.312823
0.378959
0.338028
0.468042
0.010892
0.039876
0.088023
0.105688
0.183707
0.182288
0.100284
0.149764
0.598704
0.005617
0.320964
0.149475
0.649905
0.129271
0.195024
0.079120
0.040313
0.361387
0.210201
0.049610
0.280835
0.155274
0.252324
0.498916
0.412457
0.151580
0.198476
0.492093
0.136327
0.265759
0.674492
0.122356
0.098789
0.084866
0.102613
0.172542
0.148365
0.040425
0.097993
0.039820
0.097474
0.535699
0.149875
0.343651
0.268265
0.056873
0.209742
0.098546
0.519524
0.149571
0.149907
0.077374
0.331329
0.003024
0.287255
0.341744
0.369378
0.179861
0.246998
0.191147
0.022694
0.043650
0.072771
0.196204
0.140292
0.450077
0.085401
0.469734
0.379640
0.063559
0.263650
0.142462
0.330153
0.639805
0.046020
0.288891
0.209506
0.799208
0.307978
0.262642
0.343624
0.287422
0.261847
0.361807
0.167292
0.096759
0.066632
0.119635
0.036759
0.001443
0.298364
0.033290
0.002612
0.212656
0.397262
0.356480
0.262848
0.420777
0.468771
0.120804
0.023463
0.427048
0.150767
0.037868
0.126909
0.166430
0.353228
0.258373
0.668610
0.192513
0.339611
0.300496
0.207324
0.114337
0.149124
0.447673
0.417309
0.235599
0.159518
0.038157
0.704700
0.108073
0.416999
0.329806
0.231325
0.093888
0.636158
0.622775
0.412998
0.013884
0.245253
0.290083
0.113603
0.329566
0.059771
0.244969
0.351144
0.089773
0.285838
0.189957
0.111026
0.147780
0.221217
0.275770
0.419842
0.103038
0.109634
0.443352
0.297304
0.202819
0.014016
0.118447
0.146930
0.205766
0.423551
0.135981
0.111478
0.274806
0.009315
0.004246
0.707639
0.067454
0.198606
0.098040
0.180936
0.133615
0.083743
0.426201
0.321705
0.073856
0.314593
0.106627
0.577886
0.530015
0.361694
0.198693
0.816188
0.388803
0.379231
0.120668
0.341517
0.051966
0.285724
0.108204
0.135268
0.405451
0.264266
0.209415
0.417463
0.433998
0.045878
0.366578
0.165949
0.061378
0.085572
0.376565
0.265595
0.008064
0.078043
0.212903
0.151978
0.176856
0.050276
0.282541
0.118786
0.268574
0.036549
0.110421
0.278979
0.353283
0.023630
0.602361
0.412800
0.366823
0.278181
0.096079
0.158585
0.017864
0.541271
0.210103
0.363317
0.322076
0.163003
0.200742
0.114690
0.133568
0.137889
0.405919
0.328552
0.132051
0.385419
0.529798
0.187590
0.009314
0.149905
0.074356
0.233120
0.507677
0.296166
0.204379
0.140330
0.031826
0.411741
0.020949
0.309641
0.348722
0.245159
0.420411
0.250020
0.102140
0.077162
0.060299
0.076694
0.222146
0.192016
0.262256
0.465669
0.569451
0.049614
0.011144
0.176305
0.596645
0.046033
0.101362
0.154328
0.245176
0.026436
0.523166
0.135560
0.270195
0.327511
0.302938
0.079390
0.111461
0.147043
0.443656
0.531631
0.370685
0.369465
0.202855
0.055104
0.289844
0.058399
0.146875
0.170279
0.543113
0.406770
0.034651
0.270535
0.142193
0.026419
0.012158
0.411099
0.027675
0.654916
0.339027
0.056830
0.287267
0.154482
0.003577
0.223075
0.183367
0.258522
0.603628
0.465522
0.118124
0.076804
0.064568
0.548193
0.069104
0.075876
0.327957
0.254280
0.217800
0.308228
0.248958
0.160570
0.270308
0.409367
0.324613
0.314789
0.312850
0.175539
0.254293
0.261920
0.092066
0.160891
0.456080
0.536877
0.338396
0.071138
0.184109
0.202604
0.173482
0.296666
0.359035
0.009393
0.129630
0.379045
0.099354
0.635407
0.125126
0.194609
0.250721
0.080193
0.137466
0.378737
0.206488
0.195728
0.063836
0.071271
0.128225
0.217865
0.415845
0.295005
0.330733
0.098934
0.275214
0.079670
0.268389
0.162700
0.021792
0.030395
0.396210
0.390719
0.238880
0.416565
0.202429
0.190304
0.120080
0.256261
0.230073
0.006030
0.287698
0.140413
0.147478
0.311040
0.514043
0.079537
0.498185
0.352454
0.125100
0.219559
0.376494
0.023886
0.595425
0.036675
0.566456
0.357210
0.559917
0.455701
0.518756
0.035429
0.359488
0.418428
0.283061
0.383045
0.046279
0.110750
0.017925
0.076789
0.092607
0.031029
0.326830
0.015827
0.211601
0.099256
0.171338
0.206421
0.032854
0.191234
0.015204
0.217641
0.029273
0.255874
0.380894
0.157046
0.453229
0.011131
0.266732
0.035494
0.078753
0.301992
0.098130
0.361910
0.233670
0.592842
0.498599
0.061790
0.513660
0.156422
0.108562
0.057991
0.299369
0.107400
0.368575
0.099792
0.166440
0.275889
0.354851
0.537184
0.206284
0.110745
0.293350
0.058187
0.193239
0.438801
0.349027
0.305703
0.093805
0.008240
0.431232
0.021087
0.203383
0.202097
0.641514
0.053624
0.058849
0.371141
0.232462
0.230817
0.142514
0.424978
0.355289
0.420476
0.222099
0.102135
0.424519
0.304864
0.220410
0.167073
0.247699
0.098744
0.099679
0.386600
0.250773
0.013627
0.100192
0.650242
0.212625
0.153012
0.020247
0.082510
0.206620
0.383298
0.569524
0.349590
0.386180
0.139982
0.075036
0.005922
0.001359
0.055477
0.107208
0.293165
0.013771
0.104708
0.422370
0.255840
0.248519
0.197429
0.057487
0.248507
0.120403
0.290106
0.226867
0.340031
0.132385
0.231657
0.132311
0.194592
0.166020
0.081740
0.314550
0.371152
0.562631
0.571558
0.128506
0.399993
0.000960
0.284251
0.453546
0.583314
0.252766
0.479931
0.200140
0.013441
0.057879
0.120057
0.308677
0.056543
0.277618
0.432848
0.367139
0.391742
0.042391
0.067606
0.531865
0.050740
0.411515
0.373391
0.200744
0.275242
0.090188
0.143304
0.383702
0.645711
0.377046
0.259241
0.338455
0.153719
0.742671
0.173808
0.237146
0.076824
0.146016
0.135746
0.028958
0.153047
0.353554
0.225514
0.200530
0.175940
0.140622
0.177680
0.007734
0.155698
0.150379
0.562593
0.113446
0.584460
0.091278
0.117343
0.604804
0.325286
0.359463
0.293271
0.324261
0.278700
0.035090
0.318795
0.273105
0.275424
0.339219
0.008864
0.384544
0.344607
0.189884
0.304738
0.120264
0.319244
0.123429
0.603624
0.499960
0.169907
0.087628
0.063234
0.059645
0.227839
0.311246
0.231860
0.444802
0.187519
0.363221
0.356536
0.008584
0.517704
0.259939
0.193652
0.245002
0.104819
0.161026
0.086851
0.650569
0.115514
0.106296
0.405559
0.072711
0.640816
0.096392
0.231159
0.273189
0.175596
0.478231
0.035256
0.277024
0.178076
0.200625
0.256472
0.089918
0.358003
0.069996
0.028900
0.434914
0.285395
0.296582
0.032502
0.246551
0.045299
0.048750
0.090760
0.281548
0.351334
0.095341
0.087599
0.343898
0.449582
0.625650
0.128907
0.089923
0.294102
0.279494
0.020901
0.169127
0.461009
0.338140
0.003091
0.365228
0.190970
0.397613
0.346830
0.156050
0.217289
0.005502
0.039409
0.274815
0.418606
0.113262
0.064073
0.113400
0.298720
0.146179
0.095507
0.287143
0.487546
0.409488
0.560686
0.273442
0.365111
0.053721
0.324557
0.196504
0.432461
0.161600
0.118944
0.257601
0.506486
0.161424
0.345469
0.113769
0.097435
0.381399
0.042541
0.001393
0.616987
0.145388
0.097266
0.167024
0.066732
0.151140
0.144140
0.171456
0.009564
0.130238
0.162640
0.202062
0.189280
0.332473
0.125735
0.058376
0.054884
0.329135
0.307238
0.114033
0.091134
0.189896
0.119297
0.123582
0.057947
0.382837
0.376630
0.061944
0.221065
0.188983
0.365532
0.445707
0.096760
0.085234
0.406033
0.358420
0.531865
0.177809
0.042856
0.073829
0.446109
0.352987
0.312503
0.409988
0.077060
0.127654
0.209483
0.699069
0.310178
0.337418
0.285492
0.388104
0.274806
0.018606
0.422631
0.078382
0.237465
0.161153
0.270163
0.482016
0.158228
0.072028
0.141830
0.108963
0.295176
0.024780
0.174725
0.208086
0.257387
0.067540
0.068520
0.144011
0.339554
0.452804
0.015654
0.507001
0.044035
0.168168
0.401405
0.117701
0.051454
0.112987
0.389325
0.177907
0.068453
0.118498
0.160020
0.266589
0.069940
0.123230
0.107858
0.047107
0.188868
0.115367
0.308447
0.403568
0.211759
0.194798
0.004662
0.524662
0.045264
0.349090
0.490948
0.244797
0.522890
0.418060
0.117099
0.358478
0.145131
0.095111
0.250907
0.281429
0.089316
0.261361
0.347116
0.168490
0.230400
0.313524
0.118978
0.080721
0.216611
0.264190
0.024608
0.157456
0.060433
0.241704
0.336188
0.097813
0.112262
0.012324
0.328179
0.230216
0.500694
0.131702
0.303055
0.468832
0.532750
0.186623
0.594578
0.352675
0.516214
0.119489
0.416342
0.424372
0.143945
0.085473
0.389430
0.105427
0.144150
0.347660
0.421808
0.247312
0.114974
0.592095
0.503779
0.494013
0.205924
0.208003
0.196725
0.451564
0.108592
0.118555
0.490828
0.045706
0.239963
0.058448
0.304285
0.016100
0.471634
0.102766
0.647278
0.540482
0.619667
0.387787
0.214121
0.187925
0.188442
0.139868
0.309648
0.582877
0.011094
0.219398
0.041240
0.176305
0.061812
0.019033
0.505809
0.176188
0.065297
0.257964
0.609828
0.288450
0.210164
0.124259
0.173358
0.111902
0.000972
0.543504
0.195854
0.245992
0.166833
0.508456
0.020246
0.255603
0.399101
0.815482
0.576617
0.134572
0.270392
0.240794
0.288877
0.566593
0.454774
0.006425
0.054546
0.003811
0.218800
0.545737
0.299314
0.055575
0.289692
0.298843
0.286295
0.171998
0.072184
0.339607
0.135649
0.339176
0.350849
0.173058
0.398894
0.704546
0.189767
0.057891
0.234078
0.499386
0.378440
0.210199
0.299967
0.124046
0.293917
0.408257
0.008307
0.139921
0.222237
0.318718
0.320540
0.405107
0.100456
0.097966
0.021205
0.083834
0.280885
0.009043
0.658032
0.009636
0.055863
0.488697
0.436005
0.037265
0.308898
0.260172
0.065294
0.177139
0.300837
0.552670
0.259200
0.324153
0.200295
0.338291
0.382407
0.081137
0.072117
0.071286
0.266762
0.316060
0.259996
0.077324
0.456479
0.323803
0.034294
0.220830
0.156880
0.081608
0.261480
0.221796
0.335338
0.476927
0.119314
0.011531
0.289422
0.032227
0.399558
0.486310
0.364668
0.408703
0.083375
0.308285
0.240313
0.060323
0.601089
0.369104
0.243731
0.233446
0.138564
0.246506
0.245104
0.011269
0.038327
0.104149
0.281811
0.287805
0.116449
0.348838
0.295856
0.065932
0.487061
0.637807
0.129714
0.560465
0.073115
0.136698
0.353761
0.554161
0.098800
0.160236
0.272039
0.192876
0.328433
0.028927
0.335698
0.571695
0.033998
0.131194
0.225293
0.250866
0.254105
0.434022
0.207693
0.017709
0.300484
0.025985
0.452734
0.037484
0.216463
0.497515
0.061982
0.003202
0.117801
0.321029
0.669371
0.025497
0.302524
0.298798
0.459344
0.283210
0.210434
0.365927
0.038633
0.163194
0.296790
0.357499
0.587138
0.172414
0.185472
0.262562
0.055919
0.352827
0.011402
0.149790
0.162687
0.188874
0.210831
0.042189
0.261964
0.009866
0.185342
0.113098
0.015416
0.096130
0.275520
0.186487
0.413107
0.412182
0.406748
0.399410
0.091193
0.042278
0.108352
0.085920
0.032767
0.131922
0.005395
0.079748
0.402973
0.094803
0.317123
0.162848
0.554394
0.143639
0.265211
0.046700
0.036120
0.497788
0.327793
0.098976
0.137182
0.129077
0.279956
0.557392
0.337545
0.184457
0.209382
0.449025
0.140488
0.146328
0.666004
0.138091
0.085068
0.134533
0.118502
0.147759
0.219975
0.037655
0.241418
0.146531
0.077452
0.369931
0.154438
0.441968
0.285387
0.035696
0.141546
0.058115
0.548399
0.337320
0.155232
0.013785
0.344445
0.007816
0.128506
0.288716
0.431582
0.231419
0.217355
0.086368
0.187480
0.190127
0.010855
0.363323
0.124033
0.445640
0.031736
0.425418
0.325537
0.144161
0.157299
0.204558
0.320690
0.488042
0.071513
0.252498
0.185232
0.666480
0.168458
0.341884
0.284868
0.265303
0.183708
0.233598
0.168097
0.004623
0.190801
0.025586
0.061714
0.133864
0.225041
0.011594
0.133910
0.147269
0.370107
0.402336
0.235008
0.434440
0.502552
0.281456
0.046136
0.315814
0.143248
0.055920
0.127728
0.233652
0.411429
0.326302
0.565632
0.064778
0.159283
0.306604
0.131329
0.077358
0.071972
0.543834
0.464024
0.121792
0.075760
0.118026
0.664731
0.217250
0.467827
0.255817
0.372132
0.171842
0.771780
0.681277
0.321949
0.037010
0.302582
0.267115
0.058998
0.182166
0.069992
0.434245
0.405905
0.035008
0.220953
0.303004
0.017338
0.107009
0.315998
0.027184
0.276939
0.116896
0.055036
0.204961
0.257683
0.281982
0.022166
0.071356
0.131335
0.199872
0.455926
0.114897
0.227522
0.280271
0.039538
0.236781
0.848707
0.163029
0.126836
0.126970
0.077862
0.095987
0.031742
0.351149
0.353137
0.135628
0.250646
0.073475
0.525875
0.317605
0.196902
0.175668
0.821897
0.252569
0.373884
0.046357
0.250926
0.067516
0.261337
0.056892
0.153388
0.339510
0.162884
0.197787
0.215440
0.333657
0.027408
0.383596
0.028349
0.076120
0.090542
0.364930
0.202891
0.214580
0.008727
0.249929
0.002381
0.161603
0.043601
0.280912
0.150044
0.225039
0.131714
0.014031
0.279098
0.169437
0.063705
0.442067
0.206382
0.368559
0.171929
0.084721
0.196133
0.162118
0.607867
0.265813
0.336300
0.297266
0.279149
0.166359
0.027732
0.134481
0.201160
0.430906
0.362415
0.052858
0.376346
0.603637
0.264272
0.201206
0.215008
0.013222
0.150611
0.605184
0.447799
0.099428
0.211288
0.037330
0.510330
0.028749
0.279155
0.212842
0.299486
0.420907
0.111799
0.092174
0.139839
0.053588
0.138366
0.182291
0.146820
0.154297
0.421630
0.358972
0.097170
0.179496
0.149240
0.515550
0.115672
0.032107
0.051536
0.329936
0.144590
0.417580
0.226959
0.174847
0.273134
0.455624
0.064733
0.111050
0.115969
0.345468
0.227083
0.333424
0.355238
0.260429
0.074009
0.301887
0.149838
0.055938
0.286419
0.484040
0.464907
0.128139
0.233882
0.054516
0.116848
0.012168
0.409356
0.190773
0.555762
0.376653
0.152585
0.328018
0.141972
0.054642
0.089859
0.215501
0.528862
0.588800
0.516482
0.226360
0.022555
0.126202
0.487771
0.026061
0.203366
0.299509
0.112923
0.236768
0.334637
0.324164
0.162327
0.216292
0.210258
0.314698
0.225336
0.379588
0.231903
0.192700
0.378127
0.285333
0.271671
0.576077
0.556764
0.250762
0.009016
0.215676
0.360199
0.242191
0.258201
0.439282
0.099906
0.141715
0.249339
0.066397
0.538329
0.166755
0.236075
0.350918
0.102323
0.209269
0.362741
0.198394
0.370812
0.116538
0.087964
0.270764
0.318781
0.516772
0.200765
0.246361
0.263589
0.318533
0.101538
0.394552
0.084896
0.056468
0.263512
0.492432
0.356981
0.062315
0.379493
0.250023
0.320501
0.021622
0.250649
0.215274
0.018508
0.243054
0.107446
0.174347
0.236381
0.473562
0.071252
0.307437
0.304070
0.065465
0.353447
0.293441
0.003492
0.546892
0.021083
0.575633
0.380481
0.406745
0.263999
0.366294
0.010009
0.290009
0.295981
0.280568
0.488269
0.079261
0.020183
0.250744
0.158839
0.086735
0.016284
0.417574
0.082687
0.395204
0.057166
0.131618
0.215665
0.023215
0.199015
0.102679
0.294316
0.016858
0.229410
0.384611
0.143145
0.518238
0.003583
0.125411
0.118619
0.036594
0.239920
0.106001
0.341882
0.299169
0.610075
0.463515
0.127325
0.502831
0.069166
0.130296
0.019802
0.502282
0.068504
0.512720
0.197567
0.331970
0.364534
0.381710
0.468942
0.028114
0.164781
0.261742
0.172176
0.202812
0.426733
0.374995
0.459669
0.061058
0.035221
0.566780
0.087856
0.196721
0.012040
0.483589
0.285539
0.079710
0.479603
0.197910
0.340691
0.126878
0.278641
0.248371
0.524377
0.304381
0.163914
0.274937
0.337624
0.263961
0.122707
0.163030
0.039493
0.001844
0.200646
0.284893
0.021076
0.024751
0.625964
0.187833
0.119270
0.000038
0.015155
0.181479
0.478691
0.605968
0.325976
0.279546
0.223609
0.147989
0.074336
0.014616
0.113566
0.061714
0.163769
0.095160
0.010762
0.232346
0.248968
0.200992
0.197113
0.106684
0.315325
0.065790
0.289987
0.366378
0.274810
0.030411
0.113587
0.095873
0.260712
0.258177
0.051368
0.243826
0.365036
0.577846
0.551993
0.081167
0.514793
0.067375
0.273887
0.225529
0.523724
0.056549
0.375955
0.129509
0.005552
0.100724
0.204332
0.250475
0.024681
0.245904
0.517822
0.294249
0.230114
0.055622
0.202443
0.570109
0.128796
0.447783
0.361949
0.189615
0.190920
0.096411
0.143178
0.225972
0.575308
0.350876
0.230606
0.277888
0.079394
0.535703
0.139831
0.204446
0.096381
0.146573
0.084405
0.009142
0.252527
0.362478
0.322799
0.125639
0.005084
0.212112
0.092127
0.025155
0.230069
0.255115
0.379509
0.241135
0.605194
0.019499
0.201729
0.541121
0.329646
0.129741
0.401702
0.336459
0.195671
0.045158
0.269508
0.149869
0.425772
0.189790
0.085948
0.339360
0.208253
0.147083
0.231590
0.369500
0.477580
0.110425
0.623392
0.435186
0.034064
0.092203
0.145834
0.103300
0.149618
0.350136
0.145078
0.378446
0.351213
0.290339
0.422767
0.182287
0.489880
0.224260
0.194911
0.341634
0.113718
0.067491
0.018138
0.571260
0.140776
0.073329
0.343084
0.010440
0.625510
0.019848
0.107938
0.282937
0.008729
0.596363
0.005125
0.234335
0.282009
0.154188
0.274683
0.147086
0.403031
0.086905
0.079488
0.310982
0.179039
0.231209
0.070704
0.111234
0.019949
0.054897
0.064115
0.268408
0.270447
0.001011
0.132219
0.281411
0.434470
0.588961
0.095220
0.055738
0.176336
0.211796
0.019409
0.028064
0.371715
0.405807
0.024194
0.318069
0.190372
0.335299
0.129779
0.261416
0.217183
0.108806
0.050941
0.276514
0.373226
0.117091
0.033553
0.073509
0.443186
0.099026
0.001595
0.274590
0.552488
0.459756
0.583158
0.298235
0.459410
0.089036
0.230418
0.265923
0.284401
0.067116
0.303139
0.245288
0.437671
0.240987
0.167976
0.080475
0.192285
0.290467
0.013258
0.037683
0.760803
0.165109
0.181009
0.305605
0.166464
0.158180
0.015553
0.099878
0.117969
0.056404
0.009789
0.250297
0.299788
0.445195
0.114454
0.005508
0.169984
0.365774
0.381219
0.037169
0.107828
0.127634
0.240692
0.120513
0.058265
0.339974
0.374516
0.141562
0.028731
0.296079
0.347984
0.367408
0.112577
0.173815
0.275934
0.305294
0.477739
0.062874
0.083456
0.080354
0.444504
0.444875
0.323431
0.425408
0.048479
0.100777
0.226542
0.733050
0.373834
0.366154
0.239313
0.428660
0.156865
0.133489
0.310314
0.091333
0.326730
0.143399
0.219079
0.493704
0.177162
0.061174
0.187947
0.160348
0.172594
0.010990
0.167113
0.124341
0.250490
0.051793
0.055671
0.162425
0.233105
0.353587
0.015390
0.463131
0.027268
0.236577
0.248558
0.066130
0.007014
0.008946
0.252814
0.186303
0.031437
0.157497
0.021261
0.166315
0.209763
0.257602
0.090155
0.090233
0.125522
0.248111
0.458122
0.468838
0.342218
0.282173
0.002896
0.553737
0.164685
0.263159
0.439780
0.270234
0.563449
0.506661
0.018630
0.325557
0.168503
0.224785
0.257166
0.233445
0.198903
0.287202
0.210387
0.147809
0.258508
0.506589
0.062490
0.045330
0.163925
0.071936
0.143280
0.230510
0.009291
0.246362
0.409161
0.099910
0.076129
0.069256
0.225044
0.341307
0.362834
0.156309
0.315174
0.357410
0.573320
0.279647
0.600598
0.282248
0.525345
0.185043
0.466266
0.484807
0.145292
0.033606
0.486019
0.087321
0.208870
0.408813
0.335595
0.340737
0.211723
0.632811
0.456872
0.496578
0.161572
0.230557
0.088212
0.306441
0.093954
0.039038
0.515711
0.133217
0.272972
0.118861
0.232373
0.032268
0.418051
0.061892
0.529036
0.626819
0.497399
0.327199
0.214858
0.076510
0.107454
0.170025
0.243990
0.565581
0.031170
0.290910
0.059100
0.350934
0.178773
0.142412
0.332951
0.178570
0.020558
0.362700
0.577819
0.252522
0.107264
0.224412
0.074484
0.110379
0.268900
0.502026
0.294014
0.126733
0.218857
0.499493
0.000443
0.206164
0.437373
0.670188
0.650753
0.078340
0.237187
0.305156
0.238429
0.509446
0.487878
0.019580
0.079388
0.047144
0.252551
0.488215
0.278904
0.019430
0.395366
0.159677
0.274981
0.099137
0.052136
0.232716
0.196281
0.529150
0.315156
0.212563
0.413621
0.546728
0.088271
0.037045
0.140067
0.352910
0.376836
0.366307
0.347617
0.023893
0.244209
0.363073
0.007536
0.030765
0.255652
0.387403
0.263434
0.382848
0.080077
0.041175
0.010047
0.312583
0.219206
0.017223
0.571225
0.116116
0.069583
0.520547
0.254802
0.089193
0.348559
0.399609
0.065141
0.122893
0.199190
0.479893
0.298239
0.287919
0.340527
0.421310
0.262990
0.089140
0.034617
0.083489
0.267309
0.345972
0.355049
0.020494
0.387361
0.333071
0.081861
0.181571
0.014058
0.156258
0.171269
0.359520
0.273421
0.463303
0.054213
0.056135
0.278756
0.170646
0.324327
0.534621
0.286570
0.328562
0.167018
0.286858
0.356631
0.049854
0.417792
0.356662
0.082346
0.125464
0.071668
0.079011
0.401739
0.146222
0.016624
0.110067
0.053380
0.293019
0.037872
0.339502
0.344118
0.041868
0.423122
0.656284
0.121438
0.593107
0.024956
0.066873
0.356346
0.426962
0.069290
0.228854
0.377128
0.086491
0.285112
0.066674
0.269769
0.452198
0.050604
0.133050
0.292121
0.266176
0.074361
0.469980
0.052208
0.019597
0.177595
0.052143
0.425772
0.056972
0.152336
0.515322
0.227388
0.128666
0.157588
0.268790
0.808204
0.069026
0.350280
0.371987
0.340463
0.239506
0.264415
0.185141
0.048180
0.266056
0.260936
0.395217
0.631005
0.270324
0.197779
0.285340
0.019839
0.336498
0.002834
0.079711
0.186304
0.210450
0.168686
0.019248
0.273772
0.044137
0.196036
0.139466
0.002716
0.086954
0.055216
0.133888
0.415091
0.376951
0.392676
0.287774
0.167030
0.032672
0.177830
0.036719
0.149635
0.140930
0.191210
0.024604
0.069412
0.175801
0.355227
0.192990
0.438912
0.119166
0.238759
0.019302
0.104160
0.557325
0.454484
0.223684
0.007035
0.165129
0.319254
0.502658
0.197949
0.107560
0.200944
0.354068
0.155073
0.021388
0.615122
0.134024
0.198220
0.229973
0.016913
0.121590
0.235476
0.051680
0.306838
0.257358
0.012812
0.199666
0.128437
0.483522
0.366220
0.068260
0.128353
0.023543
0.461354
0.427401
0.115146
0.095083
0.329260
0.012031
0.002520
0.304313
0.403392
0.324574
0.168035
0.031569
0.405149
0.352191
0.008603
0.432429
0.094753
0.454085
0.073582
0.336960
0.397886
0.289799
0.053705
0.297302
0.349741
0.342102
0.075656
0.234229
0.096290
0.441828
0.019956
0.346297
0.259800
0.267739
0.157975
0.095088
0.148547
0.037391
0.225401
0.077782
0.115243
0.239656
0.203210
0.048475
0.260600
0.091276
0.329597
0.385780
0.130244
0.403150
0.449455
0.425162
0.067082
0.170500
0.079447
0.098692
0.111584
0.322422
0.379718
0.302488
0.420667
0.009354
0.022614
0.276410
0.077223
0.049998
0.075025
0.604517
0.373850
0.003892
0.028992
0.191962
0.482430
0.316785
0.505241
0.235215
0.460679
0.204399
0.758530
0.658693
0.173574
0.088068
0.349486
0.242153
0.032385
0.059344
0.126534
0.511102
0.437809
0.061795
0.081315
0.318035
0.006525
0.077854
0.387524
0.267603
0.065660
0.186754
0.030534
0.032141
0.318285
0.370357
0.029706
0.261071
0.146037
0.152720
0.379637
0.050661
0.355195
0.226251
0.074004
0.455692
0.737534
0.178237
0.107189
0.147696
0.057940
0.022462
0.059963
0.254947
0.399143
0.252991
0.179929
0.088496
0.359463
0.137512
0.045625
0.126557
0.688167
0.050975
0.362084
0.014726
0.138126
0.077481
0.223000
0.022482
0.182343
0.251893
0.059532
0.176612
0.027933
0.178882
0.067804
0.392689
0.041034
0.174494
0.167064
0.272879
0.187404
0.438333
0.104051
0.333208
0.138089
0.136655
0.017852
0.323077
0.171812
0.188845
0.312069
0.113069
0.192796
0.057229
0.112068
0.259737
0.018566
0.359046
0.091371
0.044215
0.230834
0.318609
0.603910
0.293709
0.249764
0.243409
0.353014
0.203393
0.146789
0.088033
0.212010
0.494638
0.421312
0.248355
0.346359
0.622946
0.301003
0.331248
0.361501
0.116345
0.093893
0.647386
0.543598
0.006730
0.270203
0.064240
0.520629
0.051839
0.317679
0.109183
0.347134
0.409927
0.015706
0.215241
0.230915
0.117631
0.067972
0.138004
0.069619
0.096575
0.317263
0.099054
0.148100
0.354644
0.091063
0.407253
0.169502
0.126651
0.046411
0.432444
0.225691
0.290240
0.363501
0.068721
0.225739
0.590406
0.010331
0.120727
0.001406
0.263629
0.000302
0.262101
0.284011
0.272066
0.066694
0.220746
0.343344
0.036905
0.332044
0.405069
0.493458
0.156538
0.212275
0.068228
0.162532
0.058105
0.376301
0.186401
0.404648
0.350609
0.376971
0.273699
0.114798
0.035373
0.042983
0.178852
0.682678
0.370391
0.488535
0.248535
0.019776
0.275993
0.340801
0.120304
0.373944
0.264181
0.037169
0.236139
0.345345
0.392096
0.101525
0.181846
0.062341
0.259958
0.202097
0.457072
0.249412
0.024594
0.435562
0.415800
0.397921
0.613786
0.494885
0.060779
0.007510
0.208281
0.543505
0.244984
0.238418
0.464211
0.243348
0.121707
0.077702
0.096177
0.403021
0.216122
0.259822
0.353680
0.117780
0.224551
0.349966
0.149624
0.457208
0.100964
0.109464
0.336697
0.376907
0.584490
0.106285
0.124724
0.333290
0.378190
0.115591
0.422331
0.043169
0.050058
0.389421
0.550741
0.287767
0.152581
0.342350
0.263698
0.447571
0.053097
0.203956
0.211838
0.027198
0.158994
0.134065
0.213031
0.115719
0.403278
0.063106
0.162479
0.229571
0.035212
0.401226
0.220778
0.010196
0.475765
0.044101
0.495497
0.346590
0.214118
0.081600
0.189692
0.010787
0.193998
0.167957
0.157499
0.484742
0.046999
0.104306
0.424069
0.248256
0.053435
0.002425
0.507027
0.193094
0.543939
0.014722
0.048898
0.157912
0.051309
0.248302
0.109232
0.335244
0.001525
0.102124
0.309027
0.116711
0.538728
0.028536
0.057574
0.108569
0.031931
0.259324
0.071757
0.304481
0.292519
0.513428
0.410890
0.159172
0.424252
0.086055
0.183625
0.010546
0.638630
0.067051
0.587471
0.226394
0.392425
0.295347
0.315047
0.360176
0.117219
0.164195
0.241295
0.220534
0.221035
0.386783
0.412437
0.506528
0.062680
0.035043
0.609471
0.104534
0.208853
0.257300
0.329206
0.362853
0.069681
0.528982
0.131030
0.369886
0.092667
0.141542
0.055486
0.486427
0.372896
0.264066
0.133932
0.268214
0.344467
0.119021
0.077590
0.231784
0.135885
0.006325
0.340312
0.003892
0.030096
0.493725
0.163382
0.050456
0.025103
0.125877
0.104319
0.525324
0.532116
0.325256
0.097911
0.297305
0.219147
0.098181
0.046225
0.227590
0.213763
0.045702
0.120116
0.077221
0.019283
0.303664
0.172078
0.140750
0.246621
0.337777
0.073381
0.335402
0.392562
0.255691
0.038340
0.006921
0.067697
0.352048
0.326781
0.077989
0.165931
0.354090
0.526783
0.471944
0.252412
0.543771
0.103884
0.240611
0.013021
0.462703
0.065888
0.220193
0.047128
0.010900
0.157254
0.258869
0.213227
0.052420
0.105663
0.521898
0.184612
0.072235
0.101059
0.317107
0.530458
0.188591
0.428449
0.269806
0.124390
0.159663
0.310319
0.150306
0.075508
0.506422
0.305835
0.218120
0.233626
0.070308
0.330085
0.013548
0.196650
0.044202
0.112933
0.058877
0.004359
0.384482
0.303793
0.363491
0.111451
0.153493
0.317741
0.086456
0.052883
0.259654
0.340527
0.203302
0.335244
0.618749
0.031848
0.206655
0.392592
0.273004
0.047314
0.503774
0.297307
0.141538
0.096638
0.165342
0.015573
0.552569
0.006065
0.139581
0.249733
0.074159
0.097750
0.199092
0.495041
0.589198
0.046285
0.441871
0.363223
0.125150
0.078677
0.178498
0.174490
0.004848
0.438418
0.089288
0.305172
0.480566
0.204523
0.450776
0.325358
0.396684
0.260494
0.194668
0.414394
0.089342
0.006886
0.089465
0.478840
0.131645
0.010155
0.295213
0.065133
0.565909
0.041861
0.013308
0.276830
0.197335
0.620429
0.000343
0.086310
0.323088
0.057632
0.263002
0.156258
0.445173
0.165324
0.166914
0.165501
0.011611
0.138237
0.072413
0.103796
0.052014
0.008781
0.031680
0.278615
0.176110
0.123707
0.226149
0.300365
0.405994
0.435558
0.142632
0.070770
0.035552
0.166434
0.022732
0.114616
0.309438
0.483866
0.032744
0.277447
0.237699
0.237331
0.014961
0.334081
0.180009
0.165529
0.034248
0.331196
0.324645
0.094419
0.026639
0.141186
0.541217
0.010697
0.001837
0.270454
0.483809
0.365804
0.534564
0.387932
0.562840
0.027662
0.246894
0.284143
0.094566
0.001868
0.462268
0.264946
0.278905
0.376822
0.044902
0.250304
0.327765
0.249128
0.078291
0.098724
0.756965
0.167104
0.272933
0.400919
0.168066
0.154291
0.065406
0.082442
0.239586
0.030001
0.181955
0.282582
0.417809
0.548266
0.142268
0.015397
0.247579
0.419686
0.466220
0.024498
0.057691
0.039990
0.270071
0.037239
0.067101
0.294006
0.331302
0.156740
0.189085
0.304602
0.336941
0.240356
0.129443
0.135266
0.117959
0.280357
0.311048
0.048533
0.158589
0.036239
0.486987
0.489957
0.350022
0.399339
0.040667
0.115155
0.208514
0.634570
0.394150
0.284149
0.110884
0.510687
0.050844
0.224370
0.219358
0.139076
0.355409
0.081268
0.262248
0.467775
0.145419
0.026317
0.256292
0.186522
0.063532
0.053062
0.220248
0.125936
0.231057
0.030540
0.052305
0.179246
0.176531
0.243557
0.027247
0.415831
0.019672
0.255399
0.069120
0.004243
0.119714
0.145236
0.115669
0.168693
0.077660
0.191561
0.069587
0.112930
0.269275
0.387651
0.109779
0.126411
0.034195
0.377834
0.504138
0.506319
0.418761
0.266765
0.122371
0.556530
0.200524
0.131607
0.378638
0.291832
0.509352
0.504993
0.070443
0.296678
0.146487
0.248662
0.239743
0.119197
0.269820
0.267334
0.098530
0.110628
0.283541
0.605097
0.005670
0.080966
0.191981
0.078603
0.243750
0.287395
0.097819
0.214912
0.482855
0.350384
0.134206
0.149555
0.047839
0.323511
0.230801
0.181273
0.274305
0.276831
0.521820
0.308483
0.495251
0.247949
0.443352
0.281171
0.518462
0.468249
0.099987
0.038275
0.446260
0.011913
0.162125
0.478532
0.124449
0.363911
0.253614
0.584877
0.477854
0.371100
0.130211
0.220618
0.022229
0.231089
0.097190
0.222494
0.437832
0.209181
0.239293
0.145598
0.208656
0.036804
0.370577
0.194368
0.346830
0.590922
0.380339
0.223761
0.267537
0.011896
0.021101
0.196660
0.180467
0.422950
0.083054
0.341401
0.212659
0.386844
0.307831
0.270113
0.174266
0.144220
0.008949
0.380107
0.516962
0.196919
0.068271
0.303498
0.014022
0.044607
0.494341
0.431936
0.397886
0.026060
0.207700
0.452685
0.035814
0.148902
0.408004
0.445345
0.686002
0.002460
0.255336
0.340899
0.172007
0.419685
0.420094
0.071100
0.199648
0.138374
0.198227
0.386615
0.278661
0.004150
0.466409
0.059759
0.276550
0.009632
0.003326
0.104635
0.278820
0.658188
0.225563
0.170599
0.351326
0.282043
0.006327
0.193803
0.098869
0.273900
0.356002
0.407045
0.274024
0.080525
0.147557
0.265862
0.035997
0.046934
0.296370
0.442568
0.182252
0.377545
0.018923
0.058887
0.029163
0.427503
0.170340
0.110911
0.373100
0.188994
0.221820
0.444336
0.039542
0.143581
0.384233
0.465956
0.059844
0.010735
0.088734
0.351609
0.296611
0.201907
0.471457
0.455571
0.146926
0.041534
0.002242
0.137071
0.192933
0.317198
0.386815
0.137528
0.310500
0.262087
0.134866
0.059627
0.231386
0.224587
0.003710
0.523366
0.261379
0.394623
0.027655
0.140457
0.246692
0.273806
0.306668
0.541146
0.199775
0.260711
0.265878
0.258604
0.455361
0.144509
0.212517
0.317537
0.056539
0.005783
0.262160
0.075566
0.425886
0.261327
0.140007
0.157566
0.152266
0.260312
0.136370
0.273684
0.314969
0.017232
0.309987
0.587211
0.129152
0.546373
0.088281
0.001848
0.363463
0.352863
0.045477
0.293624
0.449000
0.047488
0.274149
0.009798
0.191130
0.262613
0.013750
0.160661
0.271773
0.237770
0.128544
0.437028
0.070473
0.092776
0.082204
0.043397
0.346410
0.098174
0.121648
0.432957
0.265732
0.263211
0.209182
0.229025
0.811219
0.241767
0.362215
0.403474
0.250385
0.180798
0.267413
0.034010
0.013827
0.316345
0.163714
0.365451
0.659361
0.395380
0.212017
0.240145
0.034918
0.286101
0.027362
0.090889
0.198286
0.243174
0.139303
0.109399
0.262642
0.031360
0.264320
0.158152
0.014963
0.188795
0.155204
0.078122
0.377425
0.390748
0.334258
0.180749
0.277009
0.062538
0.204420
0.030255
0.392757
0.116686
0.365982
0.032561
0.240396
0.230959
0.369202
0.206307
0.354472
0.081665
0.206415
0.007242
0.137921
0.525241
0.536558
0.317330
0.125591
0.200522
0.337092
0.305540
0.046827
0.025864
0.168611
0.252732
0.082009
0.006725
0.558592
0.085702
0.275899
0.348771
0.125513
0.064625
0.256927
0.108632
0.309556
0.313009
0.084838
0.056954
0.055638
0.460685
0.397380
0.090177
0.167508
0.104028
0.339820
0.445315
0.152026
0.068277
0.314552
0.037068
0.025031
0.264421
0.265177
0.376652
0.225544
0.173871
0.579297
0.476996
0.043457
0.498345
0.010444
0.430787
0.174820
0.177674
0.465310
0.377160
0.033408
0.371895
0.362281
0.230140
0.072838
0.222757
0.019260
0.206593
0.159780
0.411618
0.197440
0.248067
0.080513
0.030003
0.071375
0.050882
0.179009
0.153860
0.251190
0.318161
0.166315
0.124238
0.306608
0.042440
0.229298
0.308434
0.042650
0.362153
0.325635
0.575147
0.097599
0.022065
0.017474
0.199025
0.000906
0.372125
0.367354
0.213253
0.274928
0.040622
0.089232
0.154539
0.000626
0.140115
0.152199
0.600386
0.218998
0.168002
0.182391
0.245707
0.264829
0.400835
0.506439
0.218406
0.513741
0.302728
0.650588
0.494984
0.024998
0.210256
0.282493
0.266260
0.023637
0.075800
0.248823
0.516619
0.401391
0.089129
0.018838
0.273204
0.041432
0.142064
0.424110
0.530749
0.047350
0.313775
0.020752
0.175449
0.338721
0.414490
0.145844
0.468455
0.159094
0.074946
0.300725
0.001763
0.427879
0.282440
0.143857
0.608967
0.470509
0.118527
0.103120
0.083908
0.150943
0.162844
0.209796
0.075850
0.404478
0.281799
0.039696
0.136410
0.199997
0.106869
0.130661
0.181265
0.493336
0.094231
0.271398
0.017623
0.056131
0.035778
0.185296
0.082188
0.215882
0.100707
0.040086
0.089048
0.147907
0.058508
0.128368
0.403407
0.203443
0.252963
0.270513
0.144610
0.182124
0.565728
0.168419
0.430815
0.265752
0.129982
0.009279
0.418942
0.238904
0.214661
0.473309
0.183694
0.136012
0.021395
0.145543
0.090709
0.232647
0.361612
0.123127
0.090716
0.209372
0.458542
0.608011
0.322092
0.210578
0.232422
0.429513
0.270020
0.252544
0.042504
0.199582
0.456354
0.452253
0.429558
0.331532
0.454324
0.255241
0.398012
0.478346
0.221470
0.004915
0.616477
0.595114
0.056534
0.366698
0.046961
0.485336
0.152279
0.359495
0.056519
0.451605
0.340718
0.080951
0.279611
0.338388
0.130302
0.013568
0.103036
0.005495
0.022083
0.152485
0.127521
0.226947
0.502144
0.006978
0.367364
0.217089
0.142803
0.112849
0.482778
0.259932
0.174749
0.498394
0.070116
0.119363
0.650910
0.081868
0.108124
0.073968
0.165654
0.203356
0.143457
0.226041
0.364669
0.067611
0.133682
0.454742
0.085822
0.374531
0.360574
0.434413
0.112959
0.199380
0.169075
0.130188
0.178359
0.361663
0.167108
0.295551
0.251907
0.558791
0.205810
0.070160
0.011603
0.135071
0.123831
0.776678
0.140632
0.400475
0.170172
0.020703
0.447916
0.244428
0.199122
0.546933
0.170715
0.097472
0.207971
0.368226
0.491490
0.094815
0.067926
0.101102
0.204990
0.152691
0.523115
0.239052
0.105736
0.504842
0.460699
0.450472
0.605071
0.386509
0.079544
0.010259
0.207088
0.570327
0.216801
0.248517
0.434755
0.410499
0.021364
0.068050
0.074596
0.202249
0.299699
0.293552
0.284266
0.133080
0.213749
0.270940
0.096034
0.590757
0.059793
0.125285
0.353812
0.354494
0.543206
0.003058
0.010412
0.344937
0.422822
0.099891
0.432343
0.024263
0.055081
0.486577
0.548085
0.221509
0.363682
0.227319
0.272978
0.513102
0.121023
0.196527
0.218542
0.054853
0.015379
0.208718
0.263045
0.038452
0.254685
0.112060
0.033355
0.154974
0.195345
0.385877
0.136888
0.037757
0.303765
0.041588
0.439749
0.261638
0.001991
0.026445
0.000629
0.036440
0.012787
0.069730
0.000186
0.513894
0.030067
0.184199
0.553518
0.328503
0.024639
0.061673
0.542687
0.206353
0.597109
0.066455
0.035613
0.073716
0.079596
0.243381
0.158433
0.352916
0.003948
0.054921
0.225572
0.140762
0.463153
0.018026
0.054074
0.026611
0.009262
0.336750
0.042697
0.201366
0.202256
0.348619
0.268600
0.193475
0.344066
0.079859
0.240188
0.016037
0.647448
0.087559
0.563293
0.245006
0.439856
0.132524
0.208103
0.308500
0.228631
0.140306
0.204870
0.247016
0.129073
0.331648
0.425165
0.558442
0.211231
0.015157
0.499546
0.039430
0.212589
0.415562
0.167818
0.451980
0.054972
0.571733
0.025497
0.423805
0.037864
0.029141
0.073535
0.416359
0.424349
0.304306
0.086767
0.143611
0.421634
0.123995
0.040557
0.365631
0.167149
0.121905
0.394697
0.012781
0.087575
0.345005
0.151831
0.068149
0.014542
0.209545
0.011912
0.542021
0.446626
0.307790
0.117117
0.303246
0.331798
0.078487
0.147393
0.335103
0.300671
0.116136
0.153784
0.167972
0.115301
0.346724
0.119565
0.026581
0.259326
0.344111
0.038876
0.334092
0.344528
0.217206
0.054874
0.088966
0.037843
0.380825
0.305526
0.155015
0.085944
0.358752
0.490998
0.378425
0.403380
0.498765
0.090250
0.174323
0.198548
0.433529
0.159885
0.045705
0.036370
0.008041
0.159151
0.235927
0.146767
0.100353
0.035955
0.497885
0.083006
0.076789
0.166289
0.347144
0.413258
0.260517
0.341590
0.143559
0.022761
0.109301
0.476708
0.063755
0.027463
0.384052
0.281756
0.131709
0.225139
0.098937
0.105576
0.092889
0.206209
0.043431
0.043144
0.075823
0.074088
0.414771
0.306390
0.388742
0.076079
0.296746
0.406835
0.138890
0.054517
0.323031
0.452335
0.047721
0.354986
0.519351
0.036047
0.203995
0.257201
0.204135
0.177741
0.607474
0.310986
0.122233
0.143947
0.057291
0.023250
0.649899
0.202603
0.148165
0.186222
0.070578
0.111769
0.155532
0.525005
0.558012
0.045632
0.199203
0.271632
0.198104
0.126460
0.157261
0.298447
0.216323
0.459499
0.028856
0.197451
0.495110
0.134531
0.465524
0.457125
0.313952
0.274655
0.117943
0.506429
0.074294
0.040239
0.272493
0.363595
0.087808
0.067467
0.224415
0.117026
0.453083
0.127943
0.042035
0.271308
0.316721
0.531472
0.010467
0.102907
0.253941
0.013910
0.242069
0.156900
0.403936
0.255332
0.285301
0.108006
0.145933
0.104159
0.015255
0.241177
0.155925
0.129394
0.010228
0.349348
0.041085
0.256650
0.254540
0.254044
0.349519
0.287552
0.185389
0.155547
0.158575
0.198634
0.037965
0.241219
0.280922
0.433773
0.000247
0.173154
0.254358
0.195034
0.183894
0.291535
0.184837
0.188078
0.037747
0.385380
0.266486
0.074428
0.120111
0.206377
0.587443
0.097705
0.004748
0.247630
0.362811
0.163187
0.493105
0.429718
0.486917
0.048910
0.200140
0.311099
0.126421
0.103301
0.647325
0.246759
0.073827
0.493808
0.077171
0.384190
0.449434
0.213136
0.161226
0.178985
0.637876
0.184922
0.317163
0.435436
0.157152
0.124283
0.087303
0.046601
0.452850
0.187172
0.322527
0.332831
0.469112
0.574405
0.171021
0.094298
0.233154
0.408694
0.528381
0.088502
0.067655
0.011562
0.213604
0.104848
0.062494
0.248518
0.270023
0.128850
0.392693
0.339679
0.302696
0.147753
0.133870
0.078605
0.021730
0.221403
0.158947
0.125364
0.181418
0.019805
0.359260
0.489132
0.335636
0.313060
0.008982
0.174929
0.240617
0.481732
0.387834
0.254026
0.008522
0.496700
0.044179
0.284224
0.148236
0.150771
0.346702
0.012869
0.315606
0.405955
0.176385
0.024547
0.363397
0.189134
0.069852
0.091113
0.266427
0.158176
0.229226
0.074811
0.064043
0.217481
0.214350
0.102898
0.004666
0.376513
0.017628
0.335815
0.039221
0.125153
0.182784
0.224268
0.058673
0.148007
0.005483
0.169131
0.071736
0.113388
0.289293
0.460042
0.178289
0.073292
0.201430
0.472003
0.443629
0.564129
0.368810
0.236314
0.259844
0.554760
0.198255
0.045199
0.309903
0.211890
0.428985
0.557410
0.167461
0.289095
0.121782
0.317143
0.271507
0.070176
0.337135
0.185277
0.014922
0.086608
0.239772
0.664347
0.042358
0.229461
0.224699
0.212441
0.238067
0.368842
0.248246
0.182661
0.438264
0.545158
0.166380
0.205391
0.197020
0.240862
0.059827
0.220847
0.250711
0.273015
0.422322
0.247045
0.361920
0.198914
0.299389
0.376704
0.533187
0.405015
0.030971
0.019007
0.319914
0.011923
0.017008
0.421575
0.020579
0.334376
0.282328
0.446578
0.468587
0.142945
0.204083
0.200680
0.130117
0.207467
0.142823
0.427698
0.286131
0.305785
0.201708
0.163699
0.203161
0.006668
0.283991
0.270871
0.168953
0.519716
0.271071
0.098622
0.237051
0.105575
0.196095
0.236521
0.087237
0.300174
0.179468
0.349117
0.295911
0.397334
0.335634
0.400953
0.051483
0.090620
0.017297
0.308314
0.405009
0.106027
0.001201
0.388630
0.115177
0.003700
0.622885
0.392407
0.442899
0.066335
0.139587
0.353097
0.051899
0.033122
0.371401
0.203843
0.553355
0.160590
0.319445
0.355994
0.047669
0.310306
0.317126
0.097766
0.228054
0.215331
0.072218
0.286543
0.273958
0.008808
0.558094
0.060357
0.245474
0.167849
0.088954
0.016899
0.290813
0.647619
0.134998
0.104981
0.294689
0.022656
0.102343
0.332784
0.159015
0.170335
0.359166
0.457523
0.121936
0.149565
0.121746
0.088467
0.015644
0.120057
0.354448
0.400352
0.154083
0.402562
0.029219
0.176636
0.079199
0.512920
0.153725
0.206953
0.176425
0.236581
0.489463
0.332480
0.129721
0.165556
0.387164
0.491577
0.038168
0.205066
0.017928
0.200742
0.262329
0.147131
0.473997
0.395343
0.042831
0.008903
0.042302
0.160325
0.155086
0.314124
0.359484
0.231600
0.223853
0.190055
0.203233
0.035091
0.372368
0.348229
0.205225
0.622191
0.209137
0.370544
0.112365
0.099827
0.178971
0.307090
0.242230
0.537178
0.182622
0.234721
0.275084
0.289474
0.551009
0.209183
0.008334
0.276203
0.171568
0.174265
0.399143
0.204389
0.410359
0.298988
0.337523
0.160013
0.359195
0.176906
0.188701
0.161031
0.317575
0.065198
0.197930
0.387240
0.123090
0.429848
0.126497
0.066238
0.368372
0.240426
0.024394
0.317353
0.438896
0.171819
0.229069
0.028309
0.129640
0.071298
0.071085
0.202289
0.202996
0.203289
0.263244
0.378386
0.194360
0.146110
0.023264
0.028278
0.273182
0.137590
0.122850
0.361175
0.264387
0.370661
0.243634
0.235213
0.678320
0.401819
0.285875
0.347940
0.229899
0.084934
0.273939
0.046648
0.114223
0.335331
0.062070
0.349941
0.595618
0.454623
0.215561
0.159559
0.096607
0.201387
0.099757
0.277686
0.189552
0.264936
0.103397
0.258691
0.191546
0.066581
0.324426
0.158989
0.087569
0.273790
0.372154
0.111690
0.236271
0.329686
0.238251
0.097917
0.357886
0.126539
0.281921
0.126238
0.563774
0.106981
0.503911
0.096944
0.470866
0.217003
0.357231
0.205770
0.261390
0.039854
0.133193
0.014132
0.190268
0.441761
0.563881
0.349507
0.126983
0.281290
0.346412
0.069171
0.114755
0.091012
0.130927
0.164421
0.038928
0.084592
0.507092
0.016251
0.291142
0.435587
0.279398
0.008206
0.239015
0.155432
0.219231
0.392320
0.197297
0.049554
0.037211
0.365141
0.396541
0.076299
0.217898
0.177535
0.149362
0.442715
0.132936
0.014638
0.265318
0.101079
0.015229
0.237068
0.088312
0.416790
0.208656
0.233291
0.722495
0.503273
0.065973
0.547569
0.068511
0.398381
0.234965
0.032372
0.538413
0.465981
0.085280
0.406380
0.294611
0.191971
0.130894
0.214522
0.207779
0.021301
0.275114
0.422137
0.155304
0.239500
0.023381
0.048364
0.063292
0.003118
0.081529
0.209092
0.313089
0.420614
0.138981
0.209406
0.342966
0.024211
0.190023
0.145085
0.241192
0.281699
0.134688
0.666934
0.145545
0.076523
0.133378
0.269667
0.062390
0.431305
0.318869
0.039164
0.090159
0.051757
0.102027
0.094919
0.016636
0.213690
0.235479
0.606836
0.041257
0.291286
0.293211
0.273824
0.114186
0.401219
0.482759
0.273776
0.529168
0.306387
0.449961
0.266071
0.193696
0.280045
0.242289
0.265825
0.025059
0.154767
0.354552
0.433565
0.380032
0.000067
0.116327
0.298747
0.092374
0.139926
0.421035
0.676808
0.144051
0.479195
0.090309
0.229998
0.361936
0.498946
0.288926
0.571949
0.172504
0.016766
0.250772
0.023050
0.512239
0.297145
0.179669
0.615559
0.214158
0.001207
0.132116
0.041352
0.321623
0.265218
0.337890
0.122265
0.341458
0.242296
0.075683
0.175783
0.017530
0.137838
0.185569
0.237590
0.291758
0.258719
0.175692
0.024176
0.039210
0.066936
0.156273
0.123711
0.246010
0.061991
0.023574
0.019125
0.219469
0.070899
0.182159
0.389016
0.301545
0.358360
0.392017
0.033910
0.174393
0.588527
0.199863
0.509352
0.321390
0.161549
0.020853
0.453419
0.255709
0.266933
0.511417
0.210759
0.032031
0.060556
0.226209
0.060141
0.383708
0.327197
0.098857
0.108288
0.205865
0.520218
0.519995
0.291679
0.219093
0.172308
0.440732
0.349054
0.314059
0.022380
0.191808
0.425304
0.457302
0.549679
0.310810
0.241771
0.182874
0.377732
0.517335
0.309265
0.007012
0.549182
0.448022
0.077623
0.390092
0.058779
0.384114
0.299956
0.441214
0.018680
0.500164
0.261469
0.138988
0.360791
0.404938
0.198716
0.156243
0.130069
0.082122
0.005292
0.020774
0.299487
0.286244
0.611048
0.077437
0.286129
0.229919
0.115637
0.228231
0.531755
0.172425
0.102273
0.599915
0.188563
0.055762
0.612687
0.223018
0.020927
0.211655
0.096375
0.278588
0.017593
0.177705
0.441647
0.039670
0.017998
0.562449
0.103922
0.400591
0.296350
0.357137
0.032755
0.254987
0.285986
0.049046
0.346931
0.376955
0.050546
0.198496
0.119579
0.701115
0.088009
0.050502
0.074945
0.192100
0.075701
0.700830
0.110861
0.241366
0.107505
0.055359
0.554922
0.126956
0.277398
0.635433
0.032646
0.106260
0.147629
0.404319
0.560890
0.042370
0.004346
0.188070
0.130529
0.165260
0.512104
0.197104
0.250058
0.470257
0.382770
0.457723
0.513124
0.216940
0.154818
0.080156
0.229866
0.459683
0.124482
0.263307
0.327023
0.509167
0.047460
0.242829
0.133486
0.048171
0.330906
0.332683
0.104617
0.147834
0.157659
0.227215
0.010925
0.580423
0.030581
0.158955
0.314510
0.276916
0.406027
0.041780
0.157472
0.236768
0.444076
0.045049
0.338970
0.029616
0.055829
0.461047
0.462029
0.123050
0.484647
0.139250
0.269977
0.495092
0.183268
0.194709
0.228672
0.094385
0.098566
0.317459
0.293077
0.181588
0.028248
0.132981
0.007638
0.129317
0.299152
0.336559
0.093128
0.128176
0.198709
0.038237
0.365693
0.185852
0.139720
0.083969
0.095835
0.001882
0.129376
0.033615
0.215175
0.480335
0.046563
0.180614
0.600447
0.330994
0.026526
0.103741
0.557194
0.229678
0.528944
0.177836
0.081136
0.060791
0.112913
0.284842
0.193365
0.372089
0.120487
0.237115
0.109138
0.180445
0.327745
0.068337
0.114678
0.151490
0.009571
0.388126
0.028558
0.137458
0.039411
0.137140
0.197608
0.163979
0.279778
0.146392
0.299539
0.012835
0.649082
0.147651
0.422045
0.240145
0.323241
0.022587
0.072377
0.357801
0.222626
0.026010
0.230919
0.223285
0.013370
0.296535
0.399328
0.522499
0.339834
0.030182
0.306227
0.036287
0.234647
0.481109
0.067135
0.389624
0.035593
0.497397
0.044901
0.431689
0.074098
0.005953
0.181834
0.349804
0.441609
0.310161
0.258309
0.086709
0.445865
0.152595
0.143317
0.484984
0.202001
0.172559
0.390044
0.013437
0.122431
0.238234
0.137019
0.192267
0.017856
0.274701
0.090957
0.541226
0.422138
0.257894
0.325715
0.343301
0.420851
0.060930
0.244940
0.372660
0.308061
0.233808
0.146686
0.196065
0.201565
0.416361
0.113624
0.063504
0.227680
0.293658
0.069934
0.323307
0.310208
0.205268
0.096228
0.211624
0.024085
0.418887
0.236698
0.265541
0.019095
0.370327
0.437017
0.279489
0.465983
0.390047
0.077918
0.091245
0.418816
0.462190
0.133417
0.076276
0.104016
0.000183
0.081161
0.164469
0.091341
0.152384
0.194875
0.400728
0.018618
0.189954
0.260954
0.336925
0.277497
0.340290
0.223295
0.017590
0.061713
0.060359
0.648608
0.024383
0.065394
0.271535
0.286999
0.064688
0.221456
0.103843
0.019492
0.171698
0.284416
0.166214
0.057381
0.089079
0.164155
0.352785
0.265259
0.359516
0.068269
0.381962
0.497161
0.236238
0.080775
0.284786
0.481620
0.094068
0.283953
0.359288
0.054920
0.127909
0.113787
0.166389
0.288320
0.613326
0.247236
0.165213
0.148145
0.019765
0.070695
0.567693
0.327877
0.182850
0.108505
0.128649
0.152660
0.121917
0.463163
0.503046
0.058112
0.013980
0.208769
0.186892
0.195603
0.049983
0.331779
0.386163
0.461803
0.030375
0.095978
0.382244
0.032850
0.409820
0.451629
0.200568
0.328121
0.007992
0.479291
0.065563
0.074473
0.330712
0.299266
0.003830
0.131253
0.251759
0.110806
0.284545
0.179382
0.037148
0.230480
0.351935
0.372826
0.034372
0.287885
0.180704
0.033786
0.197192
0.122888
0.369217
0.306972
0.416985
0.060489
0.384687
0.090435
0.119002
0.263856
0.291229
0.252177
0.007461
0.413881
0.048845
0.358086
0.204080
0.206669
0.275550
0.190681
0.262435
0.305558
0.272239
0.218712
0.087969
0.221001
0.256246
0.462920
0.026136
0.053927
0.273893
0.192980
0.212552
0.266140
0.114435
0.156772
0.070210
0.428176
0.200547
0.063012
0.244971
0.325570
0.554425
0.171106
0.080410
0.217585
0.210547
0.110795
0.408534
0.383591
0.281230
0.172011
0.194124
0.319108
0.310238
0.186854
0.746842
0.291015
0.085110
0.544540
0.162693
0.398074
0.492973
0.207494
0.266696
0.235706
0.361942
0.151131
0.348069
0.355150
0.080112
0.066969
0.119204
0.040610
0.582989
0.216531
0.408254
0.439885
0.419122
0.533635
0.203728
0.138003
0.186115
0.381564
0.534003
0.115329
0.170701
0.099139
0.074757
0.320952
0.107198
0.244572
0.233161
0.009660
0.530070
0.340338
0.319566
0.096195
0.094271
0.108918
0.080905
0.167318
0.064734
0.161592
0.195352
0.093967
0.240682
0.444349
0.261478
0.220325
0.081781
0.233972
0.250398
0.283811
0.390121
0.184515
0.089339
0.491641
0.092481
0.357904
0.127616
0.179319
0.302880
0.127567
0.408547
0.344542
0.135744
0.030983
0.444066
0.180466
0.083242
0.118263
0.360765
0.223953
0.250837
0.207081
0.100110
0.202490
0.321469
0.008754
0.070277
0.343152
0.022605
0.401858
0.057641
0.262163
0.293950
0.253975
0.185481
0.071214
0.096046
0.192729
0.016861
0.141862
0.246056
0.478776
0.277373
0.054472
0.327465
0.550843
0.288107
0.586749
0.236723
0.200802
0.388742
0.527422
0.215449
0.187636
0.243329
0.095419
0.318532
0.498227
0.228610
0.296674
0.091844
0.277142
0.305184
0.308593
0.305202
0.089604
0.041312
0.078193
0.220168
0.734637
0.055070
0.419076
0.295447
0.316821
0.230152
0.393848
0.359682
0.097564
0.285566
0.663224
0.227735
0.268173
0.462063
0.152203
0.032158
0.234931
0.238098
0.295761
0.375569
0.111992
0.194173
0.191010
0.138224
0.462911
0.467864
0.348026
0.195696
0.033120
0.175573
0.015840
0.141919
0.368022
0.124065
0.248816
0.239369
0.273474
0.424023
0.130530
0.297826
0.166920
0.205985
0.187348
0.209228
0.504619
0.065590
0.323514
0.143252
0.181562
0.260462
0.026845
0.209843
0.312580
0.003536
0.419316
0.182774
0.070800
0.214732
0.198457
0.359130
0.226739
0.053348
0.159807
0.206603
0.276308
0.304503
0.294271
0.322564
0.459099
0.013787
0.005270
0.043890
0.203586
0.286832
0.037892
0.027333
0.421738
0.165189
0.084740
0.628963
0.335976
0.436289
0.095454
0.049877
0.254694
0.126730
0.100205
0.280446
0.088557
0.405956
0.277707
0.355871
0.385229
0.081182
0.163212
0.303659
0.099015
0.202052
0.291449
0.054394
0.163927
0.236595
0.055498
0.526227
0.139387
0.230336
0.392309
0.165941
0.089627
0.316507
0.488986
0.081485
0.004489
0.180445
0.167974
0.148667
0.484009
0.255557
0.135615
0.337155
0.341041
0.138681
0.236564
0.095776
0.022526
0.078848
0.110058
0.409390
0.296254
0.062282
0.390702
0.103958
0.300803
0.104545
0.468437
0.123328
0.359934
0.023283
0.290214
0.690080
0.258738
0.236388
0.201347
0.363520
0.538096
0.036045
0.411250
0.019450
0.031330
0.232274
0.107576
0.397761
0.356548
0.063513
0.110601
0.118316
0.205390
0.048248
0.241977
0.342431
0.362905
0.156117
0.102736
0.233323
0.070808
0.459311
0.386848
0.420605
0.622615
0.219383
0.372706
0.165838
0.067103
0.139290
0.258493
0.182245
0.478910
0.178953
0.214878
0.260431
0.332860
0.588707
0.233338
0.175045
0.222105
0.201581
0.415251
0.494939
0.315965
0.330744
0.282869
0.468235
0.147215
0.482629
0.031832
0.175719
0.086055
0.264936
0.094608
0.181433
0.136533
0.071452
0.297576
0.228753
0.094840
0.395872
0.212614
0.001626
0.340414
0.372869
0.252891
0.219479
0.015113
0.110703
0.087715
0.086020
0.268453
0.081790
0.072716
0.338818
0.295334
0.272236
0.207782
0.143342
0.006367
0.184200
0.155763
0.122586
0.252116
0.164674
0.460601
0.221372
0.270114
0.481364
0.557181
0.168176
0.276413
0.203162
0.066489
0.178773
0.065384
0.232229
0.293624
0.065113
0.269784
0.522407
0.520345
0.147902
0.038151
0.121812
0.086898
0.159764
0.474089
0.224968
0.219111
0.045721
0.364357
0.134200
0.192935
0.421348
0.077462
0.216663
0.254191
0.458012
0.121020
0.015853
0.255151
0.191463
0.103075
0.386738
0.224871
0.271493
0.144509
0.661843
0.051506
0.592496
0.118521
0.591309
0.184137
0.281592
0.171128
0.140277
0.028223
0.032684
0.108331
0.220015
0.352715
0.542849
0.392592
0.083332
0.395747
0.360703
0.201514
0.298023
0.155231
0.143045
0.094842
0.013126
0.239711
0.434424
0.196640
0.233753
0.449556
0.421754
0.066242
0.224811
0.244788
0.134417
0.432819
0.338949
0.121341
0.117336
0.293248
0.337651
0.051887
0.269771
0.282277
0.032352
0.445201
0.227856
0.085657
0.207021
0.142861
0.093815
0.220002
0.113629
0.390110
0.222103
0.266152
0.678221
0.457821
0.093221
0.571532
0.102986
0.348240
0.282779
0.256442
0.500459
0.504672
0.110699
0.358659
0.237675
0.141953
0.199982
0.205610
0.365400
0.158995
0.367575
0.394791
0.127036
0.301750
0.177160
0.099408
0.020163
0.095168
0.086282
0.269523
0.468971
0.385673
0.116262
0.275104
0.335728
0.049608
0.145154
0.061634
0.413465
0.225734
0.025645
0.648048
0.215698
0.068321
0.199658
0.340353
0.089574
0.456957
0.344342
0.126382
0.054548
0.074808
0.008904
0.013079
0.036060
0.349855
0.308214
0.572250
0.081969
0.398396
0.385543
0.339399
0.024750
0.331130
0.358445
0.341614
0.487539
0.342393
0.239978
0.050833
0.387625
0.358653
0.123603
0.272862
0.123269
0.171322
0.429522
0.297457
0.292753
0.062332
0.122603
0.257559
0.133666
0.161501
0.443423
0.765026
0.118032
0.602770
0.172958
0.219760
0.420559
0.597777
0.454759
0.574026
0.177606
0.052726
0.242606
0.001576
0.479107
0.370149
0.208652
0.617207
0.017474
0.107809
0.129665
0.124880
0.480219
0.318619
0.383972
0.319436
0.236557
0.166275
0.141805
0.253034
0.142031
0.231293
0.188910
0.310557
0.102240
0.366717
0.109174
0.127380
0.076627
0.181297
0.126695
0.143168
0.264772
0.177389
0.011849
0.107517
0.204748
0.162639
0.175294
0.371954
0.408225
0.426145
0.477825
0.098115
0.193736
0.489024
0.211028
0.521003
0.378199
0.192853
0.004081
0.355467
0.263475
0.325656
0.449750
0.197522
0.034318
0.112957
0.292655
0.205618
0.452552
0.297870
0.133544
0.150749
0.243664
0.593821
0.373673
0.253810
0.227017
0.106619
0.329767
0.449638
0.335547
0.002155
0.109429
0.317464
0.398174
0.648485
0.312877
0.031078
0.075697
0.377332
0.485844
0.308757
0.013348
0.443511
0.279403
0.124869
0.425512
0.090449
0.293589
0.455503
0.480872
0.013981
0.566857
0.209389
0.171954
0.352094
0.453350
0.274321
0.247382
0.220427
0.184817
0.088208
0.086997
0.376284
0.374780
0.629969
0.136375
0.268103
0.173439
0.047831
0.335631
0.510315
0.055821
0.064951
0.577796
0.317378
0.014256
0.543312
0.371228
0.025101
0.300542
0.014972
0.341817
0.126460
0.140945
0.519999
0.000867
0.053333
0.529567
0.129186
0.361778
0.296454
0.222588
0.052241
0.283152
0.332674
0.103057
0.496219
0.380395
0.068125
0.121852
0.002164
0.644866
0.072333
0.048603
0.140054
0.174628
0.045833
0.561229
0.225661
0.115915
0.080589
0.156164
0.592602
0.090244
0.335293
0.605316
0.114709
0.086392
0.128755
0.317913
0.616774
0.018616
0.106994
0.265501
0.030613
0.152434
0.430081
0.096351
0.314838
0.445593
0.225190
0.431558
0.420347
0.085444
0.175792
0.184026
0.293584
0.216522
0.040642
0.255612
0.264051
0.570610
0.088617
0.433521
0.160799
0.078229
0.325592
0.389257
0.086492
0.184315
0.069373
0.173510
0.116756
0.573714
0.105336
0.207561
0.199055
0.200742
0.296243
0.057450
0.242448
0.076683
0.440217
0.080513
0.260241
0.016891
0.065661
0.335907
0.309575
0.047685
0.546818
0.095257
0.223617
0.384010
0.247742
0.234420
0.223232
0.119871
0.176846
0.410156
0.374074
0.359693
0.165719
0.197283
0.040686
0.140948
0.465849
0.248030
0.025615
0.272184
0.168248
0.001438
0.323113
0.110450
0.269876
0.066486
0.150370
0.008927
0.271324
0.032728
0.423728
0.471020
0.077834
0.116934
0.593725
0.295782
0.123842
0.180683
0.437802
0.206290
0.381451
0.296724
0.124605
0.152590
0.169221
0.290084
0.275964
0.381733
0.219802
0.381498
0.053826
0.275349
0.196986
0.107873
0.179154
0.339642
0.012307
0.471366
0.034441
0.106475
0.101049
0.023750
0.107872
0.128465
0.173403
0.146859
0.337545
0.010307
0.575608
0.223373
0.238436
0.211556
0.192762
0.193702
0.061086
0.388743
0.120838
0.125235
0.256928
0.183819
0.141134
0.262777
0.332231
0.406981
0.424932
0.079255
0.118886
0.060648
0.299509
0.395966
0.072741
0.301875
0.028518
0.336733
0.114778
0.403826
0.117941
0.060432
0.158576
0.299512
0.425188
0.229826
0.394220
0.297771
0.385180
0.168143
0.256832
0.525797
0.098586
0.178321
0.368940
0.049691
0.111715
0.150409
0.129307
0.296637
0.010420
0.289922
0.191210
0.515858
0.377827
0.175620
0.419700
0.343193
0.513975
0.047503
0.374052
0.340813
0.226834
0.385904
0.148060
0.313915
0.247430
0.378591
0.122103
0.209306
0.093656
0.262157
0.073947
0.278846
0.288965
0.144574
0.035789
0.242102
0.034356
0.406272
0.144792
0.316880
0.112755
0.371726
0.348286
0.216936
0.478408
0.253174
0.021021
0.002063
0.590674
0.443608
0.062799
0.142765
0.179181
0.002793
0.037990
0.096345
0.064051
0.169382
0.286786
0.249569
0.014977
0.230866
0.380762
0.365141
0.182555
0.376359
0.117200
0.142531
0.213367
0.002806
0.715142
0.146178
0.060022
0.059665
0.276696
0.058095
0.203494
0.049324
0.134691
0.215859
0.361376
0.238922
0.167774
0.109677
0.303729
0.170468
0.255461
0.306148
0.031785
0.405101
0.505547
0.339494
0.032339
0.293914
0.526720
0.159282
0.218187
0.145182
0.204213
0.022261
0.018225
0.145744
0.360648
0.559413
0.217800
0.266060
0.049427
0.036350
0.056663
0.444397
0.424229
0.166633
0.112258
0.165734
0.226815
0.088633
0.411390
0.379429
0.130651
0.093623
0.110563
0.102259
0.296599
0.106423
0.271883
0.525095
0.371058
0.063847
0.008811
0.182314
0.019725
0.302790
0.457807
0.140700
0.387611
0.087904
0.378200
0.121560
0.054120
0.375386
0.199724
0.177902
0.170097
0.249210
0.046927
0.145695
0.201092
0.034286
0.170779
0.381240
0.241288
0.066931
0.465658
0.082462
0.000044
0.163098
0.053814
0.291808
0.294495
0.511233
0.126321
0.582434
0.074301
0.268338
0.271616
0.405593
0.374303
0.040682
0.471940
0.099797
0.417931
0.035913
0.164071
0.290795
0.203795
0.323616
0.414410
0.365397
0.285644
0.138636
0.116555
0.265562
0.447627
0.076583
0.062686
0.277283
0.234847
0.243388
0.094725
0.115918
0.108739
0.131873
0.346828
0.130190
0.003290
0.366975
0.372659
0.435813
0.199988
0.137128
0.189567
0.108779
0.354625
0.352105
0.336918
0.035374
0.290714
0.091315
0.383844
0.410528
0.341429
0.752328
0.237651
0.231222
0.516908
0.145963
0.302176
0.490623
0.230228
0.333165
0.317298
0.113083
0.098514
0.305275
0.299932
0.092829
0.019637
0.164203
0.010075
0.663069
0.257317
0.387468
0.561093
0.242672
0.445712
0.245493
0.229706
0.135501
0.335302
0.512586
0.101952
0.270842
0.177232
0.136942
0.532068
0.171093
0.233456
0.190551
0.109901
0.545160
0.399914
0.289019
0.113733
0.052435
0.286509
0.129065
0.115708
0.317181
0.116918
0.236561
0.185395
0.082977
0.359251
0.134515
0.107213
0.160442
0.299240
0.260117
0.023799
0.393574
0.190508
0.121239
0.422933
0.132974
0.338892
0.116839
0.150640
0.238027
0.178325
0.455151
0.217520
0.172211
0.055827
0.489896
0.170094
0.088773
0.073546
0.453126
0.170316
0.303722
0.322016
0.157446
0.207131
0.440114
0.123486
0.122770
0.284922
0.000879
0.498306
0.025621
0.399385
0.326831
0.244269
0.322338
0.018315
0.260804
0.185653
0.108120
0.161733
0.147546
0.440845
0.360530
0.046670
0.318274
0.565778
0.122646
0.572875
0.065557
0.185402
0.447905
0.440905
0.218620
0.299916
0.248008
0.063640
0.183962
0.432271
0.261622
0.279113
0.028317
0.316626
0.306305
0.542684
0.328748
0.068369
0.095410
0.044222
0.203371
0.577208
0.174274
0.518298
0.308429
0.410881
0.103552
0.432037
0.444069
0.064817
0.123023
0.694563
0.211514
0.292216
0.684545
0.140655
0.103679
0.246528
0.246991
0.308546
0.338459
0.008556
0.030799
0.137747
0.061231
0.476460
0.326385
0.252236
0.346042
0.102512
0.007067
0.012567
0.344393
0.227667
0.208057
0.123538
0.107466
0.069439
0.311865
0.363297
0.436962
0.143569
0.225036
0.103548
0.270775
0.556695
0.146548
0.334789
0.116527
0.170581
0.302973
0.037954
0.113656
0.293416
0.111393
0.345300
0.158194
0.143087
0.208051
0.294215
0.532605
0.244497
0.033907
0.007825
0.254034
0.184248
0.186477
0.166322
0.273713
0.507497
0.016132
0.074222
0.126396
0.105210
0.187204
0.092503
0.023890
0.464804
0.283383
0.133538
0.524720
0.219320
0.366647
0.091215
0.027752
0.156074
0.189316
0.198810
0.251315
0.306111
0.236398
0.430853
0.317384
0.389709
0.205323
0.028552
0.255676
0.080419
0.084243
0.359559
0.183005
0.067342
0.190249
0.065634
0.518564
0.188888
0.186501
0.531172
0.211339
0.080589
0.317629
0.317641
0.044245
0.070462
0.036809
0.248438
0.167215
0.559519
0.356297
0.071506
0.347142
0.262906
0.403522
0.229490
0.156277
0.124005
0.196390
0.036215
0.458591
0.165916
0.048019
0.398184
0.198450
0.430234
0.130853
0.430823
0.096480
0.412461
0.090649
0.286758
0.835765
0.126589
0.241219
0.190146
0.381958
0.473101
0.123165
0.532897
0.046594
0.069311
0.214037
0.137469
0.273020
0.298557
0.115146
0.216984
0.240586
0.152466
0.038651
0.183936
0.276237
0.415616
0.107015
0.091909
0.166540
0.008014
0.357703
0.423125
0.554906
0.529204
0.232138
0.367273
0.184859
0.043635
0.112253
0.220423
0.130377
0.356321
0.273880
0.218496
0.158644
0.429157
0.571435
0.227085
0.256489
0.190038
0.192552
0.632611
0.506558
0.344905
0.319893
0.236218
0.517427
0.111742
0.556245
0.069143
0.082094
0.046089
0.257353
0.099217
0.208135
0.143603
0.032371
0.234425
0.280620
0.064031
0.429773
0.151601
0.032753
0.364989
0.201286
0.233417
0.228829
0.005011
0.076952
0.155178
0.257973
0.315085
0.061858
0.095641
0.386701
0.275805
0.386287
0.194748
0.280863
0.011716
0.161315
0.192333
0.028776
0.201476
0.117248
0.530677
0.172481
0.288942
0.260164
0.594810
0.033833
0.195301
0.142888
0.220327
0.013487
0.057364
0.365047
0.247289
0.175309
0.170744
0.355239
0.553582
0.107400
0.074213
0.151246
0.013229
0.161008
0.607592
0.256043
0.194725
0.021231
0.453771
0.057560
0.355990
0.412439
0.021538
0.294427
0.232406
0.518891
0.205237
0.196625
0.107328
0.147485
0.159722
0.312340
0.377821
0.294859
0.164324
0.640815
0.009786
0.612169
0.176437
0.580657
0.125691
0.204681
0.120086
0.010795
0.033573
0.108392
0.227499
0.275536
0.333795
0.477153
0.351324
0.018431
0.477016
0.337379
0.367227
0.445396
0.228261
0.179564
0.025877
0.041019
0.329117
0.312252
0.314210
0.133441
0.392798
0.495760
0.112052
0.176803
0.299052
0.013578
0.487892
0.453288
0.174219
0.189467
0.166018
0.249714
0.014722
0.347109
0.310014
0.074409
0.382814
0.254429
0.163701
0.112399
0.145562
0.140166
0.240339
0.292014
0.375411
0.207906
0.267556
0.531038
0.358422
0.052757
0.496998
0.117460
0.292648
0.346792
0.477381
0.426460
0.579155
0.115752
0.290418
0.172657
0.099900
0.259531
0.179605
0.505813
0.222426
0.401084
0.312251
0.146887
0.391505
0.303200
0.064825
0.079653
0.220146
0.242828
0.333452
0.587224
0.324119
0.114264
0.288756
0.282356
0.138301
0.153085
0.288928
0.622715
0.125145
0.165377
0.534981
0.286698
0.008402
0.244319
0.372438
0.092565
0.444042
0.368724
0.241851
0.171803
0.045570
0.114575
0.014593
0.005076
0.399488
0.399615
0.483085
0.190692
0.426325
0.434843
0.382631
0.021483
0.168519
0.188287
0.417308
0.397435
0.280133
0.110532
0.085918
0.503510
0.429671
0.035946
0.234239
0.306349
0.089218
0.461074
0.065118
0.208254
0.182094
0.102368
0.111883
0.208243
0.136678
0.438750
0.552889
0.092880
0.590805
0.186296
0.144872
0.450059
0.738945
0.631702
0.481041
0.225281
0.086194
0.233750
0.059036
0.416159
0.374052
0.210192
0.605358
0.118434
0.247253
0.167235
0.148930
0.566613
0.337901
0.357685
0.416694
0.161242
0.006995
0.158863
0.308951
0.241278
0.263908
0.126281
0.303426
0.060439
0.496879
0.110309
0.235907
0.095957
0.373535
0.162076
0.195423
0.283088
0.219139
0.014001
0.120356
0.057111
0.194531
0.178123
0.366388
0.348070
0.519908
0.557410
0.244644
0.231450
0.376383
0.151564
0.479249
0.384333
0.207467
0.009032
0.214126
0.181454
0.365803
0.348735
0.133367
0.092176
0.140366
0.349122
0.300395
0.422368
0.265558
0.089885
0.113156
0.361616
0.600480
0.192228
0.168926
0.231554
0.005060
0.144549
0.520183
0.226532
0.016056
0.049902
0.265546
0.256283
0.661201
0.289122
0.181572
0.056622
0.372052
0.446362
0.237093
0.028845
0.345909
0.108827
0.150318
0.378243
0.128048
0.137542
0.571912
0.533847
0.021970
0.541719
0.158915
0.151153
0.312128
0.396251
0.374617
0.325074
0.383549
0.294034
0.114730
0.150718
0.355621
0.418483
0.577587
0.261210
0.221546
0.091788
0.039948
0.411051
0.504923
0.107850
0.050747
0.463675
0.324506
0.040289
0.401418
0.432062
0.039977
0.480873
0.056498
0.280632
0.214351
0.073658
0.508439
0.059252
0.191653
0.486232
0.080738
0.350308
0.242707
0.130769
0.125037
0.290655
0.357809
0.222139
0.545144
0.325187
0.214582
0.033598
0.078342
0.515125
0.219544
0.103809
0.245857
0.109265
0.004557
0.326442
0.265299
0.000815
0.049593
0.244596
0.537016
0.029471
0.410661
0.461142
0.233873
0.052679
0.107103
0.265728
0.593724
0.128751
0.127547
0.222366
0.078834
0.186388
0.306743
0.055067
0.346261
0.418118
0.034288
0.414140
0.321809
0.053935
0.152993
0.294454
0.342454
0.008251
0.036872
0.262201
0.202534
0.522823
0.107749
0.619038
0.261303
0.090939
0.238238
0.436070
0.246038
0.230603
0.023348
0.172762
0.247459
0.448001
0.159823
0.312248
0.057342
0.177853
0.199471
0.020439
0.311287
0.076787
0.414719
0.241667
0.137375
0.089821
0.067152
0.242580
0.160900
0.042654
0.542322
0.140297
0.129861
0.296763
0.275993
0.266519
0.228182
0.106813
0.173395
0.479305
0.421866
0.516916
0.368585
0.205365
0.049286
0.208096
0.512562
0.097641
0.027202
0.455807
0.214994
0.066939
0.274291
0.030658
0.297716
0.046214
0.110309
0.020120
0.390247
0.029606
0.621134
0.440775
0.032646
0.044557
0.528606
0.171499
0.237703
0.196888
0.260886
0.178987
0.216635
0.435381
0.121347
0.215429
0.241847
0.380094
0.272919
0.339369
0.356173
0.473800
0.001765
0.343301
0.144700
0.184618
0.237843
0.512768
0.045904
0.544893
0.013276
0.179762
0.241924
0.151149
0.132353
0.082481
0.104560
0.189710
0.363322
0.033143
0.470066
0.287624
0.066635
0.173802
0.015769
0.435360
0.137108
0.406832
0.070725
0.180403
0.267686
0.107041
0.211948
0.171198
0.234094
0.217656
0.481975
0.136022
0.008028
0.055702
0.376270
0.164658
0.113607
0.096257
0.140106
0.123499
0.150602
0.345069
0.156335
0.237264
0.151585
0.216280
0.387124
0.108157
0.465588
0.441347
0.262892
0.176038
0.338182
0.559857
0.002103
0.146013
0.340158
0.120088
0.095146
0.061402
0.108865
0.332198
0.054895
0.294618
0.265406
0.450392
0.322504
0.110302
0.399545
0.279396
0.541673
0.032749
0.438430
0.293831
0.111901
0.370357
0.138666
0.463954
0.244415
0.357558
0.177598
0.290583
0.067898
0.213697
0.073408
0.252618
0.216859
0.152494
0.047985
0.242984
0.106404
0.441412
0.083290
0.300149
0.190359
0.381032
0.194076
0.176007
0.366308
0.188818
0.103292
0.016739
0.655566
0.417157
0.100848
0.124413
0.250407
0.013152
0.161328
0.011023
0.117533
0.205331
0.337512
0.141948
0.009303
0.255019
0.521293
0.393402
0.057850
0.348008
0.056255
0.221129
0.338931
0.008624
0.625722
0.197354
0.017599
0.037652
0.289224
0.168649
0.189093
0.143612
0.136468
0.278482
0.392631
0.280164
0.307898
0.112296
0.350001
0.018902
0.218366
0.197401
0.099848
0.417260
0.428132
0.444416
0.020115
0.231910
0.558488
0.174802
0.173206
0.025311
0.345463
0.079426
0.068665
0.139833
0.410655
0.428760
0.180383
0.430032
0.109447
0.044254
0.064233
0.329623
0.428253
0.152176
0.170296
0.138333
0.229651
0.052599
0.267997
0.292856
0.218603
0.197044
0.066265
0.039258
0.383404
0.327751
0.206245
0.605466
0.244518
0.142317
0.076462
0.021979
0.075673
0.178160
0.362251
0.058721
0.476329
0.172738
0.205795
0.156883
0.057644
0.371056
0.124038
0.359595
0.130067
0.320794
0.035114
0.040918
0.126860
0.110432
0.092491
0.298187
0.146002
0.126834
0.572198
0.034319
0.066210
0.144958
0.012026
0.272402
0.207799
0.532845
0.185146
0.740630
0.054914
0.365012
0.286246
0.454568
0.419258
0.140920
0.446421
0.040010
0.360850
0.112974
0.142684
0.310145
0.223804
0.415002
0.493252
0.347275
0.296639
0.205136
0.042629
0.265227
0.373531
0.064985
0.172277
0.299979
0.233840
0.137889
0.003195
0.076202
0.074750
0.214865
0.262591
0.085360
0.068384
0.411805
0.400838
0.269803
0.215250
0.207109
0.154995
0.010961
0.597635
0.245513
0.254192
0.184624
0.397288
0.009760
0.423426
0.448883
0.483542
0.590759
0.251675
0.247197
0.386266
0.033759
0.182761
0.481434
0.288519
0.376970
0.380142
0.107206
0.016605
0.263897
0.247119
0.074965
0.101002
0.184359
0.015897
0.528861
0.182592
0.337217
0.651428
0.027521
0.369307
0.277631
0.266864
0.086069
0.274126
0.435272
0.082717
0.289172
0.218762
0.370619
0.709081
0.264658
0.253080
0.183070
0.179939
0.442859
0.378757
0.208413
0.151186
0.023197
0.471604
0.133018
0.110254
0.613871
0.023937
0.263423
0.257700
0.020258
0.231483
0.065347
0.036467
0.194175
0.374756
0.286778
0.269016
0.385473
0.216463
0.162757
0.382733
0.109573
0.304683
0.143287
0.123707
0.148379
0.160107
0.477928
0.071796
0.150078
0.055181
0.484225
0.146483
0.006191
0.000322
0.571966
0.115232
0.360531
0.343903
0.262065
0.191879
0.501513
0.154133
0.111214
0.205793
0.052506
0.516222
0.137669
0.527708
0.400557
0.169904
0.385901
0.023141
0.428576
0.217111
0.245100
0.166293
0.019440
0.331655
0.384835
0.141198
0.242956
0.511787
0.051994
0.470658
0.093398
0.105240
0.476300
0.366726
0.191118
0.290635
0.259967
0.213683
0.021273
0.299986
0.261206
0.234933
0.038214
0.309257
0.280263
0.700492
0.314420
0.116349
0.118191
0.014915
0.165556
0.324808
0.238396
0.550213
0.335726
0.381834
0.014232
0.386060
0.507301
0.079239
0.018177
0.631699
0.238438
0.290166
0.738804
0.089983
0.029326
0.293065
0.231687
0.234746
0.259069
0.185459
0.089431
0.100473
0.262222
0.458261
0.178315
0.132053
0.402489
0.259048
0.201085
0.057202
0.553852
0.155346
0.312019
0.056626
0.124697
0.112796
0.158406
0.469314
0.485065
0.127929
0.159775
0.054990
0.245104
0.448518
0.335069
0.297933
0.101305
0.127374
0.374191
0.085683
0.096540
0.260634
0.199288
0.209003
0.187488
0.187973
0.267897
0.378139
0.640263
0.218696
0.048946
0.190776
0.274536
0.101415
0.054313
0.051590
0.235722
0.545067
0.088002
0.112848
0.214114
0.022483
0.093057
0.240420
0.092556
0.384160
0.354462
0.199032
0.361460
0.060695
0.261658
0.038759
0.118892
0.120496
0.328539
0.192339
0.176960
0.404749
0.137194
0.505422
0.243902
0.323235
0.245818
0.084460
0.185444
0.060971
0.096004
0.424454
0.272935
0.023074
0.136550
0.060679
0.500395
0.148860
0.179867
0.588474
0.168162
0.005227
0.373529
0.195017
0.070958
0.174528
0.176375
0.312615
0.128472
0.552444
0.428903
0.086124
0.315602
0.152183
0.595340
0.206929
0.231114
0.107304
0.195631
0.241202
0.476438
0.032806
0.017265
0.387775
0.290379
0.465852
0.189681
0.290080
0.018058
0.458472
0.166278
0.304968
0.758599
0.029243
0.162838
0.095458
0.378208
0.360604
0.181771
0.546000
0.054610
0.151101
0.185235
0.166300
0.147343
0.260099
0.118016
0.337813
0.369086
0.088184
0.022029
0.144630
0.249996
0.428206
0.109747
0.076995
0.082588
0.114906
0.232162
0.332201
0.617001
0.404629
0.244228
0.337680
0.251443
0.095356
0.149821
0.128664
0.068227
0.220344
0.359920
0.204822
0.088559
0.484505
0.514797
0.154486
0.214905
0.159761
0.094419
0.730660
0.434020
0.307913
0.300682
0.143707
0.454286
0.082379
0.567075
0.122141
0.016680
0.072060
0.192448
0.142181
0.287394
0.339526
0.004684
0.260133
0.269160
0.006465
0.437565
0.199005
0.015835
0.369840
0.007919
0.238308
0.262675
0.040458
0.036257
0.161147
0.386578
0.352547
0.268322
0.215254
0.365986
0.274742
0.462061
0.173644
0.317447
0.006440
0.153592
0.235529
0.059453
0.153614
0.019826
0.539953
0.148038
0.346103
0.048614
0.547735
0.115476
0.096172
0.041068
0.318383
0.195750
0.029257
0.454925
0.136805
0.277202
0.031197
0.205326
0.598439
0.104373
0.157022
0.129758
0.090423
0.089391
0.654868
0.306688
0.143578
0.019064
0.487502
0.011181
0.462567
0.310112
0.035374
0.315860
0.109023
0.540363
0.268047
0.387015
0.025902
0.120772
0.256958
0.159688
0.539123
0.305525
0.123869
0.564393
0.028041
0.581750
0.168696
0.485930
0.088551
0.084298
0.016048
0.072005
0.012442
0.219467
0.347892
0.322713
0.342108
0.383585
0.276578
0.000118
0.448116
0.291294
0.451405
0.473273
0.238083
0.219183
0.008219
0.094203
0.408420
0.185910
0.388845
0.009958
0.310943
0.481532
0.166698
0.150701
0.339705
0.113505
0.499949
0.512508
0.166929
0.242698
0.071847
0.150787
0.089297
0.424794
0.351603
0.071454
0.358097
0.364936
0.305081
0.039240
0.131465
0.181902
0.236954
0.445441
0.336000
0.220774
0.276877
0.238477
0.274690
0.004065
0.379216
0.163481
0.259085
0.388473
0.642443
0.260828
0.607547
0.103429
0.170662
0.109068
0.067849
0.331638
0.185408
0.583861
0.192373
0.347585
0.268604
0.162256
0.470145
0.359690
0.075104
0.172924
0.346842
0.369267
0.349434
0.695504
0.237751
0.133805
0.300830
0.159588
0.242776
0.139141
0.432001
0.830363
0.079592
0.249604
0.424676
0.357411
0.065905
0.289036
0.424148
0.156390
0.378330
0.456826
0.278214
0.234941
0.030327
0.229715
0.016474
0.045611
0.481855
0.412410
0.307874
0.259274
0.408144
0.492660
0.392834
0.000350
0.013374
0.074144
0.442551
0.345097
0.214692
0.086283
0.128130
0.526426
0.520709
0.144965
0.202775
0.456061
0.013340
0.409125
0.134909
0.090820
0.221228
0.007413
0.039965
0.282153
0.102437
0.467447
0.269881
0.023899
0.497457
0.216183
0.032680
0.393042
0.759300
0.741155
0.359618
0.272187
0.081927
0.229769
0.133540
0.343510
0.403814
0.164290
0.543290
0.243088
0.377040
0.190133
0.149292
0.611254
0.280212
0.307154
0.429071
0.117248
0.171043
0.160618
0.348099
0.210202
0.329599
0.083680
0.340324
0.191142
0.507218
0.131753
0.275885
0.153335
0.535220
0.242790
0.238640
0.276754
0.185762
0.058233
0.116564
0.120467
0.097127
0.159191
0.330955
0.311700
0.563992
0.561816
0.365588
0.323668
0.223956
0.015737
0.429108
0.337647
0.183027
0.042840
0.080103
0.164546
0.357650
0.263278
0.039582
0.234942
0.163251
0.326903
0.370616
0.274827
0.288740
0.121738
0.109407
0.452182
0.565696
0.109658
0.052291
0.281778
0.045542
0.037899
0.564747
0.100566
0.007045
0.207455
0.225581
0.094663
0.633566
0.252173
0.308987
0.148843
0.322941
0.448477
0.086674
0.043887
0.226471
0.018216
0.195815
0.353546
0.116217
0.027240
0.554697
0.521040
0.051854
0.448369
0.066170
0.145256
0.192930
0.344825
0.391554
0.290971
0.565067
0.454667
0.100901
0.210728
0.310068
0.456958
0.448111
0.390293
0.261836
0.010991
0.120483
0.430228
0.446485
0.237584
0.031784
0.322218
0.286467
0.053989
0.238333
0.423308
0.025447
0.550428
0.127561
0.199162
0.259653
0.013679
0.485370
0.102461
0.286631
0.350960
0.028499
0.325434
0.231842
0.054142
0.226555
0.240885
0.355427
0.283272
0.481342
0.238218
0.264784
0.005289
0.136071
0.300638
0.334964
0.157184
0.348406
0.001060
0.077298
0.101865
0.155853
0.077107
0.024870
0.403904
0.470810
0.057158
0.452773
0.309019
0.326081
0.129607
0.117719
0.134385
0.529204
0.196844
0.136588
0.160977
0.208815
0.198824
0.185944
0.235297
0.277440
0.438407
0.109258
0.411834
0.284569
0.174229
0.099267
0.384172
0.377061
0.253963
0.066853
0.292283
0.211653
0.428699
0.109546
0.670228
0.365428
0.050054
0.102648
0.463015
0.320446
0.290440
0.085898
0.154552
0.350190
0.379575
0.189117
0.452535
0.053507
0.202150
0.118982
0.026223
0.245052
0.216449
0.396943
0.381829
0.140274
0.184753
0.107515
0.193941
0.062306
0.133556
0.470307
0.184206
0.077000
0.169871
0.246433
0.304072
0.202467
0.131388
0.131437
0.478098
0.399965
0.601332
0.490474
0.277736
0.082473
0.299089
0.539309
0.072260
0.043334
0.605739
0.249952
0.160496
0.216937
0.060938
0.304313
0.040894
0.082752
0.068026
0.420330
0.053540
0.712592
0.442995
0.045050
0.227260
0.407598
0.010317
0.354673
0.250199
0.056302
0.096095
0.080017
0.533826
0.133258
0.277681
0.320579
0.427883
0.295331
0.298824
0.398154
0.453736
0.036495
0.419338
0.139939
0.227636
0.255539
0.570526
0.107695
0.516255
0.161794
0.238313
0.390447
0.223620
0.203327
0.068588
0.103705
0.212191
0.314200
0.074709
0.351510
0.316570
0.002785
0.139592
0.082338
0.680389
0.173266
0.397078
0.269310
0.130230
0.287424
0.023469
0.307479
0.104606
0.127557
0.033421
0.548996
0.213099
0.063408
0.021238
0.453379
0.129204
0.127112
0.091181
0.275700
0.047614
0.196852
0.319562
0.128668
0.381331
0.094841
0.136638
0.329983
0.026050
0.534649
0.490932
0.104572
0.141521
0.379654
0.540660
0.151417
0.049124
0.324640
0.137220
0.040702
0.061239
0.116584
0.398139
0.151927
0.267003
0.285644
0.387423
0.295419
0.056288
0.237351
0.174713
0.568271
0.073354
0.485469
0.297944
0.037534
0.372564
0.086070
0.624475
0.178004
0.255914
0.223501
0.272767
0.306488
0.253681
0.010461
0.255103
0.100569
0.160580
0.244131
0.216526
0.225824
0.415643
0.024959
0.329705
0.222179
0.368322
0.073595
0.184597
0.218724
0.182858
0.246526
0.029416
0.578784
0.315906
0.248078
0.016216
0.261364
0.041052
0.264655
0.040529
0.186003
0.225198
0.287688
0.062118
0.034804
0.291476
0.621538
0.440686
0.001717
0.271530
0.043918
0.209797
0.455242
0.011059
0.418501
0.212754
0.125033
0.128658
0.284046
0.293628
0.183416
0.283712
0.132568
0.299412
0.374741
0.216216
0.440727
0.151112
0.430015
0.167961
0.212056
0.070883
0.218484
0.364180
0.276265
0.489437
0.014029
0.269567
0.556113
0.127639
0.183259
0.177591
0.442463
0.140337
0.097922
0.188282
0.431708
0.271089
0.222893
0.567759
0.214124
0.015883
0.001732
0.262635
0.362815
0.045114
0.281777
0.110745
0.202077
0.055169
0.113736
0.182559
0.326566
0.226730
0.012043
0.007278
0.463254
0.601535
0.139219
0.617561
0.077957
0.172918
0.170714
0.185746
0.061637
0.077464
0.337107
0.042147
0.469942
0.208617
0.097406
0.232781
0.045813
0.377466
0.038670
0.438502
0.075730
0.361724
0.121383
0.042984
0.027991
0.193947
0.011644
0.129506
0.054619
0.183217
0.577570
0.168349
0.151774
0.154183
0.020851
0.199157
0.165949
0.514500
0.288402
0.688899
0.041438
0.402727
0.241729
0.470477
0.438964
0.186238
0.401011
0.006612
0.238546
0.260634
0.111726
0.324585
0.277515
0.474900
0.499659
0.360192
0.330597
0.242946
0.207974
0.256261
0.218301
0.100133
0.237568
0.320179
0.220375
0.112864
0.118446
0.115213
0.022863
0.375347
0.187397
0.092992
0.118111
0.476374
0.424460
0.086676
0.173930
0.254285
0.106559
0.056334
0.631313
0.149019
0.088108
0.384822
0.391451
0.093144
0.434151
0.416761
0.634330
0.436520
0.192076
0.249972
0.262248
0.145547
0.015786
0.408823
0.329014
0.402352
0.460925
0.257590
0.082280
0.184089
0.244053
0.143493
0.191984
0.165817
0.051804
0.390569
0.170922
0.247767
0.619146
0.199086
0.321284
0.286002
0.324423
0.013412
0.200630
0.341708
0.049764
0.359941
0.218126
0.567542
0.769877
0.319880
0.285338
0.203959
0.195583
0.251986
0.385321
0.056856
0.218377
0.005653
0.530292
0.108068
0.110847
0.794553
0.236846
0.270255
0.288031
0.129797
0.085742
0.029026
0.033454
0.280213
0.416927
0.350865
0.491076
0.336922
0.291537
0.154878
0.304912
0.024453
0.266356
0.183143
0.051339
0.045329
0.141152
0.404863
0.134166
0.234308
0.061586
0.426621
0.093832
0.030464
0.097922
0.606067
0.006729
0.380761
0.287177
0.324845
0.165293
0.499932
0.118923
0.032665
0.143798
0.122193
0.481501
0.238141
0.685628
0.395905
0.070960
0.357753
0.071137
0.568254
0.175098
0.409105
0.153365
0.142963
0.255433
0.367329
0.288493
0.107896
0.379584
0.152444
0.339745
0.241941
0.011507
0.468664
0.279939
0.176190
0.244251
0.252381
0.373867
0.214748
0.216908
0.275706
0.211620
0.064152
0.380630
0.246657
0.731980
0.282547
0.178962
0.115939
0.022911
0.130502
0.003651
0.315324
0.480140
0.354409
0.291153
0.073702
0.369274
0.572993
0.137224
0.120151
0.499545
0.195714
0.189194
0.624558
0.056958
0.048008
0.344821
0.234974
0.194707
0.146176
0.383194
0.155182
0.063270
0.409345
0.389607
0.008877
0.010025
0.378855
0.462110
0.342532
0.063188
0.677334
0.040285
0.349644
0.253224
0.405636
0.259668
0.026749
0.464457
0.464429
0.171272
0.116928
0.019243
0.192656
0.320405
0.421327
0.296304
0.110304
0.108042
0.394602
0.056940
0.034950
0.262634
0.224349
0.092269
0.214610
0.223032
0.243981
0.453585
0.673203
0.221366
0.055470
0.329356
0.329170
0.088989
0.117835
0.159638
0.187493
0.583915
0.143013
0.140243
0.343785
0.031087
0.021487
0.355747
0.122900
0.309175
0.502100
0.186279
0.231697
0.068675
0.161615
0.051052
0.217252
0.084822
0.467808
0.179892
0.167053
0.372515
0.067540
0.563722
0.179713
0.229598
0.296683
0.132613
0.133247
0.013524
0.352353
0.495729
0.316840
0.089608
0.118538
0.014424
0.539698
0.047278
0.209595
0.577066
0.098844
0.142495
0.401954
0.147653
0.127992
0.247475
0.341940
0.349878
0.145429
0.462320
0.472321
0.045074
0.299033
0.129180
0.639476
0.117928
0.298560
0.097506
0.177757
0.382024
0.470125
0.103402
0.115952
0.378460
0.359602
0.376039
0.250468
0.181045
0.074917
0.444727
0.248012
0.301559
0.601191
0.174716
0.033574
0.011457
0.424388
0.204333
0.206652
0.490918
0.000947
0.150006
0.130697
0.211623
0.034996
0.185971
0.038229
0.342554
0.410147
0.014768
0.047239
0.173752
0.276373
0.374610
0.151642
0.146998
0.020401
0.242348
0.038498
0.260665
0.549738
0.227410
0.213593
0.311807
0.315253
0.189531
0.214759
0.001118
0.007265
0.027590
0.478048
0.235197
0.083691
0.508905
0.337135
0.082690
0.124394
0.151737
0.039007
0.673814
0.281341
0.233102
0.332011
0.026835
0.379807
0.020996
0.534566
0.099570
0.109733
0.102576
0.157942
0.141504
0.373270
0.426300
0.027409
0.339645
0.259474
0.122481
0.357888
0.238969
0.038583
0.310164
0.246993
0.207568
0.308553
0.004283
0.034788
0.054818
0.538127
0.319047
0.434571
0.243547
0.267476
0.333410
0.543701
0.109827
0.319499
0.038927
0.205615
0.305962
0.143683
0.133451
0.106902
0.434241
0.108582
0.396165
0.056820
0.465632
0.261055
0.025476
0.015417
0.347702
0.335439
0.004978
0.582543
0.086589
0.326064
0.055645
0.006744
0.548404
0.146986
0.178719
0.124938
0.093901
0.016491
0.558926
0.324453
0.087238
0.025504
0.471510
0.058127
0.496304
0.126729
0.105814
0.238150
0.008443
0.525461
0.398742
0.525186
0.040644
0.085171
0.299640
0.032346
0.635639
0.380013
0.061975
0.450640
0.028743
0.477955
0.185067
0.329095
0.096533
0.015382
0.063706
0.097282
0.012025
0.344290
0.440856
0.424574
0.378396
0.242482
0.173107
0.106807
0.395596
0.213097
0.462583
0.385173
0.251805
0.246046
0.055417
0.093059
0.387135
0.058821
0.345324
0.149318
0.212601
0.412799
0.236600
0.088030
0.305330
0.243036
0.485804
0.503239
0.130396
0.271223
0.045198
0.115658
0.153658
0.477349
0.322121
0.047300
0.341849
0.379222
0.446220
0.003052
0.131089
0.224649
0.257501
0.461566
0.331006
0.180728
0.288934
0.024180
0.246002
0.097597
0.198510
0.174690
0.256816
0.413935
0.613693
0.102058
0.589413
0.073793
0.008190
0.090228
0.089575
0.391884
0.189184
0.622301
0.129803
0.289687
0.182232
0.184677
0.455727
0.297827
0.195395
0.166108
0.453744
0.450701
0.339305
0.566859
0.140239
0.163631
0.240820
0.011233
0.366673
0.176443
0.458464
0.839133
0.057379
0.311987
0.316891
0.433271
0.153511
0.324681
0.478192
0.235965
0.297598
0.502628
0.263430
0.260688
0.032526
0.383581
0.016261
0.196900
0.462149
0.414862
0.183527
0.315705
0.276913
0.525343
0.370260
0.042352
0.108996
0.027992
0.430495
0.244347
0.061022
0.123252
0.141175
0.394485
0.560988
0.245346
0.188409
0.548138
0.163339
0.280076
0.333211
0.007053
0.304044
0.128816
0.181944
0.309640
0.102969
0.493688
0.063187
0.123968
0.382381
0.173361
0.096532
0.298686
0.619546
0.763244
0.172649
0.301287
0.113696
0.174620
0.172805
0.293976
0.305687
0.004007
0.461988
0.283189
0.518198
0.170351
0.113036
0.621203
0.223030
0.252860
0.334498
0.125519
0.371483
0.118345
0.352705
0.158175
0.334656
0.041723
0.361181
0.303158
0.479786
0.205089
0.287893
0.208276
0.606093
0.369421
0.285164
0.251112
0.134322
0.087223
0.111804
0.341446
0.030044
0.122388
0.339015
0.174229
0.592567
0.505300
0.427417
0.361468
0.086066
0.164686
0.404973
0.225096
0.177519
0.079629
0.018381
0.118782
0.327360
0.166135
0.049796
0.312585
0.151912
0.348080
0.389032
0.064283
0.314872
0.137139
0.039738
0.494797
0.445126
0.040601
0.061176
0.304333
0.073073
0.180225
0.478539
0.048399
0.022489
0.298693
0.232251
0.005526
0.493584
0.208732
0.314131
0.214033
0.172945
0.509374
0.046206
0.116726
0.141216
0.042051
0.211150
0.277978
0.077949
0.158278
0.480700
0.593029
0.102268
0.268934
0.003775
0.111607
0.144449
0.223743
0.368847
0.239080
0.681073
0.562570
0.011881
0.223620
0.222190
0.404300
0.289140
0.477120
0.287773
0.111063
0.214128
0.466257
0.399358
0.348831
0.001034
0.175386
0.169704
0.020771
0.030934
0.352283
0.038232
0.609596
0.160024
0.009189
0.259683
0.106285
0.347124
0.147911
0.364383
0.291022
0.113887
0.245697
0.170351
0.001936
0.348677
0.205794
0.356373
0.263721
0.389838
0.175805
0.331554
0.009556
0.169421
0.121245
0.401454
0.208375
0.417052
0.145192
0.142152
0.132639
0.036819
0.113116
0.098180
0.496542
0.309188
0.104060
0.455942
0.135658
0.342867
0.278816
0.112219
0.027365
0.464364
0.257994
0.122714
0.064765
0.316230
0.242462
0.086561
0.419123
0.225794
0.321879
0.177056
0.409055
0.217930
0.243104
0.063502
0.407747
0.342499
0.475491
0.102012
0.315226
0.198718
0.291612
0.096896
0.608250
0.488744
0.081603
0.058558
0.427354
0.366412
0.360242
0.122330
0.215363
0.365069
0.201807
0.278697
0.501413
0.136560
0.236349
0.051205
0.016315
0.174451
0.319973
0.372959
0.472637
0.126561
0.281402
0.156883
0.081293
0.048977
0.211953
0.318041
0.240598
0.092038
0.084926
0.149776
0.295675
0.176849
0.151250
0.068767
0.416136
0.366203
0.598247
0.529082
0.350553
0.054443
0.424715
0.470167
0.217531
0.151280
0.645123
0.331283
0.175939
0.121833
0.122665
0.310059
0.118468
0.047456
0.067997
0.329733
0.121062
0.679428
0.397124
0.125800
0.392987
0.222824
0.203748
0.477300
0.253156
0.076202
0.018022
0.001537
0.606354
0.089767
0.311425
0.384492
0.513039
0.258029
0.240578
0.429327
0.432635
0.062646
0.446976
0.117533
0.268178
0.258023
0.536359
0.161915
0.407721
0.243337
0.336667
0.490550
0.248042
0.358986
0.040890
0.132846
0.338851
0.245181
0.143225
0.273074
0.310124
0.008462
0.011878
0.209076
0.822751
0.115238
0.343223
0.428284
0.053944
0.387769
0.123961
0.327840
0.083146
0.085265
0.173553
0.580385
0.284461
0.057784
0.110049
0.479139
0.416128
0.161131
0.326678
0.384635
0.125597
0.200972
0.313836
0.090839
0.526431
0.042067
0.029190
0.268361
0.096893
0.536001
0.467409
0.019707
0.132351
0.350001
0.482576
0.203387
0.063340
0.272217
0.276661
0.026712
0.107174
0.114601
0.407578
0.302306
0.250461
0.258958
0.312390
0.313297
0.022265
0.035555
0.039305
0.507414
0.161695
0.469687
0.342216
0.164504
0.283697
0.053606
0.605173
0.101396
0.167583
0.274315
0.167869
0.500456
0.327673
0.023264
0.249123
0.062636
0.233925
0.457656
0.249858
0.351347
0.403550
0.025658
0.347112
0.227494
0.322216
0.029249
0.200854
0.042036
0.182961
0.308228
0.081236
0.420277
0.199070
0.418136
0.154168
0.275137
0.060771
0.317234
0.056314
0.246212
0.239895
0.227052
0.009385
0.089541
0.303916
0.617426
0.440762
0.044449
0.175890
0.080486
0.123697
0.561721
0.075946
0.281773
0.121771
0.243055
0.087207
0.322272
0.317645
0.151210
0.275372
0.055241
0.269633
0.318810
0.146330
0.537290
0.216215
0.453512
0.337062
0.194721
0.015092
0.403010
0.215558
0.166255
0.472782
0.064247
0.260848
0.475968
0.088158
0.190539
0.257446
0.442166
0.214560
0.116086
0.228434
0.418562
0.156343
0.257950
0.639130
0.287321
0.092487
0.071033
0.183867
0.241795
0.064904
0.352029
0.038671
0.122901
0.093045
0.070050
0.116888
0.366465
0.187324
0.030061
0.009182
0.524601
0.837491
0.044569
0.549095
0.006120
0.157934
0.231421
0.307065
0.034762
0.022690
0.328461
0.015684
0.452565
0.169079
0.021845
0.294026
0.098333
0.344267
0.020453
0.373908
0.001786
0.410413
0.157597
0.100900
0.147282
0.273521
0.063999
0.075398
0.010958
0.293262
0.499874
0.266734
0.246749
0.166970
0.024226
0.258231
0.110847
0.525709
0.341878
0.586139
0.031005
0.358216
0.164087
0.464553
0.355384
0.209644
0.354211
0.011652
0.087517
0.310539
0.141308
0.299971
0.314007
0.476562
0.487667
0.283913
0.381216
0.271447
0.349792
0.251208
0.092318
0.114428
0.191682
0.382842
0.183443
0.014074
0.165535
0.159087
0.010749
0.493759
0.187604
0.167179
0.090260
0.424447
0.491914
0.059335
0.105744
0.317457
0.122031
0.093717
0.564688
0.046475
0.000599
0.517191
0.371735
0.084068
0.427840
0.320406
0.638381
0.267480
0.153751
0.206319
0.150360
0.310773
0.140664
0.298243
0.369692
0.445924
0.496164
0.380899
0.140508
0.187675
0.238614
0.213148
0.255800
0.093039
0.082092
0.222098
0.075709
0.116104
0.513369
0.329756
0.288405
0.237948
0.347233
0.120166
0.143017
0.239908
0.009996
0.470798
0.194017
0.625010
0.705687
0.380604
0.314191
0.252240
0.182200
0.030694
0.310026
0.078720
0.260900
0.037412
0.574864
0.016489
0.111668
0.848226
0.435230
0.234617
0.296569
0.177268
0.061515
0.056647
0.057703
0.321032
0.442888
0.435423
0.619391
0.300695
0.288680
0.151692
0.250523
0.157028
0.215113
0.199181
0.049314
0.036854
0.069273
0.372927
0.312314
0.266079
0.032867
0.306562
0.064270
0.140148
0.170244
0.605181
0.073296
0.348796
0.130113
0.320978
0.051413
0.438229
0.007233
0.062478
0.158106
0.104623
0.332811
0.294319
0.772050
0.385186
0.015717
0.244361
0.069551
0.633003
0.156358
0.564108
0.117332
0.233715
0.169528
0.340998
0.392403
0.086025
0.282418
0.264071
0.204350
0.344046
0.131845
0.432363
0.210889
0.153603
0.132301
0.214596
0.452642
0.393159
0.067583
0.214896
0.247606
0.065500
0.278210
0.208465
0.660610
0.192526
0.209909
0.112508
0.066145
0.133458
0.341325
0.301594
0.373850
0.381213
0.124837
0.103745
0.375407
0.591587
0.210247
0.222655
0.375821
0.192067
0.047346
0.455212
0.245973
0.149234
0.354181
0.277981
0.118934
0.070373
0.511273
0.231238
0.098688
0.451459
0.317079
0.129879
0.095001
0.320415
0.635800
0.348542
0.106465
0.706047
0.006946
0.385315
0.379788
0.626071
0.318499
0.149915
0.412197
0.350718
0.241616
0.019091
0.031471
0.135194
0.157984
0.445523
0.315481
0.053053
0.116054
0.426831
0.037672
0.011427
0.239746
0.204408
0.001037
0.236581
0.245061
0.273190
0.525931
0.600492
0.173162
0.050082
0.413293
0.316229
0.169724
0.272503
0.235103
0.175878
0.527442
0.198645
0.146251
0.467649
0.034910
0.129056
0.341208
0.155716
0.224037
0.572451
0.151035
0.130459
0.150697
0.062648
0.219490
0.280602
0.033230
0.613521
0.107580
0.196980
0.204703
0.065897
0.471114
0.129679
0.204322
0.303019
0.141644
0.148941
0.074612
0.570597
0.530411
0.225565
0.134147
0.104764
0.064553
0.491195
0.129364
0.311013
0.497822
0.013330
0.300132
0.459865
0.143855
0.197214
0.371981
0.486195
0.349005
0.076784
0.301967
0.431060
0.096433
0.258878
0.029494
0.610821
0.080898
0.319461
0.045233
0.072610
0.427445
0.430863
0.165562
0.228823
0.316272
0.376199
0.255671
0.290334
0.062198
0.172298
0.439694
0.273913
0.252004
0.346063
0.219692
0.058849
0.117321
0.409056
0.062691
0.179920
0.434160
0.064073
0.094825
0.032129
0.245496
0.206094
0.164228
0.064033
0.270164
0.409993
0.075350
0.114203
0.228689
0.318765
0.309357
0.217640
0.224199
0.037052
0.304046
0.117469
0.135895
0.423905
0.095955
0.235218
0.236849
0.290421
0.248565
0.313330
0.100678
0.074691
0.198550
0.512564
0.251354
0.205750
0.449931
0.175065
0.013586
0.046525
0.116368
0.232260
0.545488
0.067154
0.183525
0.353315
0.002195
0.260914
0.056443
0.438638
0.085333
0.187170
0.139106
0.130874
0.146383
0.451393
0.338641
0.006290
0.419189
0.275200
0.224716
0.226709
0.331853
0.059772
0.212759
0.442225
0.100813
0.347270
0.009873
0.071307
0.123525
0.492455
0.269240
0.509792
0.201275
0.094820
0.359678
0.545638
0.042783
0.289901
0.149054
0.241645
0.316808
0.147614
0.104057
0.215351
0.285651
0.069053
0.439655
0.072941
0.369945
0.330036
0.100665
0.043599
0.324725
0.400268
0.017887
0.611724
0.074305
0.350048
0.106963
0.141698
0.444199
0.174622
0.158856
0.099436
0.079979
0.056708
0.442323
0.321562
0.000326
0.008622
0.428887
0.066683
0.455073
0.002602
0.211119
0.220733
0.168602
0.328679
0.414694
0.565836
0.036406
0.030706
0.303585
0.186619
0.644493
0.399805
0.111404
0.356769
0.079322
0.331106
0.129263
0.116116
0.115644
0.013580
0.079991
0.102242
0.066194
0.440996
0.422274
0.494835
0.369831
0.165216
0.133259
0.206082
0.297150
0.165173
0.422224
0.263466
0.244674
0.315781
0.122899
0.125952
0.348582
0.020027
0.276141
0.293848
0.092811
0.280912
0.248000
0.055388
0.265334
0.272714
0.482380
0.461424
0.044001
0.281176
0.102735
0.092867
0.174752
0.505045
0.375540
0.076484
0.351543
0.445746
0.636829
0.021781
0.089738
0.324854
0.282223
0.411810
0.327309
0.182350
0.321698
0.191888
0.245543
0.193025
0.079181
0.179067
0.272990
0.441645
0.475442
0.089925
0.456313
0.029785
0.126107
0.154025
0.110211
0.368358
0.185283
0.559814
0.011191
0.173233
0.102842
0.193793
0.346672
0.254306
0.330063
0.186559
0.492414
0.469475
0.288311
0.484010
0.049144
0.208775
0.199429
0.132362
0.479569
0.174214
0.352565
0.788587
0.052822
0.315543
0.244926
0.478945
0.218936
0.219731
0.487892
0.343119
0.232811
0.503316
0.214377
0.313107
0.033830
0.534141
0.045477
0.357134
0.459379
0.330362
0.111945
0.269544
0.093131
0.565699
0.374560
0.105008
0.175151
0.099035
0.340049
0.094114
0.003502
0.191321
0.122245
0.179075
0.455747
0.387977
0.195442
0.566147
0.281096
0.147239
0.511210
0.134264
0.300699
0.277837
0.339800
0.331981
0.170140
0.537648
0.303913
0.288732
0.288458
0.112673
0.259364
0.180459
0.349751
0.668909
0.001024
0.288202
0.140608
0.148993
0.173924
0.204235
0.250023
0.120729
0.411699
0.302766
0.604345
0.125471
0.003022
0.579052
0.153221
0.202892
0.178825
0.159808
0.540621
0.049192
0.314295
0.038582
0.405458
0.205690
0.382331
0.353226
0.328887
0.244162
0.235303
0.245925
0.551937
0.453253
0.293588
0.184050
0.025245
0.180189
0.030787
0.510750
0.157499
0.102114
0.348872
0.098013
0.562213
0.409519
0.416667
0.396688
0.034048
0.283232
0.389748
0.136467
0.173939
0.123036
0.054106
0.132053
0.289521
0.119970
0.146975
0.365988
0.117841
0.321802
0.355720
0.141464
0.343332
0.256320
0.002006
0.460021
0.295081
0.073937
0.093966
0.368827
0.017015
0.231268
0.381803
0.177611
0.007627
0.384855
0.183482
0.046879
0.322838
0.174649
0.253091
0.300490
0.039468
0.544051
0.138319
0.155156
0.069505
0.013789
0.200528
0.241903
0.008303
0.167546
0.400845
0.621773
0.164205
0.107052
0.004229
0.077342
0.075184
0.118763
0.252972
0.147960
0.660726
0.563026
0.092488
0.220463
0.114700
0.316540
0.229214
0.451988
0.378434
0.195269
0.317451
0.464580
0.381918
0.395799
0.063222
0.067312
0.065381
0.067607
0.148207
0.263078
0.037606
0.590011
0.181729
0.155770
0.235230
0.134584
0.253341
0.145559
0.353535
0.220744
0.190459
0.173799
0.194863
0.057480
0.493029
0.152544
0.340419
0.211224
0.279119
0.162312
0.352449
0.035759
0.161556
0.053741
0.427803
0.203292
0.439552
0.278556
0.124477
0.252616
0.311486
0.067695
0.158925
0.588742
0.128381
0.268627
0.400033
0.026416
0.259668
0.355329
0.111346
0.083310
0.411415
0.246005
0.184557
0.011490
0.357991
0.230869
0.026456
0.597844
0.154084
0.253873
0.180271
0.351642
0.173869
0.232060
0.006153
0.369734
0.227776
0.624817
0.082292
0.323269
0.235921
0.122362
0.070022
0.373751
0.504695
0.237233
0.194790
0.396206
0.358347
0.480106
0.126882
0.224792
0.311317
0.130482
0.302054
0.477802
0.209448
0.233235
0.017264
0.088297
0.025995
0.335292
0.341913
0.526449
0.196142
0.287037
0.227547
0.063290
0.092292
0.291638
0.144679
0.299658
0.074963
0.018278
0.050395
0.328740
0.123964
0.145742
0.027618
0.344207
0.328791
0.545967
0.516485
0.530064
0.000608
0.521645
0.403595
0.303137
0.255692
0.561322
0.359337
0.186964
0.050099
0.188642
0.293527
0.217785
0.182645
0.075398
0.174311
0.238221
0.475020
0.374095
0.224098
0.450705
0.048800
0.377760
0.489543
0.299044
0.157621
0.147578
0.008584
0.615486
0.040670
0.338462
0.364822
0.535594
0.173428
0.211308
0.383523
0.317970
0.088633
0.486838
0.100676
0.258099
0.220856
0.401571
0.202465
0.302704
0.337787
0.411284
0.482367
0.258045
0.452600
0.056968
0.169984
0.467674
0.136683
0.221603
0.151961
0.332931
0.117353
0.115674
0.209658
0.780087
0.017657
0.229024
0.523511
0.035915
0.451333
0.301845
0.330873
0.082363
0.079760
0.324340
0.546801
0.345722
0.018079
0.164412
0.430752
0.686383
0.207602
0.400960
0.488921
0.125745
0.181558
0.348088
0.008119
0.602359
0.074713
0.020712
0.229486
0.204001
0.526611
0.314349
0.068755
0.126067
0.244035
0.380595
0.279212
0.163821
0.268110
0.361545
0.105679
0.218079
0.151719
0.326773
0.491851
0.271649
0.232970
0.245095
0.364255
0.001903
0.183775
0.101664
0.418789
0.220050
0.418631
0.415259
0.229648
0.181533
0.032858
0.538215
0.009516
0.069629
0.292268
0.072024
0.660086
0.438605
0.070386
0.267962
0.225026
0.261566
0.633990
0.199463
0.403316
0.395935
0.041214
0.316533
0.145087
0.238664
0.075414
0.214732
0.125979
0.198886
0.363964
0.106391
0.211501
0.003368
0.479509
0.300357
0.273143
0.050379
0.393942
0.070022
0.308959
0.259020
0.089239
0.015015
0.158187
0.288197
0.507181
0.442380
0.037489
0.048988
0.135998
0.016824
0.605203
0.108502
0.148253
0.035564
0.307742
0.031660
0.337422
0.340643
0.142709
0.325948
0.042550
0.149710
0.300730
0.035361
0.532942
0.318781
0.434240
0.429184
0.217201
0.041466
0.553313
0.002830
0.133588
0.354093
0.158955
0.321347
0.346214
0.042539
0.193459
0.292335
0.423919
0.232961
0.018073
0.259862
0.353870
0.096147
0.327534
0.577773
0.314443
0.207427
0.250718
0.083861
0.130489
0.246087
0.427724
0.017718
0.118393
0.176414
0.202342
0.042143
0.390433
0.089126
0.024685
0.015478
0.517236
0.896749
0.015062
0.478722
0.003446
0.120620
0.250093
0.359605
0.054430
0.057184
0.389723
0.001324
0.417255
0.111681
0.049670
0.380171
0.164421
0.347161
0.036168
0.290678
0.096738
0.339126
0.145232
0.110245
0.271515
0.396109
0.141248
0.281041
0.026205
0.358298
0.374502
0.402164
0.319969
0.199405
0.077964
0.302475
0.078532
0.514257
0.373335
0.392278
0.041928
0.309826
0.115678
0.427608
0.321915
0.195913
0.329999
0.016324
0.001766
0.285160
0.183126
0.279977
0.395702
0.388503
0.416575
0.184591
0.464031
0.257536
0.488687
0.231898
0.067252
0.122056
0.038712
0.423314
0.174883
0.040596
0.234352
0.256070
0.063620
0.521346
0.201209
0.251337
0.058046
0.302395
0.427164
0.196088
0.005494
0.358577
0.175464
0.015298
0.390972
0.037286
0.001108
0.614755
0.310748
0.049135
0.400793
0.201484
0.606152
0.154542
0.072382
0.128286
0.086850
0.374837
0.239359
0.206797
0.309417
0.524734
0.519668
0.419926
0.109014
0.250280
0.230583
0.363995
0.300012
0.001468
0.089521
0.126076
0.023160
0.061538
0.296581
0.401288
0.249527
0.211444
0.407129
0.256103
0.059629
0.177131
0.092018
0.565503
0.099386
0.580658
0.529698
0.304153
0.318749
0.326971
0.142325
0.202122
0.293222
0.179264
0.291249
0.101100
0.514095
0.013713
0.100692
0.657967
0.587683
0.159532
0.281150
0.256093
0.150060
0.087642
0.066092
0.322877
0.430016
0.502170
0.629850
0.267547
0.308037
0.123246
0.132218
0.370743
0.132868
0.207356
0.039252
0.045346
0.000017
0.293895
0.422896
0.331851
0.031749
0.181161
0.015335
0.230927
0.244908
0.531771
0.183452
0.282395
0.078852
0.328810
0.051769
0.326215
0.103183
0.144842
0.215410
0.099533
0.201299
0.382772
0.715496
0.380396
0.109271
0.079725
0.084434
0.644985
0.009493
0.619718
0.109699
0.269621
0.116497
0.313530
0.482096
0.256786
0.191966
0.292880
0.083242
0.435053
0.244468
0.363241
0.140424
0.116748
0.002953
0.134134
0.500440
0.457319
0.021041
0.138260
0.329500
0.018292
0.275689
0.136209
0.549208
0.197413
0.222562
0.066914
0.123717
0.169837
0.633280
0.314376
0.195803
0.364969
0.058096
0.136638
0.346820
0.537197
0.350824
0.252406
0.253894
0.151837
0.116761
0.292977
0.396187
0.223187
0.343832
0.403400
0.089828
0.018068
0.493030
0.227574
0.176670
0.446063
0.247128
0.198820
0.137660
0.281129
0.711460
0.319831
0.137308
0.571169
0.074173
0.323743
0.403752
0.715991
0.257047
0.211921
0.285148
0.239733
0.344499
0.027542
0.039384
0.157566
0.054074
0.403052
0.409718
0.043339
0.179844
0.432809
0.111174
0.031876
0.207612
0.092067
0.040529
0.308736
0.155279
0.310515
0.537380
0.469071
0.167918
0.064344
0.346106
0.304737
0.332417
0.395779
0.246007
0.171265
0.457733
0.178157
0.125419
0.545275
0.017696
0.186929
0.315124
0.150094
0.110068
0.628641
0.037996
0.062484
0.120831
0.025146
0.374808
0.277455
0.060751
0.616770
0.072885
0.249156
0.045751
0.071871
0.347045
0.094717
0.202230
0.254059
0.092798
0.140026
0.155896
0.787527
0.508333
0.063308
0.156855
0.145705
0.086054
0.421894
0.295420
0.394908
0.326458
0.083305
0.450971
0.486890
0.170291
0.254876
0.432915
0.477450
0.216675
0.043227
0.166365
0.376357
0.112847
0.259472
0.000930
0.456515
0.015490
0.289504
0.002165
0.027939
0.384674
0.352604
0.135164
0.374597
0.265453
0.397184
0.112787
0.263596
0.029427
0.226572
0.384930
0.234857
0.103259
0.146377
0.168920
0.102908
0.186110
0.359138
0.099461
0.106729
0.311675
0.101803
0.053454
0.009312
0.323306
0.327310
0.102575
0.175086
0.127648
0.378511
0.172158
0.260401
0.342411
0.318844
0.223483
0.273064
0.334648
0.086035
0.366525
0.283899
0.128971
0.258184
0.026513
0.222362
0.142135
0.194569
0.315328
0.382618
0.167290
0.167958
0.365587
0.477681
0.279814
0.332220
0.387476
0.072667
0.064380
0.216765
0.114802
0.394138
0.343691
0.185133
0.122637
0.401731
0.003712
0.160286
0.155248
0.369747
0.043263
0.303159
0.181550
0.144873
0.146623
0.455385
0.176399
0.066850
0.434776
0.262810
0.311623
0.146060
0.362453
0.119492
0.133304
0.593606
0.004791
0.350569
0.052838
0.111785
0.296235
0.431402
0.240145
0.483660
0.098449
0.121492
0.436300
0.553329
0.019232
0.259687
0.227856
0.334019
0.248121
0.158104
0.128324
0.226245
0.187123
0.006637
0.418638
0.013263
0.338551
0.366074
0.114880
0.005162
0.276491
0.344405
0.070242
0.574842
0.137871
0.322800
0.163280
0.280324
0.280990
0.206318
0.174838
0.134070
0.031347
0.103448
0.251574
0.326005
0.073893
0.023096
0.354908
0.095586
0.470183
0.074588
0.251418
0.230809
0.305966
0.125110
0.497279
0.509085
0.006384
0.015551
0.273969
0.327027
0.526159
0.445600
0.211294
0.236700
0.127183
0.174634
0.094985
0.055220
0.185089
0.008223
0.078495
0.040339
0.108289
0.519749
0.319210
0.543815
0.368614
0.080776
0.058314
0.373333
0.179292
0.147806
0.229774
0.131991
0.300846
0.351486
0.194516
0.131520
0.227522
0.116761
0.140068
0.424505
0.011353
0.125086
0.219045
0.028997
0.227205
0.255698
0.450638
0.351713
0.053351
0.286986
0.129911
0.157469
0.156805
0.486316
0.409417
0.228992
0.324414
0.408998
0.704072
0.054578
0.043330
0.380805
0.309146
0.280593
0.307903
0.130319
0.215447
0.220867
0.232841
0.301769
0.019022
0.151900
0.257867
0.425037
0.266195
0.202417
0.327921
0.037004
0.163406
0.267678
0.183344
0.289460
0.165502
0.471895
0.089068
0.014000
0.085208
0.194829
0.173540
0.170416
0.428424
0.103624
0.505775
0.460977
0.185864
0.306099
0.168764
0.280890
0.122138
0.202008
0.566429
0.252419
0.178675
0.614056
0.012494
0.270033
0.240159
0.431606
0.318568
0.120407
0.447473
0.416841
0.202553
0.428631
0.192319
0.284786
0.025618
0.592167
0.117631
0.564815
0.373843
0.209898
0.111992
0.148264
0.165078
0.492358
0.375713
0.177145
0.234955
0.083221
0.246052
0.065648
0.053114
0.236319
0.056334
0.071969
0.281355
0.415763
0.228986
0.593783
0.419082
0.056117
0.655280
0.186619
0.343719
0.354135
0.394720
0.305737
0.267624
0.509081
0.576719
0.408325
0.187186
0.004010
0.434347
0.124924
0.068058
0.585338
0.170186
0.248380
0.210774
0.092062
0.162694
0.183061
0.121782
0.179389
0.296231
0.249531
0.661869
0.108815
0.119828
0.425185
0.088231
0.158322
0.001278
0.223560
0.650290
0.037874
0.222140
0.077099
0.501663
0.401161
0.272612
0.351551
0.116681
0.252348
0.146810
0.245406
0.431657
0.505762
0.292967
0.129323
0.051784
0.218989
0.094221
0.662320
0.301716
0.113278
0.322788
0.081957
0.498959
0.273921
0.368028
0.441059
0.035457
0.392019
0.354565
0.033051
0.182429
0.079735
0.004464
0.084686
0.264972
0.032066
0.238117
0.321327
0.064479
0.263551
0.291731
0.319924
0.368712
0.244507
0.091249
0.379050
0.111652
0.109118
0.086769
0.397766
0.053897
0.177913
0.246945
0.313456
0.063474
0.446149
0.135723
0.045727
0.124482
0.116807
0.081378
0.307421
0.266666
0.461569
0.191236
0.256711
0.040420
0.028512
0.104124
0.234494
0.092608
0.137644
0.287943
0.647543
0.197638
0.071854
0.060969
0.052155
0.069957
0.004906
0.174410
0.070422
0.436095
0.441557
0.227432
0.212825
0.044955
0.215757
0.135083
0.356642
0.389192
0.187959
0.449763
0.388753
0.440911
0.397162
0.121607
0.013035
0.079405
0.243766
0.313979
0.115532
0.073035
0.561092
0.154601
0.304574
0.127788
0.146901
0.161281
0.115069
0.398325
0.221825
0.253294
0.115697
0.166287
0.056760
0.603966
0.135136
0.342701
0.047958
0.197286
0.183462
0.355240
0.078192
0.142643
0.181636
0.345885
0.209475
0.417167
0.341606
0.059040
0.330110
0.530277
0.032766
0.243849
0.532712
0.076016
0.374250
0.336808
0.031563
0.112501
0.506053
0.136377
0.079869
0.334135
0.246829
0.187343
0.059907
0.387367
0.210939
0.015463
0.756454
0.108718
0.113681
0.172400
0.303258
0.095526
0.182410
0.049439
0.319171
0.069010
0.602019
0.036640
0.311610
0.219660
0.075485
0.073893
0.176704
0.504081
0.362496
0.315137
0.326140
0.324840
0.552518
0.069673
0.217831
0.230680
0.031321
0.293995
0.372529
0.219151
0.203106
0.031919
0.160320
0.095620
0.283639
0.313017
0.546376
0.202722
0.259674
0.287477
0.200509
0.165348
0.282901
0.034560
0.455107
0.075139
0.046271
0.051963
0.307716
0.129258
0.027524
0.001476
0.280640
0.236020
0.460231
0.413354
0.620226
0.119272
0.597742
0.261443
0.333970
0.297785
0.373689
0.385804
0.150181
0.044394
0.236074
0.184966
0.286428
0.344925
0.026144
0.024098
0.386341
0.256675
0.337515
0.333677
0.437177
0.088287
0.526829
0.389147
0.234864
0.144451
0.196668
0.039271
0.582018
0.243985
0.305638
0.328443
0.535426
0.014577
0.154226
0.353042
0.168917
0.123532
0.475693
0.040664
0.237385
0.180522
0.315118
0.244363
0.220458
0.385266
0.415943
0.434678
0.200532
0.559815
0.014121
0.263857
0.650963
0.045927
0.238981
0.063777
0.359104
0.185631
0.217128
0.255919
0.655943
0.077783
0.127172
0.567633
0.100518
0.467867
0.480554
0.246619
0.123288
0.102103
0.372033
0.452541
0.338160
0.111593
0.138915
0.289993
0.821048
0.276805
0.411109
0.523066
0.084043
0.151471
0.364455
0.089002
0.632412
0.209316
0.037800
0.241262
0.304756
0.466392
0.192595
0.046874
0.220370
0.097337
0.276465
0.289797
0.307268
0.276632
0.446743
0.167461
0.357767
0.186843
0.185381
0.577543
0.310531
0.159100
0.193884
0.393938
0.044916
0.409293
0.275096
0.353876
0.259736
0.349736
0.448786
0.340772
0.019261
0.040623
0.375069
0.141194
0.046924
0.318756
0.091337
0.662460
0.503492
0.026890
0.296062
0.343268
0.329157
0.700609
0.193419
0.371827
0.384846
0.017732
0.234604
0.057492
0.127421
0.076181
0.226448
0.287647
0.185203
0.308508
0.161764
0.027145
0.210146
0.506772
0.407702
0.280526
0.072717
0.492122
0.094049
0.370314
0.239598
0.049830
0.008654
0.227039
0.277703
0.290563
0.416442
0.016183
0.053973
0.234631
0.107094
0.577700
0.165204
0.033222
0.075667
0.311685
0.110809
0.301410
0.266647
0.112226
0.327076
0.046955
0.030113
0.310136
0.002225
0.518254
0.412345
0.349767
0.376586
0.216127
0.142352
0.664259
0.186434
0.146055
0.240552
0.224460
0.353389
0.226184
0.031155
0.109600
0.219473
0.393384
0.233700
0.073157
0.291580
0.212634
0.056011
0.285110
0.460979
0.273674
0.305156
0.398627
0.000042
0.049266
0.372216
0.391536
0.014821
0.119363
0.228350
0.311781
0.019153
0.359275
0.045347
0.038159
0.013315
0.407663
0.791496
0.092955
0.304101
0.120104
0.116567
0.205975
0.396935
0.150908
0.117514
0.448717
0.046567
0.300453
0.036963
0.064402
0.395321
0.234458
0.300644
0.156231
0.168954
0.120666
0.312821
0.137502
0.066604
0.422136
0.485265
0.169591
0.406189
0.008922
0.424225
0.261523
0.507012
0.384529
0.208464
0.055106
0.412355
0.037514
0.486230
0.350794
0.278075
0.036695
0.278034
0.008946
0.421001
0.207082
0.171645
0.290498
0.000798
0.121200
0.128351
0.211607
0.213011
0.460633
0.293116
0.325138
0.049932
0.475031
0.170075
0.530500
0.252012
0.090102
0.039640
0.139504
0.467582
0.210419
0.181102
0.243054
0.307791
0.075319
0.428958
0.278409
0.382034
0.007623
0.129653
0.301051
0.279962
0.101460
0.365528
0.307371
0.087097
0.160160
0.108415
0.050810
0.603659
0.253341
0.096670
0.339732
0.048004
0.477100
0.025327
0.072896
0.014804
0.024694
0.375773
0.242880
0.083356
0.248885
0.560182
0.535663
0.413607
0.011212
0.393760
0.167137
0.478613
0.300324
0.130036
0.036097
0.049545
0.088352
0.281513
0.076540
0.386424
0.207019
0.166500
0.384067
0.352416
0.009180
0.177338
0.179349
0.572647
0.005736
0.460802
0.387730
0.235428
0.296113
0.375922
0.154150
0.421247
0.238012
0.151737
0.257020
0.153317
0.435676
0.007827
0.067250
0.506915
0.623406
0.034188
0.261379
0.283206
0.134661
0.165392
0.069752
0.258386
0.396826
0.482426
0.541130
0.285031
0.270364
0.089532
0.024660
0.580281
0.066620
0.252189
0.085263
0.038861
0.076753
0.245270
0.459882
0.296411
0.195401
0.040206
0.048591
0.357972
0.313966
0.443474
0.189700
0.194086
0.252991
0.341992
0.171659
0.205920
0.217374
0.184886
0.311568
0.032435
0.029914
0.455936
0.559284
0.463566
0.192785
0.109478
0.009928
0.524822
0.140408
0.586622
0.095374
0.246323
0.064813
0.309181
0.536486
0.293310
0.113288
0.318904
0.018476
0.438345
0.329962
0.298736
0.134850
0.068777
0.180593
0.042690
0.414470
0.396277
0.116375
0.059389
0.406499
0.086376
0.219474
0.057579
0.458111
0.192161
0.171091
0.017459
0.155215
0.223763
0.696543
0.276583
0.011464
0.338344
0.222510
0.096739
0.276066
0.439092
0.429114
0.246829
0.116371
0.158427
0.209358
0.171759
0.469571
0.349961
0.335999
0.533208
0.031093
0.040365
0.408421
0.215302
0.288850
0.386786
0.185845
0.212396
0.115303
0.192652
0.634972
0.260677
0.181462
0.414939
0.062511
0.250302
0.366744
0.693924
0.101097
0.170223
0.081258
0.139821
0.436828
0.066340
0.060065
0.225797
0.007203
0.260265
0.497163
0.153499
0.277612
0.437221
0.169904
0.121424
0.109737
0.070446
0.024964
0.366356
0.048430
0.406735
0.434803
0.340662
0.153155
0.069765
0.200927
0.305532
0.479144
0.417933
0.280884
0.205900
0.271414
0.163298
0.117534
0.520802
0.119297
0.218310
0.271380
0.190808
0.046104
0.565095
0.128350
0.016255
0.035355
0.035642
0.495403
0.256773
0.141879
0.563089
0.034902
0.190374
0.305814
0.178115
0.136622
0.040468
0.181331
0.124440
0.022327
0.147920
0.213622
0.818235
0.409118
0.102700
0.158949
0.179392
0.074030
0.246139
0.437219
0.487685
0.185069
0.160193
0.572998
0.532122
0.223620
0.269064
0.512028
0.432298
0.027342
0.005049
0.113565
0.313706
0.266410
0.201090
0.103571
0.314924
0.010464
0.209547
0.115133
0.218801
0.347112
0.237764
0.109406
0.400831
0.207361
0.445346
0.056000
0.234577
0.002090
0.253694
0.345309
0.143040
0.014748
0.044489
0.055935
0.125730
0.173764
0.238069
0.254282
0.007731
0.181967
0.137952
0.199040
0.083637
0.365557
0.360440
0.115084
0.244121
0.040721
0.357383
0.161810
0.309987
0.449198
0.273154
0.128178
0.320317
0.364525
0.101894
0.368158
0.367819
0.101521
0.135322
0.061636
0.228712
0.047806
0.064429
0.302838
0.374715
0.207286
0.288003
0.408574
0.407513
0.235435
0.306203
0.287584
0.043961
0.141426
0.396548
0.131756
0.543524
0.221094
0.404728
0.014025
0.391266
0.018840
0.017040
0.197266
0.317383
0.059094
0.409195
0.222649
0.162040
0.204865
0.381811
0.044242
0.122037
0.408914
0.253860
0.411139
0.056394
0.412149
0.129796
0.061698
0.654283
0.095176
0.319013
0.128031
0.158788
0.388968
0.319771
0.280142
0.410809
0.010709
0.347114
0.399066
0.507253
0.021169
0.159181
0.325291
0.360405
0.166047
0.085549
0.163434
0.296911
0.190362
0.012776
0.319071
0.095308
0.338327
0.335814
0.106232
0.095003
0.183492
0.205254
0.152522
0.468451
0.165789
0.308187
0.221047
0.323161
0.161331
0.215956
0.145301
0.115007
0.109686
0.124575
0.109537
0.367580
0.106512
0.051201
0.259429
0.125603
0.489395
0.057532
0.246318
0.329242
0.494542
0.056212
0.572330
0.393359
0.158151
0.017817
0.220735
0.354130
0.366800
0.408511
0.309653
0.156353
0.181328
0.057826
0.090549
0.209284
0.251549
0.021354
0.138124
0.020678
0.104915
0.525693
0.167392
0.511295
0.366920
0.007495
0.073318
0.460947
0.064254
0.210737
0.018324
0.007356
0.366704
0.381533
0.265152
0.102274
0.143531
0.141833
0.024687
0.494450
0.050016
0.029184
0.209619
0.001813
0.235226
0.162224
0.326722
0.232800
0.181066
0.189639
0.081030
0.222139
0.074366
0.384399
0.439489
0.423769
0.288338
0.399038
0.676923
0.138634
0.003161
0.454801
0.307417
0.155712
0.265744
0.108449
0.082643
0.230996
0.210891
0.448848
0.084358
0.095417
0.240538
0.367362
0.070572
0.277405
0.177718
0.143132
0.152840
0.430708
0.246319
0.264089
0.192246
0.372128
0.217460
0.210070
0.158912
0.175692
0.015861
0.106758
0.499045
0.062105
0.526415
0.410729
0.021324
0.161010
0.197833
0.407940
0.060187
0.271765
0.574305
0.295607
0.054589
0.388172
0.013169
0.177806
0.282513
0.364850
0.365154
0.000799
0.365463
0.516918
0.205841
0.392036
0.163207
0.276341
0.065275
0.556962
0.158625
0.639341
0.321781
0.004725
0.077589
0.078983
0.303106
0.414654
0.373809
0.311505
0.205510
0.005790
0.201851
0.183837
0.005213
0.273500
0.045082
0.238647
0.038425
0.431714
0.288386
0.574181
0.486098
0.024902
0.643232
0.230044
0.281487
0.415371
0.381686
0.181373
0.321846
0.486707
0.762613
0.590396
0.122004
0.080468
0.565988
0.101882
0.175758
0.487135
0.320807
0.205549
0.251753
0.046165
0.151807
0.161588
0.078371
0.209569
0.164908
0.229583
0.670738
0.086792
0.257554
0.229850
0.032873
0.132732
0.145432
0.292685
0.663938
0.107943
0.158331
0.259721
0.622799
0.491961
0.183008
0.258169
0.178776
0.238872
0.026065
0.277848
0.269290
0.460589
0.194124
0.110702
0.105314
0.313026
0.181207
0.673618
0.437148
0.117803
0.291357
0.172613
0.400846
0.135611
0.208262
0.438681
0.039101
0.465187
0.306193
0.069345
0.177706
0.040411
0.073815
0.064735
0.199439
0.027722
0.330582
0.304365
0.018399
0.140698
0.157258
0.423524
0.427197
0.305378
0.150877
0.346163
0.020283
0.184720
0.056223
0.431948
0.180436
0.049757
0.216672
0.480006
0.127085
0.389175
0.089122
0.012351
0.025944
0.110210
0.100109
0.269307
0.415796
0.271510
0.209168
0.357450
0.026343
0.114005
0.000285
0.307526
0.173492
0.040594
0.156851
0.589795
0.233702
0.157862
0.161722
0.055553
0.043506
0.049009
0.091364
0.021215
0.189759
0.347695
0.308834
0.174853
0.222235
0.171150
0.111344
0.168852
0.377179
0.142628
0.540081
0.283660
0.462090
0.320269
0.131047
0.037660
0.215603
0.441618
0.407344
0.005596
0.111764
0.385490
0.112087
0.374048
0.038072
0.114432
0.175189
0.044757
0.434708
0.217273
0.239099
0.087630
0.120713
0.036919
0.701495
0.118375
0.306863
0.117616
0.119177
0.224443
0.313461
0.121874
0.108579
0.288338
0.243375
0.163645
0.348359
0.402741
0.027136
0.277177
0.713854
0.170497
0.298875
0.432232
0.196485
0.541998
0.280057
0.030973
0.096716
0.530378
0.238084
0.067501
0.275712
0.225410
0.172369
0.088712
0.364753
0.112971
0.054104
0.808500
0.028142
0.046756
0.146595
0.210669
0.098460
0.140852
0.176797
0.270107
0.031699
0.510015
0.051053
0.301811
0.225577
0.239842
0.037498
0.039716
0.465796
0.448550
0.347122
0.238725
0.195089
0.518185
0.025524
0.241636
0.123112
0.089279
0.195325
0.271818
0.144619
0.143395
0.065917
0.228426
0.242663
0.209882
0.290687
0.488480
0.269954
0.202909
0.346336
0.268207
0.257664
0.313256
0.193505
0.552929
0.117180
0.107786
0.189119
0.329946
0.121092
0.059916
0.003079
0.242746
0.140181
0.370681
0.216058
0.625724
0.247651
0.599244
0.141323
0.262341
0.257127
0.209789
0.338195
0.107092
0.083789
0.208487
0.059585
0.375672
0.522037
0.051714
0.141810
0.502249
0.075906
0.301307
0.388346
0.357050
0.191371
0.611785
0.175300
0.255791
0.080803
0.186312
0.099358
0.527633
0.463173
0.201537
0.194142
0.478437
0.122135
0.118104
0.253573
0.092297
0.156615
0.469853
0.032545
0.158372
0.108338
0.263546
0.229923
0.173524
0.490574
0.401983
0.302800
0.134272
0.560763
0.015488
0.344141
0.673145
0.019878
0.186438
0.050911
0.453854
0.265536
0.206536
0.170195
0.488299
0.151533
0.102774
0.543728
0.172721
0.454006
0.576728
0.234707
0.141987
0.107391
0.306796
0.374893
0.280186
0.276613
0.085658
0.150455
0.797239
0.298887
0.340951
0.586239
0.032857
0.126163
0.368382
0.149626
0.518345
0.394684
0.041552
0.306716
0.356312
0.333971
0.083495
0.030978
0.293469
0.094864
0.150092
0.279166
0.473045
0.343766
0.397311
0.177335
0.514912
0.263680
0.038961
0.569138
0.360383
0.094775
0.173953
0.365283
0.079569
0.684606
0.405206
0.358002
0.284848
0.316609
0.428524
0.417143
0.224742
0.066510
0.209800
0.277255
0.022242
0.346464
0.226947
0.598031
0.488444
0.045864
0.358358
0.413732
0.325207
0.721824
0.155686
0.266605
0.311892
0.089218
0.141322
0.001338
0.033798
0.042289
0.215677
0.393459
0.192237
0.335185
0.201470
0.263640
0.390861
0.427165
0.439947
0.225953
0.117880
0.613372
0.128518
0.373421
0.208720
0.207809
0.078007
0.281864
0.248989
0.021414
0.380314
0.032468
0.127175
0.345109
0.213030
0.506897
0.215079
0.046687
0.163219
0.296619
0.203702
0.158560
0.180101
0.129930
0.408191
0.048609
0.127027
0.313650
0.057096
0.425526
0.467460
0.328050
0.282505
0.245492
0.252695
0.646192
0.360555
0.162992
0.091965
0.257681
0.373536
0.125273
0.169701
0.006914
0.116662
0.346008
0.182756
0.205122
0.339879
0.094374
0.026158
0.276960
0.330438
0.165361
0.394655
0.583919
0.008221
0.227756
0.528612
0.314932
0.014561
0.169089
0.272234
0.294210
0.008195
0.362742
0.047880
0.079265
0.041733
0.284715
0.507142
0.138894
0.112024
0.221734
0.108734
0.197556
0.396408
0.257765
0.233603
0.522746
0.039496
0.137610
0.023712
0.009908
0.402418
0.231057
0.294416
0.249644
0.062728
0.126775
0.248723
0.153216
0.055857
0.473692
0.545134
0.111365
0.439932
0.025268
0.431551
0.228310
0.556191
0.475407
0.210040
0.004235
0.391953
0.075579
0.348154
0.280212
0.144959
0.071626
0.300601
0.163978
0.379671
0.138591
0.044153
0.273810
0.015746
0.250722
0.063278
0.194816
0.161404
0.496055
0.199345
0.170840
0.072098
0.438524
0.068232
0.503650
0.236536
0.064024
0.048892
0.324639
0.419119
0.260665
0.271505
0.278057
0.357341
0.123521
0.292172
0.291924
0.474974
0.066472
0.020161
0.111414
0.344428
0.168982
0.347234
0.413393
0.243383
0.065450
0.156644
0.157177
0.484548
0.203304
0.226365
0.233332
0.098400
0.391267
0.063917
0.095747
0.152241
0.016631
0.321498
0.208632
0.032905
0.175219
0.489679
0.503290
0.364369
0.065206
0.505390
0.111494
0.635383
0.300830
0.288691
0.044387
0.151506
0.142031
0.463937
0.157943
0.352408
0.149677
0.194349
0.315245
0.414524
0.073621
0.207803
0.317811
0.531638
0.089251
0.393922
0.189102
0.084219
0.217269
0.400355
0.174921
0.514383
0.253506
0.090927
0.211778
0.180860
0.268244
0.068449
0.053402
0.307794
0.606387
0.085132
0.227007
0.261796
0.001626
0.215596
0.065872
0.196388
0.335923
0.454995
0.412319
0.276278
0.244904
0.008917
0.127789
0.632292
0.050203
0.344283
0.144360
0.177497
0.107113
0.157626
0.451475
0.320031
0.300943
0.030236
0.069123
0.392398
0.363578
0.299147
0.177656
0.134174
0.386840
0.278777
0.282200
0.091868
0.285044
0.192803
0.392129
0.002400
0.079993
0.474141
0.382646
0.455080
0.241408
0.316855
0.124122
0.386819
0.249050
0.521303
0.130627
0.162081
0.059597
0.271423
0.569241
0.196078
0.044667
0.208169
0.070044
0.386425
0.302571
0.172177
0.125104
0.000486
0.338408
0.025069
0.324770
0.238788
0.097638
0.008287
0.427307
0.176801
0.280401
0.013672
0.341686
0.222476
0.090274
0.069180
0.154838
0.314460
0.651012
0.331233
0.140673
0.275593
0.258958
0.031015
0.187308
0.329592
0.461108
0.179933
0.020291
0.167828
0.282052
0.100972
0.463002
0.445877
0.305137
0.596455
0.006358
0.045262
0.265145
0.142979
0.387901
0.243835
0.143657
0.158879
0.033545
0.077580
0.473100
0.128270
0.181738
0.303878
0.047674
0.164062
0.252468
0.573301
0.102983
0.084778
0.124230
0.109652
0.483420
0.032233
0.034636
0.283697
0.014272
0.014175
0.514205
0.211395
0.397879
0.353615
0.181914
0.127265
0.024690
0.260016
0.044975
0.401651
0.059529
0.431273
0.222037
0.263376
0.201409
0.128130
0.000713
0.349777
0.571585
0.374471
0.279742
0.284606
0.096202
0.144907
0.118390
0.447931
0.203896
0.166665
0.167235
0.246642
0.206404
0.453788
0.307100
0.020456
0.108894
0.032863
0.551849
0.247294
0.164202
0.431412
0.050002
0.138782
0.483173
0.358714
0.059807
0.015872
0.217294
0.035054
0.049110
0.156828
0.237773
0.745411
0.325460
0.220446
0.086918
0.245058
0.054493
0.123523
0.484464
0.455354
0.026704
0.218994
0.655301
0.541240
0.307745
0.268433
0.518696
0.300970
0.184039
0.012566
0.073564
0.217071
0.428173
0.168812
0.097787
0.129675
0.012570
0.141524
0.260184
0.343393
0.322206
0.132334
0.067342
0.442809
0.136753
0.476776
0.250082
0.178147
0.062376
0.205754
0.212909
0.076635
0.056684
0.096935
0.080130
0.142398
0.054047
0.156305
0.397004
0.096329
0.097283
0.219858
0.386576
0.103375
0.374973
0.364041
0.118213
0.305994
0.240733
0.327074
0.137393
0.377981
0.558902
0.217794
0.022129
0.328075
0.388045
0.086850
0.372646
0.381908
0.163862
0.053060
0.087597
0.172643
0.002713
0.074237
0.293833
0.307328
0.248618
0.381847
0.334368
0.350887
0.218956
0.281106
0.240533
0.027313
0.152876
0.428761
0.197230
0.600961
0.103738
0.572461
0.104122
0.356531
0.013463
0.086021
0.213224
0.305679
0.034009
0.520056
0.251670
0.169345
0.254937
0.268651
0.243087
0.145821
0.314384
0.239655
0.523894
0.000613
0.379900
0.214516
0.006076
0.613087
0.172209
0.285460
0.226770
0.212462
0.485196
0.282252
0.292383
0.247038
0.055488
0.545047
0.363146
0.482643
0.026782
0.080628
0.359160
0.378903
0.109867
0.016767
0.214090
0.282352
0.286377
0.008542
0.200746
0.186041
0.322504
0.254590
0.019920
0.243346
0.142032
0.022352
0.258538
0.356469
0.261412
0.289129
0.270508
0.366927
0.037341
0.254879
0.049885
0.061102
0.256853
0.118407
0.031116
0.450192
0.066411
0.099837
0.179596
0.175577
0.442186
0.037103
0.260559
0.393671
0.561248
0.194900
0.646281
0.271598
0.290359
0.031369
0.160591
0.324882
0.163529
0.347929
0.343808
0.121063
0.321820
0.027867
0.147284
0.317052
0.329326
0.021174
0.241293
0.102234
0.014264
0.501994
0.030300
0.453574
0.419672
0.047278
0.042433
0.556489
0.025779
0.261765
0.326854
0.071496
0.439090
0.360170
0.301422
0.014135
0.054180
0.129891
0.113186
0.513391
0.053641
0.010688
0.185482
0.045721
0.244165
0.039512
0.169021
0.114833
0.287529
0.041728
0.035555
0.312292
0.042935
0.236562
0.390100
0.523243
0.161864
0.271469
0.553489
0.207891
0.008829
0.499672
0.306725
0.026171
0.215100
0.068802
0.064935
0.085909
0.201157
0.571117
0.153619
0.034883
0.200486
0.297914
0.133071
0.222858
0.097471
0.221856
0.069935
0.587616
0.367857
0.236210
0.243081
0.314886
0.294911
0.307022
0.211338
0.148255
0.087084
0.008715
0.503340
0.040692
0.543133
0.363046
0.143765
0.041995
0.093119
0.491659
0.008035
0.294961
0.514172
0.388855
0.272539
0.083690
0.033286
0.079067
0.311231
0.240829
0.458566
0.074815
0.276230
0.582353
0.217026
0.347517
0.083307
0.188720
0.012782
0.439399
0.169872
0.590221
0.156561
0.182562
0.054173
0.305914
0.375927
0.353071
0.335126
0.443861
0.190235
0.096176
0.256690
0.229638
0.015759
0.271928
0.134915
0.354099
0.207571
0.256540
0.371169
0.552954
0.498728
0.053001
0.532200
0.213748
0.299486
0.407911
0.305347
0.047883
0.309601
0.445343
0.909948
0.632835
0.090572
0.178880
0.612544
0.199397
0.284795
0.388587
0.412611
0.177863
0.278949
0.043854
0.124494
0.189104
0.026226
0.197851
0.107846
0.123262
0.594449
0.039302
0.341585
0.027639
0.005968
0.081311
0.273133
0.375818
0.605250
0.214524
0.021768
0.377984
0.638836
0.496889
0.050161
0.077209
0.392534
0.257020
0.163400
0.307136
0.116293
0.393170
0.048392
0.155671
0.080080
0.324290
0.238653
0.619505
0.464217
0.100808
0.243928
0.306223
0.300789
0.002823
0.012020
0.378090
0.020001
0.469381
0.253781
0.183790
0.204098
0.015799
0.110844
0.002113
0.176650
0.070615
0.383963
0.261331
0.099553
0.066120
0.029207
0.403798
0.517184
0.286259
0.256169
0.352293
0.119467
0.218139
0.061751
0.430316
0.321217
0.059183
0.205359
0.628437
0.209412
0.339155
0.097876
0.125738
0.156963
0.116461
0.276625
0.261137
0.453191
0.042623
0.184104
0.508790
0.100412
0.226838
0.128610
0.357686
0.240405
0.094229
0.107349
0.497673
0.271044
0.188458
0.287602
0.002681
0.104642
0.064477
0.045539
0.116418
0.037399
0.234406
0.375465
0.063729
0.453388
0.141012
0.068685
0.020069
0.277238
0.053426
0.548832
0.236104
0.463956
0.248547
0.066461
0.019038
0.313898
0.600339
0.396735
0.097912
0.192293
0.202706
0.000894
0.445071
0.036506
0.049650
0.188306
0.007386
0.494383
0.249246
0.125168
0.045970
0.075488
0.007628
0.742594
0.125493
0.261261
0.255884
0.070130
0.231577
0.319168
0.148536
0.058708
0.312039
0.138860
0.084623
0.278575
0.442579
0.085454
0.195935
0.707556
0.284853
0.302090
0.283732
0.293006
0.654303
0.255249
0.125164
0.259154
0.560792
0.342256
0.041622
0.215490
0.185531
0.069876
0.106886
0.261374
0.020652
0.038962
0.714416
0.007512
0.086129
0.054855
0.096876
0.063419
0.058323
0.267065
0.213104
0.001361
0.352155
0.130554
0.260525
0.180634
0.331594
0.051092
0.173196
0.427374
0.504321
0.295611
0.145723
0.073276
0.387411
0.133054
0.308281
0.019033
0.110121
0.102344
0.150893
0.094310
0.128783
0.117007
0.264725
0.316227
0.088433
0.258017
0.363943
0.265183
0.213788
0.385094
0.267128
0.329408
0.255421
0.277903
0.640641
0.116391
0.234281
0.287997
0.281117
0.134041
0.106705
0.005539
0.174214
0.079324
0.308314
0.025539
0.467536
0.396724
0.511761
0.042330
0.136179
0.198096
0.097379
0.265490
0.008267
0.129639
0.133830
0.075765
0.399452
0.696335
0.139883
0.282082
0.536246
0.013062
0.165197
0.421051
0.289981
0.239272
0.652378
0.047358
0.235108
0.024470
0.100319
0.179859
0.447025
0.631874
0.016065
0.065113
0.391090
0.267368
0.073333
0.199854
0.304795
0.191179
0.443280
0.026623
0.084713
0.064311
0.256503
0.213878
0.189684
0.502024
0.429646
0.105908
0.041202
0.490082
0.006659
0.366907
0.657095
0.030266
0.118354
0.094136
0.482970
0.312489
0.204834
0.079015
0.270478
0.173139
0.180409
0.454093
0.196084
0.395487
0.598051
0.148815
0.102075
0.128549
0.204086
0.284452
0.231462
0.428432
0.053001
0.031595
0.619124
0.283086
0.280797
0.560787
0.006857
0.064180
0.321235
0.148246
0.347318
0.515835
0.139007
0.377528
0.257507
0.215225
0.000872
0.101372
0.387745
0.260844
0.060286
0.180734
0.563642
0.377477
0.363839
0.121413
0.557316
0.294815
0.131370
0.519971
0.418132
0.002367
0.184329
0.330494
0.088743
0.861716
0.455980
0.325702
0.235184
0.272292
0.348496
0.429549
0.449486
0.096314
0.036094
0.401933
0.052976
0.386575
0.323263
0.440812
0.378657
0.002031
0.353456
0.406121
0.331279
0.613351
0.160857
0.161523
0.230107
0.132887
0.058625
0.042648
0.009592
0.013394
0.216038
0.449115
0.174826
0.400759
0.179604
0.422077
0.453123
0.328862
0.467052
0.139949
0.187304
0.646976
0.109704
0.320747
0.174615
0.291725
0.254376
0.307978
0.163564
0.288129
0.281227
0.074905
0.167551
0.453149
0.294309
0.384761
0.309318
0.049824
0.274383
0.324336
0.326131
0.019661
0.026175
0.167927
0.375270
0.018374
0.234436
0.246645
0.014044
0.245840
0.455347
0.228811
0.171081
0.274881
0.338159
0.571774
0.462348
0.201350
0.027395
0.203254
0.309010
0.039413
0.346813
0.125332
0.019108
0.319885
0.110388
0.286043
0.300207
0.039924
0.005769
0.228900
0.244853
0.058594
0.432850
0.613073
0.025237
0.347832
0.545138
0.205642
0.046405
0.168270
0.267702
0.289931
0.028901
0.350825
0.119386
0.009748
0.062730
0.161610
0.220944
0.167350
0.075567
0.332685
0.149938
0.152333
0.339619
0.357828
0.344220
0.515828
0.019001
0.029687
0.001551
0.083031
0.360714
0.199816
0.234594
0.342096
0.018359
0.117049
0.152256
0.137879
0.190030
0.530946
0.504541
0.026829
0.379848
0.068271
0.467392
0.198067
0.479407
0.507505
0.213245
0.081647
0.368718
0.078093
0.160893
0.205450
0.074357
0.083250
0.368374
0.318645
0.361327
0.086053
0.051109
0.261845
0.077817
0.365032
0.272873
0.223027
0.137610
0.430783
0.162391
0.013206
0.223884
0.288758
0.037047
0.412026
0.259935
0.072274
0.165004
0.520356
0.367125
0.359925
0.399734
0.210188
0.343348
0.133016
0.166536
0.338309
0.489896
0.111159
0.060363
0.007899
0.309201
0.197315
0.322192
0.511097
0.344978
0.195413
0.172660
0.252917
0.321145
0.214008
0.382169
0.162073
0.261297
0.254713
0.116795
0.179233
0.275138
0.044940
0.246041
0.115439
0.125443
0.206312
0.368795
0.418399
0.279316
0.100057
0.564955
0.066757
0.659495
0.257948
0.485515
0.118830
0.257788
0.277433
0.608347
0.298956
0.245407
0.152917
0.249697
0.235088
0.431792
0.043461
0.236392
0.447916
0.428078
0.159523
0.323602
0.038142
0.026238
0.125081
0.361071
0.209196
0.521347
0.219584
0.014243
0.145164
0.182774
0.158714
0.146463
0.065838
0.177617
0.562191
0.189526
0.213811
0.186089
0.173370
0.277800
0.066645
0.109578
0.251611
0.386097
0.227401
0.285128
0.177090
0.084485
0.234720
0.552695
0.179053
0.443603
0.155473
0.289728
0.111736
0.144000
0.348948
0.286058
0.339732
0.009653
0.064773
0.423275
0.407400
0.186425
0.122309
0.112735
0.500863
0.208408
0.312560
0.023125
0.391957
0.203229
0.397795
0.030325
0.159893
0.440587
0.259745
0.381832
0.311290
0.513358
0.220463
0.195299
0.256378
0.406507
0.188038
0.064799
0.058246
0.213478
0.574780
0.044762
0.024831
0.052674
0.065388
0.318857
0.175955
0.061399
0.142290
0.022858
0.515926
0.018526
0.163950
0.055306
0.005701
0.104556
0.412245
0.295855
0.270563
0.016240
0.255429
0.209588
0.049000
0.216138
0.143929
0.420341
0.516668
0.350144
0.146233
0.266130
0.227036
0.017257
0.108037
0.213418
0.425653
0.033662
0.060739
0.276672
0.280328
0.077432
0.413297
0.487978
0.304891
0.548059
0.063858
0.024998
0.131757
0.048430
0.429159
0.007125
0.176319
0.087717
0.078011
0.037878
0.307209
0.032432
0.260627
0.181756
0.066963
0.111994
0.059266
0.404507
0.287691
0.009965
0.278214
0.096758
0.480052
0.014461
0.042019
0.304021
0.030591
0.238594
0.425779
0.231554
0.510050
0.298137
0.114995
0.141317
0.167040
0.438831
0.141456
0.396959
0.177697
0.467606
0.034127
0.190546
0.234564
0.232816
0.143961
0.345329
0.560769
0.216315
0.277963
0.375682
0.066386
0.159155
0.086385
0.324398
0.298956
0.082194
0.038193
0.339991
0.336813
0.264785
0.402612
0.049358
0.262619
0.056031
0.565344
0.223945
0.070547
0.347211
0.076042
0.104383
0.613431
0.571583
0.230410
0.044418
0.214004
0.169269
0.117490
0.172629
0.210336
0.548372
0.224914
0.308613
0.011112
0.262351
0.004783
0.039093
0.455115
0.438239
0.109415
0.296959
0.673323
0.521389
0.425736
0.251766
0.513556
0.125123
0.380436
0.091982
0.075331
0.105020
0.651381
0.147239
0.097623
0.043535
0.021545
0.085684
0.443178
0.433445
0.314764
0.055081
0.019952
0.346659
0.023319
0.490294
0.425050
0.130917
0.127061
0.058723
0.129884
0.034481
0.092569
0.113667
0.245849
0.197671
0.070178
0.062187
0.465264
0.122771
0.091802
0.293122
0.516419
0.129736
0.354324
0.285486
0.195670
0.404048
0.397871
0.240259
0.039683
0.331402
0.526444
0.101138
0.046993
0.308923
0.314919
0.108850
0.318606
0.297744
0.233763
0.034665
0.067319
0.204278
0.058345
0.197750
0.227997
0.258281
0.273947
0.468567
0.180554
0.293060
0.194199
0.184171
0.178238
0.089537
0.139696
0.468222
0.279251
0.556551
0.083884
0.636924
0.222379
0.254566
0.014580
0.146857
0.199416
0.280427
0.010049
0.527799
0.326284
0.142530
0.303694
0.207554
0.437316
0.102889
0.239367
0.171252
0.579854
0.028568
0.371223
0.291968
0.017690
0.488314
0.244785
0.262589
0.194073
0.290656
0.534150
0.198546
0.312691
0.059439
0.074970
0.613593
0.266064
0.418250
0.019737
0.008512
0.376004
0.337388
0.024681
0.073159
0.206586
0.241068
0.421371
0.001036
0.126305
0.239429
0.313095
0.069913
0.147392
0.372205
0.049347
0.194932
0.382629
0.237340
0.291544
0.309092
0.316614
0.315957
0.012241
0.231222
0.068546
0.068702
0.403896
0.116236
0.010832
0.542881
0.050897
0.164726
0.164539
0.213741
0.384375
0.139603
0.245460
0.470369
0.611446
0.317355
0.575679
0.186704
0.416462
0.139656
0.098538
0.272884
0.037613
0.265077
0.342510
0.110373
0.378725
0.024964
0.098967
0.327539
0.398804
0.043739
0.357532
0.216159
0.071788
0.427653
0.212830
0.390970
0.480230
0.010338
0.011402
0.563552
0.088227
0.396792
0.520031
0.103631
0.492247
0.347086
0.352742
0.103870
0.057574
0.008358
0.246582
0.533385
0.006485
0.045418
0.143804
0.007610
0.302082
0.100745
0.006552
0.026239
0.397359
0.104233
0.091380
0.416035
0.159193
0.109327
0.394529
0.600295
0.036262
0.178848
0.437316
0.293404
0.019189
0.544801
0.361090
0.131014
0.181773
0.068252
0.221607
0.042224
0.195952
0.589240
0.158306
0.023138
0.207313
0.272809
0.329486
0.113973
0.034925
0.225709
0.057770
0.588973
0.464597
0.174967
0.301818
0.182466
0.330459
0.325825
0.269734
0.130118
0.076254
0.032077
0.510396
0.073770
0.557215
0.332455
0.301254
0.140187
0.021860
0.544947
0.035588
0.305195
0.414306
0.454135
0.432242
0.156340
0.150459
0.054814
0.364885
0.129876
0.493201
0.137433
0.200502
0.598666
0.225934
0.343570
0.019217
0.109085
0.001620
0.326548
0.145641
0.413573
0.011373
0.365984
0.024787
0.526863
0.356894
0.349747
0.286891
0.535362
0.163260
0.243016
0.364068
0.155734
0.085233
0.241017
0.272837
0.377468
0.401201
0.131728
0.453143
0.478763
0.355795
0.126605
0.329733
0.215524
0.268274
0.457765
0.224040
0.038964
0.260713
0.416541
0.778857
0.614671
0.123429
0.177136
0.523309
0.301788
0.362005
0.302678
0.519645
0.167093
0.244414
0.103096
0.083217
0.223819
0.081962
0.069962
0.042338
0.037734
0.465532
0.002396
0.369443
0.139075
0.013685
0.046472
0.300947
0.395391
0.474940
0.307371
0.111188
0.486290
0.626862
0.352722
0.034518
0.095238
0.610362
0.302305
0.309305
0.334781
0.003019
0.302154
0.095139
0.189200
0.124665
0.367653
0.235395
0.461501
0.414689
0.150211
0.209843
0.345777
0.181815
0.105067
0.162421
0.380984
0.007022
0.396557
0.209804
0.267603
0.196538
0.074880
0.119182
0.030878
0.155370
0.081130
0.406222
0.240733
0.230434
0.013341
0.164327
0.319610
0.608423
0.313953
0.288203
0.318199
0.170652
0.297605
0.051131
0.345499
0.457952
0.116966
0.259653
0.683645
0.232835
0.236638
0.099566
0.217123
0.230215
0.163767
0.380647
0.274629
0.428101
0.166291
0.153476
0.572250
0.179847
0.377191
0.190780
0.401227
0.293796
0.245191
0.106076
0.315083
0.336846
0.159553
0.370811
0.024760
0.184481
0.035389
0.002967
0.243894
0.055133
0.155051
0.334128
0.028529
0.623527
0.132876
0.081009
0.223775
0.228444
0.041450
0.489635
0.190883
0.423188
0.159832
0.004071
0.056143
0.334186
0.657475
0.284788
0.095455
0.203533
0.040902
0.136956
0.483314
0.077967
0.017077
0.276826
0.050591
0.447890
0.234422
0.065135
0.027855
0.096557
0.039250
0.690738
0.084238
0.200535
0.366990
0.048680
0.252100
0.287220
0.164113
0.006515
0.251902
0.006414
0.011223
0.185753
0.496692
0.132686
0.060967
0.640087
0.381019
0.260039
0.130309
0.283341
0.753358
0.230990
0.246978
0.322689
0.455538
0.448746
0.075207
0.133329
0.123199
0.004811
0.091554
0.110205
0.097494
0.033864
0.521504
0.062082
0.181087
0.018718
0.003555
0.069559
0.069101
0.261834
0.131376
0.077308
0.136394
0.247606
0.248065
0.189479
0.319286
0.092595
0.225094
0.306010
0.565234
0.130801
0.033932
0.090871
0.240698
0.211368
0.298923
0.129348
0.199916
0.017766
0.064360
0.063831
0.143522
0.221654
0.288627
0.424367
0.005965
0.253404
0.192363
0.285395
0.232649
0.379275
0.197814
0.386856
0.200917
0.272659
0.627419
0.084366
0.296234
0.363681
0.218971
0.146850
0.103932
0.015040
0.112946
0.038639
0.277591
0.195968
0.305263
0.442493
0.329877
0.137657
0.000743
0.125981
0.032583
0.157437
0.064799
0.133050
0.044351
0.203911
0.434845
0.683207
0.172938
0.332010
0.439973
0.016473
0.079408
0.327756
0.236007
0.196697
0.551149
0.277680
0.354620
0.113685
0.000087
0.233353
0.381410
0.707464
0.170845
0.116043
0.230556
0.372089
0.118774
0.138731
0.538641
0.273110
0.464401
0.085580
0.042065
0.033874
0.245038
0.195216
0.162625
0.455570
0.370243
0.081923
0.080702
0.331867
0.033021
0.346996
0.538689
0.048174
0.066512
0.117825
0.476845
0.379064
0.117579
0.151522
0.056148
0.190872
0.259275
0.365489
0.146019
0.275859
0.515247
0.060307
0.018914
0.149044
0.097711
0.205917
0.167898
0.548742
0.003504
0.017194
0.315027
0.237788
0.123826
0.517073
0.082468
0.029724
0.271967
0.162596
0.220367
0.626390
0.262247
0.433231
0.136146
0.116483
0.030527
0.127431
0.403135
0.366467
0.012263
0.120243
0.538355
0.385284
0.229790
0.071945
0.510740
0.279126
0.255915
0.408808
0.461782
0.100981
0.213065
0.289315
0.095041
0.889300
0.394018
0.305191
0.117913
0.197385
0.277357
0.408054
0.522310
0.080441
0.023742
0.472836
0.032185
0.378319
0.327415
0.321381
0.267977
0.036258
0.349643
0.335638
0.306619
0.433791
0.119710
0.065744
0.128355
0.166692
0.067362
0.107013
0.018997
0.069439
0.202295
0.404633
0.124334
0.535699
0.148349
0.555089
0.388766
0.191615
0.488406
0.028662
0.322193
0.597134
0.135988
0.312034
0.201554
0.357435
0.437566
0.315845
0.028058
0.522846
0.228495
0.174157
0.214381
0.487228
0.372340
0.243231
0.371651
0.013283
0.352364
0.362632
0.350815
0.142448
0.211060
0.244006
0.418360
0.142322
0.243285
0.176883
0.029486
0.049453
0.447299
0.204644
0.014119
0.293748
0.354975
0.449092
0.472605
0.248326
0.150031
0.089533
0.226306
0.017967
0.529197
0.190488
0.116040
0.314739
0.009106
0.367355
0.229562
0.097663
0.031213
0.145059
0.232735
0.073153
0.476174
0.602893
0.144203
0.365629
0.540131
0.136953
0.051074
0.194631
0.279207
0.238743
0.057079
0.376989
0.217797
0.112569
0.036327
0.067437
0.030987
0.076895
0.135230
0.430034
0.187071
0.101293
0.239693
0.497652
0.461250
0.466280
0.096111
0.008101
0.036615
0.207273
0.337412
0.118953
0.208487
0.376478
0.060101
0.085280
0.000894
0.105800
0.315375
0.509392
0.409673
0.055849
0.255202
0.103242
0.500386
0.163589
0.356534
0.415988
0.258416
0.114169
0.253349
0.091747
0.042286
0.171081
0.014211
0.042845
0.485133
0.382514
0.305718
0.123354
0.126540
0.306411
0.117295
0.381521
0.361370
0.294082
0.184440
0.324692
0.163350
0.156125
0.276241
0.157844
0.159060
0.342136
0.301243
0.209084
0.225947
0.617744
0.324511
0.426853
0.399090
0.190477
0.389737
0.139185
0.051444
0.370497
0.444538
0.052793
0.075296
0.031783
0.185838
0.183631
0.323544
0.534780
0.434686
0.319133
0.144813
0.387675
0.156967
0.221938
0.489001
0.127801
0.328221
0.149607
0.076329
0.233590
0.349092
0.030696
0.247497
0.001103
0.117361
0.274402
0.230167
0.341028
0.104519
0.106972
0.482421
0.087046
0.586540
0.181126
0.617389
0.225820
0.186440
0.337091
0.669270
0.356937
0.120373
0.205283
0.379779
0.234852
0.412912
0.000462
0.258954
0.566655
0.352699
0.239540
0.298843
0.124584
0.183918
0.044775
0.298997
0.253825
0.465303
0.210266
0.106407
0.106150
0.147649
0.085969
0.245519
0.121326
0.059892
0.539180
0.239353
0.224537
0.161151
0.330178
0.331606
0.028738
0.054148
0.169995
0.328954
0.001812
0.318201
0.157834
0.157818
0.316260
0.349160
0.352341
0.475788
0.203279
0.352602
0.093946
0.132950
0.208530
0.353295
0.322176
0.102601
0.086037
0.360697
0.451895
0.023044
0.074180
0.121682
0.475450
0.102199
0.266183
0.005271
0.445842
0.204370
0.343857
0.022983
0.190306
0.429075
0.163480
0.221409
0.315401
0.613448
0.266150
0.075098
0.250358
0.329874
0.299603
0.036740
0.133603
0.149928
0.514321
0.159414
0.014148
0.084599
0.022013
0.231628
0.113699
0.009937
0.147661
0.051767
0.546973
0.072749
0.016014
0.136555
0.159493
0.211087
0.388377
0.349669
0.343672
0.061659
0.224774
0.200219
0.032048
0.396256
0.141948
0.507611
0.425932
0.425417
0.120880
0.256924
0.186455
0.064762
0.066459
0.118707
0.401101
0.105013
0.057331
0.340551
0.216426
0.100190
0.270364
0.446921
0.298891
0.455724
0.076824
0.028286
0.059337
0.064442
0.458800
0.219272
0.206523
0.047578
0.126675
0.141417
0.208414
0.115754
0.322040
0.108173
0.181876
0.019785
0.136678
0.200214
0.458132
0.147499
0.416541
0.154833
0.457711
0.090906
0.063011
0.245045
0.004183
0.517893
0.271726
0.210341
0.585600
0.235876
0.052326
0.131867
0.343654
0.590438
0.311169
0.396031
0.297946
0.420330
0.300723
0.143960
0.269638
0.349470
0.250871
0.332429
0.472362
0.020418
0.195207
0.482615
0.183150
0.182165
0.032374
0.277547
0.350223
0.060512
0.028786
0.361980
0.333728
0.093610
0.397464
0.125539
0.404082
0.031039
0.560585
0.170661
0.081063
0.234641
0.075856
0.081975
0.736771
0.700247
0.251832
0.086126
0.227829
0.235695
0.244884
0.144195
0.134884
0.391910
0.216192
0.294709
0.136276
0.254282
0.068911
0.074031
0.390950
0.359329
0.191843
0.314576
0.569010
0.416077
0.500637
0.225350
0.458039
0.125860
0.556800
0.097612
0.092543
0.032116
0.771341
0.189821
0.001568
0.030003
0.030688
0.083965
0.496776
0.402958
0.297550
0.022808
0.074393
0.354172
0.018923
0.449496
0.538231
0.056843
0.212529
0.194797
0.048104
0.117225
0.122933
0.013709
0.356898
0.249983
0.129590
0.100227
0.417788
0.075966
0.133641
0.382039
0.665453
0.069883
0.358620
0.152015
0.212467
0.494846
0.495380
0.154323
0.016262
0.332775
0.457572
0.001797
0.139310
0.278665
0.251607
0.081733
0.246703
0.212825
0.370230
0.074256
0.012496
0.197435
0.132431
0.304141
0.192656
0.155616
0.247506
0.456817
0.016000
0.295983
0.202724
0.144631
0.133067
0.184169
0.088735
0.462666
0.335339
0.432644
0.047885
0.540570
0.335852
0.113714
0.101297
0.126062
0.150349
0.206654
0.096165
0.493867
0.392293
0.099547
0.286062
0.140779
0.571240
0.068020
0.165910
0.003521
0.618090
0.021877
0.266190
0.372951
0.022051
0.324818
0.282448
0.276802
0.161671
0.298387
0.483905
0.181874
0.308591
0.153743
0.131347
0.580107
0.157476
0.355722
0.033109
0.053250
0.327346
0.291808
0.011041
0.171450
0.201223
0.104138
0.494536
0.023869
0.053614
0.272875
0.320930
0.167927
0.236036
0.515218
0.037093
0.321947
0.470104
0.121814
0.378306
0.345007
0.293662
0.291770
0.020260
0.230099
0.175057
0.126412
0.606839
0.118807
0.040580
0.554173
0.128532
0.206076
0.182265
0.250151
0.244663
0.219307
0.219669
0.454781
0.545580
0.327905
0.441591
0.139955
0.432066
0.279632
0.076290
0.155717
0.161690
0.246816
0.180360
0.117880
0.403806
0.021576
0.064614
0.230569
0.415024
0.002708
0.385082
0.345698
0.227540
0.360327
0.409473
0.355892
0.513971
0.085380
0.070737
0.556508
0.104921
0.460883
0.603282
0.179888
0.490989
0.328445
0.408017
0.179730
0.129741
0.172332
0.368696
0.467030
0.096600
0.157816
0.105704
0.038570
0.331993
0.164297
0.106486
0.031576
0.441604
0.189175
0.228008
0.545579
0.215274
0.006044
0.351422
0.588507
0.156096
0.003509
0.198295
0.323060
0.035839
0.492864
0.418022
0.183593
0.187653
0.040609
0.359903
0.261540
0.167366
0.473158
0.083604
0.019318
0.215964
0.311282
0.438100
0.046210
0.013797
0.165774
0.220467
0.408120
0.541880
0.052231
0.326011
0.088968
0.310157
0.304162
0.283376
0.157405
0.001528
0.031171
0.514457
0.124661
0.517028
0.296051
0.406078
0.214255
0.082095
0.507898
0.113582
0.244714
0.307523
0.518019
0.464304
0.325304
0.288068
0.178476
0.376202
0.000468
0.473743
0.146646
0.174843
0.650440
0.186315
0.314674
0.060170
0.074338
0.050522
0.222333
0.109955
0.210609
0.125114
0.516347
0.028586
0.700724
0.283203
0.312268
0.135572
0.488089
0.094548
0.394755
0.468137
0.056746
0.154455
0.195547
0.326974
0.423059
0.464100
0.098881
0.469875
0.366291
0.193664
0.245519
0.188944
0.162960
0.303875
0.441751
0.086884
0.111570
0.244152
0.376208
0.559769
0.425394
0.223299
0.138977
0.388571
0.440716
0.325349
0.306088
0.571050
0.205516
0.213111
0.163800
0.037889
0.289367
0.123729
0.078068
0.013725
0.147981
0.335829
0.058088
0.304491
0.252613
0.122195
0.020498
0.272226
0.471422
0.405443
0.348710
0.199772
0.560639
0.559001
0.230648
0.100339
0.254722
0.689912
0.314605
0.374499
0.267847
0.074115
0.277552
0.223542
0.240513
0.121607
0.347575
0.203288
0.305306
0.355933
0.199679
0.211591
0.398848
0.088569
0.125463
0.248395
0.373473
0.055593
0.322924
0.189365
0.351056
0.213355
0.144671
0.183179
0.077963
0.160009
0.080794
0.380662
0.190165
0.363383
0.112502
0.307863
0.237124
0.627949
0.291248
0.290271
0.230354
0.162762
0.362323
0.071755
0.265057
0.515759
0.220128
0.313338
0.667794
0.277711
0.056354
0.117277
0.256005
0.246826
0.187106
0.447086
0.214233
0.317751
0.290495
0.093799
0.594210
0.331556
0.491997
0.268694
0.393895
0.282767
0.377911
0.189276
0.200534
0.364227
0.100993
0.396575
0.018795
0.226645
0.136330
0.016266
0.321285
0.130254
0.091798
0.254058
0.156978
0.740483
0.116114
0.113217
0.387773
0.168162
0.207978
0.360165
0.150641
0.365046
0.115242
0.105183
0.172916
0.307187
0.595553
0.124569
0.015889
0.204702
0.165013
0.227138
0.537253
0.090273
0.139271
0.336275
0.074533
0.422332
0.268947
0.041170
0.004899
0.058624
0.136602
0.571028
0.079469
0.181731
0.437614
0.044940
0.287073
0.230967
0.202080
0.041752
0.119515
0.124919
0.103382
0.111414
0.523702
0.143460
0.086949
0.493871
0.353396
0.265654
0.027300
0.176506
0.720162
0.216295
0.270728
0.257604
0.329077
0.547712
0.188504
0.058643
0.031883
0.117058
0.119462
0.061855
0.169899
0.024428
0.295863
0.112599
0.289003
0.048934
0.021257
0.026411
0.152909
0.201945
0.066794
0.214549
0.039936
0.297548
0.202885
0.178670
0.169202
0.121042
0.196480
0.175208
0.601425
0.082700
0.032472
0.210842
0.105448
0.275675
0.342934
0.190373
0.213753
0.072965
0.004592
0.004052
0.185200
0.312212
0.216959
0.463071
0.145993
0.267854
0.059037
0.296844
0.323048
0.343201
0.117561
0.419271
0.104313
0.232746
0.540084
0.106477
0.393943
0.418441
0.118767
0.178798
0.087498
0.024964
0.066164
0.012121
0.321581
0.346751
0.089900
0.437319
0.185088
0.239053
0.105874
0.129460
0.001147
0.074445
0.132161
0.100025
0.072886
0.347726
0.365639
0.599119
0.247806
0.328575
0.187071
0.019018
0.001377
0.182937
0.221702
0.094148
0.461801
0.407996
0.476052
0.279850
0.103723
0.269441
0.336120
0.648696
0.375013
0.273532
0.067365
0.409199
0.170300
0.172595
0.631189
0.288043
0.432394
0.171189
0.007058
0.084934
0.235004
0.193784
0.131199
0.380455
0.294569
0.244033
0.159521
0.171764
0.082378
0.313089
0.446213
0.013607
0.038137
0.065854
0.421834
0.376273
0.052389
0.350488
0.086789
0.234937
0.336098
0.276804
0.126883
0.156437
0.444998
0.046261
0.030520
0.198742
0.030750
0.143642
0.134929
0.565975
0.051758
0.036668
0.024212
0.208993
0.021428
0.507282
0.185429
0.005152
0.283853
0.134623
0.110894
0.657355
0.355929
0.439475
0.004627
0.083383
0.032877
0.136358
0.383974
0.421188
0.035271
0.011680
0.478771
0.320229
0.134945
0.011429
0.381696
0.229789
0.328825
0.287269
0.441975
0.253998
0.250063
0.266798
0.095604
0.645020
0.349091
0.217932
0.033082
0.110110
0.196425
0.341866
0.569862
0.056008
0.055528
0.548029
0.094997
0.396732
0.332719
0.197105
0.160797
0.190249
0.294348
0.257161
0.340117
0.174250
0.121361
0.033764
0.068230
0.199752
0.147776
0.074398
0.048283
0.120199
0.252483
0.266405
0.032220
0.503478
0.147861
0.596006
0.261553
0.113733
0.452974
0.107178
0.393288
0.463174
0.116350
0.334383
0.242180
0.353968
0.634681
0.319234
0.114616
0.594980
0.180158
0.275079
0.235843
0.520436
0.416898
0.082456
0.446946
0.099536
0.406445
0.477102
0.363432
0.210351
0.401487
0.336428
0.345874
0.232640
0.217491
0.109077
0.100922
0.079252
0.401532
0.099576
0.159040
0.286414
0.392953
0.341754
0.345699
0.315162
0.212344
0.131278
0.123101
0.009800
0.569253
0.278529
0.226057
0.300566
0.117577
0.460167
0.220203
0.073720
0.022100
0.069011
0.246955
0.178909
0.488282
0.456036
0.249933
0.316198
0.498328
0.049268
0.069380
0.214965
0.265666
0.189937
0.137983
0.375766
0.274817
0.261320
0.033880
0.040181
0.195789
0.118368
0.115774
0.528585
0.257538
0.056574
0.169449
0.566380
0.519563
0.312519
0.205851
0.016651
0.048060
0.309628
0.263553
0.080996
0.199231
0.396014
0.129816
0.039451
0.066243
0.046894
0.407358
0.414134
0.293433
0.220973
0.152968
0.156009
0.527756
0.187975
0.269869
0.313293
0.310613
0.133944
0.140721
0.070782
0.210884
0.130388
0.010862
0.020749
0.501024
0.382865
0.233796
0.152593
0.126664
0.368435
0.188946
0.367179
0.400921
0.306181
0.173706
0.174577
0.225620
0.251248
0.278586
0.014314
0.229179
0.316486
0.375301
0.404526
0.294673
0.563893
0.311670
0.478323
0.411328
0.088480
0.367645
0.123482
0.058783
0.384779
0.331553
0.006275
0.009391
0.016454
0.015528
0.119873
0.328203
0.501491
0.427617
0.330126
0.091279
0.417109
0.056904
0.237055
0.534225
0.120711
0.350769
0.007242
0.006940
0.348680
0.411847
0.117499
0.280113
0.046845
0.040389
0.336454
0.136282
0.207138
0.109046
0.051970
0.385339
0.128496
0.414612
0.048505
0.656037
0.327798
0.120512
0.337613
0.696560
0.342462
0.029757
0.281763
0.502330
0.257737
0.321408
0.122255
0.297106
0.557375
0.243380
0.290716
0.260933
0.248253
0.313420
0.039330
0.256778
0.290011
0.318478
0.168042
0.231078
0.115200
0.073559
0.034896
0.233016
0.209572
0.050942
0.577044
0.314991
0.227508
0.090642
0.440187
0.386244
0.049869
0.010227
0.143170
0.217516
0.184813
0.393617
0.140830
0.162012
0.290756
0.224626
0.417722
0.439696
0.228490
0.364885
0.037415
0.174921
0.045137
0.377765
0.258583
0.235737
0.063278
0.312430
0.398818
0.062456
0.039253
0.180682
0.403073
0.042258
0.154788
0.105878
0.507236
0.217890
0.281286
0.071911
0.189911
0.430046
0.034491
0.068080
0.274643
0.623450
0.284161
0.055077
0.114212
0.241988
0.435619
0.146000
0.183923
0.090011
0.368045
0.350707
0.006956
0.128931
0.054089
0.179783
0.078847
0.026026
0.198311
0.075319
0.517118
0.201452
0.139062
0.333026
0.320308
0.215943
0.299200
0.372076
0.335160
0.153811
0.258147
0.152328
0.090861
0.527769
0.133600
0.551539
0.264368
0.432208
0.010122
0.244167
0.106340
0.125981
0.096744
0.044802
0.229370
0.196698
0.031700
0.411772
0.087379
0.136615
0.100898
0.417015
0.287173
0.339558
0.048560
0.021290
0.192443
0.198189
0.418795
0.481065
0.310085
0.203592
0.172064
0.260307
0.159397
0.173059
0.383213
0.080730
0.360128
0.058290
0.372743
0.020061
0.553130
0.257667
0.428854
0.218458
0.409419
0.137136
0.122752
0.174267
0.052072
0.695557
0.087679
0.166883
0.596011
0.250854
0.050751
0.216704
0.437531
0.672454
0.475024
0.328710
0.332249
0.346709
0.447511
0.104623
0.234531
0.432846
0.266058
0.286142
0.349945
0.171777
0.062670
0.580764
0.273955
0.263225
0.012674
0.214030
0.363261
0.194640
0.128581
0.373753
0.231222
0.123419
0.318222
0.215720
0.483362
0.022288
0.564082
0.115596
0.279485
0.163011
0.095877
0.036003
0.671874
0.700747
0.203565
0.080531
0.243186
0.255746
0.358744
0.192091
0.009783
0.242361
0.161444
0.217136
0.242875
0.266962
0.155490
0.108089
0.345141
0.335711
0.185816
0.286006
0.422713
0.288684
0.468814
0.196127
0.389493
0.403952
0.669336
0.194073
0.175187
0.007185
0.826894
0.243477
0.050456
0.077695
0.032418
0.117147
0.498877
0.311516
0.272152
0.022970
0.126323
0.254286
0.012590
0.415024
0.597754
0.029324
0.285646
0.439430
0.091968
0.235107
0.200031
0.097265
0.494151
0.325888
0.108748
0.124453
0.201261
0.038872
0.251627
0.454442
0.715599
0.046781
0.384113
0.019832
0.299330
0.550875
0.442336
0.100131
0.091849
0.287879
0.404217
0.035028
0.218007
0.239387
0.138921
0.093409
0.180276
0.069198
0.452471
0.112683
0.034861
0.222967
0.199649
0.337238
0.123454
0.073973
0.192401
0.387238
0.288906
0.332852
0.174791
0.051808
0.056901
0.296229
0.042882
0.421169
0.362386
0.345945
0.113676
0.326706
0.449142
0.018874
0.197360
0.017012
0.064408
0.101434
0.123885
0.437610
0.435665
0.073220
0.287400
0.150239
0.651023
0.005843
0.101009
0.161945
0.621317
0.037054
0.244178
0.357922
0.007976
0.148941
0.283719
0.285775
0.066882
0.339047
0.272914
0.120024
0.328866
0.323749
0.230220
0.503858
0.014901
0.263477
0.039481
0.119650
0.231618
0.219259
0.069464
0.322919
0.169207
0.029538
0.493248
0.032881
0.075676
0.292624
0.380928
0.434049
0.299038
0.583128
0.179210
0.356247
0.509035
0.010687
0.377240
0.413975
0.255322
0.169658
0.017441
0.229842
0.270369
0.114140
0.706974
0.113989
0.070464
0.550927
0.144309
0.243505
0.209292
0.245138
0.133043
0.282863
0.177532
0.445413
0.440491
0.288132
0.234707
0.120930
0.439966
0.406881
0.039371
0.027647
0.232356
0.226310
0.011743
0.098065
0.437068
0.073665
0.008728
0.088171
0.450232
0.048164
0.345754
0.514103
0.406245
0.276039
0.580618
0.289895
0.432526
0.197723
0.108369
0.431199
0.024041
0.565660
0.517298
0.200273
0.438109
0.287240
0.487497
0.262798
0.201660
0.347274
0.322075
0.372488
0.243309
0.258837
0.066993
0.073403
0.383807
0.181433
0.197563
0.089482
0.513812
0.243786
0.415516
0.585349
0.203581
0.082983
0.307387
0.605368
0.293806
0.094406
0.027603
0.339603
0.026379
0.411744
0.506465
0.195478
0.185378
0.062019
0.376735
0.392238
0.129457
0.337334
0.098917
0.002932
0.327023
0.330847
0.432063
0.198388
0.066598
0.049538
0.378222
0.188643
0.569422
0.021661
0.340328
0.056441
0.383828
0.167351
0.304946
0.159044
0.140320
0.045110
0.444559
0.065747
0.472961
0.276528
0.419362
0.162616
0.155430
0.510320
0.125786
0.190424
0.150947
0.474538
0.399263
0.338540
0.456888
0.343467
0.420852
0.042897
0.348019
0.205081
0.124916
0.648909
0.208220
0.279049
0.135985
0.262340
0.080901
0.159492
0.089170
0.026240
0.171011
0.609886
0.063757
0.786492
0.138222
0.274683
0.030453
0.510500
0.056295
0.478444
0.562187
0.057311
0.269861
0.164699
0.428874
0.315307
0.424297
0.225583
0.423522
0.215596
0.054825
0.412467
0.028848
0.105407
0.281723
0.419111
0.078113
0.192763
0.161747
0.363764
0.271121
0.269772
0.369945
0.060219
0.258063
0.526779
0.240036
0.301486
0.444508
0.257924
0.114219
0.268874
0.012653
0.408666
0.253146
0.140250
0.081740
0.307095
0.214972
0.129633
0.171338
0.312092
0.247538
0.047134
0.232091
0.523923
0.317857
0.294336
0.190519
0.618787
0.423693
0.089355
0.090127
0.322929
0.628658
0.330964
0.452513
0.276509
0.079564
0.278430
0.362736
0.285499
0.105143
0.364590
0.096585
0.139738
0.224362
0.191952
0.200522
0.361422
0.022086
0.111848
0.289476
0.388911
0.042744
0.137017
0.129939
0.402524
0.144938
0.144155
0.259499
0.256166
0.135986
0.021876
0.311248
0.187933
0.480692
0.191253
0.385048
0.180232
0.530198
0.323318
0.181032
0.122031
0.069786
0.416236
0.082659
0.229961
0.506437
0.297683
0.405120
0.555609
0.290034
0.184393
0.142864
0.247062
0.161991
0.254824
0.421661
0.092944
0.187508
0.379115
0.055499
0.486879
0.394877
0.545364
0.285298
0.381806
0.241089
0.518228
0.335007
0.114215
0.398636
0.001958
0.363399
0.003991
0.265789
0.286648
0.043392
0.348445
0.175373
0.042939
0.106651
0.262418
0.685243
0.121039
0.195819
0.538817
0.174702
0.284211
0.228049
0.105135
0.314791
0.009131
0.174616
0.305114
0.158355
0.388610
0.108925
0.082358
0.135839
0.236096
0.296603
0.520665
0.101282
0.264097
0.481791
0.129056
0.347563
0.267301
0.069786
0.000171
0.127119
0.229446
0.446936
0.038840
0.195974
0.404185
0.070950
0.396940
0.150454
0.262864
0.063511
0.016735
0.188836
0.234309
0.050513
0.464659
0.124380
0.272667
0.396534
0.243891
0.228802
0.111585
0.009933
0.595869
0.149344
0.267002
0.142915
0.168919
0.564824
0.215337
0.014715
0.095968
0.221674
0.147362
0.204504
0.200975
0.079183
0.088422
0.102527
0.258904
0.086679
0.022550
0.056142
0.179046
0.138215
0.019960
0.349882
0.195437
0.259679
0.195695
0.226361
0.011405
0.126298
0.119575
0.010008
0.576573
0.332000
0.065346
0.310334
0.036701
0.282211
0.297778
0.218069
0.271889
0.102154
0.044844
0.049611
0.262453
0.359687
0.119549
0.477086
0.201191
0.345140
0.040894
0.354791
0.398456
0.269054
0.019258
0.466297
0.052179
0.127505
0.342043
0.216943
0.432096
0.472140
0.095759
0.222374
0.088520
0.063887
0.088208
0.018073
0.329386
0.424107
0.052067
0.392002
0.082329
0.278490
0.187199
0.149858
0.025717
0.008142
0.128798
0.010198
0.229463
0.413702
0.334525
0.390955
0.249693
0.307577
0.006350
0.046621
0.062085
0.078270
0.215019
0.060546
0.310488
0.520509
0.624946
0.443319
0.161234
0.285073
0.318183
0.494946
0.481243
0.367521
0.115553
0.305528
0.169616
0.174588
0.604007
0.328523
0.416023
0.281199
0.057659
0.142217
0.165451
0.222604
0.056107
0.302086
0.175891
0.362554
0.235826
0.014426
0.070283
0.280436
0.339228
0.100299
0.125834
0.005921
0.351935
0.392967
0.013639
0.600124
0.169839
0.293575
0.379439
0.252162
0.110310
0.031728
0.404480
0.111649
0.027974
0.245449
0.096088
0.106900
0.044648
0.512061
0.132910
0.000151
0.239025
0.163949
0.139558
0.463931
0.355860
0.004671
0.324785
0.144690
0.013650
0.666428
0.442887
0.382410
0.120430
0.046604
0.015146
0.128321
0.318211
0.437899
0.006748
0.144118
0.445798
0.243952
0.015980
0.031575
0.221969
0.167179
0.353460
0.107298
0.339607
0.349062
0.296000
0.257645
0.112453
0.351846
0.212333
0.171877
0.123221
0.029039
0.129570
0.249554
0.518612
0.006901
0.040797
0.565733
0.151560
0.353889
0.231673
0.164259
0.132511
0.356250
0.321473
0.170192
0.338539
0.011843
0.119566
0.074350
0.022462
0.182151
0.227504
0.049985
0.111679
0.155503
0.294371
0.075277
0.094361
0.429204
0.177362
0.556418
0.087087
0.092721
0.403084
0.224968
0.390065
0.322873
0.114056
0.309422
0.284547
0.333781
0.674272
0.318109
0.226631
0.458522
0.184070
0.424535
0.230889
0.511939
0.412683
0.001349
0.500379
0.225989
0.398388
0.537472
0.317469
0.237685
0.481508
0.441744
0.344278
0.296791
0.187268
0.109543
0.178992
0.127077
0.408973
0.098575
0.232219
0.223285
0.429107
0.196375
0.206366
0.355594
0.184936
0.314671
0.093276
0.045362
0.572000
0.242267
0.338072
0.300901
0.152076
0.579726
0.210866
0.025081
0.037594
0.048678
0.247424
0.294747
0.513833
0.360913
0.358035
0.208746
0.492664
0.028019
0.138718
0.270979
0.262765
0.088894
0.164641
0.380743
0.318522
0.299042
0.118584
0.077004
0.296864
0.283394
0.012658
0.595470
0.255366
0.038879
0.080158
0.593810
0.511906
0.124741
0.347560
0.089877
0.087751
0.460762
0.240078
0.001753
0.203756
0.362269
0.189978
0.015846
0.023245
0.022962
0.454899
0.301758
0.225159
0.335591
0.005567
0.245966
0.517152
0.215720
0.148270
0.185937
0.374469
0.098263
0.030817
0.048372
0.284574
0.116155
0.000304
0.089474
0.466430
0.335799
0.175454
0.258719
0.131400
0.440719
0.204075
0.313619
0.331855
0.340185
0.182650
0.107606
0.354498
0.298655
0.224561
0.063228
0.260092
0.323618
0.408984
0.544049
0.301307
0.462216
0.289275
0.488529
0.360078
0.051620
0.361491
0.133595
0.108596
0.325630
0.161477
0.064989
0.110347
0.013626
0.163430
0.008004
0.339479
0.368968
0.427574
0.308955
0.030423
0.436403
0.231955
0.203738
0.525414
0.132359
0.330094
0.054140
0.130956
0.387778
0.421008
0.277209
0.323648
0.058869
0.053876
0.301448
0.045179
0.069621
0.392675
0.073469
0.276398
0.205383
0.269115
0.106304
0.551096
0.443460
0.069329
0.220601
0.618754
0.262425
0.131357
0.334067
0.579586
0.360788
0.166834
0.223247
0.325950
0.544224
0.155673
0.277107
0.267661
0.367214
0.454302
0.144220
0.258803
0.304628
0.066316
0.187527
0.389940
0.181171
0.034958
0.002927
0.170918
0.295690
0.066705
0.600356
0.352157
0.275438
0.031144
0.525312
0.411591
0.171459
0.076691
0.249563
0.102359
0.309562
0.419004
0.157335
0.120799
0.197641
0.098826
0.436140
0.345514
0.234916
0.355764
0.048470
0.186127
0.101191
0.463665
0.124950
0.402986
0.026425
0.161266
0.240744
0.156079
0.081896
0.213320
0.225197
0.004304
0.053574
0.224434
0.515620
0.185252
0.287581
0.156779
0.103073
0.406487
0.063773
0.122331
0.120973
0.539676
0.276486
0.099780
0.025577
0.155832
0.561508
0.232227
0.298654
0.072293
0.191557
0.459875
0.032222
0.157607
0.133291
0.177247
0.029512
0.052098
0.253090
0.092337
0.372814
0.363334
0.200830
0.481856
0.503945
0.212331
0.220304
0.267309
0.365066
0.230965
0.328366
0.148965
0.144741
0.578857
0.094323
0.592381
0.145823
0.458801
0.061030
0.125599
0.044155
0.160224
0.148751
0.004750
0.050095
0.232690
0.007339
0.364326
0.031898
0.147998
0.035186
0.433815
0.230316
0.252637
0.025640
0.000259
0.325802
0.367443
0.436923
0.679249
0.425263
0.384007
0.260790
0.320707
0.149181
0.205286
0.387330
0.038046
0.489208
0.130226
0.535576
0.112444
0.550600
0.330562
0.364665
0.297543
0.331866
0.168536
0.193781
0.123725
0.123057
0.713511
0.099324
0.095395
0.482012
0.223991
0.131967
0.239352
0.426967
0.626231
0.564267
0.252303
0.279391
0.254554
0.510241
0.133545
0.261416
0.499853
0.281992
0.246677
0.249000
0.258178
0.073831
0.628729
0.327514
0.351051
0.044340
0.217297
0.348242
0.328809
0.209585
0.318159
0.049190
0.266673
0.195968
0.310321
0.497735
0.026147
0.576768
0.054078
0.459658
0.091365
0.079149
0.039698
0.561365
0.629987
0.061484
0.059566
0.267753
0.253620
0.478596
0.240861
0.191611
0.135302
0.133942
0.079497
0.347838
0.276322
0.224265
0.004892
0.276252
0.314142
0.145149
0.171225
0.273302
0.147521
0.393381
0.192602
0.252193
0.638482
0.690456
0.204629
0.251646
0.026684
0.720938
0.249973
0.141635
0.090312
0.131340
0.174298
0.436065
0.117762
0.237589
0.035302
0.176347
0.244252
0.076546
0.366232
0.567447
0.183279
0.379407
0.640603
0.122140
0.289672
0.310463
0.221552
0.568536
0.384627
0.085211
0.212767
0.104207
0.203344
0.421250
0.442217
0.703710
0.281940
0.397135
0.135241
0.308764
0.501818
0.338027
0.048023
0.125363
0.312293
0.408352
0.042116
0.249333
0.204151
0.072756
0.076043
0.161610
0.042524
0.526954
0.152021
0.090503
0.239355
0.239506
0.311939
0.129530
0.012310
0.101681
0.250092
0.518701
0.381554
0.159935
0.007601
0.042657
0.418081
0.037786
0.245262
0.362690
0.280615
0.142487
0.072610
0.569613
0.024289
0.249270
0.164978
0.004238
0.017231
0.163042
0.413846
0.456358
0.083044
0.193026
0.216968
0.609699
0.065933
0.030254
0.255140
0.584858
0.165037
0.185018
0.409858
0.049041
0.020537
0.294229
0.329314
0.023285
0.312289
0.094807
0.131529
0.349701
0.402976
0.333158
0.409199
0.024298
0.164238
0.019640
0.163203
0.143582
0.208682
0.072417
0.397045
0.166941
0.212177
0.457397
0.095123
0.132988
0.314429
0.450108
0.664126
0.384744
0.565575
0.274255
0.324218
0.458931
0.066290
0.341751
0.438035
0.192026
0.055082
0.003713
0.232494
0.262781
0.003254
0.768077
0.100780
0.102934
0.488686
0.149829
0.263995
0.179558
0.210257
0.039130
0.383549
0.193710
0.376653
0.227875
0.184402
0.067504
0.078560
0.364039
0.533496
0.067267
0.120361
0.241840
0.194446
0.150007
0.091150
0.443990
0.175052
0.040089
0.117305
0.477576
0.126942
0.227133
0.655345
0.544991
0.212838
0.598742
0.176878
0.262854
0.312936
0.175237
0.393612
0.117249
0.581614
0.449156
0.148259
0.343089
0.234969
0.443262
0.233691
0.216353
0.440989
0.217201
0.226128
0.390745
0.315738
0.026519
0.117822
0.365297
0.207038
0.230405
0.130208
0.503236
0.251500
0.513243
0.537548
0.125093
0.134470
0.188942
0.515644
0.361735
0.211737
0.133767
0.336756
0.000090
0.280740
0.551070
0.195168
0.212315
0.141693
0.307448
0.554034
0.046187
0.186831
0.298894
0.022586
0.421294
0.294755
0.435089
0.370589
0.092613
0.060468
0.571832
0.082174
0.580958
0.007207
0.360341
0.125472
0.378966
0.009678
0.264764
0.186423
0.217936
0.064398
0.355757
0.036204
0.372649
0.269491
0.348708
0.105464
0.203475
0.449793
0.102016
0.127590
0.020290
0.406719
0.276006
0.305534
0.490828
0.474648
0.438975
0.055395
0.277466
0.257522
0.091212
0.560008
0.265978
0.223879
0.180626
0.482597
0.112987
0.129535
0.061835
0.080561
0.175893
0.588705
0.132718
0.612929
0.057817
0.178973
0.043597
0.526891
0.185366
0.522252
0.590818
0.150424
0.300915
0.142932
0.532903
0.171941
0.250974
0.436192
0.283316
0.076943
0.034537
0.560526
0.082878
0.009483
0.284282
0.328410
0.228485
0.214565
0.096019
0.365230
0.012339
0.100476
0.487309
0.036851
0.118794
0.607681
0.048923
0.328608
0.242241
0.327563
0.031372
0.320950
0.051406
0.483740
0.300597
0.189266
0.129552
0.521559
0.076647
0.187262
0.056626
0.305844
0.387196
0.133342
0.226843
0.556959
0.310864
0.203010
0.154942
0.557123
0.297139
0.002676
0.105671
0.437518
0.379782
0.365637
0.420421
0.251087
0.024123
0.362429
0.444887
0.325769
0.039506
0.285926
0.012717
0.018414
0.089145
0.165994
0.205714
0.360151
0.005606
0.046820
0.197037
0.379158
0.037307
0.076618
0.091320
0.357127
0.119486
0.108168
0.261405
0.387965
0.174570
0.062988
0.156721
0.196311
0.510152
0.200033
0.427311
0.104076
0.350370
0.266812
0.122845
0.064871
0.061851
0.407140
0.038854
0.204294
0.468262
0.392009
0.451219
0.403272
0.254769
0.328960
0.197649
0.263111
0.028084
0.265692
0.388670
0.023916
0.086136
0.407282
0.017064
0.329208
0.449213
0.541867
0.276194
0.341451
0.208797
0.578900
0.474534
0.092462
0.397180
0.106258
0.309098
0.003634
0.298920
0.346551
0.091848
0.223876
0.201809
0.006316
0.002469
0.375347
0.577224
0.176107
0.211916
0.562905
0.155010
0.320293
0.115439
0.128759
0.254460
0.069463
0.244647
0.402670
0.037434
0.141671
0.351989
0.226472
0.052711
0.135007
0.405930
0.471798
0.111952
0.374285
0.578544
0.108594
0.316874
0.309538
0.151866
0.083042
0.244792
0.314366
0.291169
0.046871
0.258918
0.315229
0.115498
0.455596
0.170577
0.351092
0.071744
0.120749
0.253528
0.290786
0.014532
0.368286
0.091754
0.419907
0.261584
0.125506
0.168926
0.155404
0.174438
0.398849
0.083141
0.191713
0.009913
0.110902
0.514632
0.288969
0.068039
0.238402
0.288694
0.194838
0.268752
0.126882
0.168738
0.089819
0.048399
0.192991
0.151553
0.037685
0.072276
0.236541
0.089768
0.038219
0.516896
0.352836
0.143449
0.148012
0.227411
0.167376
0.123679
0.022799
0.098415
0.463328
0.507936
0.049723
0.285245
0.043069
0.195346
0.300522
0.232842
0.288700
0.072670
0.040437
0.059834
0.345593
0.369316
0.049032
0.395394
0.227263
0.414202
0.032021
0.361483
0.495300
0.161184
0.038351
0.498227
0.014810
0.017892
0.165849
0.350672
0.466946
0.397673
0.135964
0.309103
0.110254
0.116784
0.113819
0.116730
0.336963
0.399755
0.215996
0.292461
0.041574
0.294360
0.212581
0.207182
0.013241
0.012129
0.112717
0.192580
0.315273
0.457089
0.237907
0.212823
0.202438
0.217993
0.073443
0.125788
0.101768
0.298081
0.258293
0.210847
0.185191
0.528564
0.562892
0.604629
0.208501
0.314202
0.291914
0.295146
0.468573
0.312131
0.240261
0.145616
0.174199
0.231442
0.410943
0.378219
0.317166
0.353474
0.138914
0.238781
0.124682
0.210381
0.055973
0.207617
0.109889
0.461536
0.302428
0.082864
0.041376
0.259062
0.290268
0.221453
0.214481
0.108057
0.294358
0.314714
0.006955
0.721205
0.244440
0.275206
0.418954
0.228684
0.055377
0.037124
0.361799
0.204272
0.121469
0.298818
0.117420
0.085167
0.037271
0.423306
0.238980
0.060173
0.432412
0.132407
0.224839
0.345680
0.493286
0.024341
0.371842
0.132580
0.059087
0.556024
0.476096
0.271548
0.259650
0.037106
0.058493
0.126286
0.278431
0.391037
0.085934
0.249803
0.433156
0.114879
0.006491
0.088583
0.011311
0.121476
0.340367
0.050644
0.220320
0.433077
0.313481
0.249020
0.144917
0.045743
0.066012
0.088081
0.162372
0.013826
0.075144
0.138672
0.457540
0.089752
0.002388
0.566228
0.305441
0.349009
0.025892
0.149695
0.180533
0.568959
0.310961
0.038381
0.369136
0.164195
0.132945
0.074558
0.043935
0.076995
0.280774
0.000167
0.215202
0.216728
0.383855
0.099785
0.204879
0.216283
0.194723
0.359852
0.131486
0.186869
0.291071
0.240629
0.261559
0.166829
0.033870
0.233291
0.272021
0.243662
0.491226
0.337641
0.323282
0.209077
0.188248
0.530320
0.161330
0.479486
0.303835
0.053013
0.553036
0.369044
0.319853
0.635839
0.245171
0.145767
0.481450
0.505856
0.223063
0.337198
0.105026
0.132844
0.299966
0.107944
0.386547
0.061808
0.287332
0.223233
0.463960
0.081564
0.001525
0.353112
0.039529
0.414104
0.069783
0.133916
0.471359
0.150527
0.445687
0.273956
0.113891
0.588363
0.219861
0.031890
0.176371
0.065250
0.247730
0.365732
0.449980
0.221272
0.396748
0.071310
0.401121
0.007270
0.214997
0.340685
0.225158
0.046033
0.215294
0.357486
0.291479
0.326456
0.175577
0.177404
0.287761
0.303394
0.160336
0.626275
0.273974
0.024448
0.013703
0.532840
0.456824
0.091388
0.443399
0.153023
0.151513
0.576450
0.179529
0.058306
0.199977
0.349301
0.292771
0.034955
0.078522
0.078883
0.454932
0.212854
0.194438
0.375986
0.140252
0.335624
0.438750
0.267501
0.021410
0.020998
0.415070
0.109715
0.049816
0.001220
0.229898
0.089278
0.076203
0.131317
0.382308
0.305964
0.139388
0.335317
0.024234
0.401852
0.202738
0.201971
0.240020
0.373819
0.179966
0.060502
0.482953
0.216949
0.160775
0.066959
0.246206
0.307244
0.404763
0.621441
0.303524
0.335466
0.269855
0.470374
0.383276
0.040546
0.289398
0.135966
0.201068
0.296687
0.016451
0.128380
0.182028
0.104222
0.403004
0.105631
0.342440
0.218107
0.359340
0.168115
0.007748
0.373842
0.356142
0.204038
0.457578
0.173491
0.255817
0.102463
0.260388
0.412894
0.374196
0.420595
0.316925
0.090254
0.146978
0.248869
0.009816
0.054616
0.631351
0.203323
0.230086
0.250100
0.093743
0.222984
0.339524
0.515478
0.235888
0.157758
0.500137
0.064109
0.292104
0.341824
0.494951
0.426187
0.019884
0.355848
0.382525
0.513827
0.017969
0.218052
0.240929
0.426756
0.506066
0.299120
0.244404
0.295999
0.183106
0.177916
0.566512
0.233431
0.135250
0.006442
0.058710
0.344621
0.124154
0.583313
0.400384
0.351005
0.037430
0.570451
0.480498
0.280747
0.166938
0.402855
0.045819
0.376763
0.411195
0.192258
0.024076
0.025415
0.055803
0.345537
0.212237
0.141286
0.363961
0.064995
0.208185
0.258278
0.414987
0.045030
0.517136
0.035410
0.105293
0.042919
0.157017
0.127854
0.221758
0.038561
0.023008
0.058185
0.323671
0.507724
0.182255
0.348807
0.214678
0.008542
0.365282
0.123104
0.247703
0.042213
0.376133
0.227646
0.170640
0.117778
0.048231
0.557209
0.217766
0.391356
0.098091
0.074535
0.378060
0.119786
0.111858
0.243612
0.212906
0.018112
0.048751
0.313984
0.092154
0.256918
0.469350
0.187313
0.550449
0.623810
0.222188
0.120408
0.121860
0.282967
0.326040
0.409284
0.128624
0.177747
0.524066
0.038534
0.502645
0.041359
0.425486
0.160571
0.114995
0.100607
0.110487
0.191513
0.029496
0.198478
0.231294
0.019324
0.279962
0.001658
0.136743
0.179998
0.467875
0.172182
0.164657
0.049176
0.002554
0.443070
0.500617
0.406368
0.782482
0.505947
0.522044
0.385669
0.322916
0.199623
0.253799
0.404140
0.068762
0.552672
0.164144
0.612326
0.198748
0.488015
0.362002
0.254695
0.358369
0.242728
0.145525
0.256315
0.168386
0.221203
0.579271
0.218579
0.033210
0.335879
0.216345
0.260577
0.265459
0.310371
0.417729
0.546656
0.176192
0.231572
0.224243
0.469769
0.209221
0.264808
0.476300
0.255841
0.155735
0.201589
0.303355
0.135762
0.529299
0.346968
0.501147
0.025586
0.208270
0.334868
0.393537
0.306799
0.294606
0.139955
0.368397
0.057924
0.356902
0.428787
0.128572
0.579647
0.026294
0.606225
0.075514
0.003200
0.049597
0.475982
0.525534
0.055399
0.031122
0.215451
0.222938
0.537462
0.268984
0.374533
0.010411
0.056224
0.042010
0.425682
0.250438
0.285357
0.093998
0.220587
0.314656
0.079326
0.077930
0.151531
0.058443
0.328383
0.170927
0.123776
0.670945
0.619787
0.248857
0.317548
0.055466
0.501437
0.180662
0.156841
0.011267
0.181855
0.212241
0.433702
0.075618
0.292627
0.099469
0.184301
0.155035
0.132322
0.210783
0.423510
0.258183
0.412978
0.715704
0.189822
0.302160
0.365000
0.305341
0.577338
0.489706
0.086347
0.273419
0.380473
0.311824
0.571516
0.399580
0.568047
0.480538
0.391110
0.240564
0.387896
0.373042
0.186953
0.003706
0.136678
0.345197
0.365417
0.129245
0.208288
0.177002
0.014710
0.098953
0.122353
0.153216
0.512001
0.175414
0.161041
0.290147
0.310351
0.254331
0.190299
0.039788
0.012271
0.134777
0.661442
0.429337
0.111460
0.124854
0.053258
0.548347
0.102569
0.148294
0.356663
0.215743
0.255413
0.125219
0.674934
0.028874
0.248247
0.310759
0.076077
0.006751
0.141171
0.396578
0.494930
0.094083
0.098190
0.289631
0.527206
0.156187
0.030911
0.283157
0.490649
0.290537
0.216250
0.398589
0.140031
0.167422
0.295713
0.347418
0.135509
0.262019
0.044010
0.127188
0.371197
0.367340
0.392791
0.333681
0.029348
0.030376
0.007118
0.217174
0.140070
0.226909
0.078226
0.483488
0.190401
0.338975
0.398993
0.116547
0.204372
0.324244
0.472357
0.745482
0.485590
0.449171
0.383177
0.214504
0.392093
0.111037
0.209045
0.446949
0.105542
0.132368
0.019659
0.243313
0.202924
0.115808
0.576291
0.059140
0.121643
0.415111
0.141531
0.316833
0.187833
0.110642
0.005495
0.464264
0.194300
0.354532
0.005233
0.052901
0.114484
0.002944
0.324843
0.567762
0.107170
0.260820
0.209691
0.090252
0.226077
0.090338
0.338321
0.309010
0.094389
0.293905
0.506107
0.161197
0.110832
0.604453
0.516049
0.132461
0.490438
0.043944
0.059619
0.457470
0.159925
0.240950
0.277143
0.603893
0.294955
0.047247
0.224753
0.224939
0.416510
0.176541
0.201401
0.496533
0.067712
0.087147
0.470239
0.337182
0.000450
0.157696
0.330325
0.201134
0.205003
0.137991
0.451491
0.285234
0.594852
0.404339
0.004382
0.148356
0.117558
0.424616
0.285202
0.208925
0.165030
0.350352
0.026360
0.200089
0.490381
0.134486
0.239084
0.242557
0.218826
0.628871
0.024360
0.004084
0.497314
0.020281
0.480526
0.238631
0.401682
0.504288
0.102795
0.125939
0.733000
0.025784
0.504658
0.100136
0.334790
0.215421
0.302814
0.094655
0.226289
0.236319
0.258941
0.031438
0.273175
0.048897
0.237662
0.252023
0.220168
0.044859
0.190327
0.410475
0.001880
0.058769
0.187496
0.260600
0.200933
0.187617
0.524694
0.540941
0.446895
0.003911
0.186499
0.333145
0.049209
0.378715
0.357822
0.186253
0.156748
0.542982
0.202371
0.097385
0.074806
0.136468
0.062827
0.486926
0.184243
0.416810
0.046073
0.094611
0.021791
0.478776
0.302462
0.528064
0.555511
0.252454
0.303079
0.124282
0.616495
0.016108
0.043709
0.511475
0.129548
0.022558
0.030642
0.650143
0.188157
0.106105
0.198631
0.254825
0.349059
0.183223
0.025505
0.400972
0.272348
0.026194
0.542229
0.190269
0.013848
0.522899
0.151472
0.325537
0.031299
0.380143
0.145673
0.341341
0.090384
0.432897
0.384742
0.215381
0.135983
0.637517
0.072338
0.202298
0.010489
0.187722
0.416104
0.105829
0.169423
0.493070
0.267358
0.105873
0.020262
0.449923
0.239254
0.136357
0.038760
0.528461
0.105734
0.401276
0.350018
0.265696
0.072343
0.404669
0.489813
0.357125
0.027079
0.267232
0.146607
0.092918
0.046996
0.161276
0.167848
0.250968
0.027939
0.080045
0.087445
0.318373
0.058265
0.280157
0.116792
0.201438
0.154034
0.060869
0.223363
0.549012
0.212611
0.168291
0.016869
0.259070
0.507248
0.252630
0.390699
0.006790
0.155538
0.208646
0.009304
0.089502
0.216756
0.402067
0.094210
0.173591
0.360528
0.428978
0.490216
0.220246
0.179624
0.372262
0.314626
0.227314
0.198596
0.351446
0.314184
0.124232
0.040563
0.377350
0.020736
0.102600
0.439066
0.568186
0.172891
0.296443
0.157535
0.500255
0.506656
0.087603
0.350666
0.259553
0.208812
0.005374
0.329678
0.419788
0.127972
0.092056
0.175049
0.022310
0.112049
0.363433
0.431864
0.316320
0.242656
0.513155
0.196144
0.262124
0.024982
0.199465
0.208579
0.159234
0.284336
0.494995
0.219393
0.097071
0.560714
0.333687
0.079836
0.020723
0.397464
0.379908
0.107514
0.476997
0.644654
0.077830
0.239780
0.323570
0.152518
0.254576
0.401105
0.378796
0.144365
0.037555
0.335413
0.194369
0.194916
0.454025
0.227966
0.406617
0.059729
0.210145
0.263756
0.200388
0.021541
0.346159
0.043492
0.550640
0.188955
0.043763
0.063179
0.075132
0.334404
0.193704
0.039006
0.164939
0.165722
0.009574
0.429781
0.296399
0.107734
0.326461
0.255277
0.207792
0.297058
0.024951
0.263819
0.208615
0.005145
0.030754
0.160926
0.195343
0.212932
0.317528
0.096936
0.065483
0.627775
0.489433
0.001358
0.123314
0.241028
0.311325
0.064882
0.040097
0.181047
0.380656
0.638890
0.049529
0.230296
0.098438
0.086063
0.319850
0.245144
0.404421
0.046819
0.036530
0.044609
0.424371
0.372881
0.169418
0.354559
0.207840
0.469368
0.008775
0.402098
0.523743
0.064471
0.121584
0.549332
0.010399
0.133896
0.017401
0.473406
0.490758
0.225182
0.248997
0.373487
0.123623
0.154187
0.166425
0.233338
0.292710
0.342759
0.300721
0.174441
0.001095
0.199513
0.217228
0.268165
0.011559
0.009928
0.046970
0.488298
0.385555
0.488524
0.171050
0.059122
0.076422
0.077488
0.087130
0.221697
0.148138
0.471865
0.286648
0.342200
0.051323
0.487095
0.441604
0.626210
0.232375
0.296220
0.263513
0.121972
0.373151
0.201375
0.282608
0.037811
0.193833
0.279875
0.173638
0.397711
0.272664
0.454962
0.200528
0.368927
0.102000
0.131646
0.045285
0.164069
0.065811
0.519713
0.416727
0.143741
0.005987
0.260719
0.166605
0.268464
0.234636
0.174935
0.321453
0.302055
0.058283
0.790612
0.232329
0.236761
0.466421
0.229825
0.005980
0.050008
0.275655
0.262769
0.296017
0.295164
0.129490
0.110504
0.041172
0.342556
0.338427
0.168395
0.514955
0.097196
0.288529
0.180663
0.620560
0.032106
0.415317
0.087751
0.009844
0.430466
0.544017
0.107990
0.336942
0.031988
0.119359
0.118051
0.236176
0.261213
0.194821
0.242986
0.408104
0.060023
0.040925
0.114749
0.151321
0.165447
0.235487
0.196169
0.137185
0.387902
0.308184
0.226171
0.117567
0.166168
0.159824
0.079116
0.169843
0.086365
0.045497
0.063289
0.249131
0.190903
0.103116
0.476591
0.443312
0.328752
0.195596
0.168144
0.258550
0.659089
0.370559
0.144932
0.407721
0.248511
0.066276
0.061762
0.113938
0.049823
0.320185
0.053740
0.329081
0.276337
0.406266
0.242312
0.189799
0.099471
0.191183
0.108679
0.335930
0.275519
0.138827
0.180726
0.160247
0.009361
0.042706
0.173907
0.224936
0.114884
0.279733
0.381273
0.377119
0.110207
0.185693
0.577773
0.094036
0.423436
0.154404
0.063142
0.499653
0.437476
0.166386
0.641975
0.150414
0.033246
0.380526
0.567471
0.179561
0.407394
0.009695
0.209085
0.330267
0.045880
0.353651
0.098409
0.323410
0.325410
0.456621
0.013954
0.185576
0.322829
0.161941
0.466495
0.052485
0.252413
0.321946
0.002323
0.500889
0.271974
0.053069
0.490883
0.241579
0.047632
0.328439
0.126841
0.250594
0.424857
0.439882
0.173867
0.388510
0.089958
0.375248
0.031595
0.214448
0.456147
0.171290
0.037424
0.223567
0.346537
0.256316
0.238835
0.144339
0.275308
0.261004
0.274374
0.333212
0.579290
0.270814
0.081877
0.115190
0.490488
0.386850
0.276973
0.517705
0.243982
0.148396
0.646864
0.144493
0.138831
0.259208
0.339989
0.386406
0.088338
0.197286
0.087088
0.414656
0.139423
0.186393
0.427741
0.226362
0.420861
0.361540
0.304691
0.115922
0.104359
0.447267
0.100788
0.094987
0.028743
0.074818
0.070815
0.135164
0.088757
0.300402
0.227876
0.106018
0.456470
0.133787
0.246533
0.204566
0.019908
0.124407
0.384713
0.221812
0.060125
0.531996
0.082213
0.054381
0.002577
0.155558
0.264520
0.320203
0.569435
0.238222
0.249453
0.211806
0.413328
0.371258
0.029026
0.276846
0.198749
0.235563
0.296104
0.134161
0.148586
0.282883
0.153361
0.634871
0.197645
0.344761
0.006081
0.255614
0.029588
0.038080
0.315734
0.363240
0.190404
0.332600
0.223284
0.114559
0.052943
0.372979
0.377214
0.248251
0.522221
0.307698
0.148738
0.255685
0.178011
0.023961
0.136198
0.808020
0.335280
0.185327
0.347142
0.045246
0.233054
0.104835
0.539393
0.487652
0.004769
0.356604
0.166424
0.415170
0.309864
0.333148
0.450426
0.218731
0.431532
0.402917
0.497178
0.080503
0.161396
0.205138
0.471074
0.478512
0.446770
0.206640
0.291777
0.362514
0.220804
0.642760
0.286151
0.176921
0.017679
0.027928
0.385824
0.130963
0.474193
0.387613
0.449048
0.086795
0.514511
0.484503
0.363243
0.195345
0.507810
0.118731
0.392987
0.317765
0.248783
0.040034
0.288325
0.013914
0.221100
0.092906
0.100529
0.378201
0.029005
0.193866
0.410909
0.420333
0.233787
0.563146
0.047741
0.116803
0.145836
0.166104
0.133262
0.201137
0.147223
0.074206
0.168455
0.347668
0.469393
0.180603
0.411674
0.279651
0.132036
0.349174
0.114178
0.258711
0.162147
0.245586
0.158221
0.192075
0.107973
0.018329
0.508367
0.181979
0.448420
0.131380
0.018945
0.184208
0.209304
0.125989
0.349241
0.221697
0.000193
0.018464
0.365495
0.111290
0.137932
0.528508
0.108837
0.524190
0.658786
0.194425
0.049281
0.012022
0.258203
0.438736
0.476597
0.146311
0.206635
0.440616
0.010291
0.343890
0.181800
0.419364
0.239601
0.103133
0.183407
0.079040
0.181859
0.021956
0.302017
0.279619
0.046067
0.130815
0.009785
0.086998
0.271134
0.474844
0.151796
0.103847
0.128295
0.014148
0.470154
0.592917
0.431479
0.772251
0.484251
0.571684
0.462192
0.212951
0.262655
0.293418
0.398950
0.117679
0.489034
0.225086
0.543912
0.255430
0.345298
0.389521
0.143964
0.390820
0.109587
0.135566
0.272509
0.260287
0.288334
0.346868
0.249838
0.064339
0.214061
0.171178
0.351615
0.241163
0.164587
0.160814
0.476734
0.136740
0.162243
0.199215
0.291345
0.276812
0.281330
0.425605
0.254052
0.094910
0.208212
0.261483
0.201321
0.397661
0.312738
0.586133
0.028242
0.219223
0.264387
0.470016
0.370387
0.305655
0.295312
0.327305
0.060655
0.379307
0.361298
0.242649
0.548326
0.101969
0.657153
0.072063
0.024506
0.109949
0.431231
0.447412
0.199830
0.158966
0.162624
0.142961
0.549856
0.223298
0.490224
0.130354
0.024485
0.144670
0.497194
0.238491
0.331068
0.266733
0.150079
0.260664
0.012874
0.003138
0.059674
0.011970
0.267090
0.231017
0.014259
0.630662
0.542845
0.189434
0.325190
0.131566
0.193849
0.051899
0.225342
0.140644
0.206624
0.255481
0.432878
0.289479
0.357278
0.197054
0.162655
0.183497
0.201193
0.057862
0.275164
0.308051
0.452706
0.619111
0.223507
0.251494
0.299178
0.359024
0.467951
0.612213
0.139759
0.345279
0.598506
0.353422
0.608521
0.372116
0.428499
0.688201
0.320635
0.285899
0.424382
0.237529
0.000302
0.003967
0.071148
0.414840
0.323180
0.219358
0.142927
0.149160
0.071773
0.083289
0.107056
0.209048
0.476158
0.197372
0.210816
0.264601
0.381787
0.144842
0.284187
0.136409
0.079181
0.066358
0.711754
0.482629
0.102541
0.231858
0.108395
0.650022
0.162352
0.049202
0.344848
0.099923
0.309184
0.290710
0.677083
0.028224
0.241378
0.409345
0.143050
0.033077
0.153549
0.346245
0.513180
0.119061
0.004248
0.337140
0.401114
0.191754
0.098466
0.252905
0.374630
0.454399
0.232425
0.337050
0.215119
0.301811
0.210147
0.328775
0.134372
0.200038
0.090861
0.215149
0.368550
0.260915
0.334729
0.215674
0.035202
0.030437
0.007876
0.238372
0.178033
0.355164
0.009479
0.533397
0.262192
0.434818
0.303987
0.088792
0.254549
0.361627
0.448993
0.663589
0.469242
0.234164
0.368477
0.024704
0.281881
0.122309
0.143429
0.369265
0.051180
0.268947
0.025764
0.360791
0.124039
0.283399
0.379074
0.008735
0.092701
0.342177
0.119972
0.342820
0.191147
0.003344
0.003277
0.501519
0.117732
0.305510
0.187114
0.091277
0.189118
0.091209
0.227066
0.503647
0.204314
0.341776
0.120185
0.013184
0.300474
0.124506
0.199895
0.370822
0.075543
0.409614
0.497277
0.243077
0.018142
0.424895
0.425059
0.066452
0.301142
0.047213
0.033355
0.578103
0.196708
0.155956
0.345800
0.517794
0.150237
0.058794
0.116490
0.238042
0.415400
0.125553
0.170175
0.484389
0.032720
0.064254
0.525450
0.306290
0.015777
0.127286
0.266384
0.104213
0.163738
0.117088
0.348290
0.244348
0.591439
0.264485
0.116996
0.171522
0.049836
0.347191
0.186684
0.198113
0.119262
0.352656
0.017452
0.097952
0.405814
0.095262
0.266560
0.276201
0.110780
0.716405
0.064749
0.176917
0.605375
0.019830
0.478431
0.157716
0.288661
0.598999
0.000649
0.145857
0.798141
0.009762
0.394374
0.165713
0.258497
0.209318
0.197599
0.167405
0.139061
0.310712
0.260274
0.046955
0.160518
0.082170
0.102386
0.225760
0.055846
0.112917
0.216092
0.292477
0.079274
0.066010
0.237836
0.196549
0.113155
0.085851
0.531791
0.566750
0.453408
0.053158
0.170894
0.324055
0.009989
0.195677
0.390185
0.071962
0.119515
0.575950
0.282706
0.015420
0.099159
0.111459
0.066724
0.281221
0.283279
0.222815
0.175443
0.008304
0.015805
0.374519
0.369262
0.531147
0.539349
0.320736
0.211559
0.131806
0.583044
0.111067
0.210363
0.522088
0.020631
0.092833
0.078721
0.588785
0.219590
0.253901
0.199636
0.097703
0.443599
0.157734
0.012776
0.444113
0.493659
0.077385
0.469619
0.294398
0.064308
0.400969
0.308816
0.320487
0.139677
0.401021
0.239194
0.309090
0.076074
0.284429
0.408394
0.177150
0.059028
0.727167
0.220843
0.153668
0.076671
0.045142
0.395799
0.019295
0.133516
0.439469
0.239897
0.037071
0.125017
0.384651
0.180715
0.247744
0.068603
0.552170
0.181032
0.388197
0.191014
0.295541
0.156644
0.423678
0.447276
0.322540
0.016679
0.231908
0.252022
0.091541
0.081468
0.092280
0.116984
0.147436
0.082961
0.231072
0.050381
0.245728
0.204998
0.351212
0.243015
0.050402
0.263372
0.027111
0.220951
0.596630
0.312934
0.215274
0.142626
0.268768
0.404878
0.330660
0.353690
0.043367
0.001632
0.112403
0.045021
0.140394
0.342459
0.372027
0.173926
0.150219
0.201717
0.476447
0.483545
0.073647
0.064447
0.314077
0.469228
0.202425
0.425460
0.430716
0.278830
0.204347
0.272807
0.287743
0.014891
0.039651
0.481996
0.557569
0.062916
0.210623
0.112269
0.356542
0.448106
0.121534
0.258429
0.424137
0.097454
0.037794
0.360692
0.434839
0.222224
0.034119
0.122471
0.090552
0.140507
0.320521
0.327675
0.409297
0.197719
0.379446
0.204288
0.197336
0.038915
0.320480
0.154836
0.195402
0.242049
0.537574
0.373402
0.237601
0.669647
0.399979
0.145678
0.128705
0.300840
0.303298
0.077980
0.513807
0.543987
0.005539
0.186414
0.352855
0.131299
0.388116
0.494946
0.431858
0.010711
0.042793
0.406113
0.037898
0.289892
0.406217
0.265646
0.356967
0.040878
0.306613
0.214025
0.062793
0.100703
0.264813
0.063284
0.562265
0.122061
0.039134
0.005249
0.076912
0.423185
0.005149
0.013278
0.132069
0.266344
0.002386
0.328171
0.326147
0.125224
0.329795
0.214244
0.239866
0.266801
0.075589
0.383939
0.218963
0.082159
0.130411
0.121187
0.403850
0.278406
0.301296
0.075459
0.137828
0.652953
0.495319
0.183562
0.110702
0.204815
0.478932
0.002366
0.112101
0.146844
0.258129
0.651753
0.187042
0.142899
0.167099
0.014443
0.392597
0.198752
0.449240
0.006383
0.100366
0.041896
0.481982
0.315201
0.271822
0.315677
0.206628
0.458285
0.023374
0.399162
0.563470
0.050838
0.172686
0.516032
0.056873
0.179737
0.060611
0.531458
0.514622
0.044369
0.300474
0.415927
0.136684
0.205729
0.192540
0.309060
0.241794
0.236503
0.351561
0.061538
0.000156
0.124780
0.192922
0.327714
0.074018
0.063066
0.007130
0.776654
0.396539
0.497868
0.052936
0.054455
0.007054
0.086755
0.079619
0.343201
0.154030
0.483492
0.336701
0.445857
0.015187
0.311476
0.198551
0.548366
0.240722
0.245873
0.238007
0.019683
0.293835
0.040540
0.195557
0.231867
0.204535
0.364432
0.076642
0.365346
0.183453
0.512267
0.250383
0.505388
0.125769
0.055906
0.082694
0.179330
0.085580
0.460317
0.522294
0.118978
0.002785
0.299156
0.065401
0.314711
0.232837
0.286753
0.330889
0.249290
0.071379
0.667287
0.102955
0.207838
0.514444
0.185835
0.073902
0.009916
0.180583
0.302978
0.453990
0.347168
0.112285
0.102404
0.170925
0.224484
0.308129
0.304446
0.497210
0.126083
0.260814
0.036746
0.602102
0.011389
0.406775
0.003248
0.052892
0.258261
0.526523
0.021385
0.416052
0.103333
0.181314
0.145060
0.238297
0.109712
0.290747
0.198799
0.410620
0.038958
0.028594
0.173139
0.237900
0.224963
0.078802
0.205127
0.111475
0.315630
0.270898
0.234136
0.093064
0.386575
0.354051
0.049019
0.148269
0.272183
0.005597
0.052700
0.071903
0.218149
0.208070
0.334114
0.568287
0.343342
0.377962
0.144906
0.332117
0.714322
0.435190
0.372104
0.512062
0.273862
0.041165
0.009862
0.217343
0.170952
0.315480
0.140249
0.434327
0.349531
0.446592
0.286004
0.140905
0.042488
0.180159
0.139911
0.537461
0.379551
0.011175
0.095776
0.028806
0.100129
0.185838
0.172130
0.145922
0.073275
0.131740
0.424416
0.379116
0.384642
0.162906
0.528756
0.020301
0.352193
0.011547
0.056544
0.460041
0.441083
0.007436
0.505870
0.145536
0.114842
0.218432
0.551849
0.099123
0.469452
0.083569
0.305578
0.276591
0.052984
0.258342
0.058994
0.278731
0.469137
0.372936
0.033475
0.409733
0.261201
0.420234
0.442585
0.068589
0.372619
0.137940
0.129049
0.488565
0.250868
0.018604
0.302181
0.277826
0.063678
0.451673
0.160873
0.246523
0.398540
0.364298
0.115547
0.405677
0.203374
0.315008
0.069669
0.186906
0.450545
0.122558
0.078472
0.284265
0.296540
0.218763
0.184521
0.100860
0.342653
0.132587
0.153886
0.434195
0.529838
0.276416
0.138725
0.184678
0.371440
0.265046
0.363399
0.551304
0.262490
0.102243
0.624974
0.081883
0.172497
0.275877
0.402230
0.413603
0.093465
0.318557
0.017902
0.320181
0.143045
0.188676
0.474290
0.304039
0.457655
0.345415
0.332310
0.196374
0.142116
0.430536
0.117572
0.195214
0.069290
0.116832
0.047059
0.244995
0.028197
0.182527
0.156716
0.120352
0.472393
0.253943
0.030368
0.211091
0.082724
0.033862
0.384369
0.255433
0.041541
0.528567
0.064244
0.059650
0.070521
0.018771
0.148825
0.214117
0.462567
0.161300
0.194273
0.167518
0.392087
0.384743
0.038832
0.284737
0.231256
0.353451
0.374679
0.204676
0.107252
0.372983
0.258391
0.825797
0.215796
0.337616
0.139614
0.072283
0.120302
0.070721
0.235843
0.319791
0.200088
0.161505
0.261239
0.042155
0.015732
0.486285
0.352073
0.020993
0.540718
0.318927
0.152766
0.342242
0.140873
0.023600
0.149364
0.799450
0.432521
0.166025
0.449931
0.179641
0.188469
0.056773
0.492965
0.651140
0.144898
0.183471
0.446702
0.521832
0.283471
0.182111
0.416119
0.353117
0.525896
0.356908
0.413808
0.163530
0.069334
0.130331
0.432830
0.273729
0.526128
0.163845
0.256092
0.440331
0.238794
0.602693
0.255598
0.189487
0.052741
0.126736
0.389526
0.173270
0.298247
0.347857
0.550185
0.149918
0.301310
0.563623
0.405992
0.182794
0.516578
0.179353
0.337689
0.233551
0.262458
0.089464
0.595642
0.011324
0.054985
0.024774
0.017153
0.375269
0.027999
0.189459
0.479518
0.282503
0.357919
0.508006
0.065619
0.207312
0.322999
0.106227
0.133559
0.151136
0.267060
0.130903
0.242096
0.353298
0.455441
0.171699
0.429670
0.209849
0.201980
0.330217
0.054987
0.165628
0.200382
0.114478
0.102217
0.169810
0.149637
0.031797
0.399714
0.097675
0.410616
0.151526
0.022992
0.015344
0.323182
0.104532
0.405377
0.169555
0.036002
0.033320
0.389309
0.124872
0.075605
0.521397
0.005582
0.403294
0.555582
0.146358
0.046173
0.052228
0.153958
0.506866
0.536135
0.082101
0.271101
0.338928
0.113282
0.162551
0.346385
0.347530
0.380193
0.177483
0.183901
0.077738
0.164027
0.074845
0.343384
0.248248
0.142141
0.011326
0.023349
0.021712
0.344972
0.430305
0.151989
0.053925
0.228933
0.007899
0.358144
0.620729
0.446204
0.774397
0.474311
0.500114
0.514582
0.094149
0.330209
0.349482
0.403949
0.178309
0.409242
0.226471
0.378775
0.300704
0.207561
0.423811
0.011962
0.365516
0.002186
0.099515
0.254869
0.329147
0.364467
0.108982
0.163065
0.174598
0.170691
0.107569
0.403086
0.252723
0.009527
0.076814
0.400680
0.061360
0.004950
0.184349
0.050783
0.329926
0.208910
0.335717
0.244164
0.056564
0.203126
0.224241
0.245491
0.275593
0.214942
0.605788
0.018533
0.205097
0.210248
0.526890
0.428839
0.348545
0.396121
0.277947
0.209163
0.388495
0.270341
0.353196
0.441146
0.171452
0.620444
0.119057
0.022061
0.143979
0.367506
0.395290
0.296669
0.331126
0.130166
0.086079
0.513411
0.218728
0.529762
0.217628
0.006767
0.179654
0.521059
0.160232
0.346222
0.339919
0.127554
0.216041
0.078621
0.095625
0.012329
0.022007
0.288250
0.240182
0.086879
0.518491
0.426273
0.173447
0.318215
0.232212
0.067589
0.092245
0.304154
0.315173
0.111484
0.286478
0.402830
0.384074
0.370461
0.312760
0.044070
0.123751
0.255069
0.042897
0.122116
0.308934
0.471419
0.476025
0.318567
0.296630
0.166624
0.387194
0.320394
0.687765
0.172995
0.364015
0.706137
0.289884
0.567550
0.399738
0.244126
0.708669
0.258943
0.267629
0.511285
0.118551
0.209224
0.043675
0.022930
0.383683
0.230121
0.272322
0.070317
0.128766
0.129147
0.070537
0.095695
0.186290
0.365376
0.217815
0.264157
0.258467
0.418255
0.025472
0.334224
0.289882
0.109294
0.066900
0.663149
0.534666
0.036643
0.331495
0.118906
0.672415
0.184906
0.005216
0.336185
0.028433
0.391890
0.363531
0.562286
0.130830
0.177992
0.418213
0.212152
0.028907
0.100359
0.275388
0.439946
0.113337
0.038683
0.386325
0.313945
0.185906
0.188526
0.122850
0.229074
0.546898
0.341999
0.231510
0.288246
0.397650
0.105487
0.271595
0.164692
0.174596
0.072652
0.321049
0.376502
0.183467
0.194643
0.111963
0.062137
0.052913
0.061826
0.232906
0.211894
0.517002
0.061134
0.583845
0.390296
0.412824
0.146692
0.068653
0.277056
0.385553
0.400561
0.522325
0.415048
0.030055
0.331301
0.152201
0.149062
0.125835
0.039396
0.311280
0.044062
0.419167
0.079702
0.477593
0.100902
0.395281
0.103057
0.018788
0.057200
0.250943
0.137463
0.331709
0.261777
0.149883
0.059791
0.495477
0.004362
0.235742
0.298021
0.191961
0.219869
0.204049
0.155157
0.399850
0.287718
0.335894
0.011441
0.122653
0.282368
0.200602
0.117868
0.414939
0.078610
0.473461
0.446928
0.368614
0.143970
0.177563
0.314487
0.052569
0.002489
0.081014
0.106754
0.555886
0.150823
0.035220
0.362464
0.454438
0.004178
0.189083
0.038090
0.252416
0.360671
0.110621
0.132821
0.482485
0.119443
0.147149
0.567379
0.232702
0.040218
0.049557
0.206675
0.047083
0.077650
0.061803
0.275183
0.166625
0.588734
0.117240
0.227827
0.152079
0.037519
0.303489
0.008112
0.104107
0.019800
0.376892
0.037844
0.081686
0.337462
0.048797
0.259981
0.326363
0.072127
0.622021
0.034994
0.312404
0.637446
0.025946
0.465277
0.069180
0.109024
0.610625
0.129917
0.122908
0.674046
0.013446
0.236410
0.244019
0.115505
0.199472
0.161132
0.287156
0.081821
0.410434
0.260564
0.132299
0.011814
0.140911
0.000727
0.157049
0.119084
0.253542
0.141856
0.211563
0.205777
0.175442
0.207490
0.104699
0.054802
0.037075
0.514483
0.573761
0.422103
0.180868
0.134976
0.314155
0.003183
0.018701
0.388483
0.006063
0.123457
0.513736
0.330390
0.002447
0.100704
0.071027
0.238519
0.036255
0.401530
0.067279
0.310447
0.058555
0.115664
0.304004
0.341984
0.464125
0.501335
0.361918
0.123951
0.173698
0.503897
0.265192
0.440454
0.362324
0.023575
0.123716
0.089087
0.423640
0.266369
0.345988
0.162872
0.017879
0.473445
0.098147
0.038228
0.453224
0.616466
0.098090
0.379516
0.385308
0.071476
0.250331
0.373897
0.295026
0.277577
0.325703
0.314012
0.283673
0.088252
0.129499
0.456774
0.141103
0.097500
0.672365
0.312756
0.011457
0.085252
0.143358
0.307547
0.011969
0.098062
0.367652
0.148276
0.128842
0.336927
0.297177
0.205273
0.348650
0.189997
0.495468
0.403432
0.359632
0.076179
0.366064
0.267724
0.362932
0.331965
0.256597
0.012515
0.250273
0.358828
0.045928
0.083587
0.003339
0.064039
0.041121
0.139793
0.415277
0.127291
0.207719
0.334776
0.375689
0.431422
0.092549
0.349562
0.020730
0.256367
0.609600
0.354459
0.246614
0.238716
0.282360
0.325893
0.350178
0.267819
0.069876
0.060423
0.097684
0.100103
0.203144
0.474648
0.350725
0.242759
0.179092
0.054315
0.470471
0.465983
0.001451
0.092293
0.209933
0.619526
0.203875
0.610495
0.527561
0.270666
0.245535
0.496477
0.158979
0.002112
0.131909
0.498469
0.507433
0.112062
0.188430
0.121974
0.289854
0.334175
0.196262
0.157938
0.541079
0.058720
0.029864
0.419640
0.445755
0.284472
0.099085
0.010046
0.180888
0.126225
0.234844
0.175151
0.426272
0.206226
0.233101
0.261610
0.051409
0.072438
0.438931
0.114865
0.219590
0.163073
0.556062
0.474194
0.288209
0.708232
0.457290
0.148140
0.203220
0.172962
0.216065
0.017821
0.488199
0.411357
0.063586
0.139949
0.362759
0.109536
0.471059
0.613966
0.451629
0.076441
0.036747
0.398839
0.135170
0.399415
0.372535
0.336533
0.263837
0.078467
0.424551
0.139699
0.066342
0.252553
0.153066
0.145355
0.549436
0.108959
0.009118
0.073156
0.294466
0.492500
0.136695
0.051753
0.147159
0.315748
0.021724
0.218372
0.285807
0.081749
0.243205
0.201634
0.280454
0.240356
0.131241
0.463934
0.145632
0.143598
0.399224
0.057959
0.596304
0.407804
0.219947
0.007323
0.206329
0.582657
0.382762
0.286172
0.154552
0.208467
0.674326
0.003874
0.211289
0.056370
0.193177
0.509811
0.303975
0.049113
0.252801
0.044717
0.454047
0.091286
0.496771
0.004978
0.183684
0.000622
0.494082
0.204865
0.333226
0.343537
0.089175
0.386685
0.055578
0.387144
0.543734
0.111091
0.228579
0.439128
0.205614
0.177403
0.100138
0.453030
0.517692
0.111803
0.377500
0.393769
0.102614
0.201360
0.255693
0.372901
0.186520
0.128273
0.329035
0.003077
0.009941
0.001505
0.154185
0.391494
0.178550
0.133852
0.144636
0.889795
0.376590
0.438339
0.005622
0.106891
0.085052
0.193317
0.092792
0.420804
0.215855
0.424223
0.342879
0.530927
0.088466
0.149473
0.046286
0.371024
0.242359
0.152665
0.198800
0.006770
0.069939
0.138082
0.058640
0.343981
0.186088
0.409408
0.234094
0.326071
0.128711
0.550839
0.289850
0.564441
0.132788
0.011893
0.139086
0.250477
0.125376
0.349141
0.557554
0.019733
0.050340
0.320020
0.002826
0.328921
0.182633
0.370576
0.343650
0.265158
0.112654
0.585555
0.108543
0.192536
0.490634
0.169227
0.107711
0.087667
0.100472
0.274373
0.574120
0.370533
0.041866
0.146425
0.260838
0.115573
0.223763
0.496451
0.413348
0.158451
0.209766
0.057160
0.528669
0.022104
0.326604
0.060758
0.120397
0.207691
0.501527
0.140773
0.426436
0.220956
0.267436
0.212025
0.224868
0.050073
0.352588
0.105083
0.376796
0.142700
0.021240
0.188554
0.209874
0.325402
0.076792
0.153156
0.158224
0.148146
0.251242
0.252803
0.097095
0.517912
0.494831
0.135887
0.074969
0.382183
0.044177
0.078753
0.084736
0.233663
0.331152
0.151942
0.560631
0.288590
0.513201
0.175757
0.354680
0.652828
0.465265
0.531370
0.557940
0.177683
0.022962
0.080961
0.286997
0.277330
0.258019
0.156113
0.507863
0.324512
0.414075
0.263028
0.021976
0.072392
0.126740
0.263226
0.660794
0.443853
0.091375
0.003217
0.072099
0.145213
0.292451
0.133635
0.154461
0.253777
0.028619
0.443323
0.314023
0.619103
0.134864
0.388118
0.084274
0.251007
0.110689
0.025134
0.393233
0.376646
0.152407
0.276628
0.103591
0.228893
0.027053
0.531148
0.104760
0.496303
0.140854
0.439968
0.154722
0.184159
0.190434
0.113321
0.158064
0.530212
0.280457
0.019948
0.509712
0.217851
0.658362
0.360477
0.096643
0.484193
0.044696
0.287589
0.414902
0.210638
0.076926
0.179884
0.272004
0.075095
0.579675
0.222814
0.261436
0.314032
0.325576
0.151897
0.410655
0.287014
0.353158
0.127431
0.107692
0.401878
0.163812
0.142259
0.326564
0.241198
0.220876
0.114073
0.053924
0.376610
0.010310
0.017706
0.524947
0.480597
0.237235
0.199347
0.182554
0.195134
0.133596
0.343969
0.548751
0.271748
0.015037
0.569271
0.061476
0.160481
0.315525
0.436803
0.406687
0.173880
0.417651
0.048867
0.238158
0.193515
0.175730
0.434309
0.348823
0.447916
0.305756
0.340406
0.230154
0.129403
0.386017
0.023619
0.251414
0.129404
0.286889
0.074591
0.317534
0.086609
0.103180
0.008832
0.114793
0.459841
0.304333
0.135753
0.177172
0.156587
0.044786
0.391639
0.329495
0.056791
0.493783
0.190758
0.139807
0.159087
0.146103
0.032506
0.078109
0.329081
0.002819
0.175655
0.141081
0.355130
0.357371
0.009443
0.397968
0.300020
0.409667
0.422560
0.235839
0.036139
0.424735
0.325125
0.815045
0.256323
0.324047
0.238167
0.048513
0.172303
0.146584
0.275570
0.254602
0.197097
0.030183
0.260127
0.213903
0.126842
0.564665
0.314305
0.188179
0.524795
0.337939
0.131138
0.408854
0.092100
0.046239
0.111908
0.666520
0.455302
0.097878
0.530270
0.260944
0.099701
0.093226
0.379941
0.747196
0.306444
0.011701
0.606389
0.441336
0.232424
0.130774
0.340772
0.431225
0.527891
0.239411
0.314326
0.147414
0.067124
0.111438
0.321531
0.072876
0.564819
0.155187
0.211247
0.441210
0.278327
0.460555
0.202334
0.178912
0.072897
0.180260
0.389779
0.165995
0.093304
0.214920
0.609621
0.204749
0.047699
0.557931
0.448123
0.130007
0.500949
0.100336
0.217014
0.097581
0.285239
0.097147
0.777631
0.018796
0.090883
0.022338
0.039565
0.324468
0.051622
0.172355
0.463476
0.189279
0.418661
0.455574
0.032042
0.239309
0.400512
0.046524
0.076944
0.081843
0.344891
0.172186
0.285054
0.347957
0.374851
0.120405
0.387178
0.143306
0.271132
0.257511
0.060283
0.042960
0.197108
0.025759
0.048354
0.056553
0.162241
0.019322
0.338025
0.028057
0.367209
0.149942
0.006132
0.201443
0.401523
0.160496
0.396933
0.081499
0.058613
0.092989
0.364734
0.103351
0.000358
0.548802
0.105608
0.249938
0.475099
0.101582
0.078455
0.114440
0.091215
0.491795
0.617704
0.098388
0.330464
0.269695
0.180623
0.019719
0.334424
0.279307
0.477841
0.190624
0.121402
0.075796
0.132998
0.190627
0.191279
0.199249
0.327801
0.097555
0.097062
0.027463
0.333557
0.382008
0.212178
0.064819
0.405010
0.019881
0.169503
0.575484
0.517717
0.585573
0.420522
0.419400
0.515203
0.057049
0.327530
0.327984
0.357176
0.236546
0.267216
0.221227
0.105103
0.293625
0.090623
0.432920
0.141767
0.367577
0.064362
0.079556
0.254726
0.388388
0.364209
0.120119
0.027247
0.281219
0.164713
0.043828
0.374814
0.216237
0.124668
0.225185
0.385028
0.094970
0.117733
0.120404
0.178240
0.354936
0.135757
0.257677
0.220039
0.078599
0.179169
0.160417
0.237024
0.130473
0.064617
0.527432
0.026740
0.195324
0.162745
0.564124
0.405595
0.394564
0.454069
0.181040
0.317825
0.383621
0.174086
0.407420
0.293094
0.256850
0.462552
0.191072
0.019016
0.304360
0.432334
0.329422
0.408644
0.466257
0.145989
0.066783
0.447736
0.272455
0.451405
0.217275
0.047743
0.161572
0.491966
0.077696
0.272060
0.428770
0.093039
0.199958
0.024229
0.167343
0.014080
0.072193
0.318713
0.243481
0.129149
0.386120
0.340273
0.112441
0.297151
0.317129
0.255723
0.160782
0.435643
0.473125
0.074642
0.362943
0.284831
0.444074
0.291595
0.408450
0.063886
0.141756
0.360937
0.029902
0.060891
0.309956
0.459225
0.318770
0.410934
0.354823
0.025655
0.457557
0.142018
0.701404
0.183562
0.408590
0.727971
0.203719
0.477414
0.442480
0.105226
0.595639
0.194107
0.147498
0.430725
0.001311
0.340235
0.067578
0.050963
0.332204
0.171823
0.351288
0.004649
0.138782
0.109807
0.013306
0.154973
0.120680
0.241182
0.216652
0.320797
0.240423
0.385541
0.122466
0.369719
0.395468
0.097073
0.050700
0.490709
0.526842
0.027700
0.378050
0.123762
0.548556
0.198662
0.102641
0.345642
0.203351
0.358979
0.412474
0.378867
0.275825
0.135798
0.405582
0.250584
0.046859
0.092086
0.228435
0.341964
0.107754
0.112762
0.422004
0.187108
0.105682
0.276840
0.056020
0.156944
0.596531
0.417671
0.135415
0.378105
0.441739
0.023188
0.219476
0.154272
0.128322
0.003188
0.463375
0.374796
0.089563
0.005157
0.000147
0.145444
0.031399
0.087912
0.204584
0.213703
0.649709
0.193788
0.514452
0.520247
0.421463
0.010873
0.018260
0.226938
0.407103
0.409779
0.397575
0.376980
0.140433
0.264310
0.297695
0.025999
0.122571
0.036561
0.216571
0.124071
0.482082
0.058444
0.550372
0.016248
0.490203
0.059199
0.046231
0.040322
0.150027
0.170390
0.226930
0.283778
0.275269
0.116190
0.486789
0.075331
0.162627
0.294440
0.250181
0.130892
0.265934
0.025283
0.263940
0.376818
0.204827
0.082422
0.169870
0.213864
0.326495
0.080602
0.385827
0.083363
0.450494
0.370996
0.541081
0.321331
0.003250
0.227378
0.147844
0.301234
0.024271
0.102603
0.400221
0.144661
0.050026
0.307375
0.286961
0.122428
0.273464
0.023361
0.245313
0.227091
0.016260
0.101970
0.521921
0.143279
0.178046
0.575844
0.099480
0.098420
0.027113
0.168419
0.000646
0.023418
0.022893
0.204381
0.032312
0.460002
0.043940
0.315347
0.110875
0.032960
0.297074
0.218110
0.046904
0.127528
0.350420
0.055411
0.033154
0.219936
0.040497
0.207450
0.363492
0.248221
0.514679
0.067019
0.364622
0.510835
0.033573
0.415507
0.053500
0.054831
0.543945
0.320983
0.052639
0.441034
0.104027
0.176351
0.216151
0.009135
0.088549
0.156827
0.313094
0.041515
0.509251
0.293526
0.219438
0.121988
0.145745
0.044644
0.087538
0.263174
0.322711
0.073513
0.133555
0.297439
0.266580
0.078291
0.048693
0.032470
0.176902
0.530607
0.468346
0.353547
0.291040
0.208379
0.206965
0.048136
0.175054
0.335411
0.092142
0.130784
0.564023
0.327433
0.007482
0.097567
0.030072
0.344393
0.213544
0.553144
0.088580
0.349008
0.084673
0.233393
0.175401
0.227503
0.351867
0.466665
0.362059
0.046025
0.225842
0.330562
0.362697
0.650191
0.191916
0.033446
0.122052
0.133479
0.194169
0.240209
0.480264
0.237640
0.145606
0.391228
0.012049
0.093334
0.356667
0.507180
0.110364
0.267423
0.402899
0.003127
0.136566
0.445468
0.269852
0.358641
0.199622
0.334802
0.266855
0.085323
0.055263
0.406535
0.107867
0.292465
0.544655
0.339237
0.169482
0.082880
0.334101
0.255931
0.051957
0.106132
0.349044
0.123970
0.194131
0.439063
0.175391
0.268120
0.317879
0.258264
0.335106
0.574877
0.342026
0.107857
0.374568
0.347884
0.296201
0.176172
0.165102
0.014923
0.167919
0.402574
0.082435
0.002862
0.130936
0.060230
0.176769
0.152160
0.563552
0.231648
0.216547
0.415177
0.282758
0.600382
0.197486
0.452501
0.025382
0.296256
0.505636
0.405999
0.279595
0.328474
0.259837
0.235647
0.240456
0.162376
0.058355
0.070339
0.030020
0.109225
0.224871
0.548012
0.303246
0.276962
0.250686
0.020451
0.465660
0.422311
0.022155
0.226645
0.012567
0.685088
0.240663
0.656260
0.502506
0.257359
0.216917
0.627517
0.003567
0.002202
0.160867
0.485657
0.400389
0.225956
0.184765
0.167372
0.248934
0.215925
0.299731
0.048915
0.595823
0.083447
0.020671
0.398369
0.397308
0.328477
0.173079
0.182005
0.226471
0.106690
0.096463
0.003548
0.361568
0.226019
0.025401
0.252838
0.018813
0.092442
0.488495
0.088330
0.179060
0.114513
0.484460
0.460467
0.233956
0.606819
0.437426
0.086954
0.273356
0.025991
0.157394
0.015268
0.445026
0.180002
0.145096
0.138385
0.371092
0.007949
0.540419
0.597599
0.412147
0.095144
0.063639
0.292752
0.241024
0.473510
0.363768
0.422936
0.153174
0.114029
0.492444
0.114318
0.150264
0.385693
0.050105
0.209084
0.478201
0.104152
0.074741
0.084250
0.492466
0.483740
0.231040
0.123117
0.136492
0.289656
0.082220
0.127475
0.308108
0.032374
0.126843
0.208095
0.375002
0.167824
0.202130
0.496204
0.015863
0.163433
0.628091
0.034473
0.682138
0.451603
0.145936
0.093540
0.302309
0.434626
0.214868
0.324958
0.274253
0.193797
0.760346
0.014983
0.338008
0.086099
0.108662
0.222902
0.355980
0.057567
0.306985
0.083905
0.503402
0.024201
0.449861
0.029675
0.315871
0.034692
0.397346
0.106662
0.401661
0.338028
0.003508
0.205737
0.101959
0.303705
0.487946
0.113447
0.246342
0.290539
0.336892
0.134411
0.061784
0.267175
0.463402
0.282862
0.415409
0.360415
0.057675
0.186093
0.342420
0.421589
0.151626
0.026430
0.259929
0.045145
0.068592
0.082480
0.055988
0.455405
0.306175
0.229306
0.250943
0.772565
0.301589
0.321575
0.015199
0.027411
0.154342
0.306128
0.046338
0.444851
0.284042
0.230454
0.330621
0.597268
0.089860
0.070642
0.133559
0.205047
0.247258
0.078294
0.160209
0.010479
0.140348
0.345889
0.069550
0.372289
0.181108
0.450015
0.322995
0.236918
0.054123
0.480835
0.261780
0.543579
0.128969
0.086158
0.258756
0.343192
0.203168
0.184570
0.541236
0.123107
0.040201
0.308545
0.012786
0.378102
0.064213
0.443174
0.337852
0.229931
0.093854
0.445543
0.273577
0.125796
0.349534
0.115921
0.078827
0.182514
0.111501
0.267450
0.611546
0.446557
0.067053
0.159085
0.354301
0.002574
0.127534
0.650258
0.259204
0.227814
0.148934
0.090583
0.383450
0.031867
0.117284
0.114048
0.167492
0.151789
0.350911
0.129731
0.352790
0.397115
0.336625
0.283425
0.204846
0.193934
0.395196
0.021491
0.312567
0.241230
0.071362
0.184575
0.114743
0.376501
0.197353
0.018689
0.239170
0.045582
0.252649
0.288079
0.108622
0.551085
0.514825
0.234583
0.023243
0.434383
0.040964
0.137627
0.219225
0.201085
0.418760
0.018976
0.460974
0.249173
0.590485
0.192244
0.358737
0.502107
0.375737
0.550023
0.587256
0.054846
0.021968
0.153300
0.313182
0.353840
0.169290
0.135680
0.540126
0.269021
0.399640
0.185089
0.109176
0.149596
0.114343
0.337562
0.728624
0.505727
0.115494
0.105621
0.175981
0.127652
0.407049
0.058456
0.210147
0.396372
0.034752
0.422803
0.201439
0.729870
0.115922
0.185286
0.134990
0.140958
0.174218
0.139179
0.392873
0.297204
0.289420
0.043223
0.088816
0.384354
0.115338
0.440626
0.076822
0.484639
0.227872
0.489421
0.075067
0.256947
0.149627
0.144518
0.031653
0.501739
0.171757
0.019312
0.514358
0.162444
0.836087
0.166893
0.159736
0.514477
0.030357
0.355186
0.370738
0.198827
0.126085
0.072078
0.284363
0.053533
0.684451
0.305128
0.322872
0.193968
0.288317
0.187872
0.369348
0.268886
0.393351
0.162073
0.003940
0.301342
0.193550
0.117148
0.392773
0.164436
0.207413
0.168877
0.005579
0.385872
0.129762
0.178602
0.546026
0.416564
0.227628
0.273087
0.162194
0.026773
0.071701
0.199218
0.491879
0.214256
0.059211
0.375622
0.052111
0.119483
0.375764
0.499650
0.409502
0.205956
0.512241
0.119649
0.111980
0.272123
0.177563
0.275598
0.315356
0.397328
0.294047
0.315102
0.198484
0.116812
0.355407
0.025679
0.335715
0.254260
0.391622
0.128821
0.440430
0.184459
0.001828
0.118867
0.154760
0.356640
0.360930
0.221287
0.131677
0.165844
0.136903
0.376984
0.328729
0.081513
0.443955
0.300252
0.209940
0.217548
0.274792
0.077908
0.023168
0.181658
0.143233
0.107731
0.170438
0.354024
0.366388
0.058107
0.498264
0.249437
0.441571
0.472607
0.251863
0.002916
0.423889
0.443522
0.717137
0.188588
0.266401
0.146626
0.120465
0.174263
0.284432
0.327212
0.181711
0.194842
0.030814
0.235000
0.350204
0.196070
0.580682
0.367161
0.318806
0.481689
0.359673
0.116424
0.402886
0.076364
0.010860
0.043022
0.433828
0.413626
0.047334
0.503612
0.245395
0.006630
0.055107
0.233001
0.695034
0.335370
0.127279
0.663029
0.281174
0.162407
0.096192
0.241008
0.457178
0.525480
0.090059
0.204348
0.058856
0.165765
0.084852
0.102218
0.154414
0.504131
0.147175
0.181297
0.248121
0.259325
0.331339
0.135778
0.113968
0.105150
0.229664
0.364215
0.217320
0.100012
0.043367
0.590722
0.240462
0.180858
0.589519
0.456296
0.049673
0.458656
0.028883
0.080255
0.074347
0.280284
0.120600
0.783390
0.088591
0.298004
0.072151
0.154473
0.219301
0.089068
0.235393
0.396280
0.000029
0.388964
0.385165
0.005407
0.234842
0.417807
0.054728
0.014380
0.021883
0.354450
0.285712
0.357071
0.355732
0.270782
0.096607
0.326039
0.029753
0.347762
0.177186
0.183186
0.294768
0.114731
0.092239
0.006222
0.080834
0.158518
0.086144
0.212793
0.022500
0.278346
0.163472
0.035000
0.321729
0.427313
0.191610
0.361051
0.000802
0.075495
0.189485
0.273501
0.049267
0.034276
0.469002
0.198593
0.069891
0.364969
0.062778
0.091081
0.154005
0.003713
0.391974
0.598222
0.087476
0.455121
0.194628
0.248725
0.072853
0.329623
0.179195
0.538666
0.294971
0.026601
0.018292
0.162191
0.303933
0.050254
0.141107
0.492931
0.120588
0.124793
0.019794
0.287074
0.312741
0.287665
0.076914
0.491379
0.078220
0.031583
0.416875
0.517619
0.296212
0.366753
0.264450
0.466044
0.143566
0.286448
0.272293
0.272071
0.308288
0.179769
0.180484
0.195311
0.227749
0.034879
0.387312
0.217666
0.409704
0.084836
0.001702
0.306627
0.387725
0.361915
0.303120
0.150614
0.402297
0.178672
0.002332
0.367113
0.248632
0.212981
0.308590
0.331376
0.152181
0.117237
0.093055
0.418231
0.400579
0.058362
0.153953
0.176916
0.115011
0.154704
0.099244
0.157341
0.011117
0.067317
0.429097
0.096832
0.156496
0.146290
0.537798
0.333354
0.458105
0.432163
0.066259
0.384550
0.368659
0.054763
0.441679
0.158809
0.364118
0.310753
0.296269
0.019807
0.428383
0.507123
0.235282
0.483172
0.530203
0.143796
0.013257
0.364554
0.278871
0.301364
0.167054
0.086884
0.153946
0.427244
0.030579
0.132808
0.441312
0.073894
0.215947
0.066798
0.142297
0.008171
0.160971
0.296588
0.200569
0.088120
0.192333
0.285154
0.091431
0.264652
0.354070
0.296240
0.157163
0.486763
0.637092
0.070932
0.404235
0.117822
0.383755
0.204305
0.485805
0.174473
0.027504
0.454576
0.033829
0.219716
0.183185
0.415417
0.162109
0.532479
0.451982
0.129668
0.551783
0.031848
0.635330
0.135581
0.440161
0.670211
0.059654
0.326796
0.401849
0.035045
0.345923
0.196317
0.025288
0.341938
0.097522
0.413807
0.093033
0.138595
0.237703
0.125486
0.357141
0.092002
0.190858
0.096123
0.081630
0.217081
0.052700
0.088289
0.232178
0.383050
0.240902
0.369541
0.224312
0.372059
0.487232
0.020148
0.079377
0.341800
0.503249
0.045562
0.420715
0.083462
0.388720
0.176696
0.082205
0.377134
0.387051
0.337479
0.371413
0.210876
0.391023
0.059687
0.331163
0.331875
0.023995
0.084543
0.230204
0.264022
0.151866
0.150625
0.408327
0.097806
0.033981
0.312508
0.202204
0.070567
0.554200
0.524289
0.004255
0.418822
0.362700
0.062225
0.175924
0.156314
0.124202
0.066503
0.493138
0.337913
0.045496
0.186993
0.044812
0.218246
0.064543
0.093014
0.194349
0.202901
0.631259
0.272858
0.415666
0.562824
0.351958
0.088517
0.087900
0.192017
0.392401
0.444006
0.261821
0.405183
0.229061
0.241686
0.328304
0.010696
0.025063
0.052976
0.169965
0.156850
0.564710
0.034658
0.525074
0.011180
0.504450
0.229598
0.072639
0.071626
0.069641
0.198913
0.153988
0.309043
0.384389
0.177825
0.484708
0.163014
0.110900
0.231112
0.305174
0.015007
0.296693
0.024584
0.095181
0.408912
0.018921
0.180929
0.157081
0.115941
0.426547
0.015934
0.361548
0.138278
0.287420
0.275239
0.618890
0.437518
0.119488
0.116399
0.146357
0.522896
0.070994
0.119893
0.245927
0.050311
0.042100
0.216925
0.201406
0.192952
0.220594
0.084403
0.225369
0.171580
0.046479
0.086276
0.518265
0.115348
0.097043
0.587328
0.013928
0.090920
0.064439
0.146132
0.007197
0.167821
0.130088
0.200558
0.091934
0.341782
0.040362
0.345852
0.026772
0.101565
0.311266
0.474778
0.036664
0.284100
0.329961
0.099591
0.006023
0.086892
0.008242
0.146066
0.336369
0.369664
0.306656
0.167964
0.374396
0.371959
0.084719
0.331050
0.136177
0.249652
0.377785
0.464910
0.027792
0.175340
0.217483
0.156255
0.265760
0.060211
0.012272
0.211929
0.228479
0.097028
0.564502
0.356139
0.203299
0.225638
0.165097
0.040288
0.050018
0.386353
0.426244
0.007972
0.200381
0.410258
0.307389
0.078154
0.059204
0.065309
0.358368
0.534048
0.329907
0.260143
0.419398
0.225202
0.134909
0.134205
0.293974
0.278685
0.144129
0.078824
0.536853
0.268325
0.022231
0.107126
0.022492
0.412148
0.412418
0.657936
0.153594
0.304314
0.055288
0.375599
0.073792
0.099772
0.295723
0.381164
0.374233
0.063782
0.244739
0.140086
0.350481
0.681811
0.077859
0.026975
0.057508
0.142558
0.003537
0.151781
0.514641
0.262441
0.134773
0.248625
0.112052
0.088020
0.228549
0.290844
0.030959
0.172954
0.374180
0.132010
0.008973
0.470619
0.248645
0.383904
0.071806
0.269103
0.298635
0.112820
0.216497
0.390651
0.085122
0.454113
0.257935
0.291311
0.342132
0.089262
0.532670
0.170134
0.116916
0.101451
0.281055
0.114828
0.215197
0.459156
0.052314
0.349610
0.229451
0.319749
0.124347
0.568967
0.301696
0.235546
0.351954
0.449404
0.213304
0.025927
0.029484
0.039432
0.142619
0.403072
0.145502
0.099416
0.233720
0.075589
0.310511
0.204293
0.632132
0.269293
0.227548
0.446854
0.173304
0.668097
0.266476
0.487485
0.016636
0.321395
0.383908
0.387507
0.310513
0.352861
0.273939
0.172549
0.168252
0.034578
0.005952
0.077275
0.004338
0.134229
0.212097
0.598126
0.319750
0.305107
0.275883
0.058318
0.422408
0.346591
0.069945
0.306668
0.099596
0.614588
0.250155
0.674562
0.470815
0.271954
0.172111
0.660400
0.162734
0.037870
0.171413
0.399775
0.257976
0.316483
0.244061
0.197686
0.185867
0.067482
0.382866
0.009799
0.573609
0.128756
0.047385
0.353675
0.363065
0.334910
0.246928
0.407873
0.252080
0.192243
0.108425
0.195024
0.315716
0.311918
0.177256
0.279407
0.001490
0.028933
0.440866
0.183667
0.110792
0.142351
0.413316
0.421414
0.068046
0.462570
0.391572
0.021341
0.315424
0.188522
0.082128
0.015784
0.423755
0.075298
0.097716
0.135974
0.348737
0.137280
0.537747
0.521712
0.346121
0.041401
0.164966
0.207918
0.337299
0.518162
0.337729
0.474542
0.147973
0.162087
0.527265
0.066779
0.233868
0.525424
0.041573
0.194457
0.407128
0.122028
0.188911
0.096176
0.667592
0.446874
0.272816
0.178848
0.202253
0.234286
0.161459
0.063066
0.244164
0.237001
0.002447
0.182692
0.441498
0.090584
0.265516
0.476819
0.112317
0.116457
0.830828
0.057825
0.636526
0.520926
0.079389
0.134448
0.327316
0.219126
0.056664
0.339910
0.445902
0.231218
0.707172
0.036712
0.450346
0.223034
0.061621
0.069957
0.340996
0.127400
0.363266
0.076473
0.433931
0.123116
0.409885
0.003364
0.456217
0.032389
0.269368
0.030793
0.375518
0.341655
0.115770
0.002056
0.168267
0.250797
0.360625
0.097815
0.244920
0.152309
0.501755
0.017972
0.034340
0.119620
0.330205
0.391014
0.433682
0.332961
0.007624
0.105372
0.449366
0.470347
0.139103
0.051709
0.088228
0.062695
0.102307
0.202446
0.053343
0.481928
0.414139
0.321184
0.383717
0.545145
0.322951
0.160003
0.088095
0.123414
0.214784
0.326661
0.034957
0.435810
0.378534
0.045475
0.269388
0.619907
0.087586
0.256259
0.181490
0.047499
0.259302
0.029707
0.160319
0.020391
0.312370
0.517770
0.205252
0.281799
0.195205
0.415716
0.282758
0.152272
0.093007
0.383223
0.229999
0.435865
0.111702
0.106424
0.340220
0.426010
0.239473
0.000703
0.472851
0.245942
0.006085
0.265345
0.020687
0.379746
0.075764
0.431834
0.360556
0.229812
0.095697
0.291948
0.428230
0.012749
0.152327
0.144519
0.032718
0.228544
0.173814
0.215490
0.588262
0.439880
0.140465
0.194987
0.375878
0.057064
0.015688
0.692186
0.071754
0.292747
0.086875
0.071732
0.257453
0.024229
0.078143
0.161426
0.295470
0.166251
0.313328
0.070901
0.155992
0.509845
0.312502
0.377858
0.164421
0.295232
0.389988
0.193831
0.188641
0.353483
0.114660
0.144603
0.061520
0.446359
0.284909
0.105643
0.314452
0.116233
0.279652
0.295942
0.152179
0.457364
0.459972
0.393006
0.026166
0.410648
0.055246
0.239475
0.320193
0.160441
0.479827
0.067574
0.258826
0.152467
0.492783
0.258718
0.401309
0.269186
0.268401
0.486086
0.497325
0.160924
0.049718
0.232951
0.313381
0.371131
0.105254
0.079380
0.510318
0.201730
0.301455
0.076006
0.303674
0.161091
0.107466
0.333221
0.674089
0.473028
0.052644
0.227134
0.208600
0.085805
0.441216
0.036242
0.302087
0.473409
0.028993
0.397033
0.101500
0.762898
0.126144
0.049819
0.123918
0.048991
0.157181
0.246949
0.335650
0.208217
0.404487
0.171290
0.062533
0.511960
0.240761
0.304491
0.130806
0.448813
0.241714
0.491404
0.018788
0.285702
0.203052
0.217216
0.118816
0.414372
0.051961
0.032501
0.335859
0.172158
0.827577
0.011338
0.256934
0.489445
0.034872
0.396342
0.402073
0.243738
0.148056
0.028673
0.225595
0.020957
0.682001
0.339297
0.403055
0.069008
0.296447
0.294922
0.284609
0.171162
0.415802
0.243301
0.085480
0.261230
0.177019
0.128075
0.385644
0.105888
0.221328
0.259048
0.049367
0.399751
0.221217
0.274329
0.529857
0.318815
0.181934
0.283684
0.151117
0.100850
0.206737
0.031712
0.428570
0.142918
0.156699
0.174891
0.083967
0.076504
0.407888
0.498916
0.327808
0.194524
0.572726
0.145387
0.001194
0.324283
0.202538
0.095929
0.211123
0.304585
0.231175
0.286520
0.103019
0.084394
0.312014
0.112084
0.280378
0.316325
0.384964
0.259299
0.462281
0.244894
0.033310
0.230695
0.162758
0.268813
0.330210
0.240185
0.055382
0.180621
0.211388
0.310747
0.285987
0.136740
0.349957
0.387432
0.216068
0.245636
0.349970
0.126315
0.006692
0.029839
0.316340
0.114120
0.212143
0.347221
0.381091
0.072223
0.612950
0.228938
0.369084
0.501964
0.201236
0.001644
0.410496
0.435785
0.472938
0.083610
0.197588
0.013593
0.122752
0.118558
0.463837
0.422270
0.096638
0.209100
0.015192
0.171190
0.446997
0.279457
0.514729
0.409878
0.309962
0.401655
0.365380
0.091723
0.306826
0.063778
0.031055
0.003772
0.248950
0.333187
0.024588
0.435122
0.159927
0.078387
0.016542
0.125397
0.634615
0.395075
0.234931
0.555775
0.068217
0.083824
0.122040
0.138993
0.440837
0.417299
0.051757
0.169315
0.069120
0.213612
0.126124
0.122476
0.294982
0.412379
0.188858
0.201658
0.069265
0.245775
0.217988
0.120623
0.028621
0.151514
0.238264
0.303322
0.262416
0.236472
0.138956
0.486696
0.235709
0.277558
0.438270
0.475049
0.054255
0.393131
0.099728
0.057079
0.086906
0.271409
0.114727
0.649075
0.156816
0.451532
0.151437
0.220411
0.115358
0.130711
0.320200
0.325568
0.087929
0.281696
0.361330
0.046005
0.201669
0.373362
0.144024
0.034545
0.011943
0.318627
0.366128
0.353471
0.321259
0.130541
0.015344
0.245323
0.019383
0.404767
0.104423
0.346001
0.522700
0.022415
0.189953
0.101752
0.296843
0.053332
0.137433
0.077236
0.006485
0.240807
0.211773
0.073107
0.270433
0.366426
0.222412
0.328919
0.027743
0.079881
0.221140
0.189576
0.024477
0.068927
0.363146
0.243768
0.066762
0.289093
0.009145
0.023053
0.187130
0.011690
0.275609
0.557291
0.095593
0.498222
0.141990
0.309579
0.085991
0.245338
0.139967
0.467095
0.347729
0.062838
0.002706
0.216264
0.316891
0.142467
0.089120
0.619061
0.098581
0.184131
0.022532
0.151187
0.264986
0.355108
0.147923
0.537698
0.144075
0.198250
0.218868
0.550081
0.095468
0.229841
0.077454
0.391870
0.241814
0.202920
0.181198
0.222931
0.391800
0.095628
0.132356
0.436487
0.100524
0.082811
0.296656
0.208334
0.480443
0.072298
0.109932
0.381195
0.390248
0.298909
0.454136
0.311597
0.479847
0.178681
0.003516
0.261360
0.249457
0.252578
0.333559
0.275049
0.210587
0.099057
0.076599
0.608714
0.445109
0.020616
0.047743
0.140329
0.177187
0.171627
0.028245
0.137559
0.147434
0.168297
0.306079
0.117172
0.117426
0.128507
0.516406
0.213342
0.461799
0.360202
0.091286
0.404031
0.316212
0.022604
0.358607
0.066991
0.416741
0.170278
0.377544
0.069645
0.538446
0.510610
0.144229
0.553640
0.520166
0.173651
0.068741
0.328207
0.256719
0.066051
0.104997
0.196231
0.136134
0.329130
0.116508
0.020781
0.487510
0.023134
0.227058
0.150502
0.127421
0.019671
0.312861
0.232022
0.198686
0.031835
0.005526
0.263230
0.008385
0.239648
0.434519
0.234396
0.087268
0.514761
0.669620
0.150833
0.418916
0.016720
0.299105
0.127771
0.513518
0.178186
0.013939
0.549558
0.184079
0.277873
0.066660
0.347366
0.031058
0.589888
0.510269
0.300504
0.531072
0.187707
0.502171
0.062005
0.493641
0.616287
0.041529
0.152683
0.328879
0.115634
0.112069
0.204709
0.144342
0.170361
0.155363
0.365155
0.141418
0.225539
0.180220
0.196248
0.337400
0.154930
0.303848
0.036819
0.188473
0.304814
0.018005
0.002084
0.236265
0.430403
0.169373
0.348190
0.267113
0.413955
0.509621
0.077731
0.146513
0.248379
0.453633
0.076973
0.368630
0.097671
0.163698
0.093780
0.059863
0.389130
0.526171
0.274359
0.265952
0.087541
0.479552
0.037063
0.239342
0.339726
0.009935
0.066164
0.258413
0.243827
0.274934
0.187458
0.401324
0.012890
0.183428
0.344702
0.366934
0.045927
0.441971
0.570204
0.141625
0.357549
0.191041
0.168493
0.154266
0.045064
0.082761
0.153460
0.510752
0.236007
0.154225
0.264733
0.029935
0.309909
0.098672
0.088504
0.119887
0.204304
0.541031
0.387705
0.261597
0.536202
0.240664
0.071142
0.091931
0.219533
0.343128
0.504146
0.089350
0.444162
0.199636
0.108746
0.291701
0.066988
0.140967
0.148657
0.119391
0.145023
0.538531
0.045663
0.413528
0.058133
0.415935
0.319193
0.062005
0.127282
0.062028
0.175046
0.072674
0.301869
0.373977
0.235403
0.426783
0.200901
0.045577
0.105313
0.327410
0.239989
0.292673
0.068587
0.070577
0.427414
0.257642
0.274208
0.091684
0.025070
0.529451
0.038364
0.282414
0.131075
0.074925
0.147729
0.601383
0.506099
0.129135
0.023863
0.085511
0.591534
0.244125
0.067971
0.144565
0.028743
0.142313
0.132305
0.104168
0.173694
0.149638
0.116327
0.181656
0.169977
0.102900
0.095339
0.455760
0.031180
0.000532
0.510346
0.015859
0.044711
0.101095
0.130172
0.025083
0.271323
0.200840
0.202676
0.203066
0.196941
0.123653
0.325240
0.085582
0.174837
0.326308
0.617197
0.129555
0.405582
0.326284
0.115690
0.045331
0.031301
0.014725
0.115938
0.257264
0.410058
0.137464
0.261296
0.387393
0.249094
0.124692
0.205476
0.166570
0.413398
0.290239
0.593793
0.131535
0.102103
0.363667
0.222351
0.283330
0.046550
0.169154
0.288745
0.127600
0.129175
0.504838
0.393679
0.143955
0.222152
0.152385
0.002465
0.061831
0.449932
0.427283
0.008440
0.277973
0.445610
0.320164
0.273558
0.106553
0.116518
0.432419
0.423605
0.179650
0.210368
0.475120
0.316721
0.016488
0.219429
0.276145
0.240997
0.228057
0.037341
0.451634
0.149453
0.118890
0.110912
0.000073
0.383021
0.550831
0.682747
0.143744
0.181118
0.003351
0.472174
0.012942
0.042406
0.244803
0.321234
0.419232
0.102180
0.274796
0.094288
0.279682
0.551384
0.276439
0.004343
0.075020
0.178345
0.130300
0.004256
0.488642
0.367973
0.109192
0.101602
0.157232
0.104718
0.120562
0.077099
0.051362
0.074871
0.245277
0.263951
0.069715
0.480514
0.249583
0.259359
0.002082
0.163573
0.277134
0.104492
0.333205
0.288829
0.013539
0.561243
0.046806
0.197854
0.405192
0.115410
0.657594
0.104971
0.163086
0.103668
0.229084
0.169242
0.198740
0.443437
0.003972
0.415565
0.031992
0.366960
0.096939
0.456698
0.254347
0.333479
0.289583
0.508187
0.194647
0.148897
0.096308
0.063968
0.097339
0.318453
0.249880
0.236697
0.304090
0.134895
0.285406
0.270518
0.600658
0.279039
0.242387
0.425338
0.035643
0.647825
0.260238
0.471080
0.043196
0.350303
0.192794
0.385436
0.286453
0.326850
0.289609
0.060637
0.077686
0.074870
0.058681
0.078380
0.103349
0.099914
0.202262
0.543216
0.234821
0.225744
0.292961
0.067800
0.357419
0.252920
0.180274
0.237451
0.138940
0.530507
0.293749
0.623680
0.373320
0.251427
0.094556
0.636748
0.320612
0.048608
0.117434
0.300111
0.136497
0.276532
0.333563
0.199526
0.172576
0.104456
0.412920
0.062998
0.478981
0.204719
0.039008
0.248940
0.333685
0.379958
0.337438
0.574440
0.251532
0.200404
0.296467
0.292508
0.210156
0.360515
0.351412
0.259221
0.034944
0.076589
0.362053
0.320111
0.028314
0.229555
0.294593
0.354174
0.154749
0.258560
0.408127
0.102960
0.408833
0.357191
0.027507
0.027812
0.414817
0.056603
0.050657
0.141996
0.320124
0.246338
0.379374
0.308030
0.302649
0.059543
0.310074
0.158997
0.379682
0.473258
0.237664
0.535104
0.192768
0.173791
0.535034
0.031702
0.280163
0.552714
0.151831
0.143277
0.305018
0.099421
0.292846
0.033744
0.707791
0.376381
0.265697
0.221581
0.271501
0.142149
0.277155
0.081500
0.191539
0.447395
0.111992
0.108561
0.483431
0.026635
0.307655
0.409661
0.231724
0.053256
0.776856
0.087821
0.441858
0.503723
0.006321
0.132216
0.349761
0.041211
0.155009
0.313577
0.553849
0.278869
0.546382
0.004722
0.504890
0.378819
0.014635
0.312417
0.320234
0.223023
0.417904
0.032159
0.340908
0.218755
0.359521
0.015165
0.536832
0.030088
0.122153
0.060723
0.311302
0.297359
0.170396
0.205562
0.237059
0.160201
0.273448
0.105514
0.189721
0.021368
0.571395
0.077022
0.012941
0.030569
0.146743
0.453142
0.388147
0.309756
0.036325
0.059981
0.472494
0.471989
0.131355
0.108129
0.091608
0.064257
0.165961
0.266939
0.172339
0.419208
0.517124
0.407656
0.439268
0.413661
0.338108
0.040182
0.196418
0.279553
0.188179
0.230322
0.137741
0.433824
0.444484
0.179017
0.220642
0.585858
0.014598
0.415565
0.230406
0.000157
0.236450
0.098200
0.199560
0.024690
0.353164
0.661716
0.361024
0.171441
0.241499
0.402574
0.230445
0.037895
0.134474
0.281284
0.203516
0.356536
0.128199
0.095245
0.465479
0.476434
0.320857
0.153127
0.331107
0.381556
0.036403
0.218561
0.039465
0.458020
0.143530
0.395837
0.380582
0.162527
0.039815
0.083634
0.479951
0.091085
0.010891
0.122995
0.022135
0.303684
0.257433
0.101140
0.485328
0.422352
0.201999
0.211633
0.414158
0.064184
0.136712
0.608238
0.148321
0.392370
0.025033
0.015483
0.072856
0.036342
0.185333
0.166613
0.401461
0.146202
0.347886
0.095831
0.029205
0.551751
0.235551
0.482294
0.168614
0.314208
0.424187
0.317113
0.068064
0.386924
0.181783
0.147379
0.222411
0.463323
0.303777
0.246487
0.361363
0.214253
0.316373
0.289304
0.206914
0.305543
0.308142
0.436749
0.065738
0.377407
0.207536
0.344090
0.326961
0.045845
0.483418
0.057935
0.078609
0.116884
0.275413
0.300082
0.422418
0.057959
0.158152
0.347545
0.391869
0.373096
0.030979
0.292006
0.365942
0.306656
0.048449
0.030587
0.420235
0.139670
0.243943
0.012448
0.462595
0.215085
0.081772
0.326499
0.528883
0.436371
0.033971
0.285316
0.296955
0.023221
0.422634
0.061619
0.366000
0.427628
0.066900
0.350526
0.042177
0.677285
0.178651
0.025450
0.144007
0.042762
0.090843
0.320085
0.359625
0.130856
0.408810
0.327058
0.067007
0.604414
0.329118
0.110569
0.163126
0.383768
0.234197
0.453374
0.099494
0.274803
0.280290
0.246207
0.321368
0.325210
0.051452
0.047474
0.120476
0.150058
0.706825
0.200398
0.352239
0.374493
0.021557
0.307211
0.452009
0.269039
0.098542
0.024781
0.295274
0.075021
0.517279
0.315166
0.462533
0.069868
0.248147
0.343289
0.184118
0.006130
0.417610
0.296149
0.138059
0.226342
0.086961
0.081747
0.386654
0.080801
0.203772
0.366770
0.096022
0.396155
0.297079
0.339330
0.420797
0.258793
0.141384
0.260868
0.108709
0.186496
0.289713
0.217251
0.345622
0.010684
0.254551
0.043259
0.118521
0.015235
0.373552
0.472526
0.190895
0.101876
0.582856
0.197193
0.050994
0.344846
0.259220
0.032231
0.107898
0.193627
0.203854
0.252267
0.038640
0.014752
0.251707
0.155221
0.227651
0.276311
0.319325
0.396880
0.478167
0.286969
0.046048
0.254431
0.218983
0.134474
0.222990
0.217080
0.030443
0.152795
0.216045
0.201516
0.178357
0.203471
0.229140
0.460608
0.190966
0.266823
0.320875
0.126356
0.073325
0.055237
0.432533
0.150220
0.229890
0.333498
0.410145
0.153037
0.600018
0.139646
0.342039
0.525665
0.079562
0.039707
0.397855
0.418891
0.262259
0.072047
0.075176
0.251583
0.148153
0.135551
0.623075
0.452446
0.006665
0.263140
0.024223
0.155098
0.449559
0.334665
0.327738
0.480932
0.268832
0.345139
0.341766
0.021029
0.198999
0.077228
0.070766
0.056291
0.148523
0.173463
0.043668
0.316025
0.071594
0.139151
0.142613
0.057613
0.506642
0.373584
0.259588
0.412625
0.110255
0.033383
0.137288
0.017111
0.317030
0.334628
0.103405
0.120760
0.165864
0.283426
0.151687
0.383947
0.422901
0.267971
0.224340
0.271265
0.090828
0.224503
0.129211
0.116595
0.029743
0.243830
0.210845
0.189531
0.372019
0.293972
0.225711
0.355029
0.157364
0.295437
0.272899
0.474988
0.111507
0.321679
0.161290
0.216014
0.151181
0.246175
0.134529
0.440300
0.288958
0.497492
0.252933
0.270583
0.075536
0.183930
0.449417
0.238654
0.221962
0.153750
0.258739
0.047752
0.190560
0.291288
0.258907
0.079086
0.084134
0.172065
0.399864
0.283891
0.308723
0.071831
0.110383
0.167212
0.081920
0.429089
0.000434
0.489450
0.586338
0.117952
0.242430
0.216099
0.468023
0.035157
0.210901
0.092540
0.027876
0.203662
0.250107
0.120618
0.252303
0.299641
0.171618
0.327218
0.022465
0.029368
0.198600
0.113675
0.134107
0.006064
0.245900
0.283689
0.155236
0.255852
0.034467
0.058170
0.092443
0.032341
0.155894
0.431077
0.041317
0.480431
0.098519
0.354630
0.026714
0.178510
0.076840
0.405780
0.420411
0.163012
0.090921
0.294577
0.279797
0.271018
0.031712
0.613429
0.006182
0.227653
0.101322
0.011845
0.180310
0.415950
0.226591
0.492444
0.262710
0.365960
0.072473
0.495225
0.406507
0.122196
0.074912
0.334785
0.292084
0.176983
0.084320
0.248634
0.474753
0.092341
0.052979
0.537331
0.070150
0.213355
0.191188
0.252079
0.498526
0.027189
0.181364
0.423156
0.413977
0.310031
0.521703
0.476372
0.412794
0.166817
0.028004
0.128796
0.302600
0.320530
0.301112
0.222458
0.261319
0.047737
0.097124
0.676001
0.534909
0.011102
0.034862
0.093953
0.239849
0.159046
0.146799
0.102653
0.262329
0.261078
0.147422
0.119014
0.081202
0.182382
0.496162
0.142249
0.440602
0.229970
0.230382
0.309265
0.228329
0.000561
0.232956
0.013309
0.331746
0.100226
0.441298
0.118772
0.538950
0.366888
0.053944
0.543039
0.486273
0.243868
0.076772
0.229565
0.202554
0.122644
0.048559
0.269901
0.095271
0.217481
0.145464
0.112213
0.445854
0.025928
0.260297
0.177723
0.077979
0.092173
0.434462
0.147704
0.173427
0.085527
0.139524
0.248674
0.003681
0.262639
0.483714
0.098022
0.009340
0.484824
0.626048
0.265503
0.354303
0.068453
0.212667
0.203638
0.486364
0.192679
0.075082
0.535677
0.271999
0.312545
0.007569
0.291166
0.051919
0.563138
0.510011
0.403786
0.433960
0.263656
0.367673
0.010153
0.475144
0.531418
0.122628
0.022337
0.251525
0.153550
0.130598
0.234001
0.273261
0.040708
0.108657
0.275590
0.302555
0.268677
0.134314
0.274057
0.265661
0.212848
0.390050
0.017804
0.223689
0.385880
0.058652
0.039380
0.234162
0.479294
0.120569
0.387968
0.261122
0.432061
0.451618
0.209781
0.231939
0.203110
0.392151
0.102812
0.251300
0.095281
0.016472
0.020389
0.044714
0.390246
0.596553
0.254365
0.096876
0.052203
0.532822
0.177070
0.112576
0.327011
0.121590
0.013541
0.277263
0.270149
0.277773
0.192277
0.372614
0.052874
0.232275
0.368214
0.461825
0.009663
0.273756
0.578811
0.235165
0.241365
0.036613
0.231148
0.131010
0.033901
0.124132
0.307177
0.451856
0.167258
0.217630
0.255555
0.041036
0.398287
0.145112
0.136319
0.040245
0.171694
0.386042
0.426104
0.103922
0.438326
0.098017
0.019890
0.078943
0.245944
0.290871
0.483956
0.119273
0.494011
0.093171
0.056849
0.171899
0.174602
0.375941
0.219633
0.148862
0.131447
0.516843
0.039343
0.208909
0.052364
0.279204
0.411354
0.009165
0.166250
0.130386
0.119805
0.073778
0.353554
0.288393
0.310086
0.356680
0.213361
0.022366
0.011777
0.265698
0.441841
0.255964
0.017853
0.126989
0.436579
0.482516
0.352892
0.051831
0.081799
0.578362
0.032355
0.228558
0.060174
0.100394
0.021695
0.494613
0.483275
0.114044
0.061803
0.012465
0.563964
0.390436
0.036145
0.076335
0.012762
0.188023
0.041812
0.136392
0.136709
0.120420
0.112670
0.134794
0.214352
0.072652
0.131531
0.371816
0.029582
0.175105
0.417127
0.028373
0.006192
0.117813
0.159158
0.027055
0.334142
0.269264
0.235281
0.263326
0.100287
0.249995
0.294708
0.247937
0.283476
0.348902
0.590842
0.239502
0.529075
0.370234
0.155964
0.003068
0.078916
0.004978
0.121808
0.136282
0.426120
0.087544
0.344255
0.341221
0.182282
0.259103
0.118843
0.135698
0.511335
0.179981
0.668078
0.222437
0.312312
0.496475
0.292937
0.301319
0.008017
0.259136
0.395392
0.050944
0.209013
0.421826
0.407521
0.105898
0.151432
0.180235
0.038733
0.151660
0.449244
0.472348
0.056192
0.403585
0.484543
0.288486
0.432187
0.139376
0.128484
0.507965
0.323855
0.043018
0.235795
0.462681
0.396496
0.074463
0.299688
0.186654
0.266436
0.246771
0.011084
0.272304
0.030768
0.250505
0.152368
0.064395
0.298351
0.568908
0.650774
0.069611
0.022045
0.068708
0.579237
0.022763
0.014343
0.163888
0.306605
0.466953
0.186456
0.298714
0.192550
0.151883
0.348818
0.473378
0.034291
0.234532
0.196550
0.172133
0.109699
0.328476
0.385075
0.000734
0.105518
0.209086
0.087913
0.024791
0.057328
0.194911
0.002561
0.049675
0.360650
0.111572
0.441365
0.208317
0.082112
0.005914
0.055069
0.275036
0.064670
0.287723
0.237746
0.049995
0.639046
0.140858
0.028126
0.377162
0.104069
0.672982
0.019771
0.195817
0.047094
0.129609
0.165387
0.077740
0.405330
0.037748
0.466725
0.155150
0.361455
0.261340
0.287959
0.235747
0.343952
0.286749
0.556669
0.143929
0.317802
0.125288
0.105612
0.132378
0.255588
0.311663
0.291387
0.238094
0.188833
0.269337
0.342365
0.528580
0.227239
0.212124
0.324936
0.217940
0.499668
0.267625
0.392126
0.031996
0.346665
0.070280
0.288304
0.290459
0.263523
0.310707
0.055067
0.013233
0.246498
0.061882
0.062242
0.142301
0.103203
0.223508
0.416699
0.141599
0.164327
0.260783
0.067977
0.231552
0.193848
0.250439
0.099168
0.116405
0.398514
0.332868
0.548284
0.279757
0.194806
0.025447
0.554341
0.464979
0.030751
0.030260
0.198246
0.041098
0.263096
0.406684
0.128817
0.212430
0.202224
0.386192
0.053258
0.337119
0.295633
0.082893
0.229523
0.328146
0.371316
0.385221
0.626329
0.250587
0.166414
0.464865
0.335380
0.134788
0.436827
0.401214
0.277405
0.040069
0.246782
0.265354
0.462669
0.242589
0.321781
0.209321
0.187587
0.424620
0.039932
0.385071
0.201340
0.443578
0.431466
0.032901
0.138848
0.376871
0.100206
0.013650
0.093569
0.228062
0.309834
0.171423
0.113703
0.200738
0.198024
0.414361
0.163800
0.300112
0.413746
0.101138
0.564238
0.289350
0.190295
0.524275
0.147392
0.303855
0.498608
0.206328
0.002757
0.180936
0.063626
0.416664
0.000147
0.654534
0.309511
0.178634
0.189167
0.396421
0.040166
0.391088
0.136376
0.083471
0.540428
0.181334
0.027731
0.422063
0.157395
0.283598
0.247018
0.290690
0.024441
0.619262
0.119842
0.136408
0.437191
0.062560
0.107767
0.368763
0.118527
0.287213
0.185492
0.574362
0.365357
0.384510
0.035107
0.525096
0.437115
0.034524
0.436965
0.304463
0.245239
0.475197
0.003664
0.123049
0.315276
0.330289
0.086351
0.545165
0.066568
0.073422
0.065745
0.215884
0.286134
0.249317
0.292786
0.306189
0.129794
0.160945
0.070359
0.143480
0.061633
0.568039
0.134181
0.090188
0.187201
0.033935
0.460644
0.313346
0.287827
0.040789
0.029494
0.426911
0.488660
0.123226
0.095155
0.302367
0.005131
0.209768
0.367397
0.192916
0.296933
0.546037
0.479179
0.473727
0.313473
0.372353
0.255803
0.387657
0.411681
0.116427
0.071142
0.251016
0.396409
0.510225
0.309318
0.198326
0.428356
0.037902
0.464925
0.142930
0.028721
0.184274
0.194580
0.252287
0.028894
0.341693
0.747116
0.548087
0.044484
0.268940
0.324726
0.196451
0.034996
0.219899
0.227638
0.142721
0.241457
0.182389
0.111413
0.506913
0.459905
0.403510
0.192848
0.146516
0.466102
0.049443
0.157591
0.070255
0.474902
0.237122
0.310537
0.379888
0.121477
0.004278
0.105070
0.452443
0.184840
0.092892
0.206931
0.078356
0.357220
0.300550
0.015951
0.385844
0.349778
0.207521
0.282622
0.389666
0.036861
0.226387
0.378397
0.352979
0.478800
0.101353
0.104609
0.004771
0.125352
0.201765
0.062179
0.447672
0.183892
0.438100
0.229597
0.227421
0.479183
0.137151
0.538755
0.203101
0.295275
0.434283
0.364564
0.039708
0.435018
0.218498
0.087718
0.380886
0.470467
0.219413
0.346195
0.382403
0.302499
0.315056
0.281662
0.289623
0.082468
0.168939
0.494460
0.133035
0.265024
0.344292
0.380432
0.354153
0.079221
0.471401
0.006406
0.069827
0.045593
0.002982
0.321895
0.341967
0.114402
0.122448
0.184511
0.265578
0.528926
0.054833
0.382641
0.413381
0.224122
0.039312
0.037385
0.311741
0.071507
0.109324
0.062664
0.639204
0.158942
0.033578
0.242928
0.380477
0.336056
0.203376
0.349469
0.254582
0.047704
0.298964
0.128353
0.408737
0.255158
0.215744
0.248462
0.001577
0.547706
0.267299
0.043039
0.130382
0.079456
0.030928
0.418044
0.330920
0.044527
0.334000
0.418028
0.083003
0.567102
0.360258
0.057220
0.267945
0.347053
0.230571
0.337981
0.134500
0.326872
0.342878
0.355690
0.504178
0.231586
0.111158
0.053199
0.135014
0.124955
0.437768
0.321303
0.409058
0.255324
0.072809
0.200373
0.452275
0.289973
0.033676
0.047703
0.348813
0.089945
0.280667
0.277435
0.446551
0.159961
0.211313
0.365018
0.130295
0.135621
0.380711
0.337563
0.172846
0.253017
0.033215
0.037433
0.322447
0.081228
0.168936
0.453013
0.170073
0.375086
0.349117
0.351482
0.310962
0.221243
0.065766
0.214111
0.080186
0.165191
0.232137
0.454868
0.304297
0.078755
0.298645
0.211245
0.217547
0.063669
0.293558
0.433658
0.061111
0.022293
0.549658
0.262234
0.009281
0.369370
0.342925
0.173308
0.037188
0.115605
0.154500
0.198917
0.068798
0.059614
0.264745
0.189446
0.170688
0.206646
0.246126
0.538713
0.420347
0.359838
0.034539
0.271373
0.275059
0.057567
0.076267
0.091098
0.101140
0.118408
0.229258
0.125902
0.131991
0.276595
0.087394
0.503593
0.119040
0.320440
0.197633
0.048955
0.207720
0.078424
0.513850
0.233900
0.245942
0.295118
0.417761
0.166428
0.506591
0.085171
0.239575
0.521725
0.175494
0.142192
0.354680
0.334985
0.050788
0.186441
0.034166
0.457020
0.139229
0.129932
0.741390
0.488052
0.124985
0.309945
0.016855
0.199389
0.398929
0.384050
0.141531
0.458893
0.151444
0.298104
0.300480
0.011392
0.065859
0.121905
0.067350
0.103541
0.095926
0.005754
0.040024
0.278615
0.000610
0.164029
0.264312
0.053327
0.373792
0.282281
0.264773
0.255025
0.280601
0.012535
0.218112
0.014114
0.212509
0.188567
0.104848
0.123206
0.235056
0.315380
0.193576
0.638691
0.427501
0.153119
0.304882
0.409355
0.193194
0.193449
0.071691
0.125029
0.089455
0.351550
0.058760
0.092551
0.472593
0.306654
0.292896
0.243436
0.089743
0.210120
0.023666
0.479696
0.136579
0.288694
0.234363
0.312743
0.192957
0.195450
0.152110
0.234665
0.342963
0.405132
0.303360
0.224126
0.055487
0.186436
0.492151
0.095836
0.237369
0.072304
0.138434
0.106779
0.157980
0.133081
0.310869
0.109533
0.187224
0.015653
0.360026
0.197460
0.303439
0.055471
0.256609
0.084915
0.067524
0.470804
0.073085
0.547613
0.541095
0.254852
0.240059
0.291400
0.633487
0.172759
0.324585
0.199512
0.029759
0.246376
0.313748
0.193220
0.247033
0.180167
0.153979
0.352760
0.078174
0.197292
0.105562
0.114976
0.201383
0.039750
0.254696
0.276080
0.219764
0.214385
0.016065
0.186026
0.064257
0.136808
0.103436
0.248309
0.040900
0.370334
0.085690
0.319984
0.053201
0.023501
0.064793
0.323119
0.444416
0.203476
0.161095
0.390113
0.216109
0.396127
0.045968
0.553130
0.068652
0.250506
0.169933
0.173686
0.116514
0.443777
0.344891
0.366088
0.342114
0.463028
0.022582
0.435283
0.660946
0.024465
0.123940
0.218322
0.352991
0.176760
0.007563
0.292739
0.478046
0.131030
0.001494
0.553671
0.283565
0.335921
0.147743
0.208038
0.461115
0.037197
0.271150
0.416034
0.436491
0.307120
0.532900
0.528400
0.253058
0.087758
0.082989
0.045973
0.354392
0.257432
0.237169
0.217475
0.333036
0.011154
0.209279
0.593630
0.558128
0.006439
0.104053
0.064044
0.359042
0.171039
0.270871
0.031586
0.296489
0.346709
0.001945
0.053107
0.100865
0.188414
0.490530
0.027574
0.339140
0.130948
0.332482
0.104718
0.141908
0.087496
0.029628
0.002276
0.172038
0.067463
0.478782
0.156416
0.503514
0.192769
0.047953
0.485234
0.363894
0.303776
0.005676
0.173388
0.138683
0.325149
0.013762
0.403252
0.024732
0.160198
0.108744
0.138280
0.421641
0.087984
0.280927
0.208840
0.033663
0.116217
0.543499
0.104614
0.179955
0.163635
0.220596
0.216108
0.016837
0.266522
0.508619
0.035100
0.120152
0.384088
0.511364
0.252869
0.345910
0.016972
0.202208
0.259026
0.424043
0.127990
0.003052
0.494869
0.298605
0.326667
0.037256
0.191609
0.127119
0.383782
0.414863
0.473075
0.293052
0.318371
0.202569
0.031535
0.441034
0.414638
0.114115
0.121355
0.164374
0.090497
0.252896
0.247605
0.365250
0.144363
0.035935
0.103582
0.510122
0.303297
0.109369
0.400225
0.150870
0.195249
0.441191
0.109455
0.207183
0.456659
0.025825
0.008020
0.202875
0.408198
0.040587
0.365617
0.196811
0.409361
0.232436
0.272484
0.270865
0.131807
0.283256
0.056788
0.131866
0.185254
0.133145
0.090174
0.155825
0.325223
0.573288
0.250012
0.024399
0.020123
0.513087
0.220915
0.041995
0.313982
0.239773
0.086906
0.311314
0.349860
0.226052
0.138495
0.343327
0.109759
0.287496
0.392172
0.474223
0.008109
0.158070
0.450890
0.281987
0.169118
0.294924
0.245950
0.121609
0.137515
0.156129
0.488215
0.352003
0.090912
0.247262
0.212457
0.152013
0.436486
0.139813
0.169984
0.061606
0.157449
0.265478
0.493162
0.071202
0.316718
0.042392
0.123553
0.062007
0.264259
0.225304
0.405036
0.266385
0.484385
0.066398
0.307476
0.003107
0.251982
0.555317
0.340581
0.192074
0.096310
0.338150
0.020350
0.009269
0.109416
0.108371
0.404455
0.089697
0.216933
0.228560
0.078164
0.132313
0.380143
0.150230
0.369456
0.341655
0.190908
0.042385
0.212680
0.183371
0.564183
0.265765
0.056032
0.127333
0.446126
0.585564
0.426410
0.204598
0.167329
0.581655
0.130292
0.151644
0.084052
0.256526
0.135664
0.403858
0.436905
0.080494
0.119848
0.164660
0.437795
0.544970
0.193306
0.056988
0.013944
0.267910
0.029613
0.094285
0.009239
0.071229
0.010341
0.093215
0.243660
0.078165
0.244989
0.248987
0.068173
0.297710
0.241016
0.005338
0.043151
0.101534
0.192266
0.042390
0.334802
0.359985
0.215165
0.270047
0.024992
0.354318
0.249795
0.419318
0.374765
0.353680
0.454152
0.326472
0.483162
0.475908
0.110335
0.005512
0.104792
0.035538
0.159241
0.061647
0.408971
0.237642
0.414778
0.193339
0.114332
0.365227
0.119474
0.038670
0.535374
0.127032
0.652328
0.306422
0.397918
0.543373
0.372189
0.270327
0.067164
0.401701
0.401307
0.090088
0.263757
0.293991
0.367272
0.044139
0.019228
0.185927
0.062027
0.242352
0.334232
0.410837
0.031190
0.380260
0.462569
0.213183
0.560432
0.081250
0.084481
0.599913
0.239905
0.051460
0.303155
0.435387
0.470695
0.131782
0.397427
0.047518
0.294223
0.274828
0.030611
0.168280
0.133556
0.333959
0.170835
0.173239
0.206189
0.514976
0.518121
0.000807
0.099991
0.162316
0.603456
0.083102
0.032247
0.098268
0.364267
0.537666
0.214328
0.337158
0.243887
0.012918
0.164144
0.496396
0.081377
0.354554
0.223540
0.159713
0.260027
0.174958
0.396360
0.093743
0.259092
0.246141
0.093657
0.008304
0.196943
0.289700
0.043496
0.185499
0.436591
0.000191
0.406888
0.194886
0.115833
0.083117
0.094051
0.279785
0.048764
0.139224
0.179195
0.023315
0.632776
0.176298
0.239583
0.266667
0.091911
0.490723
0.021261
0.238164
0.005565
0.088095
0.205421
0.065176
0.309787
0.024957
0.441935
0.343413
0.279361
0.384010
0.111755
0.213310
0.311789
0.248417
0.546571
0.176528
0.477680
0.066002
0.092588
0.200789
0.162782
0.434845
0.366603
0.119174
0.269505
0.158267
0.402698
0.481701
0.211462
0.185144
0.192212
0.422652
0.315201
0.217795
0.274696
0.007120
0.342027
0.031501
0.254774
0.341509
0.166241
0.333419
0.133482
0.209162
0.350543
0.038229
0.043652
0.147338
0.104470
0.249100
0.229068
0.037374
0.115367
0.258542
0.009282
0.104859
0.217314
0.320347
0.056099
0.085047
0.274276
0.340956
0.424894
0.192725
0.108986
0.169583
0.422874
0.593058
0.019399
0.079690
0.180450
0.010763
0.183730
0.407304
0.059518
0.224251
0.161529
0.371062
0.002331
0.198963
0.400062
0.104366
0.149528
0.351265
0.293814
0.396948
0.583216
0.268076
0.044216
0.576909
0.247397
0.094926
0.420735
0.414239
0.271067
0.115040
0.350711
0.186106
0.619119
0.490524
0.398243
0.135867
0.053005
0.611062
0.174343
0.264648
0.228500
0.506740
0.393197
0.027603
0.208052
0.284624
0.142743
0.059031
0.083929
0.209153
0.381476
0.002472
0.055688
0.101235
0.377800
0.475435
0.179950
0.179207
0.280588
0.021933
0.497191
0.401411
0.149626
0.527189
0.242198
0.238000
0.424114
0.168058
0.103136
0.090576
0.054562
0.445054
0.063028
0.555611
0.232141
0.009444
0.074544
0.517343
0.117035
0.483604
0.207876
0.046066
0.511379
0.169977
0.030034
0.395156
0.308885
0.218422
0.080185
0.346582
0.081934
0.371260
0.120063
0.097058
0.330121
0.028395
0.048830
0.448530
0.217130
0.359371
0.020289
0.543081
0.403115
0.214839
0.035418
0.527062
0.463350
0.108080
0.469529
0.326146
0.242830
0.501743
0.082166
0.121063
0.367414
0.269062
0.158546
0.474398
0.122643
0.050063
0.030426
0.061512
0.263343
0.207380
0.334806
0.325901
0.144307
0.061863
0.020478
0.021996
0.089904
0.489016
0.172004
0.231082
0.312713
0.134467
0.441976
0.186313
0.244807
0.056533
0.036518
0.312542
0.418852
0.088831
0.103915
0.410723
0.108973
0.334192
0.398363
0.237683
0.219910
0.589231
0.497941
0.456654
0.274917
0.344777
0.432610
0.512623
0.456511
0.014274
0.075880
0.347929
0.375607
0.502027
0.472405
0.193092
0.208507
0.157647
0.451300
0.077431
0.021177
0.099960
0.357252
0.333433
0.058527
0.275202
0.766550
0.686638
0.114497
0.314814
0.315429
0.125335
0.078933
0.279863
0.160824
0.002682
0.168106
0.257156
0.094780
0.502619
0.365560
0.474627
0.205010
0.059353
0.548876
0.063894
0.078432
0.111269
0.507950
0.261139
0.240672
0.385585
0.068268
0.052430
0.253749
0.430873
0.286271
0.094602
0.210530
0.122485
0.366410
0.277110
0.137110
0.191039
0.276689
0.086341
0.291233
0.439751
0.036470
0.316421
0.142686
0.511146
0.441573
0.153310
0.181829
0.118231
0.229491
0.154445
0.060213
0.431346
0.159391
0.419829
0.388283
0.411057
0.394176
0.043529
0.530536
0.238870
0.228547
0.420474
0.322480
0.089023
0.470989
0.204673
0.003652
0.483729
0.426097
0.084537
0.419158
0.355658
0.281341
0.300241
0.350078
0.302275
0.177646
0.046472
0.450591
0.129100
0.123156
0.473172
0.345707
0.318412
0.141034
0.492401
0.130841
0.094707
0.049058
0.267661
0.327677
0.229763
0.222840
0.085976
0.059221
0.200352
0.520284
0.036528
0.414058
0.505047
0.103636
0.057600
0.108972
0.196769
0.080743
0.076160
0.075839
0.667773
0.079963
0.027533
0.247406
0.269132
0.280305
0.372793
0.365642
0.156935
0.146271
0.148197
0.274988
0.416093
0.010980
0.345286
0.119678
0.061647
0.379436
0.384040
0.076627
0.088285
0.185499
0.036934
0.411477
0.348916
0.092841
0.181232
0.420612
0.176053
0.497807
0.304168
0.232521
0.304727
0.300774
0.240981
0.184373
0.091616
0.380624
0.371254
0.414042
0.577099
0.145357
0.113487
0.135080
0.280708
0.063925
0.164225
0.379704
0.472459
0.167361
0.149817
0.036332
0.430142
0.297592
0.030117
0.037355
0.395640
0.130857
0.080878
0.230831
0.389178
0.232392
0.122145
0.305360
0.035432
0.206568
0.304276
0.334624
0.166228
0.274334
0.013897
0.051621
0.311111
0.116061
0.108007
0.524904
0.231932
0.322558
0.401070
0.289187
0.276316
0.152828
0.057599
0.115604
0.027248
0.069242
0.109724
0.668579
0.263855
0.120348
0.231992
0.346146
0.307065
0.102617
0.182733
0.344004
0.043925
0.139360
0.469867
0.305557
0.076036
0.387723
0.410005
0.265467
0.183128
0.077781
0.150788
0.166442
0.201824
0.093270
0.305173
0.119411
0.105611
0.104625
0.235030
0.603308
0.325478
0.391404
0.130264
0.237535
0.364686
0.001284
0.026771
0.134035
0.117811
0.050521
0.269763
0.047402
0.096197
0.313250
0.074944
0.498646
0.037036
0.331015
0.086203
0.083185
0.380061
0.038910
0.439055
0.278826
0.257982
0.240912
0.413199
0.210361
0.300196
0.027842
0.147121
0.516806
0.428146
0.222107
0.334001
0.291235
0.065983
0.299764
0.091303
0.621376
0.120504
0.117196
0.773068
0.441840
0.216408
0.420786
0.015016
0.265129
0.316181
0.390991
0.029445
0.361158
0.007367
0.291163
0.268105
0.034960
0.024970
0.218384
0.147940
0.168184
0.073743
0.180288
0.006052
0.195916
0.115042
0.192746
0.358366
0.028600
0.238091
0.121229
0.256723
0.131308
0.411284
0.000603
0.275228
0.024455
0.107902
0.083714
0.066910
0.070162
0.300561
0.255098
0.147406
0.827612
0.371235
0.037574
0.362857
0.462493
0.344668
0.211729
0.035038
0.152273
0.106404
0.459650
0.144884
0.017902
0.596255
0.243403
0.313448
0.142679
0.019221
0.087289
0.121837
0.473013
0.127947
0.227765
0.241704
0.335299
0.258339
0.189927
0.248419
0.072177
0.423079
0.231679
0.324866
0.202138
0.094854
0.166554
0.491539
0.006338
0.283228
0.002403
0.000526
0.160954
0.180661
0.009362
0.378725
0.099974
0.361405
0.126968
0.315842
0.112171
0.312633
0.110695
0.333802
0.025425
0.076638
0.539248
0.061884
0.496595
0.437638
0.414013
0.184018
0.315693
0.660330
0.239992
0.338568
0.249893
0.052567
0.265596
0.382604
0.274815
0.241518
0.080357
0.117881
0.370412
0.159314
0.263572
0.079810
0.151048
0.183108
0.133616
0.282553
0.332495
0.213151
0.168538
0.017671
0.311860
0.023554
0.243886
0.114788
0.090997
0.053106
0.296224
0.091990
0.231741
0.176079
0.056908
0.020367
0.280602
0.515655
0.234403
0.216786
0.440799
0.190248
0.425369
0.085238
0.491992
0.159095
0.166665
0.249444
0.307735
0.022149
0.478293
0.432592
0.187378
0.424756
0.464068
0.064324
0.307219
0.681516
0.006809
0.093578
0.110568
0.339133
0.264909
0.060763
0.348933
0.503728
0.231697
0.053335
0.387036
0.466263
0.419609
0.122201
0.097736
0.372948
0.106240
0.316446
0.383893
0.391744
0.320491
0.411773
0.517757
0.052254
0.049372
0.119704
0.104983
0.438435
0.204469
0.118461
0.174774
0.374161
0.055793
0.371679
0.382685
0.565904
0.088466
0.144009
0.018910
0.451535
0.162132
0.311840
0.060765
0.213980
0.413070
0.129957
0.021449
0.139105
0.219724
0.433779
0.073260
0.227346
0.006384
0.400944
0.137883
0.060195
0.252205
0.075479
0.013065
0.002635
0.101819
0.474857
0.206479
0.378250
0.025112
0.138585
0.397745
0.271851
0.378964
0.107508
0.066134
0.081241
0.411745
0.088228
0.458411
0.031504
0.124156
0.025424
0.167309
0.345166
0.100859
0.276054
0.146545
0.024724
0.188253
0.562629
0.131324
0.150497
0.271036
0.273052
0.166405
0.079809
0.292434
0.513387
0.182246
0.242374
0.218298
0.361537
0.252082
0.299393
0.063125
0.132407
0.315709
0.315200
0.054004
0.014082
0.408823
0.248309
0.280745
0.127154
0.090284
0.150105
0.212337
0.322787
0.488169
0.218279
0.228077
0.076634
0.071236
0.383654
0.258689
0.133456
0.253314
0.077784
0.013030
0.309599
0.302662
0.333626
0.206763
0.163921
0.020767
0.657655
0.327896
0.067583
0.428019
0.101504
0.207186
0.444938
0.169373
0.185849
0.461850
0.048729
0.058772
0.203634
0.289447
0.017341
0.373284
0.115805
0.318342
0.050281
0.304721
0.254507
0.087290
0.205915
0.038826
0.055252
0.298651
0.203247
0.171548
0.310313
0.264504
0.407528
0.294688
0.098507
0.029534
0.479156
0.201175
0.036809
0.288185
0.365659
0.146326
0.354130
0.373363
0.126602
0.030356
0.266507
0.165483
0.328061
0.435983
0.367260
0.010517
0.090147
0.361259
0.291929
0.070466
0.498904
0.298412
0.124605
0.237882
0.187516
0.552136
0.197335
0.076363
0.254995
0.152489
0.285080
0.446367
0.102654
0.249984
0.152896
0.119960
0.139282
0.491448
0.179259
0.178924
0.142804
0.250757
0.038099
0.250367
0.157390
0.237175
0.367754
0.362354
0.199136
0.456857
0.161170
0.363585
0.607784
0.375276
0.293450
0.108293
0.207252
0.084588
0.196917
0.108149
0.065756
0.375530
0.183676
0.285748
0.305205
0.064249
0.239024
0.430373
0.012423
0.423802
0.309194
0.181194
0.068254
0.389349
0.137742
0.567750
0.252916
0.184143
0.095642
0.415806
0.597656
0.493244
0.373142
0.195245
0.517295
0.212330
0.181038
0.185831
0.356881
0.262444
0.314254
0.296892
0.042384
0.156216
0.333755
0.294570
0.588117
0.337256
0.062994
0.086890
0.275612
0.128296
0.089869
0.111117
0.016143
0.138840
0.084974
0.349613
0.015684
0.387078
0.178475
0.107215
0.417095
0.087900
0.057047
0.044714
0.061225
0.232490
0.019072
0.340537
0.414333
0.233742
0.237968
0.049443
0.425705
0.198043
0.506750
0.489697
0.304017
0.287744
0.356691
0.404137
0.592443
0.062057
0.053331
0.066930
0.073154
0.222154
0.002034
0.282002
0.355906
0.398653
0.025369
0.068400
0.437993
0.182843
0.116417
0.486374
0.036134
0.519951
0.339951
0.333778
0.532809
0.433518
0.268431
0.147549
0.439134
0.433871
0.229667
0.407885
0.177344
0.344025
0.039937
0.164047
0.193442
0.113974
0.332190
0.242731
0.364347
0.005549
0.347919
0.400527
0.136439
0.609114
0.008860
0.035140
0.635976
0.150467
0.043734
0.332002
0.391792
0.481675
0.165684
0.514039
0.311493
0.310587
0.152503
0.090394
0.072627
0.224439
0.363420
0.127940
0.313077
0.179063
0.366183
0.320319
0.115618
0.153105
0.261595
0.562034
0.123732
0.082425
0.059033
0.440660
0.511324
0.198917
0.363331
0.140843
0.142428
0.004992
0.497361
0.114141
0.467163
0.194720
0.137863
0.323683
0.010448
0.327196
0.280244
0.385410
0.246066
0.098117
0.015311
0.298713
0.392263
0.048179
0.384908
0.478290
0.116825
0.320323
0.204646
0.293850
0.198392
0.245735
0.260813
0.072342
0.101409
0.181249
0.047783
0.477644
0.201131
0.463267
0.106684
0.071904
0.294447
0.088550
0.305660
0.092326
0.000054
0.202748
0.151880
0.253901
0.026097
0.376206
0.426892
0.194252
0.368034
0.098903
0.137400
0.222997
0.230567
0.411233
0.197996
0.577384
0.085271
0.047404
0.307394
0.107788
0.489910
0.357463
0.027392
0.332123
0.080733
0.446013
0.436817
0.155502
0.133735
0.037936
0.515480
0.204799
0.156787
0.150100
0.031864
0.327035
0.040186
0.190627
0.397152
0.016575
0.361998
0.137919
0.300565
0.436536
0.053806
0.192039
0.034596
0.113749
0.277532
0.054500
0.016571
0.090483
0.241644
0.073832
0.010201
0.245254
0.279775
0.170843
0.051896
0.150245
0.348679
0.292875
0.194619
0.051553
0.221308
0.247184
0.624804
0.047739
0.209578
0.132453
0.074663
0.127416
0.389349
0.003956
0.193438
0.070967
0.385103
0.094649
0.074287
0.484302
0.065835
0.110477
0.397091
0.150730
0.307521
0.485542
0.266422
0.018723
0.575986
0.175668
0.101469
0.403975
0.424326
0.343633
0.112481
0.404300
0.072635
0.674668
0.688453
0.395662
0.095575
0.291938
0.644660
0.299275
0.107771
0.203635
0.473228
0.347210
0.011734
0.214580
0.211492
0.060090
0.134395
0.064196
0.215561
0.324111
0.104846
0.133337
0.014841
0.525076
0.454810
0.134589
0.038503
0.148645
0.110763
0.324622
0.479027
0.097489
0.463950
0.343635
0.198125
0.390017
0.017846
0.165290
0.060064
0.136935
0.406941
0.108884
0.439417
0.201549
0.192736
0.130235
0.560537
0.220923
0.508410
0.256984
0.014428
0.373231
0.119196
0.065304
0.306170
0.394032
0.145414
0.074866
0.389807
0.158471
0.167543
0.059487
0.248672
0.254971
0.027647
0.011962
0.460866
0.267162
0.333246
0.139450
0.448290
0.483415
0.090913
0.027531
0.563635
0.396607
0.226729
0.481882
0.334385
0.158909
0.451766
0.167796
0.346397
0.401869
0.212550
0.249717
0.376112
0.149153
0.108867
0.118080
0.099353
0.230609
0.179588
0.267254
0.345004
0.203961
0.061403
0.024682
0.062588
0.047597
0.412431
0.222689
0.325782
0.354432
0.174241
0.318274
0.110354
0.188977
0.033324
0.090441
0.216360
0.308245
0.072722
0.110002
0.495664
0.290872
0.393719
0.344485
0.248694
0.182514
0.589695
0.446889
0.397062
0.180325
0.315968
0.517692
0.641436
0.406139
0.056240
0.228590
0.398400
0.317212
0.462975
0.489808
0.170083
0.041960
0.251618
0.359120
0.068488
0.074399
0.036290
0.476740
0.434508
0.178366
0.232686
0.770798
0.697565
0.243808
0.324120
0.290947
0.030898
0.017770
0.371758
0.148374
0.075185
0.030285
0.314080
0.031035
0.395945
0.235581
0.473956
0.247326
0.228412
0.575920
0.065907
0.021015
0.189502
0.471401
0.205400
0.145052
0.356301
0.103268
0.023240
0.267231
0.458245
0.341896
0.044624
0.306190
0.101369
0.332353
0.195297
0.224671
0.058061
0.229805
0.059803
0.332033
0.393156
0.157833
0.352183
0.106669
0.580662
0.257218
0.190071
0.233528
0.120461
0.296628
0.025024
0.174972
0.430504
0.166254
0.410280
0.457942
0.534368
0.316905
0.007423
0.427998
0.254201
0.178461
0.369368
0.255718
0.110876
0.459045
0.127440
0.107110
0.568042
0.395543
0.071026
0.376589
0.320325
0.283670
0.324282
0.408150
0.345184
0.449026
0.221982
0.440004
0.117685
0.038803
0.602012
0.296142
0.268817
0.179754
0.443644
0.266368
0.087789
0.014442
0.508940
0.376861
0.092323
0.268734
0.117079
0.276418
0.130452
0.460162
0.034093
0.422929
0.571924
0.034787
0.007900
0.141208
0.117251
0.123127
0.007124
0.083052
0.635121
0.094604
0.092548
0.165880
0.213015
0.192212
0.519815
0.368329
0.005774
0.234550
0.025494
0.366141
0.439697
0.224410
0.371706
0.027424
0.164480
0.234846
0.454107
0.052672
0.089049
0.274837
0.104414
0.313386
0.332821
0.194945
0.016080
0.342079
0.286890
0.361274
0.243897
0.344681
0.382211
0.240826
0.226061
0.095536
0.002314
0.407960
0.358781
0.394528
0.489390
0.039175
0.049357
0.221152
0.350272
0.039835
0.085161
0.354300
0.504223
0.143080
0.261351
0.093266
0.373304
0.271714
0.106671
0.061970
0.396859
0.151696
0.049738
0.211639
0.307655
0.230979
0.065154
0.257473
0.061824
0.280472
0.230947
0.355199
0.123816
0.295237
0.055166
0.059659
0.222744
0.184969
0.046128
0.586405
0.227712
0.264716
0.483147
0.165074
0.285730
0.131176
0.027358
0.015583
0.013621
0.089440
0.092710
0.742084
0.250498
0.049756
0.127836
0.395060
0.405157
0.124421
0.087080
0.262412
0.118694
0.266296
0.404427
0.302738
0.189670
0.410956
0.435079
0.276062
0.264425
0.091321
0.124116
0.196126
0.279676
0.137730
0.403218
0.043984
0.043108
0.002321
0.230289
0.592195
0.192978
0.344762
0.300827
0.198472
0.404709
0.002223
0.170784
0.433324
0.053132
0.021475
0.306565
0.006847
0.116066
0.269829
0.194244
0.470000
0.098460
0.358857
0.005260
0.281190
0.553626
0.076867
0.327079
0.311285
0.301961
0.184568
0.398694
0.156938
0.133980
0.042085
0.008977
0.511512
0.597428
0.245979
0.299421
0.182582
0.135383
0.351886
0.070340
0.670808
0.014080
0.044109
0.713794
0.337927
0.312523
0.504709
0.073359
0.334758
0.198680
0.427565
0.122977
0.217075
0.112695
0.277011
0.203867
0.089418
0.032039
0.350547
0.275006
0.242742
0.067005
0.305567
0.062972
0.170967
0.230293
0.165024
0.405795
0.046156
0.116716
0.025988
0.204517
0.031180
0.534527
0.002696
0.337820
0.037350
0.028910
0.092057
0.000130
0.080772
0.352500
0.169897
0.081009
0.819455
0.245384
0.001088
0.414399
0.502132
0.412667
0.207368
0.173415
0.227607
0.110869
0.530886
0.360860
0.022876
0.629083
0.125326
0.323814
0.044244
0.046483
0.099785
0.272977
0.474718
0.110185
0.194569
0.320212
0.243240
0.323285
0.183242
0.318576
0.017542
0.417566
0.005574
0.266444
0.129777
0.128313
0.135981
0.378839
0.094247
0.208963
0.078838
0.047321
0.230288
0.234260
0.131497
0.340475
0.082466
0.470344
0.219702
0.230533
0.000711
0.296393
0.150226
0.446827
0.011104
0.037102
0.581588
0.026703
0.391667
0.345402
0.472672
0.072098
0.283398
0.550813
0.231204
0.244171
0.171588
0.109243
0.324811
0.409418
0.338829
0.175857
0.046321
0.089853
0.350267
0.245871
0.212828
0.114107
0.241416
0.139078
0.193041
0.347233
0.402061
0.095468
0.139978
0.017637
0.479515
0.119254
0.392473
0.186996
0.024283
0.084536
0.196013
0.121209
0.078696
0.324018
0.117341
0.032184
0.215045
0.396649
0.193483
0.172201
0.432036
0.134195
0.410587
0.126714
0.430422
0.274050
0.070796
0.331611
0.350332
0.043920
0.454650
0.532518
0.034843
0.476290
0.411953
0.042616
0.221435
0.561839
0.044666
0.019482
0.002149
0.356064
0.358788
0.109417
0.368856
0.413972
0.321181
0.057099
0.210957
0.580148
0.506033
0.118143
0.046410
0.252843
0.182479
0.278853
0.326597
0.375086
0.269648
0.224975
0.433026
0.123716
0.043034
0.173178
0.173276
0.417136
0.136492
0.017325
0.178136
0.404125
0.054238
0.455727
0.193820
0.479561
0.210243
0.125552
0.129416
0.459649
0.169299
0.254504
0.117872
0.078657
0.471073
0.206869
0.103794
0.235378
0.198048
0.307633
0.204895
0.116998
0.100386
0.432552
0.350570
0.026994
0.446726
0.109613
0.123370
0.158081
0.114042
0.429162
0.301123
0.291319
0.081332
0.209429
0.280133
0.192090
0.420568
0.159595
0.041164
0.100847
0.493702
0.171385
0.522147
0.089415
0.112627
0.091119
0.174086
0.294612
0.096585
0.298710
0.049152
0.011902
0.223240
0.548731
0.146842
0.123640
0.332795
0.296466
0.106706
0.127350
0.364795
0.485096
0.346398
0.374485
0.059202
0.135417
0.198043
0.261451
0.199159
0.088643
0.252320
0.202868
0.110417
0.141983
0.383563
0.203386
0.144385
0.194451
0.004350
0.175912
0.045447
0.259314
0.440036
0.145495
0.073934
0.001774
0.121811
0.360436
0.197209
0.097463
0.319444
0.015880
0.135009
0.207246
0.315484
0.234345
0.261906
0.339323
0.133832
0.653011
0.321274
0.033899
0.385212
0.161252
0.225508
0.420329
0.270408
0.150304
0.406290
0.120344
0.141734
0.235552
0.157144
0.025840
0.384050
0.037204
0.272532
0.088012
0.255961
0.225634
0.045179
0.159762
0.170898
0.262432
0.471924
0.208608
0.216873
0.338568
0.196658
0.126077
0.278267
0.106546
0.048124
0.383949
0.112586
0.144771
0.202227
0.459732
0.184899
0.382202
0.311231
0.132286
0.042066
0.187053
0.190904
0.317010
0.522411
0.223952
0.094487
0.078137
0.265503
0.242125
0.005678
0.640656
0.316400
0.160240
0.307702
0.187452
0.555601
0.099516
0.035309
0.176040
0.048642
0.393116
0.443541
0.000917
0.267407
0.256979
0.078907
0.019458
0.437421
0.212380
0.086512
0.215384
0.370501
0.001658
0.215764
0.113482
0.105276
0.371777
0.196324
0.300608
0.544352
0.256042
0.446045
0.498825
0.463262
0.327002
0.108449
0.083953
0.161852
0.304606
0.074957
0.233210
0.237901
0.255033
0.331428
0.366159
0.038414
0.275334
0.434422
0.126188
0.414746
0.253555
0.127566
0.052843
0.534153
0.095503
0.566613
0.185776
0.251630
0.006515
0.406276
0.523023
0.492542
0.530911
0.207481
0.484536
0.291695
0.232336
0.252676
0.356083
0.335716
0.278439
0.060195
0.065590
0.090822
0.461145
0.075673
0.544408
0.444945
0.084374
0.098259
0.341923
0.159333
0.028626
0.201093
0.075262
0.269448
0.120719
0.373851
0.018054
0.448223
0.146852
0.144796
0.492702
0.023418
0.131615
0.018851
0.019160
0.246924
0.011382
0.327326
0.398873
0.264766
0.199061
0.058070
0.450601
0.136368
0.541170
0.579863
0.301700
0.091593
0.366965
0.323371
0.619116
0.031407
0.142712
0.016567
0.063853
0.309072
0.026475
0.118490
0.349338
0.350266
0.123984
0.035745
0.386858
0.281154
0.282735
0.379486
0.000992
0.338226
0.327470
0.175063
0.503168
0.525853
0.196952
0.202297
0.481078
0.490908
0.313064
0.459325
0.088804
0.353097
0.108217
0.304337
0.101401
0.170970
0.386740
0.151457
0.208816
0.077681
0.213729
0.250283
0.036792
0.651360
0.126464
0.108510
0.517885
0.072803
0.018405
0.311819
0.324889
0.469908
0.227083
0.613600
0.521826
0.303198
0.036908
0.103176
0.069153
0.283947
0.377123
0.006932
0.436186
0.180813
0.194190
0.112368
0.240902
0.175880
0.361836
0.449968
0.154370
0.041540
0.063672
0.509988
0.438051
0.125067
0.344585
0.025660
0.203506
0.076112
0.348951
0.202133
0.509684
0.176954
0.087585
0.336919
0.159023
0.333424
0.453283
0.458072
0.236383
0.192538
0.072897
0.403288
0.438230
0.052085
0.488958
0.486659
0.293221
0.204588
0.252390
0.395363
0.333035
0.384474
0.261579
0.106550
0.293679
0.168374
0.094123
0.349435
0.150655
0.615400
0.076518
0.060930
0.128895
0.120985
0.363250
0.148524
0.046334
0.275818
0.222033
0.227382
0.156011
0.239713
0.471513
0.074161
0.306380
0.258798
0.088834
0.146114
0.198818
0.202001
0.283898
0.556630
0.212330
0.046807
0.356984
0.018346
0.518506
0.293434
0.162779
0.390975
0.061431
0.455392
0.301084
0.127986
0.120618
0.106951
0.547811
0.154030
0.051122
0.024927
0.085530
0.284987
0.064256
0.189163
0.378254
0.113526
0.344973
0.112190
0.387999
0.451799
0.139015
0.335721
0.089570
0.095001
0.267911
0.075420
0.084719
0.034217
0.254473
0.153837
0.118355
0.331944
0.229814
0.250015
0.031659
0.061552
0.388724
0.124297
0.173751
0.017031
0.213322
0.074540
0.607082
0.041733
0.338379
0.098525
0.147019
0.023993
0.312249
0.026090
0.191061
0.100534
0.450861
0.186591
0.013880
0.563594
0.023773
0.052938
0.421021
0.078248
0.153729
0.350734
0.254319
0.094513
0.439463
0.008833
0.109043
0.313029
0.391570
0.394749
0.117819
0.386189
0.056578
0.593329
0.755496
0.328184
0.015080
0.452154
0.559825
0.363554
0.003705
0.225076
0.493529
0.259441
0.106138
0.191991
0.111585
0.025570
0.171372
0.089430
0.229031
0.162963
0.185577
0.162363
0.110869
0.623813
0.374471
0.068328
0.104559
0.003843
0.165398
0.093240
0.480842
0.006111
0.316602
0.393147
0.173446
0.403052
0.139814
0.174646
0.084993
0.302649
0.336877
0.154454
0.266100
0.210856
0.368285
0.310969
0.475130
0.297327
0.495261
0.328591
0.074349
0.239477
0.065973
0.094932
0.217366
0.421959
0.085436
0.097772
0.452285
0.188777
0.016860
0.067543
0.343138
0.193605
0.082204
0.025762
0.482620
0.259739
0.281875
0.273966
0.238452
0.538823
0.021918
0.027209
0.559939
0.334142
0.338154
0.401263
0.384905
0.091720
0.383600
0.246786
0.403327
0.381634
0.135432
0.317861
0.255333
0.216022
0.185913
0.261331
0.199575
0.128750
0.065168
0.146878
0.365946
0.229592
0.112167
0.051167
0.117063
0.031708
0.280570
0.231060
0.383169
0.345287
0.149752
0.159337
0.067428
0.166679
0.001104
0.095630
0.122834
0.181623
0.079375
0.096782
0.507241
0.535233
0.429793
0.188093
0.281155
0.176151
0.570838
0.352523
0.237219
0.103879
0.208237
0.500359
0.660744
0.275938
0.090183
0.335082
0.440367
0.243709
0.437329
0.401489
0.133872
0.176236
0.388815
0.282345
0.141088
0.213338
0.069712
0.621796
0.519750
0.271120
0.113219
0.638056
0.602068
0.283765
0.289568
0.305637
0.008967
0.105522
0.391785
0.158682
0.137505
0.056987
0.373745
0.063250
0.276685
0.174275
0.463609
0.279507
0.300340
0.515562
0.067105
0.003089
0.304164
0.397854
0.076001
0.094191
0.324417
0.155730
0.027441
0.191555
0.427056
0.279633
0.024323
0.327718
0.078993
0.290634
0.126482
0.236769
0.038391
0.270073
0.126882
0.305505
0.328865
0.316213
0.395020
0.303040
0.539340
0.096402
0.229285
0.312346
0.141250
0.300928
0.134426
0.267319
0.331004
0.107766
0.269929
0.501144
0.507002
0.352874
0.005692
0.343877
0.293937
0.079516
0.286535
0.167299
0.039882
0.420775
0.073178
0.149265
0.578018
0.320407
0.210062
0.368509
0.288525
0.134353
0.374212
0.428896
0.350190
0.663843
0.393898
0.315999
0.139052
0.005256
0.735648
0.243494
0.150993
0.207956
0.344283
0.383439
0.066073
0.090323
0.597167
0.420644
0.000286
0.210187
0.127539
0.445631
0.113633
0.364849
0.188578
0.368952
0.580963
0.196959
0.113319
0.143705
0.078030
0.177977
0.073536
0.069421
0.483818
0.205741
0.114273
0.133319
0.166345
0.152799
0.546313
0.279499
0.061823
0.333205
0.115451
0.395838
0.413602
0.417083
0.347957
0.111889
0.243551
0.090163
0.443440
0.026631
0.113249
0.396090
0.162748
0.217568
0.368430
0.366794
0.146317
0.199715
0.386693
0.271074
0.157328
0.409057
0.383868
0.157552
0.177697
0.089862
0.088229
0.371545
0.305175
0.317583
0.295376
0.057022
0.023341
0.342439
0.339284
0.039287
0.160442
0.322672
0.569221
0.103978
0.380203
0.229351
0.295289
0.163065
0.191511
0.227427
0.368127
0.116404
0.101996
0.275863
0.243016
0.213051
0.015932
0.205789
0.136927
0.334740
0.171958
0.415878
0.068494
0.281528
0.149486
0.089818
0.202932
0.273012
0.017739
0.630598
0.163724
0.189153
0.526859
0.020536
0.251385
0.134888
0.039573
0.155625
0.044565
0.273919
0.241361
0.675485
0.231628
0.043920
0.008110
0.396540
0.438730
0.123254
0.006083
0.173670
0.143663
0.412232
0.308396
0.280970
0.311218
0.380457
0.472497
0.187044
0.233224
0.161174
0.198900
0.249237
0.228484
0.199038
0.489945
0.034400
0.089318
0.083945
0.217967
0.491140
0.130697
0.206974
0.462872
0.155418
0.432206
0.029842
0.301995
0.704521
0.026079
0.089846
0.296792
0.026516
0.131953
0.241058
0.238423
0.417542
0.185199
0.362213
0.094484
0.484146
0.702479
0.231637
0.150284
0.296477
0.377062
0.137995
0.402476
0.133583
0.024877
0.083802
0.070258
0.447717
0.644826
0.217303
0.243303
0.134690
0.109820
0.363036
0.008357
0.687634
0.130165
0.024842
0.559143
0.171624
0.364477
0.522937
0.102328
0.401861
0.060227
0.430892
0.171774
0.090679
0.138540
0.320704
0.098994
0.118166
0.054757
0.469215
0.481395
0.308763
0.053148
0.321935
0.160764
0.109532
0.321351
0.117283
0.428963
0.095928
0.035166
0.173406
0.079086
0.010085
0.527305
0.067211
0.348557
0.124483
0.048021
0.225153
0.124685
0.070896
0.370872
0.159111
0.032269
0.651191
0.110526
0.017214
0.378864
0.463268
0.430270
0.240092
0.315059
0.289241
0.027452
0.527654
0.471227
0.075953
0.539979
0.037773
0.282365
0.017967
0.107965
0.301800
0.318262
0.452548
0.046635
0.137696
0.340254
0.141946
0.438594
0.169154
0.384877
0.081740
0.385829
0.234264
0.251445
0.082292
0.178847
0.103569
0.198515
0.210484
0.151132
0.175342
0.072273
0.247491
0.391155
0.161986
0.365029
0.048325
0.548942
0.257210
0.146587
0.089745
0.290222
0.168622
0.452228
0.009320
0.029204
0.508269
0.157742
0.348925
0.177049
0.437234
0.042134
0.200999
0.367196
0.123709
0.140292
0.038632
0.127448
0.367042
0.399308
0.355602
0.180611
0.128137
0.013661
0.238184
0.339954
0.135584
0.237972
0.317434
0.107497
0.312088
0.312375
0.488027
0.032410
0.115636
0.040418
0.621388
0.271714
0.462644
0.244657
0.014954
0.077572
0.144631
0.130479
0.122338
0.481605
0.101821
0.075631
0.175336
0.264066
0.154175
0.180674
0.425562
0.171599
0.318925
0.114721
0.330502
0.413365
0.023990
0.407788
0.326986
0.072207
0.368805
0.555817
0.113084
0.457251
0.285179
0.013457
0.085063
0.311086
0.115571
0.181664
0.051611
0.319527
0.429916
0.174719
0.349711
0.254498
0.396656
0.075408
0.026003
0.625876
0.519133
0.141756
0.147763
0.129228
0.263348
0.201499
0.210175
0.282753
0.251301
0.011947
0.398885
0.300077
0.185916
0.223685
0.139497
0.369319
0.103263
0.218692
0.152366
0.338838
0.046356
0.506357
0.054044
0.446729
0.300382
0.031659
0.205197
0.468306
0.161998
0.119678
0.154068
0.090240
0.496175
0.242562
0.192667
0.291793
0.172192
0.121036
0.282287
0.005732
0.178614
0.420278
0.438283
0.032525
0.610308
0.028194
0.228254
0.270767
0.123093
0.375532
0.351759
0.182789
0.187548
0.241456
0.088194
0.158736
0.416844
0.215187
0.002268
0.128230
0.510658
0.272577
0.510975
0.129967
0.122112
0.209829
0.130118
0.215760
0.020482
0.328380
0.136344
0.024359
0.287692
0.447090
0.142722
0.047350
0.416696
0.279894
0.062533
0.220105
0.382141
0.400389
0.493817
0.455462
0.082991
0.027307
0.173737
0.179766
0.269852
0.040499
0.254039
0.131983
0.177710
0.198745
0.362014
0.091553
0.012063
0.183564
0.017796
0.152259
0.046245
0.230172
0.293732
0.143259
0.163883
0.026133
0.150313
0.340576
0.137443
0.022092
0.291116
0.064652
0.232734
0.076225
0.360471
0.021089
0.208450
0.569107
0.144954
0.498224
0.241550
0.060498
0.269843
0.188059
0.254981
0.300485
0.362336
0.111406
0.279918
0.149639
0.230087
0.314302
0.102706
0.121384
0.412818
0.070799
0.264043
0.106780
0.166623
0.274466
0.079990
0.156180
0.255386
0.431025
0.594361
0.136206
0.143667
0.439974
0.125417
0.212386
0.244169
0.102137
0.086662
0.278172
0.040128
0.273249
0.105203
0.494976
0.171278
0.384164
0.175988
0.164940
0.084850
0.100603
0.163132
0.261750
0.567690
0.053248
0.133446
0.062736
0.215172
0.108417
0.004689
0.670181
0.289109
0.189767
0.272165
0.248777
0.576645
0.024885
0.023220
0.079666
0.135999
0.446689
0.378716
0.075304
0.237942
0.274861
0.012628
0.113985
0.277127
0.167410
0.010138
0.258131
0.465589
0.039392
0.240777
0.135229
0.012561
0.346489
0.046183
0.385304
0.514642
0.310152
0.484431
0.389875
0.459333
0.327553
0.120145
0.110463
0.279688
0.338320
0.037969
0.362748
0.089258
0.260521
0.342813
0.426338
0.070625
0.340149
0.483513
0.180783
0.352098
0.240069
0.011809
0.037448
0.553146
0.065895
0.505147
0.064604
0.346081
0.137351
0.352607
0.372722
0.390734
0.651689
0.232482
0.349204
0.391976
0.359799
0.206310
0.305213
0.294993
0.238691
0.169533
0.187822
0.014613
0.500807
0.096110
0.378608
0.446381
0.108200
0.185681
0.336190
0.126432
0.050641
0.220044
0.161475
0.380558
0.184985
0.383724
0.090825
0.446204
0.104919
0.095383
0.564444
0.068877
0.213491
0.033029
0.008651
0.246125
0.020800
0.352622
0.403327
0.340372
0.131265
0.044588
0.416343
0.134771
0.619908
0.630660
0.278580
0.021303
0.398177
0.242617
0.570923
0.074845
0.263478
0.080141
0.034659
0.372009
0.000138
0.015318
0.316487
0.235807
0.277169
0.056780
0.297683
0.346245
0.394903
0.229558
0.056342
0.099297
0.276337
0.048355
0.463541
0.577258
0.089462
0.243375
0.426586
0.452097
0.301935
0.540722
0.042623
0.371811
0.158665
0.386588
0.051628
0.264299
0.415469
0.063066
0.152270
0.087004
0.177873
0.172189
0.104536
0.637339
0.225464
0.216416
0.369743
0.045515
0.053011
0.229252
0.257815
0.351000
0.224410
0.614490
0.541381
0.270678
0.165880
0.087296
0.037400
0.324348
0.358633
0.098522
0.481428
0.252466
0.019358
0.081261
0.361952
0.199763
0.443718
0.358572
0.192402
0.051857
0.124817
0.472846
0.258188
0.107601
0.291035
0.277926
0.252450
0.050427
0.180724
0.271145
0.470657
0.134778
0.026277
0.326553
0.360051
0.311032
0.586708
0.465670
0.280359
0.283164
0.170859
0.387105
0.507496
0.036746
0.488719
0.408073
0.368201
0.079966
0.326072
0.416187
0.402990
0.504690
0.320755
0.146664
0.498020
0.230406
0.178125
0.249092
0.083246
0.609670
0.164418
0.017226
0.147716
0.097776
0.366014
0.204140
0.116216
0.334953
0.291329
0.287286
0.301808
0.127375
0.421008
0.041671
0.144243
0.349651
0.114929
0.024039
0.180984
0.047259
0.315044
0.443430
0.355702
0.076761
0.377262
0.066541
0.478613
0.115519
0.317529
0.455204
0.107135
0.497294
0.180184
0.059593
0.111854
0.209458
0.455900
0.138186
0.035238
0.051216
0.115781
0.181906
0.016671
0.134448
0.327016
0.209019
0.328845
0.011806
0.348658
0.431712
0.198813
0.459962
0.185201
0.076162
0.304887
0.084892
0.114761
0.036259
0.274816
0.222086
0.217912
0.413204
0.122260
0.246255
0.022794
0.000324
0.409860
0.023539
0.186900
0.041019
0.215881
0.109265
0.534297
0.016582
0.453112
0.066418
0.219772
0.145222
0.274492
0.080764
0.191119
0.257681
0.567307
0.306118
0.006602
0.559647
0.088244
0.080953
0.425630
0.046788
0.005484
0.254156
0.249578
0.077929
0.217109
0.165404
0.146445
0.288899
0.242077
0.498661
0.053999
0.394826
0.097739
0.411614
0.666276
0.242791
0.018173
0.527291
0.445553
0.312266
0.058946
0.174338
0.485548
0.155173
0.160979
0.144362
0.023989
0.215283
0.122281
0.116647
0.171861
0.009476
0.165701
0.047528
0.184444
0.645679
0.274839
0.030956
0.193227
0.052165
0.112381
0.097174
0.449883
0.074615
0.092138
0.344564
0.146167
0.426653
0.347877
0.176369
0.123871
0.479370
0.299798
0.127898
0.136290
0.248150
0.497237
0.457847
0.347844
0.301324
0.388862
0.398648
0.159587
0.112510
0.013029
0.089035
0.137556
0.344036
0.074742
0.030364
0.534915
0.199589
0.118190
0.077732
0.378628
0.146721
0.166124
0.099208
0.420331
0.228166
0.132294
0.348641
0.039802
0.559294
0.069926
0.028310
0.537045
0.289334
0.406249
0.215548
0.425073
0.011228
0.311487
0.222782
0.324304
0.338852
0.076561
0.399994
0.161630
0.238097
0.287898
0.344004
0.256402
0.037855
0.001872
0.017437
0.413722
0.281372
0.088339
0.093830
0.116799
0.185410
0.185074
0.148267
0.419610
0.260487
0.080429
0.020655
0.077145
0.150660
0.003385
0.089465
0.078053
0.133385
0.109980
0.073087
0.519305
0.714038
0.347923
0.064391
0.237277
0.178396
0.467356
0.263958
0.117425
0.002756
0.148777
0.410783
0.617758
0.144302
0.085701
0.378352
0.390439
0.147983
0.408775
0.149767
0.088032
0.231092
0.449725
0.156604
0.288266
0.311064
0.108320
0.666312
0.543303
0.361407
0.017621
0.434335
0.460053
0.346241
0.227733
0.236394
0.004218
0.291340
0.413699
0.225690
0.177982
0.127250
0.468610
0.164444
0.166979
0.194763
0.351452
0.277043
0.305844
0.411235
0.037533
0.015711
0.408101
0.265347
0.012238
0.024467
0.284963
0.265390
0.062283
0.015601
0.397885
0.163815
0.160808
0.469878
0.023075
0.299724
0.089403
0.210794
0.026602
0.279932
0.150324
0.304348
0.180848
0.472929
0.292546
0.434835
0.446177
0.032725
0.271164
0.387993
0.085268
0.175945
0.285696
0.269001
0.233260
0.082235
0.139213
0.439416
0.379895
0.377677
0.004194
0.302859
0.342967
0.019222
0.200383
0.105756
0.026318
0.410742
0.014430
0.239917
0.535977
0.232338
0.302404
0.281455
0.282507
0.031289
0.411677
0.401352
0.352026
0.732492
0.471299
0.247562
0.156622
0.007570
0.760793
0.147177
0.048844
0.215644
0.241121
0.463861
0.049699
0.107353
0.543056
0.445734
0.056480
0.122046
0.197251
0.535820
0.090401
0.307864
0.244230
0.320228
0.536837
0.313871
0.278665
0.132122
0.059933
0.232438
0.148193
0.018870
0.334458
0.354485
0.091260
0.046900
0.122530
0.083314
0.541408
0.160830
0.130943
0.450056
0.225123
0.418290
0.366439
0.565929
0.283476
0.144249
0.258177
0.009719
0.395404
0.034183
0.090583
0.481938
0.172017
0.085479
0.357980
0.462014
0.225722
0.010687
0.467938
0.195919
0.052155
0.374058
0.393384
0.133528
0.108129
0.149933
0.155588
0.383402
0.269541
0.280151
0.035533
0.166215
0.123920
0.426873
0.308901
0.138550
0.163448
0.164709
0.637996
0.117408
0.462476
0.271309
0.229726
0.069349
0.189805
0.441741
0.268116
0.044391
0.095168
0.371733
0.188767
0.173793
0.001846
0.247801
0.146971
0.335912
0.147531
0.480730
0.006740
0.302949
0.230078
0.092115
0.146020
0.354383
0.064658
0.606571
0.093442
0.149237
0.526314
0.130103
0.163670
0.186058
0.042794
0.268675
0.083551
0.459484
0.420253
0.475827
0.208326
0.145434
0.076922
0.326465
0.431821
0.120476
0.048314
0.068861
0.194930
0.438485
0.169202
0.139158
0.427560
0.325203
0.451282
0.002019
0.193082
0.262002
0.213360
0.309657
0.174062
0.233038
0.572965
0.122716
0.192808
0.149089
0.181585
0.391014
0.058086
0.054147
0.651315
0.203967
0.395406
0.117480
0.350433
0.845680
0.122144
0.094315
0.212368
0.001405
0.180672
0.230240
0.242917
0.367131
0.229773
0.340554
0.090209
0.674165
0.699682
0.392439
0.060012
0.280746
0.465777
0.060454
0.403617
0.063881
0.108065
0.049229
0.177731
0.283756
0.600403
0.207022
0.218610
0.073164
0.112176
0.278656
0.113136
0.628949
0.332423
0.014926
0.386947
0.023236
0.325624
0.501636
0.183553
0.424487
0.090579
0.420756
0.133811
0.005081
0.196509
0.279912
0.015641
0.105566
0.110324
0.507432
0.576185
0.350808
0.048899
0.250371
0.275950
0.111524
0.354870
0.001790
0.410693
0.197730
0.022742
0.272101
0.112656
0.056297
0.437312
0.153594
0.362681
0.233863
0.135862
0.372616
0.299630
0.106536
0.394356
0.129834
0.052498
0.400311
0.096511
0.000320
0.296930
0.417119
0.398438
0.245856
0.319499
0.323364
0.030454
0.481289
0.454444
0.198586
0.322414
0.172771
0.262224
0.062284
0.198610
0.526511
0.373374
0.448411
0.056250
0.123292
0.414068
0.019187
0.486326
0.139123
0.398620
0.126745
0.285014
0.434085
0.278412
0.034344
0.233719
0.060779
0.011029
0.272485
0.069036
0.248177
0.030728
0.248293
0.577770
0.215096
0.420818
0.031257
0.530073
0.226978
0.120695
0.107948
0.276920
0.198521
0.415784
0.097651
0.066135
0.415832
0.329475
0.383337
0.073394
0.315730
0.173207
0.093394
0.195790
0.010558
0.047434
0.149745
0.138791
0.409486
0.363234
0.357077
0.159898
0.176653
0.051608
0.086222
0.419411
0.021437
0.284913
0.371484
0.076897
0.442207
0.280764
0.520830
0.106388
0.116993
0.095791
0.728193
0.323088
0.528616
0.364966
0.013629
0.150774
0.032594
0.124109
0.333297
0.536680
0.127654
0.164007
0.134768
0.046220
0.105439
0.096104
0.439803
0.252489
0.206304
0.127137
0.194088
0.543816
0.135144
0.455757
0.269401
0.021575
0.204210
0.524434
0.173221
0.315054
0.080992
0.106006
0.068112
0.033192
0.189570
0.363770
0.069459
0.308120
0.398193
0.237312
0.307856
0.089421
0.336755
0.054430
0.166084
0.660944
0.447180
0.231762
0.210461
0.007845
0.342926
0.093953
0.101826
0.251426
0.181138
0.183079
0.337831
0.427167
0.365741
0.291700
0.105998
0.288441
0.025333
0.424416
0.147395
0.264969
0.043306
0.486083
0.024062
0.393169
0.404543
0.138909
0.242752
0.439804
0.203465
0.007409
0.150644
0.234171
0.517175
0.233328
0.292766
0.354579
0.083195
0.025519
0.335718
0.043040
0.180566
0.441282
0.443484
0.088923
0.654788
0.084778
0.311597
0.316983
0.079307
0.305333
0.311394
0.157481
0.199113
0.229047
0.087456
0.145576
0.356438
0.201354
0.046094
0.190829
0.444750
0.359514
0.483480
0.130604
0.180439
0.376789
0.053820
0.164744
0.065937
0.405535
0.295723
0.062079
0.345304
0.330278
0.112028
0.018226
0.460572
0.217551
0.041118
0.240079
0.325505
0.312185
0.600289
0.493116
0.167432
0.139347
0.116754
0.173511
0.357972
0.179953
0.246625
0.118980
0.222997
0.392970
0.411577
0.003919
0.107434
0.103328
0.031671
0.116416
0.125314
0.216748
0.072976
0.117988
0.350537
0.093216
0.197931
0.272714
0.098913
0.075179
0.182640
0.113510
0.366245
0.147234
0.306064
0.139267
0.128360
0.669068
0.169989
0.255778
0.092609
0.135589
0.191427
0.188479
0.272734
0.167404
0.495969
0.052063
0.167107
0.193342
0.294987
0.311308
0.096367
0.240862
0.416983
0.184014
0.336777
0.080239
0.035466
0.289882
0.088803
0.180210
0.322824
0.504445
0.658765
0.027663
0.045575
0.465287
0.065603
0.509166
0.158690
0.003689
0.125772
0.192733
0.241269
0.412421
0.012657
0.440602
0.100987
0.335538
0.040980
0.257472
0.114657
0.073179
0.097918
0.179307
0.570784
0.135149
0.212833
0.128274
0.140114
0.016397
0.027945
0.597978
0.187370
0.253117
0.226803
0.346436
0.568359
0.021657
0.010716
0.081707
0.309065
0.396496
0.318367
0.143789
0.146690
0.316034
0.008079
0.173456
0.133035
0.161855
0.019221
0.207664
0.508683
0.103011
0.264274
0.209232
0.025925
0.262913
0.137311
0.440062
0.398731
0.304868
0.512581
0.274186
0.426810
0.278043
0.063222
0.104458
0.349635
0.253632
0.097788
0.382089
0.148617
0.202855
0.331461
0.486201
0.119656
0.303953
0.468851
0.205319
0.268650
0.214602
0.106257
0.200391
0.500186
0.047727
0.470525
0.086682
0.362877
0.334796
0.343282
0.116409
0.280829
0.670703
0.200415
0.207812
0.460193
0.400457
0.077268
0.187472
0.137370
0.175467
0.371485
0.326208
0.069807
0.430658
0.243397
0.194436
0.396007
0.143856
0.202932
0.335512
0.016143
0.065518
0.238077
0.226030
0.470555
0.235151
0.401597
0.058573
0.452992
0.071245
0.052345
0.547089
0.121589
0.371990
0.092532
0.083384
0.217875
0.048698
0.376638
0.402811
0.373750
0.066265
0.111255
0.351391
0.114400
0.634992
0.583472
0.309258
0.115539
0.443164
0.103169
0.390181
0.107168
0.323399
0.158062
0.004663
0.421171
0.079101
0.101756
0.198817
0.171937
0.440417
0.088944
0.132495
0.395193
0.405355
0.060025
0.037662
0.048952
0.237140
0.310845
0.338784
0.544999
0.040171
0.247624
0.407429
0.340904
0.242287
0.623871
0.006692
0.364089
0.200375
0.464189
0.028762
0.334380
0.422702
0.037114
0.067611
0.090098
0.143500
0.099830
0.194956
0.568905
0.388937
0.259265
0.259903
0.056911
0.107993
0.188827
0.236370
0.211553
0.198351
0.508845
0.582430
0.271348
0.317495
0.104432
0.082966
0.286912
0.266505
0.179481
0.447786
0.301313
0.106986
0.239774
0.451041
0.177718
0.486847
0.346910
0.217184
0.127887
0.270090
0.399443
0.097295
0.076068
0.235048
0.479409
0.217290
0.029851
0.027879
0.386800
0.349567
0.174472
0.134687
0.346341
0.439645
0.328316
0.610976
0.357467
0.339499
0.399341
0.260541
0.299016
0.533548
0.041842
0.349908
0.258301
0.489923
0.022914
0.399440
0.440663
0.425713
0.504846
0.356494
0.119497
0.623893
0.266544
0.226605
0.142638
0.076707
0.522243
0.204857
0.013182
0.192707
0.014415
0.340382
0.264662
0.129270
0.418114
0.306760
0.359190
0.428454
0.029520
0.379353
0.127148
0.019537
0.335915
0.189141
0.073558
0.129991
0.010333
0.338401
0.336934
0.458355
0.080504
0.313713
0.127721
0.458485
0.002930
0.422053
0.470707
0.163481
0.466251
0.082400
0.044256
0.106354
0.276665
0.376632
0.152532
0.146148
0.104635
0.103118
0.097857
0.073455
0.122924
0.262476
0.275644
0.306989
0.072134
0.284177
0.364947
0.259817
0.508238
0.223107
0.058175
0.370576
0.071075
0.094608
0.056506
0.307342
0.220373
0.211271
0.469303
0.053025
0.202611
0.101860
0.039342
0.397279
0.098136
0.150869
0.083983
0.191969
0.266674
0.426532
0.058070
0.553543
0.057259
0.242062
0.281660
0.205575
0.095125
0.198643
0.395037
0.608620
0.378329
0.058056
0.459038
0.202647
0.105930
0.371854
0.073395
0.051167
0.109156
0.237247
0.060853
0.025896
0.364506
0.190131
0.189884
0.046661
0.530746
0.045548
0.302197
0.228620
0.160210
0.492900
0.192274
0.049132
0.501106
0.322533
0.228437
0.059468
0.074762
0.529402
0.061259
0.212144
0.061688
0.022519
0.327429
0.017378
0.192561
0.146648
0.064172
0.092194
0.048162
0.142288
0.554524
0.196682
0.057498
0.211915
0.082638
0.023524
0.228021
0.358329
0.107615
0.131118
0.270716
0.090818
0.388037
0.526767
0.124852
0.216891
0.588736
0.233098
0.159599
0.036229
0.215721
0.533893
0.490499
0.200384
0.222720
0.222781
0.431176
0.266877
0.040295
0.069511
0.096491
0.138215
0.235243
0.073810
0.126032
0.579203
0.219356
0.180244
0.079017
0.310132
0.117854
0.249090
0.131582
0.451240
0.119800
0.034750
0.409472
0.098201
0.443762
0.076839
0.031034
0.460129
0.324380
0.388847
0.071021
0.463989
0.012046
0.281834
0.206728
0.099660
0.235541
0.071164
0.385705
0.126547
0.248258
0.357195
0.328824
0.297146
0.067100
0.084835
0.187517
0.457386
0.315765
0.017666
0.122047
0.094516
0.318896
0.080143
0.040688
0.411492
0.143050
0.035020
0.178164
0.113862
0.195944
0.016286
0.030140
0.053228
0.078328
0.141252
0.045707
0.427081
0.776084
0.299620
0.127848
0.243310
0.200614
0.315632
0.187073
0.017986
0.012590
0.025769
0.225095
0.485888
0.016185
0.070152
0.342302
0.314228
0.081784
0.379202
0.102431
0.045658
0.206586
0.539395
0.054654
0.322352
0.382354
0.104470
0.602502
0.511238
0.443110
0.174666
0.208701
0.290174
0.341030
0.213243
0.192705
0.024744
0.427562
0.373967
0.259882
0.254362
0.137149
0.571813
0.253436
0.152220
0.285837
0.224503
0.284873
0.200747
0.285973
0.020823
0.072432
0.490272
0.143596
0.153934
0.043185
0.274169
0.327241
0.051019
0.163648
0.348019
0.065740
0.354373
0.535963
0.025510
0.388742
0.055418
0.178514
0.024661
0.294218
0.148792
0.285315
0.102945
0.544044
0.194453
0.491753
0.396679
0.063220
0.285541
0.450030
0.048743
0.020152
0.413848
0.199597
0.172098
0.041233
0.022399
0.427889
0.204239
0.403649
0.028519
0.290228
0.407855
0.138284
0.086210
0.079176
0.181763
0.366275
0.022930
0.284719
0.390760
0.137932
0.263010
0.213344
0.267591
0.246946
0.395930
0.377620
0.298339
0.706215
0.501872
0.144273
0.162927
0.031992
0.646469
0.050909
0.084918
0.151006
0.180051
0.483789
0.013935
0.176788
0.409363
0.422743
0.049405
0.099533
0.251046
0.523263
0.107192
0.271220
0.298012
0.252920
0.431883
0.370561
0.471852
0.117108
0.054533
0.269428
0.305047
0.027268
0.101592
0.411710
0.006167
0.006928
0.047573
0.081937
0.488112
0.034888
0.182323
0.522452
0.300198
0.480308
0.249603
0.596402
0.238915
0.110094
0.188639
0.011790
0.336133
0.069764
0.099815
0.489367
0.196924
0.022985
0.405027
0.467556
0.283311
0.145434
0.508000
0.147805
0.000609
0.271831
0.400618
0.151425
0.073841
0.193755
0.180417
0.377104
0.281969
0.228619
0.181895
0.174619
0.245750
0.486518
0.208799
0.200885
0.084696
0.026930
0.632292
0.078504
0.516324
0.283223
0.224848
0.012905
0.138928
0.585437
0.195459
0.046150
0.076096
0.449872
0.146815
0.099181
0.033169
0.313801
0.083410
0.283258
0.159147
0.503059
0.084900
0.300645
0.225485
0.114609
0.141196
0.423017
0.129456
0.514612
0.025106
0.129844
0.508819
0.308378
0.039580
0.263287
0.070337
0.371840
0.114014
0.597162
0.481229
0.313368
0.220881
0.180174
0.160593
0.183773
0.390027
0.158002
0.011494
0.017525
0.227900
0.430426
0.065588
0.023181
0.473460
0.276484
0.419222
0.230762
0.122258
0.394241
0.283980
0.394065
0.078537
0.258739
0.605886
0.265389
0.344735
0.231399
0.167986
0.289189
0.034592
0.147518
0.701790
0.200954
0.378571
0.179353
0.292386
0.822631
0.184066
0.089054
0.158248
0.074774
0.178874
0.298757
0.182552
0.292834
0.196495
0.320565
0.048466
0.750272
0.557946
0.543134
0.286661
0.201779
0.467739
0.044893
0.347360
0.027359
0.193745
0.048393
0.162927
0.135348
0.429808
0.195394
0.192065
0.098530
0.097708
0.229704
0.256857
0.570642
0.490697
0.035935
0.270357
0.128107
0.246310
0.405187
0.243321
0.403107
0.251806
0.374882
0.050231
0.010953
0.248071
0.246790
0.024011
0.040967
0.207605
0.476354
0.624166
0.369473
0.022567
0.111844
0.406319
0.118132
0.370549
0.094400
0.382255
0.287275
0.046583
0.330541
0.306846
0.041868
0.271475
0.287289
0.323327
0.351396
0.238084
0.374173
0.427058
0.092465
0.394953
0.057534
0.026282
0.199079
0.210564
0.003132
0.161106
0.297798
0.351122
0.294740
0.208897
0.309440
0.093555
0.433973
0.319976
0.311054
0.129553
0.243454
0.194781
0.187483
0.280560
0.682295
0.280674
0.339694
0.139621
0.111816
0.386388
0.099990
0.483353
0.124580
0.364270
0.160433
0.209409
0.522126
0.377639
0.122249
0.270647
0.026235
0.144165
0.260488
0.247782
0.307698
0.000602
0.169587
0.713548
0.240734
0.507692
0.028999
0.478669
0.162484
0.126637
0.092034
0.267702
0.245341
0.285877
0.194410
0.126015
0.341610
0.510164
0.454218
0.011699
0.178543
0.313498
0.066269
0.089724
0.102271
0.012717
0.300898
0.101059
0.377119
0.320838
0.341817
0.123589
0.105993
0.114538
0.043405
0.448549
0.112414
0.309130
0.346492
0.030041
0.587035
0.176889
0.564372
0.152310
0.115969
0.184172
0.662191
0.340547
0.508055
0.501824
0.013588
0.188765
0.029219
0.138212
0.469772
0.567664
0.082924
0.231675
0.165709
0.085948
0.109040
0.037107
0.430593
0.349652
0.069271
0.143815
0.058393
0.613843
0.243123
0.436324
0.157092
0.044409
0.036218
0.427600
0.183468
0.163584
0.107291
0.197610
0.028507
0.285887
0.272460
0.515656
0.041401
0.203113
0.343435
0.261238
0.254869
0.070747
0.297962
0.037987
0.373677
0.647044
0.316160
0.340462
0.183094
0.060133
0.387900
0.023669
0.006610
0.188368
0.122150
0.335654
0.332054
0.418818
0.504530
0.310170
0.012165
0.197641
0.038895
0.587300
0.089692
0.117955
0.050127
0.389093
0.094429
0.338945
0.418554
0.302788
0.270688
0.391320
0.289171
0.074488
0.126577
0.402221
0.556402
0.192309
0.315332
0.357080
0.061399
0.126940
0.250319
0.075956
0.159466
0.444504
0.379757
0.119779
0.582240
0.214354
0.317299
0.313981
0.046417
0.230523
0.241287
0.070468
0.134510
0.139585
0.227581
0.154533
0.297085
0.134110
0.061255
0.244295
0.228745
0.446028
0.357609
0.129571
0.306845
0.535338
0.009484
0.114481
0.184425
0.409298
0.513328
0.092856
0.427293
0.177116
0.118901
0.021634
0.502422
0.143746
0.050293
0.173072
0.256050
0.216429
0.612255
0.428904
0.186951
0.201444
0.121318
0.159394
0.361061
0.353459
0.327835
0.167351
0.156054
0.482088
0.428324
0.104593
0.256938
0.035078
0.122164
0.029893
0.151954
0.222657
0.141309
0.114385
0.510881
0.201718
0.175427
0.139917
0.021510
0.096838
0.009161
0.110390
0.478961
0.290109
0.220128
0.301701
0.088980
0.680235
0.081077
0.068897
0.085566
0.190446
0.074628
0.200026
0.278653
0.030187
0.566831
0.017508
0.087664
0.190038
0.311301
0.298450
0.171166
0.365389
0.484614
0.281492
0.353624
0.060313
0.070969
0.327766
0.132601
0.214222
0.372549
0.503538
0.612043
0.085644
0.012832
0.419409
0.071275
0.724749
0.116763
0.078167
0.209007
0.130829
0.387342
0.457333
0.062114
0.379383
0.058356
0.274620
0.038922
0.303556
0.178365
0.053979
0.017816
0.061602
0.447907
0.245896
0.270822
0.185079
0.108319
0.099882
0.055620
0.404354
0.047210
0.282824
0.161057
0.461255
0.454978
0.018480
0.012304
0.085189
0.456319
0.250743
0.212309
0.170546
0.041882
0.355035
0.054183
0.160255
0.025104
0.090673
0.084100
0.094611
0.531754
0.213983
0.275208
0.282637
0.069180
0.101978
0.324370
0.512176
0.228461
0.292058
0.473882
0.152347
0.324984
0.280583
0.011479
0.151811
0.434797
0.073716
0.119534
0.325671
0.353430
0.063713
0.263665
0.508659
0.199375
0.286691
0.458036
0.177573
0.230178
0.198405
0.228534
0.376073
0.393997
0.104213
0.431651
0.250779
0.410257
0.459108
0.308376
0.175694
0.224009
0.578312
0.150827
0.011637
0.528874
0.405871
0.056705
0.072739
0.110764
0.093260
0.484645
0.396450
0.095069
0.378498
0.377626
0.016929
0.343926
0.177782
0.268072
0.238092
0.156776
0.183834
0.232383
0.252821
0.534348
0.255444
0.398173
0.058557
0.405644
0.093557
0.048866
0.546393
0.121086
0.519403
0.217522
0.092758
0.206496
0.040324
0.394020
0.310657
0.413095
0.028222
0.232430
0.280365
0.121737
0.596232
0.468458
0.291956
0.160113
0.476877
0.025248
0.141921
0.042838
0.381013
0.240255
0.021104
0.423917
0.233766
0.238910
0.067619
0.071711
0.512950
0.141117
0.050191
0.387147
0.379825
0.091116
0.015547
0.128697
0.151233
0.589199
0.198167
0.377869
0.074515
0.249181
0.339225
0.267225
0.132715
0.670813
0.013159
0.326017
0.222741
0.450760
0.027632
0.411825
0.437252
0.098896
0.064689
0.045370
0.222874
0.069521
0.261189
0.434483
0.476488
0.209162
0.187815
0.161544
0.176396
0.129131
0.209751
0.051217
0.127465
0.377984
0.533906
0.242985
0.508711
0.122727
0.071885
0.231918
0.156018
0.223355
0.333982
0.346118
0.211290
0.337383
0.471654
0.126837
0.484334
0.340376
0.266800
0.201608
0.399121
0.303490
0.072702
0.083365
0.213596
0.620955
0.137620
0.130683
0.125380
0.446140
0.213589
0.210872
0.214350
0.300292
0.442335
0.243237
0.620232
0.177332
0.395167
0.423591
0.316091
0.170439
0.554980
0.054738
0.196920
0.126456
0.517097
0.060017
0.445944
0.367297
0.358710
0.370530
0.433090
0.138045
0.757070
0.378225
0.244797
0.017561
0.237870
0.401842
0.180099
0.002965
0.327897
0.121336
0.273237
0.334249
0.158259
0.451390
0.246633
0.398428
0.485904
0.035327
0.270502
0.126548
0.240452
0.269713
0.270848
0.192768
0.112537
0.048404
0.283672
0.239211
0.532430
0.006435
0.245175
0.161954
0.398778
0.125587
0.464056
0.403082
0.136210
0.416548
0.040547
0.014935
0.067521
0.270467
0.281794
0.173842
0.253479
0.109036
0.136060
0.068786
0.207306
0.061523
0.133019
0.330157
0.316819
0.189954
0.199813
0.276369
0.269183
0.519879
0.273447
0.014471
0.507191
0.016951
0.016310
0.006653
0.312028
0.191566
0.131200
0.460596
0.019518
0.088155
0.214982
0.024372
0.423364
0.153000
0.143317
0.207290
0.100311
0.355450
0.359357
0.116563
0.612511
0.070773
0.229221
0.324977
0.182628
0.073100
0.215170
0.475429
0.589009
0.435761
0.112749
0.262054
0.213039
0.187515
0.274516
0.122639
0.081757
0.004974
0.223171
0.044372
0.188846
0.466742
0.220448
0.150300
0.123066
0.583669
0.018958
0.242020
0.388988
0.057027
0.281649
0.163896
0.146700
0.459510
0.219929
0.126044
0.041797
0.023563
0.452084
0.050733
0.299672
0.072253
0.060431
0.444212
0.043776
0.275310
0.155100
0.152169
0.050159
0.236928
0.090641
0.457177
0.145636
0.135960
0.196770
0.062308
0.174404
0.274278
0.253932
0.102061
0.303464
0.167323
0.014982
0.335610
0.690268
0.089232
0.320559
0.643108
0.177472
0.207535
0.000887
0.197302
0.510300
0.483552
0.101128
0.114939
0.055739
0.391166
0.315298
0.070055
0.180654
0.067081
0.146478
0.043660
0.097448
0.279470
0.600733
0.173851
0.137278
0.047320
0.088543
0.128749
0.318763
0.156997
0.413502
0.011141
0.173222
0.350166
0.168904
0.286979
0.002283
0.012310
0.342865
0.360333
0.293547
0.341213
0.464891
0.035632
0.221823
0.181883
0.159787
0.110955
0.118223
0.320927
0.090543
0.242988
0.417743
0.375939
0.269985
0.118044
0.085514
0.350939
0.424249
0.368255
0.164820
0.139592
0.004628
0.443312
0.077767
0.094761
0.375578
0.051201
0.162455
0.304728
0.167614
0.245994
0.031563
0.125405
0.086484
0.059384
0.174933
0.020798
0.308325
0.646597
0.226387
0.241993
0.183519
0.223521
0.132007
0.121587
0.089522
0.012410
0.050332
0.002244
0.338305
0.168479
0.040166
0.287869
0.168245
0.047719
0.269643
0.365924
0.034278
0.160324
0.586393
0.115038
0.418182
0.350522
0.038652
0.390655
0.428515
0.489174
0.300998
0.020235
0.145547
0.253829
0.188615
0.102327
0.083814
0.537451
0.360630
0.304496
0.279274
0.157261
0.602959
0.254771
0.168169
0.390735
0.055379
0.278508
0.100678
0.160237
0.042191
0.099859
0.527348
0.013732
0.287369
0.085429
0.266132
0.415711
0.006733
0.359601
0.323002
0.041823
0.581688
0.607878
0.052217
0.477292
0.038540
0.152741
0.000492
0.252529
0.144173
0.305203
0.070232
0.532714
0.094161
0.446297
0.404384
0.018545
0.320676
0.453638
0.038329
0.250790
0.493474
0.066617
0.132108
0.099485
0.137289
0.367428
0.021172
0.349318
0.028074
0.231763
0.450388
0.194157
0.015900
0.009778
0.309872
0.371735
0.088412
0.277931
0.242451
0.127616
0.169831
0.098396
0.249034
0.323838
0.351958
0.358900
0.229257
0.597303
0.397923
0.131481
0.180686
0.121982
0.387513
0.077018
0.176313
0.089409
0.066017
0.426127
0.071234
0.133233
0.218925
0.369647
0.007759
0.102184
0.376438
0.430238
0.105262
0.274524
0.257411
0.176761
0.315177
0.362634
0.614000
0.057746
0.069831
0.281187
0.385582
0.023195
0.092904
0.559984
0.073269
0.069533
0.015075
0.075520
0.386910
0.075419
0.253504
0.558224
0.322167
0.526709
0.172992
0.510242
0.211229
0.045026
0.097403
0.087685
0.304804
0.121465
0.074531
0.412747
0.193582
0.105840
0.339311
0.405693
0.269794
0.299642
0.475019
0.105352
0.046272
0.106496
0.438781
0.245590
0.000893
0.202958
0.144487
0.331064
0.316431
0.208417
0.332998
0.123200
0.324682
0.513627
0.101801
0.283587
0.040287
0.111768
0.471705
0.094338
0.510317
0.205133
0.266779
0.015176
0.056050
0.608641
0.102897
0.127504
0.013050
0.438898
0.137021
0.003217
0.103429
0.429616
0.019214
0.211410
0.225126
0.536565
0.153627
0.300070
0.232860
0.110936
0.098923
0.475252
0.130580
0.395343
0.059663
0.163657
0.465065
0.418057
0.019429
0.343013
0.045691
0.465766
0.110979
0.605613
0.465000
0.146353
0.296089
0.190009
0.191897
0.003689
0.367924
0.197805
0.082314
0.057034
0.244587
0.318936
0.038312
0.247580
0.530111
0.244994
0.320032
0.465113
0.035906
0.480897
0.270097
0.450424
0.003852
0.279660
0.606577
0.350502
0.454836
0.282767
0.131722
0.211112
0.023239
0.297879
0.683122
0.197302
0.320496
0.254618
0.167945
0.698118
0.244343
0.097437
0.000005
0.221650
0.224070
0.340975
0.051260
0.202733
0.211310
0.316377
0.019173
0.737663
0.386630
0.638278
0.424385
0.129116
0.399660
0.058463
0.237134
0.074024
0.220648
0.070049
0.071558
0.005839
0.186543
0.164848
0.153884
0.095473
0.155751
0.124904
0.420068
0.417289
0.616517
0.016254
0.181996
0.217187
0.137961
0.245967
0.348445
0.416750
0.387872
0.335203
0.111875
0.008768
0.261995
0.158109
0.083497
0.029894
0.353417
0.393097
0.549976
0.375809
0.013290
0.021666
0.508556
0.188805
0.368957
0.171207
0.351722
0.350899
0.034364
0.313353
0.448325
0.017778
0.082742
0.442528
0.296566
0.403987
0.281010
0.294087
0.489038
0.121338
0.384247
0.000564
0.139232
0.026115
0.255044
0.004472
0.097850
0.136557
0.184112
0.295058
0.018967
0.268549
0.166748
0.418103
0.150841
0.413749
0.009900
0.243758
0.109219
0.256677
0.292101
0.753781
0.178952
0.219206
0.220693
0.119431
0.385830
0.215432
0.394930
0.146431
0.209227
0.180690
0.122352
0.498795
0.469435
0.232082
0.281052
0.018018
0.231470
0.253578
0.497070
0.278081
0.074948
0.074283
0.715363
0.250032
0.540857
0.015271
0.326920
0.091373
0.044637
0.051068
0.254685
0.308106
0.192247
0.327206
0.202653
0.253183
0.627446
0.481918
0.089131
0.030358
0.455451
0.225268
0.057115
0.170245
0.001223
0.483235
0.075409
0.345073
0.293403
0.356602
0.006713
0.007983
0.110300
0.128581
0.455888
0.221681
0.305822
0.322101
0.020232
0.629841
0.152523
0.527814
0.184864
0.134625
0.187596
0.537820
0.239537
0.453652
0.558952
0.110401
0.185656
0.067632
0.212099
0.543599
0.534049
0.051777
0.268943
0.213499
0.179264
0.090621
0.038429
0.389593
0.336176
0.005798
0.148358
0.049187
0.593429
0.253972
0.366864
0.027793
0.104790
0.136305
0.283616
0.105510
0.006354
0.326241
0.310014
0.094401
0.538569
0.371114
0.639378
0.021215
0.132246
0.250394
0.225887
0.181370
0.210106
0.219731
0.011403
0.435421
0.506738
0.151826
0.453344
0.101743
0.090074
0.374511
0.108296
0.051294
0.188375
0.002537
0.376842
0.314777
0.332115
0.567222
0.328425
0.047417
0.084617
0.100057
0.675522
0.046351
0.044298
0.061141
0.299842
0.116521
0.228376
0.350354
0.449510
0.297832
0.321429
0.359216
0.124760
0.050606
0.542401
0.608914
0.132674
0.343149
0.388642
0.086665
0.154341
0.148876
0.054065
0.115197
0.440352
0.277085
0.170150
0.422342
0.254821
0.308813
0.286727
0.037978
0.154399
0.139196
0.033183
0.035728
0.002854
0.278140
0.142774
0.250981
0.046141
0.134606
0.348593
0.000640
0.509709
0.274775
0.125293
0.442450
0.646163
0.058968
0.127114
0.343600
0.465574
0.604216
0.158051
0.467047
0.053468
0.190694
0.060656
0.490742
0.085371
0.088996
0.038516
0.221338
0.159013
0.579178
0.341991
0.178165
0.229446
0.093185
0.198485
0.380566
0.418625
0.310741
0.204909
0.095160
0.630899
0.484194
0.105725
0.383028
0.072141
0.185878
0.085487
0.197053
0.250577
0.306463
0.076046
0.550822
0.275748
0.132527
0.043693
0.021142
0.148482
0.237612
0.059602
0.570421
0.463374
0.074250
0.349956
0.326031
0.484644
0.004383
0.078530
0.247891
0.203898
0.014697
0.233851
0.256693
0.047870
0.597125
0.024996
0.066140
0.155044
0.306267
0.267562
0.268036
0.404014
0.530497
0.304126
0.397791
0.187108
0.168157
0.328761
0.142454
0.235812
0.454619
0.462495
0.524755
0.219706
0.028273
0.264336
0.078539
0.727311
0.081385
0.201635
0.257909
0.061664
0.476849
0.515908
0.093973
0.301834
0.077346
0.224908
0.056313
0.323748
0.172448
0.069421
0.085360
0.136803
0.311906
0.258429
0.357113
0.277875
0.028081
0.193829
0.082170
0.227320
0.064938
0.322809
0.073524
0.488928
0.323265
0.062885
0.030114
0.092060
0.519034
0.071032
0.112369
0.216595
0.079887
0.394014
0.215730
0.062155
0.085215
0.008393
0.169930
0.034387
0.516955
0.313087
0.257470
0.329350
0.116451
0.118266
0.437765
0.541663
0.068985
0.239369
0.362336
0.042706
0.261701
0.300851
0.130912
0.130443
0.455833
0.206542
0.087707
0.234536
0.575560
0.074613
0.220729
0.526524
0.258946
0.186605
0.368787
0.144266
0.208972
0.146424
0.356487
0.540161
0.322843
0.104065
0.431890
0.414932
0.352662
0.542258
0.301536
0.476465
0.162891
0.452863
0.096573
0.127015
0.538161
0.281428
0.150144
0.045228
0.370407
0.047870
0.512102
0.404488
0.087080
0.284622
0.423827
0.096457
0.355607
0.167555
0.258686
0.147913
0.342373
0.258246
0.206650
0.176653
0.560472
0.301779
0.309533
0.018278
0.330153
0.170761
0.172179
0.497765
0.125601
0.580519
0.280116
0.068561
0.181216
0.008973
0.368146
0.138002
0.420539
0.147704
0.280972
0.240233
0.114193
0.523778
0.337240
0.336034
0.216707
0.467290
0.128436
0.087167
0.004636
0.394758
0.294896
0.013921
0.438279
0.399120
0.345819
0.086985
0.036769
0.506291
0.178765
0.252773
0.428670
0.342672
0.262593
0.077327
0.138490
0.067068
0.735968
0.094610
0.177173
0.109527
0.250572
0.336202
0.167155
0.021171
0.563046
0.014976
0.269595
0.212673
0.386515
0.022662
0.496520
0.431933
0.139420
0.012353
0.055583
0.253289
0.051661
0.323695
0.297679
0.533253
0.104302
0.059093
0.294695
0.185936
0.092511
0.169166
0.064938
0.067004
0.242646
0.396561
0.266461
0.576589
0.091097
0.115660
0.156588
0.124315
0.224478
0.204957
0.340485
0.233730
0.333139
0.410195
0.069134
0.430318
0.321059
0.309500
0.216420
0.476769
0.229190
0.232692
0.095071
0.200111
0.626721
0.001906
0.221047
0.227087
0.496373
0.084699
0.300856
0.248710
0.162059
0.355591
0.187569
0.547407
0.020827
0.406056
0.433336
0.319113
0.075066
0.503214
0.033334
0.033505
0.006909
0.543079
0.104204
0.478553
0.224803
0.302322
0.156306
0.422398
0.128726
0.796844
0.431071
0.230121
0.023709
0.399242
0.290956
0.133043
0.002977
0.374770
0.241997
0.198036
0.382909
0.128310
0.505794
0.151477
0.405930
0.448225
0.042323
0.218804
0.086842
0.411856
0.165795
0.344864
0.236079
0.147791
0.086631
0.238711
0.137508
0.472553
0.082921
0.154184
0.177564
0.353496
0.131478
0.496778
0.306433
0.137973
0.271410
0.030260
0.011046
0.041741
0.185389
0.237477
0.173663
0.367240
0.077816
0.158205
0.092003
0.312542
0.126545
0.007803
0.332608
0.300142
0.296720
0.243028
0.170562
0.272864
0.525570
0.307397
0.039609
0.525904
0.086653
0.222013
0.093917
0.324822
0.217198
0.003656
0.433245
0.061003
0.045831
0.274857
0.006968
0.414757
0.251442
0.122144
0.295733
0.006305
0.384787
0.324416
0.193724
0.590595
0.077881
0.159788
0.319985
0.148437
0.035760
0.205469
0.525858
0.507045
0.406301
0.164591
0.049672
0.186052
0.245658
0.111094
0.217122
0.118701
0.088031
0.195685
0.079549
0.389133
0.470350
0.180232
0.007041
0.230146
0.527735
0.045137
0.184228
0.552863
0.165714
0.093126
0.193880
0.218594
0.323664
0.168752
0.017845
0.010739
0.064698
0.316550
0.195983
0.398622
0.250697
0.099369
0.440639
0.133344
0.359880
0.205719
0.144096
0.188928
0.385461
0.033352
0.336776
0.101448
0.243600
0.195327
0.041567
0.349162
0.217776
0.166804
0.057028
0.357036
0.078912
0.071926
0.241440
0.732181
0.048661
0.424071
0.594447
0.152880
0.198255
0.008172
0.119070
0.481684
0.387852
0.037889
0.044879
0.039158
0.339021
0.337402
0.165763
0.288949
0.058517
0.197976
0.115474
0.124121
0.432452
0.597324
0.089403
0.017102
0.014595
0.205268
0.169993
0.354579
0.138487
0.446768
0.181719
0.269789
0.220849
0.160045
0.059229
0.105680
0.096662
0.192048
0.381688
0.200795
0.561823
0.389121
0.016002
0.137642
0.119941
0.383678
0.018173
0.220755
0.211893
0.064540
0.224038
0.472567
0.360721
0.220880
0.122568
0.122798
0.469285
0.326009
0.368664
0.334518
0.144847
0.100022
0.488391
0.119893
0.237042
0.360914
0.195937
0.273559
0.364555
0.258325
0.317493
0.050467
0.223248
0.168887
0.051464
0.177298
0.021149
0.159087
0.437243
0.203836
0.306474
0.070589
0.263451
0.040773
0.090807
0.177142
0.117183
0.135622
0.257783
0.186312
0.340591
0.006241
0.178795
0.051168
0.051327
0.172650
0.496115
0.063944
0.019636
0.604508
0.201279
0.396601
0.328434
0.042336
0.150661
0.305546
0.445186
0.377176
0.148026
0.029943
0.118988
0.178148
0.096192
0.161605
0.561477
0.286563
0.328804
0.271543
0.121535
0.538189
0.208837
0.262549
0.486332
0.030586
0.191550
0.055328
0.105162
0.103331
0.120120
0.523691
0.089165
0.434944
0.069539
0.277458
0.408001
0.113077
0.488655
0.283032
0.125104
0.706064
0.473183
0.081845
0.513021
0.006868
0.110413
0.051802
0.263067
0.122485
0.308914
0.155461
0.484581
0.037199
0.327115
0.464822
0.100007
0.347441
0.424866
0.089376
0.423583
0.456964
0.040417
0.027994
0.191529
0.239606
0.382678
0.155422
0.306759
0.032218
0.182367
0.483912
0.252118
0.093045
0.080129
0.466349
0.366031
0.167060
0.217447
0.073798
0.122269
0.040532
0.080194
0.209465
0.360962
0.290728
0.353580
0.117393
0.454323
0.212612
0.066171
0.144898
0.200767
0.147028
0.139561
0.257010
0.018810
0.005505
0.299934
0.169868
0.126855
0.022775
0.268407
0.114073
0.100478
0.430413
0.238735
0.106283
0.279524
0.211856
0.100155
0.198077
0.275550
0.697127
0.003488
0.087564
0.298204
0.461538
0.003792
0.260480
0.628410
0.147275
0.064649
0.080337
0.142057
0.265460
0.209363
0.241748
0.526184
0.288619
0.548756
0.125991
0.383490
0.212443
0.071553
0.011244
0.153628
0.300868
0.155153
0.078630
0.328821
0.200269
0.060784
0.289287
0.352880
0.228722
0.367918
0.420752
0.107396
0.052567
0.110290
0.458550
0.306117
0.082206
0.155202
0.095644
0.267249
0.377744
0.207796
0.445495
0.082221
0.344495
0.505658
0.053446
0.313801
0.077958
0.187763
0.266680
0.085710
0.484594
0.110446
0.347659
0.048547
0.008529
0.560210
0.058967
0.165771
0.012495
0.359008
0.149897
0.080439
0.224442
0.487865
0.088411
0.130934
0.345668
0.429441
0.145235
0.260534
0.278528
0.135170
0.154606
0.489868
0.067338
0.253451
0.129133
0.200814
0.389521
0.453941
0.011275
0.380571
0.032998
0.471810
0.079905
0.515082
0.345592
0.073297
0.411701
0.150872
0.202265
0.202713
0.354347
0.255883
0.186816
0.034261
0.228508
0.222649
0.158847
0.379907
0.506977
0.202217
0.267073
0.528819
0.030841
0.524287
0.284060
0.467932
0.128841
0.249608
0.579325
0.442370
0.582929
0.266462
0.107528
0.140593
0.033499
0.341380
0.572687
0.154295
0.336856
0.278218
0.016100
0.549305
0.246235
0.117102
0.134353
0.392696
0.205063
0.355846
0.166768
0.106563
0.206594
0.345453
0.059456
0.631084
0.305322
0.553499
0.477399
0.014575
0.246526
0.140453
0.135693
0.127947
0.185756
0.101147
0.127244
0.058830
0.109973
0.137548
0.089574
0.165626
0.122537
0.028033
0.577943
0.258744
0.637230
0.031307
0.128898
0.218803
0.028058
0.069061
0.401281
0.464806
0.486066
0.297900
0.295016
0.064810
0.214535
0.178622
0.129609
0.145613
0.499462
0.315194
0.455303
0.391165
0.048743
0.172982
0.527072
0.250224
0.369477
0.160233
0.339280
0.371958
0.039877
0.278181
0.533899
0.122118
0.102690
0.571425
0.237278
0.420875
0.300068
0.096418
0.482146
0.109018
0.351360
0.022571
0.284459
0.171064
0.221618
0.019110
0.081713
0.065423
0.059444
0.325326
0.143282
0.227317
0.219879
0.406309
0.054135
0.467510
0.035296
0.205888
0.024673
0.287894
0.306127
0.656744
0.015048
0.067634
0.252221
0.107541
0.324449
0.237752
0.358617
0.173894
0.040427
0.160939
0.075060
0.333584
0.478318
0.265019
0.267270
0.038386
0.251172
0.216530
0.561119
0.182331
0.125769
0.012687
0.597437
0.205266
0.566709
0.026656
0.171786
0.012478
0.085669
0.054418
0.263687
0.382126
0.007098
0.438080
0.202048
0.120796
0.579131
0.421270
0.128078
0.054730
0.536768
0.384781
0.054195
0.203355
0.088423
0.597374
0.012664
0.318399
0.303796
0.301375
0.068292
0.125273
0.057813
0.164216
0.424027
0.297263
0.363674
0.232154
0.019592
0.620117
0.102285
0.460760
0.188982
0.182390
0.168451
0.373859
0.178580
0.348415
0.548642
0.245086
0.170372
0.032588
0.325982
0.500378
0.438675
0.006203
0.232184
0.326405
0.140504
0.105294
0.063005
0.299738
0.308291
0.006763
0.138595
0.089486
0.489298
0.217107
0.230949
0.101944
0.125011
0.229161
0.128711
0.061677
0.092634
0.458330
0.390993
0.118568
0.574271
0.370601
0.653880
0.046886
0.042861
0.201910
0.166463
0.124778
0.213819
0.210075
0.001559
0.442618
0.289027
0.020346
0.492631
0.038846
0.036656
0.319332
0.184126
0.049172
0.143474
0.077276
0.388214
0.308079
0.231856
0.595849
0.287731
0.180447
0.007548
0.075631
0.724402
0.005294
0.040507
0.117742
0.232424
0.163230
0.131459
0.213497
0.519315
0.255277
0.282902
0.376778
0.178947
0.034121
0.612181
0.627277
0.050465
0.206718
0.337019
0.202742
0.158694
0.005654
0.007635
0.066456
0.391546
0.092404
0.230071
0.233391
0.316733
0.259551
0.208665
0.086722
0.070265
0.015248
0.006109
0.219613
0.164176
0.243593
0.176347
0.183250
0.017865
0.128499
0.372896
0.224378
0.484908
0.119830
0.093327
0.525454
0.629503
0.139461
0.147072
0.512505
0.417903
0.503701
0.163106
0.473217
0.074845
0.295038
0.161720
0.485159
0.025500
0.207091
0.090625
0.188092
0.092161
0.495233
0.243635
0.160714
0.165803
0.068605
0.175637
0.325362
0.476923
0.332899
0.239474
0.006894
0.595739
0.473225
0.035495
0.436606
0.119999
0.244373
0.264954
0.163474
0.280576
0.415349
0.058049
0.526569
0.323601
0.022304
0.025996
0.031969
0.162601
0.444898
0.048369
0.551313
0.475332
0.036100
0.355909
0.565325
0.319996
0.113020
0.150986
0.336929
0.201061
0.104653
0.253518
0.152815
0.107685
0.524477
0.044448
0.065695
0.063493
0.301321
0.268300
0.395269
0.423336
0.528673
0.274200
0.389490
0.342570
0.256171
0.369242
0.175439
0.249438
0.464843
0.398418
0.390361
0.350411
0.116567
0.158620
0.096769
0.555407
0.115167
0.308774
0.251800
0.045006
0.437259
0.517872
0.127050
0.208784
0.102389
0.197143
0.014969
0.281125
0.148900
0.065715
0.182208
0.278524
0.106759
0.222526
0.294813
0.356249
0.043453
0.319118
0.132372
0.020613
0.128417
0.291932
0.069727
0.434841
0.207788
0.047958
0.023330
0.075763
0.503874
0.039928
0.005268
0.266000
0.145908
0.299654
0.376984
0.068327
0.084449
0.103425
0.236142
0.003145
0.459968
0.326573
0.223197
0.322056
0.151489
0.297995
0.402242
0.525759
0.087864
0.127532
0.271136
0.048431
0.141765
0.349258
0.162295
0.163982
0.492277
0.449186
0.074912
0.082966
0.622487
0.210143
0.190141
0.467795
0.347591
0.134991
0.317298
0.098140
0.230688
0.141885
0.412470
0.629497
0.255824
0.108873
0.449346
0.495365
0.266062
0.531156
0.238820
0.651515
0.093402
0.333685
0.051850
0.234272
0.501783
0.148858
0.207627
0.103831
0.585270
0.031951
0.394813
0.361733
0.073443
0.216139
0.295864
0.151603
0.390262
0.153759
0.268038
0.094187
0.435118
0.385508
0.173368
0.139184
0.584016
0.342822
0.226382
0.036868
0.278456
0.261388
0.273706
0.439361
0.054086
0.461157
0.214982
0.004726
0.192262
0.017527
0.327072
0.039689
0.462588
0.222442
0.342338
0.250657
0.132397
0.460661
0.205940
0.322415
0.211742
0.347104
0.176293
0.254987
0.054896
0.431138
0.363077
0.011896
0.451186
0.456029
0.390637
0.210101
0.016931
0.440874
0.199907
0.399385
0.447462
0.265936
0.418151
0.183424
0.133360
0.020202
0.710472
0.009559
0.020080
0.083092
0.282989
0.299415
0.076457
0.120337
0.456727
0.009266
0.194844
0.162575
0.260864
0.031399
0.595238
0.365852
0.126701
0.032689
0.192322
0.334667
0.102529
0.357328
0.158676
0.496155
0.065475
0.006290
0.412546
0.180289
0.035835
0.078142
0.129938
0.013897
0.164582
0.222102
0.227504
0.643770
0.029102
0.116006
0.068298
0.104193
0.134766
0.086380
0.314309
0.229690
0.185258
0.326398
0.007855
0.378251
0.284283
0.310244
0.135691
0.497508
0.153954
0.374226
0.130660
0.211230
0.538796
0.096618
0.343406
0.290206
0.456195
0.010443
0.350935
0.225208
0.029601
0.189595
0.110020
0.521215
0.110972
0.377858
0.451200
0.341964
0.043116
0.482571
0.008505
0.148539
0.063180
0.414497
0.125487
0.497173
0.063315
0.241977
0.020913
0.413819
0.085130
0.774590
0.447113
0.225727
0.051188
0.466385
0.170704
0.046350
0.021128
0.379828
0.336286
0.117654
0.406006
0.127678
0.510655
0.029151
0.426967
0.352464
0.135217
0.099204
0.012308
0.615347
0.071055
0.401527
0.231840
0.196709
0.094486
0.141614
0.060517
0.387429
0.141744
0.086638
0.121754
0.292965
0.116080
0.501147
0.196837
0.100058
0.159473
0.045086
0.002499
0.053235
0.012469
0.178822
0.243757
0.430710
0.035685
0.099485
0.151493
0.415969
0.175729
0.062060
0.334527
0.256241
0.436679
0.253311
0.067618
0.247141
0.540586
0.300225
0.082957
0.494831
0.193654
0.450549
0.153459
0.354595
0.227936
0.138015
0.407978
0.109214
0.219459
0.249224
0.062551
0.434386
0.302629
0.168440
0.361826
0.033855
0.403105
0.271147
0.201503
0.514238
0.113112
0.065494
0.196409
0.155564
0.025854
0.194821
0.491944
0.359813
0.319384
0.135510
0.142560
0.045683
0.370029
0.001911
0.287488
0.177888
0.118036
0.154985
0.123934
0.602924
0.335665
0.151628
0.058237
0.263047
0.489923
0.038635
0.164838
0.607526
0.206740
0.022502
0.244160
0.319079
0.165267
0.147304
0.193507
0.055443
0.111063
0.053541
0.297914
0.464152
0.404816
0.110984
0.436044
0.172255
0.351999
0.214287
0.051814
0.330459
0.492300
0.024159
0.289374
0.068543
0.339604
0.160672
0.093342
0.528653
0.058366
0.071511
0.006008
0.315913
0.058240
0.165658
0.160936
0.706997
0.010690
0.393904
0.465852
0.154114
0.073848
0.074390
0.063576
0.440427
0.303536
0.010322
0.039406
0.064342
0.257319
0.357546
0.237836
0.397192
0.023454
0.239754
0.247697
0.177256
0.523011
0.524298
0.042366
0.152682
0.067479
0.485462
0.191883
0.351372
0.087385
0.429462
0.300585
0.386810
0.125937
0.082869
0.098745
0.209176
0.134993
0.052497
0.338518
0.207532
0.703824
0.281691
0.057158
0.039000
0.040671
0.530798
0.044665
0.322012
0.080684
0.093810
0.087200
0.475671
0.344990
0.188883
0.064938
0.067330
0.593004
0.197301
0.323754
0.492169
0.177011
0.171678
0.464296
0.183047
0.385487
0.349935
0.345995
0.369995
0.380529
0.373059
0.347647
0.081819
0.202145
0.294610
0.078100
0.205636
0.033427
0.094971
0.174305
0.203689
0.248786
0.116138
0.299216
0.205596
0.149219
0.208258
0.200782
0.193411
0.474002
0.115183
0.401301
0.028523
0.026686
0.051487
0.113971
0.075073
0.557532
0.092225
0.157053
0.503027
0.262628
0.429609
0.295500
0.013428
0.089897
0.204703
0.439596
0.420841
0.263997
0.053888
0.012378
0.168270
0.121461
0.228035
0.545049
0.283555
0.326446
0.241453
0.102781
0.448181
0.088546
0.333040
0.533528
0.114537
0.093088
0.214292
0.068381
0.161665
0.214127
0.528054
0.170921
0.480016
0.009739
0.265263
0.402025
0.188448
0.537065
0.271502
0.177627
0.730711
0.384557
0.151930
0.442178
0.010697
0.076932
0.054138
0.254057
0.108514
0.360705
0.237630
0.450591
0.085401
0.103625
0.519306
0.213687
0.312325
0.321832
0.208816
0.465891
0.334946
0.155442
0.029817
0.378052
0.232747
0.370534
0.267169
0.239931
0.047736
0.124257
0.468369
0.269218
0.084610
0.129764
0.506934
0.362919
0.205984
0.198314
0.065695
0.100448
0.072380
0.068016
0.162562
0.230990
0.231322
0.323436
0.065267
0.286055
0.004137
0.102377
0.126882
0.235675
0.084767
0.168211
0.247996
0.110396
0.065991
0.184400
0.237788
0.065867
0.208988
0.138759
0.232187
0.024767
0.399574
0.000467
0.089451
0.261139
0.075306
0.047807
0.155156
0.179681
0.685675
0.041623
0.085106
0.315494
0.403966
0.035245
0.339622
0.651514
0.224914
0.159780
0.080879
0.176015
0.195341
0.312363
0.264460
0.452641
0.211765
0.538513
0.142411
0.240957
0.226125
0.188067
0.064102
0.246696
0.313246
0.241571
0.006410
0.270733
0.198776
0.036722
0.219525
0.233634
0.162687
0.392633
0.325631
0.126087
0.112114
0.353995
0.460106
0.405582
0.125232
0.168373
0.072978
0.256120
0.398112
0.256236
0.478806
0.277864
0.384995
0.434896
0.151220
0.335860
0.181337
0.268389
0.053268
0.166561
0.431558
0.026869
0.406001
0.121237
0.079657
0.448896
0.015721
0.147125
0.010827
0.220469
0.218735
0.132959
0.343164
0.500526
0.166584
0.051392
0.468719
0.305861
0.131306
0.201245
0.352615
0.116744
0.193240
0.465916
0.026193
0.144557
0.160650
0.257109
0.339480
0.437996
0.115208
0.432604
0.020344
0.391440
0.064880
0.386633
0.245365
0.046584
0.520879
0.125809
0.173913
0.371184
0.367864
0.273692
0.273544
0.027242
0.175138
0.065504
0.234125
0.434990
0.440912
0.161848
0.172047
0.547516
0.030101
0.472769
0.199838
0.401150
0.190787
0.190222
0.533382
0.468532
0.628286
0.187231
0.090951
0.151804
0.034058
0.303691
0.469722
0.117356
0.365432
0.261634
0.221048
0.382343
0.218162
0.112430
0.282845
0.568229
0.197091
0.308842
0.450504
0.066972
0.173134
0.402396
0.118646
0.511172
0.298578
0.368762
0.388668
0.114849
0.126067
0.198209
0.085751
0.191094
0.004907
0.118622
0.222161
0.062728
0.284415
0.093690
0.026883
0.223244
0.044363
0.089690
0.608888
0.072639
0.614371
0.038091
0.074826
0.084620
0.183560
0.072604
0.499046
0.591758
0.536887
0.276144
0.474520
0.135280
0.176666
0.219455
0.170006
0.220586
0.531609
0.237772
0.277609
0.387529
0.058556
0.242110
0.451382
0.338105
0.345887
0.139005
0.328027
0.397026
0.121808
0.198439
0.534192
0.231458
0.273062
0.630415
0.196107
0.427969
0.282778
0.071052
0.461444
0.143780
0.314155
0.101369
0.419169
0.268064
0.184968
0.104753
0.141052
0.128794
0.052755
0.302892
0.347827
0.210448
0.168419
0.370346
0.241132
0.462581
0.037592
0.204948
0.115753
0.255850
0.335975
0.502667
0.136437
0.015269
0.220091
0.114964
0.302301
0.235730
0.312659
0.200456
0.138272
0.115089
0.065392
0.065238
0.386134
0.299621
0.250319
0.011856
0.189649
0.144274
0.592922
0.054576
0.195174
0.085767
0.364693
0.222390
0.469081
0.107575
0.031422
0.029979
0.200698
0.220292
0.271682
0.427828
0.130809
0.589501
0.189469
0.019411
0.435963
0.311528
0.101326
0.079408
0.520917
0.510205
0.093061
0.197146
0.205807
0.677560
0.024691
0.251717
0.307720
0.233371
0.189433
0.162655
0.013743
0.150961
0.358896
0.391250
0.391853
0.196229
0.048662
0.514140
0.150056
0.304166
0.154971
0.224629
0.091876
0.226848
0.032952
0.270741
0.535008
0.380463
0.202504
0.000289
0.398676
0.320604
0.264973
0.094785
0.232261
0.399216
0.083080
0.103080
0.136833
0.231991
0.236272
0.038373
0.104967
0.092061
0.324635
0.141081
0.097390
0.221919
0.211775
0.264804
0.006953
0.257032
0.157844
0.475068
0.408579
0.219520
0.414112
0.296494
0.519728
0.148634
0.052507
0.129896
0.088621
0.002193
0.117093
0.219856
0.034218
0.395702
0.067708
0.120360
0.528287
0.133295
0.083886
0.258849
0.256941
0.062558
0.165492
0.179456
0.377138
0.217292
0.038216
0.498246
0.245098
0.226567
0.082623
0.104894
0.676732
0.062652
0.118214
0.155592
0.187104
0.202279
0.008119
0.104730
0.532066
0.163721
0.237998
0.379136
0.181272
0.067076
0.596176
0.587692
0.107509
0.016024
0.338021
0.248229
0.157473
0.120298
0.097606
0.012749
0.320886
0.111209
0.340494
0.026903
0.383301
0.258859
0.082315
0.117629
0.000271
0.195060
0.037973
0.444634
0.303064
0.167932
0.171037
0.087382
0.071482
0.212608
0.352568
0.286327
0.349256
0.013087
0.008033
0.500658
0.523963
0.205058
0.196979
0.597722
0.375178
0.265720
0.207283
0.412359
0.157830
0.361395
0.298696
0.417546
0.010162
0.387203
0.216321
0.133459
0.042679
0.395290
0.150272
0.168378
0.073817
0.007202
0.198615
0.283500
0.416834
0.275012
0.284121
0.035687
0.560836
0.445472
0.128560
0.437634
0.105860
0.225663
0.364535
0.150408
0.338323
0.478081
0.054201
0.359073
0.300148
0.030809
0.054035
0.103431
0.206643
0.636112
0.142241
0.478848
0.488686
0.139681
0.302629
0.654189
0.080090
0.111663
0.155016
0.360103
0.216601
0.072597
0.258987
0.010953
0.080718
0.422731
0.006965
0.038797
0.015634
0.260842
0.264057
0.505072
0.378376
0.375521
0.255111
0.415405
0.437550
0.328874
0.430480
0.200607
0.221095
0.374467
0.225568
0.283159
0.374739
0.195347
0.063514
0.084286
0.365437
0.173757
0.388731
0.209274
0.012442
0.352318
0.516423
0.154448
0.089619
0.116865
0.190402
0.011077
0.366662
0.191924
0.070814
0.323733
0.282445
0.071430
0.149589
0.270018
0.406707
0.060391
0.382491
0.178507
0.093903
0.149568
0.278867
0.184883
0.282572
0.091707
0.043491
0.062286
0.031824
0.403482
0.078400
0.056270
0.318768
0.220388
0.125940
0.496448
0.220000
0.043764
0.231209
0.341713
0.049737
0.339999
0.339416
0.199201
0.262984
0.099758
0.418650
0.261879
0.442534
0.258383
0.024629
0.171189
0.088557
0.056619
0.363986
0.218931
0.180424
0.414487
0.677240
0.076923
0.102044
0.558838
0.273583
0.203699
0.409287
0.434870
0.076404
0.192476
0.043484
0.200811
0.134161
0.331116
0.656469
0.294206
0.106576
0.418898
0.429350
0.092856
0.447064
0.203489
0.676188
0.063907
0.294106
0.030970
0.227978
0.367598
0.012183
0.232496
0.105335
0.668351
0.079031
0.276584
0.318136
0.080276
0.122644
0.197289
0.140091
0.438978
0.199975
0.209598
0.170645
0.513195
0.421647
0.177998
0.128004
0.585256
0.370481
0.141674
0.106065
0.235226
0.293084
0.292572
0.305337
0.038734
0.351475
0.126267
0.105886
0.171504
0.021208
0.220308
0.120807
0.479743
0.265649
0.329263
0.240169
0.149621
0.356188
0.046376
0.375543
0.166739
0.196795
0.167476
0.332862
0.091277
0.438707
0.409282
0.039867
0.481982
0.449440
0.338069
0.331260
0.022239
0.317041
0.226617
0.512816
0.476397
0.251024
0.474689
0.329678
0.108283
0.009783
0.619491
0.058754
0.062915
0.036121
0.334636
0.315980
0.050757
0.257611
0.298198
0.029099
0.111576
0.131746
0.161724
0.068519
0.608667
0.181273
0.115676
0.048205
0.225421
0.314550
0.155775
0.257659
0.085951
0.439651
0.013396
0.032953
0.488642
0.186765
0.047552
0.018673
0.147721
0.035683
0.053830
0.108160
0.215117
0.623343
0.062684
0.151616
0.085938
0.103124
0.050958
0.029338
0.297453
0.142998
0.016658
0.219583
0.130337
0.357639
0.234008
0.295362
0.069891
0.498124
0.107778
0.329491
0.192583
0.198048
0.354267
0.189273
0.450946
0.308744
0.409178
0.045583
0.449428
0.237762
0.157471
0.046842
0.082147
0.486380
0.298434
0.227205
0.464508
0.408417
0.129611
0.395052
0.112140
0.276393
0.126735
0.320941
0.131110
0.453498
0.086313
0.189010
0.167216
0.431175
0.000818
0.691874
0.391871
0.120282
0.053920
0.475753
0.057284
0.088324
0.018254
0.264224
0.381406
0.028834
0.319241
0.113174
0.478819
0.099819
0.421374
0.249123
0.211627
0.022633
0.147513
0.699305
0.011206
0.397280
0.174701
0.150546
0.140401
0.108595
0.042405
0.292227
0.123126
0.050268
0.044052
0.289308
0.005384
0.386568
0.100704
0.124957
0.015625
0.082291
0.088891
0.146353
0.187145
0.126392
0.340747
0.451262
0.244782
0.016646
0.229628
0.439890
0.333044
0.087015
0.280018
0.183054
0.525945
0.298727
0.062984
0.266075
0.511468
0.267839
0.074274
0.351194
0.286565
0.629334
0.179944
0.356772
0.207828
0.234358
0.418618
0.074448
0.345762
0.183558
0.158449
0.432200
0.337732
0.200440
0.335530
0.035641
0.314791
0.221872
0.130613
0.447701
0.199676
0.092128
0.050876
0.145757
0.005712
0.159156
0.447851
0.198641
0.188018
0.051737
0.215129
0.091901
0.456828
0.047549
0.415577
0.242888
0.104459
0.167356
0.185059
0.596524
0.229279
0.103819
0.151339
0.305758
0.352146
0.041631
0.196592
0.634277
0.172775
0.067686
0.360964
0.377178
0.030132
0.145713
0.409822
0.140111
0.119499
0.097784
0.335868
0.476524
0.500602
0.059185
0.359657
0.129591
0.371827
0.234577
0.092384
0.427949
0.518082
0.119663
0.286821
0.040195
0.429579
0.088789
0.198010
0.622939
0.101274
0.020008
0.058153
0.158683
0.161003
0.208699
0.104819
0.555298
0.049380
0.348215
0.314171
0.154324
0.058882
0.217289
0.043124
0.446490
0.229467
0.008683
0.071798
0.059161
0.192513
0.370109
0.325719
0.503394
0.101401
0.320997
0.291151
0.234937
0.601902
0.403707
0.038753
0.311645
0.142318
0.618978
0.227779
0.281494
0.032490
0.448798
0.446213
0.368497
0.024087
0.016288
0.173829
0.265857
0.137183
0.095751
0.293210
0.278150
0.764368
0.226310
0.077515
0.012338
0.040407
0.697614
0.012146
0.439871
0.118079
0.192123
0.019176
0.389061
0.253288
0.154354
0.019367
0.015115
0.643258
0.067885
0.247885
0.590075
0.172123
0.189083
0.378109
0.201976
0.484158
0.296675
0.450796
0.464053
0.353782
0.462629
0.388500
0.090983
0.156581
0.380542
0.109242
0.232041
0.003262
0.027509
0.023872
0.290146
0.211660
0.222586
0.351932
0.315896
0.231727
0.244552
0.303369
0.207191
0.600508
0.082381
0.381051
0.046650
0.157137
0.031080
0.242078
0.037672
0.444969
0.115937
0.365707
0.426856
0.248182
0.454738
0.347023
0.026761
0.277120
0.172158
0.447526
0.391367
0.386552
0.094527
0.111884
0.183944
0.191948
0.205841
0.383398
0.260701
0.318214
0.188739
0.023153
0.313119
0.000414
0.441691
0.542078
0.125906
0.010101
0.427767
0.060361
0.188446
0.347219
0.448830
0.189036
0.442227
0.126910
0.282822
0.371268
0.233282
0.477878
0.215857
0.204318
0.642176
0.179004
0.190143
0.326804
0.016660
0.073518
0.062510
0.257843
0.050468
0.371193
0.360064
0.400966
0.154363
0.151205
0.552866
0.375823
0.241398
0.224194
0.286259
0.337098
0.211890
0.225305
0.029087
0.538106
0.186360
0.396783
0.298205
0.271892
0.080810
0.121254
0.397420
0.321232
0.042615
0.122836
0.530375
0.363359
0.183804
0.132070
0.218675
0.057344
0.158214
0.094824
0.143332
0.094304
0.186468
0.354724
0.014491
0.114318
0.134877
0.128493
0.069715
0.269705
0.190862
0.181092
0.239357
0.207223
0.052094
0.088231
0.347685
0.141779
0.378804
0.055910
0.387709
0.048881
0.237493
0.159804
0.117610
0.246486
0.029600
0.007720
0.183065
0.143254
0.595404
0.065738
0.066059
0.364869
0.394852
0.085482
0.343936
0.567263
0.313348
0.179825
0.079641
0.287631
0.112820
0.343939
0.264031
0.385982
0.052280
0.524400
0.163074
0.033717
0.270121
0.362030
0.142962
0.312898
0.325491
0.322191
0.040375
0.226853
0.183724
0.195008
0.244636
0.164383
0.065683
0.393341
0.205959
0.207463
0.154672
0.580501
0.447749
0.434975
0.202795
0.251571
0.082807
0.216967
0.421693
0.307637
0.427777
0.452612
0.329905
0.291569
0.275359
0.363125
0.338413
0.290894
0.105209
0.236761
0.358164
0.138008
0.488234
0.231038
0.082402
0.317551
0.040705
0.100027
0.012559
0.135399
0.299859
0.109244
0.438092
0.466290
0.263134
0.020550
0.556280
0.182264
0.114419
0.192870
0.404140
0.085235
0.345665
0.399527
0.103491
0.069837
0.200980
0.312682
0.226131
0.333276
0.215271
0.466988
0.062634
0.276641
0.085690
0.233367
0.178848
0.108678
0.570203
0.080627
0.107275
0.501419
0.372629
0.270132
0.338491
0.099887
0.045373
0.070333
0.231357
0.375504
0.397494
0.110836
0.149701
0.529500
0.008540
0.428918
0.182533
0.295341
0.203976
0.149892
0.448378
0.428754
0.580376
0.098387
0.140466
0.133940
0.032540
0.252013
0.285485
0.023707
0.400456
0.209369
0.382970
0.168639
0.149692
0.082690
0.342177
0.577109
0.168296
0.280099
0.649196
0.068355
0.078523
0.435447
0.200525
0.383809
0.305559
0.175727
0.253990
0.152644
0.023598
0.233036
0.093467
0.163653
0.214144
0.099118
0.411329
0.053983
0.346877
0.024262
0.087408
0.326769
0.119914
0.190911
0.554944
0.042552
0.466367
0.036629
0.005394
0.099101
0.253389
0.180003
0.513690
0.637011
0.517323
0.239784
0.588344
0.200574
0.112186
0.342307
0.152212
0.214024
0.514086
0.170173
0.084869
0.375221
0.010381
0.241325
0.293823
0.308533
0.305722
0.018761
0.260900
0.354220
0.253257
0.028905
0.538954
0.314564
0.404714
0.649233
0.153578
0.388945
0.248734
0.292160
0.393103
0.153278
0.281977
0.204151
0.439378
0.237850
0.130802
0.225033
0.198394
0.112678
0.087201
0.328940
0.483490
0.256779
0.115081
0.263423
0.467703
0.375635
0.003078
0.236848
0.189708
0.227261
0.241662
0.310291
0.259312
0.054991
0.174229
0.072098
0.217149
0.182189
0.280454
0.243441
0.242265
0.082419
0.159586
0.189265
0.305759
0.301256
0.310438
0.030213
0.005055
0.030162
0.470856
0.043442
0.320229
0.223311
0.150048
0.200753
0.377750
0.183112
0.162970
0.057303
0.207500
0.353599
0.272060
0.457155
0.328807
0.688760
0.161547
0.113051
0.264898
0.195465
0.031263
0.004452
0.438164
0.548070
0.105539
0.209615
0.360772
0.649875
0.042371
0.144888
0.309597
0.139409
0.291178
0.251531
0.060959
0.090499
0.307657
0.425077
0.447588
0.121818
0.077382
0.470699
0.180575
0.166024
0.148597
0.284545
0.041871
0.066316
0.025481
0.194472
0.447746
0.450168
0.206003
0.126446
0.451481
0.050563
0.122228
0.165354
0.239450
0.494550
0.028739
0.132148
0.190720
0.171686
0.203019
0.004911
0.083669
0.048167
0.130106
0.051488
0.027309
0.294267
0.331420
0.154961
0.074112
0.377407
0.132516
0.350915
0.404204
0.285084
0.245043
0.227517
0.346202
0.354491
0.003122
0.118969
0.033739
0.104695
0.078700
0.258660
0.027820
0.331177
0.090405
0.114083
0.464240
0.206754
0.195736
0.205719
0.337003
0.024037
0.177258
0.178494
0.427838
0.119004
0.128128
0.291765
0.174141
0.308489
0.129616
0.112188
0.662444
0.178448
0.170749
0.152348
0.201363
0.207539
0.060850
0.064223
0.491149
0.075052
0.207309
0.372966
0.175871
0.145620
0.552885
0.478021
0.285683
0.220862
0.305483
0.347659
0.180853
0.270927
0.186113
0.005557
0.200625
0.280504
0.403277
0.134947
0.433923
0.250576
0.052923
0.174110
0.025516
0.248631
0.115852
0.556764
0.444164
0.089172
0.219723
0.049082
0.197139
0.231157
0.297182
0.325175
0.225761
0.204585
0.061584
0.380494
0.419954
0.254188
0.232902
0.623572
0.276953
0.021556
0.200417
0.347771
0.261721
0.453119
0.370922
0.422698
0.078972
0.570161
0.246327
0.071341
0.081177
0.318243
0.072510
0.115250
0.114220
0.004641
0.157342
0.218124
0.295027
0.268175
0.298634
0.126050
0.432726
0.323834
0.252233
0.388860
0.096791
0.242935
0.412408
0.095959
0.358387
0.529337
0.130475
0.222496
0.338492
0.092029
0.106718
0.200407
0.245130
0.746399
0.199005
0.365226
0.420350
0.174563
0.175367
0.668908
0.014743
0.131877
0.123059
0.334686
0.276025
0.025227
0.259703
0.133531
0.029045
0.238161
0.074091
0.029938
0.118734
0.239351
0.281225
0.593887
0.269400
0.202024
0.202804
0.360091
0.582898
0.293572
0.513638
0.280037
0.166548
0.247157
0.057663
0.155993
0.371637
0.157549
0.036325
0.137574
0.177151
0.284257
0.306054
0.194397
0.051367
0.209787
0.469117
0.146377
0.034572
0.018694
0.152229
0.030648
0.410547
0.198231
0.086710
0.410426
0.210883
0.210446
0.091796
0.147968
0.436935
0.168289
0.451979
0.215789
0.221015
0.118797
0.278246
0.264198
0.181125
0.032090
0.007007
0.041053
0.011451
0.281999
0.068513
0.058296
0.350608
0.234874
0.067862
0.461913
0.399965
0.152319
0.327438
0.420112
0.082252
0.251038
0.274279
0.204334
0.267828
0.028860
0.443641
0.077200
0.358383
0.396570
0.161726
0.146026
0.032426
0.032899
0.359883
0.210283
0.249636
0.341228
0.677886
0.081678
0.262347
0.419798
0.301291
0.217249
0.302997
0.498746
0.049202
0.079859
0.036859
0.184009
0.133110
0.138667
0.540119
0.331449
0.102479
0.368296
0.304060
0.020752
0.316953
0.136869
0.500197
0.100138
0.286307
0.083266
0.217078
0.245089
0.126492
0.237172
0.147213
0.634649
0.109275
0.109186
0.283155
0.127769
0.042551
0.076935
0.077674
0.460116
0.196515
0.133728
0.286005
0.467965
0.517272
0.160510
0.112096
0.489117
0.361876
0.068013
0.022447
0.145911
0.278316
0.315307
0.186293
0.026782
0.196229
0.056184
0.174295
0.172795
0.025299
0.125538
0.149886
0.501079
0.213848
0.322070
0.283226
0.171179
0.288218
0.064698
0.368794
0.064757
0.031290
0.057261
0.345938
0.132429
0.420802
0.477760
0.037183
0.471080
0.392160
0.206247
0.457751
0.002182
0.131089
0.265380
0.520763
0.430615
0.204181
0.472262
0.373725
0.056335
0.007173
0.452972
0.043889
0.051676
0.185424
0.363896
0.235412
0.076671
0.366769
0.157389
0.062795
0.087342
0.061927
0.031841
0.096806
0.596279
0.013980
0.076218
0.186625
0.234010
0.337074
0.185621
0.100104
0.027820
0.397413
0.036853
0.061775
0.476430
0.253644
0.163292
0.023254
0.100714
0.054833
0.000751
0.000504
0.194508
0.602045
0.167341
0.135055
0.153405
0.087889
0.045216
0.101890
0.301881
0.083970
0.270684
0.105724
0.152247
0.313274
0.226843
0.279275
0.011014
0.382725
0.082995
0.185176
0.280367
0.246957
0.245264
0.216947
0.507781
0.223080
0.357186
0.001080
0.519135
0.242069
0.296695
0.224211
0.035675
0.414666
0.391280
0.094820
0.332773
0.468888
0.204654
0.307113
0.257334
0.342094
0.161728
0.162547
0.138840
0.375737
0.186967
0.101017
0.228721
0.409289
0.134979
0.606595
0.314092
0.018064
0.028377
0.413123
0.061359
0.208374
0.021781
0.137962
0.404371
0.048441
0.189135
0.143589
0.355873
0.206419
0.420638
0.152646
0.286593
0.066318
0.314971
0.740108
0.016463
0.322532
0.090128
0.106686
0.193561
0.005015
0.143268
0.280879
0.122079
0.013940
0.025866
0.250104
0.064961
0.247316
0.033931
0.073758
0.056398
0.117257
0.109804
0.211546
0.344101
0.080373
0.437708
0.384730
0.503658
0.061122
0.326346
0.437494
0.416906
0.073519
0.189515
0.107338
0.547347
0.198691
0.144102
0.271024
0.426720
0.208472
0.129842
0.219993
0.384902
0.664574
0.189965
0.333682
0.163838
0.310651
0.373919
0.014588
0.390677
0.053746
0.228978
0.399754
0.239078
0.252657
0.332889
0.022794
0.171137
0.141541
0.002327
0.378283
0.310698
0.239397
0.113550
0.166001
0.064664
0.149070
0.352510
0.028867
0.071155
0.065580
0.211316
0.308349
0.570341
0.060764
0.578020
0.245879
0.037124
0.176059
0.223358
0.394503
0.150583
0.031713
0.114010
0.343397
0.222282
0.014599
0.249171
0.530851
0.151901
0.060122
0.445319
0.420714
0.050216
0.173120
0.566293
0.252017
0.129274
0.252035
0.367943
0.415297
0.494134
0.026312
0.375390
0.037326
0.358141
0.214452
0.153382
0.481435
0.550860
0.165800
0.299800
0.071796
0.425778
0.015752
0.264123
0.620988
0.318138
0.024510
0.112138
0.015044
0.252992
0.141562
0.069478
0.401514
0.074797
0.201719
0.099114
0.195842
0.175952
0.369151
0.092409
0.441678
0.192591
0.063107
0.090664
0.031965
0.115165
0.319128
0.359340
0.560924
0.223577
0.339173
0.324507
0.292012
0.596995
0.204140
0.013574
0.401413
0.213126
0.560713
0.279802
0.163240
0.025651
0.354754
0.564104
0.261734
0.130904
0.101597
0.152946
0.328418
0.119606
0.191418
0.252859
0.297634
0.671771
0.156639
0.114670
0.018885
0.133511
0.739918
0.082748
0.538185
0.275594
0.280380
0.133883
0.268575
0.271209
0.039172
0.065104
0.078148
0.659245
0.026401
0.126225
0.595841
0.190520
0.210670
0.212757
0.176496
0.527991
0.200340
0.489678
0.543198
0.279059
0.441248
0.396865
0.078090
0.003052
0.407969
0.189275
0.319277
0.016596
0.080764
0.075246
0.337593
0.138098
0.304981
0.400478
0.335900
0.293498
0.229359
0.365497
0.121912
0.562988
0.189919
0.244088
0.043678
0.341036
0.056209
0.411073
0.025221
0.271959
0.173311
0.473780
0.266207
0.254949
0.499799
0.400320
0.093195
0.397335
0.209890
0.389398
0.290162
0.419068
0.101592
0.244136
0.213383
0.214487
0.185808
0.255006
0.276533
0.312296
0.096902
0.049006
0.199696
0.090019
0.432155
0.506266
0.105069
0.151143
0.566106
0.068759
0.184222
0.453631
0.370437
0.174225
0.258370
0.228408
0.302707
0.364598
0.248357
0.376383
0.146279
0.186575
0.505686
0.092542
0.183596
0.232865
0.135080
0.095845
0.012031
0.253956
0.028765
0.367457
0.424595
0.361111
0.251055
0.359319
0.476103
0.478044
0.121875
0.156861
0.420154
0.181408
0.130623
0.242111
0.102018
0.651082
0.001067
0.421288
0.288440
0.238496
0.115695
0.133981
0.324219
0.262974
0.024197
0.113353
0.516676
0.357981
0.190037
0.043749
0.330869
0.030508
0.148526
0.062882
0.137519
0.068132
0.117980
0.319939
0.057964
0.009437
0.340461
0.174306
0.050322
0.271596
0.276451
0.217379
0.145110
0.198703
0.030361
0.039529
0.444880
0.189995
0.471541
0.015628
0.516277
0.168776
0.088930
0.341644
0.139571
0.282928
0.113187
0.034568
0.235765
0.046061
0.420145
0.110803
0.066646
0.338422
0.276774
0.157105
0.253595
0.509635
0.349017
0.211315
0.022439
0.359067
0.100839
0.251028
0.299314
0.374345
0.100167
0.388639
0.184256
0.165579
0.255885
0.524342
0.230348
0.372857
0.379154
0.470278
0.068563
0.224824
0.141401
0.358222
0.264134
0.032097
0.047551
0.363611
0.127404
0.264347
0.168161
0.660394
0.400689
0.457364
0.215692
0.391871
0.088452
0.220751
0.409643
0.346814
0.274900
0.447562
0.271627
0.158816
0.351171
0.432699
0.410641
0.201197
0.170335
0.333798
0.334701
0.285305
0.463177
0.300015
0.037411
0.174203
0.024941
0.028932
0.018117
0.110640
0.370489
0.074156
0.471764
0.398726
0.403250
0.024193
0.560162
0.086802
0.086764
0.220027
0.451873
0.009280
0.381407
0.342483
0.129818
0.112253
0.211508
0.427500
0.171698
0.146700
0.307712
0.538474
0.112456
0.088820
0.054314
0.109006
0.194127
0.182808
0.566603
0.029066
0.028155
0.531200
0.393932
0.212452
0.333561
0.194895
0.045599
0.267889
0.126406
0.271550
0.366898
0.090774
0.119938
0.461145
0.016445
0.330654
0.149839
0.143314
0.152548
0.128144
0.398408
0.312631
0.451905
0.035133
0.226990
0.208149
0.140489
0.109254
0.111296
0.090307
0.478185
0.182523
0.457553
0.012799
0.045720
0.039678
0.370086
0.496743
0.166582
0.236518
0.740526
0.132182
0.020892
0.452763
0.283136
0.227429
0.318616
0.018405
0.014105
0.050640
0.030374
0.248241
0.175593
0.151135
0.467132
0.200171
0.521006
0.026203
0.204813
0.099951
0.069626
0.380053
0.326910
0.278277
0.451496
0.083586
0.323339
0.054328
0.032171
0.298589
0.274178
0.196287
0.565023
0.677281
0.407137
0.215338
0.700025
0.219774
0.023883
0.405746
0.168747
0.144329
0.444497
0.134910
0.139462
0.405060
0.136227
0.188607
0.161638
0.325454
0.237016
0.091860
0.203851
0.299750
0.323316
0.138690
0.533621
0.364570
0.494754
0.623655
0.165696
0.319499
0.127397
0.447966
0.405267
0.286392
0.210017
0.281398
0.429926
0.160465
0.047857
0.347400
0.312122
0.018112
0.133453
0.334459
0.570213
0.327496
0.024368
0.138804
0.640528
0.269800
0.058019
0.259797
0.215783
0.207604
0.088402
0.179188
0.316468
0.008099
0.142818
0.087377
0.171826
0.106313
0.252605
0.324103
0.297518
0.016541
0.256479
0.409420
0.217708
0.272917
0.402874
0.053780
0.229764
0.062392
0.376882
0.121907
0.500441
0.390323
0.081506
0.198398
0.238701
0.239119
0.301382
0.054498
0.165452
0.426384
0.252032
0.421901
0.396257
0.662766
0.169639
0.188211
0.179537
0.084024
0.114258
0.067312
0.346679
0.499549
0.144328
0.173654
0.458982
0.539856
0.093201
0.090127
0.315672
0.117664
0.366275
0.379816
0.146505
0.004350
0.337622
0.376838
0.401086
0.125686
0.061020
0.410976
0.274927
0.022753
0.129539
0.348487
0.060781
0.019251
0.114070
0.100876
0.323324
0.454729
0.219759
0.211630
0.428755
0.220863
0.032836
0.149502
0.268527
0.503078
0.117579
0.093751
0.213608
0.163560
0.161697
0.045157
0.060343
0.045181
0.041777
0.081455
0.106350
0.356731
0.475823
0.048996
0.091175
0.409224
0.097440
0.204067
0.379457
0.366493
0.073872
0.200672
0.196348
0.468986
0.017851
0.094060
0.013002
0.221369
0.282682
0.270933
0.009453
0.187677
0.176450
0.056236
0.421950
0.244726
0.275907
0.177304
0.324410
0.019726
0.249399
0.136161
0.433178
0.012824
0.246083
0.011548
0.143549
0.302348
0.122705
0.130938
0.548891
0.370201
0.298718
0.155056
0.233974
0.165084
0.085326
0.066721
0.354266
0.050332
0.176502
0.369927
0.104903
0.177873
0.446551
0.333514
0.503938
0.357270
0.341093
0.394808
0.183005
0.363895
0.259510
0.030497
0.072062
0.363929
0.449570
0.229350
0.414974
0.303728
0.226159
0.190999
0.009521
0.288172
0.255115
0.679726
0.530993
0.025981
0.199773
0.053178
0.314165
0.370472
0.370134
0.224383
0.147316
0.305196
0.088818
0.230189
0.226998
0.295191
0.253240
0.582685
0.216824
0.244503
0.180790
0.236406
0.309354
0.599194
0.371818
0.355595
0.112956
0.661340
0.162433
0.024751
0.122741
0.263276
0.039802
0.055709
0.289619
0.029418
0.126790
0.258227
0.099409
0.241376
0.299827
0.129489
0.389933
0.163263
0.306307
0.207239
0.130544
0.236060
0.374644
0.086339
0.419283
0.519239
0.225689
0.083737
0.353795
0.101769
0.162770
0.312585
0.254630
0.714445
0.212294
0.345782
0.429954
0.160610
0.054031
0.527674
0.118998
0.082221
0.035479
0.297378
0.369182
0.145790
0.232554
0.248385
0.080260
0.108662
0.137683
0.007737
0.181145
0.242143
0.288110
0.621288
0.142208
0.032024
0.146641
0.327194
0.561441
0.218752
0.562419
0.251676
0.123217
0.162620
0.132416
0.100471
0.430767
0.135039
0.020262
0.209909
0.024898
0.442316
0.207376
0.219431
0.059218
0.027385
0.395138
0.147582
0.152669
0.134707
0.106837
0.069047
0.506665
0.177579
0.150659
0.468058
0.137836
0.226781
0.000944
0.112231
0.453335
0.237508
0.489019
0.287157
0.226839
0.101087
0.357686
0.363016
0.081189
0.086291
0.033416
0.003477
0.022545
0.167837
0.018368
0.041617
0.301308
0.278723
0.193062
0.380669
0.542808
0.306052
0.309294
0.502454
0.116126
0.134622
0.194811
0.197581
0.312666
0.178610
0.444771
0.160069
0.299305
0.443493
0.217603
0.104284
0.075309
0.038701
0.309201
0.122925
0.273581
0.177403
0.640001
0.119917
0.306220
0.307075
0.282098
0.249790
0.229519
0.446674
0.034684
0.089910
0.079897
0.149262
0.119844
0.069896
0.406723
0.352048
0.007079
0.312537
0.151691
0.086347
0.194714
0.120092
0.277550
0.217867
0.311931
0.114582
0.112099
0.133374
0.216353
0.214158
0.177552
0.498410
0.145990
0.064486
0.274213
0.216463
0.023611
0.007657
0.032565
0.408447
0.137071
0.049767
0.394847
0.417934
0.560016
0.172648
0.084410
0.345995
0.348123
0.012606
0.035794
0.066967
0.201735
0.296052
0.047683
0.042379
0.095476
0.030781
0.170945
0.138073
0.006324
0.049688
0.093133
0.439288
0.195442
0.281379
0.315717
0.218934
0.219051
0.141607
0.392221
0.037931
0.050460
0.065265
0.264038
0.069709
0.345531
0.494975
0.045832
0.438140
0.370882
0.025963
0.572598
0.025862
0.039628
0.294866
0.456249
0.358562
0.154285
0.436765
0.372940
0.012267
0.032225
0.239250
0.013177
0.001482
0.312866
0.390004
0.175449
0.106209
0.363341
0.014232
0.124685
0.106041
0.007928
0.063204
0.115677
0.492816
0.155787
0.030298
0.276381
0.192639
0.321465
0.205490
0.050968
0.017366
0.368475
0.013897
0.137371
0.425491
0.334147
0.345823
0.044135
0.043292
0.038425
0.054915
0.057226
0.256492
0.449484
0.281710
0.150111
0.172708
0.133887
0.158972
0.155137
0.262860
0.032400
0.457646
0.008740
0.131003
0.220853
0.219851
0.267724
0.009901
0.210186
0.086185
0.047069
0.348595
0.331117
0.209624
0.250996
0.494832
0.161547
0.291222
0.058754
0.588874
0.248342
0.347387
0.290935
0.000565
0.278200
0.376758
0.019420
0.198447
0.455860
0.197073
0.169417
0.445119
0.381226
0.175971
0.110785
0.069956
0.301574
0.207092
0.067263
0.251168
0.370284
0.249830
0.372806
0.177860
0.118630
0.059055
0.375888
0.179454
0.272009
0.035088
0.001839
0.439972
0.120484
0.022607
0.102343
0.217063
0.236652
0.397757
0.083990
0.303248
0.080628
0.396442
0.669189
0.030029
0.267006
0.007555
0.082458
0.268392
0.013420
0.275559
0.282383
0.147568
0.006115
0.015465
0.216774
0.187908
0.123882
0.016440
0.035492
0.113197
0.162911
0.111115
0.333089
0.406840
0.062874
0.482481
0.278164
0.699869
0.149929
0.407795
0.330758
0.524964
0.061807
0.082402
0.059590
0.480087
0.139171
0.216448
0.267200
0.349237
0.151742
0.206103
0.073890
0.434563
0.596838
0.127283
0.302845
0.149555
0.374420
0.377923
0.069005
0.312396
0.079119
0.252267
0.291534
0.084185
0.270848
0.275441
0.046020
0.003113
0.106023
0.130636
0.252030
0.360123
0.400462
0.218957
0.203258
0.081267
0.150947
0.280683
0.124474
0.051386
0.109009
0.100210
0.435237
0.553926
0.031112
0.612598
0.192937
0.015685
0.178644
0.250163
0.153227
0.127421
0.031128
0.040042
0.355425
0.044704
0.001707
0.240355
0.358226
0.078416
0.036463
0.551620
0.409879
0.019773
0.183743
0.683490
0.283494
0.164279
0.266074
0.380747
0.335143
0.427792
0.092294
0.355326
0.021157
0.387423
0.238613
0.223158
0.493771
0.499663
0.161041
0.287228
0.109831
0.361305
0.163191
0.263098
0.549927
0.478270
0.008838
0.128147
0.262349
0.273724
0.083154
0.043058
0.269563
0.047503
0.085225
0.099565
0.291699
0.209683
0.510118
0.122388
0.432925
0.150911
0.147376
0.066728
0.152462
0.049401
0.197783
0.372281
0.520772
0.292420
0.322339
0.267669
0.290372
0.560386
0.036922
0.013245
0.510610
0.195194
0.413484
0.351906
0.021300
0.127328
0.306338
0.632400
0.050711
0.262801
0.230044
0.091642
0.392044
0.106830
0.282618
0.230162
0.259566
0.448355
0.137565
0.107765
0.065571
0.207302
0.649570
0.154431
0.625011
0.424357
0.341132
0.169464
0.181287
0.247405
0.011222
0.136182
0.079513
0.560572
0.024445
0.018441
0.516236
0.192257
0.169973
0.042026
0.167705
0.508922
0.139457
0.462720
0.555906
0.127097
0.351947
0.398769
0.078890
0.077495
0.408227
0.216392
0.410659
0.026224
0.106811
0.053480
0.399770
0.098754
0.303133
0.454003
0.254008
0.353922
0.200421
0.429962
0.004209
0.468025
0.293096
0.084504
0.012884
0.495210
0.252262
0.545365
0.032943
0.035066
0.271634
0.543344
0.144393
0.202086
0.431791
0.461043
0.093395
0.362910
0.281507
0.285096
0.149011
0.397016
0.098397
0.321768
0.270853
0.243031
0.155324
0.108945
0.283292
0.318481
0.021023
0.180843
0.109694
0.099838
0.425708
0.446370
0.032406
0.279670
0.646372
0.097617
0.171059
0.522864
0.236261
0.117275
0.080747
0.348186
0.326701
0.330504
0.229819
0.235586
0.053367
0.138070
0.334639
0.045842
0.106436
0.139892
0.248387
0.081386
0.056686
0.273333
0.080504
0.273987
0.452235
0.390904
0.278168
0.504959
0.367041
0.562400
0.025834
0.146976
0.463051
0.006993
0.079417
0.195742
0.211382
0.645154
0.199163
0.473589
0.235554
0.191337
0.169523
0.188564
0.268428
0.227661
0.126064
0.065690
0.527104
0.298663
0.178133
0.068404
0.361705
0.059544
0.091337
0.100324
0.138476
0.167822
0.072420
0.286883
0.102529
0.109336
0.463522
0.170678
0.030968
0.254739
0.238730
0.250661
0.048107
0.184458
0.101428
0.058128
0.512797
0.331372
0.474036
0.016271
0.582584
0.222980
0.052874
0.410742
0.252157
0.266252
0.145181
0.081435
0.262807
0.076251
0.189004
0.117648
0.143124
0.283119
0.229456
0.215102
0.111163
0.386290
0.337076
0.172936
0.116643
0.495464
0.057395
0.147755
0.271196
0.311735
0.229285
0.179722
0.170745
0.315022
0.231847
0.676257
0.273578
0.446331
0.467981
0.529291
0.103123
0.223095
0.056378
0.517508
0.343737
0.085379
0.163973
0.336634
0.056358
0.316687
0.130599
0.637645
0.372630
0.326154
0.183535
0.499649
0.040263
0.241122
0.475935
0.421383
0.107235
0.444450
0.160987
0.060628
0.375963
0.502898
0.542228
0.049688
0.155530
0.341971
0.351270
0.359804
0.447217
0.403574
0.015601
0.049432
0.109818
0.039567
0.069370
0.121331
0.364123
0.034712
0.466999
0.309450
0.457086
0.022615
0.486023
0.068583
0.056807
0.277070
0.457987
0.079074
0.448334
0.258383
0.154582
0.131922
0.112825
0.481881
0.077699
0.059215
0.363787
0.548526
0.209969
0.124471
0.016125
0.043050
0.216934
0.233739
0.569085
0.013498
0.157779
0.488924
0.379204
0.149203
0.314635
0.286986
0.141290
0.448037
0.042599
0.115269
0.340842
0.071480
0.181411
0.303244
0.055909
0.296942
0.216799
0.028225
0.096575
0.111637
0.422075
0.221120
0.347701
0.163148
0.367641
0.240993
0.280645
0.052628
0.123417
0.210582
0.505385
0.200050
0.469780
0.132119
0.092689
0.047978
0.300979
0.413094
0.187160
0.178531
0.653054
0.212941
0.177020
0.444016
0.323878
0.076177
0.288322
0.142259
0.183720
0.108919
0.024696
0.247488
0.267163
0.027509
0.606358
0.240899
0.553882
0.156644
0.002045
0.147349
0.010801
0.466836
0.577460
0.330330
0.332675
0.023900
0.130811
0.051987
0.026670
0.472712
0.243793
0.146617
0.506771
0.608368
0.292061
0.133633
0.684668
0.277782
0.058827
0.462905
0.185025
0.026199
0.347933
0.120370
0.287483
0.415765
0.353294
0.092246
0.066211
0.282325
0.149323
0.225071
0.210953
0.226020
0.343717
0.221128
0.473165
0.422643
0.489369
0.542982
0.181694
0.206944
0.021430
0.645195
0.409553
0.456168
0.128040
0.322580
0.361641
0.003040
0.055186
0.422811
0.408912
0.131970
0.150791
0.389540
0.509044
0.399200
0.059429
0.014177
0.722690
0.176033
0.122984
0.263937
0.223482
0.207566
0.074775
0.111995
0.375652
0.082733
0.068936
0.063638
0.070663
0.020207
0.245666
0.436972
0.268951
0.051619
0.376544
0.520041
0.220008
0.165011
0.516847
0.083420
0.455449
0.160908
0.235419
0.198594
0.604984
0.504869
0.236861
0.190858
0.163414
0.278308
0.344666
0.038639
0.111256
0.442085
0.201227
0.366173
0.447271
0.513351
0.160923
0.244686
0.128043
0.011644
0.294099
0.156872
0.280511
0.346625
0.191214
0.123790
0.527799
0.372164
0.146715
0.048845
0.305969
0.145761
0.309970
0.540464
0.238401
0.076151
0.359218
0.236764
0.389492
0.104627
0.093473
0.381633
0.300060
0.139657
0.112176
0.450120
0.100520
0.090512
0.160387
0.018838
0.182823
0.341342
0.241388
0.302835
0.406125
0.428982
0.102749
0.092335
0.311480
0.483278
0.230030
0.083315
0.202566
0.177936
0.172617
0.164794
0.046973
0.151748
0.172048
0.162701
0.145775
0.318801
0.547240
0.129825
0.066040
0.341827
0.022827
0.030917
0.321325
0.380083
0.095603
0.177004
0.046520
0.492032
0.057832
0.122665
0.031585
0.266105
0.458222
0.313210
0.006698
0.033118
0.231806
0.024370
0.357900
0.269976
0.338592
0.139175
0.250808
0.095496
0.292917
0.005101
0.393526
0.016419
0.284500
0.200996
0.106269
0.344264
0.058936
0.099338
0.461683
0.517337
0.423922
0.174921
0.307728
0.135294
0.030871
0.096334
0.180071
0.205989
0.182654
0.308243
0.001857
0.159143
0.263483
0.173249
0.643851
0.479795
0.351655
0.449006
0.181590
0.411558
0.287672
0.104431
0.055444
0.388949
0.400292
0.191958
0.371863
0.305565
0.360462
0.252852
0.040357
0.295532
0.336735
0.746678
0.617548
0.077492
0.178786
0.077064
0.328867
0.462133
0.373432
0.154339
0.107066
0.386117
0.149804
0.136306
0.061439
0.354270
0.223639
0.466513
0.119632
0.440938
0.052128
0.132761
0.294370
0.663523
0.328149
0.312811
0.143123
0.619031
0.002069
0.018135
0.152009
0.200359
0.116478
0.029892
0.475220
0.028220
0.055457
0.299682
0.033105
0.302624
0.260427
0.179967
0.263469
0.024122
0.260177
0.028586
0.067586
0.269807
0.341128
0.038159
0.430257
0.399077
0.318845
0.013914
0.361898
0.135094
0.230665
0.351065
0.181273
0.549809
0.211608
0.401757
0.389467
0.046002
0.271772
0.397813
0.039802
0.061435
0.116568
0.216711
0.481682
0.268373
0.205459
0.298097
0.164495
0.020622
0.171708
0.038801
0.240423
0.317201
0.322395
0.534454
0.022882
0.074962
0.090378
0.265673
0.500494
0.108219
0.597722
0.265172
0.141152
0.124841
0.262964
0.039617
0.528902
0.108381
0.128395
0.328640
0.063942
0.614607
0.111138
0.269772
0.109336
0.165782
0.281583
0.143505
0.223361
0.301565
0.090485
0.152958
0.484363
0.135902
0.207335
0.384549
0.075667
0.152792
0.066792
0.051435
0.468139
0.347085
0.474034
0.361711
0.206859
0.115916
0.424875
0.383626
0.022083
0.075071
0.088477
0.142795
0.035219
0.067454
0.050540
0.133192
0.203452
0.258185
0.277268
0.244932
0.578939
0.398013
0.247572
0.502277
0.108065
0.057994
0.055950
0.196489
0.363586
0.338654
0.353437
0.382930
0.305892
0.378546
0.226670
0.105120
0.203098
0.025325
0.272711
0.007893
0.304771
0.082598
0.543109
0.196828
0.258283
0.170317
0.218214
0.231519
0.152934
0.339272
0.104517
0.169491
0.110188
0.180777
0.140404
0.264207
0.235874
0.325705
0.033887
0.209369
0.027102
0.071138
0.083818
0.098502
0.010814
0.316957
0.287034
0.097977
0.067664
0.082244
0.181790
0.110673
0.204193
0.365991
0.174053
0.208760
0.288813
0.288499
0.010828
0.129520
0.136515
0.332866
0.061316
0.058818
0.410217
0.266787
0.589002
0.163298
0.086828
0.225433
0.309778
0.048464
0.155761
0.031099
0.127659
0.167934
0.038766
0.101755
0.013479
0.022694
0.136166
0.137557
0.065400
0.004175
0.002670
0.364435
0.130232
0.279177
0.389773
0.234975
0.183600
0.162716
0.356051
0.172992
0.081623
0.247974
0.130415
0.006539
0.297865
0.501907
0.097489
0.373122
0.308443
0.199689
0.618835
0.044031
0.193806
0.328778
0.356982
0.221647
0.068211
0.367089
0.319874
0.060080
0.028524
0.074560
0.079411
0.048007
0.426508
0.360354
0.065442
0.032744
0.285558
0.124384
0.213920
0.151604
0.066096
0.135115
0.148043
0.383710
0.210573
0.019181
0.385617
0.121540
0.340044
0.228131
0.174168
0.010605
0.283643
0.113707
0.236434
0.360074
0.348152
0.522140
0.035689
0.094127
0.023315
0.025118
0.096623
0.286153
0.289954
0.346541
0.197550
0.152172
0.158936
0.287577
0.190009
0.203700
0.032792
0.590947
0.077109
0.113420
0.147126
0.178181
0.214677
0.037649
0.010216
0.080123
0.240431
0.397549
0.471423
0.169368
0.191140
0.469511
0.080801
0.192913
0.126633
0.576102
0.210666
0.302319
0.277295
0.039309
0.132027
0.286843
0.061553
0.070763
0.345356
0.209742
0.046510
0.640466
0.358719
0.101083
0.033623
0.096256
0.260549
0.201184
0.026850
0.219722
0.299216
0.344128
0.084487
0.074369
0.182334
0.147895
0.333594
0.238148
0.280794
0.027514
0.061119
0.412718
0.119861
0.128905
0.006863
0.067664
0.186600
0.328153
0.031346
0.327359
0.114603
0.450456
0.545356
0.017341
0.221660
0.016752
0.086681
0.292803
0.030087
0.338757
0.332504
0.192680
0.042250
0.112208
0.178865
0.302104
0.038763
0.061192
0.039133
0.055855
0.245890
0.087569
0.441246
0.432698
0.042796
0.462180
0.085124
0.703896
0.268115
0.435930
0.259452
0.543406
0.282892
0.014677
0.008133
0.403723
0.014266
0.306741
0.217928
0.304281
0.104580
0.237672
0.020333
0.485484
0.514578
0.024023
0.275828
0.176161
0.377673
0.390008
0.117796
0.225054
0.180168
0.194789
0.151445
0.143246
0.281240
0.254136
0.058860
0.153442
0.107001
0.258345
0.089942
0.391883
0.503359
0.270253
0.294871
0.096196
0.168388
0.170465
0.206013
0.115388
0.080982
0.066254
0.470513
0.529636
0.053659
0.536578
0.093829
0.071600
0.175578
0.199314
0.087627
0.091759
0.004825
0.155058
0.317108
0.026847
0.021845
0.172713
0.085723
0.010759
0.050845
0.569161
0.350416
0.038965
0.146601
0.637511
0.205269
0.214293
0.281729
0.365662
0.274113
0.281406
0.177084
0.360022
0.020419
0.327519
0.271610
0.247532
0.460757
0.460063
0.128198
0.301210
0.220055
0.287553
0.336025
0.256364
0.435149
0.553285
0.010537
0.133352
0.442153
0.256376
0.010094
0.025333
0.164197
0.020911
0.090584
0.284793
0.401505
0.199795
0.587042
0.026994
0.395682
0.128624
0.223699
0.071797
0.281178
0.000042
0.065670
0.327801
0.420913
0.332657
0.287332
0.191335
0.240258
0.480184
0.144574
0.039561
0.601499
0.206319
0.276869
0.406380
0.123487
0.208624
0.166055
0.597041
0.091878
0.358311
0.412706
0.007356
0.462316
0.009762
0.311150
0.234752
0.216450
0.158963
0.108634
0.126420
0.100116
0.178110
0.466558
0.212039
0.612120
0.517878
0.379268
0.199964
0.151371
0.247055
0.064541
0.187026
0.108707
0.436370
0.047076
0.109029
0.388558
0.148093
0.077916
0.041051
0.172326
0.388717
0.127473
0.429368
0.555562
0.019096
0.249834
0.326554
0.085899
0.103941
0.409861
0.244476
0.491150
0.043592
0.199454
0.005391
0.367528
0.037205
0.321746
0.531067
0.084307
0.341510
0.199947
0.445150
0.174362
0.315473
0.366930
0.129370
0.021598
0.522009
0.357334
0.637466
0.009359
0.127136
0.408851
0.519721
0.009726
0.153861
0.389585
0.440959
0.133538
0.224460
0.342328
0.182212
0.017583
0.300510
0.055215
0.270838
0.345445
0.256033
0.111438
0.064944
0.311028
0.334814
0.117992
0.291473
0.071080
0.106098
0.341139
0.331496
0.135331
0.283607
0.579933
0.124129
0.117929
0.559379
0.181487
0.005695
0.103122
0.477483
0.323396
0.331941
0.173123
0.099798
0.018239
0.112856
0.257657
0.053694
0.023842
0.104453
0.396751
0.047125
0.180998
0.263062
0.106871
0.175403
0.436469
0.458584
0.305564
0.584880
0.180402
0.492110
0.155281
0.165431
0.502576
0.173722
0.065138
0.159654
0.321419
0.546524
0.353361
0.431344
0.138663
0.081572
0.216816
0.271022
0.223309
0.183458
0.253112
0.005630
0.488980
0.262322
0.200521
0.101736
0.227216
0.162725
0.003980
0.108114
0.140010
0.273976
0.019076
0.239553
0.114247
0.175253
0.495888
0.208178
0.031758
0.274552
0.157806
0.261948
0.100975
0.130517
0.248519
0.149417
0.548129
0.420364
0.352381
0.035742
0.558151
0.299516
0.110193
0.391150
0.374484
0.190674
0.183442
0.100688
0.253575
0.213501
0.032092
0.149510
0.247212
0.246081
0.138421
0.277659
0.085005
0.345997
0.314323
0.157530
0.268159
0.511194
0.038769
0.031259
0.279127
0.264973
0.229688
0.004750
0.164508
0.393584
0.177553
0.672566
0.273118
0.529100
0.514223
0.528055
0.142535
0.209043
0.049034
0.535480
0.371375
0.161642
0.183877
0.286875
0.037710
0.352711
0.085756
0.553866
0.315270
0.207232
0.101235
0.590345
0.033752
0.296295
0.484946
0.415020
0.054955
0.396916
0.056756
0.015335
0.305355
0.609160
0.556488
0.099479
0.092136
0.386250
0.382932
0.416109
0.383694
0.478231
0.071729
0.047729
0.253399
0.106405
0.205671
0.151537
0.319125
0.038626
0.451059
0.224879
0.409288
0.032953
0.360358
0.108306
0.043589
0.313474
0.444366
0.145327
0.376083
0.227586
0.161336
0.160661
0.015464
0.454282
0.032294
0.241457
0.395133
0.511429
0.276423
0.328243
0.103558
0.041375
0.323395
0.245008
0.500569
0.047585
0.256760
0.395791
0.396891
0.070756
0.290182
0.416701
0.212302
0.552102
0.298210
0.003557
0.307400
0.069795
0.221902
0.168787
0.111237
0.277679
0.256396
0.078310
0.002599
0.086748
0.457291
0.118600
0.237048
0.260010
0.461602
0.315998
0.393142
0.185837
0.234543
0.261421
0.436832
0.233544
0.353767
0.107459
0.213595
0.156673
0.235241
0.277795
0.212721
0.101187
0.475226
0.305066
0.302209
0.398546
0.339988
0.016343
0.260720
0.240415
0.289531
0.373027
0.059857
0.228957
0.306991
0.055036
0.669113
0.267171
0.440730
0.356624
0.248154
0.158101
0.107546
0.461528
0.736276
0.330956
0.213242
0.041429
0.020856
0.035341
0.026296
0.596912
0.109201
0.011304
0.446881
0.580507
0.179434
0.033939
0.642057
0.288242
0.130843
0.427598
0.255891
0.124274
0.284804
0.165468
0.372264
0.390884
0.615920
0.058601
0.035362
0.310064
0.065305
0.298291
0.275232
0.176852
0.272088
0.244110
0.380510
0.465415
0.405625
0.450300
0.240268
0.084818
0.163616
0.699817
0.405874
0.636068
0.080368
0.341686
0.362894
0.091405
0.082511
0.489443
0.477060
0.239891
0.176312
0.431361
0.432857
0.412606
0.174477
0.074067
0.678240
0.076855
0.183540
0.257538
0.235330
0.161600
0.214103
0.099108
0.412812
0.211586
0.022956
0.095621
0.082107
0.094574
0.197469
0.544143
0.239367
0.173140
0.453788
0.549226
0.232314
0.101093
0.529182
0.106133
0.580084
0.261661
0.183871
0.234030
0.637008
0.488531
0.332611
0.177055
0.062754
0.298835
0.360070
0.026438
0.012890
0.360868
0.216851
0.336710
0.388764
0.349818
0.148059
0.249750
0.132664
0.088249
0.444298
0.221879
0.225432
0.128184
0.246242
0.070838
0.469499
0.214423
0.089937
0.002202
0.302363
0.200697
0.259340
0.592847
0.284550
0.139097
0.371188
0.077532
0.333901
0.134458
0.082436
0.297533
0.363991
0.183885
0.089334
0.533541
0.138108
0.085240
0.229076
0.069104
0.090329
0.262005
0.303231
0.300699
0.377581
0.565319
0.119604
0.030892
0.317896
0.400742
0.305560
0.020268
0.231443
0.208514
0.144354
0.305648
0.075510
0.290508
0.233461
0.189325
0.139540
0.222548
0.530284
0.263181
0.040641
0.275410
0.060819
0.090304
0.278633
0.417583
0.215519
0.183265
0.095453
0.446027
0.005259
0.143389
0.066725
0.315935
0.557022
0.360079
0.021597
0.115970
0.219560
0.174116
0.357760
0.256105
0.403605
0.115865
0.241738
0.209895
0.382276
0.107674
0.254105
0.025007
0.338418
0.355450
0.141344
0.323659
0.046944
0.094496
0.301822
0.606932
0.466492
0.183741
0.335392
0.001744
0.000731
0.187170
0.063473
0.333924
0.182896
0.226242
0.088984
0.103230
0.091216
0.032611
0.666934
0.518244
0.361753
0.408468
0.133340
0.378528
0.389113
0.175245
0.155641
0.282225
0.345770
0.060409
0.328675
0.306690
0.377330
0.325718
0.146315
0.280052
0.365527
0.714822
0.681727
0.206761
0.139206
0.152133
0.286910
0.550543
0.389519
0.020373
0.093035
0.359875
0.218500
0.083852
0.054591
0.416169
0.174967
0.292492
0.104421
0.514888
0.056314
0.020484
0.145348
0.636796
0.295377
0.224286
0.112131
0.439600
0.149032
0.079509
0.187902
0.155101
0.115817
0.072014
0.533137
0.069159
0.052781
0.387166
0.258421
0.219357
0.188644
0.175954
0.236657
0.142710
0.283519
0.205203
0.043162
0.276527
0.275060
0.048900
0.440188
0.208724
0.345053
0.154548
0.300526
0.157414
0.349907
0.432636
0.081830
0.237032
0.246301
0.550170
0.376877
0.118732
0.409592
0.200962
0.043675
0.011325
0.234897
0.110173
0.560852
0.408401
0.196381
0.287987
0.276341
0.038719
0.145678
0.112552
0.219800
0.367644
0.355404
0.409451
0.076851
0.122963
0.000211
0.234525
0.397130
0.018392
0.535229
0.243088
0.203142
0.129476
0.346458
0.006960
0.533853
0.024116
0.145793
0.403965
0.105681
0.692219
0.031632
0.318597
0.143587
0.296429
0.252321
0.095448
0.258171
0.396214
0.097921
0.217867
0.468801
0.150073
0.291042
0.333721
0.051502
0.039330
0.147781
0.088324
0.505603
0.403774
0.358221
0.434624
0.103097
0.128879
0.479991
0.269404
0.033529
0.031635
0.202138
0.306154
0.034026
0.044352
0.135562
0.228499
0.149977
0.193496
0.288702
0.226606
0.567027
0.432908
0.134122
0.494952
0.090458
0.017517
0.016861
0.201570
0.347095
0.442448
0.185570
0.561405
0.242912
0.237664
0.178239
0.108744
0.291030
0.078686
0.254705
0.096846
0.267337
0.039128
0.493120
0.276909
0.182446
0.098053
0.081201
0.218029
0.128106
0.187140
0.110460
0.254942
0.166155
0.177929
0.156437
0.426219
0.140229
0.320861
0.053570
0.112861
0.172450
0.043111
0.000969
0.140464
0.170320
0.362363
0.256325
0.132454
0.062552
0.004444
0.105204
0.076058
0.206308
0.193139
0.238210
0.216174
0.314512
0.361718
0.007630
0.185378
0.242649
0.206093
0.093517
0.044708
0.401758
0.128279
0.517195
0.162637
0.035449
0.156923
0.291686
0.132978
0.231426
0.033985
0.074057
0.010698
0.073482
0.193826
0.099469
0.057421
0.019939
0.101614
0.137714
0.027529
0.111733
0.212569
0.062127
0.233283
0.426812
0.146482
0.103799
0.170525
0.430733
0.269036
0.070188
0.452039
0.075863
0.075271
0.204268
0.509666
0.120918
0.300705
0.240744
0.280769
0.558056
0.002550
0.323940
0.345914
0.189940
0.129456
0.009892
0.195465
0.298434
0.157171
0.037258
0.047745
0.203472
0.049539
0.539426
0.286537
0.043857
0.102182
0.137253
0.209467
0.312050
0.195009
0.147689
0.143072
0.097655
0.273528
0.231661
0.028704
0.386735
0.010344
0.274684
0.211254
0.300502
0.064853
0.270124
0.182903
0.316102
0.274374
0.374841
0.613950
0.029749
0.227549
0.019955
0.010275
0.088611
0.373015
0.071766
0.342491
0.323598
0.151034
0.212043
0.364965
0.202651
0.167578
0.062088
0.603804
0.121966
0.138154
0.119796
0.156259
0.185464
0.023665
0.133418
0.114517
0.453838
0.398553
0.564347
0.164141
0.141214
0.377151
0.003385
0.153136
0.205043
0.601609
0.199106
0.235093
0.213969
0.018247
0.024627
0.174876
0.105733
0.003158
0.266220
0.197785
0.107295
0.757832
0.261018
0.018554
0.089496
0.292101
0.293369
0.190112
0.027314
0.193362
0.237480
0.419343
0.237093
0.042451
0.231835
0.185728
0.290952
0.288613
0.246423
0.054662
0.116726
0.319220
0.113014
0.245310
0.195608
0.034139
0.109618
0.248712
0.033140
0.250837
0.024942
0.395951
0.328369
0.020194
0.147825
0.058656
0.110991
0.279363
0.110554
0.310242
0.327035
0.194421
0.060912
0.154511
0.197196
0.445396
0.069037
0.113909
0.092847
0.011208
0.290279
0.094451
0.546993
0.370673
0.045523
0.391057
0.146869
0.506921
0.317488
0.488261
0.139038
0.553849
0.464773
0.047748
0.000621
0.279466
0.102516
0.348603
0.174035
0.284145
0.111027
0.208166
0.125094
0.444555
0.377725
0.127279
0.267208
0.200452
0.389941
0.442613
0.208612
0.096019
0.226906
0.157822
0.008721
0.299270
0.258136
0.198607
0.070763
0.270134
0.114812
0.327092
0.058378
0.320211
0.603749
0.218035
0.355884
0.106484
0.221062
0.085434
0.218286
0.191034
0.060449
0.260970
0.274804
0.446322
0.168075
0.380030
0.031698
0.072521
0.199106
0.121937
0.364404
0.122693
0.009046
0.287995
0.225020
0.060588
0.087046
0.118357
0.142396
0.102030
0.138094
0.543138
0.260421
0.125668
0.138413
0.548838
0.144337
0.196849
0.184174
0.317088
0.203078
0.119127
0.242955
0.316735
0.013815
0.300342
0.332675
0.271183
0.378016
0.321829
0.159993
0.277866
0.309346
0.224783
0.454170
0.205079
0.286388
0.513544
0.018669
0.112398
0.580368
0.125590
0.080953
0.031242
0.016655
0.018293
0.162904
0.375185
0.522670
0.114452
0.508677
0.042361
0.386477
0.086259
0.301905
0.023860
0.347106
0.027947
0.033879
0.239586
0.289990
0.277158
0.234109
0.066754
0.147231
0.440131
0.222924
0.034050
0.599212
0.180792
0.105988
0.444921
0.234310
0.281392
0.123356
0.528595
0.249871
0.428675
0.550185
0.121550
0.490841
0.107859
0.287386
0.210045
0.221133
0.138937
0.113451
0.119975
0.163130
0.110426
0.260171
0.206446
0.557017
0.560381
0.378214
0.159901
0.178949
0.184481
0.121611
0.279419
0.102214
0.291037
0.059566
0.112591
0.228822
0.071308
0.066532
0.060048
0.179587
0.215871
0.133377
0.343472
0.543073
0.182160
0.214357
0.272296
0.071791
0.079344
0.378601
0.269232
0.510961
0.012788
0.278379
0.135649
0.324547
0.114194
0.221062
0.599177
0.128650
0.275335
0.216947
0.426753
0.313553
0.133879
0.355168
0.336918
0.050528
0.479229
0.445224
0.639327
0.017534
0.288981
0.537776
0.560525
0.059375
0.071340
0.249470
0.453020
0.139373
0.011992
0.348850
0.106165
0.106077
0.165542
0.018005
0.209171
0.376369
0.286698
0.007513
0.016201
0.273842
0.392711
0.243469
0.430413
0.077192
0.029780
0.315027
0.217659
0.272117
0.206252
0.447064
0.184224
0.045774
0.527458
0.111171
0.147486
0.257090
0.596586
0.327695
0.266087
0.042231
0.013125
0.023357
0.037561
0.246741
0.082859
0.058010
0.122499
0.476452
0.024915
0.305532
0.280216
0.102002
0.051204
0.440136
0.467307
0.213795
0.576225
0.013745
0.373594
0.233497
0.202376
0.452793
0.311604
0.055569
0.095763
0.391348
0.371096
0.408006
0.307961
0.026666
0.016327
0.309297
0.346264
0.227704
0.157045
0.415121
0.064623
0.443227
0.229225
0.206340
0.110977
0.017537
0.247867
0.013024
0.216996
0.120772
0.236780
0.033319
0.278669
0.093785
0.198515
0.420684
0.198667
0.032980
0.322534
0.018699
0.190541
0.186986
0.083377
0.410234
0.259040
0.499662
0.539541
0.200791
0.021747
0.437245
0.376090
0.118933
0.321994
0.491298
0.135281
0.126082
0.091284
0.221745
0.258911
0.176731
0.181399
0.358876
0.204789
0.166161
0.308661
0.263008
0.267354
0.236432
0.090396
0.366952
0.514193
0.000831
0.180857
0.256944
0.169056
0.163521
0.146913
0.166177
0.455432
0.088908
0.620284
0.204769
0.505320
0.480998
0.398206
0.093583
0.146968
0.047411
0.587790
0.409899
0.107312
0.108076
0.186656
0.005266
0.359784
0.033539
0.478298
0.353310
0.022636
0.076338
0.618596
0.106998
0.328260
0.480674
0.364641
0.192791
0.360607
0.080009
0.022326
0.239403
0.659770
0.529267
0.225340
0.025352
0.361520
0.426134
0.414835
0.366344
0.513442
0.145932
0.057715
0.371500
0.134488
0.346622
0.231376
0.223654
0.072457
0.459982
0.151433
0.303953
0.022749
0.297129
0.120903
0.051594
0.348088
0.389440
0.159016
0.336871
0.174575
0.120435
0.161442
0.087456
0.339794
0.004187
0.356821
0.364936
0.401615
0.273621
0.475783
0.140150
0.063563
0.362312
0.291468
0.446299
0.124712
0.256154
0.330899
0.417216
0.032721
0.289275
0.550861
0.258016
0.522619
0.527576
0.131026
0.256622
0.071220
0.321232
0.018862
0.119818
0.319127
0.369600
0.065531
0.044553
0.071082
0.506078
0.034274
0.146960
0.311119
0.491643
0.358487
0.521187
0.248382
0.289014
0.310494
0.304841
0.275428
0.176740
0.042266
0.293199
0.190352
0.107227
0.153132
0.245148
0.077439
0.320123
0.351398
0.370681
0.324208
0.279132
0.089279
0.227500
0.267741
0.328099
0.592704
0.089163
0.253062
0.300269
0.144628
0.617455
0.238270
0.406898
0.579139
0.439146
0.191487
0.194466
0.455572
0.740331
0.255004
0.084387
0.128184
0.079974
0.053846
0.121646
0.630149
0.009057
0.155693
0.330002
0.512966
0.101721
0.096323
0.566697
0.264437
0.200938
0.423323
0.379475
0.270047
0.245364
0.243617
0.289885
0.376265
0.762871
0.188210
0.012732
0.295793
0.023657
0.390134
0.333201
0.125134
0.180856
0.260552
0.307995
0.506439
0.205460
0.358446
0.268982
0.012078
0.265746
0.665512
0.290408
0.668059
0.132886
0.310247
0.344651
0.222589
0.065313
0.503987
0.435390
0.313113
0.139644
0.474182
0.371922
0.426102
0.214119
0.070439
0.539436
0.025983
0.233801
0.248544
0.265992
0.107738
0.356737
0.126286
0.409003
0.306340
0.123572
0.101514
0.106154
0.179274
0.156180
0.551195
0.167223
0.308760
0.540912
0.470331
0.290661
0.006203
0.520335
0.125578
0.595279
0.310076
0.090983
0.245761
0.569269
0.432787
0.297968
0.078730
0.006594
0.226467
0.258070
0.011062
0.120857
0.149620
0.292550
0.302214
0.292397
0.155455
0.124168
0.191683
0.098826
0.122611
0.503639
0.258229
0.168867
0.110459
0.341807
0.007796
0.378091
0.074554
0.010766
0.006172
0.298146
0.236765
0.164814
0.629654
0.255722
0.155118
0.304244
0.074712
0.374608
0.116324
0.111190
0.189295
0.371849
0.113510
0.109272
0.604784
0.163116
0.051309
0.201338
0.091228
0.004503
0.207860
0.351704
0.263449
0.324445
0.629738
0.002872
0.145493
0.300047
0.320372
0.344939
0.019843
0.150219
0.271722
0.173432
0.447065
0.103926
0.397906
0.250336
0.209118
0.092641
0.065161
0.442066
0.431224
0.134285
0.245236
0.192531
0.204674
0.209595
0.423252
0.249148
0.217392
0.195570
0.363225
0.056778
0.265837
0.077387
0.299156
0.591269
0.460649
0.025448
0.241195
0.196976
0.381156
0.294096
0.211481
0.481176
0.099528
0.275499
0.333795
0.386307
0.242783
0.108312
0.078298
0.339463
0.394868
0.157935
0.351102
0.151653
0.058022
0.172892
0.593744
0.393351
0.197183
0.337678
0.108217
0.047015
0.240683
0.010455
0.356609
0.210819
0.153161
0.135916
0.051855
0.032627
0.062507
0.592587
0.487646
0.316623
0.366885
0.039875
0.298946
0.462345
0.211396
0.246201
0.138456
0.274561
0.107163
0.311103
0.290760
0.328685
0.376672
0.284668
0.230218
0.358253
0.542035
0.648630
0.294282
0.140158
0.277633
0.226158
0.523227
0.379772
0.059962
0.071014
0.248955
0.207205
0.138899
0.148840
0.394157
0.135872
0.140929
0.048362
0.476294
0.123285
0.164187
0.082817
0.500354
0.206273
0.159794
0.097416
0.215535
0.298877
0.199299
0.239036
0.149558
0.043348
0.133742
0.474867
0.091782
0.067408
0.407914
0.418822
0.173672
0.133855
0.190882
0.144768
0.220646
0.285755
0.315216
0.158111
0.253332
0.235014
0.228012
0.416859
0.057762
0.377358
0.225147
0.251506
0.217988
0.442254
0.459516
0.045147
0.021882
0.284586
0.570301
0.217886
0.331236
0.431631
0.033411
0.228413
0.031395
0.355776
0.027388
0.544904
0.445717
0.211959
0.286116
0.357483
0.074671
0.096220
0.202112
0.202387
0.374001
0.390280
0.313526
0.142943
0.123826
0.093455
0.164849
0.309335
0.179218
0.470154
0.167866
0.308335
0.142454
0.302830
0.017532
0.521511
0.055307
0.213191
0.431827
0.111628
0.711892
0.068284
0.391611
0.194697
0.388429
0.210751
0.035620
0.263676
0.395252
0.126627
0.282914
0.370825
0.191788
0.351817
0.270445
0.002894
0.239208
0.200040
0.129287
0.413155
0.461725
0.294141
0.523852
0.011074
0.148012
0.440355
0.094617
0.090686
0.049506
0.313520
0.461338
0.017712
0.134777
0.200630
0.261246
0.148234
0.047831
0.277759
0.304559
0.432299
0.366453
0.056727
0.384936
0.036018
0.029947
0.081329
0.268510
0.340591
0.467321
0.052500
0.728211
0.167037
0.046075
0.074870
0.139340
0.344312
0.145782
0.222086
0.199761
0.250912
0.086545
0.372456
0.335177
0.103247
0.058800
0.016000
0.202656
0.071770
0.109278
0.152481
0.214718
0.142640
0.195399
0.207986
0.403287
0.018601
0.293613
0.028009
0.008518
0.320738
0.019688
0.075004
0.187621
0.309405
0.351670
0.134240
0.098910
0.115404
0.036413
0.032093
0.278372
0.187134
0.062752
0.309602
0.218618
0.326826
0.403272
0.016996
0.182556
0.396984
0.117877
0.194183
0.094171
0.371858
0.000786
0.448536
0.233299
0.083919
0.125050
0.265714
0.199425
0.294858
0.058882
0.074913
0.143627
0.075504
0.336679
0.151401
0.080155
0.113583
0.084162
0.178415
0.044907
0.213247
0.048128
0.026024
0.253591
0.445218
0.063244
0.115716
0.094926
0.391328
0.398077
0.069953
0.621210
0.276878
0.134927
0.173755
0.452478
0.103681
0.186195
0.179384
0.341910
0.430266
0.061375
0.412674
0.336212
0.047773
0.044496
0.037076
0.036778
0.360491
0.254947
0.032818
0.150212
0.332049
0.067419
0.565782
0.201472
0.003502
0.315679
0.002964
0.195765
0.399165
0.227375
0.213419
0.081375
0.038481
0.183280
0.151903
0.077218
0.420671
0.056901
0.243267
0.155597
0.321802
0.125660
0.192808
0.259743
0.412397
0.179928
0.427950
0.569455
0.159599
0.358591
0.048137
0.041807
0.035118
0.355605
0.073930
0.293334
0.421364
0.115934
0.264736
0.359210
0.224396
0.192907
0.068091
0.539951
0.115507
0.126325
0.128212
0.130262
0.174285
0.046328
0.260723
0.158671
0.593783
0.338665
0.603030
0.148896
0.026593
0.332666
0.077546
0.135095
0.292218
0.567295
0.208625
0.151975
0.087126
0.007085
0.153651
0.015980
0.101944
0.063034
0.227732
0.199186
0.157715
0.727932
0.081086
0.214303
0.161275
0.424108
0.367234
0.142766
0.006558
0.052996
0.212314
0.370275
0.451036
0.057690
0.222705
0.223946
0.246923
0.266607
0.161288
0.021335
0.064101
0.197069
0.067858
0.288780
0.419855
0.079779
0.011567
0.159714
0.032542
0.217538
0.063612
0.278851
0.131729
0.063132
0.127566
0.130398
0.141056
0.233640
0.158280
0.234865
0.319503
0.183724
0.078799
0.176008
0.260250
0.537695
0.148268
0.163117
0.150163
0.158805
0.286693
0.047180
0.582300
0.301009
0.034921
0.345315
0.371931
0.237744
0.276830
0.476790
0.083199
0.439089
0.503264
0.082971
0.003144
0.197514
0.192150
0.296835
0.105817
0.248429
0.144672
0.185598
0.128922
0.464572
0.142802
0.249598
0.298249
0.210031
0.417750
0.472038
0.292846
0.021872
0.263187
0.177012
0.047829
0.480491
0.264046
0.251836
0.056198
0.285019
0.094221
0.380881
0.137466
0.271118
0.626919
0.128541
0.430195
0.109214
0.300974
0.017576
0.130616
0.181387
0.213812
0.452187
0.062327
0.413624
0.253186
0.226512
0.126332
0.088186
0.256645
0.041697
0.515182
0.217908
0.037138
0.444407
0.050095
0.046851
0.122470
0.131023
0.307402
0.257562
0.225850
0.413308
0.175504
0.128814
0.152826
0.406248
0.179026
0.103203
0.063940
0.303151
0.144382
0.075236
0.372790
0.333775
0.041549
0.226727
0.366178
0.164668
0.258548
0.262607
0.183950
0.292959
0.406717
0.162395
0.465417
0.140477
0.148879
0.476178
0.019702
0.078828
0.622476
0.027407
0.137862
0.119049
0.104405
0.033978
0.201560
0.329307
0.654444
0.036731
0.367830
0.150834
0.379843
0.053911
0.360711
0.074434
0.359542
0.154034
0.046418
0.188717
0.114701
0.204966
0.225269
0.013521
0.042109
0.352613
0.238569
0.041802
0.553186
0.078312
0.045696
0.449086
0.245160
0.335785
0.011963
0.392918
0.352956
0.422943
0.639008
0.250701
0.468690
0.223477
0.240052
0.192265
0.256420
0.375620
0.123581
0.113504
0.282630
0.004362
0.099120
0.211394
0.494472
0.492868
0.351904
0.134060
0.196033
0.153205
0.175535
0.364970
0.086573
0.187049
0.094861
0.034000
0.118412
0.033757
0.212444
0.003487
0.215939
0.033285
0.196803
0.242037
0.573762
0.302581
0.180517
0.142185
0.103797
0.105010
0.338334
0.272867
0.543925
0.013470
0.416027
0.263128
0.219514
0.224753
0.074255
0.585468
0.340545
0.189453
0.191408
0.351087
0.398426
0.079773
0.268353
0.565656
0.106143
0.374686
0.438522
0.583257
0.018021
0.377333
0.639302
0.541128
0.108431
0.017178
0.192373
0.391334
0.148363
0.218629
0.324958
0.053309
0.174115
0.022241
0.107918
0.060757
0.376081
0.257925
0.058173
0.006733
0.238218
0.472281
0.339993
0.533810
0.168437
0.006156
0.292545
0.108674
0.396962
0.119172
0.201526
0.230624
0.012656
0.358184
0.077802
0.331180
0.432467
0.648670
0.328483
0.224879
0.101043
0.023807
0.074134
0.017631
0.269182
0.018848
0.122341
0.142354
0.570414
0.006311
0.484367
0.268183
0.072931
0.017081
0.408408
0.445438
0.073184
0.457370
0.150270
0.249720
0.267707
0.266288
0.429650
0.357906
0.059917
0.031823
0.441634
0.269469
0.374953
0.104248
0.048429
0.033268
0.415069
0.399536
0.195602
0.021072
0.584679
0.096834
0.337269
0.225116
0.202882
0.094748
0.291590
0.384585
0.028586
0.309600
0.083711
0.159997
0.067492
0.289939
0.036265
0.197333
0.311393
0.256873
0.031471
0.340894
0.219229
0.082027
0.273612
0.010937
0.475764
0.324698
0.285145
0.573293
0.016221
0.111271
0.283425
0.428337
0.082375
0.220525
0.529321
0.066578
0.096091
0.040439
0.209827
0.226720
0.226482
0.207014
0.448605
0.170413
0.186308
0.260773
0.398928
0.257195
0.115999
0.052651
0.483051
0.393388
0.029266
0.320004
0.198519
0.176886
0.108929
0.194696
0.190203
0.435435
0.004152
0.462505
0.068864
0.434507
0.423712
0.221486
0.071019
0.107635
0.060286
0.546744
0.405113
0.013601
0.020545
0.085860
0.011505
0.301285
0.022340
0.404932
0.403582
0.068111
0.091136
0.623318
0.150951
0.305774
0.419640
0.377596
0.285104
0.219413
0.143973
0.038127
0.119048
0.660850
0.390513
0.285612
0.164726
0.466551
0.413932
0.345214
0.275623
0.454711
0.157888
0.019630
0.382375
0.110557
0.536479
0.373702
0.170585
0.089532
0.398753
0.101392
0.213762
0.004930
0.297694
0.149365
0.153169
0.342546
0.376306
0.166874
0.235211
0.117738
0.087639
0.202418
0.171527
0.231223
0.059297
0.445184
0.332724
0.292751
0.219769
0.560353
0.112432
0.076602
0.413077
0.317522
0.309577
0.258001
0.247122
0.285956
0.436934
0.140580
0.335029
0.596680
0.284797
0.451293
0.650382
0.241546
0.204341
0.061558
0.398226
0.161024
0.123221
0.267105
0.361856
0.009128
0.088390
0.099114
0.499012
0.062334
0.099933
0.312566
0.424225
0.378926
0.557232
0.356953
0.192617
0.252949
0.196032
0.340350
0.039412
0.247455
0.233001
0.172196
0.048104
0.061272
0.340290
0.103778
0.215312
0.393148
0.378122
0.228511
0.151599
0.108961
0.194144
0.228555
0.335165
0.732345
0.146957
0.258113
0.267524
0.178691
0.505519
0.202931
0.321780
0.707713
0.639943
0.244752
0.281191
0.361045
0.607555
0.162329
0.027138
0.181478
0.103725
0.117138
0.234442
0.579167
0.083789
0.351454
0.288819
0.413609
0.019735
0.218421
0.450990
0.213617
0.241548
0.438059
0.501116
0.373341
0.201112
0.355534
0.147937
0.353943
0.794748
0.294653
0.019049
0.294563
0.040713
0.424328
0.371608
0.118980
0.095996
0.238831
0.225113
0.418287
0.026628
0.245814
0.306561
0.038860
0.340160
0.556395
0.156155
0.626701
0.234382
0.286278
0.337881
0.303639
0.014441
0.549371
0.334182
0.388666
0.125019
0.438385
0.345208
0.422317
0.176242
0.052521
0.330605
0.066804
0.235421
0.286571
0.220772
0.028343
0.410440
0.169107
0.315648
0.391866
0.174547
0.186583
0.193798
0.259179
0.129492
0.464601
0.108273
0.416233
0.563707
0.253190
0.354211
0.088537
0.492377
0.109082
0.547428
0.315482
0.112699
0.224956
0.457489
0.296950
0.201958
0.046956
0.064322
0.123435
0.093604
0.030379
0.322347
0.063044
0.445487
0.311371
0.153727
0.039158
0.114522
0.070924
0.095203
0.126961
0.532277
0.214100
0.103063
0.283153
0.439191
0.092372
0.287129
0.025933
0.073142
0.087643
0.287634
0.245743
0.056498
0.583356
0.242358
0.185740
0.244861
0.159986
0.364654
0.138908
0.061130
0.060906
0.402448
0.040082
0.155012
0.602378
0.188479
0.042896
0.168541
0.036863
0.003938
0.277874
0.389794
0.209927
0.245910
0.621471
0.080434
0.249603
0.304918
0.179575
0.315943
0.070027
0.028775
0.313642
0.157891
0.488713
0.093834
0.508164
0.179458
0.172063
0.009999
0.076518
0.317608
0.522000
0.265514
0.202372
0.278950
0.279501
0.148619
0.477411
0.223214
0.252360
0.263627
0.273346
0.200316
0.369129
0.104891
0.217314
0.550720
0.475709
0.048575
0.308186
0.082487
0.557947
0.239101
0.138130
0.523388
0.120655
0.252897
0.427816
0.390630
0.344093
0.054349
0.095667
0.223247
0.375442
0.247581
0.302401
0.316016
0.019915
0.019558
0.503611
0.358615
0.219019
0.327380
0.229175
0.081184
0.275521
0.062306
0.292899
0.240556
0.103940
0.123300
0.013710
0.131801
0.078212
0.470623
0.333704
0.276352
0.276083
0.091707
0.088729
0.563399
0.291338
0.291762
0.058312
0.236784
0.261880
0.293768
0.313273
0.239541
0.373003
0.446272
0.148592
0.405885
0.396800
0.512196
0.383705
0.110150
0.384254
0.173146
0.578895
0.339065
0.151985
0.020657
0.023103
0.113058
0.211359
0.198667
0.298230
0.130263
0.012715
0.059186
0.403771
0.166309
0.283519
0.333445
0.324301
0.139399
0.076890
0.024700
0.023629
0.430230
0.318238
0.292189
0.202890
0.078423
0.213369
0.380065
0.097281
0.121193
0.415575
0.565813
0.101064
0.054424
0.041746
0.127482
0.233224
0.266267
0.388090
0.196042
0.246891
0.164173
0.448228
0.383461
0.286630
0.436170
0.255796
0.173680
0.264330
0.473140
0.424938
0.147555
0.161043
0.297704
0.554547
0.139644
0.473509
0.380560
0.104811
0.323410
0.033532
0.459897
0.050103
0.512666
0.440421
0.225290
0.243704
0.481629
0.002281
0.052595
0.294238
0.074891
0.348894
0.370564
0.269196
0.146237
0.086123
0.151322
0.191919
0.166742
0.288222
0.376720
0.035724
0.437857
0.130413
0.241151
0.019082
0.494859
0.091323
0.277522
0.387725
0.077624
0.603592
0.133464
0.474505
0.207123
0.369040
0.264435
0.038809
0.170766
0.301435
0.169580
0.318520
0.327450
0.205095
0.413405
0.275665
0.053328
0.442788
0.181189
0.184782
0.269901
0.463481
0.226622
0.521060
0.143765
0.120314
0.341712
0.075912
0.140563
0.175619
0.427251
0.560813
0.129115
0.230628
0.193463
0.265321
0.115849
0.056864
0.216069
0.422245
0.245701
0.260769
0.013503
0.268485
0.044563
0.005816
0.130723
0.334873
0.325147
0.423648
0.038970
0.817005
0.036394
0.113630
0.053343
0.182694
0.387041
0.309888
0.205490
0.242816
0.235231
0.143757
0.216094
0.326394
0.080524
0.092516
0.159563
0.194732
0.087172
0.072193
0.177105
0.227564
0.050569
0.159607
0.267016
0.266868
0.006780
0.274621
0.001044
0.078837
0.401741
0.062377
0.067188
0.247770
0.341526
0.334312
0.047845
0.066987
0.230956
0.114202
0.183270
0.379006
0.116265
0.066868
0.347891
0.179398
0.333506
0.393046
0.055010
0.140294
0.560724
0.057668
0.316224
0.136372
0.316453
0.042120
0.319924
0.315004
0.219561
0.081862
0.259584
0.267919
0.264146
0.169944
0.112389
0.270817
0.010870
0.456680
0.072668
0.055289
0.273210
0.084909
0.204918
0.054526
0.298962
0.130081
0.008051
0.216782
0.375044
0.049866
0.149957
0.102878
0.373612
0.481590
0.077377
0.605469
0.486946
0.193910
0.093570
0.361369
0.019495
0.086456
0.126588
0.398405
0.283879
0.179083
0.357586
0.327698
0.287073
0.004371
0.054237
0.061950
0.397727
0.322565
0.041135
0.223907
0.385594
0.140167
0.529317
0.138139
0.069051
0.443479
0.148903
0.148053
0.465226
0.269936
0.232715
0.020320
0.060338
0.067549
0.034305
0.084713
0.401511
0.100274
0.208740
0.121013
0.310542
0.209380
0.164870
0.322309
0.545136
0.129079
0.414405
0.482393
0.288734
0.496188
0.059584
0.038068
0.103269
0.344505
0.181311
0.231662
0.454710
0.081457
0.283117
0.385967
0.229304
0.255795
0.091997
0.402438
0.062038
0.046310
0.104684
0.135429
0.231540
0.002459
0.287059
0.229250
0.617751
0.228398
0.530833
0.130055
0.037913
0.266468
0.123526
0.192758
0.405179
0.517036
0.212095
0.000509
0.050157
0.027574
0.245905
0.150085
0.075484
0.046219
0.238396
0.174647
0.146916
0.496512
0.055520
0.453351
0.289352
0.495199
0.414299
0.052704
0.012841
0.063070
0.247701
0.265329
0.498155
0.116233
0.191888
0.231215
0.191374
0.195334
0.008208
0.023380
0.018026
0.115929
0.003394
0.310197
0.628774
0.048800
0.119858
0.129383
0.047561
0.119989
0.177182
0.120370
0.064157
0.064096
0.137443
0.221893
0.187850
0.231492
0.215522
0.156553
0.306447
0.130690
0.088805
0.180121
0.314343
0.554642
0.141718
0.209092
0.205424
0.244832
0.267944
0.068115
0.570027
0.193227
0.058929
0.277777
0.537020
0.022103
0.221013
0.365649
0.046538
0.338422
0.477164
0.113159
0.010256
0.114423
0.182937
0.239008
0.072313
0.187841
0.162452
0.088892
0.082706
0.458257
0.070499
0.418813
0.288991
0.213146
0.437899
0.435138
0.415295
0.157073
0.255247
0.177656
0.081895
0.599009
0.224232
0.279749
0.013633
0.255535
0.060104
0.344885
0.170662
0.198321
0.586035
0.056234
0.465201
0.050516
0.345550
0.012812
0.016268
0.115280
0.394752
0.544344
0.149160
0.383569
0.300889
0.068371
0.179086
0.073785
0.288091
0.083093
0.563071
0.339100
0.110592
0.521090
0.096064
0.131349
0.143983
0.185369
0.372375
0.429116
0.342163
0.305864
0.123551
0.190754
0.256723
0.262292
0.265429
0.024407
0.112700
0.232215
0.041940
0.280792
0.473441
0.291483
0.000718
0.213633
0.339344
0.146196
0.220703
0.168409
0.212186
0.263908
0.404753
0.129274
0.362737
0.103380
0.012222
0.373001
0.048536
0.019507
0.600604
0.192551
0.118852
0.234742
0.153298
0.077137
0.063913
0.149185
0.700726
0.011892
0.286339
0.243248
0.322349
0.009942
0.380920
0.164947
0.300383
0.303969
0.019822
0.180638
0.072953
0.074282
0.212043
0.122746
0.049077
0.335259
0.141352
0.015187
0.496740
0.065114
0.157813
0.453851
0.195351
0.351034
0.021545
0.251460
0.425257
0.329313
0.703899
0.361510
0.412263
0.315063
0.118856
0.128567
0.311893
0.514517
0.143144
0.050760
0.430323
0.082508
0.015040
0.165581
0.446405
0.265523
0.338902
0.088628
0.251226
0.058826
0.170096
0.453122
0.051307
0.046340
0.132183
0.076987
0.050806
0.018062
0.275416
0.049483
0.271321
0.131490
0.273358
0.126644
0.561818
0.411872
0.151022
0.062318
0.118503
0.100324
0.279297
0.286298
0.502566
0.063581
0.474225
0.423478
0.196845
0.254454
0.098159
0.513832
0.500987
0.141165
0.126462
0.278520
0.385926
0.222786
0.164719
0.699631
0.140821
0.254031
0.487377
0.439560
0.179192
0.347616
0.609111
0.493192
0.087219
0.115253
0.082812
0.299791
0.061612
0.431921
0.259210
0.069335
0.228240
0.237434
0.172737
0.117448
0.410174
0.214342
0.081084
0.008886
0.124383
0.544133
0.380539
0.589278
0.293718
0.032932
0.259168
0.082242
0.508665
0.013911
0.061173
0.245038
0.021746
0.162450
0.013250
0.480891
0.557863
0.585547
0.377279
0.174009
0.263049
0.023377
0.095223
0.018991
0.235655
0.002114
0.095636
0.157532
0.537711
0.055347
0.631378
0.287796
0.005782
0.060832
0.341943
0.398901
0.097557
0.320746
0.180004
0.195874
0.248221
0.360685
0.340653
0.322450
0.078847
0.022690
0.403737
0.156440
0.281837
0.059752
0.078449
0.002880
0.494612
0.416096
0.203182
0.105202
0.663698
0.164052
0.222136
0.181601
0.180096
0.049712
0.463384
0.527393
0.044636
0.379523
0.092682
0.031861
0.055332
0.314680
0.003987
0.117781
0.104913
0.255000
0.028535
0.313054
0.475971
0.097177
0.241824
0.058632
0.539720
0.329068
0.100154
0.625525
0.197441
0.236087
0.131923
0.414192
0.022391
0.062507
0.501623
0.008967
0.005771
0.075119
0.231787
0.108859
0.161852
0.202729
0.487142
0.173787
0.267586
0.140463
0.463114
0.183610
0.040789
0.030895
0.481996
0.340358
0.106235
0.408660
0.152611
0.247573
0.040289
0.187010
0.211257
0.336040
0.024285
0.321125
0.134063
0.285503
0.393471
0.046756
0.071829
0.074309
0.034538
0.505750
0.374563
0.200823
0.015413
0.014188
0.011214
0.203151
0.106105
0.373392
0.447904
0.194566
0.128655
0.576159
0.117358
0.251963
0.395855
0.391576
0.379765
0.117482
0.157717
0.046223
0.014125
0.520037
0.317396
0.288126
0.335841
0.530802
0.370530
0.231800
0.238317
0.380861
0.101882
0.034043
0.447952
0.049667
0.575078
0.490280
0.124686
0.082111
0.335775
0.060243
0.133981
0.058896
0.324116
0.184939
0.222992
0.399767
0.318863
0.134825
0.225710
0.052728
0.076879
0.271436
0.237986
0.166403
0.163083
0.437938
0.281841
0.201992
0.164631
0.513415
0.055769
0.126507
0.405818
0.338190
0.199535
0.339081
0.204946
0.258000
0.467899
0.229751
0.368229
0.610600
0.318312
0.264254
0.651261
0.316001
0.172249
0.073308
0.503237
0.279818
0.111692
0.247561
0.429955
0.154168
0.159201
0.159695
0.441009
0.152248
0.109139
0.232769
0.271424
0.306946
0.544088
0.397168
0.088129
0.197132
0.097484
0.418432
0.018647
0.408024
0.108434
0.171460
0.083313
0.036628
0.382522
0.205745
0.160903
0.421303
0.336797
0.151775
0.007504
0.102503
0.209609
0.123607
0.288300
0.696528
0.129624
0.318656
0.257606
0.206787
0.303817
0.057120
0.263643
0.657680
0.729745
0.266092
0.399125
0.312730
0.438597
0.062904
0.126991
0.261806
0.104045
0.132720
0.371222
0.451352
0.161023
0.440586
0.219563
0.289486
0.101908
0.289891
0.297875
0.149571
0.225532
0.527356
0.512606
0.369059
0.125966
0.421766
0.055943
0.353833
0.603566
0.333562
0.026682
0.228503
0.072878
0.360636
0.362930
0.139833
0.088391
0.134846
0.145147
0.295316
0.269749
0.085921
0.293996
0.017715
0.340032
0.467064
0.017307
0.519806
0.370456
0.236970
0.270457
0.466045
0.000428
0.521909
0.220544
0.487863
0.049982
0.326116
0.324632
0.358300
0.061236
0.028269
0.121403
0.186094
0.263597
0.338265
0.133701
0.015420
0.398775
0.200346
0.189806
0.407239
0.228105
0.237352
0.237101
0.296000
0.164569
0.353839
0.011403
0.428022
0.561264
0.024040
0.418762
0.251695
0.442540
0.091886
0.381450
0.315293
0.079031
0.160465
0.282866
0.132713
0.070920
0.238025
0.046558
0.012860
0.129040
0.120059
0.484011
0.197723
0.526263
0.297787
0.068692
0.013924
0.084994
0.131400
0.095719
0.102357
0.503756
0.143745
0.010254
0.380288
0.572442
0.150792
0.210655
0.010392
0.091091
0.232473
0.274485
0.264466
0.021354
0.468909
0.223721
0.208438
0.125899
0.190190
0.338460
0.131180
0.003136
0.011441
0.332542
0.052850
0.220359
0.562569
0.136682
0.117526
0.040712
0.053469
0.061746
0.320206
0.376547
0.203194
0.240988
0.520176
0.173421
0.280388
0.341577
0.096629
0.338921
0.065751
0.126464
0.315312
0.229580
0.535855
0.075167
0.511395
0.081851
0.084361
0.143449
0.192886
0.214398
0.589883
0.308208
0.151933
0.317498
0.354810
0.044606
0.449659
0.108393
0.228670
0.280117
0.199631
0.277393
0.455876
0.077618
0.103677
0.443511
0.452094
0.069780
0.276205
0.087151
0.591163
0.126499
0.043973
0.539074
0.144895
0.224621
0.487083
0.355190
0.453502
0.172281
0.174161
0.075420
0.270608
0.318934
0.323275
0.483762
0.034115
0.023933
0.375475
0.300755
0.233857
0.293998
0.312102
0.163798
0.313560
0.133158
0.213103
0.277796
0.068455
0.075566
0.058986
0.149084
0.045363
0.327027
0.170132
0.195738
0.209199
0.202393
0.146714
0.565971
0.290592
0.287495
0.228673
0.240051
0.417310
0.251867
0.302387
0.129611
0.355101
0.521629
0.004315
0.386556
0.244199
0.386677
0.495357
0.132917
0.399956
0.093302
0.521199
0.231553
0.155414
0.018909
0.226404
0.021957
0.318583
0.105138
0.145242
0.128989
0.106903
0.037480
0.292054
0.240981
0.275206
0.546348
0.103318
0.109424
0.055656
0.041502
0.065710
0.493943
0.379921
0.410717
0.303486
0.220461
0.315646
0.262999
0.030558
0.163795
0.369983
0.516777
0.085700
0.000602
0.050912
0.037721
0.200453
0.212994
0.404614
0.283706
0.266097
0.178719
0.643549
0.315595
0.492121
0.491848
0.162517
0.147026
0.336145
0.408840
0.291398
0.221423
0.263226
0.291539
0.425877
0.021048
0.590379
0.257794
0.137668
0.456348
0.010153
0.478054
0.145679
0.469185
0.352762
0.196581
0.151302
0.534941
0.031090
0.009359
0.340604
0.047007
0.289647
0.331888
0.227723
0.175313
0.037396
0.212499
0.228351
0.108527
0.332087
0.316815
0.062874
0.541176
0.123831
0.104679
0.014231
0.385287
0.073699
0.390678
0.376249
0.025530
0.462362
0.209504
0.530929
0.305048
0.274946
0.274451
0.140066
0.033579
0.148249
0.183713
0.370194
0.241185
0.217610
0.430265
0.263822
0.099398
0.567100
0.152852
0.205715
0.153516
0.477830
0.176364
0.451240
0.261881
0.049782
0.237564
0.210173
0.171330
0.248332
0.515275
0.646542
0.230933
0.213288
0.213773
0.236965
0.071185
0.168483
0.180011
0.499736
0.053292
0.157372
0.046123
0.164823
0.097662
0.071674
0.152210
0.429532
0.317044
0.364596
0.079169
0.660315
0.065133
0.204264
0.152157
0.273434
0.391500
0.428568
0.174056
0.239406
0.271642
0.224317
0.011886
0.305699
0.058533
0.144619
0.249211
0.161660
0.101957
0.122235
0.225480
0.065574
0.074827
0.199814
0.318289
0.091080
0.029031
0.200924
0.130683
0.063136
0.395863
0.167412
0.009917
0.227590
0.357992
0.323043
0.034796
0.002800
0.288905
0.080277
0.395162
0.377707
0.091781
0.096545
0.338584
0.098124
0.400025
0.287881
0.141948
0.131401
0.694473
0.067515
0.377413
0.162554
0.257120
0.099212
0.220538
0.341573
0.284098
0.062811
0.257726
0.360576
0.211039
0.358817
0.170059
0.326437
0.087137
0.605645
0.077908
0.023248
0.356875
0.147430
0.173483
0.050433
0.364592
0.219683
0.023240
0.226670
0.271626
0.133838
0.199706
0.346889
0.241234
0.500289
0.075306
0.457466
0.586658
0.157950
0.013645
0.245566
0.063325
0.012629
0.051391
0.388955
0.169204
0.281222
0.244309
0.314265
0.455060
0.034003
0.097093
0.148022
0.415922
0.353960
0.008320
0.224491
0.407114
0.313141
0.486816
0.138763
0.093237
0.598884
0.263654
0.012441
0.437370
0.324336
0.201473
0.181094
0.100447
0.005349
0.190583
0.066735
0.437788
0.143026
0.262765
0.116858
0.234553
0.259915
0.112077
0.367898
0.586564
0.106065
0.357725
0.423591
0.403877
0.553833
0.058579
0.104818
0.245791
0.247802
0.194996
0.164741
0.386288
0.022086
0.241214
0.352532
0.192194
0.291636
0.147696
0.256925
0.018496
0.014340
0.059293
0.133569
0.341080
0.002101
0.246338
0.307644
0.510587
0.131758
0.453193
0.120634
0.102251
0.196694
0.129900
0.245039
0.495105
0.331881
0.206354
0.197901
0.143492
0.070621
0.283916
0.247368
0.018550
0.011040
0.209256
0.150554
0.018942
0.149419
0.180587
0.689112
0.362301
0.502357
0.424503
0.024117
0.034426
0.139038
0.258573
0.173326
0.370085
0.213021
0.104395
0.137848
0.186474
0.052617
0.141224
0.020771
0.211366
0.070000
0.089146
0.316265
0.776888
0.023584
0.224426
0.140200
0.230997
0.133347
0.167230
0.016325
0.146988
0.021699
0.138946
0.324640
0.276382
0.227892
0.233926
0.073145
0.294825
0.079254
0.109955
0.150822
0.359100
0.478845
0.117429
0.242945
0.285370
0.392627
0.222702
0.082388
0.422989
0.110541
0.030766
0.259756
0.581054
0.183498
0.171064
0.296938
0.087518
0.185732
0.442154
0.109772
0.010224
0.097725
0.248424
0.147811
0.030710
0.132777
0.160919
0.026005
0.036738
0.467683
0.216539
0.493274
0.288726
0.201566
0.396871
0.323355
0.420939
0.220912
0.146835
0.246396
0.034896
0.703425
0.227507
0.302475
0.005792
0.162956
0.004854
0.281028
0.119927
0.175090
0.421189
0.050496
0.482809
0.018282
0.384080
0.027028
0.201290
0.019088
0.496199
0.509328
0.172391
0.328689
0.335825
0.033750
0.216582
0.119489
0.285512
0.204921
0.482656
0.429604
0.231420
0.636462
0.245310
0.249810
0.082378
0.229995
0.373236
0.535855
0.452068
0.178368
0.187138
0.207108
0.343948
0.131493
0.338516
0.177294
0.207202
0.114623
0.013831
0.483093
0.560297
0.294023
0.028427
0.116219
0.272993
0.079157
0.221884
0.143186
0.258672
0.246656
0.372346
0.074033
0.227264
0.127013
0.137575
0.252771
0.079341
0.016970
0.503239
0.313544
0.134431
0.362081
0.118322
0.104978
0.096746
0.070015
0.624669
0.073587
0.161351
0.302885
0.196957
0.037106
0.446114
0.215915
0.287964
0.471901
0.094071
0.166281
0.194937
0.047549
0.240281
0.164815
0.059750
0.295241
0.056109
0.019229
0.450985
0.184546
0.121358
0.421601
0.128830
0.276602
0.007643
0.068637
0.352116
0.180990
0.682619
0.479206
0.338927
0.408351
0.042290
0.116346
0.350984
0.609925
0.182533
0.006994
0.522059
0.202425
0.073574
0.174117
0.424710
0.011183
0.307424
0.090686
0.288786
0.021613
0.133671
0.481444
0.042349
0.000414
0.204397
0.207672
0.030845
0.038141
0.278033
0.129930
0.379435
0.246986
0.355555
0.037411
0.509626
0.440560
0.146344
0.037047
0.101602
0.090803
0.277218
0.266630
0.394370
0.095048
0.525616
0.542799
0.186518
0.310914
0.212019
0.382329
0.625476
0.122769
0.090773
0.262358
0.350668
0.315548
0.063547
0.748808
0.182280
0.047170
0.445119
0.279899
0.341914
0.227505
0.474761
0.385292
0.084569
0.175203
0.107648
0.169832
0.021905
0.528121
0.204265
0.107880
0.250001
0.490363
0.255306
0.297208
0.414046
0.168316
0.089146
0.033565
0.053286
0.582494
0.401631
0.576423
0.409528
0.039347
0.153598
0.064989
0.520033
0.123459
0.032371
0.225620
0.088766
0.040091
0.000614
0.533483
0.548148
0.438623
0.430504
0.185220
0.346017
0.010171
0.017662
0.062377
0.222083
0.059876
0.000377
0.200352
0.482212
0.050171
0.723076
0.258659
0.073293
0.053996
0.224520
0.370800
0.239328
0.261548
0.137190
0.151450
0.216077
0.416623
0.297938
0.194972
0.104145
0.031932
0.337653
0.119687
0.256672
0.175097
0.052415
0.048294
0.452059
0.388362
0.205442
0.270745
0.668540
0.167659
0.095674
0.189715
0.143336
0.039543
0.590668
0.614427
0.071426
0.386961
0.184882
0.074335
0.003821
0.292301
0.034517
0.007007
0.125939
0.314848
0.015801
0.302567
0.655174
0.312401
0.168102
0.100139
0.588588
0.307059
0.026975
0.575635
0.432797
0.368461
0.053603
0.367910
0.086018
0.079661
0.424142
0.042074
0.065231
0.192700
0.293419
0.037887
0.001160
0.177442
0.456949
0.224066
0.267658
0.033651
0.464853
0.164059
0.000757
0.041831
0.457669
0.322955
0.248917
0.451055
0.147369
0.437953
0.053636
0.079444
0.237965
0.142099
0.003012
0.134009
0.291810
0.185358
0.395716
0.049482
0.085650
0.119065
0.021847
0.330695
0.379325
0.379654
0.032790
0.026243
0.047155
0.120298
0.180449
0.373921
0.398943
0.213551
0.139218
0.486302
0.064103
0.159602
0.374526
0.340364
0.385225
0.002982
0.101507
0.011189
0.185897
0.318081
0.216674
0.222492
0.497721
0.582925
0.306183
0.139120
0.187624
0.270924
0.003979
0.070666
0.511097
0.047067
0.494506
0.532819
0.150493
0.095354
0.258801
0.040991
0.138018
0.133592
0.336790
0.248932
0.228450
0.408639
0.204449
0.108719
0.141151
0.019579
0.096504
0.390144
0.217759
0.130845
0.291539
0.309920
0.222121
0.165620
0.134430
0.391214
0.010678
0.128371
0.375846
0.266155
0.068816
0.399312
0.139437
0.190438
0.466695
0.298384
0.389841
0.601194
0.309212
0.051037
0.654617
0.319165
0.123751
0.091198
0.520690
0.285062
0.094837
0.156726
0.449688
0.283567
0.263976
0.241627
0.290311
0.201440
0.099503
0.091282
0.110014
0.200146
0.467237
0.412927
0.109439
0.060119
0.065014
0.491220
0.055065
0.505101
0.096069
0.123179
0.121460
0.024574
0.392306
0.355076
0.135754
0.401079
0.247407
0.108235
0.136601
0.030466
0.248702
0.039204
0.244229
0.550845
0.138115
0.352790
0.250813
0.169703
0.178956
0.058911
0.117616
0.496763
0.689413
0.269014
0.495049
0.195157
0.267253
0.055392
0.136075
0.394964
0.040725
0.152857
0.473287
0.318893
0.250510
0.528322
0.204841
0.209512
0.146392
0.294589
0.178189
0.105342
0.196031
0.514063
0.465298
0.265121
0.056791
0.420982
0.216904
0.294626
0.437512
0.369078
0.015962
0.191153
0.133515
0.228882
0.342131
0.190461
0.119528
0.002013
0.065963
0.122464
0.411697
0.099743
0.296576
0.088484
0.261184
0.384060
0.067801
0.426219
0.456577
0.186493
0.240488
0.538270
0.018146
0.473407
0.150867
0.595608
0.004499
0.146921
0.304918
0.282228
0.036129
0.025590
0.111705
0.313471
0.348712
0.360775
0.001792
0.052652
0.287578
0.213001
0.101903
0.399816
0.207215
0.352556
0.284006
0.280110
0.227795
0.286856
0.043989
0.395825
0.461001
0.134619
0.425534
0.311732
0.350188
0.012393
0.218859
0.297958
0.161998
0.052595
0.116954
0.069273
0.065202
0.412230
0.009829
0.074627
0.314009
0.182754
0.553652
0.300629
0.563393
0.337391
0.054915
0.023814
0.028244
0.343201
0.177318
0.012755
0.428552
0.046273
0.048888
0.414486
0.601368
0.148587
0.105493
0.048259
0.113761
0.355298
0.224560
0.313774
0.011834
0.299761
0.145614
0.255058
0.033294
0.134617
0.202213
0.221843
0.105992
0.060783
0.304007
0.095299
0.307008
0.436888
0.075939
0.202517
0.090299
0.160650
0.176888
0.413073
0.364102
0.184531
0.188681
0.313483
0.231356
0.272043
0.372476
0.000862
0.404329
0.078325
0.214779
0.287919
0.313508
0.490332
0.042223
0.528315
0.048605
0.003893
0.275394
0.254881
0.129106
0.518799
0.334720
0.135041
0.304921
0.331520
0.031846
0.410696
0.067499
0.202517
0.205205
0.135091
0.328345
0.446844
0.018165
0.030628
0.258075
0.359360
0.099327
0.235557
0.276842
0.535110
0.089896
0.059350
0.504031
0.216363
0.213222
0.477133
0.353736
0.460036
0.258736
0.250936
0.051965
0.138820
0.373937
0.261260
0.526207
0.053815
0.105042
0.327709
0.285209
0.195211
0.220598
0.408583
0.262125
0.345633
0.198846
0.083244
0.287684
0.042815
0.003679
0.151726
0.086296
0.031161
0.176277
0.066691
0.145856
0.116363
0.299325
0.329308
0.532955
0.230454
0.164948
0.408584
0.300426
0.522132
0.178517
0.329970
0.022802
0.320262
0.494212
0.217978
0.342075
0.082363
0.315237
0.562985
0.183523
0.377387
0.023498
0.524679
0.158643
0.135326
0.019411
0.497655
0.122850
0.349821
0.069047
0.020657
0.113171
0.169376
0.083213
0.192285
0.226392
0.194260
0.636612
0.101172
0.076005
0.019799
0.041327
0.062372
0.514567
0.403765
0.586537
0.412234
0.347999
0.388892
0.092267
0.041744
0.251490
0.341606
0.411668
0.082081
0.053387
0.177606
0.050770
0.080302
0.211569
0.328449
0.304754
0.297386
0.172859
0.678641
0.265137
0.603557
0.501726
0.071362
0.116940
0.296752
0.313470
0.199931
0.257823
0.271745
0.276710
0.351780
0.024358
0.635325
0.080967
0.119122
0.495383
0.003201
0.427374
0.205273
0.439613
0.299217
0.114846
0.001880
0.532735
0.139233
0.036553
0.307243
0.196088
0.222766
0.290509
0.174450
0.189587
0.044926
0.292077
0.324845
0.051562
0.364209
0.278935
0.116869
0.578530
0.095702
0.029848
0.016286
0.241232
0.070271
0.321027
0.395041
0.075507
0.312660
0.216663
0.499293
0.383460
0.168933
0.314909
0.292035
0.126623
0.020524
0.169607
0.453364
0.153186
0.270461
0.444517
0.281372
0.103248
0.650439
0.155311
0.310836
0.086673
0.450105
0.066982
0.283172
0.498502
0.023191
0.233676
0.285147
0.133748
0.282784
0.593740
0.698724
0.199016
0.091393
0.228046
0.261098
0.000863
0.233795
0.103815
0.476410
0.029389
0.048085
0.076040
0.190501
0.115643
0.125772
0.058243
0.417351
0.280669
0.307391
0.096547
0.440673
0.139139
0.225752
0.216427
0.296315
0.356789
0.542639
0.175615
0.142545
0.305044
0.273791
0.108930
0.233069
0.056805
0.197434
0.295170
0.161387
0.140382
0.143995
0.214992
0.097744
0.183198
0.287836
0.283269
0.135706
0.043853
0.139414
0.209552
0.004640
0.282738
0.271171
0.101384
0.187366
0.348016
0.337376
0.024999
0.007215
0.409861
0.011976
0.577089
0.305911
0.087465
0.083735
0.325832
0.049300
0.400029
0.213962
0.178588
0.074293
0.722591
0.117877
0.428403
0.079866
0.242138
0.090498
0.130266
0.352003
0.372088
0.062396
0.266146
0.415410
0.099986
0.476427
0.234237
0.303308
0.224383
0.655847
0.233461
0.127179
0.424829
0.194380
0.133602
0.011409
0.418779
0.273646
0.020210
0.236381
0.120247
0.239633
0.180213
0.574420
0.176014
0.405202
0.041262
0.242841
0.691326
0.122306
0.059874
0.139178
0.164395
0.013148
0.020902
0.330262
0.073235
0.348233
0.087590
0.268002
0.517999
0.007587
0.039511
0.258478
0.384466
0.324832
0.063949
0.126836
0.409258
0.484431
0.408691
0.143087
0.185830
0.701696
0.291155
0.071379
0.360229
0.370326
0.070694
0.357938
0.116204
0.048497
0.374223
0.022702
0.449160
0.156262
0.327488
0.125205
0.151366
0.320704
0.148523
0.232918
0.539616
0.112772
0.255295
0.392708
0.476118
0.537415
0.066894
0.123643
0.419295
0.218451
0.189334
0.085390
0.330228
0.001764
0.214664
0.303819
0.045239
0.297226
0.202038
0.077884
0.102745
0.074485
0.044782
0.163719
0.482554
0.039754
0.099260
0.411681
0.355149
0.091770
0.346525
0.181565
0.091328
0.067160
0.109104
0.354506
0.550290
0.173601
0.238390
0.339527
0.175068
0.172695
0.261622
0.315940
0.090432
0.107374
0.198152
0.056807
0.122592
0.194387
0.225257
0.796155
0.448279
0.427196
0.379391
0.059640
0.047694
0.136503
0.273916
0.107202
0.168215
0.345817
0.042681
0.036090
0.187010
0.169943
0.216499
0.059296
0.354434
0.048382
0.093590
0.314094
0.815117
0.122743
0.244518
0.137986
0.390932
0.169534
0.182658
0.060085
0.221088
0.029800
0.119837
0.396442
0.388958
0.252670
0.273128
0.008618
0.220994
0.046955
0.184323
0.087117
0.362112
0.306200
0.060649
0.277636
0.321003
0.470960
0.207856
0.072482
0.322622
0.006352
0.048586
0.218649
0.591253
0.273736
0.053216
0.185413
0.130733
0.158134
0.401070
0.124470
0.052321
0.079135
0.290571
0.006526
0.024542
0.116617
0.173740
0.152540
0.154675
0.377092
0.216954
0.475062
0.275621
0.191352
0.279656
0.221363
0.386545
0.303661
0.048432
0.295340
0.006714
0.622197
0.239899
0.274480
0.022175
0.057161
0.014844
0.162327
0.006055
0.137118
0.229069
0.144137
0.423693
0.003812
0.425554
0.032851
0.398199
0.141420
0.550963
0.416534
0.194062
0.273168
0.375622
0.131870
0.232641
0.190913
0.230625
0.279243
0.360570
0.466496
0.250904
0.669607
0.312516
0.262348
0.056970
0.321885
0.226069
0.530155
0.415186
0.078282
0.258133
0.214405
0.413895
0.071965
0.340393
0.373321
0.260964
0.034029
0.077238
0.573248
0.524819
0.235424
0.011676
0.054135
0.223431
0.048314
0.222643
0.074096
0.276224
0.202612
0.292594
0.026411
0.094500
0.133586
0.265882
0.079806
0.162590
0.037689
0.426776
0.393459
0.175063
0.453190
0.040213
0.108683
0.367821
0.313658
0.425403
0.148087
0.083019
0.238928
0.104034
0.115098
0.452423
0.217889
0.287211
0.513363
0.143751
0.140252
0.290175
0.186213
0.244137
0.160309
0.075365
0.328431
0.139067
0.009767
0.329463
0.352750
0.053177
0.360648
0.032131
0.144324
0.060379
0.012831
0.244321
0.002354
0.486147
0.577954
0.257056
0.412137
0.242406
0.083989
0.355858
0.569865
0.253553
0.084341
0.505764
0.264172
0.097241
0.175718
0.405688
0.235018
0.262612
0.089855
0.349244
0.004509
0.069945
0.464579
0.008611
0.047075
0.301453
0.308046
0.003425
0.055954
0.287222
0.215286
0.526085
0.309901
0.400680
0.056366
0.405005
0.409636
0.165140
0.016911
0.017507
0.033728
0.238481
0.230075
0.210036
0.160033
0.499503
0.619280
0.275223
0.303060
0.307949
0.256462
0.713385
0.138411
0.010146
0.288843
0.234093
0.309441
0.002465
0.670609
0.221376
0.179220
0.390522
0.088579
0.546702
0.088173
0.278753
0.279668
0.059631
0.242497
0.092315
0.076017
0.075442
0.579704
0.167150
0.170054
0.229572
0.698097
0.317986
0.351746
0.379794
0.169535
0.111806
0.083787
0.003458
0.631441
0.360929
0.535195
0.453333
0.093094
0.072386
0.121774
0.594373
0.205063
0.003667
0.215846
0.114801
0.050385
0.016691
0.471740
0.396963
0.241189
0.450171
0.176133
0.378467
0.048539
0.193735
0.122251
0.250544
0.040840
0.123726
0.261013
0.341475
0.032756
0.591784
0.240593
0.087348
0.044347
0.154210
0.376880
0.379408
0.286447
0.017812
0.158910
0.227445
0.464661
0.225336
0.036403
0.190708
0.046550
0.200552
0.100708
0.272714
0.200849
0.014991
0.150863
0.319157
0.387022
0.258463
0.377853
0.580978
0.208231
0.032177
0.197549
0.083993
0.085532
0.647385
0.574710
0.072090
0.508664
0.359561
0.227436
0.142159
0.257663
0.117217
0.135355
0.347950
0.305140
0.009473
0.335887
0.742128
0.457664
0.045322
0.107374
0.618197
0.286899
0.098176
0.508494
0.522841
0.486158
0.024706
0.240330
0.200474
0.202950
0.339533
0.012825
0.124741
0.260723
0.366328
0.169777
0.162845
0.072837
0.417216
0.251856
0.299582
0.212108
0.486472
0.122380
0.018273
0.010746
0.300001
0.440528
0.372552
0.324793
0.110823
0.591071
0.150024
0.053228
0.308310
0.005925
0.079145
0.011182
0.409822
0.159446
0.383168
0.113760
0.010324
0.166215
0.053814
0.259466
0.425425
0.588541
0.068279
0.019113
0.120011
0.094600
0.231318
0.404771
0.330806
0.225957
0.106924
0.379868
0.009418
0.034602
0.378369
0.249491
0.302312
0.034678
0.034746
0.068246
0.305744
0.065002
0.176920
0.153343
0.609068
0.421274
0.253298
0.045673
0.216361
0.120358
0.115870
0.123095
0.562879
0.135099
0.279927
0.466107
0.188768
0.078896
0.213196
0.071254
0.182182
0.250986
0.319746
0.291198
0.200202
0.424098
0.077411
0.115097
0.125513
0.011228
0.169389
0.491281
0.190677
0.131630
0.373864
0.135173
0.151898
0.153913
0.097620
0.221232
0.077432
0.156020
0.274357
0.134111
0.034282
0.344422
0.020328
0.143482
0.395589
0.312793
0.406335
0.586112
0.242283
0.181003
0.548037
0.294000
0.051145
0.178512
0.482503
0.235871
0.019853
0.112778
0.521433
0.407680
0.308264
0.283053
0.143160
0.217715
0.105845
0.047270
0.075233
0.037241
0.383856
0.326511
0.324808
0.056061
0.009025
0.589303
0.087691
0.504750
0.258971
0.023117
0.161090
0.065362
0.356877
0.504851
0.120700
0.352981
0.127179
0.103247
0.209669
0.070723
0.384183
0.190896
0.165911
0.329481
0.163405
0.449620
0.226456
0.135838
0.042653
0.127122
0.055905
0.346725
0.495630
0.228023
0.540545
0.137974
0.089289
0.148608
0.095534
0.571590
0.028660
0.205180
0.558096
0.189420
0.274885
0.520381
0.131387
0.147723
0.146205
0.203927
0.129845
0.115779
0.152774
0.478073
0.345352
0.105543
0.004183
0.360274
0.359921
0.215963
0.204308
0.397995
0.052727
0.080723
0.232164
0.104377
0.275771
0.210016
0.227238
0.088450
0.029772
0.010356
0.476936
0.207315
0.275364
0.211775
0.156576
0.348973
0.115229
0.308809
0.495188
0.052075
0.200825
0.591169
0.044552
0.380319
0.106212
0.649299
0.041477
0.029616
0.267525
0.172353
0.137656
0.004284
0.297749
0.383043
0.467361
0.396126
0.094347
0.166250
0.135330
0.203343
0.043764
0.339468
0.157215
0.415511
0.293999
0.295310
0.265848
0.262477
0.070314
0.425899
0.303997
0.231366
0.447354
0.290117
0.238602
0.171069
0.013986
0.154997
0.201671
0.045715
0.064245
0.236234
0.277636
0.464326
0.077742
0.184984
0.489953
0.243117
0.503863
0.317284
0.508871
0.345486
0.150519
0.082892
0.001998
0.512362
0.233947
0.189652
0.321064
0.102755
0.084332
0.390983
0.585351
0.133168
0.092043
0.094687
0.088170
0.428360
0.157935
0.356574
0.011711
0.167665
0.055654
0.270805
0.077078
0.100366
0.110082
0.263639
0.166889
0.113275
0.251077
0.166700
0.351738
0.281764
0.009301
0.272761
0.255852
0.278335
0.272214
0.412794
0.315303
0.224531
0.160582
0.051544
0.341016
0.208479
0.318973
0.009698
0.441063
0.015131
0.283904
0.234456
0.423485
0.431871
0.014243
0.542957
0.203604
0.035615
0.374709
0.337001
0.111212
0.439099
0.307868
0.126121
0.256425
0.324321
0.094091
0.350158
0.272685
0.138960
0.040529
0.048728
0.242752
0.460387
0.063947
0.153883
0.065016
0.313788
0.116217
0.241127
0.398223
0.401587
0.079562
0.103390
0.382627
0.291000
0.187843
0.467310
0.306322
0.420348
0.273322
0.367272
0.178867
0.063390
0.337043
0.197083
0.495541
0.104969
0.130088
0.275601
0.233965
0.124164
0.270659
0.394108
0.358255
0.304281
0.210264
0.042761
0.301504
0.079691
0.042887
0.198587
0.004708
0.101318
0.002395
0.260864
0.109282
0.060846
0.422186
0.362106
0.425798
0.143912
0.034559
0.500384
0.265584
0.540434
0.039959
0.314302
0.085177
0.323903
0.320631
0.400674
0.217387
0.069923
0.368025
0.546274
0.295140
0.309933
0.110719
0.472321
0.075783
0.037977
0.067121
0.694624
0.221501
0.360952
0.216394
0.176340
0.136773
0.187112
0.071984
0.090117
0.229454
0.060366
0.579295
0.239932
0.045073
0.058745
0.035844
0.027618
0.444861
0.402855
0.645983
0.474052
0.471320
0.433502
0.007070
0.105604
0.322164
0.269132
0.204043
0.181410
0.029418
0.158567
0.020405
0.083176
0.189716
0.219190
0.250066
0.267841
0.274631
0.568555
0.236074
0.636489
0.435244
0.066929
0.114215
0.209240
0.225224
0.154703
0.234751
0.190192
0.267251
0.245348
0.123852
0.573034
0.098750
0.011576
0.521878
0.036194
0.286462
0.241505
0.422283
0.247611
0.054231
0.147533
0.440172
0.183465
0.077057
0.249229
0.205284
0.174981
0.270697
0.146139
0.210248
0.127622
0.314040
0.371355
0.104741
0.351111
0.296561
0.119943
0.540333
0.097920
0.195255
0.074724
0.148802
0.028990
0.231503
0.417681
0.222188
0.130067
0.217494
0.455304
0.484954
0.048319
0.252163
0.388498
0.289342
0.152060
0.143654
0.537705
0.025537
0.230670
0.362427
0.248535
0.082090
0.625438
0.152689
0.390534
0.052876
0.414268
0.025751
0.113006
0.602083
0.092029
0.263491
0.273106
0.072929
0.269715
0.663029
0.655599
0.119440
0.044132
0.266700
0.310392
0.027508
0.243160
0.022710
0.389162
0.030202
0.045600
0.113925
0.182137
0.210717
0.225775
0.014449
0.360754
0.239665
0.294883
0.086896
0.251610
0.197086
0.222704
0.247947
0.316023
0.330734
0.496731
0.186094
0.067492
0.311661
0.344302
0.169806
0.144610
0.027650
0.189960
0.243332
0.190841
0.144298
0.160346
0.284350
0.347536
0.246033
0.420344
0.289449
0.421115
0.171363
0.076332
0.161518
0.112120
0.136344
0.372609
0.215400
0.149698
0.332188
0.241594
0.012095
0.027736
0.470175
0.198108
0.727877
0.186889
0.125448
0.018532
0.348449
0.130809
0.346349
0.145576
0.195574
0.030089
0.588998
0.265512
0.451503
0.015308
0.258001
0.044067
0.128825
0.318228
0.412206
0.151217
0.235856
0.357001
0.010747
0.555761
0.279914
0.333017
0.362384
0.574743
0.312776
0.166456
0.417609
0.242424
0.027658
0.058775
0.447691
0.298022
0.020908
0.264898
0.043294
0.284773
0.186935
0.719205
0.079770
0.325008
0.004664
0.029562
0.705348
0.080122
0.022605
0.050103
0.219890
0.112356
0.003878
0.279614
0.038038
0.337622
0.071363
0.242402
0.501228
0.069377
0.073315
0.358026
0.373463
0.337234
0.114268
0.016626
0.407489
0.592540
0.238478
0.144877
0.213778
0.633052
0.201691
0.138505
0.295366
0.393337
0.094294
0.454932
0.051588
0.084762
0.524571
0.012146
0.442873
0.067776
0.386269
0.124976
0.020806
0.321504
0.145892
0.104701
0.428590
0.161841
0.136033
0.335181
0.490202
0.492996
0.079497
0.225048
0.483699
0.194629
0.122683
0.021365
0.256557
0.031556
0.218325
0.185854
0.148982
0.309339
0.230378
0.034985
0.193190
0.170660
0.099955
0.219070
0.526629
0.046759
0.052135
0.500290
0.109893
0.030685
0.271642
0.221912
0.144600
0.002962
0.087657
0.431551
0.543116
0.041249
0.228990
0.410843
0.189391
0.266515
0.168792
0.370887
0.261681
0.195059
0.175638
0.081293
0.261618
0.418711
0.227894
0.736939
0.409048
0.326864
0.296312
0.148791
0.035272
0.100519
0.206781
0.036097
0.083402
0.471074
0.089872
0.014173
0.231396
0.394018
0.256241
0.137872
0.478058
0.049765
0.104764
0.260641
0.722302
0.190084
0.227928
0.113929
0.523732
0.378114
0.164385
0.056107
0.205491
0.072168
0.168121
0.349724
0.444881
0.254770
0.264344
0.060941
0.185967
0.042347
0.242467
0.049778
0.291999
0.086089
0.057381
0.328622
0.319530
0.545304
0.194983
0.011634
0.184578
0.001258
0.117432
0.240115
0.535881
0.278095
0.094441
0.073628
0.239500
0.163192
0.323467
0.122994
0.116578
0.122838
0.226908
0.150850
0.013611
0.157577
0.197187
0.222486
0.268975
0.278919
0.119080
0.281849
0.242510
0.211191
0.142538
0.136540
0.334547
0.331533
0.052269
0.314378
0.089950
0.474113
0.294470
0.261328
0.017397
0.064672
0.035147
0.039136
0.184189
0.174360
0.036159
0.196305
0.338503
0.069852
0.475361
0.121571
0.546354
0.265707
0.562765
0.262282
0.082821
0.201727
0.405803
0.159020
0.196483
0.271619
0.205601
0.313532
0.147764
0.395176
0.243618
0.635248
0.369685
0.291250
0.012536
0.458038
0.007930
0.383699
0.314944
0.045910
0.313446
0.196375
0.414333
0.034460
0.271037
0.472096
0.203167
0.119963
0.067943
0.568351
0.441196
0.232999
0.024224
0.037198
0.206984
0.031406
0.236508
0.049066
0.247196
0.194947
0.223395
0.013140
0.032886
0.156171
0.331835
0.034721
0.259865
0.016965
0.336496
0.372612
0.208728
0.515515
0.088441
0.059337
0.556401
0.520575
0.160208
0.238694
0.045564
0.224789
0.039110
0.126524
0.418194
0.153108
0.321086
0.484922
0.188335
0.124829
0.315263
0.266476
0.282726
0.096980
0.068477
0.331441
0.312484
0.083399
0.205368
0.457765
0.071554
0.380273
0.069509
0.012988
0.074054
0.050640
0.103915
0.170701
0.251092
0.613908
0.253683
0.353351
0.398398
0.097771
0.371308
0.396561
0.297678
0.141278
0.405258
0.271746
0.091434
0.178387
0.423671
0.445201
0.200092
0.091722
0.372586
0.057808
0.004963
0.397674
0.036507
0.014332
0.409562
0.370711
0.032165
0.070606
0.232121
0.323009
0.661139
0.307054
0.426372
0.119005
0.323044
0.296014
0.183387
0.016510
0.004800
0.028222
0.205322
0.195347
0.056593
0.176339
0.464893
0.551367
0.359572
0.324523
0.277234
0.127033
0.706957
0.163087
0.116540
0.320961
0.094150
0.232538
0.028236
0.542208
0.288112
0.329629
0.263420
0.045724
0.647249
0.040604
0.095739
0.166735
0.033561
0.249826
0.150625
0.036099
0.148836
0.510550
0.180626
0.247077
0.160040
0.791021
0.384021
0.376854
0.334194
0.179092
0.114182
0.201287
0.035140
0.566638
0.270197
0.432855
0.452423
0.074483
0.021452
0.161873
0.582529
0.227729
0.029267
0.223009
0.098152
0.099713
0.073656
0.400435
0.164322
0.063992
0.414381
0.209716
0.293743
0.091157
0.383289
0.076587
0.362657
0.068553
0.158931
0.327007
0.215010
0.013242
0.382852
0.140763
0.083186
0.023851
0.075727
0.391768
0.393937
0.347138
0.198916
0.113235
0.194627
0.477376
0.184653
0.111994
0.308652
0.007665
0.045382
0.139069
0.366330
0.166794
0.093103
0.239195
0.106117
0.357903
0.284625
0.447953
0.394655
0.179432
0.023831
0.302082
0.089971
0.124963
0.641278
0.530779
0.130163
0.531913
0.544597
0.349164
0.267457
0.204791
0.190472
0.298618
0.439474
0.340019
0.016010
0.340032
0.641199
0.475439
0.030837
0.121180
0.522402
0.279190
0.133778
0.280577
0.531157
0.522548
0.060742
0.109636
0.303484
0.272072
0.254299
0.012526
0.133494
0.304052
0.401136
0.185373
0.243962
0.044128
0.332788
0.298792
0.250970
0.331179
0.452575
0.143054
0.005635
0.011278
0.142834
0.479093
0.526190
0.121097
0.069565
0.735841
0.220712
0.224352
0.406774
0.085042
0.192951
0.127130
0.451914
0.202726
0.375644
0.132911
0.032018
0.249531
0.053986
0.206978
0.459045
0.630646
0.107032
0.014817
0.252523
0.109865
0.244455
0.382276
0.185006
0.111099
0.018784
0.266980
0.072044
0.043502
0.342077
0.163560
0.129596
0.049213
0.085458
0.195062
0.382230
0.142909
0.071109
0.100445
0.609002
0.245954
0.181571
0.054287
0.246507
0.045975
0.219173
0.173587
0.479313
0.179618
0.126028
0.410544
0.270634
0.058084
0.118141
0.136699
0.261675
0.313044
0.256032
0.270999
0.145995
0.384135
0.005170
0.117811
0.042414
0.039946
0.285734
0.541205
0.104816
0.151958
0.437604
0.053312
0.122353
0.171490
0.069460
0.054979
0.136377
0.166754
0.176945
0.023545
0.018089
0.271882
0.078576
0.126088
0.297856
0.265973
0.361204
0.522725
0.163845
0.364033
0.358186
0.207748
0.054050
0.306915
0.328344
0.069162
0.024095
0.039562
0.487214
0.479771
0.335630
0.256146
0.025477
0.175631
0.124257
0.188790
0.217870
0.088023
0.296526
0.263736
0.570899
0.194224
0.017793
0.634315
0.067807
0.496098
0.410124
0.096125
0.090983
0.132697
0.279333
0.596977
0.124075
0.298365
0.007116
0.152120
0.199921
0.232408
0.524546
0.319558
0.077730
0.055245
0.228531
0.527779
0.190430
0.047223
0.018196
0.115265
0.036164
0.235388
0.281562
0.157938
0.508157
0.047852
0.039111
0.223465
0.082380
0.703501
0.158033
0.222705
0.568577
0.101375
0.239874
0.476639
0.077666
0.121322
0.178934
0.052828
0.213219
0.156492
0.114972
0.391031
0.205121
0.066440
0.003069
0.305435
0.463609
0.119452
0.065087
0.348818
0.156026
0.005444
0.373823
0.037132
0.194694
0.244562
0.349746
0.201368
0.049785
0.086954
0.399834
0.251763
0.304949
0.331567
0.056279
0.236252
0.032874
0.200695
0.456718
0.088435
0.244113
0.538062
0.059963
0.278789
0.084980
0.686358
0.049107
0.009999
0.245761
0.096567
0.195386
0.060099
0.445896
0.409210
0.545809
0.433849
0.172400
0.262714
0.072922
0.188159
0.030513
0.346794
0.053432
0.530642
0.347414
0.260258
0.266159
0.285771
0.048991
0.453401
0.148791
0.258502
0.423562
0.110759
0.119503
0.325737
0.160278
0.003575
0.308916
0.092409
0.177084
0.353517
0.476141
0.434962
0.116364
0.268608
0.591447
0.238938
0.371316
0.199257
0.420855
0.387054
0.277803
0.167093
0.022174
0.571104
0.329553
0.373340
0.259918
0.243316
0.054181
0.320414
0.483200
0.117822
0.120108
0.181302
0.030429
0.424433
0.102648
0.387926
0.008215
0.026594
0.003637
0.353427
0.104070
0.060308
0.003293
0.353818
0.222792
0.137955
0.267634
0.197658
0.364897
0.096974
0.026895
0.343049
0.380608
0.407389
0.391350
0.457496
0.280117
0.227391
0.099194
0.201316
0.379362
0.075693
0.272298
0.012249
0.413509
0.002226
0.262341
0.192937
0.453395
0.256947
0.081959
0.559186
0.377124
0.029088
0.360236
0.354494
0.144481
0.343841
0.272773
0.149412
0.144755
0.309925
0.104133
0.321429
0.387209
0.111599
0.137379
0.017128
0.163691
0.437436
0.100891
0.304434
0.084762
0.290183
0.090322
0.222485
0.541666
0.349667
0.099326
0.118091
0.230943
0.384683
0.152398
0.477345
0.290837
0.304054
0.279959
0.454616
0.245912
0.226123
0.256134
0.085759
0.459765
0.198983
0.192594
0.193481
0.212482
0.059597
0.294952
0.395026
0.415389
0.262216
0.183181
0.130209
0.350258
0.166404
0.060992
0.230195
0.118858
0.168893
0.148402
0.529295
0.105750
0.012854
0.537587
0.311855
0.310840
0.110767
0.262720
0.527944
0.220425
0.477097
0.031791
0.245551
0.209379
0.305859
0.150582
0.464228
0.119371
0.159620
0.376415
0.479186
0.387623
0.187186
0.166103
0.500754
0.065446
0.018653
0.186256
0.754978
0.306249
0.265680
0.323787
0.245008
0.127059
0.193176
0.145710
0.011126
0.191636
0.095041
0.430057
0.296216
0.059913
0.081435
0.054348
0.132621
0.341595
0.373605
0.572781
0.439787
0.518332
0.370031
0.012892
0.120141
0.440121
0.249404
0.021638
0.265172
0.092828
0.168650
0.068115
0.288164
0.162323
0.080967
0.108809
0.231106
0.289556
0.416204
0.263013
0.504038
0.315680
0.136551
0.063478
0.073671
0.242262
0.186251
0.173908
0.058955
0.267260
0.217348
0.151273
0.444044
0.239517
0.125423
0.410404
0.029426
0.157076
0.195945
0.342850
0.267191
0.005440
0.290574
0.304409
0.265491
0.083749
0.198537
0.196053
0.164864
0.234415
0.101350
0.108189
0.223709
0.324386
0.404238
0.134828
0.266150
0.245790
0.060883
0.448086
0.094872
0.268743
0.156549
0.083924
0.042592
0.096091
0.380464
0.392876
0.081190
0.202659
0.358209
0.490946
0.072677
0.218021
0.405206
0.419801
0.282600
0.154668
0.558948
0.117726
0.163794
0.291598
0.290266
0.105493
0.495337
0.169321
0.444666
0.056316
0.321576
0.128212
0.040653
0.658480
0.135918
0.303041
0.252101
0.002448
0.267097
0.687163
0.540550
0.008829
0.133168
0.272961
0.377128
0.022559
0.129966
0.071466
0.241994
0.044991
0.021657
0.196428
0.228086
0.259044
0.268081
0.053532
0.335197
0.205345
0.323091
0.040931
0.137400
0.197743
0.216222
0.258931
0.334092
0.322065
0.345239
0.236819
0.054958
0.298650
0.384810
0.103288
0.070716
0.002875
0.179330
0.150720
0.271796
0.210350
0.091506
0.374226
0.526310
0.277588
0.456689
0.295717
0.616824
0.345866
0.091431
0.122539
0.220089
0.006154
0.437340
0.369710
0.156326
0.211903
0.144633
0.135857
0.016754
0.585249
0.291346
0.697577
0.025918
0.091285
0.102290
0.345778
0.204625
0.237808
0.147759
0.211066
0.026769
0.365713
0.403117
0.435345
0.028766
0.240643
0.067093
0.131081
0.209941
0.412218
0.265554
0.188380
0.281900
0.150165
0.554706
0.323433
0.320658
0.523818
0.468788
0.394905
0.153559
0.382813
0.276269
0.127225
0.137093
0.478142
0.299555
0.059052
0.266221
0.182173
0.301214
0.189672
0.674554
0.100265
0.272940
0.098465
0.100313
0.647412
0.047188
0.047655
0.019377
0.195246
0.229189
0.047102
0.225954
0.043918
0.302080
0.245370
0.209806
0.381975
0.169063
0.248421
0.469534
0.360751
0.340722
0.212615
0.173229
0.288282
0.593813
0.063690
0.158759
0.263874
0.419280
0.085846
0.124212
0.240969
0.421645
0.282499
0.457625
0.003419
0.111588
0.507258
0.027312
0.345225
0.001899
0.385453
0.118804
0.093791
0.323890
0.205791
0.018266
0.328374
0.235780
0.032827
0.281852
0.491857
0.450637
0.038946
0.243155
0.507145
0.228338
0.064299
0.040747
0.269323
0.101726
0.212741
0.114077
0.367777
0.303340
0.266628
0.114376
0.305494
0.205464
0.193008
0.298858
0.473948
0.096629
0.234564
0.581971
0.081196
0.033488
0.143330
0.319533
0.136353
0.022675
0.044399
0.506817
0.462393
0.033902
0.220488
0.403199
0.152310
0.357365
0.032031
0.362410
0.420861
0.310410
0.191056
0.187551
0.303717
0.551494
0.175297
0.563328
0.343876
0.215662
0.219556
0.204347
0.007171
0.021115
0.190843
0.020953
0.304142
0.576604
0.174183
0.011417
0.285135
0.530177
0.200133
0.118733
0.520291
0.045476
0.087408
0.141140
0.482311
0.259959
0.148752
0.103212
0.616183
0.588705
0.173483
0.062727
0.220627
0.074165
0.205326
0.216656
0.470293
0.286505
0.305147
0.138398
0.125650
0.048168
0.307083
0.002398
0.217968
0.147940
0.132678
0.379627
0.255316
0.465638
0.239189
0.032494
0.099849
0.009033
0.216675
0.232201
0.340014
0.232612
0.255532
0.021994
0.304232
0.274129
0.293776
0.125036
0.237395
0.184548
0.054909
0.280145
0.028755
0.240964
0.206595
0.294389
0.323303
0.143637
0.033650
0.116641
0.297563
0.199947
0.045695
0.131221
0.308255
0.282710
0.158523
0.322454
0.146274
0.289173
0.348456
0.203255
0.009521
0.095787
0.020839
0.059488
0.373874
0.195878
0.086305
0.231672
0.203300
0.100779
0.485332
0.229700
0.651210
0.300718
0.519132
0.123795
0.053760
0.110619
0.456553
0.216319
0.109648
0.335191
0.167872
0.333948
0.064481
0.292712
0.181820
0.402670
0.303171
0.227744
0.005620
0.531955
0.310042
0.208447
0.163184
0.143997
0.364120
0.247737
0.355349
0.074152
0.106366
0.461734
0.165349
0.205985
0.095301
0.474452
0.273879
0.215282
0.086878
0.001950
0.216975
0.037794
0.273639
0.013058
0.201680
0.206783
0.136242
0.043971
0.124356
0.201699
0.329395
0.125148
0.383951
0.060099
0.258067
0.326592
0.220626
0.536107
0.216938
0.013706
0.718870
0.714228
0.081239
0.239096
0.088248
0.205961
0.053177
0.149227
0.351393
0.004990
0.322429
0.367634
0.213303
0.124740
0.311149
0.326413
0.313068
0.050604
0.054135
0.336235
0.531802
0.178932
0.038050
0.497311
0.176277
0.468382
0.213928
0.119374
0.132516
0.033746
0.026025
0.314498
0.016408
0.621375
0.206729
0.245641
0.533014
0.126751
0.334441
0.113033
0.288753
0.208139
0.293509
0.258887
0.003041
0.175158
0.449048
0.527256
0.165057
0.053373
0.353252
0.089187
0.110320
0.355721
0.050041
0.078935
0.435823
0.412747
0.072506
0.079489
0.151882
0.418794
0.650792
0.273344
0.416235
0.113339
0.215837
0.107400
0.178618
0.072549
0.060147
0.155003
0.125596
0.172350
0.126560
0.192435
0.385301
0.432771
0.479802
0.298178
0.233998
0.041176
0.669956
0.237800
0.289256
0.333157
0.004841
0.128539
0.017967
0.375779
0.295251
0.392477
0.249353
0.145513
0.711353
0.140813
0.130552
0.122599
0.016312
0.250072
0.105950
0.090128
0.198607
0.389335
0.242730
0.383813
0.119149
0.714067
0.467319
0.349496
0.284475
0.177419
0.137973
0.287106
0.094335
0.448239
0.126577
0.335460
0.424266
0.120782
0.032974
0.233876
0.493739
0.223123
0.123162
0.301780
0.047325
0.116351
0.188924
0.322439
0.112986
0.025380
0.411283
0.221632
0.161034
0.134945
0.556706
0.040340
0.408363
0.057943
0.171091
0.347278
0.086611
0.044662
0.114533
0.110426
0.101531
0.073061
0.071322
0.369971
0.372142
0.400457
0.406636
0.080756
0.097709
0.495159
0.099687
0.238571
0.394399
0.034508
0.113825
0.195558
0.431072
0.044418
0.163641
0.367911
0.108025
0.343498
0.348406
0.345600
0.174182
0.139038
0.036079
0.420213
0.094349
0.157363
0.564358
0.410697
0.148510
0.537580
0.646512
0.394720
0.398222
0.197412
0.226729
0.478562
0.493467
0.353683
0.017484
0.377269
0.487606
0.472181
0.171267
0.037677
0.464819
0.242347
0.099190
0.039912
0.456168
0.513561
0.166525
0.048856
0.354049
0.345870
0.225051
0.032355
0.165941
0.318483
0.440146
0.192141
0.346752
0.155584
0.227159
0.338469
0.244267
0.384107
0.407473
0.121731
0.034876
0.036657
0.018916
0.538502
0.602337
0.106884
0.003037
0.723311
0.224379
0.391599
0.483435
0.161478
0.338493
0.145205
0.431603
0.215661
0.411094
0.117772
0.035811
0.373230
0.058838
0.225568
0.489167
0.624743
0.138697
0.098156
0.332689
0.138753
0.193075
0.307713
0.069684
0.012192
0.052761
0.169036
0.083629
0.033508
0.361683
0.148998
0.050807
0.019519
0.220228
0.322970
0.368618
0.277939
0.031254
0.079617
0.561691
0.034939
0.103767
0.191350
0.354322
0.168810
0.276934
0.257093
0.326455
0.176955
0.034959
0.319164
0.346277
0.050565
0.061705
0.263010
0.345129
0.348073
0.210503
0.252688
0.056953
0.307915
0.077173
0.076637
0.059099
0.114116
0.390685
0.509816
0.006549
0.156869
0.453599
0.258338
0.043356
0.204833
0.040588
0.101864
0.155047
0.238252
0.047203
0.159464
0.094090
0.125964
0.171285
0.145258
0.176744
0.156703
0.323954
0.445387
0.087476
0.538327
0.132394
0.106960
0.076208
0.503004
0.207326
0.086171
0.104021
0.015029
0.479806
0.504158
0.339795
0.128134
0.118598
0.149770
0.167181
0.320103
0.247239
0.143529
0.264009
0.125799
0.642988
0.233158
0.072838
0.590682
0.026108
0.471461
0.488766
0.246215
0.068824
0.210614
0.075969
0.592018
0.102085
0.207001
0.154372
0.180496
0.140373
0.376073
0.603163
0.441944
0.078169
0.193156
0.289094
0.614781
0.151698
0.022563
0.073576
0.101310
0.049726
0.220375
0.048368
0.055158
0.438335
0.043646
0.124944
0.306448
0.213052
0.740221
0.218530
0.172368
0.559358
0.016140
0.111663
0.308052
0.025771
0.099718
0.151602
0.110144
0.376464
0.192429
0.050940
0.308686
0.071123
0.210756
0.031035
0.288967
0.491493
0.032915
0.087270
0.293475
0.211177
0.037138
0.515688
0.159811
0.066146
0.264001
0.545522
0.284128
0.060993
0.067129
0.352055
0.185769
0.285168
0.368817
0.028499
0.126195
0.027671
0.077294
0.419060
0.221911
0.233096
0.532677
0.115415
0.165642
0.060308
0.656662
0.073923
0.101596
0.224408
0.009088
0.233019
0.152400
0.572792
0.406673
0.560842
0.431979
0.226690
0.393654
0.295238
0.169400
0.017733
0.340562
0.028519
0.546555
0.361454
0.198555
0.281609
0.256497
0.081853
0.530709
0.036862
0.234703
0.383318
0.050716
0.048317
0.390585
0.278249
0.155560
0.299707
0.119652
0.203169
0.390181
0.675814
0.344834
0.193623
0.295757
0.633437
0.224577
0.185757
0.045659
0.287993
0.387968
0.351049
0.221934
0.043326
0.640623
0.370595
0.536381
0.239389
0.274900
0.009884
0.203653
0.402558
0.139301
0.191337
0.257453
0.017706
0.436098
0.056139
0.352802
0.025944
0.057328
0.034217
0.488829
0.089976
0.029123
0.027531
0.350943
0.189856
0.121324
0.240106
0.285927
0.304912
0.041897
0.094811
0.415940
0.485838
0.515424
0.482331
0.502440
0.292404
0.242493
0.073157
0.422485
0.393303
0.082825
0.196184
0.076925
0.338603
0.068193
0.171870
0.122973
0.452793
0.083660
0.096428
0.547703
0.563968
0.026173
0.290762
0.381260
0.216633
0.315270
0.215886
0.186592
0.049250
0.300258
0.040995
0.301770
0.435200
0.114697
0.363094
0.041824
0.034150
0.469785
0.151164
0.415257
0.114255
0.270224
0.075433
0.157619
0.630689
0.259114
0.090397
0.063422
0.080841
0.431509
0.140713
0.459153
0.253289
0.200500
0.232151
0.510805
0.255903
0.395160
0.188544
0.003267
0.389269
0.300653
0.156486
0.080042
0.111733
0.009035
0.295764
0.321089
0.459047
0.205230
0.108187
0.211222
0.403148
0.262582
0.083710
0.228829
0.226572
0.234001
0.284770
0.644227
0.096936
0.062040
0.656683
0.179670
0.180006
0.055356
0.492215
0.463066
0.160370
0.404222
0.034243
0.174282
0.339103
0.318173
0.017376
0.423341
0.051760
0.179825
0.382525
0.342091
0.466425
0.035006
0.197985
0.383401
0.068788
0.118463
0.308965
0.618056
0.319449
0.212299
0.355726
0.338498
0.165506
0.181880
0.214421
0.079380
0.164672
0.273285
0.249910
0.258581
0.104718
0.206062
0.092680
0.243113
0.171920
0.337510
0.501433
0.363105
0.455508
0.305462
0.002900
0.102355
0.444990
0.176341
0.270258
0.287222
0.279218
0.101185
0.062840
0.475536
0.144373
0.109695
0.033983
0.226689
0.327852
0.237387
0.278542
0.259847
0.180697
0.256487
0.064359
0.049634
0.261638
0.213252
0.070648
0.099970
0.295872
0.216115
0.187484
0.271655
0.279868
0.289050
0.316015
0.009136
0.067422
0.147371
0.222352
0.254893
0.039854
0.406526
0.154073
0.254435
0.076504
0.236070
0.129807
0.213551
0.166236
0.077737
0.057044
0.285026
0.314396
0.340354
0.245187
0.144259
0.250087
0.051942
0.350654
0.131118
0.332408
0.257379
0.054054
0.101826
0.013692
0.305772
0.537425
0.294515
0.180190
0.264846
0.503119
0.221598
0.129207
0.338819
0.609164
0.429056
0.184786
0.526563
0.153820
0.122258
0.175931
0.265912
0.140081
0.315431
0.160310
0.449519
0.116248
0.250524
0.168747
0.152600
0.509082
0.171139
0.298020
0.259837
0.017681
0.231947
0.666291
0.378626
0.111356
0.193480
0.262559
0.412724
0.061674
0.087964
0.111599
0.052921
0.169059
0.037136
0.335471
0.173675
0.276271
0.355481
0.107975
0.304574
0.180106
0.353562
0.033942
0.036549
0.182147
0.151455
0.185548
0.363325
0.303610
0.105870
0.230501
0.185989
0.334860
0.426846
0.032369
0.002463
0.025187
0.165184
0.070345
0.394128
0.306348
0.050855
0.463125
0.701170
0.209884
0.474167
0.297433
0.631920
0.410264
0.136683
0.072144
0.362833
0.106667
0.493115
0.457686
0.214557
0.100812
0.059159
0.264043
0.031334
0.567082
0.365858
0.607873
0.109131
0.073331
0.216501
0.328949
0.193959
0.180029
0.058549
0.260942
0.071423
0.141762
0.529258
0.342665
0.067755
0.203871
0.181641
0.207636
0.062578
0.388750
0.395841
0.098346
0.293680
0.243378
0.464652
0.370464
0.237589
0.654223
0.394841
0.422332
0.069155
0.253811
0.309491
0.262953
0.233589
0.392551
0.168408
0.141220
0.240578
0.217757
0.269450
0.210990
0.537790
0.120610
0.241915
0.216077
0.145589
0.470610
0.076205
0.162746
0.033971
0.112613
0.319810
0.073438
0.102800
0.142491
0.265685
0.375090
0.173853
0.231719
0.244858
0.286897
0.479339
0.378720
0.401628
0.218871
0.318339
0.249013
0.582060
0.105985
0.157045
0.261149
0.190858
0.062168
0.140585
0.225742
0.444419
0.415007
0.426598
0.084483
0.107544
0.482770
0.027420
0.230883
0.056072
0.391592
0.068175
0.192964
0.238226
0.206479
0.116819
0.174505
0.331013
0.033853
0.244662
0.437467
0.375442
0.025218
0.334680
0.523278
0.242908
0.049599
0.082451
0.324344
0.160028
0.192711
0.003988
0.517537
0.273041
0.263892
0.101484
0.407089
0.180819
0.275071
0.360818
0.316433
0.159922
0.337336
0.626592
0.182868
0.039306
0.060141
0.399794
0.064417
0.044738
0.017298
0.501328
0.333121
0.034337
0.176214
0.309210
0.069403
0.428294
0.117361
0.295626
0.445558
0.377536
0.171801
0.241089
0.337926
0.573593
0.096135
0.364495
0.198783
0.095072
0.110965
0.242763
0.049596
0.132662
0.140920
0.091627
0.503945
0.580474
0.320542
0.081011
0.327008
0.545898
0.157840
0.096140
0.552959
0.030189
0.169662
0.032627
0.223517
0.265972
0.107391
0.158375
0.636780
0.778579
0.140303
0.011659
0.157898
0.072497
0.247472
0.085067
0.438038
0.285405
0.326482
0.272672
0.107550
0.030385
0.250938
0.102844
0.157810
0.382449
0.162050
0.411496
0.158306
0.384564
0.322780
0.059006
0.014239
0.115356
0.301739
0.262904
0.054780
0.049269
0.340022
0.059712
0.393692
0.338315
0.228196
0.075345
0.368127
0.289017
0.087418
0.395028
0.077936
0.311400
0.213167
0.306906
0.366339
0.040080
0.192371
0.039533
0.324758
0.194396
0.001844
0.143059
0.260626
0.185953
0.233216
0.330676
0.260132
0.185856
0.420018
0.123161
0.045940
0.072523
0.062727
0.105693
0.591377
0.253616
0.165203
0.209482
0.099944
0.213058
0.453286
0.285694
0.618024
0.321024
0.396148
0.012975
0.017999
0.006958
0.449108
0.184824
0.042035
0.400713
0.139646
0.274712
0.244769
0.171440
0.186881
0.148797
0.207034
0.179601
0.007607
0.564937
0.522684
0.088888
0.064331
0.210066
0.334500
0.272803
0.247571
0.122557
0.028485
0.431729
0.138857
0.264866
0.068906
0.308822
0.124978
0.282328
0.105333
0.043473
0.214557
0.086593
0.318170
0.096035
0.234410
0.233778
0.090668
0.081676
0.216875
0.284970
0.260691
0.069505
0.392749
0.152427
0.187964
0.227556
0.220795
0.520674
0.326004
0.121773
0.682346
0.734159
0.222291
0.263309
0.134023
0.261135
0.112367
0.147126
0.303510
0.157860
0.315963
0.241351
0.252859
0.136908
0.222729
0.335707
0.372793
0.024313
0.030813
0.239135
0.616637
0.204826
0.051542
0.355991
0.288390
0.595424
0.333535
0.225610
0.124215
0.047875
0.203096
0.381009
0.131076
0.559586
0.163552
0.136861
0.580190
0.193205
0.357475
0.105390
0.209309
0.172892
0.217418
0.238301
0.103783
0.181613
0.446232
0.506780
0.181939
0.070511
0.334784
0.175799
0.230919
0.277411
0.035174
0.232801
0.448574
0.390458
0.165553
0.071803
0.020194
0.489333
0.547671
0.209918
0.339273
0.084329
0.174192
0.113195
0.161341
0.142337
0.077925
0.197193
0.057818
0.227643
0.236134
0.140400
0.319071
0.245288
0.554962
0.305381
0.104314
0.061824
0.558495
0.266664
0.353943
0.298852
0.039304
0.024553
0.145310
0.300217
0.250842
0.409734
0.219909
0.195820
0.668422
0.163371
0.293988
0.112898
0.100396
0.174187
0.122254
0.111930
0.130649
0.208517
0.375662
0.576868
0.051039
0.491289
0.552026
0.249254
0.222981
0.214213
0.123128
0.424888
0.189544
0.336905
0.021750
0.196283
0.343655
0.132662
0.012646
0.276073
0.340918
0.233094
0.185431
0.414384
0.008668
0.029528
0.351348
0.321130
0.370744
0.093850
0.373787
0.246711
0.011840
0.219090
0.620834
0.030357
0.421737
0.104786
0.170380
0.388578
0.069059
0.100450
0.088798
0.094493
0.098145
0.151941
0.003334
0.329123
0.283262
0.366713
0.547813
0.012307
0.001061
0.449119
0.064181
0.307019
0.490070
0.040192
0.166534
0.253062
0.509858
0.100011
0.193743
0.435172
0.250653
0.281583
0.338405
0.267090
0.001670
0.050811
0.084895
0.569661
0.137269
0.160714
0.429812
0.266206
0.221028
0.480838
0.607331
0.328344
0.473612
0.183325
0.277751
0.656170
0.486566
0.415753
0.009838
0.431183
0.233913
0.395736
0.244793
0.044618
0.370457
0.227183
0.000203
0.197912
0.327809
0.392492
0.308112
0.131934
0.371142
0.379054
0.199276
0.137597
0.163352
0.314793
0.420061
0.160243
0.383084
0.220405
0.136665
0.340286
0.174710
0.354726
0.337935
0.141734
0.093312
0.084910
0.066893
0.415405
0.598945
0.223128
0.045355
0.631764
0.184942
0.500234
0.511124
0.212780
0.472564
0.140539
0.338028
0.177458
0.388164
0.031015
0.053942
0.506700
0.055727
0.184350
0.479777
0.502553
0.102275
0.170005
0.381319
0.123465
0.137768
0.128902
0.038840
0.234165
0.050550
0.080050
0.070367
0.064036
0.364074
0.179622
0.187394
0.123222
0.396846
0.404809
0.324390
0.326620
0.014286
0.067706
0.445578
0.072653
0.050705
0.267487
0.415057
0.217242
0.277034
0.362286
0.136272
0.149528
0.120665
0.244709
0.456954
0.057621
0.025457
0.384824
0.426478
0.293146
0.149182
0.238945
0.047437
0.176269
0.081870
0.041931
0.037184
0.205908
0.429178
0.469242
0.129695
0.185116
0.500812
0.389830
0.005741
0.302432
0.056797
0.237747
0.136362
0.271611
0.086011
0.201223
0.126479
0.029071
0.209894
0.173930
0.089744
0.001657
0.242778
0.342910
0.007331
0.607149
0.044232
0.054735
0.015182
0.649133
0.116351
0.256614
0.171721
0.001321
0.368154
0.476385
0.317117
0.005890
0.173977
0.148356
0.221331
0.373130
0.150734
0.090297
0.220797
0.019548
0.655405
0.233939
0.008613
0.488527
0.005934
0.461036
0.517408
0.368568
0.017425
0.310586
0.108722
0.537456
0.147959
0.162929
0.321903
0.269513
0.038893
0.512968
0.591784
0.545183
0.230761
0.402824
0.384837
0.650977
0.177023
0.104075
0.023076
0.046449
0.025391
0.284091
0.099352
0.034328
0.328256
0.010803
0.108591
0.366327
0.371788
0.632782
0.228360
0.110789
0.531406
0.008948
0.020116
0.219436
0.064490
0.111515
0.118418
0.293659
0.516693
0.228763
0.022822
0.232679
0.001986
0.284673
0.111111
0.276691
0.504367
0.022519
0.113870
0.193854
0.227293
0.013685
0.595915
0.288849
0.038918
0.322526
0.703655
0.310744
0.012682
0.026100
0.234491
0.103096
0.236825
0.392652
0.130645
0.009534
0.058399
0.079793
0.334533
0.376312
0.225467
0.471952
0.177474
0.076663
0.071529
0.557930
0.094096
0.190754
0.183889
0.023247
0.179000
0.228055
0.630718
0.401770
0.512725
0.419029
0.250807
0.463601
0.375202
0.217699
0.026498
0.349525
0.118986
0.575463
0.376503
0.083222
0.316981
0.208822
0.038091
0.608805
0.014349
0.176553
0.262102
0.197795
0.008890
0.405512
0.288942
0.289064
0.290975
0.137024
0.140866
0.370129
0.707493
0.208582
0.290501
0.241107
0.570300
0.144003
0.007118
0.268046
0.190678
0.368895
0.407664
0.249892
0.093452
0.572979
0.422060
0.593227
0.182371
0.209040
0.102556
0.092562
0.269399
0.156964
0.188674
0.314003
0.011100
0.365835
0.060008
0.308383
0.040739
0.094347
0.093648
0.614934
0.024731
0.045498
0.073116
0.394245
0.165681
0.022093
0.242648
0.274164
0.191623
0.152801
0.129686
0.482386
0.478683
0.548461
0.500405
0.559985
0.258522
0.233786
0.017131
0.552464
0.405124
0.168995
0.161051
0.113278
0.237991
0.064552
0.058540
0.104351
0.394786
0.106072
0.113950
0.494725
0.646866
0.053232
0.247329
0.306771
0.264535
0.233663
0.204542
0.201697
0.040523
0.199145
0.107522
0.325464
0.407655
0.140429
0.576952
0.018608
0.023624
0.422829
0.122022
0.492213
0.068631
0.198596
0.086693
0.083596
0.662616
0.253115
0.123877
0.021959
0.008227
0.463062
0.125795
0.350545
0.221073
0.077993
0.186300
0.492493
0.194496
0.448212
0.199434
0.110478
0.256532
0.345041
0.125711
0.051581
0.048988
0.101350
0.239615
0.234038
0.493421
0.173057
0.014079
0.308060
0.437514
0.336012
0.148536
0.196069
0.320140
0.262185
0.303855
0.630286
0.120660
0.073517
0.662902
0.026564
0.117764
0.008422
0.613595
0.363978
0.133944
0.338293
0.025112
0.128869
0.378839
0.305667
0.012999
0.235647
0.034520
0.102867
0.330191
0.167447
0.459453
0.029765
0.193080
0.354253
0.095649
0.177855
0.389101
0.401486
0.289904
0.133054
0.355536
0.363449
0.167696
0.181747
0.327700
0.184641
0.065436
0.451658
0.067837
0.154947
0.106195
0.293044
0.110519
0.327146
0.000766
0.261309
0.397727
0.266330
0.273881
0.202989
0.039573
0.076958
0.468534
0.131843
0.423033
0.230553
0.500396
0.093456
0.180963
0.628094
0.112296
0.242441
0.079626
0.239297
0.204460
0.116650
0.314475
0.004103
0.092667
0.349868
0.076466
0.215104
0.312592
0.251391
0.055335
0.286929
0.242959
0.286715
0.131340
0.125880
0.233092
0.404891
0.153710
0.095797
0.070767
0.038044
0.082776
0.282471
0.079511
0.442238
0.073014
0.318937
0.069090
0.300429
0.054955
0.212562
0.094087
0.046671
0.237589
0.341205
0.239280
0.267929
0.287115
0.029175
0.224568
0.156617
0.301225
0.106552
0.298204
0.358818
0.078634
0.134590
0.091042
0.228895
0.605569
0.443229
0.120605
0.156830
0.396655
0.278210
0.078988
0.250541
0.746340
0.526677
0.220003
0.483712
0.054651
0.112741
0.067623
0.283938
0.195071
0.129539
0.153321
0.463261
0.188832
0.172094
0.114631
0.205508
0.407038
0.200420
0.306045
0.205281
0.043627
0.243857
0.591791
0.221452
0.228151
0.225026
0.242116
0.386228
0.143954
0.038632
0.114924
0.123257
0.304984
0.059145
0.425574
0.182974
0.196789
0.360563
0.175592
0.249806
0.158743
0.355579
0.105149
0.041054
0.099849
0.132975
0.062918
0.344275
0.295502
0.054362
0.253142
0.312381
0.411485
0.363056
0.054770
0.051116
0.069293
0.131488
0.051508
0.513644
0.447111
0.003495
0.480288
0.670961
0.154441
0.352820
0.340954
0.530229
0.482081
0.230294
0.008095
0.472350
0.199821
0.502564
0.512162
0.306481
0.011002
0.023474
0.437127
0.074552
0.526213
0.387011
0.454748
0.195961
0.022323
0.222494
0.308377
0.172715
0.178510
0.042538
0.305907
0.147131
0.050485
0.555126
0.268659
0.073830
0.166159
0.366494
0.263966
0.077678
0.335317
0.416666
0.051517
0.304546
0.294176
0.275417
0.390664
0.128820
0.708375
0.280914
0.430826
0.010167
0.164255
0.317446
0.306546
0.350939
0.350449
0.038051
0.197690
0.177819
0.188528
0.230631
0.236492
0.417650
0.187172
0.210730
0.375757
0.128149
0.378044
0.161580
0.254816
0.003425
0.078927
0.320129
0.148179
0.020854
0.238949
0.223475
0.427513
0.134710
0.011415
0.295973
0.302563
0.454191
0.377038
0.416538
0.182386
0.442803
0.292041
0.492287
0.232245
0.144650
0.339995
0.022794
0.204106
0.146649
0.245395
0.415252
0.478004
0.309744
0.131510
0.128576
0.391481
0.021034
0.028406
0.087660
0.351680
0.021599
0.264250
0.178287
0.237818
0.242413
0.037731
0.392350
0.014496
0.168512
0.411337
0.297784
0.080026
0.366733
0.416773
0.277502
0.200186
0.103916
0.401162
0.232979
0.185510
0.081129
0.592212
0.244653
0.202917
0.066070
0.487189
0.109171
0.298270
0.427759
0.158733
0.272632
0.443824
0.624756
0.177137
0.101600
0.025918
0.472743
0.028020
0.126004
0.098843
0.467006
0.216403
0.058392
0.143079
0.184241
0.034698
0.462488
0.273627
0.186257
0.345978
0.426595
0.228952
0.274431
0.375513
0.521885
0.028381
0.128932
0.111154
0.022500
0.063575
0.213846
0.130405
0.191898
0.095013
0.096538
0.529725
0.501200
0.402895
0.217554
0.303112
0.513525
0.069618
0.050822
0.513453
0.010812
0.298687
0.180186
0.040304
0.280243
0.049864
0.198385
0.495492
0.779444
0.146940
0.032459
0.111227
0.052908
0.326566
0.056992
0.377987
0.329377
0.364786
0.369779
0.055742
0.129025
0.210232
0.240269
0.135689
0.518401
0.188335
0.413545
0.009285
0.248773
0.433228
0.052617
0.008813
0.252444
0.437042
0.282963
0.216519
0.152341
0.435577
0.082197
0.362170
0.404103
0.164258
0.011221
0.530335
0.372166
0.220201
0.430344
0.106965
0.317291
0.207674
0.313214
0.425565
0.027060
0.340226
0.192072
0.308654
0.205903
0.009032
0.205057
0.330374
0.158313
0.198553
0.304338
0.340083
0.104338
0.441831
0.041010
0.107282
0.024778
0.211288
0.120018
0.726988
0.241628
0.107896
0.124645
0.030652
0.300423
0.421237
0.359241
0.557717
0.372404
0.230807
0.021883
0.059095
0.045274
0.426088
0.060380
0.044416
0.472874
0.093917
0.167727
0.359921
0.152730
0.159118
0.098722
0.014691
0.085920
0.020299
0.574211
0.616722
0.057661
0.040937
0.157090
0.303202
0.212471
0.199175
0.185556
0.118595
0.415676
0.177158
0.361825
0.073933
0.070160
0.034699
0.309320
0.149492
0.232480
0.227294
0.073538
0.415864
0.154173
0.287560
0.255903
0.066988
0.141908
0.264635
0.337115
0.164484
0.025175
0.387468
0.218550
0.128166
0.156837
0.206956
0.470245
0.352349
0.215219
0.637216
0.651959
0.202578
0.251287
0.204511
0.295605
0.221119
0.142480
0.291379
0.294992
0.278190
0.145483
0.264466
0.161626
0.124794
0.278989
0.355285
0.066126
0.115353
0.180529
0.674097
0.190941
0.092699
0.196353
0.344280
0.707688
0.442009
0.270564
0.179306
0.000648
0.293532
0.308768
0.263548
0.466906
0.113452
0.049757
0.608232
0.256025
0.353971
0.308286
0.152826
0.132079
0.195153
0.155253
0.208792
0.155350
0.419296
0.393470
0.220405
0.083030
0.365714
0.262815
0.335852
0.158361
0.090148
0.360667
0.473336
0.315630
0.258121
0.022028
0.071242
0.501314
0.357972
0.086358
0.253922
0.051233
0.162178
0.306757
0.125670
0.275787
0.134065
0.187051
0.002282
0.312116
0.302850
0.066001
0.244261
0.097805
0.609536
0.293140
0.005035
0.085692
0.322425
0.312793
0.347220
0.279051
0.054766
0.074829
0.309092
0.266019
0.163376
0.343210
0.243152
0.232236
0.566980
0.115803
0.361470
0.108411
0.225854
0.076453
0.092719
0.187576
0.050928
0.097325
0.466205
0.704125
0.055724
0.266099
0.611013
0.047547
0.148682
0.285356
0.111551
0.504549
0.272626
0.286595
0.110947
0.137476
0.256292
0.161534
0.083041
0.390167
0.200777
0.189652
0.285164
0.515400
0.050028
0.057706
0.436272
0.268207
0.580234
0.129113
0.397781
0.241210
0.108780
0.332025
0.603281
0.111109
0.394617
0.111010
0.145731
0.450896
0.074326
0.195480
0.232091
0.157301
0.061646
0.200397
0.025455
0.251433
0.185120
0.268197
0.615952
0.048124
0.113160
0.403863
0.043072
0.299404
0.594404
0.010306
0.178260
0.262330
0.477843
0.274621
0.175276
0.557122
0.326960
0.212389
0.366169
0.145835
0.154369
0.028987
0.148872
0.715664
0.144054
0.176823
0.336424
0.061709
0.267645
0.405205
0.475835
0.189463
0.464148
0.179306
0.292577
0.736600
0.407768
0.389947
0.015097
0.434438
0.040711
0.257308
0.331997
0.147115
0.269277
0.238289
0.175852
0.246876
0.100965
0.274423
0.449900
0.202279
0.363256
0.369952
0.218262
0.328986
0.131259
0.227429
0.361011
0.112686
0.437450
0.265257
0.114326
0.260206
0.168832
0.196002
0.330631
0.136908
0.144560
0.090384
0.088309
0.327254
0.444882
0.310590
0.107770
0.462074
0.103509
0.525682
0.483062
0.217290
0.531768
0.001746
0.262991
0.144958
0.331850
0.088071
0.094442
0.613359
0.079212
0.232207
0.456927
0.351489
0.052496
0.258478
0.349770
0.101171
0.046397
0.030227
0.026566
0.460540
0.016470
0.069685
0.092263
0.159649
0.395574
0.263269
0.271083
0.318507
0.524376
0.451488
0.229807
0.285894
0.025171
0.035126
0.297885
0.199069
0.035900
0.266196
0.517083
0.144209
0.239789
0.465513
0.067111
0.134488
0.201649
0.128484
0.521985
0.006789
0.056473
0.491055
0.470290
0.233642
0.129393
0.256781
0.152274
0.112864
0.020740
0.041665
0.133219
0.272498
0.354985
0.423446
0.203941
0.231487
0.517167
0.400522
0.011124
0.426920
0.084967
0.321618
0.122069
0.333241
0.180018
0.156776
0.191804
0.202547
0.200372
0.238491
0.007052
0.136608
0.156609
0.239153
0.078699
0.638117
0.011510
0.025911
0.136112
0.709893
0.078612
0.299442
0.244158
0.096468
0.253842
0.449116
0.291023
0.147380
0.123556
0.162058
0.290369
0.331660
0.031334
0.020830
0.200062
0.099707
0.554537
0.134497
0.093974
0.381680
0.011084
0.360466
0.461458
0.441607
0.069748
0.457685
0.225583
0.387455
0.194125
0.155009
0.508978
0.334392
0.084275
0.529566
0.492522
0.574855
0.403236
0.426375
0.429715
0.624487
0.284505
0.131601
0.023055
0.015302
0.095919
0.349049
0.200384
0.096283
0.232505
0.011820
0.087021
0.363483
0.406693
0.393873
0.198105
0.040907
0.461094
0.034193
0.164804
0.063365
0.105962
0.124361
0.094793
0.476393
0.549363
0.256992
0.133916
0.178033
0.065993
0.334265
0.195339
0.238836
0.473469
0.068238
0.169582
0.074060
0.263400
0.065469
0.616336
0.323068
0.149354
0.314557
0.783308
0.260700
0.084644
0.073951
0.163917
0.059183
0.107510
0.372635
0.233861
0.070974
0.083843
0.093091
0.242133
0.506903
0.150022
0.463605
0.233089
0.023169
0.101413
0.370122
0.112581
0.280235
0.116490
0.047337
0.113929
0.306289
0.570044
0.366672
0.350847
0.359475
0.257470
0.493354
0.389040
0.288241
0.000093
0.289478
0.219669
0.496907
0.339578
0.008917
0.342853
0.173148
0.057166
0.640020
0.002738
0.117193
0.163491
0.199295
0.029136
0.339791
0.201074
0.409419
0.215164
0.146159
0.023218
0.257217
0.631307
0.060326
0.398814
0.153239
0.446403
0.085573
0.127148
0.477347
0.077221
0.292527
0.379410
0.197367
0.089538
0.474440
0.451164
0.586612
0.141624
0.093243
0.160263
0.045826
0.165281
0.182557
0.160732
0.337198
0.031130
0.327273
0.104285
0.288917
0.009824
0.046963
0.104576
0.601076
0.008494
0.071217
0.061268
0.392633
0.151365
0.150578
0.178884
0.271299
0.030668
0.184402
0.149192
0.468097
0.399713
0.558951
0.418927
0.508687
0.136380
0.187736
0.006627
0.616600
0.399423
0.199485
0.081460
0.163057
0.123857
0.073868
0.014485
0.089474
0.342900
0.189486
0.090645
0.339770
0.629225
0.160071
0.261258
0.202716
0.318538
0.247717
0.190952
0.228908
0.097927
0.105756
0.288376
0.325037
0.380630
0.163263
0.716526
0.002908
0.096777
0.320521
0.102312
0.458997
0.057115
0.157830
0.091862
0.023169
0.583138
0.225315
0.148042
0.011284
0.028497
0.424997
0.059201
0.213258
0.163248
0.026109
0.114611
0.442923
0.119368
0.500857
0.247866
0.130539
0.122979
0.319487
0.027927
0.042868
0.036614
0.115538
0.225353
0.079864
0.498057
0.151950
0.065596
0.347024
0.470841
0.388670
0.192934
0.087186
0.399751
0.310392
0.228254
0.436551
0.113636
0.015124
0.515399
0.126585
0.078188
0.113527
0.589552
0.197687
0.112429
0.277028
0.092419
0.112573
0.278837
0.298576
0.009046
0.002781
0.052884
0.077138
0.274504
0.022044
0.437948
0.097631
0.100536
0.219370
0.160131
0.212119
0.464090
0.192720
0.174773
0.130392
0.295654
0.296467
0.235387
0.171114
0.387472
0.272596
0.028750
0.584888
0.024748
0.058448
0.125031
0.419095
0.055104
0.373875
0.164395
0.262932
0.191852
0.155882
0.096832
0.141145
0.119088
0.048217
0.441190
0.057312
0.539707
0.182007
0.666909
0.002822
0.308531
0.623547
0.037392
0.343253
0.233460
0.240672
0.118416
0.011325
0.295031
0.254431
0.056188
0.473771
0.162166
0.321054
0.284721
0.256885
0.195503
0.398463
0.212646
0.278626
0.072292
0.005347
0.186627
0.481153
0.085689
0.171124
0.130386
0.019334
0.011656
0.280431
0.136843
0.356813
0.082226
0.280651
0.084674
0.405093
0.058319
0.211651
0.054663
0.044124
0.337189
0.399822
0.121734
0.100473
0.319945
0.040464
0.153838
0.246408
0.286324
0.120833
0.252110
0.479746
0.139834
0.172537
0.056708
0.210122
0.605898
0.479497
0.103183
0.107149
0.341637
0.381073
0.014129
0.058619
0.722431
0.539568
0.221282
0.440806
0.061539
0.062775
0.019046
0.275739
0.212297
0.022686
0.103103
0.399804
0.302838
0.173977
0.039429
0.178495
0.256566
0.208863
0.271351
0.084903
0.019957
0.244660
0.415139
0.065039
0.256446
0.219829
0.273099
0.328418
0.216027
0.076634
0.063332
0.258208
0.430252
0.127002
0.458927
0.148151
0.173455
0.427739
0.160415
0.197770
0.143053
0.335728
0.153272
0.105709
0.029680
0.117064
0.082600
0.279944
0.300145
0.211763
0.228872
0.373748
0.472604
0.271442
0.126776
0.070886
0.068886
0.109392
0.020041
0.551690
0.523713
0.011452
0.444978
0.597991
0.115729
0.327661
0.407955
0.359441
0.495588
0.262472
0.067796
0.518329
0.256761
0.516139
0.486001
0.352009
0.053068
0.109912
0.536027
0.006560
0.355888
0.408570
0.333309
0.249384
0.003224
0.264459
0.272248
0.090419
0.289923
0.007153
0.324935
0.176524
0.170649
0.587715
0.177857
0.063834
0.139281
0.496312
0.352405
0.157169
0.226643
0.393126
0.000182
0.316221
0.258212
0.096485
0.367455
0.002616
0.624322
0.149858
0.401403
0.021594
0.097167
0.306696
0.309369
0.438708
0.316925
0.139874
0.283180
0.129354
0.064744
0.157587
0.290760
0.301297
0.162195
0.231671
0.515122
0.110645
0.274785
0.262398
0.376814
0.019820
0.057364
0.298599
0.186430
0.048976
0.364862
0.195770
0.395809
0.118622
0.179111
0.303254
0.256791
0.334293
0.364769
0.478930
0.075714
0.503873
0.349584
0.419074
0.247337
0.158460
0.397233
0.071334
0.300564
0.207260
0.280111
0.394341
0.435201
0.194072
0.234382
0.108659
0.352216
0.035698
0.158702
0.068235
0.363657
0.009294
0.297260
0.143442
0.214028
0.282861
0.027142
0.444721
0.071254
0.122137
0.375718
0.169748
0.129939
0.458437
0.255707
0.282297
0.392885
0.118384
0.426195
0.282109
0.187166
0.176547
0.592235
0.222003
0.095569
0.021187
0.458141
0.111211
0.328009
0.507967
0.013794
0.275109
0.519915
0.534000
0.182460
0.151906
0.071690
0.494567
0.086700
0.230111
0.226890
0.375709
0.095008
0.060035
0.090779
0.083949
0.062885
0.452948
0.390638
0.054039
0.178709
0.449909
0.327934
0.253460
0.434378
0.307417
0.073015
0.043959
0.050836
0.072891
0.027031
0.257245
0.231234
0.141911
0.024538
0.107490
0.456464
0.403090
0.400248
0.294286
0.236489
0.439377
0.014858
0.055088
0.479277
0.003248
0.436865
0.277699
0.235075
0.300133
0.036096
0.218022
0.321384
0.651524
0.086790
0.049998
0.010977
0.004855
0.481930
0.196183
0.299795
0.335632
0.368720
0.426853
0.042145
0.208693
0.142266
0.362374
0.138575
0.536465
0.192218
0.409105
0.157366
0.181025
0.486560
0.027768
0.005747
0.411417
0.505557
0.359043
0.396446
0.332360
0.471054
0.063777
0.372105
0.359503
0.028129
0.047840
0.665707
0.433122
0.283986
0.326383
0.093577
0.305912
0.165213
0.263513
0.488211
0.043879
0.462346
0.339930
0.281777
0.230891
0.017999
0.277957
0.393994
0.113301
0.105706
0.289970
0.397272
0.084672
0.417710
0.008771
0.165640
0.182165
0.363661
0.119952
0.740718
0.287147
0.018442
0.009039
0.070010
0.337624
0.354288
0.353453
0.437553
0.383385
0.052929
0.002201
0.014571
0.091209
0.393511
0.192640
0.151552
0.472319
0.078956
0.025997
0.419409
0.158912
0.185831
0.207077
0.117995
0.099283
0.009291
0.477439
0.543593
0.064198
0.116521
0.083651
0.255019
0.123932
0.115174
0.229524
0.148103
0.288362
0.199248
0.405994
0.043975
0.132934
0.129297
0.364371
0.103772
0.360251
0.278446
0.063086
0.469404
0.248080
0.299348
0.256108
0.087179
0.213746
0.326154
0.428019
0.020644
0.152683
0.306711
0.263685
0.083263
0.074580
0.130872
0.441942
0.334724
0.258057
0.407849
0.437774
0.168514
0.186673
0.246258
0.328054
0.351712
0.082289
0.310256
0.326816
0.229790
0.138520
0.283775
0.219188
0.025342
0.125595
0.317648
0.100110
0.199992
0.111738
0.571540
0.121715
0.047598
0.001783
0.477390
0.678806
0.431553
0.244539
0.192576
0.091743
0.301525
0.242356
0.274789
0.345275
0.079827
0.243298
0.534233
0.366075
0.332027
0.480273
0.160969
0.115716
0.211925
0.036681
0.304724
0.138915
0.364883
0.244580
0.214608
0.106473
0.398279
0.364362
0.321085
0.027051
0.107654
0.513357
0.502252
0.252683
0.381031
0.095384
0.125640
0.426371
0.132855
0.066061
0.225876
0.025767
0.183841
0.470986
0.128274
0.396196
0.148552
0.122015
0.032953
0.414844
0.284658
0.051968
0.186845
0.022232
0.503221
0.265733
0.078441
0.064146
0.044006
0.379864
0.287555
0.289968
0.018586
0.136990
0.447055
0.238079
0.037407
0.161101
0.246739
0.204349
0.373693
0.062806
0.265057
0.115611
0.378525
0.088016
0.182667
0.213817
0.128001
0.054044
0.547825
0.650526
0.046369
0.066072
0.623608
0.113070
0.038890
0.353305
0.068716
0.533081
0.349324
0.232326
0.285226
0.114663
0.155802
0.147820
0.174156
0.413470
0.062684
0.113094
0.309338
0.594456
0.092256
0.211757
0.500877
0.215423
0.651466
0.132638
0.374492
0.271504
0.244967
0.469054
0.540782
0.223044
0.347999
0.183987
0.027673
0.461563
0.161801
0.255733
0.252373
0.183706
0.018488
0.270074
0.034636
0.137246
0.047873
0.175349
0.517367
0.110970
0.232061
0.341629
0.109506
0.207606
0.607773
0.011291
0.089946
0.265426
0.431122
0.398358
0.165805
0.644229
0.328986
0.126060
0.324130
0.080804
0.236199
0.156361
0.237962
0.755655
0.078297
0.169620
0.213154
0.123493
0.321985
0.190096
0.342961
0.005585
0.392958
0.189835
0.312052
0.687081
0.266523
0.392763
0.010433
0.346500
0.116983
0.073848
0.356987
0.228723
0.094892
0.318284
0.349403
0.281550
0.126634
0.158961
0.607597
0.208135
0.359753
0.321703
0.226177
0.492642
0.046810
0.134911
0.294645
0.007700
0.464222
0.282953
0.123679
0.228098
0.204571
0.007299
0.287665
0.213037
0.167981
0.102522
0.011612
0.194811
0.303782
0.277667
0.092070
0.303158
0.004388
0.545631
0.386597
0.247090
0.481099
0.120221
0.139382
0.188225
0.309555
0.242627
0.103846
0.639415
0.053895
0.239530
0.385548
0.220632
0.026400
0.305221
0.292210
0.121496
0.057558
0.156146
0.026949
0.736150
0.059918
0.123179
0.141845
0.290477
0.395837
0.370369
0.316323
0.486272
0.610722
0.455297
0.116139
0.165102
0.051453
0.047235
0.160007
0.162751
0.018117
0.226148
0.557815
0.008774
0.158463
0.505456
0.063494
0.111667
0.255556
0.062911
0.535526
0.052690
0.079708
0.478200
0.469557
0.121232
0.166632
0.312385
0.234108
0.089774
0.107428
0.003859
0.154638
0.324404
0.262655
0.394703
0.253686
0.270563
0.506352
0.302053
0.069757
0.514128
0.141699
0.347784
0.109654
0.387646
0.171123
0.040359
0.206534
0.265529
0.142917
0.316771
0.035244
0.220913
0.133385
0.159299
0.143817
0.532300
0.035992
0.015595
0.257994
0.627428
0.077140
0.290387
0.229995
0.219319
0.075762
0.371914
0.277368
0.239837
0.041688
0.106247
0.335261
0.261653
0.130855
0.150772
0.178251
0.152960
0.464965
0.086105
0.316208
0.260810
0.035959
0.259028
0.362536
0.416302
0.075420
0.629590
0.175823
0.257129
0.295225
0.181232
0.634440
0.410381
0.204366
0.498418
0.339122
0.510325
0.429969
0.342515
0.461591
0.468030
0.416499
0.158464
0.156546
0.043702
0.139446
0.402710
0.241732
0.155647
0.089253
0.019701
0.010589
0.379332
0.433675
0.192998
0.187727
0.044727
0.352137
0.015689
0.250559
0.016369
0.037275
0.110501
0.090692
0.588574
0.472428
0.280085
0.227112
0.163412
0.047395
0.337767
0.280430
0.202973
0.415829
0.076085
0.094349
0.055553
0.334165
0.159701
0.560353
0.209544
0.204887
0.302066
0.719765
0.198232
0.182661
0.167458
0.004880
0.183265
0.027758
0.350557
0.324271
0.090553
0.179568
0.134486
0.161406
0.499256
0.117259
0.384056
0.254301
0.010614
0.169872
0.164899
0.144697
0.337653
0.033769
0.028461
0.038511
0.372146
0.435820
0.319797
0.175769
0.226431
0.242418
0.430334
0.410417
0.366199
0.016385
0.220896
0.305649
0.388074
0.267176
0.061590
0.327477
0.165030
0.056321
0.518249
0.056454
0.027044
0.042841
0.219245
0.019102
0.239321
0.041012
0.414452
0.214121
0.123826
0.156242
0.104967
0.453358
0.090738
0.468946
0.043166
0.312669
0.023068
0.161954
0.615495
0.036978
0.293146
0.306313
0.120692
0.067195
0.261201
0.452360
0.498456
0.122564
0.077082
0.214569
0.186390
0.024852
0.186743
0.108904
0.330819
0.066922
0.215461
0.159339
0.280459
0.100986
0.025050
0.125973
0.491342
0.083931
0.142298
0.016959
0.365760
0.150639
0.355432
0.187984
0.224892
0.126741
0.182124
0.122391
0.399412
0.264345
0.504242
0.307840
0.441115
0.003883
0.136265
0.001774
0.596934
0.357882
0.130275
0.027489
0.169354
0.020869
0.050306
0.122572
0.104671
0.275845
0.244481
0.043634
0.156270
0.529369
0.234813
0.294328
0.068276
0.353309
0.258863
0.210278
0.226008
0.112213
0.037959
0.426524
0.311063
0.255715
0.228172
0.672715
0.038943
0.098618
0.190199
0.040107
0.457990
0.223326
0.102791
0.093968
0.120713
0.473866
0.222851
0.226837
0.023804
0.022308
0.394287
0.055801
0.077989
0.127169
0.153120
0.041467
0.354630
0.058627
0.519972
0.339352
0.131694
0.014424
0.180235
0.072332
0.123784
0.139281
0.057923
0.208105
0.018193
0.504155
0.125722
0.067701
0.355448
0.457514
0.412036
0.246325
0.045692
0.436175
0.350362
0.110322
0.278756
0.169868
0.139171
0.299755
0.243987
0.072560
0.135209
0.433679
0.060498
0.087518
0.244741
0.212706
0.135759
0.148183
0.298104
0.027631
0.222657
0.116233
0.306185
0.168647
0.168346
0.365400
0.084162
0.031577
0.159823
0.186768
0.182019
0.543836
0.067779
0.006053
0.073044
0.224220
0.241802
0.343676
0.103266
0.486429
0.357802
0.130602
0.647850
0.054786
0.002740
0.154420
0.453368
0.001338
0.382028
0.313640
0.278347
0.035884
0.109325
0.100883
0.153189
0.187843
0.022376
0.451287
0.077846
0.553819
0.141508
0.645173
0.006665
0.514009
0.578388
0.001270
0.456865
0.356004
0.265368
0.060803
0.010049
0.228010
0.512487
0.061059
0.506155
0.303814
0.442268
0.278800
0.277934
0.279731
0.479256
0.208725
0.275662
0.046382
0.103085
0.144087
0.493591
0.000004
0.221941
0.270877
0.055493
0.047836
0.285331
0.230451
0.267002
0.188199
0.326397
0.060361
0.443813
0.093935
0.206987
0.043904
0.031992
0.438581
0.476037
0.004698
0.033652
0.289655
0.123143
0.071522
0.313807
0.367548
0.106094
0.154633
0.550922
0.184573
0.160932
0.018786
0.220160
0.568376
0.388671
0.075997
0.066021
0.172215
0.368288
0.008978
0.053279
0.595414
0.458418
0.192868
0.400433
0.190684
0.093993
0.031282
0.323305
0.176635
0.173866
0.014313
0.342809
0.367557
0.189346
0.209444
0.092435
0.202026
0.187338
0.239302
0.049695
0.056961
0.322636
0.206940
0.020125
0.290348
0.170577
0.253644
0.263563
0.195162
0.082191
0.004888
0.296469
0.525246
0.147425
0.392632
0.186767
0.088018
0.460666
0.172049
0.109266
0.168182
0.321730
0.168448
0.155047
0.186084
0.074807
0.233163
0.201759
0.332386
0.256053
0.301405
0.369817
0.447569
0.197147
0.192816
0.088894
0.024624
0.123120
0.001296
0.550990
0.597219
0.032752
0.308178
0.377601
0.096092
0.282135
0.439171
0.112048
0.583119
0.222695
0.000860
0.476679
0.338585
0.458027
0.398656
0.387131
0.079438
0.138158
0.632659
0.049296
0.249791
0.340048
0.195054
0.275099
0.031434
0.272329
0.196523
0.054895
0.412780
0.025766
0.329875
0.191641
0.267216
0.536034
0.116913
0.039606
0.151487
0.485930
0.413821
0.156264
0.052304
0.293336
0.037073
0.348254
0.203445
0.035418
0.365520
0.139652
0.450554
0.000833
0.318440
0.011030
0.084427
0.310853
0.265006
0.514545
0.261757
0.323073
0.331927
0.113929
0.102198
0.070978
0.295360
0.178517
0.132122
0.255181
0.554300
0.037413
0.253063
0.323614
0.422025
0.058998
0.007148
0.282074
0.181863
0.056302
0.442092
0.098317
0.373433
0.136874
0.356124
0.357099
0.292281
0.154351
0.278701
0.426804
0.023095
0.491207
0.357352
0.311956
0.130108
0.204483
0.551041
0.120694
0.299169
0.273285
0.351114
0.396962
0.296538
0.063990
0.266824
0.050411
0.288021
0.056889
0.338815
0.022188
0.369936
0.006055
0.227618
0.180030
0.240325
0.283461
0.114234
0.464873
0.120044
0.124579
0.345944
0.057608
0.146134
0.426282
0.156421
0.322676
0.518941
0.129291
0.451579
0.261308
0.140799
0.176000
0.557220
0.227937
0.035682
0.075624
0.370522
0.088319
0.347398
0.536713
0.079441
0.252816
0.588368
0.426337
0.169231
0.236217
0.120034
0.445178
0.148375
0.316574
0.316671
0.282450
0.006287
0.071192
0.064539
0.000341
0.044980
0.424403
0.510322
0.062545
0.039352
0.421827
0.461711
0.224424
0.451196
0.083720
0.196133
0.161467
0.069389
0.040240
0.029388
0.314420
0.379346
0.039980
0.013643
0.125705
0.363515
0.315602
0.270351
0.320220
0.114142
0.326807
0.141084
0.053652
0.348990
0.032386
0.430747
0.340812
0.365565
0.322376
0.032654
0.227931
0.132339
0.412665
0.086900
0.056349
0.063080
0.099217
0.488276
0.277355
0.211880
0.321304
0.353598
0.422302
0.031554
0.223294
0.197213
0.436121
0.169118
0.356255
0.163566
0.400082
0.257634
0.083488
0.487971
0.056877
0.063205
0.458218
0.518967
0.402892
0.507443
0.410371
0.437815
0.005364
0.397009
0.321960
0.073050
0.082045
0.694480
0.369254
0.278490
0.141681
0.094436
0.265375
0.131880
0.166606
0.569150
0.048879
0.543145
0.395709
0.239115
0.242151
0.099144
0.352113
0.434846
0.094703
0.014299
0.245666
0.405152
0.089754
0.333741
0.066709
0.217844
0.342046
0.514667
0.126470
0.642757
0.297259
0.138823
0.146188
0.123890
0.245627
0.266689
0.275882
0.367241
0.341005
0.095874
0.045811
0.007062
0.086431
0.329227
0.377133
0.216578
0.374805
0.027385
0.186990
0.384866
0.230248
0.219696
0.268522
0.307322
0.148504
0.006994
0.303327
0.441156
0.091321
0.141912
0.023228
0.243578
0.016878
0.038924
0.261368
0.156662
0.096432
0.216841
0.372474
0.134993
0.270503
0.163201
0.332088
0.052123
0.544946
0.388468
0.034429
0.490169
0.262667
0.276602
0.273372
0.135748
0.308139
0.309721
0.515593
0.236774
0.242947
0.220577
0.230346
0.055517
0.016921
0.040335
0.340621
0.285232
0.250367
0.289921
0.300277
0.113198
0.075454
0.332054
0.336931
0.523496
0.031433
0.275568
0.364781
0.191485
0.112842
0.238454
0.284016
0.055038
0.024402
0.181883
0.101154
0.197691
0.122497
0.507112
0.016851
0.007736
0.111142
0.526145
0.510026
0.355987
0.151443
0.304835
0.255178
0.264523
0.141280
0.269867
0.236801
0.042476
0.389630
0.461520
0.409788
0.237376
0.619565
0.171844
0.101547
0.246863
0.116655
0.408311
0.098148
0.309860
0.062846
0.182916
0.079190
0.416673
0.431416
0.292002
0.093478
0.057618
0.577389
0.484214
0.198451
0.455506
0.238890
0.172482
0.311419
0.065614
0.173164
0.142982
0.041004
0.169435
0.537446
0.166835
0.559356
0.188385
0.097478
0.092707
0.503741
0.194871
0.137570
0.128077
0.093550
0.393474
0.128343
0.104968
0.018242
0.217711
0.421959
0.217182
0.346736
0.003503
0.229067
0.535862
0.229053
0.128878
0.014992
0.240294
0.151461
0.223936
0.001242
0.066810
0.133663
0.532343
0.199147
0.200610
0.340178
0.224671
0.026302
0.602141
0.523756
0.025946
0.037826
0.589826
0.256021
0.110784
0.400797
0.004014
0.465723
0.358717
0.216367
0.362660
0.148772
0.100131
0.171186
0.243558
0.415477
0.051831
0.062508
0.387325
0.622629
0.108653
0.353491
0.459973
0.150526
0.562476
0.076031
0.343266
0.276935
0.299263
0.600631
0.375447
0.300547
0.278847
0.256236
0.062774
0.395640
0.209588
0.310782
0.201058
0.252917
0.077951
0.330297
0.078601
0.040828
0.023709
0.089649
0.356877
0.214264
0.296761
0.338077
0.184127
0.093479
0.585078
0.066973
0.028296
0.252465
0.327070
0.519679
0.072734
0.659846
0.280027
0.081179
0.340494
0.052444
0.259539
0.154372
0.300178
0.601789
0.047006
0.160432
0.066103
0.261403
0.300639
0.012231
0.243689
0.179653
0.299779
0.204076
0.309822
0.520921
0.091897
0.344276
0.017000
0.205820
0.209387
0.082251
0.388513
0.283447
0.093657
0.365015
0.531657
0.186165
0.328317
0.096540
0.687506
0.209585
0.368387
0.229138
0.221192
0.646253
0.006089
0.036831
0.219273
0.091408
0.492245
0.246639
0.187794
0.185489
0.333004
0.193230
0.298368
0.246550
0.169502
0.086594
0.055207
0.162436
0.150861
0.186907
0.023081
0.135440
0.081939
0.533937
0.278545
0.256220
0.358708
0.274837
0.001371
0.233470
0.302889
0.413023
0.121479
0.515408
0.024568
0.246716
0.264972
0.149745
0.069232
0.372936
0.204667
0.167457
0.162441
0.187042
0.097849
0.859531
0.088538
0.184015
0.211235
0.361721
0.404065
0.483010
0.269966
0.581019
0.613252
0.447251
0.054135
0.023797
0.119840
0.098843
0.046595
0.171658
0.049030
0.120933
0.592157
0.207161
0.017348
0.475362
0.088056
0.056420
0.308201
0.027827
0.460968
0.086639
0.008030
0.387719
0.412706
0.034535
0.209874
0.322494
0.237640
0.137683
0.231527
0.040258
0.213743
0.389773
0.139060
0.350004
0.235533
0.299991
0.401429
0.164513
0.139753
0.564142
0.159107
0.364016
0.074375
0.437770
0.072004
0.105101
0.334085
0.269133
0.089092
0.423118
0.037544
0.249394
0.175536
0.090677
0.130901
0.392585
0.098965
0.022783
0.373188
0.507030
0.152509
0.246520
0.237360
0.409631
0.042641
0.337739
0.205735
0.305464
0.156315
0.017129
0.360082
0.175857
0.271257
0.265045
0.210477
0.230521
0.358545
0.027567
0.527620
0.137467
0.070873
0.156507
0.215808
0.313964
0.038355
0.684177
0.106587
0.094640
0.386501
0.189423
0.702331
0.405131
0.289172
0.359033
0.214180
0.437086
0.401889
0.174505
0.426466
0.305999
0.480517
0.135602
0.266255
0.063657
0.329391
0.459499
0.257334
0.216939
0.050785
0.001244
0.081931
0.363560
0.387997
0.046827
0.170349
0.156631
0.321587
0.086804
0.282102
0.066466
0.044354
0.125669
0.057139
0.603775
0.359997
0.254356
0.278202
0.233162
0.039437
0.301286
0.366728
0.184196
0.312874
0.036136
0.092166
0.176479
0.440404
0.257139
0.471716
0.010905
0.210403
0.253336
0.542692
0.058577
0.228905
0.319870
0.138496
0.315831
0.137101
0.309789
0.349709
0.074459
0.177663
0.146451
0.100753
0.370828
0.063234
0.321259
0.230818
0.007455
0.214346
0.005925
0.113375
0.357316
0.009530
0.004904
0.047567
0.443061
0.262384
0.291516
0.012995
0.065539
0.188024
0.344000
0.351313
0.414281
0.049620
0.128557
0.243465
0.211519
0.177051
0.142200
0.305817
0.187482
0.123102
0.335070
0.129656
0.050421
0.025973
0.164662
0.005891
0.097839
0.139452
0.352709
0.121954
0.100790
0.325616
0.058278
0.244039
0.182427
0.460043
0.053187
0.154320
0.023471
0.139665
0.603956
0.033763
0.302460
0.195205
0.038822
0.015499
0.081382
0.393677
0.427224
0.051125
0.237320
0.249404
0.287291
0.015922
0.160434
0.099809
0.314815
0.115449
0.134964
0.181894
0.305622
0.137183
0.096470
0.134378
0.288347
0.135937
0.205280
0.127335
0.267161
0.077506
0.459224
0.199528
0.252747
0.208153
0.148840
0.117180
0.286599
0.112249
0.416278
0.173912
0.377570
0.140056
0.104991
0.074845
0.517003
0.329409
0.055007
0.002341
0.226322
0.043740
0.032070
0.195680
0.129878
0.236090
0.172749
0.049145
0.030383
0.430506
0.255136
0.292170
0.002814
0.370343
0.350885
0.211130
0.155009
0.092698
0.133201
0.471996
0.233882
0.163861
0.311148
0.500033
0.113940
0.150721
0.165170
0.019966
0.471507
0.401829
0.087916
0.097099
0.257057
0.264005
0.190138
0.288835
0.099518
0.102201
0.302961
0.113688
0.010457
0.086679
0.220423
0.050360
0.331096
0.005294
0.534445
0.455176
0.065951
0.106901
0.000074
0.200704
0.210874
0.177259
0.031131
0.190654
0.070920
0.494544
0.068742
0.004218
0.403577
0.375808
0.456520
0.251527
0.169068
0.480521
0.355207
0.057582
0.055210
0.243766
0.236675
0.047398
0.354957
0.078878
0.167550
0.262024
0.053736
0.070622
0.207692
0.274607
0.142855
0.000929
0.308067
0.037536
0.318331
0.128033
0.434874
0.084451
0.268932
0.286924
0.000488
0.008177
0.033932
0.266710
0.116453
0.564351
0.011543
0.144323
0.104226
0.233108
0.191832
0.469880
0.004757
0.515170
0.430158
0.223420
0.595728
0.026539
0.079955
0.206139
0.495984
0.100794
0.315230
0.445963
0.335058
0.026958
0.127847
0.220292
0.215784
0.310204
0.005524
0.458711
0.094735
0.531052
0.083288
0.517923
0.091534
0.559409
0.413236
0.038716
0.517709
0.346144
0.259350
0.167591
0.027712
0.107388
0.673150
0.053434
0.577336
0.447439
0.497913
0.233072
0.283922
0.338519
0.543922
0.196968
0.184289
0.065406
0.182856
0.144971
0.423504
0.005155
0.212151
0.429713
0.094722
0.051060
0.286416
0.381978
0.220198
0.290399
0.300543
0.006867
0.444290
0.133010
0.218003
0.075475
0.027522
0.453344
0.463914
0.085120
0.147681
0.348529
0.150219
0.035848
0.355393
0.424593
0.101682
0.098482
0.544364
0.194184
0.087863
0.169301
0.251510
0.473355
0.183754
0.098408
0.040667
0.053954
0.343080
0.014156
0.070924
0.436193
0.348608
0.211649
0.339736
0.306588
0.148743
0.145098
0.315146
0.009432
0.291822
0.061820
0.285809
0.366287
0.257809
0.379235
0.004234
0.125802
0.122646
0.190176
0.127575
0.169040
0.391533
0.021847
0.066668
0.314673
0.121246
0.295879
0.220738
0.128994
0.085812
0.020767
0.255076
0.530717
0.094696
0.258591
0.135651
0.006198
0.480389
0.175675
0.053290
0.252748
0.315697
0.214568
0.151200
0.312165
0.038208
0.354997
0.115486
0.353232
0.240951
0.284483
0.271645
0.343984
0.189818
0.202188
0.088791
0.053807
0.194537
0.037064
0.515238
0.577269
0.018949
0.158715
0.256067
0.054071
0.307785
0.471420
0.164926
0.511677
0.158976
0.152153
0.403259
0.412796
0.406783
0.251466
0.398134
0.080019
0.138839
0.607708
0.139929
0.111370
0.365574
0.114129
0.235962
0.004744
0.285413
0.130561
0.021871
0.460363
0.057599
0.326924
0.235448
0.304124
0.502878
0.111362
0.010692
0.176380
0.340009
0.461638
0.099672
0.128979
0.197216
0.102681
0.306911
0.162265
0.072969
0.336148
0.285430
0.209596
0.092487
0.233436
0.085366
0.061637
0.343753
0.213786
0.548585
0.224435
0.528364
0.294239
0.162500
0.317302
0.055445
0.264448
0.072737
0.051861
0.296550
0.501153
0.024688
0.130072
0.314533
0.481663
0.060673
0.053012
0.341661
0.173468
0.107957
0.456358
0.025152
0.294455
0.210362
0.460464
0.396479
0.343170
0.034721
0.179726
0.367311
0.140954
0.455309
0.405481
0.195065
0.044894
0.294532
0.580140
0.118819
0.246919
0.354449
0.366347
0.374275
0.101969
0.009731
0.306169
0.038157
0.252326
0.076734
0.380769
0.130764
0.374082
0.024987
0.144290
0.255334
0.214397
0.161258
0.155260
0.389850
0.171250
0.176802
0.258560
0.042551
0.101398
0.432513
0.109966
0.326723
0.525145
0.140250
0.425813
0.174569
0.138970
0.220171
0.460956
0.281224
0.178526
0.168991
0.285527
0.039441
0.377839
0.466979
0.149409
0.193903
0.518637
0.290507
0.081686
0.246349
0.155912
0.323066
0.192798
0.336926
0.344950
0.120759
0.123818
0.048335
0.063998
0.045801
0.012803
0.372017
0.640611
0.151184
0.105059
0.287842
0.512070
0.158924
0.462907
0.266918
0.219556
0.190526
0.121308
0.062809
0.037813
0.316283
0.547929
0.087874
0.004765
0.188093
0.350742
0.271127
0.169158
0.330598
0.064287
0.245285
0.210039
0.068235
0.222338
0.088979
0.370106
0.324608
0.380186
0.327975
0.034336
0.278853
0.005100
0.213337
0.075484
0.109768
0.161308
0.239744
0.427755
0.307325
0.112969
0.302815
0.289431
0.333323
0.089648
0.199240
0.288594
0.421608
0.249530
0.087093
0.118019
0.379448
0.352989
0.108808
0.399332
0.132655
0.105211
0.422446
0.444671
0.503896
0.559967
0.472124
0.338691
0.201182
0.437057
0.270947
0.195796
0.080022
0.618058
0.275177
0.159515
0.002601
0.102098
0.297673
0.110886
0.042429
0.574238
0.006261
0.498967
0.399601
0.148602
0.205905
0.176722
0.435523
0.323458
0.036798
0.048654
0.240459
0.420845
0.130109
0.235414
0.098336
0.186633
0.440726
0.548346
0.121508
0.522210
0.372917
0.267998
0.244139
0.243288
0.107912
0.169798
0.273048
0.304040
0.260275
0.170198
0.171886
0.011066
0.066202
0.286311
0.513160
0.193337
0.258632
0.010944
0.357235
0.229899
0.311906
0.303562
0.217604
0.390117
0.317225
0.042492
0.115093
0.348937
0.140982
0.144450
0.127627
0.278989
0.104998
0.016821
0.291004
0.063995
0.102437
0.265281
0.176876
0.305694
0.401670
0.106161
0.343632
0.052155
0.607902
0.539761
0.079255
0.424520
0.352853
0.259326
0.338293
0.203266
0.361407
0.224959
0.559311
0.484220
0.310024
0.115170
0.193003
0.005675
0.080421
0.071079
0.258525
0.247657
0.197046
0.103703
0.139215
0.054855
0.038046
0.372918
0.319684
0.626564
0.055411
0.267529
0.333991
0.210989
0.173100
0.172110
0.370455
0.138018
0.096131
0.069502
0.094782
0.216791
0.099838
0.381571
0.081596
0.124506
0.224469
0.537796
0.338450
0.227122
0.045752
0.396826
0.402789
0.187430
0.004766
0.201164
0.123883
0.034073
0.457972
0.318290
0.421394
0.176384
0.640490
0.176244
0.021282
0.338944
0.196100
0.427718
0.060484
0.258614
0.108129
0.143917
0.046891
0.346395
0.501151
0.233590
0.201640
0.015929
0.588973
0.418637
0.171751
0.514650
0.386324
0.196474
0.257834
0.168533
0.218842
0.071985
0.058263
0.187549
0.494266
0.264561
0.618502
0.161411
0.078736
0.229883
0.507299
0.005734
0.214127
0.086650
0.133708
0.282200
0.020429
0.169255
0.138007
0.333422
0.409857
0.077279
0.391724
0.082056
0.247659
0.537471
0.232334
0.252463
0.150308
0.156275
0.040667
0.078015
0.115477
0.138441
0.215417
0.640533
0.326258
0.280512
0.457629
0.349750
0.020112
0.608678
0.381507
0.089071
0.127352
0.503808
0.293605
0.221951
0.429257
0.088386
0.349650
0.310591
0.236763
0.363378
0.187127
0.088387
0.203326
0.327665
0.353221
0.122187
0.025841
0.419714
0.581052
0.072409
0.434523
0.419260
0.143817
0.347371
0.041910
0.318248
0.312343
0.336637
0.665376
0.216670
0.338369
0.229268
0.364858
0.167117
0.287624
0.284610
0.241823
0.058028
0.242277
0.130180
0.414222
0.198461
0.037837
0.048752
0.042558
0.160446
0.293603
0.290827
0.313881
0.265864
0.028625
0.497338
0.090222
0.177903
0.252246
0.262766
0.585950
0.081332
0.702925
0.123939
0.100476
0.305502
0.201165
0.178245
0.167066
0.388471
0.434711
0.155342
0.143773
0.018812
0.267106
0.239191
0.199299
0.196843
0.327564
0.238569
0.226293
0.282505
0.319027
0.050195
0.337764
0.034632
0.050996
0.245580
0.232534
0.346558
0.213110
0.231577
0.411864
0.624898
0.108220
0.489426
0.042108
0.700075
0.139892
0.366738
0.106709
0.201503
0.741213
0.056333
0.061234
0.228836
0.185810
0.473048
0.174031
0.217868
0.156589
0.461052
0.305267
0.271488
0.309404
0.122931
0.023457
0.172927
0.084969
0.060602
0.029240
0.046637
0.044704
0.137864
0.457435
0.180717
0.240489
0.214017
0.346445
0.147303
0.272953
0.265865
0.532158
0.115977
0.318165
0.018415
0.196974
0.135140
0.070440
0.173334
0.434021
0.154791
0.288916
0.259349
0.142478
0.148651
0.796505
0.086466
0.274955
0.268501
0.401544
0.390547
0.505274
0.179286
0.540112
0.560804
0.440860
0.173409
0.127452
0.168900
0.152592
0.055189
0.039297
0.129312
0.001341
0.556346
0.393177
0.164108
0.385643
0.068864
0.033410
0.263986
0.020490
0.401569
0.124888
0.093225
0.248296
0.356057
0.088218
0.256134
0.257390
0.201748
0.192734
0.338717
0.071860
0.204530
0.509410
0.018950
0.255108
0.191073
0.315800
0.247984
0.028737
0.244724
0.554946
0.175989
0.390544
0.063200
0.341678
0.075306
0.260636
0.431224
0.206529
0.046648
0.498721
0.002295
0.239605
0.205614
0.004431
0.105851
0.186891
0.214060
0.061539
0.447662
0.343868
0.269157
0.216524
0.185640
0.508122
0.008442
0.281962
0.052027
0.268161
0.340749
0.149760
0.368872
0.063472
0.413513
0.354426
0.214150
0.212938
0.299589
0.077012
0.673484
0.024858
0.087067
0.112780
0.114547
0.133078
0.074775
0.584490
0.017480
0.067165
0.514211
0.216302
0.622963
0.361560
0.288777
0.179521
0.097097
0.345780
0.317308
0.057654
0.371337
0.078107
0.492712
0.134733
0.377349
0.143642
0.532305
0.511137
0.216360
0.219394
0.155526
0.001919
0.218833
0.270231
0.408990
0.039329
0.152386
0.190898
0.277469
0.215596
0.263877
0.015703
0.200709
0.127331
0.066418
0.527602
0.201728
0.245786
0.293350
0.316896
0.195939
0.156971
0.476573
0.193819
0.225281
0.090623
0.016124
0.259014
0.557716
0.347745
0.393729
0.183839
0.163432
0.255951
0.323247
0.089777
0.318064
0.429623
0.328250
0.358265
0.141863
0.230975
0.310502
0.020119
0.261048
0.171829
0.055608
0.190359
0.093740
0.152118
0.212101
0.057509
0.256893
0.142863
0.020011
0.335753
0.014253
0.040203
0.143746
0.465043
0.045772
0.227454
0.088931
0.044136
0.056606
0.160341
0.208809
0.461656
0.035196
0.080254
0.155546
0.090486
0.114600
0.229483
0.267010
0.237872
0.125785
0.100583
0.186275
0.131757
0.089442
0.116820
0.022401
0.006490
0.340147
0.243541
0.127289
0.021046
0.498352
0.160333
0.039063
0.192616
0.393726
0.111177
0.059778
0.120076
0.059110
0.448621
0.147474
0.366193
0.080892
0.011796
0.067092
0.101386
0.368049
0.346479
0.016083
0.383513
0.349529
0.309057
0.046854
0.067194
0.124483
0.321630
0.140669
0.019339
0.175153
0.284205
0.195456
0.206345
0.141382
0.141471
0.277801
0.240899
0.241192
0.178701
0.004890
0.500375
0.289965
0.233933
0.182048
0.026129
0.067540
0.240501
0.016248
0.250252
0.071194
0.348434
0.258969
0.019183
0.156648
0.303038
0.326405
0.060926
0.050668
0.306652
0.052464
0.033455
0.205334
0.197682
0.175643
0.059094
0.130081
0.130366
0.312045
0.259158
0.224072
0.054895
0.323155
0.410241
0.247060
0.136774
0.031005
0.239783
0.478802
0.146937
0.070764
0.402391
0.283283
0.239715
0.144376
0.170917
0.125645
0.533557
0.568128
0.079108
0.113350
0.297430
0.119657
0.171011
0.332512
0.199723
0.183416
0.216815
0.135632
0.004261
0.080775
0.254214
0.173473
0.263923
0.028226
0.534620
0.535362
0.073033
0.241257
0.188496
0.348859
0.288926
0.244104
0.030215
0.164233
0.045705
0.476839
0.044639
0.093318
0.430791
0.202169
0.498105
0.220639
0.220453
0.525961
0.320841
0.222939
0.144256
0.378915
0.359114
0.183254
0.410895
0.112401
0.201656
0.129029
0.089434
0.095405
0.232155
0.398182
0.163308
0.167674
0.324277
0.146439
0.343693
0.196744
0.503446
0.028574
0.268745
0.249395
0.182572
0.034769
0.003253
0.362733
0.044354
0.552217
0.006180
0.216670
0.120766
0.248623
0.068408
0.477072
0.129028
0.600105
0.469329
0.325291
0.505878
0.167574
0.204762
0.170800
0.410209
0.204444
0.209021
0.422226
0.324527
0.033330
0.195082
0.236608
0.259755
0.428975
0.029280
0.493679
0.159472
0.409312
0.037629
0.337366
0.112928
0.512172
0.262086
0.133540
0.439089
0.343680
0.287318
0.315523
0.082400
0.047882
0.770982
0.044872
0.564432
0.511907
0.464984
0.266186
0.314713
0.351864
0.578169
0.158040
0.148117
0.122510
0.210053
0.069437
0.270815
0.032780
0.136634
0.555393
0.147532
0.030776
0.301980
0.464204
0.207253
0.423370
0.332907
0.068239
0.389531
0.158980
0.238190
0.103804
0.043795
0.503309
0.456854
0.112573
0.172914
0.355711
0.124614
0.025222
0.381489
0.464757
0.042064
0.040339
0.474825
0.231750
0.006678
0.267308
0.305208
0.335059
0.102555
0.106374
0.012531
0.087101
0.238850
0.094406
0.019943
0.261877
0.195247
0.298467
0.222465
0.400417
0.166053
0.286979
0.340022
0.199895
0.372272
0.091187
0.239042
0.387021
0.309973
0.499547
0.119987
0.117493
0.077916
0.155001
0.172096
0.225491
0.500123
0.175445
0.005992
0.312688
0.068470
0.326350
0.204113
0.030278
0.043069
0.012220
0.115006
0.498257
0.066471
0.027988
0.139605
0.080541
0.422804
0.193201
0.032534
0.351188
0.319880
0.210319
0.033380
0.390407
0.002469
0.389326
0.069459
0.364391
0.144707
0.330361
0.127125
0.232563
0.236157
0.245243
0.100431
0.136910
0.347873
0.075330
0.472139
0.590379
0.007929
0.002443
0.068191
0.008501
0.232966
0.465816
0.338285
0.425882
0.156587
0.276321
0.316559
0.445640
0.330360
0.165332
0.394598
0.086218
0.078370
0.576963
0.157378
0.045646
0.321901
0.031995
0.184538
0.017160
0.237626
0.071095
0.003113
0.451666
0.048550
0.278072
0.234158
0.268070
0.418587
0.111182
0.010302
0.251843
0.185142
0.492274
0.047318
0.266656
0.048116
0.257245
0.187382
0.061842
0.078837
0.352990
0.392289
0.007629
0.080057
0.129767
0.175058
0.165075
0.367840
0.091081
0.521820
0.186644
0.680657
0.202892
0.220492
0.494684
0.160324
0.199508
0.064309
0.086394
0.295352
0.403476
0.130489
0.080683
0.171623
0.497836
0.096997
0.044697
0.375643
0.187007
0.156435
0.392665
0.017179
0.205373
0.294992
0.455250
0.454441
0.417429
0.201400
0.052190
0.232140
0.242788
0.404605
0.445398
0.068638
0.155652
0.399938
0.584022
0.048482
0.163924
0.374317
0.370075
0.363095
0.098316
0.100886
0.298381
0.152528
0.174995
0.100403
0.338433
0.179429
0.355133
0.102099
0.028560
0.380402
0.268453
0.025668
0.149738
0.268787
0.231137
0.211120
0.141331
0.034964
0.045357
0.370128
0.080587
0.367392
0.403045
0.170275
0.404085
0.018791
0.117562
0.157716
0.315825
0.331224
0.350165
0.262595
0.246630
0.002922
0.354989
0.334304
0.142457
0.129380
0.400707
0.215507
0.049587
0.239966
0.223105
0.208310
0.212263
0.268513
0.319172
0.037329
0.205150
0.059778
0.136996
0.096971
0.047168
0.321581
0.727077
0.211579
0.136272
0.159828
0.477881
0.027217
0.434906
0.556918
0.254971
0.167673
0.195321
0.198255
0.117682
0.279141
0.665379
0.195391
0.046070
0.149936
0.402119
0.254724
0.040635
0.413713
0.051317
0.202821
0.245899
0.010606
0.035200
0.075161
0.318161
0.275924
0.313277
0.308335
0.014942
0.324777
0.122746
0.012858
0.132470
0.149962
0.194330
0.348407
0.352604
0.325415
0.083257
0.366837
0.231901
0.199071
0.127356
0.142181
0.423276
0.339423
0.360053
0.246408
0.149275
0.342728
0.481576
0.119134
0.326888
0.172330
0.213439
0.254361
0.394524
0.500294
0.574540
0.442559
0.233734
0.344211
0.434983
0.254829
0.256118
0.120997
0.455413
0.137734
0.060398
0.138240
0.133491
0.292767
0.104827
0.058334
0.490493
0.023725
0.362982
0.310505
0.101442
0.183241
0.226807
0.542511
0.174550
0.020756
0.125691
0.221137
0.364131
0.155259
0.099785
0.057776
0.143368
0.476700
0.513520
0.143070
0.387445
0.369158
0.390112
0.286260
0.316504
0.027050
0.077099
0.319546
0.307016
0.185994
0.191535
0.326502
0.041211
0.048711
0.234870
0.521776
0.153236
0.155584
0.022186
0.389232
0.085623
0.431785
0.370542
0.176393
0.472309
0.456232
0.045055
0.055239
0.266661
0.192348
0.152079
0.215307
0.289001
0.192132
0.003062
0.301277
0.110193
0.310225
0.333191
0.051026
0.364881
0.479276
0.033422
0.297149
0.083556
0.621858
0.610053
0.163968
0.349852
0.400509
0.214140
0.440755
0.208409
0.346491
0.133963
0.551125
0.642497
0.333253
0.078513
0.108400
0.054991
0.102553
0.207593
0.128125
0.258460
0.100736
0.045292
0.063308
0.014129
0.023224
0.329513
0.297213
0.598754
0.138371
0.217254
0.245409
0.223148
0.238021
0.125098
0.397524
0.210613
0.178410
0.063110
0.037823
0.177651
0.119226
0.341002
0.124382
0.203564
0.222213
0.451075
0.181562
0.097606
0.075381
0.516820
0.502177
0.050476
0.141144
0.092763
0.055377
0.044476
0.449695
0.233651
0.326536
0.167364
0.586490
0.179475
0.063425
0.420869
0.247687
0.350390
0.022828
0.241372
0.229600
0.145458
0.019943
0.275034
0.520309
0.128811
0.243835
0.000056
0.482862
0.262731
0.165349
0.528896
0.505929
0.119028
0.190224
0.244607
0.266359
0.026810
0.078946
0.194570
0.406307
0.334800
0.587584
0.171200
0.067019
0.346558
0.465122
0.220654
0.269915
0.090192
0.089348
0.175786
0.116334
0.179442
0.253203
0.341321
0.420218
0.002413
0.428865
0.159470
0.244534
0.474637
0.267844
0.345813
0.265681
0.077221
0.111730
0.005942
0.188235
0.296773
0.322804
0.617968
0.352175
0.252053
0.620221
0.397892
0.078614
0.548325
0.296842
0.228927
0.134304
0.396874
0.291352
0.213878
0.437024
0.207293
0.211822
0.274477
0.286268
0.266446
0.254731
0.139833
0.230344
0.437394
0.351025
0.100593
0.156903
0.501318
0.433961
0.002511
0.390362
0.357028
0.131948
0.081283
0.208317
0.363522
0.307451
0.298650
0.613619
0.079902
0.323682
0.177467
0.431235
0.206765
0.148921
0.313835
0.167314
0.103028
0.312732
0.198914
0.469898
0.403409
0.043420
0.111736
0.038520
0.078293
0.354400
0.239662
0.369664
0.311838
0.158408
0.365524
0.132573
0.290087
0.255824
0.138842
0.631883
0.249508
0.653153
0.130401
0.131484
0.355659
0.392986
0.027672
0.105119
0.458708
0.215651
0.260690
0.066361
0.039014
0.174103
0.125053
0.292670
0.187203
0.433208
0.219323
0.257300
0.218727
0.168100
0.219295
0.271233
0.020697
0.048160
0.195710
0.272531
0.354548
0.086508
0.311941
0.414101
0.622514
0.042304
0.561325
0.025854
0.568001
0.012403
0.336786
0.012454
0.170455
0.740772
0.084315
0.124680
0.288742
0.211589
0.458383
0.113629
0.240331
0.101690
0.542149
0.337366
0.317917
0.303635
0.068119
0.035460
0.275025
0.101314
0.000690
0.145110
0.064007
0.031331
0.141336
0.306456
0.119118
0.155739
0.022038
0.408948
0.202781
0.286269
0.203941
0.595176
0.138649
0.130258
0.007373
0.223434
0.033974
0.044974
0.231207
0.508649
0.094872
0.398064
0.312092
0.032043
0.226972
0.561716
0.004745
0.371375
0.320496
0.409199
0.398845
0.439914
0.023114
0.418938
0.438393
0.389585
0.320700
0.197899
0.302371
0.139411
0.092782
0.061702
0.262569
0.163391
0.452174
0.543108
0.327015
0.269042
0.107494
0.168306
0.204742
0.035604
0.325106
0.163834
0.247505
0.162940
0.297365
0.191160
0.294723
0.176692
0.127538
0.277080
0.440230
0.096789
0.276723
0.614789
0.133956
0.140352
0.091359
0.317852
0.082696
0.062999
0.382252
0.556105
0.147707
0.326762
0.000179
0.316011
0.255491
0.472274
0.562795
0.151973
0.010984
0.517527
0.084307
0.169582
0.237331
0.044617
0.047369
0.006814
0.212546
0.092658
0.530664
0.221794
0.376584
0.124959
0.148644
0.567935
0.085204
0.292617
0.090965
0.220552
0.559674
0.267098
0.353629
0.120446
0.455165
0.422166
0.254432
0.194086
0.167573
0.081485
0.698440
0.043353
0.085197
0.087750
0.008174
0.036297
0.164163
0.443056
0.165084
0.177473
0.552154
0.232012
0.437780
0.300558
0.203493
0.021496
0.038084
0.241736
0.120349
0.299834
0.295860
0.104506
0.444448
0.115490
0.450985
0.178573
0.664708
0.582826
0.080781
0.199113
0.177773
0.074787
0.327232
0.137566
0.356855
0.088141
0.149724
0.213746
0.287592
0.355733
0.246792
0.007463
0.308218
0.176383
0.051644
0.440434
0.071602
0.273181
0.267812
0.410492
0.349095
0.020802
0.455409
0.196998
0.131682
0.270432
0.085842
0.324477
0.649591
0.465009
0.308547
0.295731
0.069812
0.303783
0.086213
0.186850
0.370753
0.497338
0.414902
0.392650
0.102458
0.147993
0.192781
0.083505
0.271910
0.149844
0.000655
0.008718
0.097682
0.103880
0.103450
0.166634
0.260431
0.226202
0.176430
0.322490
0.054263
0.078169
0.193662
0.487682
0.182780
0.172296
0.158708
0.074238
0.117257
0.035269
0.087938
0.473717
0.026615
0.026648
0.012485
0.011354
0.083264
0.312853
0.269928
0.307787
0.123172
0.065217
0.220071
0.162146
0.119482
0.009838
0.074289
0.180309
0.498788
0.165779
0.073680
0.013827
0.579750
0.184910
0.089952
0.216577
0.238533
0.128476
0.002955
0.158332
0.071415
0.300607
0.289000
0.378294
0.043283
0.014161
0.120522
0.165974
0.327005
0.344180
0.045351
0.446076
0.438534
0.324638
0.010003
0.056517
0.179153
0.341168
0.171840
0.021706
0.135818
0.244485
0.264512
0.328280
0.089648
0.001875
0.424229
0.210848
0.390255
0.087779
0.138656
0.471090
0.362299
0.241072
0.128942
0.171401
0.037389
0.237374
0.138899
0.079632
0.002330
0.281386
0.279588
0.063575
0.205082
0.074895
0.322060
0.136931
0.135954
0.407199
0.009344
0.082231
0.161582
0.256366
0.156755
0.133968
0.177120
0.148903
0.204909
0.216435
0.164195
0.041403
0.262243
0.428245
0.273941
0.129810
0.022949
0.259138
0.445207
0.061016
0.009057
0.448001
0.092119
0.367506
0.155955
0.261478
0.152197
0.479514
0.727327
0.106264
0.070419
0.259993
0.034901
0.119083
0.299957
0.258992
0.227465
0.113846
0.186042
0.029821
0.085076
0.156566
0.269720
0.200472
0.025344
0.484343
0.565841
0.245493
0.284934
0.315505
0.476582
0.279807
0.265319
0.033314
0.242393
0.007624
0.421111
0.055630
0.221166
0.335535
0.042048
0.507314
0.151394
0.208391
0.564870
0.268243
0.395031
0.388178
0.486382
0.421842
0.313060
0.390940
0.140455
0.221685
0.080504
0.131821
0.186433
0.205109
0.489171
0.164142
0.282722
0.321112
0.187487
0.306926
0.354089
0.569438
0.093789
0.188500
0.242625
0.300237
0.026720
0.102894
0.327992
0.047939
0.493338
0.021119
0.299761
0.239490
0.235495
0.078740
0.469559
0.290740
0.590364
0.423700
0.371670
0.357070
0.337696
0.380314
0.169771
0.332723
0.261144
0.094954
0.246377
0.309491
0.017511
0.274219
0.151147
0.292258
0.512926
0.064481
0.470821
0.137879
0.256405
0.046693
0.183933
0.163063
0.353049
0.091756
0.302668
0.306583
0.244547
0.316090
0.266661
0.226215
0.018443
0.746456
0.001079
0.524211
0.533989
0.282349
0.242527
0.296741
0.273500
0.606940
0.128519
0.089360
0.124829
0.174220
0.054107
0.165039
0.152434
0.016822
0.613254
0.108082
0.059225
0.279317
0.488154
0.140786
0.460062
0.293938
0.109860
0.328064
0.180314
0.270309
0.130064
0.132881
0.459859
0.363986
0.148810
0.150663
0.398022
0.127863
0.000033
0.389779
0.426227
0.037527
0.029032
0.367859
0.273426
0.038273
0.422302
0.358540
0.205324
0.348448
0.108629
0.034492
0.069312
0.180560
0.169713
0.026999
0.119828
0.065538
0.417413
0.096006
0.458894
0.121848
0.369809
0.268348
0.367426
0.338643
0.108948
0.256438
0.443666
0.370839
0.526967
0.224135
0.072829
0.017200
0.102688
0.148523
0.274827
0.483704
0.257657
0.084426
0.214386
0.060228
0.389105
0.215189
0.000448
0.043979
0.051602
0.052808
0.443677
0.277995
0.206127
0.094115
0.084476
0.320043
0.149033
0.036761
0.427796
0.316061
0.172641
0.154596
0.382597
0.056712
0.300345
0.072627
0.394720
0.025919
0.299462
0.075617
0.158708
0.247004
0.283321
0.122124
0.224276
0.459310
0.140235
0.431313
0.523242
0.013223
0.062641
0.010048
0.049837
0.194755
0.430488
0.401693
0.294366
0.196492
0.356272
0.259413
0.375834
0.279753
0.028571
0.418260
0.088541
0.007648
0.425683
0.197259
0.001494
0.274851
0.026542
0.105081
0.007630
0.207272
0.017520
0.041794
0.403014
0.090593
0.243780
0.165638
0.132332
0.329472
0.102535
0.008641
0.294794
0.044813
0.504542
0.046394
0.331289
0.087401
0.391661
0.074127
0.011858
0.008106
0.394872
0.412220
0.174611
0.059959
0.105146
0.194677
0.246771
0.333476
0.011657
0.453537
0.116592
0.726848
0.101428
0.243831
0.628924
0.258354
0.198018
0.088419
0.126168
0.300494
0.353720
0.237065
0.014696
0.051869
0.456353
0.137363
0.072878
0.448882
0.169643
0.204258
0.282431
0.111650
0.098291
0.402749
0.336093
0.493477
0.358335
0.355555
0.017459
0.158567
0.259487
0.392342
0.457935
0.044610
0.293520
0.467077
0.427155
0.006205
0.050700
0.416763
0.339902
0.290308
0.258449
0.113423
0.310201
0.262951
0.131801
0.112671
0.130768
0.164931
0.326923
0.205678
0.046205
0.485233
0.314198
0.151132
0.157306
0.173705
0.257681
0.260340
0.061673
0.019546
0.028333
0.350863
0.112748
0.279781
0.275430
0.174083
0.350300
0.101611
0.049533
0.130022
0.150473
0.379377
0.480723
0.406597
0.189901
0.021141
0.370130
0.219622
0.057410
0.007606
0.264993
0.148663
0.154979
0.188103
0.281801
0.104647
0.172951
0.173320
0.303393
0.010928
0.243007
0.026682
0.236517
0.109835
0.066947
0.275222
0.737586
0.281143
0.152276
0.054571
0.361833
0.150430
0.430649
0.841370
0.233509
0.096853
0.292688
0.310701
0.182457
0.227227
0.702549
0.256154
0.117057
0.129512
0.413129
0.249892
0.077413
0.446534
0.102649
0.199680
0.144656
0.007585
0.036481
0.035654
0.305711
0.173292
0.149806
0.334856
0.023210
0.334025
0.109316
0.122499
0.158979
0.223564
0.252936
0.424754
0.341444
0.296775
0.086150
0.418523
0.209761
0.059586
0.179921
0.105275
0.472016
0.205456
0.456426
0.492750
0.183107
0.281545
0.463448
0.216894
0.243717
0.172131
0.320166
0.089328
0.281689
0.504856
0.520079
0.448139
0.046014
0.507533
0.461526
0.219621
0.270546
0.152546
0.334295
0.028874
0.009539
0.279562
0.172617
0.283507
0.087986
0.173386
0.332153
0.064901
0.301205
0.214970
0.058124
0.211444
0.241000
0.608766
0.037065
0.010041
0.173163
0.253272
0.250849
0.213818
0.004757
0.085127
0.085559
0.446561
0.384483
0.135654
0.236760
0.417190
0.456008
0.275578
0.385420
0.115208
0.048104
0.367034
0.310945
0.123918
0.114538
0.485561
0.005430
0.154744
0.212696
0.532027
0.082578
0.096409
0.006333
0.392668
0.011313
0.503297
0.471053
0.031674
0.431881
0.579166
0.048508
0.169903
0.174970
0.266573
0.156127
0.239363
0.247380
0.234857
0.059046
0.251351
0.419597
0.466799
0.407363
0.243233
0.455804
0.539192
0.079641
0.294217
0.102456
0.435438
0.587297
0.205404
0.256744
0.423715
0.157547
0.504708
0.188563
0.298952
0.077179
0.476446
0.600258
0.344897
0.038661
0.045725
0.133002
0.087291
0.312080
0.057511
0.283262
0.030734
0.047288
0.036046
0.063062
0.024530
0.190964
0.253181
0.423753
0.289580
0.171514
0.055663
0.210007
0.364141
0.114281
0.393044
0.262391
0.268830
0.153896
0.011356
0.119165
0.124782
0.237196
0.198211
0.326377
0.211380
0.357400
0.048363
0.059547
0.231695
0.516634
0.542694
0.102321
0.249814
0.100279
0.001806
0.142345
0.364698
0.100641
0.219678
0.280918
0.432362
0.237415
0.149773
0.498149
0.202012
0.236799
0.026012
0.237916
0.284954
0.235682
0.073314
0.172559
0.480015
0.014620
0.199687
0.030366
0.358131
0.129673
0.191130
0.531069
0.572347
0.049982
0.153998
0.200018
0.187305
0.078307
0.074234
0.247349
0.275239
0.357497
0.445881
0.115790
0.041916
0.478274
0.405177
0.475026
0.324434
0.106204
0.001002
0.025187
0.213016
0.179109
0.292779
0.241499
0.429734
0.015828
0.492568
0.255146
0.264916
0.382515
0.267243
0.353251
0.359179
0.005204
0.301668
0.041248
0.202107
0.439088
0.448374
0.596252
0.350055
0.321623
0.617264
0.389426
0.169907
0.535143
0.290097
0.359303
0.146459
0.253193
0.191056
0.123771
0.437325
0.310261
0.078919
0.265209
0.321931
0.107799
0.319458
0.216476
0.184110
0.504836
0.368291
0.014938
0.281890
0.454433
0.256950
0.132157
0.386480
0.315201
0.182463
0.168514
0.357323
0.377484
0.316379
0.214931
0.547866
0.004067
0.326933
0.221930
0.471969
0.232147
0.039680
0.370073
0.088563
0.243812
0.303777
0.238761
0.496908
0.544241
0.018977
0.161446
0.027775
0.056477
0.383056
0.181048
0.436728
0.344152
0.255568
0.190492
0.118810
0.444818
0.299681
0.047185
0.554903
0.389872
0.523992
0.363433
0.202718
0.363414
0.508563
0.164564
0.065761
0.501992
0.035064
0.287328
0.042519
0.099471
0.014402
0.024433
0.351851
0.239399
0.466752
0.218494
0.340886
0.163083
0.048212
0.337363
0.242153
0.016038
0.108222
0.088303
0.314098
0.301646
0.067042
0.345280
0.391524
0.526773
0.147337
0.518427
0.010680
0.395430
0.132986
0.303345
0.098256
0.190359
0.604746
0.079984
0.085041
0.370824
0.170141
0.366721
0.064076
0.225064
0.076002
0.533358
0.281413
0.352942
0.327027
0.059045
0.066189
0.428972
0.032972
0.048058
0.320487
0.115461
0.028903
0.130754
0.238188
0.067103
0.127273
0.111206
0.404421
0.286308
0.276516
0.160947
0.547118
0.119262
0.003319
0.035861
0.202265
0.005616
0.049330
0.262140
0.531425
0.087756
0.483739
0.301491
0.100660
0.259599
0.345261
0.101869
0.503866
0.308850
0.429029
0.445595
0.299977
0.129000
0.214199
0.350207
0.317306
0.327995
0.267100
0.432790
0.140786
0.092910
0.291302
0.405067
0.278050
0.284870
0.661072
0.472054
0.177508
0.159905
0.292715
0.063212
0.026953
0.241201
0.182221
0.370871
0.075249
0.230404
0.303468
0.342940
0.146244
0.071141
0.342807
0.471517
0.151271
0.309428
0.651564
0.250096
0.048235
0.001962
0.303808
0.032245
0.113311
0.494021
0.497707
0.153564
0.233868
0.097708
0.253837
0.456779
0.662717
0.551900
0.038048
0.034510
0.467107
0.174345
0.144443
0.247269
0.066012
0.029482
0.219022
0.240634
0.085256
0.574153
0.081617
0.477096
0.077943
0.043324
0.499570
0.106079
0.279608
0.147772
0.076537
0.640235
0.332568
0.264730
0.258326
0.467113
0.470501
0.289229
0.129566
0.090349
0.113236
0.667593
0.071395
0.139990
0.174458
0.065461
0.214474
0.197536
0.237066
0.311291
0.186920
0.592001
0.288267
0.179497
0.298518
0.069228
0.123106
0.023896
0.191604
0.145261
0.572932
0.228900
0.320189
0.376954
0.082787
0.490075
0.164680
0.607274
0.577410
0.097377
0.183553
0.088033
0.124368
0.440493
0.019702
0.348091
0.089620
0.177736
0.218305
0.298744
0.451370
0.138184
0.191911
0.431664
0.181438
0.071052
0.364956
0.058525
0.332495
0.235288
0.497957
0.437720
0.147533
0.285616
0.188875
0.090043
0.454083
0.258052
0.314999
0.651884
0.565388
0.211412
0.328409
0.054789
0.385567
0.150288
0.167565
0.475692
0.447800
0.486231
0.431925
0.029752
0.103837
0.101437
0.241491
0.401829
0.129866
0.043436
0.215798
0.152128
0.064073
0.041915
0.261298
0.295618
0.269798
0.274596
0.328838
0.104831
0.174037
0.186691
0.460970
0.327968
0.137394
0.149102
0.006776
0.274787
0.044552
0.024423
0.501501
0.151095
0.028685
0.130358
0.002160
0.063019
0.384346
0.286730
0.341893
0.102455
0.208267
0.207760
0.154227
0.165579
0.080026
0.183228
0.359324
0.582223
0.024020
0.151503
0.007659
0.611588
0.202560
0.180402
0.221043
0.093867
0.160714
0.017645
0.198208
0.221264
0.109582
0.460356
0.403558
0.158825
0.074260
0.174095
0.227777
0.285258
0.332013
0.076769
0.457865
0.540717
0.312313
0.001667
0.163518
0.132623
0.401571
0.152409
0.116177
0.138229
0.189374
0.319169
0.370385
0.047085
0.051705
0.595591
0.150034
0.469406
0.065352
0.260978
0.458502
0.424188
0.176332
0.042807
0.432216
0.034393
0.275653
0.226827
0.047029
0.005183
0.231717
0.203590
0.084429
0.228770
0.149058
0.299272
0.186721
0.268269
0.501620
0.073349
0.132479
0.105300
0.364178
0.137940
0.323655
0.205086
0.099649
0.081406
0.111430
0.086901
0.122982
0.235145
0.364164
0.318956
0.130633
0.116151
0.278255
0.413605
0.011262
0.137454
0.483730
0.077791
0.506790
0.048451
0.296006
0.166942
0.399408
0.768372
0.133474
0.024331
0.263701
0.041962
0.100993
0.221922
0.280074
0.280178
0.033552
0.188771
0.121907
0.113431
0.040410
0.292505
0.110096
0.047300
0.397208
0.517976
0.345285
0.224713
0.385137
0.529852
0.274687
0.284235
0.043185
0.239311
0.127291
0.365885
0.140850
0.344441
0.195869
0.062252
0.490629
0.078971
0.133689
0.572939
0.173733
0.510545
0.487317
0.581808
0.469915
0.300214
0.315390
0.201456
0.155212
0.077752
0.127017
0.326471
0.194817
0.567601
0.191262
0.342022
0.350396
0.300618
0.245170
0.471088
0.548544
0.136258
0.049325
0.239743
0.401658
0.034493
0.103845
0.193672
0.138159
0.400834
0.055824
0.340710
0.326871
0.267334
0.209974
0.404413
0.429628
0.498054
0.323605
0.358331
0.240053
0.479559
0.499889
0.217282
0.191287
0.256794
0.006439
0.054288
0.264979
0.092315
0.354215
0.089852
0.266035
0.519028
0.069055
0.465557
0.151713
0.082878
0.050564
0.071411
0.078689
0.223483
0.031828
0.496987
0.175461
0.104972
0.376145
0.205378
0.427661
0.057151
0.526301
0.001318
0.312129
0.509746
0.073044
0.282410
0.307200
0.162425
0.602812
0.050812
0.083458
0.206061
0.097327
0.195217
0.088625
0.240992
0.072557
0.556541
0.064832
0.176715
0.251370
0.440396
0.066809
0.422710
0.335716
0.127223
0.219810
0.112835
0.315474
0.117215
0.273435
0.453556
0.334293
0.189814
0.075263
0.348509
0.122248
0.078417
0.386380
0.332655
0.031131
0.119948
0.264089
0.251168
0.093630
0.469440
0.419389
0.043440
0.594239
0.062709
0.075291
0.050948
0.054146
0.304655
0.124960
0.005949
0.052078
0.516874
0.000032
0.479418
0.103873
0.426455
0.250177
0.400390
0.209469
0.084478
0.244691
0.437427
0.446734
0.488653
0.323522
0.105087
0.001541
0.069547
0.015335
0.355640
0.464191
0.251606
0.202961
0.143638
0.042967
0.360216
0.191513
0.002940
0.005152
0.093981
0.257246
0.375803
0.493946
0.322265
0.169045
0.135385
0.213957
0.105684
0.070872
0.489096
0.328119
0.100706
0.281359
0.406538
0.172030
0.216038
0.157233
0.391307
0.139730
0.358008
0.228735
0.158255
0.235416
0.288821
0.123957
0.274204
0.535999
0.169163
0.427415
0.457294
0.010696
0.103759
0.084843
0.065208
0.121693
0.301939
0.355641
0.203393
0.233289
0.472655
0.211147
0.251021
0.236132
0.028877
0.404050
0.131101
0.140649
0.289402
0.180561
0.024001
0.193887
0.089306
0.014964
0.021967
0.121730
0.004403
0.016765
0.332890
0.120744
0.239090
0.087628
0.071530
0.174891
0.112374
0.017728
0.367993
0.076331
0.439273
0.092948
0.376433
0.231749
0.518729
0.028490
0.117364
0.112370
0.422879
0.338776
0.260241
0.212936
0.160148
0.208073
0.193508
0.274121
0.105226
0.370496
0.018808
0.638319
0.003142
0.226690
0.625626
0.345171
0.206874
0.148749
0.248911
0.247942
0.313449
0.397019
0.004500
0.072970
0.308946
0.208948
0.149746
0.445968
0.180480
0.233054
0.116201
0.200244
0.018219
0.457904
0.244595
0.509666
0.290372
0.399775
0.008036
0.058885
0.188196
0.380399
0.394959
0.096628
0.390546
0.448784
0.293950
0.084014
0.028197
0.400412
0.335833
0.196962
0.346854
0.097278
0.199012
0.377113
0.064745
0.166652
0.086761
0.244909
0.288495
0.258121
0.086644
0.536198
0.428105
0.266497
0.178551
0.102936
0.222019
0.331664
0.082387
0.076612
0.083302
0.242493
0.160843
0.199617
0.126860
0.145111
0.301774
0.201723
0.052991
0.025855
0.008010
0.362945
0.516221
0.557582
0.171257
0.159429
0.374747
0.115992
0.130099
0.089666
0.217718
0.176218
0.248812
0.180237
0.359402
0.057042
0.136696
0.110606
0.187629
0.013112
0.214458
0.052893
0.377487
0.087756
0.012258
0.239048
0.597680
0.342644
0.154031
0.001959
0.239264
0.285665
0.383278
0.867574
0.280354
0.029328
0.374381
0.366169
0.250578
0.128159
0.638595
0.228666
0.239478
0.100352
0.379337
0.273223
0.223209
0.322214
0.143784
0.207241
0.101521
0.053591
0.074082
0.214665
0.236641
0.086568
0.033734
0.373422
0.037109
0.307617
0.080147
0.186853
0.200218
0.261594
0.297137
0.421981
0.324112
0.210929
0.126058
0.465966
0.226708
0.072343
0.180976
0.015984
0.467043
0.093347
0.529881
0.604415
0.219118
0.180737
0.352509
0.263672
0.174115
0.160751
0.451193
0.058447
0.166877
0.445577
0.422768
0.347303
0.116314
0.588852
0.379267
0.218557
0.166796
0.133923
0.207298
0.054742
0.085154
0.379724
0.206546
0.207843
0.037525
0.264909
0.134900
0.136262
0.202226
0.125818
0.063602
0.209872
0.263304
0.613582
0.046192
0.072506
0.173724
0.292624
0.094934
0.296140
0.107105
0.217326
0.028074
0.309416
0.298175
0.096083
0.078418
0.404804
0.468312
0.210549
0.350319
0.215053
0.091536
0.397851
0.422322
0.065655
0.001274
0.558830
0.026893
0.302164
0.213994
0.410750
0.021931
0.057120
0.050171
0.316967
0.117751
0.489929
0.502740
0.084429
0.356809
0.578427
0.053271
0.198471
0.169864
0.347152
0.134912
0.257298
0.211066
0.240106
0.183138
0.203271
0.674512
0.486363
0.445953
0.435017
0.488084
0.471215
0.184699
0.253647
0.082303
0.254254
0.497174
0.228417
0.175169
0.402442
0.117233
0.552173
0.117549
0.233232
0.019614
0.378662
0.435403
0.260389
0.089410
0.051936
0.116567
0.049810
0.319350
0.001202
0.311359
0.151002
0.020326
0.040507
0.143381
0.013878
0.104910
0.194904
0.264842
0.380619
0.170230
0.107240
0.170161
0.410690
0.102029
0.392986
0.292283
0.328735
0.283156
0.023397
0.064997
0.153361
0.196321
0.248488
0.425519
0.099854
0.235835
0.082493
0.160397
0.328426
0.514836
0.495843
0.204043
0.355215
0.208162
0.005499
0.280677
0.225945
0.013671
0.124874
0.417861
0.194014
0.349984
0.200014
0.525135
0.097409
0.177396
0.033028
0.247021
0.261581
0.269651
0.072051
0.103849
0.390933
0.125507
0.052430
0.108267
0.184321
0.021210
0.209480
0.511286
0.540150
0.002545
0.114163
0.141373
0.099497
0.165782
0.041298
0.320539
0.152544
0.317971
0.267807
0.104296
0.000824
0.527155
0.295235
0.607415
0.242670
0.167214
0.141293
0.122703
0.281138
0.125152
0.305913
0.090050
0.375948
0.016294
0.550150
0.326534
0.294889
0.262441
0.236511
0.302715
0.382129
0.008004
0.437485
0.020865
0.144905
0.554884
0.532838
0.510832
0.241386
0.336683
0.572510
0.235537
0.305936
0.448440
0.288011
0.414605
0.136764
0.110321
0.047917
0.022641
0.383300
0.356937
0.004272
0.314105
0.321691
0.083308
0.400735
0.289030
0.099439
0.530746
0.402666
0.075741
0.350165
0.413982
0.097727
0.215729
0.323734
0.222398
0.200758
0.366186
0.497132
0.419466
0.231132
0.070729
0.464463
0.030450
0.285101
0.266110
0.452425
0.214806
0.063688
0.389978
0.071805
0.351854
0.357828
0.220034
0.431503
0.628100
0.054475
0.105452
0.060933
0.150676
0.419007
0.112118
0.472992
0.375061
0.326051
0.026761
0.139560
0.564500
0.352473
0.095079
0.439347
0.515916
0.364597
0.511087
0.267895
0.416517
0.483299
0.334006
0.055048
0.476016
0.143791
0.277762
0.080237
0.186284
0.186204
0.109007
0.239993
0.287736
0.441313
0.237099
0.479471
0.125726
0.037174
0.418880
0.147712
0.031929
0.052514
0.079101
0.279387
0.233389
0.160441
0.248820
0.290101
0.383125
0.268595
0.374713
0.046203
0.191294
0.269816
0.294370
0.176929
0.253916
0.454030
0.025109
0.038273
0.457417
0.091507
0.296888
0.026500
0.189913
0.068680
0.454916
0.181924
0.421439
0.319992
0.053820
0.054507
0.529958
0.084269
0.086192
0.387189
0.171734
0.004306
0.089652
0.254512
0.053328
0.089848
0.225619
0.341860
0.309962
0.254802
0.173396
0.491509
0.096942
0.093207
0.043088
0.214548
0.042150
0.119737
0.226410
0.522643
0.087390
0.459626
0.230353
0.263094
0.310970
0.115425
0.196234
0.554848
0.243265
0.412226
0.500281
0.140678
0.262489
0.018106
0.201243
0.278098
0.257098
0.290275
0.645764
0.138203
0.061053
0.460647
0.552171
0.397960
0.196348
0.648725
0.502262
0.090553
0.247823
0.322138
0.102560
0.041977
0.160339
0.168032
0.499961
0.084979
0.148339
0.259621
0.393081
0.199781
0.001716
0.398739
0.454834
0.217595
0.390855
0.596927
0.390610
0.025268
0.045499
0.254195
0.103444
0.108993
0.528430
0.446932
0.088283
0.125909
0.164116
0.225022
0.595011
0.728247
0.548778
0.031549
0.056979
0.355582
0.291073
0.108658
0.264932
0.005978
0.127734
0.361025
0.301546
0.064215
0.672671
0.002687
0.542521
0.015514
0.024512
0.353550
0.171868
0.295382
0.223608
0.093035
0.732346
0.371129
0.146832
0.326046
0.423819
0.501119
0.338471
0.112522
0.014326
0.095949
0.570214
0.037428
0.157415
0.271698
0.124044
0.361744
0.248042
0.015615
0.380513
0.112366
0.463523
0.346507
0.097615
0.316106
0.022077
0.186368
0.068426
0.197376
0.353848
0.848655
0.210483
0.451716
0.289781
0.018173
0.453356
0.155617
0.533735
0.530825
0.318603
0.174476
0.053190
0.216118
0.481029
0.116975
0.279071
0.019160
0.193283
0.149221
0.340673
0.454923
0.037907
0.316551
0.453097
0.182806
0.073402
0.310785
0.106355
0.381227
0.196669
0.569830
0.430618
0.288258
0.071487
0.149375
0.022942
0.546368
0.366637
0.308106
0.559474
0.611516
0.077266
0.346617
0.177499
0.469905
0.337114
0.146337
0.494725
0.400468
0.402656
0.510661
0.163343
0.136742
0.029111
0.416869
0.447579
0.109983
0.084991
0.384919
0.181688
0.107524
0.205325
0.356347
0.338389
0.284008
0.304035
0.362518
0.164149
0.279023
0.116441
0.408192
0.447810
0.174530
0.133819
0.105189
0.386216
0.019780
0.039551
0.440551
0.285012
0.029052
0.220371
0.014166
0.051459
0.331871
0.347624
0.338602
0.122595
0.283193
0.203921
0.069862
0.172954
0.160351
0.322023
0.510917
0.551832
0.041292
0.202331
0.016164
0.527418
0.194508
0.199389
0.230050
0.019583
0.163337
0.053588
0.184216
0.326956
0.062865
0.557014
0.419303
0.261178
0.124701
0.201758
0.170806
0.214022
0.339109
0.097984
0.379417
0.525609
0.316854
0.021894
0.224770
0.120793
0.428851
0.096709
0.081048
0.126539
0.169974
0.255603
0.392721
0.050699
0.071449
0.633569
0.065277
0.503661
0.067311
0.359597
0.427793
0.394019
0.211997
0.073396
0.613747
0.069214
0.341437
0.272156
0.110565
0.017440
0.149919
0.080254
0.040552
0.247704
0.372355
0.217994
0.185066
0.320072
0.589744
0.115499
0.117882
0.054058
0.415913
0.192344
0.490705
0.203287
0.014899
0.034464
0.017580
0.058919
0.180666
0.169834
0.269164
0.376633
0.130594
0.223101
0.220587
0.408736
0.001471
0.261725
0.563525
0.158846
0.570830
0.054112
0.339104
0.157337
0.230107
0.679618
0.148351
0.068393
0.275361
0.000321
0.065402
0.141811
0.242590
0.311343
0.032770
0.154503
0.148733
0.154424
0.135177
0.254393
0.046261
0.022080
0.356917
0.441400
0.395704
0.094190
0.400029
0.495098
0.266394
0.251113
0.060502
0.193991
0.221686
0.285673
0.237909
0.421302
0.062889
0.078956
0.405505
0.012570
0.062501
0.483030
0.097620
0.567153
0.525726
0.522880
0.504591
0.182530
0.213404
0.269177
0.087190
0.104911
0.122272
0.416537
0.174641
0.539922
0.247705
0.411075
0.377473
0.352646
0.123177
0.508232
0.419723
0.076717
0.110907
0.230529
0.503914
0.007284
0.164417
0.114807
0.189384
0.326416
0.065850
0.340417
0.468205
0.272042
0.343308
0.395935
0.568480
0.302117
0.226400
0.314520
0.113841
0.603041
0.609651
0.289200
0.118782
0.263418
0.016586
0.005580
0.286961
0.186423
0.413038
0.021192
0.230447
0.492934
0.049969
0.369771
0.144564
0.074250
0.031157
0.019786
0.009969
0.127975
0.182475
0.566321
0.044125
0.086673
0.441181
0.020274
0.497165
0.062126
0.216224
0.040427
0.111435
0.461954
0.185010
0.306309
0.318673
0.037663
0.534959
0.028360
0.096069
0.259341
0.051309
0.241044
0.042947
0.355137
0.145423
0.423264
0.002550
0.336040
0.189329
0.388644
0.018538
0.306921
0.299153
0.120466
0.146475
0.041029
0.348565
0.076352
0.458501
0.381114
0.305783
0.259360
0.037306
0.329691
0.010586
0.068711
0.288432
0.220580
0.068737
0.156364
0.168051
0.197783
0.139550
0.452169
0.456779
0.084971
0.702690
0.005514
0.183047
0.069840
0.049452
0.350915
0.196848
0.109911
0.188979
0.535072
0.035788
0.415854
0.034468
0.465370
0.182140
0.388926
0.008918
0.038771
0.259209
0.406030
0.553730
0.372141
0.395564
0.088055
0.022777
0.070557
0.124742
0.469304
0.361828
0.211878
0.240675
0.042520
0.029946
0.331781
0.193860
0.056590
0.003332
0.121702
0.414122
0.261095
0.598876
0.350969
0.199906
0.116223
0.174593
0.038900
0.106221
0.539148
0.386729
0.070934
0.365997
0.399386
0.268090
0.095293
0.234813
0.382252
0.340748
0.393192
0.360546
0.166417
0.217686
0.248747
0.102620
0.279908
0.557750
0.146118
0.388736
0.304921
0.124813
0.160506
0.032677
0.082651
0.177785
0.168450
0.265874
0.078016
0.248327
0.521705
0.208567
0.123006
0.189518
0.087738
0.381013
0.134573
0.265787
0.140783
0.146596
0.051198
0.151210
0.113341
0.120183
0.073864
0.084885
0.046830
0.012432
0.251493
0.118971
0.222388
0.005455
0.299312
0.000896
0.142806
0.063280
0.385892
0.123230
0.356464
0.156301
0.344603
0.294488
0.545230
0.027396
0.187362
0.171406
0.397368
0.182060
0.308505
0.374444
0.248654
0.197279
0.171306
0.225117
0.167521
0.242605
0.094827
0.515547
0.118539
0.231503
0.531675
0.423600
0.246303
0.200757
0.325147
0.169939
0.324479
0.480787
0.017114
0.187175
0.149990
0.253217
0.237594
0.443856
0.215754
0.276301
0.004833
0.337956
0.174550
0.473075
0.106735
0.467521
0.158157
0.410477
0.073081
0.079640
0.116504
0.403884
0.403508
0.113779
0.389542
0.354959
0.116044
0.137761
0.077692
0.382403
0.318536
0.067731
0.292377
0.010153
0.083741
0.468849
0.042083
0.239693
0.355855
0.269541
0.226553
0.286326
0.067873
0.521273
0.478529
0.345866
0.133249
0.095191
0.178904
0.421839
0.120955
0.161862
0.098231
0.219053
0.190881
0.133213
0.032111
0.107067
0.201529
0.258683
0.080797
0.067031
0.083306
0.276495
0.464024
0.730379
0.145451
0.260438
0.341172
0.054046
0.338508
0.181066
0.131584
0.177239
0.297028
0.152724
0.330315
0.133488
0.073957
0.087002
0.015189
0.017508
0.124093
0.088995
0.506606
0.022836
0.071014
0.215438
0.363880
0.323015
0.164170
0.033451
0.144606
0.349840
0.339558
0.739411
0.240590
0.087803
0.433830
0.385077
0.260084
0.053810
0.528104
0.160022
0.331312
0.124765
0.313057
0.265875
0.259193
0.180707
0.174745
0.211783
0.083574
0.054019
0.007239
0.358189
0.193038
0.029148
0.258544
0.389579
0.090076
0.264388
0.029657
0.142409
0.205761
0.285968
0.397281
0.307761
0.314464
0.094606
0.193728
0.430984
0.272584
0.150676
0.181294
0.137807
0.350777
0.006147
0.545561
0.587681
0.290523
0.060813
0.189018
0.367498
0.117352
0.097423
0.496130
0.109393
0.034736
0.410744
0.291518
0.307568
0.259473
0.616732
0.298708
0.140446
0.016969
0.152974
0.101964
0.085919
0.163298
0.437176
0.176478
0.177145
0.016175
0.357811
0.036876
0.230247
0.097373
0.043726
0.138544
0.211309
0.274837
0.535039
0.089765
0.163925
0.130714
0.349558
0.025935
0.387480
0.120939
0.385584
0.032516
0.079007
0.150719
0.064154
0.037077
0.419722
0.414936
0.107970
0.306998
0.243687
0.062774
0.424958
0.555910
0.025696
0.197537
0.521430
0.113304
0.396324
0.262565
0.298643
0.079160
0.024429
0.129511
0.253679
0.221558
0.323786
0.478728
0.247664
0.207207
0.496519
0.056860
0.142597
0.150004
0.446474
0.063204
0.251476
0.141712
0.229455
0.295416
0.092936
0.790204
0.347840
0.436201
0.605373
0.517368
0.404843
0.283248
0.251450
0.041958
0.005829
0.343323
0.118947
0.051471
0.450816
0.025286
0.569578
0.115257
0.167187
0.027556
0.272840
0.280231
0.229819
0.110616
0.131564
0.019742
0.016338
0.262919
0.004521
0.274407
0.228955
0.052318
0.055023
0.242946
0.013696
0.009862
0.109344
0.117416
0.466024
0.186065
0.333503
0.132576
0.382277
0.065725
0.360524
0.328826
0.428147
0.409786
0.005490
0.059995
0.155630
0.110587
0.270158
0.540882
0.000263
0.136912
0.178634
0.251479
0.353298
0.420100
0.434258
0.275688
0.389205
0.288551
0.000456
0.458543
0.043100
0.080010
0.087840
0.531655
0.084582
0.510062
0.242706
0.519992
0.037845
0.124460
0.066510
0.198765
0.153975
0.266294
0.031759
0.053745
0.255174
0.298019
0.144601
0.135992
0.106553
0.093631
0.262144
0.487329
0.451628
0.024982
0.084888
0.023214
0.025591
0.293254
0.000039
0.401651
0.001383
0.268853
0.103005
0.018017
0.035340
0.522941
0.128711
0.656211
0.134911
0.196599
0.284103
0.251142
0.269952
0.089572
0.311892
0.101267
0.246818
0.017643
0.559226
0.339214
0.267957
0.161282
0.203794
0.219404
0.326012
0.010004
0.449844
0.023199
0.056360
0.608982
0.538407
0.420268
0.143624
0.426997
0.462177
0.090981
0.467343
0.397226
0.279582
0.407920
0.120625
0.028979
0.149633
0.193971
0.309026
0.396727
0.053785
0.366219
0.245782
0.238359
0.447590
0.291767
0.022658
0.542439
0.407181
0.185426
0.393151
0.283499
0.014692
0.267815
0.238216
0.158469
0.233203
0.467032
0.549620
0.371207
0.122845
0.051586
0.372272
0.021835
0.231139
0.343429
0.436687
0.202557
0.104684
0.435850
0.037995
0.399925
0.417945
0.211464
0.394311
0.519414
0.178762
0.090813
0.095966
0.233408
0.414891
0.105997
0.441888
0.452194
0.334816
0.086204
0.121698
0.635797
0.396949
0.118607
0.257609
0.512116
0.210175
0.584420
0.352801
0.360158
0.294450
0.481733
0.129956
0.403305
0.228244
0.180788
0.027488
0.272520
0.340037
0.186932
0.031937
0.311366
0.351553
0.271848
0.617513
0.147650
0.080659
0.443944
0.093761
0.029670
0.052760
0.226754
0.133684
0.136930
0.214514
0.114760
0.236060
0.243759
0.319330
0.203378
0.115874
0.069997
0.372611
0.286367
0.255115
0.323305
0.217608
0.052312
0.026541
0.532765
0.028048
0.167641
0.088021
0.132011
0.094852
0.290680
0.050726
0.407882
0.356794
0.006955
0.094782
0.598897
0.112839
0.193163
0.414332
0.221067
0.065933
0.044880
0.248191
0.108399
0.020150
0.223514
0.193218
0.295208
0.223977
0.237353
0.419130
0.049739
0.163582
0.019420
0.242882
0.123427
0.178825
0.171534
0.425869
0.149680
0.396915
0.069933
0.408766
0.349298
0.063963
0.236666
0.472510
0.166710
0.402402
0.506500
0.067014
0.296321
0.127657
0.092404
0.269110
0.079794
0.326733
0.742042
0.158255
0.016773
0.663945
0.618086
0.427684
0.125931
0.452384
0.443377
0.031924
0.338034
0.290099
0.350411
0.134935
0.131091
0.165246
0.573122
0.094342
0.093222
0.130808
0.481596
0.267363
0.022502
0.393591
0.471469
0.245035
0.356903
0.562555
0.401053
0.026336
0.094906
0.177834
0.079544
0.122204
0.558643
0.394579
0.003116
0.005966
0.196372
0.161970
0.600350
0.642138
0.428690
0.097223
0.062843
0.202250
0.445922
0.073801
0.220212
0.139921
0.172337
0.507193
0.371218
0.019457
0.699660
0.087118
0.617739
0.016060
0.122173
0.188516
0.205123
0.248549
0.287359
0.277187
0.687643
0.334740
0.069451
0.334425
0.322411
0.479965
0.329067
0.027534
0.009838
0.131745
0.455197
0.067487
0.141360
0.421081
0.127565
0.518633
0.227704
0.243214
0.434128
0.016521
0.293602
0.406253
0.352218
0.335767
0.059622
0.193802
0.121493
0.210097
0.489969
0.915062
0.207830
0.524571
0.218006
0.025699
0.418234
0.160046
0.462198
0.452491
0.496857
0.104016
0.165603
0.280448
0.482144
0.243754
0.281379
0.112206
0.162548
0.024473
0.350931
0.440632
0.118215
0.545270
0.464892
0.148827
0.113855
0.229395
0.097506
0.489108
0.205534
0.559466
0.367986
0.316543
0.135253
0.132988
0.016575
0.543715
0.546001
0.308564
0.429325
0.604140
0.096518
0.334112
0.317942
0.556797
0.459146
0.101546
0.487373
0.404262
0.277523
0.508777
0.349034
0.261065
0.025894
0.571366
0.539722
0.141806
0.114294
0.439647
0.290227
0.078319
0.322346
0.392884
0.441484
0.279726
0.250878
0.376536
0.190143
0.431505
0.003065
0.276578
0.529866
0.225384
0.063805
0.211761
0.445373
0.133835
0.115193
0.315600
0.403223
0.058664
0.253803
0.061510
0.056956
0.176071
0.373028
0.324994
0.088914
0.361111
0.223596
0.016774
0.195307
0.201548
0.401333
0.519108
0.479101
0.093331
0.328564
0.016860
0.434151
0.197893
0.180919
0.167721
0.092130
0.078468
0.099813
0.176561
0.392757
0.220626
0.600599
0.426027
0.317884
0.192529
0.146022
0.110718
0.190948
0.311222
0.130944
0.264235
0.458786
0.345168
0.128049
0.263337
0.107243
0.392375
0.046771
0.025434
0.152053
0.161832
0.163827
0.419526
0.128571
0.027797
0.588293
0.012571
0.382711
0.137957
0.374320
0.438199
0.405017
0.130398
0.172574
0.660780
0.141522
0.402517
0.234472
0.066531
0.093418
0.084361
0.060083
0.043715
0.251353
0.560529
0.103688
0.177615
0.372859
0.586215
0.201587
0.126428
0.003578
0.441286
0.243742
0.543496
0.133885
0.095728
0.036052
0.081321
0.008129
0.241905
0.130394
0.135178
0.443801
0.122757
0.329257
0.170302
0.411540
0.022995
0.364279
0.561528
0.183453
0.528000
0.232074
0.319753
0.173181
0.090735
0.391084
0.139963
0.076891
0.175094
0.117039
0.091013
0.135323
0.158855
0.326812
0.035644
0.102940
0.155044
0.231232
0.246738
0.160978
0.004470
0.000208
0.294461
0.327807
0.387523
0.104042
0.368993
0.390969
0.267482
0.294761
0.018275
0.152288
0.255673
0.201962
0.319425
0.424310
0.052145
0.079853
0.286855
0.112892
0.008233
0.299672
0.034167
0.514151
0.389275
0.392141
0.467408
0.019088
0.074815
0.321629
0.021585
0.130045
0.069742
0.462334
0.221821
0.424735
0.316133
0.461321
0.390498
0.453657
0.006200
0.447647
0.314746
0.021453
0.269016
0.196304
0.612433
0.008611
0.076288
0.074555
0.249217
0.300817
0.012114
0.253684
0.530116
0.255518
0.380258
0.372143
0.611621
0.108636
0.120523
0.256691
0.034033
0.637104
0.566966
0.326884
0.004849
0.213694
0.039911
0.061946
0.268367
0.236966
0.399777
0.123756
0.190447
0.408261
0.055112
0.306815
0.223042
0.206061
0.293711
0.026766
0.114487
0.083346
0.262567
0.464197
0.087439
0.200082
0.514842
0.071348
0.487214
0.129262
0.086302
0.184786
0.071052
0.366917
0.336553
0.387800
0.289752
0.087118
0.417483
0.011639
0.193688
0.367511
0.265865
0.240209
0.029259
0.397942
0.179109
0.224767
0.008594
0.471655
0.115172
0.345871
0.114259
0.201268
0.291726
0.082063
0.070866
0.040336
0.362514
0.032143
0.573430
0.262472
0.321701
0.261631
0.211015
0.234910
0.157168
0.026384
0.184101
0.168179
0.071656
0.194301
0.089792
0.211554
0.167441
0.375212
0.460960
0.180912
0.713512
0.069009
0.270367
0.136901
0.160701
0.388195
0.236072
0.196605
0.320531
0.500479
0.015330
0.274624
0.036121
0.507771
0.173173
0.249082
0.206198
0.011528
0.281399
0.399422
0.596376
0.279056
0.425754
0.151211
0.005451
0.084959
0.205383
0.506135
0.307584
0.113598
0.251486
0.089776
0.028499
0.248344
0.192695
0.123931
0.032130
0.143963
0.544767
0.162150
0.571175
0.274487
0.325127
0.075626
0.163410
0.056607
0.189964
0.589311
0.459669
0.057396
0.401486
0.384750
0.313744
0.010579
0.321549
0.310332
0.522789
0.500522
0.395425
0.197995
0.237518
0.229148
0.096329
0.249596
0.527015
0.082539
0.340754
0.183106
0.129425
0.183421
0.055879
0.009337
0.178485
0.140002
0.044874
0.021991
0.268210
0.508366
0.240654
0.020140
0.121203
0.050814
0.326487
0.093394
0.316597
0.067996
0.068917
0.131146
0.081547
0.105451
0.192114
0.023528
0.041648
0.176434
0.015123
0.155739
0.175820
0.201451
0.090953
0.460783
0.202587
0.240586
0.114615
0.422585
0.109856
0.235135
0.219620
0.266141
0.241326
0.573105
0.049311
0.263704
0.193201
0.335523
0.009108
0.311689
0.454519
0.290777
0.179554
0.091087
0.180506
0.217139
0.140607
0.149139
0.431538
0.230362
0.306064
0.425338
0.477589
0.271325
0.290208
0.417060
0.091158
0.293117
0.560627
0.029438
0.299174
0.035229
0.293296
0.260759
0.354604
0.314346
0.229200
0.131267
0.374258
0.295649
0.445394
0.022261
0.456071
0.098254
0.386310
0.108224
0.106300
0.030683
0.434731
0.396655
0.113747
0.283766
0.207817
0.040137
0.163733
0.124048
0.284594
0.312553
0.004729
0.177562
0.045729
0.030021
0.503083
0.000989
0.266996
0.538176
0.163022
0.140607
0.297658
0.020325
0.475897
0.509813
0.354402
0.171668
0.141371
0.206207
0.450785
0.152724
0.354362
0.095757
0.133394
0.178191
0.178621
0.022919
0.113128
0.149719
0.234728
0.083034
0.180735
0.114764
0.145772
0.346746
0.758980
0.183164
0.301976
0.283843
0.011105
0.531645
0.259005
0.050236
0.230482
0.321289
0.160447
0.204990
0.283891
0.080360
0.091937
0.145945
0.002786
0.015550
0.227151
0.541296
0.013877
0.146946
0.195798
0.116182
0.236516
0.075124
0.029723
0.054472
0.333024
0.300355
0.412153
0.250102
0.242173
0.467939
0.399189
0.270941
0.027316
0.378742
0.073838
0.379209
0.093204
0.209446
0.219312
0.271499
0.095058
0.164577
0.188849
0.114675
0.051490
0.048244
0.484928
0.158749
0.163390
0.429423
0.360356
0.167733
0.144321
0.146262
0.001546
0.184765
0.274368
0.509786
0.137948
0.339063
0.032191
0.212086
0.372779
0.293653
0.233307
0.136525
0.319906
0.262224
0.078457
0.524539
0.546911
0.388311
0.072103
0.030918
0.413213
0.089154
0.037462
0.525615
0.070635
0.040415
0.375143
0.166293
0.231484
0.310136
0.504264
0.185998
0.128685
0.236595
0.215503
0.036143
0.058113
0.138176
0.413712
0.103086
0.165478
0.002839
0.381995
0.134221
0.310855
0.085172
0.048393
0.276214
0.259564
0.251195
0.426415
0.097708
0.250509
0.055476
0.325699
0.100403
0.505322
0.058210
0.506888
0.090367
0.136225
0.096820
0.070598
0.098461
0.379881
0.336736
0.024665
0.229355
0.195422
0.052338
0.408665
0.676965
0.049726
0.316197
0.427161
0.149407
0.480554
0.315256
0.138521
0.113544
0.033225
0.248047
0.160090
0.206236
0.180216
0.401438
0.327698
0.079598
0.332397
0.077332
0.003210
0.168401
0.583816
0.063182
0.236906
0.129305
0.187039
0.390296
0.047531
0.630189
0.115078
0.366603
0.672361
0.446183
0.265963
0.318027
0.205078
0.029651
0.119424
0.272519
0.101737
0.012767
0.398598
0.060220
0.613549
0.153831
0.112737
0.077863
0.116233
0.185092
0.164939
0.176943
0.192829
0.156217
0.032173
0.144647
0.057794
0.182062
0.270454
0.031862
0.015436
0.334285
0.006352
0.026497
0.060227
0.101025
0.433267
0.185018
0.450663
0.122341
0.280049
0.042374
0.308803
0.352416
0.424795
0.518730
0.000057
0.061665
0.168263
0.122325
0.198068
0.541749
0.200466
0.047508
0.212941
0.230407
0.281388
0.308587
0.336665
0.297287
0.362857
0.344307
0.044157
0.549528
0.137847
0.089197
0.101752
0.552823
0.248864
0.637536
0.208224
0.464370
0.141057
0.053939
0.109227
0.119795
0.055213
0.234635
0.026881
0.058860
0.125257
0.398400
0.376287
0.131456
0.064015
0.171737
0.331447
0.433865
0.324187
0.077297
0.055956
0.177260
0.019348
0.401163
0.043138
0.490189
0.148173
0.172773
0.041153
0.038801
0.045718
0.417126
0.058635
0.531352
0.006585
0.196664
0.389767
0.252487
0.181803
0.026394
0.360156
0.287963
0.131190
0.063964
0.542002
0.281057
0.191887
0.110192
0.170030
0.133873
0.177574
0.030063
0.389950
0.047161
0.041020
0.568995
0.436310
0.266681
0.006405
0.465156
0.362820
0.091924
0.615002
0.267781
0.264314
0.265523
0.039960
0.121349
0.347072
0.416342
0.253982
0.407124
0.082536
0.389891
0.133693
0.313718
0.480800
0.226822
0.059598
0.504264
0.451190
0.292691
0.359635
0.213731
0.072898
0.225696
0.154952
0.046899
0.232758
0.439645
0.563834
0.283366
0.011932
0.117247
0.223819
0.078007
0.182040
0.380602
0.413184
0.111382
0.121396
0.405459
0.016677
0.364762
0.552173
0.190315
0.336326
0.378850
0.381757
0.069797
0.218403
0.377451
0.427253
0.113842
0.340609
0.465679
0.274639
0.097481
0.105143
0.566568
0.367529
0.087866
0.177718
0.448869
0.101512
0.590609
0.449155
0.278160
0.097407
0.621136
0.236210
0.269402
0.281985
0.011258
0.029124
0.331908
0.433651
0.195986
0.256916
0.316168
0.234875
0.321407
0.693439
0.139212
0.090865
0.429231
0.033419
0.032803
0.176836
0.352645
0.059276
0.044644
0.208061
0.065264
0.232828
0.132671
0.352399
0.031150
0.244819
0.022078
0.382771
0.230785
0.293564
0.380742
0.066387
0.115778
0.063411
0.590805
0.085220
0.057937
0.152129
0.112503
0.138053
0.151957
0.126308
0.391855
0.331387
0.035727
0.158829
0.494384
0.292987
0.268931
0.361113
0.202698
0.116887
0.008217
0.299369
0.233567
0.093899
0.160692
0.048800
0.222473
0.182902
0.327685
0.365282
0.032498
0.230622
0.024363
0.299162
0.239662
0.274009
0.067464
0.275408
0.233587
0.340003
0.094446
0.546972
0.415521
0.217239
0.280559
0.292529
0.100537
0.371889
0.494021
0.188981
0.283849
0.211734
0.046729
0.275178
0.045394
0.370222
0.751689
0.145462
0.050008
0.672468
0.545672
0.427586
0.117174
0.241709
0.304583
0.004160
0.421368
0.221172
0.602548
0.149594
0.105508
0.173183
0.627016
0.169700
0.047784
0.031813
0.488830
0.306082
0.004532
0.400597
0.472065
0.222235
0.365245
0.445649
0.347980
0.054143
0.197217
0.121510
0.024733
0.106682
0.607753
0.311809
0.076672
0.147998
0.202556
0.144186
0.541760
0.488646
0.345971
0.206937
0.052173
0.026984
0.570760
0.062397
0.138646
0.310179
0.272320
0.504816
0.339297
0.010223
0.672955
0.104565
0.602387
0.004517
0.195617
0.114553
0.302457
0.231043
0.275411
0.429243
0.591103
0.288096
0.032957
0.259539
0.125897
0.404375
0.270064
0.114434
0.030763
0.138246
0.266535
0.172032
0.076655
0.513085
0.113217
0.574404
0.215358
0.371987
0.474627
0.139962
0.047596
0.436692
0.475779
0.307301
0.070739
0.138961
0.204549
0.190447
0.449970
0.694488
0.157232
0.524045
0.142762
0.064450
0.345188
0.170798
0.414708
0.360049
0.577473
0.000976
0.271191
0.328388
0.440987
0.337479
0.222981
0.251714
0.152130
0.178416
0.369594
0.378520
0.212402
0.597195
0.359993
0.179470
0.110426
0.182645
0.005665
0.590307
0.200709
0.452647
0.320910
0.198197
0.282941
0.144188
0.025737
0.429842
0.577056
0.248219
0.280669
0.563283
0.245261
0.270974
0.470052
0.490648
0.468590
0.082749
0.398812
0.452845
0.042594
0.488083
0.500722
0.404727
0.108107
0.613168
0.455242
0.219236
0.105288
0.478149
0.355090
0.099093
0.347063
0.400049
0.471793
0.265183
0.171924
0.327011
0.258547
0.498372
0.124901
0.140005
0.543758
0.333940
0.006445
0.328357
0.389432
0.296445
0.113260
0.105296
0.491025
0.103665
0.249277
0.108951
0.142157
0.054196
0.368392
0.357802
0.116052
0.355076
0.259600
0.085751
0.127839
0.193465
0.372035
0.438665
0.428452
0.085464
0.292567
0.055540
0.286729
0.177496
0.126086
0.062832
0.114471
0.035684
0.100762
0.137049
0.401254
0.259272
0.599504
0.369161
0.395903
0.269020
0.080715
0.061380
0.184818
0.290685
0.159769
0.098026
0.309413
0.374491
0.290350
0.226998
0.185152
0.322945
0.005578
0.097877
0.140974
0.220306
0.052072
0.347664
0.232729
0.027002
0.392953
0.118036
0.237077
0.204220
0.349918
0.427378
0.390717
0.104449
0.247546
0.576503
0.156331
0.423587
0.151147
0.074526
0.203072
0.040367
0.184384
0.141977
0.253076
0.573711
0.012660
0.154840
0.374994
0.486158
0.322866
0.122818
0.012661
0.371676
0.295884
0.560079
0.101574
0.184795
0.029141
0.139230
0.011842
0.243828
0.065222
0.102869
0.449841
0.106180
0.397173
0.085908
0.419892
0.091449
0.288501
0.474725
0.140018
0.397754
0.400957
0.316228
0.115267
0.040385
0.046576
0.190603
0.051164
0.081991
0.187097
0.052712
0.182717
0.009129
0.276488
0.035956
0.050166
0.163597
0.302263
0.342182
0.005934
0.013885
0.010123
0.232851
0.240256
0.326201
0.339911
0.244883
0.286259
0.275926
0.315223
0.055762
0.205185
0.196070
0.138923
0.388620
0.346260
0.142841
0.001845
0.138071
0.215735
0.041703
0.097953
0.029895
0.440413
0.301945
0.244716
0.362773
0.123090
0.026174
0.342703
0.138667
0.155531
0.014916
0.473244
0.289177
0.270126
0.320470
0.367863
0.337451
0.436483
0.140826
0.476276
0.290713
0.212145
0.422354
0.184280
0.600393
0.010076
0.035427
0.057267
0.288078
0.260199
0.052905
0.140133
0.579086
0.252611
0.375630
0.364198
0.556132
0.092960
0.004830
0.141383
0.015945
0.574743
0.462699
0.428429
0.012153
0.116446
0.195530
0.101679
0.313836
0.267339
0.352997
0.260975
0.179435
0.379002
0.027082
0.232820
0.315197
0.297967
0.493570
0.086863
0.136600
0.000474
0.333509
0.373928
0.129622
0.279675
0.533486
0.245887
0.355399
0.230605
0.332627
0.349114
0.157066
0.270110
0.474725
0.436770
0.211450
0.180819
0.233864
0.090868
0.289814
0.383180
0.525991
0.177723
0.066685
0.439323
0.199899
0.058935
0.061621
0.554191
0.073733
0.309023
0.168311
0.106128
0.205137
0.029724
0.058922
0.078392
0.352414
0.020447
0.618733
0.085079
0.262417
0.293395
0.432788
0.216332
0.227730
0.127053
0.107307
0.157769
0.142037
0.204201
0.005257
0.224387
0.228424
0.337819
0.396144
0.180818
0.548786
0.148339
0.339745
0.249421
0.167042
0.359474
0.177324
0.256961
0.458994
0.441727
0.047577
0.118343
0.161707
0.487435
0.118947
0.087792
0.403461
0.037188
0.295406
0.410093
0.541497
0.099954
0.440353
0.148900
0.019295
0.122806
0.219680
0.498112
0.192589
0.012350
0.211354
0.226593
0.038381
0.155996
0.255462
0.266949
0.050677
0.159211
0.571582
0.086270
0.488147
0.123154
0.357119
0.002458
0.201497
0.146898
0.297659
0.578670
0.566774
0.069690
0.411338
0.311244
0.339445
0.109307
0.411779
0.248707
0.618648
0.453769
0.314877
0.199731
0.274495
0.208012
0.063572
0.142217
0.392687
0.028938
0.231211
0.052590
0.203208
0.149716
0.017480
0.064079
0.236044
0.146981
0.121384
0.011993
0.305297
0.431610
0.346136
0.073686
0.003864
0.005227
0.283052
0.001974
0.361834
0.013042
0.022361
0.209171
0.054106
0.049995
0.177521
0.017801
0.071130
0.359686
0.011117
0.058148
0.139097
0.163679
0.210105
0.549118
0.338784
0.297931
0.123148
0.364041
0.068706
0.186140
0.280348
0.136848
0.091701
0.495768
0.002033
0.247350
0.283582
0.252383
0.169243
0.264330
0.493575
0.265599
0.117081
0.100845
0.138049
0.217294
0.028502
0.174329
0.467699
0.249612
0.438199
0.358290
0.442521
0.296608
0.346842
0.422766
0.030833
0.262442
0.616779
0.011916
0.317527
0.135750
0.335516
0.260515
0.295778
0.332607
0.122506
0.170178
0.450614
0.366965
0.402246
0.179572
0.452733
0.000966
0.291098
0.241038
0.281152
0.092047
0.438127
0.274248
0.104254
0.273743
0.060150
0.040816
0.210337
0.203001
0.211459
0.253307
0.038531
0.042630
0.163701
0.101580
0.467980
0.031596
0.238048
0.599214
0.003766
0.063501
0.284464
0.015710
0.359740
0.459354
0.333827
0.216843
0.238571
0.236049
0.444836
0.169886
0.572138
0.072992
0.145936
0.198425
0.262279
0.002895
0.098677
0.125242
0.141230
0.054819
0.203019
0.104030
0.052688
0.167332
0.705800
0.211459
0.298650
0.242830
0.016003
0.662192
0.378904
0.000346
0.252536
0.307047
0.144895
0.001225
0.429943
0.227746
0.107831
0.227107
0.025202
0.178766
0.392044
0.485228
0.050329
0.175713
0.167445
0.088703
0.128277
0.012022
0.145711
0.015838
0.234692
0.249595
0.153889
0.114985
0.444938
0.463448
0.367659
0.221516
0.058432
0.192296
0.044428
0.358439
0.093033
0.111946
0.155017
0.181112
0.017201
0.144256
0.158738
0.102931
0.032309
0.158241
0.500864
0.138737
0.254400
0.578294
0.283764
0.141293
0.047777
0.326077
0.177058
0.113095
0.256800
0.568171
0.019693
0.356485
0.051997
0.225140
0.295717
0.294819
0.250459
0.069330
0.443845
0.143049
0.169435
0.476602
0.441316
0.397286
0.161173
0.183909
0.427532
0.059374
0.008658
0.460925
0.053122
0.160918
0.395838
0.001468
0.217880
0.344110
0.406408
0.073095
0.095074
0.395221
0.198079
0.078544
0.030313
0.052389
0.314073
0.042279
0.208912
0.064628
0.353978
0.157361
0.370530
0.112854
0.128311
0.395946
0.294612
0.213477
0.311508
0.063707
0.266652
0.041309
0.307550
0.081206
0.547257
0.104920
0.567388
0.133405
0.279315
0.028634
0.067699
0.061768
0.335838
0.250303
0.063074
0.205530
0.085117
0.128253
0.376970
0.615764
0.078317
0.400890
0.292124
0.181464
0.535690
0.389932
0.048400
0.133563
0.069811
0.372522
0.108707
0.164755
0.013670
0.324971
0.407960
0.135872
0.134400
0.134301
0.128773
0.211413
0.655452
0.153215
0.181586
0.136589
0.095155
0.457647
0.028930
0.407888
0.123018
0.337593
0.609238
0.372832
0.108194
0.316356
0.187347
0.051704
0.237093
0.217938
0.107841
0.001264
0.367622
0.149127
0.618730
0.252808
0.107658
0.071250
0.059465
0.125924
0.142571
0.216201
0.172440
0.289924
0.037172
0.005227
0.176996
0.034903
0.230204
0.000893
0.088208
0.442301
0.041687
0.000165
0.042651
0.091783
0.422217
0.198537
0.466946
0.161271
0.187542
0.026349
0.267980
0.337857
0.378184
0.498642
0.048276
0.097744
0.165462
0.103623
0.090553
0.451814
0.299387
0.000002
0.180960
0.220030
0.199193
0.147859
0.243303
0.293029
0.270833
0.459090
0.124064
0.535920
0.315972
0.090517
0.181964
0.500674
0.341142
0.655216
0.159167
0.357594
0.204336
0.011180
0.157133
0.016046
0.026120
0.249035
0.039729
0.110625
0.044579
0.416243
0.627494
0.121044
0.089594
0.173235
0.434938
0.363189
0.165931
0.061773
0.065821
0.382637
0.032523
0.474290
0.109019
0.515814
0.295874
0.090331
0.101318
0.102520
0.069721
0.318736
0.138046
0.389343
0.119457
0.140943
0.434445
0.202767
0.008489
0.078899
0.405264
0.445007
0.017758
0.128894
0.463063
0.259362
0.153539
0.145324
0.106103
0.037138
0.021574
0.100974
0.329663
0.046572
0.118927
0.423156
0.254709
0.160792
0.083407
0.569008
0.222852
0.210708
0.598426
0.208527
0.231036
0.088316
0.072534
0.201621
0.484865
0.562627
0.250580
0.300960
0.073388
0.363256
0.008981
0.291500
0.410071
0.111522
0.041070
0.449532
0.508128
0.393860
0.244004
0.114217
0.071432
0.163694
0.174893
0.017632
0.268728
0.308170
0.480042
0.150809
0.005454
0.084414
0.079011
0.137661
0.132509
0.406815
0.425257
0.027630
0.073189
0.342694
0.102417
0.292411
0.598311
0.179631
0.284456
0.184658
0.527518
0.035126
0.299145
0.437402
0.363306
0.132781
0.204130
0.480689
0.156179
0.042642
0.041370
0.464409
0.335950
0.105893
0.089367
0.332498
0.031106
0.533221
0.558968
0.106800
0.121235
0.643240
0.230060
0.134196
0.220694
0.206313
0.081338
0.342998
0.505562
0.158213
0.449282
0.292398
0.075618
0.357464
0.680404
0.125418
0.064335
0.308113
0.060852
0.065208
0.305070
0.434530
0.263717
0.082539
0.166874
0.295708
0.271786
0.086512
0.299735
0.117981
0.297848
0.005106
0.365180
0.164806
0.240839
0.411382
0.269504
0.190599
0.125069
0.602890
0.137201
0.037241
0.181759
0.098864
0.230672
0.083274
0.307441
0.268653
0.317788
0.048575
0.135506
0.386368
0.341369
0.405300
0.281860
0.208915
0.160530
0.039474
0.366452
0.350022
0.099196
0.011126
0.043609
0.114079
0.151266
0.413975
0.317524
0.171615
0.221300
0.088106
0.305783
0.347424
0.321749
0.015328
0.106265
0.291585
0.301049
0.229130
0.605766
0.475966
0.285690
0.302495
0.127312
0.044300
0.339501
0.466097
0.296787
0.163101
0.242648
0.121086
0.236317
0.202697
0.435370
0.582719
0.130224
0.152467
0.684849
0.416674
0.348571
0.095913
0.021436
0.209753
0.030299
0.449949
0.132335
0.811290
0.256732
0.089837
0.104427
0.609741
0.165764
0.058267
0.186550
0.472896
0.288344
0.036533
0.346019
0.334891
0.151655
0.306822
0.327320
0.222082
0.102539
0.265477
0.128493
0.224834
0.054747
0.519821
0.177775
0.108947
0.244298
0.222470
0.065709
0.390393
0.352387
0.259512
0.309834
0.024185
0.090403
0.680251
0.134789
0.072595
0.482213
0.301871
0.410870
0.360671
0.070752
0.532101
0.127711
0.547366
0.082447
0.277329
0.072366
0.338386
0.152717
0.206680
0.583225
0.362664
0.176423
0.068056
0.132280
0.009948
0.291819
0.191285
0.286372
0.050130
0.153274
0.120955
0.211987
0.059846
0.600305
0.033115
0.492478
0.139975
0.348790
0.457244
0.270814
0.106920
0.472099
0.573794
0.272859
0.029748
0.016497
0.291865
0.164829
0.322080
0.428580
0.123518
0.427701
0.092644
0.027206
0.326816
0.152012
0.238840
0.246443
0.575820
0.082583
0.360938
0.357808
0.414579
0.341768
0.228072
0.403829
0.183814
0.261260
0.324676
0.321706
0.309644
0.603084
0.296730
0.263668
0.100367
0.181041
0.104063
0.665312
0.183481
0.316748
0.318570
0.036976
0.339529
0.217715
0.078399
0.322940
0.592657
0.172890
0.179143
0.440371
0.322057
0.182022
0.596396
0.354664
0.392458
0.070998
0.341405
0.503300
0.112188
0.413385
0.634163
0.543271
0.197980
0.530005
0.413783
0.307906
0.051573
0.379593
0.447137
0.100562
0.267529
0.339027
0.471328
0.157461
0.053672
0.248373
0.329702
0.533813
0.180383
0.038413
0.413214
0.407420
0.135817
0.429818
0.295343
0.384008
0.100766
0.070905
0.541012
0.199107
0.218411
0.175194
0.244529
0.243959
0.300406
0.348884
0.119801
0.308649
0.283399
0.097239
0.011812
0.058242
0.290669
0.297312
0.347162
0.144795
0.303133
0.073744
0.189673
0.147722
0.062496
0.112094
0.103407
0.145461
0.144323
0.140446
0.340912
0.239713
0.587570
0.303001
0.404514
0.363381
0.021389
0.234403
0.208361
0.268163
0.196583
0.003039
0.194241
0.319274
0.439641
0.140450
0.289396
0.244821
0.056505
0.088201
0.154111
0.257382
0.057524
0.229181
0.274071
0.035902
0.190147
0.172115
0.036787
0.270161
0.261012
0.401956
0.378494
0.001396
0.306435
0.489828
0.209211
0.400575
0.008637
0.248774
0.312104
0.050596
0.266959
0.283396
0.208837
0.524974
0.022516
0.149702
0.449612
0.300729
0.397850
0.127224
0.027095
0.269475
0.266946
0.473096
0.114761
0.244453
0.051820
0.177746
0.002519
0.226009
0.026435
0.110777
0.406628
0.108533
0.488438
0.044895
0.373098
0.181954
0.197291
0.392795
0.022547
0.253517
0.574060
0.257194
0.084388
0.088222
0.222297
0.254398
0.017422
0.005867
0.306534
0.093075
0.234266
0.147307
0.270793
0.008230
0.045377
0.196839
0.355698
0.348490
0.128762
0.014188
0.070633
0.146544
0.152412
0.231853
0.530436
0.073562
0.212968
0.267767
0.343392
0.111023
0.251935
0.155140
0.104612
0.378751
0.273387
0.201738
0.098653
0.012554
0.243753
0.117572
0.057213
0.032993
0.382611
0.153147
0.149374
0.240097
0.251747
0.053507
0.346370
0.308390
0.181769
0.060044
0.409028
0.345616
0.170744
0.292931
0.213729
0.285625
0.454468
0.236307
0.465594
0.318132
0.367645
0.508977
0.163798
0.560047
0.012086
0.118022
0.037404
0.254254
0.242646
0.143122
0.018893
0.524912
0.242431
0.315384
0.304385
0.369738
0.221885
0.051326
0.013821
0.016871
0.445582
0.300752
0.446606
0.063290
0.009410
0.368407
0.116457
0.330963
0.294047
0.280240
0.314246
0.166444
0.296018
0.020824
0.247699
0.424360
0.328601
0.650991
0.171033
0.148006
0.039206
0.314089
0.314271
0.107746
0.328261
0.456921
0.318728
0.238437
0.333508
0.561881
0.561342
0.244564
0.185598
0.500064
0.520921
0.170977
0.216071
0.062912
0.165997
0.405471
0.427722
0.699795
0.132068
0.130349
0.423571
0.198299
0.074457
0.048627
0.546042
0.103704
0.259641
0.122080
0.035604
0.144275
0.003760
0.045034
0.111810
0.387856
0.061402
0.575759
0.021340
0.241077
0.290155
0.609333
0.179923
0.276043
0.233984
0.058986
0.233096
0.175201
0.182060
0.099933
0.186951
0.256055
0.272443
0.294578
0.130046
0.364723
0.158181
0.330583
0.222026
0.187598
0.325464
0.083523
0.280433
0.517061
0.421537
0.133500
0.029017
0.242674
0.456555
0.155371
0.120085
0.476478
0.115826
0.241335
0.375883
0.373544
0.057428
0.411560
0.183827
0.033209
0.184137
0.226433
0.417868
0.110364
0.154091
0.240581
0.263318
0.022106
0.054423
0.361270
0.402047
0.123316
0.143111
0.531901
0.058700
0.381121
0.070419
0.447687
0.006729
0.189477
0.189292
0.360200
0.497185
0.614774
0.105982
0.367975
0.250763
0.326288
0.147973
0.471942
0.195615
0.584500
0.401431
0.114562
0.254504
0.334017
0.175884
0.018363
0.029717
0.212293
0.003158
0.172197
0.015070
0.217679
0.137100
0.026951
0.152875
0.211053
0.150819
0.190341
0.032284
0.338468
0.342794
0.426609
0.181493
0.117827
0.124937
0.231361
0.095536
0.427955
0.073508
0.122272
0.333088
0.038609
0.008141
0.150261
0.058590
0.053570
0.561206
0.034615
0.012277
0.124936
0.158188
0.251767
0.576170
0.413504
0.323861
0.155574
0.311999
0.005975
0.181031
0.298903
0.040387
0.076278
0.415489
0.118839
0.218969
0.319212
0.219479
0.274699
0.107164
0.485366
0.151277
0.086516
0.067811
0.064427
0.221722
0.014538
0.154725
0.486087
0.224630
0.519553
0.355806
0.367050
0.327850
0.383381
0.429087
0.002218
0.218480
0.657542
0.017016
0.319150
0.187094
0.383617
0.216577
0.181351
0.362021
0.002299
0.198777
0.451895
0.421689
0.357903
0.231186
0.436970
0.045175
0.079132
0.339704
0.421028
0.201524
0.341872
0.174628
0.059871
0.310321
0.034301
0.044598
0.314779
0.244158
0.175278
0.211728
0.033486
0.079407
0.235377
0.195166
0.396341
0.061060
0.128413
0.504097
0.153605
0.040652
0.211220
0.033494
0.198623
0.340742
0.239601
0.298677
0.359275
0.249142
0.366594
0.220665
0.688230
0.053829
0.149831
0.237709
0.357813
0.054301
0.059398
0.150842
0.044364
0.018197
0.189722
0.069964
0.010084
0.018530
0.510931
0.233581
0.259470
0.209234
0.029535
0.668670
0.382650
0.009363
0.331743
0.354436
0.167539
0.192914
0.504857
0.296128
0.163558
0.333932
0.009037
0.360061
0.561091
0.377828
0.069251
0.163000
0.134271
0.266562
0.031267
0.071240
0.244576
0.071336
0.090003
0.175212
0.116815
0.008814
0.560791
0.396587
0.360699
0.179309
0.044233
0.006121
0.143497
0.361284
0.043127
0.120317
0.121288
0.047241
0.089443
0.101802
0.105050
0.135063
0.052487
0.207547
0.486713
0.142881
0.273770
0.650710
0.201952
0.052911
0.003950
0.502126
0.324989
0.062643
0.203587
0.481843
0.197696
0.319505
0.092145
0.245203
0.258566
0.280082
0.199024
0.029181
0.536627
0.031025
0.218752
0.442582
0.308383
0.292429
0.225198
0.329649
0.339598
0.061993
0.001760
0.363811
0.210109
0.251437
0.409140
0.149797
0.141510
0.264368
0.216211
0.061676
0.123873
0.487897
0.129901
0.134409
0.133089
0.070695
0.090088
0.020062
0.260921
0.141144
0.261727
0.124618
0.455781
0.115378
0.199054
0.461924
0.276086
0.171689
0.212520
0.041800
0.264099
0.144457
0.275932
0.011811
0.494783
0.264088
0.504825
0.114266
0.331604
0.038403
0.085221
0.004572
0.248274
0.198214
0.105615
0.146217
0.070682
0.244054
0.328289
0.495444
0.195032
0.370199
0.121966
0.096055
0.535586
0.372898
0.074538
0.155459
0.166817
0.462473
0.013897
0.126130
0.055583
0.244429
0.400882
0.304511
0.046379
0.151086
0.253312
0.335737
0.639344
0.219958
0.112224
0.195727
0.036166
0.453009
0.079842
0.177302
0.315879
0.356988
0.469590
0.214780
0.111630
0.333515
0.154191
0.093149
0.240962
0.224161
0.121364
0.055750
0.317632
0.210188
0.571136
0.319368
0.128048
0.058374
0.132936
0.106280
0.170184
0.264407
0.093344
0.419529
0.011421
0.098000
0.298430
0.043965
0.088303
0.057877
0.234061
0.562276
0.077609
0.142684
0.068084
0.133567
0.358823
0.189922
0.409374
0.174280
0.106255
0.080464
0.242902
0.250037
0.279089
0.393336
0.032576
0.143597
0.214558
0.113768
0.052282
0.284760
0.412630
0.060557
0.131938
0.119594
0.122869
0.058110
0.161559
0.221076
0.129636
0.432586
0.209939
0.466570
0.418517
0.044687
0.277993
0.446803
0.348266
0.533402
0.123771
0.255913
0.259232
0.018374
0.206678
0.005877
0.056930
0.261374
0.067488
0.183680
0.010367
0.361421
0.814172
0.102561
0.068160
0.172290
0.496276
0.293622
0.008022
0.036393
0.098249
0.560824
0.075655
0.483823
0.182566
0.497944
0.402460
0.024135
0.093779
0.132847
0.063914
0.124807
0.143384
0.187912
0.243735
0.107391
0.432004
0.062878
0.170225
0.117034
0.448668
0.549719
0.066966
0.153929
0.358911
0.260486
0.111887
0.233955
0.132028
0.017701
0.148449
0.237094
0.261780
0.017579
0.173710
0.244351
0.052780
0.075948
0.251361
0.539274
0.104481
0.299797
0.483565
0.108842
0.179267
0.021769
0.245556
0.254178
0.496370
0.624254
0.268170
0.085629
0.038439
0.304892
0.087447
0.242392
0.361810
0.023370
0.020615
0.335922
0.519005
0.464060
0.100684
0.115429
0.020080
0.072312
0.160476
0.000870
0.278457
0.127841
0.423198
0.065640
0.005572
0.060297
0.034052
0.193160
0.028422
0.386791
0.391750
0.064494
0.049137
0.205420
0.179684
0.243623
0.606270
0.139712
0.226583
0.081642
0.639099
0.004792
0.388272
0.500541
0.258222
0.119234
0.064473
0.419722
0.011934
0.002058
0.004649
0.336777
0.318789
0.231330
0.052327
0.132078
0.008382
0.394138
0.606014
0.019678
0.254904
0.557406
0.240667
0.002904
0.135972
0.380293
0.109070
0.338232
0.525689
0.155910
0.628716
0.243136
0.051797
0.363551
0.610272
0.076569
0.022459
0.114076
0.096366
0.087449
0.468759
0.498607
0.466932
0.214901
0.080974
0.506988
0.268670
0.079457
0.275111
0.242045
0.376587
0.015055
0.300275
0.065296
0.202839
0.403335
0.380492
0.294209
0.175013
0.565919
0.205246
0.036364
0.174783
0.121088
0.255311
0.037350
0.457591
0.191737
0.245148
0.043337
0.057177
0.225338
0.394039
0.409178
0.093241
0.155280
0.180526
0.066534
0.375551
0.431300
0.095836
0.157300
0.018409
0.047784
0.136555
0.430867
0.278623
0.265944
0.148719
0.156438
0.309975
0.438403
0.317569
0.072922
0.015205
0.273014
0.219527
0.262891
0.559585
0.492666
0.295375
0.282362
0.026673
0.038668
0.221606
0.416873
0.273684
0.042534
0.168403
0.150240
0.177229
0.284866
0.461303
0.398718
0.072151
0.291117
0.545131
0.275793
0.259753
0.108434
0.100325
0.092356
0.131549
0.407590
0.009631
0.802990
0.318821
0.063771
0.012824
0.565186
0.236888
0.125138
0.354461
0.412004
0.226987
0.048089
0.286322
0.200823
0.080523
0.321346
0.178952
0.111417
0.205632
0.291614
0.168332
0.427508
0.020136
0.361075
0.036887
0.149992
0.343534
0.213523
0.030389
0.197680
0.269766
0.276971
0.321203
0.041585
0.140922
0.702731
0.177750
0.062860
0.619216
0.238577
0.274797
0.372985
0.093220
0.385456
0.080939
0.346050
0.157012
0.260070
0.094737
0.403747
0.128964
0.083975
0.659464
0.226359
0.065858
0.123450
0.023836
0.047040
0.186988
0.151556
0.402733
0.086827
0.075011
0.020719
0.236376
0.004194
0.609417
0.085217
0.261031
0.057838
0.201919
0.409023
0.434015
0.252956
0.448118
0.506685
0.210340
0.033187
0.148596
0.396647
0.133146
0.076462
0.188139
0.140947
0.198677
0.089095
0.015622
0.271179
0.160079
0.116499
0.182408
0.526421
0.129614
0.470082
0.368055
0.390535
0.318915
0.162126
0.476359
0.282370
0.326008
0.311900
0.249412
0.311424
0.441094
0.230129
0.398961
0.103782
0.256683
0.202822
0.593138
0.085463
0.191993
0.270560
0.097062
0.344814
0.275917
0.109482
0.233231
0.451094
0.078704
0.078800
0.296027
0.349136
0.116075
0.708881
0.184263
0.257968
0.101810
0.284455
0.532071
0.294950
0.308379
0.682482
0.581342
0.294422
0.349448
0.272126
0.353030
0.034925
0.255990
0.443521
0.209077
0.189116
0.259481
0.352937
0.006619
0.049106
0.167082
0.418260
0.506316
0.182726
0.039701
0.278850
0.534370
0.254574
0.486806
0.160397
0.417575
0.080161
0.210693
0.506233
0.327895
0.135702
0.233583
0.390737
0.370172
0.243388
0.347918
0.126785
0.172455
0.311252
0.065112
0.154522
0.114228
0.226402
0.197048
0.263368
0.190734
0.210782
0.063184
0.099288
0.051917
0.030613
0.292090
0.039516
0.222052
0.172794
0.117975
0.284122
0.168589
0.488999
0.179576
0.317595
0.454630
0.024319
0.415670
0.219635
0.289750
0.221973
0.092406
0.053567
0.204191
0.523024
0.018642
0.454738
0.182857
0.102372
0.173072
0.150776
0.321276
0.191872
0.156750
0.320284
0.066497
0.061106
0.212578
0.082373
0.312825
0.208827
0.302571
0.282683
0.015786
0.309031
0.405411
0.188427
0.335360
0.160047
0.385511
0.368402
0.109996
0.311978
0.421105
0.135693
0.436061
0.043363
0.126247
0.479571
0.121235
0.409380
0.082737
0.027078
0.141515
0.268954
0.327323
0.095754
0.314803
0.005913
0.205260
0.065821
0.162079
0.002995
0.146207
0.327520
0.112467
0.527091
0.034733
0.266832
0.295952
0.034770
0.325564
0.156254
0.118592
0.625539
0.252838
0.040937
0.142372
0.319905
0.346566
0.124899
0.108462
0.352176
0.189540
0.287004
0.311831
0.305344
0.015946
0.093510
0.168299
0.383916
0.341954
0.229407
0.013703
0.110639
0.070593
0.131814
0.104421
0.587123
0.096775
0.160129
0.290390
0.330252
0.177170
0.322268
0.116391
0.116359
0.247207
0.213707
0.273626
0.237852
0.055881
0.230365
0.139900
0.159508
0.122862
0.331347
0.069542
0.097559
0.132336
0.392943
0.066852
0.336968
0.445869
0.233001
0.028271
0.330002
0.291196
0.073782
0.284952
0.049028
0.205731
0.389006
0.309922
0.449696
0.361022
0.485587
0.481809
0.146123
0.467965
0.027873
0.159293
0.093670
0.156838
0.154128
0.204228
0.127302
0.476794
0.217607
0.250810
0.224362
0.213695
0.340485
0.034549
0.111443
0.078784
0.324544
0.181343
0.457971
0.037550
0.096341
0.511354
0.097191
0.382804
0.308834
0.270256
0.343018
0.188695
0.298914
0.011802
0.215680
0.453226
0.304153
0.634017
0.249459
0.070590
0.021420
0.274082
0.263692
0.084427
0.374708
0.280680
0.450520
0.078529
0.406597
0.623686
0.661751
0.256426
0.131772
0.524003
0.497465
0.123433
0.174365
0.080827
0.195099
0.443038
0.337947
0.749153
0.017276
0.179062
0.381880
0.117571
0.172603
0.027115
0.472570
0.166304
0.197925
0.029624
0.020472
0.085428
0.023533
0.092001
0.093125
0.371981
0.142346
0.489923
0.122742
0.138490
0.278276
0.672826
0.193536
0.279138
0.390227
0.044064
0.315232
0.240259
0.130431
0.178472
0.151245
0.191272
0.238077
0.140317
0.027896
0.209359
0.130156
0.321919
0.197634
0.094111
0.229390
0.011830
0.287287
0.501357
0.401652
0.233253
0.128339
0.280228
0.361460
0.197520
0.311393
0.532299
0.191002
0.178862
0.270548
0.211029
0.229689
0.348598
0.139785
0.085142
0.272849
0.196401
0.316738
0.009213
0.290331
0.235415
0.256345
0.016246
0.008520
0.449365
0.574841
0.120752
0.099715
0.409046
0.056825
0.273696
0.219415
0.462163
0.039373
0.173916
0.210204
0.367499
0.373742
0.570526
0.172246
0.315079
0.139159
0.250289
0.181994
0.379860
0.224808
0.502402
0.269407
0.081114
0.268631
0.362981
0.121882
0.100045
0.086829
0.018474
0.025254
0.117287
0.048877
0.353465
0.104098
0.045737
0.178743
0.243604
0.159282
0.200237
0.108452
0.310599
0.157754
0.492023
0.340972
0.226265
0.210590
0.236865
0.176692
0.509552
0.111531
0.188341
0.394087
0.072084
0.075146
0.072107
0.054064
0.070919
0.675320
0.003018
0.034957
0.059779
0.151249
0.255151
0.579219
0.408321
0.356255
0.170524
0.232515
0.163473
0.235835
0.318057
0.082974
0.272844
0.242223
0.209943
0.122679
0.313764
0.201694
0.381014
0.092589
0.407541
0.015084
0.067221
0.077430
0.010751
0.146555
0.027655
0.141226
0.489159
0.183811
0.534634
0.368071
0.326312
0.359637
0.366065
0.401270
0.002850
0.215282
0.564509
0.004345
0.279422
0.189673
0.405080
0.095708
0.182713
0.374368
0.089620
0.141219
0.404041
0.416142
0.345341
0.284961
0.367315
0.120589
0.141574
0.500418
0.572793
0.310072
0.227310
0.135344
0.040004
0.356587
0.111545
0.071901
0.384251
0.277009
0.151899
0.167159
0.117357
0.156086
0.330667
0.233383
0.276872
0.036212
0.003201
0.359764
0.326274
0.074957
0.163325
0.070873
0.026733
0.147191
0.140340
0.348516
0.446161
0.239145
0.260179
0.262488
0.669187
0.025265
0.252381
0.245278
0.371940
0.174819
0.036499
0.130881
0.098248
0.035934
0.100392
0.066640
0.050962
0.250202
0.306188
0.204989
0.108406
0.160599
0.103741
0.606946
0.343447
0.065598
0.411348
0.379574
0.194962
0.368325
0.506535
0.267143
0.222566
0.345989
0.000495
0.506481
0.615310
0.255836
0.080757
0.133967
0.100662
0.348673
0.054918
0.117619
0.315262
0.084941
0.058646
0.069973
0.227714
0.157860
0.682344
0.304334
0.306836
0.170469
0.008187
0.150479
0.272244
0.346010
0.017207
0.122730
0.082783
0.123932
0.119020
0.113501
0.063073
0.114540
0.089561
0.326249
0.401066
0.165368
0.250002
0.673210
0.160084
0.057344
0.007600
0.631580
0.392019
0.057897
0.185494
0.343391
0.362458
0.280010
0.146957
0.244970
0.234873
0.289077
0.101806
0.050829
0.524166
0.102161
0.200976
0.369566
0.136100
0.181070
0.236680
0.422871
0.331128
0.073783
0.046343
0.238441
0.376403
0.317893
0.437652
0.305857
0.122995
0.100523
0.071815
0.161530
0.111631
0.526060
0.053786
0.227819
0.266899
0.254896
0.138242
0.011258
0.382189
0.191086
0.206161
0.060780
0.565363
0.105993
0.283822
0.509080
0.236801
0.124276
0.146807
0.219303
0.237727
0.218212
0.314566
0.133345
0.359469
0.410147
0.463109
0.102815
0.293428
0.053996
0.083268
0.034903
0.207196
0.198369
0.168210
0.145535
0.227636
0.289175
0.333168
0.343340
0.345761
0.362044
0.007805
0.070533
0.470216
0.326623
0.090311
0.166930
0.264031
0.505928
0.020305
0.034950
0.076907
0.169130
0.480795
0.491412
0.120212
0.128409
0.339328
0.444299
0.495284
0.245685
0.040690
0.243841
0.025273
0.432328
0.160145
0.063396
0.438839
0.465155
0.295231
0.078261
0.274729
0.344219
0.155048
0.137707
0.245948
0.171986
0.077523
0.141136
0.297267
0.193811
0.433028
0.389999
0.137554
0.009570
0.152163
0.094830
0.218864
0.236855
0.047362
0.506403
0.076737
0.162385
0.400424
0.094962
0.090194
0.025276
0.359329
0.589549
0.054561
0.286951
0.103721
0.137752
0.337561
0.174514
0.353949
0.201285
0.076975
0.128421
0.260260
0.122654
0.176874
0.203478
0.009021
0.198559
0.265943
0.091054
0.153886
0.238130
0.389894
0.047588
0.017469
0.033577
0.041190
0.003702
0.077578
0.139883
0.086322
0.334307
0.278966
0.411026
0.497466
0.011353
0.363055
0.381835
0.266332
0.365740
0.122671
0.219003
0.296245
0.040792
0.285441
0.023590
0.089034
0.304440
0.129973
0.226789
0.011599
0.279737
0.760211
0.039997
0.052845
0.046651
0.509914
0.218110
0.099051
0.004910
0.204399
0.660727
0.121747
0.511133
0.289791
0.398764
0.452502
0.016025
0.006163
0.158940
0.045474
0.026484
0.111705
0.015363
0.297013
0.081865
0.374014
0.087505
0.366148
0.092864
0.435219
0.586200
0.069307
0.134488
0.227836
0.241177
0.028671
0.364509
0.163040
0.098269
0.238231
0.329477
0.213084
0.080170
0.183133
0.101303
0.069414
0.072390
0.348501
0.495360
0.058979
0.280940
0.354567
0.065860
0.104999
0.106872
0.377157
0.293261
0.496320
0.602907
0.275761
0.125537
0.000845
0.309092
0.116283
0.170219
0.308287
0.109638
0.070893
0.239234
0.456232
0.532916
0.034611
0.020282
0.047682
0.024742
0.175905
0.049989
0.261127
0.004056
0.330841
0.010705
0.101858
0.018006
0.072305
0.277138
0.066793
0.361523
0.329547
0.096322
0.207244
0.106509
0.236401
0.191202
0.486794
0.057704
0.194299
0.031738
0.620367
0.010566
0.377178
0.491178
0.162341
0.129146
0.040746
0.369287
0.177662
0.043240
0.064379
0.210408
0.316492
0.356306
0.051754
0.187382
0.023394
0.246831
0.603423
0.147920
0.355869
0.460052
0.175403
0.062515
0.033697
0.482905
0.047756
0.383453
0.504156
0.159472
0.668900
0.167582
0.158053
0.330168
0.508994
0.016537
0.035482
0.107104
0.190390
0.077428
0.513583
0.491545
0.559111
0.358184
0.009973
0.635341
0.273821
0.020188
0.291457
0.274568
0.401335
0.093617
0.193408
0.031075
0.134808
0.377273
0.418275
0.340074
0.181252
0.534364
0.214754
0.001214
0.126521
0.171153
0.265877
0.004288
0.495266
0.080668
0.220174
0.006756
0.026877
0.126932
0.328244
0.374290
0.068611
0.091651
0.210096
0.043849
0.288099
0.430605
0.108592
0.321668
0.046396
0.186991
0.119372
0.428766
0.191591
0.316208
0.049448
0.197075
0.314272
0.480143
0.228165
0.123635
0.088108
0.258480
0.157895
0.233832
0.451999
0.470568
0.226114
0.201225
0.007411
0.149423
0.154479
0.362601
0.191621
0.235374
0.003873
0.069071
0.094035
0.305949
0.475473
0.208857
0.024175
0.402748
0.428621
0.169534
0.088866
0.118471
0.172704
0.000558
0.293736
0.292667
0.182783
0.686038
0.463639
0.120437
0.059949
0.465536
0.293973
0.206337
0.433726
0.403797
0.205946
0.081773
0.190218
0.089385
0.008984
0.278535
0.102968
0.079162
0.296440
0.259146
0.237791
0.581161
0.098033
0.185963
0.110293
0.134227
0.371580
0.181081
0.018656
0.020814
0.177666
0.234387
0.309513
0.066928
0.128026
0.578881
0.204004
0.076110
0.675004
0.094913
0.110028
0.402734
0.107624
0.196018
0.026143
0.166800
0.252104
0.239288
0.103147
0.408642
0.092390
0.090021
0.626399
0.134517
0.115517
0.196983
0.079009
0.009536
0.107438
0.144893
0.456985
0.207248
0.027818
0.078745
0.285564
0.038883
0.581239
0.236789
0.008299
0.081967
0.002936
0.370199
0.558658
0.288157
0.404006
0.394376
0.140628
0.083189
0.265188
0.465436
0.095918
0.119407
0.013087
0.193188
0.076466
0.173658
0.018903
0.282434
0.122480
0.004979
0.073464
0.424932
0.130751
0.522680
0.373166
0.360464
0.227768
0.165724
0.469756
0.360671
0.299474
0.238478
0.190289
0.257079
0.259343
0.266269
0.481779
0.110389
0.327826
0.252154
0.452228
0.024528
0.069328
0.313810
0.179292
0.223608
0.379033
0.140487
0.176743
0.332681
0.025376
0.020360
0.106280
0.322735
0.106468
0.678882
0.062053
0.092487
0.080709
0.278451
0.509535
0.332075
0.181587
0.654088
0.546967
0.276698
0.198774
0.193169
0.326522
0.129574
0.062609
0.385439
0.271059
0.133526
0.189294
0.256472
0.203086
0.150825
0.140258
0.454355
0.450468
0.146866
0.036342
0.105817
0.560349
0.394856
0.493951
0.004369
0.374082
0.023649
0.237270
0.433832
0.466777
0.025908
0.311278
0.494146
0.410179
0.154536
0.273343
0.064734
0.040062
0.384778
0.022439
0.322937
0.231424
0.292477
0.056076
0.222563
0.237202
0.178445
0.032698
0.077391
0.014896
0.117817
0.362913
0.074542
0.265472
0.245039
0.068737
0.247587
0.077800
0.364811
0.099261
0.178745
0.522879
0.031735
0.526011
0.301185
0.265097
0.288742
0.137308
0.015814
0.048588
0.533191
0.069583
0.592914
0.156673
0.144137
0.208721
0.223078
0.334676
0.250678
0.141557
0.306852
0.187170
0.228427
0.210497
0.157058
0.331791
0.121410
0.216535
0.192845
0.092888
0.259091
0.308063
0.218530
0.240123
0.374180
0.500224
0.360253
0.191088
0.309714
0.511197
0.084161
0.263647
0.044611
0.110672
0.506569
0.000919
0.385571
0.003126
0.031838
0.095770
0.274493
0.135023
0.024665
0.382504
0.003267
0.166811
0.150039
0.122023
0.019665
0.228774
0.192618
0.123008
0.478518
0.089342
0.154408
0.418105
0.067698
0.209032
0.287666
0.012762
0.636628
0.234586
0.021871
0.123715
0.326019
0.402122
0.180466
0.168142
0.433794
0.308248
0.312162
0.445131
0.347660
0.117330
0.094664
0.184394
0.410322
0.269948
0.264222
0.038741
0.054185
0.005990
0.154860
0.014553
0.642792
0.237357
0.135877
0.370284
0.336679
0.293854
0.370060
0.066624
0.149628
0.095444
0.228390
0.239037
0.337942
0.091438
0.143378
0.096398
0.172938
0.259258
0.253769
0.038870
0.102565
0.098451
0.506471
0.029023
0.350890
0.484033
0.301612
0.020572
0.229850
0.218465
0.000798
0.319574
0.145162
0.162961
0.334406
0.357308
0.384467
0.466307
0.521237
0.350573
0.109722
0.335015
0.038706
0.272141
0.146274
0.025791
0.151895
0.257481
0.276308
0.333847
0.187052
0.149170
0.154047
0.040672
0.340326
0.034467
0.218623
0.181257
0.186591
0.078434
0.480554
0.034260
0.178341
0.569829
0.167126
0.359482
0.286630
0.249087
0.316791
0.224045
0.262059
0.024864
0.236033
0.516469
0.258275
0.552269
0.291304
0.019456
0.085964
0.108173
0.154685
0.069982
0.355154
0.198950
0.478009
0.004935
0.421778
0.533548
0.689006
0.225426
0.080091
0.432399
0.494680
0.087399
0.071875
0.188373
0.155028
0.415576
0.329094
0.609703
0.027021
0.273127
0.251665
0.038266
0.270330
0.030338
0.354965
0.206218
0.073639
0.028035
0.021470
0.116359
0.044141
0.179020
0.103566
0.366042
0.216965
0.357450
0.125584
0.118635
0.141300
0.615928
0.151690
0.213103
0.511075
0.116605
0.443933
0.259418
0.121460
0.236664
0.159696
0.089450
0.155290
0.074994
0.072370
0.151927
0.078416
0.301875
0.147949
0.040552
0.195483
0.037918
0.241505
0.439591
0.360414
0.353229
0.154422
0.235655
0.221708
0.324320
0.483723
0.489000
0.219863
0.089751
0.157115
0.112075
0.346602
0.304815
0.136136
0.109651
0.370327
0.109156
0.163422
0.044762
0.450768
0.285303
0.204202
0.004311
0.032354
0.440523
0.676111
0.083887
0.009524
0.254251
0.136980
0.123301
0.314139
0.500226
0.074362
0.119384
0.237346
0.323692
0.268513
0.499132
0.197059
0.221425
0.054023
0.156427
0.171862
0.303864
0.233945
0.341528
0.246144
0.263273
0.300361
0.399634
0.080905
0.141932
0.163137
0.103568
0.111930
0.111277
0.011529
0.478037
0.045658
0.050109
0.147585
0.260271
0.177210
0.217494
0.230016
0.177720
0.060478
0.540374
0.425214
0.270001
0.354622
0.243498
0.193682
0.588183
0.072767
0.193964
0.410010
0.097607
0.156086
0.015026
0.070407
0.090582
0.694400
0.086109
0.023065
0.008008
0.124853
0.237002
0.491858
0.320598
0.402078
0.168600
0.239465
0.274438
0.291624
0.275063
0.139414
0.441357
0.102674
0.372690
0.047086
0.314787
0.216433
0.399543
0.350611
0.344827
0.042687
0.050652
0.008058
0.055342
0.067527
0.014557
0.090304
0.427638
0.121034
0.464948
0.401951
0.274400
0.363819
0.352464
0.462249
0.044940
0.179905
0.387495
0.118847
0.134866
0.172633
0.415645
0.049527
0.146556
0.423741
0.164379
0.063799
0.245501
0.276810
0.325299
0.259378
0.259907
0.102959
0.342409
0.530376
0.597352
0.361405
0.071036
0.108715
0.221965
0.355709
0.157412
0.009852
0.472762
0.271470
0.099893
0.139958
0.246684
0.141901
0.392652
0.255469
0.156377
0.076014
0.065359
0.212562
0.452996
0.177491
0.125182
0.104462
0.075947
0.050085
0.062921
0.352625
0.460038
0.224486
0.202086
0.282434
0.613359
0.032769
0.327407
0.228334
0.361333
0.264358
0.153594
0.095973
0.222169
0.072426
0.069986
0.052762
0.100492
0.407219
0.119903
0.126689
0.117183
0.112670
0.151053
0.524217
0.229205
0.197971
0.528304
0.330870
0.248027
0.493763
0.445618
0.225691
0.288753
0.292328
0.053140
0.592336
0.593494
0.076411
0.024757
0.102937
0.055460
0.358479
0.118203
0.224207
0.387790
0.071489
0.191283
0.021144
0.331115
0.205954
0.667607
0.169277
0.325202
0.223193
0.005938
0.282908
0.308839
0.322025
0.152520
0.147721
0.076692
0.263218
0.074406
0.154130
0.045056
0.107111
0.125762
0.341616
0.306725
0.188127
0.148381
0.535236
0.173378
0.101533
0.053755
0.638653
0.409576
0.071255
0.113829
0.207888
0.460397
0.263073
0.169820
0.292531
0.216672
0.265946
0.083193
0.097011
0.428558
0.188260
0.183364
0.259128
0.034604
0.085066
0.150845
0.466291
0.263320
0.120328
0.117891
0.168023
0.475762
0.245726
0.414950
0.415102
0.020695
0.034960
0.098270
0.170218
0.116353
0.544479
0.033580
0.267504
0.362174
0.395845
0.312512
0.026225
0.418403
0.221976
0.097788
0.041763
0.625897
0.141141
0.404028
0.537676
0.222397
0.073392
0.121172
0.360336
0.165359
0.264758
0.325064
0.265653
0.253635
0.427170
0.384523
0.056009
0.204259
0.162702
0.045966
0.091145
0.138460
0.210492
0.184283
0.160498
0.340509
0.377859
0.367705
0.275416
0.444029
0.302849
0.041760
0.052869
0.400996
0.204055
0.073748
0.140394
0.381645
0.470739
0.098976
0.059212
0.003247
0.107049
0.541053
0.564162
0.146294
0.093355
0.407964
0.513433
0.304449
0.281849
0.034104
0.332586
0.100398
0.360685
0.239859
0.071276
0.473813
0.511963
0.110951
0.085923
0.440252
0.393011
0.172263
0.183874
0.145904
0.123488
0.065247
0.253867
0.239858
0.088580
0.271827
0.405204
0.109988
0.108228
0.095561
0.116888
0.219452
0.213057
0.170211
0.548039
0.132364
0.201449
0.423340
0.047470
0.279355
0.119764
0.468778
0.531842
0.003635
0.444613
0.119190
0.191360
0.274225
0.149256
0.178753
0.254475
0.082086
0.232730
0.245739
0.001328
0.044518
0.013383
0.113384
0.246266
0.338227
0.091731
0.198377
0.207768
0.345440
0.041992
0.110063
0.071072
0.060434
0.045110
0.007030
0.027632
0.331603
0.222046
0.278394
0.319171
0.469139
0.078952
0.447918
0.257416
0.052603
0.191376
0.104909
0.213903
0.238592
0.101041
0.355550
0.100825
0.147783
0.290830
0.151228
0.289009
0.020295
0.101552
0.523617
0.034371
0.048682
0.117637
0.438760
0.128349
0.133895
0.031173
0.320935
0.592958
0.107802
0.500241
0.367279
0.334570
0.416926
0.025091
0.142317
0.076792
0.035321
0.190689
0.045927
0.170534
0.288231
0.172072
0.286482
0.301538
0.437897
0.091565
0.394714
0.551382
0.001690
0.114590
0.099356
0.229348
0.038904
0.490458
0.186312
0.163652
0.262755
0.406954
0.202759
0.225205
0.193412
0.033725
0.156621
0.071591
0.441146
0.314938
0.145836
0.216013
0.232600
0.050551
0.010145
0.221557
0.523184
0.273036
0.383245
0.532758
0.235888
0.306488
0.060006
0.341188
0.059896
0.087543
0.324754
0.149360
0.118470
0.120745
0.348777
0.509644
0.041171
0.029054
0.088482
0.069449
0.189609
0.127180
0.209314
0.079569
0.281022
0.042101
0.181004
0.009898
0.049943
0.372895
0.179092
0.310730
0.215701
0.120733
0.350512
0.038428
0.227209
0.192066
0.394253
0.064138
0.170447
0.062895
0.556991
0.000283
0.394726
0.494365
0.109776
0.119925
0.072349
0.315674
0.292676
0.103450
0.072222
0.113941
0.267561
0.371278
0.048737
0.489331
0.016790
0.045167
0.509057
0.167843
0.387489
0.366773
0.134509
0.012539
0.211786
0.484695
0.004327
0.413169
0.402141
0.129506
0.604439
0.096495
0.137542
0.245787
0.355061
0.045638
0.146241
0.278201
0.254233
0.091348
0.513025
0.439799
0.568615
0.431130
0.104613
0.633409
0.272551
0.050196
0.370809
0.261644
0.442258
0.143817
0.098622
0.074568
0.046533
0.361660
0.353429
0.333475
0.166744
0.500510
0.219890
0.083608
0.117862
0.272792
0.323927
0.037579
0.412432
0.099455
0.149635
0.114135
0.063850
0.042596
0.303052
0.284796
0.180848
0.049419
0.249094
0.013066
0.213590
0.345602
0.089869
0.410014
0.095884
0.242251
0.096623
0.424356
0.135845
0.258107
0.271145
0.221050
0.290374
0.523264
0.196568
0.181915
0.113555
0.251568
0.112237
0.155394
0.343776
0.393104
0.097392
0.104326
0.004346
0.246934
0.143199
0.287111
0.025812
0.311139
0.199507
0.049738
0.095650
0.179435
0.407512
0.060382
0.076490
0.448288
0.198158
0.068550
0.058988
0.192487
0.140745
0.174528
0.429239
0.192635
0.351642
0.447103
0.511993
0.205941
0.145927
0.367754
0.422376
0.314297
0.492494
0.370568
0.200310
0.069198
0.146838
0.004136
0.064870
0.300087
0.005094
0.260748
0.378630
0.199760
0.284970
0.639173
0.187079
0.039022
0.214998
0.098072
0.361404
0.147560
0.050332
0.016606
0.107571
0.245694
0.306575
0.043330
0.076064
0.381022
0.222440
0.144952
0.660409
0.002806
0.067872
0.385660
0.141077
0.025239
0.101078
0.025348
0.295148
0.170755
0.138735
0.462625
0.112295
0.247805
0.497092
0.252324
0.258532
0.249367
0.153360
0.004522
0.155595
0.179583
0.367557
0.274116
0.204834
0.106888
0.294359
0.100040
0.484311
0.312330
0.246972
0.155338
0.214364
0.290010
0.606194
0.297326
0.340026
0.253880
0.167146
0.113295
0.331578
0.483469
0.066270
0.282229
0.083132
0.285056
0.391229
0.281991
0.058046
0.316086
0.064567
0.051758
0.033718
0.326683
0.085271
0.504927
0.387868
0.382125
0.125587
0.148736
0.399896
0.441845
0.218013
0.273964
0.213149
0.132327
0.001394
0.279469
0.535287
0.015719
0.388252
0.355323
0.313023
0.042712
0.002563
0.390249
0.255595
0.029802
0.456807
0.164026
0.136619
0.153009
0.018438
0.113393
0.003263
0.283111
0.056611
0.581220
0.000248
0.126168
0.077802
0.264775
0.455570
0.369012
0.077485
0.575719
0.480952
0.193101
0.049840
0.088624
0.322775
0.208513
0.102539
0.251488
0.379905
0.071034
0.140303
0.158441
0.343039
0.239764
0.132236
0.495840
0.358227
0.071123
0.050002
0.065582
0.505601
0.512878
0.459935
0.161759
0.368769
0.090218
0.253921
0.391916
0.509059
0.078116
0.399630
0.551587
0.405162
0.129767
0.233462
0.014819
0.132540
0.454980
0.094346
0.492107
0.248483
0.381161
0.073120
0.187394
0.257094
0.103799
0.108724
0.028350
0.036255
0.211162
0.356917
0.194837
0.295318
0.274994
0.048175
0.194060
0.014993
0.214315
0.022496
0.034852
0.525087
0.006465
0.630740
0.396877
0.235136
0.317115
0.157122
0.120107
0.113908
0.445516
0.155188
0.684270
0.128133
0.170673
0.336650
0.281581
0.420787
0.267806
0.107056
0.282357
0.267031
0.366122
0.158962
0.088098
0.283275
0.041165
0.106438
0.077632
0.066994
0.177372
0.187822
0.196836
0.118322
0.527064
0.562777
0.327702
0.242658
0.276563
0.508919
0.056262
0.084458
0.011877
0.061460
0.462704
0.063852
0.349976
0.059592
0.013538
0.068431
0.335936
0.087161
0.042914
0.450019
0.134230
0.108472
0.216290
0.070109
0.031778
0.282718
0.085083
0.170343
0.343930
0.140420
0.063301
0.508719
0.188751
0.139082
0.408726
0.063302
0.483750
0.239313
0.017630
0.141970
0.203509
0.433242
0.191997
0.205155
0.441391
0.372220
0.333335
0.461727
0.395191
0.238214
0.051634
0.206920
0.389331
0.239463
0.223473
0.012211
0.059309
0.080190
0.230347
0.114121
0.559472
0.329561
0.115747
0.455509
0.274028
0.336669
0.439510
0.033523
0.218236
0.019503
0.177992
0.162514
0.451815
0.065072
0.112553
0.000114
0.137968
0.445467
0.185365
0.136860
0.182105
0.074866
0.570762
0.028766
0.290970
0.395947
0.326901
0.042563
0.175373
0.104448
0.109380
0.333491
0.309975
0.098206
0.219755
0.401965
0.348764
0.544532
0.491482
0.220866
0.056460
0.201693
0.015006
0.303896
0.223336
0.149681
0.165642
0.316865
0.366315
0.274774
0.146153
0.041565
0.119160
0.067700
0.296002
0.046300
0.264290
0.247147
0.027698
0.012638
0.543321
0.031851
0.192767
0.605021
0.221341
0.353781
0.293113
0.298013
0.222454
0.285591
0.242359
0.036301
0.185084
0.541573
0.192836
0.314026
0.310259
0.089608
0.211539
0.009327
0.052195
0.039102
0.291781
0.118864
0.528522
0.090922
0.372493
0.394499
0.610844
0.078780
0.040389
0.344796
0.404551
0.068062
0.024496
0.248001
0.175526
0.330627
0.273967
0.445992
0.055103
0.345724
0.086937
0.069775
0.212158
0.018660
0.267648
0.238918
0.008939
0.033570
0.014985
0.147937
0.102415
0.291163
0.073390
0.283549
0.284843
0.245430
0.131717
0.042831
0.033550
0.512941
0.156757
0.057024
0.541307
0.230809
0.519286
0.311997
0.084010
0.179233
0.187905
0.008339
0.130150
0.037598
0.225699
0.114163
0.013505
0.356541
0.183511
0.023514
0.118834
0.035480
0.153671
0.307499
0.281118
0.442218
0.122456
0.098070
0.036961
0.384883
0.511349
0.434618
0.206155
0.067567
0.074427
0.070891
0.386433
0.230529
0.074732
0.171938
0.440968
0.011559
0.053206
0.044187
0.500065
0.293166
0.140924
0.081332
0.000811
0.409440
0.672853
0.013178
0.136750
0.076655
0.221245
0.027333
0.385253
0.480971
0.128282
0.147822
0.177417
0.303018
0.137823
0.466667
0.203383
0.142862
0.004381
0.055941
0.164369
0.197648
0.261712
0.201390
0.152408
0.345000
0.253474
0.390808
0.102319
0.183806
0.253857
0.212264
0.207848
0.103810
0.017314
0.656512
0.075233
0.189034
0.024311
0.364527
0.185687
0.204850
0.324429
0.017802
0.236370
0.475996
0.439526
0.268266
0.409448
0.269655
0.147008
0.597692
0.021642
0.166711
0.373589
0.126851
0.229983
0.098604
0.025294
0.158561
0.632910
0.175750
0.004317
0.072840
0.153622
0.156946
0.421902
0.137656
0.423777
0.122533
0.203596
0.323598
0.315402
0.183772
0.159652
0.582288
0.035716
0.526550
0.082027
0.343496
0.257616
0.360003
0.508483
0.278115
0.051580
0.025450
0.031179
0.051269
0.004466
0.042380
0.016502
0.355138
0.054287
0.422708
0.417292
0.199348
0.350008
0.242310
0.484821
0.084863
0.195920
0.160292
0.217981
0.077638
0.068313
0.401002
0.114358
0.165125
0.372476
0.183048
0.083632
0.089225
0.081079
0.335186
0.277351
0.139248
0.061188
0.377688
0.563756
0.551725
0.363420
0.003054
0.123866
0.402221
0.377804
0.171985
0.033132
0.499802
0.236795
0.130601
0.047579
0.317357
0.139847
0.457065
0.218797
0.056078
0.241445
0.104643
0.133285
0.467975
0.293915
0.175094
0.140646
0.080626
0.002689
0.012276
0.307994
0.471616
0.266553
0.196688
0.241277
0.436259
0.085275
0.465328
0.285932
0.294603
0.349876
0.276625
0.025137
0.335521
0.174088
0.006243
0.026152
0.193140
0.494963
0.021061
0.034751
0.303995
0.092250
0.238106
0.429581
0.105957
0.300928
0.515399
0.236196
0.264440
0.605896
0.349943
0.181635
0.355878
0.148074
0.058945
0.619804
0.458044
0.096438
0.005745
0.069279
0.026701
0.249693
0.170967
0.298430
0.414298
0.027812
0.332474
0.079458
0.261830
0.293068
0.617925
0.073461
0.285500
0.323910
0.004782
0.308669
0.300705
0.275988
0.237258
0.154451
0.068043
0.382906
0.040287
0.266310
0.111713
0.070399
0.139729
0.418645
0.171548
0.148968
0.012771
0.414176
0.237163
0.162052
0.137157
0.545246
0.417772
0.062838
0.094362
0.083278
0.426139
0.240975
0.205223
0.328039
0.184181
0.285487
0.228611
0.144004
0.283321
0.226313
0.115836
0.143952
0.056935
0.038547
0.026169
0.477200
0.261895
0.138055
0.170800
0.074456
0.479267
0.159736
0.381586
0.448256
0.028068
0.109393
0.084706
0.117692
0.086873
0.480513
0.008030
0.301695
0.443738
0.430776
0.437595
0.048992
0.464042
0.220579
0.031331
0.143778
0.570989
0.205548
0.495495
0.514708
0.202797
0.064600
0.113328
0.476704
0.094675
0.342151
0.343844
0.400326
0.187148
0.406502
0.318016
0.002202
0.052847
0.234431
0.042655
0.156031
0.110448
0.204643
0.164014
0.266825
0.369883
0.424966
0.410962
0.234337
0.431912
0.348436
0.027276
0.077963
0.271682
0.145454
0.048176
0.123472
0.483075
0.386470
0.125478
0.059761
0.100554
0.068937
0.683090
0.586529
0.045069
0.046329
0.427418
0.485683
0.152092
0.303241
0.075460
0.408898
0.152323
0.223378
0.304768
0.157939
0.444453
0.548412
0.079530
0.091103
0.439423
0.458959
0.239778
0.157657
0.053301
0.073125
0.019681
0.290429
0.194731
0.047514
0.112696
0.386822
0.078790
0.191805
0.019946
0.115732
0.237433
0.177592
0.236223
0.502810
0.210062
0.229275
0.446882
0.019764
0.379132
0.151230
0.482855
0.407562
0.130617
0.573867
0.096856
0.235572
0.234247
0.192425
0.036637
0.274917
0.149952
0.343081
0.233685
0.097530
0.172941
0.283462
0.217053
0.217322
0.413991
0.099049
0.206887
0.277458
0.209638
0.217142
0.272311
0.167432
0.159270
0.096893
0.017232
0.041030
0.452088
0.114325
0.286812
0.228193
0.327345
0.191657
0.530016
0.152415
0.102875
0.063717
0.055337
0.229528
0.188945
0.194241
0.383546
0.210562
0.155787
0.312963
0.142393
0.357183
0.035966
0.102490
0.319422
0.063249
0.067987
0.343192
0.372526
0.089289
0.149379
0.130632
0.481302
0.457889
0.099876
0.456420
0.430444
0.256353
0.321182
0.068241
0.294481
0.020256
0.008460
0.201730
0.086396
0.240898
0.172237
0.264208
0.240976
0.471067
0.419783
0.040171
0.351043
0.460397
0.091622
0.099072
0.033947
0.222858
0.107411
0.524000
0.180740
0.208032
0.212428
0.413283
0.203431
0.374646
0.149282
0.053487
0.171409
0.118769
0.382723
0.256538
0.181613
0.049474
0.144121
0.073757
0.111931
0.290889
0.602786
0.193863
0.190450
0.405899
0.196886
0.499805
0.143316
0.360422
0.007476
0.004282
0.348026
0.119080
0.123506
0.074580
0.239832
0.439335
0.097995
0.013031
0.137445
0.203565
0.207625
0.245803
0.156931
0.111740
0.271755
0.071157
0.328799
0.010913
0.042119
0.447227
0.239946
0.263708
0.101441
0.078042
0.488983
0.122146
0.186233
0.157896
0.233343
0.162959
0.146863
0.127651
0.362471
0.015325
0.402401
0.381581
0.103778
0.116064
0.003191
0.277185
0.332873
0.164714
0.088862
0.062398
0.248424
0.453983
0.075002
0.636254
0.065442
0.160499
0.381928
0.126304
0.393864
0.336394
0.031465
0.078386
0.471982
0.412920
0.007419
0.398065
0.301457
0.090069
0.343546
0.057434
0.097996
0.159580
0.161173
0.059375
0.254035
0.503303
0.374921
0.103050
0.399469
0.387002
0.486441
0.396872
0.213647
0.582132
0.318337
0.088674
0.447648
0.224341
0.488970
0.221077
0.024358
0.214135
0.064193
0.361370
0.215053
0.290657
0.138630
0.435652
0.192273
0.151108
0.049477
0.388377
0.344044
0.004284
0.276624
0.125664
0.116770
0.183830
0.155198
0.016346
0.246950
0.226105
0.260058
0.094838
0.353052
0.032095
0.100038
0.289691
0.066083
0.445572
0.131317
0.243507
0.126125
0.492839
0.036639
0.229550
0.523523
0.193068
0.223235
0.579333
0.172629
0.177370
0.091586
0.232558
0.151761
0.093897
0.252552
0.297286
0.064997
0.015995
0.056362
0.353867
0.152108
0.260909
0.132724
0.333007
0.357494
0.229154
0.161175
0.107165
0.361339
0.050972
0.102930
0.423444
0.041557
0.025124
0.199800
0.257278
0.090068
0.320645
0.505569
0.098658
0.475893
0.275685
0.603930
0.345165
0.202991
0.211570
0.456236
0.368485
0.439376
0.361300
0.211293
0.003551
0.060651
0.124263
0.125431
0.255166
0.057185
0.468421
0.385355
0.105623
0.331208
0.553125
0.281331
0.102534
0.294948
0.005888
0.305567
0.080691
0.118757
0.019108
0.011313
0.190190
0.293654
0.040492
0.023422
0.130124
0.243564
0.268910
0.586146
0.136821
0.199740
0.386825
0.133151
0.115701
0.166801
0.118631
0.315109
0.124732
0.169292
0.401976
0.086528
0.348851
0.350657
0.319993
0.405107
0.280354
0.242388
0.076633
0.241811
0.219137
0.246082
0.419657
0.324349
0.123408
0.287956
0.093615
0.386467
0.352932
0.389719
0.216601
0.353770
0.220671
0.551067
0.217696
0.262266
0.114468
0.196816
0.146927
0.413188
0.407286
0.113584
0.397684
0.130668
0.362699
0.585889
0.380291
0.089085
0.374206
0.002960
0.042395
0.028486
0.167417
0.011519
0.389489
0.386582
0.338116
0.000222
0.237772
0.289612
0.462480
0.127002
0.310958
0.299650
0.006462
0.137934
0.326698
0.497373
0.070449
0.351572
0.492111
0.204304
0.063357
0.075241
0.464260
0.231096
0.243358
0.534860
0.203845
0.107455
0.063946
0.086005
0.135044
0.143565
0.193891
0.037185
0.412548
0.021126
0.379759
0.094588
0.242552
0.353709
0.327398
0.018453
0.463827
0.364894
0.015682
0.044948
0.072708
0.345519
0.295233
0.245808
0.165459
0.379238
0.058880
0.085279
0.172401
0.427997
0.296276
0.150947
0.459210
0.285726
0.019947
0.039153
0.221604
0.337289
0.605473
0.482260
0.271165
0.361388
0.132508
0.176541
0.367532
0.495766
0.164235
0.433231
0.538006
0.355125
0.054313
0.159559
0.044098
0.260171
0.503306
0.153147
0.631404
0.209250
0.467520
0.288598
0.141741
0.310923
0.118776
0.219933
0.057738
0.032041
0.300958
0.352381
0.328052
0.284824
0.355366
0.098139
0.105473
0.073209
0.077098
0.021295
0.100530
0.534149
0.068640
0.585793
0.438376
0.154376
0.250928
0.107635
0.152734
0.306352
0.300591
0.177368
0.697519
0.108913
0.215893
0.355802
0.406041
0.470681
0.228484
0.118131
0.177370
0.378933
0.369787
0.097316
0.023272
0.219670
0.089338
0.045336
0.021161
0.075178
0.071922
0.075395
0.187538
0.044783
0.605602
0.556091
0.274433
0.272960
0.272507
0.437713
0.036126
0.052959
0.112146
0.030875
0.432431
0.085923
0.278471
0.072726
0.014948
0.074318
0.328161
0.248149
0.054909
0.411163
0.268810
0.005171
0.288217
0.058073
0.148434
0.346026
0.021439
0.248576
0.191032
0.162580
0.035973
0.523794
0.256146
0.064483
0.522660
0.114999
0.228642
0.201376
0.043788
0.127787
0.086046
0.424569
0.220297
0.195003
0.457193
0.457074
0.326509
0.356304
0.452627
0.382216
0.044844
0.267528
0.318914
0.217977
0.095050
0.070953
0.103009
0.110774
0.290760
0.134889
0.386742
0.355073
0.115973
0.520669
0.226498
0.339435
0.433547
0.028315
0.258680
0.106038
0.138219
0.031248
0.498935
0.032988
0.050080
0.103550
0.038986
0.574610
0.127939
0.292714
0.282542
0.030481
0.546216
0.022487
0.236696
0.291309
0.335893
0.040253
0.045571
0.106960
0.153246
0.371968
0.389942
0.081224
0.240333
0.344728
0.234076
0.496595
0.438303
0.078375
0.020174
0.133351
0.018948
0.405681
0.297810
0.276873
0.237524
0.404726
0.383723
0.144513
0.113036
0.079889
0.150134
0.145011
0.134429
0.005657
0.246821
0.298170
0.112601
0.092620
0.552781
0.060943
0.120288
0.556224
0.300715
0.337959
0.275044
0.347573
0.107177
0.320908
0.183644
0.031131
0.146874
0.581945
0.113252
0.121250
0.322875
0.161489
0.306451
0.180232
0.020588
0.018107
0.132416
0.101762
0.440367
0.125656
0.328705
0.266923
0.517108
0.079347
0.005970
0.162345
0.374001
0.074240
0.109038
0.172799
0.208233
0.254458
0.299607
0.255971
0.041121
0.421287
0.060339
0.152545
0.080987
0.039881
0.206445
0.267548
0.058758
0.034322
0.027423
0.193172
0.156458
0.343008
0.082783
0.209740
0.402157
0.091564
0.063628
0.048636
0.125583
0.336156
0.143613
0.075624
0.467473
0.373285
0.562804
0.338490
0.055978
0.058120
0.234933
0.059859
0.147592
0.099805
0.408116
0.117027
0.045144
0.384975
0.172115
0.048259
0.119138
0.027713
0.004043
0.149847
0.182587
0.516912
0.053685
0.144581
0.061348
0.492068
0.452497
0.366936
0.186052
0.040215
0.053181
0.057507
0.259858
0.162623
0.064511
0.206278
0.464621
0.087397
0.002601
0.026544
0.555808
0.366487
0.071497
0.124583
0.006140
0.351741
0.502644
0.129732
0.298537
0.051863
0.370282
0.118270
0.423616
0.497904
0.097647
0.227947
0.049744
0.282533
0.042542
0.497074
0.181205
0.063252
0.022438
0.065395
0.142725
0.168769
0.257692
0.041877
0.144724
0.392361
0.204453
0.357830
0.167493
0.170598
0.323145
0.287417
0.266441
0.150965
0.061087
0.634245
0.145911
0.248636
0.092012
0.403442
0.256153
0.179884
0.408297
0.090805
0.355940
0.323536
0.308302
0.208464
0.512087
0.266964
0.072346
0.514258
0.152014
0.110277
0.348057
0.192889
0.291858
0.075388
0.041837
0.185316
0.500717
0.226187
0.093198
0.092931
0.213974
0.001683
0.343371
0.076273
0.490994
0.062938
0.203244
0.304192
0.322888
0.072077
0.140638
0.604528
0.052774
0.656187
0.137262
0.325365
0.285513
0.239131
0.627252
0.239993
0.069552
0.035270
0.120138
0.015662
0.016348
0.125056
0.118783
0.259574
0.025469
0.376400
0.418594
0.072822
0.351544
0.152123
0.540938
0.098879
0.170058
0.017959
0.403920
0.228346
0.089183
0.335728
0.142514
0.102249
0.325415
0.195959
0.187980
0.093293
0.100584
0.297986
0.180304
0.057644
0.067716
0.379093
0.458244
0.373984
0.210121
0.041304
0.188386
0.538178
0.388982
0.185462
0.162577
0.482587
0.165614
0.170999
0.025766
0.429573
0.098579
0.473627
0.186013
0.024474
0.390830
0.148880
0.057085
0.369006
0.429838
0.229729
0.128883
0.031134
0.057013
0.103156
0.205355
0.420995
0.326650
0.254917
0.162323
0.246948
0.072330
0.519770
0.355166
0.238522
0.377275
0.340364
0.001495
0.318706
0.247619
0.028222
0.015162
0.224536
0.504130
0.149173
0.010950
0.422761
0.117928
0.364428
0.231584
0.052636
0.391816
0.462823
0.166888
0.289987
0.633157
0.251368
0.152358
0.405142
0.037101
0.096576
0.552073
0.311919
0.195578
0.004121
0.062159
0.036948
0.079841
0.210931
0.350933
0.379788
0.179057
0.444233
0.073866
0.235486
0.308192
0.407210
0.001910
0.259765
0.467163
0.032086
0.266099
0.226392
0.254874
0.361072
0.203452
0.074029
0.383887
0.203140
0.404394
0.177631
0.085160
0.198623
0.397217
0.047409
0.085344
0.124531
0.289628
0.340255
0.153367
0.235917
0.303382
0.457918
0.072548
0.126122
0.022932
0.306276
0.205148
0.155170
0.348399
0.141217
0.310932
0.333229
0.210224
0.154185
0.178623
0.047638
0.087874
0.091447
0.112800
0.276104
0.393852
0.224702
0.182231
0.148455
0.028743
0.461165
0.022427
0.316694
0.387758
0.154790
0.146671
0.020535
0.013674
0.114901
0.336806
0.000532
0.259100
0.466820
0.328076
0.559099
0.069649
0.446639
0.251806
0.167407
0.269182
0.486713
0.260276
0.498654
0.405679
0.208458
0.065669
0.138492
0.504737
0.070854
0.355394
0.274451
0.500352
0.157952
0.298983
0.202634
0.096441
0.077513
0.301180
0.140284
0.225219
0.114794
0.159410
0.110933
0.412948
0.357529
0.553745
0.403308
0.302481
0.354145
0.337308
0.083998
0.059346
0.140665
0.078919
0.136276
0.132212
0.546408
0.287097
0.183360
0.009443
0.250417
0.080109
0.666314
0.513365
0.108787
0.074268
0.471426
0.401428
0.062936
0.386382
0.187254
0.450662
0.175656
0.081644
0.357913
0.281134
0.343327
0.489327
0.262112
0.048472
0.444504
0.505428
0.254502
0.088154
0.073955
0.134072
0.001905
0.314901
0.202491
0.172974
0.036905
0.329857
0.105703
0.221153
0.183972
0.127171
0.283654
0.203819
0.242770
0.368530
0.247640
0.265753
0.459907
0.097973
0.453292
0.292339
0.414834
0.264230
0.266324
0.661031
0.082632
0.364788
0.167428
0.307141
0.098946
0.269714
0.239349
0.480139
0.183380
0.171741
0.243239
0.517138
0.350946
0.160825
0.446864
0.151738
0.237682
0.256515
0.089164
0.322872
0.414015
0.302109
0.215414
0.165417
0.031142
0.154440
0.468583
0.041424
0.287242
0.121605
0.072993
0.343626
0.560392
0.071619
0.192897
0.054168
0.020546
0.290869
0.181461
0.322814
0.352301
0.304726
0.120182
0.320546
0.119469
0.412693
0.016959
0.297320
0.186310
0.080464
0.070353
0.460110
0.276557
0.107854
0.134292
0.234455
0.619356
0.288088
0.019537
0.332923
0.393670
0.257751
0.217470
0.138588
0.409333
0.146506
0.084177
0.170255
0.244417
0.200532
0.047763
0.414574
0.265797
0.592371
0.324479
0.027836
0.311608
0.390745
0.187369
0.083334
0.048381
0.197755
0.190978
0.504920
0.233945
0.219251
0.144712
0.368216
0.206090
0.467166
0.072929
0.147807
0.138458
0.121707
0.358092
0.154622
0.115075
0.103458
0.087936
0.112724
0.181150
0.293070
0.641502
0.003147
0.001520
0.313847
0.167206
0.606343
0.256677
0.307850
0.116601
0.074399
0.387163
0.053302
0.119542
0.010545
0.104263
0.363986
0.175102
0.111195
0.198074
0.309481
0.207340
0.336409
0.141811
0.178851
0.334867
0.128565
0.465700
0.005171
0.154749
0.443181
0.269448
0.243717
0.025529
0.057204
0.480680
0.193820
0.156718
0.136773
0.133135
0.208012
0.135692
0.158115
0.224965
0.012352
0.457434
0.244728
0.103296
0.096104
0.165476
0.263002
0.360949
0.212507
0.051916
0.015070
0.223648
0.475393
0.003221
0.679773
0.120102
0.324093
0.208552
0.011690
0.367580
0.353011
0.017990
0.139823
0.627649
0.305504
0.003832
0.398147
0.213562
0.068552
0.163253
0.070081
0.024012
0.072569
0.016265
0.003021
0.344130
0.640880
0.493279
0.119446
0.305398
0.299235
0.301970
0.285630
0.237755
0.453421
0.312981
0.052181
0.577448
0.163858
0.508408
0.231028
0.130102
0.379260
0.145018
0.346595
0.018150
0.248984
0.089957
0.324956
0.158005
0.238187
0.025479
0.469054
0.336713
0.058965
0.061366
0.204379
0.054756
0.226353
0.202449
0.009177
0.277445
0.117248
0.305914
0.139116
0.486508
0.085525
0.013904
0.243084
0.045219
0.338443
0.173675
0.225399
0.195922
0.472906
0.030890
0.105596
0.649978
0.140307
0.239476
0.628130
0.196331
0.162357
0.030299
0.203747
0.175902
0.002486
0.204289
0.208521
0.222801
0.123027
0.098537
0.409889
0.105727
0.197798
0.299007
0.213917
0.464218
0.377159
0.306322
0.034693
0.295241
0.047499
0.111789
0.386522
0.170649
0.045319
0.237693
0.346267
0.084753
0.433525
0.452568
0.032258
0.473895
0.127341
0.576594
0.451646
0.220611
0.092948
0.502405
0.441067
0.354229
0.337370
0.237117
0.085802
0.004121
0.175911
0.161869
0.255595
0.154274
0.553940
0.406121
0.008485
0.359899
0.393838
0.371745
0.199760
0.261565
0.116773
0.319426
0.065339
0.229312
0.100006
0.039030
0.177431
0.231284
0.102984
0.136614
0.103427
0.168782
0.435206
0.471193
0.226723
0.286374
0.331398
0.060184
0.186867
0.267110
0.177216
0.237747
0.015283
0.244425
0.339048
0.131428
0.359738
0.135405
0.424396
0.413802
0.349914
0.262059
0.149473
0.349787
0.267436
0.136968
0.428303
0.378252
0.144948
0.282872
0.164481
0.292928
0.298703
0.448604
0.230161
0.476884
0.148220
0.400312
0.128723
0.169717
0.062650
0.238499
0.142090
0.477077
0.314034
0.151088
0.474739
0.146375
0.408543
0.642493
0.401492
0.112935
0.339757
0.018811
0.028631
0.011423
0.079532
0.063378
0.254658
0.367540
0.300114
0.078097
0.299021
0.162424
0.454865
0.055717
0.410699
0.405466
0.129014
0.257842
0.327519
0.442079
0.175406
0.266811
0.606040
0.078782
0.102268
0.073123
0.497906
0.129217
0.537267
0.530423
0.230853
0.087299
0.065866
0.128453
0.120154
0.206083
0.118458
0.017371
0.283992
0.049977
0.582739
0.124511
0.190854
0.245894
0.310522
0.091973
0.340243
0.213999
0.102917
0.110154
0.039957
0.367500
0.380706
0.290699
0.107642
0.421724
0.153418
0.078696
0.148725
0.443959
0.259292
0.137013
0.460037
0.188481
0.097180
0.072246
0.307382
0.181805
0.614378
0.538404
0.336920
0.397822
0.151646
0.089647
0.303693
0.439212
0.232041
0.412235
0.470119
0.270600
0.062847
0.129381
0.052054
0.418726
0.543350
0.169393
0.745205
0.118053
0.439623
0.478683
0.092361
0.286362
0.112805
0.289688
0.081672
0.074641
0.395665
0.253531
0.399602
0.245069
0.474313
0.133513
0.005741
0.129556
0.056083
0.028898
0.194111
0.533232
0.157071
0.538702
0.424998
0.116221
0.134212
0.089233
0.162559
0.426312
0.097676
0.140908
0.670538
0.097577
0.191109
0.444561
0.446420
0.505894
0.155927
0.093823
0.111047
0.443074
0.291142
0.069715
0.215025
0.132508
0.184817
0.004620
0.029163
0.076345
0.017174
0.052697
0.125359
0.024719
0.516421
0.523788
0.245912
0.328029
0.281634
0.349967
0.052344
0.115861
0.249081
0.001844
0.322971
0.058813
0.188346
0.105704
0.024753
0.042567
0.342726
0.368679
0.046133
0.382294
0.490057
0.082207
0.306273
0.020704
0.288999
0.444198
0.051508
0.337914
0.031802
0.200127
0.066315
0.476896
0.350334
0.015213
0.611335
0.142562
0.089088
0.275639
0.087570
0.139358
0.059823
0.395935
0.233971
0.167514
0.349757
0.472262
0.355265
0.238091
0.503586
0.506385
0.011428
0.292354
0.246193
0.268455
0.025023
0.182156
0.109739
0.059498
0.340894
0.152674
0.233523
0.315933
0.099182
0.499647
0.166692
0.331166
0.466562
0.018911
0.341237
0.136194
0.079391
0.057132
0.562909
0.024993
0.036227
0.249638
0.043207
0.687160
0.048625
0.309637
0.353712
0.047470
0.496947
0.038113
0.156211
0.132126
0.327317
0.041591
0.030876
0.146195
0.162118
0.469727
0.349917
0.064502
0.249386
0.217933
0.199432
0.375162
0.433409
0.068708
0.027367
0.095812
0.000862
0.403519
0.343332
0.332859
0.255392
0.498840
0.260069
0.085930
0.074487
0.111008
0.196028
0.127840
0.074752
0.048737
0.217915
0.343463
0.210391
0.108126
0.479124
0.214699
0.021747
0.465045
0.324009
0.349306
0.277637
0.477403
0.090302
0.347272
0.199333
0.029778
0.041516
0.534943
0.059104
0.089277
0.346641
0.247507
0.342224
0.338039
0.018279
0.140582
0.078365
0.038108
0.353028
0.129108
0.313301
0.028392
0.405056
0.244825
0.020887
0.014974
0.301906
0.104803
0.178919
0.026623
0.238522
0.201811
0.283979
0.142141
0.122901
0.425380
0.089104
0.188528
0.100327
0.005572
0.177251
0.273959
0.047460
0.060521
0.070520
0.221287
0.208336
0.360612
0.066708
0.107452
0.531437
0.020150
0.022691
0.042809
0.238882
0.189449
0.179960
0.145603
0.348772
0.493672
0.550098
0.420144
0.022152
0.079868
0.328532
0.048845
0.178587
0.134439
0.584567
0.074866
0.059281
0.449618
0.240635
0.094796
0.114115
0.099392
0.195648
0.040831
0.110153
0.530648
0.022530
0.333451
0.107981
0.506193
0.289526
0.345507
0.115700
0.025073
0.065002
0.084533
0.166100
0.113813
0.009818
0.183950
0.448409
0.198396
0.029881
0.052383
0.531788
0.382707
0.038561
0.115848
0.077634
0.385037
0.310534
0.281956
0.347372
0.129524
0.505531
0.140505
0.424803
0.367717
0.103788
0.374231
0.079389
0.268099
0.029589
0.597364
0.184410
0.012019
0.059553
0.229988
0.134929
0.113067
0.285440
0.020553
0.057640
0.354361
0.147734
0.294806
0.260832
0.202890
0.361144
0.313582
0.338910
0.171101
0.109674
0.608154
0.224011
0.383642
0.194695
0.506602
0.333248
0.153534
0.425359
0.150232
0.438994
0.184335
0.117290
0.175449
0.557943
0.297191
0.012225
0.393600
0.290648
0.071921
0.296698
0.226534
0.343120
0.031983
0.044901
0.219743
0.355684
0.233764
0.229936
0.127298
0.247124
0.136028
0.303350
0.309867
0.541009
0.001973
0.173431
0.315186
0.362686
0.007651
0.178581
0.526436
0.050595
0.573766
0.182018
0.320378
0.268491
0.074129
0.594595
0.239141
0.110477
0.020005
0.116479
0.068317
0.010963
0.179009
0.262715
0.220163
0.011165
0.378041
0.384356
0.047947
0.390165
0.135112
0.535406
0.093610
0.134692
0.139603
0.487905
0.317097
0.296155
0.315438
0.111793
0.124466
0.259920
0.171589
0.340285
0.159495
0.214445
0.250471
0.112805
0.029537
0.142242
0.269297
0.374138
0.263352
0.019468
0.001313
0.224911
0.593610
0.364494
0.193151
0.287753
0.431822
0.114817
0.194581
0.098802
0.485557
0.049680
0.438823
0.083810
0.034004
0.473818
0.154155
0.086821
0.261143
0.548066
0.316904
0.045159
0.058959
0.149995
0.151907
0.055494
0.346875
0.379340
0.325326
0.076714
0.057651
0.083753
0.547244
0.356998
0.195772
0.429846
0.378430
0.003819
0.240431
0.293209
0.047228
0.052165
0.232293
0.430398
0.209949
0.057604
0.474751
0.155101
0.487042
0.009470
0.171040
0.455208
0.355325
0.075338
0.275463
0.630972
0.165533
0.085365
0.463811
0.103603
0.143432
0.434862
0.126040
0.206556
0.014389
0.038673
0.116780
0.164274
0.260624
0.363704
0.335220
0.337914
0.417377
0.077148
0.109843
0.280035
0.244341
0.035286
0.182486
0.536060
0.088674
0.156417
0.169218
0.192459
0.431918
0.206790
0.095278
0.358918
0.427487
0.554361
0.246440
0.049303
0.212165
0.421660
0.055474
0.068833
0.181878
0.194194
0.417693
0.114255
0.301813
0.065884
0.418959
0.068651
0.226370
0.147756
0.148150
0.171224
0.073999
0.303611
0.077880
0.366096
0.368664
0.308907
0.008473
0.132667
0.017768
0.027894
0.087789
0.069249
0.517918
0.180569
0.249698
0.256546
0.132634
0.003805
0.410856
0.105180
0.261774
0.337212
0.202934
0.145608
0.085684
0.132036
0.185178
0.194759
0.027579
0.203722
0.442727
0.181638
0.538106
0.070224
0.438853
0.278010
0.266282
0.360949
0.355725
0.320850
0.455054
0.289613
0.207554
0.078660
0.133368
0.483238
0.019598
0.248434
0.173540
0.572789
0.097647
0.193145
0.114041
0.164397
0.162859
0.248156
0.236580
0.255259
0.168856
0.165558
0.043728
0.541321
0.340743
0.565761
0.382289
0.369629
0.242996
0.349171
0.079947
0.059311
0.018408
0.078403
0.253913
0.105697
0.519947
0.176444
0.139899
0.065053
0.402338
0.134693
0.607645
0.395733
0.294291
0.202603
0.404831
0.262916
0.000277
0.501585
0.265867
0.389153
0.208494
0.024404
0.346218
0.265695
0.221459
0.400524
0.416624
0.067150
0.364351
0.530996
0.179965
0.001054
0.157621
0.137380
0.007660
0.334747
0.232107
0.281911
0.000235
0.267485
0.167631
0.198435
0.391673
0.098306
0.339153
0.197697
0.250051
0.161939
0.242371
0.255753
0.485643
0.187753
0.488794
0.378147
0.272740
0.108865
0.318368
0.664491
0.066332
0.440949
0.163939
0.415033
0.164470
0.290019
0.306537
0.498694
0.140467
0.157260
0.237675
0.626739
0.374734
0.095413
0.391163
0.183580
0.192197
0.230598
0.095812
0.416628
0.516550
0.323738
0.223425
0.248574
0.061440
0.226502
0.399117
0.114898
0.300111
0.082957
0.160476
0.501884
0.546124
0.062403
0.270292
0.175887
0.024191
0.394843
0.155586
0.432241
0.326870
0.368368
0.031148
0.306536
0.088328
0.454775
0.152388
0.377855
0.044619
0.066734
0.088620
0.556890
0.227479
0.197167
0.105886
0.316427
0.657484
0.163971
0.063211
0.228467
0.290109
0.262056
0.126846
0.272373
0.490979
0.189621
0.132488
0.032044
0.438176
0.002163
0.043335
0.509599
0.351958
0.565787
0.220905
0.037370
0.214008
0.306225
0.327634
0.045128
0.145910
0.111876
0.224759
0.435135
0.298531
0.167747
0.054241
0.332192
0.238741
0.563375
0.042952
0.210838
0.045927
0.153834
0.212704
0.142762
0.036039
0.242791
0.077487
0.025137
0.137566
0.244255
0.560051
0.212039
0.194320
0.187414
0.159402
0.540856
0.382431
0.231732
0.269707
0.121958
0.380603
0.095393
0.084669
0.028934
0.018646
0.302564
0.197128
0.218490
0.287022
0.310659
0.210951
0.421696
0.155931
0.217172
0.366550
0.155712
0.572187
0.077123
0.260716
0.446567
0.246650
0.201156
0.010968
0.043413
0.392694
0.192527
0.148213
0.157902
0.055402
0.186621
0.123051
0.218816
0.053130
0.040254
0.382807
0.070637
0.105622
0.066289
0.367412
0.255825
0.344925
0.245982
0.038872
0.022594
0.241977
0.553777
0.046852
0.639821
0.124821
0.349744
0.098627
0.198990
0.327624
0.387009
0.004887
0.186672
0.668133
0.235852
0.044432
0.432599
0.183220
0.009567
0.023520
0.111328
0.015192
0.004846
0.177860
0.108412
0.394784
0.645073
0.596348
0.140881
0.170639
0.259891
0.120970
0.168283
0.172932
0.299065
0.276517
0.017798
0.564270
0.072440
0.483125
0.250515
0.174021
0.567541
0.179084
0.262747
0.246564
0.149534
0.044560
0.191313
0.043184
0.269085
0.090921
0.466868
0.344313
0.181657
0.120042
0.205099
0.065974
0.299322
0.168926
0.031799
0.209303
0.103110
0.271161
0.159328
0.643560
0.058538
0.081807
0.248729
0.047364
0.219243
0.226586
0.171126
0.245786
0.406429
0.111587
0.013500
0.704643
0.114459
0.321841
0.577399
0.179582
0.151726
0.188429
0.191465
0.233105
0.062437
0.173896
0.078225
0.343045
0.227897
0.150199
0.393547
0.133141
0.087248
0.320989
0.086376
0.533022
0.479838
0.405418
0.113134
0.250650
0.009736
0.085645
0.376840
0.271908
0.106855
0.259264
0.415384
0.224988
0.444614
0.394151
0.011913
0.385665
0.088149
0.573427
0.558441
0.227264
0.037657
0.493540
0.453633
0.201509
0.328488
0.241531
0.169447
0.075956
0.186858
0.199727
0.204475
0.224712
0.593693
0.362220
0.087460
0.406504
0.184113
0.392585
0.254032
0.167589
0.215938
0.281664
0.172579
0.322533
0.191199
0.082954
0.150765
0.166690
0.165864
0.278586
0.305720
0.053867
0.597134
0.333358
0.281035
0.323148
0.309718
0.040644
0.201213
0.348029
0.133605
0.159181
0.136130
0.284169
0.229658
0.134882
0.328623
0.062073
0.420259
0.387130
0.390974
0.226514
0.296568
0.425196
0.333177
0.078970
0.446781
0.346450
0.088810
0.261395
0.122267
0.225142
0.211404
0.396405
0.244049
0.602966
0.063690
0.264606
0.010380
0.080915
0.168615
0.250339
0.078760
0.547308
0.218784
0.235378
0.342528
0.125061
0.423835
0.558451
0.423292
0.113973
0.286591
0.003218
0.050873
0.106794
0.096446
0.125606
0.092021
0.336263
0.210555
0.173999
0.385483
0.075504
0.369990
0.022528
0.463310
0.476760
0.131200
0.268622
0.362912
0.323118
0.218450
0.117505
0.650542
0.016620
0.055717
0.051273
0.513600
0.017809
0.722020
0.559851
0.268648
0.149040
0.122969
0.127733
0.033172
0.263461
0.014137
0.018241
0.135704
0.133294
0.687777
0.097374
0.182152
0.161040
0.178344
0.150889
0.257889
0.066317
0.182561
0.124535
0.083473
0.351069
0.465429
0.327143
0.128934
0.427189
0.209764
0.098465
0.227082
0.488882
0.146109
0.106733
0.424303
0.109625
0.129505
0.162057
0.347105
0.023474
0.549254
0.559502
0.329130
0.402522
0.143452
0.112290
0.226593
0.376919
0.210118
0.373688
0.324358
0.095059
0.085977
0.046274
0.080662
0.572157
0.456126
0.175050
0.679682
0.000402
0.328650
0.583866
0.037222
0.244324
0.188412
0.302685
0.125196
0.069587
0.439038
0.102788
0.427430
0.185125
0.708112
0.138525
0.066603
0.211340
0.135614
0.003730
0.253704
0.524918
0.297994
0.421361
0.404272
0.097415
0.077451
0.083135
0.074176
0.491856
0.046488
0.111271
0.556439
0.103829
0.139389
0.444736
0.465206
0.423188
0.046015
0.100777
0.027735
0.550524
0.124157
0.006708
0.342063
0.119497
0.228369
0.004944
0.008161
0.199402
0.014471
0.060045
0.088262
0.083383
0.354305
0.504675
0.226420
0.429481
0.264769
0.252891
0.071786
0.167961
0.314421
0.063169
0.295965
0.046704
0.142396
0.136941
0.059014
0.044268
0.314964
0.422289
0.046555
0.263927
0.550931
0.171742
0.269273
0.035540
0.418077
0.519156
0.102421
0.367976
0.087963
0.194548
0.127701
0.333963
0.307008
0.072086
0.540552
0.152249
0.297092
0.332283
0.105099
0.040771
0.174311
0.327983
0.155182
0.092484
0.276393
0.461087
0.363333
0.008607
0.507469
0.628084
0.031156
0.294073
0.171637
0.276910
0.110210
0.278131
0.060273
0.039365
0.294955
0.133432
0.116487
0.225520
0.122092
0.370493
0.147804
0.270761
0.458654
0.039637
0.382009
0.074219
0.099818
0.138622
0.537700
0.121941
0.139854
0.319711
0.130531
0.699620
0.000388
0.313705
0.332316
0.081439
0.464303
0.046371
0.101691
0.074858
0.306550
0.033211
0.104350
0.254798
0.082045
0.551721
0.289389
0.085532
0.276227
0.048731
0.174813
0.232089
0.415980
0.187222
0.024592
0.057221
0.016403
0.459100
0.341560
0.343051
0.262343
0.544038
0.115119
0.035949
0.026087
0.122778
0.259300
0.073489
0.345368
0.062148
0.140570
0.404789
0.226425
0.077949
0.321159
0.382960
0.018044
0.336265
0.400447
0.280862
0.307379
0.543221
0.101009
0.349010
0.165851
0.041866
0.006395
0.383050
0.001385
0.180668
0.356205
0.301121
0.348443
0.517003
0.019906
0.227019
0.242063
0.000612
0.180621
0.086700
0.360965
0.178776
0.360195
0.395537
0.059886
0.199270
0.225525
0.148280
0.218612
0.181542
0.247425
0.239770
0.320635
0.063696
0.187714
0.439918
0.038481
0.195091
0.243825
0.016375
0.163725
0.279882
0.011766
0.060258
0.114900
0.264774
0.208556
0.354644
0.091376
0.069972
0.569636
0.049581
0.152142
0.091897
0.322348
0.021253
0.223107
0.177009
0.228181
0.590731
0.475357
0.390811
0.067792
0.225442
0.337218
0.058720
0.193863
0.189069
0.612197
0.096579
0.043030
0.428069
0.235420
0.123527
0.147037
0.148515
0.427595
0.058568
0.070420
0.498307
0.173083
0.431447
0.039436
0.502023
0.115298
0.256608
0.036988
0.007175
0.124429
0.141646
0.061002
0.097252
0.032185
0.062658
0.384011
0.269358
0.110708
0.085286
0.550630
0.405778
0.036449
0.089592
0.155213
0.416214
0.094827
0.345296
0.314108
0.110074
0.612812
0.096470
0.410865
0.252043
0.045995
0.426042
0.185814
0.261624
0.052483
0.652398
0.179470
0.025962
0.052667
0.342407
0.078142
0.115812
0.268912
0.050826
0.041000
0.200759
0.148149
0.264143
0.325060
0.164899
0.252151
0.271160
0.294164
0.225746
0.241763
0.481059
0.333395
0.451496
0.256100
0.557437
0.393372
0.139528
0.387136
0.131126
0.373159
0.106389
0.099416
0.093527
0.544839
0.296618
0.027478
0.273806
0.392452
0.004516
0.283542
0.268103
0.374836
0.091893
0.026843
0.176129
0.195008
0.188369
0.402753
0.119779
0.266490
0.294609
0.291374
0.472249
0.546865
0.130517
0.199114
0.301864
0.387278
0.043649
0.174171
0.388507
0.028552
0.468730
0.165630
0.330925
0.217638
0.136584
0.554464
0.274053
0.092461
0.008391
0.101353
0.172037
0.083642
0.238966
0.414289
0.188500
0.043341
0.370820
0.335287
0.153302
0.400766
0.227981
0.534701
0.117878
0.087413
0.161967
0.582387
0.368681
0.460277
0.245114
0.080883
0.082104
0.192005
0.177827
0.402744
0.143925
0.316095
0.199982
0.053052
0.071190
0.280398
0.188435
0.227028
0.085774
0.167369
0.025700
0.271093
0.580552
0.302081
0.132626
0.421891
0.392846
0.005359
0.239209
0.081636
0.551621
0.055395
0.318041
0.031522
0.082592
0.491935
0.189081
0.174370
0.114472
0.647894
0.416207
0.035553
0.185931
0.282461
0.185676
0.037028
0.264050
0.401100
0.436913
0.049616
0.061519
0.078149
0.487309
0.336280
0.140846
0.420925
0.328125
0.024685
0.120738
0.298829
0.108734
0.091528
0.188773
0.288549
0.190703
0.163525
0.402867
0.241709
0.522358
0.156195
0.334305
0.469036
0.304288
0.024592
0.269388
0.524252
0.078561
0.064037
0.510738
0.192664
0.242796
0.349040
0.015254
0.114255
0.032378
0.010166
0.185026
0.362372
0.258358
0.365419
0.287406
0.514827
0.266105
0.049446
0.013599
0.170854
0.039145
0.006527
0.105849
0.572905
0.126787
0.019864
0.091374
0.190206
0.410920
0.195354
0.146025
0.237705
0.579812
0.718381
0.247421
0.018486
0.219154
0.389719
0.096847
0.114555
0.218384
0.032605
0.481108
0.000364
0.324368
0.096222
0.410301
0.021579
0.298899
0.188032
0.002447
0.119734
0.016983
0.212109
0.029311
0.431426
0.317381
0.425858
0.126668
0.004015
0.063528
0.051815
0.042744
0.038743
0.698479
0.075457
0.233331
0.351284
0.088961
0.100875
0.293133
0.232224
0.212142
0.216417
0.276922
0.125755
0.187334
0.257263
0.369690
0.016462
0.041719
0.082148
0.378567
0.028941
0.384707
0.013944
0.383464
0.305873
0.328023
0.434824
0.221435
0.428387
0.361912
0.180902
0.176321
0.036989
0.214235
0.457003
0.028342
0.123021
0.098224
0.468036
0.066462
0.159635
0.015287
0.236146
0.218496
0.198817
0.286301
0.222320
0.278149
0.231614
0.055978
0.605967
0.272088
0.540882
0.329940
0.473487
0.169350
0.247787
0.089994
0.030937
0.080226
0.084981
0.349738
0.032348
0.455349
0.136787
0.072038
0.105497
0.598350
0.222268
0.437386
0.247364
0.459399
0.287950
0.330733
0.117639
0.007754
0.636580
0.342145
0.305487
0.196773
0.109048
0.321212
0.194385
0.066855
0.302578
0.461818
0.119000
0.306499
0.463014
0.118807
0.078192
0.251986
0.236458
0.000183
0.338042
0.200088
0.380469
0.027716
0.163783
0.230400
0.129467
0.560557
0.118560
0.350333
0.212617
0.227683
0.019532
0.181085
0.214634
0.498540
0.284712
0.473852
0.516390
0.168628
0.030957
0.234684
0.630291
0.143453
0.540492
0.160482
0.532259
0.281921
0.284647
0.343104
0.461408
0.095947
0.128283
0.248144
0.629997
0.322567
0.070131
0.274162
0.243679
0.126493
0.108080
0.190560
0.450689
0.567697
0.316654
0.208898
0.310427
0.065506
0.345294
0.288117
0.125957
0.371355
0.076627
0.374505
0.558709
0.508862
0.093982
0.352426
0.236749
0.113643
0.484090
0.087006
0.519916
0.309139
0.384987
0.043413
0.243176
0.057964
0.430432
0.302302
0.428591
0.016950
0.106470
0.092659
0.541492
0.169306
0.272905
0.047879
0.286618
0.564460
0.068679
0.165712
0.068312
0.190877
0.318622
0.061729
0.398005
0.496416
0.216415
0.202625
0.043792
0.566566
0.231422
0.063449
0.585656
0.500702
0.449708
0.085444
0.089962
0.124217
0.218013
0.464587
0.049640
0.265448
0.064909
0.183389
0.347600
0.377905
0.075263
0.001000
0.283134
0.297937
0.626830
0.155625
0.182701
0.073184
0.162705
0.052406
0.048283
0.112350
0.257399
0.119401
0.048526
0.064557
0.187010
0.371157
0.463489
0.310247
0.101163
0.190825
0.341380
0.464175
0.201663
0.490242
0.108229
0.358607
0.287476
0.087016
0.074859
0.097655
0.220587
0.229912
0.360977
0.360993
0.285078
0.216540
0.520476
0.234252
0.205018
0.430943
0.216706
0.574262
0.149249
0.348429
0.372570
0.168460
0.180178
0.010848
0.031740
0.292528
0.148651
0.180872
0.247456
0.062004
0.173789
0.100001
0.202632
0.003132
0.066092
0.358099
0.022062
0.165043
0.012042
0.521429
0.227193
0.293368
0.276032
0.017678
0.044486
0.282486
0.455633
0.200653
0.467636
0.170977
0.376739
0.033053
0.435226
0.194025
0.452946
0.019035
0.230817
0.536371
0.117730
0.109377
0.429833
0.177630
0.055466
0.136222
0.117297
0.001720
0.001558
0.267842
0.191931
0.407954
0.482351
0.667825
0.154307
0.108946
0.235851
0.003336
0.035245
0.116362
0.154592
0.205824
0.089970
0.443211
0.010433
0.488114
0.206869
0.126507
0.588030
0.137951
0.202944
0.498866
0.039714
0.046306
0.081875
0.041305
0.332977
0.100085
0.469728
0.399285
0.292063
0.227859
0.248975
0.094976
0.386580
0.147686
0.050229
0.145940
0.127483
0.209998
0.143616
0.677622
0.006714
0.038092
0.241652
0.021460
0.098660
0.283206
0.081701
0.277640
0.270411
0.088389
0.122387
0.676709
0.084188
0.331360
0.524059
0.260255
0.123555
0.349622
0.150750
0.253561
0.154160
0.150370
0.016038
0.449957
0.319212
0.222652
0.289102
0.108927
0.027888
0.362978
0.066926
0.613644
0.437634
0.452230
0.213187
0.195985
0.114863
0.059804
0.388034
0.427412
0.173203
0.256942
0.524468
0.447050
0.441202
0.305274
0.038795
0.262683
0.079844
0.470767
0.588672
0.221713
0.127207
0.534921
0.439558
0.061015
0.332382
0.240770
0.238013
0.065249
0.121994
0.225293
0.205210
0.282989
0.497618
0.329536
0.128047
0.402818
0.026701
0.303685
0.215986
0.003276
0.299106
0.208350
0.264131
0.380743
0.284660
0.075618
0.190496
0.137311
0.190403
0.375120
0.437254
0.046767
0.685383
0.144859
0.233233
0.336403
0.281978
0.146829
0.127442
0.470743
0.097729
0.054690
0.256042
0.313684
0.219682
0.194873
0.219180
0.214537
0.403764
0.233848
0.363994
0.145361
0.454396
0.468694
0.383234
0.057739
0.309009
0.338873
0.016950
0.212581
0.075209
0.189416
0.079199
0.326579
0.220634
0.527889
0.000652
0.250227
0.152944
0.025831
0.228306
0.249262
0.011041
0.575959
0.123601
0.356297
0.177964
0.015550
0.416455
0.446304
0.373665
0.073396
0.169824
0.049204
0.075759
0.299272
0.211132
0.182845
0.023071
0.299729
0.139060
0.215702
0.394682
0.004484
0.320469
0.087904
0.510280
0.456330
0.140078
0.243663
0.332450
0.217798
0.230416
0.070392
0.598072
0.021014
0.043647
0.027698
0.472792
0.095821
0.750307
0.567129
0.279603
0.210972
0.175846
0.133880
0.016653
0.199516
0.114154
0.004229
0.047953
0.212768
0.613822
0.072382
0.197532
0.072908
0.141271
0.135389
0.180233
0.071467
0.182860
0.066958
0.123970
0.310363
0.536341
0.280591
0.147282
0.429990
0.244787
0.163079
0.298026
0.447130
0.002591
0.072623
0.369760
0.044131
0.151247
0.287212
0.278138
0.044072
0.429769
0.510928
0.285540
0.377092
0.185255
0.320693
0.137576
0.300970
0.172538
0.354600
0.191624
0.046377
0.205639
0.008438
0.067624
0.668817
0.298638
0.109667
0.600200
0.085686
0.159837
0.507250
0.041321
0.155247
0.230609
0.233229
0.189140
0.030729
0.472843
0.086678
0.468886
0.048382
0.792025
0.140950
0.114295
0.225487
0.184898
0.014682
0.305106
0.483942
0.412345
0.339536
0.292039
0.162348
0.007348
0.102315
0.003022
0.515816
0.155620
0.102013
0.332161
0.149696
0.068315
0.526817
0.426591
0.396949
0.023157
0.122051
0.149736
0.602772
0.066195
0.075107
0.486685
0.146611
0.213670
0.043758
0.013366
0.390636
0.017276
0.111875
0.075678
0.188366
0.076227
0.504015
0.228847
0.522104
0.245838
0.156645
0.101268
0.160063
0.361154
0.170440
0.267951
0.019294
0.111847
0.175814
0.041442
0.074002
0.317843
0.394845
0.180700
0.148169
0.543091
0.170129
0.191753
0.109800
0.497961
0.451003
0.181718
0.373627
0.164370
0.168177
0.184114
0.260502
0.266807
0.083644
0.385234
0.038225
0.423855
0.454355
0.134755
0.067205
0.297569
0.199807
0.077072
0.003856
0.154504
0.418523
0.422751
0.210748
0.441469
0.670502
0.064498
0.196727
0.148086
0.316058
0.178393
0.377098
0.036477
0.141758
0.218078
0.153146
0.002577
0.177743
0.122449
0.242045
0.102156
0.127583
0.443733
0.087541
0.455476
0.042317
0.124913
0.159962
0.486891
0.263058
0.190666
0.359779
0.202106
0.687410
0.052155
0.211220
0.303604
0.080503
0.486275
0.097033
0.006283
0.270392
0.281513
0.043764
0.026668
0.273115
0.015521
0.594601
0.195102
0.077873
0.211768
0.090555
0.163289
0.082932
0.377871
0.194730
0.027968
0.046195
0.051643
0.431198
0.358256
0.278276
0.238728
0.501798
0.018009
0.021905
0.023131
0.112071
0.304990
0.059761
0.553705
0.141617
0.051504
0.453407
0.202062
0.086513
0.285490
0.615418
0.031247
0.293215
0.359381
0.193212
0.396641
0.654283
0.087612
0.356848
0.171958
0.070899
0.047473
0.164285
0.047882
0.315744
0.346578
0.347266
0.382150
0.605794
0.104324
0.288138
0.307585
0.062168
0.101779
0.002261
0.453104
0.303571
0.314138
0.569271
0.084103
0.358615
0.098042
0.239022
0.216023
0.375377
0.260015
0.280112
0.290963
0.026090
0.233328
0.398452
0.070919
0.155836
0.435081
0.067688
0.159033
0.246066
0.109471
0.044488
0.159166
0.317133
0.203272
0.352601
0.076104
0.023792
0.537265
0.010478
0.260598
0.098408
0.311299
0.059115
0.329613
0.235438
0.126362
0.618954
0.365684
0.351397
0.127036
0.382414
0.313054
0.041898
0.211021
0.188214
0.507181
0.084661
0.010429
0.422138
0.239361
0.187302
0.159714
0.220033
0.598656
0.164760
0.047302
0.333300
0.292092
0.409847
0.049400
0.384727
0.124258
0.214152
0.022351
0.026289
0.172970
0.230999
0.000810
0.084033
0.046605
0.044874
0.330091
0.306783
0.232805
0.121927
0.508786
0.354413
0.065921
0.054469
0.208857
0.433580
0.046335
0.314578
0.263482
0.089050
0.621811
0.026428
0.387253
0.076977
0.006644
0.387518
0.250237
0.232835
0.042100
0.606961
0.164198
0.074691
0.029869
0.422982
0.011306
0.094634
0.246374
0.029121
0.018021
0.040684
0.132529
0.220275
0.322680
0.154733
0.072849
0.209940
0.186281
0.243047
0.279768
0.361649
0.399786
0.519475
0.303009
0.608419
0.415172
0.097408
0.255538
0.040563
0.291488
0.107623
0.202531
0.026466
0.434641
0.291063
0.070682
0.200388
0.438149
0.032113
0.255121
0.356738
0.394820
0.211341
0.013014
0.142015
0.089666
0.120180
0.562777
0.115676
0.250062
0.395249
0.322047
0.585792
0.457681
0.275605
0.196126
0.258688
0.416084
0.057721
0.205632
0.208059
0.060629
0.304046
0.094963
0.367550
0.217650
0.247456
0.424887
0.236044
0.019426
0.031110
0.009261
0.269229
0.195471
0.239793
0.498897
0.162127
0.064987
0.322624
0.246523
0.204218
0.422521
0.306969
0.495194
0.153267
0.070740
0.105582
0.585033
0.345302
0.581829
0.215608
0.085146
0.156359
0.092940
0.178357
0.436363
0.020242
0.378015
0.190447
0.172328
0.131843
0.345054
0.058805
0.152660
0.028365
0.214610
0.088210
0.255200
0.539102
0.263166
0.069969
0.457035
0.347064
0.096988
0.285659
0.020563
0.499599
0.113560
0.229139
0.154126
0.145735
0.481264
0.220850
0.322602
0.036610
0.677446
0.459647
0.101360
0.367375
0.395981
0.196108
0.032549
0.172761
0.389720
0.531734
0.084425
0.149156
0.039675
0.390246
0.389813
0.066191
0.402531
0.227724
0.029071
0.012678
0.323460
0.083599
0.147378
0.204307
0.080648
0.136820
0.270185
0.252721
0.383335
0.471582
0.238492
0.455579
0.461426
0.227124
0.021843
0.278353
0.397203
0.022948
0.056179
0.535721
0.285236
0.380757
0.306043
0.139815
0.023351
0.076476
0.014892
0.248790
0.551048
0.236710
0.322904
0.233115
0.628900
0.057803
0.006420
0.251460
0.072520
0.077523
0.100141
0.026556
0.550668
0.173942
0.178249
0.021806
0.209022
0.325945
0.209244
0.190870
0.122937
0.623103
0.713783
0.254856
0.028399
0.190596
0.403276
0.091082
0.192866
0.196874
0.055078
0.507290
0.070664
0.366726
0.115417
0.338586
0.017471
0.423873
0.150655
0.139810
0.088542
0.091757
0.129965
0.024867
0.478081
0.159504
0.454959
0.288259
0.139886
0.113879
0.062657
0.019168
0.006902
0.779946
0.288194
0.245941
0.399317
0.016389
0.182844
0.133218
0.296041
0.156769
0.088862
0.200274
0.093909
0.339928
0.327798
0.507832
0.092583
0.025914
0.009691
0.307007
0.069127
0.123327
0.088658
0.352821
0.319447
0.346316
0.459306
0.075021
0.501911
0.203740
0.087196
0.105743
0.004887
0.303438
0.430387
0.098717
0.015544
0.131273
0.363197
0.033058
0.219058
0.078369
0.249898
0.205317
0.142495
0.323859
0.157583
0.396319
0.328408
0.109600
0.557184
0.160523
0.399007
0.303279
0.544227
0.119592
0.164586
0.150937
0.009576
0.119406
0.122818
0.421328
0.004470
0.379906
0.077275
0.030492
0.140108
0.739502
0.286793
0.325280
0.093649
0.556260
0.332259
0.198989
0.007406
0.084029
0.675937
0.430444
0.203685
0.125811
0.175838
0.270560
0.035437
0.082004
0.183214
0.375604
0.193269
0.151087
0.288557
0.122624
0.210966
0.311373
0.258149
0.033907
0.276770
0.167052
0.382889
0.084922
0.070259
0.301298
0.036701
0.611735
0.103205
0.348095
0.186993
0.227139
0.075193
0.122998
0.137270
0.505094
0.308316
0.305725
0.525584
0.105165
0.112105
0.127365
0.555739
0.285106
0.569907
0.187669
0.674953
0.354693
0.250779
0.314703
0.354917
0.097235
0.074749
0.181544
0.509903
0.164746
0.038080
0.158374
0.281593
0.013113
0.104033
0.314214
0.466295
0.564858
0.301230
0.136173
0.325673
0.121670
0.395101
0.088845
0.022114
0.402345
0.128942
0.514815
0.529252
0.414351
0.171140
0.330677
0.244470
0.179340
0.471439
0.005021
0.576901
0.290432
0.421162
0.112939
0.185671
0.030528
0.378898
0.388940
0.470984
0.045841
0.092122
0.156752
0.564570
0.159577
0.356229
0.002370
0.210704
0.387499
0.032190
0.183483
0.129298
0.099234
0.300195
0.030258
0.456534
0.453774
0.161248
0.238394
0.166317
0.578145
0.453350
0.081889
0.569833
0.593188
0.306244
0.009978
0.161607
0.026260
0.149411
0.481140
0.019680
0.391395
0.046880
0.149984
0.272206
0.385459
0.010401
0.053505
0.177744
0.376185
0.647975
0.315796
0.073065
0.196199
0.216309
0.143338
0.069387
0.266372
0.238095
0.165699
0.255299
0.013707
0.073001
0.086591
0.604944
0.421385
0.021175
0.251141
0.148817
0.494290
0.207092
0.631722
0.048624
0.245343
0.522552
0.023540
0.065394
0.028084
0.164768
0.184525
0.410740
0.467237
0.174091
0.236378
0.656616
0.343754
0.131382
0.415180
0.293632
0.483709
0.168431
0.407050
0.267072
0.044137
0.159164
0.021285
0.025811
0.213720
0.015597
0.169782
0.335871
0.073820
0.154479
0.071980
0.185832
0.055000
0.094621
0.265657
0.087500
0.248254
0.058515
0.607532
0.169253
0.174023
0.337013
0.042295
0.132898
0.322452
0.367732
0.329161
0.200987
0.184705
0.322141
0.030402
0.653088
0.051610
0.503334
0.000474
0.250043
0.452362
0.009363
0.146253
0.400434
0.196272
0.094226
0.260061
0.131099
0.036922
0.083292
0.296743
0.233081
0.362197
0.310527
0.765785
0.141217
0.003246
0.247693
0.092027
0.104464
0.001013
0.074907
0.163399
0.204754
0.263776
0.073613
0.443177
0.219686
0.070682
0.514541
0.071492
0.111114
0.728702
0.102706
0.040488
0.013351
0.142737
0.348215
0.156684
0.428514
0.395989
0.415394
0.303016
0.263010
0.221671
0.370168
0.152164
0.119338
0.032750
0.228992
0.101617
0.128331
0.614839
0.068425
0.059057
0.301883
0.018883
0.003178
0.354572
0.038130
0.285060
0.090609
0.084138
0.187859
0.619233
0.036976
0.286233
0.450365
0.313702
0.089329
0.413206
0.160369
0.323306
0.221081
0.154191
0.105521
0.548911
0.351407
0.311131
0.095863
0.084792
0.090647
0.374563
0.150643
0.603149
0.343905
0.406961
0.181443
0.209025
0.243716
0.036792
0.363237
0.421423
0.276672
0.217451
0.507324
0.541814
0.296434
0.241107
0.106499
0.111674
0.134681
0.335664
0.526743
0.173094
0.174245
0.493531
0.342253
0.067397
0.340773
0.216143
0.230090
0.001824
0.026805
0.189498
0.179364
0.265553
0.339044
0.246544
0.172182
0.381144
0.201500
0.166612
0.107018
0.140659
0.309353
0.090815
0.298594
0.377576
0.369091
0.048425
0.209407
0.058202
0.161602
0.464718
0.512595
0.099850
0.663313
0.028875
0.194463
0.299612
0.296905
0.208323
0.017083
0.532487
0.005681
0.007905
0.274865
0.284512
0.185211
0.238164
0.076160
0.277995
0.305361
0.074124
0.309850
0.054631
0.638396
0.458141
0.398874
0.069961
0.248224
0.206948
0.211346
0.179030
0.066583
0.140024
0.006372
0.200162
0.205053
0.449310
0.039092
0.255662
0.355488
0.030613
0.232100
0.253759
0.007356
0.517361
0.077484
0.411497
0.064993
0.151386
0.406097
0.324210
0.383048
0.009860
0.109201
0.108580
0.148760
0.444097
0.303475
0.194961
0.041672
0.277361
0.037713
0.188625
0.448334
0.026460
0.241108
0.104144
0.481218
0.371966
0.100375
0.112168
0.300772
0.139259
0.182612
0.050867
0.521333
0.001144
0.011896
0.088207
0.352242
0.256456
0.565326
0.567120
0.285031
0.266981
0.171089
0.117948
0.098113
0.114550
0.262501
0.051660
0.046944
0.299975
0.462206
0.020125
0.223511
0.013330
0.054440
0.023622
0.086835
0.176866
0.180871
0.012611
0.228074
0.237087
0.541261
0.217381
0.180222
0.326604
0.256926
0.226069
0.468245
0.385174
0.118490
0.091782
0.281777
0.020125
0.108304
0.376804
0.146279
0.088838
0.276595
0.378849
0.180635
0.312931
0.153091
0.547429
0.089449
0.217397
0.117301
0.312115
0.074556
0.210035
0.325557
0.090560
0.104987
0.652539
0.144297
0.018302
0.440428
0.125725
0.017204
0.394978
0.086552
0.095170
0.320447
0.162425
0.288324
0.053086
0.478757
0.224468
0.510525
0.125846
0.782121
0.077337
0.116179
0.245191
0.150801
0.010163
0.334511
0.386685
0.458975
0.190210
0.201234
0.274174
0.076581
0.110968
0.148692
0.488678
0.190828
0.050112
0.114360
0.293393
0.035784
0.512310
0.341971
0.372889
0.074175
0.175413
0.275732
0.660682
0.274367
0.140168
0.549851
0.248263
0.188488
0.136751
0.133796
0.435574
0.027038
0.178079
0.172250
0.314655
0.198462
0.497726
0.184647
0.546530
0.197017
0.077503
0.127134
0.130355
0.432184
0.223178
0.253170
0.022964
0.099928
0.174565
0.069465
0.152031
0.241125
0.231715
0.252825
0.034959
0.377313
0.197732
0.167484
0.161540
0.474071
0.314599
0.262914
0.380515
0.162860
0.105912
0.257824
0.246980
0.164027
0.039734
0.193991
0.103103
0.458776
0.588117
0.170832
0.249345
0.341864
0.028279
0.001246
0.104859
0.118984
0.336919
0.456111
0.428584
0.358946
0.604997
0.037194
0.116402
0.152281
0.310433
0.235060
0.373580
0.005843
0.236629
0.134933
0.105262
0.087640
0.109693
0.154306
0.101600
0.122775
0.033647
0.398158
0.175223
0.478186
0.165457
0.208088
0.166854
0.369902
0.379786
0.269702
0.310442
0.253838
0.591494
0.073709
0.131136
0.184148
0.078632
0.486098
0.116277
0.017626
0.437971
0.228530
0.077593
0.021647
0.287140
0.142211
0.519265
0.110154
0.128672
0.219375
0.210624
0.094819
0.039982
0.331334
0.122191
0.020351
0.082384
0.078944
0.433139
0.342920
0.216410
0.261839
0.377758
0.043265
0.025966
0.053364
0.080333
0.347445
0.204601
0.710006
0.211130
0.049533
0.438990
0.094960
0.273013
0.271178
0.695380
0.001773
0.241931
0.275712
0.080530
0.376475
0.587235
0.110186
0.357081
0.123127
0.084087
0.037434
0.014453
0.119379
0.321588
0.306127
0.322868
0.464405
0.649246
0.156491
0.249882
0.290467
0.037134
0.034957
0.131670
0.475764
0.317950
0.259720
0.654323
0.091549
0.479490
0.048173
0.344758
0.172887
0.551676
0.257948
0.343336
0.285304
0.022108
0.197056
0.345552
0.193229
0.065678
0.508543
0.067196
0.180462
0.182899
0.192933
0.008458
0.222706
0.365566
0.170080
0.382074
0.068365
0.075208
0.439389
0.046323
0.383914
0.158104
0.293946
0.119133
0.365443
0.203147
0.032009
0.502705
0.287842
0.256574
0.111030
0.518858
0.312982
0.016494
0.192773
0.242076
0.343546
0.134115
0.080485
0.309784
0.205725
0.211808
0.206633
0.225695
0.672440
0.256008
0.041836
0.185181
0.368081
0.346191
0.240815
0.291785
0.316472
0.191302
0.067116
0.056443
0.257068
0.355638
0.084644
0.129376
0.081710
0.163547
0.279080
0.291216
0.345908
0.292470
0.531847
0.339109
0.146911
0.029581
0.203801
0.357274
0.176011
0.264287
0.172250
0.010529
0.613391
0.087877
0.287952
0.029679
0.087119
0.253912
0.249270
0.222235
0.041332
0.482032
0.126777
0.135554
0.024423
0.456929
0.044847
0.127293
0.201209
0.102633
0.001164
0.324649
0.181922
0.206192
0.305079
0.118641
0.111328
0.113101
0.018028
0.328811
0.335681
0.093525
0.387902
0.420170
0.276515
0.539071
0.388863
0.057196
0.160607
0.051812
0.247384
0.180701
0.276588
0.091171
0.399385
0.219360
0.090326
0.157708
0.427003
0.093481
0.278955
0.410134
0.393306
0.324715
0.082827
0.084829
0.002657
0.039106
0.687134
0.015358
0.194005
0.432751
0.309599
0.647719
0.337696
0.436402
0.263820
0.219507
0.395620
0.050341
0.196370
0.092349
0.142328
0.136672
0.036199
0.369609
0.245586
0.391656
0.340200
0.177935
0.143204
0.049122
0.007579
0.339305
0.243655
0.264550
0.527067
0.094464
0.047721
0.226216
0.136489
0.212479
0.395938
0.416765
0.498352
0.220580
0.058977
0.001089
0.639415
0.217389
0.571571
0.165786
0.119220
0.152174
0.058949
0.178157
0.383560
0.106480
0.348554
0.145657
0.333847
0.259625
0.399802
0.050213
0.089086
0.124382
0.228209
0.205302
0.251691
0.508167
0.189642
0.000579
0.468268
0.327258
0.189580
0.335683
0.218625
0.437321
0.190434
0.123918
0.263027
0.239960
0.442974
0.227929
0.425869
0.184112
0.598047
0.431334
0.129114
0.535836
0.467171
0.148533
0.089480
0.125472
0.349587
0.600080
0.151722
0.166476
0.069675
0.270187
0.348457
0.042382
0.356187
0.078248
0.044650
0.112748
0.362932
0.125486
0.215468
0.220921
0.160210
0.034170
0.379645
0.081598
0.488924
0.337199
0.255861
0.529443
0.459510
0.262704
0.024911
0.269670
0.183577
0.067960
0.080450
0.520037
0.271866
0.577771
0.276968
0.143714
0.167770
0.072867
0.040848
0.263658
0.604005
0.185009
0.302245
0.204459
0.682663
0.139221
0.119200
0.429729
0.060379
0.164032
0.282649
0.053060
0.549509
0.212512
0.366987
0.081537
0.293448
0.244769
0.249955
0.221419
0.002951
0.580179
0.578485
0.240102
0.056696
0.138034
0.406076
0.005533
0.245785
0.206193
0.109032
0.539665
0.149303
0.420049
0.088243
0.325965
0.029449
0.480641
0.024821
0.203765
0.093967
0.168717
0.142405
0.044714
0.408488
0.025078
0.420823
0.350325
0.319451
0.135546
0.097783
0.125163
0.024792
0.697643
0.416857
0.197097
0.417104
0.065821
0.286779
0.004311
0.386747
0.113206
0.041361
0.139944
0.080903
0.380032
0.338301
0.589020
0.149646
0.039480
0.071735
0.163961
0.144322
0.115598
0.202918
0.311784
0.317371
0.360274
0.486457
0.033319
0.520928
0.008209
0.012529
0.050489
0.023527
0.391154
0.364913
0.097403
0.147149
0.232181
0.182351
0.062164
0.280428
0.096180
0.236983
0.091796
0.164958
0.311016
0.079868
0.494013
0.388954
0.126487
0.465441
0.080775
0.306576
0.301052
0.544396
0.061901
0.064942
0.214283
0.029112
0.094729
0.183819
0.434650
0.003512
0.288257
0.045272
0.090909
0.148328
0.728638
0.301878
0.146206
0.122889
0.533630
0.323153
0.130117
0.081283
0.192870
0.603547
0.518967
0.099795
0.016565
0.187908
0.278467
0.080236
0.192850
0.013959
0.258418
0.181573
0.044061
0.163866
0.190919
0.261445
0.361295
0.351736
0.048170
0.242633
0.140087
0.328068
0.172386
0.009093
0.333483
0.059777
0.576537
0.145005
0.353483
0.159419
0.193465
0.064158
0.031078
0.088133
0.443660
0.343331
0.077351
0.518375
0.136966
0.099773
0.010604
0.442074
0.391376
0.580351
0.149353
0.660818
0.381356
0.229608
0.292738
0.256424
0.083815
0.012743
0.097672
0.365206
0.044005
0.030680
0.070232
0.340976
0.147147
0.066645
0.334498
0.350555
0.514062
0.313451
0.047810
0.284221
0.183975
0.398104
0.083238
0.129097
0.414259
0.171215
0.573999
0.422675
0.310884
0.236401
0.327805
0.154630
0.182931
0.341692
0.053066
0.569941
0.229680
0.465969
0.193009
0.129290
0.019341
0.276004
0.423522
0.359270
0.030075
0.072976
0.282292
0.496291
0.131826
0.363704
0.042403
0.077704
0.203800
0.006034
0.232927
0.319641
0.032255
0.330533
0.020072
0.422475
0.385496
0.119405
0.253925
0.228766
0.454758
0.551148
0.058472
0.569369
0.570148
0.176752
0.072597
0.144993
0.053860
0.124571
0.420327
0.008626
0.448399
0.081501
0.123860
0.180768
0.396405
0.088709
0.072279
0.113468
0.410735
0.597588
0.393258
0.068733
0.299027
0.255801
0.192002
0.061854
0.459561
0.198056
0.224151
0.393513
0.058942
0.037391
0.116398
0.657495
0.441803
0.002653
0.342295
0.087880
0.512719
0.205645
0.631140
0.055426
0.120464
0.642743
0.101291
0.004851
0.091956
0.078001
0.115817
0.439758
0.497565
0.056701
0.191720
0.705222
0.469725
0.030745
0.411489
0.371579
0.301903
0.111218
0.440714
0.158081
0.145651
0.213244
0.041027
0.035215
0.138823
0.144939
0.111047
0.378911
0.165437
0.153250
0.091124
0.146275
0.023450
0.168399
0.269515
0.061557
0.303512
0.103083
0.589679
0.158662
0.091164
0.410823
0.096553
0.209497
0.294560
0.181587
0.512144
0.030149
0.218529
0.211636
0.038075
0.759553
0.104937
0.471676
0.000840
0.209702
0.367314
0.059252
0.187010
0.272221
0.174457
0.115603
0.288076
0.126621
0.028234
0.229238
0.272703
0.217443
0.344819
0.130854
0.772810
0.082637
0.024297
0.274355
0.151000
0.229207
0.076801
0.014152
0.106770
0.364270
0.144380
0.087230
0.373322
0.174328
0.026161
0.392199
0.070618
0.077072
0.747865
0.186440
0.028572
0.030249
0.174370
0.327830
0.181779
0.379916
0.390003
0.449401
0.357770
0.335127
0.341336
0.341837
0.139964
0.158043
0.028426
0.291971
0.020634
0.077218
0.471474
0.083001
0.158045
0.362971
0.020959
0.062283
0.356881
0.019989
0.327584
0.082986
0.006754
0.310836
0.395097
0.000884
0.257705
0.443415
0.342971
0.080253
0.400067
0.236696
0.334085
0.241321
0.190394
0.120160
0.635154
0.341928
0.393934
0.127006
0.039085
0.107478
0.402952
0.224194
0.522298
0.192221
0.397896
0.142577
0.181976
0.398458
0.101131
0.310006
0.422928
0.359469
0.153892
0.467700
0.604479
0.189835
0.175213
0.181750
0.031285
0.148165
0.115681
0.381629
0.061479
0.140905
0.492281
0.251873
0.132317
0.334172
0.230929
0.206673
0.164908
0.163089
0.123945
0.230411
0.160651
0.128186
0.221139
0.207408
0.300472
0.245474
0.005794
0.053895
0.335718
0.264970
0.012227
0.308944
0.371175
0.449097
0.041906
0.260353
0.011964
0.090645
0.475563
0.439033
0.158566
0.508943
0.181251
0.101962
0.281771
0.279518
0.218683
0.151681
0.568878
0.096931
0.061195
0.268926
0.228866
0.213207
0.318255
0.089535
0.260601
0.237978
0.146486
0.278765
0.068466
0.665420
0.411786
0.449952
0.061188
0.189357
0.031690
0.421346
0.141124
0.179622
0.136605
0.093113
0.056889
0.113929
0.351109
0.113441
0.280194
0.543277
0.074893
0.265913
0.357135
0.027356
0.334701
0.083666
0.327979
0.276326
0.260406
0.399218
0.211787
0.364183
0.032242
0.104959
0.170337
0.253080
0.584996
0.432716
0.149554
0.151710
0.257030
0.012837
0.148198
0.434288
0.012041
0.190717
0.079644
0.497999
0.248230
0.061255
0.045287
0.196424
0.087817
0.149628
0.088561
0.503917
0.046979
0.002962
0.198064
0.165382
0.415387
0.304133
0.479181
0.280126
0.209547
0.134399
0.031654
0.193093
0.047454
0.374343
0.141677
0.063689
0.374378
0.298488
0.122592
0.256101
0.000331
0.047075
0.140345
0.026713
0.242378
0.152901
0.096317
0.305717
0.210808
0.473286
0.119287
0.202860
0.232176
0.193621
0.278730
0.550504
0.264556
0.233762
0.122316
0.209818
0.111280
0.045380
0.424937
0.020000
0.045216
0.139469
0.210298
0.091157
0.285346
0.121917
0.655853
0.092497
0.134581
0.077032
0.314960
0.004840
0.316972
0.464573
0.079382
0.109687
0.520366
0.024864
0.072913
0.324176
0.160098
0.161947
0.228766
0.185709
0.040214
0.361888
0.060963
0.342089
0.036253
0.472386
0.378978
0.495275
0.326715
0.542186
0.023655
