# G_3, p = 0.0000 GPa (dir_0.0_bar).
# Isolated-8MR (not in any D8R): 192 rings x 101 frames = 19392 samples.
# Column: per-isolated-8MR Delta [A]
0.048000
0.030295
0.018092
0.447566
0.003023
0.442372
0.030287
0.018072
0.048030
0.002949
0.447512
0.442310
0.018642
0.047719
0.030688
0.003201
0.447773
0.442387
0.030289
0.048022
0.018625
0.447850
0.003259
0.442401
0.030989
0.018615
0.047835
0.447725
0.003057
0.442546
0.031063
0.047782
0.018866
0.447700
0.003203
0.442477
0.047941
0.018597
0.030818
0.003020
0.447713
0.442449
0.047695
0.018371
0.031232
0.447751
0.002997
0.442518
0.047715
0.030203
0.018520
0.002706
0.436081
0.446589
0.030460
0.018744
0.047460
0.002598
0.436091
0.446489
0.047791
0.019296
0.030310
0.436244
0.002682
0.446425
0.030547
0.047512
0.019172
0.436256
0.002767
0.446385
0.030845
0.019348
0.047543
0.436215
0.002350
0.446570
0.030458
0.047930
0.018943
0.002512
0.436298
0.446594
0.018992
0.047550
0.030860
0.436287
0.002489
0.446534
0.030548
0.019172
0.047836
0.436216
0.002429
0.446607
0.030576
0.048181
0.018163
0.441190
0.006546
0.435316
0.030450
0.048328
0.018355
0.441271
0.006568
0.435328
0.048151
0.019071
0.030819
0.006705
0.441214
0.434987
0.048239
0.018979
0.030810
0.441147
0.006715
0.434977
0.030935
0.019026
0.048230
0.441342
0.006515
0.435359
0.031114
0.018943
0.048077
0.006662
0.441400
0.435328
0.018560
0.048182
0.031072
0.006699
0.441074
0.435119
0.031165
0.048033
0.018572
0.441053
0.006665
0.435038
0.073523
0.005533
0.005815
0.073847
0.006405
0.073640
0.073630
0.006120
0.005834
0.073570
0.073472
0.005630
0.073651
0.005631
0.073415
0.005693
0.073864
0.006163
0.006228
0.073851
0.073938
0.006300
0.073737
0.006478
0.006741
0.073955
0.074025
0.006738
0.006214
0.073826
0.005997
0.073959
0.073288
0.006240
0.073592
0.006179
0.073305
0.005954
0.073552
0.005967
0.073417
0.006290
0.006287
0.073100
0.006648
0.073542
0.073215
0.006519
0.158097
0.037112
0.217099
0.387580
0.041647
0.384941
0.138783
0.032285
0.035374
0.148926
0.370773
0.358197
0.023527
0.063565
0.119217
0.046777
0.301066
0.321762
0.127709
0.067709
0.051427
0.444732
0.022755
0.403807
0.048323
0.123452
0.197374
0.542809
0.066346
0.485204
0.144948
0.081844
0.084590
0.449470
0.043322
0.285890
0.144906
0.064694
0.047314
0.113455
0.527700
0.413198
0.056160
0.026185
0.118131
0.432868
0.059474
0.481198
0.057441
0.074001
0.132317
0.092892
0.325713
0.354358
0.144985
0.176217
0.054373
0.062623
0.375632
0.436177
0.063184
0.112261
0.137171
0.579746
0.031853
0.492192
0.090352
0.159060
0.061924
0.445368
0.074397
0.450829
0.051620
0.115004
0.025006
0.527874
0.083961
0.551192
0.053621
0.115300
0.149090
0.116687
0.447051
0.371097
0.141097
0.195355
0.096644
0.446305
0.180080
0.488620
0.092658
0.021603
0.135934
0.377916
0.183327
0.527379
0.093066
0.115015
0.090941
0.377061
0.093222
0.539887
0.109996
0.026550
0.017629
0.418265
0.253174
0.374348
0.114853
0.116242
0.128003
0.119801
0.479557
0.364676
0.057957
0.068472
0.074057
0.369172
0.089077
0.357985
0.172762
0.100703
0.072200
0.509577
0.127467
0.350889
0.067478
0.024530
0.136958
0.118417
0.449224
0.334916
0.069521
0.076104
0.028475
0.093086
0.519883
0.300244
0.107649
0.192525
0.088867
0.405736
0.061385
0.411206
0.076131
0.120021
0.170841
0.097752
0.056609
0.036825
0.213193
0.143057
0.056283
0.004601
0.112851
0.133575
0.179345
0.046420
0.115632
0.106204
0.130440
0.085265
0.021289
0.137006
0.015961
0.077876
0.159474
0.135543
0.159506
0.142513
0.067315
0.115020
0.053211
0.102449
0.069088
0.119955
0.105043
0.048514
0.068182
0.168889
0.115010
0.092358
0.217780
0.069796
0.027400
0.090486
0.089131
0.118730
0.060803
0.102383
0.043607
0.122883
0.201603
0.050048
0.207947
0.465282
0.039018
0.411851
0.201137
0.162110
0.193205
0.210652
0.173218
0.383883
0.131968
0.076062
0.165819
0.082724
0.337335
0.219031
0.125320
0.119912
0.061847
0.347342
0.077723
0.424617
0.117758
0.211460
0.286486
0.400097
0.097626
0.549610
0.244159
0.021235
0.101704
0.569312
0.101214
0.216320
0.152930
0.159663
0.111864
0.142931
0.617455
0.390402
0.042845
0.032735
0.193114
0.378472
0.070137
0.513463
0.224576
0.184302
0.213361
0.188930
0.324525
0.370215
0.132644
0.241643
0.024100
0.050449
0.387018
0.404983
0.115771
0.183496
0.249208
0.579094
0.076068
0.411535
0.135948
0.291526
0.065858
0.484615
0.189638
0.524927
0.042031
0.242708
0.123555
0.607561
0.307614
0.565908
0.127626
0.236898
0.221787
0.294121
0.436029
0.312320
0.105317
0.382035
0.185020
0.437833
0.191204
0.491469
0.268901
0.159848
0.066297
0.275227
0.207466
0.490950
0.171811
0.257616
0.177071
0.434440
0.268293
0.581408
0.163958
0.113591
0.079525
0.463809
0.520830
0.521140
0.026577
0.236895
0.212473
0.201018
0.588712
0.349285
0.053824
0.121443
0.054969
0.294498
0.121348
0.347947
0.154217
0.160575
0.136280
0.453273
0.223394
0.415363
0.197880
0.124888
0.197814
0.183591
0.483801
0.315316
0.150338
0.057752
0.054041
0.175344
0.573600
0.533908
0.105887
0.267122
0.134066
0.382766
0.156394
0.521072
0.056858
0.158262
0.269147
0.042030
0.139572
0.156435
0.468803
0.192178
0.225886
0.095966
0.300058
0.265286
0.303872
0.101939
0.110657
0.167488
0.239350
0.161333
0.099031
0.231581
0.080589
0.061744
0.153674
0.243135
0.235204
0.265709
0.047486
0.117298
0.082113
0.086282
0.178342
0.087362
0.244431
0.078194
0.077766
0.193364
0.195604
0.193268
0.321816
0.093327
0.177591
0.141086
0.044618
0.123359
0.157876
0.134483
0.083099
0.309012
0.180684
0.060747
0.275581
0.461787
0.106683
0.450587
0.235851
0.219989
0.288593
0.144799
0.212829
0.399818
0.310923
0.090294
0.140548
0.144969
0.367491
0.250213
0.113755
0.249412
0.043726
0.349703
0.139075
0.422299
0.185926
0.187926
0.272161
0.209835
0.148928
0.616047
0.223759
0.066464
0.076403
0.614956
0.142386
0.074486
0.091057
0.238704
0.302436
0.125544
0.654782
0.350550
0.058141
0.123339
0.171894
0.313288
0.086513
0.556440
0.334824
0.168265
0.354254
0.169122
0.303447
0.495573
0.093893
0.148675
0.195735
0.122420
0.478178
0.386887
0.167995
0.192121
0.296186
0.528467
0.178420
0.335604
0.153105
0.322950
0.045306
0.540092
0.259771
0.535436
0.073595
0.274617
0.178973
0.662388
0.628952
0.530164
0.212234
0.282397
0.153016
0.296267
0.447854
0.306324
0.090459
0.473727
0.206072
0.397457
0.167529
0.425219
0.509152
0.328483
0.058589
0.324970
0.297421
0.437145
0.317133
0.282481
0.258817
0.519012
0.394996
0.594372
0.163680
0.274124
0.121266
0.620134
0.693312
0.690617
0.065244
0.355716
0.339894
0.214810
0.611400
0.381263
0.059959
0.144396
0.095220
0.270291
0.139092
0.502479
0.097556
0.164748
0.169967
0.354748
0.200912
0.519656
0.346861
0.226998
0.210181
0.164311
0.425111
0.427816
0.192589
0.101472
0.161180
0.108137
0.578872
0.573122
0.051447
0.251104
0.104047
0.299030
0.241773
0.585713
0.114251
0.237586
0.312844
0.173607
0.134225
0.161373
0.586032
0.154384
0.282455
0.238175
0.571763
0.364895
0.276629
0.197325
0.157344
0.173717
0.127073
0.214874
0.040777
0.302021
0.309435
0.189783
0.052648
0.360571
0.147223
0.340051
0.176813
0.344231
0.133435
0.178900
0.323451
0.158093
0.343746
0.075108
0.102804
0.126720
0.278640
0.262687
0.371903
0.077073
0.295515
0.170790
0.086092
0.131463
0.288758
0.173014
0.153795
0.374921
0.143184
0.018946
0.433434
0.369764
0.198489
0.408814
0.176488
0.058257
0.248064
0.187517
0.295766
0.415331
0.456829
0.193973
0.223145
0.250962
0.355746
0.355027
0.194297
0.316022
0.097870
0.476642
0.181599
0.456751
0.226718
0.218523
0.237913
0.142348
0.233963
0.625939
0.161373
0.100318
0.146277
0.561954
0.135120
0.098198
0.032198
0.237765
0.345794
0.143158
0.633492
0.434362
0.207577
0.231879
0.109132
0.373531
0.103080
0.572791
0.354231
0.105615
0.402150
0.116368
0.301942
0.569938
0.215121
0.248728
0.298677
0.321221
0.535003
0.438924
0.179161
0.133215
0.242242
0.530941
0.191606
0.370189
0.205018
0.322663
0.050824
0.501753
0.257200
0.556447
0.160394
0.249427
0.131789
0.589084
0.638423
0.382029
0.269237
0.266824
0.155967
0.148847
0.546038
0.372558
0.188771
0.594813
0.275006
0.436841
0.262485
0.408177
0.496528
0.282998
0.058616
0.447019
0.366195
0.399896
0.472656
0.154963
0.271373
0.484863
0.434888
0.613354
0.210764
0.320503
0.138841
0.692741
0.677160
0.643988
0.092564
0.473351
0.441883
0.157443
0.552390
0.489899
0.094182
0.078776
0.126479
0.252222
0.116649
0.617140
0.175047
0.257999
0.162140
0.367655
0.209283
0.485103
0.343077
0.306640
0.170784
0.161085
0.433883
0.455927
0.080466
0.224998
0.262487
0.150453
0.503298
0.567760
0.086505
0.156765
0.268498
0.299292
0.240952
0.573945
0.160022
0.239848
0.441472
0.222780
0.152639
0.174653
0.472018
0.160052
0.259588
0.275153
0.668690
0.419963
0.184798
0.222273
0.152923
0.174260
0.108029
0.151800
0.080119
0.303098
0.461008
0.133886
0.017690
0.511548
0.149394
0.308011
0.235616
0.478019
0.096621
0.264169
0.415828
0.137110
0.276670
0.083205
0.275230
0.128372
0.227120
0.178062
0.367391
0.263755
0.293538
0.062690
0.119848
0.132680
0.407244
0.309726
0.231733
0.375318
0.221725
0.084895
0.455386
0.289153
0.186041
0.365284
0.243522
0.089237
0.208278
0.183446
0.266253
0.391787
0.468564
0.366522
0.112587
0.219411
0.325587
0.407937
0.329875
0.256014
0.074496
0.577822
0.250965
0.445014
0.238648
0.196039
0.250966
0.289965
0.307486
0.647322
0.172704
0.210816
0.232443
0.510912
0.168269
0.162243
0.039869
0.275822
0.310939
0.290670
0.512259
0.474964
0.253824
0.260750
0.177230
0.256657
0.203314
0.539566
0.339805
0.102805
0.312263
0.114271
0.275125
0.449137
0.185658
0.328429
0.204817
0.374038
0.453950
0.423729
0.224572
0.057693
0.315401
0.533569
0.161254
0.390262
0.239084
0.264608
0.098571
0.490660
0.198563
0.611693
0.201736
0.207175
0.130035
0.579339
0.468562
0.251383
0.273998
0.293467
0.201241
0.165594
0.610529
0.450792
0.132901
0.646619
0.268004
0.440038
0.392111
0.475604
0.330350
0.166067
0.084584
0.364616
0.344628
0.391792
0.523040
0.183148
0.308180
0.440395
0.510821
0.631604
0.147084
0.393794
0.147264
0.583415
0.579608
0.611138
0.145443
0.396460
0.487177
0.189744
0.517635
0.544638
0.094333
0.227085
0.142933
0.282442
0.131916
0.670640
0.145144
0.260893
0.083075
0.437008
0.314957
0.530004
0.242473
0.298382
0.261423
0.146360
0.464715
0.472057
0.060203
0.338942
0.252148
0.262104
0.461960
0.562277
0.030712
0.156841
0.266248
0.310982
0.106073
0.578477
0.199600
0.247786
0.488692
0.197279
0.139068
0.325369
0.378311
0.241351
0.212237
0.309389
0.637852
0.442928
0.179068
0.239967
0.265255
0.145345
0.198721
0.067655
0.220057
0.331687
0.406889
0.093982
0.028438
0.641642
0.202900
0.202359
0.195655
0.434017
0.140732
0.271357
0.504999
0.078770
0.251333
0.093745
0.404150
0.307854
0.186878
0.073014
0.297611
0.285564
0.266229
0.110003
0.212216
0.133637
0.474259
0.281479
0.268455
0.448522
0.277940
0.255073
0.333685
0.337757
0.153377
0.328755
0.266723
0.163555
0.205543
0.209545
0.196687
0.422520
0.379638
0.466747
0.060925
0.179991
0.325129
0.359815
0.353060
0.112795
0.242270
0.573586
0.244939
0.496135
0.307714
0.179582
0.243457
0.369602
0.359236
0.678039
0.267392
0.285486
0.215278
0.468928
0.113166
0.108693
0.029472
0.337590
0.243120
0.482147
0.429692
0.439285
0.235383
0.169696
0.235035
0.162591
0.164524
0.518294
0.342054
0.132065
0.217309
0.063167
0.282722
0.315249
0.049825
0.423989
0.052416
0.314250
0.393098
0.435006
0.283444
0.025463
0.375545
0.455223
0.224629
0.412191
0.170347
0.178354
0.127005
0.510259
0.229611
0.579834
0.208826
0.203902
0.077442
0.537445
0.354480
0.256692
0.288869
0.382297
0.280423
0.295133
0.580646
0.557686
0.064930
0.609024
0.218820
0.452639
0.432160
0.459632
0.309590
0.155534
0.091231
0.337618
0.275350
0.360555
0.348713
0.352156
0.357246
0.486701
0.547243
0.724012
0.214318
0.448968
0.103471
0.486008
0.644921
0.617390
0.144535
0.319616
0.527485
0.351982
0.526082
0.697698
0.096129
0.073745
0.114778
0.279335
0.153949
0.654624
0.153855
0.266269
0.030297
0.416198
0.307124
0.500519
0.103479
0.238509
0.368807
0.082265
0.444746
0.413766
0.191443
0.396730
0.132930
0.342735
0.433692
0.476551
0.084635
0.096877
0.079234
0.261135
0.080140
0.615844
0.127844
0.264391
0.443443
0.178849
0.101877
0.437700
0.241868
0.307459
0.165526
0.301841
0.646550
0.451970
0.198466
0.225874
0.296023
0.084470
0.284941
0.060912
0.265943
0.409788
0.500342
0.139483
0.129598
0.627902
0.265515
0.227426
0.206477
0.237044
0.240974
0.241378
0.608010
0.077780
0.256842
0.295321
0.337363
0.456418
0.245147
0.068403
0.200188
0.272382
0.276053
0.211433
0.248751
0.258177
0.565199
0.237221
0.170194
0.497215
0.311568
0.259949
0.229342
0.374813
0.186918
0.265185
0.288300
0.272727
0.218576
0.230481
0.274567
0.546553
0.322343
0.429941
0.216060
0.091324
0.284624
0.337231
0.219947
0.121785
0.411941
0.507335
0.307620
0.576199
0.425875
0.103778
0.194206
0.401828
0.333629
0.634288
0.334685
0.284501
0.236501
0.460983
0.130275
0.290836
0.090496
0.447303
0.240798
0.524292
0.531896
0.451798
0.169710
0.116602
0.224521
0.168457
0.092919
0.611040
0.271501
0.255628
0.123988
0.064260
0.227385
0.294677
0.086066
0.345427
0.113084
0.223357
0.277936
0.522460
0.297215
0.086742
0.394667
0.363643
0.213731
0.426978
0.137736
0.169359
0.144449
0.484741
0.316832
0.515320
0.152227
0.192933
0.069780
0.467475
0.336726
0.272496
0.331374
0.457875
0.487071
0.299787
0.545251
0.637543
0.190318
0.455101
0.192891
0.485617
0.317695
0.362813
0.415124
0.186244
0.023332
0.307304
0.228201
0.428279
0.121388
0.424835
0.388635
0.551837
0.514975
0.804511
0.267020
0.368363
0.050314
0.519688
0.661791
0.618192
0.057250
0.245655
0.580899
0.479361
0.432995
0.850406
0.095595
0.044500
0.168932
0.210641
0.074729
0.539536
0.055708
0.287645
0.109617
0.390999
0.203285
0.553767
0.072486
0.169541
0.417583
0.194980
0.406513
0.413289
0.345356
0.374160
0.138907
0.216335
0.387737
0.348073
0.097255
0.091179
0.106743
0.201638
0.190207
0.608701
0.151568
0.168271
0.398896
0.206631
0.082369
0.508250
0.176134
0.255923
0.140976
0.242365
0.686757
0.421496
0.216393
0.127496
0.325186
0.034863
0.376564
0.132471
0.275673
0.447400
0.436487
0.182141
0.250731
0.488757
0.306346
0.286181
0.196548
0.160412
0.298756
0.182428
0.609661
0.053152
0.321291
0.431265
0.126711
0.450286
0.324832
0.052954
0.091793
0.193058
0.234038
0.294671
0.158373
0.302666
0.663655
0.251216
0.142216
0.342726
0.313248
0.161886
0.268289
0.379876
0.207266
0.170541
0.372893
0.363452
0.238164
0.166670
0.426372
0.593587
0.310734
0.337111
0.302473
0.157045
0.297704
0.415533
0.306537
0.163973
0.546354
0.466589
0.413457
0.628047
0.440933
0.159595
0.142647
0.442682
0.227281
0.511189
0.376437
0.285779
0.116167
0.391886
0.261961
0.364467
0.130233
0.421135
0.258497
0.425114
0.458201
0.408539
0.170919
0.113511
0.106046
0.155522
0.118327
0.778635
0.156358
0.307963
0.035494
0.212244
0.371578
0.269975
0.089588
0.307218
0.118083
0.208796
0.274140
0.569357
0.179565
0.167648
0.434976
0.340872
0.223396
0.496451
0.170304
0.115134
0.104958
0.438890
0.462997
0.456647
0.081802
0.148565
0.151294
0.409834
0.330039
0.348838
0.387547
0.391091
0.551460
0.219329
0.494024
0.588271
0.243024
0.390408
0.195015
0.602884
0.175915
0.303891
0.484337
0.210643
0.079759
0.301299
0.241254
0.565393
0.033427
0.435788
0.357246
0.567599
0.380589
0.899606
0.298511
0.260184
0.139895
0.581777
0.543618
0.559171
0.162165
0.190387
0.577445
0.449995
0.553664
0.856411
0.018567
0.216645
0.264689
0.195583
0.081176
0.499058
0.138190
0.318552
0.147022
0.423530
0.178139
0.561703
0.064078
0.168065
0.428787
0.196704
0.396934
0.415332
0.399399
0.307004
0.137992
0.051268
0.425433
0.382850
0.148946
0.095880
0.110722
0.180147
0.143828
0.621176
0.142842
0.044504
0.366367
0.325029
0.093213
0.568756
0.127994
0.209284
0.230577
0.074095
0.680479
0.430327
0.143935
0.048935
0.309171
0.019104
0.307342
0.133683
0.226583
0.507512
0.385194
0.090321
0.386440
0.324999
0.330042
0.434681
0.132768
0.069030
0.255653
0.183087
0.604004
0.082022
0.334823
0.467898
0.055469
0.412263
0.207567
0.129603
0.034992
0.164812
0.177680
0.341324
0.114461
0.296339
0.691890
0.227649
0.122687
0.096126
0.324889
0.136263
0.146341
0.371634
0.109938
0.203442
0.479540
0.447921
0.237450
0.131346
0.410221
0.634282
0.249727
0.259453
0.149797
0.226411
0.488855
0.529942
0.367376
0.136430
0.455310
0.427526
0.512190
0.689145
0.334061
0.267017
0.091816
0.435710
0.290847
0.419751
0.363787
0.242178
0.114999
0.307928
0.414309
0.226293
0.119784
0.329618
0.283760
0.364107
0.285300
0.455909
0.200853
0.063021
0.131419
0.290134
0.080441
0.859728
0.158868
0.254626
0.166238
0.345614
0.551166
0.245728
0.059298
0.272444
0.200240
0.257352
0.245923
0.412576
0.159485
0.205893
0.442775
0.299473
0.252821
0.543730
0.204513
0.048839
0.123610
0.470360
0.468747
0.507202
0.184037
0.135792
0.274732
0.413925
0.293688
0.426008
0.434327
0.201826
0.454528
0.149618
0.500445
0.393019
0.296536
0.407788
0.203939
0.579087
0.067587
0.372212
0.447134
0.215691
0.037055
0.404799
0.226126
0.511824
0.061242
0.409810
0.297386
0.588501
0.265678
0.804339
0.424890
0.232083
0.237199
0.592360
0.452780
0.578585
0.178442
0.188162
0.525888
0.378268
0.481820
0.752908
0.073551
0.193731
0.303215
0.148812
0.179271
0.498588
0.083951
0.457676
0.096378
0.469721
0.200865
0.643970
0.031610
0.107403
0.360690
0.192062
0.452782
0.421633
0.368328
0.260903
0.219470
0.037181
0.379365
0.462093
0.230387
0.170892
0.197286
0.178540
0.119702
0.722130
0.249060
0.112202
0.315333
0.289709
0.029738
0.602330
0.057756
0.176433
0.291351
0.095794
0.732004
0.273103
0.136517
0.103048
0.335261
0.124691
0.159115
0.148471
0.143675
0.423061
0.313564
0.142930
0.580107
0.248217
0.324752
0.406336
0.016592
0.082438
0.260812
0.223998
0.584383
0.207926
0.243526
0.412929
0.186711
0.312623
0.111819
0.217874
0.053467
0.247750
0.127679
0.355308
0.088175
0.347516
0.635562
0.269868
0.059538
0.129898
0.272345
0.184537
0.032163
0.318486
0.096892
0.217066
0.566668
0.536372
0.192469
0.110701
0.337341
0.681375
0.188559
0.171935
0.164239
0.158604
0.626564
0.530677
0.276159
0.176510
0.331529
0.445906
0.483411
0.719978
0.292320
0.357407
0.114319
0.373146
0.303055
0.369758
0.292359
0.188293
0.160476
0.218767
0.476852
0.376227
0.003634
0.235211
0.272306
0.362618
0.242639
0.444647
0.225980
0.261569
0.182820
0.404467
0.055206
0.904992
0.163314
0.145321
0.131065
0.374824
0.613533
0.278711
0.135207
0.211078
0.107289
0.301456
0.258174
0.286596
0.201823
0.145209
0.426119
0.213699
0.319840
0.519591
0.166474
0.192273
0.232719
0.484180
0.396680
0.563861
0.353369
0.069923
0.351167
0.425958
0.205980
0.519298
0.455682
0.116341
0.339044
0.106138
0.510586
0.267247
0.350160
0.325916
0.202131
0.525764
0.222732
0.356853
0.402462
0.128380
0.058165
0.470215
0.144854
0.367134
0.039794
0.359802
0.361698
0.631920
0.150479
0.696660
0.598663
0.217210
0.161560
0.556343
0.460428
0.658732
0.174251
0.238523
0.438314
0.283265
0.329517
0.603787
0.146214
0.087569
0.296565
0.188681
0.216509
0.612453
0.131696
0.415122
0.044649
0.464877
0.139626
0.685976
0.152048
0.027756
0.271832
0.242790
0.482441
0.422744
0.368013
0.205684
0.300797
0.084526
0.242222
0.553517
0.201429
0.204791
0.119796
0.227460
0.050366
0.708324
0.153508
0.129596
0.195753
0.146687
0.030366
0.533771
0.032162
0.178992
0.356035
0.225409
0.755490
0.167086
0.166387
0.149257
0.255596
0.131413
0.153753
0.137791
0.200013
0.316668
0.246999
0.221458
0.619569
0.206957
0.293698
0.398712
0.293644
0.197920
0.295946
0.320169
0.483227
0.286878
0.268448
0.284719
0.244482
0.197107
0.242730
0.152034
0.052973
0.328590
0.116010
0.311109
0.129836
0.522903
0.432790
0.201261
0.129593
0.073023
0.281929
0.137505
0.047106
0.350813
0.126377
0.383327
0.524335
0.493496
0.172896
0.057431
0.465999
0.539886
0.202390
0.070577
0.123978
0.068079
0.634619
0.455582
0.363718
0.281508
0.313422
0.359701
0.356456
0.674550
0.381216
0.370038
0.074593
0.313702
0.284799
0.351946
0.242731
0.079174
0.242019
0.170562
0.447492
0.424855
0.088605
0.276905
0.224273
0.380708
0.230815
0.506090
0.177200
0.364602
0.183252
0.424072
0.115537
0.852435
0.141085
0.008684
0.039553
0.288819
0.556086
0.285859
0.187071
0.162367
0.065890
0.173157
0.197604
0.218145
0.198781
0.020813
0.374994
0.259697
0.260178
0.406694
0.152621
0.358022
0.202358
0.462363
0.296561
0.419573
0.256035
0.039360
0.236921
0.480418
0.150614
0.613240
0.372517
0.209567
0.230711
0.093415
0.666979
0.431868
0.321645
0.123132
0.126298
0.472463
0.376397
0.226394
0.337541
0.108314
0.070603
0.510616
0.042793
0.493072
0.073833
0.178754
0.416368
0.549248
0.080665
0.689559
0.630180
0.272538
0.021065
0.447751
0.511415
0.659152
0.177927
0.259922
0.317279
0.248310
0.299119
0.459711
0.157635
0.160805
0.238222
0.297921
0.158110
0.574906
0.173548
0.268571
0.082405
0.482487
0.130612
0.732504
0.131350
0.141864
0.203913
0.340194
0.543274
0.617531
0.447843
0.195159
0.320036
0.155963
0.263905
0.516616
0.259938
0.203571
0.142523
0.219878
0.156261
0.618461
0.043264
0.127254
0.225184
0.130528
0.055739
0.378232
0.106649
0.189391
0.259895
0.232769
0.639793
0.188744
0.187375
0.124446
0.187423
0.017575
0.203486
0.122027
0.227056
0.212654
0.310538
0.286449
0.411456
0.138669
0.152879
0.334012
0.357751
0.246911
0.274720
0.393415
0.444673
0.327483
0.219127
0.324168
0.102993
0.177264
0.194699
0.008583
0.144627
0.303149
0.164672
0.226940
0.179681
0.625102
0.237021
0.314554
0.133976
0.083764
0.296547
0.166590
0.012087
0.358720
0.191383
0.467511
0.474325
0.406873
0.173586
0.051145
0.595610
0.292971
0.205918
0.127180
0.140073
0.128837
0.588209
0.474160
0.267029
0.369008
0.340655
0.334291
0.317507
0.584636
0.446060
0.381286
0.159523
0.298919
0.290397
0.323011
0.208676
0.056358
0.169608
0.205556
0.294028
0.412226
0.119306
0.293418
0.150207
0.343203
0.277037
0.645102
0.037463
0.385584
0.228397
0.549379
0.091669
0.731651
0.152549
0.025955
0.165612
0.491748
0.595665
0.345035
0.043898
0.192550
0.053080
0.076985
0.285779
0.131914
0.158080
0.062416
0.344511
0.281942
0.247539
0.436147
0.141269
0.402676
0.255592
0.422514
0.361024
0.245837
0.091183
0.087439
0.141420
0.545428
0.216155
0.556235
0.264157
0.329522
0.098526
0.137594
0.652796
0.606659
0.319636
0.092355
0.118182
0.542720
0.434503
0.131539
0.263161
0.260432
0.112490
0.533058
0.019083
0.576752
0.153009
0.260260
0.298759
0.461198
0.045611
0.688442
0.489238
0.205269
0.155020
0.500187
0.429324
0.489948
0.181077
0.169991
0.228230
0.270232
0.177991
0.418849
0.181905
0.224108
0.183293
0.371173
0.127323
0.488935
0.116889
0.183408
0.031979
0.480003
0.186707
0.694986
0.064896
0.287094
0.109863
0.319655
0.580814
0.724511
0.451493
0.171675
0.321458
0.310755
0.296401
0.481539
0.228374
0.189950
0.151706
0.146199
0.270599
0.559991
0.262449
0.217629
0.226404
0.069004
0.116967
0.169282
0.073198
0.209771
0.123717
0.180330
0.384612
0.122198
0.248017
0.172321
0.065471
0.132049
0.208585
0.157087
0.124672
0.184033
0.368329
0.311342
0.253505
0.101489
0.227432
0.120786
0.275583
0.303896
0.166414
0.386633
0.453265
0.315190
0.142305
0.275891
0.122648
0.198293
0.203379
0.067493
0.248173
0.196157
0.333127
0.251371
0.165345
0.521377
0.082281
0.356469
0.150965
0.133574
0.219949
0.162171
0.069093
0.375674
0.160947
0.474747
0.433687
0.327930
0.181775
0.081237
0.396098
0.192232
0.058781
0.187616
0.280199
0.085838
0.566771
0.474754
0.150811
0.296324
0.268649
0.277511
0.222109
0.603309
0.429540
0.416119
0.323891
0.302328
0.236781
0.401715
0.206114
0.092042
0.192096
0.187553
0.168261
0.489161
0.143300
0.146215
0.230904
0.285040
0.388717
0.629395
0.079497
0.328838
0.284765
0.535567
0.183383
0.593699
0.195273
0.023075
0.097604
0.476904
0.632432
0.417485
0.156874
0.147415
0.103702
0.077466
0.443942
0.153413
0.128673
0.095117
0.294471
0.324392
0.334459
0.477279
0.072239
0.365904
0.282015
0.472782
0.211011
0.230679
0.063684
0.094978
0.074738
0.635758
0.259205
0.541829
0.180070
0.290985
0.056484
0.124741
0.512383
0.646006
0.377228
0.263096
0.153344
0.450701
0.349116
0.243877
0.148876
0.211331
0.222667
0.575447
0.095014
0.589411
0.129414
0.352910
0.172156
0.383002
0.079356
0.622413
0.297775
0.185205
0.201533
0.608789
0.265517
0.384415
0.135899
0.119688
0.166673
0.279300
0.233645
0.450665
0.233040
0.110241
0.208165
0.323294
0.054664
0.411657
0.105146
0.126811
0.033804
0.466821
0.346259
0.759927
0.073350
0.343245
0.063926
0.237446
0.559574
0.773897
0.295493
0.154993
0.246858
0.273471
0.309960
0.474351
0.202653
0.229826
0.156347
0.106317
0.312236
0.469158
0.382122
0.254486
0.219223
0.052312
0.142557
0.278905
0.169504
0.222050
0.024114
0.158652
0.099000
0.137686
0.279095
0.155904
0.172676
0.142446
0.264023
0.109529
0.174993
0.308426
0.351666
0.339765
0.224394
0.074715
0.247149
0.042448
0.283970
0.290559
0.100361
0.299167
0.382864
0.316970
0.180979
0.189931
0.217921
0.234928
0.319788
0.207300
0.273867
0.189714
0.279943
0.260926
0.175568
0.410423
0.170314
0.347011
0.165363
0.238360
0.111820
0.112592
0.060793
0.332251
0.119168
0.482697
0.288019
0.317164
0.189963
0.153103
0.475572
0.171299
0.090062
0.336268
0.337333
0.174862
0.472137
0.421286
0.038415
0.194437
0.199321
0.181159
0.146838
0.607521
0.331754
0.346883
0.364647
0.311944
0.134994
0.467566
0.316761
0.186072
0.305477
0.308426
0.179780
0.414758
0.200424
0.125826
0.324993
0.293690
0.292298
0.523272
0.112840
0.355782
0.389629
0.518694
0.325184
0.496847
0.180290
0.066700
0.128924
0.402138
0.626472
0.511399
0.292914
0.140347
0.107291
0.290722
0.547904
0.356091
0.114003
0.114055
0.178026
0.416443
0.424155
0.451475
0.037008
0.270908
0.266254
0.457931
0.118944
0.340020
0.113426
0.088260
0.170405
0.564651
0.303739
0.535042
0.125696
0.177579
0.053215
0.151403
0.419047
0.573323
0.421885
0.192146
0.146051
0.463554
0.208477
0.322834
0.178584
0.184091
0.284713
0.529073
0.169715
0.619797
0.078508
0.337195
0.115487
0.361501
0.195574
0.558199
0.220769
0.201170
0.193890
0.691497
0.226355
0.377861
0.131901
0.134995
0.222426
0.234761
0.353915
0.407441
0.326981
0.171807
0.251905
0.260170
0.173777
0.500132
0.125584
0.078767
0.069440
0.443283
0.517959
0.814130
0.114343
0.248606
0.142398
0.075350
0.458456
0.711146
0.198718
0.231749
0.119152
0.119899
0.328067
0.410523
0.212832
0.213210
0.181863
0.165039
0.253638
0.369465
0.410726
0.287466
0.401153
0.137299
0.231259
0.246954
0.305259
0.176428
0.061299
0.133682
0.089565
0.069029
0.267604
0.158567
0.296685
0.161964
0.277268
0.138987
0.299461
0.375824
0.332994
0.396808
0.294412
0.086908
0.243251
0.089824
0.255669
0.290576
0.150579
0.198704
0.245139
0.312678
0.236697
0.169697
0.257339
0.212029
0.450473
0.211722
0.198261
0.175910
0.076179
0.287387
0.118395
0.410759
0.272927
0.377358
0.218655
0.245889
0.271122
0.213694
0.095043
0.365757
0.140449
0.450632
0.154504
0.326355
0.154963
0.076480
0.438163
0.244187
0.118020
0.527107
0.253271
0.306486
0.335626
0.499359
0.086233
0.204110
0.190550
0.157699
0.125056
0.563929
0.234683
0.242547
0.296801
0.337975
0.137647
0.526689
0.302881
0.230895
0.346807
0.475993
0.192043
0.283481
0.276461
0.180945
0.371314
0.305902
0.348249
0.459720
0.055302
0.444945
0.455311
0.535254
0.284174
0.392649
0.192044
0.099217
0.282031
0.320425
0.458607
0.569416
0.303729
0.128655
0.214597
0.316680
0.488494
0.320883
0.087903
0.133641
0.035731
0.537882
0.374330
0.488839
0.066704
0.243909
0.197122
0.384784
0.255113
0.341440
0.029213
0.027677
0.235745
0.486832
0.184416
0.561307
0.168417
0.194378
0.091166
0.197585
0.468938
0.612991
0.393732
0.214495
0.036003
0.477252
0.303493
0.492371
0.181693
0.197185
0.384220
0.407090
0.119954
0.769808
0.029211
0.234823
0.132301
0.373986
0.218379
0.573038
0.196130
0.224115
0.182990
0.762408
0.205412
0.383854
0.187135
0.257404
0.259794
0.140126
0.377079
0.342377
0.268066
0.131488
0.335914
0.331690
0.301174
0.392403
0.125225
0.082557
0.017924
0.338835
0.622819
0.832965
0.116391
0.188944
0.185289
0.016998
0.417275
0.707019
0.260775
0.181410
0.154397
0.152697
0.383787
0.394915
0.247885
0.175494
0.130510
0.285778
0.232964
0.226298
0.393805
0.369982
0.414110
0.340882
0.155738
0.178484
0.229750
0.136131
0.091819
0.243171
0.134920
0.037027
0.245190
0.076308
0.488392
0.194907
0.288280
0.149722
0.424859
0.267185
0.348396
0.491394
0.232786
0.225679
0.158259
0.205281
0.260014
0.323256
0.255699
0.191794
0.151929
0.254838
0.206022
0.183218
0.376780
0.260734
0.369887
0.272478
0.160937
0.104592
0.061651
0.284915
0.181151
0.383196
0.477390
0.500948
0.242888
0.295606
0.367006
0.329991
0.080927
0.393720
0.131891
0.344823
0.104806
0.239921
0.177426
0.231478
0.274511
0.239988
0.038987
0.521461
0.268120
0.259706
0.192674
0.523571
0.162158
0.219987
0.151686
0.247230
0.076688
0.524069
0.150666
0.253710
0.227202
0.273920
0.148332
0.484570
0.198129
0.271869
0.265671
0.466884
0.186835
0.333778
0.256074
0.377463
0.392763
0.268329
0.309800
0.474322
0.048618
0.481842
0.390697
0.547698
0.166675
0.292390
0.306381
0.179776
0.210277
0.174344
0.397795
0.658886
0.248753
0.109217
0.287964
0.207931
0.539394
0.351068
0.092269
0.181931
0.051175
0.594086
0.236749
0.478228
0.155490
0.249581
0.126671
0.290856
0.241568
0.286493
0.096673
0.040051
0.144646
0.481314
0.143777
0.491394
0.176167
0.142151
0.079851
0.155020
0.494700
0.632792
0.353989
0.424285
0.096577
0.450960
0.383601
0.595433
0.116531
0.096354
0.413866
0.292720
0.082407
0.779383
0.051686
0.176974
0.119672
0.396111
0.140092
0.583249
0.124825
0.221025
0.207049
0.807266
0.200749
0.408900
0.242721
0.202186
0.274741
0.079187
0.384611
0.278887
0.287463
0.214803
0.309395
0.429691
0.315364
0.255812
0.143268
0.113976
0.067627
0.341407
0.608404
0.742617
0.190848
0.236687
0.179103
0.011045
0.367081
0.693975
0.248971
0.127820
0.352340
0.172844
0.373812
0.393727
0.167648
0.232107
0.113745
0.353936
0.186950
0.155446
0.374120
0.416471
0.405276
0.472679
0.080596
0.134403
0.078480
0.094851
0.146521
0.233629
0.062413
0.041163
0.200945
0.107631
0.604388
0.191116
0.269428
0.078805
0.394594
0.259797
0.345072
0.596390
0.280136
0.346083
0.111616
0.286904
0.259530
0.292139
0.164341
0.294618
0.126174
0.046277
0.135905
0.171014
0.495808
0.297818
0.317840
0.209653
0.136468
0.086039
0.037778
0.228131
0.295453
0.335519
0.619828
0.612986
0.263325
0.394434
0.317115
0.371961
0.094726
0.445530
0.051838
0.443675
0.214634
0.091831
0.189385
0.359391
0.271900
0.272380
0.124497
0.421103
0.296197
0.333697
0.199311
0.483317
0.165327
0.125550
0.169413
0.293938
0.101122
0.513100
0.083237
0.287537
0.153761
0.284218
0.216110
0.464839
0.216332
0.139789
0.221976
0.414282
0.164594
0.494169
0.253929
0.468373
0.446525
0.170183
0.359237
0.549989
0.144328
0.448040
0.299298
0.473165
0.123722
0.365520
0.320690
0.221727
0.263593
0.019486
0.320346
0.697336
0.182018
0.177834
0.227105
0.236512
0.598084
0.446039
0.143631
0.337292
0.060718
0.533394
0.220882
0.415520
0.118685
0.187898
0.183250
0.274026
0.201492
0.340549
0.149121
0.078295
0.113159
0.467523
0.054252
0.397974
0.133145
0.121881
0.059085
0.085141
0.521521
0.601641
0.277689
0.534356
0.108694
0.330820
0.334182
0.546551
0.046737
0.159506
0.311107
0.312931
0.102012
0.564688
0.173859
0.150911
0.141344
0.311914
0.145067
0.528020
0.050765
0.258436
0.180766
0.682222
0.422569
0.398907
0.200332
0.142467
0.273295
0.096004
0.403125
0.166497
0.270440
0.347053
0.254257
0.411560
0.328755
0.306298
0.218505
0.122564
0.183326
0.377371
0.487808
0.650792
0.274316
0.259054
0.150681
0.092126
0.303764
0.630159
0.197805
0.102956
0.437955
0.077006
0.336536
0.400976
0.280775
0.214875
0.221881
0.316651
0.174554
0.163330
0.384736
0.470412
0.422203
0.404509
0.031776
0.154425
0.057512
0.127458
0.232202
0.154584
0.062369
0.122209
0.242126
0.154026
0.600321
0.207651
0.275817
0.063280
0.356935
0.240003
0.243778
0.616681
0.405609
0.421789
0.025732
0.534898
0.297558
0.233207
0.161199
0.296188
0.195193
0.159826
0.122723
0.189651
0.502622
0.153317
0.257925
0.132678
0.144991
0.058422
0.063685
0.201852
0.229344
0.221581
0.643203
0.539985
0.323415
0.477789
0.184470
0.294612
0.032163
0.421051
0.067566
0.497085
0.354943
0.056022
0.191179
0.261902
0.382255
0.331553
0.165195
0.299869
0.319289
0.437126
0.130274
0.455833
0.199785
0.063831
0.182711
0.358567
0.108085
0.500083
0.083542
0.250913
0.153431
0.330723
0.232771
0.447679
0.228250
0.160943
0.164697
0.402910
0.063187
0.544279
0.261705
0.486658
0.437477
0.145282
0.500283
0.498935
0.312005
0.403918
0.185939
0.420385
0.071470
0.369232
0.295358
0.285911
0.380232
0.138554
0.294688
0.560813
0.064473
0.148785
0.135881
0.338541
0.626129
0.614011
0.198693
0.365547
0.092113
0.432919
0.301998
0.379219
0.094873
0.147751
0.141195
0.261973
0.190928
0.541709
0.047436
0.173762
0.064449
0.313509
0.178604
0.332116
0.120045
0.084865
0.059045
0.125381
0.434133
0.546163
0.222232
0.492383
0.132330
0.257831
0.180089
0.499571
0.093367
0.214131
0.167205
0.410719
0.148119
0.431219
0.264836
0.085303
0.196450
0.224318
0.170267
0.464378
0.119551
0.186580
0.306270
0.523382
0.537946
0.445207
0.043104
0.186144
0.195661
0.143814
0.401293
0.231796
0.159219
0.381062
0.233353
0.347043
0.454926
0.400225
0.358691
0.116937
0.254223
0.381967
0.363962
0.605447
0.341821
0.175683
0.171757
0.205747
0.234053
0.597634
0.169177
0.104278
0.351524
0.078878
0.349154
0.497077
0.361357
0.082476
0.168406
0.481658
0.178491
0.156380
0.414967
0.504347
0.447110
0.334254
0.051412
0.125546
0.046071
0.099610
0.219822
0.200766
0.127226
0.089079
0.275168
0.171203
0.559248
0.291098
0.336310
0.199544
0.356103
0.238997
0.169624
0.486464
0.494442
0.402185
0.077464
0.660169
0.269954
0.175526
0.257256
0.205201
0.233818
0.271043
0.188169
0.164119
0.378602
0.101934
0.126292
0.161375
0.152673
0.051517
0.095603
0.119622
0.070123
0.193406
0.608271
0.408938
0.504771
0.474594
0.035608
0.234198
0.025931
0.464296
0.154603
0.530334
0.297856
0.102234
0.186135
0.146617
0.513982
0.348673
0.203117
0.191953
0.348646
0.461946
0.153717
0.554032
0.362667
0.172238
0.194983
0.316486
0.100681
0.515048
0.038681
0.047925
0.185445
0.401516
0.150773
0.466231
0.222004
0.225475
0.243368
0.467758
0.066001
0.488596
0.253990
0.410383
0.266413
0.166683
0.580682
0.429941
0.401829
0.328697
0.173015
0.486203
0.139121
0.399144
0.377200
0.358998
0.338386
0.138685
0.298731
0.476255
0.127545
0.207868
0.159785
0.359338
0.497365
0.582397
0.171569
0.332499
0.089345
0.357093
0.358599
0.454909
0.173053
0.200254
0.130638
0.291604
0.146071
0.639630
0.017694
0.187363
0.173973
0.261534
0.174932
0.384534
0.296108
0.153209
0.095363
0.127248
0.510190
0.480854
0.198253
0.348059
0.265311
0.327591
0.150326
0.670188
0.233198
0.324263
0.186104
0.440472
0.135190
0.454041
0.187581
0.109818
0.235375
0.142975
0.093886
0.388249
0.193558
0.101831
0.256709
0.452388
0.499098
0.532284
0.132580
0.274644
0.254366
0.047431
0.372810
0.355301
0.051546
0.362038
0.191786
0.348080
0.564341
0.480871
0.446433
0.196738
0.280242
0.416379
0.272519
0.595760
0.300098
0.187690
0.132605
0.389399
0.280497
0.661752
0.126447
0.119304
0.276483
0.207877
0.423108
0.502162
0.191401
0.129742
0.149766
0.590489
0.209858
0.203509
0.388219
0.481335
0.432674
0.323513
0.098686
0.136904
0.023484
0.036949
0.160798
0.150375
0.163685
0.081629
0.209616
0.209785
0.591309
0.356609
0.347082
0.329667
0.252700
0.262100
0.147701
0.276687
0.446783
0.434341
0.069495
0.542330
0.194926
0.116036
0.344839
0.149169
0.285434
0.247105
0.296104
0.122833
0.317850
0.064402
0.390787
0.165614
0.099819
0.049791
0.198499
0.195252
0.013129
0.201528
0.547283
0.324103
0.545314
0.441289
0.046871
0.163478
0.099832
0.477325
0.194735
0.520627
0.233752
0.271583
0.139074
0.128305
0.538855
0.456255
0.261767
0.064356
0.397242
0.348806
0.172883
0.624124
0.553569
0.363894
0.108632
0.367144
0.219599
0.494272
0.101431
0.098131
0.159098
0.349125
0.043980
0.486928
0.082052
0.190408
0.325581
0.421801
0.062610
0.510798
0.234180
0.413226
0.113634
0.170826
0.541321
0.321885
0.350306
0.247747
0.312334
0.470967
0.258121
0.531594
0.499442
0.458733
0.214067
0.134797
0.449682
0.488521
0.184647
0.295482
0.237373
0.306088
0.410032
0.584294
0.106956
0.180244
0.075026
0.313653
0.334658
0.427717
0.186195
0.156635
0.132612
0.307403
0.225023
0.605160
0.107563
0.266811
0.207339
0.351170
0.181912
0.350483
0.334897
0.210037
0.156498
0.054313
0.531161
0.471555
0.291653
0.275639
0.378769
0.399734
0.115166
0.760253
0.338267
0.372669
0.275324
0.546146
0.129366
0.490306
0.033709
0.250573
0.294891
0.227228
0.076025
0.386205
0.186857
0.135879
0.153695
0.400992
0.472487
0.702917
0.168299
0.392212
0.226330
0.040784
0.267456
0.371467
0.026024
0.354225
0.198012
0.373287
0.508904
0.456574
0.424512
0.192164
0.312968
0.417451
0.255450
0.500099
0.249987
0.201861
0.096636
0.489925
0.334210
0.662299
0.211456
0.157359
0.219700
0.271624
0.378082
0.505484
0.036334
0.245181
0.328218
0.674707
0.160286
0.186190
0.309497
0.412860
0.312801
0.333301
0.088495
0.062038
0.069288
0.119315
0.127881
0.146659
0.149039
0.175280
0.090042
0.297649
0.592590
0.303655
0.325944
0.318037
0.110801
0.325741
0.079841
0.155361
0.261854
0.430918
0.058825
0.355749
0.201353
0.103355
0.441776
0.137094
0.362447
0.148803
0.361816
0.135202
0.256777
0.070127
0.519536
0.141818
0.069488
0.100514
0.179490
0.239250
0.092140
0.200733
0.472071
0.259973
0.424870
0.508129
0.176656
0.081774
0.067811
0.483318
0.194941
0.573227
0.140584
0.159101
0.120430
0.311020
0.508144
0.515022
0.343148
0.114741
0.479026
0.323569
0.345349
0.644005
0.630339
0.381092
0.275966
0.447424
0.345135
0.427662
0.153449
0.132788
0.173914
0.423333
0.048552
0.524498
0.121063
0.099065
0.226881
0.433763
0.075773
0.593607
0.250215
0.465993
0.080637
0.208584
0.538397
0.252956
0.166884
0.064342
0.259601
0.348659
0.250466
0.547286
0.455879
0.426305
0.221768
0.078880
0.406026
0.441865
0.196522
0.259812
0.258775
0.282316
0.272039
0.622192
0.103645
0.141388
0.011697
0.322781
0.300632
0.465601
0.193094
0.127611
0.153639
0.292267
0.188661
0.619708
0.207886
0.382674
0.222183
0.361366
0.181983
0.355654
0.204717
0.151363
0.201905
0.056904
0.438196
0.454830
0.218894
0.323658
0.357386
0.327417
0.227859
0.688170
0.249017
0.437166
0.218955
0.615899
0.050142
0.439230
0.138397
0.304002
0.242523
0.366627
0.161733
0.359783
0.187354
0.235591
0.082976
0.190211
0.380783
0.724939
0.198745
0.261580
0.179480
0.077180
0.157630
0.365790
0.141833
0.336177
0.307689
0.405592
0.363180
0.354116
0.355576
0.160163
0.329791
0.430904
0.200220
0.368098
0.352295
0.187827
0.240999
0.462968
0.344231
0.556648
0.152966
0.196253
0.202592
0.240644
0.306321
0.497545
0.079126
0.256511
0.434259
0.857672
0.170572
0.087698
0.250271
0.286198
0.223110
0.309375
0.112817
0.026444
0.073375
0.208575
0.112510
0.205551
0.060957
0.137635
0.067601
0.403513
0.430513
0.151250
0.293205
0.111152
0.069161
0.179146
0.029482
0.074874
0.150347
0.423854
0.235000
0.286592
0.110651
0.151800
0.563379
0.146979
0.296553
0.121108
0.323046
0.138645
0.148728
0.152589
0.508436
0.226820
0.134975
0.223831
0.172775
0.232311
0.123763
0.036842
0.336274
0.266746
0.319578
0.481479
0.217570
0.162616
0.114392
0.441442
0.228253
0.577189
0.138505
0.100416
0.215550
0.317805
0.498736
0.523015
0.369868
0.316482
0.531634
0.187392
0.363629
0.628761
0.496985
0.261438
0.433516
0.441340
0.346653
0.383754
0.171714
0.216461
0.123998
0.611256
0.039167
0.517511
0.179921
0.114914
0.130632
0.511945
0.033835
0.584912
0.269190
0.442289
0.177723
0.305483
0.542751
0.187312
0.086883
0.097829
0.176344
0.360717
0.135298
0.417842
0.344242
0.301137
0.391986
0.094997
0.315498
0.347359
0.159033
0.130776
0.268760
0.282260
0.346652
0.712781
0.082110
0.214651
0.030834
0.392504
0.306164
0.469381
0.133284
0.214328
0.210101
0.301594
0.195230
0.636934
0.199813
0.440227
0.225904
0.277590
0.049967
0.319990
0.079228
0.096652
0.156948
0.170258
0.371957
0.365181
0.124617
0.401436
0.366779
0.317968
0.340605
0.566322
0.209156
0.473009
0.133811
0.621316
0.152203
0.366565
0.224422
0.336472
0.253964
0.443393
0.199397
0.361979
0.151211
0.278878
0.103666
0.158574
0.233943
0.630499
0.202332
0.140334
0.205258
0.095796
0.116824
0.575827
0.219715
0.319105
0.343567
0.503183
0.252961
0.347862
0.269865
0.232524
0.340166
0.451962
0.276675
0.288682
0.365335
0.200648
0.346416
0.317208
0.382704
0.477208
0.155616
0.181295
0.138694
0.035049
0.320727
0.491443
0.198810
0.346095
0.332993
0.899847
0.155696
0.122858
0.266271
0.144241
0.187006
0.223714
0.148468
0.085812
0.088356
0.275418
0.179722
0.296764
0.058748
0.130990
0.102386
0.406001
0.424122
0.111210
0.279188
0.074420
0.084159
0.049043
0.076294
0.125466
0.244171
0.325566
0.276139
0.254950
0.119141
0.254717
0.656267
0.210916
0.254632
0.146929
0.106672
0.099106
0.066379
0.188267
0.545290
0.208743
0.211755
0.268910
0.188092
0.193121
0.027939
0.220339
0.202494
0.258295
0.263203
0.286627
0.231823
0.139171
0.149145
0.456450
0.306773
0.485629
0.106030
0.152876
0.302845
0.355305
0.502784
0.530519
0.315347
0.386229
0.503317
0.175745
0.403632
0.609545
0.375200
0.208241
0.398707
0.381156
0.248148
0.335675
0.125327
0.269094
0.052893
0.636268
0.140946
0.593181
0.198151
0.135204
0.220175
0.455356
0.121632
0.637977
0.254564
0.426378
0.156492
0.313806
0.452584
0.170252
0.111562
0.163774
0.142667
0.483360
0.194752
0.364391
0.226189
0.122751
0.452372
0.234859
0.343663
0.283884
0.193385
0.026089
0.329258
0.284977
0.417526
0.593743
0.075291
0.204501
0.059996
0.423261
0.145398
0.502782
0.170587
0.300630
0.158763
0.361648
0.310087
0.541481
0.108733
0.346803
0.188528
0.325093
0.062987
0.262356
0.029625
0.083565
0.122204
0.168410
0.369246
0.240452
0.060099
0.359878
0.417755
0.353097
0.331435
0.543776
0.195832
0.441425
0.111005
0.535647
0.175234
0.321658
0.265453
0.259098
0.281206
0.464537
0.195534
0.308090
0.156400
0.260264
0.058046
0.259666
0.128888
0.470746
0.209589
0.139082
0.207421
0.142154
0.161054
0.732277
0.206972
0.204389
0.209429
0.634927
0.266820
0.445667
0.233338
0.258027
0.311932
0.428627
0.246846
0.228474
0.274526
0.175938
0.338990
0.176463
0.428052
0.457456
0.261733
0.091823
0.121270
0.032654
0.342644
0.394020
0.411593
0.440411
0.171328
0.865994
0.252182
0.159810
0.319050
0.128850
0.092918
0.114273
0.221848
0.131117
0.161229
0.245699
0.229037
0.265291
0.165485
0.162994
0.201699
0.309845
0.388655
0.129246
0.281451
0.114332
0.094991
0.080207
0.060459
0.247976
0.201037
0.294134
0.182872
0.213920
0.169807
0.330384
0.676892
0.217179
0.306207
0.260590
0.042988
0.099667
0.071618
0.111729
0.520072
0.128152
0.295808
0.322689
0.234280
0.145309
0.011494
0.430967
0.144837
0.209477
0.233867
0.182152
0.295153
0.128706
0.204992
0.433683
0.419692
0.471876
0.109963
0.184508
0.292536
0.273871
0.457429
0.544513
0.293375
0.347802
0.378131
0.140167
0.507021
0.416117
0.314483
0.174246
0.355806
0.381953
0.167065
0.242843
0.040257
0.253574
0.081532
0.580275
0.209271
0.635479
0.310438
0.129206
0.480894
0.407300
0.120101
0.769037
0.225782
0.436491
0.151143
0.251660
0.351738
0.261890
0.150490
0.132330
0.088850
0.512706
0.291122
0.368011
0.125261
0.065207
0.347869
0.388211
0.399221
0.347991
0.288323
0.050280
0.389842
0.215841
0.437399
0.496513
0.056919
0.201311
0.102650
0.434172
0.131517
0.503027
0.194649
0.267794
0.028395
0.418609
0.229442
0.438047
0.189288
0.211768
0.195118
0.425846
0.083736
0.201321
0.078712
0.059360
0.323433
0.061055
0.459727
0.270066
0.029139
0.291339
0.503847
0.360634
0.350701
0.587308
0.171728
0.405560
0.055679
0.533511
0.108956
0.247372
0.263249
0.199141
0.246001
0.485705
0.207285
0.287022
0.195443
0.199626
0.179856
0.250729
0.117567
0.421691
0.281382
0.210869
0.183057
0.186901
0.234541
0.617342
0.185134
0.092532
0.215262
0.629610
0.251899
0.461285
0.196632
0.132716
0.145008
0.454648
0.203039
0.179316
0.165396
0.242780
0.207417
0.090958
0.452951
0.417370
0.215664
0.043915
0.223337
0.135620
0.319100
0.324553
0.533819
0.388244
0.142573
0.740742
0.227180
0.391902
0.355865
0.170908
0.080577
0.091523
0.291688
0.024676
0.206525
0.143277
0.206299
0.355908
0.170203
0.162702
0.251848
0.197868
0.160788
0.189670
0.226885
0.132944
0.093006
0.090140
0.105827
0.388487
0.048006
0.292654
0.102487
0.248349
0.202909
0.369434
0.591274
0.178877
0.316797
0.337544
0.112971
0.176179
0.042198
0.146128
0.399432
0.120696
0.345085
0.324953
0.282245
0.090749
0.150706
0.502998
0.054124
0.064614
0.191453
0.216155
0.304687
0.167826
0.211797
0.407048
0.447181
0.545279
0.119790
0.190790
0.255977
0.222986
0.415169
0.501772
0.244386
0.270713
0.271563
0.209853
0.621205
0.350137
0.155583
0.106751
0.394711
0.553371
0.183340
0.208382
0.021659
0.265852
0.212011
0.502104
0.377504
0.522386
0.372312
0.191918
0.660939
0.404858
0.126250
0.741633
0.174316
0.473575
0.142512
0.183202
0.422897
0.336677
0.067964
0.117195
0.028514
0.366381
0.343341
0.473825
0.173762
0.099972
0.229262
0.345596
0.449500
0.325472
0.307224
0.137987
0.345828
0.145192
0.413433
0.296814
0.114903
0.188122
0.242622
0.362090
0.314228
0.445784
0.189676
0.234650
0.076030
0.440201
0.091400
0.430666
0.260023
0.216382
0.361964
0.472320
0.043893
0.320423
0.091373
0.103294
0.397837
0.064582
0.454249
0.357915
0.146832
0.194605
0.526416
0.471671
0.304757
0.531098
0.104375
0.367995
0.109362
0.494280
0.107765
0.183933
0.250205
0.182541
0.046918
0.521532
0.174438
0.354899
0.160960
0.256686
0.212021
0.086200
0.048021
0.459391
0.291040
0.122495
0.072299
0.151908
0.289220
0.378135
0.171396
0.063837
0.150479
0.634825
0.211130
0.423573
0.086359
0.095320
0.106053
0.576924
0.140090
0.166367
0.129129
0.194473
0.078445
0.013763
0.499653
0.483466
0.106953
0.030271
0.185949
0.300200
0.288778
0.392913
0.545692
0.229312
0.156433
0.576435
0.078490
0.553784
0.363948
0.225830
0.090751
0.086555
0.256616
0.142775
0.211920
0.020965
0.173804
0.469862
0.106306
0.084404
0.208030
0.222648
0.141469
0.110338
0.173913
0.211708
0.175515
0.116742
0.156506
0.507177
0.093615
0.231029
0.275204
0.240377
0.266330
0.411715
0.526240
0.140415
0.196101
0.335218
0.189205
0.180771
0.117430
0.261981
0.282210
0.145982
0.365168
0.304167
0.378765
0.131228
0.195138
0.516183
0.309112
0.125125
0.167270
0.203645
0.246094
0.093716
0.131862
0.351946
0.307253
0.581692
0.255770
0.221686
0.185809
0.146343
0.470324
0.423655
0.182970
0.245765
0.248472
0.220406
0.718521
0.394679
0.035803
0.126642
0.513875
0.699120
0.294335
0.186455
0.078764
0.350067
0.350456
0.450962
0.387280
0.357850
0.339029
0.236848
0.536295
0.397606
0.148377
0.651210
0.097771
0.413075
0.116744
0.225517
0.436346
0.383895
0.118068
0.200842
0.022345
0.331140
0.342074
0.583230
0.306004
0.113959
0.173674
0.239620
0.483029
0.340910
0.303604
0.169736
0.230727
0.091930
0.490061
0.176196
0.292416
0.168659
0.290781
0.298648
0.269324
0.352222
0.139337
0.221887
0.131181
0.415719
0.053791
0.366173
0.344613
0.346597
0.362311
0.455873
0.086007
0.380991
0.033557
0.192595
0.294218
0.134410
0.372561
0.392325
0.154345
0.213179
0.397436
0.515768
0.369481
0.533761
0.023897
0.292944
0.300605
0.343699
0.040221
0.242670
0.313295
0.200104
0.008743
0.492785
0.050980
0.407424
0.148883
0.341783
0.215733
0.160752
0.139949
0.455402
0.143963
0.018472
0.189749
0.094228
0.281598
0.319695
0.082412
0.215527
0.064582
0.710087
0.142255
0.475652
0.237602
0.170824
0.196237
0.705973
0.084515
0.209684
0.242401
0.210554
0.069610
0.133142
0.534590
0.429117
0.122851
0.125255
0.084291
0.221731
0.375899
0.600349
0.451817
0.163477
0.139363
0.474703
0.136011
0.677853
0.364865
0.315415
0.042438
0.064898
0.195862
0.178913
0.127603
0.110182
0.240321
0.483070
0.045706
0.235150
0.189615
0.196814
0.173605
0.109037
0.163201
0.348743
0.288114
0.136707
0.169775
0.464074
0.095907
0.215109
0.267396
0.104294
0.343420
0.422293
0.442273
0.149207
0.099130
0.333333
0.215846
0.185121
0.216381
0.299306
0.282651
0.088537
0.353582
0.366731
0.388895
0.063264
0.100029
0.494192
0.413213
0.202761
0.098548
0.141763
0.153071
0.118625
0.114460
0.264940
0.150687
0.689505
0.347140
0.250170
0.083127
0.166104
0.390713
0.536703
0.104308
0.238804
0.209811
0.148916
0.786734
0.474375
0.121242
0.237720
0.504951
0.581975
0.371583
0.295166
0.147053
0.326917
0.453303
0.423140
0.295435
0.272865
0.301520
0.209178
0.422643
0.375634
0.071239
0.602172
0.071143
0.283049
0.058778
0.256868
0.446794
0.434313
0.206100
0.164062
0.100209
0.356611
0.365432
0.651104
0.444785
0.124347
0.161199
0.196247
0.536397
0.354892
0.244010
0.189210
0.161293
0.143509
0.500456
0.178089
0.231478
0.143427
0.143302
0.327418
0.057947
0.308514
0.198676
0.215626
0.141579
0.504995
0.210683
0.247081
0.324189
0.442607
0.268389
0.597178
0.093213
0.421524
0.116695
0.268573
0.204426
0.164497
0.354223
0.409627
0.173086
0.172416
0.320041
0.503341
0.560440
0.648364
0.007903
0.164715
0.401690
0.316368
0.086599
0.292792
0.462284
0.190557
0.034071
0.412579
0.139799
0.354195
0.164053
0.348321
0.301439
0.355553
0.315598
0.403014
0.219730
0.073653
0.222115
0.142033
0.378258
0.310712
0.103306
0.275296
0.038837
0.702469
0.232748
0.536565
0.403517
0.257332
0.250033
0.789372
0.101426
0.337201
0.348433
0.266436
0.135401
0.224294
0.516759
0.328475
0.119613
0.142701
0.159673
0.128633
0.534117
0.590616
0.445500
0.130976
0.107582
0.384726
0.100876
0.841977
0.350851
0.318485
0.037336
0.208808
0.136531
0.070748
0.104962
0.131349
0.327249
0.437181
0.122439
0.393128
0.203513
0.209119
0.124809
0.144254
0.116474
0.364737
0.248758
0.155016
0.085278
0.386670
0.042210
0.104729
0.261582
0.059856
0.361259
0.439962
0.315719
0.184648
0.121518
0.442966
0.177413
0.137259
0.306817
0.237960
0.152187
0.019554
0.337793
0.273320
0.400445
0.057342
0.090308
0.459027
0.308971
0.173103
0.033044
0.135147
0.169280
0.152453
0.193522
0.316487
0.100035
0.626932
0.221176
0.298261
0.078558
0.269783
0.227477
0.626725
0.089694
0.287560
0.275241
0.272841
0.680256
0.383072
0.128446
0.208876
0.415137
0.476621
0.344284
0.268167
0.146460
0.206662
0.498936
0.497352
0.269900
0.284563
0.377990
0.205521
0.433748
0.371070
0.134829
0.673851
0.183726
0.164134
0.148421
0.169015
0.451577
0.474704
0.209658
0.259528
0.154075
0.410966
0.470418
0.635822
0.473167
0.115464
0.202264
0.251634
0.468001
0.289587
0.206292
0.298096
0.219252
0.251458
0.539194
0.039721
0.124885
0.147890
0.168033
0.459601
0.136933
0.373317
0.222712
0.172605
0.161349
0.571294
0.339785
0.182394
0.308815
0.406300
0.320604
0.644701
0.178034
0.515119
0.103097
0.239086
0.254250
0.217801
0.343846
0.487959
0.203259
0.178212
0.328844
0.403012
0.650310
0.700260
0.099400
0.075163
0.371118
0.297851
0.129708
0.398549
0.478790
0.205183
0.127791
0.448519
0.305029
0.487923
0.208682
0.226558
0.453539
0.408772
0.369686
0.300588
0.214737
0.075423
0.256183
0.055657
0.488918
0.250911
0.138816
0.314206
0.087701
0.604002
0.285367
0.537995
0.373464
0.233194
0.289028
0.784135
0.200935
0.336165
0.327553
0.172737
0.163490
0.258294
0.507388
0.200184
0.141910
0.129417
0.191133
0.145015
0.557278
0.531848
0.560550
0.111533
0.167879
0.432320
0.133397
0.914522
0.299812
0.245708
0.120669
0.233372
0.049559
0.058870
0.208926
0.086891
0.295526
0.333467
0.296575
0.442557
0.172141
0.221234
0.073413
0.222414
0.142735
0.353354
0.077446
0.147463
0.084381
0.373245
0.109887
0.091414
0.205317
0.131565
0.339824
0.465942
0.098071
0.267388
0.212779
0.518417
0.093117
0.173292
0.233314
0.265358
0.039334
0.081872
0.326358
0.166452
0.424579
0.050243
0.229896
0.371947
0.302991
0.187803
0.155757
0.116580
0.149036
0.195289
0.243593
0.401464
0.074682
0.480492
0.131035
0.252207
0.056713
0.348687
0.187771
0.676193
0.220808
0.264141
0.347582
0.318844
0.491490
0.390220
0.148272
0.301013
0.333017
0.440937
0.365314
0.199948
0.157051
0.099236
0.380395
0.602263
0.333217
0.246670
0.439875
0.252184
0.435214
0.509353
0.186163
0.566230
0.233028
0.116131
0.184628
0.107972
0.436439
0.516214
0.132210
0.302185
0.169708
0.414386
0.470344
0.583344
0.507152
0.152274
0.212557
0.265897
0.232975
0.315137
0.257632
0.430315
0.296389
0.312130
0.558200
0.191182
0.067263
0.122373
0.031815
0.494642
0.216414
0.461656
0.301675
0.107714
0.205063
0.532114
0.296965
0.199810
0.358009
0.210344
0.281294
0.558097
0.214786
0.629840
0.047369
0.107042
0.274187
0.288833
0.335595
0.497577
0.228843
0.218579
0.347040
0.342104
0.508820
0.571114
0.147618
0.201446
0.359422
0.206497
0.112513
0.481447
0.330396
0.251267
0.158334
0.436436
0.421457
0.494287
0.261168
0.183823
0.426923
0.361706
0.389465
0.217630
0.110112
0.011540
0.297474
0.025040
0.609941
0.160289
0.084374
0.398964
0.042496
0.619315
0.207053
0.445441
0.378397
0.173365
0.364018
0.735085
0.229459
0.331788
0.301908
0.270763
0.113172
0.245334
0.500286
0.225744
0.183056
0.121942
0.218866
0.010751
0.547306
0.427576
0.567836
0.176639
0.161239
0.574246
0.242107
0.786634
0.172407
0.281489
0.136390
0.109383
0.007330
0.116707
0.355737
0.151316
0.238972
0.284235
0.298542
0.335382
0.095554
0.116189
0.097207
0.173655
0.139843
0.313938
0.039771
0.332594
0.118314
0.328905
0.145391
0.060077
0.168890
0.123949
0.221958
0.467616
0.119909
0.198089
0.087757
0.510555
0.094088
0.280898
0.037747
0.270932
0.116667
0.181371
0.301446
0.230423
0.406079
0.078184
0.325907
0.220160
0.471078
0.273284
0.116361
0.114808
0.099094
0.251996
0.243348
0.472547
0.226764
0.383485
0.181663
0.209554
0.166191
0.279705
0.342540
0.636950
0.294829
0.225179
0.340853
0.296725
0.404951
0.369208
0.336644
0.426280
0.274016
0.369396
0.389800
0.269084
0.214416
0.060218
0.167615
0.535092
0.428500
0.292447
0.332960
0.058577
0.276023
0.501304
0.161082
0.435674
0.206734
0.094957
0.155763
0.141647
0.454661
0.533731
0.128461
0.297171
0.159249
0.443428
0.376614
0.553985
0.462569
0.177000
0.242602
0.185907
0.139378
0.342628
0.321095
0.252285
0.352095
0.340133
0.587186
0.289622
0.117895
0.123402
0.087079
0.537177
0.271081
0.511439
0.339436
0.140412
0.112058
0.583912
0.245899
0.213852
0.298278
0.093501
0.233808
0.488692
0.277069
0.598994
0.114783
0.126425
0.220630
0.201719
0.302032
0.352266
0.225247
0.300417
0.261717
0.319920
0.337804
0.299157
0.171467
0.299504
0.391407
0.136595
0.164246
0.479081
0.166338
0.240650
0.030704
0.401181
0.414813
0.306381
0.218954
0.199111
0.261063
0.428802
0.421840
0.202623
0.152072
0.033430
0.370903
0.055610
0.625262
0.228342
0.066887
0.464497
0.145818
0.693744
0.100199
0.561411
0.311446
0.169642
0.322439
0.621784
0.208728
0.219444
0.279453
0.244708
0.095751
0.120007
0.450064
0.261881
0.134008
0.083895
0.372705
0.101185
0.694831
0.368004
0.423963
0.132290
0.103050
0.614011
0.271215
0.652969
0.036262
0.358616
0.193180
0.053126
0.045233
0.140324
0.350149
0.138684
0.249291
0.256404
0.292970
0.193987
0.132580
0.210453
0.159621
0.168107
0.117143
0.300956
0.057136
0.405654
0.077273
0.182453
0.328912
0.094871
0.185945
0.134675
0.050489
0.440815
0.246139
0.161721
0.193843
0.500398
0.175083
0.326629
0.064642
0.188449
0.043429
0.216497
0.203448
0.341774
0.327409
0.104703
0.184294
0.242761
0.559922
0.310059
0.060188
0.212828
0.063694
0.300142
0.230717
0.540020
0.223005
0.338847
0.241470
0.241023
0.331884
0.225341
0.361110
0.756739
0.328255
0.146489
0.212828
0.306578
0.528050
0.401962
0.437870
0.348279
0.203790
0.412993
0.296489
0.275827
0.227939
0.223720
0.068670
0.511430
0.399310
0.483882
0.266546
0.089183
0.204060
0.570859
0.165846
0.441459
0.299793
0.053198
0.130524
0.167405
0.485234
0.550049
0.259823
0.282682
0.189868
0.512072
0.221053
0.462033
0.356419
0.157028
0.244163
0.211138
0.222803
0.379121
0.215995
0.129889
0.430455
0.342128
0.461558
0.322903
0.222898
0.154200
0.130091
0.561443
0.305101
0.437032
0.417686
0.174577
0.051417
0.631798
0.242723
0.248932
0.208408
0.069948
0.191939
0.530647
0.364249
0.460504
0.093345
0.146759
0.124212
0.167690
0.368545
0.324159
0.226039
0.354192
0.145709
0.208808
0.295828
0.423916
0.137037
0.410802
0.430934
0.151557
0.165229
0.528584
0.122751
0.116425
0.165838
0.450035
0.254918
0.234103
0.080832
0.058491
0.178897
0.432149
0.378514
0.242356
0.088496
0.153406
0.396130
0.086233
0.651523
0.336899
0.159100
0.433913
0.197522
0.608940
0.010186
0.559975
0.293502
0.172857
0.262275
0.425203
0.218850
0.137217
0.271041
0.189052
0.102941
0.025478
0.323951
0.298938
0.016476
0.202179
0.452735
0.089047
0.808388
0.366519
0.270263
0.168822
0.126008
0.686543
0.166512
0.583214
0.195176
0.444691
0.323407
0.074313
0.075624
0.136172
0.250738
0.081127
0.317705
0.213688
0.270675
0.105370
0.067137
0.291744
0.303067
0.172122
0.116022
0.260773
0.152931
0.253388
0.017420
0.003268
0.372035
0.091815
0.213552
0.251751
0.013636
0.395430
0.260011
0.145109
0.294467
0.544264
0.115210
0.270119
0.151026
0.054617
0.008670
0.165936
0.225268
0.365424
0.193983
0.110042
0.010355
0.198001
0.480891
0.224303
0.131025
0.322594
0.053209
0.257372
0.233778
0.558028
0.289219
0.335513
0.118137
0.106636
0.365832
0.152534
0.353811
0.844719
0.428728
0.049479
0.157209
0.448512
0.553030
0.528974
0.267207
0.276938
0.155698
0.334750
0.352999
0.251369
0.308993
0.403326
0.221211
0.489017
0.276828
0.518038
0.242187
0.119317
0.194353
0.630534
0.211572
0.408070
0.416358
0.228476
0.158121
0.062675
0.461172
0.426606
0.370858
0.261292
0.103812
0.518393
0.172168
0.321593
0.227298
0.148078
0.176957
0.223279
0.304153
0.450996
0.185359
0.221111
0.363350
0.389618
0.434464
0.363135
0.200379
0.157342
0.171572
0.528955
0.394796
0.364326
0.493645
0.300090
0.112229
0.604494
0.220502
0.363324
0.215122
0.124308
0.105217
0.481046
0.334098
0.384812
0.112024
0.236045
0.163678
0.208446
0.360759
0.402942
0.175334
0.286354
0.079930
0.117870
0.247159
0.424059
0.186347
0.499462
0.388517
0.240235
0.122987
0.682713
0.196758
0.019922
0.111077
0.511907
0.212689
0.162397
0.143546
0.059348
0.113298
0.369323
0.323875
0.270240
0.118544
0.199965
0.404380
0.049260
0.750695
0.436053
0.191772
0.375285
0.156044
0.436532
0.179720
0.474689
0.239572
0.125845
0.174889
0.333994
0.197255
0.161808
0.233462
0.167522
0.083206
0.129724
0.244042
0.304085
0.021717
0.224963
0.372028
0.118033
0.853692
0.435631
0.215837
0.127130
0.263486
0.691658
0.155380
0.581173
0.264592
0.444826
0.297254
0.129044
0.059067
0.161631
0.269129
0.044261
0.271131
0.177044
0.127471
0.154649
0.055747
0.353051
0.254730
0.093913
0.173538
0.126324
0.166940
0.135446
0.105129
0.057753
0.272397
0.180579
0.207286
0.458673
0.047576
0.284009
0.263515
0.169411
0.303277
0.491797
0.086721
0.223872
0.231241
0.143722
0.118717
0.113185
0.372422
0.351419
0.096452
0.084598
0.029418
0.159559
0.309828
0.139254
0.277300
0.308899
0.176366
0.281000
0.250606
0.529182
0.424062
0.362484
0.035589
0.130982
0.359881
0.225720
0.556869
0.777294
0.464576
0.188628
0.327967
0.432151
0.402868
0.469085
0.106689
0.340965
0.063054
0.320933
0.353774
0.247615
0.388846
0.515241
0.272045
0.335182
0.104095
0.417400
0.149300
0.163179
0.198828
0.560244
0.243284
0.284420
0.469925
0.407079
0.145976
0.092423
0.442722
0.479995
0.372474
0.231728
0.104605
0.439759
0.203773
0.273887
0.213962
0.111579
0.235057
0.283943
0.305702
0.461681
0.172040
0.269534
0.287339
0.366357
0.374113
0.382320
0.092744
0.176817
0.107568
0.453987
0.489283
0.327240
0.517874
0.345294
0.074435
0.509443
0.240165
0.454392
0.274008
0.148643
0.156151
0.413516
0.192838
0.398451
0.209667
0.227846
0.207308
0.218987
0.292777
0.435029
0.248680
0.296086
0.171408
0.284326
0.268742
0.387118
0.125105
0.503346
0.328303
0.342660
0.192803
0.821504
0.220254
0.092166
0.103619
0.506360
0.271654
0.209986
0.205363
0.034287
0.099781
0.318095
0.225158
0.278955
0.096498
0.187442
0.271538
0.118674
0.795051
0.507008
0.259773
0.365844
0.260997
0.390566
0.213580
0.386129
0.220479
0.149791
0.228381
0.380612
0.392840
0.218260
0.134416
0.208435
0.053022
0.213983
0.311590
0.252041
0.102288
0.099722
0.288634
0.143357
0.820330
0.502337
0.209053
0.090237
0.254605
0.642085
0.092593
0.649893
0.270512
0.412225
0.182968
0.111547
0.032144
0.176088
0.360538
0.075567
0.186418
0.128567
0.133339
0.246161
0.060923
0.416400
0.177246
0.017880
0.222032
0.041492
0.158650
0.144364
0.163270
0.125011
0.247752
0.185048
0.259201
0.493341
0.090755
0.192347
0.294328
0.170397
0.228562
0.344875
0.028811
0.158174
0.254890
0.277431
0.260629
0.134172
0.339281
0.335220
0.131248
0.103938
0.168966
0.200896
0.208942
0.095634
0.307507
0.190204
0.239951
0.303621
0.273997
0.540813
0.453394
0.367294
0.106939
0.209184
0.412855
0.261040
0.721807
0.758402
0.531079
0.353944
0.453820
0.381401
0.297237
0.299327
0.260308
0.388593
0.035080
0.469605
0.274103
0.218645
0.457735
0.564042
0.326996
0.249854
0.017789
0.438018
0.104847
0.268390
0.221301
0.384510
0.254194
0.238008
0.385681
0.487753
0.093938
0.147238
0.468188
0.617493
0.347666
0.209494
0.044433
0.436278
0.172025
0.224441
0.256702
0.140856
0.294632
0.335289
0.430905
0.491586
0.105793
0.274734
0.254630
0.319315
0.329242
0.408194
0.152557
0.244248
0.137269
0.463620
0.438550
0.283913
0.476172
0.414790
0.109961
0.433030
0.351843
0.495974
0.197016
0.121174
0.249925
0.417210
0.104616
0.332444
0.202868
0.176941
0.244639
0.138095
0.214746
0.285986
0.342903
0.425975
0.355333
0.365338
0.307010
0.544577
0.173375
0.420990
0.251756
0.364569
0.312345
0.751937
0.116601
0.117331
0.300577
0.372171
0.283951
0.206236
0.170121
0.130726
0.174212
0.315548
0.302324
0.297825
0.065283
0.129590
0.255012
0.126332
0.688275
0.613514
0.323878
0.197380
0.275651
0.445902
0.158090
0.395027
0.135295
0.185770
0.169318
0.465813
0.378827
0.161122
0.095954
0.156410
0.052405
0.256698
0.464693
0.246116
0.134377
0.088342
0.278605
0.239325
0.906827
0.552597
0.212641
0.082293
0.102414
0.607496
0.057962
0.673536
0.232581
0.389079
0.178559
0.024094
0.060588
0.186633
0.434462
0.057258
0.182951
0.092856
0.255022
0.216802
0.033823
0.391457
0.183312
0.114775
0.147187
0.076470
0.190151
0.154256
0.151358
0.194820
0.303407
0.260349
0.362813
0.391399
0.239170
0.131730
0.303748
0.095982
0.279271
0.144093
0.160524
0.171770
0.300934
0.317958
0.268514
0.249910
0.233707
0.271785
0.194261
0.166336
0.218056
0.217940
0.220625
0.043043
0.212110
0.073955
0.113345
0.171380
0.280180
0.556890
0.398642
0.357142
0.169466
0.120188
0.400599
0.130302
0.665919
0.677550
0.513161
0.416924
0.503446
0.329548
0.372471
0.247320
0.365880
0.412536
0.038973
0.464971
0.173393
0.300218
0.460905
0.427184
0.345565
0.332022
0.066149
0.560133
0.120249
0.294071
0.196276
0.256543
0.231520
0.289999
0.323673
0.450714
0.089753
0.126774
0.489191
0.675170
0.338429
0.230495
0.106214
0.452858
0.123364
0.194593
0.241240
0.198356
0.378480
0.308448
0.664638
0.546400
0.062716
0.329456
0.221769
0.240051
0.334759
0.479789
0.300342
0.315370
0.239507
0.490517
0.312672
0.267429
0.473373
0.484505
0.160762
0.367024
0.425948
0.498693
0.199354
0.059606
0.270999
0.409591
0.103715
0.330975
0.103184
0.285900
0.264623
0.105006
0.240492
0.220419
0.343786
0.534743
0.392208
0.345312
0.316250
0.692193
0.181516
0.336622
0.247513
0.355697
0.278200
0.543822
0.041420
0.210237
0.430398
0.382015
0.159554
0.098355
0.152200
0.069948
0.078042
0.311454
0.328169
0.323527
0.087169
0.108191
0.345357
0.141481
0.709444
0.546246
0.368249
0.156257
0.339734
0.504085
0.143041
0.415915
0.074507
0.071410
0.235735
0.389322
0.200791
0.185691
0.059731
0.165531
0.048730
0.198914
0.524377
0.300722
0.104420
0.044541
0.247381
0.345477
0.942135
0.539683
0.133171
0.113149
0.055004
0.578837
0.123159
0.598963
0.285857
0.354516
0.207529
0.102536
0.095336
0.198574
0.457804
0.050616
0.202033
0.208467
0.261044
0.157142
0.086338
0.340489
0.157248
0.100557
0.207495
0.047058
0.304605
0.097668
0.241119
0.319964
0.256167
0.206822
0.420956
0.324792
0.299812
0.274359
0.349942
0.125554
0.285847
0.151252
0.204723
0.102193
0.370875
0.239835
0.218712
0.292583
0.171236
0.307250
0.170869
0.152463
0.166129
0.134682
0.239155
0.173677
0.190237
0.042724
0.025687
0.121361
0.248743
0.533420
0.318424
0.330895
0.253661
0.106863
0.301379
0.063718
0.527871
0.528011
0.361374
0.415684
0.432715
0.327044
0.440856
0.242635
0.352462
0.304496
0.098906
0.441582
0.084069
0.483167
0.379408
0.320530
0.342974
0.400992
0.147459
0.615930
0.258359
0.203946
0.278048
0.366326
0.237465
0.323573
0.294028
0.388690
0.100035
0.187911
0.530827
0.663050
0.201710
0.197526
0.148547
0.499948
0.162624
0.269375
0.203215
0.257171
0.463260
0.215800
0.800085
0.458735
0.070280
0.376822
0.193513
0.182541
0.256959
0.489869
0.298821
0.283788
0.293210
0.435587
0.272379
0.337956
0.426726
0.499527
0.238529
0.267425
0.357092
0.622392
0.184037
0.127763
0.167589
0.288928
0.127211
0.321367
0.053335
0.257935
0.100856
0.049368
0.341846
0.227665
0.287359
0.468865
0.388634
0.314628
0.205685
0.643831
0.225743
0.255403
0.291413
0.494557
0.260444
0.418952
0.091027
0.327568
0.342185
0.437369
0.179618
0.216942
0.185515
0.102350
0.061651
0.368351
0.201235
0.257355
0.130145
0.152637
0.232521
0.237991
0.750585
0.487510
0.291083
0.133061
0.398402
0.517182
0.200600
0.400136
0.038557
0.043672
0.352136
0.312837
0.137163
0.276719
0.019527
0.104811
0.060502
0.153400
0.548735
0.355466
0.223961
0.110393
0.209809
0.257415
0.881803
0.566974
0.179547
0.143420
0.087840
0.596633
0.243585
0.547982
0.311338
0.226931
0.148136
0.053386
0.195037
0.148277
0.493743
0.049871
0.075420
0.281411
0.171612
0.143643
0.138143
0.308000
0.163514
0.034490
0.192035
0.114647
0.231701
0.094521
0.427294
0.375342
0.221777
0.185373
0.410467
0.276671
0.340911
0.256926
0.341982
0.193194
0.241210
0.116163
0.054274
0.076268
0.392595
0.149872
0.134637
0.196600
0.201465
0.229285
0.083736
0.133484
0.280110
0.095566
0.369272
0.184420
0.264820
0.073658
0.036813
0.151025
0.243340
0.513801
0.344629
0.359630
0.267284
0.158427
0.263197
0.118685
0.481643
0.361188
0.213717
0.455442
0.317577
0.259595
0.334093
0.209053
0.265094
0.296800
0.171927
0.408556
0.187979
0.689942
0.234691
0.325403
0.302811
0.273676
0.187156
0.575321
0.350673
0.161981
0.380286
0.457214
0.223726
0.286813
0.254062
0.339967
0.022646
0.199504
0.459836
0.666848
0.035471
0.202727
0.251179
0.529651
0.250451
0.364798
0.173596
0.226382
0.421707
0.191731
0.708430
0.437357
0.042299
0.318273
0.192392
0.145588
0.259178
0.459653
0.299811
0.134099
0.218049
0.406665
0.196940
0.396678
0.370872
0.443386
0.215383
0.245408
0.227854
0.656030
0.090190
0.272928
0.080026
0.222143
0.176102
0.360595
0.203742
0.169997
0.046312
0.080687
0.467913
0.277027
0.301193
0.382030
0.442240
0.481584
0.111096
0.610205
0.298917
0.173623
0.261011
0.499793
0.305922
0.432871
0.117170
0.323655
0.234538
0.376512
0.072295
0.363337
0.159982
0.210519
0.180952
0.454036
0.197983
0.172337
0.187150
0.175026
0.302636
0.282015
0.665569
0.480534
0.141826
0.191627
0.365640
0.488947
0.361990
0.415650
0.136467
0.051628
0.382551
0.296568
0.205338
0.364800
0.051239
0.196405
0.140096
0.107512
0.626456
0.336623
0.292621
0.173597
0.064686
0.115048
0.790631
0.563743
0.251490
0.126510
0.105773
0.575237
0.311257
0.470381
0.273946
0.116978
0.107652
0.015364
0.175820
0.087761
0.418964
0.031111
0.338851
0.164675
0.086210
0.199835
0.079378
0.243687
0.188176
0.055614
0.150010
0.301817
0.112611
0.235518
0.518616
0.290049
0.215634
0.174860
0.374243
0.171526
0.188402
0.200407
0.293371
0.204788
0.256191
0.310969
0.069410
0.205360
0.378629
0.093366
0.103975
0.131040
0.136069
0.213628
0.035491
0.081373
0.278423
0.107630
0.362716
0.136425
0.248705
0.155265
0.060220
0.149564
0.135009
0.514555
0.339978
0.473730
0.107610
0.109486
0.225978
0.132530
0.544116
0.267230
0.137305
0.460856
0.255931
0.235830
0.292131
0.272321
0.226740
0.318400
0.273793
0.381421
0.326777
0.752667
0.123220
0.349112
0.205663
0.245555
0.233976
0.707795
0.441843
0.065498
0.491023
0.426343
0.294380
0.329316
0.112597
0.306166
0.154805
0.075785
0.383952
0.667081
0.038809
0.325242
0.274290
0.563462
0.403628
0.367890
0.227785
0.181037
0.298902
0.253384
0.604087
0.512695
0.038611
0.143052
0.112841
0.180701
0.308601
0.477544
0.283213
0.065839
0.163147
0.445412
0.175134
0.365973
0.313537
0.312148
0.242754
0.264005
0.268554
0.559078
0.136205
0.341480
0.175610
0.239836
0.249663
0.414234
0.322160
0.188431
0.028280
0.127076
0.551390
0.335567
0.280819
0.400008
0.589740
0.451294
0.194621
0.524578
0.265826
0.179485
0.241546
0.583609
0.353220
0.422409
0.184136
0.321218
0.150979
0.323515
0.031189
0.455366
0.157412
0.329290
0.233876
0.512483
0.191042
0.090071
0.163345
0.169903
0.318900
0.307974
0.622391
0.536905
0.223104
0.226733
0.350063
0.324273
0.471305
0.457987
0.271258
0.135851
0.338102
0.326403
0.103260
0.286828
0.029172
0.196309
0.114473
0.069751
0.653354
0.392078
0.170618
0.176678
0.140123
0.035142
0.773166
0.451294
0.310425
0.180410
0.204929
0.445798
0.323419
0.350603
0.258102
0.119666
0.168759
0.084969
0.242948
0.156190
0.243381
0.110661
0.552553
0.156674
0.131995
0.221606
0.164714
0.229436
0.141342
0.130451
0.144985
0.341919
0.073292
0.275136
0.393441
0.256875
0.163009
0.133416
0.221115
0.068677
0.159015
0.217942
0.259488
0.286635
0.151280
0.335234
0.025453
0.247305
0.367530
0.062260
0.098880
0.186640
0.106598
0.401575
0.228420
0.040461
0.173020
0.225746
0.304939
0.176396
0.139424
0.226858
0.132748
0.157658
0.070483
0.561443
0.312664
0.552461
0.090963
0.086867
0.212075
0.290126
0.431324
0.212582
0.162540
0.371585
0.269743
0.309507
0.451545
0.247448
0.193217
0.255695
0.256699
0.386049
0.249415
0.721479
0.167056
0.301942
0.109307
0.281379
0.240748
0.801270
0.466382
0.040068
0.554235
0.402604
0.367154
0.351576
0.048676
0.203068
0.158781
0.017030
0.372021
0.467779
0.131287
0.302847
0.248831
0.561496
0.553451
0.335426
0.197625
0.189117
0.216105
0.164560
0.530202
0.571378
0.119429
0.196972
0.084674
0.238152
0.348760
0.468679
0.347685
0.067283
0.116377
0.516391
0.162088
0.288690
0.187323
0.302344
0.264088
0.272629
0.375711
0.401593
0.200824
0.324266
0.177135
0.360955
0.246528
0.360909
0.275815
0.223166
0.074106
0.186819
0.538939
0.469053
0.177552
0.418744
0.579222
0.500840
0.258413
0.390341
0.218259
0.140392
0.167552
0.718769
0.245274
0.364895
0.153742
0.351479
0.070193
0.314244
0.132425
0.462851
0.140688
0.441942
0.242406
0.493315
0.115201
0.093788
0.100479
0.180406
0.271271
0.230249
0.694310
0.515407
0.292920
0.264176
0.310086
0.254696
0.482187
0.489184
0.238649
0.159560
0.223281
0.326486
0.111612
0.375717
0.039735
0.182273
0.117149
0.092692
0.589577
0.476473
0.064033
0.211765
0.134998
0.120156
0.606169
0.447724
0.364615
0.203163
0.387356
0.300018
0.280999
0.184026
0.252307
0.106774
0.219925
0.248253
0.405873
0.094450
0.092939
0.097501
0.540235
0.117654
0.075109
0.170131
0.150427
0.270741
0.087552
0.178896
0.111937
0.288446
0.126974
0.383732
0.206454
0.217737
0.149905
0.092185
0.087216
0.086972
0.189977
0.290692
0.268382
0.288677
0.136278
0.210609
0.063787
0.360138
0.327868
0.102778
0.133244
0.189310
0.204529
0.410415
0.324368
0.134183
0.283717
0.315089
0.262930
0.280704
0.206385
0.292256
0.174684
0.281982
0.047930
0.663950
0.281748
0.600848
0.105227
0.192331
0.235708
0.425440
0.332434
0.057853
0.093199
0.234902
0.197500
0.329206
0.498341
0.231498
0.135062
0.180835
0.149173
0.445588
0.179455
0.712219
0.187659
0.127740
0.066358
0.464176
0.263748
0.670593
0.410373
0.123566
0.463243
0.425607
0.291059
0.420270
0.118320
0.120944
0.113296
0.124152
0.382847
0.300641
0.273717
0.264608
0.121266
0.490404
0.645167
0.402712
0.078713
0.160113
0.200724
0.115036
0.542624
0.553122
0.228806
0.235744
0.235413
0.233190
0.320340
0.406458
0.343679
0.129026
0.019735
0.517807
0.060742
0.366574
0.180250
0.246883
0.386445
0.253905
0.314824
0.374668
0.275372
0.301618
0.107696
0.348612
0.270334
0.343671
0.167627
0.244686
0.163962
0.200816
0.488661
0.519099
0.054653
0.300879
0.414130
0.704024
0.409179
0.408084
0.233687
0.159821
0.130498
0.742513
0.092741
0.354828
0.079673
0.441481
0.175501
0.310557
0.222626
0.473853
0.047536
0.419266
0.289341
0.543737
0.060874
0.158346
0.158800
0.121123
0.266306
0.065256
0.744578
0.540317
0.149509
0.228419
0.268024
0.395873
0.394619
0.514290
0.162040
0.112980
0.159901
0.329102
0.160660
0.559502
0.061700
0.279561
0.103721
0.117320
0.651692
0.417332
0.127811
0.316839
0.091015
0.159221
0.394671
0.531439
0.416005
0.309963
0.385857
0.210706
0.173058
0.184223
0.218174
0.119954
0.138294
0.261506
0.516653
0.228615
0.072235
0.187434
0.498426
0.266660
0.120484
0.103362
0.092123
0.236047
0.105653
0.109031
0.167241
0.321286
0.091381
0.331889
0.146198
0.086225
0.156226
0.177264
0.110314
0.229348
0.074945
0.325909
0.190266
0.215473
0.054678
0.152160
0.171483
0.370929
0.303008
0.170465
0.076650
0.149389
0.238203
0.341079
0.245877
0.126813
0.236574
0.218523
0.295242
0.294336
0.199317
0.254209
0.171136
0.325561
0.105692
0.667934
0.147237
0.655693
0.078674
0.236987
0.165881
0.371594
0.303908
0.067472
0.080048
0.238722
0.124783
0.128630
0.402689
0.257921
0.311422
0.187874
0.319346
0.422144
0.118552
0.641002
0.122634
0.190044
0.196982
0.471817
0.433227
0.526809
0.297199
0.176232
0.428255
0.500878
0.246430
0.365893
0.143318
0.240618
0.121471
0.284047
0.317063
0.328182
0.340293
0.273664
0.132727
0.395750
0.629705
0.470552
0.159328
0.128534
0.212033
0.057647
0.497899
0.598134
0.196592
0.142585
0.418065
0.230832
0.270303
0.349680
0.255042
0.137118
0.179034
0.475978
0.171622
0.458103
0.157207
0.155808
0.499941
0.374396
0.198052
0.312824
0.358707
0.306263
0.119096
0.320118
0.339398
0.333542
0.240863
0.156332
0.154085
0.228699
0.553371
0.521339
0.046111
0.160465
0.291968
0.881585
0.661639
0.507548
0.244727
0.119733
0.172490
0.661989
0.193423
0.392285
0.116305
0.512745
0.180589
0.419587
0.274528
0.538391
0.090429
0.237469
0.351163
0.570257
0.236499
0.304770
0.281411
0.035604
0.245139
0.112339
0.678572
0.530843
0.173511
0.202776
0.249032
0.514518
0.332175
0.461227
0.142107
0.109985
0.108378
0.291772
0.179595
0.617028
0.076461
0.266553
0.092669
0.053511
0.752808
0.261556
0.181335
0.322386
0.095711
0.126300
0.301856
0.501025
0.424418
0.420407
0.340140
0.136584
0.184695
0.241002
0.194126
0.185188
0.183113
0.254216
0.327316
0.129769
0.053968
0.231832
0.577339
0.411430
0.123289
0.070367
0.144619
0.120354
0.156636
0.145257
0.182383
0.426119
0.119875
0.277337
0.211122
0.017996
0.149697
0.168316
0.125500
0.395245
0.120473
0.344647
0.138041
0.154549
0.202480
0.187986
0.218396
0.339199
0.238230
0.229109
0.158456
0.148149
0.199274
0.297734
0.172793
0.178867
0.186976
0.184643
0.286845
0.201546
0.060639
0.182895
0.097002
0.237821
0.278914
0.627963
0.196502
0.634694
0.138061
0.228970
0.086581
0.244084
0.330124
0.118835
0.128390
0.336737
0.159353
0.043034
0.279422
0.320755
0.404896
0.247881
0.408484
0.375027
0.176403
0.517459
0.152115
0.305805
0.291928
0.524740
0.349769
0.472846
0.208593
0.225175
0.434273
0.525548
0.281489
0.322515
0.183516
0.225411
0.177974
0.331610
0.276638
0.335368
0.233794
0.335038
0.108845
0.464025
0.636167
0.553039
0.117673
0.114389
0.196217
0.169810
0.423975
0.711752
0.182126
0.267067
0.527873
0.294300
0.331611
0.420963
0.130967
0.176656
0.199985
0.516056
0.122665
0.455860
0.214779
0.236097
0.330161
0.476297
0.202732
0.273234
0.396825
0.322362
0.048357
0.364320
0.388403
0.435582
0.182197
0.181844
0.160533
0.218005
0.680707
0.657403
0.022008
0.167746
0.320277
0.796804
0.897196
0.539158
0.193139
0.183978
0.139288
0.682465
0.276678
0.376956
0.164989
0.424009
0.142683
0.477580
0.341756
0.517878
0.114004
0.182471
0.227404
0.599518
0.344271
0.541072
0.262335
0.178588
0.239281
0.163711
0.602361
0.526288
0.078827
0.241579
0.197770
0.398822
0.365201
0.441088
0.133109
0.211931
0.068751
0.249832
0.189071
0.521444
0.140970
0.164325
0.026625
0.148769
0.727536
0.198529
0.210603
0.172150
0.020802
0.107110
0.325911
0.334459
0.424945
0.425661
0.297915
0.212041
0.147995
0.214751
0.125350
0.143621
0.239098
0.386065
0.134883
0.081683
0.119009
0.202537
0.713913
0.502271
0.172765
0.044594
0.186258
0.031586
0.121707
0.144884
0.173400
0.449276
0.259189
0.235160
0.255164
0.014544
0.173422
0.044338
0.159127
0.459068
0.126350
0.368107
0.221786
0.187334
0.198455
0.357392
0.146481
0.227846
0.173527
0.361994
0.352250
0.146403
0.255315
0.312026
0.267058
0.234987
0.283153
0.247507
0.265048
0.095630
0.068878
0.104054
0.089865
0.184567
0.358211
0.551942
0.084187
0.578641
0.195215
0.223215
0.023091
0.222385
0.425154
0.206086
0.133687
0.236616
0.191622
0.199545
0.443189
0.416094
0.305617
0.332131
0.506602
0.387919
0.202232
0.482112
0.253840
0.295080
0.370300
0.653838
0.201240
0.430994
0.104482
0.196493
0.348398
0.569959
0.303991
0.210635
0.232050
0.177546
0.208615
0.242909
0.426001
0.227957
0.171350
0.321386
0.144487
0.646817
0.643116
0.645506
0.185771
0.126173
0.104675
0.310982
0.557421
0.761789
0.258318
0.360368
0.555553
0.204485
0.441829
0.356746
0.084987
0.274127
0.196165
0.530588
0.210922
0.538405
0.299469
0.218757
0.119830
0.449786
0.058868
0.236132
0.398664
0.385807
0.030750
0.444927
0.368307
0.460089
0.108819
0.150305
0.308184
0.223367
0.742737
0.727913
0.075938
0.036898
0.388511
0.694373
0.827899
0.468931
0.130244
0.162366
0.162881
0.735749
0.159466
0.223981
0.171191
0.324719
0.168111
0.455403
0.490642
0.490328
0.104047
0.112920
0.110830
0.630422
0.289892
0.706242
0.089559
0.118062
0.187745
0.160117
0.630617
0.453311
0.074904
0.240923
0.189269
0.344169
0.431713
0.394115
0.048304
0.214782
0.070556
0.272082
0.238451
0.408630
0.149772
0.134338
0.132554
0.247971
0.651631
0.198595
0.149348
0.049649
0.100384
0.090327
0.234229
0.265008
0.411559
0.270775
0.335026
0.295479
0.164664
0.134048
0.094926
0.034598
0.345532
0.359165
0.214895
0.163448
0.233772
0.160445
0.772730
0.545503
0.114506
0.162849
0.148720
0.097483
0.088252
0.113404
0.233005
0.341045
0.185890
0.196736
0.205312
0.009583
0.225913
0.053457
0.149066
0.436574
0.124128
0.472608
0.196464
0.258265
0.158334
0.529538
0.054332
0.244669
0.207775
0.570457
0.467388
0.086663
0.200400
0.340985
0.338067
0.361287
0.314956
0.268424
0.182720
0.165407
0.116628
0.036643
0.246889
0.232709
0.380140
0.466481
0.013839
0.448561
0.120309
0.141789
0.091216
0.348381
0.510596
0.293039
0.198411
0.126690
0.052341
0.322627
0.502825
0.586997
0.178125
0.364425
0.582731
0.503075
0.124337
0.481434
0.308237
0.268927
0.433693
0.589659
0.276567
0.363075
0.053654
0.142449
0.168788
0.549750
0.203768
0.189376
0.247616
0.197404
0.155262
0.119687
0.452704
0.211737
0.220664
0.238538
0.155561
0.809998
0.509666
0.583106
0.141910
0.090790
0.216330
0.266947
0.619170
0.581113
0.366222
0.160634
0.548538
0.106936
0.450646
0.244178
0.106836
0.362140
0.269038
0.483456
0.342390
0.623672
0.443373
0.256865
0.126163
0.419504
0.131581
0.144476
0.347645
0.371961
0.144989
0.504153
0.359013
0.355831
0.170960
0.052867
0.375796
0.234562
0.659121
0.565225
0.181098
0.146366
0.342162
0.629788
0.647729
0.423414
0.108311
0.181095
0.198954
0.502001
0.133577
0.246188
0.164420
0.325610
0.248481
0.434677
0.532092
0.473848
0.070492
0.109572
0.131999
0.630280
0.218707
0.768411
0.125972
0.110888
0.101251
0.182074
0.519364
0.457180
0.146403
0.131168
0.240836
0.383538
0.425256
0.359828
0.016791
0.080729
0.075717
0.311395
0.201664
0.385452
0.207005
0.055427
0.244736
0.337235
0.574593
0.357635
0.112836
0.161978
0.062540
0.209674
0.202056
0.284817
0.436540
0.119812
0.304415
0.348783
0.198918
0.128935
0.185417
0.095420
0.378626
0.229572
0.296596
0.158342
0.379603
0.174848
0.685111
0.426794
0.188917
0.270396
0.089294
0.178870
0.102577
0.124254
0.272224
0.206641
0.098407
0.179676
0.354079
0.039130
0.173817
0.118452
0.074367
0.360309
0.101721
0.595917
0.082733
0.226267
0.200439
0.492820
0.033711
0.312306
0.209110
0.546971
0.471148
0.049275
0.117799
0.299264
0.258842
0.592611
0.235941
0.215047
0.147398
0.181733
0.211523
0.115891
0.395081
0.333056
0.474970
0.585913
0.108196
0.367590
0.135916
0.040071
0.105066
0.492002
0.457264
0.364640
0.232055
0.178852
0.134084
0.381824
0.505149
0.565296
0.133416
0.312236
0.576372
0.637750
0.139462
0.443325
0.374864
0.263994
0.383653
0.434320
0.422909
0.310285
0.062410
0.087801
0.215563
0.496860
0.074958
0.186302
0.128777
0.188247
0.169068
0.095380
0.388682
0.176142
0.189377
0.132786
0.193514
0.867949
0.330615
0.471302
0.114178
0.129739
0.129673
0.265032
0.570275
0.456135
0.349224
0.127560
0.474481
0.149867
0.442483
0.402695
0.153350
0.499215
0.374512
0.426964
0.368065
0.620824
0.545415
0.451638
0.255275
0.445779
0.268621
0.117812
0.309940
0.311808
0.293427
0.527141
0.213982
0.330711
0.188061
0.059219
0.314541
0.308436
0.497263
0.425250
0.216513
0.186643
0.201514
0.549380
0.504978
0.455614
0.041832
0.158740
0.107627
0.290015
0.163944
0.307688
0.140214
0.319065
0.304126
0.435085
0.543549
0.456926
0.123614
0.155518
0.258357
0.487210
0.129998
0.742713
0.230496
0.257875
0.251897
0.120489
0.372141
0.379398
0.145895
0.039132
0.159656
0.314379
0.321189
0.430024
0.041103
0.102819
0.088412
0.322667
0.100379
0.433321
0.283681
0.134375
0.313715
0.422386
0.550629
0.465467
0.117440
0.120365
0.098204
0.180768
0.207885
0.242154
0.468976
0.103517
0.208001
0.353256
0.177545
0.187928
0.154672
0.112347
0.232023
0.256739
0.242231
0.062800
0.414154
0.258534
0.562422
0.248749
0.179698
0.233849
0.058493
0.195246
0.221332
0.154280
0.297874
0.190333
0.104898
0.278085
0.507154
0.081655
0.086092
0.150456
0.052882
0.256832
0.058099
0.608224
0.033768
0.104542
0.285096
0.305897
0.115904
0.313154
0.224675
0.384976
0.421542
0.061087
0.126002
0.237158
0.162482
0.640312
0.165477
0.150435
0.238185
0.260463
0.135267
0.169151
0.462447
0.372539
0.555290
0.452630
0.133946
0.338330
0.122791
0.224568
0.129790
0.520000
0.385188
0.323561
0.185207
0.275901
0.219714
0.446054
0.469189
0.551281
0.150506
0.284475
0.500070
0.683644
0.106899
0.346996
0.456726
0.381147
0.301434
0.342059
0.370193
0.359502
0.127254
0.073584
0.242773
0.543190
0.032674
0.328358
0.108374
0.224107
0.166673
0.099799
0.407422
0.260794
0.218699
0.059680
0.281912
0.717244
0.236757
0.501368
0.126592
0.152957
0.004274
0.219983
0.468359
0.361957
0.327704
0.092672
0.437609
0.208733
0.468954
0.557244
0.255571
0.596339
0.302091
0.342095
0.114579
0.535947
0.492090
0.613769
0.308901
0.469728
0.374914
0.224685
0.314041
0.215424
0.424181
0.505717
0.130172
0.371931
0.123417
0.166438
0.176823
0.327279
0.466012
0.456969
0.105255
0.085725
0.109867
0.382197
0.497574
0.531794
0.098162
0.103392
0.113028
0.309493
0.167742
0.289328
0.200529
0.170005
0.303392
0.526178
0.557514
0.448652
0.216507
0.188534
0.320927
0.456100
0.150215
0.780479
0.321332
0.268958
0.380806
0.069495
0.299936
0.317214
0.102457
0.078146
0.324785
0.223998
0.179607
0.482593
0.123298
0.114963
0.054450
0.416243
0.159243
0.413490
0.374491
0.300658
0.410239
0.367969
0.581423
0.511658
0.134864
0.110776
0.101596
0.164879
0.275174
0.203744
0.468449
0.200246
0.108884
0.361187
0.122352
0.186413
0.139713
0.088241
0.140885
0.236615
0.081682
0.037592
0.478631
0.291069
0.444479
0.127991
0.094769
0.171949
0.027899
0.271974
0.241333
0.192192
0.199704
0.234550
0.126912
0.233633
0.499355
0.060001
0.082932
0.132094
0.094415
0.185129
0.043327
0.542557
0.080997
0.099812
0.298448
0.155949
0.090757
0.241882
0.249709
0.325234
0.372898
0.135631
0.190875
0.148400
0.213298
0.451567
0.204639
0.103363
0.274350
0.329417
0.137342
0.172794
0.440911
0.283873
0.491866
0.298147
0.151322
0.369223
0.191946
0.344197
0.271501
0.478163
0.404070
0.344950
0.123665
0.126293
0.268537
0.590943
0.443961
0.668968
0.152655
0.203532
0.385613
0.622472
0.118748
0.305939
0.491571
0.405416
0.280127
0.352922
0.173225
0.453048
0.117447
0.035850
0.299495
0.563954
0.121282
0.419325
0.107990
0.250147
0.117946
0.057174
0.535005
0.289155
0.306751
0.082857
0.328730
0.526494
0.155047
0.624144
0.257989
0.140015
0.078963
0.250669
0.356356
0.381812
0.292188
0.060272
0.393112
0.106471
0.538522
0.517435
0.245069
0.586929
0.168103
0.313260
0.095598
0.514152
0.474997
0.648472
0.318628
0.482353
0.426866
0.461792
0.334128
0.170901
0.479508
0.487952
0.081103
0.408213
0.107857
0.216583
0.110632
0.350010
0.469603
0.521826
0.080412
0.039468
0.042945
0.322951
0.496623
0.565028
0.029675
0.052425
0.087070
0.404263
0.301315
0.421878
0.249776
0.158480
0.300069
0.493031
0.569491
0.562591
0.152539
0.135814
0.304873
0.480898
0.199824
0.755511
0.438950
0.328878
0.400615
0.043457
0.304084
0.269706
0.248749
0.112622
0.485083
0.301221
0.146292
0.469083
0.187271
0.183518
0.075437
0.544479
0.126928
0.443598
0.357559
0.463903
0.467031
0.284788
0.531030
0.562702
0.291999
0.205517
0.139791
0.231746
0.259953
0.282041
0.466852
0.218637
0.208360
0.402718
0.169486
0.204464
0.090613
0.058465
0.177547
0.232419
0.052408
0.104668
0.579875
0.240452
0.245855
0.196192
0.062487
0.221590
0.164700
0.236688
0.227672
0.196868
0.201574
0.258491
0.180177
0.091954
0.408495
0.180487
0.111594
0.252228
0.021866
0.129295
0.085323
0.464198
0.149995
0.190522
0.188518
0.140856
0.054964
0.147958
0.311846
0.354053
0.290205
0.245989
0.238295
0.089717
0.262573
0.270118
0.244405
0.062315
0.318161
0.266906
0.189977
0.192530
0.534168
0.253986
0.323955
0.373291
0.154808
0.412378
0.231390
0.370462
0.381427
0.432880
0.497438
0.429969
0.135074
0.230157
0.203709
0.648337
0.414519
0.693708
0.076295
0.013503
0.317194
0.494468
0.058593
0.313015
0.439320
0.343752
0.368287
0.425296
0.138424
0.498761
0.080947
0.142543
0.228065
0.467330
0.228102
0.463378
0.122234
0.170072
0.102858
0.084624
0.557763
0.273553
0.363673
0.208746
0.290899
0.402115
0.106015
0.649331
0.217445
0.131779
0.115608
0.431604
0.333419
0.362039
0.204200
0.023720
0.288489
0.328617
0.527357
0.394164
0.306295
0.526641
0.037079
0.281918
0.100803
0.500658
0.473238
0.572466
0.205289
0.476852
0.453994
0.593049
0.339722
0.159031
0.456100
0.516144
0.096121
0.356655
0.048947
0.195767
0.152957
0.317243
0.415689
0.395973
0.134733
0.078715
0.158995
0.190152
0.474441
0.535436
0.071795
0.096157
0.065011
0.352389
0.218497
0.593291
0.285740
0.200797
0.280178
0.536746
0.483427
0.561307
0.047956
0.080138
0.224999
0.559149
0.230897
0.619146
0.448131
0.407509
0.280910
0.016956
0.559083
0.323558
0.392576
0.129212
0.518117
0.495415
0.167665
0.474033
0.159902
0.237657
0.106109
0.655041
0.139687
0.507619
0.330943
0.442756
0.396232
0.296643
0.401361
0.656186
0.337248
0.342982
0.226900
0.279779
0.289794
0.306295
0.410894
0.191853
0.101608
0.413301
0.280201
0.271344
0.104272
0.122657
0.191782
0.339720
0.070858
0.070149
0.612383
0.253101
0.066626
0.269752
0.193456
0.362899
0.206570
0.213974
0.234978
0.055358
0.183097
0.218932
0.253806
0.247438
0.304834
0.260109
0.089579
0.238092
0.123302
0.163189
0.200888
0.420062
0.170099
0.140165
0.122649
0.187382
0.155829
0.084554
0.404195
0.262096
0.169533
0.312564
0.271775
0.047026
0.185945
0.254961
0.302944
0.113975
0.422879
0.266236
0.239783
0.365485
0.614141
0.322649
0.230075
0.407299
0.186192
0.391232
0.236169
0.406222
0.390372
0.336652
0.477579
0.433234
0.225961
0.269484
0.084107
0.651488
0.523437
0.605849
0.104345
0.179952
0.281022
0.360632
0.055265
0.338093
0.290693
0.277832
0.357598
0.464691
0.226203
0.496749
0.200211
0.186621
0.189814
0.361527
0.284953
0.420363
0.082193
0.181336
0.132533
0.115382
0.545757
0.218033
0.332632
0.419154
0.193716
0.345200
0.128008
0.523529
0.281314
0.168461
0.182264
0.575887
0.278519
0.499052
0.165293
0.041730
0.237601
0.360261
0.524875
0.412764
0.417031
0.466184
0.064956
0.380712
0.089301
0.488151
0.510215
0.577181
0.180229
0.560628
0.567686
0.563822
0.242174
0.074681
0.426389
0.591838
0.215350
0.379937
0.125978
0.202510
0.192836
0.274157
0.371875
0.375618
0.063926
0.065107
0.118849
0.088867
0.299012
0.464028
0.130115
0.128346
0.167410
0.290935
0.022987
0.614735
0.480199
0.103357
0.270546
0.715341
0.318888
0.550135
0.072417
0.109324
0.156169
0.483527
0.230314
0.516405
0.465334
0.407745
0.281333
0.133344
0.652650
0.364878
0.323176
0.095360
0.445101
0.381017
0.059409
0.444011
0.133442
0.322867
0.103469
0.549523
0.103912
0.585487
0.393798
0.356629
0.352359
0.351842
0.218710
0.673104
0.282822
0.430817
0.279156
0.321647
0.316072
0.213054
0.354281
0.183241
0.067226
0.425471
0.343469
0.246156
0.097912
0.195023
0.232946
0.331671
0.167010
0.080304
0.487991
0.172832
0.118079
0.231222
0.271728
0.388880
0.114406
0.153488
0.271835
0.059915
0.056608
0.113678
0.274778
0.337592
0.277545
0.294857
0.044944
0.250228
0.127375
0.284416
0.197459
0.385787
0.091755
0.057748
0.160768
0.147877
0.148894
0.095270
0.454869
0.102062
0.070271
0.231580
0.359403
0.108934
0.076547
0.282141
0.231313
0.215633
0.513397
0.387607
0.239652
0.449801
0.589035
0.323922
0.345306
0.404791
0.198803
0.372172
0.136956
0.360273
0.356905
0.247555
0.434082
0.333962
0.222163
0.279334
0.135277
0.587831
0.599892
0.514613
0.228187
0.279805
0.157492
0.355984
0.125695
0.459010
0.160855
0.198053
0.229008
0.486819
0.292839
0.470466
0.250968
0.223909
0.108864
0.361843
0.226378
0.453666
0.135377
0.149449
0.183853
0.085271
0.567837
0.265288
0.269796
0.530394
0.123313
0.299842
0.076996
0.406182
0.300845
0.058155
0.173586
0.621162
0.150534
0.554773
0.150737
0.094236
0.267715
0.319352
0.537301
0.512468
0.361454
0.392953
0.082425
0.449560
0.107629
0.489958
0.627029
0.684838
0.166569
0.713054
0.724732
0.558434
0.184323
0.108155
0.425138
0.576682
0.348128
0.397111
0.267459
0.100866
0.127136
0.176137
0.356688
0.459584
0.168483
0.075815
0.044927
0.075636
0.265170
0.393485
0.034166
0.178704
0.172324
0.357048
0.126100
0.523710
0.465308
0.088799
0.152858
0.815210
0.237249
0.540124
0.090070
0.210221
0.210118
0.402799
0.179141
0.568991
0.461278
0.339053
0.372452
0.235918
0.605473
0.453469
0.129112
0.181251
0.332005
0.272579
0.160658
0.430360
0.194001
0.271404
0.175072
0.575144
0.056605
0.696385
0.566543
0.273000
0.513113
0.335580
0.168210
0.753051
0.219968
0.478098
0.332096
0.322266
0.309220
0.222258
0.322799
0.230615
0.058380
0.480164
0.300729
0.335585
0.095538
0.261419
0.420797
0.307244
0.241726
0.086495
0.318166
0.082740
0.135542
0.174314
0.340795
0.266762
0.100161
0.013181
0.318144
0.097652
0.134681
0.199563
0.307287
0.469949
0.210352
0.339036
0.154891
0.113551
0.216767
0.313536
0.133773
0.257283
0.129801
0.159609
0.205250
0.092095
0.148100
0.151480
0.453480
0.054223
0.178033
0.139060
0.350783
0.202996
0.115844
0.214948
0.115172
0.270983
0.620150
0.520656
0.156107
0.432942
0.472703
0.269557
0.456382
0.372079
0.209803
0.284339
0.275158
0.263072
0.279107
0.213160
0.418751
0.366143
0.202844
0.398632
0.276849
0.590369
0.526549
0.564054
0.218551
0.284833
0.050578
0.355310
0.131822
0.500855
0.244813
0.252424
0.086323
0.410582
0.305448
0.433736
0.267703
0.264778
0.109840
0.283522
0.265907
0.500356
0.178969
0.140382
0.211782
0.048822
0.666533
0.388131
0.361365
0.613327
0.163850
0.218306
0.082438
0.365630
0.225486
0.151246
0.122768
0.622955
0.140425
0.555161
0.170115
0.296680
0.288568
0.337186
0.490609
0.413583
0.297910
0.260699
0.122438
0.413556
0.082240
0.548085
0.679706
0.700915
0.133804
0.751150
0.797349
0.478485
0.137148
0.202738
0.355127
0.552790
0.311990
0.436723
0.207045
0.164217
0.099742
0.094289
0.417378
0.547024
0.095791
0.175313
0.134713
0.280083
0.282632
0.372346
0.220207
0.238461
0.134993
0.336448
0.160464
0.444468
0.377394
0.136338
0.117636
0.830128
0.202182
0.597470
0.071510
0.243879
0.210952
0.334840
0.116639
0.657364
0.481735
0.299132
0.458980
0.229476
0.467208
0.569559
0.109717
0.114142
0.196096
0.445649
0.260327
0.386101
0.292857
0.209578
0.132840
0.631372
0.106428
0.802818
0.576415
0.240772
0.628730
0.324006
0.216047
0.783061
0.191807
0.480548
0.329436
0.310174
0.287929
0.309478
0.266421
0.316093
0.135428
0.442029
0.197929
0.463959
0.103425
0.266539
0.552580
0.355319
0.265182
0.233952
0.188435
0.108112
0.163710
0.067212
0.414416
0.145971
0.187830
0.060495
0.290042
0.087449
0.142099
0.305876
0.333120
0.477304
0.205402
0.361888
0.179488
0.036209
0.297236
0.304955
0.110958
0.154083
0.162821
0.128499
0.087384
0.091683
0.045413
0.318357
0.410874
0.109065
0.292638
0.119025
0.393094
0.273102
0.139241
0.118169
0.024670
0.285756
0.653465
0.499558
0.127262
0.251484
0.377832
0.236560
0.449235
0.448561
0.183225
0.216090
0.311652
0.170287
0.250240
0.180830
0.430861
0.393110
0.301918
0.275163
0.199474
0.509765
0.449806
0.499297
0.273467
0.165797
0.044261
0.341317
0.111887
0.443097
0.362071
0.379425
0.084100
0.377913
0.348437
0.394676
0.274719
0.230219
0.206428
0.218128
0.277702
0.713513
0.145569
0.052782
0.266787
0.076545
0.636721
0.526124
0.604642
0.649227
0.267139
0.225980
0.143215
0.372746
0.206346
0.236687
0.089296
0.649911
0.301183
0.568743
0.116776
0.419953
0.309485
0.291371
0.421730
0.372337
0.311662
0.111196
0.137412
0.432912
0.259630
0.533515
0.609249
0.575355
0.099485
0.614315
0.793505
0.556044
0.111837
0.179817
0.304715
0.630507
0.241953
0.460790
0.124863
0.133032
0.153627
0.162078
0.456067
0.448380
0.205018
0.281230
0.245092
0.401231
0.130847
0.483630
0.249541
0.225149
0.215852
0.230068
0.158641
0.465520
0.340072
0.248768
0.121372
0.808045
0.132109
0.586786
0.059152
0.199236
0.138351
0.219120
0.049195
0.721726
0.551511
0.325756
0.396417
0.200751
0.371900
0.641314
0.159933
0.086603
0.114172
0.496527
0.146418
0.388533
0.198101
0.240876
0.062343
0.633060
0.223652
0.822401
0.505374
0.276494
0.623984
0.401052
0.226258
0.752452
0.130847
0.493869
0.331058
0.256044
0.309166
0.414794
0.206744
0.375323
0.108114
0.396018
0.256635
0.607904
0.242214
0.093160
0.548103
0.383985
0.232776
0.279619
0.133713
0.042699
0.207290
0.035219
0.431291
0.173370
0.281821
0.199921
0.227395
0.130708
0.220647
0.273688
0.292833
0.349639
0.299312
0.320568
0.137421
0.169344
0.270393
0.268621
0.195071
0.166395
0.135488
0.142724
0.099676
0.208551
0.126177
0.426185
0.353142
0.154133
0.330851
0.065841
0.262360
0.232880
0.146570
0.126125
0.113932
0.258854
0.694729
0.394283
0.124023
0.083614
0.263014
0.201819
0.431212
0.429617
0.226990
0.178784
0.232598
0.005128
0.151897
0.080461
0.343429
0.463734
0.304898
0.227344
0.095697
0.332958
0.368014
0.353019
0.363280
0.135833
0.221036
0.272695
0.155097
0.415434
0.402474
0.520646
0.337232
0.376754
0.380194
0.332702
0.329670
0.277628
0.222890
0.280669
0.222994
0.871091
0.116757
0.091467
0.294290
0.106467
0.551317
0.664939
0.692872
0.616684
0.321152
0.215378
0.029648
0.421807
0.198244
0.267867
0.169842
0.684656
0.403183
0.585096
0.109967
0.388765
0.349208
0.262244
0.430952
0.429158
0.256565
0.143832
0.076159
0.412113
0.250075
0.501890
0.585792
0.462043
0.100276
0.474808
0.777520
0.568611
0.154122
0.081472
0.284721
0.671820
0.371110
0.569300
0.123517
0.273953
0.241078
0.139639
0.442437
0.469352
0.150164
0.287937
0.277215
0.540687
0.068986
0.476564
0.253675
0.245800
0.281837
0.344778
0.245413
0.511375
0.430960
0.384484
0.127347
0.790330
0.127661
0.539500
0.093574
0.258419
0.092039
0.255052
0.148034
0.743742
0.634209
0.293974
0.366807
0.275146
0.436183
0.663099
0.184834
0.078476
0.180110
0.348346
0.033037
0.404656
0.102623
0.290692
0.103025
0.540354
0.201031
0.770289
0.429568
0.244596
0.504040
0.482080
0.267254
0.719098
0.147339
0.507368
0.298596
0.106447
0.354990
0.469808
0.153369
0.472838
0.075047
0.387576
0.252537
0.662998
0.256809
0.072776
0.533677
0.374605
0.185569
0.312380
0.129754
0.041203
0.226245
0.102803
0.369632
0.143603
0.343632
0.326237
0.186328
0.137881
0.189458
0.193374
0.240544
0.220148
0.385387
0.280026
0.243192
0.208169
0.214992
0.245854
0.324553
0.185720
0.027154
0.198552
0.154255
0.225657
0.160953
0.517918
0.317191
0.212097
0.267579
0.060125
0.234277
0.122618
0.180882
0.208616
0.122628
0.286212
0.613346
0.356356
0.080791
0.098612
0.141787
0.136634
0.382786
0.313868
0.264262
0.208091
0.199350
0.084517
0.120105
0.082006
0.330544
0.557460
0.300057
0.232735
0.036721
0.189892
0.311502
0.440779
0.380705
0.126846
0.296250
0.314145
0.242835
0.518886
0.429750
0.605572
0.326116
0.351011
0.420349
0.244805
0.296286
0.497696
0.053536
0.356130
0.222773
0.874862
0.096330
0.262118
0.340894
0.134506
0.480379
0.714935
0.546425
0.514847
0.279521
0.172039
0.085479
0.491758
0.152737
0.275230
0.131993
0.640599
0.357179
0.512832
0.194764
0.399094
0.313195
0.323445
0.458636
0.381105
0.209590
0.263684
0.140628
0.427897
0.148558
0.422837
0.495664
0.472563
0.054303
0.388629
0.771434
0.616601
0.218283
0.060557
0.247715
0.618455
0.405874
0.627591
0.165360
0.328064
0.182703
0.223476
0.439490
0.476992
0.136497
0.350702
0.084776
0.508760
0.120786
0.461870
0.333072
0.318934
0.372926
0.523816
0.188338
0.503090
0.433468
0.375703
0.099193
0.635735
0.129916
0.508727
0.052104
0.289979
0.221548
0.253054
0.279457
0.735375
0.575745
0.203192
0.340309
0.418343
0.527443
0.580869
0.103813
0.142526
0.182197
0.300337
0.144948
0.510976
0.390957
0.324253
0.261947
0.545719
0.101635
0.697191
0.479112
0.157141
0.434887
0.453581
0.364634
0.759137
0.106327
0.530341
0.284159
0.105733
0.497264
0.521188
0.239505
0.512725
0.182801
0.380504
0.211865
0.776452
0.154004
0.157603
0.514530
0.303457
0.221345
0.347105
0.140998
0.141024
0.247114
0.162668
0.410440
0.103559
0.357751
0.389664
0.168633
0.133256
0.137491
0.105180
0.119546
0.236230
0.339759
0.242874
0.291331
0.181378
0.046293
0.234890
0.386465
0.225302
0.119320
0.279156
0.128849
0.202702
0.199927
0.421560
0.288035
0.276322
0.197273
0.158662
0.283875
0.103327
0.194222
0.366885
0.107081
0.368298
0.495460
0.374722
0.127543
0.251974
0.289270
0.129898
0.324910
0.322229
0.287343
0.253164
0.289897
0.020155
0.222907
0.122633
0.330466
0.671544
0.239721
0.327210
0.094008
0.165786
0.315470
0.630535
0.337201
0.079390
0.296782
0.312211
0.294998
0.611858
0.403394
0.612605
0.156390
0.223457
0.427374
0.172827
0.315836
0.765230
0.124571
0.379369
0.167784
0.848817
0.167085
0.425531
0.322957
0.141316
0.381438
0.696794
0.320924
0.460167
0.254481
0.133086
0.007470
0.489164
0.125035
0.189091
0.192922
0.444581
0.415888
0.400898
0.301074
0.354861
0.266383
0.366112
0.461759
0.194687
0.169128
0.336391
0.080669
0.521142
0.170015
0.337043
0.326602
0.450747
0.093086
0.434650
0.624785
0.687955
0.245491
0.022266
0.256639
0.596540
0.343036
0.497747
0.250092
0.259286
0.184754
0.200724
0.436128
0.401353
0.347353
0.426463
0.153209
0.619692
0.111316
0.533400
0.378293
0.281210
0.373264
0.591931
0.129431
0.401510
0.307574
0.272476
0.052380
0.433190
0.260657
0.474245
0.065704
0.355043
0.257387
0.172376
0.338438
0.646122
0.448684
0.137166
0.327193
0.483431
0.547932
0.532171
0.032566
0.276847
0.114627
0.415265
0.147083
0.535619
0.474541
0.225405
0.297362
0.608239
0.125841
0.580913
0.495618
0.008777
0.409113
0.372194
0.435440
0.756743
0.161854
0.488708
0.310312
0.195590
0.507603
0.571573
0.234803
0.362786
0.169607
0.282301
0.224298
0.835574
0.101280
0.180229
0.410112
0.210828
0.228667
0.267555
0.191343
0.210024
0.293120
0.153604
0.360013
0.121499
0.309093
0.356212
0.191935
0.169562
0.196737
0.074822
0.159075
0.236887
0.188508
0.277512
0.256082
0.109332
0.140091
0.234137
0.339139
0.362707
0.263327
0.261784
0.047554
0.279120
0.283527
0.339514
0.229722
0.243060
0.189517
0.252278
0.294584
0.146091
0.108950
0.349814
0.117271
0.383938
0.472337
0.323457
0.195826
0.317311
0.333698
0.109719
0.271693
0.282417
0.149624
0.318082
0.380514
0.020308
0.282522
0.114677
0.320011
0.811831
0.196164
0.387159
0.208798
0.187929
0.414547
0.676896
0.237278
0.210776
0.314068
0.335241
0.291481
0.510175
0.302244
0.445091
0.181643
0.220022
0.391012
0.244208
0.284251
0.842146
0.240728
0.408047
0.115908
0.855423
0.342116
0.387566
0.326973
0.138817
0.328468
0.661054
0.252330
0.407085
0.219849
0.158925
0.220721
0.439016
0.147530
0.164342
0.153890
0.152418
0.564931
0.301686
0.424454
0.438146
0.254180
0.337257
0.502600
0.321965
0.132498
0.311641
0.062044
0.572191
0.217182
0.319460
0.209868
0.327424
0.076252
0.449402
0.430686
0.620461
0.234272
0.106560
0.293406
0.617769
0.294237
0.436923
0.258921
0.133486
0.208184
0.158877
0.309891
0.380192
0.308871
0.452161
0.242818
0.547610
0.083767
0.638990
0.181852
0.146358
0.306213
0.547248
0.243432
0.326727
0.228584
0.184466
0.155526
0.412657
0.337879
0.436067
0.166285
0.227008
0.225353
0.240353
0.301020
0.606259
0.344220
0.120913
0.264569
0.477229
0.449374
0.526369
0.038918
0.259515
0.080061
0.459888
0.184590
0.459616
0.346049
0.170371
0.164105
0.646565
0.077154
0.382762
0.373623
0.197184
0.331187
0.343711
0.388358
0.627309
0.081971
0.352921
0.188426
0.232395
0.325033
0.503489
0.252037
0.236069
0.216976
0.224683
0.250574
0.785188
0.078920
0.175209
0.248268
0.267700
0.184071
0.314620
0.218126
0.199834
0.344709
0.094507
0.367750
0.092083
0.270984
0.260409
0.276032
0.220129
0.256150
0.137218
0.138809
0.144693
0.070750
0.260333
0.282536
0.223277
0.288044
0.180709
0.275287
0.439811
0.386749
0.210710
0.143626
0.380934
0.324892
0.355979
0.147396
0.081992
0.155642
0.143740
0.202403
0.057872
0.080701
0.302803
0.177452
0.367532
0.410385
0.275006
0.218904
0.292914
0.176255
0.090551
0.239313
0.270883
0.139595
0.436175
0.470065
0.066717
0.246693
0.044364
0.282090
0.847473
0.240322
0.311225
0.171718
0.212802
0.544453
0.629642
0.186374
0.317567
0.229206
0.391479
0.302010
0.382875
0.164171
0.207900
0.157397
0.259079
0.268931
0.286699
0.288890
0.639046
0.325964
0.473693
0.191130
0.715313
0.377374
0.278280
0.372193
0.219335
0.477544
0.645128
0.230830
0.284106
0.052558
0.197907
0.283731
0.492792
0.215571
0.242750
0.037324
0.019032
0.576327
0.214411
0.478675
0.536835
0.132995
0.281870
0.487587
0.408770
0.188628
0.262895
0.147256
0.639997
0.188852
0.368472
0.141335
0.220435
0.121651
0.340951
0.410978
0.502338
0.217103
0.157943
0.259645
0.569516
0.259106
0.425840
0.193239
0.030165
0.197293
0.209564
0.328950
0.357027
0.257510
0.422611
0.173533
0.544758
0.110818
0.575410
0.041081
0.168971
0.230891
0.596548
0.360223
0.294253
0.211683
0.197954
0.385838
0.504290
0.317271
0.429053
0.201941
0.196964
0.204597
0.341012
0.232590
0.659241
0.450974
0.153092
0.297255
0.448102
0.331795
0.411491
0.051993
0.170986
0.123368
0.423436
0.143795
0.417364
0.253760
0.184166
0.159329
0.592402
0.035332
0.288167
0.196090
0.215921
0.182674
0.378641
0.241911
0.579272
0.118826
0.215726
0.207757
0.301646
0.259552
0.549285
0.427463
0.197170
0.090504
0.223668
0.219234
0.714387
0.118905
0.249029
0.148269
0.322305
0.106905
0.335478
0.185922
0.131076
0.346337
0.025650
0.445087
0.101657
0.274574
0.137878
0.259994
0.277971
0.124209
0.194275
0.079725
0.040537
0.179907
0.190968
0.405120
0.202350
0.328196
0.100644
0.292693
0.441282
0.439266
0.155861
0.333908
0.358318
0.201112
0.315327
0.109548
0.085234
0.101957
0.042365
0.143874
0.096355
0.156833
0.244289
0.218750
0.434749
0.337961
0.050683
0.207284
0.256685
0.104509
0.068961
0.202378
0.355603
0.098974
0.378430
0.465066
0.134818
0.315264
0.058075
0.352361
0.791528
0.349912
0.229766
0.161232
0.096505
0.594209
0.661525
0.219750
0.399043
0.195213
0.441549
0.346729
0.451065
0.066172
0.171457
0.162630
0.266410
0.114998
0.306572
0.347451
0.390718
0.321169
0.474226
0.187911
0.474064
0.289805
0.216984
0.297851
0.275864
0.594562
0.679147
0.068532
0.136215
0.070207
0.263710
0.169933
0.544490
0.399838
0.406822
0.021464
0.084318
0.451369
0.147338
0.533730
0.483170
0.070580
0.289090
0.384179
0.490985
0.306843
0.251380
0.158681
0.609537
0.164956
0.312459
0.129985
0.184363
0.140409
0.402529
0.345742
0.346432
0.176609
0.079873
0.099364
0.403940
0.215820
0.406913
0.051060
0.063067
0.182669
0.219851
0.402598
0.356845
0.296258
0.369385
0.135701
0.596086
0.119179
0.467100
0.138184
0.321887
0.250076
0.664922
0.442681
0.337334
0.181642
0.170103
0.354639
0.555857
0.327188
0.503503
0.261426
0.225419
0.170181
0.483130
0.258413
0.694526
0.549049
0.235587
0.332257
0.391005
0.231156
0.512795
0.019020
0.114517
0.063219
0.516268
0.132280
0.474106
0.264654
0.172467
0.341841
0.583794
0.102485
0.307741
0.090072
0.179811
0.127838
0.364206
0.363976
0.558773
0.151245
0.238050
0.260680
0.275171
0.308374
0.681435
0.470087
0.130682
0.067759
0.295563
0.254466
0.735107
0.236607
0.329473
0.230946
0.244492
0.172593
0.204359
0.102947
0.023456
0.219717
0.067897
0.484464
0.102971
0.313382
0.125544
0.289469
0.375506
0.053699
0.124274
0.135833
0.067197
0.186218
0.068762
0.394635
0.177879
0.305687
0.084673
0.314924
0.342670
0.421712
0.169642
0.391380
0.257703
0.051071
0.187484
0.084384
0.162312
0.118932
0.079301
0.150404
0.171224
0.184972
0.147216
0.163107
0.491433
0.304463
0.137016
0.160460
0.184591
0.170621
0.110831
0.164987
0.376208
0.074853
0.287735
0.372150
0.151902
0.154650
0.039670
0.344543
0.723590
0.314654
0.255950
0.198696
0.080406
0.559891
0.649481
0.305344
0.429596
0.229108
0.477809
0.384708
0.508698
0.091148
0.118213
0.274997
0.364457
0.025057
0.279528
0.425496
0.331042
0.211630
0.339263
0.290974
0.312589
0.221881
0.208734
0.136089
0.320873
0.601010
0.629301
0.131031
0.129687
0.031866
0.341904
0.186884
0.501836
0.569492
0.379719
0.038820
0.130562
0.436980
0.390250
0.336206
0.302968
0.115637
0.252119
0.421467
0.547950
0.361606
0.147892
0.146757
0.510465
0.158978
0.206751
0.090307
0.157716
0.137668
0.539901
0.179532
0.343791
0.178950
0.033436
0.106975
0.312650
0.290918
0.420519
0.043072
0.058215
0.209556
0.123788
0.460663
0.276206
0.422083
0.285369
0.249284
0.610063
0.175762
0.381815
0.306242
0.402112
0.389396
0.702103
0.487635
0.333851
0.133671
0.160876
0.249901
0.460080
0.410800
0.558224
0.198276
0.134877
0.163217
0.524087
0.286144
0.628467
0.509528
0.212397
0.324576
0.335836
0.266633
0.627417
0.061770
0.107933
0.103004
0.543097
0.111682
0.496804
0.374102
0.053086
0.441976
0.487441
0.120987
0.217690
0.023487
0.173000
0.154713
0.343174
0.437593
0.406799
0.133756
0.192734
0.203325
0.239536
0.298975
0.705593
0.305858
0.100386
0.031346
0.375451
0.187673
0.703751
0.379324
0.317756
0.198123
0.158018
0.179116
0.176434
0.175172
0.046578
0.148853
0.140927
0.356074
0.130891
0.308791
0.154353
0.354421
0.358905
0.112320
0.107150
0.251269
0.205861
0.167742
0.068657
0.233566
0.234807
0.336149
0.099049
0.323844
0.137400
0.346728
0.145605
0.296089
0.197017
0.036479
0.144093
0.114784
0.134264
0.142601
0.062967
0.142398
0.187721
0.069111
0.137822
0.034397
0.379738
0.183357
0.134782
0.066047
0.166789
0.168360
0.205314
0.114478
0.385792
0.252387
0.373387
0.258434
0.189420
0.134345
0.034878
0.284343
0.608738
0.245385
0.374980
0.207100
0.152410
0.483635
0.589425
0.306809
0.420587
0.228659
0.464753
0.405782
0.580441
0.199045
0.062210
0.237239
0.337927
0.084283
0.335893
0.462121
0.282647
0.170419
0.331931
0.364628
0.352674
0.271319
0.193411
0.100229
0.351075
0.514257
0.507033
0.196679
0.142971
0.091402
0.435747
0.113293
0.454772
0.625804
0.236967
0.164729
0.168896
0.480542
0.663907
0.228472
0.227411
0.097595
0.198979
0.497140
0.562578
0.279824
0.188515
0.167240
0.438819
0.131057
0.249940
0.135472
0.059134
0.133080
0.524023
0.076550
0.343373
0.289880
0.059718
0.272122
0.246210
0.351699
0.505424
0.009017
0.244618
0.186939
0.158000
0.438462
0.160055
0.426118
0.311767
0.293871
0.439385
0.111575
0.357700
0.370992
0.297388
0.450246
0.685695
0.486645
0.408020
0.166271
0.212624
0.146644
0.347798
0.385954
0.562100
0.138200
0.078589
0.142903
0.581136
0.317680
0.543235
0.415565
0.147470
0.298879
0.334775
0.276282
0.609932
0.074133
0.145266
0.228421
0.333651
0.068551
0.470202
0.406873
0.037679
0.374559
0.440852
0.163484
0.343154
0.108987
0.194854
0.151813
0.256666
0.385948
0.445656
0.217395
0.173415
0.090034
0.308597
0.294969
0.593440
0.145852
0.050498
0.006960
0.353094
0.126812
0.446240
0.414731
0.213649
0.202817
0.227316
0.192209
0.157707
0.233612
0.126515
0.054589
0.182361
0.272447
0.194383
0.239934
0.126766
0.372276
0.239188
0.183583
0.115650
0.277597
0.193368
0.123298
0.157264
0.038351
0.285382
0.369946
0.146671
0.387291
0.188009
0.209271
0.250478
0.261748
0.116421
0.117251
0.155158
0.254859
0.118685
0.320255
0.034288
0.124199
0.194641
0.127978
0.129461
0.105013
0.236942
0.136795
0.243300
0.066442
0.128045
0.103010
0.283437
0.062332
0.296735
0.290960
0.538970
0.248698
0.152869
0.201332
0.019029
0.288050
0.360227
0.268758
0.501157
0.175396
0.189786
0.400188
0.513765
0.215350
0.421831
0.210197
0.499947
0.390830
0.601675
0.228682
0.131863
0.137668
0.396575
0.149672
0.386625
0.513713
0.126034
0.224342
0.362960
0.432538
0.343143
0.328743
0.145950
0.127546
0.368480
0.441891
0.429553
0.146149
0.155867
0.065481
0.421480
0.116949
0.496871
0.626409
0.274798
0.239446
0.130831
0.465343
0.785984
0.161354
0.109159
0.071702
0.204596
0.434884
0.574634
0.263715
0.218453
0.256666
0.526669
0.163096
0.440581
0.197803
0.157833
0.076030
0.480210
0.198648
0.265750
0.228518
0.090407
0.198868
0.168151
0.370120
0.466643
0.187297
0.324056
0.106117
0.288504
0.427766
0.216501
0.351212
0.256351
0.314027
0.428498
0.089031
0.312687
0.401829
0.286886
0.394453
0.674934
0.414855
0.467253
0.108002
0.233216
0.218668
0.360900
0.291664
0.614387
0.160133
0.178927
0.226931
0.662934
0.296575
0.468874
0.321888
0.149716
0.242655
0.286938
0.395392
0.423936
0.114324
0.170772
0.276448
0.291717
0.168289
0.417818
0.381500
0.105309
0.251629
0.461779
0.144892
0.343847
0.323103
0.202678
0.076276
0.163580
0.496142
0.498933
0.284295
0.064124
0.114803
0.366531
0.313479
0.633727
0.084686
0.130372
0.082422
0.320841
0.304474
0.208082
0.291695
0.198772
0.173605
0.219007
0.148189
0.142743
0.172785
0.047499
0.154524
0.201448
0.192957
0.166123
0.224108
0.066494
0.359094
0.057719
0.111688
0.077263
0.234026
0.110536
0.094389
0.189949
0.060508
0.182240
0.375496
0.142539
0.354292
0.204022
0.158271
0.287330
0.296921
0.039525
0.160869
0.109340
0.336633
0.207571
0.375747
0.164906
0.086606
0.168959
0.231918
0.153108
0.222011
0.173602
0.100238
0.295065
0.060368
0.300714
0.100258
0.266867
0.169662
0.357729
0.308124
0.636814
0.182786
0.204013
0.235389
0.209823
0.314576
0.220627
0.293425
0.480173
0.165905
0.286421
0.348742
0.559421
0.213353
0.384428
0.172013
0.539648
0.252021
0.582920
0.147533
0.180735
0.140902
0.418041
0.233219
0.484416
0.475808
0.029073
0.235329
0.317027
0.525930
0.280103
0.285030
0.120601
0.088660
0.386501
0.361546
0.334699
0.126888
0.161425
0.265844
0.554923
0.140687
0.547216
0.622767
0.424873
0.320789
0.097799
0.403319
0.794116
0.168902
0.259532
0.156539
0.191167
0.233311
0.502964
0.186641
0.151631
0.273407
0.634557
0.084582
0.484355
0.103568
0.271626
0.060354
0.488566
0.198597
0.217872
0.194602
0.050946
0.173917
0.075672
0.361523
0.377832
0.212728
0.337462
0.198044
0.394189
0.464892
0.212797
0.330451
0.188565
0.368294
0.439618
0.078208
0.380022
0.434861
0.361359
0.282462
0.629919
0.412222
0.495406
0.088797
0.195671
0.223582
0.326604
0.175713
0.642365
0.286649
0.295867
0.292691
0.601834
0.268350
0.343042
0.225780
0.104004
0.133030
0.162300
0.526042
0.417344
0.169370
0.181163
0.290071
0.367597
0.121603
0.440237
0.415585
0.109419
0.217685
0.436159
0.212388
0.325741
0.376083
0.165962
0.070691
0.095057
0.576230
0.477768
0.211454
0.057080
0.159222
0.415553
0.369875
0.649037
0.117240
0.104602
0.086178
0.291832
0.310337
0.349892
0.264580
0.160283
0.203659
0.117303
0.098238
0.120055
0.012217
0.150944
0.354313
0.224075
0.166726
0.055235
0.233050
0.017751
0.274920
0.135645
0.158581
0.045779
0.257614
0.139091
0.177695
0.194403
0.068828
0.103231
0.390262
0.145396
0.206603
0.254497
0.170621
0.263393
0.205292
0.091766
0.154671
0.078278
0.320897
0.282499
0.326245
0.289449
0.067496
0.131728
0.213724
0.287948
0.161666
0.064138
0.228584
0.212610
0.028181
0.348419
0.080697
0.245220
0.275118
0.432665
0.303673
0.664747
0.105881
0.381488
0.223309
0.349378
0.380806
0.250822
0.338409
0.337316
0.208822
0.276235
0.285364
0.473239
0.276768
0.352746
0.041085
0.500854
0.135684
0.557750
0.108141
0.192323
0.140332
0.432453
0.268842
0.670103
0.344523
0.059432
0.206436
0.353239
0.607584
0.271743
0.140642
0.052902
0.043916
0.432787
0.376668
0.251250
0.117062
0.061682
0.346893
0.696054
0.104358
0.575632
0.499288
0.439298
0.389837
0.136025
0.495116
0.859148
0.259936
0.391096
0.190694
0.040538
0.231290
0.541612
0.080161
0.040891
0.220428
0.585106
0.199981
0.442089
0.052510
0.296088
0.138568
0.533783
0.174082
0.251926
0.169291
0.151170
0.172243
0.137740
0.284754
0.375877
0.152030
0.367456
0.204272
0.454956
0.528222
0.207016
0.295752
0.180976
0.324046
0.482702
0.142489
0.476083
0.450214
0.352459
0.181834
0.571464
0.430349
0.480797
0.053890
0.225568
0.102698
0.290361
0.216470
0.510792
0.297794
0.244302
0.281514
0.524552
0.218666
0.260601
0.133400
0.060220
0.135870
0.053544
0.568353
0.453704
0.151895
0.140086
0.360984
0.341332
0.167523
0.362760
0.499454
0.078961
0.296439
0.307705
0.337237
0.393549
0.349086
0.158948
0.080119
0.027525
0.535388
0.521769
0.104244
0.100624
0.262320
0.411915
0.350502
0.548098
0.117376
0.243539
0.107516
0.294069
0.235205
0.446843
0.237179
0.155116
0.132645
0.084761
0.188183
0.093857
0.137917
0.214928
0.402806
0.192732
0.074407
0.024732
0.140468
0.069316
0.223860
0.172050
0.233566
0.104191
0.320258
0.103032
0.235559
0.198284
0.097254
0.063466
0.389813
0.159701
0.126343
0.191762
0.208668
0.195826
0.184490
0.080439
0.151658
0.085274
0.229352
0.214039
0.383418
0.310423
0.154956
0.162495
0.209576
0.346724
0.224209
0.131786
0.339959
0.151533
0.054050
0.280288
0.139340
0.121471
0.346565
0.442639
0.325989
0.674503
0.129780
0.538310
0.298076
0.340422
0.419778
0.311498
0.254410
0.153875
0.252498
0.188621
0.279783
0.417195
0.333916
0.336169
0.206456
0.461669
0.098549
0.480147
0.045896
0.210610
0.121613
0.415180
0.208423
0.751216
0.192029
0.100551
0.303915
0.475733
0.584670
0.242308
0.085421
0.041298
0.115432
0.344599
0.337921
0.271495
0.142297
0.056523
0.221388
0.767989
0.110535
0.541240
0.346859
0.323333
0.286973
0.195078
0.557451
0.833395
0.190539
0.435007
0.155747
0.101145
0.322418
0.585828
0.119908
0.131349
0.295628
0.463647
0.306142
0.472809
0.141567
0.323601
0.137103
0.423898
0.269607
0.375768
0.182877
0.201805
0.158210
0.332332
0.273790
0.373437
0.146655
0.481171
0.160757
0.371709
0.522744
0.277790
0.144113
0.212599
0.162452
0.456067
0.216768
0.486412
0.474070
0.267590
0.143663
0.616218
0.461276
0.439505
0.035867
0.215961
0.134660
0.250561
0.188729
0.420523
0.251839
0.183831
0.273988
0.483043
0.179148
0.237024
0.214988
0.103965
0.173171
0.045880
0.646110
0.547317
0.222012
0.184147
0.419664
0.289565
0.214332
0.316402
0.512846
0.143796
0.263054
0.248119
0.441990
0.509653
0.384888
0.175392
0.064993
0.108905
0.518861
0.639581
0.171860
0.099947
0.260846
0.350225
0.331456
0.408955
0.058487
0.368497
0.145123
0.331468
0.187258
0.513441
0.104737
0.204456
0.141222
0.090326
0.228211
0.039010
0.241828
0.216689
0.366846
0.081885
0.069163
0.171940
0.054302
0.165738
0.268697
0.179042
0.257754
0.141953
0.171335
0.046616
0.221930
0.133344
0.122967
0.073620
0.363862
0.073226
0.220960
0.164703
0.179743
0.191637
0.138300
0.084272
0.115069
0.142843
0.186274
0.249305
0.528538
0.244715
0.151112
0.188274
0.181265
0.225109
0.333378
0.232212
0.326120
0.128872
0.107237
0.184732
0.209796
0.062720
0.373221
0.345736
0.338884
0.816023
0.185675
0.501942
0.255127
0.291123
0.409164
0.218414
0.196513
0.142638
0.286363
0.174339
0.224524
0.474479
0.424230
0.291019
0.287904
0.471678
0.048246
0.562658
0.040803
0.169358
0.151498
0.407622
0.187359
0.718449
0.153768
0.142853
0.262424
0.389913
0.527052
0.195799
0.159092
0.077964
0.225528
0.194491
0.337967
0.302806
0.060825
0.145761
0.047370
0.666478
0.191379
0.429690
0.232431
0.120200
0.278561
0.261167
0.456563
0.669407
0.104909
0.391951
0.122959
0.062745
0.408676
0.477317
0.139378
0.217745
0.238590
0.438647
0.434029
0.671738
0.265624
0.320199
0.101258
0.307781
0.358112
0.383154
0.228027
0.144576
0.168054
0.311314
0.280316
0.400703
0.271221
0.529737
0.144762
0.195202
0.510608
0.458132
0.041615
0.134597
0.072931
0.339329
0.112982
0.363786
0.509233
0.244830
0.126430
0.542764
0.335637
0.600781
0.061253
0.076507
0.129592
0.279424
0.207253
0.408881
0.255964
0.175534
0.106626
0.412049
0.282483
0.184845
0.249632
0.155544
0.123668
0.066719
0.731221
0.608539
0.252781
0.224944
0.316016
0.368683
0.168240
0.308491
0.491897
0.272776
0.224038
0.256231
0.428233
0.586496
0.386701
0.042463
0.121421
0.217237
0.589339
0.700945
0.198845
0.231475
0.257974
0.247261
0.345475
0.421185
0.207787
0.421183
0.130222
0.403975
0.204920
0.559086
0.150980
0.295362
0.169142
0.160685
0.246588
0.032965
0.182242
0.267677
0.370547
0.119212
0.127361
0.241217
0.113859
0.339234
0.271494
0.230027
0.190251
0.203375
0.178192
0.056749
0.288047
0.049298
0.175051
0.035232
0.244499
0.150294
0.314306
0.206923
0.092918
0.130909
0.044896
0.163861
0.094281
0.194204
0.230573
0.255146
0.576584
0.250493
0.168831
0.242598
0.099321
0.160769
0.344900
0.257948
0.228224
0.197765
0.116426
0.310690
0.274586
0.183708
0.491630
0.432385
0.324607
0.790357
0.255942
0.276200
0.171926
0.229011
0.341304
0.234140
0.283112
0.210624
0.231185
0.186540
0.251235
0.503953
0.486355
0.277366
0.248674
0.644838
0.050983
0.662861
0.136882
0.035121
0.062846
0.464331
0.253513
0.806842
0.136263
0.168948
0.229745
0.325553
0.503001
0.268528
0.225760
0.050689
0.223489
0.191410
0.305926
0.374055
0.026584
0.264330
0.047361
0.696331
0.257952
0.375686
0.188437
0.142336
0.337652
0.144609
0.285464
0.534814
0.119144
0.386103
0.164404
0.067081
0.448299
0.417412
0.187414
0.281404
0.144415
0.463371
0.580648
0.841171
0.184218
0.226462
0.139303
0.336294
0.397905
0.328785
0.232239
0.179052
0.104636
0.248651
0.286574
0.408882
0.324644
0.400450
0.276454
0.306487
0.473127
0.484801
0.133732
0.124457
0.083050
0.316696
0.213395
0.427521
0.485659
0.246608
0.141008
0.317412
0.171230
0.777359
0.044093
0.090001
0.120705
0.281770
0.235830
0.394694
0.348874
0.394904
0.084811
0.299948
0.254527
0.210930
0.378520
0.265201
0.175825
0.171732
0.710010
0.780425
0.257928
0.224630
0.288000
0.434254
0.144814
0.437120
0.317361
0.201716
0.264322
0.239336
0.333680
0.537944
0.294582
0.160905
0.168840
0.187795
0.656079
0.609575
0.243713
0.330759
0.295972
0.158367
0.494904
0.373310
0.342992
0.341444
0.110728
0.406301
0.256327
0.583007
0.259906
0.144239
0.134871
0.214321
0.155405
0.130536
0.021482
0.315948
0.537988
0.127431
0.170405
0.233768
0.246980
0.480418
0.177782
0.174701
0.174924
0.191018
0.137711
0.092169
0.331721
0.069318
0.309383
0.117762
0.148614
0.246689
0.308747
0.210864
0.086272
0.059200
0.081857
0.306066
0.085379
0.188652
0.243150
0.186348
0.464504
0.359351
0.087254
0.245136
0.045653
0.148051
0.294514
0.272563
0.159843
0.121240
0.161265
0.320620
0.264186
0.204816
0.570486
0.471073
0.259003
0.786662
0.222369
0.122107
0.135385
0.219338
0.474467
0.268845
0.309337
0.244305
0.233337
0.285372
0.246730
0.455325
0.489741
0.282811
0.233770
0.766194
0.167072
0.560441
0.167798
0.134078
0.031303
0.407117
0.135021
0.902748
0.169985
0.184939
0.113508
0.185866
0.529335
0.435916
0.279297
0.018872
0.156480
0.178150
0.316280
0.422798
0.052095
0.276369
0.151450
0.740293
0.325936
0.401899
0.180912
0.161413
0.297226
0.190873
0.312111
0.622102
0.269488
0.340075
0.165816
0.046372
0.474594
0.478554
0.262694
0.302357
0.157533
0.363475
0.589905
0.775397
0.171240
0.119762
0.247816
0.341715
0.338534
0.526478
0.213378
0.199254
0.182076
0.320460
0.230701
0.456853
0.283072
0.272334
0.382097
0.420876
0.488995
0.499558
0.230258
0.168885
0.124300
0.377489
0.106258
0.465549
0.329660
0.151042
0.113358
0.167575
0.093263
0.779845
0.136143
0.045393
0.197759
0.299771
0.251239
0.376494
0.320595
0.443087
0.213120
0.304746
0.159016
0.361437
0.446905
0.232348
0.237721
0.267811
0.611933
0.762899
0.335813
0.175500
0.214497
0.329783
0.160610
0.511731
0.213602
0.112089
0.255535
0.127864
0.301968
0.533928
0.229470
0.228867
0.256590
0.136854
0.692180
0.453330
0.359024
0.313937
0.231173
0.132164
0.585484
0.317226
0.326162
0.231778
0.169366
0.341044
0.348062
0.619303
0.241256
0.029486
0.056606
0.248267
0.148390
0.258835
0.060402
0.382590
0.660759
0.110298
0.240274
0.163419
0.358512
0.448560
0.131362
0.122160
0.185484
0.129410
0.120564
0.124248
0.232565
0.090256
0.490557
0.160201
0.163234
0.217176
0.290402
0.234132
0.164940
0.086740
0.170874
0.275626
0.140941
0.253088
0.211310
0.108264
0.274986
0.415574
0.019609
0.186761
0.090169
0.073675
0.212414
0.236429
0.151181
0.056061
0.304245
0.262705
0.178454
0.128680
0.548402
0.417795
0.257928
0.749999
0.247973
0.189402
0.163528
0.182730
0.501231
0.367546
0.254807
0.367913
0.231153
0.313001
0.257052
0.388702
0.411324
0.274530
0.378760
0.753724
0.225485
0.527345
0.126642
0.179529
0.126199
0.260540
0.186940
0.813131
0.185110
0.203402
0.061802
0.131592
0.423433
0.529793
0.279933
0.032005
0.140272
0.067989
0.414730
0.474773
0.068787
0.294895
0.220626
0.591519
0.279120
0.382923
0.090998
0.051303
0.194723
0.212215
0.277181
0.550420
0.350521
0.071938
0.180408
0.158432
0.477416
0.453439
0.290444
0.284297
0.226811
0.284154
0.471722
0.589019
0.222322
0.105393
0.299121
0.432550
0.225021
0.729551
0.138664
0.212503
0.353227
0.418669
0.163224
0.450853
0.227636
0.216463
0.271388
0.374369
0.513079
0.635948
0.254268
0.187636
0.101291
0.379549
0.129472
0.542012
0.136230
0.233182
0.140815
0.222625
0.127008
0.652150
0.309234
0.107018
0.188047
0.227928
0.341987
0.356619
0.302157
0.320718
0.258749
0.387278
0.186108
0.388198
0.462453
0.122266
0.320833
0.340163
0.527551
0.703325
0.421064
0.130695
0.342930
0.306109
0.218834
0.508521
0.164689
0.070053
0.235698
0.245763
0.376356
0.567330
0.214633
0.210023
0.230820
0.108575
0.728804
0.249488
0.386944
0.242136
0.245270
0.008626
0.568336
0.320813
0.258235
0.190381
0.094175
0.309245
0.501569
0.631624
0.157346
0.113089
0.268356
0.306296
0.253703
0.394274
0.127772
0.379810
0.597558
0.181170
0.244810
0.115407
0.412757
0.358331
0.145335
0.071289
0.210037
0.093872
0.215165
0.028344
0.160400
0.144932
0.519006
0.176336
0.009533
0.132008
0.322586
0.254626
0.120437
0.142010
0.205385
0.223268
0.150625
0.252587
0.133188
0.071510
0.138869
0.375782
0.144050
0.119245
0.176196
0.050567
0.216957
0.226916
0.169628
0.147168
0.399302
0.262612
0.137712
0.086322
0.518669
0.396227
0.242578
0.755986
0.370678
0.141706
0.166084
0.194277
0.462500
0.439623
0.195950
0.448537
0.264811
0.317191
0.303736
0.332933
0.325944
0.234151
0.432637
0.678620
0.166569
0.526817
0.120894
0.093709
0.145809
0.230146
0.323816
0.623897
0.211737
0.199010
0.148620
0.143799
0.256104
0.494277
0.293405
0.136417
0.102169
0.028415
0.519979
0.447510
0.158927
0.373737
0.208324
0.445403
0.228369
0.291958
0.115522
0.069343
0.251324
0.184324
0.375317
0.420701
0.301443
0.109219
0.138717
0.219320
0.378844
0.360316
0.272089
0.271238
0.250147
0.319793
0.375778
0.464624
0.213449
0.091746
0.277249
0.441637
0.203130
0.694224
0.139286
0.177474
0.416799
0.413033
0.197625
0.391721
0.149584
0.189037
0.095694
0.245829
0.562872
0.741614
0.185336
0.225089
0.105886
0.473117
0.242994
0.566732
0.026894
0.284768
0.194911
0.227742
0.180153
0.558940
0.292057
0.086814
0.116754
0.224014
0.459853
0.320607
0.252695
0.182382
0.263276
0.415323
0.148885
0.196496
0.380552
0.038100
0.303503
0.365697
0.584166
0.656889
0.388286
0.064601
0.412990
0.522102
0.272588
0.489607
0.072553
0.067113
0.238171
0.395238
0.483306
0.569106
0.181882
0.280370
0.254577
0.073344
0.787354
0.213566
0.360312
0.255897
0.271420
0.144950
0.568750
0.464376
0.210983
0.205901
0.031023
0.316400
0.656433
0.508815
0.095186
0.089351
0.287561
0.421450
0.277139
0.389410
0.159684
0.300060
0.405019
0.204140
0.194473
0.165853
0.416768
0.248247
0.081158
0.035141
0.368047
0.096254
0.266711
0.114404
0.239490
0.159625
0.355592
0.350025
0.148251
0.201151
0.417409
0.326130
0.197229
0.280812
0.152511
0.197975
0.191140
0.204530
0.082762
0.111193
0.093745
0.244938
0.171800
0.152752
0.172944
0.056499
0.294632
0.249231
0.205471
0.199711
0.269871
0.302365
0.170633
0.166267
0.466111
0.472933
0.268686
0.692262
0.386142
0.071189
0.215879
0.041135
0.445276
0.557123
0.188961
0.359866
0.217802
0.382504
0.360273
0.315600
0.256813
0.307088
0.380196
0.606485
0.041630
0.505110
0.061129
0.039668
0.110671
0.416416
0.427241
0.582612
0.213281
0.121152
0.173745
0.327297
0.177222
0.468436
0.312311
0.211961
0.081330
0.051643
0.603861
0.370640
0.125393
0.344563
0.153036
0.504213
0.251006
0.282873
0.177732
0.141010
0.316328
0.239524
0.572525
0.307853
0.329092
0.175795
0.108053
0.266166
0.370858
0.289865
0.249949
0.245964
0.219715
0.324173
0.405190
0.453939
0.222669
0.059397
0.204286
0.527693
0.279702
0.486867
0.131752
0.214659
0.287128
0.467008
0.189475
0.443588
0.136670
0.088676
0.145030
0.277263
0.650313
0.669070
0.178470
0.263450
0.086073
0.552817
0.277785
0.606618
0.127412
0.301546
0.231670
0.190391
0.127339
0.540870
0.227480
0.120927
0.136778
0.244165
0.453311
0.261849
0.162007
0.191222
0.316581
0.345518
0.218360
0.144157
0.260615
0.055024
0.266995
0.262921
0.576029
0.637105
0.284181
0.056189
0.283249
0.520446
0.305909
0.452962
0.124226
0.128835
0.206477
0.348491
0.480737
0.512645
0.086901
0.381372
0.261039
0.130241
0.746403
0.236649
0.398943
0.199197
0.252403
0.201552
0.682295
0.409338
0.167722
0.082971
0.040633
0.342041
0.576485
0.509120
0.102906
0.098331
0.227645
0.509834
0.132836
0.289765
0.156986
0.244455
0.232474
0.231660
0.227613
0.167225
0.416065
0.196676
0.071939
0.059551
0.406484
0.133238
0.252231
0.150408
0.309158
0.246050
0.251359
0.427362
0.215965
0.227197
0.441185
0.208394
0.309669
0.421633
0.070644
0.358112
0.119619
0.223612
0.093679
0.202075
0.091203
0.134065
0.147580
0.169103
0.260865
0.128398
0.289046
0.295039
0.267804
0.170175
0.077784
0.383168
0.123908
0.131280
0.303045
0.402967
0.309264
0.538879
0.274696
0.082939
0.228040
0.240957
0.548877
0.629892
0.215071
0.191023
0.147322
0.567323
0.437498
0.317565
0.300486
0.202042
0.320531
0.515523
0.116898
0.451364
0.041317
0.072359
0.065213
0.490949
0.479277
0.666128
0.191662
0.097735
0.074376
0.441104
0.091750
0.591323
0.257540
0.228777
0.112211
0.022132
0.604524
0.379345
0.141296
0.160818
0.161527
0.439120
0.297374
0.371024
0.110440
0.211074
0.236615
0.165203
0.561159
0.272904
0.255626
0.103655
0.124008
0.226640
0.415082
0.382499
0.278911
0.196696
0.239542
0.313640
0.445421
0.480590
0.263158
0.108289
0.189666
0.588193
0.289956
0.388611
0.037513
0.247487
0.158901
0.602777
0.096503
0.505769
0.161292
0.024921
0.196312
0.246075
0.617260
0.572001
0.171700
0.204088
0.185965
0.417558
0.289918
0.512410
0.203130
0.387825
0.309065
0.232167
0.136429
0.415575
0.234514
0.154700
0.177138
0.215235
0.408680
0.302998
0.143640
0.265318
0.281458
0.397923
0.217493
0.390844
0.237891
0.198616
0.225317
0.200817
0.464442
0.451608
0.165997
0.026548
0.021760
0.378438
0.300693
0.385419
0.191091
0.183404
0.117217
0.329428
0.349764
0.390269
0.098599
0.377350
0.250562
0.259113
0.701669
0.203684
0.384554
0.153622
0.190943
0.225067
0.798424
0.344734
0.172052
0.119071
0.074711
0.498023
0.306639
0.541611
0.078992
0.053234
0.222172
0.461469
0.097814
0.282999
0.192648
0.186994
0.151335
0.219896
0.195718
0.156894
0.455501
0.190556
0.116738
0.133074
0.395251
0.148283
0.200059
0.122521
0.265300
0.348430
0.270431
0.398168
0.276546
0.178129
0.351460
0.216336
0.391261
0.463607
0.051171
0.405030
0.041846
0.215964
0.140992
0.211757
0.115200
0.129124
0.207573
0.156767
0.367370
0.047924
0.161569
0.196599
0.274106
0.093159
0.008358
0.356842
0.049014
0.099033
0.163548
0.350473
0.293812
0.373034
0.204006
0.108597
0.234456
0.348979
0.616334
0.597354
0.205031
0.110153
0.161782
0.608659
0.355115
0.247973
0.258891
0.086525
0.241350
0.483168
0.216242
0.472119
0.040523
0.090130
0.051666
0.469161
0.383527
0.530195
0.234524
0.100952
0.046323
0.476760
0.275785
0.621055
0.205911
0.191798
0.173929
0.008406
0.617734
0.370529
0.132871
0.092388
0.227605
0.278656
0.308695
0.358711
0.087237
0.224675
0.212654
0.032381
0.427030
0.191781
0.093270
0.150684
0.202215
0.206043
0.401977
0.371340
0.396446
0.291939
0.294107
0.379809
0.421563
0.520463
0.323470
0.181134
0.225676
0.478847
0.230730
0.388278
0.109831
0.198846
0.129968
0.606078
0.023801
0.456705
0.196408
0.015940
0.261378
0.169471
0.511560
0.587218
0.128784
0.174452
0.148152
0.400478
0.316494
0.422802
0.228217
0.509632
0.278785
0.340907
0.079813
0.295602
0.225922
0.153178
0.035234
0.266362
0.381844
0.306593
0.112659
0.287258
0.248487
0.495554
0.148555
0.442945
0.318952
0.233023
0.183652
0.155782
0.361531
0.259112
0.147434
0.070825
0.058042
0.351657
0.258079
0.430176
0.230556
0.079808
0.042565
0.393461
0.243220
0.281448
0.136522
0.203733
0.181027
0.353057
0.590425
0.213441
0.325318
0.208223
0.224330
0.342483
0.736924
0.366148
0.164640
0.199672
0.084635
0.588372
0.024259
0.642814
0.184675
0.032613
0.324577
0.262171
0.080200
0.306734
0.113954
0.118618
0.252959
0.196199
0.160886
0.161595
0.403683
0.259066
0.153007
0.135384
0.418715
0.136460
0.116382
0.130151
0.202042
0.345509
0.236733
0.375601
0.327252
0.327036
0.219937
0.258469
0.369300
0.324746
0.051916
0.299811
0.103978
0.259886
0.203297
0.133482
0.182977
0.151293
0.350798
0.244850
0.379435
0.032564
0.081831
0.207507
0.192729
0.113539
0.051282
0.218318
0.051482
0.154844
0.137013
0.364143
0.234528
0.328209
0.249627
0.188865
0.193199
0.167986
0.573073
0.568675
0.256602
0.172531
0.175214
0.420780
0.363403
0.158511
0.243052
0.011878
0.204386
0.365172
0.185496
0.460952
0.069817
0.062099
0.088947
0.522854
0.392589
0.485736
0.350317
0.152093
0.068778
0.519546
0.363308
0.682010
0.174779
0.204682
0.192801
0.126290
0.678166
0.358270
0.184062
0.102738
0.250702
0.241328
0.362184
0.319960
0.184197
0.302109
0.177042
0.088698
0.492061
0.253209
0.170881
0.135089
0.206663
0.190951
0.399934
0.338976
0.292509
0.304071
0.203314
0.461376
0.452941
0.531645
0.372494
0.167108
0.205158
0.430147
0.131472
0.334375
0.157498
0.110245
0.105160
0.483961
0.109663
0.355830
0.196317
0.082249
0.265496
0.208440
0.425881
0.650082
0.189810
0.197591
0.064955
0.477090
0.288761
0.412692
0.189421
0.435038
0.173794
0.378866
0.134194
0.364474
0.163273
0.113461
0.116561
0.336411
0.268226
0.327413
0.172447
0.252403
0.171601
0.480289
0.214469
0.482582
0.401222
0.247240
0.119851
0.133978
0.338448
0.173576
0.165572
0.127206
0.132107
0.465699
0.247362
0.560205
0.242661
0.027674
0.148064
0.482517
0.222755
0.288485
0.139259
0.073433
0.090096
0.352266
0.449884
0.282895
0.204091
0.238365
0.281845
0.457133
0.680781
0.470321
0.159108
0.131413
0.098785
0.621043
0.153454
0.699604
0.121701
0.140289
0.290894
0.148223
0.071390
0.152619
0.091276
0.126873
0.224153
0.190482
0.319208
0.144994
0.339809
0.343151
0.086297
0.063158
0.375066
0.141572
0.138743
0.191310
0.170205
0.322302
0.282595
0.378521
0.275320
0.423475
0.205044
0.329813
0.261707
0.252437
0.080747
0.185960
0.239566
0.219618
0.202586
0.172960
0.353930
0.196293
0.406710
0.246519
0.313306
0.100658
0.162135
0.299477
0.199753
0.113501
0.055596
0.110046
0.089652
0.081022
0.193157
0.485715
0.163681
0.281732
0.223967
0.262851
0.151939
0.088353
0.496157
0.642722
0.361170
0.184830
0.231866
0.485300
0.542829
0.321197
0.177981
0.039508
0.106376
0.215642
0.074805
0.464110
0.153312
0.204461
0.101359
0.578222
0.374148
0.426409
0.417496
0.143548
0.041576
0.690295
0.277343
0.763782
0.121475
0.200991
0.140393
0.259806
0.732487
0.341943
0.279142
0.072292
0.148043
0.269138
0.375661
0.397864
0.205073
0.304332
0.045167
0.116456
0.575048
0.263509
0.188188
0.108461
0.164852
0.234636
0.370705
0.471730
0.180820
0.312433
0.062351
0.405340
0.421830
0.506657
0.418213
0.165094
0.198131
0.584553
0.085003
0.192604
0.185805
0.069478
0.129858
0.505598
0.120140
0.354710
0.166099
0.172778
0.234148
0.346544
0.370686
0.645634
0.182914
0.122580
0.104055
0.429554
0.230669
0.477598
0.144472
0.432441
0.098260
0.384123
0.223454
0.431057
0.257097
0.156323
0.155607
0.446850
0.112876
0.321098
0.267770
0.191160
0.252451
0.417947
0.204526
0.472987
0.437130
0.279548
0.141265
0.071736
0.318469
0.239782
0.175301
0.214979
0.157218
0.487999
0.152089
0.678715
0.285376
0.060965
0.073622
0.502612
0.126794
0.365982
0.237758
0.109586
0.068004
0.361603
0.337180
0.270567
0.128094
0.263557
0.248479
0.497883
0.653699
0.495202
0.110631
0.218932
0.176407
0.708415
0.159712
0.754990
0.005562
0.207171
0.378416
0.165652
0.133535
0.134270
0.119207
0.134327
0.283917
0.144529
0.276444
0.119966
0.294413
0.270282
0.174912
0.145222
0.409155
0.199178
0.132998
0.217151
0.116027
0.300490
0.246242
0.250755
0.261423
0.253900
0.230132
0.190806
0.183425
0.219643
0.092596
0.118639
0.197803
0.085483
0.110576
0.207703
0.330557
0.226648
0.377489
0.164920
0.176674
0.078632
0.253676
0.348134
0.152077
0.061314
0.179772
0.081583
0.096300
0.018802
0.175886
0.438818
0.160194
0.320613
0.108226
0.189638
0.065102
0.119620
0.497966
0.663110
0.352166
0.128936
0.271381
0.405711
0.542485
0.456249
0.123447
0.123130
0.155424
0.194889
0.125989
0.406460
0.271247
0.286591
0.056939
0.529433
0.265787
0.331576
0.361399
0.078375
0.105822
0.787132
0.247986
0.675099
0.106155
0.093904
0.241408
0.261226
0.678429
0.404346
0.272954
0.180874
0.113040
0.294606
0.352081
0.531867
0.260927
0.253739
0.108013
0.170624
0.492743
0.284803
0.164307
0.236199
0.109675
0.246491
0.281921
0.520617
0.145628
0.305955
0.109292
0.387836
0.283762
0.540880
0.417681
0.204875
0.161302
0.542883
0.096844
0.161473
0.237054
0.197012
0.144792
0.504189
0.106060
0.379076
0.019678
0.206907
0.190608
0.403879
0.337254
0.573281
0.056259
0.074830
0.221362
0.360219
0.163631
0.454834
0.134479
0.379673
0.018345
0.390068
0.288424
0.396688
0.267543
0.256114
0.176690
0.428730
0.016805
0.256494
0.298501
0.111260
0.245607
0.536181
0.237416
0.487992
0.328453
0.263586
0.198999
0.059270
0.382028
0.248217
0.189142
0.317481
0.198267
0.449118
0.057372
0.696569
0.276179
0.130240
0.130035
0.528631
0.062677
0.352540
0.287536
0.108903
0.042662
0.498171
0.389249
0.122563
0.126803
0.255352
0.274183
0.401782
0.695433
0.465398
0.069220
0.273179
0.088955
0.846042
0.211131
0.640159
0.081321
0.255892
0.383057
0.136952
0.244297
0.204585
0.166939
0.055754
0.392636
0.091071
0.191220
0.207298
0.253571
0.233632
0.058158
0.108311
0.454419
0.215971
0.191484
0.198264
0.027679
0.243149
0.197707
0.067576
0.215717
0.252940
0.215581
0.029754
0.219939
0.155272
0.123088
0.080363
0.063202
0.042441
0.033622
0.121100
0.250487
0.143228
0.353938
0.126344
0.167537
0.034274
0.324763
0.255710
0.071613
0.177410
0.252501
0.139777
0.201929
0.122964
0.120510
0.489978
0.079061
0.336026
0.130248
0.223773
0.097715
0.199944
0.588439
0.612421
0.343393
0.042937
0.244483
0.349519
0.509325
0.490849
0.301523
0.178037
0.213698
0.163818
0.188152
0.343983
0.207394
0.328952
0.243172
0.373714
0.194920
0.172033
0.344316
0.109556
0.172786
0.712619
0.340072
0.547967
0.074945
0.055589
0.281872
0.208852
0.448736
0.362549
0.185949
0.232675
0.117390
0.210496
0.359057
0.579484
0.306537
0.198002
0.240701
0.232425
0.458784
0.213429
0.169204
0.327245
0.168136
0.113809
0.292506
0.377120
0.219677
0.326390
0.233410
0.493639
0.203612
0.500765
0.389220
0.254306
0.172080
0.382227
0.230448
0.208233
0.369653
0.149863
0.131350
0.468761
0.036241
0.348611
0.092062
0.107780
0.086015
0.353624
0.204807
0.441679
0.078924
0.183522
0.331549
0.330943
0.171228
0.358646
0.172664
0.234421
0.125920
0.441730
0.308332
0.374900
0.195848
0.281591
0.143275
0.314355
0.134846
0.192216
0.238184
0.154359
0.125296
0.591551
0.220895
0.430603
0.152992
0.234224
0.189867
0.148082
0.485615
0.167364
0.121269
0.376948
0.106781
0.461447
0.133545
0.725505
0.163584
0.165595
0.194843
0.612461
0.090418
0.289577
0.293353
0.139170
0.080753
0.450762
0.395962
0.093421
0.192302
0.242189
0.315422
0.307448
0.675625
0.505744
0.207321
0.190157
0.130107
0.866383
0.373946
0.537883
0.208770
0.167617
0.320841
0.088956
0.338813
0.185993
0.297301
0.081920
0.353033
0.149932
0.251946
0.159659
0.358863
0.235264
0.214772
0.160226
0.325937
0.157579
0.189578
0.190168
0.175304
0.254684
0.224739
0.098855
0.276193
0.146817
0.175984
0.076256
0.232816
0.064823
0.170912
0.202125
0.051552
0.067683
0.032891
0.070273
0.265936
0.114370
0.364389
0.032714
0.170625
0.112184
0.352085
0.210267
0.159186
0.212040
0.295058
0.120094
0.268617
0.164361
0.107344
0.643783
0.124582
0.459326
0.138470
0.167860
0.125053
0.161718
0.610791
0.533502
0.371320
0.123559
0.234105
0.289975
0.579913
0.556240
0.390816
0.298121
0.136533
0.201905
0.297709
0.317395
0.107009
0.295598
0.356532
0.318582
0.120339
0.223300
0.400445
0.179722
0.282588
0.610736
0.337451
0.545627
0.157028
0.112307
0.296610
0.245588
0.345309
0.234855
0.121492
0.217773
0.112637
0.265397
0.291579
0.445806
0.264437
0.202465
0.261108
0.229176
0.630016
0.269653
0.151208
0.355824
0.114978
0.163102
0.384107
0.288345
0.185994
0.215331
0.377367
0.547273
0.205479
0.509667
0.356796
0.299390
0.317703
0.254116
0.251815
0.317772
0.415282
0.268795
0.152979
0.332401
0.131364
0.361495
0.052920
0.046578
0.087785
0.305087
0.224399
0.432652
0.117347
0.281686
0.303124
0.426566
0.104526
0.308519
0.277040
0.079125
0.125333
0.463230
0.254092
0.390802
0.149449
0.180958
0.163672
0.360171
0.111663
0.266080
0.160796
0.156250
0.032999
0.578454
0.200868
0.366058
0.268370
0.204021
0.118828
0.111691
0.660116
0.157279
0.156120
0.336819
0.139099
0.504846
0.153955
0.715064
0.177404
0.174192
0.148759
0.666052
0.033236
0.245765
0.286280
0.098369
0.195325
0.316754
0.244967
0.077832
0.149130
0.107749
0.278212
0.262039
0.565829
0.568658
0.292329
0.175991
0.183176
0.817230
0.470906
0.493671
0.273935
0.035739
0.370373
0.030324
0.259886
0.224793
0.310740
0.102863
0.377017
0.237123
0.289867
0.071556
0.400099
0.276617
0.295527
0.232169
0.271454
0.162749
0.186892
0.141732
0.216663
0.263985
0.297219
0.172026
0.303353
0.124597
0.191622
0.028521
0.214198
0.100694
0.192649
0.216625
0.116343
0.055991
0.054572
0.023407
0.331286
0.029696
0.314089
0.078770
0.188389
0.050560
0.313967
0.229274
0.135015
0.156285
0.366151
0.135226
0.160178
0.091621
0.029199
0.689163
0.223268
0.516230
0.052990
0.241657
0.054786
0.030117
0.594345
0.549602
0.370183
0.125705
0.338637
0.168700
0.668206
0.667207
0.388619
0.290231
0.122732
0.295082
0.327734
0.316124
0.145230
0.318859
0.353131
0.357338
0.154171
0.291534
0.477777
0.127355
0.358742
0.611728
0.185103
0.472437
0.159562
0.246281
0.310750
0.208591
0.430203
0.325614
0.202644
0.164713
0.190467
0.394281
0.151298
0.341163
0.204796
0.220855
0.189003
0.227545
0.624467
0.291752
0.094840
0.290464
0.098445
0.255128
0.548286
0.341652
0.068579
0.177378
0.434875
0.579068
0.334477
0.478171
0.255011
0.214479
0.365320
0.257086
0.190155
0.398634
0.332390
0.355690
0.303295
0.257477
0.196609
0.381597
0.142148
0.032543
0.069698
0.231570
0.311860
0.319077
0.157757
0.312286
0.254896
0.476081
0.080782
0.356915
0.348531
0.087865
0.043091
0.449222
0.203405
0.447902
0.130445
0.054101
0.151403
0.515949
0.101563
0.300432
0.251855
0.180489
0.069932
0.446240
0.260497
0.223530
0.171502
0.264428
0.177053
0.050355
0.753470
0.235843
0.183754
0.216167
0.218929
0.506482
0.060254
0.664984
0.283334
0.206780
0.078109
0.592399
0.248427
0.364627
0.238400
0.090805
0.186444
0.314960
0.159843
0.151103
0.161552
0.045635
0.216507
0.237656
0.498124
0.432886
0.259987
0.139785
0.146418
0.745026
0.394915
0.511181
0.346524
0.051912
0.395409
0.014513
0.165683
0.227536
0.289747
0.075519
0.565665
0.183479
0.118567
0.118952
0.321332
0.295870
0.277651
0.309519
0.297357
0.200930
0.234366
0.159073
0.217679
0.228525
0.337719
0.241821
0.231828
0.171155
0.187700
0.080004
0.159595
0.030054
0.205022
0.147427
0.061781
0.098865
0.126846
0.068152
0.334648
0.208774
0.217441
0.080418
0.230033
0.088577
0.279457
0.344009
0.139497
0.155881
0.447409
0.217681
0.097410
0.073217
0.122461
0.624371
0.271756
0.499248
0.116661
0.222020
0.021761
0.010216
0.530784
0.414071
0.342676
0.058771
0.318520
0.268266
0.551946
0.565680
0.258301
0.207672
0.196695
0.310873
0.302541
0.287226
0.121098
0.272943
0.421531
0.261714
0.132785
0.260829
0.492383
0.128368
0.428295
0.659026
0.332977
0.373118
0.159724
0.348932
0.303914
0.154149
0.493174
0.482637
0.219068
0.110917
0.216091
0.366272
0.068599
0.387714
0.170811
0.229554
0.189107
0.247476
0.549325
0.263352
0.038144
0.174517
0.069460
0.268501
0.535238
0.396985
0.193484
0.164609
0.378713
0.607901
0.546334
0.476966
0.143167
0.092948
0.238095
0.398089
0.171784
0.492111
0.270060
0.464413
0.503935
0.192189
0.206383
0.297263
0.237921
0.099665
0.077783
0.240461
0.407394
0.389548
0.186141
0.262233
0.187914
0.416743
0.077574
0.281297
0.407810
0.235499
0.137512
0.545865
0.263913
0.370464
0.143690
0.066039
0.060379
0.553124
0.293498
0.330116
0.333075
0.225772
0.123377
0.301764
0.187127
0.313365
0.144009
0.222837
0.276201
0.091937
0.815671
0.333354
0.179220
0.169042
0.211349
0.583453
0.033887
0.627890
0.339043
0.247414
0.149259
0.554184
0.371940
0.443733
0.123661
0.136920
0.296083
0.212360
0.344068
0.181476
0.192764
0.159350
0.270362
0.188818
0.568183
0.467058
0.142268
0.138877
0.051975
0.755711
0.187631
0.515187
0.263820
0.088829
0.275988
0.100796
0.201207
0.070983
0.359920
0.096316
0.608889
0.097324
0.058970
0.073575
0.423231
0.361761
0.206836
0.226463
0.254037
0.211471
0.240220
0.134108
0.297344
0.166209
0.259982
0.459354
0.102796
0.112794
0.213576
0.105809
0.078398
0.102707
0.200076
0.307394
0.254926
0.186356
0.159646
0.128818
0.252679
0.273654
0.126090
0.111905
0.200485
0.074095
0.223808
0.249304
0.178876
0.161890
0.452570
0.245752
0.177308
0.076505
0.110202
0.591665
0.293802
0.639378
0.170240
0.120440
0.099185
0.032507
0.495648
0.390232
0.261804
0.078592
0.231921
0.303080
0.443989
0.397686
0.146626
0.141091
0.240831
0.295540
0.283524
0.243570
0.078469
0.118514
0.475405
0.251870
0.140871
0.200091
0.388171
0.057359
0.438848
0.556683
0.325559
0.290521
0.274796
0.362368
0.386636
0.129472
0.489319
0.426748
0.148069
0.037591
0.115283
0.409424
0.151450
0.435354
0.127996
0.209440
0.313263
0.240078
0.507548
0.237656
0.106723
0.063305
0.119090
0.330429
0.504406
0.383484
0.250965
0.149335
0.206446
0.550218
0.582198
0.515450
0.169844
0.144647
0.232330
0.353884
0.165870
0.550003
0.213908
0.446893
0.362982
0.172862
0.154493
0.343967
0.250667
0.107405
0.202647
0.260835
0.419692
0.440629
0.228537
0.173348
0.140606
0.318923
0.064605
0.292706
0.450339
0.469183
0.070735
0.594278
0.294609
0.378368
0.089327
0.232399
0.017162
0.470651
0.482583
0.302977
0.304788
0.353560
0.118068
0.215540
0.203229
0.274384
0.260925
0.174181
0.271367
0.170815
0.779476
0.464157
0.136715
0.246036
0.197267
0.663001
0.015138
0.658820
0.242602
0.215499
0.163256
0.566438
0.396302
0.410977
0.091043
0.244272
0.283835
0.134983
0.403899
0.223737
0.180460
0.102557
0.312726
0.088802
0.568094
0.548187
0.206532
0.143780
0.125354
0.669216
0.169065
0.559911
0.228681
0.200204
0.162021
0.095193
0.154827
0.060205
0.460113
0.128044
0.504696
0.180395
0.089525
0.054951
0.463790
0.409191
0.212156
0.207816
0.282858
0.256427
0.201726
0.102689
0.375262
0.183656
0.284972
0.515681
0.079628
0.193008
0.095244
0.093939
0.074397
0.164919
0.245038
0.397402
0.351634
0.097934
0.151292
0.162531
0.283890
0.250789
0.081460
0.227812
0.154690
0.025973
0.258290
0.085751
0.098366
0.161195
0.401395
0.299575
0.157906
0.139012
0.033144
0.559940
0.288771
0.549052
0.195894
0.073310
0.177249
0.049595
0.520100
0.313503
0.131550
0.119550
0.330242
0.256697
0.377385
0.273832
0.203504
0.227132
0.261749
0.188355
0.321383
0.253148
0.041004
0.162816
0.396081
0.318958
0.104644
0.289771
0.367273
0.041532
0.407567
0.520994
0.269342
0.421320
0.426188
0.282256
0.537095
0.144481
0.432509
0.364478
0.191763
0.148830
0.218316
0.468675
0.238230
0.439206
0.104232
0.134531
0.432970
0.211648
0.550502
0.414883
0.156231
0.037339
0.124437
0.264876
0.540674
0.424633
0.303919
0.212126
0.130210
0.459070
0.526479
0.474768
0.289808
0.167828
0.201589
0.418453
0.217293
0.574519
0.097677
0.344255
0.229220
0.142536
0.150842
0.411523
0.233106
0.166842
0.224450
0.211307
0.391844
0.389212
0.132872
0.111930
0.108685
0.370761
0.117242
0.360482
0.451692
0.503082
0.032500
0.589527
0.271188
0.299702
0.028424
0.322304
0.094623
0.552852
0.488802
0.168523
0.230593
0.270671
0.137963
0.232973
0.174972
0.267501
0.353416
0.112953
0.196840
0.169191
0.657976
0.570559
0.125666
0.246615
0.344228
0.678912
0.062589
0.585893
0.107839
0.117229
0.136134
0.529674
0.322094
0.320498
0.090025
0.189230
0.196050
0.034295
0.373737
0.336844
0.207556
0.080316
0.260306
0.145725
0.545937
0.507937
0.274617
0.128774
0.197989
0.537776
0.323735
0.583265
0.313270
0.332745
0.085076
0.167763
0.112194
0.041231
0.424305
0.242846
0.380345
0.254522
0.086455
0.135864
0.406325
0.435254
0.306409
0.265380
0.231021
0.167557
0.232688
0.126747
0.314369
0.252076
0.382664
0.455495
0.092335
0.342810
0.024281
0.102066
0.159086
0.211898
0.214843
0.303855
0.334857
0.014871
0.210606
0.078965
0.321483
0.237974
0.081468
0.314464
0.075812
0.052539
0.232410
0.155526
0.115365
0.130840
0.373339
0.328694
0.153458
0.178152
0.083715
0.514369
0.450137
0.420519
0.311416
0.049364
0.191145
0.097166
0.504791
0.298533
0.058174
0.100291
0.309244
0.226091
0.301631
0.219800
0.284832
0.328358
0.302978
0.100656
0.295243
0.319037
0.084437
0.166989
0.224614
0.316022
0.036432
0.276702
0.319418
0.060087
0.351769
0.480459
0.243033
0.426823
0.406431
0.209705
0.542333
0.253165
0.339125
0.417739
0.242706
0.243811
0.190674
0.388373
0.296596
0.399931
0.040207
0.064977
0.412836
0.142350
0.464054
0.465136
0.193103
0.014316
0.150343
0.233816
0.509946
0.436007
0.355384
0.304139
0.100566
0.517379
0.488337
0.406903
0.326032
0.257886
0.262243
0.516135
0.168089
0.520130
0.039188
0.233977
0.228694
0.330578
0.191235
0.420031
0.218382
0.200801
0.261602
0.154858
0.384719
0.272768
0.206034
0.101256
0.165478
0.477269
0.150237
0.477042
0.407033
0.469478
0.088300
0.618774
0.185638
0.244075
0.047468
0.244316
0.209919
0.711558
0.342074
0.138895
0.214975
0.231721
0.174076
0.399914
0.083437
0.306486
0.313854
0.190230
0.112282
0.125002
0.492302
0.636605
0.051546
0.190419
0.335373
0.694497
0.055226
0.502963
0.111797
0.009436
0.150114
0.450641
0.311904
0.285416
0.049858
0.082746
0.206585
0.074431
0.376632
0.386718
0.299033
0.116796
0.158303
0.229557
0.475136
0.345600
0.383931
0.096729
0.227739
0.386965
0.421676
0.537752
0.370522
0.365583
0.024773
0.206665
0.127741
0.055899
0.300930
0.403402
0.322542
0.183282
0.107290
0.199460
0.398391
0.366637
0.392102
0.239795
0.132809
0.061231
0.230944
0.127647
0.238763
0.314277
0.431408
0.429663
0.125223
0.417713
0.106322
0.070964
0.217337
0.210600
0.146563
0.186048
0.303510
0.036815
0.251985
0.121169
0.279583
0.291116
0.045565
0.338456
0.079403
0.118392
0.159469
0.253254
0.090992
0.135767
0.403896
0.220498
0.225931
0.262036
0.073959
0.473531
0.438285
0.511597
0.490503
0.111184
0.128290
0.074824
0.457616
0.334234
0.100980
0.265430
0.238274
0.200706
0.217521
0.199117
0.319355
0.217326
0.252932
0.239431
0.221572
0.487264
0.114406
0.148420
0.163005
0.291977
0.194735
0.218640
0.404572
0.091733
0.310665
0.476960
0.207020
0.437067
0.276768
0.176248
0.412361
0.313599
0.212137
0.527262
0.103612
0.209546
0.178145
0.342314
0.315994
0.410073
0.111626
0.127628
0.280043
0.073473
0.406451
0.417258
0.139608
0.051630
0.155474
0.134468
0.463088
0.410483
0.367315
0.332461
0.026597
0.552831
0.452615
0.403750
0.352050
0.329334
0.330152
0.490943
0.155697
0.544931
0.090078
0.174812
0.281165
0.396815
0.239745
0.435088
0.203311
0.205697
0.428018
0.101078
0.374624
0.229949
0.272017
0.125738
0.163265
0.541763
0.093184
0.497239
0.296684
0.371007
0.068294
0.592296
0.144389
0.250255
0.082169
0.240454
0.267397
0.769743
0.182870
0.237635
0.209892
0.160628
0.330649
0.479755
0.152085
0.351093
0.364017
0.322777
0.055753
0.220621
0.425795
0.566435
0.256032
0.090267
0.294860
0.783132
0.244940
0.431992
0.096336
0.094713
0.170975
0.462592
0.358294
0.406396
0.067039
0.082201
0.243690
0.131618
0.486204
0.460561
0.310328
0.226791
0.117667
0.203684
0.448796
0.354204
0.406061
0.098485
0.310543
0.296783
0.398083
0.365319
0.314669
0.239691
0.112458
0.205966
0.212611
0.148463
0.227386
0.502949
0.282150
0.197495
0.077442
0.292931
0.240635
0.214507
0.380437
0.113055
0.057135
0.072850
0.197706
0.111225
0.235651
0.433941
0.356662
0.555525
0.227104
0.397737
0.141429
0.310451
0.231064
0.123111
0.186455
0.205112
0.364809
0.037237
0.191606
0.262001
0.218484
0.270793
0.230834
0.348787
0.059163
0.170345
0.135759
0.318387
0.082054
0.199320
0.428361
0.164017
0.253837
0.264149
0.076127
0.476193
0.408812
0.479229
0.499486
0.145111
0.183111
0.130113
0.503898
0.390225
0.185702
0.366983
0.148011
0.229013
0.308362
0.275125
0.309353
0.070717
0.140502
0.538226
0.067459
0.657830
0.179145
0.140720
0.075229
0.360895
0.229775
0.235716
0.428039
0.015514
0.238761
0.420287
0.241884
0.484005
0.216430
0.145931
0.359544
0.315623
0.094184
0.472253
0.041469
0.206754
0.241283
0.498705
0.248825
0.421295
0.152619
0.258582
0.146654
0.079447
0.530046
0.497521
0.122860
0.203799
0.229964
0.044854
0.484496
0.324568
0.262978
0.286879
0.143726
0.516565
0.422809
0.366220
0.347816
0.273220
0.332139
0.584292
0.285537
0.564907
0.057689
0.170815
0.290458
0.486632
0.271236
0.449345
0.227184
0.231419
0.526552
0.107869
0.405378
0.227259
0.378399
0.080959
0.057460
0.585612
0.065229
0.559100
0.215874
0.304961
0.186743
0.490066
0.145686
0.284327
0.236251
0.283196
0.292077
0.649796
0.148930
0.353720
0.122338
0.207612
0.394293
0.490436
0.093633
0.249536
0.377005
0.321769
0.144368
0.252018
0.365824
0.539073
0.451961
0.101253
0.441519
0.821253
0.188067
0.443532
0.211549
0.240877
0.090094
0.463378
0.391568
0.506443
0.153770
0.161397
0.171229
0.190602
0.529672
0.589818
0.269237
0.266832
0.121879
0.175543
0.465761
0.379952
0.366511
0.122807
0.348899
0.236077
0.314044
0.349410
0.240587
0.218928
0.135739
0.131099
0.325624
0.298272
0.315581
0.473643
0.250136
0.268951
0.185197
0.291498
0.131312
0.065975
0.200201
0.106477
0.042523
0.148497
0.267409
0.249631
0.364973
0.490735
0.243420
0.610021
0.271445
0.353461
0.081554
0.390122
0.239209
0.097635
0.159471
0.058844
0.413831
0.097104
0.120037
0.239102
0.185257
0.158864
0.271143
0.306100
0.173156
0.197867
0.137216
0.328808
0.037847
0.223303
0.329434
0.247615
0.278851
0.133369
0.196084
0.371364
0.340157
0.484028
0.349589
0.164514
0.201797
0.250596
0.579870
0.377910
0.171378
0.268419
0.082348
0.345689
0.444838
0.388996
0.286978
0.021343
0.238432
0.700536
0.044682
0.696178
0.165305
0.150086
0.088260
0.439548
0.250746
0.272662
0.282002
0.165962
0.245046
0.437724
0.264061
0.442159
0.246544
0.055367
0.448855
0.267380
0.180035
0.380725
0.170162
0.233267
0.354677
0.607968
0.265925
0.373752
0.061566
0.328922
0.139615
0.065916
0.584796
0.576743
0.017497
0.316039
0.262917
0.038877
0.524112
0.282887
0.262886
0.283478
0.231080
0.497861
0.311586
0.279313
0.379576
0.138492
0.290661
0.659422
0.377342
0.563664
0.047490
0.181233
0.381492
0.553527
0.148769
0.426988
0.351886
0.272632
0.492081
0.122608
0.418755
0.291104
0.263532
0.184476
0.156710
0.517099
0.207255
0.612611
0.184258
0.085286
0.365259
0.330744
0.102305
0.238638
0.267357
0.303536
0.254580
0.574555
0.115656
0.372692
0.118034
0.159283
0.291193
0.439878
0.057010
0.293891
0.279356
0.281381
0.202519
0.248509
0.376887
0.546339
0.400618
0.085784
0.432521
0.778996
0.222910
0.432458
0.296466
0.240695
0.125917
0.427195
0.419271
0.523384
0.179292
0.290743
0.113318
0.179046
0.482952
0.662515
0.174684
0.190608
0.085681
0.225981
0.461130
0.371300
0.306798
0.163722
0.224314
0.251923
0.296041
0.324425
0.380118
0.220071
0.129837
0.236709
0.391441
0.381355
0.451756
0.437583
0.164670
0.252801
0.336088
0.189161
0.036605
0.107424
0.148550
0.080126
0.052914
0.149365
0.206763
0.331639
0.368568
0.515140
0.267741
0.530951
0.198767
0.301144
0.133188
0.278397
0.297235
0.090494
0.199508
0.047791
0.386444
0.103200
0.149325
0.191508
0.212279
0.137486
0.251697
0.260316
0.212695
0.188306
0.132495
0.323102
0.106344
0.193976
0.203979
0.397530
0.206915
0.164399
0.305036
0.283586
0.380419
0.454196
0.286953
0.118437
0.205153
0.187127
0.595903
0.302495
0.136621
0.195519
0.033752
0.320507
0.489728
0.419994
0.229481
0.043421
0.302145
0.661112
0.012531
0.658273
0.141600
0.209990
0.221725
0.451630
0.250519
0.309797
0.237558
0.254947
0.304715
0.466794
0.295917
0.353955
0.306642
0.089288
0.413543
0.197536
0.344331
0.461990
0.251286
0.135778
0.455856
0.577340
0.290238
0.379339
0.062145
0.237860
0.202424
0.012734
0.404793
0.509923
0.138233
0.319728
0.126511
0.131714
0.415364
0.206593
0.364434
0.209729
0.229316
0.482581
0.221390
0.310691
0.356509
0.135315
0.243870
0.628416
0.384946
0.542195
0.090551
0.169433
0.342101
0.631697
0.106996
0.399483
0.427275
0.239908
0.419803
0.176137
0.430725
0.363116
0.308635
0.166329
0.340437
0.470408
0.247660
0.533718
0.162212
0.034807
0.458459
0.221900
0.078282
0.240085
0.241600
0.273216
0.279491
0.619920
0.031675
0.440344
0.277229
0.122571
0.364017
0.462608
0.129644
0.485589
0.211690
0.413995
0.127533
0.221247
0.422786
0.636621
0.251104
0.096339
0.336010
0.644167
0.318662
0.449796
0.297770
0.172795
0.168603
0.404196
0.452708
0.502497
0.178885
0.314683
0.077248
0.190517
0.479821
0.731434
0.156359
0.160191
0.100554
0.223120
0.409666
0.352975
0.235240
0.137481
0.119920
0.350568
0.350951
0.324715
0.474478
0.265423
0.170268
0.241085
0.360920
0.354595
0.370842
0.427410
0.165111
0.118086
0.421156
0.153224
0.156256
0.229786
0.174273
0.119434
0.056918
0.140765
0.148545
0.356413
0.339879
0.528030
0.384946
0.409875
0.188054
0.268376
0.196675
0.192430
0.242825
0.077395
0.229644
0.144065
0.323936
0.082586
0.201818
0.269301
0.274885
0.192502
0.225964
0.215977
0.119719
0.147930
0.087980
0.344181
0.059006
0.196562
0.185327
0.352009
0.094237
0.223301
0.186193
0.305810
0.409916
0.437445
0.366437
0.048054
0.181086
0.107007
0.547352
0.219230
0.184808
0.227909
0.120316
0.303963
0.351760
0.464160
0.145408
0.097449
0.320477
0.675172
0.042442
0.612951
0.214847
0.258466
0.202801
0.494625
0.249103
0.314464
0.393322
0.249254
0.260979
0.430853
0.316806
0.246721
0.285449
0.162315
0.219717
0.164439
0.336429
0.567386
0.159221
0.141545
0.402469
0.381483
0.242001
0.361628
0.091802
0.203308
0.218315
0.051615
0.362047
0.466218
0.305070
0.242687
0.117927
0.208005
0.291054
0.250083
0.358090
0.156081
0.307832
0.486100
0.101105
0.387327
0.249609
0.179211
0.267471
0.487334
0.251694
0.464493
0.056585
0.216101
0.164729
0.605437
0.132950
0.552353
0.513404
0.169338
0.388964
0.214054
0.506444
0.528048
0.424416
0.171403
0.406378
0.492279
0.177953
0.365376
0.054467
0.110827
0.334840
0.205525
0.129359
0.386121
0.080843
0.148097
0.315262
0.612737
0.049333
0.529280
0.274294
0.160593
0.372239
0.538591
0.229602
0.508620
0.110650
0.382997
0.132465
0.207875
0.373712
0.639785
0.295234
0.127083
0.374143
0.556206
0.293710
0.487063
0.235516
0.225801
0.177442
0.443396
0.415122
0.427564
0.132373
0.301707
0.166933
0.234997
0.512529
0.718301
0.139726
0.225267
0.058765
0.211016
0.316106
0.372788
0.127330
0.144670
0.127820
0.385950
0.250758
0.275410
0.350912
0.356450
0.177391
0.145741
0.286060
0.274492
0.225398
0.439309
0.262859
0.118975
0.329489
0.274810
0.177161
0.310695
0.277050
0.231003
0.070959
0.222749
0.184688
0.377648
0.317390
0.568213
0.329902
0.281933
0.229381
0.298808
0.175307
0.160003
0.035694
0.085113
0.322097
0.202085
0.197755
0.077181
0.151796
0.271933
0.244192
0.211034
0.306475
0.277414
0.070413
0.081085
0.053926
0.410313
0.045816
0.176877
0.296580
0.191775
0.082569
0.203276
0.069353
0.418906
0.422261
0.449299
0.350555
0.145538
0.215621
0.176269
0.488367
0.255203
0.120278
0.308693
0.150692
0.275893
0.270322
0.527169
0.154097
0.114414
0.343252
0.668880
0.108476
0.594514
0.250982
0.268210
0.277666
0.609721
0.223668
0.333659
0.386127
0.164119
0.159871
0.336315
0.301829
0.227429
0.187098
0.091778
0.220650
0.195767
0.276301
0.511862
0.039948
0.346595
0.296437
0.511828
0.145474
0.378971
0.195794
0.166389
0.162974
0.089956
0.396231
0.439466
0.229091
0.231266
0.191978
0.184970
0.313668
0.314691
0.237910
0.142641
0.419964
0.510028
0.035947
0.435888
0.135336
0.159469
0.320995
0.393142
0.208728
0.427514
0.089270
0.217213
0.179472
0.607339
0.221908
0.632123
0.525725
0.200539
0.384337
0.191907
0.509813
0.585960
0.362866
0.192395
0.354883
0.525540
0.192866
0.327360
0.071270
0.117866
0.189668
0.214357
0.221929
0.527200
0.029452
0.066932
0.400989
0.530703
0.107400
0.539228
0.278954
0.168428
0.340352
0.573804
0.261106
0.421934
0.101489
0.337103
0.232340
0.252787
0.331166
0.554750
0.473752
0.185268
0.491015
0.497716
0.298815
0.526497
0.177627
0.150003
0.171754
0.520444
0.340443
0.410689
0.153860
0.224708
0.131061
0.309462
0.536076
0.646490
0.103472
0.161739
0.045287
0.181017
0.152027
0.315083
0.167502
0.149097
0.164851
0.363165
0.114277
0.279202
0.231098
0.383325
0.136118
0.080924
0.217426
0.260071
0.141552
0.444573
0.181525
0.223379
0.190811
0.439227
0.087803
0.231893
0.266815
0.186452
0.133268
0.072137
0.240704
0.446154
0.357462
0.538728
0.172901
0.180495
0.217527
0.373092
0.187491
0.139034
0.165732
0.173276
0.437569
0.166587
0.196169
0.054874
0.162747
0.145524
0.210096
0.119920
0.293998
0.111932
0.136880
0.105489
0.162071
0.375422
0.108825
0.202647
0.386931
0.146693
0.171741
0.151247
0.124984
0.415493
0.404107
0.427364
0.199408
0.239426
0.300702
0.190755
0.384814
0.323468
0.132431
0.234494
0.138312
0.159054
0.234337
0.552046
0.226066
0.108149
0.255905
0.578625
0.215625
0.553060
0.223996
0.344426
0.331962
0.575229
0.206027
0.379201
0.309262
0.136136
0.231426
0.455141
0.317524
0.170542
0.062403
0.153718
0.170542
0.307320
0.378505
0.489029
0.091398
0.556998
0.198415
0.614261
0.282362
0.404976
0.295472
0.160479
0.243370
0.223645
0.387837
0.415511
0.038932
0.260692
0.269465
0.164913
0.333577
0.348350
0.193252
0.097293
0.400631
0.546728
0.123403
0.397652
0.116730
0.221785
0.223715
0.368459
0.134072
0.485329
0.243913
0.154791
0.332391
0.573411
0.254404
0.663089
0.437477
0.150945
0.302611
0.247520
0.588693
0.641858
0.245046
0.155045
0.293669
0.554545
0.200801
0.259552
0.069474
0.091983
0.114827
0.330546
0.339788
0.566853
0.080611
0.102491
0.381846
0.517518
0.067182
0.561067
0.294969
0.143397
0.321738
0.522254
0.325122
0.498422
0.261974
0.340055
0.212656
0.335562
0.304602
0.443325
0.548061
0.241281
0.498314
0.296779
0.371653
0.522482
0.141871
0.012367
0.209556
0.507501
0.217045
0.434104
0.186767
0.182665
0.191459
0.295009
0.569985
0.607209
0.102536
0.243240
0.037140
0.098836
0.137096
0.324957
0.154190
0.116507
0.109121
0.483026
0.210148
0.315021
0.229022
0.332757
0.180401
0.118146
0.181279
0.355034
0.076420
0.350676
0.203213
0.408618
0.199736
0.404731
0.066058
0.076657
0.233686
0.118712
0.105021
0.044622
0.176004
0.527034
0.321759
0.432906
0.171635
0.071747
0.267477
0.292809
0.192545
0.120697
0.142336
0.214986
0.498938
0.164675
0.121989
0.117519
0.149051
0.087144
0.181799
0.033766
0.234476
0.109783
0.201716
0.252433
0.247854
0.341971
0.139814
0.155251
0.337928
0.214801
0.175946
0.274549
0.175875
0.376054
0.363433
0.317517
0.145405
0.314376
0.348799
0.251027
0.470569
0.389445
0.226486
0.234293
0.096422
0.162226
0.350263
0.598808
0.220470
0.129003
0.211540
0.490028
0.302517
0.587489
0.343546
0.488174
0.391271
0.543539
0.193704
0.436342
0.216279
0.132981
0.317359
0.546870
0.314001
0.213757
0.034224
0.252370
0.149141
0.451944
0.506612
0.592909
0.135434
0.583623
0.186166
0.647931
0.194366
0.361782
0.319793
0.042485
0.287513
0.305916
0.277546
0.307860
0.086400
0.132719
0.235109
0.205773
0.269552
0.380743
0.246615
0.040861
0.392037
0.642381
0.280198
0.397277
0.081723
0.114151
0.145149
0.435349
0.030122
0.486484
0.450477
0.112965
0.491284
0.602980
0.299933
0.650520
0.311109
0.118134
0.176150
0.279987
0.620919
0.632788
0.227341
0.126653
0.253236
0.566148
0.358788
0.252262
0.063644
0.221825
0.127917
0.474538
0.396401
0.503944
0.112687
0.133659
0.213689
0.468372
0.150440
0.653447
0.173843
0.044108
0.179182
0.476430
0.319083
0.574436
0.322206
0.314505
0.006672
0.234016
0.392320
0.408525
0.443730
0.152008
0.425847
0.285997
0.362766
0.527560
0.159723
0.050484
0.189350
0.517613
0.177304
0.376007
0.140963
0.214535
0.164202
0.137714
0.621638
0.639833
0.141537
0.310889
0.061267
0.077181
0.224492
0.460341
0.075704
0.166732
0.018797
0.593865
0.366675
0.342383
0.270048
0.375412
0.212218
0.160450
0.168171
0.419256
0.055494
0.040294
0.233884
0.539121
0.224044
0.286442
0.052331
0.088949
0.370394
0.142525
0.090870
0.100964
0.096751
0.627032
0.214544
0.382292
0.259540
0.057190
0.330644
0.327030
0.198862
0.145381
0.143070
0.192445
0.426726
0.200990
0.087719
0.164505
0.199556
0.134034
0.163158
0.041781
0.215178
0.204753
0.237928
0.393494
0.378177
0.382679
0.015284
0.044892
0.212197
0.253907
0.228098
0.400518
0.036488
0.367313
0.294224
0.201249
0.222742
0.420522
0.207984
0.353064
0.435778
0.430147
0.355619
0.220538
0.052655
0.102951
0.501820
0.583020
0.143417
0.172035
0.208432
0.504885
0.331027
0.589455
0.421074
0.557622
0.454089
0.577075
0.144506
0.533442
0.150520
0.067984
0.450032
0.546115
0.194336
0.195868
0.083200
0.127140
0.181159
0.476496
0.447539
0.621017
0.146893
0.478191
0.348504
0.700071
0.118948
0.459237
0.295378
0.121600
0.326370
0.272513
0.134556
0.358903
0.145432
0.063904
0.250042
0.250374
0.279956
0.517645
0.121066
0.087258
0.422824
0.608158
0.407470
0.316740
0.093969
0.251733
0.081791
0.425665
0.086821
0.405113
0.499546
0.138034
0.454306
0.592596
0.338526
0.623585
0.293473
0.076679
0.096149
0.168850
0.662032
0.545292
0.208239
0.157276
0.252988
0.547133
0.449610
0.314370
0.126587
0.192629
0.197511
0.494268
0.239443
0.502161
0.130881
0.086438
0.051107
0.424349
0.103852
0.624892
0.067774
0.127285
0.129913
0.520377
0.185453
0.553348
0.218021
0.275728
0.180858
0.172314
0.453120
0.341992
0.416496
0.091759
0.393116
0.166238
0.234743
0.441157
0.243875
0.080739
0.180952
0.464238
0.137396
0.368846
0.289006
0.224769
0.177232
0.162399
0.569617
0.687262
0.155455
0.222697
0.046470
0.053442
0.201613
0.587275
0.097889
0.164354
0.102929
0.551408
0.393870
0.409694
0.236261
0.431924
0.159761
0.143735
0.180683
0.389997
0.114846
0.173973
0.127700
0.516281
0.205353
0.337511
0.024012
0.092355
0.457667
0.231668
0.151350
0.252058
0.088755
0.619990
0.075375
0.301486
0.294229
0.157759
0.264045
0.402514
0.248758
0.182427
0.083142
0.089244
0.374956
0.239997
0.115681
0.074109
0.235402
0.260820
0.120796
0.128736
0.219119
0.300165
0.275834
0.420011
0.485701
0.405417
0.152038
0.035776
0.149844
0.184351
0.215747
0.373653
0.109427
0.378856
0.227097
0.135324
0.260822
0.492394
0.112107
0.308970
0.441180
0.436246
0.325504
0.137841
0.034976
0.068600
0.580209
0.550062
0.142823
0.145470
0.321285
0.491013
0.315393
0.600464
0.499299
0.552085
0.521701
0.645435
0.113488
0.530153
0.178457
0.058335
0.491287
0.420279
0.249773
0.178576
0.142259
0.015779
0.239421
0.367631
0.432005
0.496544
0.156966
0.474030
0.225942
0.695901
0.232049
0.503188
0.310487
0.110253
0.303922
0.177954
0.173456
0.474075
0.108158
0.180888
0.237791
0.361366
0.441414
0.654465
0.126041
0.103623
0.345684
0.540461
0.435364
0.191186
0.168138
0.310988
0.099018
0.426486
0.128970
0.303182
0.402632
0.150177
0.437105
0.477546
0.328728
0.628667
0.319950
0.026977
0.210011
0.072430
0.659224
0.441218
0.128163
0.234401
0.211128
0.503170
0.344074
0.309818
0.044752
0.101582
0.211066
0.482905
0.146279
0.521909
0.204186
0.043900
0.094226
0.362685
0.068764
0.613493
0.202571
0.132364
0.149366
0.646574
0.062877
0.530549
0.210058
0.219546
0.206917
0.229761
0.378356
0.367863
0.439607
0.185641
0.394127
0.171210
0.149740
0.317164
0.308750
0.085646
0.223321
0.411648
0.047602
0.418838
0.437479
0.195151
0.211719
0.180049
0.396015
0.679440
0.187200
0.162063
0.012496
0.109796
0.119630
0.528091
0.142690
0.154597
0.141036
0.433555
0.388687
0.395948
0.203502
0.406755
0.044907
0.053793
0.073402
0.322984
0.180450
0.257979
0.058085
0.437374
0.119420
0.396577
0.091495
0.073875
0.392155
0.331255
0.122710
0.288077
0.054881
0.465394
0.017599
0.116366
0.295697
0.285498
0.210782
0.311939
0.158343
0.125880
0.183900
0.067348
0.340121
0.218279
0.110339
0.085847
0.330363
0.274990
0.136301
0.130608
0.150824
0.255715
0.355409
0.364223
0.456732
0.328764
0.147225
0.152340
0.141243
0.223285
0.188276
0.251756
0.170556
0.320654
0.119800
0.185325
0.317678
0.381072
0.212834
0.356032
0.525465
0.385178
0.270694
0.029017
0.062497
0.214566
0.474205
0.535069
0.145662
0.131337
0.294941
0.442076
0.292576
0.586693
0.550032
0.518654
0.563233
0.623602
0.091456
0.483239
0.273255
0.105664
0.435320
0.404268
0.192955
0.192374
0.132473
0.061516
0.238468
0.221323
0.536388
0.406213
0.066209
0.564103
0.111899
0.635161
0.239263
0.530183
0.303466
0.098880
0.249235
0.102980
0.119130
0.539459
0.145139
0.301907
0.215595
0.239985
0.494491
0.658108
0.155958
0.090662
0.260268
0.420565
0.402941
0.226151
0.130177
0.225397
0.055597
0.367558
0.259614
0.330600
0.376912
0.134688
0.524232
0.383638
0.281409
0.665377
0.337038
0.059428
0.239414
0.112975
0.543800
0.478589
0.211859
0.283300
0.124074
0.439495
0.250722
0.187872
0.020822
0.152573
0.096071
0.574092
0.167331
0.497024
0.190922
0.045879
0.232744
0.473639
0.128322
0.505992
0.302651
0.048216
0.143195
0.669333
0.122474
0.578452
0.281902
0.169013
0.176753
0.273246
0.262991
0.417805
0.331097
0.217251
0.336261
0.146830
0.233427
0.241546
0.323843
0.193179
0.232121
0.382222
0.031545
0.468657
0.496558
0.259335
0.178804
0.179342
0.311297
0.681258
0.267986
0.219000
0.060488
0.134254
0.153057
0.509683
0.068227
0.163614
0.306598
0.429768
0.325675
0.366855
0.175683
0.313284
0.140533
0.068767
0.138008
0.314150
0.176749
0.324710
0.044078
0.343959
0.160760
0.307459
0.136331
0.113583
0.360127
0.374181
0.107082
0.263428
0.061570
0.290458
0.053306
0.071529
0.354743
0.481205
0.284691
0.219029
0.155502
0.105557
0.220821
0.103969
0.317010
0.275586
0.143698
0.170178
0.541929
0.261017
0.183616
0.055468
0.159855
0.156664
0.406566
0.318110
0.338852
0.230168
0.124255
0.301171
0.041934
0.311496
0.252419
0.233412
0.254005
0.343954
0.047456
0.102014
0.428822
0.334965
0.304636
0.394123
0.565558
0.326227
0.249257
0.115886
0.043295
0.358216
0.431448
0.525972
0.154757
0.093386
0.213748
0.394425
0.407326
0.586163
0.518998
0.414095
0.528521
0.644060
0.103368
0.460728
0.292682
0.127778
0.352822
0.409671
0.140266
0.271792
0.251996
0.171614
0.231652
0.141445
0.574410
0.441372
0.101840
0.530855
0.112742
0.601502
0.165963
0.629298
0.192316
0.087678
0.226812
0.229956
0.047936
0.583276
0.223081
0.399343
0.180674
0.104577
0.435225
0.547798
0.093481
0.060352
0.226635
0.374401
0.428217
0.391462
0.086013
0.186682
0.089093
0.297293
0.272531
0.442424
0.484153
0.102783
0.585080
0.367980
0.243922
0.668132
0.380310
0.094554
0.299077
0.194753
0.474609
0.504758
0.126459
0.291432
0.149051
0.454611
0.227136
0.274383
0.113748
0.222547
0.091524
0.546809
0.136250
0.519528
0.131492
0.068156
0.237535
0.585139
0.067840
0.614118
0.226197
0.096527
0.077160
0.618590
0.238368
0.541034
0.312720
0.189806
0.126229
0.189515
0.272932
0.365390
0.183852
0.235158
0.446789
0.156664
0.337466
0.330902
0.260525
0.172992
0.255028
0.477503
0.017984
0.407534
0.478893
0.255961
0.107651
0.137927
0.355012
0.658675
0.307119
0.112817
0.154840
0.149784
0.261760
0.529804
0.083394
0.301240
0.269509
0.397916
0.241542
0.355017
0.115776
0.223479
0.112770
0.168792
0.268402
0.305450
0.069031
0.248080
0.067072
0.326271
0.232822
0.161881
0.188101
0.206004
0.331651
0.312506
0.250962
0.150523
0.091048
0.219295
0.193303
0.127042
0.288726
0.632632
0.411678
0.190813
0.053333
0.181994
0.111531
0.224318
0.219727
0.310120
0.160853
0.301644
0.686942
0.302805
0.178133
0.092543
0.263551
0.035820
0.384042
0.327365
0.334169
0.198851
0.256868
0.242049
0.096961
0.285707
0.255485
0.248607
0.219795
0.392654
0.131713
0.129552
0.402171
0.316928
0.281368
0.370002
0.499987
0.386671
0.286692
0.158871
0.175787
0.441954
0.482801
0.484056
0.149703
0.042925
0.161821
0.419996
0.410303
0.543605
0.404973
0.254088
0.404578
0.647547
0.178785
0.457524
0.185015
0.108786
0.285478
0.445306
0.180131
0.281553
0.392510
0.133176
0.235086
0.100140
0.423998
0.394023
0.144135
0.375776
0.162594
0.708502
0.136908
0.730505
0.097394
0.101223
0.195492
0.273141
0.143912
0.652338
0.276648
0.457948
0.182792
0.107233
0.520601
0.542991
0.056514
0.005981
0.193438
0.359725
0.474817
0.451765
0.066699
0.206655
0.119732
0.291597
0.278326
0.365574
0.565824
0.120799
0.626612
0.426107
0.237535
0.585723
0.290332
0.037883
0.287990
0.158278
0.552712
0.440104
0.139977
0.262665
0.213390
0.490853
0.193224
0.281430
0.267068
0.298201
0.259745
0.467526
0.090267
0.478141
0.113865
0.005808
0.281216
0.500137
0.025234
0.645067
0.153590
0.101764
0.070900
0.646380
0.319474
0.399350
0.230432
0.208160
0.165171
0.181552
0.200680
0.230732
0.021402
0.116342
0.444614
0.136496
0.248770
0.375129
0.156731
0.227085
0.203033
0.424101
0.133412
0.460264
0.391408
0.219746
0.127681
0.035303
0.343692
0.549428
0.265832
0.247422
0.252725
0.120884
0.346933
0.422597
0.031130
0.275496
0.225167
0.193168
0.113381
0.322154
0.090561
0.082518
0.051827
0.246049
0.161728
0.309928
0.124990
0.142009
0.109413
0.305255
0.207548
0.100125
0.159431
0.315674
0.121223
0.204418
0.131317
0.093271
0.097396
0.212883
0.330403
0.057905
0.121529
0.614965
0.408492
0.106543
0.059004
0.195722
0.063586
0.369165
0.111084
0.262320
0.151723
0.349491
0.613034
0.293075
0.150997
0.241063
0.371860
0.050459
0.352846
0.308774
0.301422
0.206289
0.340035
0.112586
0.156128
0.264959
0.226824
0.204469
0.180612
0.470043
0.141929
0.219117
0.276755
0.355621
0.218377
0.192608
0.440145
0.482911
0.251228
0.089061
0.242670
0.465808
0.486911
0.398474
0.106096
0.087238
0.204320
0.366362
0.429619
0.588299
0.305635
0.131969
0.271303
0.588068
0.301211
0.504867
0.144182
0.113727
0.250156
0.428982
0.340448
0.339081
0.376722
0.093049
0.130790
0.135818
0.442707
0.366472
0.081558
0.162480
0.212848
0.720753
0.202845
0.735891
0.116239
0.216837
0.123449
0.311250
0.233494
0.585973
0.231166
0.480285
0.155627
0.265076
0.614181
0.540915
0.035952
0.054763
0.181366
0.358504
0.425856
0.369707
0.157357
0.214331
0.154023
0.313469
0.251417
0.327483
0.450637
0.107656
0.501124
0.482186
0.196855
0.433891
0.189153
0.019483
0.154870
0.157139
0.536509
0.396847
0.228946
0.228271
0.225279
0.510322
0.152480
0.371487
0.369772
0.336642
0.313992
0.422195
0.292602
0.453635
0.153896
0.159960
0.212178
0.473737
0.047209
0.576755
0.175697
0.250454
0.115233
0.724443
0.268268
0.368101
0.123426
0.239207
0.087094
0.037999
0.241672
0.245436
0.104746
0.206702
0.362591
0.141715
0.168974
0.316265
0.055172
0.300227
0.193341
0.366187
0.151321
0.564791
0.290538
0.243567
0.169481
0.158631
0.234345
0.473622
0.199712
0.374057
0.246730
0.050351
0.338063
0.277305
0.045782
0.112292
0.290696
0.163219
0.088497
0.334811
0.083807
0.079044
0.228138
0.253909
0.138587
0.277633
0.269201
0.175868
0.006176
0.264100
0.165709
0.024522
0.146742
0.369426
0.028444
0.205486
0.140891
0.049744
0.179871
0.339864
0.307222
0.068216
0.084780
0.448912
0.396833
0.231109
0.085673
0.254109
0.071200
0.432526
0.077778
0.185698
0.177076
0.285075
0.540761
0.213919
0.212849
0.265194
0.364501
0.111395
0.320495
0.251084
0.199340
0.160958
0.230544
0.117697
0.223180
0.191683
0.170175
0.050285
0.230499
0.548823
0.143998
0.274548
0.224526
0.284428
0.224349
0.195884
0.479228
0.559957
0.279586
0.095224
0.200436
0.443828
0.451052
0.430930
0.050034
0.172297
0.309604
0.299450
0.419703
0.632898
0.257428
0.098185
0.167647
0.431623
0.329881
0.521696
0.156734
0.169605
0.264964
0.509563
0.281256
0.435619
0.278640
0.046982
0.042405
0.135738
0.537587
0.454991
0.072671
0.041700
0.184987
0.595513
0.232738
0.710132
0.157443
0.218134
0.111949
0.318229
0.328142
0.460643
0.229819
0.427732
0.129897
0.253364
0.479354
0.437749
0.044569
0.011882
0.238248
0.257233
0.258312
0.250562
0.230786
0.132020
0.109578
0.322363
0.309982
0.386676
0.332401
0.025477
0.341113
0.417522
0.182641
0.325687
0.063081
0.023950
0.011558
0.182192
0.462929
0.441131
0.100192
0.172224
0.107573
0.502219
0.174650
0.383799
0.460471
0.343766
0.352027
0.405761
0.425980
0.482518
0.203172
0.206139
0.042903
0.488869
0.094998
0.458043
0.151442
0.323724
0.176400
0.662105
0.245980
0.495869
0.065758
0.213869
0.089752
0.017143
0.303683
0.343328
0.229924
0.277712
0.297854
0.307291
0.377864
0.342408
0.025670
0.340873
0.187666
0.402510
0.062934
0.561864
0.187629
0.237090
0.201667
0.224841
0.235965
0.490230
0.280278
0.416314
0.235056
0.163661
0.464632
0.183072
0.128453
0.096258
0.216962
0.218204
0.057349
0.267415
0.089639
0.180856
0.364408
0.252005
0.090163
0.332820
0.339133
0.181966
0.090171
0.234873
0.272206
0.204436
0.138227
0.290072
0.152768
0.316828
0.298967
0.115385
0.157778
0.377591
0.313279
0.128089
0.103798
0.291088
0.487318
0.292022
0.175989
0.335670
0.025851
0.436436
0.157698
0.141013
0.226091
0.297557
0.529252
0.139004
0.238165
0.231162
0.337949
0.186607
0.322296
0.208221
0.146760
0.087782
0.103661
0.126931
0.231866
0.148011
0.212638
0.075462
0.175564
0.648730
0.175663
0.435351
0.157972
0.286580
0.200380
0.187421
0.386423
0.621427
0.287049
0.245950
0.267894
0.500469
0.444688
0.538751
0.261341
0.215026
0.319325
0.292907
0.402811
0.575044
0.318643
0.079614
0.108512
0.360654
0.247125
0.505924
0.206501
0.204169
0.399271
0.483525
0.230790
0.517064
0.228674
0.110670
0.085445
0.099514
0.542738
0.416834
0.053303
0.165110
0.165896
0.503059
0.329151
0.562963
0.052343
0.193322
0.152238
0.257426
0.409194
0.439713
0.281323
0.379272
0.050181
0.155476
0.402838
0.306901
0.102398
0.177056
0.237877
0.176715
0.208990
0.306574
0.352559
0.096031
0.123755
0.401610
0.428083
0.403546
0.299780
0.052476
0.215020
0.360223
0.223057
0.314706
0.082202
0.072810
0.061212
0.293245
0.417394
0.446203
0.144791
0.111677
0.126237
0.609835
0.171902
0.450689
0.445399
0.327657
0.336999
0.399660
0.473968
0.486939
0.252576
0.231733
0.072994
0.443752
0.205650
0.447711
0.125400
0.263546
0.155321
0.473048
0.291979
0.608881
0.049630
0.202758
0.159216
0.142933
0.356641
0.317020
0.236808
0.173225
0.168007
0.433274
0.371460
0.410416
0.028932
0.278071
0.226786
0.475094
0.085100
0.608769
0.113428
0.194877
0.151083
0.258086
0.323402
0.542849
0.313748
0.438131
0.240544
0.209376
0.488722
0.202596
0.227604
0.199113
0.095001
0.268710
0.204937
0.230072
0.146534
0.317845
0.349909
0.309856
0.087144
0.331201
0.405640
0.113910
0.021617
0.390467
0.348218
0.391780
0.188590
0.218333
0.205468
0.332144
0.305220
0.181807
0.087562
0.347958
0.435183
0.201584
0.158225
0.192698
0.467185
0.265700
0.278143
0.309560
0.120552
0.444781
0.261187
0.171669
0.171946
0.284281
0.545542
0.085924
0.296432
0.279572
0.322496
0.183089
0.311595
0.232130
0.166376
0.033014
0.093977
0.192036
0.147341
0.073907
0.235314
0.096795
0.130517
0.639400
0.124646
0.588728
0.199476
0.322064
0.219984
0.057131
0.244466
0.622788
0.186178
0.370160
0.323022
0.556997
0.405169
0.565079
0.293609
0.137355
0.277870
0.376946
0.326435
0.504718
0.299021
0.131379
0.139443
0.319970
0.147181
0.508641
0.308115
0.222064
0.389100
0.434615
0.232033
0.556483
0.226387
0.325146
0.053296
0.094873
0.481668
0.384514
0.172943
0.327826
0.092094
0.331439
0.345039
0.415026
0.129456
0.155215
0.128132
0.245938
0.508349
0.443959
0.309107
0.258641
0.080272
0.106386
0.391194
0.321546
0.060020
0.201047
0.254847
0.166137
0.229959
0.436232
0.538616
0.095362
0.058789
0.474740
0.438310
0.395733
0.229603
0.166607
0.223198
0.442518
0.265946
0.242170
0.182960
0.065028
0.107699
0.281766
0.469601
0.344188
0.182488
0.038556
0.080394
0.675236
0.110455
0.378126
0.321988
0.263511
0.283155
0.334925
0.434132
0.514685
0.146211
0.177853
0.196497
0.381237
0.284847
0.427164
0.165377
0.168947
0.137912
0.370799
0.297798
0.614575
0.097792
0.251176
0.258190
0.280896
0.357780
0.277627
0.140062
0.176121
0.094498
0.396875
0.251643
0.376297
0.080877
0.286412
0.243551
0.560045
0.105311
0.734605
0.158783
0.135126
0.041800
0.281249
0.376806
0.461756
0.384872
0.469805
0.373330
0.208754
0.457540
0.336961
0.164828
0.271904
0.218451
0.269332
0.288419
0.284387
0.246380
0.365297
0.298834
0.350515
0.190334
0.234730
0.402209
0.094058
0.131556
0.464927
0.333956
0.376946
0.266479
0.229677
0.264266
0.255981
0.320953
0.188201
0.054141
0.282892
0.478446
0.093769
0.197111
0.133540
0.376331
0.248371
0.266500
0.208810
0.127761
0.420071
0.215158
0.196313
0.185373
0.216623
0.490124
0.047114
0.299805
0.338869
0.327370
0.177613
0.256525
0.205330
0.135542
0.046661
0.108930
0.282451
0.046589
0.047607
0.135293
0.205124
0.235290
0.566268
0.138604
0.647560
0.363084
0.254126
0.206252
0.047712
0.114546
0.603036
0.084599
0.317914
0.314600
0.488702
0.351992
0.418295
0.280363
0.031401
0.208968
0.599952
0.274468
0.449882
0.373555
0.155769
0.299363
0.301761
0.146534
0.517792
0.387276
0.281180
0.345028
0.353791
0.188463
0.619050
0.223105
0.425253
0.003739
0.089936
0.472709
0.501106
0.225283
0.360663
0.113298
0.174710
0.257072
0.410815
0.208966
0.187775
0.123610
0.299937
0.567981
0.380616
0.338949
0.273955
0.207986
0.096999
0.376358
0.396055
0.119480
0.141277
0.390614
0.251444
0.241292
0.588425
0.641904
0.145912
0.050622
0.380554
0.394400
0.532706
0.107828
0.299590
0.155466
0.435612
0.282339
0.147653
0.175742
0.044723
0.165564
0.093990
0.464519
0.309137
0.128761
0.092446
0.202471
0.604320
0.040747
0.355584
0.174883
0.280717
0.268032
0.346799
0.345569
0.466386
0.032894
0.179724
0.228119
0.418239
0.235116
0.404643
0.250392
0.131678
0.194167
0.322008
0.276951
0.684449
0.107413
0.132876
0.308777
0.187738
0.357153
0.386438
0.178983
0.188208
0.144061
0.397877
0.222825
0.446781
0.150763
0.324203
0.221203
0.595417
0.208112
0.858609
0.194225
0.124459
0.029881
0.293785
0.415630
0.381543
0.412893
0.429002
0.582230
0.373031
0.361498
0.568015
0.178207
0.361838
0.279483
0.240888
0.326808
0.454708
0.157056
0.325497
0.277981
0.340223
0.267998
0.103314
0.315987
0.116836
0.165445
0.282518
0.246811
0.309730
0.345593
0.132390
0.209698
0.134332
0.347512
0.263114
0.042859
0.139340
0.383741
0.242444
0.193814
0.042333
0.319479
0.339644
0.103854
0.164497
0.127848
0.391982
0.155736
0.254918
0.223081
0.185414
0.248443
0.057515
0.230601
0.305832
0.342389
0.177616
0.247229
0.030093
0.078511
0.226765
0.089815
0.244772
0.153649
0.109915
