# G_3, p = 0.4000 GPa (dir_4000.0_bar).
# Isolated-8MR (not in any D8R): 192 rings x 101 frames = 19392 samples.
# Column: per-isolated-8MR Delta [A]
0.553328
0.566207
0.486924
0.590419
0.583734
0.590638
0.566220
0.486919
0.553340
0.583721
0.590447
0.590626
0.486944
0.553361
0.566243
0.583713
0.590419
0.590652
0.566236
0.553350
0.486938
0.590420
0.583703
0.590645
0.566207
0.486911
0.553325
0.590380
0.583714
0.590650
0.566204
0.553301
0.486917
0.590386
0.583714
0.590668
0.553287
0.486914
0.566208
0.583714
0.590380
0.590671
0.553287
0.486914
0.566215
0.590375
0.583702
0.590648
0.551909
0.566289
0.486003
0.585541
0.590726
0.590448
0.566277
0.486007
0.551909
0.585543
0.590708
0.590451
0.551928
0.485984
0.566337
0.590724
0.585534
0.590509
0.566335
0.551913
0.485985
0.590716
0.585570
0.590505
0.566298
0.486000
0.551906
0.590739
0.585561
0.590517
0.566305
0.551894
0.485997
0.585556
0.590737
0.590517
0.486004
0.551933
0.566295
0.590744
0.585522
0.590439
0.566306
0.486004
0.551920
0.590740
0.585522
0.590439
0.566208
0.553400
0.486023
0.593716
0.585495
0.593673
0.566221
0.553388
0.486030
0.593715
0.585520
0.593686
0.553398
0.486038
0.566220
0.585525
0.593738
0.593701
0.553400
0.486011
0.566219
0.593703
0.585532
0.593712
0.566209
0.486001
0.553332
0.593650
0.585483
0.593712
0.566218
0.486006
0.553332
0.585476
0.593660
0.593721
0.486003
0.553310
0.566197
0.585499
0.593640
0.593689
0.566204
0.553310
0.486006
0.593643
0.585499
0.593683
0.454265
0.488846
0.488854
0.454265
0.488838
0.454265
0.454253
0.488838
0.488812
0.454291
0.454291
0.488823
0.454264
0.488826
0.454277
0.488818
0.454303
0.487629
0.487616
0.454302
0.454289
0.487607
0.454287
0.487602
0.487689
0.454275
0.454239
0.487641
0.487637
0.454239
0.487631
0.454239
0.454263
0.488795
0.454262
0.488788
0.454252
0.488828
0.454250
0.488810
0.454277
0.488794
0.488798
0.454253
0.488827
0.454256
0.454268
0.488839
0.671997
0.559249
0.417196
0.597282
0.605871
0.568316
0.475295
0.468505
0.470597
0.631339
0.688553
0.670673
0.476036
0.556455
0.526524
0.567491
0.623785
0.732642
0.691173
0.559476
0.557252
0.649488
0.577360
0.696689
0.550436
0.469170
0.693886
0.623523
0.506108
0.575631
0.550973
0.568834
0.541343
0.426789
0.537141
0.647587
0.639616
0.494749
0.627004
0.496344
0.527698
0.552580
0.533340
0.473083
0.723577
0.561388
0.620261
0.524446
0.543698
0.584055
0.475290
0.501225
0.688943
0.524812
0.581601
0.676477
0.449150
0.570075
0.614160
0.614298
0.569626
0.425205
0.471162
0.618971
0.613184
0.571130
0.511874
0.666985
0.437279
0.625075
0.527357
0.514045
0.543672
0.619048
0.489227
0.582340
0.571046
0.563182
0.565409
0.424797
0.514952
0.542973
0.549697
0.467421
0.372496
0.697242
0.659236
0.825216
0.412962
0.464461
0.548089
0.529443
0.638612
0.645722
0.490214
0.517998
0.521133
0.390305
0.415453
0.602008
0.505248
0.667502
0.656402
0.526165
0.498547
0.423328
0.338746
0.553987
0.620137
0.620987
0.462695
0.584916
0.515326
0.550798
0.554736
0.425237
0.515798
0.674862
0.696284
0.682891
0.421264
0.471573
0.573663
0.475656
0.563863
0.818368
0.586772
0.524924
0.634657
0.688555
0.561591
0.364760
0.462902
0.577540
0.597441
0.638730
0.471175
0.900553
0.514180
0.697272
0.551262
0.719901
0.656369
0.458337
0.447286
0.368641
0.665337
0.433114
0.545234
0.564415
0.297883
0.358272
0.520004
0.538598
0.401142
0.391778
0.346940
0.485651
0.413350
0.382257
0.649017
0.412725
0.479013
0.409231
0.548361
0.459503
0.372347
0.637318
0.506031
0.375763
0.467462
0.517906
0.544079
0.561648
0.417965
0.406278
0.466434
0.452947
0.472926
0.328069
0.422144
0.529802
0.304195
0.570209
0.511198
0.579687
0.511488
0.403046
0.555878
0.432429
0.535931
0.612735
0.686474
0.496419
0.375835
0.508704
0.540530
0.433452
0.447720
0.424500
0.321240
0.690077
0.766174
0.669519
0.351391
0.535156
0.469839
0.531081
0.544542
0.725729
0.699486
0.593332
0.531974
0.601977
0.461794
0.621975
0.453964
0.466532
0.752522
0.622877
0.455508
0.558028
0.562941
0.541897
0.509624
0.310237
0.542355
0.663060
0.610022
0.608733
0.497293
0.489733
0.632690
0.459302
0.517504
0.481150
0.775298
0.468339
0.654816
0.538845
0.588476
0.550838
0.465888
0.391173
0.605592
0.447455
0.580632
0.706047
0.508529
0.594207
0.649738
0.736232
0.628157
0.409515
0.497537
0.648384
0.651483
0.559058
0.432975
0.804730
0.426738
0.572904
0.437474
0.510169
0.522406
0.660002
0.443504
0.627192
0.275982
0.533318
0.451532
0.260273
0.457176
0.631433
0.417374
0.345340
0.415435
0.894934
0.737451
0.864153
0.413162
0.440570
0.301385
0.581115
0.563263
0.488124
0.400458
0.508555
0.457183
0.214571
0.408802
0.684074
0.440821
0.628960
0.688728
0.361674
0.412066
0.491295
0.060539
0.528466
0.530286
0.643803
0.364886
0.523701
0.574473
0.417516
0.514767
0.374103
0.514071
0.695241
0.739649
0.685964
0.426772
0.541012
0.611291
0.417666
0.612972
0.885461
0.507030
0.535246
0.662988
0.727976
0.528709
0.327517
0.412661
0.509395
0.643206
0.683999
0.516028
1.114372
0.461814
0.724892
0.526512
0.825509
0.749723
0.489951
0.462708
0.276369
0.747473
0.555248
0.625549
0.559833
0.045468
0.310676
0.614133
0.563154
0.196055
0.229942
0.208674
0.376474
0.425215
0.309579
0.755993
0.393209
0.482623
0.312787
0.444712
0.422035
0.401100
0.739760
0.507516
0.269198
0.585985
0.363446
0.570700
0.483998
0.304728
0.415299
0.461479
0.453785
0.527245
0.317018
0.289133
0.512808
0.215697
0.590966
0.566559
0.639429
0.546617
0.380752
0.612337
0.503077
0.594122
0.774044
0.620777
0.495190
0.339880
0.466751
0.454413
0.413837
0.452755
0.418513
0.221680
0.725188
0.816490
0.599805
0.182687
0.478218
0.525564
0.548678
0.407620
0.718415
0.648644
0.712072
0.424067
0.472971
0.374385
0.427043
0.352232
0.449987
0.731098
0.611290
0.418683
0.623823
0.609947
0.454359
0.414696
0.281348
0.620288
0.620250
0.540085
0.714203
0.300680
0.493680
0.673694
0.301677
0.577697
0.616531
0.728881
0.424847
0.625971
0.710652
0.604399
0.456720
0.392596
0.372734
0.425467
0.467570
0.533267
0.523456
0.669981
0.776910
0.701745
0.893676
0.603714
0.530714
0.464758
0.578238
0.758207
0.551430
0.378630
0.818987
0.467604
0.535635
0.398953
0.553127
0.482945
0.578715
0.415358
0.715942
0.195700
0.504603
0.376976
0.219643
0.376363
0.681269
0.420258
0.286162
0.596286
0.975188
0.731932
0.696489
0.429989
0.360210
0.048655
0.642019
0.445024
0.259974
0.302726
0.476339
0.312333
0.161165
0.513983
0.778526
0.361435
0.594739
0.605652
0.189142
0.386739
0.467542
0.097309
0.692132
0.439010
0.587548
0.234940
0.431141
0.614632
0.385090
0.553118
0.423278
0.452374
0.642645
0.714373
0.631603
0.635588
0.691356
0.665743
0.383722
0.697231
0.758431
0.421241
0.532154
0.675047
0.692133
0.549738
0.456748
0.367415
0.364353
0.629108
0.698609
0.748037
1.138437
0.469818
0.677019
0.377121
0.836861
0.845740
0.570646
0.577756
0.375128
0.782959
0.666343
0.603414
0.512006
0.117213
0.360290
0.559328
0.557426
0.094631
0.209639
0.213459
0.257847
0.518326
0.309587
0.658119
0.431384
0.518594
0.200419
0.264559
0.359603
0.491349
0.840491
0.458160
0.322218
0.684228
0.117289
0.568643
0.290283
0.159510
0.445621
0.396191
0.493264
0.635694
0.386868
0.214113
0.457584
0.240958
0.407521
0.546720
0.654209
0.504263
0.456649
0.685147
0.682891
0.634415
0.783929
0.582732
0.559219
0.467057
0.333710
0.368494
0.466220
0.515748
0.376368
0.229265
0.779088
0.828456
0.541150
0.111524
0.361575
0.644333
0.643835
0.415063
0.792983
0.727018
0.769160
0.308227
0.473763
0.314908
0.467085
0.316848
0.440940
0.719784
0.573359
0.340008
0.646001
0.613843
0.447946
0.304981
0.431635
0.668325
0.516264
0.472107
0.684114
0.219369
0.455953
0.631459
0.383809
0.723536
0.718269
0.664738
0.431866
0.492513
0.872641
0.651491
0.422439
0.382524
0.372223
0.324299
0.547017
0.623576
0.280592
0.786030
0.931686
0.731692
0.985019
0.544115
0.547673
0.323414
0.494914
0.777463
0.543475
0.303491
0.785817
0.473996
0.539454
0.447816
0.514332
0.421590
0.550479
0.351176
0.642003
0.203948
0.379978
0.376518
0.253383
0.313431
0.604623
0.334100
0.222162
0.665141
1.048392
0.673393
0.524357
0.294391
0.366177
0.050361
0.686158
0.477030
0.286496
0.262024
0.432044
0.289560
0.263681
0.605461
0.811749
0.439747
0.653238
0.539227
0.125324
0.472354
0.333136
0.121195
0.639673
0.515612
0.550376
0.263671
0.333943
0.572969
0.341567
0.616619
0.436223
0.390763
0.435825
0.690103
0.706536
0.732720
0.771749
0.653552
0.367847
0.749523
0.655017
0.358273
0.527477
0.661511
0.653230
0.564855
0.478873
0.388529
0.250523
0.574660
0.741535
0.810383
1.150444
0.498478
0.573153
0.182324
0.807686
0.824179
0.564679
0.668243
0.440706
0.927576
0.728661
0.577387
0.391577
0.218143
0.356715
0.500823
0.602758
0.233079
0.231173
0.302614
0.226639
0.710250
0.325185
0.527673
0.426727
0.510292
0.178230
0.355604
0.367260
0.501845
0.975277
0.368652
0.282293
0.683369
0.057998
0.493556
0.198617
0.223769
0.458263
0.290202
0.498143
0.787887
0.389948
0.283853
0.436000
0.293779
0.221015
0.472040
0.483233
0.533090
0.560888
0.765802
0.767000
0.672456
0.745039
0.582085
0.604546
0.473422
0.369667
0.320997
0.605870
0.555035
0.284649
0.271716
0.799579
0.800882
0.519217
0.061192
0.231464
0.694423
0.736069
0.505191
0.882342
0.860340
0.669782
0.309849
0.588122
0.233450
0.460817
0.311814
0.431989
0.716007
0.648002
0.285324
0.635710
0.512429
0.432882
0.226338
0.406638
0.607302
0.532093
0.426466
0.693367
0.237547
0.283861
0.530622
0.472478
0.770126
0.691367
0.752604
0.434013
0.374661
0.887892
0.662702
0.412035
0.313634
0.319022
0.306821
0.435219
0.674957
0.281415
0.716969
0.929169
0.724943
0.928479
0.533500
0.471425
0.255544
0.517500
0.664723
0.506201
0.241936
0.711151
0.410842
0.510119
0.492376
0.473931
0.351114
0.629997
0.301008
0.615217
0.149780
0.255203
0.386256
0.289863
0.238785
0.446817
0.237358
0.153051
0.579585
1.026647
0.631243
0.481279
0.308112
0.466950
0.190627
0.649669
0.603847
0.351993
0.274769
0.391574
0.215917
0.359796
0.560488
0.675533
0.538692
0.685354
0.432595
0.122921
0.580112
0.382580
0.156237
0.604282
0.715214
0.583344
0.282272
0.302567
0.537322
0.361357
0.584311
0.441527
0.318133
0.233196
0.706920
0.873122
0.667842
0.733804
0.588737
0.413671
0.723568
0.648144
0.353156
0.478856
0.776827
0.603116
0.563206
0.481737
0.414560
0.161353
0.510031
0.805715
0.693698
1.168506
0.502506
0.463709
0.168819
0.770653
0.663548
0.538550
0.679407
0.449985
0.970913
0.701300
0.566245
0.232557
0.287818
0.249168
0.453502
0.616809
0.186413
0.267656
0.318395
0.286137
0.819564
0.359712
0.617162
0.418993
0.351506
0.181166
0.402795
0.466477
0.399606
1.104976
0.317991
0.371259
0.617628
0.046963
0.529606
0.162981
0.195212
0.401883
0.190290
0.406502
0.883995
0.224583
0.302160
0.387644
0.324016
0.292936
0.389700
0.345455
0.621754
0.470775
0.835255
0.705258
0.670309
0.810339
0.573726
0.572564
0.360532
0.322387
0.297790
0.605969
0.463628
0.152617
0.308163
0.800224
0.772983
0.519693
0.111821
0.273307
0.746289
0.666031
0.671935
0.837244
0.873871
0.466828
0.362433
0.570205
0.195523
0.520258
0.253879
0.474611
0.657891
0.660030
0.250155
0.659752
0.412006
0.384422
0.237061
0.283220
0.495847
0.475288
0.424182
0.828783
0.282910
0.208388
0.443008
0.471541
0.752016
0.582035
0.807780
0.377771
0.368455
0.690269
0.562802
0.280037
0.217387
0.320536
0.307542
0.361677
0.655066
0.440020
0.455266
0.908419
0.718456
0.869569
0.502202
0.479909
0.200601
0.419078
0.503015
0.559856
0.299684
0.617867
0.362782
0.584428
0.464648
0.478107
0.368950
0.745080
0.402847
0.569224
0.160527
0.199582
0.326446
0.310840
0.169927
0.315905
0.245392
0.054046
0.498728
0.956466
0.626578
0.450327
0.319510
0.442332
0.191481
0.628285
0.619852
0.341206
0.308947
0.266601
0.307550
0.312321
0.479987
0.586799
0.598178
0.803125
0.329112
0.187173
0.569616
0.459112
0.087047
0.645161
0.742709
0.628707
0.252220
0.162548
0.581914
0.430970
0.512360
0.443611
0.288482
0.178026
0.644502
0.855216
0.666411
0.571010
0.531846
0.388333
0.713130
0.662752
0.427704
0.410864
0.865085
0.444602
0.598544
0.431835
0.265868
0.122802
0.492676
0.848154
0.574099
1.085457
0.408748
0.420855
0.330444
0.679679
0.441876
0.577023
0.574004
0.436900
0.925486
0.647800
0.557969
0.143231
0.237226
0.240131
0.487074
0.505872
0.192740
0.340764
0.214765
0.264159
0.786037
0.424095
0.793021
0.470286
0.296455
0.118728
0.488489
0.549358
0.232274
1.059210
0.286460
0.479201
0.602903
0.168914
0.616933
0.170521
0.158716
0.335573
0.162224
0.370098
0.786401
0.077725
0.201493
0.389251
0.347729
0.475275
0.352074
0.260767
0.673098
0.249311
0.915605
0.667561
0.567803
0.838615
0.547613
0.471250
0.279906
0.383196
0.302733
0.529539
0.326650
0.193758
0.321969
0.797100
0.799666
0.567265
0.203876
0.296495
0.866628
0.662419
0.780761
0.674497
0.676068
0.363098
0.416455
0.522031
0.334776
0.589490
0.145838
0.486736
0.594144
0.574890
0.276250
0.678929
0.338691
0.326821
0.339946
0.292154
0.377684
0.343165
0.499373
0.899411
0.268105
0.109485
0.426480
0.450402
0.687314
0.556664
0.704467
0.330945
0.415009
0.645499
0.398914
0.162424
0.195752
0.375050
0.373844
0.396244
0.607416
0.330244
0.367092
0.910506
0.696918
0.935669
0.431288
0.474598
0.197515
0.315179
0.398277
0.645017
0.360012
0.585424
0.335129
0.573883
0.306208
0.477744
0.396058
0.701780
0.529818
0.507427
0.181294
0.216703
0.268724
0.278514
0.082905
0.333539
0.320977
0.052583
0.452727
0.806285
0.611847
0.461121
0.186697
0.411204
0.075506
0.667741
0.490206
0.320003
0.325750
0.213053
0.533397
0.389290
0.407644
0.608672
0.603862
0.862913
0.284469
0.220144
0.530231
0.391292
0.058838
0.691353
0.618586
0.594286
0.255840
0.015330
0.511743
0.552282
0.405976
0.407899
0.195061
0.227262
0.566599
0.769023
0.756413
0.452414
0.458231
0.384717
0.744858
0.649416
0.429219
0.319329
0.885742
0.347738
0.618724
0.451629
0.115735
0.139042
0.539498
0.750820
0.626963
0.941241
0.315221
0.377193
0.471050
0.571102
0.312333
0.587680
0.480083
0.352101
0.890840
0.624311
0.508884
0.084815
0.214429
0.241361
0.525673
0.458343
0.272075
0.443945
0.208715
0.296863
0.736516
0.571613
0.864504
0.538941
0.309737
0.155258
0.431257
0.527238
0.105780
0.852647
0.234417
0.515137
0.521714
0.253070
0.632563
0.243895
0.197182
0.399231
0.099215
0.421747
0.593794
0.085340
0.111800
0.443755
0.424805
0.639226
0.384247
0.173862
0.608901
0.207305
0.969777
0.681840
0.399032
0.645927
0.487678
0.369291
0.320183
0.294060
0.292338
0.465888
0.259110
0.321996
0.314380
0.757340
0.804901
0.582931
0.237783
0.298396
0.924270
0.781036
0.839195
0.555475
0.462323
0.339947
0.506967
0.494120
0.405340
0.641646
0.076545
0.368135
0.505595
0.509504
0.349866
0.599309
0.288783
0.195796
0.457387
0.273963
0.193223
0.226138
0.574358
0.828436
0.211629
0.053183
0.438038
0.438504
0.684373
0.570111
0.518894
0.335381
0.454437
0.820417
0.231152
0.233176
0.222454
0.472347
0.370200
0.413987
0.550720
0.270133
0.423877
0.876376
0.702535
0.984985
0.350328
0.411652
0.147308
0.307872
0.305618
0.589878
0.319137
0.494072
0.343932
0.472000
0.425834
0.484594
0.429527
0.584655
0.490830
0.433622
0.190620
0.296461
0.188996
0.184623
0.165103
0.403500
0.346480
0.095770
0.281763
0.748493
0.669776
0.587724
0.235945
0.354020
0.172958
0.679965
0.413420
0.329115
0.290751
0.250993
0.569713
0.380974
0.391617
0.710656
0.493356
0.929185
0.203694
0.252323
0.592360
0.408757
0.110591
0.671837
0.462478
0.526629
0.258446
0.028453
0.410419
0.576254
0.312410
0.332900
0.197157
0.271454
0.528872
0.706740
0.780638
0.416667
0.389825
0.394342
0.819970
0.587979
0.423236
0.255620
0.887369
0.389698
0.537598
0.488080
0.071318
0.149853
0.509178
0.653312
0.639906
0.849013
0.265664
0.439573
0.451881
0.487934
0.334523
0.635567
0.554045
0.267857
0.859787
0.580947
0.442582
0.163186
0.217894
0.255333
0.600590
0.465827
0.290238
0.435537
0.279643
0.392316
0.722292
0.532220
0.823473
0.493343
0.269476
0.108815
0.387759
0.416662
0.097663
0.650321
0.175961
0.557543
0.382349
0.228603
0.565198
0.260132
0.221693
0.487056
0.094324
0.457724
0.575365
0.101310
0.247899
0.436072
0.519952
0.531443
0.436189
0.102721
0.483481
0.186002
0.991125
0.668826
0.370731
0.370210
0.404167
0.271304
0.300705
0.259963
0.360858
0.476498
0.237543
0.283273
0.400407
0.792948
0.758642
0.610612
0.297433
0.277410
0.768284
0.881956
0.750499
0.563293
0.364585
0.343420
0.416786
0.455377
0.490729
0.689776
0.213768
0.207025
0.389994
0.595307
0.446951
0.465210
0.321490
0.189761
0.454905
0.247220
0.036920
0.292560
0.535094
0.699137
0.318252
0.102279
0.350633
0.461303
0.733635
0.376369
0.407232
0.452894
0.485753
0.865153
0.162217
0.174898
0.195837
0.591593
0.555651
0.421041
0.525468
0.287881
0.491660
0.847594
0.664162
0.920605
0.309341
0.338027
0.121461
0.310302
0.201808
0.497779
0.266628
0.406440
0.271196
0.448049
0.344025
0.543467
0.447685
0.575481
0.345040
0.406439
0.198482
0.406320
0.115704
0.176917
0.265856
0.455045
0.393304
0.210983
0.148058
0.742144
0.687026
0.643277
0.417457
0.324445
0.202144
0.683695
0.483344
0.401120
0.272641
0.301638
0.483768
0.353106
0.362396
0.709864
0.352901
0.871351
0.073198
0.284456
0.645741
0.579036
0.128968
0.734510
0.396851
0.454541
0.225215
0.101605
0.446394
0.604084
0.214887
0.320130
0.162946
0.261760
0.585989
0.648289
0.643353
0.442939
0.370977
0.443639
0.795672
0.589658
0.436867
0.263446
0.789838
0.420851
0.493899
0.510680
0.074270
0.176979
0.355466
0.581065
0.545659
0.824815
0.196853
0.533162
0.404741
0.439847
0.364615
0.761713
0.586974
0.212710
0.793951
0.442951
0.391700
0.119209
0.268437
0.240113
0.681123
0.396408
0.353464
0.308985
0.298687
0.428146
0.716520
0.380415
0.665895
0.375491
0.289653
0.099599
0.321444
0.253902
0.229088
0.596171
0.146395
0.688726
0.207516
0.209264
0.589038
0.206035
0.232589
0.577481
0.194751
0.412747
0.711460
0.118944
0.392144
0.358404
0.551174
0.377107
0.415042
0.070088
0.461727
0.090233
0.994828
0.576497
0.493584
0.267429
0.330488
0.262866
0.314208
0.248345
0.362738
0.440748
0.205573
0.214727
0.461505
0.760730
0.640510
0.632337
0.381701
0.337773
0.514189
0.791848
0.599200
0.496775
0.258820
0.215853
0.327878
0.491286
0.455120
0.720576
0.284585
0.098131
0.324363
0.573443
0.456341
0.385563
0.373204
0.266828
0.364692
0.276983
0.074077
0.385321
0.380046
0.618876
0.369879
0.128054
0.429050
0.440300
0.729881
0.106314
0.388378
0.573177
0.471483
0.858085
0.241558
0.150989
0.174371
0.629866
0.656791
0.429177
0.457030
0.350890
0.530158
0.783263
0.607520
0.779389
0.312712
0.320081
0.124562
0.245231
0.134594
0.499810
0.307880
0.269327
0.244174
0.496897
0.240738
0.536956
0.450906
0.545870
0.389965
0.392438
0.286013
0.530962
0.137632
0.242572
0.215555
0.457846
0.536842
0.376429
0.139802
0.626874
0.611827
0.686990
0.599370
0.353630
0.245629
0.600360
0.486834
0.464537
0.326734
0.348373
0.382885
0.464346
0.419977
0.640345
0.252871
0.831311
0.120358
0.250403
0.547513
0.612765
0.179141
0.814961
0.384461
0.447312
0.212322
0.233351
0.379566
0.528207
0.123829
0.294755
0.125441
0.132694
0.595408
0.570044
0.430052
0.417946
0.319689
0.470739
0.651573
0.672893
0.474170
0.348618
0.668939
0.403680
0.595648
0.487126
0.021130
0.256661
0.224658
0.506264
0.383966
0.760750
0.156537
0.584618
0.421386
0.388718
0.323414
0.744302
0.440627
0.194496
0.671021
0.336511
0.408611
0.103384
0.271385
0.180197
0.779838
0.263373
0.398508
0.305677
0.248590
0.356060
0.640712
0.330308
0.403213
0.321230
0.194259
0.083262
0.238312
0.201723
0.302772
0.567860
0.165107
0.862003
0.259664
0.298730
0.641519
0.257439
0.164301
0.640568
0.289343
0.289611
0.670647
0.155009
0.359523
0.320748
0.455892
0.344732
0.341843
0.091643
0.465474
0.113897
0.859641
0.330657
0.504038
0.274949
0.360530
0.262935
0.331068
0.317759
0.394027
0.371425
0.106362
0.250436
0.458623
0.559270
0.487548
0.580574
0.379363
0.466008
0.525093
0.582319
0.633436
0.413302
0.177740
0.071301
0.356313
0.447282
0.331091
0.730045
0.426080
0.041162
0.355413
0.382079
0.439253
0.400274
0.339980
0.362555
0.327900
0.265509
0.054839
0.422120
0.293248
0.627252
0.340535
0.173193
0.368680
0.520031
0.636833
0.168924
0.378587
0.658530
0.381944
0.818538
0.300445
0.249240
0.266256
0.469585
0.619835
0.372617
0.376551
0.447051
0.586519
0.680052
0.540558
0.654699
0.254353
0.326419
0.204330
0.281251
0.086223
0.411859
0.337240
0.088286
0.187448
0.512859
0.265258
0.406582
0.542557
0.399031
0.374229
0.430333
0.364304
0.607014
0.105781
0.202199
0.103028
0.407663
0.724571
0.511788
0.291840
0.412760
0.469028
0.597046
0.668091
0.227369
0.267832
0.538540
0.426724
0.515264
0.400776
0.450710
0.347423
0.568682
0.454161
0.557238
0.282901
0.795231
0.187261
0.244207
0.372721
0.456187
0.290024
0.778371
0.375278
0.405369
0.282545
0.239936
0.394115
0.443513
0.151754
0.302685
0.194601
0.102462
0.472068
0.551532
0.295426
0.308345
0.262255
0.538990
0.468054
0.780449
0.503815
0.250566
0.610154
0.439246
0.786614
0.594662
0.172799
0.297873
0.190968
0.446546
0.302590
0.591096
0.289048
0.594580
0.475204
0.314897
0.301230
0.671763
0.214039
0.250311
0.527413
0.307152
0.416342
0.022920
0.236568
0.140494
0.652956
0.200796
0.303059
0.241438
0.174205
0.277230
0.499996
0.446150
0.192694
0.333588
0.120834
0.126421
0.137473
0.176969
0.190593
0.464713
0.266737
0.760421
0.354846
0.396379
0.591959
0.359630
0.129654
0.622595
0.339546
0.191714
0.441724
0.205986
0.207736
0.305574
0.360514
0.391016
0.218812
0.149442
0.314096
0.229701
0.717926
0.150238
0.440374
0.244868
0.371124
0.162848
0.291208
0.342287
0.347712
0.463685
0.145428
0.315293
0.412645
0.425352
0.525720
0.500814
0.396217
0.525649
0.616881
0.378699
0.565406
0.407385
0.212478
0.062617
0.422995
0.412928
0.310541
0.662324
0.532300
0.153681
0.302512
0.205393
0.452162
0.369469
0.406372
0.437925
0.353535
0.320548
0.084161
0.391426
0.276962
0.625910
0.226640
0.144013
0.272857
0.666594
0.446752
0.184025
0.258841
0.556054
0.384579
0.744533
0.329670
0.265769
0.399454
0.424878
0.626107
0.366525
0.504874
0.345671
0.570542
0.548885
0.482786
0.530843
0.179154
0.275087
0.156685
0.311793
0.067891
0.414326
0.357542
0.084232
0.153381
0.494289
0.389695
0.512451
0.582408
0.274320
0.345608
0.508572
0.273693
0.525414
0.202737
0.095076
0.187667
0.273807
0.674451
0.549411
0.298357
0.287896
0.504206
0.541551
0.587456
0.360960
0.177173
0.468716
0.336050
0.534851
0.417492
0.520511
0.403169
0.611203
0.344796
0.506201
0.300618
0.736499
0.078568
0.346493
0.247969
0.479367
0.370379
0.588060
0.320367
0.393994
0.360253
0.157628
0.409095
0.470342
0.166867
0.274038
0.210779
0.181987
0.314656
0.530471
0.273206
0.315841
0.258015
0.526703
0.303893
0.750528
0.473481
0.084643
0.433812
0.486398
0.803778
0.692524
0.223111
0.323136
0.179272
0.406929
0.320821
0.471449
0.460192
0.570595
0.478812
0.248579
0.359314
0.647587
0.077356
0.282626
0.375932
0.368995
0.330427
0.146429
0.303232
0.118317
0.419525
0.228493
0.063448
0.239900
0.161221
0.132539
0.360652
0.469357
0.169474
0.239605
0.165494
0.150262
0.096283
0.067843
0.193509
0.373695
0.360162
0.512614
0.296734
0.425305
0.452248
0.311176
0.143554
0.577510
0.224282
0.033538
0.210013
0.254371
0.148781
0.183027
0.366340
0.455921
0.064974
0.041513
0.148758
0.139133
0.591979
0.099752
0.300608
0.114367
0.323502
0.162080
0.219777
0.396287
0.343446
0.525005
0.145561
0.169617
0.373935
0.454740
0.362820
0.416342
0.417738
0.508514
0.533760
0.264135
0.494903
0.374985
0.321852
0.086432
0.370489
0.346161
0.247880
0.673916
0.455951
0.235539
0.157346
0.288322
0.546511
0.436322
0.511145
0.430641
0.454847
0.401771
0.203384
0.450476
0.224640
0.476672
0.060548
0.073604
0.277933
0.658134
0.338125
0.212570
0.159591
0.519440
0.476305
0.603620
0.340236
0.239898
0.308846
0.421166
0.608860
0.430915
0.687266
0.266648
0.546567
0.420544
0.523116
0.366444
0.118942
0.209112
0.046891
0.362022
0.124831
0.456605
0.427514
0.141327
0.148727
0.552209
0.539261
0.614517
0.563259
0.230055
0.248188
0.626240
0.149824
0.517550
0.245720
0.053354
0.257232
0.208472
0.550587
0.574162
0.139532
0.364958
0.608141
0.473308
0.471109
0.534511
0.266857
0.306890
0.206513
0.612291
0.384683
0.510502
0.449052
0.639128
0.222570
0.450561
0.378535
0.651392
0.079027
0.334449
0.192768
0.608003
0.293008
0.501907
0.261429
0.353312
0.393725
0.153265
0.409493
0.467112
0.134800
0.222040
0.210741
0.191261
0.214770
0.464535
0.213191
0.310308
0.290952
0.499530
0.348606
0.801499
0.458180
0.022095
0.256158
0.467796
0.714465
0.726939
0.175684
0.437014
0.230140
0.423910
0.321333
0.492389
0.535508
0.579558
0.482665
0.183475
0.242185
0.570011
0.269428
0.241150
0.185924
0.364114
0.139552
0.343795
0.430289
0.137692
0.268263
0.268459
0.190477
0.279829
0.199648
0.118675
0.254559
0.319540
0.064645
0.153703
0.186188
0.140992
0.048522
0.093048
0.129656
0.288902
0.392599
0.359121
0.296281
0.429904
0.375344
0.238351
0.193451
0.476897
0.188220
0.069448
0.159265
0.245988
0.335169
0.150611
0.457120
0.477494
0.056138
0.219053
0.099313
0.067854
0.389515
0.136679
0.238249
0.081946
0.175070
0.209954
0.234060
0.316254
0.325573
0.556735
0.334467
0.056862
0.323202
0.482916
0.244828
0.417607
0.372846
0.565905
0.315825
0.214948
0.358225
0.409270
0.341571
0.110788
0.273067
0.275077
0.168532
0.666604
0.306467
0.221721
0.236997
0.306739
0.578795
0.548910
0.663006
0.439519
0.547010
0.441781
0.269004
0.410023
0.128273
0.282357
0.119524
0.063035
0.273873
0.567722
0.308799
0.243788
0.086103
0.501253
0.584741
0.475265
0.305129
0.241447
0.146554
0.394664
0.576990
0.470494
0.802722
0.255465
0.612919
0.236391
0.609137
0.160250
0.152991
0.223521
0.097294
0.490561
0.152058
0.418986
0.493630
0.134325
0.164107
0.556829
0.573188
0.598450
0.520810
0.247715
0.159248
0.587553
0.023608
0.549823
0.222758
0.101588
0.274903
0.131946
0.536166
0.530735
0.098104
0.309613
0.541338
0.431719
0.510001
0.667781
0.288816
0.131276
0.208789
0.595920
0.369948
0.553078
0.386798
0.595538
0.216774
0.414096
0.419627
0.623238
0.119768
0.195755
0.169727
0.724020
0.238021
0.496773
0.194780
0.190070
0.426136
0.165168
0.413945
0.411430
0.137867
0.159997
0.241489
0.215983
0.136576
0.519155
0.137820
0.236864
0.331466
0.464105
0.310047
0.886428
0.467127
0.066181
0.145202
0.387640
0.654443
0.681248
0.285600
0.553251
0.295144
0.412266
0.232827
0.460289
0.449632
0.516049
0.467520
0.144020
0.166439
0.412046
0.301885
0.284761
0.203577
0.242761
0.092474
0.272225
0.522890
0.123964
0.209697
0.150730
0.298724
0.257744
0.222068
0.145998
0.087006
0.200266
0.082276
0.089249
0.167048
0.165080
0.069049
0.063911
0.036445
0.147487
0.412436
0.310406
0.177532
0.462545
0.416002
0.228456
0.162333
0.417116
0.165506
0.144361
0.126968
0.207786
0.501993
0.284593
0.531570
0.444875
0.169191
0.409373
0.127867
0.065121
0.166925
0.053877
0.204003
0.140694
0.119049
0.128560
0.256120
0.364974
0.344712
0.474851
0.436088
0.020193
0.280363
0.438184
0.283559
0.436312
0.309728
0.667855
0.238212
0.181809
0.252153
0.486768
0.264921
0.048195
0.290728
0.214779
0.169315
0.630267
0.134602
0.162084
0.118019
0.321354
0.587249
0.613028
0.648927
0.455935
0.554422
0.452974
0.258396
0.320010
0.254588
0.182479
0.157256
0.087609
0.335168
0.556077
0.310562
0.308678
0.145280
0.529259
0.515125
0.384702
0.166047
0.253404
0.272672
0.353488
0.451448
0.550095
0.730429
0.302753
0.684478
0.193222
0.593760
0.291058
0.203437
0.280756
0.197632
0.631663
0.107666
0.448343
0.421931
0.146434
0.198824
0.479661
0.495268
0.524297
0.431397
0.312734
0.094503
0.521611
0.146963
0.629999
0.263118
0.157892
0.321685
0.062972
0.604261
0.568364
0.120890
0.180202
0.341529
0.431015
0.614564
0.793662
0.240489
0.094792
0.190663
0.484550
0.313916
0.729888
0.328075
0.497455
0.279552
0.431498
0.367355
0.615492
0.090021
0.136578
0.112901
0.818582
0.256046
0.462230
0.099318
0.115986
0.447128
0.177030
0.390993
0.372434
0.196874
0.178676
0.375170
0.320350
0.260415
0.394425
0.087787
0.174209
0.235667
0.360259
0.377970
0.937226
0.415590
0.088763
0.067066
0.355525
0.646507
0.655500
0.340180
0.615650
0.275804
0.257358
0.269141
0.464160
0.346951
0.448054
0.358307
0.293178
0.055175
0.199732
0.233078
0.342738
0.120440
0.112988
0.138168
0.105615
0.437102
0.074248
0.173698
0.065225
0.310205
0.224036
0.169216
0.195446
0.144899
0.213954
0.048724
0.103427
0.132892
0.117634
0.186023
0.223477
0.169475
0.118503
0.342529
0.209807
0.076756
0.513234
0.515800
0.264761
0.215175
0.437460
0.067809
0.222430
0.080353
0.240106
0.450707
0.335892
0.565354
0.358713
0.249560
0.375696
0.037914
0.051949
0.051020
0.086005
0.257296
0.243039
0.152034
0.053112
0.176743
0.409512
0.356747
0.347777
0.381009
0.077620
0.248412
0.286708
0.314318
0.376553
0.198720
0.618414
0.294263
0.230948
0.182364
0.570748
0.139191
0.065252
0.352328
0.282796
0.215847
0.595178
0.137489
0.170391
0.084631
0.254740
0.577398
0.519717
0.436245
0.346967
0.447273
0.542561
0.317339
0.362022
0.229536
0.231281
0.292058
0.111251
0.324347
0.591345
0.279626
0.310253
0.049055
0.541224
0.451977
0.288261
0.054916
0.203753
0.190555
0.273187
0.438983
0.681441
0.543724
0.321719
0.663624
0.181677
0.532673
0.343232
0.158083
0.277086
0.157337
0.657573
0.035763
0.456794
0.296845
0.184665
0.262274
0.338673
0.334667
0.458214
0.364748
0.290038
0.124317
0.513971
0.115874
0.581058
0.241334
0.161389
0.293597
0.084736
0.601597
0.603063
0.125781
0.158403
0.163995
0.389714
0.732304
0.889031
0.168592
0.130438
0.123357
0.370514
0.226005
0.796950
0.320466
0.405162
0.215323
0.511167
0.281093
0.589123
0.084549
0.164251
0.108155
0.865473
0.380360
0.427436
0.082247
0.117901
0.476771
0.201746
0.373010
0.291486
0.289575
0.214005
0.306947
0.433754
0.196463
0.222825
0.167027
0.144076
0.127427
0.340537
0.514366
0.859286
0.246095
0.064229
0.044876
0.325381
0.537091
0.653237
0.259918
0.487780
0.313984
0.210000
0.243578
0.417117
0.361871
0.430854
0.131748
0.339066
0.066425
0.202931
0.205115
0.272680
0.032959
0.216282
0.197883
0.176683
0.300094
0.064996
0.069081
0.048325
0.281755
0.182909
0.041874
0.165531
0.306796
0.116949
0.071254
0.156252
0.136985
0.257045
0.206990
0.304305
0.278740
0.178959
0.239060
0.230281
0.060879
0.487640
0.450985
0.168825
0.287916
0.376510
0.084328
0.285422
0.202609
0.272089
0.417655
0.287699
0.462296
0.305248
0.267235
0.350427
0.075050
0.065140
0.244649
0.215360
0.327043
0.167901
0.138496
0.041832
0.082292
0.448204
0.288226
0.470030
0.200045
0.192087
0.259117
0.375608
0.315190
0.233450
0.053514
0.482941
0.301574
0.367445
0.208150
0.582051
0.086869
0.048026
0.381627
0.364968
0.160386
0.557177
0.222714
0.184551
0.071152
0.248156
0.596210
0.439894
0.374186
0.297515
0.291549
0.662268
0.275417
0.514202
0.098876
0.376907
0.454516
0.198524
0.422735
0.605801
0.140995
0.264886
0.103515
0.441814
0.300367
0.269128
0.080412
0.203310
0.092402
0.319568
0.348139
0.744320
0.405613
0.275012
0.515274
0.107181
0.505898
0.418158
0.180811
0.298054
0.150722
0.591871
0.046299
0.432039
0.292101
0.242031
0.258939
0.322255
0.214964
0.405747
0.315472
0.218050
0.157403
0.528463
0.138344
0.485939
0.157044
0.142024
0.275641
0.214475
0.610855
0.559168
0.134175
0.296758
0.179496
0.313932
0.694745
0.879881
0.177799
0.170594
0.077451
0.380733
0.130819
0.649103
0.414185
0.296526
0.090327
0.445161
0.342502
0.518206
0.086398
0.213705
0.165893
0.736863
0.505225
0.401431
0.139969
0.108283
0.445710
0.311148
0.344065
0.366131
0.311675
0.346761
0.175542
0.425297
0.077209
0.126605
0.207733
0.141058
0.233325
0.350275
0.499719
0.752019
0.231562
0.014383
0.053490
0.236126
0.352206
0.646577
0.192711
0.330936
0.416308
0.286690
0.285188
0.356365
0.435693
0.375477
0.127938
0.356257
0.101204
0.158400
0.215400
0.259435
0.165219
0.291242
0.221020
0.228100
0.154252
0.071510
0.075593
0.076832
0.243652
0.207005
0.071508
0.085200
0.347936
0.102142
0.129209
0.280950
0.132400
0.258987
0.162255
0.217959
0.433149
0.261729
0.167805
0.231138
0.026812
0.472635
0.206793
0.113838
0.299653
0.203158
0.037838
0.262266
0.224449
0.182562
0.335852
0.212531
0.285410
0.332316
0.216680
0.286215
0.050216
0.110931
0.369655
0.208049
0.361210
0.155048
0.130100
0.040228
0.154944
0.427701
0.163053
0.502273
0.057882
0.245848
0.313704
0.385455
0.451259
0.203564
0.026485
0.324139
0.196844
0.499928
0.140637
0.521442
0.117773
0.060932
0.369505
0.405684
0.084412
0.566390
0.294919
0.181981
0.056247
0.292365
0.578254
0.426285
0.396443
0.269356
0.235936
0.643929
0.183518
0.529874
0.150120
0.371862
0.442829
0.189935
0.435859
0.490203
0.055104
0.240387
0.109165
0.382477
0.232232
0.235312
0.195265
0.216907
0.134927
0.276318
0.278457
0.645528
0.205668
0.123566
0.306339
0.104664
0.557072
0.601343
0.207792
0.291207
0.255965
0.496905
0.121384
0.330553
0.337652
0.366332
0.173185
0.307020
0.213163
0.541522
0.222207
0.202213
0.248334
0.370432
0.163354
0.448624
0.130951
0.215477
0.243168
0.303547
0.526252
0.473649
0.213031
0.291531
0.228055
0.328108
0.475233
0.718036
0.223378
0.129651
0.032266
0.435677
0.066321
0.520597
0.487908
0.221434
0.024685
0.287348
0.404428
0.423501
0.095968
0.160128
0.338398
0.614198
0.609529
0.424684
0.101181
0.130010
0.408781
0.337758
0.318062
0.313443
0.271077
0.379586
0.154617
0.422997
0.203142
0.162909
0.233596
0.130529
0.311968
0.395386
0.313543
0.678208
0.303796
0.037075
0.095260
0.131394
0.254052
0.653481
0.146575
0.238050
0.296269
0.254032
0.300002
0.415707
0.457454
0.300817
0.178161
0.482520
0.051076
0.096353
0.218859
0.279707
0.317711
0.259424
0.175307
0.170824
0.139231
0.113333
0.138638
0.181751
0.273361
0.226707
0.096316
0.156580
0.357747
0.191529
0.228378
0.313817
0.095870
0.286939
0.126668
0.187599
0.514852
0.246904
0.182878
0.379506
0.121378
0.461557
0.260022
0.068033
0.361040
0.065614
0.058508
0.207328
0.260186
0.220433
0.029270
0.218285
0.166852
0.343486
0.109037
0.343582
0.139255
0.173798
0.402863
0.168499
0.278260
0.156747
0.269139
0.082866
0.241988
0.489091
0.094154
0.546895
0.104727
0.151587
0.288308
0.265855
0.584089
0.231893
0.109237
0.209051
0.355527
0.553706
0.177671
0.594166
0.147975
0.185156
0.349221
0.335042
0.107589
0.574231
0.311224
0.047660
0.126328
0.409188
0.461263
0.489009
0.290457
0.291048
0.194558
0.516477
0.252211
0.465197
0.169093
0.235517
0.293547
0.157521
0.592305
0.445637
0.136642
0.158077
0.126598
0.482950
0.216024
0.276259
0.329652
0.195752
0.090801
0.223964
0.276831
0.582259
0.171306
0.131052
0.203725
0.149772
0.463538
0.617189
0.216310
0.308416
0.326553
0.444783
0.220668
0.320115
0.353001
0.343724
0.105207
0.287713
0.285781
0.638494
0.119460
0.262210
0.344973
0.315831
0.172378
0.501984
0.209920
0.295944
0.245521
0.284360
0.582611
0.397977
0.173411
0.232216
0.176276
0.419050
0.247946
0.620585
0.230746
0.164356
0.074431
0.404544
0.035729
0.570078
0.413484
0.138642
0.078838
0.140480
0.307000
0.420494
0.161706
0.151518
0.340134
0.579143
0.574817
0.525022
0.223504
0.254943
0.392050
0.216170
0.345678
0.402713
0.300323
0.335738
0.088792
0.406641
0.289824
0.234692
0.316785
0.079610
0.265558
0.416813
0.139953
0.602990
0.302589
0.056112
0.113263
0.205788
0.229674
0.705220
0.211935
0.191284
0.232700
0.230512
0.428398
0.444844
0.328297
0.155329
0.250341
0.587756
0.036678
0.063845
0.147010
0.277195
0.350365
0.132746
0.121047
0.189529
0.131708
0.171599
0.108496
0.173106
0.280742
0.172487
0.105503
0.167274
0.438771
0.228903
0.275299
0.379520
0.069002
0.302628
0.136742
0.214288
0.455221
0.328598
0.110879
0.398458
0.231012
0.389573
0.265332
0.180302
0.419217
0.025923
0.152521
0.227247
0.219275
0.208845
0.275553
0.224186
0.120303
0.249256
0.121173
0.444063
0.174204
0.190535
0.429925
0.156309
0.339009
0.198110
0.308480
0.128003
0.208462
0.485391
0.051591
0.547295
0.190258
0.225187
0.130085
0.047867
0.599776
0.377668
0.254594
0.155887
0.418603
0.488239
0.289630
0.606216
0.335068
0.394432
0.216960
0.367487
0.162707
0.512078
0.247741
0.067866
0.091934
0.406547
0.253096
0.514044
0.070560
0.256815
0.197924
0.489297
0.235592
0.505716
0.193936
0.200250
0.167151
0.167094
0.619684
0.345647
0.165572
0.152620
0.236101
0.502123
0.315757
0.267703
0.325689
0.177703
0.081023
0.235670
0.417455
0.606843
0.165057
0.269909
0.137300
0.249291
0.402516
0.628690
0.178569
0.214085
0.300251
0.408666
0.196676
0.384707
0.291335
0.258180
0.079382
0.287886
0.350630
0.633220
0.135653
0.172832
0.337108
0.355473
0.215128
0.467459
0.231936
0.342998
0.265661
0.175852
0.582429
0.441676
0.233269
0.246254
0.307322
0.456950
0.162264
0.705203
0.360396
0.236198
0.203174
0.462467
0.024086
0.613631
0.212618
0.116281
0.169055
0.195117
0.216371
0.305636
0.169087
0.160742
0.250529
0.497996
0.521007
0.727048
0.223465
0.391446
0.334015
0.127737
0.259653
0.441840
0.219616
0.272865
0.050081
0.418465
0.250494
0.249971
0.359093
0.069851
0.246814
0.363296
0.140175
0.490846
0.238519
0.080913
0.036499
0.327390
0.201019
0.677396
0.223683
0.152633
0.232792
0.220949
0.403944
0.503081
0.265791
0.196825
0.160564
0.686852
0.120892
0.095149
0.089757
0.258899
0.236255
0.154938
0.098117
0.061841
0.076649
0.161894
0.083995
0.172882
0.285615
0.185124
0.124689
0.124667
0.486101
0.290276
0.283729
0.372778
0.062653
0.341221
0.096232
0.110212
0.319820
0.334341
0.060845
0.381083
0.297336
0.238279
0.294651
0.128447
0.390197
0.128646
0.219157
0.254706
0.156520
0.214026
0.369143
0.218199
0.080538
0.092357
0.090898
0.450603
0.063524
0.136481
0.442519
0.104676
0.281361
0.320795
0.289893
0.246989
0.100629
0.482427
0.099771
0.589294
0.184734
0.153810
0.112457
0.114899
0.578793
0.439092
0.398305
0.157467
0.466224
0.470021
0.407965
0.574580
0.418438
0.414478
0.223279
0.416881
0.213085
0.444782
0.172140
0.082448
0.107890
0.475494
0.150389
0.498425
0.086549
0.169480
0.095155
0.538312
0.198845
0.581822
0.203719
0.298721
0.184764
0.249362
0.562266
0.238770
0.149090
0.164525
0.244082
0.363656
0.405022
0.287053
0.338868
0.176650
0.064806
0.345042
0.324894
0.532020
0.155618
0.283753
0.201026
0.317981
0.304749
0.637726
0.109994
0.170464
0.133740
0.408028
0.122248
0.525048
0.245895
0.224609
0.084223
0.336127
0.298054
0.681220
0.211551
0.318500
0.329642
0.307787
0.153861
0.430829
0.094710
0.282658
0.310866
0.083392
0.460180
0.456734
0.197660
0.332275
0.342745
0.390641
0.171377
0.661455
0.301031
0.293450
0.182345
0.545465
0.065306
0.539138
0.074972
0.199867
0.174348
0.315609
0.201033
0.318588
0.237900
0.181903
0.185409
0.268502
0.427158
0.770640
0.206729
0.319209
0.266915
0.154761
0.186999
0.456436
0.050553
0.295073
0.196010
0.503781
0.155575
0.248562
0.302637
0.048277
0.182112
0.386860
0.174067
0.375593
0.146560
0.077499
0.147288
0.384487
0.237986
0.599183
0.117673
0.096805
0.241320
0.239582
0.332920
0.566108
0.248246
0.144678
0.175401
0.886089
0.200949
0.054630
0.039262
0.191416
0.182465
0.209716
0.051182
0.034976
0.079627
0.197298
0.051640
0.245018
0.216992
0.182910
0.099430
0.246465
0.388287
0.194494
0.271813
0.183530
0.107566
0.169162
0.077359
0.074634
0.243436
0.327475
0.200478
0.390316
0.262163
0.095949
0.412483
0.068385
0.313644
0.143386
0.235314
0.246159
0.125068
0.200189
0.415451
0.199181
0.038162
0.170569
0.124571
0.344020
0.014340
0.064241
0.370220
0.172429
0.250109
0.315866
0.289051
0.265804
0.027833
0.439354
0.157289
0.582261
0.119423
0.131981
0.195212
0.232856
0.543696
0.420313
0.421642
0.123082
0.538444
0.353047
0.423990
0.587704
0.358271
0.308494
0.376481
0.473352
0.195064
0.420142
0.139947
0.174195
0.174873
0.564910
0.126509
0.480164
0.122001
0.116174
0.021189
0.630637
0.156043
0.524078
0.205368
0.339197
0.310760
0.337494
0.498885
0.152591
0.066448
0.285532
0.264916
0.384214
0.279902
0.252712
0.286551
0.086118
0.155448
0.335215
0.266648
0.427006
0.189420
0.214661
0.280692
0.427000
0.374173
0.721555
0.027108
0.092314
0.127333
0.442893
0.128238
0.563645
0.213003
0.243137
0.193512
0.341583
0.137332
0.721137
0.221697
0.392690
0.275648
0.150145
0.037414
0.375145
0.064491
0.195898
0.223546
0.132328
0.350319
0.354269
0.130462
0.382750
0.276335
0.385475
0.265546
0.584777
0.251017
0.336459
0.109248
0.550120
0.162302
0.506656
0.136873
0.264445
0.232023
0.353130
0.281454
0.383452
0.191527
0.179575
0.209096
0.194306
0.299676
0.641901
0.263616
0.225002
0.216102
0.153658
0.142831
0.579760
0.246427
0.277851
0.223348
0.642067
0.088404
0.353103
0.257196
0.192604
0.184139
0.415209
0.273507
0.274054
0.163033
0.157248
0.301370
0.342129
0.315488
0.556041
0.182572
0.089527
0.183519
0.079184
0.305642
0.571037
0.121359
0.102171
0.212951
0.912813
0.237851
0.093544
0.163144
0.074403
0.173358
0.188368
0.137413
0.070733
0.166589
0.241738
0.068277
0.333658
0.082102
0.237135
0.057626
0.262703
0.398000
0.124108
0.252221
0.188797
0.082781
0.121901
0.077091
0.066177
0.194807
0.257296
0.280391
0.373341
0.255312
0.033958
0.475410
0.200896
0.319226
0.036848
0.077209
0.194261
0.095248
0.191683
0.546449
0.132129
0.141291
0.212216
0.196824
0.228018
0.057945
0.171414
0.248710
0.245398
0.237022
0.138619
0.284506
0.189097
0.043538
0.451758
0.299591
0.507188
0.134446
0.094050
0.243858
0.445201
0.474217
0.416984
0.378619
0.297084
0.595923
0.340017
0.489461
0.650041
0.318529
0.261309
0.384315
0.379169
0.118063
0.354598
0.129403
0.234698
0.140431
0.571399
0.118205
0.533063
0.158664
0.158977
0.133399
0.552197
0.187315
0.558421
0.167579
0.330994
0.269385
0.309019
0.416263
0.236580
0.117370
0.284647
0.300650
0.548476
0.119330
0.278913
0.218286
0.079093
0.308050
0.153992
0.346460
0.316225
0.233973
0.161947
0.324202
0.455124
0.509700
0.618075
0.082335
0.063280
0.137794
0.401787
0.032223
0.569594
0.217758
0.249047
0.234989
0.332187
0.268499
0.610841
0.162115
0.354993
0.185356
0.183478
0.036265
0.356369
0.058835
0.145638
0.152049
0.077982
0.304907
0.244132
0.003692
0.323940
0.346720
0.361311
0.275877
0.612279
0.223821
0.388034
0.086704
0.431104
0.172507
0.442416
0.226218
0.167759
0.282644
0.375359
0.300650
0.336685
0.259350
0.129730
0.054319
0.243999
0.152338
0.466959
0.230513
0.238993
0.130311
0.184110
0.183019
0.743652
0.326199
0.146337
0.223576
0.749967
0.157437
0.481238
0.220343
0.272136
0.230307
0.388683
0.189972
0.168942
0.130159
0.193528
0.304393
0.302928
0.449606
0.526538
0.246377
0.094478
0.222273
0.073241
0.328512
0.469515
0.186642
0.280813
0.116396
0.869931
0.346158
0.071321
0.289322
0.113999
0.175916
0.174759
0.248239
0.148881
0.139713
0.217182
0.206957
0.325959
0.098371
0.299988
0.211620
0.186304
0.421886
0.092097
0.203276
0.134147
0.113306
0.041505
0.104141
0.090199
0.107245
0.278479
0.268434
0.390815
0.168923
0.024746
0.516233
0.274146
0.339274
0.180116
0.083039
0.157288
0.099328
0.085751
0.575384
0.034460
0.301480
0.252941
0.239817
0.154438
0.087972
0.316261
0.205617
0.245030
0.225760
0.199389
0.347519
0.152093
0.115369
0.400512
0.423909
0.541226
0.208138
0.027095
0.263414
0.518545
0.489336
0.445410
0.392880
0.327535
0.524630
0.262109
0.546622
0.543740
0.312944
0.198926
0.385266
0.330200
0.103707
0.219699
0.033849
0.227968
0.037546
0.601728
0.245679
0.586274
0.278798
0.167352
0.364083
0.497999
0.149726
0.741662
0.166847
0.298793
0.098201
0.193152
0.374533
0.310071
0.200510
0.179498
0.164994
0.546625
0.207116
0.361956
0.128270
0.143866
0.288661
0.093979
0.477019
0.230034
0.304265
0.149096
0.403179
0.405016
0.549704
0.493031
0.036473
0.100876
0.026058
0.298423
0.171757
0.540077
0.244671
0.227140
0.223359
0.323009
0.223442
0.451513
0.170280
0.316995
0.170530
0.344076
0.038897
0.319961
0.126896
0.080983
0.155344
0.034525
0.354802
0.305518
0.099853
0.268434
0.482466
0.349592
0.345595
0.551446
0.183608
0.452482
0.045354
0.410454
0.138500
0.309349
0.294666
0.142065
0.309852
0.449168
0.217084
0.352782
0.267918
0.082901
0.192179
0.240868
0.064893
0.421182
0.177333
0.286327
0.132110
0.270116
0.287194
0.651438
0.318353
0.064933
0.252333
0.668966
0.220285
0.514862
0.189972
0.197678
0.134289
0.428961
0.190983
0.087013
0.075540
0.134412
0.151313
0.276942
0.472327
0.443816
0.155274
0.166577
0.342267
0.251555
0.282072
0.462391
0.266626
0.316947
0.122313
0.785523
0.269468
0.288818
0.273958
0.195312
0.180543
0.269848
0.311126
0.084976
0.170702
0.100922
0.250607
0.246182
0.151049
0.209442
0.268062
0.110782
0.194696
0.185711
0.106379
0.054464
0.063517
0.042863
0.127662
0.132559
0.058982
0.318319
0.220911
0.480741
0.059295
0.103459
0.509304
0.220180
0.207915
0.281639
0.116081
0.250098
0.100520
0.155368
0.412560
0.033477
0.482469
0.253445
0.234857
0.099730
0.017677
0.374726
0.146620
0.200691
0.208726
0.278405
0.306228
0.223709
0.093293
0.367930
0.490105
0.619879
0.199773
0.149913
0.289596
0.417249
0.584453
0.472107
0.383474
0.262966
0.380646
0.207373
0.588004
0.468067
0.246897
0.084420
0.340278
0.463425
0.139827
0.135517
0.064414
0.228823
0.136451
0.592210
0.501290
0.545237
0.338001
0.251133
0.509155
0.472348
0.112807
0.767200
0.159187
0.351798
0.086207
0.128098
0.470501
0.341897
0.195987
0.099752
0.251517
0.421422
0.317037
0.482423
0.205340
0.150054
0.182490
0.129133
0.445568
0.208584
0.333689
0.188119
0.422963
0.377432
0.514257
0.305489
0.161573
0.123637
0.164061
0.222948
0.353441
0.510738
0.201096
0.223903
0.205967
0.332964
0.132360
0.458733
0.327670
0.371003
0.339434
0.431571
0.044373
0.378610
0.180277
0.030183
0.254675
0.073506
0.327613
0.408484
0.205371
0.180368
0.567452
0.418220
0.355756
0.520581
0.147440
0.474369
0.085631
0.421526
0.193563
0.212552
0.316697
0.183989
0.155602
0.506749
0.198370
0.457061
0.162723
0.162355
0.247184
0.136380
0.008299
0.468751
0.118481
0.170984
0.237391
0.253237
0.344014
0.412641
0.285565
0.028597
0.174815
0.587130
0.200582
0.480791
0.114803
0.090597
0.139512
0.586566
0.166233
0.106596
0.093285
0.118605
0.209818
0.175649
0.501398
0.494620
0.125479
0.175406
0.353307
0.388176
0.241211
0.507161
0.316730
0.218984
0.180988
0.645586
0.108637
0.474312
0.296615
0.277752
0.227271
0.345965
0.285427
0.053441
0.142644
0.038181
0.226160
0.316862
0.083443
0.159868
0.200536
0.203232
0.166664
0.062195
0.079897
0.144564
0.043620
0.143618
0.087091
0.214093
0.086474
0.269211
0.261361
0.523798
0.098349
0.214453
0.514508
0.130977
0.038361
0.349248
0.162300
0.204511
0.116597
0.332889
0.299358
0.120949
0.587842
0.415021
0.281526
0.152486
0.058736
0.421514
0.062572
0.101578
0.227985
0.265743
0.220952
0.164587
0.035781
0.325791
0.376636
0.649454
0.135973
0.153390
0.293013
0.314205
0.615317
0.420129
0.329943
0.248879
0.285907
0.105391
0.733951
0.424271
0.101800
0.093485
0.462908
0.648206
0.218515
0.125938
0.080252
0.223877
0.249209
0.515529
0.602704
0.415249
0.303343
0.310167
0.433909
0.435482
0.108337
0.723573
0.118034
0.352442
0.123085
0.134092
0.578657
0.295556
0.187451
0.181030
0.341656
0.382892
0.382153
0.603699
0.268250
0.096395
0.086766
0.164199
0.467343
0.284776
0.388391
0.230555
0.364836
0.249960
0.529046
0.349250
0.269775
0.145439
0.266873
0.177566
0.314809
0.401596
0.079955
0.176325
0.216419
0.325920
0.173056
0.475217
0.494768
0.469507
0.381847
0.439115
0.159005
0.394628
0.123788
0.080661
0.193470
0.072770
0.263390
0.428653
0.228061
0.141970
0.525300
0.510143
0.474870
0.542471
0.113005
0.425632
0.209199
0.421532
0.137874
0.249385
0.375494
0.267276
0.100065
0.463607
0.087675
0.478642
0.102489
0.347591
0.272444
0.232492
0.148215
0.458889
0.042011
0.140274
0.385228
0.087980
0.322663
0.325727
0.194171
0.162302
0.133419
0.648889
0.129449
0.517500
0.213622
0.142711
0.216435
0.712108
0.136891
0.202878
0.118235
0.186355
0.191644
0.077318
0.591331
0.441011
0.317727
0.085017
0.324928
0.344033
0.293553
0.639952
0.328607
0.131201
0.216614
0.530641
0.066063
0.604416
0.322181
0.303025
0.252922
0.283954
0.246685
0.067172
0.149794
0.084423
0.299451
0.443079
0.035010
0.332189
0.088392
0.307691
0.214140
0.007593
0.140727
0.239539
0.085370
0.170952
0.096724
0.177795
0.046262
0.232140
0.422937
0.458275
0.194150
0.330037
0.489490
0.132294
0.046813
0.480120
0.246369
0.154944
0.114183
0.408419
0.361737
0.093730
0.588193
0.519967
0.341337
0.190924
0.020253
0.463532
0.104594
0.087095
0.167365
0.176217
0.140839
0.152470
0.083624
0.259940
0.208796
0.732564
0.036985
0.232506
0.282566
0.293368
0.627851
0.484713
0.316033
0.295964
0.320850
0.078841
0.843984
0.507644
0.174848
0.181800
0.519085
0.590468
0.299371
0.218882
0.120638
0.151227
0.337370
0.423928
0.587995
0.368788
0.306840
0.296059
0.429553
0.358061
0.150960
0.706630
0.108057
0.307308
0.101467
0.122836
0.552775
0.317994
0.188711
0.107455
0.302689
0.405428
0.481869
0.666664
0.320628
0.088212
0.097684
0.238097
0.572529
0.371339
0.327481
0.196543
0.331211
0.164187
0.472967
0.358627
0.239481
0.156657
0.187548
0.205675
0.071690
0.326560
0.223872
0.129039
0.182055
0.391461
0.337797
0.408208
0.559054
0.573157
0.354607
0.646299
0.188640
0.477244
0.096817
0.159888
0.161798
0.103669
0.303828
0.520193
0.187960
0.114979
0.506631
0.482079
0.679778
0.757829
0.088288
0.294048
0.319380
0.484355
0.076453
0.215201
0.538552
0.268815
0.064326
0.398891
0.240870
0.377091
0.072211
0.372126
0.343744
0.344537
0.390440
0.456788
0.207092
0.121957
0.462525
0.040715
0.382844
0.328824
0.091338
0.281707
0.080035
0.670633
0.252775
0.610785
0.400251
0.248973
0.272413
0.790945
0.097872
0.329977
0.314209
0.228693
0.100004
0.180337
0.600290
0.368802
0.362374
0.039049
0.301928
0.331576
0.460182
0.709730
0.471876
0.116805
0.277112
0.438256
0.022095
0.760335
0.387893
0.275780
0.281599
0.238906
0.262313
0.068286
0.117845
0.093145
0.383982
0.484879
0.117378
0.499924
0.050928
0.287564
0.211552
0.116838
0.199201
0.337875
0.099502
0.152528
0.221031
0.139447
0.068514
0.069434
0.515306
0.385665
0.380500
0.436891
0.406592
0.158793
0.039755
0.689335
0.256847
0.138479
0.186919
0.337599
0.261840
0.008113
0.572941
0.409155
0.406918
0.232674
0.033176
0.333538
0.150831
0.159461
0.047028
0.164161
0.231309
0.179323
0.184828
0.284059
0.204643
0.641606
0.194524
0.289543
0.355522
0.384103
0.594791
0.583327
0.259059
0.390397
0.390860
0.439029
0.743493
0.458338
0.156953
0.155073
0.464125
0.556927
0.297096
0.153681
0.115953
0.120731
0.407106
0.478907
0.666306
0.409653
0.439226
0.233454
0.543546
0.524842
0.328753
0.827945
0.189397
0.258971
0.049664
0.022032
0.465580
0.478305
0.171669
0.050827
0.263966
0.425265
0.640371
0.627149
0.287165
0.104696
0.186913
0.323004
0.497019
0.356016
0.344677
0.200616
0.419480
0.200550
0.506998
0.256731
0.186079
0.176197
0.288531
0.340271
0.180293
0.386369
0.358640
0.058265
0.183377
0.458668
0.451300
0.358143
0.582107
0.553653
0.497045
0.758631
0.210335
0.557203
0.166835
0.140152
0.269917
0.371829
0.325683
0.610429
0.136366
0.149779
0.548643
0.338816
0.717859
0.903276
0.155328
0.138307
0.247002
0.434875
0.146668
0.289105
0.581354
0.251183
0.090612
0.440423
0.490096
0.617026
0.088518
0.256837
0.512850
0.348404
0.536494
0.350823
0.292258
0.129782
0.524698
0.195077
0.486200
0.271846
0.064252
0.321036
0.079218
0.608619
0.340118
0.621388
0.398815
0.201755
0.323689
0.836056
0.092858
0.338488
0.309710
0.185107
0.060630
0.220558
0.568664
0.281969
0.355699
0.057432
0.286313
0.389909
0.526417
0.652603
0.693270
0.210322
0.378845
0.489362
0.095289
0.849292
0.412963
0.215178
0.231191
0.297836
0.266108
0.235689
0.246735
0.070762
0.363101
0.417443
0.416431
0.577610
0.061781
0.250761
0.199272
0.188548
0.152768
0.375290
0.206393
0.179304
0.228470
0.149617
0.126585
0.023607
0.476781
0.285184
0.457123
0.528681
0.261470
0.207421
0.110233
0.775540
0.211325
0.119606
0.155599
0.371765
0.155163
0.043154
0.595819
0.328824
0.493633
0.266047
0.225245
0.191493
0.072098
0.157781
0.057337
0.124428
0.231494
0.252715
0.249204
0.374120
0.276991
0.454129
0.345815
0.272909
0.439523
0.440939
0.436278
0.675019
0.224958
0.400449
0.396773
0.647593
0.525254
0.534157
0.174862
0.270022
0.420387
0.514328
0.376230
0.168434
0.217199
0.122950
0.334756
0.608872
0.758219
0.449633
0.545895
0.307661
0.566847
0.742523
0.396478
0.720344
0.135768
0.248603
0.094301
0.077311
0.453207
0.572904
0.195775
0.039457
0.282742
0.571827
0.663704
0.572964
0.285922
0.070540
0.219059
0.383506
0.452567
0.472169
0.470112
0.146488
0.499377
0.278193
0.561115
0.147827
0.151127
0.146774
0.139809
0.467445
0.238427
0.472119
0.450831
0.048513
0.245102
0.487720
0.471844
0.411848
0.632473
0.412347
0.487700
0.677542
0.263225
0.606300
0.275048
0.154827
0.397012
0.478933
0.306061
0.578554
0.148770
0.152392
0.605501
0.390168
0.595554
0.819856
0.263050
0.142950
0.172823
0.392456
0.240192
0.467451
0.465681
0.295969
0.208409
0.416727
0.585419
0.680879
0.086885
0.221806
0.521143
0.358523
0.601093
0.225453
0.327535
0.221863
0.595330
0.335763
0.602649
0.288099
0.148263
0.375284
0.143177
0.625692
0.302873
0.523839
0.381707
0.207902
0.339158
0.841248
0.021299
0.328519
0.362326
0.200796
0.026811
0.156838
0.559028
0.199587
0.306292
0.084275
0.175963
0.444346
0.546132
0.517883
0.776928
0.278552
0.364253
0.616450
0.160552
0.813987
0.339059
0.241710
0.208208
0.380015
0.290726
0.283672
0.399035
0.138902
0.299882
0.407057
0.540651
0.562595
0.159144
0.135859
0.202170
0.130066
0.116020
0.406945
0.280410
0.461817
0.162809
0.092910
0.144778
0.042359
0.326295
0.175164
0.381648
0.583226
0.137497
0.141220
0.209406
0.732805
0.187432
0.319956
0.265502
0.366533
0.199506
0.038740
0.560205
0.452744
0.520793
0.334442
0.381675
0.082165
0.074192
0.126496
0.013003
0.091382
0.204060
0.353613
0.308903
0.470165
0.276970
0.377064
0.277348
0.275952
0.460865
0.406121
0.385069
0.655884
0.242212
0.433814
0.333357
0.592284
0.418837
0.547713
0.108510
0.381808
0.449657
0.425039
0.437904
0.232894
0.313357
0.194666
0.122720
0.550661
0.768557
0.431193
0.503689
0.186907
0.411270
0.701168
0.352849
0.589540
0.112192
0.254349
0.177070
0.149995
0.490553
0.574759
0.265527
0.107383
0.268793
0.735624
0.614839
0.562338
0.238622
0.126724
0.197224
0.433319
0.449506
0.627408
0.595375
0.242106
0.488454
0.189763
0.611436
0.204057
0.214498
0.188778
0.115155
0.497486
0.255325
0.498812
0.549296
0.161161
0.229190
0.583488
0.432462
0.463930
0.582992
0.263135
0.433460
0.533097
0.330324
0.527410
0.317193
0.303090
0.418886
0.456161
0.298085
0.477967
0.164141
0.072718
0.554506
0.446021
0.539158
0.599927
0.340174
0.161989
0.176583
0.401304
0.290707
0.579514
0.383718
0.367199
0.192717
0.398535
0.540957
0.516256
0.077066
0.226010
0.350246
0.457842
0.645721
0.291649
0.345475
0.271164
0.734393
0.339255
0.613954
0.396799
0.213248
0.498314
0.233080
0.703469
0.299826
0.607525
0.312537
0.254027
0.225117
0.703049
0.087963
0.215410
0.498303
0.180362
0.041691
0.087053
0.538868
0.234623
0.224517
0.114401
0.293017
0.525323
0.702232
0.480675
0.679772
0.235023
0.273548
0.610229
0.222158
0.726178
0.165601
0.246473
0.137784
0.394148
0.370585
0.326468
0.441059
0.131417
0.296850
0.421761
0.453593
0.539857
0.177438
0.123959
0.268664
0.171983
0.130000
0.430778
0.231197
0.524428
0.173162
0.046737
0.272629
0.062976
0.200935
0.104630
0.264172
0.637738
0.119522
0.132865
0.363453
0.705038
0.137197
0.477906
0.285938
0.274285
0.138744
0.128824
0.443161
0.624362
0.441190
0.397973
0.338673
0.121070
0.153173
0.037803
0.075578
0.131983
0.253178
0.393576
0.353615
0.562519
0.209724
0.346244
0.258742
0.350232
0.468796
0.389586
0.470613
0.802448
0.310502
0.444913
0.200296
0.468975
0.514451
0.604213
0.177808
0.371626
0.485448
0.314116
0.301156
0.282175
0.399584
0.375455
0.155676
0.628522
0.712180
0.489184
0.501526
0.181717
0.254338
0.598791
0.247097
0.566534
0.282345
0.212112
0.237046
0.217032
0.481858
0.597390
0.248271
0.177103
0.279697
0.754763
0.547551
0.444616
0.139933
0.204222
0.252473
0.459143
0.396433
0.683402
0.547572
0.422671
0.462978
0.131708
0.545887
0.239854
0.254718
0.250271
0.083086
0.492267
0.254618
0.440614
0.649762
0.288802
0.217706
0.625912
0.413007
0.504624
0.528275
0.166355
0.371001
0.616974
0.395817
0.430322
0.252733
0.239253
0.338347
0.514689
0.409648
0.469806
0.087979
0.068758
0.456181
0.427269
0.625222
0.463566
0.335558
0.189906
0.224438
0.361605
0.358776
0.560190
0.426728
0.309461
0.169308
0.495553
0.455329
0.354987
0.260565
0.150730
0.238376
0.418549
0.579504
0.379146
0.398847
0.235389
0.838602
0.306086
0.650841
0.522459
0.180876
0.565911
0.254845
0.652368
0.189479
0.595636
0.293963
0.363640
0.195382
0.500130
0.128674
0.229958
0.572129
0.064380
0.121757
0.155154
0.548355
0.307331
0.150827
0.228291
0.391791
0.465705
0.788157
0.434295
0.581596
0.177103
0.299542
0.703481
0.338952
0.682589
0.027035
0.291583
0.088665
0.335825
0.400950
0.311458
0.459818
0.250521
0.419980
0.418326
0.346468
0.423144
0.173058
0.306308
0.351956
0.254695
0.313454
0.530159
0.142495
0.382748
0.288136
0.154867
0.309044
0.072651
0.187527
0.115369
0.249807
0.682890
0.135683
0.024839
0.449930
0.823836
0.158972
0.506099
0.331506
0.121352
0.136560
0.200985
0.468324
0.657050
0.364019
0.413186
0.253018
0.301937
0.188942
0.149133
0.072448
0.154950
0.327031
0.450897
0.393647
0.651479
0.187250
0.363979
0.354398
0.296322
0.528244
0.426511
0.524314
0.876910
0.435148
0.368533
0.185459
0.494960
0.536032
0.786953
0.047890
0.193305
0.500046
0.317534
0.212005
0.324345
0.507970
0.591361
0.332149
0.564074
0.624993
0.505085
0.502783
0.170290
0.230413
0.522574
0.297682
0.473530
0.218403
0.129328
0.193698
0.284065
0.459563
0.532814
0.332796
0.232319
0.419886
0.731158
0.588755
0.316962
0.144382
0.301578
0.208890
0.454406
0.291393
0.607879
0.560441
0.486089
0.488787
0.097845
0.573698
0.342221
0.265822
0.315092
0.117234
0.559218
0.267066
0.474159
0.745255
0.462410
0.267027
0.658039
0.474317
0.484896
0.601215
0.096753
0.353107
0.723732
0.337972
0.390345
0.217609
0.110025
0.280881
0.638549
0.427104
0.543853
0.042170
0.015608
0.382906
0.351053
0.656621
0.513372
0.288155
0.118038
0.210466
0.301207
0.342306
0.635424
0.510262
0.222821
0.212695
0.626590
0.552119
0.388470
0.444214
0.313332
0.115690
0.306244
0.517400
0.486634
0.449650
0.277490
0.920355
0.424782
0.855645
0.621184
0.120755
0.436113
0.156865
0.539757
0.097852
0.533047
0.250061
0.381397
0.201199
0.413068
0.185192
0.415139
0.490905
0.148716
0.173960
0.340591
0.378770
0.193897
0.187695
0.251443
0.377288
0.406174
0.817842
0.417543
0.564567
0.226507
0.500001
0.726055
0.429620
0.675267
0.115870
0.278125
0.126644
0.290417
0.281055
0.358186
0.616228
0.361228
0.442849
0.414234
0.399385
0.320949
0.190256
0.302583
0.378911
0.310235
0.464127
0.494852
0.174391
0.320625
0.364400
0.221614
0.229121
0.036712
0.167191
0.200401
0.283166
0.663745
0.204437
0.100683
0.511627
0.876823
0.247307
0.470382
0.417650
0.239073
0.276732
0.205595
0.543919
0.514573
0.370479
0.371209
0.267819
0.451204
0.199861
0.230803
0.135827
0.077377
0.275274
0.483741
0.385518
0.698032
0.075822
0.417266
0.474377
0.415945
0.529735
0.386576
0.622366
0.784971
0.457639
0.213900
0.186028
0.427749
0.410239
0.779731
0.277982
0.079321
0.443412
0.435786
0.295655
0.345730
0.603190
0.716070
0.431608
0.426353
0.397030
0.582941
0.425697
0.143185
0.247582
0.499468
0.374001
0.411834
0.138407
0.038008
0.209084
0.357505
0.447997
0.572733
0.489949
0.274162
0.529600
0.781096
0.649136
0.361133
0.145565
0.341014
0.154886
0.400753
0.260700
0.523055
0.629682
0.486127
0.505864
0.074831
0.629775
0.387278
0.216569
0.442286
0.206290
0.578936
0.245044
0.499459
0.798735
0.526374
0.307631
0.710467
0.669541
0.438852
0.672520
0.096112
0.247632
0.642940
0.405495
0.388533
0.313232
0.096016
0.251956
0.691599
0.391606
0.604743
0.032903
0.043369
0.315310
0.284620
0.703034
0.659621
0.190677
0.073655
0.156812
0.291942
0.198327
0.787677
0.456367
0.287792
0.291884
0.590970
0.717571
0.528347
0.476365
0.379313
0.253381
0.315906
0.506017
0.603727
0.415805
0.371594
0.765751
0.557351
0.933852
0.660856
0.029393
0.352766
0.141529
0.515047
0.126426
0.449578
0.185253
0.342712
0.281500
0.441345
0.455969
0.576537
0.380944
0.302499
0.186585
0.428685
0.289893
0.191111
0.308412
0.195328
0.356667
0.304398
0.850140
0.502642
0.584593
0.278575
0.529554
0.721234
0.478912
0.780983
0.117335
0.180654
0.183607
0.289968
0.217492
0.451520
0.804773
0.367691
0.413445
0.425653
0.396101
0.365692
0.196611
0.268908
0.377254
0.319975
0.538731
0.456908
0.129925
0.369673
0.438846
0.273671
0.247796
0.127635
0.043446
0.191998
0.281049
0.618409
0.274440
0.174266
0.555878
0.831991
0.237443
0.547602
0.483009
0.399169
0.449400
0.125236
0.460778
0.383568
0.392242
0.381610
0.376890
0.499180
0.159861
0.260839
0.068575
0.083679
0.240743
0.456659
0.492959
0.638216
0.037542
0.457864
0.461490
0.461153
0.476247
0.290707
0.655932
0.778928
0.357577
0.242918
0.184524
0.446205
0.352479
0.608074
0.436601
0.040135
0.437846
0.516943
0.293634
0.361143
0.700182
0.728695
0.561751
0.270213
0.233849
0.547496
0.384891
0.097014
0.282516
0.552284
0.331161
0.470506
0.042052
0.091815
0.304323
0.430273
0.387859
0.618393
0.599348
0.311166
0.528486
0.821299
0.595277
0.407750
0.123622
0.294362
0.189089
0.406747
0.394254
0.524008
0.640513
0.508354
0.537019
0.087001
0.607971
0.469837
0.119488
0.500892
0.237889
0.618014
0.316461
0.445308
0.789951
0.644016
0.342887
0.564442
0.860415
0.481683
0.570507
0.109099
0.108768
0.527037
0.452357
0.428472
0.301185
0.221860
0.241829
0.596547
0.365213
0.610413
0.030510
0.035493
0.232059
0.280467
0.773811
0.655129
0.220104
0.210304
0.123556
0.288587
0.120166
0.769693
0.366647
0.336941
0.364435
0.529873
0.764398
0.584307
0.437347
0.335889
0.332430
0.305751
0.510414
0.707600
0.397685
0.407597
0.567585
0.483669
0.790156
0.656614
0.062653
0.216321
0.155310
0.577113
0.219513
0.423370
0.281695
0.314512
0.330991
0.486874
0.408488
0.640640
0.409411
0.437175
0.232591
0.419002
0.406127
0.293697
0.414267
0.235817
0.386451
0.142451
0.994299
0.566085
0.495982
0.321539
0.414752
0.728494
0.453352
0.800143
0.160437
0.143570
0.184777
0.294104
0.249448
0.498692
0.942363
0.365998
0.476076
0.388754
0.309476
0.408954
0.210640
0.247053
0.375335
0.254529
0.484821
0.527890
0.173187
0.299917
0.476077
0.381766
0.332423
0.258749
0.115352
0.227917
0.188758
0.564193
0.246293
0.325871
0.605466
0.679930
0.218882
0.659027
0.524441
0.456754
0.479584
0.099520
0.317777
0.362541
0.405360
0.463819
0.455455
0.533836
0.251630
0.309885
0.088349
0.241165
0.351216
0.458997
0.612358
0.509790
0.037450
0.474672
0.437114
0.402516
0.423640
0.281992
0.640732
0.698842
0.274153
0.287299
0.104178
0.393656
0.393330
0.550498
0.473055
0.064926
0.443495
0.464069
0.289145
0.447218
0.768485
0.612879
0.611793
0.303600
0.221278
0.535189
0.390493
0.188930
0.270352
0.614758
0.240874
0.385922
0.044781
0.171266
0.393167
0.456604
0.352031
0.626990
0.584350
0.340548
0.455766
0.840055
0.459068
0.394656
0.188452
0.221688
0.083243
0.525054
0.637221
0.536983
0.515066
0.579612
0.525137
0.117504
0.478297
0.495144
0.031609
0.478331
0.241688
0.579994
0.283234
0.389190
0.807978
0.792627
0.343626
0.454055
0.934259
0.559537
0.367154
0.145811
0.062402
0.445919
0.457861
0.319100
0.335857
0.427374
0.326008
0.547440
0.364014
0.616733
0.051241
0.042534
0.228488
0.305146
0.857646
0.548573
0.212338
0.222664
0.247917
0.393220
0.176705
0.554960
0.392117
0.277694
0.441914
0.567616
0.618436
0.544680
0.428747
0.322994
0.344397
0.324459
0.422683
0.764148
0.397084
0.330459
0.529823
0.320905
0.608009
0.656861
0.054586
0.112423
0.141537
0.570935
0.233559
0.434779
0.495363
0.384790
0.289460
0.402771
0.341199
0.606129
0.517790
0.467708
0.269050
0.407451
0.604471
0.438725
0.335434
0.276237
0.395472
0.085353
1.051638
0.598030
0.402492
0.328980
0.267903
0.636708
0.429878
0.689906
0.151403
0.104997
0.206702
0.282775
0.275847
0.490669
0.958853
0.423110
0.473437
0.228867
0.297086
0.360285
0.203318
0.221650
0.366581
0.278648
0.525441
0.536445
0.123805
0.248809
0.578113
0.537565
0.351174
0.344522
0.170791
0.060790
0.262148
0.503847
0.205511
0.461745
0.596051
0.544777
0.201163
0.557965
0.522035
0.395389
0.462281
0.097052
0.343781
0.385091
0.493569
0.513639
0.435864
0.505280
0.378513
0.391893
0.198420
0.351155
0.486138
0.488271
0.568613
0.545937
0.135878
0.437358
0.463001
0.294710
0.328742
0.388089
0.545399
0.557704
0.211647
0.261737
0.082911
0.359374
0.444744
0.499750
0.483254
0.165695
0.476941
0.435079
0.405320
0.587274
0.762619
0.568671
0.628818
0.346780
0.326973
0.578419
0.377427
0.226854
0.237192
0.538083
0.276291
0.366160
0.076224
0.191649
0.468602
0.475467
0.418434
0.635849
0.425849
0.461509
0.541334
0.908690
0.387044
0.317446
0.239953
0.183265
0.043024
0.573468
0.810867
0.503487
0.456411
0.681216
0.512638
0.167608
0.329399
0.433078
0.127120
0.428372
0.236834
0.487269
0.268389
0.417084
0.808878
0.906726
0.393071
0.465842
0.854901
0.537612
0.303885
0.084347
0.229712
0.393374
0.339079
0.219526
0.404252
0.545668
0.473701
0.573762
0.449863
0.637995
0.158819
0.091155
0.200312
0.318431
0.807740
0.516035
0.163652
0.008657
0.249009
0.527158
0.292944
0.447436
0.473731
0.155528
0.500067
0.604671
0.557835
0.463681
0.506148
0.337180
0.314714
0.364926
0.291230
0.713854
0.483486
0.282532
0.637920
0.262628
0.681478
0.665809
0.121915
0.170772
0.169572
0.580579
0.181995
0.437457
0.550905
0.388584
0.175960
0.359238
0.484341
0.605238
0.583650
0.406178
0.386269
0.456928
0.685459
0.504494
0.159469
0.403150
0.367071
0.179168
0.955741
0.662975
0.395820
0.369851
0.257544
0.579667
0.384305
0.664700
0.113995
0.228143
0.284761
0.321110
0.204799
0.444659
1.021033
0.526088
0.267144
0.173788
0.395216
0.301210
0.234788
0.114585
0.350458
0.423311
0.594863
0.419126
0.121677
0.347438
0.778265
0.676811
0.435157
0.314983
0.242068
0.034512
0.321250
0.426149
0.124940
0.548446
0.548657
0.386835
0.338075
0.452522
0.555900
0.350857
0.447057
0.230861
0.411809
0.387111
0.538013
0.526483
0.332946
0.496360
0.496356
0.454365
0.245792
0.412470
0.555106
0.449919
0.455359
0.572241
0.187563
0.430971
0.466934
0.204570
0.245972
0.490416
0.420277
0.398062
0.274300
0.258672
0.232246
0.419392
0.464276
0.417790
0.473154
0.204392
0.496777
0.319101
0.395523
0.681254
0.732077
0.615365
0.644992
0.234575
0.465012
0.516539
0.298414
0.225893
0.143199
0.473539
0.316327
0.418425
0.152789
0.141125
0.521368
0.511485
0.370769
0.614153
0.414140
0.622032
0.725796
1.023185
0.319205
0.201015
0.232007
0.273285
0.059988
0.519180
0.795152
0.452896
0.434110
0.686182
0.423430
0.205444
0.272950
0.364851
0.234626
0.463160
0.286564
0.533381
0.315064
0.443481
0.758518
0.924028
0.466680
0.601735
0.769542
0.519888
0.322687
0.064946
0.378250
0.394734
0.280408
0.300926
0.303135
0.581165
0.601396
0.528393
0.567652
0.688701
0.168439
0.092607
0.178102
0.333491
0.661638
0.557587
0.168928
0.228959
0.230264
0.516605
0.286624
0.451900
0.534800
0.139795
0.531177
0.645386
0.617309
0.440945
0.604991
0.380257
0.358671
0.460819
0.272414
0.679572
0.551527
0.419476
0.711348
0.297098
0.657034
0.649595
0.289072
0.228895
0.077198
0.624952
0.168425
0.481098
0.406500
0.356603
0.143870
0.355146
0.571152
0.590685
0.606357
0.430460
0.563988
0.512648
0.647788
0.445911
0.113788
0.516986
0.277610
0.177734
0.853929
0.631385
0.359110
0.411091
0.339885
0.581922
0.366904
0.626228
0.164996
0.383215
0.273097
0.329464
0.222359
0.316266
0.986915
0.652591
0.028358
0.278669
0.469860
0.261854
0.359794
0.137644
0.318534
0.465771
0.602033
0.238152
0.151431
0.517973
0.889527
0.675717
0.420747
0.339024
0.203734
0.180059
0.509933
0.394341
0.070267
0.625895
0.630522
0.209976
0.427408
0.398336
0.668102
0.333072
0.493794
0.347957
0.341090
0.274901
0.477679
0.470785
0.287738
0.496317
0.560778
0.504972
0.269083
0.525234
0.503055
0.382277
0.533536
0.590264
0.158139
0.546284
0.324319
0.178742
0.162590
0.500716
0.458542
0.285593
0.252391
0.161125
0.298506
0.574092
0.434864
0.331669
0.525586
0.221452
0.526703
0.321641
0.342293
0.713882
0.706500
0.663114
0.655574
0.192979
0.600562
0.628488
0.216069
0.245749
0.088833
0.502485
0.258407
0.351071
0.277252
0.192299
0.613320
0.563762
0.351724
0.627592
0.539056
0.723810
0.731010
0.967641
0.302987
0.223870
0.270095
0.383584
0.048565
0.454279
0.796207
0.536634
0.375841
0.529028
0.346903
0.319531
0.292788
0.423994
0.256457
0.574967
0.335769
0.574879
0.431262
0.484396
0.710862
0.866853
0.420299
0.629864
0.746984
0.543275
0.286654
0.037166
0.477285
0.462685
0.257307
0.400097
0.205778
0.555727
0.613260
0.484705
0.661872
0.660883
0.179262
0.146915
0.131942
0.353293
0.557701
0.529129
0.300788
0.315828
0.372051
0.590061
0.283273
0.460329
0.555098
0.195176
0.516859
0.665302
0.682792
0.491373
0.724719
0.393274
0.445069
0.548152
0.398404
0.686672
0.508360
0.565535
0.699273
0.282320
0.621247
0.558023
0.379653
0.299735
0.163394
0.497025
0.222581
0.489557
0.253034
0.252171
0.134385
0.419642
0.546401
0.547560
0.570865
0.485935
0.715886
0.526608
0.635160
0.372277
0.195094
0.490990
0.238704
0.203626
0.854717
0.518321
0.366758
0.337591
0.310520
0.548705
0.339158
0.488244
0.252190
0.490143
0.317386
0.265260
0.180160
0.253336
0.875722
0.680752
0.059224
0.387447
0.473712
0.203311
0.515633
0.205765
0.333894
0.356129
0.553010
0.240089
0.211213
0.634927
0.759412
0.523995
0.452528
0.424622
0.089498
0.284659
0.574457
0.400167
0.127801
0.702101
0.690142
0.184501
0.445988
0.345238
0.775637
0.336848
0.508316
0.378296
0.361788
0.131800
0.353628
0.410528
0.344542
0.513972
0.572744
0.572517
0.454340
0.604879
0.424818
0.326296
0.641238
0.676149
0.267350
0.558507
0.181157
0.169145
0.128787
0.440962
0.421387
0.281014
0.285275
0.025656
0.339867
0.665015
0.353610
0.332335
0.583609
0.262170
0.536944
0.378796
0.393633
0.613789
0.680423
0.624638
0.651984
0.325915
0.529006
0.742371
0.274027
0.342201
0.045608
0.457586
0.183379
0.394170
0.419325
0.311750
0.594842
0.508854
0.432480
0.520650
0.548871
0.694013
0.537794
0.702756
0.305003
0.272483
0.267245
0.414288
0.054640
0.506537
0.700265
0.565645
0.303614
0.341213
0.327409
0.500716
0.363966
0.421039
0.266762
0.636304
0.487435
0.557781
0.597272
0.583153
0.610442
0.807810
0.236437
0.597889
0.736878
0.469307
0.226341
0.092979
0.474185
0.532150
0.343295
0.375159
0.198279
0.633905
0.542118
0.543511
0.668180
0.611189
0.294136
0.176780
0.102534
0.396424
0.461611
0.455082
0.294300
0.341813
0.499753
0.777041
0.327180
0.326049
0.588403
0.256596
0.460452
0.667737
0.615382
0.547128
0.726213
0.400645
0.428882
0.567539
0.462605
0.635587
0.432703
0.486730
0.536841
0.261616
0.687240
0.541429
0.420918
0.381849
0.182533
0.370147
0.174069
0.492922
0.337763
0.287119
0.125354
0.464682
0.542329
0.436683
0.608147
0.538319
0.707290
0.511408
0.662920
0.361352
0.300517
0.501438
0.201469
0.264702
0.732587
0.544450
0.414256
0.240048
0.236251
0.552911
0.364224
0.411343
0.284403
0.559649
0.286292
0.227799
0.097376
0.275646
0.711194
0.587289
0.084084
0.296878
0.497080
0.309669
0.550047
0.199118
0.398849
0.184221
0.511288
0.349420
0.254571
0.682273
0.585447
0.365405
0.532562
0.492450
0.126949
0.364974
0.517392
0.413335
0.223900
0.740736
0.621857
0.169669
0.466737
0.276908
0.720459
0.343118
0.522698
0.426229
0.540332
0.156583
0.283599
0.411602
0.415150
0.479960
0.538151
0.649029
0.706133
0.657175
0.324814
0.336911
0.647350
0.718163
0.426068
0.494305
0.170349
0.221405
0.089008
0.415493
0.360167
0.352999
0.319562
0.145800
0.431681
0.666736
0.287248
0.415116
0.626366
0.325759
0.447490
0.506254
0.551841
0.570107
0.596799
0.475040
0.601922
0.487475
0.293297
0.628273
0.415988
0.430404
0.174794
0.304764
0.187596
0.521998
0.543454
0.407560
0.570059
0.473624
0.484905
0.498347
0.410960
0.722708
0.363593
0.599104
0.316919
0.356258
0.417898
0.460836
0.149698
0.537793
0.558867
0.535249
0.273202
0.385206
0.250278
0.503383
0.343631
0.313071
0.289361
0.557046
0.609964
0.564171
0.625727
0.545504
0.580461
0.738661
0.237241
0.622850
0.648661
0.464914
0.182473
0.153766
0.490017
0.521193
0.358988
0.284787
0.324150
0.604271
0.506871
0.582410
0.844406
0.571942
0.492945
0.322399
0.151661
0.543709
0.287575
0.342704
0.332414
0.431369
0.423426
0.864071
0.502049
0.545571
0.626782
0.167480
0.437075
0.520394
0.502555
0.651679
0.607623
0.340014
0.283886
0.553935
0.398420
0.533865
0.466449
0.380632
0.453248
0.373256
0.745513
0.616854
0.382549
0.439343
0.198079
0.449218
0.196302
0.538742
0.453142
0.433108
0.229819
0.487634
0.543897
0.549306
0.693953
0.641994
0.644858
0.511023
0.673802
0.314494
0.328078
0.590683
0.211500
0.418701
0.581999
0.691320
0.410901
0.223169
0.200244
0.535033
0.453394
0.441770
0.307082
0.591102
0.406723
0.253672
0.150166
0.373670
0.616482
0.522025
0.167179
0.164106
0.565416
0.477675
0.470961
0.251559
0.389091
0.193978
0.456220
0.365378
0.286080
0.627702
0.432876
0.348475
0.625884
0.388694
0.325596
0.438016
0.471543
0.373623
0.307023
0.734389
0.416616
0.178953
0.591281
0.284744
0.513437
0.370742
0.572864
0.444471
0.557022
0.172503
0.356640
0.355791
0.428517
0.460559
0.577641
0.567016
0.700613
0.736384
0.349355
0.412455
0.506279
0.626581
0.397007
0.502902
0.276794
0.292587
0.084058
0.425541
0.296929
0.448090
0.293391
0.283385
0.509126
0.667928
0.364763
0.479491
0.542084
0.389426
0.336586
0.616635
0.672400
0.559628
0.573619
0.330173
0.477393
0.548888
0.184392
0.532522
0.481876
0.483673
0.246735
0.267834
0.211958
0.433152
0.607274
0.472313
0.565732
0.438417
0.379775
0.542915
0.330346
0.812693
0.358450
0.518510
0.256975
0.414880
0.516372
0.549370
0.272234
0.551871
0.408810
0.653832
0.321855
0.359772
0.194345
0.336416
0.390637
0.252323
0.401524
0.456813
0.615277
0.621685
0.603539
0.472659
0.557031
0.588559
0.203025
0.666098
0.552224
0.444498
0.157819
0.228626
0.483403
0.453480
0.363735
0.287674
0.471396
0.459728
0.604247
0.520113
0.855871
0.474942
0.616660
0.459421
0.247482
0.658429
0.127819
0.414388
0.366367
0.493742
0.373379
0.770248
0.598884
0.653614
0.608334
0.045588
0.524677
0.414480
0.422032
0.648559
0.512676
0.280005
0.323137
0.551487
0.268245
0.459845
0.534523
0.427520
0.415384
0.505375
0.757849
0.577570
0.341874
0.520583
0.266943
0.520237
0.349478
0.467170
0.450905
0.420948
0.364620
0.490111
0.501559
0.646692
0.718620
0.692737
0.622019
0.598920
0.623789
0.271229
0.281490
0.609161
0.229666
0.558679
0.418162
0.580186
0.373942
0.179057
0.224881
0.554769
0.601891
0.537194
0.312658
0.608103
0.507011
0.375971
0.117817
0.466943
0.583451
0.464274
0.136289
0.278417
0.556879
0.541049
0.570366
0.336261
0.298951
0.352540
0.380736
0.241604
0.362499
0.589106
0.449239
0.393802
0.735335
0.420659
0.417789
0.604132
0.514226
0.332396
0.391157
0.672562
0.271544
0.179222
0.681096
0.256633
0.394769
0.430329
0.544827
0.349314
0.538817
0.246601
0.399370
0.226946
0.379677
0.536116
0.670045
0.477528
0.532554
0.724814
0.415567
0.510434
0.368898
0.577522
0.328589
0.547061
0.358507
0.278496
0.168487
0.379327
0.265109
0.489279
0.325200
0.323717
0.538556
0.654323
0.504022
0.427950
0.484416
0.445446
0.282895
0.654516
0.730118
0.556476
0.578923
0.273019
0.372001
0.623825
0.241903
0.433960
0.441537
0.512913
0.153073
0.416019
0.283126
0.546249
0.639256
0.574711
0.659695
0.416308
0.334034
0.614763
0.328376
0.829480
0.356671
0.440758
0.130514
0.476817
0.484734
0.631098
0.343993
0.556325
0.371312
0.758764
0.316792
0.115413
0.145895
0.279109
0.427780
0.402697
0.450699
0.448757
0.536176
0.684939
0.645921
0.453005
0.437825
0.452466
0.159648
0.658320
0.497698
0.447300
0.168992
0.262850
0.542871
0.409252
0.419830
0.366861
0.515844
0.341293
0.611593
0.433734
0.722907
0.610114
0.648712
0.549183
0.277590
0.672866
0.237821
0.438766
0.463428
0.645448
0.538593
0.701994
0.661532
0.687161
0.565880
0.158360
0.577298
0.373834
0.406304
0.608045
0.440366
0.300930
0.266680
0.581468
0.198750
0.482384
0.531879
0.614288
0.429796
0.566993
0.729891
0.549613
0.435012
0.573781
0.427426
0.642600
0.442578
0.420462
0.450393
0.294039
0.346689
0.537222
0.459133
0.592440
0.742539
0.643757
0.579489
0.638826
0.725010
0.437412
0.220257
0.450649
0.298563
0.558488
0.462214
0.402975
0.302842
0.165138
0.323353
0.691544
0.731033
0.661655
0.378323
0.627653
0.593802
0.536991
0.177951
0.480948
0.554599
0.408506
0.265476
0.229646
0.552028
0.523331
0.729907
0.437721
0.266719
0.411929
0.401981
0.163849
0.481659
0.479502
0.429856
0.396523
0.763390
0.562157
0.426454
0.714710
0.608694
0.266838
0.556415
0.631426
0.256726
0.105141
0.665935
0.294633
0.397581
0.353523
0.411815
0.263184
0.608230
0.326697
0.298681
0.208599
0.295821
0.657420
0.611330
0.439038
0.497558
0.693571
0.398722
0.509056
0.331277
0.519320
0.402071
0.564379
0.418256
0.240180
0.270922
0.283215
0.243653
0.482137
0.427374
0.282551
0.579642
0.534921
0.499053
0.442677
0.473212
0.479731
0.234566
0.682655
0.740804
0.584217
0.536222
0.217451
0.315998
0.632757
0.429985
0.387545
0.498123
0.555437
0.256320
0.513830
0.340384
0.619299
0.641075
0.648111
0.677578
0.440492
0.484115
0.627774
0.237655
0.727011
0.327439
0.374631
0.091814
0.594413
0.475363
0.731440
0.422812
0.600691
0.424839
0.760026
0.211143
0.028166
0.201163
0.306693
0.497170
0.375810
0.412275
0.384415
0.498628
0.674500
0.750050
0.512035
0.250575
0.379683
0.231327
0.587828
0.448832
0.379334
0.238153
0.236860
0.524718
0.474618
0.430942
0.524659
0.588863
0.375003
0.406207
0.341309
0.587703
0.641957
0.713866
0.530807
0.242044
0.737160
0.161265
0.393853
0.540801
0.684290
0.770422
0.702052
0.650245
0.677384
0.495866
0.372905
0.474512
0.321362
0.359492
0.564663
0.442346
0.379156
0.395038
0.535994
0.244878
0.547871
0.427499
0.567370
0.446745
0.523150
0.766568
0.518508
0.472684
0.591542
0.590939
0.767712
0.480021
0.566909
0.566393
0.344396
0.352270
0.592707
0.367181
0.522704
0.729372
0.567660
0.508402
0.568294
0.756014
0.499127
0.203558
0.260537
0.441415
0.334240
0.459872
0.392484
0.284146
0.378250
0.319389
0.750962
0.703947
0.648842
0.481152
0.660578
0.644914
0.586027
0.249612
0.491296
0.432779
0.275576
0.362243
0.236175
0.545105
0.408968
0.819262
0.558458
0.389176
0.416334
0.442174
0.222076
0.464610
0.363412
0.354776
0.334141
0.702507
0.589916
0.479948
0.698068
0.722923
0.208076
0.625878
0.676111
0.228914
0.009537
0.594437
0.296878
0.401837
0.148715
0.248714
0.303848
0.698181
0.307493
0.265035
0.187409
0.252567
0.695368
0.484946
0.505192
0.577341
0.690255
0.234782
0.458056
0.294735
0.483966
0.504577
0.634927
0.470233
0.246248
0.172908
0.223784
0.407662
0.423288
0.468272
0.292584
0.614639
0.421079
0.478152
0.595511
0.503299
0.505879
0.170265
0.782346
0.807488
0.672211
0.387595
0.132718
0.303019
0.559210
0.399489
0.392471
0.636070
0.566408
0.403641
0.561723
0.392573
0.575049
0.680871
0.701550
0.632668
0.515216
0.600063
0.543037
0.141967
0.630961
0.316796
0.391265
0.100914
0.598257
0.487660
0.713072
0.500519
0.668158
0.550084
0.717468
0.144961
0.135504
0.143372
0.338586
0.552338
0.391376
0.427791
0.215995
0.531975
0.617970
0.811558
0.539688
0.145930
0.316263
0.227630
0.470882
0.392289
0.405312
0.282666
0.271280
0.417853
0.527591
0.369572
0.629444
0.694893
0.450566
0.227299
0.337176
0.627334
0.481653
0.793338
0.588630
0.204767
0.783585
0.175401
0.387594
0.578141
0.710525
0.808298
0.573540
0.623349
0.684998
0.413479
0.353615
0.375184
0.242037
0.366868
0.523421
0.449528
0.372423
0.414332
0.561624
0.375257
0.543800
0.332820
0.416331
0.413004
0.453499
0.628658
0.537816
0.428289
0.625259
0.703227
0.802947
0.543432
0.620161
0.601458
0.436176
0.414779
0.649428
0.369678
0.394275
0.608450
0.516093
0.417155
0.439461
0.694940
0.500126
0.253891
0.254037
0.559359
0.232856
0.455218
0.418723
0.283777
0.611741
0.293518
0.687946
0.638144
0.487889
0.649501
0.554675
0.587066
0.591712
0.190958
0.542410
0.296931
0.176809
0.387277
0.363586
0.629991
0.355101
0.789656
0.593141
0.491789
0.439239
0.446693
0.363564
0.432290
0.264292
0.207390
0.306036
0.659658
0.504284
0.511798
0.602906
0.721257
0.053064
0.664391
0.678106
0.123480
0.074657
0.592047
0.262717
0.426140
0.055723
0.182196
0.424200
0.632803
0.217431
0.386000
0.089490
0.276146
0.693522
0.418861
0.519365
0.663646
0.698675
0.168703
0.381867
0.221911
0.350154
0.526364
0.694232
0.508080
0.305259
0.125846
0.106238
0.590538
0.332302
0.485793
0.315734
0.594780
0.373149
0.431311
0.604896
0.505047
0.576248
0.144751
0.844016
0.781256
0.704086
0.229080
0.142728
0.295768
0.589170
0.336747
0.469316
0.718052
0.561848
0.561274
0.531106
0.521541
0.451283
0.665442
0.683385
0.641832
0.576390
0.723537
0.509240
0.091994
0.583250
0.307355
0.376063
0.219864
0.502387
0.512541
0.653122
0.576744
0.642462
0.732053
0.608144
0.137187
0.318970
0.074659
0.432648
0.467598
0.467184
0.459319
0.078850
0.540341
0.553549
0.771976
0.501900
0.194527
0.202545
0.250158
0.396203
0.300411
0.489288
0.252788
0.333170
0.299163
0.551564
0.410359
0.658264
0.765043
0.438376
0.216846
0.297551
0.648103
0.475807
0.752632
0.716930
0.239769
0.692368
0.067451
0.388803
0.663691
0.674755
0.664634
0.599341
0.581681
0.685520
0.412646
0.266154
0.375746
0.181934
0.349904
0.515235
0.419604
0.355452
0.367116
0.623561
0.521396
0.488518
0.249697
0.322594
0.275045
0.463656
0.560996
0.461405
0.470922
0.675455
0.803618
0.767990
0.626623
0.472551
0.647726
0.528729
0.533199
0.676125
0.426080
0.366368
0.449082
0.469477
0.302054
0.327903
0.689561
0.539008
0.263132
0.368042
0.603027
0.361075
0.428073
0.529867
0.327330
0.584622
0.389100
0.646855
0.603668
0.396267
0.777774
0.502249
0.471117
0.576603
0.264974
0.611326
0.381166
0.162784
0.230903
0.493776
0.665816
0.398988
0.724548
0.549749
0.442061
0.477337
0.333118
0.440974
0.560463
0.164649
0.050178
0.331892
0.656273
0.435141
0.389970
0.645457
0.618821
0.105023
0.727657
0.641350
0.093038
0.194349
0.662343
0.237441
0.408090
0.209116
0.178067
0.417265
0.506460
0.142784
0.568657
0.093314
0.331904
0.642955
0.376234
0.464605
0.582308
0.704089
0.179394
0.398134
0.204567
0.344147
0.553716
0.777582
0.493354
0.329539
0.110622
0.146698
0.554214
0.334522
0.491932
0.437299
0.534816
0.296801
0.499808
0.585276
0.523680
0.573491
0.201718
0.877742
0.675485
0.693582
0.177729
0.200263
0.275142
0.679948
0.391930
0.446605
0.711880
0.718670
0.674517
0.541906
0.661226
0.367837
0.619273
0.715213
0.691126
0.657292
0.869849
0.636149
0.088646
0.500099
0.267610
0.394785
0.289893
0.463835
0.548580
0.679299
0.698147
0.621444
0.898197
0.542311
0.176702
0.314566
0.104039
0.475307
0.479295
0.617410
0.359907
0.178528
0.530340
0.545755
0.610167
0.443769
0.305011
0.226105
0.238610
0.442884
0.209224
0.459238
0.267361
0.439128
0.228488
0.544237
0.461227
0.552289
0.720874
0.294897
0.340276
0.312802
0.524495
0.454078
0.537246
0.709093
0.377072
0.541224
0.153572
0.334511
0.770933
0.618651
0.580741
0.544250
0.648086
0.600207
0.420758
0.357673
0.367145
0.327792
0.343031
0.516022
0.416271
0.377549
0.307650
0.545708
0.647531
0.673167
0.173533
0.259611
0.215219
0.564633
0.563539
0.497347
0.588015
0.699366
0.995323
0.734654
0.670238
0.440974
0.719866
0.510270
0.620432
0.746867
0.394910
0.380824
0.224002
0.393830
0.194413
0.264194
0.601532
0.565507
0.327124
0.352228
0.561878
0.495557
0.486792
0.670280
0.417011
0.469851
0.524734
0.614653
0.603924
0.505355
0.852640
0.555099
0.336506
0.535557
0.464545
0.634979
0.412917
0.226650
0.156351
0.601257
0.637235
0.429968
0.633190
0.577770
0.328672
0.472969
0.324539
0.439492
0.725838
0.195493
0.069590
0.338094
0.594723
0.410900
0.313000
0.721787
0.623388
0.188108
0.806836
0.607654
0.240671
0.305083
0.612151
0.295798
0.326648
0.366061
0.182583
0.371031
0.490965
0.236495
0.562048
0.123388
0.321660
0.677314
0.296612
0.434187
0.436932
0.650557
0.251351
0.500004
0.275427
0.514810
0.668285
0.791763
0.404552
0.343948
0.197502
0.190057
0.494133
0.399499
0.534779
0.532661
0.501461
0.308535
0.470013
0.682288
0.516270
0.567697
0.251129
0.910455
0.672159
0.615286
0.186050
0.186978
0.243798
0.671738
0.439588
0.480909
0.686223
0.873045
0.749207
0.671537
0.767401
0.302073
0.623837
0.776017
0.658241
0.643160
0.903953
0.777974
0.111257
0.348525
0.280575
0.374882
0.362261
0.590141
0.497473
0.747416
0.764771
0.567819
0.890367
0.478792
0.223372
0.321440
0.208371
0.506498
0.550368
0.671675
0.321445
0.112409
0.503164
0.524117
0.578506
0.470191
0.321061
0.161893
0.275111
0.463720
0.208966
0.400146
0.351976
0.538788
0.182377
0.541892
0.437237
0.470454
0.649754
0.195913
0.358365
0.324573
0.381196
0.427460
0.486308
0.544596
0.512925
0.501372
0.260146
0.245694
0.809383
0.657919
0.583799
0.535429
0.796063
0.466177
0.424194
0.458406
0.287766
0.348351
0.274311
0.502277
0.497356
0.431171
0.245698
0.458502
0.625651
0.781538
0.135498
0.087630
0.273983
0.632894
0.452791
0.493278
0.646147
0.658681
1.086281
0.685199
0.606034
0.555466
0.737411
0.514821
0.633366
0.835708
0.378916
0.425399
0.189780
0.286961
0.176969
0.301650
0.512842
0.582278
0.426148
0.310609
0.485488
0.518607
0.571041
0.767310
0.400795
0.497172
0.514330
0.614772
0.504332
0.652674
0.853559
0.622229
0.343825
0.470567
0.590207
0.601528
0.333072
0.271554
0.185529
0.612974
0.538091
0.298288
0.498638
0.714010
0.373289
0.428185
0.440239
0.372862
0.699445
0.308936
0.157983
0.296044
0.565559
0.444550
0.430672
0.665956
0.682033
0.188367
0.775440
0.637357
0.281528
0.238916
0.514411
0.400809
0.219742
0.354309
0.216454
0.451716
0.475154
0.375868
0.482970
0.199461
0.340973
0.677799
0.220391
0.409471
0.438951
0.477679
0.274569
0.486855
0.391460
0.540064
0.825325
0.759494
0.362675
0.400082
0.285103
0.125009
0.550434
0.360584
0.646853
0.615694
0.558422
0.196171
0.422188
0.740504
0.521160
0.527988
0.283908
0.772939
0.691705
0.538366
0.224897
0.156083
0.205173
0.527307
0.378555
0.461927
0.624428
0.840568
0.698215
0.722498
0.775490
0.308527
0.630538
0.734721
0.645127
0.588597
0.859373
0.769694
0.070164
0.179222
0.284288
0.374299
0.579281
0.613351
0.494132
0.789835
0.719009
0.421992
0.788755
0.332103
0.376836
0.447467
0.300473
0.537679
0.500578
0.718490
0.409293
0.118474
0.484895
0.505649
0.606885
0.614744
0.288451
0.096083
0.263856
0.406902
0.274656
0.390459
0.384582
0.587725
0.183197
0.497995
0.468385
0.499450
0.602482
0.215410
0.273232
0.378241
0.375605
0.379857
0.559318
0.392776
0.560985
0.577798
0.213252
0.354076
0.689555
0.650666
0.516778
0.575387
0.807858
0.529370
0.339205
0.437764
0.268195
0.383856
0.187769
0.477420
0.573567
0.391730
0.261823
0.667048
0.498927
0.633429
0.120973
0.050720
0.327818
0.579850
0.347813
0.355546
0.647069
0.604980
1.055320
0.670908
0.590591
0.510666
0.604932
0.493151
0.582084
0.752400
0.441414
0.432030
0.188960
0.212118
0.149133
0.318128
0.363179
0.607791
0.446672
0.346843
0.481716
0.532533
0.639110
0.825714
0.314231
0.546661
0.412101
0.537793
0.346312
0.694378
0.896834
0.646927
0.394571
0.460379
0.580912
0.579710
0.215205
0.300149
0.267263
0.638092
0.534962
0.163562
0.455717
0.778151
0.541655
0.427867
0.578012
0.360864
0.554188
0.432056
0.256011
0.388674
0.499606
0.361535
0.614647
0.541410
0.697896
0.170602
0.693599
0.664410
0.375013
0.158223
0.500066
0.411664
0.176068
0.336678
0.307164
0.556938
0.390611
0.408807
0.493314
0.196803
0.365084
0.674548
0.167741
0.290070
0.547592
0.297100
0.228219
0.397677
0.465727
0.419240
0.844621
0.636252
0.452301
0.492599
0.409774
0.174252
0.609723
0.275085
0.706724
0.578013
0.533232
0.227953
0.457652
0.773866
0.492836
0.479264
0.282421
0.588617
0.569620
0.499971
0.307080
0.139912
0.226724
0.454413
0.401184
0.501708
0.554206
0.597218
0.578615
0.741401
0.657428
0.367380
0.627586
0.633846
0.666504
0.646413
0.860572
0.723857
0.054408
0.173292
0.244012
0.398036
0.692020
0.540151
0.525948
0.705817
0.652097
0.265371
0.685140
0.296246
0.493022
0.512432
0.383173
0.528703
0.491481
0.776087
0.433217
0.227095
0.498374
0.385791
0.716174
0.698577
0.245109
0.165364
0.320792
0.482635
0.247752
0.295781
0.428390
0.577400
0.193311
0.493653
0.632056
0.704764
0.532065
0.284678
0.237730
0.396348
0.407503
0.354743
0.577576
0.309834
0.530294
0.545464
0.152686
0.466957
0.505266
0.547542
0.384114
0.581590
0.706060
0.571180
0.290497
0.438159
0.280838
0.513878
0.160304
0.586924
0.520511
0.327071
0.279257
0.663785
0.404090
0.476336
0.066974
0.102246
0.312108
0.446388
0.264345
0.245616
0.645514
0.550631
1.031651
0.724569
0.614346
0.543027
0.513237
0.392029
0.576535
0.576542
0.517861
0.504249
0.138010
0.192671
0.114719
0.307053
0.276327
0.582427
0.441734
0.398312
0.501242
0.541797
0.626318
0.752569
0.220435
0.455811
0.411471
0.399329
0.293469
0.638757
0.892068
0.641047
0.397744
0.518149
0.487750
0.526505
0.146182
0.335168
0.433328
0.681401
0.498049
0.130645
0.539890
0.685805
0.654158
0.449855
0.498502
0.374649
0.401203
0.436299
0.371452
0.503140
0.500532
0.284423
0.676886
0.428427
0.668608
0.222852
0.590503
0.641787
0.420807
0.229944
0.578973
0.327550
0.179900
0.421242
0.448108
0.556593
0.315615
0.345149
0.535227
0.189354
0.390632
0.615337
0.178613
0.234280
0.619210
0.264838
0.225446
0.405857
0.430392
0.425965
0.735781
0.445498
0.484838
0.562358
0.503211
0.340329
0.678761
0.307216
0.618232
0.478695
0.348361
0.299057
0.544711
0.673462
0.495024
0.436839
0.327654
0.515421
0.360650
0.439864
0.433389
0.299332
0.308117
0.487399
0.458344
0.499221
0.520913
0.390168
0.485231
0.758118
0.611673
0.397557
0.543598
0.441057
0.656512
0.658357
0.933639
0.714744
0.113357
0.131754
0.217005
0.420862
0.722907
0.532152
0.557212
0.533063
0.602165
0.294102
0.669166
0.301155
0.421014
0.427153
0.345674
0.462198
0.514164
0.773111
0.401909
0.168219
0.535198
0.361139
0.751984
0.763947
0.121580
0.269367
0.373378
0.561517
0.073885
0.348455
0.495779
0.577495
0.281094
0.564411
0.810127
0.914480
0.345864
0.377288
0.253852
0.413883
0.467120
0.486192
0.452197
0.293964
0.416177
0.515008
0.270244
0.465443
0.484165
0.404833
0.343550
0.600225
0.621001
0.557574
0.355783
0.508951
0.308960
0.631936
0.238030
0.732807
0.507280
0.321315
0.325402
0.591695
0.442264
0.489167
0.097951
0.078773
0.349584
0.374380
0.257359
0.296480
0.580835
0.475947
0.999891
0.799539
0.693357
0.592436
0.655591
0.306004
0.617070
0.503600
0.556020
0.640733
0.170457
0.178737
0.076275
0.311396
0.276534
0.541877
0.446753
0.373017
0.471377
0.539148
0.541501
0.645978
0.228156
0.304786
0.547858
0.373205
0.367048
0.566551
0.845482
0.610120
0.364833
0.574428
0.485698
0.410116
0.040029
0.375868
0.582316
0.665114
0.418638
0.176007
0.537226
0.556707
0.662533
0.387370
0.305773
0.337399
0.423441
0.354723
0.412251
0.360511
0.421073
0.312930
0.615576
0.394556
0.663050
0.243188
0.583640
0.637223
0.335346
0.310367
0.567603
0.325582
0.198975
0.554126
0.626875
0.522560
0.244250
0.291985
0.490714
0.323912
0.363525
0.548565
0.048245
0.222403
0.558426
0.247444
0.240049
0.538446
0.371756
0.556364
0.622724
0.373999
0.369584
0.682894
0.481097
0.475620
0.692135
0.396511
0.593991
0.362574
0.159583
0.278672
0.510205
0.656165
0.498288
0.413363
0.389903
0.518390
0.206793
0.354177
0.475611
0.475330
0.402342
0.545810
0.419453
0.550383
0.527933
0.273040
0.448465
0.718211
0.641805
0.427435
0.433576
0.271261
0.533014
0.617212
0.920125
0.747273
0.203971
0.243728
0.195664
0.399452
0.664735
0.582395
0.632091
0.382256
0.612330
0.244187
0.613685
0.261697
0.329931
0.361284
0.335037
0.347175
0.559153
0.740644
0.370777
0.315986
0.630561
0.284040
0.726055
0.853112
0.045429
0.296764
0.472340
0.534111
0.108101
0.373544
0.586645
0.596982
0.359981
0.623492
0.856110
1.009800
0.279755
0.393183
0.145209
0.429192
0.503909
0.550755
0.378971
0.260574
0.411761
0.590692
0.352729
0.465825
0.607259
0.297357
0.440731
0.639630
0.565109
0.583710
0.458080
0.496351
0.300025
0.739223
0.257179
0.886361
0.545902
0.362333
0.338819
0.503178
0.495698
0.534822
0.130278
0.095138
0.385116
0.337599
0.243760
0.355009
0.427520
0.417964
0.838580
0.811767
0.763312
0.585319
0.825678
0.295372
0.705572
0.516932
0.482742
0.668060
0.171477
0.228275
0.066267
0.296926
0.275725
0.630804
0.495014
0.342895
0.522444
0.506434
0.449542
0.518393
0.359408
0.191671
0.609301
0.395970
0.488078
0.591491
0.680898
0.549300
0.345193
0.557654
0.477576
0.343327
0.146592
0.387721
0.671748
0.631806
0.379052
0.197588
0.404038
0.475796
0.635244
0.355143
0.223934
0.204771
0.412082
0.390035
0.487663
0.244517
0.366102
0.415789
0.501461
0.374938
0.612565
0.222541
0.600087
0.588907
0.387415
0.397215
0.449967
0.396808
0.157032
0.605333
0.752765
0.567480
0.178589
0.280665
0.365068
0.477753
0.383842
0.472161
0.066575
0.293704
0.460330
0.289288
0.336949
0.660860
0.318929
0.618234
0.534613
0.434764
0.289488
0.691783
0.489083
0.555191
0.627665
0.468776
0.639931
0.337673
0.200851
0.208537
0.441690
0.682252
0.397871
0.457162
0.342135
0.459669
0.201707
0.347201
0.411128
0.518047
0.436143
0.516548
0.315803
0.551241
0.472406
0.218261
0.540765
0.607571
0.657786
0.611092
0.441630
0.258815
0.419011
0.483347
0.731368
0.648733
0.180644
0.194960
0.211060
0.422109
0.630553
0.537996
0.619748
0.286911
0.569203
0.116866
0.575892
0.258550
0.415306
0.362156
0.499414
0.338076
0.591661
0.737392
0.342978
0.396629
0.712946
0.273959
0.608406
0.863637
0.100837
0.161142
0.637042
0.547924
0.177895
0.406143
0.636329
0.621440
0.397012
0.672050
0.825690
0.933912
0.344929
0.338318
0.021713
0.472240
0.462585
0.516732
0.520511
0.243413
0.522002
0.817507
0.502858
0.563286
0.773564
0.255854
0.467568
0.715344
0.468469
0.593982
0.514174
0.377560
0.310084
0.859480
0.360656
0.913528
0.541421
0.314399
0.334990
0.468521
0.523321
0.594092
0.139723
0.101380
0.326796
0.300541
0.161781
0.357444
0.294943
0.383457
0.637797
0.790427
0.777308
0.545470
0.731922
0.261082
0.651372
0.519723
0.393614
0.735446
0.143842
0.247241
0.142683
0.248509
0.266855
0.697640
0.491980
0.362077
0.605324
0.526401
0.470417
0.442050
0.373864
0.077766
0.527151
0.336133
0.567894
0.640699
0.582786
0.405472
0.278109
0.492890
0.384459
0.381111
0.198261
0.468731
0.653827
0.558886
0.349877
0.144640
0.194001
0.437130
0.596396
0.286197
0.316968
0.096110
0.376390
0.309062
0.480469
0.263639
0.412878
0.408452
0.525719
0.418521
0.465948
0.285919
0.582041
0.511651
0.365685
0.439633
0.292872
0.322574
0.257991
0.529414
0.795322
0.632860
0.138567
0.304797
0.279799
0.459326
0.450827
0.447814
0.178053
0.333695
0.416570
0.374508
0.402426
0.649196
0.348150
0.516370
0.464133
0.498085
0.385882
0.635257
0.527189
0.561759
0.543445
0.540885
0.706214
0.334067
0.455179
0.311732
0.431569
0.651052
0.294389
0.512926
0.239523
0.401964
0.198462
0.344893
0.420775
0.436512
0.383198
0.433308
0.298848
0.371109
0.336192
0.225355
0.629756
0.504858
0.666234
0.810378
0.495802
0.293084
0.457744
0.407795
0.567925
0.635790
0.117642
0.131390
0.278431
0.458811
0.511169
0.520864
0.564491
0.268695
0.536090
0.130818
0.594560
0.326723
0.527931
0.323360
0.602692
0.438605
0.558370
0.798465
0.331420
0.411802
0.660751
0.310797
0.539773
0.802216
0.151168
0.050234
0.700814
0.587690
0.095066
0.445013
0.698072
0.574027
0.396467
0.682790
0.699656
0.771620
0.445794
0.299241
0.045019
0.412017
0.426184
0.566514
0.583322
0.206960
0.675490
1.046935
0.597862
0.525065
0.824361
0.169299
0.354378
0.739006
0.472777
0.557924
0.365042
0.230017
0.369549
0.892459
0.504821
0.828970
0.509862
0.250056
0.427270
0.403055
0.505641
0.724327
0.168585
0.066243
0.301844
0.296870
0.156022
0.368770
0.298742
0.353439
0.544901
0.793533
0.633054
0.485477
0.476306
0.186885
0.424979
0.477444
0.473032
0.759051
0.129367
0.249599
0.142109
0.124942
0.245567
0.703148
0.490195
0.335051
0.551077
0.608031
0.462223
0.376396
0.239802
0.141693
0.344847
0.326270
0.464177
0.656041
0.445300
0.359846
0.257485
0.422528
0.305639
0.373756
0.187974
0.544482
0.679785
0.418389
0.361279
0.163681
0.056107
0.289359
0.629851
0.286581
0.439784
0.056081
0.357459
0.458530
0.393467
0.333463
0.520196
0.287869
0.575264
0.414745
0.228755
0.352075
0.425584
0.440990
0.248453
0.539499
0.284913
0.289825
0.340206
0.526510
0.786442
0.522774
0.258592
0.343866
0.240485
0.292015
0.491638
0.458330
0.279979
0.265834
0.462461
0.352813
0.392361
0.580749
0.328870
0.410326
0.469411
0.526044
0.508159
0.637288
0.569604
0.529530
0.571845
0.605145
0.652214
0.311193
0.553182
0.375901
0.449749
0.603139
0.341772
0.447594
0.264174
0.420497
0.107297
0.350541
0.460429
0.472630
0.363544
0.427630
0.325217
0.370602
0.277818
0.163904
0.624972
0.488125
0.713732
0.756573
0.520340
0.232021
0.478329
0.356024
0.506343
0.661049
0.171842
0.053940
0.356739
0.524744
0.458498
0.569873
0.481243
0.290003
0.570109
0.191834
0.657138
0.268528
0.617904
0.201097
0.472707
0.470248
0.419842
0.776898
0.293585
0.549630
0.578333
0.392733
0.451094
0.781361
0.182112
0.104668
0.577523
0.577959
0.264282
0.549231
0.740642
0.497564
0.349682
0.581504
0.624808
0.701494
0.411600
0.412681
0.051376
0.325718
0.491882
0.601702
0.413661
0.138220
0.613118
1.055880
0.620898
0.439722
0.750243
0.086389
0.292670
0.694598
0.457753
0.535302
0.164125
0.183915
0.470247
0.755753
0.541441
0.763247
0.471968
0.365736
0.557119
0.340007
0.428776
0.811303
0.163372
0.081313
0.192009
0.407750
0.148845
0.441079
0.345363
0.303186
0.634920
0.696493
0.496634
0.541476
0.235430
0.209046
0.332838
0.557399
0.572351
0.731382
0.096827
0.207278
0.078602
0.185495
0.262600
0.771478
0.476017
0.199779
0.430723
0.583380
0.395788
0.379090
0.309040
0.194903
0.193953
0.391819
0.398494
0.644759
0.334740
0.301265
0.292661
0.335978
0.321719
0.344956
0.231834
0.610505
0.708118
0.289867
0.316670
0.230684
0.134823
0.384194
0.647386
0.347634
0.411532
0.103557
0.409183
0.607855
0.352633
0.356112
0.464108
0.208693
0.600306
0.336866
0.049652
0.429193
0.258224
0.315222
0.288654
0.617167
0.373312
0.264310
0.304468
0.557629
0.740695
0.284301
0.440267
0.461624
0.263293
0.312015
0.529242
0.393336
0.408451
0.254533
0.503876
0.237919
0.459309
0.473414
0.252992
0.354670
0.578629
0.506208
0.643221
0.664846
0.540478
0.549551
0.733020
0.646960
0.531876
0.245590
0.396837
0.313037
0.417816
0.650804
0.300017
0.287514
0.303560
0.357657
0.046406
0.398727
0.506528
0.583621
0.193163
0.523862
0.307346
0.423499
0.294037
0.292341
0.581818
0.508248
0.622531
0.689797
0.412231
0.147851
0.430567
0.355540
0.420255
0.693988
0.323673
0.017113
0.371497
0.454936
0.510217
0.570729
0.402275
0.344928
0.526221
0.108156
0.570118
0.288466
0.547480
0.225895
0.308220
0.523072
0.391063
0.665927
0.306584
0.728138
0.472174
0.383124
0.446763
0.683352
0.178283
0.146649
0.530727
0.493108
0.354791
0.664293
0.715236
0.377825
0.213566
0.565979
0.536366
0.714667
0.324039
0.347043
0.113393
0.265021
0.524962
0.569026
0.198400
0.124539
0.431617
0.855986
0.643197
0.473157
0.674229
0.165940
0.396951
0.609018
0.376807
0.532075
0.067564
0.231372
0.477341
0.586729
0.430222
0.641954
0.453103
0.396612
0.631732
0.331736
0.334855
0.715794
0.198821
0.246353
0.157964
0.452313
0.157895
0.488267
0.335433
0.356433
0.668977
0.564752
0.353631
0.489415
0.167951
0.168659
0.380139
0.671868
0.667004
0.631884
0.156379
0.282258
0.050978
0.234154
0.266492
0.759867
0.527915
0.158325
0.379529
0.558303
0.429855
0.550958
0.480705
0.208182
0.188938
0.430425
0.382163
0.560764
0.222515
0.223981
0.323792
0.284378
0.390065
0.344139
0.337936
0.545666
0.631472
0.275450
0.201012
0.251470
0.131403
0.398653
0.645550
0.411652
0.298619
0.141858
0.455171
0.644245
0.302930
0.399445
0.445243
0.235041
0.588366
0.252297
0.074998
0.575551
0.106436
0.215241
0.394819
0.596486
0.337340
0.308450
0.258080
0.542770
0.691061
0.236447
0.451188
0.533141
0.286245
0.464445
0.585535
0.345005
0.346302
0.248281
0.471617
0.124868
0.477539
0.453932
0.262809
0.397286
0.749812
0.458784
0.691108
0.626064
0.471811
0.660676
0.849326
0.666212
0.483067
0.164200
0.284735
0.337477
0.418368
0.678676
0.272153
0.132882
0.313402
0.412111
0.045996
0.429654
0.594074
0.612206
0.215256
0.521879
0.275258
0.414482
0.297528
0.518454
0.401139
0.450438
0.403044
0.695654
0.300023
0.063410
0.320213
0.401365
0.265136
0.717182
0.350260
0.046493
0.434119
0.394959
0.675236
0.569304
0.370349
0.297843
0.349659
0.133876
0.406681
0.318785
0.413658
0.337837
0.341675
0.567929
0.450882
0.585884
0.308671
0.658404
0.383761
0.436823
0.515658
0.614895
0.225291
0.236975
0.630105
0.448185
0.345905
0.723509
0.566200
0.312305
0.050223
0.641178
0.445148
0.695249
0.252697
0.204873
0.191950
0.301451
0.384229
0.471380
0.147892
0.101251
0.451810
0.709557
0.678002
0.583423
0.656140
0.226804
0.497553
0.592808
0.243017
0.492721
0.182808
0.271572
0.355581
0.574071
0.339178
0.510081
0.497440
0.361227
0.605300
0.407825
0.336929
0.657204
0.318640
0.310221
0.267420
0.347400
0.269233
0.537605
0.311024
0.412025
0.502088
0.442293
0.278169
0.343072
0.214651
0.075453
0.373839
0.700888
0.580077
0.511945
0.164670
0.412318
0.097753
0.377611
0.223828
0.747438
0.548559
0.232440
0.431755
0.561944
0.581967
0.484671
0.612307
0.230836
0.212384
0.411230
0.308903
0.522771
0.125822
0.090852
0.335493
0.331692
0.452603
0.503607
0.415450
0.439793
0.621212
0.221420
0.145714
0.315500
0.138831
0.342995
0.622451
0.346886
0.311305
0.160817
0.524888
0.639825
0.229075
0.377287
0.499897
0.266552
0.561618
0.223934
0.053550
0.635945
0.171642
0.229125
0.343596
0.510567
0.170470
0.323967
0.318351
0.414352
0.593732
0.400239
0.334970
0.491782
0.302584
0.500887
0.586999
0.325849
0.388224
0.340004
0.416007
0.017280
0.561409
0.429263
0.342875
0.431812
0.836441
0.416866
0.795258
0.596263
0.416450
0.628944
0.708422
0.707591
0.486003
0.192003
0.381051
0.380704
0.514652
0.637131
0.355855
0.186379
0.318252
0.399857
0.161247
0.417428
0.570683
0.570352
0.229247
0.384729
0.327816
0.413548
0.302409
0.437834
0.203362
0.356542
0.265849
0.587792
0.281876
0.050436
0.333730
0.484591
0.285388
0.717824
0.347512
0.217174
0.588700
0.457308
0.725996
0.494104
0.276420
0.211599
0.226607
0.107524
0.464722
0.270809
0.342184
0.354111
0.449287
0.544340
0.437101
0.509847
0.334706
0.453385
0.292164
0.656296
0.584409
0.570361
0.269465
0.264229
0.626001
0.432151
0.209337
0.656468
0.470533
0.223336
0.037283
0.634289
0.380232
0.533919
0.293607
0.237863
0.254725
0.375639
0.337455
0.460060
0.148051
0.172385
0.593038
0.605028
0.627443
0.556336
0.574973
0.154849
0.427417
0.622775
0.235569
0.393204
0.190523
0.177957
0.220902
0.634992
0.340493
0.443070
0.527194
0.374475
0.539172
0.472516
0.396007
0.725466
0.276924
0.334695
0.382839
0.281917
0.402642
0.499726
0.279401
0.313833
0.276578
0.352907
0.242868
0.350254
0.242623
0.047472
0.251558
0.649230
0.519002
0.484798
0.228376
0.439565
0.183743
0.531265
0.361814
0.786325
0.526228
0.261414
0.487588
0.542894
0.500422
0.493809
0.498970
0.212811
0.177887
0.466896
0.248688
0.586572
0.032644
0.101711
0.361928
0.345408
0.411282
0.651146
0.424843
0.333669
0.732402
0.113094
0.125076
0.391505
0.205968
0.263138
0.501842
0.202676
0.368202
0.233193
0.391493
0.637595
0.227625
0.297954
0.674765
0.317996
0.494317
0.302507
0.122050
0.630809
0.247940
0.248257
0.144324
0.393419
0.092457
0.266977
0.354521
0.324449
0.504040
0.468265
0.291159
0.355703
0.260405
0.422056
0.571763
0.323836
0.448190
0.396303
0.421865
0.119559
0.509868
0.396180
0.355379
0.430476
0.717988
0.405961
0.894072
0.587177
0.519774
0.512983
0.446273
0.581219
0.445550
0.231873
0.512759
0.378013
0.503198
0.562403
0.444566
0.192582
0.291623
0.396564
0.298725
0.547725
0.498310
0.460917
0.198285
0.290090
0.361059
0.419800
0.268592
0.194191
0.083570
0.372377
0.238994
0.422999
0.316473
0.119059
0.334738
0.456691
0.263559
0.702532
0.445822
0.390858
0.694418
0.520353
0.682098
0.530635
0.266777
0.312969
0.195573
0.125965
0.400084
0.216726
0.386197
0.374008
0.436472
0.427955
0.436873
0.362485
0.253852
0.372355
0.109931
0.721475
0.504586
0.511328
0.301516
0.287986
0.478072
0.421810
0.143318
0.513143
0.462974
0.140846
0.143145
0.568629
0.317982
0.291259
0.378675
0.379344
0.279539
0.378779
0.376388
0.402741
0.156091
0.205060
0.573639
0.652918
0.580905
0.510601
0.461296
0.085229
0.250810
0.539391
0.240450
0.378786
0.152306
0.079264
0.184717
0.673453
0.363133
0.440959
0.471242
0.420347
0.552869
0.462912
0.379331
0.798620
0.158375
0.471726
0.471549
0.249349
0.538259
0.577728
0.205626
0.259258
0.229678
0.397144
0.188168
0.489216
0.248191
0.040581
0.062570
0.666494
0.509859
0.525008
0.296773
0.415746
0.235904
0.579103
0.440230
0.765981
0.496508
0.176073
0.510904
0.482788
0.387360
0.598924
0.392579
0.274427
0.175249
0.487589
0.230423
0.712738
0.135971
0.228864
0.381609
0.326268
0.397996
0.608954
0.359615
0.318225
0.674708
0.112978
0.065832
0.354398
0.323279
0.271677
0.457781
0.165292
0.331942
0.265292
0.176140
0.647649
0.218985
0.230303
0.723504
0.356910
0.437245
0.402863
0.067104
0.563646
0.208922
0.206342
0.143498
0.372766
0.131742
0.204222
0.286942
0.300319
0.396825
0.439105
0.365383
0.294945
0.280336
0.355742
0.479995
0.259219
0.362376
0.425515
0.411875
0.154596
0.317656
0.370826
0.244677
0.445314
0.405790
0.429826
0.951279
0.511808
0.592220
0.427488
0.358178
0.536678
0.365970
0.168204
0.486177
0.345177
0.515787
0.564570
0.411514
0.038552
0.339631
0.420720
0.268254
0.633861
0.454519
0.398505
0.308866
0.299844
0.367452
0.417911
0.094545
0.124732
0.059770
0.336331
0.219036
0.438617
0.276677
0.143544
0.270405
0.317316
0.112851
0.697824
0.519673
0.503253
0.665908
0.590626
0.516557
0.416561
0.184545
0.191943
0.246900
0.182205
0.345900
0.403567
0.504913
0.345629
0.432523
0.384923
0.421093
0.388258
0.182346
0.347823
0.038130
0.546584
0.399412
0.355287
0.330203
0.210358
0.313325
0.379920
0.197282
0.430306
0.485930
0.066691
0.239706
0.529659
0.241343
0.310978
0.452042
0.368262
0.385512
0.366032
0.532624
0.292584
0.126973
0.198055
0.449269
0.669335
0.563928
0.439898
0.314953
0.110767
0.087297
0.474613
0.210233
0.450747
0.114407
0.054293
0.239192
0.641033
0.338973
0.535883
0.385035
0.353712
0.563988
0.440443
0.221514
0.793065
0.123264
0.570179
0.409774
0.224277
0.634315
0.660433
0.284249
0.250468
0.208615
0.475263
0.172018
0.520868
0.176667
0.155135
0.104795
0.653714
0.584321
0.408220
0.377526
0.405807
0.319135
0.484818
0.483891
0.712434
0.503069
0.173846
0.602051
0.389559
0.375892
0.667531
0.390402
0.303368
0.195501
0.455686
0.197004
0.696966
0.245270
0.239069
0.419861
0.307643
0.465346
0.447128
0.295713
0.365470
0.452605
0.171032
0.048102
0.334992
0.335232
0.191197
0.426347
0.131115
0.296449
0.175734
0.030913
0.655006
0.259023
0.229501
0.610707
0.394296
0.313648
0.424839
0.100701
0.405395
0.206605
0.122327
0.090752
0.403083
0.145431
0.310973
0.305088
0.271765
0.330246
0.402972
0.351371
0.417928
0.416452
0.340734
0.358327
0.187689
0.320542
0.479170
0.333278
0.086175
0.121007
0.335106
0.242602
0.400551
0.106272
0.351764
0.923247
0.388005
0.526643
0.443661
0.441400
0.570487
0.261204
0.013115
0.401739
0.399456
0.448755
0.555736
0.341764
0.115598
0.342672
0.436318
0.319257
0.724315
0.444973
0.432524
0.292391
0.442409
0.332082
0.437107
0.041745
0.146478
0.095871
0.295447
0.095902
0.358816
0.166960
0.112075
0.274348
0.192780
0.099932
0.644279
0.595931
0.518464
0.595952
0.547164
0.464626
0.327594
0.343312
0.024525
0.236485
0.168386
0.368233
0.597831
0.567448
0.416043
0.585436
0.465320
0.500507
0.509792
0.177532
0.363397
0.093451
0.498016
0.355559
0.223371
0.371376
0.129896
0.243667
0.327174
0.431492
0.365614
0.500147
0.127029
0.315278
0.467710
0.249987
0.433689
0.368735
0.130423
0.471867
0.302043
0.605316
0.221278
0.140349
0.185236
0.413199
0.519571
0.451509
0.337009
0.200663
0.100620
0.040291
0.406854
0.189632
0.477165
0.112714
0.121674
0.253638
0.587493
0.405152
0.581676
0.369683
0.359115
0.495201
0.524740
0.080675
0.911318
0.211718
0.547146
0.381258
0.286110
0.689825
0.643823
0.310424
0.158622
0.165173
0.329566
0.141773
0.461660
0.165843
0.178631
0.172767
0.687218
0.564607
0.353851
0.512809
0.428200
0.344160
0.341756
0.444344
0.666852
0.537800
0.277157
0.595368
0.251442
0.472858
0.620698
0.405964
0.327036
0.190465
0.410291
0.182924
0.580954
0.385040
0.190820
0.356564
0.268523
0.476198
0.312354
0.322753
0.435135
0.210479
0.250260
0.071694
0.387292
0.335478
0.153066
0.345510
0.320776
0.320790
0.068021
0.114531
0.660275
0.250207
0.338200
0.408668
0.388408
0.150195
0.410258
0.211871
0.221243
0.097719
0.062479
0.204902
0.414025
0.170675
0.344901
0.463622
0.218914
0.181562
0.311889
0.322342
0.357279
0.539970
0.318709
0.292110
0.135954
0.329733
0.563829
0.287822
0.092029
0.085684
0.362272
0.330105
0.302938
0.100349
0.451926
0.776242
0.295708
0.427324
0.453553
0.433800
0.432870
0.192018
0.160264
0.330473
0.440796
0.404514
0.487105
0.333590
0.236378
0.307805
0.329937
0.246008
0.680833
0.400231
0.434773
0.294987
0.487485
0.257952
0.379006
0.108094
0.128487
0.067857
0.269194
0.114523
0.285575
0.074265
0.044865
0.266519
0.197549
0.190491
0.492678
0.557893
0.516032
0.526310
0.468042
0.494207
0.438342
0.415902
0.076422
0.328897
0.130298
0.412888
0.673861
0.552507
0.468327
0.591144
0.500070
0.504786
0.579716
0.250580
0.383630
0.180855
0.637121
0.309783
0.156718
0.409240
0.280406
0.181286
0.377402
0.562089
0.286099
0.459287
0.225611
0.286951
0.392421
0.301686
0.479124
0.194881
0.020252
0.582516
0.279219
0.629714
0.414087
0.138296
0.167172
0.346081
0.430133
0.351116
0.255088
0.110916
0.071786
0.079020
0.481344
0.209042
0.524130
0.142435
0.152483
0.229371
0.502753
0.394640
0.568907
0.275636
0.314070
0.398379
0.582482
0.112429
0.842095
0.277247
0.464480
0.441672
0.363724
0.641994
0.602101
0.258462
0.131542
0.155271
0.350377
0.156904
0.407973
0.223884
0.145219
0.143928
0.715952
0.489423
0.314213
0.649180
0.407730
0.336358
0.358935
0.586883
0.662272
0.441006
0.403279
0.518318
0.164729
0.503976
0.669111
0.342229
0.339529
0.224345
0.394544
0.301043
0.435237
0.383148
0.273547
0.195017
0.232431
0.388655
0.187212
0.357037
0.371159
0.100846
0.311475
0.160398
0.470879
0.320847
0.168028
0.290876
0.438346
0.323638
0.086361
0.215528
0.655006
0.264911
0.482474
0.253016
0.292911
0.152241
0.400705
0.227918
0.152871
0.052527
0.086265
0.278708
0.429035
0.225358
0.251578
0.595633
0.181353
0.093688
0.121884
0.303669
0.269450
0.497744
0.195718
0.247921
0.130619
0.300416
0.598244
0.329145
0.223682
0.155365
0.206161
0.325014
0.384887
0.133413
0.563245
0.478190
0.178274
0.360967
0.364271
0.348606
0.289533
0.131922
0.208042
0.232851
0.419903
0.286584
0.494504
0.318214
0.291467
0.383898
0.296620
0.186889
0.666547
0.234758
0.389615
0.293049
0.420334
0.246012
0.280723
0.100944
0.091400
0.203777
0.348030
0.296191
0.281293
0.030311
0.055316
0.282624
0.186319
0.306448
0.425200
0.393221
0.532324
0.485563
0.513959
0.437287
0.494282
0.471404
0.192891
0.333980
0.108038
0.405535
0.679671
0.492465
0.523961
0.492854
0.483690
0.393348
0.524708
0.300770
0.423360
0.222593
0.749638
0.178613
0.131929
0.368064
0.455364
0.102682
0.503848
0.583369
0.194101
0.366130
0.264949
0.355101
0.363443
0.293355
0.384966
0.149273
0.104907
0.572376
0.311117
0.597891
0.567998
0.180361
0.152894
0.205842
0.407332
0.420966
0.330381
0.064391
0.119477
0.273657
0.571316
0.118645
0.495653
0.180766
0.205999
0.221690
0.452439
0.234911
0.603222
0.168131
0.213486
0.332711
0.586169
0.177233
0.582483
0.256164
0.514087
0.471591
0.406450
0.569073
0.569393
0.231516
0.172995
0.176600
0.463291
0.225164
0.448417
0.190549
0.188664
0.039153
0.687395
0.294200
0.375516
0.653764
0.363675
0.271979
0.366252
0.720804
0.558706
0.312195
0.276515
0.295546
0.111118
0.451879
0.696184
0.301334
0.224161
0.206758
0.367350
0.249103
0.422236
0.216896
0.245003
0.084234
0.260889
0.243598
0.079761
0.400273
0.232079
0.029383
0.402625
0.236134
0.507170
0.306786
0.238800
0.222553
0.388005
0.203459
0.253148
0.274550
0.591456
0.272102
0.564197
0.261346
0.269765
0.066095
0.325928
0.148727
0.091555
0.140798
0.024926
0.388966
0.449606
0.178513
0.205319
0.591314
0.088952
0.108970
0.031469
0.384443
0.208803
0.439795
0.164949
0.213279
0.296630
0.362189
0.573785
0.313033
0.272452
0.094610
0.134888
0.232235
0.384325
0.084296
0.666430
0.277874
0.060593
0.243544
0.208996
0.279846
0.252675
0.081280
0.191868
0.179812
0.335346
0.213393
0.514127
0.281830
0.306214
0.420398
0.290831
0.075257
0.637822
0.106871
0.336224
0.207622
0.421882
0.243859
0.501992
0.138205
0.134842
0.229342
0.431058
0.329861
0.354927
0.080836
0.081417
0.212740
0.081016
0.215151
0.438866
0.344030
0.461075
0.445751
0.599423
0.291303
0.385536
0.394689
0.221278
0.362402
0.105183
0.426579
0.763037
0.400117
0.498329
0.383319
0.471751
0.386739
0.551380
0.181477
0.372815
0.092111
0.621097
0.138658
0.222399
0.247423
0.449959
0.110904
0.539884
0.462557
0.180357
0.270268
0.238799
0.412873
0.427986
0.215548
0.359012
0.164425
0.206140
0.478151
0.169614
0.609092
0.612804
0.240251
0.171793
0.055705
0.375334
0.491561
0.354934
0.195860
0.162736
0.324703
0.643045
0.041591
0.436994
0.161411
0.212699
0.239299
0.531576
0.173947
0.606067
0.205228
0.208607
0.346810
0.611396
0.128008
0.484116
0.146349
0.584350
0.403163
0.463698
0.537611
0.535405
0.184172
0.180940
0.194313
0.392794
0.341798
0.443794
0.176079
0.342521
0.057632
0.559166
0.249732
0.421654
0.646178
0.342177
0.179871
0.481339
0.716890
0.529340
0.298871
0.153062
0.124101
0.154694
0.464053
0.610060
0.271562
0.076668
0.292691
0.364806
0.103130
0.353910
0.037790
0.201530
0.127071
0.331162
0.103009
0.082476
0.441462
0.134032
0.215135
0.439401
0.335833
0.403396
0.406828
0.263035
0.197003
0.385884
0.057777
0.215321
0.267404
0.492907
0.300041
0.629195
0.335797
0.335852
0.148505
0.225468
0.130152
0.081290
0.096466
0.081858
0.452240
0.424745
0.171737
0.266392
0.456342
0.134852
0.052576
0.054889
0.424400
0.318597
0.443978
0.229206
0.115215
0.327445
0.451918
0.506108
0.253939
0.253299
0.239769
0.129984
0.132787
0.454029
0.124322
0.701406
0.202687
0.197591
0.232585
0.129845
0.247193
0.297926
0.116656
0.148722
0.270774
0.267039
0.205679
0.504728
0.275113
0.157294
0.328975
0.309525
0.049695
0.612174
0.099943
0.238256
0.131669
0.417585
0.176352
0.619355
0.175627
0.191674
0.273151
0.415823
0.276318
0.391647
0.112692
0.065187
0.162334
0.062822
0.285040
0.416321
0.408572
0.357921
0.391711
0.625662
0.153988
0.352840
0.281839
0.201133
0.336467
0.186264
0.459268
0.739785
0.288648
0.364504
0.359558
0.402977
0.391557
0.511939
0.114085
0.263956
0.134771
0.523397
0.240155
0.351966
0.173457
0.370388
0.142264
0.379762
0.358415
0.312477
0.269573
0.162653
0.425114
0.416894
0.157555
0.429997
0.155510
0.208688
0.436816
0.121507
0.648615
0.497616
0.081495
0.165730
0.061792
0.329128
0.420322
0.287100
0.283400
0.199656
0.241136
0.679119
0.158869
0.275119
0.178779
0.231960
0.082835
0.545733
0.244508
0.535295
0.254233
0.213203
0.322521
0.530946
0.063800
0.393696
0.121405
0.594807
0.388914
0.475474
0.583067
0.440346
0.070414
0.120873
0.187969
0.309712
0.420555
0.455606
0.213868
0.435164
0.098304
0.415305
0.220888
0.444655
0.618149
0.309168
0.189422
0.557507
0.530731
0.626148
0.317360
0.132311
0.110763
0.274562
0.502648
0.553390
0.216147
0.121614
0.381726
0.354250
0.064867
0.286365
0.078826
0.176026
0.263863
0.355212
0.104233
0.069734
0.498073
0.099168
0.348801
0.364462
0.441301
0.280423
0.416227
0.155070
0.098816
0.449543
0.118067
0.247415
0.188659
0.383996
0.327498
0.578815
0.338561
0.407124
0.231220
0.239030
0.231845
0.131445
0.020913
0.066002
0.343486
0.387733
0.258775
0.325398
0.423898
0.143411
0.233165
0.166723
0.362116
0.323949
0.425874
0.252903
0.057921
0.262284
0.438853
0.436707
0.143200
0.175957
0.368460
0.060049
0.162340
0.393521
0.133536
0.630977
0.172766
0.125161
0.253396
0.184546
0.137070
0.327450
0.090655
0.178207
0.412702
0.245976
0.339573
0.504756
0.159454
0.048767
0.163112
0.302454
0.103805
0.555010
0.076216
0.102418
0.115722
0.370673
0.179880
0.587268
0.252245
0.221228
0.203806
0.346225
0.262280
0.294821
0.057879
0.101020
0.171748
0.113087
0.373186
0.308593
0.448385
0.358406
0.333778
0.543193
0.076164
0.372210
0.188867
0.052009
0.352470
0.221712
0.415772
0.610514
0.277192
0.314228
0.360774
0.297656
0.380182
0.445084
0.171980
0.118591
0.232739
0.558569
0.287390
0.403756
0.191014
0.350412
0.107010
0.349921
0.429482
0.346614
0.262661
0.125586
0.310117
0.299987
0.119383
0.424548
0.141092
0.141742
0.409334
0.093411
0.598062
0.403997
0.148001
0.157987
0.120220
0.322057
0.351721
0.299653
0.315504
0.197178
0.216601
0.569871
0.110707
0.383249
0.183759
0.158241
0.112048
0.482987
0.250689
0.516736
0.149064
0.166320
0.239207
0.422172
0.165363
0.413715
0.210183
0.524727
0.375659
0.458033
0.543032
0.445743
0.050736
0.119901
0.140988
0.373406
0.360559
0.457845
0.209828
0.426613
0.095924
0.335152
0.203567
0.530892
0.555438
0.180341
0.270819
0.556076
0.370375
0.723594
0.227639
0.068427
0.148705
0.181207
0.504996
0.507717
0.061391
0.065148
0.318569
0.343771
0.063543
0.344434
0.159265
0.197865
0.298777
0.334189
0.124350
0.059802
0.440093
0.145340
0.321025
0.239700
0.501958
0.213254
0.313573
0.060744
0.152485
0.438290
0.128778
0.250040
0.068410
0.328310
0.496451
0.426610
0.220011
0.391834
0.223158
0.404050
0.435425
0.170026
0.092943
0.049827
0.265971
0.392168
0.193593
0.252972
0.483063
0.170539
0.343693
0.068932
0.343462
0.257047
0.256793
0.216380
0.088013
0.322057
0.301332
0.298682
0.117476
0.243587
0.460834
0.128180
0.297801
0.438394
0.150517
0.572440
0.163557
0.032439
0.255358
0.200520
0.258950
0.365962
0.117775
0.375473
0.445607
0.268911
0.394807
0.519232
0.138155
0.043291
0.298118
0.441560
0.166562
0.526662
0.036525
0.095218
0.126042
0.425497
0.173796
0.648370
0.219216
0.263408
0.369508
0.322206
0.340444
0.277390
0.107430
0.166221
0.107762
0.062346
0.330057
0.277802
0.466202
0.411052
0.254977
0.605690
0.089489
0.387620
0.229346
0.139197
0.358790
0.214171
0.392379
0.486130
0.298153
0.286155
0.200434
0.227442
0.396266
0.479689
0.155480
0.067840
0.243599
0.595249
0.364204
0.473702
0.339015
0.367231
0.071573
0.437935
0.471070
0.271360
0.275657
0.138178
0.189666
0.265991
0.083176
0.434315
0.128349
0.124258
0.262879
0.120264
0.470944
0.391501
0.216295
0.157078
0.163168
0.285343
0.410680
0.439792
0.357861
0.119526
0.292507
0.453769
0.105926
0.635573
0.199460
0.072077
0.186993
0.364374
0.150206
0.529623
0.297255
0.086934
0.185432
0.393627
0.197043
0.283446
0.338208
0.501359
0.353576
0.366645
0.550208
0.561986
0.053807
0.131301
0.220074
0.456540
0.241239
0.488194
0.159727
0.350137
0.073325
0.299094
0.194643
0.632525
0.455225
0.072044
0.346592
0.404692
0.412139
0.683288
0.073598
0.153479
0.124057
0.249618
0.465079
0.409646
0.063734
0.069321
0.198967
0.305441
0.163824
0.450000
0.250730
0.126271
0.290011
0.353459
0.093945
0.097942
0.325513
0.081239
0.334388
0.200074
0.434112
0.173949
0.159201
0.269717
0.108652
0.291741
0.104872
0.200838
0.057065
0.232694
0.512476
0.228685
0.224129
0.228897
0.218215
0.505594
0.529567
0.129167
0.057731
0.092290
0.318093
0.412547
0.306775
0.149966
0.500973
0.154307
0.301093
0.148820
0.346886
0.245113
0.035208
0.139683
0.038297
0.406059
0.195944
0.198026
0.089718
0.299098
0.408185
0.218258
0.432218
0.516472
0.246176
0.710413
0.204068
0.093017
0.228271
0.185884
0.491598
0.431531
0.106768
0.464794
0.315981
0.213967
0.388793
0.468007
0.185260
0.088355
0.197552
0.553513
0.207243
0.455019
0.167103
0.132632
0.128166
0.431747
0.178794
0.673792
0.138960
0.314831
0.425517
0.252416
0.393102
0.435358
0.236458
0.218799
0.048954
0.026327
0.280972
0.324195
0.383408
0.377576
0.140732
0.642390
0.119736
0.414802
0.194272
0.213847
0.276688
0.345525
0.356395
0.515811
0.261204
0.223003
0.223058
0.234221
0.417179
0.514152
0.135114
0.049536
0.209340
0.446910
0.330056
0.512126
0.359665
0.337836
0.060556
0.407360
0.416977
0.275156
0.282211
0.116550
0.123182
0.243962
0.074390
0.404633
0.156726
0.101172
0.227892
0.271069
0.406658
0.529275
0.121916
0.118240
0.115647
0.280890
0.439812
0.490599
0.257137
0.088342
0.192171
0.329397
0.136414
0.728679
0.209794
0.131226
0.088032
0.390844
0.030939
0.574236
0.355489
0.298829
0.164239
0.474020
0.057943
0.183667
0.387802
0.321286
0.321622
0.256613
0.561326
0.593781
0.033139
0.120988
0.194661
0.391657
0.198640
0.448838
0.116166
0.299036
0.072253
0.299392
0.034409
0.602313
0.415783
0.100786
0.373650
0.218788
0.464978
0.610966
0.161395
0.105055
0.169408
0.244389
0.498180
0.209418
0.056072
0.078787
0.147737
0.291448
0.238473
0.501522
0.267085
0.164308
0.268293
0.334062
0.116103
0.013715
0.292534
0.096289
0.365269
0.215051
0.390368
0.129023
0.296482
0.381810
0.181151
0.153174
0.126597
0.215992
0.099919
0.073892
0.299546
0.120651
0.190472
0.074507
0.176287
0.421718
0.509113
0.184481
0.046103
0.043456
0.389488
0.451830
0.289408
0.197508
0.401092
0.126115
0.212167
0.181487
0.363718
0.282022
0.091079
0.190646
0.134712
0.373102
0.230483
0.129121
0.119408
0.263652
0.234694
0.152622
0.469908
0.569769
0.272432
0.780255
0.161589
0.063884
0.245332
0.171128
0.538631
0.479913
0.154265
0.491016
0.242038
0.160062
0.460853
0.345664
0.210348
0.157337
0.162158
0.510866
0.173949
0.487821
0.176629
0.150829
0.219410
0.349386
0.173607
0.641575
0.123882
0.405144
0.314837
0.047142
0.264609
0.457860
0.270911
0.223330
0.095250
0.051288
0.359536
0.393837
0.272595
0.282939
0.029052
0.557544
0.205999
0.462778
0.183000
0.234946
0.256207
0.359027
0.344874
0.479551
0.176826
0.083799
0.213034
0.186068
0.435055
0.481418
0.194639
0.007768
0.219150
0.334142
0.200010
0.519405
0.241159
0.289899
0.039593
0.415897
0.345633
0.548630
0.282096
0.180691
0.183733
0.238029
0.225090
0.404725
0.153416
0.186232
0.244777
0.383589
0.434636
0.574436
0.161172
0.158833
0.091813
0.302131
0.288228
0.569183
0.135723
0.036688
0.143597
0.353126
0.149764
0.585424
0.279872
0.186228
0.057426
0.361886
0.245298
0.551414
0.367678
0.385360
0.262135
0.533197
0.067423
0.202546
0.380802
0.131403
0.307550
0.345511
0.605536
0.802197
0.126626
0.067424
0.387193
0.433643
0.171691
0.443866
0.104725
0.361568
0.081922
0.292556
0.072379
0.567934
0.354807
0.108390
0.272787
0.112102
0.528169
0.546662
0.263433
0.163047
0.240143
0.159820
0.559688
0.175730
0.113924
0.125276
0.162814
0.321398
0.192063
0.557692
0.131261
0.222892
0.217180
0.318601
0.189994
0.182911
0.289527
0.123514
0.447769
0.123485
0.436527
0.037026
0.338329
0.423172
0.195936
0.179181
0.106461
0.191729
0.058176
0.139657
0.162697
0.112132
0.121559
0.104435
0.090894
0.257354
0.477749
0.259243
0.212712
0.053402
0.306668
0.444668
0.307711
0.246998
0.308404
0.109177
0.188329
0.192183
0.319488
0.285402
0.135145
0.159058
0.091999
0.330223
0.305329
0.017834
0.292761
0.249630
0.084272
0.101389
0.412876
0.540703
0.271589
0.718371
0.357031
0.058173
0.279190
0.142287
0.383400
0.664888
0.166023
0.505223
0.278914
0.183465
0.603301
0.373117
0.238754
0.246277
0.137709
0.493642
0.160766
0.493566
0.101896
0.020042
0.143218
0.213480
0.214559
0.626811
0.155946
0.448448
0.192962
0.046609
0.176186
0.320139
0.284748
0.282569
0.031366
0.084286
0.469179
0.373485
0.061936
0.176282
0.026350
0.511063
0.223052
0.498351
0.182387
0.305746
0.337096
0.366520
0.377022
0.427158
0.109161
0.159491
0.274619
0.169941
0.346728
0.430395
0.112806
0.110420
0.171025
0.233901
0.079598
0.484083
0.145548
0.278855
0.033678
0.417187
0.369146
0.707234
0.247192
0.172075
0.212993
0.243403
0.347891
0.387315
0.174351
0.132758
0.155851
0.329435
0.343576
0.609760
0.060123
0.208941
0.177809
0.462137
0.351566
0.617591
0.073137
0.069610
0.179384
0.335793
0.106372
0.501891
0.382821
0.147555
0.200369
0.288621
0.389123
0.469764
0.354589
0.362948
0.259695
0.542397
0.115511
0.163297
0.371698
0.133600
0.258379
0.429752
0.716562
0.919976
0.068364
0.031748
0.579010
0.573202
0.159561
0.431997
0.098520
0.349817
0.103278
0.310056
0.216061
0.523279
0.188741
0.239377
0.156000
0.081362
0.606821
0.406713
0.322462
0.194766
0.294193
0.096755
0.515770
0.249278
0.110054
0.096599
0.164896
0.317941
0.201572
0.432939
0.129372
0.317628
0.093099
0.364365
0.332599
0.332535
0.203348
0.109296
0.414513
0.091254
0.454348
0.067660
0.322502
0.386787
0.142156
0.151341
0.264106
0.121497
0.092734
0.165303
0.256537
0.178892
0.068166
0.155456
0.051683
0.212645
0.516372
0.228773
0.233092
0.229752
0.121399
0.415418
0.328253
0.162616
0.304273
0.063779
0.153797
0.194631
0.303555
0.212394
0.108073
0.086646
0.136561
0.300542
0.347503
0.156091
0.275473
0.257352
0.126828
0.088073
0.429501
0.498334
0.307599
0.642541
0.494955
0.208892
0.330337
0.037026
0.307282
0.837909
0.168379
0.437660
0.301290
0.289584
0.665755
0.398657
0.204512
0.321704
0.150624
0.518408
0.188958
0.480929
0.008189
0.222975
0.078026
0.403221
0.290982
0.681298
0.143819
0.379277
0.231959
0.235081
0.139702
0.296106
0.327392
0.254814
0.096800
0.082972
0.602601
0.272474
0.096687
0.140578
0.061660
0.605774
0.233779
0.493392
0.180485
0.388874
0.407260
0.408744
0.487264
0.449181
0.011619
0.248949
0.308519
0.229216
0.408377
0.420781
0.112013
0.228845
0.106096
0.214617
0.187097
0.448190
0.124487
0.194025
0.079177
0.482379
0.391984
0.596141
0.257100
0.013245
0.273416
0.388978
0.299443
0.360726
0.164505
0.143812
0.032967
0.298434
0.332061
0.626800
0.178113
0.380707
0.170321
0.492554
0.242252
0.668231
0.165388
0.152745
0.165711
0.319595
0.018765
0.529231
0.405841
0.076545
0.239782
0.258811
0.396502
0.404931
0.235061
0.326017
0.307693
0.400989
0.163638
0.127360
0.279576
0.133281
0.186318
0.451557
0.654519
0.843319
0.085888
0.072026
0.449838
0.523914
0.104585
0.365229
0.116063
0.269667
0.028761
0.271985
0.327739
0.531717
0.033144
0.400390
0.189420
0.249699
0.571020
0.329315
0.443911
0.217839
0.282400
0.185969
0.468980
0.192911
0.112849
0.108125
0.170785
0.343193
0.229143
0.405798
0.211593
0.281471
0.036776
0.451967
0.281938
0.372477
0.087232
0.116798
0.200771
0.183327
0.394042
0.108221
0.334022
0.371077
0.087145
0.072857
0.350233
0.050785
0.263593
0.150869
0.349801
0.356562
0.199047
0.221493
0.183387
0.247511
0.630653
0.112026
0.166552
0.429146
0.057261
0.570529
0.265336
0.118986
0.303584
0.150594
0.111339
0.133472
0.229811
0.123189
0.248647
0.086971
0.261112
0.289864
0.343175
0.176189
0.161680
0.199069
0.071970
0.061296
0.442810
0.532615
0.276139
0.555509
0.459706
0.232184
0.364453
0.097926
0.477653
0.844798
0.142766
0.245634
0.235818
0.371443
0.540580
0.375378
0.197737
0.205016
0.149780
0.479548
0.209327
0.468913
0.073882
0.279396
0.161491
0.589157
0.336608
0.762313
0.080277
0.242633
0.245577
0.327372
0.207751
0.416560
0.338164
0.209046
0.102538
0.138613
0.588963
0.258736
0.172500
0.076698
0.125626
0.537952
0.231455
0.543469
0.196100
0.412562
0.370418
0.444519
0.475818
0.495133
0.128227
0.257320
0.287986
0.234502
0.474742
0.491575
0.107477
0.238815
0.119916
0.160479
0.284333
0.456622
0.201858
0.093326
0.118736
0.591468
0.327380
0.487913
0.179021
0.235957
0.260194
0.521372
0.169415
0.326674
0.070751
0.158779
0.160151
0.364870
0.393644
0.619769
0.229224
0.338535
0.110764
0.430835
0.231192
0.570468
0.160384
0.239887
0.226690
0.309254
0.061099
0.522823
0.383457
0.095076
0.159630
0.259704
0.363214
0.401753
0.120431
0.265450
0.289755
0.293424
0.228114
0.157700
0.134570
0.179411
0.109917
0.352084
0.509513
0.627326
0.123386
0.105599
0.426248
0.329245
0.076284
0.390207
0.128900
0.091725
0.029821
0.315445
0.318740
0.434786
0.074316
0.518857
0.230648
0.396039
0.566079
0.283791
0.482682
0.200522
0.228402
0.137021
0.492062
0.146718
0.073071
0.233629
0.181821
0.457413
0.258772
0.341830
0.264060
0.224459
0.019940
0.389513
0.180093
0.325912
0.127797
0.087572
0.064003
0.154421
0.239708
0.207016
0.450569
0.313352
0.074909
0.054090
0.392344
0.118556
0.255329
0.186573
0.240808
0.416330
0.270284
0.247336
0.237547
0.140089
0.668212
0.173401
0.185992
0.445136
0.114481
0.585789
0.138020
0.146316
0.228030
0.161254
0.090803
0.090770
0.289377
0.195940
0.287613
0.044329
0.192585
0.248125
0.356574
0.128219
0.127394
0.065134
0.118308
0.083642
0.554681
0.531841
0.263776
0.453564
0.412167
0.173948
0.419696
0.120753
0.545342
0.736698
0.083519
0.133125
0.162976
0.319699
0.452161
0.324335
0.201394
0.057523
0.119002
0.423152
0.169636
0.523337
0.160511
0.254494
0.059860
0.669349
0.424084
0.782834
0.147068
0.198306
0.290412
0.300120
0.232353
0.402828
0.273098
0.231966
0.174771
0.121873
0.658246
0.348502
0.278417
0.101515
0.201660
0.412034
0.256899
0.584438
0.127919
0.385199
0.298315
0.392355
0.423750
0.537212
0.186710
0.204158
0.313607
0.224699
0.432407
0.466663
0.271669
0.244801
0.127014
0.161228
0.267538
0.448135
0.259201
0.075522
0.248077
0.624378
0.122890
0.522244
0.202687
0.395981
0.232077
0.498797
0.058563
0.381929
0.095459
0.078290
0.217893
0.253263
0.463098
0.597313
0.181744
0.104949
0.029232
0.483708
0.352458
0.465188
0.235176
0.291771
0.261482
0.260222
0.018799
0.396278
0.349105
0.079961
0.102162
0.232849
0.383799
0.415199
0.087228
0.188507
0.252750
0.328941
0.170440
0.270842
0.215908
0.271611
0.186075
0.233583
0.448400
0.506145
0.146957
0.147870
0.361338
0.263896
0.085930
0.344616
0.144749
0.058788
0.038758
0.366390
0.291228
0.343832
0.166284
0.440809
0.135283
0.475580
0.634535
0.182075
0.380442
0.166248
0.197926
0.118437
0.536304
0.245847
0.106392
0.270951
0.179154
0.547294
0.136502
0.446601
0.277552
0.187831
0.138091
0.292189
0.128120
0.241663
0.139546
0.046369
0.122327
0.062783
0.125458
0.290838
0.461876
0.266552
0.061315
0.149585
0.432649
0.168646
0.167446
0.227156
0.186266
0.411291
0.256376
0.223507
0.222039
0.169394
0.564746
0.226932
0.289088
0.304383
0.189830
0.481380
0.057279
0.185993
0.110202
0.102231
0.087422
0.111087
0.270492
0.270152
0.241273
0.063644
0.078930
0.145543
0.256016
0.134097
0.052353
0.157672
0.164848
0.194732
0.496512
0.442622
0.303703
0.408556
0.507064
0.187648
0.523925
0.099596
0.492148
0.623040
0.121695
0.171277
0.347509
0.202778
0.431077
0.395911
0.231454
0.035412
0.233270
0.397199
0.076829
0.453493
0.204138
0.339034
0.128759
0.769442
0.455746
0.888661
0.361817
0.109701
0.289988
0.456335
0.275808
0.417352
0.140676
0.216369
0.235050
0.128021
0.688584
0.410119
0.445072
0.200372
0.272713
0.395422
0.335933
0.497143
0.204378
0.364422
0.229678
0.340597
0.445840
0.517427
0.127158
0.073015
0.344365
0.283763
0.348569
0.392584
0.294902
0.258763
0.028799
0.158238
0.288515
0.436690
0.280831
0.154481
0.392185
0.510857
0.012756
0.475535
0.165108
0.453114
0.266030
0.435219
0.146812
0.433198
0.241157
0.187753
0.312813
0.204780
0.407904
0.571706
0.056024
0.085144
0.102569
0.521665
0.447276
0.465917
0.205265
0.298586
0.255658
0.264058
0.082752
0.379755
0.314105
0.045478
0.029643
0.241702
0.281764
0.451913
0.148024
0.250957
0.156465
0.398800
0.103980
0.296555
0.361704
0.269072
0.215801
0.212376
0.493122
0.394606
0.151563
0.123766
0.118069
0.314610
0.123418
0.407203
0.098644
0.161605
0.073069
0.437146
0.309590
0.334206
0.182703
0.344583
0.076336
0.535174
0.666387
0.078555
0.282167
0.120361
0.159602
0.200492
0.593393
0.487110
0.202241
0.135796
0.139503
0.583455
0.234701
0.589284
0.185594
0.129412
0.148840
0.281114
0.103402
0.122572
0.193091
0.076670
0.125631
0.069377
0.117291
0.359901
0.411061
0.247262
0.074105
0.150723
0.362500
0.175381
0.110854
0.187779
0.225220
0.385988
0.204542
0.239754
0.204261
0.408496
0.450143
0.209344
0.343669
0.281440
0.154826
0.415940
0.028019
0.210505
0.108245
0.138680
0.194953
0.160993
0.284499
0.221669
0.190460
0.120763
0.057386
0.176429
0.273186
0.202008
0.071810
0.136392
0.338871
0.201401
0.270176
0.444932
0.239680
0.451383
0.556719
0.235240
0.547737
0.044861
0.437449
0.655152
0.223514
0.165837
0.459333
0.214413
0.395613
0.348921
0.204024
0.116086
0.248514
0.394976
0.056807
0.347587
0.243867
0.444717
0.167252
0.870008
0.313127
0.895050
0.414628
0.099665
0.258717
0.618119
0.298218
0.583081
0.233973
0.255283
0.289776
0.214971
0.711824
0.361865
0.617934
0.262594
0.388425
0.383599
0.382817
0.402848
0.282664
0.348155
0.202177
0.268975
0.514557
0.460052
0.066740
0.120240
0.351442
0.351279
0.340175
0.436407
0.280014
0.362099
0.095550
0.171976
0.341769
0.475119
0.288366
0.255508
0.415821
0.498445
0.048943
0.262036
0.129199
0.454485
0.126148
0.477854
0.168851
0.520879
0.359395
0.288362
0.346493
0.325609
0.360250
0.572702
0.125571
0.051830
0.038619
0.459628
0.541017
0.527926
0.204478
0.330697
0.187858
0.372849
0.239052
0.418822
0.257023
0.018703
0.048298
0.260387
0.110647
0.427437
0.183942
0.298962
0.222791
0.429870
0.138762
0.299999
0.465845
0.247808
0.252668
0.255930
0.534467
0.601437
0.127635
0.145265
0.062084
0.241806
0.101387
0.598745
0.111144
0.135105
0.125165
0.485333
0.380179
0.417461
0.209896
0.300844
0.110730
0.560139
0.618142
0.078654
0.226512
0.089749
0.146523
0.275088
0.592867
0.544744
0.178455
0.044055
0.065215
0.686378
0.199551
0.677472
0.064903
0.047630
0.255149
0.253093
0.093636
0.096365
0.134579
0.174370
0.103415
0.068284
0.085500
0.372768
0.343047
0.211821
0.153518
0.263660
0.423283
0.163956
0.144785
0.107867
0.206665
0.391252
0.207828
0.325942
0.260510
0.389718
0.365522
0.081315
0.328379
0.317855
0.258688
0.373682
0.075264
0.128548
0.116969
0.183163
0.214739
0.210858
0.316417
0.282896
0.163277
0.181212
0.124607
0.297432
0.316946
0.164303
0.046695
0.054976
0.425866
0.194365
0.182485
0.440359
0.147590
0.509771
0.565644
0.215718
0.420813
0.076932
0.495494
0.675635
0.334294
0.301252
0.414662
0.309619
0.397196
0.324685
0.118246
0.168723
0.322171
0.384728
0.024971
0.258310
0.329174
0.451701
0.039337
0.784360
0.103184
0.719828
0.296860
0.079526
0.176656
0.610640
0.310434
0.687127
0.202425
0.268746
0.198138
0.207453
0.816193
0.310370
0.734206
0.434467
0.407727
0.328862
0.381238
0.418926
0.262541
0.242147
0.226951
0.200477
0.486301
0.425238
0.010122
0.107139
0.228504
0.340049
0.244092
0.496417
0.259360
0.383535
0.026473
0.226802
0.349763
0.491264
0.263190
0.280049
0.436181
0.453600
0.109819
0.238505
0.127974
0.392761
0.060373
0.492745
0.205714
0.552005
0.339564
0.365120
0.334859
0.288446
0.232466
0.615772
0.183883
0.259350
0.026770
0.352894
0.460833
0.523239
0.280720
0.338196
0.209039
0.359501
0.297453
0.525235
0.177005
0.093217
0.222024
0.215781
0.050495
0.302509
0.179173
0.247890
0.303538
0.498647
0.213149
0.376166
0.411586
0.221017
0.243215
0.236766
0.525642
0.653791
0.179985
0.164837
0.157965
0.215081
0.156745
0.696051
0.208584
0.194320
0.246844
0.463835
0.353702
0.386139
0.200692
0.270223
0.120178
0.596236
0.500357
0.131396
0.167946
0.146263
0.228676
0.221028
0.700462
0.444353
0.148678
0.219025
0.051525
0.822704
0.153618
0.565928
0.061783
0.081246
0.280258
0.143333
0.133017
0.140098
0.050591
0.232633
0.258336
0.184527
0.141900
0.317101
0.304464
0.087146
0.117239
0.411544
0.535289
0.160614
0.128127
0.126948
0.086697
0.399653
0.220273
0.332446
0.230945
0.404552
0.296996
0.072577
0.311544
0.296109
0.509743
0.320899
0.209190
0.119402
0.067141
0.242820
0.209617
0.124819
0.248025
0.306780
0.172186
0.239693
0.153218
0.307726
0.415453
0.036073
0.063600
0.143354
0.395703
0.188217
0.234629
0.464201
0.121583
0.506932
0.511055
0.252877
0.381570
0.160834
0.536707
0.654106
0.363154
0.304124
0.287458
0.376055
0.340571
0.341060
0.043724
0.133560
0.348830
0.380987
0.098235
0.233567
0.333463
0.392928
0.182147
0.495338
0.062973
0.549661
0.303095
0.125958
0.237650
0.546090
0.285146
0.689865
0.094180
0.258803
0.125263
0.177483
0.822544
0.359664
0.665696
0.469218
0.415506
0.255422
0.350413
0.520382
0.222390
0.144951
0.249191
0.136700
0.418234
0.367810
0.100557
0.117828
0.181484
0.281346
0.209444
0.455033
0.315402
0.376730
0.108691
0.351940
0.321168
0.510045
0.250239
0.300110
0.454211
0.457442
0.243816
0.320967
0.173940
0.289015
0.066282
0.510148
0.256486
0.589568
0.322424
0.366569
0.300607
0.095914
0.150698
0.574652
0.203579
0.417058
0.083509
0.341171
0.397009
0.459075
0.240848
0.173217
0.313200
0.412142
0.194519
0.521217
0.048750
0.197328
0.250082
0.092205
0.030960
0.181826
0.123934
0.226971
0.238785
0.629599
0.172368
0.408057
0.276498
0.235461
0.231094
0.251448
0.529453
0.523957
0.180162
0.184853
0.134607
0.337899
0.099903
0.721242
0.206222
0.174874
0.358689
0.433778
0.320572
0.298309
0.203354
0.197781
0.137187
0.621715
0.426135
0.277123
0.076238
0.196657
0.242916
0.170408
0.867902
0.536203
0.219097
0.236717
0.095045
0.694444
0.108601
0.527143
0.085377
0.106711
0.218608
0.116659
0.274772
0.193811
0.038400
0.231377
0.311846
0.235017
0.419991
0.283621
0.306269
0.104687
0.108339
0.460155
0.407027
0.240544
0.136331
0.283766
0.300572
0.425190
0.124335
0.246179
0.155642
0.524992
0.278823
0.135221
0.372250
0.163184
0.649997
0.422553
0.218052
0.181297
0.196669
0.248217
0.248742
0.096376
0.218120
0.446124
0.208061
0.187133
0.185742
0.308688
0.331677
0.058140
0.152517
0.125346
0.286401
0.169925
0.176507
0.495220
0.174718
0.555258
0.425337
0.296419
0.383535
0.174475
0.474410
0.587892
0.334549
0.194099
0.217814
0.300537
0.310517
0.371111
0.123809
0.103792
0.246442
0.495921
0.102138
0.100063
0.296212
0.395194
0.317271
0.427698
0.039693
0.518591
0.460647
0.272878
0.360152
0.590092
0.211793
0.731405
0.072108
0.261902
0.087868
0.171237
0.710633
0.397589
0.548797
0.434856
0.494021
0.300326
0.250725
0.469013
0.225552
0.121893
0.216570
0.078169
0.590357
0.275487
0.150632
0.184774
0.212174
0.315248
0.206423
0.410910
0.344247
0.344854
0.106429
0.422033
0.335197
0.538565
0.310303
0.306881
0.432057
0.442587
0.350534
0.418496
0.337383
0.196792
0.078892
0.497429
0.322032
0.621882
0.186288
0.369392
0.410657
0.125882
0.145879
0.501554
0.246689
0.426830
0.212069
0.354857
0.382033
0.415403
0.144763
0.120541
0.317893
0.445489
0.031480
0.514162
0.113540
0.238186
0.181227
0.119957
0.090064
0.258272
0.052156
0.202676
0.133134
0.678561
0.317861
0.448031
0.252378
0.333223
0.251170
0.332693
0.586063
0.447090
0.326452
0.172066
0.165645
0.406293
0.128751
0.708614
0.076204
0.114011
0.296127
0.503745
0.296757
0.205014
0.301377
0.113565
0.319394
0.551703
0.270289
0.311137
0.010647
0.100293
0.230572
0.196892
0.923139
0.713588
0.279863
0.180478
0.158601
0.562789
0.157272
0.500850
0.187947
0.048663
0.261708
0.112879
0.323967
0.271380
0.026556
0.318369
0.276566
0.145165
0.644829
0.323152
0.281472
0.264432
0.097012
0.409723
0.344231
0.254775
0.218862
0.420114
0.390139
0.390236
0.102421
0.215634
0.135975
0.620754
0.182994
0.124024
0.412460
0.165461
0.579911
0.497775
0.113811
0.269346
0.312839
0.250573
0.242856
0.151820
0.203749
0.597062
0.122266
0.131531
0.235654
0.365522
0.160604
0.185636
0.133660
0.069041
0.174023
0.151194
0.091163
0.605415
0.112199
0.552282
0.332164
0.170525
0.321016
0.195148
0.439866
0.562523
0.368164
0.174620
0.208175
0.320829
0.422810
0.419431
0.085978
0.155083
0.329744
0.495969
0.183539
0.160604
0.258981
0.362771
0.284012
0.539540
0.028685
0.568505
0.546798
0.410637
0.427908
0.584323
0.088411
0.735926
0.123405
0.264665
0.066453
0.126938
0.603171
0.434631
0.531256
0.407276
0.601786
0.329324
0.145834
0.498811
0.263693
0.145872
0.151041
0.238839
0.595135
0.228161
0.264109
0.185759
0.211417
0.407822
0.350629
0.427310
0.214456
0.236991
0.066948
0.470828
0.329739
0.542336
0.267463
0.283299
0.307717
0.423637
0.418232
0.483664
0.371335
0.132162
0.213736
0.474156
0.250821
0.661296
0.168926
0.281527
0.489674
0.105649
0.258159
0.511955
0.329921
0.351677
0.241848
0.337853
0.396518
0.422862
0.048843
0.124354
0.338944
0.453572
0.094094
0.614920
0.198327
0.187922
0.210113
0.364177
0.131078
0.301230
0.049801
0.139644
0.150521
0.541952
0.399200
0.428632
0.241790
0.324545
0.195875
0.481227
0.558663
0.399747
0.458077
0.102134
0.219050
0.456546
0.151093
0.730964
0.093815
0.168383
0.166448
0.593775
0.257916
0.219692
0.317500
0.109335
0.437980
0.365688
0.169667
0.160119
0.042135
0.105796
0.149782
0.223376
0.802019
0.740650
0.221399
0.248092
0.299854
0.669595
0.207430
0.621300
0.229727
0.103942
0.139326
0.182151
0.357514
0.310902
0.046269
0.391123
0.198760
0.017907
0.606750
0.393426
0.122469
0.274171
0.146856
0.372951
0.354680
0.334179
0.307958
0.397914
0.341290
0.387977
0.102836
0.178395
0.051082
0.576046
0.209259
0.045119
0.297984
0.180319
0.475578
0.492222
0.103648
0.293547
0.304779
0.307050
0.231575
0.181585
0.189809
0.600919
0.154841
0.146668
0.234177
0.319082
0.356544
0.218282
0.111877
0.175928
0.177312
0.152317
0.134866
0.644238
0.076334
0.561865
0.290628
0.039631
0.204308
0.204892
0.436401
0.427555
0.401749
0.183260
0.236739
0.359536
0.498196
0.522526
0.130032
0.223295
0.297037
0.534735
0.271357
0.206932
0.195273
0.313499
0.361895
0.444348
0.124788
0.514170
0.441258
0.456884
0.456457
0.602027
0.196155
0.531018
0.092820
0.190342
0.148678
0.091163
0.560242
0.517210
0.533485
0.373250
0.596049
0.345568
0.179125
0.487830
0.240089
0.209865
0.182095
0.267636
0.522135
0.216940
0.290075
0.075801
0.157270
0.333324
0.350143
0.456037
0.095816
0.202547
0.167016
0.509834
0.293436
0.581352
0.188371
0.285021
0.225465
0.435770
0.445118
0.468899
0.257988
0.161457
0.402158
0.394460
0.148703
0.509054
0.276226
0.258945
0.507291
0.110624
0.394247
0.475034
0.363897
0.333879
0.283576
0.314206
0.326476
0.364995
0.095824
0.171709
0.286993
0.378044
0.125044
0.685415
0.272956
0.153337
0.227612
0.443014
0.159235
0.263824
0.056602
0.115379
0.194116
0.407175
0.423129
0.461442
0.178424
0.476887
0.126185
0.581638
0.564262
0.419212
0.408327
0.128844
0.261992
0.533983
0.265956
0.762839
0.033374
0.181770
0.253248
0.557862
0.195129
0.152146
0.252275
0.181116
0.460940
0.186335
0.296934
0.048412
0.115373
0.154273
0.098510
0.135265
0.734645
0.658062
0.214579
0.403164
0.373336
0.832381
0.206514
0.715199
0.036512
0.236008
0.249305
0.195092
0.521475
0.277104
0.101940
0.404884
0.221612
0.027631
0.418717
0.372271
0.255845
0.250498
0.152673
0.365122
0.255505
0.234903
0.227096
0.301820
0.291835
0.387742
0.108294
0.179520
0.212597
0.395092
0.179911
0.067412
0.176934
0.174210
0.502293
0.406119
0.140944
0.354162
0.287580
0.300387
0.193308
0.248786
0.165697
0.450161
0.255190
0.195102
0.202939
0.198753
0.335547
0.256549
0.240648
0.141473
0.189135
0.119878
0.168532
0.642417
0.088569
0.626532
0.244639
0.059250
0.165767
0.293903
0.474346
0.398367
0.273451
0.200621
0.162686
0.430778
0.424845
0.498334
0.198326
0.238295
0.237694
0.553757
0.281433
0.159881
0.301687
0.272626
0.543663
0.305946
0.186528
0.323723
0.335972
0.387735
0.397194
0.632099
0.243808
0.426391
0.116842
0.166984
0.221776
0.221074
0.531751
0.429145
0.438341
0.315919
0.338444
0.491688
0.191104
0.416478
0.170449
0.277372
0.218108
0.300331
0.548133
0.224564
0.243099
0.040482
0.319712
0.212893
0.389424
0.488263
0.036618
0.305760
0.265918
0.580956
0.198132
0.578759
0.086044
0.277356
0.148909
0.534830
0.473892
0.489736
0.151075
0.216023
0.395193
0.374081
0.123460
0.457991
0.192388
0.311781
0.419840
0.086688
0.545763
0.467373
0.267377
0.388451
0.328887
0.230600
0.246379
0.356781
0.128633
0.267231
0.232431
0.385587
0.163262
0.558754
0.351585
0.252588
0.144939
0.394977
0.185998
0.211253
0.116430
0.201349
0.350863
0.416660
0.453221
0.463563
0.233602
0.491979
0.168265
0.518800
0.596518
0.500020
0.253277
0.124765
0.304530
0.688911
0.281188
0.743599
0.208602
0.122004
0.351929
0.456294
0.202711
0.089627
0.191037
0.209816
0.416618
0.098988
0.323389
0.058853
0.131416
0.157330
0.078130
0.087677
0.698299
0.665125
0.287175
0.427783
0.409235
0.675202
0.142632
0.782765
0.205986
0.355908
0.296378
0.272401
0.604485
0.166198
0.029646
0.325267
0.282447
0.156867
0.286560
0.263347
0.382889
0.318432
0.143693
0.377920
0.236265
0.071568
0.166377
0.242525
0.295165
0.346964
0.215480
0.226614
0.337043
0.224452
0.318126
0.120505
0.090473
0.192496
0.544939
0.298483
0.017305
0.400849
0.399425
0.177237
0.357717
0.323499
0.209577
0.360028
0.224581
0.169226
0.203571
0.149643
0.188300
0.277879
0.039710
0.079253
0.107868
0.101531
0.183840
0.644003
0.040215
0.715456
0.255483
0.083075
0.229769
0.409968
0.520198
0.325750
0.112943
0.142439
0.129698
0.364501
0.231998
0.424456
0.174869
0.245859
0.302050
0.570800
0.334204
0.068889
0.413618
0.158435
0.686119
0.279801
0.243234
0.280866
0.153046
0.347536
0.373449
0.679312
0.355205
0.467277
0.139407
0.234828
0.195041
0.345564
0.409478
0.350498
0.294486
0.313329
0.064771
0.584573
0.217693
0.333812
0.193908
0.329794
0.159803
0.315324
0.636288
0.314995
0.277967
0.070187
0.504217
0.161879
0.412501
0.575913
0.092268
0.236122
0.200314
0.591109
0.222310
0.542113
0.175992
0.350373
0.069828
0.488773
0.493340
0.550182
0.108985
0.143105
0.246672
0.278768
0.181913
0.517411
0.154375
0.368779
0.345524
0.218739
0.591689
0.451497
0.145624
0.458322
0.379264
0.204746
0.239193
0.362441
0.188857
0.316338
0.256150
0.435428
0.167839
0.318527
0.442742
0.208599
0.207712
0.535469
0.150149
0.215135
0.143951
0.267870
0.421571
0.468830
0.422595
0.409237
0.416215
0.372349
0.264944
0.426768
0.609516
0.495498
0.258652
0.198315
0.390277
0.728935
0.256251
0.647242
0.298415
0.090132
0.441185
0.398730
0.233759
0.084464
0.251975
0.155444
0.438618
0.133729
0.233426
0.057556
0.191711
0.213765
0.066496
0.081741
0.629007
0.679142
0.340537
0.362095
0.417261
0.570169
0.078685
0.776460
0.208786
0.411626
0.292803
0.355640
0.517044
0.097868
0.126865
0.233665
0.372761
0.165791
0.350950
0.233106
0.276515
0.379196
0.096080
0.406923
0.264559
0.094806
0.211766
0.260545
0.263977
0.253021
0.307007
0.252114
0.316482
0.130512
0.418935
0.208477
0.166172
0.242029
0.445582
0.293069
0.042418
0.441134
0.507545
0.070250
0.289637
0.423627
0.221222
0.333307
0.120568
0.152179
0.236667
0.236139
0.167037
0.280035
0.132107
0.186841
0.151289
0.113458
0.307778
0.556334
0.096270
0.649621
0.256061
0.185282
0.318834
0.398012
0.474435
0.373392
0.085316
0.189063
0.185355
0.457936
0.258136
0.413359
0.094737
0.231993
0.358842
0.602598
0.408158
0.214563
0.233561
0.152234
0.599768
0.313397
0.287741
0.338223
0.295056
0.411673
0.342950
0.591742
0.436816
0.446081
0.096918
0.066353
0.177263
0.313388
0.274773
0.404322
0.250023
0.362728
0.051819
0.509467
0.213900
0.291183
0.235487
0.377449
0.010610
0.340051
0.587830
0.428613
0.306390
0.093188
0.619636
0.138380
0.399678
0.644613
0.249168
0.174323
0.369149
0.636904
0.308761
0.496215
0.343412
0.434431
0.055001
0.486220
0.454371
0.565861
0.137420
0.168142
0.278315
0.286596
0.198952
0.513561
0.234838
0.383528
0.319372
0.312737
0.527760
0.395861
0.047941
0.449342
0.433008
0.247532
0.301245
0.366951
0.252824
0.390092
0.198296
0.484025
0.124263
0.200293
0.426192
0.211643
0.205765
0.712876
0.104615
0.168281
0.125547
0.268201
0.418157
0.305963
0.402005
0.357160
0.420238
0.312136
0.338543
0.391685
0.620812
0.541066
0.414160
0.254439
0.492024
0.717931
0.226342
0.604927
0.285976
0.171400
0.352493
0.440629
0.228857
0.219639
0.347569
0.098620
0.467869
0.252056
0.212652
0.238584
0.212005
0.159868
0.211992
0.165250
0.503589
0.496269
0.223680
0.285440
0.411257
0.679104
0.086341
0.833890
0.082099
0.460800
0.385306
0.375953
0.308288
0.072387
0.206402
0.122490
0.413927
0.148259
0.539119
0.254865
0.271535
0.216635
0.050139
0.383034
0.175905
0.335378
0.197643
0.221513
0.251525
0.178350
0.294524
0.282605
0.351253
0.137597
0.498149
0.320464
0.209983
0.182060
0.362792
0.298819
0.154517
0.463711
0.532446
0.037205
0.188842
0.311549
0.280838
0.248147
0.242069
0.107113
0.226063
0.219551
0.155377
0.245620
0.119186
0.272907
0.445307
0.120778
0.460194
0.448200
0.078517
0.564429
0.177737
0.214154
0.346690
0.378278
0.385689
0.428028
0.046886
0.355968
0.158224
0.552719
0.403789
0.417052
0.102560
0.262121
0.299987
0.638593
0.502408
0.437780
0.129514
0.186657
0.473484
0.215933
0.365651
0.440174
0.412402
0.388320
0.340303
0.593950
0.322911
0.407858
0.079445
0.167230
0.177593
0.300093
0.261620
0.448454
0.224769
0.440628
0.062341
0.415156
0.205050
0.389722
0.275374
0.396823
0.141297
0.500041
0.466020
0.458190
0.355868
0.290969
0.618966
0.224508
0.432878
0.532437
0.234913
0.105265
0.354361
0.656409
0.359139
0.371332
0.503071
0.509970
0.065315
0.510572
0.376752
0.587654
0.152846
0.285318
0.329385
0.371966
0.121262
0.367845
0.331340
0.374231
0.199982
0.386146
0.425784
0.307981
0.148854
0.338468
0.412382
0.399716
0.416648
0.518429
0.147263
0.440789
0.217655
0.569748
0.079136
0.168612
0.445097
0.152380
0.222270
0.700907
0.179003
0.396404
0.187770
0.259225
0.429672
0.345397
0.368256
0.317925
0.312465
0.347458
0.356450
0.329630
0.625264
0.603647
0.421447
0.266911
0.470101
0.827411
0.221472
0.488259
0.281533
0.265695
0.228086
0.542462
0.193043
0.363570
0.326171
0.169746
0.424835
0.290306
0.364660
0.378584
0.148968
0.151509
0.247962
0.291628
0.470046
0.409294
0.190241
0.341900
0.354109
0.689836
0.050321
0.754329
0.030352
0.345814
0.491218
0.414176
0.156138
0.124539
0.344425
0.147734
0.348551
0.166846
0.531838
0.262189
0.295342
0.068414
0.074919
0.370307
0.309616
0.442223
0.190115
0.130403
0.236176
0.205305
0.244735
0.194740
0.406018
0.199961
0.554070
0.259768
0.250677
0.127372
0.337010
0.366175
0.232077
0.425626
0.470042
0.101370
0.278224
0.142269
0.349174
0.230335
0.100943
0.067555
0.211849
0.191146
0.145874
0.146055
0.102744
0.316141
0.602952
0.212107
0.504202
0.414510
0.025076
0.558954
0.136651
0.125195
0.266015
0.354761
0.406038
0.502438
0.092302
0.426724
0.084303
0.574605
0.427137
0.382548
0.178958
0.302550
0.213626
0.630523
0.512569
0.542776
0.206318
0.144592
0.384830
0.236561
0.487570
0.467096
0.498179
0.301006
0.303160
0.701591
0.207410
0.530168
0.087954
0.226508
0.204897
0.308946
0.225674
0.375050
0.211365
0.390430
0.074229
0.397364
0.109846
0.553075
0.289751
0.462441
0.302523
0.681478
0.483879
0.471165
0.439102
0.387706
0.619911
0.165282
0.603479
0.405562
0.211358
0.195865
0.341650
0.690853
0.305272
0.246554
0.582165
0.475761
0.163524
0.601280
0.312803
0.561835
0.238361
0.312530
0.407583
0.507740
0.028538
0.353422
0.384026
0.362639
0.093729
0.503551
0.476535
0.326799
0.240162
0.264693
0.463038
0.499681
0.471898
0.609534
0.009295
0.428954
0.275330
0.676384
0.038342
0.109180
0.464033
0.093096
0.181646
0.543807
0.262255
0.580932
0.259807
0.303117
0.459896
0.268574
0.417567
0.259498
0.336029
0.349359
0.342564
0.175808
0.650911
0.602541
0.258108
0.234042
0.330312
0.838657
0.248725
0.443854
0.323343
0.337987
0.186350
0.521945
0.204963
0.413271
0.241679
0.277003
0.390678
0.253365
0.425531
0.439716
0.260392
0.215270
0.191399
0.381661
0.425348
0.349543
0.260326
0.432739
0.336444
0.465943
0.182156
0.601718
0.101956
0.422865
0.559747
0.411965
0.156362
0.172699
0.396007
0.132494
0.151569
0.194922
0.407862
0.257410
0.231103
0.207655
0.122870
0.412517
0.480370
0.426269
0.201642
0.096243
0.196963
0.138703
0.278451
0.139299
0.437929
0.096566
0.499394
0.246561
0.392020
0.272897
0.277765
0.253139
0.231333
0.362234
0.392689
0.127353
0.311578
0.177308
0.437399
0.123996
0.209107
0.231309
0.315508
0.209315
0.146783
0.170657
0.158443
0.318297
0.616144
0.359311
0.493909
0.387544
0.038671
0.618861
0.179012
0.123460
0.220169
0.340874
0.508679
0.562805
0.266463
0.409379
0.083636
0.550022
0.324593
0.360189
0.363771
0.392584
0.226351
0.695068
0.565092
0.591068
0.345525
0.085832
0.305352
0.325757
0.541588
0.415478
0.542943
0.339390
0.280951
0.569795
0.258727
0.666319
0.058603
0.139944
0.227466
0.250467
0.198118
0.297037
0.256746
0.206074
0.166495
0.400301
0.112961
0.556761
0.342387
0.583206
0.346123
0.806256
0.594617
0.525362
0.388324
0.466520
0.587379
0.208245
0.645413
0.319204
0.160220
0.213916
0.379693
0.652555
0.304090
0.354052
0.639196
0.435303
0.221979
0.673992
0.313193
0.424749
0.217784
0.225953
0.621356
0.566457
0.086352
0.405833
0.232644
0.279862
0.130494
0.562995
0.485556
0.434314
0.202795
0.327166
0.494499
0.500755
0.423751
0.584869
0.140017
0.432908
0.288082
0.554664
0.065858
0.137994
0.485951
0.127103
0.175635
0.609176
0.356793
0.636236
0.233447
0.386453
0.479006
0.229143
0.387456
0.254708
0.425591
0.269331
0.361439
0.032398
0.757310
0.608654
0.154825
0.198054
0.331606
0.827770
0.217612
0.458026
0.289889
0.346589
0.354882
0.542513
0.308210
0.464004
0.249042
0.234045
0.493878
0.281920
0.442852
0.575720
0.319868
0.206278
0.254637
0.412891
0.504357
0.325489
0.333698
0.467439
0.368038
0.558454
0.253319
0.483873
0.175779
0.472227
0.443006
0.295004
0.223217
0.190336
0.302306
0.147581
0.194539
0.151768
0.258083
0.283861
0.274198
0.310360
0.108805
0.357021
0.409920
0.434722
0.211795
0.075445
0.147868
0.123738
0.275801
0.101921
0.463322
0.044781
0.456999
0.343849
0.557958
0.294982
0.199774
0.208853
0.249143
0.329885
0.360578
0.151839
0.194951
0.295073
0.492053
0.068364
0.407552
0.166034
0.308007
0.256014
0.205698
0.155237
0.232008
0.358967
0.639058
0.496471
0.566578
0.463073
0.098625
0.518695
0.255609
0.265538
0.244514
0.325500
0.527567
0.518453
0.232805
0.393362
0.148844
0.485086
0.403602
0.456528
0.483426
0.442434
0.267404
0.770396
0.626422
0.626683
0.425035
0.066175
0.231196
0.392883
0.585760
0.455990
0.647266
0.464063
0.292155
0.534306
0.309773
0.669693
0.084528
0.204147
0.203332
0.314134
0.244321
0.379345
0.195068
0.154934
0.177846
0.338450
0.185776
0.389987
0.357725
0.616323
0.339190
0.846739
0.582939
0.639931
0.368739
0.586933
0.548823
0.241237
0.571155
0.252056
0.141787
0.196060
0.473136
0.609294
0.308676
0.469158
0.658048
0.515777
0.238258
0.629475
0.365747
0.375564
0.161038
0.197112
0.660551
0.495956
0.165126
0.415569
0.116325
0.225190
0.216605
0.573733
0.453457
0.560700
0.204341
0.450385
0.292176
0.523461
0.286185
0.561924
0.210437
0.517782
0.224283
0.417563
0.163234
0.246931
0.428180
0.258439
0.206452
0.644737
0.365743
0.655755
0.173233
0.442029
0.372587
0.260629
0.290854
0.369714
0.486461
0.197848
0.382144
0.106686
0.747883
0.685602
0.163434
0.313160
0.301562
0.752219
0.180700
0.458506
0.287027
0.396685
0.383602
0.544882
0.261077
0.533479
0.339119
0.245183
0.555852
0.407962
0.462119
0.667329
0.333958
0.263493
0.296786
0.482796
0.478693
0.332037
0.458414
0.426530
0.385699
0.645940
0.259206
0.499835
0.312585
0.395862
0.364184
0.227388
0.162345
0.190685
0.197269
0.161467
0.197317
0.297953
0.199594
0.309611
0.319614
0.543991
0.147866
0.212568
0.323745
0.494327
0.233604
0.104059
0.116880
0.181266
0.273020
0.102325
0.506864
0.063942
0.495658
0.456699
0.663722
0.260930
0.134333
0.206593
0.283419
0.328637
0.361632
0.255475
0.182427
0.256110
0.382887
0.131069
0.422380
0.134508
0.400470
0.222433
0.348005
0.184910
0.193528
0.353818
0.709954
0.628894
0.632037
0.525441
0.122448
0.400008
0.274064
0.420556
0.282570
0.378304
0.505340
0.393192
0.090571
0.434888
0.262450
0.474455
0.467189
0.480552
0.486363
0.443920
0.311256
0.721798
0.655187
0.556796
0.494388
0.074308
0.168838
0.421826
0.649246
0.621444
0.826877
0.564594
0.402097
0.623524
0.335624
0.557826
0.183029
0.324776
0.083457
0.344952
0.251746
0.465905
0.046828
0.094740
0.031264
0.325772
0.303670
0.250787
0.338867
0.517247
0.398044
0.772157
0.484750
0.722215
0.405451
0.642565
0.532840
0.234891
0.589256
0.232146
0.260848
0.136727
0.490036
0.632164
0.489145
0.513957
0.658764
0.606527
0.170325
0.613399
0.330422
0.328915
0.163738
0.182961
0.568768
0.406487
0.231419
0.368302
0.203709
0.244971
0.267690
0.559691
0.447080
0.585141
0.232234
0.525938
0.117717
0.595131
0.240201
0.539745
0.249260
0.582301
0.212926
0.347610
0.336456
0.360749
0.415542
0.458093
0.091466
0.623161
0.361592
0.620458
0.205299
0.552996
0.319920
0.328962
0.212655
0.501960
0.401506
0.147617
0.413250
0.262620
0.596693
0.622431
0.153057
0.429882
0.241256
0.658211
0.168116
0.392189
0.417792
0.437951
0.329788
0.576991
0.171527
0.653127
0.474906
0.317301
0.440745
0.373129
0.491124
0.709484
0.304177
0.294994
0.219103
0.599260
0.363521
0.420488
0.514182
0.480368
0.366313
0.665914
0.309974
0.471846
0.380036
0.267963
0.344626
0.294759
0.100030
0.221599
0.158894
0.152133
0.318039
0.407103
0.214825
0.159962
0.305998
0.698363
0.188749
0.138821
0.335840
0.565078
0.240359
0.119330
0.142247
0.252776
0.480481
0.112809
0.494403
0.138136
0.514269
0.506115
0.644269
0.339221
0.085199
0.265400
0.245855
0.341705
0.278843
0.254351
0.191663
0.081226
0.338793
0.221481
0.357159
0.272246
0.529126
0.246578
0.425870
0.148975
0.213940
0.336977
0.834917
0.750989
0.597683
0.554279
0.124015
0.424912
0.183771
0.469749
0.292656
0.404422
0.517555
0.330701
0.061892
0.552467
0.454524
0.492934
0.456992
0.415813
0.403787
0.394542
0.368333
0.528286
0.540535
0.609587
0.590127
0.060026
0.156503
0.565286
0.746050
0.750714
0.893088
0.560850
0.499902
0.685448
0.388951
0.671110
0.146133
0.418030
0.110709
0.299965
0.310734
0.455132
0.232276
0.072425
0.076226
0.490843
0.424336
0.309635
0.324952
0.502476
0.464613
0.660941
0.451361
0.737613
0.397335
0.647340
0.415358
0.232932
0.575663
0.307640
0.319021
0.097191
0.436608
0.552108
0.587011
0.612556
0.707931
0.663457
0.207476
0.583621
0.357818
0.397889
0.310253
0.228694
0.487902
0.490686
0.218259
0.375685
0.206221
0.275500
0.228693
0.591888
0.512929
0.625854
0.163060
0.482108
0.085403
0.595122
0.330340
0.509170
0.277697
0.572080
0.219412
0.265177
0.425098
0.435145
0.436899
0.607813
0.038907
0.573570
0.405821
0.576686
0.305496
0.603555
0.274315
0.437819
0.170378
0.578000
0.340081
0.167447
0.541328
0.183145
0.431647
0.426326
0.160106
0.469041
0.117296
0.669594
0.210111
0.275719
0.424795
0.422282
0.342966
0.733511
0.098829
0.757766
0.537534
0.469997
0.247466
0.361448
0.443693
0.633999
0.276858
0.310717
0.203578
0.602931
0.269556
0.481045
0.518673
0.562199
0.347555
0.716675
0.415908
0.448536
0.307868
0.237902
0.317735
0.338837
0.150357
0.184907
0.154806
0.159270
0.477249
0.377333
0.172803
0.121313
0.271172
0.661558
0.188192
0.208218
0.505209
0.600620
0.276306
0.118569
0.110556
0.349993
0.560824
0.091584
0.434807
0.183755
0.460973
0.551227
0.584009
0.412352
0.066736
0.309064
0.189035
0.349135
0.228462
0.244488
0.214282
0.083400
0.285374
0.283247
0.467827
0.312584
0.557100
0.196630
0.491280
0.055544
0.249036
0.266120
0.795927
0.858350
0.599436
0.645703
0.107543
0.451925
0.160000
0.480826
0.334991
0.400569
0.651585
0.378362
0.052678
0.588093
0.584415
0.482677
0.534686
0.498682
0.373435
0.439292
0.266415
0.496414
0.553176
0.620902
0.561255
0.116781
0.228604
0.654805
0.740475
0.745959
0.856082
0.534599
0.565640
0.667240
0.483456
0.677174
0.203923
0.563466
0.202696
0.189555
0.317097
0.439349
0.317173
0.133253
0.132591
0.574700
0.547594
0.421346
0.398160
0.520321
0.541386
0.534118
0.557834
0.647434
0.373079
0.583108
0.287662
0.315438
0.562710
0.242931
0.229505
0.128536
0.343448
0.460595
0.632438
0.760779
0.723827
0.612222
0.270494
0.527154
0.420873
0.467595
0.485895
0.373218
0.492496
0.448730
0.248894
0.380829
0.081743
0.261364
0.159569
0.611828
0.567818
0.584505
0.356618
0.392001
0.248055
0.586466
0.379759
0.406903
0.273478
0.421036
0.207869
0.287702
0.480730
0.480076
0.438601
0.583886
0.228024
0.614078
0.512941
0.550346
0.426654
0.439430
0.261450
0.462827
0.193412
0.560836
0.366139
0.192372
0.497122
0.152678
0.385264
0.403204
0.135334
0.400432
0.049044
0.611516
0.251460
0.207138
0.348739
0.377534
0.274001
0.731720
0.048715
0.694809
0.484936
0.427068
0.162749
0.328574
0.458226
0.654973
0.236640
0.384887
0.212583
0.565595
0.245273
0.482539
0.611633
0.630763
0.349794
0.763216
0.548959
0.602309
0.266280
0.265031
0.299154
0.411904
0.197983
0.129079
0.243211
0.093090
0.584858
0.277815
0.262709
0.071277
0.311331
0.535104
0.167415
0.292947
0.659140
0.526364
0.286377
0.124294
0.135566
0.390396
0.622083
0.220300
0.347297
0.111244
0.338900
0.550660
0.556418
0.431499
0.121897
0.276100
0.234879
0.289269
0.193751
0.089755
0.250534
0.241675
0.449963
0.261365
0.604036
0.310087
0.556818
0.247738
0.495178
0.066402
0.204496
0.196537
0.680036
0.729819
0.681412
0.677097
0.066648
0.393495
0.216719
0.481461
0.419615
0.409205
0.696284
0.472289
0.082698
0.613517
0.566850
0.455150
0.632778
0.602816
0.447927
0.522496
0.257056
0.395123
0.557608
0.610871
0.406921
0.102370
0.173052
0.643429
0.648906
0.625002
0.778738
0.517778
0.573943
0.670408
0.631475
0.520485
0.344275
0.753927
0.403887
0.186916
0.381577
0.541207
0.381105
0.166302
0.182091
0.590941
0.584496
0.347234
0.538191
0.558101
0.614866
0.383693
0.708776
0.648974
0.332560
0.526549
0.329150
0.370481
0.513188
0.309787
0.363797
0.142306
0.378365
0.466349
0.650458
0.845449
0.720260
0.543399
0.169896
0.453933
0.593898
0.389601
0.464405
0.418538
0.439035
0.503616
0.254228
0.485601
0.152537
0.177570
0.207783
0.614889
0.615356
0.613702
0.327710
0.305770
0.389602
0.678865
0.270584
0.373799
0.270144
0.314681
0.183185
0.371694
0.551624
0.538868
0.397650
0.487235
0.290742
0.642265
0.594316
0.540681
0.512925
0.221153
0.139414
0.347673
0.280743
0.624375
0.441055
0.049429
0.330197
0.224496
0.531265
0.539500
0.065702
0.357866
0.082786
0.513664
0.318354
0.305728
0.358059
0.398235
0.272545
0.662489
0.045239
0.565074
0.424359
0.269004
0.220615
0.367321
0.509995
0.620338
0.252011
0.433698
0.293206
0.486421
0.235146
0.546205
0.560703
0.616542
0.321580
0.705795
0.572451
0.631317
0.301890
0.194685
0.289787
0.345031
0.178223
0.040512
0.364485
0.185694
0.648929
0.291382
0.253500
0.059650
0.310411
0.546882
0.111720
0.456831
0.703467
0.528866
0.255069
0.115905
0.193154
0.277370
0.538367
0.308233
0.338195
0.174374
0.253380
0.502609
0.701194
0.469847
0.115743
0.127727
0.341181
0.264048
0.139053
0.116883
0.349482
0.345369
0.588691
0.320289
0.564246
0.353134
0.503737
0.221995
0.437590
0.120188
0.085346
0.096248
0.642098
0.426274
0.708094
0.622436
0.110225
0.602506
0.272832
0.467738
0.297422
0.506238
0.624284
0.497166
0.193306
0.567210
0.500134
0.536022
0.651572
0.647962
0.570346
0.522459
0.373294
0.550676
0.468681
0.607133
0.262604
0.185912
0.153320
0.624995
0.518435
0.513638
0.675937
0.512822
0.537059
0.674686
0.649444
0.388701
0.560094
0.797611
0.581183
0.198646
0.329665
0.608126
0.412268
0.160439
0.303923
0.582673
0.582844
0.371821
0.613177
0.507925
0.719734
0.390225
0.795310
0.654867
0.381006
0.430765
0.360637
0.349010
0.511894
0.305096
0.576245
0.214066
0.424953
0.518751
0.608332
0.812806
0.757549
0.521134
0.297648
0.403406
0.515023
0.258453
0.450467
0.453231
0.466529
0.642328
0.238775
0.473638
0.338433
0.130987
0.167806
0.557206
0.691464
0.487190
0.261664
0.334323
0.354655
0.731732
0.160481
0.356472
0.303591
0.342884
0.207251
0.420551
0.594181
0.602064
0.318328
0.462838
0.382719
0.653662
0.690680
0.569653
0.531871
0.114556
0.056802
0.393569
0.346919
0.686028
0.546621
0.106819
0.291033
0.377990
0.627635
0.549248
0.034292
0.344866
0.188937
0.418384
0.419728
0.344464
0.390832
0.475249
0.285183
0.623051
0.092246
0.442415
0.405062
0.167127
0.301598
0.453024
0.523997
0.590235
0.148312
0.514932
0.391586
0.474372
0.187457
0.610202
0.502448
0.647711
0.332952
0.636861
0.552480
0.609019
0.275915
0.047506
0.281183
0.307708
0.172397
0.068088
0.436458
0.451549
0.712909
0.320003
0.157703
0.038281
0.372946
0.535641
0.143398
0.495095
0.588358
0.639580
0.250746
0.058328
0.271601
0.155327
0.378439
0.341486
0.255499
0.217885
0.280345
0.455433
0.776369
0.525393
0.030188
0.085433
0.422970
0.353970
0.176276
0.319323
0.472652
0.348147
0.606104
0.430987
0.367133
0.419985
0.493115
0.246664
0.329613
0.275599
0.210957
0.240990
0.631561
0.259292
0.540529
0.580865
0.167346
0.673375
0.170961
0.428803
0.244352
0.458014
0.585702
0.421809
0.291090
0.506826
0.516879
0.555837
0.597600
0.692995
0.540597
0.424368
0.495643
0.543183
0.349743
0.597241
0.158413
0.261402
0.170875
0.562357
0.465156
0.522357
0.628693
0.391357
0.464893
0.609641
0.591031
0.433227
0.589487
0.661690
0.638375
0.277705
0.329406
0.674050
0.308195
0.108110
0.403153
0.649441
0.590394
0.471710
0.680069
0.528224
0.643483
0.448643
0.768676
0.581821
0.481622
0.378664
0.307799
0.229402
0.583673
0.320566
0.681149
0.289588
0.456797
0.481494
0.540095
0.703041
0.799438
0.461683
0.302796
0.465496
0.374654
0.197637
0.475241
0.642098
0.483647
0.718575
0.250821
0.397465
0.387713
0.079272
0.115953
0.483682
0.710621
0.467931
0.245090
0.321058
0.288083
0.679070
0.249265
0.266791
0.347053
0.316810
0.183358
0.457374
0.627440
0.647148
0.262076
0.600899
0.508873
0.639108
0.672132
0.640990
0.426536
0.087273
0.073329
0.556544
0.384898
0.642267
0.581383
0.190331
0.361943
0.533969
0.680807
0.509624
0.012400
0.386115
0.277582
0.342023
0.536985
0.383508
0.418869
0.589817
0.288936
0.530982
0.121941
0.392654
0.425469
0.211018
0.190644
0.573941
0.384997
0.745307
0.027481
0.596228
0.482608
0.484372
0.261307
0.591435
0.454362
0.645067
0.355389
0.606767
0.555917
0.641255
0.216620
0.074124
0.229259
0.256490
0.270008
0.086090
0.444207
0.606303
0.806467
0.406485
0.109598
0.221234
0.392485
0.480412
0.231106
0.367003
0.482342
0.763151
0.294095
0.104581
0.321857
0.172911
0.382304
0.307774
0.157436
0.221568
0.445820
0.480485
0.717883
0.624077
0.114262
0.157727
0.363185
0.387485
0.203383
0.469585
0.502326
0.396381
0.490103
0.420089
0.387206
0.426794
0.454185
0.213364
0.279396
0.361795
0.305237
0.376146
0.588172
0.311392
0.355087
0.616250
0.231203
0.499508
0.137562
0.328013
0.221027
0.267600
0.591550
0.323186
0.358179
0.422738
0.595401
0.501847
0.533708
0.714454
0.452692
0.405200
0.524955
0.455774
0.330768
0.658645
0.090237
0.213227
0.151633
0.462743
0.479155
0.617955
0.560309
0.247545
0.487930
0.599919
0.561672
0.594000
0.502303
0.638124
0.697008
0.283701
0.442240
0.599240
0.182627
0.086788
0.555055
0.691678
0.650312
0.533497
0.789076
0.614920
0.530157
0.417128
0.618681
0.474102
0.491418
0.368392
0.238340
0.208783
0.620151
0.344552
0.658920
0.373397
0.475519
0.415652
0.625820
0.646274
0.755900
0.391028
0.269589
0.418335
0.321308
0.239143
0.439380
0.767310
0.343116
0.596900
0.366654
0.375260
0.357739
0.159103
0.190684
0.462648
0.694124
0.564774
0.297702
0.301301
0.385485
0.539529
0.249862
0.192266
0.345090
0.216469
0.160191
0.522443
0.725700
0.599810
0.246048
0.661252
0.675220
0.664110
0.611189
0.609482
0.299871
0.136841
0.141464
0.635451
0.276220
0.565091
0.500356
0.159102
0.415734
0.475162
0.711776
0.509242
0.067842
0.362732
0.348094
0.426250
0.486748
0.358009
0.345427
0.567258
0.288414
0.410938
0.109570
0.391710
0.425053
0.277925
0.096570
0.668946
0.482214
0.878834
0.104582
0.652519
0.493580
0.539046
0.308576
0.583386
0.507424
0.627292
0.343009
0.626530
0.601203
0.676584
0.175410
0.048099
0.223826
0.249814
0.389636
0.100015
0.495157
0.528424
0.766774
0.382279
0.169905
0.269496
0.367302
0.406901
0.190241
0.309498
0.490064
0.726532
0.307480
0.153966
0.318477
0.097879
0.408269
0.358797
0.045224
0.264361
0.579183
0.505443
0.589551
0.585193
0.103220
0.276004
0.298811
0.285232
0.155316
0.445095
0.520544
0.465537
0.311077
0.289859
0.475063
0.352410
0.391513
0.171832
0.294072
0.277734
0.305411
0.463213
0.594767
0.398693
0.344985
0.583620
0.431912
0.345437
0.155709
0.199477
0.221025
0.326624
0.555462
0.309493
0.412577
0.416123
0.593353
0.410411
0.606723
0.687376
0.324984
0.461014
0.501547
0.431872
0.385296
0.677429
0.098123
0.138153
0.199385
0.508199
0.467127
0.698839
0.509071
0.137557
0.510042
0.616352
0.557208
0.701915
0.574776
0.792513
0.889791
0.195336
0.503791
0.463895
0.229806
0.089530
0.735038
0.647070
0.724373
0.516015
0.863325
0.560767
0.389766
0.310991
0.512603
0.517844
0.479525
0.316366
0.261634
0.278731
0.571163
0.425808
0.601164
0.433836
0.549090
0.462292
0.722557
0.573837
0.705180
0.365626
0.303338
0.374356
0.385235
0.224988
0.306150
0.752792
0.306842
0.509741
0.421666
0.544664
0.387107
0.176991
0.190990
0.482535
0.575231
0.587750
0.381905
0.297119
0.502909
0.456072
0.236987
0.259532
0.280068
0.160503
0.231307
0.433267
0.770140
0.549265
0.269698
0.490800
0.653740
0.698120
0.586338
0.586705
0.342750
0.223944
0.263884
0.628952
0.146789
0.477107
0.394124
0.184330
0.511750
0.376399
0.803912
0.565050
0.150006
0.331747
0.384253
0.437888
0.439347
0.534648
0.248484
0.478869
0.306416
0.313641
0.295982
0.488557
0.334420
0.324237
0.062029
0.731098
0.551782
0.815660
0.136782
0.671543
0.433381
0.565786
0.347379
0.605033
0.594152
0.609281
0.333511
0.615931
0.632167
0.643664
0.205454
0.064174
0.280606
0.199051
0.419653
0.086753
0.549872
0.434966
0.676746
0.388924
0.087045
0.158049
0.382112
0.409023
0.118050
0.336909
0.648361
0.582642
0.313750
0.131562
0.330612
0.204943
0.436181
0.554998
0.128345
0.303690
0.546482
0.426808
0.562020
0.482739
0.019192
0.214732
0.320562
0.176584
0.093322
0.417114
0.497385
0.528265
0.182708
0.218756
0.408527
0.356316
0.289950
0.199894
0.272125
0.291014
0.397428
0.500413
0.534373
0.380549
0.453923
0.531949
0.591895
0.340099
0.168767
0.181513
0.252946
0.336711
0.441124
0.279323
0.500307
0.424232
0.487374
0.335936
0.656133
0.629740
0.354994
0.496421
0.432861
0.494916
0.364451
0.539174
0.125758
0.089677
0.322205
0.617767
0.363494
0.612228
0.548936
0.149932
0.423569
0.636369
0.521035
0.692050
0.778438
0.840140
0.965943
0.153670
0.485375
0.491353
0.334346
0.118573
0.830758
0.639629
0.745497
0.488922
0.860974
0.375171
0.298299
0.311875
0.509360
0.556734
0.447556
0.267279
0.306579
0.289426
0.493163
0.567937
0.602827
0.446866
0.540990
0.526046
0.635230
0.369733
0.603014
0.412794
0.451098
0.348439
0.452529
0.321548
0.248790
0.655034
0.270748
0.523050
0.489305
0.656629
0.293429
0.215666
0.095589
0.400861
0.473100
0.505162
0.424501
0.294140
0.563260
0.463292
0.290348
0.279504
0.244006
0.149520
0.439940
0.321905
0.613007
0.521218
0.302981
0.307770
0.592210
0.692335
0.592902
0.696159
0.440555
0.297575
0.257532
0.623176
0.144945
0.447004
0.392534
0.274405
0.537724
0.365605
0.801768
0.491818
0.344668
0.336440
0.404147
0.469788
0.469365
0.645339
0.232246
0.458347
0.334298
0.252832
0.500215
0.572395
0.305990
0.323207
0.226497
0.721632
0.551182
0.806196
0.141837
0.553580
0.316291
0.624069
0.419367
0.626247
0.620466
0.572195
0.385855
0.530495
0.487885
0.563094
0.288998
0.156712
0.481366
0.187797
0.381717
0.079026
0.467826
0.425624
0.594652
0.353990
0.005456
0.051679
0.458271
0.446583
0.187999
0.461940
0.688403
0.525411
0.203087
0.054631
0.444253
0.336838
0.361341
0.729595
0.202126
0.268316
0.511964
0.354670
0.568234
0.454761
0.138739
0.132792
0.377796
0.195435
0.120015
0.488001
0.533085
0.533735
0.130721
0.209769
0.294636
0.448731
0.202576
0.264542
0.225246
0.384329
0.466605
0.521590
0.495350
0.381037
0.440446
0.488624
0.647840
0.394118
0.145803
0.194740
0.223959
0.285040
0.359671
0.347521
0.472596
0.423523
0.438943
0.276971
0.625380
0.564470
0.471457
0.458869
0.321170
0.483790
0.265269
0.456343
0.246927
0.155296
0.444602
0.658127
0.349683
0.427764
0.564907
0.227287
0.322074
0.546472
0.435984
0.587159
0.923742
0.757604
0.820708
0.261712
0.574328
0.544871
0.445967
0.248220
0.829498
0.718131
0.608028
0.606563
0.753810
0.314818
0.316926
0.588437
0.551344
0.591132
0.435107
0.230892
0.359773
0.301016
0.540812
0.597856
0.617813
0.518254
0.480743
0.465165
0.526960
0.299897
0.551320
0.298439
0.436807
0.310427
0.483170
0.339256
0.223517
0.594557
0.204082
0.605189
0.455542
0.643143
0.317344
0.332202
0.082150
0.366182
0.455811
0.535910
0.378429
0.281157
0.533926
0.446133
0.386132
0.328771
0.242700
0.151021
0.644445
0.431829
0.459577
0.527418
0.429527
0.241545
0.614082
0.547544
0.577544
0.637980
0.455999
0.344011
0.259669
0.662017
0.220512
0.432788
0.494015
0.310516
0.515848
0.384080
0.637549
0.568230
0.465979
0.395567
0.463209
0.610294
0.554176
0.698538
0.313211
0.499379
0.280444
0.319332
0.570978
0.567986
0.356139
0.364432
0.471038
0.681527
0.513241
0.724902
0.253585
0.428400
0.283241
0.696345
0.389045
0.591599
0.456258
0.467666
0.354509
0.415578
0.370956
0.472987
0.327127
0.149810
0.503829
0.234189
0.419893
0.150882
0.321216
0.499033
0.587806
0.337208
0.046852
0.069925
0.562420
0.492050
0.352031
0.478520
0.563048
0.447263
0.180843
0.047589
0.459381
0.538061
0.259434
0.653970
0.181331
0.299130
0.525937
0.273645
0.521343
0.453061
0.267294
0.189512
0.378438
0.253664
0.132062
0.594858
0.680024
0.454022
0.234965
0.252198
0.314960
0.414278
0.132083
0.311713
0.269021
0.428727
0.553185
0.507224
0.460670
0.430268
0.291099
0.471778
0.513679
0.370430
0.206171
0.301797
0.133857
0.308656
0.424012
0.431066
0.312295
0.445712
0.434359
0.284062
0.574368
0.526909
0.493624
0.461558
0.288032
0.440948
0.216061
0.455992
0.242716
0.294896
0.420787
0.583956
0.445080
0.414351
0.460005
0.266848
0.210004
0.488635
0.431146
0.542909
0.934532
0.654623
0.757983
0.352323
0.669892
0.595981
0.524533
0.311592
0.791093
0.776422
0.389807
0.642642
0.573700
0.353336
0.388221
0.750975
0.531126
0.606926
0.379206
0.110111
0.349047
0.346738
0.552737
0.579802
0.648816
0.644585
0.407883
0.342060
0.483715
0.269583
0.490646
0.301337
0.390984
0.323317
0.463826
0.384659
0.270192
0.603101
0.245959
0.537290
0.474436
0.534169
0.332650
0.435860
0.219421
0.380238
0.442086
0.529132
0.265381
0.295220
0.437044
0.469996
0.458632
0.430066
0.201550
0.188724
0.573572
0.553812
0.450134
0.529935
0.441902
0.324241
0.593242
0.479891
0.513641
0.547997
0.380146
0.279484
0.363060
0.676962
0.326410
0.450867
0.545987
0.340626
0.521119
0.373157
0.504935
0.741777
0.496800
0.473007
0.492853
0.638121
0.596569
0.762792
0.378114
0.458707
0.261437
0.476353
0.562300
0.488765
0.398613
0.422968
0.616484
0.698588
0.492196
0.621161
0.411429
0.447774
0.407521
0.822212
0.351897
0.543350
0.330654
0.392097
0.272116
0.423535
0.285113
0.459614
0.389640
0.296974
0.360672
0.291551
0.506214
0.259616
0.210979
0.492454
0.554615
0.372947
0.150787
0.205586
0.686351
0.534360
0.485687
0.363768
0.363766
0.360649
0.216055
0.089585
0.337445
0.728799
0.216385
0.562906
0.244317
0.341293
0.492804
0.228320
0.444957
0.437303
0.285261
0.206227
0.304699
0.263396
0.109334
0.585853
0.775376
0.388160
0.180856
0.366919
0.339471
0.340766
0.090739
0.319836
0.289823
0.400393
0.603002
0.427653
0.413398
0.546834
0.262701
0.526281
0.365622
0.306989
0.174581
0.285572
0.216566
0.247651
0.531075
0.394400
0.229543
0.452691
0.407243
0.325560
0.533479
0.496137
0.385867
0.390221
0.314483
0.392066
0.243642
0.482059
0.163327
0.434165
0.306393
0.622644
0.461490
0.514431
0.369055
0.320234
0.272140
0.523151
0.518628
0.510227
0.862979
0.517337
0.778630
0.324229
0.600810
0.654244
0.474758
0.386622
0.727351
0.798218
0.292917
0.663663
0.448221
0.406915
0.370344
0.698253
0.422681
0.570536
0.338928
0.139466
0.279341
0.435135
0.499672
0.626293
0.583068
0.680325
0.360320
0.302586
0.547168
0.391367
0.405756
0.322340
0.428246
0.345109
0.507128
0.593077
0.336529
0.559072
0.257213
0.553195
0.482860
0.467504
0.311066
0.423657
0.378504
0.457810
0.398021
0.551239
0.229583
0.321149
0.384901
0.470602
0.443036
0.484962
0.202322
0.166638
0.417765
0.609334
0.505419
0.550754
0.321083
0.376573
0.558883
0.531750
0.377446
0.569910
0.386359
0.276209
0.454068
0.656902
0.469436
0.474277
0.566917
0.364817
0.651192
0.332592
0.488703
0.718537
0.417541
0.459238
0.468346
0.559680
0.514113
0.823379
0.421405
0.350865
0.324839
0.540550
0.557904
0.528338
0.384557
0.486875
0.630310
0.704791
0.395976
0.545523
0.447372
0.480391
0.558419
0.866701
0.433776
0.595309
0.308651
0.315915
0.141903
0.439900
0.249468
0.495196
0.442675
0.514426
0.262315
0.361183
0.539353
0.387515
0.169814
0.410344
0.510523
0.400411
0.162998
0.424378
0.762640
0.512125
0.486987
0.314357
0.241167
0.341943
0.264174
0.021075
0.336357
0.794424
0.325255
0.593867
0.233753
0.417627
0.382881
0.251254
0.428751
0.433280
0.263850
0.311897
0.284450
0.153976
0.128143
0.431784
0.687437
0.410626
0.216871
0.482929
0.225090
0.266461
0.028256
0.298714
0.304121
0.380489
0.578670
0.331539
0.361902
0.622916
0.355491
0.598795
0.339789
0.576184
0.328847
0.202738
0.275459
0.292443
0.585224
0.434162
0.355940
0.360526
0.374333
0.347641
0.457566
0.498091
0.269898
0.314909
0.348150
0.530105
0.306798
0.545004
0.119713
0.546151
0.275663
0.680233
0.399835
0.578003
0.402326
0.473798
0.223358
0.517206
0.525143
0.398211
0.778704
0.393658
0.654918
0.269466
0.608798
0.675878
0.505256
0.498128
0.765396
0.776891
0.306809
0.609847
0.348629
0.445936
0.253970
0.564675
0.367144
0.560214
0.326124
0.169776
0.197037
0.452176
0.488797
0.639567
0.448685
0.623915
0.282815
0.284023
0.485109
0.478628
0.236242
0.355783
0.493318
0.371001
0.561165
0.672223
0.463140
0.456918
0.237306
0.540768
0.451617
0.479715
0.442642
0.408376
0.550058
0.540796
0.466145
0.580019
0.355238
0.312192
0.407559
0.480326
0.492370
0.408719
0.323937
0.172214
0.455934
0.614721
0.439036
0.500112
0.230887
0.362688
0.553334
0.566969
0.232494
0.609209
0.460232
0.325407
0.431662
0.597479
0.550464
0.352089
0.599306
0.420240
0.710280
0.306482
0.589941
0.483686
0.418248
0.433923
0.452451
0.528354
0.431241
0.913907
0.366414
0.223305
0.405485
0.410253
0.649103
0.571607
0.337060
0.609546
0.609524
0.641846
0.390452
0.512112
0.377838
0.407980
0.551862
0.755278
0.439750
0.657388
0.400807
0.244691
0.137688
0.409646
0.376108
0.493014
0.439941
0.640885
0.331987
0.361642
0.481784
0.534181
0.049831
0.347928
0.449100
0.414903
0.209637
0.600567
0.696302
0.452617
0.416943
0.259999
0.161297
0.356403
0.392649
0.100366
0.534763
0.684019
0.310757
0.721428
0.211504
0.367279
0.256109
0.314241
0.453466
0.361248
0.334605
0.442045
0.315350
0.157051
0.213863
0.310096
0.661866
0.452515
0.201885
0.556430
0.092841
0.226628
0.144528
0.272145
0.323617
0.303191
0.545023
0.254916
0.388592
0.689331
0.365996
0.747359
0.421095
0.612678
0.417486
0.251803
0.212108
0.430227
0.493270
0.572183
0.524511
0.346063
0.395357
0.290537
0.411033
0.608952
0.256595
0.262664
0.310055
0.659767
0.402008
0.612231
0.192257
0.568842
0.417829
0.531726
0.355220
0.619991
0.428077
0.606639
0.114799
0.347591
0.477777
0.445458
0.703531
0.278287
0.493666
0.243748
0.645229
0.698799
0.621021
0.549265
0.794265
0.751843
0.355340
0.500263
0.370414
0.407854
0.163219
0.596455
0.387841
0.484421
0.357890
0.239968
0.218641
0.356279
0.436749
0.524423
0.331827
0.614739
0.109697
0.292241
0.329423
0.381222
0.189819
0.307084
0.560828
0.360599
0.569954
0.693440
0.517277
0.335560
0.288121
0.518967
0.448684
0.574897
0.595670
0.409367
0.695505
0.513865
0.589549
0.580565
0.423760
0.383654
0.361841
0.475547
0.549541
0.410248
0.430518
0.224679
0.561258
0.626880
0.397953
0.527609
0.324495
0.427947
0.501780
0.510900
0.097254
0.519824
0.444837
0.428376
0.351725
0.504239
0.568208
0.415294
0.568667
0.492650
0.645978
0.359083
0.700120
0.422300
0.472549
0.368558
0.364438
0.599259
0.409889
0.901121
0.325584
0.143363
0.454907
0.466595
0.736126
0.683974
0.367833
0.652376
0.576807
0.455027
0.344468
0.459683
0.309927
0.308241
0.457592
0.527155
0.492879
0.607600
0.383562
0.193648
0.191133
0.383988
0.499233
0.449226
0.401823
0.582836
0.328807
0.313758
0.412629
0.631684
0.029044
0.243315
0.500782
0.340397
0.297594
0.718444
0.587468
0.434338
0.455969
0.254809
0.196060
0.272593
0.564926
0.167658
0.616853
0.659663
0.222397
0.711231
0.186324
0.307873
0.219781
0.226603
0.330521
0.293184
0.429840
0.526101
0.347833
0.285088
0.223353
0.275725
0.659193
0.452736
0.241885
0.546988
0.043723
0.249957
0.236313
0.165363
0.405198
0.323954
0.504345
0.298819
